数据版本,数据划分,图片相对路径,标签相对路径,图片字节数,标签字节数,图片SHA256,标签SHA256,标注框数量,类别编号
dataset_2_binary_clean_v2,test,test/images/nozzle_clean_0003.jpg,test/labels/nozzle_clean_0003.txt,84237,38,bfb9e388a8e6b1a65269b080fbf7e848dc3622659d2843bb158376ed4f1503c8,d5546eefeeec8c117c34298e5f11fa98c980beb68c1cdf9429113b0f92d6ad1c,1,1
dataset_2_binary_clean_v2,test,test/images/nozzle_clean_0004.jpg,test/labels/nozzle_clean_0004.txt,95620,38,a8779fdfeb8ce2d8a5a442e6436cfda2e46079b532920d3a9d2d4781e5a84590,690ff89f2c5a6a3d6d201bfe102b5923d8af2b58538ec27da2378c8b6e504b2b,1,1
dataset_2_binary_clean_v2,test,test/images/nozzle_extrusion_normal_0016.jpg,test/labels/nozzle_extrusion_normal_0016.txt,138838,38,e7d78d38c7022acf3c8de64010d4558260b1ade61cabb55703e3be28417f15ac,a48fa3036baf16ec25cd4e93551f2c6e8b34ef4ba7279191a269ef3c6cb13f33,1,1
dataset_2_binary_clean_v2,test,test/images/nozzle_extrusion_normal_0017.jpg,test/labels/nozzle_extrusion_normal_0017.txt,143487,38,320be4ccc2edaa8f52a60b79dcadc180c7a62d001767e3d1cfde0411efc1fd67,a48fa3036baf16ec25cd4e93551f2c6e8b34ef4ba7279191a269ef3c6cb13f33,1,1
dataset_2_binary_clean_v2,test,test/images/nozzle_extrusion_normal_0023.jpg,test/labels/nozzle_extrusion_normal_0023.txt,103156,38,b3da16a093f380f0838092f3a2d8101d2c222044c2286e53b7e7726a506a032f,a48fa3036baf16ec25cd4e93551f2c6e8b34ef4ba7279191a269ef3c6cb13f33,1,1
dataset_2_binary_clean_v2,test,test/images/nozzle_extrusion_normal_0024.jpg,test/labels/nozzle_extrusion_normal_0024.txt,127230,38,73bd7630e9f887477a2e9f0c33e1a5b649ce09b1054871dcd3b9974de3c038e6,a48fa3036baf16ec25cd4e93551f2c6e8b34ef4ba7279191a269ef3c6cb13f33,1,1
dataset_2_binary_clean_v2,test,test/images/nozzle_extrusion_normal_0026.jpg,test/labels/nozzle_extrusion_normal_0026.txt,128228,38,2505da215e66aa605b2c6e8085d946d6446718d93099e9aaa56ab7f13914f018,a48fa3036baf16ec25cd4e93551f2c6e8b34ef4ba7279191a269ef3c6cb13f33,1,1
dataset_2_binary_clean_v2,test,test/images/nozzle_extrusion_normal_0036.jpg,test/labels/nozzle_extrusion_normal_0036.txt,125867,38,6a303dabc0179c09cd9ae61bd20463e66f55a9c64c72e43c860ffac19884ff25,a48fa3036baf16ec25cd4e93551f2c6e8b34ef4ba7279191a269ef3c6cb13f33,1,1
dataset_2_binary_clean_v2,test,test/images/nozzle_extrusion_normal_0042.jpg,test/labels/nozzle_extrusion_normal_0042.txt,128741,38,94c8f3cdc18ab2b2586073f04c34f17bd6a244216446deb88ebb679106cd9d12,a48fa3036baf16ec25cd4e93551f2c6e8b34ef4ba7279191a269ef3c6cb13f33,1,1
dataset_2_binary_clean_v2,test,test/images/nozzle_extrusion_normal_0045.jpg,test/labels/nozzle_extrusion_normal_0045.txt,127584,38,e912191e49ba9c9e9a210f264659c51eb9532dcc16d52b0236ab2a35adcdbb3a,a48fa3036baf16ec25cd4e93551f2c6e8b34ef4ba7279191a269ef3c6cb13f33,1,1
dataset_2_binary_clean_v2,test,test/images/nozzle_extrusion_normal_0050.jpg,test/labels/nozzle_extrusion_normal_0050.txt,134985,38,db1cee4ffb1fe73a9fb56272e6d147ba04d8f7ba7d7151ef1b0ebfa004a20ba5,a48fa3036baf16ec25cd4e93551f2c6e8b34ef4ba7279191a269ef3c6cb13f33,1,1
dataset_2_binary_clean_v2,test,test/images/nozzle_extrusion_normal_0061.jpg,test/labels/nozzle_extrusion_normal_0061.txt,150641,38,4b96ae6bcfc25c93ab7b48eae1127aca426ccace2ce77c518f0dc69c8454550a,a48fa3036baf16ec25cd4e93551f2c6e8b34ef4ba7279191a269ef3c6cb13f33,1,1
dataset_2_binary_clean_v2,test,test/images/nozzle_extrusion_normal_0063.jpg,test/labels/nozzle_extrusion_normal_0063.txt,128851,38,0663f5d48dc05687468975320149102859b9c56cfb9f44b17b99c0258ddd16e5,a48fa3036baf16ec25cd4e93551f2c6e8b34ef4ba7279191a269ef3c6cb13f33,1,1
dataset_2_binary_clean_v2,test,test/images/nozzle_extrusion_normal_0067.jpg,test/labels/nozzle_extrusion_normal_0067.txt,161670,38,a20c31ba30f7acb4a39ebf4b84b869140db2b3e4a6c31e058cfa107d338dbf7b,a48fa3036baf16ec25cd4e93551f2c6e8b34ef4ba7279191a269ef3c6cb13f33,1,1
dataset_2_binary_clean_v2,test,test/images/nozzle_extrusion_normal_0070.jpg,test/labels/nozzle_extrusion_normal_0070.txt,135798,38,12c6f533c91b0c947ba8e7beeef2c55271a7d6b43485364dd32a5d9a0fe53da9,a48fa3036baf16ec25cd4e93551f2c6e8b34ef4ba7279191a269ef3c6cb13f33,1,1
dataset_2_binary_clean_v2,test,test/images/nozzle_extrusion_normal_0073.jpg,test/labels/nozzle_extrusion_normal_0073.txt,133730,38,8d42e907665b620621188634936910d149c6c7a400f24e60883a4a7e4a3332db,a48fa3036baf16ec25cd4e93551f2c6e8b34ef4ba7279191a269ef3c6cb13f33,1,1
dataset_2_binary_clean_v2,test,test/images/nozzle_extrusion_normal_0075.jpg,test/labels/nozzle_extrusion_normal_0075.txt,157912,38,361f994b1abfdab10aa71f61c3aac3c67e09e6ef592805ea5bdf0be197d796df,a48fa3036baf16ec25cd4e93551f2c6e8b34ef4ba7279191a269ef3c6cb13f33,1,1
dataset_2_binary_clean_v2,test,test/images/nozzle_extrusion_normal_0077.jpg,test/labels/nozzle_extrusion_normal_0077.txt,149718,38,922483148c65011f6972f26a0c40acbc05a322b0a4c63817ab299530e647990f,a48fa3036baf16ec25cd4e93551f2c6e8b34ef4ba7279191a269ef3c6cb13f33,1,1
dataset_2_binary_clean_v2,test,test/images/nozzle_extrusion_normal_0084.jpg,test/labels/nozzle_extrusion_normal_0084.txt,120404,38,3c49aa04c57362be4d5e91a5bb198c8e026fba52b738bfd76ee9ae922ebb5e75,a48fa3036baf16ec25cd4e93551f2c6e8b34ef4ba7279191a269ef3c6cb13f33,1,1
dataset_2_binary_clean_v2,test,test/images/nozzle_extrusion_normal_0090.jpg,test/labels/nozzle_extrusion_normal_0090.txt,148399,38,e03b7e4ff263232ec4cf0677f2ae8c39f834d072a1d947d7608826b6bd8216e0,a48fa3036baf16ec25cd4e93551f2c6e8b34ef4ba7279191a269ef3c6cb13f33,1,1
dataset_2_binary_clean_v2,test,test/images/nozzle_extrusion_normal_0101.jpg,test/labels/nozzle_extrusion_normal_0101.txt,137732,38,54e4ccc4302b029f26928853edb5f11cd07255aceb4eb800f88b4dd83b29536f,a48fa3036baf16ec25cd4e93551f2c6e8b34ef4ba7279191a269ef3c6cb13f33,1,1
dataset_2_binary_clean_v2,test,test/images/nozzle_extrusion_normal_0108.jpg,test/labels/nozzle_extrusion_normal_0108.txt,140983,38,499fd5482ab4362307180dbf265d9920a254fe78c7adca365464d99bb30c3009,a48fa3036baf16ec25cd4e93551f2c6e8b34ef4ba7279191a269ef3c6cb13f33,1,1
dataset_2_binary_clean_v2,test,test/images/nozzle_extrusion_normal_0109.jpg,test/labels/nozzle_extrusion_normal_0109.txt,140413,38,827e29806e3285dcaac5599672cd9c777f6a59f443036a66d4e6faa4c3845b27,a48fa3036baf16ec25cd4e93551f2c6e8b34ef4ba7279191a269ef3c6cb13f33,1,1
dataset_2_binary_clean_v2,test,test/images/nozzle_extrusion_normal_0113.jpg,test/labels/nozzle_extrusion_normal_0113.txt,146998,38,09918584379321a6b07896d90b029c6fd2f8cfe536ae79f7cd0f3dc001d0aab1,a48fa3036baf16ec25cd4e93551f2c6e8b34ef4ba7279191a269ef3c6cb13f33,1,1
dataset_2_binary_clean_v2,test,test/images/nozzle_extrusion_normal_0121.jpg,test/labels/nozzle_extrusion_normal_0121.txt,121038,38,10838c0e116717d564b3087d6ba1c6f8af90811c72ca206a38c78f7f4332c414,a48fa3036baf16ec25cd4e93551f2c6e8b34ef4ba7279191a269ef3c6cb13f33,1,1
dataset_2_binary_clean_v2,test,test/images/nozzle_extrusion_normal_0123.jpg,test/labels/nozzle_extrusion_normal_0123.txt,120627,38,86fa84fd81fa88204334fa937626e83a7512de7e62535b1dcb18cc22f2a0d042,a48fa3036baf16ec25cd4e93551f2c6e8b34ef4ba7279191a269ef3c6cb13f33,1,1
dataset_2_binary_clean_v2,test,test/images/nozzle_extrusion_normal_0124.jpg,test/labels/nozzle_extrusion_normal_0124.txt,122209,38,11475298dcef5435e5c1a7e3314e21f1d9e111f6d681c26e288c4904fb39f371,a48fa3036baf16ec25cd4e93551f2c6e8b34ef4ba7279191a269ef3c6cb13f33,1,1
dataset_2_binary_clean_v2,test,test/images/nozzle_extrusion_normal_0130.jpg,test/labels/nozzle_extrusion_normal_0130.txt,142261,38,917dd38b2f659414301b3ca27cb8b5a001c5e98a7e8257735a77221c5fd5aafa,a48fa3036baf16ec25cd4e93551f2c6e8b34ef4ba7279191a269ef3c6cb13f33,1,1
dataset_2_binary_clean_v2,test,test/images/nozzle_extrusion_normal_0150.jpg,test/labels/nozzle_extrusion_normal_0150.txt,131121,38,2eecd6a4cc854c1b3a093c8167c35fdebfaee27645116bb5b330ae8000725d53,a48fa3036baf16ec25cd4e93551f2c6e8b34ef4ba7279191a269ef3c6cb13f33,1,1
dataset_2_binary_clean_v2,test,test/images/nozzle_extrusion_normal_0151.jpg,test/labels/nozzle_extrusion_normal_0151.txt,139326,38,698585191f01b52dd4c6b0c108483b33c2b012cfac8bf394f6122875896b4f01,a48fa3036baf16ec25cd4e93551f2c6e8b34ef4ba7279191a269ef3c6cb13f33,1,1
dataset_2_binary_clean_v2,test,test/images/nozzle_extrusion_normal_0162.jpg,test/labels/nozzle_extrusion_normal_0162.txt,127910,38,4c65055d00d5a79ea3e48d578e36d82aba9bfa17900d363eafb8d06aa3d95456,a48fa3036baf16ec25cd4e93551f2c6e8b34ef4ba7279191a269ef3c6cb13f33,1,1
dataset_2_binary_clean_v2,test,test/images/nozzle_extrusion_normal_0164.jpg,test/labels/nozzle_extrusion_normal_0164.txt,120918,38,cc3cd76288d181a2db45965a99e084715c883315a5d825af0706378ce1ebb704,a48fa3036baf16ec25cd4e93551f2c6e8b34ef4ba7279191a269ef3c6cb13f33,1,1
dataset_2_binary_clean_v2,test,test/images/nozzle_extrusion_normal_0171.jpg,test/labels/nozzle_extrusion_normal_0171.txt,128421,38,2037caa9d1ea9d5d970bc01442c7e95892637358df3c1fa0e0cf1e87572a5573,a48fa3036baf16ec25cd4e93551f2c6e8b34ef4ba7279191a269ef3c6cb13f33,1,1
dataset_2_binary_clean_v2,test,test/images/nozzle_extrusion_normal_0188.jpg,test/labels/nozzle_extrusion_normal_0188.txt,116499,38,3ded748e0d6d8ec8dcedc54dace606d3f8ad7467487dd745e68911303b3646bb,a48fa3036baf16ec25cd4e93551f2c6e8b34ef4ba7279191a269ef3c6cb13f33,1,1
dataset_2_binary_clean_v2,test,test/images/nozzle_extrusion_normal_0190.jpg,test/labels/nozzle_extrusion_normal_0190.txt,121545,38,ed520f7501ee17d91a7b78b860648551827e539cba9781141b1b7e78f0087745,a48fa3036baf16ec25cd4e93551f2c6e8b34ef4ba7279191a269ef3c6cb13f33,1,1
dataset_2_binary_clean_v2,test,test/images/nozzle_extrusion_normal_0212.jpg,test/labels/nozzle_extrusion_normal_0212.txt,121797,38,7a3da9cabdb28742fe72126638142543e43e6ca1966658017128e55bbb03e6d2,a48fa3036baf16ec25cd4e93551f2c6e8b34ef4ba7279191a269ef3c6cb13f33,1,1
dataset_2_binary_clean_v2,test,test/images/nozzle_extrusion_normal_0222.jpg,test/labels/nozzle_extrusion_normal_0222.txt,126256,38,80a432b6cabe418bfdd908152f7295a2691f551a8d5df4243e9a12a5287e9274,a48fa3036baf16ec25cd4e93551f2c6e8b34ef4ba7279191a269ef3c6cb13f33,1,1
dataset_2_binary_clean_v2,test,test/images/nozzle_extrusion_normal_0224.jpg,test/labels/nozzle_extrusion_normal_0224.txt,133548,38,d01d3f2a32bbac7c7dbdd90f9c57d43e620d88e3577cd73ddb424c38c32bd40d,a48fa3036baf16ec25cd4e93551f2c6e8b34ef4ba7279191a269ef3c6cb13f33,1,1
dataset_2_binary_clean_v2,test,test/images/nozzle_extrusion_normal_0227.jpg,test/labels/nozzle_extrusion_normal_0227.txt,148559,38,4dc3df664fa3f3e2cf688f7860a0167b5e753860c708056576be278870fdb586,a48fa3036baf16ec25cd4e93551f2c6e8b34ef4ba7279191a269ef3c6cb13f33,1,1
dataset_2_binary_clean_v2,test,test/images/nozzle_extrusion_normal_0249.jpg,test/labels/nozzle_extrusion_normal_0249.txt,136395,38,e0dadf4597ae91d95b10c7aaecd49c7109070151abc5863cd8dbc140d3d6dfc3,a48fa3036baf16ec25cd4e93551f2c6e8b34ef4ba7279191a269ef3c6cb13f33,1,1
dataset_2_binary_clean_v2,test,test/images/nozzle_extrusion_normal_0280.jpg,test/labels/nozzle_extrusion_normal_0280.txt,134923,38,fc7f719cb8d950800bb32ec3a1195039899284aab7870a0938ee2ecb9f2bda52,a48fa3036baf16ec25cd4e93551f2c6e8b34ef4ba7279191a269ef3c6cb13f33,1,1
dataset_2_binary_clean_v2,test,test/images/nozzle_extrusion_normal_0284.jpg,test/labels/nozzle_extrusion_normal_0284.txt,129371,38,7de0aff17bdf01a6c2896d46130b4c75fc38c597e8e45a48d2e9e80069e744fe,a48fa3036baf16ec25cd4e93551f2c6e8b34ef4ba7279191a269ef3c6cb13f33,1,1
dataset_2_binary_clean_v2,test,test/images/nozzle_extrusion_normal_0286.jpg,test/labels/nozzle_extrusion_normal_0286.txt,131298,38,1813de6f4377401711b436610eaa7284ddbc5d5621462e8b94a7d7a80b60525b,a48fa3036baf16ec25cd4e93551f2c6e8b34ef4ba7279191a269ef3c6cb13f33,1,1
dataset_2_binary_clean_v2,test,test/images/nozzle_extrusion_normal_0287.jpg,test/labels/nozzle_extrusion_normal_0287.txt,131526,38,8571522ef68ac085fc0647f01e7b47766532ed05e92737da167d7ac914755599,a48fa3036baf16ec25cd4e93551f2c6e8b34ef4ba7279191a269ef3c6cb13f33,1,1
dataset_2_binary_clean_v2,test,test/images/nozzle_extrusion_normal_0292.jpg,test/labels/nozzle_extrusion_normal_0292.txt,129589,38,8f5831bba2f0efe63d4ebe29e4f151b7499f3824fe389edef4fc40680022041f,a48fa3036baf16ec25cd4e93551f2c6e8b34ef4ba7279191a269ef3c6cb13f33,1,1
dataset_2_binary_clean_v2,test,test/images/nozzle_extrusion_normal_0311.jpg,test/labels/nozzle_extrusion_normal_0311.txt,127503,38,235ee985128d1b10f10b014267e03c9eed096c1c98e783432b3449b8d89fac87,a48fa3036baf16ec25cd4e93551f2c6e8b34ef4ba7279191a269ef3c6cb13f33,1,1
dataset_2_binary_clean_v2,test,test/images/nozzle_extrusion_normal_0331.jpg,test/labels/nozzle_extrusion_normal_0331.txt,128080,38,2e85c5ee48426e67b0b2e2aae2804147ae5fa043bd4d237b8cdca658fe87612b,a48fa3036baf16ec25cd4e93551f2c6e8b34ef4ba7279191a269ef3c6cb13f33,1,1
dataset_2_binary_clean_v2,test,test/images/nozzle_extrusion_normal_0341.jpg,test/labels/nozzle_extrusion_normal_0341.txt,133458,38,21cdf22d9a4680d98839a737b8822acc0e59c80af11e6d84283b15f7fcb64685,a48fa3036baf16ec25cd4e93551f2c6e8b34ef4ba7279191a269ef3c6cb13f33,1,1
dataset_2_binary_clean_v2,test,test/images/nozzle_extrusion_normal_0345.jpg,test/labels/nozzle_extrusion_normal_0345.txt,127170,38,1bab8141d7cf2cd57027e805225d9deeb4f4b04cd15c780297c86fc2cba6005a,a48fa3036baf16ec25cd4e93551f2c6e8b34ef4ba7279191a269ef3c6cb13f33,1,1
dataset_2_binary_clean_v2,test,test/images/nozzle_extrusion_normal_0376.jpg,test/labels/nozzle_extrusion_normal_0376.txt,100688,38,e1b966e788cb63c0b77571c6188cfa057ec42db80accd6b9badb48da5010e973,a48fa3036baf16ec25cd4e93551f2c6e8b34ef4ba7279191a269ef3c6cb13f33,1,1
dataset_2_binary_clean_v2,test,test/images/nozzle_extrusion_normal_0382.jpg,test/labels/nozzle_extrusion_normal_0382.txt,130382,38,075af7134de0b8167254cfa87de9540ca1eea988b85e64461c01e06021a102a5,a48fa3036baf16ec25cd4e93551f2c6e8b34ef4ba7279191a269ef3c6cb13f33,1,1
dataset_2_binary_clean_v2,test,test/images/nozzle_extrusion_normal_0383.jpg,test/labels/nozzle_extrusion_normal_0383.txt,102623,38,9f094c2030ca53d4ac0840e4b3e2d9b658821c939cfdd375009d7bdf4b2dabaa,a48fa3036baf16ec25cd4e93551f2c6e8b34ef4ba7279191a269ef3c6cb13f33,1,1
dataset_2_binary_clean_v2,test,test/images/nozzle_extrusion_normal_0402.jpg,test/labels/nozzle_extrusion_normal_0402.txt,148702,38,fd9531887d6519d7a26912bbd939ad2611750f995924b82e5549a718a19d69f7,a48fa3036baf16ec25cd4e93551f2c6e8b34ef4ba7279191a269ef3c6cb13f33,1,1
dataset_2_binary_clean_v2,test,test/images/nozzle_extrusion_normal_0417.jpg,test/labels/nozzle_extrusion_normal_0417.txt,131904,38,7b14a390e819b8d8dcec57dcd35790b0ca04dc280b79a68654f33ad3a01bba8c,a48fa3036baf16ec25cd4e93551f2c6e8b34ef4ba7279191a269ef3c6cb13f33,1,1
dataset_2_binary_clean_v2,test,test/images/nozzle_extrusion_normal_0425.jpg,test/labels/nozzle_extrusion_normal_0425.txt,136483,38,5c3e90560d4f9a39cddbd829ffeaada4807719ec3d121c12171723cab7a352f6,a48fa3036baf16ec25cd4e93551f2c6e8b34ef4ba7279191a269ef3c6cb13f33,1,1
dataset_2_binary_clean_v2,test,test/images/nozzle_extrusion_normal_0441.jpg,test/labels/nozzle_extrusion_normal_0441.txt,152244,38,d1b1b60f50d12847a327f01d3e5b8f54387d58b1d8b8dc6cea8becc849a15188,a48fa3036baf16ec25cd4e93551f2c6e8b34ef4ba7279191a269ef3c6cb13f33,1,1
dataset_2_binary_clean_v2,test,test/images/nozzle_extrusion_normal_0450.jpg,test/labels/nozzle_extrusion_normal_0450.txt,98254,38,2d32c6330de8a2e714dc5e438332089f8f5e4cd90973992c7dd4153a19a2b976,a48fa3036baf16ec25cd4e93551f2c6e8b34ef4ba7279191a269ef3c6cb13f33,1,1
dataset_2_binary_clean_v2,test,test/images/nozzle_extrusion_normal_0456.jpg,test/labels/nozzle_extrusion_normal_0456.txt,142547,38,b3262f5b4d944087a46387268e7d8de397aa295583c9b68fd147153dc52a0701,a48fa3036baf16ec25cd4e93551f2c6e8b34ef4ba7279191a269ef3c6cb13f33,1,1
dataset_2_binary_clean_v2,test,test/images/nozzle_extrusion_normal_0465.jpg,test/labels/nozzle_extrusion_normal_0465.txt,132744,38,6987d09fd2d11e9c8bc4d3d8aa67f38c11825e5c15927d56f7dc06dbb76d1e7e,a48fa3036baf16ec25cd4e93551f2c6e8b34ef4ba7279191a269ef3c6cb13f33,1,1
dataset_2_binary_clean_v2,test,test/images/nozzle_extrusion_normal_0473.jpg,test/labels/nozzle_extrusion_normal_0473.txt,128187,38,ae06e06bc95a28621a3ba231527aff4272e11c79cd900051f386dee55f961636,a48fa3036baf16ec25cd4e93551f2c6e8b34ef4ba7279191a269ef3c6cb13f33,1,1
dataset_2_binary_clean_v2,test,test/images/nozzle_extrusion_normal_0480.jpg,test/labels/nozzle_extrusion_normal_0480.txt,143357,38,596ccfff9d646f42290616c6f100da01d137228e1e706d28058a30af83f30b98,a48fa3036baf16ec25cd4e93551f2c6e8b34ef4ba7279191a269ef3c6cb13f33,1,1
dataset_2_binary_clean_v2,test,test/images/nozzle_extrusion_normal_0492.jpg,test/labels/nozzle_extrusion_normal_0492.txt,147314,38,1bffd5c15cbfce8808010b128abd42c47fd7cdf3d14043eb7005fbab8d099497,a48fa3036baf16ec25cd4e93551f2c6e8b34ef4ba7279191a269ef3c6cb13f33,1,1
dataset_2_binary_clean_v2,test,test/images/nozzle_extrusion_normal_0503.jpg,test/labels/nozzle_extrusion_normal_0503.txt,135750,38,7fbcecd0f063db866df9b8e727c11fdf59e04b11ebd1e6a0b1b1fa23bfa58021,a48fa3036baf16ec25cd4e93551f2c6e8b34ef4ba7279191a269ef3c6cb13f33,1,1
dataset_2_binary_clean_v2,test,test/images/nozzle_extrusion_normal_0504.jpg,test/labels/nozzle_extrusion_normal_0504.txt,137442,38,5d6fcd8cb0f6c806e9631e0c49daf2361bec8eaba35f7907ab664de558131eea,a48fa3036baf16ec25cd4e93551f2c6e8b34ef4ba7279191a269ef3c6cb13f33,1,1
dataset_2_binary_clean_v2,test,test/images/nozzle_extrusion_normal_0520.jpg,test/labels/nozzle_extrusion_normal_0520.txt,141627,38,81d40457f4078eb642e3979afe9e6d711dff662ef713749a13473114aa0d3635,a48fa3036baf16ec25cd4e93551f2c6e8b34ef4ba7279191a269ef3c6cb13f33,1,1
dataset_2_binary_clean_v2,test,test/images/nozzle_extrusion_normal_0534.jpg,test/labels/nozzle_extrusion_normal_0534.txt,131796,38,0a9f21e8491c52bb6308c6eb3e2f862b8305a03fb39a25437e4969218353134d,a48fa3036baf16ec25cd4e93551f2c6e8b34ef4ba7279191a269ef3c6cb13f33,1,1
dataset_2_binary_clean_v2,test,test/images/nozzle_extrusion_normal_0541.jpg,test/labels/nozzle_extrusion_normal_0541.txt,131175,38,e1ef38d29ae8a849c1ab4b8ec1fee82afd870cd595135204d65a0032d516401f,a48fa3036baf16ec25cd4e93551f2c6e8b34ef4ba7279191a269ef3c6cb13f33,1,1
dataset_2_binary_clean_v2,test,test/images/nozzle_extrusion_normal_0542.jpg,test/labels/nozzle_extrusion_normal_0542.txt,133922,38,f5ff4698e61b325d205ece1faf8a39c47e520cf78089fef04ce91a5a025eca9c,a48fa3036baf16ec25cd4e93551f2c6e8b34ef4ba7279191a269ef3c6cb13f33,1,1
dataset_2_binary_clean_v2,test,test/images/nozzle_extrusion_normal_0546.jpg,test/labels/nozzle_extrusion_normal_0546.txt,139436,38,f266652d94e97ffe6dbeefa13e86ddba74257d4a20089bfa4450bedfa7f000f5,a48fa3036baf16ec25cd4e93551f2c6e8b34ef4ba7279191a269ef3c6cb13f33,1,1
dataset_2_binary_clean_v2,test,test/images/nozzle_extrusion_normal_0547.jpg,test/labels/nozzle_extrusion_normal_0547.txt,135952,38,2f535d6635a8512b5b85de443ea001fe2bf519dce985dd2d642d55497d430f95,a48fa3036baf16ec25cd4e93551f2c6e8b34ef4ba7279191a269ef3c6cb13f33,1,1
dataset_2_binary_clean_v2,test,test/images/nozzle_extrusion_normal_0548.jpg,test/labels/nozzle_extrusion_normal_0548.txt,128800,38,27392ad1239577bfec021eb65f9e6e37d229e01690070e65f57074c92827704c,a48fa3036baf16ec25cd4e93551f2c6e8b34ef4ba7279191a269ef3c6cb13f33,1,1
dataset_2_binary_clean_v2,test,test/images/nozzle_extrusion_normal_0558.jpg,test/labels/nozzle_extrusion_normal_0558.txt,127339,38,16d79564feba7abe73e3073e03c13968796282a3a5e38ce01ae8a04245325d2a,a48fa3036baf16ec25cd4e93551f2c6e8b34ef4ba7279191a269ef3c6cb13f33,1,1
dataset_2_binary_clean_v2,test,test/images/nozzle_extrusion_normal_0567.jpg,test/labels/nozzle_extrusion_normal_0567.txt,140736,38,7e7e1b7be389150746a8271bf51e3e08bde34f75d0e01239c4adc4dea0d0a053,a48fa3036baf16ec25cd4e93551f2c6e8b34ef4ba7279191a269ef3c6cb13f33,1,1
dataset_2_binary_clean_v2,test,test/images/nozzle_extrusion_normal_0577.jpg,test/labels/nozzle_extrusion_normal_0577.txt,124284,38,8f186ada6c137be59d2b8a799719aa02cb273c9e0edbe2aa363bff0fcddeb5d3,a48fa3036baf16ec25cd4e93551f2c6e8b34ef4ba7279191a269ef3c6cb13f33,1,1
dataset_2_binary_clean_v2,test,test/images/nozzle_extrusion_normal_0588.jpg,test/labels/nozzle_extrusion_normal_0588.txt,135561,38,a9446033fb92e72bcfcc7e1af9c013daaae212bdb0a545705979f3d7a8418969,a48fa3036baf16ec25cd4e93551f2c6e8b34ef4ba7279191a269ef3c6cb13f33,1,1
dataset_2_binary_clean_v2,test,test/images/nozzle_extrusion_normal_0590.jpg,test/labels/nozzle_extrusion_normal_0590.txt,140846,38,9b006b3a13e48f668b80edaeaef86cdc445dc658da9c23c312749b207c739fb7,a48fa3036baf16ec25cd4e93551f2c6e8b34ef4ba7279191a269ef3c6cb13f33,1,1
dataset_2_binary_clean_v2,test,test/images/nozzle_extrusion_normal_0600.jpg,test/labels/nozzle_extrusion_normal_0600.txt,135935,38,222b768b1ed08d9b272fe0e3ed177235a9bd7cb4e65eeabff509875f866631b8,a48fa3036baf16ec25cd4e93551f2c6e8b34ef4ba7279191a269ef3c6cb13f33,1,1
dataset_2_binary_clean_v2,test,test/images/nozzle_extrusion_normal_0601.jpg,test/labels/nozzle_extrusion_normal_0601.txt,136222,38,d275f27aeb3c6dc2051a1589903e66a91e9ec86157519f17c9374e87254ab3a0,a48fa3036baf16ec25cd4e93551f2c6e8b34ef4ba7279191a269ef3c6cb13f33,1,1
dataset_2_binary_clean_v2,test,test/images/nozzle_extrusion_normal_0631.jpg,test/labels/nozzle_extrusion_normal_0631.txt,131676,38,ac1d848b63270c1bf2460483afb611a3ef25fd40d712c9ee45d4f5f7150b81cd,a48fa3036baf16ec25cd4e93551f2c6e8b34ef4ba7279191a269ef3c6cb13f33,1,1
dataset_2_binary_clean_v2,test,test/images/nozzle_extrusion_normal_0634.jpg,test/labels/nozzle_extrusion_normal_0634.txt,139294,38,a4fe2443b60c5f9ec879772de0a02d069ec918fe33ee552b0cc6718373354975,a48fa3036baf16ec25cd4e93551f2c6e8b34ef4ba7279191a269ef3c6cb13f33,1,1
dataset_2_binary_clean_v2,test,test/images/nozzle_extrusion_normal_0636.jpg,test/labels/nozzle_extrusion_normal_0636.txt,139469,38,e026bbb387ac458ff97377ff3c08283ee006d8b906f8bdfed846bb32b93e6d74,a48fa3036baf16ec25cd4e93551f2c6e8b34ef4ba7279191a269ef3c6cb13f33,1,1
dataset_2_binary_clean_v2,test,test/images/nozzle_extrusion_normal_0637.jpg,test/labels/nozzle_extrusion_normal_0637.txt,135676,38,6a284dcb66493d167e72cbce4e48ce0cce01f9a2ea56d3fda4e80868209ba8c9,a48fa3036baf16ec25cd4e93551f2c6e8b34ef4ba7279191a269ef3c6cb13f33,1,1
dataset_2_binary_clean_v2,test,test/images/nozzle_extrusion_normal_0638.jpg,test/labels/nozzle_extrusion_normal_0638.txt,104710,38,cddbb90f8a74413626300f639bae2010507acd79b50fdebd3ef3c7834e333c6f,a48fa3036baf16ec25cd4e93551f2c6e8b34ef4ba7279191a269ef3c6cb13f33,1,1
dataset_2_binary_clean_v2,test,test/images/nozzle_extrusion_normal_0648.jpg,test/labels/nozzle_extrusion_normal_0648.txt,128027,38,afdd7228c58be73d5eebc16f6c76e56a4c1a7483a72219a9fa212382d0392bb0,a48fa3036baf16ec25cd4e93551f2c6e8b34ef4ba7279191a269ef3c6cb13f33,1,1
dataset_2_binary_clean_v2,test,test/images/nozzle_extrusion_normal_0650.jpg,test/labels/nozzle_extrusion_normal_0650.txt,133661,38,e2545662de485801dbfd24ccba4dfab3050830686090cb3cfea37e5b1912cba7,a48fa3036baf16ec25cd4e93551f2c6e8b34ef4ba7279191a269ef3c6cb13f33,1,1
dataset_2_binary_clean_v2,test,test/images/nozzle_extrusion_normal_0661.jpg,test/labels/nozzle_extrusion_normal_0661.txt,140184,38,5442a92ea3066f7773eb770ec0c8eca68076a0a61919728895e802950ffa0d71,a48fa3036baf16ec25cd4e93551f2c6e8b34ef4ba7279191a269ef3c6cb13f33,1,1
dataset_2_binary_clean_v2,test,test/images/nozzle_extrusion_normal_0671.jpg,test/labels/nozzle_extrusion_normal_0671.txt,135469,38,516218c153d334b8495fd4090ad6f7cd6cf75b5798533e407602e689d1ad0d9b,a48fa3036baf16ec25cd4e93551f2c6e8b34ef4ba7279191a269ef3c6cb13f33,1,1
dataset_2_binary_clean_v2,test,test/images/nozzle_extrusion_normal_0693.jpg,test/labels/nozzle_extrusion_normal_0693.txt,131216,38,80b02bc27ac4b928a0dfdef9d28958013682fe2d79421f084e1930304ea88e7c,a48fa3036baf16ec25cd4e93551f2c6e8b34ef4ba7279191a269ef3c6cb13f33,1,1
dataset_2_binary_clean_v2,test,test/images/nozzle_extrusion_normal_0703.jpg,test/labels/nozzle_extrusion_normal_0703.txt,141445,38,1980cf752a1d190bbea4907caddb2607dfa3fac970453c0724b876cdd91b9065,a48fa3036baf16ec25cd4e93551f2c6e8b34ef4ba7279191a269ef3c6cb13f33,1,1
dataset_2_binary_clean_v2,test,test/images/nozzle_extrusion_normal_0707.jpg,test/labels/nozzle_extrusion_normal_0707.txt,161087,38,f222887e67fdb5cceec4a469b9d8ee64b55d9a1e9885af4ff43b5491e59d82d0,a48fa3036baf16ec25cd4e93551f2c6e8b34ef4ba7279191a269ef3c6cb13f33,1,1
dataset_2_binary_clean_v2,test,test/images/nozzle_extrusion_normal_0708.jpg,test/labels/nozzle_extrusion_normal_0708.txt,144175,38,8353914787ff7deadb70320a5333a2330d41868099a84fec1b7e2c6d928bbced,a48fa3036baf16ec25cd4e93551f2c6e8b34ef4ba7279191a269ef3c6cb13f33,1,1
dataset_2_binary_clean_v2,test,test/images/nozzle_extrusion_normal_0710.jpg,test/labels/nozzle_extrusion_normal_0710.txt,111316,38,90b6d7ef9ee53b18611dec499619d29a971c665d0056c8c3703f613ccfd0b7d6,a48fa3036baf16ec25cd4e93551f2c6e8b34ef4ba7279191a269ef3c6cb13f33,1,1
dataset_2_binary_clean_v2,test,test/images/nozzle_extrusion_normal_0712.jpg,test/labels/nozzle_extrusion_normal_0712.txt,156544,38,1b955bc32e44e2c25fb88886dccc87986bb87cb158ab8369d8816124d2310466,a48fa3036baf16ec25cd4e93551f2c6e8b34ef4ba7279191a269ef3c6cb13f33,1,1
dataset_2_binary_clean_v2,test,test/images/nozzle_extrusion_normal_0713.jpg,test/labels/nozzle_extrusion_normal_0713.txt,148620,38,0b808c31645dc9c63cc97e1cedcfc74b6b479715a1ac534bb9ff634d4a80b857,a48fa3036baf16ec25cd4e93551f2c6e8b34ef4ba7279191a269ef3c6cb13f33,1,1
dataset_2_binary_clean_v2,test,test/images/nozzle_extrusion_normal_0726.jpg,test/labels/nozzle_extrusion_normal_0726.txt,135463,38,662628fb905fe9c60a7bad8f67cf3c2271719cc7ab9beccf776e6ed2679a8562,a48fa3036baf16ec25cd4e93551f2c6e8b34ef4ba7279191a269ef3c6cb13f33,1,1
dataset_2_binary_clean_v2,test,test/images/nozzle_extrusion_normal_0752.jpg,test/labels/nozzle_extrusion_normal_0752.txt,119399,38,108673a77dd5070acfd3501de3e6ec9aaa84006c25c93ff42956da9d23ad5861,a48fa3036baf16ec25cd4e93551f2c6e8b34ef4ba7279191a269ef3c6cb13f33,1,1
dataset_2_binary_clean_v2,test,test/images/nozzle_extrusion_normal_0754.jpg,test/labels/nozzle_extrusion_normal_0754.txt,137698,38,7e412a6f6f26434bdaeca450297179cd9f6da296a7c683353a7fbf81037599a4,a48fa3036baf16ec25cd4e93551f2c6e8b34ef4ba7279191a269ef3c6cb13f33,1,1
dataset_2_binary_clean_v2,test,test/images/nozzle_extrusion_normal_0771.jpg,test/labels/nozzle_extrusion_normal_0771.txt,129168,38,d7c9036b77bf8f5ab5ceedb257a5d4b38465cce8b6309ab986c0f5c5f03a44c5,a48fa3036baf16ec25cd4e93551f2c6e8b34ef4ba7279191a269ef3c6cb13f33,1,1
dataset_2_binary_clean_v2,test,test/images/nozzle_extrusion_normal_0773.jpg,test/labels/nozzle_extrusion_normal_0773.txt,132694,38,96622795e57d461502cec90ace99af3c13921a98115a57126117bb1412ed6044,a48fa3036baf16ec25cd4e93551f2c6e8b34ef4ba7279191a269ef3c6cb13f33,1,1
dataset_2_binary_clean_v2,test,test/images/nozzle_extrusion_normal_0799.jpg,test/labels/nozzle_extrusion_normal_0799.txt,126957,38,d90a4e32e77935753fc255d22445ab6e6d06047b8f1c5110cec1aaf62147dfa9,a48fa3036baf16ec25cd4e93551f2c6e8b34ef4ba7279191a269ef3c6cb13f33,1,1
dataset_2_binary_clean_v2,test,test/images/nozzle_extrusion_normal_0800.jpg,test/labels/nozzle_extrusion_normal_0800.txt,128801,38,d290d941dc4b60d29248176876882052ed8f9a426601655889bf0fe0124907e3,a48fa3036baf16ec25cd4e93551f2c6e8b34ef4ba7279191a269ef3c6cb13f33,1,1
dataset_2_binary_clean_v2,test,test/images/nozzle_extrusion_normal_0804.jpg,test/labels/nozzle_extrusion_normal_0804.txt,127962,38,924f2f7be5cd1dd4dab800404bcec5787bc120bd1e82d6c3371deafdcb7ace5e,a48fa3036baf16ec25cd4e93551f2c6e8b34ef4ba7279191a269ef3c6cb13f33,1,1
dataset_2_binary_clean_v2,test,test/images/nozzle_extrusion_normal_0807.jpg,test/labels/nozzle_extrusion_normal_0807.txt,92313,38,2fc1671f93dc7f7b4cd4530f27a79eb9409bea13aff62681f31c5af244d42ca7,a48fa3036baf16ec25cd4e93551f2c6e8b34ef4ba7279191a269ef3c6cb13f33,1,1
dataset_2_binary_clean_v2,test,test/images/nozzle_extrusion_normal_0814.jpg,test/labels/nozzle_extrusion_normal_0814.txt,133882,38,9072a3f20ef175ccd46dc077cbc87402e4a74e76bfec39e0c6c010a5c9a48762,a48fa3036baf16ec25cd4e93551f2c6e8b34ef4ba7279191a269ef3c6cb13f33,1,1
dataset_2_binary_clean_v2,test,test/images/nozzle_extrusion_normal_0820.jpg,test/labels/nozzle_extrusion_normal_0820.txt,130264,38,8288278139bd05207e525c8f0c1c6959188a1c515b818c433eff3a406973f90c,a48fa3036baf16ec25cd4e93551f2c6e8b34ef4ba7279191a269ef3c6cb13f33,1,1
dataset_2_binary_clean_v2,test,test/images/nozzle_extrusion_normal_0821.jpg,test/labels/nozzle_extrusion_normal_0821.txt,130230,38,2399d6da11297a3e2b49039c93f62e9ba5d3a461f05461a67a487ea2ee02b43f,a48fa3036baf16ec25cd4e93551f2c6e8b34ef4ba7279191a269ef3c6cb13f33,1,1
dataset_2_binary_clean_v2,test,test/images/nozzle_extrusion_normal_0829.jpg,test/labels/nozzle_extrusion_normal_0829.txt,130417,38,95b2dc644f983b25f96a1a4b97b16fceb421d4926969fb7388a45885ba33b916,a48fa3036baf16ec25cd4e93551f2c6e8b34ef4ba7279191a269ef3c6cb13f33,1,1
dataset_2_binary_clean_v2,test,test/images/nozzle_extrusion_normal_0830.jpg,test/labels/nozzle_extrusion_normal_0830.txt,130410,38,2895fce7e7cdb9cc80d244c27bef5d53754b6e072d3fe14ab15481cebc316fab,a48fa3036baf16ec25cd4e93551f2c6e8b34ef4ba7279191a269ef3c6cb13f33,1,1
dataset_2_binary_clean_v2,test,test/images/nozzle_extrusion_normal_0831.jpg,test/labels/nozzle_extrusion_normal_0831.txt,134040,38,b3e3f63c38a68a2d256b6add753a78116e1f7c3390e82c4c049aeb2f0a79f3ea,a48fa3036baf16ec25cd4e93551f2c6e8b34ef4ba7279191a269ef3c6cb13f33,1,1
dataset_2_binary_clean_v2,test,test/images/nozzle_extrusion_normal_0834.jpg,test/labels/nozzle_extrusion_normal_0834.txt,101167,38,68ed315fbb2b798cbad56e52a27b024034415af82b85ecea904c8e45e989a198,a48fa3036baf16ec25cd4e93551f2c6e8b34ef4ba7279191a269ef3c6cb13f33,1,1
dataset_2_binary_clean_v2,test,test/images/nozzle_extrusion_normal_0848.jpg,test/labels/nozzle_extrusion_normal_0848.txt,115463,38,1405d677419e0c798b2a5bca9e3a43646ec99ee3029d335e86864b4f69c78cd7,a48fa3036baf16ec25cd4e93551f2c6e8b34ef4ba7279191a269ef3c6cb13f33,1,1
dataset_2_binary_clean_v2,test,test/images/nozzle_extrusion_normal_0856.jpg,test/labels/nozzle_extrusion_normal_0856.txt,133673,38,3a2c738f2318ffa3bfae5eb0a47810c6e2abccaad281661718de96dd87eccc39,a48fa3036baf16ec25cd4e93551f2c6e8b34ef4ba7279191a269ef3c6cb13f33,1,1
dataset_2_binary_clean_v2,test,test/images/nozzle_extrusion_normal_0865.jpg,test/labels/nozzle_extrusion_normal_0865.txt,90172,38,5ac6c61e5468b2fcab67cfeb30c9330eca67e1a12f75d268866e72d7c5a3ab70,a48fa3036baf16ec25cd4e93551f2c6e8b34ef4ba7279191a269ef3c6cb13f33,1,1
dataset_2_binary_clean_v2,test,test/images/nozzle_extrusion_normal_0871.jpg,test/labels/nozzle_extrusion_normal_0871.txt,140700,38,338e4fcbbb0249fc5a600d7539eeed02216d2456f821d0a49d0c20d22e6a98f6,a48fa3036baf16ec25cd4e93551f2c6e8b34ef4ba7279191a269ef3c6cb13f33,1,1
dataset_2_binary_clean_v2,test,test/images/nozzle_extrusion_normal_0875.jpg,test/labels/nozzle_extrusion_normal_0875.txt,126518,38,972528cab0ba02ae6bf8daf27c54e1cfc383f627ebf7d1adae22b1d890523cf3,a48fa3036baf16ec25cd4e93551f2c6e8b34ef4ba7279191a269ef3c6cb13f33,1,1
dataset_2_binary_clean_v2,test,test/images/nozzle_extrusion_normal_0876.jpg,test/labels/nozzle_extrusion_normal_0876.txt,98574,38,0de97742aacde076c466c59bdc177ae68fe53dc7542b913042853ee72359a75b,a48fa3036baf16ec25cd4e93551f2c6e8b34ef4ba7279191a269ef3c6cb13f33,1,1
dataset_2_binary_clean_v2,test,test/images/nozzle_extrusion_normal_0878.jpg,test/labels/nozzle_extrusion_normal_0878.txt,106641,38,cc8b06e5d2e16ba952af13e02dfe9187a5cbecc76f5c455bf0403a5e8e882efd,a48fa3036baf16ec25cd4e93551f2c6e8b34ef4ba7279191a269ef3c6cb13f33,1,1
dataset_2_binary_clean_v2,test,test/images/nozzle_extrusion_normal_0882.jpg,test/labels/nozzle_extrusion_normal_0882.txt,126809,38,78f5e21c244308e79c35ac54fe86d5bf00e24147656f2fc2f0b4665647c4d2aa,a48fa3036baf16ec25cd4e93551f2c6e8b34ef4ba7279191a269ef3c6cb13f33,1,1
dataset_2_binary_clean_v2,test,test/images/nozzle_extrusion_normal_0884.jpg,test/labels/nozzle_extrusion_normal_0884.txt,98914,38,a59eef21a22b89757a2ea59880a3583830ecf29c3621200f0678642b95690ee2,a48fa3036baf16ec25cd4e93551f2c6e8b34ef4ba7279191a269ef3c6cb13f33,1,1
dataset_2_binary_clean_v2,test,test/images/nozzle_extrusion_normal_0885.jpg,test/labels/nozzle_extrusion_normal_0885.txt,119297,38,cbe786f338cbd9eb8a2ab28bc00afd5cf704582a90dfe48a0c689c97ab75d7ce,a48fa3036baf16ec25cd4e93551f2c6e8b34ef4ba7279191a269ef3c6cb13f33,1,1
dataset_2_binary_clean_v2,test,test/images/nozzle_extrusion_normal_0893.jpg,test/labels/nozzle_extrusion_normal_0893.txt,124545,38,652867ced698c33d6e3ced9a5b19bea66144dbb18c41f520f9f66fe1fd5d0241,a48fa3036baf16ec25cd4e93551f2c6e8b34ef4ba7279191a269ef3c6cb13f33,1,1
dataset_2_binary_clean_v2,test,test/images/nozzle_extrusion_normal_0903.jpg,test/labels/nozzle_extrusion_normal_0903.txt,122535,38,010b2b146165c94d5d24142042fedb1522abdc522a31c465d35a54a99ce68443,a48fa3036baf16ec25cd4e93551f2c6e8b34ef4ba7279191a269ef3c6cb13f33,1,1
dataset_2_binary_clean_v2,test,test/images/nozzle_extrusion_normal_0905.jpg,test/labels/nozzle_extrusion_normal_0905.txt,128482,38,a23e5915e937578ccab4dee1d92adc299665c5824a315e6fa38a5c411582b23b,a48fa3036baf16ec25cd4e93551f2c6e8b34ef4ba7279191a269ef3c6cb13f33,1,1
dataset_2_binary_clean_v2,test,test/images/nozzle_extrusion_normal_0914.jpg,test/labels/nozzle_extrusion_normal_0914.txt,127092,38,8326471be3ca40433c1c18b4def4c705d44025e91cdc7b3728d163c3d51c2746,a48fa3036baf16ec25cd4e93551f2c6e8b34ef4ba7279191a269ef3c6cb13f33,1,1
dataset_2_binary_clean_v2,test,test/images/nozzle_extrusion_normal_0915.jpg,test/labels/nozzle_extrusion_normal_0915.txt,126178,38,997d6ac6a50b88c9e53e89212ff88dd9d17ecdbfb6d1b5ecf5004acbf678c406,a48fa3036baf16ec25cd4e93551f2c6e8b34ef4ba7279191a269ef3c6cb13f33,1,1
dataset_2_binary_clean_v2,test,test/images/nozzle_extrusion_normal_0925.jpg,test/labels/nozzle_extrusion_normal_0925.txt,133198,38,4a69a13229e1e27723f8d7f9613ce428c5d92c101e5e77770cda5cf9e1e33a25,a48fa3036baf16ec25cd4e93551f2c6e8b34ef4ba7279191a269ef3c6cb13f33,1,1
dataset_2_binary_clean_v2,test,test/images/nozzle_extrusion_normal_0954.jpg,test/labels/nozzle_extrusion_normal_0954.txt,111793,38,4171fd029ff3f00f7fc80bc7aed5edb7bc4728dd0032cd93ae19dc71056287fc,a48fa3036baf16ec25cd4e93551f2c6e8b34ef4ba7279191a269ef3c6cb13f33,1,1
dataset_2_binary_clean_v2,test,test/images/nozzle_extrusion_normal_0962.jpg,test/labels/nozzle_extrusion_normal_0962.txt,129402,38,209967819a65ea7ef8dbeef051626bf859b6ae76e3405af709f5edc3e372671a,a48fa3036baf16ec25cd4e93551f2c6e8b34ef4ba7279191a269ef3c6cb13f33,1,1
dataset_2_binary_clean_v2,test,test/images/nozzle_extrusion_normal_0983.jpg,test/labels/nozzle_extrusion_normal_0983.txt,128125,38,f85b7b6f07b78c9d042e6820a4c7984ee3ec15d16b7b817b01320a774b1b5be0,a48fa3036baf16ec25cd4e93551f2c6e8b34ef4ba7279191a269ef3c6cb13f33,1,1
dataset_2_binary_clean_v2,test,test/images/nozzle_extrusion_normal_1002.jpg,test/labels/nozzle_extrusion_normal_1002.txt,121933,38,8d714b3a09bfe6223db2479bd0e683c56ff9d6e0ce18c2d1d1ae8db9a524067e,a48fa3036baf16ec25cd4e93551f2c6e8b34ef4ba7279191a269ef3c6cb13f33,1,1
dataset_2_binary_clean_v2,test,test/images/nozzle_extrusion_normal_1003.jpg,test/labels/nozzle_extrusion_normal_1003.txt,122921,38,3845d3c153b7e417e9c9c6d88eae15ef08c0e261d896ce3755b9592c03ba85b0,a48fa3036baf16ec25cd4e93551f2c6e8b34ef4ba7279191a269ef3c6cb13f33,1,1
dataset_2_binary_clean_v2,test,test/images/nozzle_extrusion_normal_1015.jpg,test/labels/nozzle_extrusion_normal_1015.txt,114429,38,73b5c5689a77dda0a38fd79947382416b1621403ef461cc296e8bb18976ff72d,a48fa3036baf16ec25cd4e93551f2c6e8b34ef4ba7279191a269ef3c6cb13f33,1,1
dataset_2_binary_clean_v2,test,test/images/nozzle_extrusion_normal_1017.jpg,test/labels/nozzle_extrusion_normal_1017.txt,91210,38,868606cb9193caaa034d48e47853cd9de5028bcc59b95ce2484e4cf35e82f81b,a48fa3036baf16ec25cd4e93551f2c6e8b34ef4ba7279191a269ef3c6cb13f33,1,1
dataset_2_binary_clean_v2,test,test/images/nozzle_extrusion_normal_1018.jpg,test/labels/nozzle_extrusion_normal_1018.txt,114387,38,b7176938d7ba053ea9adc1602744200b73b2d165d50926506774793c0b84d1e3,a48fa3036baf16ec25cd4e93551f2c6e8b34ef4ba7279191a269ef3c6cb13f33,1,1
dataset_2_binary_clean_v2,test,test/images/nozzle_extrusion_normal_1029.jpg,test/labels/nozzle_extrusion_normal_1029.txt,133974,38,f77bda8257a5afe5fb0856c544cb45d411dc395ff532c6f9cca5e8737c69666a,a48fa3036baf16ec25cd4e93551f2c6e8b34ef4ba7279191a269ef3c6cb13f33,1,1
dataset_2_binary_clean_v2,test,test/images/nozzle_extrusion_normal_1034.jpg,test/labels/nozzle_extrusion_normal_1034.txt,117642,38,2eb0a875667edaaae52935b13fc6410a20663782c5f51d93c1030235adbf34cf,a48fa3036baf16ec25cd4e93551f2c6e8b34ef4ba7279191a269ef3c6cb13f33,1,1
dataset_2_binary_clean_v2,test,test/images/nozzle_extrusion_normal_1043.jpg,test/labels/nozzle_extrusion_normal_1043.txt,122498,38,08c66b6b56ce0838316824e55be0ab4351f94fa90209ce91514df77300374200,a48fa3036baf16ec25cd4e93551f2c6e8b34ef4ba7279191a269ef3c6cb13f33,1,1
dataset_2_binary_clean_v2,test,test/images/nozzle_extrusion_normal_1052.jpg,test/labels/nozzle_extrusion_normal_1052.txt,133765,38,a4f113465218a4165875535266b35658106dbcfb1abb8f36d657d2edb6592f4f,a48fa3036baf16ec25cd4e93551f2c6e8b34ef4ba7279191a269ef3c6cb13f33,1,1
dataset_2_binary_clean_v2,test,test/images/nozzle_extrusion_normal_1059.jpg,test/labels/nozzle_extrusion_normal_1059.txt,109282,38,7d46b73202fc64343dd3f748b7ad16381982d5b809d7762be98c3671e1ffe64c,a48fa3036baf16ec25cd4e93551f2c6e8b34ef4ba7279191a269ef3c6cb13f33,1,1
dataset_2_binary_clean_v2,test,test/images/nozzle_extrusion_normal_1080.jpg,test/labels/nozzle_extrusion_normal_1080.txt,107733,38,9340377ab99bcb02afff4dce77b2af6986e44ab210e54dfc7b31afad9c347408,a48fa3036baf16ec25cd4e93551f2c6e8b34ef4ba7279191a269ef3c6cb13f33,1,1
dataset_2_binary_clean_v2,test,test/images/nozzle_extrusion_normal_1085.jpg,test/labels/nozzle_extrusion_normal_1085.txt,130776,38,f0b409a5f28742ef4b4407ca1047eaa522993d1b0a8c3cebd1f83d908cce960c,a48fa3036baf16ec25cd4e93551f2c6e8b34ef4ba7279191a269ef3c6cb13f33,1,1
dataset_2_binary_clean_v2,test,test/images/nozzle_extrusion_normal_1103.jpg,test/labels/nozzle_extrusion_normal_1103.txt,118347,38,545e2449f954182ddf93f314c4c19c410dab14c18e4850e653b5625798e03e42,a48fa3036baf16ec25cd4e93551f2c6e8b34ef4ba7279191a269ef3c6cb13f33,1,1
dataset_2_binary_clean_v2,test,test/images/nozzle_extrusion_normal_1104.jpg,test/labels/nozzle_extrusion_normal_1104.txt,127827,38,3b10aaa3165436e9d76af9191c7d4307bf32476ea99a67073df7cd9bc4336559,a48fa3036baf16ec25cd4e93551f2c6e8b34ef4ba7279191a269ef3c6cb13f33,1,1
dataset_2_binary_clean_v2,test,test/images/nozzle_extrusion_normal_1109.jpg,test/labels/nozzle_extrusion_normal_1109.txt,129066,38,72948c6cc077a0b4beddb987d04af85a8678b681507ec806c344399c778dff31,a48fa3036baf16ec25cd4e93551f2c6e8b34ef4ba7279191a269ef3c6cb13f33,1,1
dataset_2_binary_clean_v2,test,test/images/nozzle_extrusion_normal_1111.jpg,test/labels/nozzle_extrusion_normal_1111.txt,90505,38,c58fc3a5d796a3e4144dbfe8bb3a9a86161490d281b4d416ce2837c4b3cbeeef,a48fa3036baf16ec25cd4e93551f2c6e8b34ef4ba7279191a269ef3c6cb13f33,1,1
dataset_2_binary_clean_v2,test,test/images/nozzle_extrusion_normal_1120.jpg,test/labels/nozzle_extrusion_normal_1120.txt,137402,38,8863f18856e83ffcaa672a626ecd8a76ae5595c84254ce5d69af90ae9ba5b4d2,a48fa3036baf16ec25cd4e93551f2c6e8b34ef4ba7279191a269ef3c6cb13f33,1,1
dataset_2_binary_clean_v2,test,test/images/nozzle_extrusion_normal_1145.jpg,test/labels/nozzle_extrusion_normal_1145.txt,131637,38,e89bc5caf49673102d70f15935ce986c5374e594679a58b78160ce4d9210869f,a48fa3036baf16ec25cd4e93551f2c6e8b34ef4ba7279191a269ef3c6cb13f33,1,1
dataset_2_binary_clean_v2,test,test/images/nozzle_extrusion_normal_1186.jpg,test/labels/nozzle_extrusion_normal_1186.txt,114456,38,88a37f7a93fbad1c7a8c233c02c0cf12b4533d82009d0c26916bd5d462195a59,a48fa3036baf16ec25cd4e93551f2c6e8b34ef4ba7279191a269ef3c6cb13f33,1,1
dataset_2_binary_clean_v2,test,test/images/nozzle_extrusion_normal_1195.jpg,test/labels/nozzle_extrusion_normal_1195.txt,139883,38,ed43e5d0064a58c6a6e76f489108d9eaee2e689af3ee89fcc79b2bc3aa98f0f9,a48fa3036baf16ec25cd4e93551f2c6e8b34ef4ba7279191a269ef3c6cb13f33,1,1
dataset_2_binary_clean_v2,test,test/images/nozzle_extrusion_normal_1210.jpg,test/labels/nozzle_extrusion_normal_1210.txt,134928,38,7e67cbba12dfc988a39e62702a216f7fbb5e1d1bc48d87a814c66a100963ceac,a48fa3036baf16ec25cd4e93551f2c6e8b34ef4ba7279191a269ef3c6cb13f33,1,1
dataset_2_binary_clean_v2,test,test/images/nozzle_extrusion_normal_1214.jpg,test/labels/nozzle_extrusion_normal_1214.txt,110454,38,f1b038b37a42a85e9915b33c90bfad1b50d8ee01fb26a0b02b59ea7270a02f5b,a48fa3036baf16ec25cd4e93551f2c6e8b34ef4ba7279191a269ef3c6cb13f33,1,1
dataset_2_binary_clean_v2,test,test/images/nozzle_extrusion_normal_1224.jpg,test/labels/nozzle_extrusion_normal_1224.txt,134681,38,4c4cbfcca9fe8479cf71838e2354c1252acc1e88ccac6d250a30e85ed4084efa,a48fa3036baf16ec25cd4e93551f2c6e8b34ef4ba7279191a269ef3c6cb13f33,1,1
dataset_2_binary_clean_v2,test,test/images/nozzle_extrusion_normal_1231.jpg,test/labels/nozzle_extrusion_normal_1231.txt,90206,38,a5e1119a1de3fd9752f5edf0d221e6a67913c10bb10efbeae6ad2b3e56975941,a48fa3036baf16ec25cd4e93551f2c6e8b34ef4ba7279191a269ef3c6cb13f33,1,1
dataset_2_binary_clean_v2,test,test/images/nozzle_extrusion_normal_1236.jpg,test/labels/nozzle_extrusion_normal_1236.txt,142891,38,985ebd4667ac4841e72c7bd95dac6ed2de5e51c4747b639a66113c27bfb7f5e7,a48fa3036baf16ec25cd4e93551f2c6e8b34ef4ba7279191a269ef3c6cb13f33,1,1
dataset_2_binary_clean_v2,test,test/images/nozzle_extrusion_normal_1241.jpg,test/labels/nozzle_extrusion_normal_1241.txt,107109,38,b95d6c303e2024fde685d5c43929671fbb848f78d8522420f3c434913175b1bc,a48fa3036baf16ec25cd4e93551f2c6e8b34ef4ba7279191a269ef3c6cb13f33,1,1
dataset_2_binary_clean_v2,test,test/images/nozzle_extrusion_normal_1245.jpg,test/labels/nozzle_extrusion_normal_1245.txt,130248,38,83854f4c4cee9852252f473f0256b56ebf1bd76491bcffd0752df8e2955d2cb0,a48fa3036baf16ec25cd4e93551f2c6e8b34ef4ba7279191a269ef3c6cb13f33,1,1
dataset_2_binary_clean_v2,test,test/images/nozzle_extrusion_normal_1248.jpg,test/labels/nozzle_extrusion_normal_1248.txt,136445,38,e6d6b1da6e40b7f7e4786b1d2bc4395dbfb3de31864a06fbe2ae0b5bc95789d6,a48fa3036baf16ec25cd4e93551f2c6e8b34ef4ba7279191a269ef3c6cb13f33,1,1
dataset_2_binary_clean_v2,test,test/images/nozzle_extrusion_normal_1250.jpg,test/labels/nozzle_extrusion_normal_1250.txt,146517,38,40489773973d326a06910096143a8152e2d37965bb6566a86b69899e640ea182,a48fa3036baf16ec25cd4e93551f2c6e8b34ef4ba7279191a269ef3c6cb13f33,1,1
dataset_2_binary_clean_v2,test,test/images/nozzle_extrusion_normal_1251.jpg,test/labels/nozzle_extrusion_normal_1251.txt,119232,38,7b57b204f00acd15be0287f6c1e956f965d772daffbcbd4423002d112cdab4ae,a48fa3036baf16ec25cd4e93551f2c6e8b34ef4ba7279191a269ef3c6cb13f33,1,1
dataset_2_binary_clean_v2,test,test/images/nozzle_extrusion_normal_1253.jpg,test/labels/nozzle_extrusion_normal_1253.txt,133463,38,6d1573f2fc7dd467b6061ed380c45ac8e740ffd9c213339dd96406ae8d6c6907,a48fa3036baf16ec25cd4e93551f2c6e8b34ef4ba7279191a269ef3c6cb13f33,1,1
dataset_2_binary_clean_v2,test,test/images/nozzle_extrusion_normal_1254.jpg,test/labels/nozzle_extrusion_normal_1254.txt,132547,38,d0cbfeb1d83d53517111663d53888a49d9bcb931ba03fae8f410b69e1456be42,a48fa3036baf16ec25cd4e93551f2c6e8b34ef4ba7279191a269ef3c6cb13f33,1,1
dataset_2_binary_clean_v2,test,test/images/nozzle_extrusion_normal_1264.jpg,test/labels/nozzle_extrusion_normal_1264.txt,145048,38,d2e873c82b9c7b3308499700772ab7faed8258091225ba743f0ac40d5edd9a1e,a48fa3036baf16ec25cd4e93551f2c6e8b34ef4ba7279191a269ef3c6cb13f33,1,1
dataset_2_binary_clean_v2,test,test/images/nozzle_extrusion_normal_1266.jpg,test/labels/nozzle_extrusion_normal_1266.txt,131468,38,f638e7dfdc88a2211d1d0bf48955c9dc40d745fe142c64a259026e417636c89f,a48fa3036baf16ec25cd4e93551f2c6e8b34ef4ba7279191a269ef3c6cb13f33,1,1
dataset_2_binary_clean_v2,test,test/images/nozzle_extrusion_normal_1268.jpg,test/labels/nozzle_extrusion_normal_1268.txt,88414,38,ba49de2861961cf3dc581c27872d28bf83a72944f0f05c93fe6b3853672e6e4e,a48fa3036baf16ec25cd4e93551f2c6e8b34ef4ba7279191a269ef3c6cb13f33,1,1
dataset_2_binary_clean_v2,test,test/images/nozzle_extrusion_normal_1272.jpg,test/labels/nozzle_extrusion_normal_1272.txt,127368,38,60eaacb9a517b03c5035f6c80055b864bcdda657b4e962393e0d9c9f53568314,a48fa3036baf16ec25cd4e93551f2c6e8b34ef4ba7279191a269ef3c6cb13f33,1,1
dataset_2_binary_clean_v2,test,test/images/nozzle_extrusion_normal_1283.jpg,test/labels/nozzle_extrusion_normal_1283.txt,124526,38,22cd3f7b17db1137241ef0175a6ed4e785762bf04daf3aec5073c20fb4f81b79,a48fa3036baf16ec25cd4e93551f2c6e8b34ef4ba7279191a269ef3c6cb13f33,1,1
dataset_2_binary_clean_v2,test,test/images/nozzle_extrusion_normal_1290.jpg,test/labels/nozzle_extrusion_normal_1290.txt,137963,38,fb2af2963cb7719d7963d678a7644fdae91ddb7047c6646ad0ffd06c9bd75de3,a48fa3036baf16ec25cd4e93551f2c6e8b34ef4ba7279191a269ef3c6cb13f33,1,1
dataset_2_binary_clean_v2,test,test/images/nozzle_extrusion_normal_1295.jpg,test/labels/nozzle_extrusion_normal_1295.txt,123673,38,301f6aaae1aaced8aef06951b7838e47e84d7badb2d3d1b1a6c02c6ad42df4e8,a48fa3036baf16ec25cd4e93551f2c6e8b34ef4ba7279191a269ef3c6cb13f33,1,1
dataset_2_binary_clean_v2,test,test/images/nozzle_extrusion_normal_1304.jpg,test/labels/nozzle_extrusion_normal_1304.txt,155238,38,34a9766dd23687e3207ef9a8995e1efc06639d6a45c8e19ba946535c677e22e6,a48fa3036baf16ec25cd4e93551f2c6e8b34ef4ba7279191a269ef3c6cb13f33,1,1
dataset_2_binary_clean_v2,test,test/images/nozzle_extrusion_normal_1310.jpg,test/labels/nozzle_extrusion_normal_1310.txt,123114,38,028b01773d8efc7221ac35b07a8d64df8d628a9465abf7716ea94d4e4ce9bd62,a48fa3036baf16ec25cd4e93551f2c6e8b34ef4ba7279191a269ef3c6cb13f33,1,1
dataset_2_binary_clean_v2,test,test/images/nozzle_extrusion_normal_1314.jpg,test/labels/nozzle_extrusion_normal_1314.txt,115527,38,f153a34eb9c2e910521f2ff4fb73470e4cba593802240afd0311e01fa6b81463,a48fa3036baf16ec25cd4e93551f2c6e8b34ef4ba7279191a269ef3c6cb13f33,1,1
dataset_2_binary_clean_v2,test,test/images/nozzle_extrusion_normal_1328.jpg,test/labels/nozzle_extrusion_normal_1328.txt,133699,38,ed46376bc14b577851ba75b52ac06304f70e9955c2500c5bec4003f93463ff42,a48fa3036baf16ec25cd4e93551f2c6e8b34ef4ba7279191a269ef3c6cb13f33,1,1
dataset_2_binary_clean_v2,test,test/images/nozzle_extrusion_normal_1332.jpg,test/labels/nozzle_extrusion_normal_1332.txt,107064,38,3d375e2291ed44100c9e2c961aeb4e56acd73a1ded1049f509f189230a45c035,a48fa3036baf16ec25cd4e93551f2c6e8b34ef4ba7279191a269ef3c6cb13f33,1,1
dataset_2_binary_clean_v2,test,test/images/nozzle_extrusion_normal_1333.jpg,test/labels/nozzle_extrusion_normal_1333.txt,125006,38,1575bba35a40d9d520af61c98c16b42987282e7f22f3044d2d4b47d3f48e3e63,a48fa3036baf16ec25cd4e93551f2c6e8b34ef4ba7279191a269ef3c6cb13f33,1,1
dataset_2_binary_clean_v2,test,test/images/nozzle_extrusion_normal_1345.jpg,test/labels/nozzle_extrusion_normal_1345.txt,133589,38,7bc12dde84d666def70376d5b158bbb12e25bf44b13be77b60490d2817e6cff7,a48fa3036baf16ec25cd4e93551f2c6e8b34ef4ba7279191a269ef3c6cb13f33,1,1
dataset_2_binary_clean_v2,test,test/images/nozzle_extrusion_normal_1346.jpg,test/labels/nozzle_extrusion_normal_1346.txt,126755,38,ddb54ee089172337cfa9fd8916e6d0fb7e865a08424dd07290f3585db27fc892,a48fa3036baf16ec25cd4e93551f2c6e8b34ef4ba7279191a269ef3c6cb13f33,1,1
dataset_2_binary_clean_v2,test,test/images/nozzle_extrusion_normal_1350.jpg,test/labels/nozzle_extrusion_normal_1350.txt,128406,38,71c15586f6b3be59b526093809c745c787a6110b6530a5eadc720db4d62b1f77,a48fa3036baf16ec25cd4e93551f2c6e8b34ef4ba7279191a269ef3c6cb13f33,1,1
dataset_2_binary_clean_v2,test,test/images/nozzle_extrusion_normal_1353.jpg,test/labels/nozzle_extrusion_normal_1353.txt,119918,38,16ec0eed8ef10616ee67198c63e22c0c3bae8fa6399584785015d55dba0c5126,a48fa3036baf16ec25cd4e93551f2c6e8b34ef4ba7279191a269ef3c6cb13f33,1,1
dataset_2_binary_clean_v2,test,test/images/nozzle_extrusion_normal_1355.jpg,test/labels/nozzle_extrusion_normal_1355.txt,135514,38,145b8fb8a39dadae8d6b7071d2b893aec3db8ab2c0bf6dd81cff582a8e81ea1f,a48fa3036baf16ec25cd4e93551f2c6e8b34ef4ba7279191a269ef3c6cb13f33,1,1
dataset_2_binary_clean_v2,test,test/images/nozzle_extrusion_normal_1356.jpg,test/labels/nozzle_extrusion_normal_1356.txt,140192,38,21ae86f1181f27a3483331f35a002c4b45409e1f8671d97ae12d54b3d2fdacbb,a48fa3036baf16ec25cd4e93551f2c6e8b34ef4ba7279191a269ef3c6cb13f33,1,1
dataset_2_binary_clean_v2,test,test/images/nozzle_extrusion_normal_1357.jpg,test/labels/nozzle_extrusion_normal_1357.txt,152128,38,bdc0bfe2f642491aa7c6389c99f2f2cd3ff5c1d61b3ca68d29dec9ac9db90cd8,a48fa3036baf16ec25cd4e93551f2c6e8b34ef4ba7279191a269ef3c6cb13f33,1,1
dataset_2_binary_clean_v2,test,test/images/nozzle_extrusion_normal_1358.jpg,test/labels/nozzle_extrusion_normal_1358.txt,145106,38,29fa8e2aa0dddf5bfbf46bf5c3d779dc4f0ea87b5e65bf2663901f559629f82d,a48fa3036baf16ec25cd4e93551f2c6e8b34ef4ba7279191a269ef3c6cb13f33,1,1
dataset_2_binary_clean_v2,test,test/images/nozzle_extrusion_normal_1360.jpg,test/labels/nozzle_extrusion_normal_1360.txt,100269,38,3a1087b0c48c56da0ced05daf3b3a7cf621b5a2fc284d4a5d075a85036ac63ca,a48fa3036baf16ec25cd4e93551f2c6e8b34ef4ba7279191a269ef3c6cb13f33,1,1
dataset_2_binary_clean_v2,test,test/images/nozzle_extrusion_normal_1361.jpg,test/labels/nozzle_extrusion_normal_1361.txt,124659,38,f2a5a5de2cb85ceb6ff8fc509e305d067152208d28700b80bbc8c9dc5dcec0a4,a48fa3036baf16ec25cd4e93551f2c6e8b34ef4ba7279191a269ef3c6cb13f33,1,1
dataset_2_binary_clean_v2,test,test/images/nozzle_extrusion_normal_1365.jpg,test/labels/nozzle_extrusion_normal_1365.txt,115023,38,02fc34f43575ce3d45537d72eaceab9dc128f6141977fd4ecf9c289dd3ad8014,a48fa3036baf16ec25cd4e93551f2c6e8b34ef4ba7279191a269ef3c6cb13f33,1,1
dataset_2_binary_clean_v2,test,test/images/nozzle_extrusion_normal_1387.jpg,test/labels/nozzle_extrusion_normal_1387.txt,140214,38,a35da757f836c54e7c12885981e2c0eceb36da259d47e393fb2df0e4f30ec9a0,a48fa3036baf16ec25cd4e93551f2c6e8b34ef4ba7279191a269ef3c6cb13f33,1,1
dataset_2_binary_clean_v2,test,test/images/nozzle_extrusion_normal_1391.jpg,test/labels/nozzle_extrusion_normal_1391.txt,115889,38,dfc2f353ca8d34a1b197492f4c79d1c2d14cfab32dcf8da3c72b89ae56f28e87,a48fa3036baf16ec25cd4e93551f2c6e8b34ef4ba7279191a269ef3c6cb13f33,1,1
dataset_2_binary_clean_v2,test,test/images/nozzle_extrusion_normal_1403.jpg,test/labels/nozzle_extrusion_normal_1403.txt,129290,38,4d2db44b4170349562f20affc2c09bd48baa3c6c27c7179b6df8bfdd1013508c,a48fa3036baf16ec25cd4e93551f2c6e8b34ef4ba7279191a269ef3c6cb13f33,1,1
dataset_2_binary_clean_v2,test,test/images/nozzle_extrusion_normal_1413.jpg,test/labels/nozzle_extrusion_normal_1413.txt,129851,38,db91478fbee18540be55bf089688f493f16bb0d6a243dca19609d31e8014d1ff,a48fa3036baf16ec25cd4e93551f2c6e8b34ef4ba7279191a269ef3c6cb13f33,1,1
dataset_2_binary_clean_v2,test,test/images/nozzle_extrusion_normal_1414.jpg,test/labels/nozzle_extrusion_normal_1414.txt,125048,38,dd6c4128016ae79228210eeddf74a6bc7c560f152536e0fcbdf85af3c11a409f,a48fa3036baf16ec25cd4e93551f2c6e8b34ef4ba7279191a269ef3c6cb13f33,1,1
dataset_2_binary_clean_v2,test,test/images/nozzle_extrusion_normal_1419.jpg,test/labels/nozzle_extrusion_normal_1419.txt,134468,38,ac6af4f457771fe64644ee33f4832b48750865a9cd3eb5bf323da01696b45b67,a48fa3036baf16ec25cd4e93551f2c6e8b34ef4ba7279191a269ef3c6cb13f33,1,1
dataset_2_binary_clean_v2,test,test/images/nozzle_extrusion_normal_1429.jpg,test/labels/nozzle_extrusion_normal_1429.txt,146774,38,6ae0df6973ca1a266b3f75cf832b90bcd54bbcd2e6f6a426b74e24a3cd7c8d6d,a48fa3036baf16ec25cd4e93551f2c6e8b34ef4ba7279191a269ef3c6cb13f33,1,1
dataset_2_binary_clean_v2,test,test/images/nozzle_extrusion_normal_1449.jpg,test/labels/nozzle_extrusion_normal_1449.txt,102899,38,b23ce04c58fca8adde56287fd1872cd9276c2fc4f35261e0a179729cdedaa1b3,a48fa3036baf16ec25cd4e93551f2c6e8b34ef4ba7279191a269ef3c6cb13f33,1,1
dataset_2_binary_clean_v2,test,test/images/nozzle_extrusion_normal_1461.jpg,test/labels/nozzle_extrusion_normal_1461.txt,142580,38,f2a7df230aec78a5b0846e4e39e8dd99fe99ca7faad536cea6540b3ab7e0f174,a48fa3036baf16ec25cd4e93551f2c6e8b34ef4ba7279191a269ef3c6cb13f33,1,1
dataset_2_binary_clean_v2,test,test/images/nozzle_extrusion_normal_1480.jpg,test/labels/nozzle_extrusion_normal_1480.txt,145263,38,d6b305a62aa35c41713fe477af0d39357afdcaffa758431892e8712df37f2237,a48fa3036baf16ec25cd4e93551f2c6e8b34ef4ba7279191a269ef3c6cb13f33,1,1
dataset_2_binary_clean_v2,test,test/images/nozzle_extrusion_normal_1483.jpg,test/labels/nozzle_extrusion_normal_1483.txt,127433,38,eb2b2204d830e9c019656364de2375a37de7d567c8848ff65b5e3fe9caf11f84,a48fa3036baf16ec25cd4e93551f2c6e8b34ef4ba7279191a269ef3c6cb13f33,1,1
dataset_2_binary_clean_v2,test,test/images/nozzle_extrusion_normal_1501.jpg,test/labels/nozzle_extrusion_normal_1501.txt,135757,38,4a464e518c52765564551666f818c00b64ca92edbdbc678367d344627c21c8c6,a48fa3036baf16ec25cd4e93551f2c6e8b34ef4ba7279191a269ef3c6cb13f33,1,1
dataset_2_binary_clean_v2,test,test/images/nozzle_extrusion_normal_1505.jpg,test/labels/nozzle_extrusion_normal_1505.txt,132649,38,fe1526f3b5f68c8380979696377a152e7bcba1c6de1c81f93a1e75c9cb4d375f,a48fa3036baf16ec25cd4e93551f2c6e8b34ef4ba7279191a269ef3c6cb13f33,1,1
dataset_2_binary_clean_v2,test,test/images/nozzle_extrusion_normal_1509.jpg,test/labels/nozzle_extrusion_normal_1509.txt,139169,38,1c1bc6fd1456ba3f9d7300b8fb09c1af7fd68ce85e8f85d4fbf0682ffef38752,a48fa3036baf16ec25cd4e93551f2c6e8b34ef4ba7279191a269ef3c6cb13f33,1,1
dataset_2_binary_clean_v2,test,test/images/nozzle_extrusion_normal_1514.jpg,test/labels/nozzle_extrusion_normal_1514.txt,127267,38,d58784bda3ee09e83a0e17e02ad7ae06b0ddbd0666850a699389bad0f1f2e187,a48fa3036baf16ec25cd4e93551f2c6e8b34ef4ba7279191a269ef3c6cb13f33,1,1
dataset_2_binary_clean_v2,test,test/images/nozzle_extrusion_normal_1516.jpg,test/labels/nozzle_extrusion_normal_1516.txt,123351,38,6e52c778b98b92ff3a60d45e9956c325e9f42d41048e6200831dccb3599f8263,a48fa3036baf16ec25cd4e93551f2c6e8b34ef4ba7279191a269ef3c6cb13f33,1,1
dataset_2_binary_clean_v2,test,test/images/nozzle_heavy_contamination_0002.jpg,test/labels/nozzle_heavy_contamination_0002.txt,136533,38,64d73f6ceba5ba545bee55aba00b548d3c9efeec1bfa07820e5da2d250fbd383,883cdb0be5444e9ec4a35b7099f655b2e7b33b32c2334f585838fbcb1f168655,1,1
dataset_2_binary_clean_v2,test,test/images/nozzle_heavy_contamination_0007.jpg,test/labels/nozzle_heavy_contamination_0007.txt,141089,38,5a9c7e1a751503a700f474e77f5864123bd66fd97c70aa6c0b8bed5acdd7034b,7a9390530837ca2ccc5d85d5e2563fbfc18d3111e49b399826e857f012985433,1,1
dataset_2_binary_clean_v2,test,test/images/nozzle_heavy_contamination_0011.jpg,test/labels/nozzle_heavy_contamination_0011.txt,134768,38,8136ca06ede63ff8468885f5842bb659c6e8fd553c0531ed65b22af1b10d2a61,a002829dccbfcc457ec1b8eb800ae4622647609bdd905b7797e009151b8aabb6,1,0
dataset_2_binary_clean_v2,test,test/images/nozzle_heavy_contamination_0013.jpg,test/labels/nozzle_heavy_contamination_0013.txt,138008,38,cbcd1522f68a084c925ea947e0e830de2fd1c56b6af223b396dad18810ec891e,b3ef70a549252aa91d5a74fa6480e89ed805bae0964bd01329b91199812c9f79,1,1
dataset_2_binary_clean_v2,test,test/images/nozzle_heavy_contamination_0021.jpg,test/labels/nozzle_heavy_contamination_0021.txt,57728,38,9d59a70f2f8cd88225acb5d537b747f149094b486f6701edc58f2b0cf6235d8d,d19e250220bd9f33c17430457993665aedd1716e28909c5f05e66c52a051f6e4,1,1
dataset_2_binary_clean_v2,test,test/images/nozzle_no_extrusion_0039.jpg,test/labels/nozzle_no_extrusion_0039.txt,135873,38,80383ae707c498163c604c0016565d2361c95fba22125e2e22928b4f6929d81a,d98838bb6c5b0e2882dc0f824da0d22500e37cff26bb20287253549017b24459,1,1
dataset_2_binary_clean_v2,test,test/images/nozzle_no_extrusion_0040.jpg,test/labels/nozzle_no_extrusion_0040.txt,140179,38,6f9a92fcb385401dc73f8743877e304989f1c62c3338685bf3bd38654911499d,c1b496cf4c936816780ea8dfd107fe3df8ba65047d7ff33a70055f5415942ec4,1,1
dataset_2_binary_clean_v2,test,test/images/nozzle_no_extrusion_0059.jpg,test/labels/nozzle_no_extrusion_0059.txt,107387,38,d6de4fd6917d12a095915cf82ba7567d8b0fec48e09df14057189c9575978b43,d6291e43ae3f291ed75d2a4fbe9f06c990b11bd4211304e2de8b5197487c4d48,1,1
dataset_2_binary_clean_v2,test,test/images/nozzle_no_extrusion_0093.jpg,test/labels/nozzle_no_extrusion_0093.txt,118110,38,e51eeef16ad5815c8303d227c469ff324181e2c26db259afcdbfcd13200930e4,1c2fab56e61abf0f50f104aa002fe2fdc84b1f16e6473aaee11176b9926d8af3,1,1
dataset_2_binary_clean_v2,test,test/images/nozzle_no_extrusion_0095.jpg,test/labels/nozzle_no_extrusion_0095.txt,97845,38,933da0bae778012be6219115b839a4fbd69f0dd7641f03d00db19fccaa95b2de,a202ba4897da1c1ea391d4db250b20ae535ae6d8c7b69d00a91719bd1113be9b,1,1
dataset_2_binary_clean_v2,test,test/images/nozzle_no_extrusion_0111.jpg,test/labels/nozzle_no_extrusion_0111.txt,87418,38,74e95defe7ce741e3714a6d19bd0acab3004c624329ca9e2189d5a08771f5309,078975d51ef57c7910991bd3e189944c15916532c5effc7daad76b677026b1b1,1,1
dataset_2_binary_clean_v2,test,test/images/nozzle_no_extrusion_0113.jpg,test/labels/nozzle_no_extrusion_0113.txt,116677,38,e107031ba6e600302431d9aa44e0d441273479213327e16d50447a98760898be,078975d51ef57c7910991bd3e189944c15916532c5effc7daad76b677026b1b1,1,1
dataset_2_binary_clean_v2,test,test/images/nozzle_no_extrusion_0117.jpg,test/labels/nozzle_no_extrusion_0117.txt,154498,38,539bc8fa83b0ded40abb8ef233fe0a2af3e84b85b61d8f2d2251802a2ad95269,078975d51ef57c7910991bd3e189944c15916532c5effc7daad76b677026b1b1,1,1
dataset_2_binary_clean_v2,test,test/images/nozzle_no_extrusion_0118.jpg,test/labels/nozzle_no_extrusion_0118.txt,158458,38,2f48687af51b57188c526996496844d7079d121f79badfb3f7cdc2849260bef2,078975d51ef57c7910991bd3e189944c15916532c5effc7daad76b677026b1b1,1,1
dataset_2_binary_clean_v2,test,test/images/nozzle_no_extrusion_0119.jpg,test/labels/nozzle_no_extrusion_0119.txt,144773,38,b9204164f7335d5be8c18f2d4cf8a16fcc942a450b16062b2126420ef80354c0,078975d51ef57c7910991bd3e189944c15916532c5effc7daad76b677026b1b1,1,1
dataset_2_binary_clean_v2,test,test/images/nozzle_no_extrusion_0124.jpg,test/labels/nozzle_no_extrusion_0124.txt,149590,38,4cebc9ce492a1e0bca1ffd1076b72d8d1570c3483039eddb3c64c148b7697b88,078975d51ef57c7910991bd3e189944c15916532c5effc7daad76b677026b1b1,1,1
dataset_2_binary_clean_v2,test,test/images/nozzle_no_extrusion_0130.jpg,test/labels/nozzle_no_extrusion_0130.txt,140237,38,c1d6f4b718fb7b1c4f465b1dc36eb72064fda6cae6a4858c739a62b7d35bb6c6,078975d51ef57c7910991bd3e189944c15916532c5effc7daad76b677026b1b1,1,1
dataset_2_binary_clean_v2,test,test/images/nozzle_no_extrusion_0131.jpg,test/labels/nozzle_no_extrusion_0131.txt,118027,38,3b62707db0b5cf043ea97eccbc2cd2f8d7fcf90066d87e1919c8b702490cc068,078975d51ef57c7910991bd3e189944c15916532c5effc7daad76b677026b1b1,1,1
dataset_2_binary_clean_v2,test,test/images/nozzle_no_extrusion_0135.jpg,test/labels/nozzle_no_extrusion_0135.txt,131854,38,9f5a672cb01ce7183b5b2ffa3f1270c167802765a366768351df498eaa099073,078975d51ef57c7910991bd3e189944c15916532c5effc7daad76b677026b1b1,1,1
dataset_2_binary_clean_v2,test,test/images/nozzle_no_extrusion_0136.jpg,test/labels/nozzle_no_extrusion_0136.txt,156691,38,61e97e3fea69e67847bc23897f802bade350fde7293565b0dcdade978995fa5a,078975d51ef57c7910991bd3e189944c15916532c5effc7daad76b677026b1b1,1,1
dataset_2_binary_clean_v2,test,test/images/nozzle_no_extrusion_0139.jpg,test/labels/nozzle_no_extrusion_0139.txt,110475,38,e600b65f4df55ebb6ffa6ec520e1b280e5353059ce46858ecb32b23f447997e0,00815e80bd7f5f124143afee78d123ecc7a1caff370ef0a238f9f323b7ea6472,1,1
dataset_2_binary_clean_v2,test,test/images/nozzle_no_extrusion_0143.jpg,test/labels/nozzle_no_extrusion_0143.txt,132032,38,524be4a13a88cea01b96b914108a81fc2cfd231c325cbea40e7e026bd9e5745e,00815e80bd7f5f124143afee78d123ecc7a1caff370ef0a238f9f323b7ea6472,1,1
dataset_2_binary_clean_v2,test,test/images/nozzle_no_extrusion_0147.jpg,test/labels/nozzle_no_extrusion_0147.txt,158937,38,f9ac3be19b683a84dfc6bba88063a3a1ae68b3512ef16ca988bf8dd60f165449,00815e80bd7f5f124143afee78d123ecc7a1caff370ef0a238f9f323b7ea6472,1,1
dataset_2_binary_clean_v2,test,test/images/nozzle_no_extrusion_0403.jpg,test/labels/nozzle_no_extrusion_0403.txt,166065,38,3c3386b022f8f37fa8ac528977b026b8d2d937ecbd15b0f9267bb377022b2806,00815e80bd7f5f124143afee78d123ecc7a1caff370ef0a238f9f323b7ea6472,1,1
dataset_2_binary_clean_v2,test,test/images/nozzle_no_extrusion_0411.jpg,test/labels/nozzle_no_extrusion_0411.txt,170297,38,de6255f264c930ac264c7ee491cf47936b6bf7ddbe9271de1dbf01ad96d4300f,00815e80bd7f5f124143afee78d123ecc7a1caff370ef0a238f9f323b7ea6472,1,1
dataset_2_binary_clean_v2,test,test/images/nozzle_no_extrusion_0412.jpg,test/labels/nozzle_no_extrusion_0412.txt,164087,38,9310570f22aadcace801e9310141799bf9d800b88061daa4f4041d2f1ab58e05,00815e80bd7f5f124143afee78d123ecc7a1caff370ef0a238f9f323b7ea6472,1,1
dataset_2_binary_clean_v2,test,test/images/nozzle_no_extrusion_0417.jpg,test/labels/nozzle_no_extrusion_0417.txt,157200,38,2d808c6e6f41ff9ca626c8bbc8081b043b7521aee470cd35aec31ef7c465ce49,00815e80bd7f5f124143afee78d123ecc7a1caff370ef0a238f9f323b7ea6472,1,1
dataset_2_binary_clean_v2,test,test/images/nozzle_no_extrusion_0418.jpg,test/labels/nozzle_no_extrusion_0418.txt,161147,38,5945d464e53e63ca2173bcb8ed0c087d61f21e1a5d9691f31ae74bf098e62fc3,00815e80bd7f5f124143afee78d123ecc7a1caff370ef0a238f9f323b7ea6472,1,1
dataset_2_binary_clean_v2,test,test/images/nozzle_no_extrusion_0419.jpg,test/labels/nozzle_no_extrusion_0419.txt,158278,38,64ad92fb000ed1aa8580ed29c0c5b4013177667b2213044ac067c7f1db4b8e14,00815e80bd7f5f124143afee78d123ecc7a1caff370ef0a238f9f323b7ea6472,1,1
dataset_2_binary_clean_v2,test,test/images/nozzle_no_extrusion_0435.jpg,test/labels/nozzle_no_extrusion_0435.txt,165074,38,ac7b078537ab3e8c7ba8c04bf89caacad5414c02e4aadca649f22edb4a75b077,00815e80bd7f5f124143afee78d123ecc7a1caff370ef0a238f9f323b7ea6472,1,1
dataset_2_binary_clean_v2,test,test/images/nozzle_no_extrusion_0436.jpg,test/labels/nozzle_no_extrusion_0436.txt,163888,38,f03816ef443704e7d1c7583b696c084792be1699548115c7168afc3feb8a4b45,00815e80bd7f5f124143afee78d123ecc7a1caff370ef0a238f9f323b7ea6472,1,1
dataset_2_binary_clean_v2,test,test/images/nozzle_no_extrusion_0440.jpg,test/labels/nozzle_no_extrusion_0440.txt,160577,38,f55007de354cc79c1f82c39a2a7c817344c6be80e58c25b07af76490404d1b65,00815e80bd7f5f124143afee78d123ecc7a1caff370ef0a238f9f323b7ea6472,1,1
dataset_2_binary_clean_v2,test,test/images/nozzle_no_extrusion_0441.jpg,test/labels/nozzle_no_extrusion_0441.txt,168388,38,1bc6d3f5d1471533c1c5505d7127c0b9edf132e4c46f6ba9dfbf85527a83a99b,00815e80bd7f5f124143afee78d123ecc7a1caff370ef0a238f9f323b7ea6472,1,1
dataset_2_binary_clean_v2,test,test/images/nozzle_no_extrusion_0447.jpg,test/labels/nozzle_no_extrusion_0447.txt,161907,38,2c0841482094699f95bc32244c38d2cca51db915c22b7613ea256f36bc8bca3c,00815e80bd7f5f124143afee78d123ecc7a1caff370ef0a238f9f323b7ea6472,1,1
dataset_2_binary_clean_v2,test,test/images/nozzle_no_extrusion_0452.jpg,test/labels/nozzle_no_extrusion_0452.txt,155367,38,4c2cd6c4f79ee577bb50be2b226a380c9d8cece61ed61985b74fe50b284b6589,00815e80bd7f5f124143afee78d123ecc7a1caff370ef0a238f9f323b7ea6472,1,1
dataset_2_binary_clean_v2,test,test/images/nozzle_no_extrusion_0475.jpg,test/labels/nozzle_no_extrusion_0475.txt,160958,38,173abe965763af18a5b06a44f79e9f8f2e89cc3e4960cb0b5dd3891b712fca61,00815e80bd7f5f124143afee78d123ecc7a1caff370ef0a238f9f323b7ea6472,1,1
dataset_2_binary_clean_v2,test,test/images/nozzle_no_extrusion_0477.jpg,test/labels/nozzle_no_extrusion_0477.txt,161547,38,e1fdb76c3bf5ccc79be171437cabbfdc24fb676a79cd9b9e6d94632707a3b805,00815e80bd7f5f124143afee78d123ecc7a1caff370ef0a238f9f323b7ea6472,1,1
dataset_2_binary_clean_v2,test,test/images/nozzle_no_extrusion_0484.jpg,test/labels/nozzle_no_extrusion_0484.txt,168775,38,def814b23d656310a45b408b421558530a6a1bcb588b9165718a7b51fb026036,00815e80bd7f5f124143afee78d123ecc7a1caff370ef0a238f9f323b7ea6472,1,1
dataset_2_binary_clean_v2,test,test/images/nozzle_no_extrusion_0492.jpg,test/labels/nozzle_no_extrusion_0492.txt,164641,38,c615720ccf1f63fc5110b264107ab9f8aa49f7600259a5014fe6ee793b79da36,00815e80bd7f5f124143afee78d123ecc7a1caff370ef0a238f9f323b7ea6472,1,1
dataset_2_binary_clean_v2,test,test/images/nozzle_no_extrusion_0496.jpg,test/labels/nozzle_no_extrusion_0496.txt,167229,38,2f021d9ddf919c82471ea87a15286f00c61c950c0fcdee1ae424ef78d49bc344,00815e80bd7f5f124143afee78d123ecc7a1caff370ef0a238f9f323b7ea6472,1,1
dataset_2_binary_clean_v2,test,test/images/nozzle_no_extrusion_0498.jpg,test/labels/nozzle_no_extrusion_0498.txt,166522,38,02f15293d754a020b92b8a38cc0beee09787870f8172b5743f165500152d866f,00815e80bd7f5f124143afee78d123ecc7a1caff370ef0a238f9f323b7ea6472,1,1
dataset_2_binary_clean_v2,test,test/images/nozzle_no_extrusion_0499.jpg,test/labels/nozzle_no_extrusion_0499.txt,165479,38,2977799238b816026be0cf552cb190e11e66d1c5526fa4a9257a203f4d1546e4,00815e80bd7f5f124143afee78d123ecc7a1caff370ef0a238f9f323b7ea6472,1,1
dataset_2_binary_clean_v2,test,test/images/nozzle_no_extrusion_0501.jpg,test/labels/nozzle_no_extrusion_0501.txt,161393,38,68450c90778f51e1127548c62865506f60b2443e3cfcfc7129c5199f1fa8c3bb,00815e80bd7f5f124143afee78d123ecc7a1caff370ef0a238f9f323b7ea6472,1,1
dataset_2_binary_clean_v2,test,test/images/nozzle_no_extrusion_0502.jpg,test/labels/nozzle_no_extrusion_0502.txt,168015,38,5a4c9fa996e3ae1765dbb0558348e89850ae180ba01b0350c072f1f1020bac48,00815e80bd7f5f124143afee78d123ecc7a1caff370ef0a238f9f323b7ea6472,1,1
dataset_2_binary_clean_v2,test,test/images/nozzle_no_extrusion_0504.jpg,test/labels/nozzle_no_extrusion_0504.txt,166381,38,806975c3fb27379e995193602cda963158bcb62f97f965d046f6a3615589ebc4,00815e80bd7f5f124143afee78d123ecc7a1caff370ef0a238f9f323b7ea6472,1,1
dataset_2_binary_clean_v2,test,test/images/nozzle_no_extrusion_0505.jpg,test/labels/nozzle_no_extrusion_0505.txt,172077,38,48d0b9b8220fb30e065bba175a31445cf01a5ce6050411db8ef7126894f270b8,00815e80bd7f5f124143afee78d123ecc7a1caff370ef0a238f9f323b7ea6472,1,1
dataset_2_binary_clean_v2,test,test/images/nozzle_no_extrusion_0510.jpg,test/labels/nozzle_no_extrusion_0510.txt,168006,38,c4f1f24d958a44ead7b55d2ff791a32ff532d7aef343125e1713154acd7c2910,00815e80bd7f5f124143afee78d123ecc7a1caff370ef0a238f9f323b7ea6472,1,1
dataset_2_binary_clean_v2,test,test/images/nozzle_no_extrusion_0513.jpg,test/labels/nozzle_no_extrusion_0513.txt,160534,38,e1f84558ff838a9232e92b2574c78f2e184fce00ff4936194ed0ebc1fa11c3d4,00815e80bd7f5f124143afee78d123ecc7a1caff370ef0a238f9f323b7ea6472,1,1
dataset_2_binary_clean_v2,test,test/images/nozzle_no_extrusion_0520.jpg,test/labels/nozzle_no_extrusion_0520.txt,165672,38,731842abec2930a26c25bb6823e9a17335c5aad8ca66b884cfd1ee9997006ae0,00815e80bd7f5f124143afee78d123ecc7a1caff370ef0a238f9f323b7ea6472,1,1
dataset_2_binary_clean_v2,test,test/images/nozzle_no_extrusion_0523.jpg,test/labels/nozzle_no_extrusion_0523.txt,158411,38,e60f5cf7202f7e0e08c924f7396490fde8a7b986ce2d7139c510575b9ef1930a,00815e80bd7f5f124143afee78d123ecc7a1caff370ef0a238f9f323b7ea6472,1,1
dataset_2_binary_clean_v2,test,test/images/nozzle_no_extrusion_0524.jpg,test/labels/nozzle_no_extrusion_0524.txt,168750,38,f1d936996a22c0dd9f7a7f7d879389dca5caee99f5ae44a2db8d35e6f9e5848f,00815e80bd7f5f124143afee78d123ecc7a1caff370ef0a238f9f323b7ea6472,1,1
dataset_2_binary_clean_v2,test,test/images/nozzle_no_extrusion_0528.jpg,test/labels/nozzle_no_extrusion_0528.txt,163962,38,3123303f9b9c7cb406bbb358201035a3b476649193a1fae578da8c0300218ecf,00815e80bd7f5f124143afee78d123ecc7a1caff370ef0a238f9f323b7ea6472,1,1
dataset_2_binary_clean_v2,test,test/images/nozzle_no_extrusion_0534.jpg,test/labels/nozzle_no_extrusion_0534.txt,159245,38,98d4af5a108230a8b50e920650f6f57f7845a88389895563fab23b2e1678a69f,00815e80bd7f5f124143afee78d123ecc7a1caff370ef0a238f9f323b7ea6472,1,1
dataset_2_binary_clean_v2,test,test/images/nozzle_no_extrusion_0539.jpg,test/labels/nozzle_no_extrusion_0539.txt,144092,38,9471802bb3882a34bc8bf2265816d85b5f8dfdfd2fc9e232fc79714d514cccf7,00815e80bd7f5f124143afee78d123ecc7a1caff370ef0a238f9f323b7ea6472,1,1
dataset_2_binary_clean_v2,test,test/images/nozzle_no_extrusion_0541.jpg,test/labels/nozzle_no_extrusion_0541.txt,162964,38,e809c52c8eb7d916fa6636fafc904f79e6b6836f95e8136872805f928b7d721d,00815e80bd7f5f124143afee78d123ecc7a1caff370ef0a238f9f323b7ea6472,1,1
dataset_2_binary_clean_v2,test,test/images/nozzle_no_extrusion_0545.jpg,test/labels/nozzle_no_extrusion_0545.txt,162584,38,f31e136bd099445a3b2c797a554c662ba57bb6fec087d059ed30ab312d8d6872,00815e80bd7f5f124143afee78d123ecc7a1caff370ef0a238f9f323b7ea6472,1,1
dataset_2_binary_clean_v2,test,test/images/nozzle_no_extrusion_0547.jpg,test/labels/nozzle_no_extrusion_0547.txt,163802,38,170e6a17f4f908ee27aece032c04314237295726ff1507a157da9da45cbb9285,00815e80bd7f5f124143afee78d123ecc7a1caff370ef0a238f9f323b7ea6472,1,1
dataset_2_binary_clean_v2,test,test/images/nozzle_no_extrusion_0560.jpg,test/labels/nozzle_no_extrusion_0560.txt,160125,38,4e6c9db100d279e09f1d6e0266cc47dd59c6f23609181b36fbd7d584913c4ca2,00815e80bd7f5f124143afee78d123ecc7a1caff370ef0a238f9f323b7ea6472,1,1
dataset_2_binary_clean_v2,test,test/images/nozzle_no_extrusion_0561.jpg,test/labels/nozzle_no_extrusion_0561.txt,167182,38,f0d89c7d411129172fe9b2737dfc87b0ce84df381f92f9d703e812fc1795f85c,00815e80bd7f5f124143afee78d123ecc7a1caff370ef0a238f9f323b7ea6472,1,1
dataset_2_binary_clean_v2,test,test/images/nozzle_no_extrusion_0564.jpg,test/labels/nozzle_no_extrusion_0564.txt,161196,38,23a4786294c6c622a1c7bd0af7d6d2711370b582618e2f97b091ad4a68cb0b3e,00815e80bd7f5f124143afee78d123ecc7a1caff370ef0a238f9f323b7ea6472,1,1
dataset_2_binary_clean_v2,test,test/images/nozzle_no_extrusion_0567.jpg,test/labels/nozzle_no_extrusion_0567.txt,164451,38,24c949e93b1e6034bcd87bcf06de64aaa1e129952885d928dd14a709b4c17d03,00815e80bd7f5f124143afee78d123ecc7a1caff370ef0a238f9f323b7ea6472,1,1
dataset_2_binary_clean_v2,test,test/images/nozzle_no_extrusion_0569.jpg,test/labels/nozzle_no_extrusion_0569.txt,132690,38,d912b314226fb50d2672f5ac19526f49006020f000a1269786cc2f6081764eb1,00815e80bd7f5f124143afee78d123ecc7a1caff370ef0a238f9f323b7ea6472,1,1
dataset_2_binary_clean_v2,test,test/images/nozzle_no_extrusion_0570.jpg,test/labels/nozzle_no_extrusion_0570.txt,164441,38,0c943c29d758d9479257836899a3c8bad9f928b428609ba13cd4cd46153b6681,00815e80bd7f5f124143afee78d123ecc7a1caff370ef0a238f9f323b7ea6472,1,1
dataset_2_binary_clean_v2,test,test/images/nozzle_no_extrusion_0571.jpg,test/labels/nozzle_no_extrusion_0571.txt,167525,38,32d2c46bd8c971bc6afbfe7c8840bb0eb37c81318c3518f767903695b70bb801,00815e80bd7f5f124143afee78d123ecc7a1caff370ef0a238f9f323b7ea6472,1,1
dataset_2_binary_clean_v2,test,test/images/nozzle_no_extrusion_0572.jpg,test/labels/nozzle_no_extrusion_0572.txt,161193,38,9a8e2c24d2dd7470ec7380d4221d3983f49bf34e57fbd0bdedc56c4a50bf0a7a,00815e80bd7f5f124143afee78d123ecc7a1caff370ef0a238f9f323b7ea6472,1,1
dataset_2_binary_clean_v2,test,test/images/nozzle_no_extrusion_0577.jpg,test/labels/nozzle_no_extrusion_0577.txt,162978,38,b30a6c4ecfde151bfed5341fcb3c1074516574ec21dda52ae45cac6354b5fea8,00815e80bd7f5f124143afee78d123ecc7a1caff370ef0a238f9f323b7ea6472,1,1
dataset_2_binary_clean_v2,test,test/images/nozzle_no_extrusion_0578.jpg,test/labels/nozzle_no_extrusion_0578.txt,165038,38,555afd3c0cf4c45ebaf8f222f9ef225671761fa597c63c6f9b78ce8e79763887,00815e80bd7f5f124143afee78d123ecc7a1caff370ef0a238f9f323b7ea6472,1,1
dataset_2_binary_clean_v2,test,test/images/nozzle_no_extrusion_0580.jpg,test/labels/nozzle_no_extrusion_0580.txt,170181,38,b65b49a18eb8f0036e2b330d25bdcc35784f1ad545e90ce90755a0239d1fe9e9,00815e80bd7f5f124143afee78d123ecc7a1caff370ef0a238f9f323b7ea6472,1,1
dataset_2_binary_clean_v2,test,test/images/nozzle_no_extrusion_0581.jpg,test/labels/nozzle_no_extrusion_0581.txt,161483,38,63403c23c1dc8a0a20346b44bfe22925fc7c99785bd3c7e4f78c9fbff3f7eea6,00815e80bd7f5f124143afee78d123ecc7a1caff370ef0a238f9f323b7ea6472,1,1
dataset_2_binary_clean_v2,test,test/images/nozzle_no_extrusion_0582.jpg,test/labels/nozzle_no_extrusion_0582.txt,163762,38,e7fcb535b0d8e8c819e5f5826a2e5d68e996959e33b6d6cdfa04ef1263f6f189,00815e80bd7f5f124143afee78d123ecc7a1caff370ef0a238f9f323b7ea6472,1,1
dataset_2_binary_clean_v2,test,test/images/nozzle_no_extrusion_0583.jpg,test/labels/nozzle_no_extrusion_0583.txt,162573,38,550b45a0efa94ee9938f3c1703f5501efc06c55190206ed85d2d0796532edaa4,00815e80bd7f5f124143afee78d123ecc7a1caff370ef0a238f9f323b7ea6472,1,1
dataset_2_binary_clean_v2,test,test/images/nozzle_no_extrusion_0588.jpg,test/labels/nozzle_no_extrusion_0588.txt,162288,38,43cc2b5e8cb9757bea0a8cc27ea68d69aa8a3c7c9e6b66671eb74770f7cf2bbf,00815e80bd7f5f124143afee78d123ecc7a1caff370ef0a238f9f323b7ea6472,1,1
dataset_2_binary_clean_v2,test,test/images/nozzle_no_extrusion_0590.jpg,test/labels/nozzle_no_extrusion_0590.txt,163429,38,670c02bc13ceea15d0cdb2abb6972f006c47b84aaaa1c3d59cfd50b23be283e1,00815e80bd7f5f124143afee78d123ecc7a1caff370ef0a238f9f323b7ea6472,1,1
dataset_2_binary_clean_v2,test,test/images/nozzle_no_extrusion_0596.jpg,test/labels/nozzle_no_extrusion_0596.txt,162204,38,85dce4563c69bf6ace0754437b096aff2a66876c49f86a09efcd4c9fbd938ab0,00815e80bd7f5f124143afee78d123ecc7a1caff370ef0a238f9f323b7ea6472,1,1
dataset_2_binary_clean_v2,test,test/images/nozzle_no_extrusion_0602.jpg,test/labels/nozzle_no_extrusion_0602.txt,134479,38,c294032ce301ee838cc8940d647157ad88b2df93bf44af34597a0043c181120e,00815e80bd7f5f124143afee78d123ecc7a1caff370ef0a238f9f323b7ea6472,1,1
dataset_2_binary_clean_v2,test,test/images/nozzle_no_extrusion_0616.jpg,test/labels/nozzle_no_extrusion_0616.txt,165326,38,602741559e2ca8d412c8b36f0e49d7d264742bde104b731e60f13e975a72afe6,00815e80bd7f5f124143afee78d123ecc7a1caff370ef0a238f9f323b7ea6472,1,1
dataset_2_binary_clean_v2,test,test/images/nozzle_no_extrusion_0626.jpg,test/labels/nozzle_no_extrusion_0626.txt,163608,38,172cc3226c597b3c229c7e54e98c68f4ef025245d66f703db56c76b403e84505,00815e80bd7f5f124143afee78d123ecc7a1caff370ef0a238f9f323b7ea6472,1,1
dataset_2_binary_clean_v2,test,test/images/nozzle_no_extrusion_0629.jpg,test/labels/nozzle_no_extrusion_0629.txt,162834,38,ea2908994ed58d30323b54461a235d2c22a58012b55fa520013b33fb8d959913,00815e80bd7f5f124143afee78d123ecc7a1caff370ef0a238f9f323b7ea6472,1,1
dataset_2_binary_clean_v2,test,test/images/nozzle_no_extrusion_0631.jpg,test/labels/nozzle_no_extrusion_0631.txt,159204,38,73668035adf419c1269c033f050d523ed885425101ffaee2c0d0dde61fdbec41,00815e80bd7f5f124143afee78d123ecc7a1caff370ef0a238f9f323b7ea6472,1,1
dataset_2_binary_clean_v2,test,test/images/nozzle_no_extrusion_0634.jpg,test/labels/nozzle_no_extrusion_0634.txt,166930,38,5b1aa4287e48b8da6bac60faa99d578c66dd77ac933776c13ec14c9e6dbcc3e7,00815e80bd7f5f124143afee78d123ecc7a1caff370ef0a238f9f323b7ea6472,1,1
dataset_2_binary_clean_v2,test,test/images/nozzle_no_extrusion_0637.jpg,test/labels/nozzle_no_extrusion_0637.txt,168988,38,a51dbdc0de5b9449dd837882e2612aadab68c0300d8abf9d9177904f81f25d03,00815e80bd7f5f124143afee78d123ecc7a1caff370ef0a238f9f323b7ea6472,1,1
dataset_2_binary_clean_v2,test,test/images/nozzle_no_extrusion_0638.jpg,test/labels/nozzle_no_extrusion_0638.txt,163485,38,7a71fe1a2c4c5960851491d5326cfcdd6436600b023c07cc047f340f41107fe1,00815e80bd7f5f124143afee78d123ecc7a1caff370ef0a238f9f323b7ea6472,1,1
dataset_2_binary_clean_v2,test,test/images/nozzle_no_extrusion_0640.jpg,test/labels/nozzle_no_extrusion_0640.txt,134190,38,0cae1126a044e25521cb4b499106066b526d9964a0f4a2b6226e9b30c1c6806f,00815e80bd7f5f124143afee78d123ecc7a1caff370ef0a238f9f323b7ea6472,1,1
dataset_2_binary_clean_v2,test,test/images/nozzle_no_extrusion_0645.jpg,test/labels/nozzle_no_extrusion_0645.txt,163922,38,4d94a277475ff5cf66f68447e30fbf1842e0493b821e63bad2d7f12dfc0fbb07,00815e80bd7f5f124143afee78d123ecc7a1caff370ef0a238f9f323b7ea6472,1,1
dataset_2_binary_clean_v2,test,test/images/nozzle_no_extrusion_0648.jpg,test/labels/nozzle_no_extrusion_0648.txt,168789,38,b42a4ae8017bb266a6ee0363ec6b3dd4ca9ae2965b626ddb55b1e55f26a0a2b4,00815e80bd7f5f124143afee78d123ecc7a1caff370ef0a238f9f323b7ea6472,1,1
dataset_2_binary_clean_v2,test,test/images/nozzle_no_extrusion_0649.jpg,test/labels/nozzle_no_extrusion_0649.txt,166010,38,5677e0c6f96764cfdaf0f3611098fa6aeeb9106d37cfb61a278639dcf8558a4f,00815e80bd7f5f124143afee78d123ecc7a1caff370ef0a238f9f323b7ea6472,1,1
dataset_2_binary_clean_v2,test,test/images/nozzle_no_extrusion_0651.jpg,test/labels/nozzle_no_extrusion_0651.txt,162293,38,423192817667f7a3fea84fe33719676888365a76fb2ffe6e0f71ce8e34c11481,00815e80bd7f5f124143afee78d123ecc7a1caff370ef0a238f9f323b7ea6472,1,1
dataset_2_binary_clean_v2,test,test/images/nozzle_no_extrusion_0652.jpg,test/labels/nozzle_no_extrusion_0652.txt,160529,38,1acf9fa3d2083e00dec2ad9c262e5900c5f8833659fb7d9d33d2eb0a0064042a,00815e80bd7f5f124143afee78d123ecc7a1caff370ef0a238f9f323b7ea6472,1,1
dataset_2_binary_clean_v2,test,test/images/nozzle_no_extrusion_0655.jpg,test/labels/nozzle_no_extrusion_0655.txt,139559,38,70f5361bf81bea175551a502ce4a286e282342e84354d0ab0e26b25ef9a9c160,00815e80bd7f5f124143afee78d123ecc7a1caff370ef0a238f9f323b7ea6472,1,1
dataset_2_binary_clean_v2,test,test/images/nozzle_no_extrusion_0656.jpg,test/labels/nozzle_no_extrusion_0656.txt,167273,38,4f1ebd78d54a221435d964cb91976b3cd2602cc5c5ae2dc5eeaaf2e0520bf4fb,00815e80bd7f5f124143afee78d123ecc7a1caff370ef0a238f9f323b7ea6472,1,1
dataset_2_binary_clean_v2,test,test/images/nozzle_no_extrusion_0662.jpg,test/labels/nozzle_no_extrusion_0662.txt,163469,38,ddbc609a500a7de05ef8ebc039d5d305c85e9707693dca388fbf887a9cf1b34d,00815e80bd7f5f124143afee78d123ecc7a1caff370ef0a238f9f323b7ea6472,1,1
dataset_2_binary_clean_v2,test,test/images/nozzle_no_extrusion_0664.jpg,test/labels/nozzle_no_extrusion_0664.txt,161497,38,5d965b9d2dce420f9387df2c59a1a83f3bfb1d3beb0ca4f18cb5eb1cb19cfe8d,00815e80bd7f5f124143afee78d123ecc7a1caff370ef0a238f9f323b7ea6472,1,1
dataset_2_binary_clean_v2,test,test/images/nozzle_no_extrusion_0671.jpg,test/labels/nozzle_no_extrusion_0671.txt,169116,38,f76fd736eafc9894bc4e3c2bcf7a9a3f59751ddcee8acdb36a572d146e3cff68,00815e80bd7f5f124143afee78d123ecc7a1caff370ef0a238f9f323b7ea6472,1,1
dataset_2_binary_clean_v2,test,test/images/nozzle_no_extrusion_0672.jpg,test/labels/nozzle_no_extrusion_0672.txt,168229,38,f7147ff4a1644e7cd23aa2439aa1319eccdef27d661685a8523d11d834593f21,00815e80bd7f5f124143afee78d123ecc7a1caff370ef0a238f9f323b7ea6472,1,1
dataset_2_binary_clean_v2,test,test/images/nozzle_no_extrusion_0673.jpg,test/labels/nozzle_no_extrusion_0673.txt,166282,38,e78da49c12c687e5afa8ba315f52ed2ab3116cf5563f411785e17df68cf9b4c0,00815e80bd7f5f124143afee78d123ecc7a1caff370ef0a238f9f323b7ea6472,1,1
dataset_2_binary_clean_v2,test,test/images/nozzle_no_extrusion_0675.jpg,test/labels/nozzle_no_extrusion_0675.txt,163180,38,b2d775b8610dcea7efb6ee113bc3bb955158e15c718d7ba422941faae7671125,00815e80bd7f5f124143afee78d123ecc7a1caff370ef0a238f9f323b7ea6472,1,1
dataset_2_binary_clean_v2,test,test/images/nozzle_no_extrusion_0676.jpg,test/labels/nozzle_no_extrusion_0676.txt,167455,38,e87ffb8d54a5f89428d46c89c173f5dc14e56218667a3c42e8068050f472b15e,00815e80bd7f5f124143afee78d123ecc7a1caff370ef0a238f9f323b7ea6472,1,1
dataset_2_binary_clean_v2,test,test/images/nozzle_no_extrusion_0677.jpg,test/labels/nozzle_no_extrusion_0677.txt,162478,38,a7a96548eaf2e0c979b00792d1563ee6708554aa60f4f9889e270f56356da7a7,00815e80bd7f5f124143afee78d123ecc7a1caff370ef0a238f9f323b7ea6472,1,1
dataset_2_binary_clean_v2,test,test/images/nozzle_no_extrusion_0685.jpg,test/labels/nozzle_no_extrusion_0685.txt,161995,38,8433b76b2fcdfc1636076cbacfa173fcc748250b63fd128f9f2a13284c1935a1,00815e80bd7f5f124143afee78d123ecc7a1caff370ef0a238f9f323b7ea6472,1,1
dataset_2_binary_clean_v2,test,test/images/nozzle_no_extrusion_0692.jpg,test/labels/nozzle_no_extrusion_0692.txt,141758,38,89673fb3609e6fe1cf9cb11874b5b43fcd250b1028db05acd18c24e392a0b0a9,00815e80bd7f5f124143afee78d123ecc7a1caff370ef0a238f9f323b7ea6472,1,1
dataset_2_binary_clean_v2,test,test/images/nozzle_no_extrusion_0695.jpg,test/labels/nozzle_no_extrusion_0695.txt,166569,38,2f64d295d7b3d940a9b4e14185bb5f053cec5600bd6ff0f845b32c1d51ac408b,00815e80bd7f5f124143afee78d123ecc7a1caff370ef0a238f9f323b7ea6472,1,1
dataset_2_binary_clean_v2,test,test/images/nozzle_no_extrusion_0704.jpg,test/labels/nozzle_no_extrusion_0704.txt,169034,38,331b5174b3eeeaa3560e0702d1dbb02e905029038be7e8bd13e4e8ef6eaec380,00815e80bd7f5f124143afee78d123ecc7a1caff370ef0a238f9f323b7ea6472,1,1
dataset_2_binary_clean_v2,test,test/images/nozzle_no_extrusion_0713.jpg,test/labels/nozzle_no_extrusion_0713.txt,174128,38,4a972e6b95c8adec6a35a91a32c34aadf660a3f092c8688247e961d62005cc05,00815e80bd7f5f124143afee78d123ecc7a1caff370ef0a238f9f323b7ea6472,1,1
dataset_2_binary_clean_v2,test,test/images/nozzle_no_extrusion_0717.jpg,test/labels/nozzle_no_extrusion_0717.txt,161063,38,6dd2660b2d29193d14bcba77a7449331f3db48fa3b1bf63ddc178ddab76608af,00815e80bd7f5f124143afee78d123ecc7a1caff370ef0a238f9f323b7ea6472,1,1
dataset_2_binary_clean_v2,test,test/images/nozzle_no_extrusion_0721.jpg,test/labels/nozzle_no_extrusion_0721.txt,161582,38,6ebf5c42376ce8cb10d586012d24fc73242a2ee3386ff4b43da7d6df81a61de3,00815e80bd7f5f124143afee78d123ecc7a1caff370ef0a238f9f323b7ea6472,1,1
dataset_2_binary_clean_v2,test,test/images/nozzle_no_extrusion_0725.jpg,test/labels/nozzle_no_extrusion_0725.txt,162112,38,bfd863ff65cf4a5cbf845328d2e04d87a6b0a933213a57661c43e271053f410d,00815e80bd7f5f124143afee78d123ecc7a1caff370ef0a238f9f323b7ea6472,1,1
dataset_2_binary_clean_v2,test,test/images/nozzle_no_extrusion_0727.jpg,test/labels/nozzle_no_extrusion_0727.txt,160705,38,3441b4f9b2c9de6ac7ac450b7fdea1c440a7c5cf67cd77c451a18db57fa835d3,00815e80bd7f5f124143afee78d123ecc7a1caff370ef0a238f9f323b7ea6472,1,1
dataset_2_binary_clean_v2,test,test/images/nozzle_no_extrusion_0730.jpg,test/labels/nozzle_no_extrusion_0730.txt,165841,38,9948d5025187772870ebab2464c5bcb55cd4e2c3674c64e12c3b19c42b86490f,00815e80bd7f5f124143afee78d123ecc7a1caff370ef0a238f9f323b7ea6472,1,1
dataset_2_binary_clean_v2,test,test/images/nozzle_no_extrusion_0732.jpg,test/labels/nozzle_no_extrusion_0732.txt,163455,38,3938919d96e6c3cb281b5c130674c862e9731ad8de9a8e843d084da41199d2ed,00815e80bd7f5f124143afee78d123ecc7a1caff370ef0a238f9f323b7ea6472,1,1
dataset_2_binary_clean_v2,test,test/images/nozzle_no_extrusion_0734.jpg,test/labels/nozzle_no_extrusion_0734.txt,160455,38,879d56394b526555ef3759d7b4ab08357e284aab9ac6db7d1c51db6db47f602f,00815e80bd7f5f124143afee78d123ecc7a1caff370ef0a238f9f323b7ea6472,1,1
dataset_2_binary_clean_v2,test,test/images/nozzle_no_extrusion_0736.jpg,test/labels/nozzle_no_extrusion_0736.txt,160245,38,fc119406b262cbf78ee6c2a1edfc9cb5379d532857f9b1a86d89f9fef88d9668,00815e80bd7f5f124143afee78d123ecc7a1caff370ef0a238f9f323b7ea6472,1,1
dataset_2_binary_clean_v2,test,test/images/nozzle_no_extrusion_0738.jpg,test/labels/nozzle_no_extrusion_0738.txt,168543,38,7c0eaf8681185300b0ebc413b8ba6779a9d9bfb301f3b71e5ca74fbeac299622,00815e80bd7f5f124143afee78d123ecc7a1caff370ef0a238f9f323b7ea6472,1,1
dataset_2_binary_clean_v2,test,test/images/nozzle_no_extrusion_0741.jpg,test/labels/nozzle_no_extrusion_0741.txt,163856,38,3f56e3bc66e1aa93166f432d393e6080d1193e1817774cf5c9eea1ac6e129fc9,00815e80bd7f5f124143afee78d123ecc7a1caff370ef0a238f9f323b7ea6472,1,1
dataset_2_binary_clean_v2,test,test/images/nozzle_no_extrusion_0748.jpg,test/labels/nozzle_no_extrusion_0748.txt,133846,38,1c9cf587c3781e8d3ba8874acb9f8ebccb828447d8b88fbba45bfd90e1a7f23d,00815e80bd7f5f124143afee78d123ecc7a1caff370ef0a238f9f323b7ea6472,1,1
dataset_2_binary_clean_v2,test,test/images/nozzle_no_extrusion_0767.jpg,test/labels/nozzle_no_extrusion_0767.txt,150019,38,4fbea6c9eb6e4eeab7c20b6a115e2d1aea2b18daaca7e3bcace235ca33d31684,00815e80bd7f5f124143afee78d123ecc7a1caff370ef0a238f9f323b7ea6472,1,1
dataset_2_binary_clean_v2,test,test/images/nozzle_no_extrusion_0770.jpg,test/labels/nozzle_no_extrusion_0770.txt,159181,38,4580c17c6f5d59d62f45dc07c4bf25fc055b59bf3015056aa1b8cc46a0214ec3,00815e80bd7f5f124143afee78d123ecc7a1caff370ef0a238f9f323b7ea6472,1,1
dataset_2_binary_clean_v2,test,test/images/nozzle_no_extrusion_0772.jpg,test/labels/nozzle_no_extrusion_0772.txt,159494,38,956ba671e9ab683b7f8babffb376dc9a9350d18e82ab4f5c921fadc0f8de4671,00815e80bd7f5f124143afee78d123ecc7a1caff370ef0a238f9f323b7ea6472,1,1
dataset_2_binary_clean_v2,test,test/images/nozzle_no_extrusion_0775.jpg,test/labels/nozzle_no_extrusion_0775.txt,140336,38,9e1f8a12dc03c31adf19983478cab95a71a7a7573ca1edac2cd4b666ffdf5981,00815e80bd7f5f124143afee78d123ecc7a1caff370ef0a238f9f323b7ea6472,1,1
dataset_2_binary_clean_v2,test,test/images/nozzle_no_extrusion_0777.jpg,test/labels/nozzle_no_extrusion_0777.txt,160571,38,c6592e0241f063e34da9641226edf92ffb1bc9ccc79ff0b20c98ec96452df7fd,00815e80bd7f5f124143afee78d123ecc7a1caff370ef0a238f9f323b7ea6472,1,1
dataset_2_binary_clean_v2,test,test/images/nozzle_no_extrusion_0781.jpg,test/labels/nozzle_no_extrusion_0781.txt,162046,38,a795f3272a07c728efe0a9dbd02be8dac1c57eaa022bbbbf5678ecffb08de93f,00815e80bd7f5f124143afee78d123ecc7a1caff370ef0a238f9f323b7ea6472,1,1
dataset_2_binary_clean_v2,test,test/images/nozzle_no_extrusion_0782.jpg,test/labels/nozzle_no_extrusion_0782.txt,157783,38,f3b05800b1869889b11227e0343f9f98c81a4c6dd2691774ea2548d3a9d9b731,00815e80bd7f5f124143afee78d123ecc7a1caff370ef0a238f9f323b7ea6472,1,1
dataset_2_binary_clean_v2,test,test/images/nozzle_no_extrusion_0787.jpg,test/labels/nozzle_no_extrusion_0787.txt,159158,38,edb6457973218a5979cf7c13ec8df1a5fe2a9d386e6f46d7a034a0b4cc4e9715,00815e80bd7f5f124143afee78d123ecc7a1caff370ef0a238f9f323b7ea6472,1,1
dataset_2_binary_clean_v2,test,test/images/nozzle_no_extrusion_0789.jpg,test/labels/nozzle_no_extrusion_0789.txt,160192,38,ad27014053b7c59b598fed81669de52ba7e2231f0dfe82710b11e778348b7480,00815e80bd7f5f124143afee78d123ecc7a1caff370ef0a238f9f323b7ea6472,1,1
dataset_2_binary_clean_v2,test,test/images/nozzle_no_extrusion_0801.jpg,test/labels/nozzle_no_extrusion_0801.txt,135036,38,41f79e9251af429ce22ecbeace7514f3dd595b1feedcd37e4abc787f7e6a04fa,00815e80bd7f5f124143afee78d123ecc7a1caff370ef0a238f9f323b7ea6472,1,1
dataset_2_binary_clean_v2,test,test/images/nozzle_no_extrusion_0802.jpg,test/labels/nozzle_no_extrusion_0802.txt,161478,38,f7edeb255bbf9ef2cf3fb521ee223d14625745ab95679035b82429b9eebc169d,00815e80bd7f5f124143afee78d123ecc7a1caff370ef0a238f9f323b7ea6472,1,1
dataset_2_binary_clean_v2,test,test/images/nozzle_no_extrusion_0804.jpg,test/labels/nozzle_no_extrusion_0804.txt,163806,38,a5e4b812ba66706eff2d2de7587ee4e69188b8ab1c53a8d42e97c4b3d879d700,00815e80bd7f5f124143afee78d123ecc7a1caff370ef0a238f9f323b7ea6472,1,1
dataset_2_binary_clean_v2,test,test/images/nozzle_no_extrusion_0805.jpg,test/labels/nozzle_no_extrusion_0805.txt,163092,38,62db3947ca5f010ab86fd814f4e6831dbbf8e629f05e08f631eaac7a53ac9fe0,00815e80bd7f5f124143afee78d123ecc7a1caff370ef0a238f9f323b7ea6472,1,1
dataset_2_binary_clean_v2,test,test/images/nozzle_no_extrusion_0807.jpg,test/labels/nozzle_no_extrusion_0807.txt,160589,38,348ab32eb5858329a8bdcf026eeba34161c2a7fce87cb257a092f6f29fe763d2,00815e80bd7f5f124143afee78d123ecc7a1caff370ef0a238f9f323b7ea6472,1,1
dataset_2_binary_clean_v2,test,test/images/nozzle_no_extrusion_0808.jpg,test/labels/nozzle_no_extrusion_0808.txt,147321,38,6e71a7c6bd3023b1b362acad4ebd97aeb07b7f98feb2896b0d7939beb0ba970f,00815e80bd7f5f124143afee78d123ecc7a1caff370ef0a238f9f323b7ea6472,1,1
dataset_2_binary_clean_v2,test,test/images/nozzle_no_extrusion_0810.jpg,test/labels/nozzle_no_extrusion_0810.txt,163218,38,b16a44dcffcd97760ca3bd8cccca04acf9ddc2e7f734fc7813cd5196296ddcb8,00815e80bd7f5f124143afee78d123ecc7a1caff370ef0a238f9f323b7ea6472,1,1
dataset_2_binary_clean_v2,test,test/images/nozzle_no_extrusion_0811.jpg,test/labels/nozzle_no_extrusion_0811.txt,164029,38,3e0440c8b97e1ecfcd62b0a841e3b001bc61d056f8475edbad7531b7b6f96fc7,00815e80bd7f5f124143afee78d123ecc7a1caff370ef0a238f9f323b7ea6472,1,1
dataset_2_binary_clean_v2,test,test/images/nozzle_no_extrusion_0813.jpg,test/labels/nozzle_no_extrusion_0813.txt,161629,38,6b5f6eeb890921ae0db671b991c3f3265dab81b184cfa8554731bd44aa1613dd,00815e80bd7f5f124143afee78d123ecc7a1caff370ef0a238f9f323b7ea6472,1,1
dataset_2_binary_clean_v2,test,test/images/nozzle_no_extrusion_0814.jpg,test/labels/nozzle_no_extrusion_0814.txt,162044,38,8391f464f4332ce80bbcec9ab8e08222464d66da65ab8621b56f5cf3b89046ed,00815e80bd7f5f124143afee78d123ecc7a1caff370ef0a238f9f323b7ea6472,1,1
dataset_2_binary_clean_v2,test,test/images/nozzle_no_extrusion_0826.jpg,test/labels/nozzle_no_extrusion_0826.txt,162316,38,7bcd8d4d72a39cd092aaee8b99fe14a43ff0ebbbdb92566b24c2b64b179de055,00815e80bd7f5f124143afee78d123ecc7a1caff370ef0a238f9f323b7ea6472,1,1
dataset_2_binary_clean_v2,test,test/images/nozzle_no_extrusion_0836.jpg,test/labels/nozzle_no_extrusion_0836.txt,165025,38,764710ec67261ea6c955b28d1b9fc1fdffc79eb9a2a1cfb8c3fd11586157aeda,00815e80bd7f5f124143afee78d123ecc7a1caff370ef0a238f9f323b7ea6472,1,1
dataset_2_binary_clean_v2,test,test/images/nozzle_no_extrusion_0838.jpg,test/labels/nozzle_no_extrusion_0838.txt,165231,38,59f39bfb5ed50e4d3b7fcb0b3f94631cb53ddfe473cfcc47e2f5483b7e300ab0,00815e80bd7f5f124143afee78d123ecc7a1caff370ef0a238f9f323b7ea6472,1,1
dataset_2_binary_clean_v2,test,test/images/nozzle_no_extrusion_0840.jpg,test/labels/nozzle_no_extrusion_0840.txt,161084,38,b8411590d960e09b4bd4474a1eb9c24fd6e37478a664cd4c52856e9a68e12522,00815e80bd7f5f124143afee78d123ecc7a1caff370ef0a238f9f323b7ea6472,1,1
dataset_2_binary_clean_v2,test,test/images/nozzle_no_extrusion_0843.jpg,test/labels/nozzle_no_extrusion_0843.txt,162364,38,6a5e5a2ec9ff882a6320a3090602e2755a8bf32e3d5b7e78c507b2389afb0182,00815e80bd7f5f124143afee78d123ecc7a1caff370ef0a238f9f323b7ea6472,1,1
dataset_2_binary_clean_v2,test,test/images/nozzle_no_extrusion_0847.jpg,test/labels/nozzle_no_extrusion_0847.txt,152125,38,ee4bb8f56f614962f192a0b39ec17cc955e7e1ffc360405d6ee98cb5bd17991a,00815e80bd7f5f124143afee78d123ecc7a1caff370ef0a238f9f323b7ea6472,1,1
dataset_2_binary_clean_v2,test,test/images/nozzle_no_extrusion_0850.jpg,test/labels/nozzle_no_extrusion_0850.txt,167090,38,d09ea2e07c3ba65d3218dd88652c644fc18dc9e2c8b81ee58818a10001ece48f,00815e80bd7f5f124143afee78d123ecc7a1caff370ef0a238f9f323b7ea6472,1,1
dataset_2_binary_clean_v2,test,test/images/nozzle_no_extrusion_0852.jpg,test/labels/nozzle_no_extrusion_0852.txt,164831,38,a12bf60219cd9dacbbdca3a1ba84cd74ac0adec1e92adee8a785f31418a233f0,00815e80bd7f5f124143afee78d123ecc7a1caff370ef0a238f9f323b7ea6472,1,1
dataset_2_binary_clean_v2,test,test/images/nozzle_no_extrusion_0854.jpg,test/labels/nozzle_no_extrusion_0854.txt,165634,38,9a15a50bcd36eb17eb8fd90fcfe286a09799e729e6659b5fbd286eace692cdfa,00815e80bd7f5f124143afee78d123ecc7a1caff370ef0a238f9f323b7ea6472,1,1
dataset_2_binary_clean_v2,test,test/images/nozzle_no_extrusion_0865.jpg,test/labels/nozzle_no_extrusion_0865.txt,140331,38,bd61f9b02c2ce29ee4adc64460595f4360ff1cbd4a4df0d59060a0a68d1628b1,00815e80bd7f5f124143afee78d123ecc7a1caff370ef0a238f9f323b7ea6472,1,1
dataset_2_binary_clean_v2,test,test/images/nozzle_no_extrusion_0866.jpg,test/labels/nozzle_no_extrusion_0866.txt,165478,38,9a6a18076c97ee6840e0dd0a51ab75bbe00b664a79a0adda8e4b864e5f3c20b8,00815e80bd7f5f124143afee78d123ecc7a1caff370ef0a238f9f323b7ea6472,1,1
dataset_2_binary_clean_v2,test,test/images/nozzle_no_extrusion_0874.jpg,test/labels/nozzle_no_extrusion_0874.txt,169479,38,840dcde196109f1198448a77f5b75f1d4b76a2124326f823788486d26794f4e8,00815e80bd7f5f124143afee78d123ecc7a1caff370ef0a238f9f323b7ea6472,1,1
dataset_2_binary_clean_v2,test,test/images/nozzle_no_extrusion_0875.jpg,test/labels/nozzle_no_extrusion_0875.txt,139822,38,8e337dfece38e82df8fb877be63b8adfd2565396b8e5ba2ad6362f492838afed,00815e80bd7f5f124143afee78d123ecc7a1caff370ef0a238f9f323b7ea6472,1,1
dataset_2_binary_clean_v2,test,test/images/nozzle_no_extrusion_0877.jpg,test/labels/nozzle_no_extrusion_0877.txt,165637,38,cf9ba4448f848762aa4b3a0635662beeee6b28bd93017ab1e759a028d70db548,00815e80bd7f5f124143afee78d123ecc7a1caff370ef0a238f9f323b7ea6472,1,1
dataset_2_binary_clean_v2,test,test/images/nozzle_no_extrusion_0879.jpg,test/labels/nozzle_no_extrusion_0879.txt,169686,38,0e141e486e5a1a80048b4de15bca164499883615dc2a611e02b3e10dd7225030,00815e80bd7f5f124143afee78d123ecc7a1caff370ef0a238f9f323b7ea6472,1,1
dataset_2_binary_clean_v2,test,test/images/nozzle_no_extrusion_0881.jpg,test/labels/nozzle_no_extrusion_0881.txt,167463,38,c32d0c9ae3522783127b6190e8296fc2aa7b3f7728e7f88011bbb42ccf07a870,00815e80bd7f5f124143afee78d123ecc7a1caff370ef0a238f9f323b7ea6472,1,1
dataset_2_binary_clean_v2,test,test/images/nozzle_no_extrusion_0882.jpg,test/labels/nozzle_no_extrusion_0882.txt,169668,38,993fe31dd1c8d6c3072c3aab4f8563098d8244b4c8893545c7e3b4da90a00a43,00815e80bd7f5f124143afee78d123ecc7a1caff370ef0a238f9f323b7ea6472,1,1
dataset_2_binary_clean_v2,test,test/images/nozzle_no_extrusion_0912.jpg,test/labels/nozzle_no_extrusion_0912.txt,160372,38,e9e20b55d3668d980b42dc2e1d2bba0d3e050a549558cdc3efa9473eda9c5c8c,00815e80bd7f5f124143afee78d123ecc7a1caff370ef0a238f9f323b7ea6472,1,1
dataset_2_binary_clean_v2,test,test/images/nozzle_slight_contamination_0003.jpg,test/labels/nozzle_slight_contamination_0003.txt,128070,38,cc7fc46e1264aa4df90b96704f74772b1a81462f2e07f157a1a07ca763b1705d,631fe78b78e8ec6ab7843f6beb57a57106c22cc0336253acbd797f930458a2e9,1,1
dataset_2_binary_clean_v2,test,test/images/nozzle_slight_contamination_0008.jpg,test/labels/nozzle_slight_contamination_0008.txt,90649,38,9975345b402686753323226bf7ebbed4c72eb2c47ff886fa386c2d6236493ad2,b0200285b5d16ca8364509bda5e49e46370b35822792af7e210a098adf35cc7d,1,1
dataset_2_binary_clean_v2,test,test/images/nozzle_tip_wrapped_0012.jpg,test/labels/nozzle_tip_wrapped_0012.txt,124013,38,4c3cd694639068e07d375fb61cdef9124d2e20dc6bbd4bcf8ead39cc48be84bb,40035ed5a20aa08e7ec06d161bdcbcc78df92f4882ca9194e959530ae3752c43,1,0
dataset_2_binary_clean_v2,test,test/images/nozzle_tip_wrapped_0013.jpg,test/labels/nozzle_tip_wrapped_0013.txt,103211,38,6bdfbef75d6081ed6750960927a372b498b1973bfae384d2659ee0f91c4f9c57,40035ed5a20aa08e7ec06d161bdcbcc78df92f4882ca9194e959530ae3752c43,1,0
dataset_2_binary_clean_v2,test,test/images/nozzle_tip_wrapped_0016.jpg,test/labels/nozzle_tip_wrapped_0016.txt,130915,38,a8d1ed635e870fa87a56fe0445528e782d7a784f99f68060e6b91420c4a5ef73,40035ed5a20aa08e7ec06d161bdcbcc78df92f4882ca9194e959530ae3752c43,1,0
dataset_2_binary_clean_v2,test,test/images/nozzle_tip_wrapped_0019.jpg,test/labels/nozzle_tip_wrapped_0019.txt,134638,38,4ad0fa320e238a93937af4c7683fa5b0ef48f4e414e4b0086d56c756e91a691a,40035ed5a20aa08e7ec06d161bdcbcc78df92f4882ca9194e959530ae3752c43,1,0
dataset_2_binary_clean_v2,test,test/images/nozzle_tip_wrapped_0020.jpg,test/labels/nozzle_tip_wrapped_0020.txt,133105,38,e7ef8ca5ff0bb5663b3db877f99c37eadc0ec45f5812e2745de22bda62f1eb01,40035ed5a20aa08e7ec06d161bdcbcc78df92f4882ca9194e959530ae3752c43,1,0
dataset_2_binary_clean_v2,test,test/images/nozzle_tip_wrapped_0023.jpg,test/labels/nozzle_tip_wrapped_0023.txt,132011,38,3efec0fd066440b652784031c1b1ee7955c6d2cb0896d04724adbb134b323e14,40035ed5a20aa08e7ec06d161bdcbcc78df92f4882ca9194e959530ae3752c43,1,0
dataset_2_binary_clean_v2,test,test/images/nozzle_tip_wrapped_0024.jpg,test/labels/nozzle_tip_wrapped_0024.txt,134638,38,f71e2c26bc291289cd8c95811c7c0322492bf53789acbcbd6520ceca295804e4,40035ed5a20aa08e7ec06d161bdcbcc78df92f4882ca9194e959530ae3752c43,1,0
dataset_2_binary_clean_v2,test,test/images/nozzle_tip_wrapped_0037.jpg,test/labels/nozzle_tip_wrapped_0037.txt,143159,38,ba590956b8bccda2f102ef857e8de472ceb1e440f2e9478eed19a082670eabc0,40035ed5a20aa08e7ec06d161bdcbcc78df92f4882ca9194e959530ae3752c43,1,0
dataset_2_binary_clean_v2,test,test/images/nozzle_tip_wrapped_0038.jpg,test/labels/nozzle_tip_wrapped_0038.txt,136376,38,e0e0993d50a48c146d6cbc8dc4df9373616e2dd44093fa8ef684ed825b0b256b,40035ed5a20aa08e7ec06d161bdcbcc78df92f4882ca9194e959530ae3752c43,1,0
dataset_2_binary_clean_v2,test,test/images/nozzle_tip_wrapped_0062.jpg,test/labels/nozzle_tip_wrapped_0062.txt,124744,38,2269d9fc266f0774a0b1e464fb367950ace1de045338b6a42bd16341665392d8,40035ed5a20aa08e7ec06d161bdcbcc78df92f4882ca9194e959530ae3752c43,1,0
dataset_2_binary_clean_v2,test,test/images/nozzle_tip_wrapped_0076.jpg,test/labels/nozzle_tip_wrapped_0076.txt,146615,38,a5a3709e6609e2cb311e2cc3b7849b86fd279aa1bf1d9bd6e96585416014d8f2,40035ed5a20aa08e7ec06d161bdcbcc78df92f4882ca9194e959530ae3752c43,1,0
dataset_2_binary_clean_v2,test,test/images/nozzle_tip_wrapped_0099.jpg,test/labels/nozzle_tip_wrapped_0099.txt,148033,38,d66dedba279db575dd548dfe066c82cbb588c303ae378da679a4eb5d7c1ce7ce,40035ed5a20aa08e7ec06d161bdcbcc78df92f4882ca9194e959530ae3752c43,1,0
dataset_2_binary_clean_v2,test,test/images/nozzle_tip_wrapped_0100.jpg,test/labels/nozzle_tip_wrapped_0100.txt,141256,38,9bc8ec50b82ee8715fbb41ba7dfda435f7ccb559a9a8fb360729f4164da9c2aa,40035ed5a20aa08e7ec06d161bdcbcc78df92f4882ca9194e959530ae3752c43,1,0
dataset_2_binary_clean_v2,test,test/images/nozzle_tip_wrapped_0109.jpg,test/labels/nozzle_tip_wrapped_0109.txt,145283,38,dfb78bcb99737a89c5a264288f7f0d56e03592ddcc96c09972f39de8c90c8304,40035ed5a20aa08e7ec06d161bdcbcc78df92f4882ca9194e959530ae3752c43,1,0
dataset_2_binary_clean_v2,test,test/images/nozzle_tip_wrapped_0110.jpg,test/labels/nozzle_tip_wrapped_0110.txt,145723,38,a6570c978b2ea7f312cf6f33b5fbd7905f83711a7b0123ab88ed8a94067fc729,40035ed5a20aa08e7ec06d161bdcbcc78df92f4882ca9194e959530ae3752c43,1,0
dataset_2_binary_clean_v2,test,test/images/nozzle_tip_wrapped_0111.jpg,test/labels/nozzle_tip_wrapped_0111.txt,139670,38,81b8470a885a2fa40438a459360c5647da317d4b578d4ca81cf77682a05b06c9,40035ed5a20aa08e7ec06d161bdcbcc78df92f4882ca9194e959530ae3752c43,1,0
dataset_2_binary_clean_v2,test,test/images/nozzle_tip_wrapped_0113.jpg,test/labels/nozzle_tip_wrapped_0113.txt,138812,38,a631514febbc94c619f9a1397dae055ec9fe4689d72de4a0fcd1632d0c8ea38f,40035ed5a20aa08e7ec06d161bdcbcc78df92f4882ca9194e959530ae3752c43,1,0
dataset_2_binary_clean_v2,test,test/images/nozzle_tip_wrapped_0121.jpg,test/labels/nozzle_tip_wrapped_0121.txt,140878,38,6da57898f6ed2b721848a37c6329580ba9c737fefc13a04066490af5e94a3a20,40035ed5a20aa08e7ec06d161bdcbcc78df92f4882ca9194e959530ae3752c43,1,0
dataset_2_binary_clean_v2,test,test/images/nozzle_tip_wrapped_0127.jpg,test/labels/nozzle_tip_wrapped_0127.txt,145532,38,e88f9b5db2a56ca02548a25b0fed8d42b7e7fe9e56d184d98966c3f031ac857e,40035ed5a20aa08e7ec06d161bdcbcc78df92f4882ca9194e959530ae3752c43,1,0
dataset_2_binary_clean_v2,test,test/images/nozzle_tip_wrapped_0129.jpg,test/labels/nozzle_tip_wrapped_0129.txt,139802,38,e6e44d5ce4ba340f18b9e35e95cc775141546c39d64f48f791b85b753571c223,40035ed5a20aa08e7ec06d161bdcbcc78df92f4882ca9194e959530ae3752c43,1,0
dataset_2_binary_clean_v2,test,test/images/nozzle_tip_wrapped_0138.jpg,test/labels/nozzle_tip_wrapped_0138.txt,137774,38,3329adf7bb4c4db9f8d0c0fef3eb1a3748b61103ad4dedeca19059a92d4f80a1,40035ed5a20aa08e7ec06d161bdcbcc78df92f4882ca9194e959530ae3752c43,1,0
dataset_2_binary_clean_v2,test,test/images/nozzle_tip_wrapped_0139.jpg,test/labels/nozzle_tip_wrapped_0139.txt,130662,38,c02414e8b1b01b833c3bcbca00b16115042accf6cd2734993bc9dc9ea20caee2,40035ed5a20aa08e7ec06d161bdcbcc78df92f4882ca9194e959530ae3752c43,1,0
dataset_2_binary_clean_v2,test,test/images/nozzle_tip_wrapped_0149.jpg,test/labels/nozzle_tip_wrapped_0149.txt,129936,38,299bc8041493f294fff0f8fc3738401eb193a32e8c54785840dc653637d28b15,40035ed5a20aa08e7ec06d161bdcbcc78df92f4882ca9194e959530ae3752c43,1,0
dataset_2_binary_clean_v2,test,test/images/nozzle_tip_wrapped_0151.jpg,test/labels/nozzle_tip_wrapped_0151.txt,133377,38,778c5c4510e12023c97af493366fee998a3674301a6e53e27f88f6bcc9978aac,40035ed5a20aa08e7ec06d161bdcbcc78df92f4882ca9194e959530ae3752c43,1,0
dataset_2_binary_clean_v2,test,test/images/nozzle_tip_wrapped_0157.jpg,test/labels/nozzle_tip_wrapped_0157.txt,141403,38,7864b6a862859810021816182379abf5a54aeded12e73b4a678f1ed1b15a9e03,40035ed5a20aa08e7ec06d161bdcbcc78df92f4882ca9194e959530ae3752c43,1,0
dataset_2_binary_clean_v2,test,test/images/nozzle_tip_wrapped_0158.jpg,test/labels/nozzle_tip_wrapped_0158.txt,142193,38,6c2cc054ca6d06fee4f7f49e0ea92d5f8a1dc7b9d01016f8278a62348fb942d9,40035ed5a20aa08e7ec06d161bdcbcc78df92f4882ca9194e959530ae3752c43,1,0
dataset_2_binary_clean_v2,test,test/images/nozzle_tip_wrapped_0179.jpg,test/labels/nozzle_tip_wrapped_0179.txt,140435,38,0ab0f50ba230eafd6e28fb2b06a6bc369a595ac6002fb0e5dbb0378cb128198e,40035ed5a20aa08e7ec06d161bdcbcc78df92f4882ca9194e959530ae3752c43,1,0
dataset_2_binary_clean_v2,test,test/images/nozzle_tip_wrapped_0187.jpg,test/labels/nozzle_tip_wrapped_0187.txt,138776,38,a2b86a3eaead322d1066493650bf4f50515826d5d95cf6b7c187aab45a31a1f4,40035ed5a20aa08e7ec06d161bdcbcc78df92f4882ca9194e959530ae3752c43,1,0
dataset_2_binary_clean_v2,test,test/images/nozzle_tip_wrapped_0188.jpg,test/labels/nozzle_tip_wrapped_0188.txt,145215,38,54dd2d619eb9421c1db3b78dbcd5ef40221bfcb8a50005c71bcfdef203b26a0b,40035ed5a20aa08e7ec06d161bdcbcc78df92f4882ca9194e959530ae3752c43,1,0
dataset_2_binary_clean_v2,test,test/images/nozzle_tip_wrapped_0190.jpg,test/labels/nozzle_tip_wrapped_0190.txt,145214,38,eb350a4d3688a8e920e631d56ac80bdb406f0db75417ccb9c5f661f62a84fa9f,40035ed5a20aa08e7ec06d161bdcbcc78df92f4882ca9194e959530ae3752c43,1,0
dataset_2_binary_clean_v2,test,test/images/nozzle_tip_wrapped_0206.jpg,test/labels/nozzle_tip_wrapped_0206.txt,145640,38,bece2ce2d1872ddcbf4c3f2c0d09ae45410a070d79c8cd931832bd77a96917b9,40035ed5a20aa08e7ec06d161bdcbcc78df92f4882ca9194e959530ae3752c43,1,0
dataset_2_binary_clean_v2,test,test/images/nozzle_tip_wrapped_0221.jpg,test/labels/nozzle_tip_wrapped_0221.txt,139589,38,788e18f9980d53e2208f84f8a38011dfc910f2e641252c345c83eadfced25770,40035ed5a20aa08e7ec06d161bdcbcc78df92f4882ca9194e959530ae3752c43,1,0
dataset_2_binary_clean_v2,test,test/images/nozzle_tip_wrapped_0222.jpg,test/labels/nozzle_tip_wrapped_0222.txt,138973,38,6f014d64367568ddb62310d824c3f48f3b77aa71f4ffa349ca5a1233fb8a248f,40035ed5a20aa08e7ec06d161bdcbcc78df92f4882ca9194e959530ae3752c43,1,0
dataset_2_binary_clean_v2,test,test/images/nozzle_tip_wrapped_0236.jpg,test/labels/nozzle_tip_wrapped_0236.txt,143705,38,21c2c35c977363cfd172eac436fefd518c7a8b365756ecef40e9e8b9cf1faa12,40035ed5a20aa08e7ec06d161bdcbcc78df92f4882ca9194e959530ae3752c43,1,0
dataset_2_binary_clean_v2,test,test/images/nozzle_tip_wrapped_0237.jpg,test/labels/nozzle_tip_wrapped_0237.txt,147184,38,0acf0d45f5e55b50121dfb2813a106396b5ab651fa0d19b31d1bd728af0aa020,40035ed5a20aa08e7ec06d161bdcbcc78df92f4882ca9194e959530ae3752c43,1,0
dataset_2_binary_clean_v2,test,test/images/nozzle_tip_wrapped_0243.jpg,test/labels/nozzle_tip_wrapped_0243.txt,135910,38,8b14a365a02962ce860ba28b7f12b6950ea215b68d98a363bd0f40c02d83c72f,40035ed5a20aa08e7ec06d161bdcbcc78df92f4882ca9194e959530ae3752c43,1,0
dataset_2_binary_clean_v2,test,test/images/nozzle_tip_wrapped_0248.jpg,test/labels/nozzle_tip_wrapped_0248.txt,136728,38,d534388787bd3e2e088420de5ab154fbfde450fbf94618e96eb04f93723b6a3d,40035ed5a20aa08e7ec06d161bdcbcc78df92f4882ca9194e959530ae3752c43,1,0
dataset_2_binary_clean_v2,test,test/images/nozzle_tip_wrapped_0318.jpg,test/labels/nozzle_tip_wrapped_0318.txt,148376,38,f01a7b7f4394c861ff65fefa9686a0dd0298f89d184fa2012d7822c7cd2591fc,40035ed5a20aa08e7ec06d161bdcbcc78df92f4882ca9194e959530ae3752c43,1,0
dataset_2_binary_clean_v2,test,test/images/nozzle_tip_wrapped_0319.jpg,test/labels/nozzle_tip_wrapped_0319.txt,145458,38,160366f4c0b7c17a03c158e029b9f57811b07a7774a6f0e206477bf9a53740aa,40035ed5a20aa08e7ec06d161bdcbcc78df92f4882ca9194e959530ae3752c43,1,0
dataset_2_binary_clean_v2,test,test/images/nozzle_tip_wrapped_0320.jpg,test/labels/nozzle_tip_wrapped_0320.txt,149273,38,a08ebecc3c328b93ed26e1286e7686be537350e5ec2363cf3742f3f2c3cef43e,40035ed5a20aa08e7ec06d161bdcbcc78df92f4882ca9194e959530ae3752c43,1,0
dataset_2_binary_clean_v2,test,test/images/nozzle_tip_wrapped_0328.jpg,test/labels/nozzle_tip_wrapped_0328.txt,139751,38,20deb4e2cdab30715e4716946f387a8515447770565bb96364b32f774da9a966,40035ed5a20aa08e7ec06d161bdcbcc78df92f4882ca9194e959530ae3752c43,1,0
dataset_2_binary_clean_v2,test,test/images/nozzle_tip_wrapped_0329.jpg,test/labels/nozzle_tip_wrapped_0329.txt,140662,38,101edfe4e6cd5f5b4e2dc691db9469229e2705a66e269e5bbf249131373b25f8,40035ed5a20aa08e7ec06d161bdcbcc78df92f4882ca9194e959530ae3752c43,1,0
dataset_2_binary_clean_v2,test,test/images/nozzle_tip_wrapped_0332.jpg,test/labels/nozzle_tip_wrapped_0332.txt,144258,38,a27416df4424ef28faff6863d010d1ac8b34040f5d98eae03a85357bbd7d5b4f,40035ed5a20aa08e7ec06d161bdcbcc78df92f4882ca9194e959530ae3752c43,1,0
dataset_2_binary_clean_v2,test,test/images/nozzle_tip_wrapped_0334.jpg,test/labels/nozzle_tip_wrapped_0334.txt,138025,38,b1d1ce3a448561a3dbf79714e1171447752c0a77d2d1bb2b2740d59fcb655520,40035ed5a20aa08e7ec06d161bdcbcc78df92f4882ca9194e959530ae3752c43,1,0
dataset_2_binary_clean_v2,test,test/images/nozzle_tip_wrapped_0342.jpg,test/labels/nozzle_tip_wrapped_0342.txt,132515,38,a950992a46d6e3faa00afad99ae243a16d10c8cfcedadf9e219bf2577313b78d,40035ed5a20aa08e7ec06d161bdcbcc78df92f4882ca9194e959530ae3752c43,1,0
dataset_2_binary_clean_v2,test,test/images/nozzle_tip_wrapped_0345.jpg,test/labels/nozzle_tip_wrapped_0345.txt,142501,38,c159d0ad4c646bfd090bb7cdb5185ecb6f1307d57aae161225567c6bfa1a4191,40035ed5a20aa08e7ec06d161bdcbcc78df92f4882ca9194e959530ae3752c43,1,0
dataset_2_binary_clean_v2,test,test/images/nozzle_tip_wrapped_0347.jpg,test/labels/nozzle_tip_wrapped_0347.txt,141343,38,49bb9236c964d2cb6c3740171d9864e58dbbf092abf0f588b15bfe0e8ddfe396,40035ed5a20aa08e7ec06d161bdcbcc78df92f4882ca9194e959530ae3752c43,1,0
dataset_2_binary_clean_v2,test,test/images/nozzle_tip_wrapped_0348.jpg,test/labels/nozzle_tip_wrapped_0348.txt,142100,38,41d0a0b301ca469fe0d90c9de6c47b72c6d6aa9f4b37a1c8daaf628e05626fdb,40035ed5a20aa08e7ec06d161bdcbcc78df92f4882ca9194e959530ae3752c43,1,0
dataset_2_binary_clean_v2,test,test/images/nozzle_tip_wrapped_0357.jpg,test/labels/nozzle_tip_wrapped_0357.txt,124876,38,6739570682c5d5e007fee29debea3682744170634985a74e9b197ac92b9cd3c6,40035ed5a20aa08e7ec06d161bdcbcc78df92f4882ca9194e959530ae3752c43,1,0
dataset_2_binary_clean_v2,test,test/images/nozzle_tip_wrapped_0363.jpg,test/labels/nozzle_tip_wrapped_0363.txt,112056,38,20ffa33476255d31d2a7b3f58eff0c08656e3531d24febbb11f2670c6bcffaee,40035ed5a20aa08e7ec06d161bdcbcc78df92f4882ca9194e959530ae3752c43,1,0
dataset_2_binary_clean_v2,test,test/images/nozzle_tip_wrapped_0372.jpg,test/labels/nozzle_tip_wrapped_0372.txt,137590,38,550427d7270780e7d92f8f881048fabf79610b49f30ec7577eccf5e52319f5b6,40035ed5a20aa08e7ec06d161bdcbcc78df92f4882ca9194e959530ae3752c43,1,0
dataset_2_binary_clean_v2,test,test/images/nozzle_tip_wrapped_0376.jpg,test/labels/nozzle_tip_wrapped_0376.txt,128926,38,99de269811e043e8374d4f49dfc5a380446ca08db62dd90199d5cd6ffcb0fc7b,40035ed5a20aa08e7ec06d161bdcbcc78df92f4882ca9194e959530ae3752c43,1,0
dataset_2_binary_clean_v2,test,test/images/nozzle_tip_wrapped_0381.jpg,test/labels/nozzle_tip_wrapped_0381.txt,132876,38,72ad91d45b943051117c20a33c4cea4f3afab1238f0e6c1a136918f5d6a8489e,40035ed5a20aa08e7ec06d161bdcbcc78df92f4882ca9194e959530ae3752c43,1,0
dataset_2_binary_clean_v2,test,test/images/nozzle_tip_wrapped_0384.jpg,test/labels/nozzle_tip_wrapped_0384.txt,132872,38,07e7d248c58385251a6991f066fbcd4d1e60c699038a7956509493167b7c5fbd,40035ed5a20aa08e7ec06d161bdcbcc78df92f4882ca9194e959530ae3752c43,1,0
dataset_2_binary_clean_v2,test,test/images/nozzle_tip_wrapped_0388.jpg,test/labels/nozzle_tip_wrapped_0388.txt,131666,38,b78fae969f7dd40d7b6d50a91ea310738d4f3fd668e0731e783ced024e8a1126,40035ed5a20aa08e7ec06d161bdcbcc78df92f4882ca9194e959530ae3752c43,1,0
dataset_2_binary_clean_v2,test,test/images/nozzle_tip_wrapped_0400.jpg,test/labels/nozzle_tip_wrapped_0400.txt,120350,38,99f4b83a280bd1581a42e00eb5d0ed5ce232b9fc7bf2f9441cc69cfa0c026918,40035ed5a20aa08e7ec06d161bdcbcc78df92f4882ca9194e959530ae3752c43,1,0
dataset_2_binary_clean_v2,test,test/images/nozzle_tip_wrapped_0403.jpg,test/labels/nozzle_tip_wrapped_0403.txt,106547,38,128431a8fa09d66733883c0de63193081da2bc89c5b821a04c28201a878edfc5,40035ed5a20aa08e7ec06d161bdcbcc78df92f4882ca9194e959530ae3752c43,1,0
dataset_2_binary_clean_v2,test,test/images/nozzle_tip_wrapped_0404.jpg,test/labels/nozzle_tip_wrapped_0404.txt,114892,38,d0ac22cd22cdc8810ce9a07296cd449615cbcd9e95ddcf67a2f40e25d3ded105,40035ed5a20aa08e7ec06d161bdcbcc78df92f4882ca9194e959530ae3752c43,1,0
dataset_2_binary_clean_v2,test,test/images/nozzle_tip_wrapped_0407.jpg,test/labels/nozzle_tip_wrapped_0407.txt,122144,38,c75d862be080ca2955409fc62806e61b0474f664b18587186f82ec624082ad74,40035ed5a20aa08e7ec06d161bdcbcc78df92f4882ca9194e959530ae3752c43,1,0
dataset_2_binary_clean_v2,test,test/images/nozzle_tip_wrapped_0408.jpg,test/labels/nozzle_tip_wrapped_0408.txt,120905,38,e80af5da1a9338889de35c7b85aee4550df94769e89a929a286c5d95288dce71,40035ed5a20aa08e7ec06d161bdcbcc78df92f4882ca9194e959530ae3752c43,1,0
dataset_2_binary_clean_v2,test,test/images/nozzle_tip_wrapped_0409.jpg,test/labels/nozzle_tip_wrapped_0409.txt,124943,38,5e214e2ea1743f0cc894859525d73cda6d1997f465cabe6b6c5c7d38669bc191,40035ed5a20aa08e7ec06d161bdcbcc78df92f4882ca9194e959530ae3752c43,1,0
dataset_2_binary_clean_v2,test,test/images/nozzle_tip_wrapped_0410.jpg,test/labels/nozzle_tip_wrapped_0410.txt,122689,38,d9b50e8ef6bd1150c0dc2b6aed868b5ed8cb5b41f3965798246596fec5399678,40035ed5a20aa08e7ec06d161bdcbcc78df92f4882ca9194e959530ae3752c43,1,0
dataset_2_binary_clean_v2,test,test/images/nozzle_tip_wrapped_0423.jpg,test/labels/nozzle_tip_wrapped_0423.txt,121499,38,285a8dc3af6966aeb0435fb6f3e9e8517dd485948e70ac09bab667d0df213889,40035ed5a20aa08e7ec06d161bdcbcc78df92f4882ca9194e959530ae3752c43,1,0
dataset_2_binary_clean_v2,test,test/images/nozzle_tip_wrapped_0424.jpg,test/labels/nozzle_tip_wrapped_0424.txt,121172,38,281f210a0abd511f746cb4324d1ed469b9546a86fb16e2bd8bd03b5962560c46,40035ed5a20aa08e7ec06d161bdcbcc78df92f4882ca9194e959530ae3752c43,1,0
dataset_2_binary_clean_v2,test,test/images/nozzle_tip_wrapped_0427.jpg,test/labels/nozzle_tip_wrapped_0427.txt,120277,38,86c6e77f298d5f4aa4601c957117ae8951556a3f106906ba006195a2156cd5e8,40035ed5a20aa08e7ec06d161bdcbcc78df92f4882ca9194e959530ae3752c43,1,0
dataset_2_binary_clean_v2,test,test/images/nozzle_tip_wrapped_0434.jpg,test/labels/nozzle_tip_wrapped_0434.txt,124963,38,4643ba7ab2880b25d5c6102904ad5628c8d45375433f74658dab9902dc5d92e8,40035ed5a20aa08e7ec06d161bdcbcc78df92f4882ca9194e959530ae3752c43,1,0
dataset_2_binary_clean_v2,test,test/images/nozzle_tip_wrapped_0445.jpg,test/labels/nozzle_tip_wrapped_0445.txt,125171,38,1435ae1954ce8bfcbd8305a0ca3df1d570f09cd8ae76a5d140c0de7dbed6f50a,40035ed5a20aa08e7ec06d161bdcbcc78df92f4882ca9194e959530ae3752c43,1,0
dataset_2_binary_clean_v2,test,test/images/nozzle_tip_wrapped_0446.jpg,test/labels/nozzle_tip_wrapped_0446.txt,122427,38,3498c94df66e269e7d964caac62150bf63e4c44984d40e52a56373ab1381e5c8,40035ed5a20aa08e7ec06d161bdcbcc78df92f4882ca9194e959530ae3752c43,1,0
dataset_2_binary_clean_v2,test,test/images/nozzle_tip_wrapped_0470.jpg,test/labels/nozzle_tip_wrapped_0470.txt,135378,38,4417b32b6b6e693514215fcc51f7cfc9d90a85c7c58e9e181acd8b0b5b7950f6,40035ed5a20aa08e7ec06d161bdcbcc78df92f4882ca9194e959530ae3752c43,1,0
dataset_2_binary_clean_v2,test,test/images/nozzle_tip_wrapped_0473.jpg,test/labels/nozzle_tip_wrapped_0473.txt,135613,38,4f1308b19df218f9e1a234317c74e336edefdf66c18d1c4c0944b91d65b4a9a2,40035ed5a20aa08e7ec06d161bdcbcc78df92f4882ca9194e959530ae3752c43,1,0
dataset_2_binary_clean_v2,test,test/images/nozzle_tip_wrapped_0489.jpg,test/labels/nozzle_tip_wrapped_0489.txt,126559,38,186ec06912cd3fc58b8ae4b02b4cbcfe1403040c61b59bc6d245942e3414320e,40035ed5a20aa08e7ec06d161bdcbcc78df92f4882ca9194e959530ae3752c43,1,0
dataset_2_binary_clean_v2,test,test/images/nozzle_tip_wrapped_0490.jpg,test/labels/nozzle_tip_wrapped_0490.txt,130648,38,bd90e4900519ff78537faa64fcfbf50b5bd30f20b9ffedc65bf5382b285bfa49,40035ed5a20aa08e7ec06d161bdcbcc78df92f4882ca9194e959530ae3752c43,1,0
dataset_2_binary_clean_v2,test,test/images/nozzle_tip_wrapped_0491.jpg,test/labels/nozzle_tip_wrapped_0491.txt,128388,38,1c8dbb8a878a4491030d30db2b07bb792e4ea17c1b1c60ecfb93ffa246953a12,40035ed5a20aa08e7ec06d161bdcbcc78df92f4882ca9194e959530ae3752c43,1,0
dataset_2_binary_clean_v2,test,test/images/nozzle_tip_wrapped_0492.jpg,test/labels/nozzle_tip_wrapped_0492.txt,133172,38,b42cd021dc4b607ccae4af9bf393a7d6830dbd8d2eb9618360bf0b943dc822cb,40035ed5a20aa08e7ec06d161bdcbcc78df92f4882ca9194e959530ae3752c43,1,0
dataset_2_binary_clean_v2,test,test/images/nozzle_tip_wrapped_0494.jpg,test/labels/nozzle_tip_wrapped_0494.txt,133931,38,f88a298b0906e34e9d57fee8e955906d4545b6a93a0cadf59c78750c9696a06c,40035ed5a20aa08e7ec06d161bdcbcc78df92f4882ca9194e959530ae3752c43,1,0
dataset_2_binary_clean_v2,test,test/images/nozzle_tip_wrapped_0501.jpg,test/labels/nozzle_tip_wrapped_0501.txt,127430,38,d955609d7b1f3a8a2166be479cf392a8bb0fb930c19e3a64e5dceb97726b7f29,40035ed5a20aa08e7ec06d161bdcbcc78df92f4882ca9194e959530ae3752c43,1,0
dataset_2_binary_clean_v2,test,test/images/nozzle_tip_wrapped_0505.jpg,test/labels/nozzle_tip_wrapped_0505.txt,126269,38,ec3e24fe3175ae85e673ac8eb246da0188f1283f007ca9dae3835724c763d7c3,40035ed5a20aa08e7ec06d161bdcbcc78df92f4882ca9194e959530ae3752c43,1,0
dataset_2_binary_clean_v2,test,test/images/nozzle_tip_wrapped_0506.jpg,test/labels/nozzle_tip_wrapped_0506.txt,129695,38,6f8306426fa68d37ad1bf2fa47a107f528f777f8d47c91444acfe0bb1329df0d,40035ed5a20aa08e7ec06d161bdcbcc78df92f4882ca9194e959530ae3752c43,1,0
dataset_2_binary_clean_v2,test,test/images/nozzle_tip_wrapped_0510.jpg,test/labels/nozzle_tip_wrapped_0510.txt,127805,38,a32ecaa00cf8363ef186b8afa40b59ae41ac691486d4fe4a99941d75476922e6,40035ed5a20aa08e7ec06d161bdcbcc78df92f4882ca9194e959530ae3752c43,1,0
dataset_2_binary_clean_v2,test,test/images/nozzle_tip_wrapped_0511.jpg,test/labels/nozzle_tip_wrapped_0511.txt,127443,38,1b862d10d8bc345beb435cab951aa721db4d15ffc02cb7e8ddeab4318a694589,40035ed5a20aa08e7ec06d161bdcbcc78df92f4882ca9194e959530ae3752c43,1,0
dataset_2_binary_clean_v2,test,test/images/nozzle_tip_wrapped_0523.jpg,test/labels/nozzle_tip_wrapped_0523.txt,119044,38,bbc446ef0d6a57f1080a56a48ff349e7ec88e8d05d222fbc7cc122bef1814765,40035ed5a20aa08e7ec06d161bdcbcc78df92f4882ca9194e959530ae3752c43,1,0
dataset_2_binary_clean_v2,test,test/images/nozzle_tip_wrapped_0525.jpg,test/labels/nozzle_tip_wrapped_0525.txt,122119,38,4f8c3efea423e9af9185492fffa46874a98e20b203799301b5e4b8c2b52afc72,40035ed5a20aa08e7ec06d161bdcbcc78df92f4882ca9194e959530ae3752c43,1,0
dataset_2_binary_clean_v2,test,test/images/nozzle_tip_wrapped_0561.jpg,test/labels/nozzle_tip_wrapped_0561.txt,110162,38,ed921c8bed62dbc8e73d74a7c00a48b31736ce683da4e788e9e81186ed1e2018,40035ed5a20aa08e7ec06d161bdcbcc78df92f4882ca9194e959530ae3752c43,1,0
dataset_2_binary_clean_v2,test,test/images/nozzle_tip_wrapped_0572.jpg,test/labels/nozzle_tip_wrapped_0572.txt,106102,38,732147dc8099765269f7eb7ff7f5e18891ce27ee9b2bed1042ab96f52f9337ae,40035ed5a20aa08e7ec06d161bdcbcc78df92f4882ca9194e959530ae3752c43,1,0
dataset_2_binary_clean_v2,test,test/images/nozzle_tip_wrapped_0587.jpg,test/labels/nozzle_tip_wrapped_0587.txt,107163,38,1c086ec2c02d0baf208dd1478e2a7d88cad43090393ffed810731eb905badfa1,40035ed5a20aa08e7ec06d161bdcbcc78df92f4882ca9194e959530ae3752c43,1,0
dataset_2_binary_clean_v2,test,test/images/nozzle_tip_wrapped_0594.jpg,test/labels/nozzle_tip_wrapped_0594.txt,103825,38,3f1c0952e2c4c11727047a70dffc517baaffc4ba31cfa429d6958d081b415c56,40035ed5a20aa08e7ec06d161bdcbcc78df92f4882ca9194e959530ae3752c43,1,0
dataset_2_binary_clean_v2,test,test/images/nozzle_tip_wrapped_0596.jpg,test/labels/nozzle_tip_wrapped_0596.txt,84419,38,a2f8ad38ac33d5209e12b04fd2f77e0fe2f3e7aa0ad2c0a69a9100bf8b45f7c3,40035ed5a20aa08e7ec06d161bdcbcc78df92f4882ca9194e959530ae3752c43,1,0
dataset_2_binary_clean_v2,test,test/images/nozzle_tip_wrapped_0599.jpg,test/labels/nozzle_tip_wrapped_0599.txt,84609,38,f08dbbf0d12c3ae47a3efdeda0133bdfb308ec27bfb7d45b3f9a12e0455770bd,40035ed5a20aa08e7ec06d161bdcbcc78df92f4882ca9194e959530ae3752c43,1,0
dataset_2_binary_clean_v2,test,test/images/nozzle_tip_wrapped_0604.jpg,test/labels/nozzle_tip_wrapped_0604.txt,98192,38,f09db1088bdd5e9c77f3c46e8d4ce92cc6a6330d33beea0d1d7d2f811346e302,f4b62b49937cc626927e1ac8400957ef2192d5a7cc4e4b65d3970f597b2dfcd4,1,0
dataset_2_binary_clean_v2,test,test/images/nozzle_tip_wrapped_0617.jpg,test/labels/nozzle_tip_wrapped_0617.txt,100023,38,1e10ad2621e610ef8ade22ba81ca86be56bacbbedb6e39bad1415dd68df425a0,bf3eec2e3accfea8b2a2e68c17f78bde600ee13509ee63c3aa1ab80a26712598,1,0
dataset_2_binary_clean_v2,test,test/images/nozzle_tip_wrapped_0620.jpg,test/labels/nozzle_tip_wrapped_0620.txt,96873,38,76497a3db1f442852590989498ecd79ed546f559375c23faf358b0e8c15c40c0,bf3eec2e3accfea8b2a2e68c17f78bde600ee13509ee63c3aa1ab80a26712598,1,0
dataset_2_binary_clean_v2,test,test/images/nozzle_tip_wrapped_0622.jpg,test/labels/nozzle_tip_wrapped_0622.txt,98051,38,c62a6014b5da58ac4993f9d5c646637225142bd5010cdd16d77347f09fea3152,bf3eec2e3accfea8b2a2e68c17f78bde600ee13509ee63c3aa1ab80a26712598,1,0
dataset_2_binary_clean_v2,test,test/images/nozzle_tip_wrapped_0633.jpg,test/labels/nozzle_tip_wrapped_0633.txt,87254,38,f0cd81aef07a81e2302917de52444da1710733ca5e6c39b49008863575d59f75,bf3eec2e3accfea8b2a2e68c17f78bde600ee13509ee63c3aa1ab80a26712598,1,0
dataset_2_binary_clean_v2,test,test/images/nozzle_tip_wrapped_0635.jpg,test/labels/nozzle_tip_wrapped_0635.txt,102665,38,599f0afa9f01ced8edf5acf50c885376fe028badc5ba5ed23db80ac9b6213ee4,bf3eec2e3accfea8b2a2e68c17f78bde600ee13509ee63c3aa1ab80a26712598,1,0
dataset_2_binary_clean_v2,test,test/images/nozzle_tip_wrapped_0636.jpg,test/labels/nozzle_tip_wrapped_0636.txt,104510,38,fdf1a441f03240e43867aea735889cfffc8dcaf45863a7f70573b007d5288a2f,bf3eec2e3accfea8b2a2e68c17f78bde600ee13509ee63c3aa1ab80a26712598,1,0
dataset_2_binary_clean_v2,test,test/images/nozzle_tip_wrapped_0638.jpg,test/labels/nozzle_tip_wrapped_0638.txt,102780,38,e510148e70d6e5befd766893554b6c4b6dca061df66ce5c32fb94899cb88c312,bf3eec2e3accfea8b2a2e68c17f78bde600ee13509ee63c3aa1ab80a26712598,1,0
dataset_2_binary_clean_v2,test,test/images/nozzle_tip_wrapped_0659.jpg,test/labels/nozzle_tip_wrapped_0659.txt,102347,38,c02e066220452ad37b954c3afb698c4b188a72e7c1ad2083d431045e81a7db91,4c57c347bfcccb463bd94416504ce551f3658e49586aeb6c72fd5c2f87809143,1,0
dataset_2_binary_clean_v2,test,test/images/nozzle_tip_wrapped_0660.jpg,test/labels/nozzle_tip_wrapped_0660.txt,102407,38,1f9f348ac8cd558cfb0e2dd8e7ceba9f8c54a8774f008da36141fc390106bd8a,4c57c347bfcccb463bd94416504ce551f3658e49586aeb6c72fd5c2f87809143,1,0
dataset_2_binary_clean_v2,test,test/images/nozzle_tip_wrapped_0661.jpg,test/labels/nozzle_tip_wrapped_0661.txt,101873,38,261e0bb312d4139e1df725114c513669259f59d5d203c805620f43a1d0ea85ab,4c57c347bfcccb463bd94416504ce551f3658e49586aeb6c72fd5c2f87809143,1,0
dataset_2_binary_clean_v2,test,test/images/nozzle_tip_wrapped_0667.jpg,test/labels/nozzle_tip_wrapped_0667.txt,105314,38,69e96cf5cea24e028a6e1c9e155947d0fe9b311cd4f27cb6118b47c4dac01cfb,fe2bd04b4d117d18e4ff73b96bebd60de36a172cb32c4a2b4a70718c20ddb4ec,1,0
dataset_2_binary_clean_v2,test,test/images/nozzle_tip_wrapped_0707.jpg,test/labels/nozzle_tip_wrapped_0707.txt,101568,38,635f65e90a0b704ec20dab843b617f023c9afe4ee45d7ac3462432ca2fdc960e,079a67a304c0cc08efa98263ef55e0ab6b91b95121cf557baf44efde3061e833,1,0
dataset_2_binary_clean_v2,test,test/images/nozzle_tip_wrapped_0718.jpg,test/labels/nozzle_tip_wrapped_0718.txt,98714,38,f46154e0fc06cf4a98d7a9438790f433628607bd66f39283b728de4c43ecf66b,aa167bb5b1ffdbf95abca1643e89a2abbb9176c5b1902c8bac25c75c7e491aa9,1,0
dataset_2_binary_clean_v2,test,test/images/nozzle_tip_wrapped_0737.jpg,test/labels/nozzle_tip_wrapped_0737.txt,91418,38,3f28efaf65c9dcba13dfa904288553638aa76b2f3890e4f1dcc97de2012be262,44d3b2f0a5332fc095c9fecd99a080fe55b4657bbb11639e6b60dac3b7c66125,1,0
dataset_2_binary_clean_v2,test,test/images/nozzle_tip_wrapped_0753.jpg,test/labels/nozzle_tip_wrapped_0753.txt,101204,38,3bdb88bc8b9a27c5e090a5ff23e4e6fe978dcfdfe92e459190654012b803a8f2,0f8367669fab698b755e27785e4302cb516a79e34ad11245c3661ecad6d9bc24,1,0
dataset_2_binary_clean_v2,test,test/images/nozzle_tip_wrapped_0754.jpg,test/labels/nozzle_tip_wrapped_0754.txt,96632,38,8557996cb77bc1ea9a48934bba9df51c4c9dbc20096edd0522a71d9324934af0,d9f32e142a5edae05dc3ed9be48ee8c1b106d315325d46d17769216b042f07c7,1,0
dataset_2_binary_clean_v2,test,test/images/nozzle_tip_wrapped_0757.jpg,test/labels/nozzle_tip_wrapped_0757.txt,76086,38,36b8eac8e940c4215e320aa59071ef0c75100c9c1bcb2fcde493c5a6af483810,2d172ec41cdaba1ead5cf0ba2c2c60251b6d7c08557c5981801066a683d1f052,1,0
dataset_2_binary_clean_v2,test,test/images/nozzle_tip_wrapped_0758.jpg,test/labels/nozzle_tip_wrapped_0758.txt,89888,38,a409b277eb122f4d0789ca6ca2f676b53fc758ffda61566c54ac4756a5866df1,99475f9b5b3bfb5afc39b7837f4640d1c204b4e51a42156a210e81ce4e9e6014,1,0
dataset_2_binary_clean_v2,test,test/images/nozzle_tip_wrapped_0762.jpg,test/labels/nozzle_tip_wrapped_0762.txt,90652,38,3ec4badc80b6dfc2a8ebbdd041f43bcc9fad642750b8d61977b855c2e2de78e4,2c7d39513a4daf1d64cd37124632fc1d5c127bad6fc054d95597a5a241b1b462,1,0
dataset_2_binary_clean_v2,test,test/images/nozzle_tip_wrapped_0764.jpg,test/labels/nozzle_tip_wrapped_0764.txt,106450,38,0d3f35839c8df2226495784b7396d295afed81f5177c764250be521c64f6efca,f83ceebbdcb0bce31243ef4026e72f3873067c68c7cb1b0d911eb1cf90655474,1,0
dataset_2_binary_clean_v2,test,test/images/nozzle_tip_wrapped_0770.jpg,test/labels/nozzle_tip_wrapped_0770.txt,113236,38,11e25caa63b1dba8cba2f4d41b1fe4529025b608e69af192f52f2c257c9a58cd,7d6bd49045e075c0bb99245e592decdd60aa6410e082e5929284b8ab4ff6c1f6,1,0
dataset_2_binary_clean_v2,test,test/images/nozzle_tip_wrapped_0772.jpg,test/labels/nozzle_tip_wrapped_0772.txt,111819,38,6faa6e269ca2e8cb675b8dfe8964571ed1edabceecc284f43b1040f418a9ea13,de695256461e9196a0d452f3074832dfb8115d7ce0ccdec1273a2210d26ecbbb,1,0
dataset_2_binary_clean_v2,test,test/images/nozzle_tip_wrapped_0776.jpg,test/labels/nozzle_tip_wrapped_0776.txt,106514,38,54396111c5e8206b2d83efdb238a1b06c52e9457f16e80097c407deaa034f331,5d21a48140ede836d416170f246ed333e409e9a5fb7edd30bf0908f2f815eb75,1,0
dataset_2_binary_clean_v2,test,test/images/nozzle_tip_wrapped_0778.jpg,test/labels/nozzle_tip_wrapped_0778.txt,110323,38,e7ef051495d446f19441c1e42030341e02516bb9937995d06e990e8d2f0da07b,ee201b86a32092225ee03c645cebd60ab375416d39d318fbf3ed8e2859d2ad1a,1,0
dataset_2_binary_clean_v2,test,test/images/nozzle_tip_wrapped_0782.jpg,test/labels/nozzle_tip_wrapped_0782.txt,113442,38,2064c6e206d104902ec80cd00927da14ea4cbd28703ea02a22d07baec83f3ada,c264dafb97f56c7162f05bb7b408704ca30c50900894805dc655507f2961ab5a,1,0
dataset_2_binary_clean_v2,test,test/images/nozzle_tip_wrapped_0791.jpg,test/labels/nozzle_tip_wrapped_0791.txt,111065,38,d8ecf2771aee5e4c46c66b6a248a9c68ef209e74d7cbffa68ab9be351050fc7b,9f1aab8dddbafa8218fa9cd97e8ec1ad4d3a5094ffe5e5c09a6855d710c19dff,1,0
dataset_2_binary_clean_v2,test,test/images/nozzle_tip_wrapped_0792.jpg,test/labels/nozzle_tip_wrapped_0792.txt,115527,38,14ac0e469769c4a920dd50c9a4a4eb691dbf6ff7e448ee6d6ea40576e7b7b344,087c56f252adddec5e3be1ba48ffcf79415879821b0e21bec29da1c3c49d1430,1,0
dataset_2_binary_clean_v2,test,test/images/nozzle_tip_wrapped_0803.jpg,test/labels/nozzle_tip_wrapped_0803.txt,89258,38,5277907d94e13dc0490644721d06ec35a667b9390ef0b558ce4af9b74baf1d66,d2f37af8e61d668371fe15de018d78f67c34ec43537ef88f76af1d144e9ceba3,1,0
dataset_2_binary_clean_v2,test,test/images/nozzle_tip_wrapped_0805.jpg,test/labels/nozzle_tip_wrapped_0805.txt,89887,38,8ddc9e51654022b0ee7f21a354b4a0902f816d445afdf3245e8497fe0232a733,7a117d9c454409beec5bb7a635a41533600897e565602ab6b99fd0fd8a006053,1,0
dataset_2_binary_clean_v2,test,test/images/nozzle_tip_wrapped_0807.jpg,test/labels/nozzle_tip_wrapped_0807.txt,106558,38,6e27ce9718132dd6f074d1bda2f6db9bc401757e5344d336c4b36bbc30d15f77,8f87b000b92df3afe860f33b54b65c9f7d235eb38230dc250f6facb67c5f671c,1,0
dataset_2_binary_clean_v2,test,test/images/nozzle_tip_wrapped_0829.jpg,test/labels/nozzle_tip_wrapped_0829.txt,105686,38,1547d5a2c286473f026bcf65f5da196184627cf5b9bff87fe473812dec3157d7,967c4316c77af558c122aa20c5cd339ab6ae65fafec16633268bac5bd41d8f96,1,0
dataset_2_binary_clean_v2,test,test/images/nozzle_tip_wrapped_0830.jpg,test/labels/nozzle_tip_wrapped_0830.txt,113592,38,72c36a2ba616986476e40bc1e6cca2e9ca10bb426a59bc1fe5ca6651d452cb47,53b121d196c788b1379f1cf375fc25c0ab791e3c360fbad41ff94ada3a1c7e7b,1,0
dataset_2_binary_clean_v2,test,test/images/nozzle_tip_wrapped_0831.jpg,test/labels/nozzle_tip_wrapped_0831.txt,118562,38,5837f9eeca046ff5304ea8667a80892329044f18718902efd8e0ab0ce39059b0,7462a4244d0db7840ce40fce0ed4675b44a9c1f12788d5abd5ae781714392624,1,0
dataset_2_binary_clean_v2,test,test/images/nozzle_tip_wrapped_0833.jpg,test/labels/nozzle_tip_wrapped_0833.txt,99314,38,43df7574eb2fee23d0ddd921b89b8a0d694a80900f9f1827b7b597129f8e6c27,a1767e75502018723d6ced45cbf28e212d203dad89ffe7fe45e6079b7df8c492,1,0
dataset_2_binary_clean_v2,test,test/images/nozzle_tip_wrapped_0840.jpg,test/labels/nozzle_tip_wrapped_0840.txt,117651,38,135af26677b1ede58e5fac172fcd748c43b1254fb386cf8a3dafddcbfaff4bfd,6f472389708339e745369799e5c9d0c6331d8dc8dce1dd0b674a8306228b9df7,1,0
dataset_2_binary_clean_v2,test,test/images/nozzle_tip_wrapped_0845.jpg,test/labels/nozzle_tip_wrapped_0845.txt,100943,38,0499dfc02616ab00a798ce944fa0b1c2334021f3b375f5bc181ce5a337848765,15a993f02ccfbdf312b2c4cdf8e327b8ab02ff79b3ea0e775ac4e217a40cb866,1,0
dataset_2_binary_clean_v2,test,test/images/nozzle_tip_wrapped_0857.jpg,test/labels/nozzle_tip_wrapped_0857.txt,93468,38,f42d9704c6a5dc827c97160b27569a51fc3e86d02498f30628fa0a874aa393f3,381581bf253db7d33b06dd38d980df878b0445b8f603f27f4320a0c8db11c461,1,0
dataset_2_binary_clean_v2,test,test/images/nozzle_tip_wrapped_0877.jpg,test/labels/nozzle_tip_wrapped_0877.txt,116689,38,add149a86ba499eda2c0991953231dcb6699b60ae264a87287d3fe35f0331098,bb1e82406bdc472027dbf4ebcfa51c026a4efee735494253b2ec2bd4086f0a80,1,0
dataset_2_binary_clean_v2,test,test/images/nozzle_tip_wrapped_0881.jpg,test/labels/nozzle_tip_wrapped_0881.txt,123131,38,989153c56d25a6614af237133a9da3ead88e6064cfe5ca85e9e67165bac510a5,226f2af28197d19d3c306c6d0b0e4c74a66522cd8819d1b4fbc6ae139ebe3bf4,1,0
dataset_2_binary_clean_v2,test,test/images/nozzle_tip_wrapped_0891.jpg,test/labels/nozzle_tip_wrapped_0891.txt,116303,38,03f12fde62da6cc96aa733875ac29e30aa6363bf6bc3bcd3f033c1b875235096,e677670d4d9b5695f538baf55c234c4f7e45b5c448cd90e84c4c1de5d072f4e9,1,0
dataset_2_binary_clean_v2,test,test/images/nozzle_tip_wrapped_0900.jpg,test/labels/nozzle_tip_wrapped_0900.txt,105712,38,b9754df14a40ba9a8f0c9ac43a707ccc8f807a0ae8634afc6935452e4ab26454,895e1e92487497350b7d4133abeac968b4231cac0d000185198a61e6f215b721,1,0
dataset_2_binary_clean_v2,test,test/images/nozzle_tip_wrapped_0924.jpg,test/labels/nozzle_tip_wrapped_0924.txt,106606,38,4aa18f9e854e2d5648b3b90909a1799a1b4189d9a31d03e83d13bfd42da473b2,166b3c95d50dd835481d9dcce18e3acc926105143463687cb0339532b1386b30,1,0
dataset_2_binary_clean_v2,test,test/images/nozzle_tip_wrapped_0940.jpg,test/labels/nozzle_tip_wrapped_0940.txt,100749,38,8cad7cecb7cb41cfc349f6f7b91dd1ee4bf5c653b9bc6bc30062c07d65637f39,7952a881add1a23f580075a1cdb668cfa9a396f7ef0e59a3d181622209a2ff41,1,0
dataset_2_binary_clean_v2,test,test/images/nozzle_tip_wrapped_0950.jpg,test/labels/nozzle_tip_wrapped_0950.txt,117764,38,3f687081743ff075f38976627aa02c57a622c2397646f4515e86d45ad39c66ea,f260452493d79b5700d3acbec54c01b8073087479b9e994f718d6f1671bd5011,1,0
dataset_2_binary_clean_v2,test,test/images/nozzle_tip_wrapped_0951.jpg,test/labels/nozzle_tip_wrapped_0951.txt,110919,38,4b14c43968f52e12c3293644da9a86cca6919d1fb0436058d0c604ac2cb6fe48,d66cab0470e468ceda923903a4143502aabb47d1420257c00b5d739ac7c7e125,1,0
dataset_2_binary_clean_v2,test,test/images/nozzle_tip_wrapped_0952.jpg,test/labels/nozzle_tip_wrapped_0952.txt,107308,38,d598ae89c59d9f93859365c936f907aad41a98a1dad27ab77a99d75b53157184,83f0a1cbc4698cbc3923918043d577fe72d62d01baf5f918e503bab97c3c84bd,1,0
dataset_2_binary_clean_v2,test,test/images/nozzle_tip_wrapped_0960.jpg,test/labels/nozzle_tip_wrapped_0960.txt,80282,38,e6c6abc2ae8ea98f8dd4ee879eb41d2bd203b265a7c0d1777e82c58b89d5cb66,44dd6ceda21ecc59d35f3a611011a568918547a3020268d24c0284db03ebd8f2,1,0
dataset_2_binary_clean_v2,test,test/images/nozzle_tip_wrapped_0962.jpg,test/labels/nozzle_tip_wrapped_0962.txt,100850,38,2407d613dc4053e374f7e111fa4933fc7b36a6c44777f68fc1931852ab07ba3e,b7e950ebc7ee8e65523c3a8ea97404dbfbcfdc8f35de0b832bdbaadc5d306399,1,0
dataset_2_binary_clean_v2,test,test/images/nozzle_tip_wrapped_0964.jpg,test/labels/nozzle_tip_wrapped_0964.txt,105944,38,58bddc573c4f262cde798d25c12d4c1fc330104e908542a5805b2418d67ac417,8d78b01922653cd0a7726c9222b9dcc3e359aa911fc2f88c2eabac8515890c5f,1,0
dataset_2_binary_clean_v2,test,test/images/nozzle_tip_wrapped_0968.jpg,test/labels/nozzle_tip_wrapped_0968.txt,94177,38,582e2fe4c130334e04c65833d58ca91f221ce5cb1314adb1aae09c437aac9b7f,16f4f4657fb388b6728a3c4ba0a696d30884a5fba3dc84a4e87ea5ccccb766ee,1,0
dataset_2_binary_clean_v2,test,test/images/nozzle_tip_wrapped_0981.jpg,test/labels/nozzle_tip_wrapped_0981.txt,115261,38,00333ef07cabf37094bf236eeb5f72e49b9c22b78ddd0e63f9e03c5f7cfbb0c1,2ca2ecd87b03456c29754767d2f813b7574e67dcf7ab3770ca66245b0cd9fdb3,1,0
dataset_2_binary_clean_v2,test,test/images/nozzle_tip_wrapped_0983.jpg,test/labels/nozzle_tip_wrapped_0983.txt,111870,38,059c7ae87a426e6d19a448d6973db3c7857d6f99eba1bf5fcc1d462da0aaab95,f4de24acc84e544befe04be99076430160f2fbfabd4d3e56ec09e5191dc155c9,1,0
dataset_2_binary_clean_v2,test,test/images/nozzle_tip_wrapped_0984.jpg,test/labels/nozzle_tip_wrapped_0984.txt,110711,38,534f2c1df7d3e0c317f338c55796f7c0f56ad0053989bd5088eccb542e534d37,aeb88cbd625315090629696a806b19949c16ab7f2d639c80faff6ffc54b51687,1,0
dataset_2_binary_clean_v2,test,test/images/nozzle_tip_wrapped_0993.jpg,test/labels/nozzle_tip_wrapped_0993.txt,112355,38,c8ef81be6b69f3747c93e25b05735a1264b9173945ac22aeb0c61345fdb449c6,589221ac10c04332b4c50b745a8e3aaca350a2e32046c7022c71cd2d68de1c47,1,0
dataset_2_binary_clean_v2,test,test/images/nozzle_tip_wrapped_1010.jpg,test/labels/nozzle_tip_wrapped_1010.txt,91075,38,0455c10bb3338ec9d12c6c2a68ba88775de0a1fd09d22c7ee32933416b3b516a,8d78ece8850ae80494ddbe13b40308ab86c9bcc4d2ee398901e296bc649104dd,1,0
dataset_2_binary_clean_v2,test,test/images/nozzle_tip_wrapped_1011.jpg,test/labels/nozzle_tip_wrapped_1011.txt,108393,38,97e1988a7984961b724d91c9371de1672e1735fa2751272109d891214d64404d,4e526e0370b017bb082260d4e49bdfc001a1465342b41f0e6a67fb33d37f6094,1,0
dataset_2_binary_clean_v2,test,test/images/nozzle_tip_wrapped_1015.jpg,test/labels/nozzle_tip_wrapped_1015.txt,112820,38,54b0fc230a610a11103008bfe8dca322f59aca126a6f0e43822bc6c9785980e9,40901f70a530b5187ac4834b0775052f1a1f1fc79029c6e2b57335d3d615b7a8,1,0
dataset_2_binary_clean_v2,test,test/images/nozzle_tip_wrapped_1016.jpg,test/labels/nozzle_tip_wrapped_1016.txt,106573,38,da84f88e65dc1d236e788db97f0871f7a2f5b73ea60a5c4c71e9c01fad82f305,05d98d4e70d717e3fd87e08f0bd99a46e09ff5f2428163bd42946525ce2b2ecf,1,0
dataset_2_binary_clean_v2,test,test/images/nozzle_tip_wrapped_1017.jpg,test/labels/nozzle_tip_wrapped_1017.txt,111621,38,10c54b2cbd3fef5231c8fc9f0110be029178135ca2685cdd1893c6015f1dd6df,6ea94fcf975780ef8c453168526869ea9573e0258bcf6314c2f7ccd2d049d5ca,1,0
dataset_2_binary_clean_v2,test,test/images/nozzle_tip_wrapped_1022.jpg,test/labels/nozzle_tip_wrapped_1022.txt,110429,38,68b11634f45af317ebb9827a4a144c90362af070abdf2d7434ec07fe59d1b91f,e34d03f77f8e4f6e88df0a00281c1fa86cdf13abdd0517d40c136a5685d776b5,1,0
dataset_2_binary_clean_v2,test,test/images/nozzle_tip_wrapped_1033.jpg,test/labels/nozzle_tip_wrapped_1033.txt,113703,38,11ea1ac8da2891b9ef69557603a8feda8c4f13255c1bc82f54ccf8f84f00bec8,82bed2054160ea2aa3ac89152cc6200ad66ae0dd087435e306fdf4a5e6731c23,1,0
dataset_2_binary_clean_v2,test,test/images/nozzle_tip_wrapped_1035.jpg,test/labels/nozzle_tip_wrapped_1035.txt,98877,38,ea160f86556558347e7a5507cdf0cf00547036e83c4b2b4440f85901fdaa0330,8576d341e7293929a824e10782806bcc4b6f908edd8a4cce4d26de82032aa5a2,1,0
dataset_2_binary_clean_v2,test,test/images/nozzle_tip_wrapped_1036.jpg,test/labels/nozzle_tip_wrapped_1036.txt,116247,38,52c226d2f93e4ab351806920e1ca365c5e9cc9ea64e20e6fb2458cacdd35e39c,5ad4ef48f647740413befbee094eff35699959e8ed1ed4104ac6185bd12dd33b,1,0
dataset_2_binary_clean_v2,test,test/images/nozzle_tip_wrapped_1046.jpg,test/labels/nozzle_tip_wrapped_1046.txt,112402,38,a499f3175d486add3c225c4682ed74f59cb40757d15843b640e0c6ff48344ea4,d1e65423aa261cd4d6c24a05b2b9af33393d58d0aafabc425a1d61f09473c897,1,0
dataset_2_binary_clean_v2,test,test/images/nozzle_tip_wrapped_1053.jpg,test/labels/nozzle_tip_wrapped_1053.txt,126189,38,69c4d9eaaf9aa1a4f3b28167518fb46d42840876a872e22fbcf731b81869cefa,dc45b37d1df267e8d56dc0ec0e2c653c6986e62ca933f3d99f43dd346aeab4f7,1,0
dataset_2_binary_clean_v2,test,test/images/nozzle_tip_wrapped_1057.jpg,test/labels/nozzle_tip_wrapped_1057.txt,126478,38,cc1939b5ec195abb4a216f7dd64371d4a00c53140aceaf41edd6b83175903b56,99907c88287add5bd51882f2d10cb0f72b2a86b49ce325fe0b3e7dcf55a7347e,1,0
dataset_2_binary_clean_v2,test,test/images/nozzle_tip_wrapped_1059.jpg,test/labels/nozzle_tip_wrapped_1059.txt,85807,38,0930098f3b8221ac71331d5f2c293c393a7d2ab78119668c6786060339f426da,997d4eab6ed4e4516ec43317c34cfbc72a65bcdc43b49914aa3b9ea7a9124f66,1,0
dataset_2_binary_clean_v2,test,test/images/nozzle_tip_wrapped_1060.jpg,test/labels/nozzle_tip_wrapped_1060.txt,102846,38,5d67e1cf124511e1b05f68588ed68eae9adcf078085e33108bc4f1fea2b9443e,3c885dc8efe659543117e63c51c6f3a94d147298d4dc18422ee9b14f7be1c5da,1,0
dataset_2_binary_clean_v2,test,test/images/nozzle_tip_wrapped_1061.jpg,test/labels/nozzle_tip_wrapped_1061.txt,127930,38,f96d1995564d11ea07a0cd51d27a00e36dfa5d0656490b52450a4614e9f9d5e9,486c07fc616a847697f4ab2203f2573ccb4040c475bb67fcbe9c7d6eff8485a1,1,0
dataset_2_binary_clean_v2,test,test/images/nozzle_tip_wrapped_1062.jpg,test/labels/nozzle_tip_wrapped_1062.txt,113206,38,46b78c4050d53bfdc0d14fa07984dc1a9f42d1df748b122ec541b293b6675736,ce29a0b6650654493374a9bd2147b1e15145098b491288386f8a232665b02073,1,0
dataset_2_binary_clean_v2,test,test/images/nozzle_tip_wrapped_1065.jpg,test/labels/nozzle_tip_wrapped_1065.txt,121472,38,e545fabd84bb7665fd20dc1f5da4c58549cd8412b8a6ff8639dae280c7b6813a,d2266bec4a267abe9d9dec89417683fefbff23eec71450fa407a540897d810a5,1,0
dataset_2_binary_clean_v2,test,test/images/nozzle_tip_wrapped_1072.jpg,test/labels/nozzle_tip_wrapped_1072.txt,97827,38,edd40a08cf65958a5786ad89d112acbdcea4f9e8b070b74bb181e7e8db378717,bf2b8eac958d6ea840c7931db894e1685051e9aa3991a4bf480c13734ef97370,1,0
dataset_2_binary_clean_v2,test,test/images/nozzle_tip_wrapped_1073.jpg,test/labels/nozzle_tip_wrapped_1073.txt,103563,38,f297a51658234d48acb84da588a024de92d50b19e6c40e378bbb8992a5207fbe,ea1e432fa196aca95cf7689778702aae6edc9a4309dc878521114a1aff15510e,1,0
dataset_2_binary_clean_v2,test,test/images/nozzle_tip_wrapped_1075.jpg,test/labels/nozzle_tip_wrapped_1075.txt,104698,38,c8180593dbf18b929b96d6a01040d03576324ce39639bc38233065d1acefbc04,520cf35b3173e8fd65ab81d18b844cbc6639cc6db5d9609baf225beb338f41bb,1,0
dataset_2_binary_clean_v2,test,test/images/nozzle_tip_wrapped_1085.jpg,test/labels/nozzle_tip_wrapped_1085.txt,102271,38,67d10e07e11d271c9b10ff4d76696eb6e1c59555b4a50a18c10342579648c795,abcaf74a00420be0264d434459b5e5e179efbae05ef8c79dbdb563b3f700146b,1,0
dataset_2_binary_clean_v2,test,test/images/nozzle_tip_wrapped_1088.jpg,test/labels/nozzle_tip_wrapped_1088.txt,112512,38,f1815e24908e44cae324849dbe208c97f37791d73d7fb5c8f20514aa3aa0d3b0,7b50539df887aa549b7180b43b7c2fae25bffba1b602df606755e4c2471692ae,1,0
dataset_2_binary_clean_v2,test,test/images/nozzle_tip_wrapped_1112.jpg,test/labels/nozzle_tip_wrapped_1112.txt,121807,38,c97a89420538dabad848fb7fec7114e86479027aee155c9a139730d58ca9f9b4,666435533830691b059ee6f42c85ad3e9a3ddb9bd798b70fb1f521cbd5c28374,1,0
dataset_2_binary_clean_v2,test,test/images/nozzle_tip_wrapped_1121.jpg,test/labels/nozzle_tip_wrapped_1121.txt,121930,38,20f84774ef234aab2ee53637b9ea62090bd419a230fc6cf4db6fcc207a01903e,a2f7c93d664ee05cd86c50f8f06e288cd6fc841c4b61212b0649704de072e376,1,0
dataset_2_binary_clean_v2,test,test/images/nozzle_tip_wrapped_1126.jpg,test/labels/nozzle_tip_wrapped_1126.txt,132408,38,57914ef4ead21943b0a18f48384230b9f7034ec7dd0d23d07330aaef1d43736b,fe670243374ab396d482290416edd28347b4cd44036fc9feb35153e9b50d9479,1,0
dataset_2_binary_clean_v2,test,test/images/nozzle_tip_wrapped_1140.jpg,test/labels/nozzle_tip_wrapped_1140.txt,114267,38,923ab4b4802df9bca274ba91b7fa99757ccccd5ed897a469f9ce04259038dd80,0371a862bacd20005e07b166f4131485804b2d305f74d6abb773c801ea7b8941,1,0
dataset_2_binary_clean_v2,test,test/images/nozzle_tip_wrapped_1142.jpg,test/labels/nozzle_tip_wrapped_1142.txt,88375,38,046110942639f566e67959445db6903f3e825966df80229ca3b20de4a8b9e27e,a5c4ed9b2be87881225cdee5b5ad9991a12a1ceacb9afd2bb385387a67c64f36,1,0
dataset_2_binary_clean_v2,test,test/images/nozzle_tip_wrapped_1144.jpg,test/labels/nozzle_tip_wrapped_1144.txt,119475,38,a8a3c92b66b0f076de6e8d29088e93f11df4d1a4ba64d69450f4e60375d66958,6b3252d8257694dc335674d781ff1bcbc71f8239df9879e791bff470e718dd63,1,0
dataset_2_binary_clean_v2,test,test/images/nozzle_tip_wrapped_1150.jpg,test/labels/nozzle_tip_wrapped_1150.txt,116891,38,96bdac5de4f5389e7e50ca6461a9d7621e94d4c5fe1ceba888da351b641046b0,65366c005168f9fb569d818ad6940d652c1c9b19998df88d9421cac206c7478b,1,0
dataset_2_binary_clean_v2,test,test/images/nozzle_tip_wrapped_1152.jpg,test/labels/nozzle_tip_wrapped_1152.txt,117444,38,d06fda02664bd01517f3767321dd7e4e4c3bfd28c14c18962b2a0925e28cdb78,f7db0662741bea508ba880609312392609c763408aa83ce1845f1bf953f3dc71,1,0
dataset_2_binary_clean_v2,test,test/images/nozzle_tip_wrapped_1157.jpg,test/labels/nozzle_tip_wrapped_1157.txt,113914,38,a79f1f0b32e5a9a83590955e98635abbe9b8b1169a4568e3b15bbf8195408709,197e48fec9c3160649e0a898438f9b709b3700c34f9af1d73f1502b7cd108daf,1,0
dataset_2_binary_clean_v2,test,test/images/nozzle_tip_wrapped_1172.jpg,test/labels/nozzle_tip_wrapped_1172.txt,124735,38,0b3e3d5b66cd0ea51b70bb0f6c136958c767e90f169805d43c5c97359bfc24f4,2155c54fe9d6b372acdc3dbfb02964a2fc74ae3e9b0b6f14190c82e4f0c8fdea,1,0
dataset_2_binary_clean_v2,test,test/images/nozzle_tip_wrapped_1174.jpg,test/labels/nozzle_tip_wrapped_1174.txt,116427,38,7889ba4a599d0f537d3f2fbbb397f8848d05fb26684ef74cd3f30a926f23f3f2,58224e4746f4fa068717f2211a77167f27b8ff4dd28c4f67c1f88380bf33f57d,1,0
dataset_2_binary_clean_v2,test,test/images/nozzle_tip_wrapped_1179.jpg,test/labels/nozzle_tip_wrapped_1179.txt,116578,38,8d544f06b26e88dd9513bb6a433a83d4b85fb47ae3f4ab29b4352ec220c904c7,0f25c5c70ba7e0569f0f58e6033b926e2d229ed35d9f3940e75d21aae0f2ec21,1,0
dataset_2_binary_clean_v2,test,test/images/nozzle_tip_wrapped_1180.jpg,test/labels/nozzle_tip_wrapped_1180.txt,112452,38,7db507b5f56b71f1ade61d9bfcf8f9250f92ad459504f032b713062751f448c2,e0770deb179aa4419d1387e0a88d409f6ff7f26ee6c76ae01c153d48c5ebe515,1,0
dataset_2_binary_clean_v2,test,test/images/nozzle_tip_wrapped_1186.jpg,test/labels/nozzle_tip_wrapped_1186.txt,138933,38,aa008008cfc8a7645cbbfbf7a4689d5a413dcda5620afc29981955c9be5ce98d,9edf06601778a1ed08d5ae54fdbbf8a2a97ba0284945845f023aeca5d4a6410d,1,0
dataset_2_binary_clean_v2,test,test/images/nozzle_tip_wrapped_1197.jpg,test/labels/nozzle_tip_wrapped_1197.txt,111095,38,a03c4f359240680bdc04db29fa45f457a60cf1e538c310069936eeae4b5d7737,235329861e215be486a49a20de01c48df10264f3fa71d90fb34538f41d10a832,1,0
dataset_2_binary_clean_v2,test,test/images/nozzle_tip_wrapped_1199.jpg,test/labels/nozzle_tip_wrapped_1199.txt,134059,38,72da83cfaf9f4909f1c16b23912e12e720d8422e800a5cfa760eb1ae842d454b,38d68006b0075c12d4bc5a67543cf620c964cc0ce65bbc022eaa548a75977122,1,0
dataset_2_binary_clean_v2,test,test/images/nozzle_tip_wrapped_1210.jpg,test/labels/nozzle_tip_wrapped_1210.txt,114271,38,f40e2a1e331a837d380b08039b648604ad2a86b78fa49f17b7c0f572e7fdd2e1,b07b6fcd1d143fcd57ff1765af31fdc0d284a45450a7d7ee719ec1718afa82aa,1,0
dataset_2_binary_clean_v2,test,test/images/nozzle_tip_wrapped_1213.jpg,test/labels/nozzle_tip_wrapped_1213.txt,89183,38,6c9d4554f1d006942e958ae1d401e34364a75244a548e8f8dd94c0d9ac07d46e,9e3060c2a9e84d99607d0a2966ab9bc60d0af17636bbd2b0572794ea1b366fe3,1,0
dataset_2_binary_clean_v2,test,test/images/nozzle_tip_wrapped_1215.jpg,test/labels/nozzle_tip_wrapped_1215.txt,112141,38,dbab3bade3f40c3aa266081493c9efc155ebb17f32b73f6d1340cd402859e00e,176f638fc461a12cf3de43f93260e5a8cc1bd00f15c851cb1e846c25145697f2,1,0
dataset_2_binary_clean_v2,test,test/images/nozzle_tip_wrapped_1216.jpg,test/labels/nozzle_tip_wrapped_1216.txt,106176,38,d716a024ed52f5dc51f36c780ebb8c6c0d83efea3def586f64668da645eddfb8,118dcc3ba4a76378cd1e66b0e196b647d0b666b6f923d7ea0f98b4bad36b2923,1,0
dataset_2_binary_clean_v2,test,test/images/nozzle_tip_wrapped_1219.jpg,test/labels/nozzle_tip_wrapped_1219.txt,97568,38,24e544fa2d2e8a12f5ba98015716ca05fa9aa4d9093f2dec78c1b5dd533651fa,6bbaa18281129443e6e5416f4c2176ab7538244dfaef48d28809d060069b9695,1,0
dataset_2_binary_clean_v2,test,test/images/nozzle_tip_wrapped_1220.jpg,test/labels/nozzle_tip_wrapped_1220.txt,111742,38,b4719211cbe6a07f002b416e7956226dd36e59b181e65cd3eb75838abae964f0,9203d2d9f2c4b2813b509e3b33cacb3e4585cdc92080fa32c6aeccff354b580c,1,0
dataset_2_binary_clean_v2,test,test/images/nozzle_tip_wrapped_1223.jpg,test/labels/nozzle_tip_wrapped_1223.txt,109824,38,f078ce8196941356a6332092534b2f05ffedf89f935ff6a770ea98112d27d32d,abc2eff923e68e7382d65544ee6ca7df57e5bb876fcee6177362aabad85acb45,1,0
dataset_2_binary_clean_v2,test,test/images/nozzle_tip_wrapped_1231.jpg,test/labels/nozzle_tip_wrapped_1231.txt,100502,38,8f95610bce94dbfcb924e2d2780bb245684515cf12469c89fc72bb00213c5ec3,8b074b629befed730884f8a7aaab762fd3c9db6a1075ddd8a66e96d962532e92,1,0
dataset_2_binary_clean_v2,test,test/images/nozzle_tip_wrapped_1232.jpg,test/labels/nozzle_tip_wrapped_1232.txt,112230,38,4f8085bdeecb32229fbaf5dd4d86332b897779d25760b104400ebf22677134e4,20d397f141f108050bc771afa0f80fd5fa92707066b739c57099cd385baa8dca,1,0
dataset_2_binary_clean_v2,test,test/images/nozzle_tip_wrapped_1248.jpg,test/labels/nozzle_tip_wrapped_1248.txt,105741,38,fa302ddb33308be0acdb309a8c447869d95383891f3b9148842540b02230f2fc,ae5a6b69f0ed2df5dabdb878f3bda17ab651379e2447631782ca7e68e4297140,1,0
dataset_2_binary_clean_v2,test,test/images/nozzle_tip_wrapped_1272.jpg,test/labels/nozzle_tip_wrapped_1272.txt,110612,38,6dc54deb32ded08c714e3b56a0d76c5af417fbb2487be581457962978d77bc47,57587130348d658b1242d48f4184f058e4f5ebb332ff51be96ef16ccc89030f8,1,0
dataset_2_binary_clean_v2,test,test/images/nozzle_tip_wrapped_1278.jpg,test/labels/nozzle_tip_wrapped_1278.txt,108867,38,38f86b54dbd370e560fe00ca564bd97c2d2ac8d588a25899e22345d2b1b69469,3ea2e641f75ce54a78c98002e251a2eb21344426d8594db1728022d7cc2d84a0,1,0
dataset_2_binary_clean_v2,test,test/images/nozzle_tip_wrapped_1287.jpg,test/labels/nozzle_tip_wrapped_1287.txt,106476,38,60bfd0f281fd216c9d4ec6bee35b9085f86e331068819ff39da8333e335c9a30,3ea2e641f75ce54a78c98002e251a2eb21344426d8594db1728022d7cc2d84a0,1,0
dataset_2_binary_clean_v2,test,test/images/nozzle_tip_wrapped_1288.jpg,test/labels/nozzle_tip_wrapped_1288.txt,76280,38,83b2e94d6b74d1857a73e0a53aa733dca147369a1489a389ad51aa3b204d1b14,3ea2e641f75ce54a78c98002e251a2eb21344426d8594db1728022d7cc2d84a0,1,0
dataset_2_binary_clean_v2,test,test/images/nozzle_tip_wrapped_1297.jpg,test/labels/nozzle_tip_wrapped_1297.txt,104119,38,b6f455eaef185624496dbb1d50daa5a00876f903b3f4c6b13676307e5d30ebd6,3ea2e641f75ce54a78c98002e251a2eb21344426d8594db1728022d7cc2d84a0,1,0
dataset_2_binary_clean_v2,test,test/images/nozzle_tip_wrapped_1307.jpg,test/labels/nozzle_tip_wrapped_1307.txt,97896,38,d95ea6040c934ee46a268b7dd3c496a765b8bc73f50e9066868223466b5e5486,3ea2e641f75ce54a78c98002e251a2eb21344426d8594db1728022d7cc2d84a0,1,0
dataset_2_binary_clean_v2,test,test/images/nozzle_tip_wrapped_1311.jpg,test/labels/nozzle_tip_wrapped_1311.txt,98555,38,0a801ca63f1b3ac66041efc77fcc3097f7ffc5445b5cb8b63e1ad5ca70fa6c4f,3ea2e641f75ce54a78c98002e251a2eb21344426d8594db1728022d7cc2d84a0,1,0
dataset_2_binary_clean_v2,train,train/images/camera_occlusion_0001.jpg,train/labels/camera_occlusion_0001.txt,87495,38,cafb2267c039d6a37d2b2c82908e1add758c9f0e737a05800a29e5d20cdd4422,051b00040d9e90181595a50ad10b78359c4d8a01b0c22da411ff1de02a6850a4,1,0
dataset_2_binary_clean_v2,train,train/images/nozzle_clean_0005.jpg,train/labels/nozzle_clean_0005.txt,92491,38,47f1ed34afdb0b75db9003b167c06d76d2a1e56ca3e9704b7ed4d9bf6114eb96,06c5913f3a30b744e86cd5d3fdc1399adf5c0f976f93a3f93335f861937cfa78,1,1
dataset_2_binary_clean_v2,train,train/images/nozzle_clean_0006.jpg,train/labels/nozzle_clean_0006.txt,87486,38,534882128b22690c0e18b9a67360b32933db986f348db191dcbd61056d3ac4bc,75d648205c8cc8580a1b15d4f1f1ada5a551255df34a02e2e65f07b9203a7894,1,1
dataset_2_binary_clean_v2,train,train/images/nozzle_clean_0007.jpg,train/labels/nozzle_clean_0007.txt,92847,38,16a04ee670dae9506915d3e2966fe6c5be01bb74584b723c2300caea58a5b894,22a8237e2964812a16c48d6b6539cec414207bea503daae557352914c7e21e3c,1,1
dataset_2_binary_clean_v2,train,train/images/nozzle_clean_0008.jpg,train/labels/nozzle_clean_0008.txt,84276,38,0b69d3f6175560fb3ef8c44676449e1f2732b271b5901ae5cc20b8cc19804c78,1bc11b23aaa147bca95b4c8703093edde75a0e22b9d0c5992f34706b86874709,1,1
dataset_2_binary_clean_v2,train,train/images/nozzle_clean_0009.jpg,train/labels/nozzle_clean_0009.txt,71283,38,b2298a62636046f1ed7d4a033bd6958022dba312eb3b6c336181afdf00bb876a,73df71e710622ff327bdf5cbe4b52f446e2e40a405cdc5c1c389cdac7badf5ec,1,1
dataset_2_binary_clean_v2,train,train/images/nozzle_extrusion_normal_0004.jpg,train/labels/nozzle_extrusion_normal_0004.txt,127287,38,15fa2f5c3fbeafbd0ea7cf0a5ff7d824ff31682171c6b2243ed22aa1d83b2aba,9ba22b28739efb31a4281740cf3e3c8594f8a486e15170fe66f63b79f0592075,1,1
dataset_2_binary_clean_v2,train,train/images/nozzle_extrusion_normal_0005.jpg,train/labels/nozzle_extrusion_normal_0005.txt,108264,38,d4d57882d6a160e8a57b8e526760cef134ef7cf977e02f09a84dbb3e6eb78ec3,a48fa3036baf16ec25cd4e93551f2c6e8b34ef4ba7279191a269ef3c6cb13f33,1,1
dataset_2_binary_clean_v2,train,train/images/nozzle_extrusion_normal_0006.jpg,train/labels/nozzle_extrusion_normal_0006.txt,121992,38,51e498cf1aecdf1202f9a47127354e291722d145471c119539395e86e3021ce4,a48fa3036baf16ec25cd4e93551f2c6e8b34ef4ba7279191a269ef3c6cb13f33,1,1
dataset_2_binary_clean_v2,train,train/images/nozzle_extrusion_normal_0007.jpg,train/labels/nozzle_extrusion_normal_0007.txt,145219,38,eb62f0da5b97c8e562ee71fd2e7bd15c22ebfa4c320a076f7fdad20368cbbc76,a48fa3036baf16ec25cd4e93551f2c6e8b34ef4ba7279191a269ef3c6cb13f33,1,1
dataset_2_binary_clean_v2,train,train/images/nozzle_extrusion_normal_0008.jpg,train/labels/nozzle_extrusion_normal_0008.txt,151240,38,f10a08534da5727702d5956f49abf95714f9c144d29099518214fe193d4ad11c,a48fa3036baf16ec25cd4e93551f2c6e8b34ef4ba7279191a269ef3c6cb13f33,1,1
dataset_2_binary_clean_v2,train,train/images/nozzle_extrusion_normal_0009.jpg,train/labels/nozzle_extrusion_normal_0009.txt,154792,38,e03db37550d654601fa32f2337c6d2744d543387e57e2f1d96411a1a491830d0,a48fa3036baf16ec25cd4e93551f2c6e8b34ef4ba7279191a269ef3c6cb13f33,1,1
dataset_2_binary_clean_v2,train,train/images/nozzle_extrusion_normal_0011.jpg,train/labels/nozzle_extrusion_normal_0011.txt,133746,38,88aa709703ce48bfbc2c0d67dbab1986e3197e1427bbf3469483663ee72258f7,a48fa3036baf16ec25cd4e93551f2c6e8b34ef4ba7279191a269ef3c6cb13f33,1,1
dataset_2_binary_clean_v2,train,train/images/nozzle_extrusion_normal_0012.jpg,train/labels/nozzle_extrusion_normal_0012.txt,139356,38,efe8ad44b8a31959f071b2771e1ddb3c4000f87375bc30cc1855d2527f9d7530,a48fa3036baf16ec25cd4e93551f2c6e8b34ef4ba7279191a269ef3c6cb13f33,1,1
dataset_2_binary_clean_v2,train,train/images/nozzle_extrusion_normal_0013.jpg,train/labels/nozzle_extrusion_normal_0013.txt,105876,38,2619c3e4defd246e9be94d161f6be87a61b978e5fcf2e9347e1b54a3badd7cdf,a48fa3036baf16ec25cd4e93551f2c6e8b34ef4ba7279191a269ef3c6cb13f33,1,1
dataset_2_binary_clean_v2,train,train/images/nozzle_extrusion_normal_0014.jpg,train/labels/nozzle_extrusion_normal_0014.txt,132883,38,465513f6eeee5c164678f634330acb558e9f12e8a3e08b62b19041335360dece,a48fa3036baf16ec25cd4e93551f2c6e8b34ef4ba7279191a269ef3c6cb13f33,1,1
dataset_2_binary_clean_v2,train,train/images/nozzle_extrusion_normal_0015.jpg,train/labels/nozzle_extrusion_normal_0015.txt,148780,38,31f994cf5a61b51713960f275e0afa901015d392d86b9ed50babee1a0b7e7a24,a48fa3036baf16ec25cd4e93551f2c6e8b34ef4ba7279191a269ef3c6cb13f33,1,1
dataset_2_binary_clean_v2,train,train/images/nozzle_extrusion_normal_0018.jpg,train/labels/nozzle_extrusion_normal_0018.txt,125383,38,088f98330b08d7446bceb3251be93c2ed456771f5b182f2970a334cd1c32a2d7,a48fa3036baf16ec25cd4e93551f2c6e8b34ef4ba7279191a269ef3c6cb13f33,1,1
dataset_2_binary_clean_v2,train,train/images/nozzle_extrusion_normal_0019.jpg,train/labels/nozzle_extrusion_normal_0019.txt,131410,38,07b92b4b99d9a73cca71ca73ed856752ee4b1ae60aaf7a8c0972e1886da22b9f,a48fa3036baf16ec25cd4e93551f2c6e8b34ef4ba7279191a269ef3c6cb13f33,1,1
dataset_2_binary_clean_v2,train,train/images/nozzle_extrusion_normal_0020.jpg,train/labels/nozzle_extrusion_normal_0020.txt,131314,38,20dc77732681cccb0a44ac2f87be2e087239ea70474697b773c59d7eeb75c350,a48fa3036baf16ec25cd4e93551f2c6e8b34ef4ba7279191a269ef3c6cb13f33,1,1
dataset_2_binary_clean_v2,train,train/images/nozzle_extrusion_normal_0022.jpg,train/labels/nozzle_extrusion_normal_0022.txt,122426,38,c7536940ea72fba34a9ac2061232fd98244f4858da4a7477de5193a74f976f21,a48fa3036baf16ec25cd4e93551f2c6e8b34ef4ba7279191a269ef3c6cb13f33,1,1
dataset_2_binary_clean_v2,train,train/images/nozzle_extrusion_normal_0025.jpg,train/labels/nozzle_extrusion_normal_0025.txt,124360,38,64999e1b948f8b02d8e8e0037b327efd691c8be706c106270e0a674eb083267c,a48fa3036baf16ec25cd4e93551f2c6e8b34ef4ba7279191a269ef3c6cb13f33,1,1
dataset_2_binary_clean_v2,train,train/images/nozzle_extrusion_normal_0028.jpg,train/labels/nozzle_extrusion_normal_0028.txt,124538,38,763130f793c4fad7a6285f1d45443be1bb6aa33bff1220f91fc87db2f914562e,a48fa3036baf16ec25cd4e93551f2c6e8b34ef4ba7279191a269ef3c6cb13f33,1,1
dataset_2_binary_clean_v2,train,train/images/nozzle_extrusion_normal_0029.jpg,train/labels/nozzle_extrusion_normal_0029.txt,126834,38,c5f0b5f5358ed185e7e75f36fb984e4b482988f1ce70c89dda4c340bc95c7486,a48fa3036baf16ec25cd4e93551f2c6e8b34ef4ba7279191a269ef3c6cb13f33,1,1
dataset_2_binary_clean_v2,train,train/images/nozzle_extrusion_normal_0031.jpg,train/labels/nozzle_extrusion_normal_0031.txt,161942,38,499f6ac35c23224a06be497edb2bade97838cd7a75b9ad6079322ed4e19060b0,a48fa3036baf16ec25cd4e93551f2c6e8b34ef4ba7279191a269ef3c6cb13f33,1,1
dataset_2_binary_clean_v2,train,train/images/nozzle_extrusion_normal_0034.jpg,train/labels/nozzle_extrusion_normal_0034.txt,133670,38,19d3f527d438fed23fc690ca725c876cfc78b6e75901015f8f1a0c6c1143060a,a48fa3036baf16ec25cd4e93551f2c6e8b34ef4ba7279191a269ef3c6cb13f33,1,1
dataset_2_binary_clean_v2,train,train/images/nozzle_extrusion_normal_0039.jpg,train/labels/nozzle_extrusion_normal_0039.txt,158892,38,546b79002e45ac687c7ad0338666c315feecc62990df10645d636c1a7090d707,a48fa3036baf16ec25cd4e93551f2c6e8b34ef4ba7279191a269ef3c6cb13f33,1,1
dataset_2_binary_clean_v2,train,train/images/nozzle_extrusion_normal_0043.jpg,train/labels/nozzle_extrusion_normal_0043.txt,111685,38,b33512fc1c2ec0eb0950776d87bbb23c21daccf7dcee5c5f24981696d76a400c,a48fa3036baf16ec25cd4e93551f2c6e8b34ef4ba7279191a269ef3c6cb13f33,1,1
dataset_2_binary_clean_v2,train,train/images/nozzle_extrusion_normal_0044.jpg,train/labels/nozzle_extrusion_normal_0044.txt,123735,38,e33a03ad2dc736624a52e78e4f60e884915fe1810309745b3b888a2a7400fdf3,a48fa3036baf16ec25cd4e93551f2c6e8b34ef4ba7279191a269ef3c6cb13f33,1,1
dataset_2_binary_clean_v2,train,train/images/nozzle_extrusion_normal_0047.jpg,train/labels/nozzle_extrusion_normal_0047.txt,136437,38,e9dc6e8c66813ae83b89feef49f8503aabae158cfd6297523587924b3213658f,a48fa3036baf16ec25cd4e93551f2c6e8b34ef4ba7279191a269ef3c6cb13f33,1,1
dataset_2_binary_clean_v2,train,train/images/nozzle_extrusion_normal_0048.jpg,train/labels/nozzle_extrusion_normal_0048.txt,149031,38,bd168583449bb478fc82edc5f2a2a5585c0a0b64cb147d5781eb9d9910a52c94,a48fa3036baf16ec25cd4e93551f2c6e8b34ef4ba7279191a269ef3c6cb13f33,1,1
dataset_2_binary_clean_v2,train,train/images/nozzle_extrusion_normal_0049.jpg,train/labels/nozzle_extrusion_normal_0049.txt,131051,38,dff68dc3d801dcc29158d62f943efdf772c651d08ab10a85129dcae1f10a0150,a48fa3036baf16ec25cd4e93551f2c6e8b34ef4ba7279191a269ef3c6cb13f33,1,1
dataset_2_binary_clean_v2,train,train/images/nozzle_extrusion_normal_0051.jpg,train/labels/nozzle_extrusion_normal_0051.txt,129615,38,6314803b4896308f780edd5bfaba78cb4e21610a78a7b49239d7964bc0c69421,a48fa3036baf16ec25cd4e93551f2c6e8b34ef4ba7279191a269ef3c6cb13f33,1,1
dataset_2_binary_clean_v2,train,train/images/nozzle_extrusion_normal_0052.jpg,train/labels/nozzle_extrusion_normal_0052.txt,142012,38,b1b7c93f7306aab08f12245dca73c402ff1b64e324cc1e7cbda57132b310aeae,a48fa3036baf16ec25cd4e93551f2c6e8b34ef4ba7279191a269ef3c6cb13f33,1,1
dataset_2_binary_clean_v2,train,train/images/nozzle_extrusion_normal_0053.jpg,train/labels/nozzle_extrusion_normal_0053.txt,141207,38,66614907ab6aa6ce918d3a93535270d49930cad88aea5d081ac9e1943de87197,a48fa3036baf16ec25cd4e93551f2c6e8b34ef4ba7279191a269ef3c6cb13f33,1,1
dataset_2_binary_clean_v2,train,train/images/nozzle_extrusion_normal_0054.jpg,train/labels/nozzle_extrusion_normal_0054.txt,164162,38,4cc399f22819d562f91b3829d3f8ddecb6a6610f764f2794ac9e573515a45b5e,a48fa3036baf16ec25cd4e93551f2c6e8b34ef4ba7279191a269ef3c6cb13f33,1,1
dataset_2_binary_clean_v2,train,train/images/nozzle_extrusion_normal_0055.jpg,train/labels/nozzle_extrusion_normal_0055.txt,138300,38,f2d2235b03148e5999e11fdf7338c0861e0903d88f52eb4dc0398e6d3f996987,a48fa3036baf16ec25cd4e93551f2c6e8b34ef4ba7279191a269ef3c6cb13f33,1,1
dataset_2_binary_clean_v2,train,train/images/nozzle_extrusion_normal_0056.jpg,train/labels/nozzle_extrusion_normal_0056.txt,130887,38,eb2fa248ce1feda567268d9119e40221556bc433e083af7e10ae3327d20fd34f,a48fa3036baf16ec25cd4e93551f2c6e8b34ef4ba7279191a269ef3c6cb13f33,1,1
dataset_2_binary_clean_v2,train,train/images/nozzle_extrusion_normal_0058.jpg,train/labels/nozzle_extrusion_normal_0058.txt,137065,38,644416e2118181b8e511eb62c9cdaafde20b66334b9c3a1ec4ae18975f6487a8,a48fa3036baf16ec25cd4e93551f2c6e8b34ef4ba7279191a269ef3c6cb13f33,1,1
dataset_2_binary_clean_v2,train,train/images/nozzle_extrusion_normal_0060.jpg,train/labels/nozzle_extrusion_normal_0060.txt,149241,38,d6969d34f81abada7295fd8ab4a9b19f1d51efb30e04f783dbf5665af5176f93,a48fa3036baf16ec25cd4e93551f2c6e8b34ef4ba7279191a269ef3c6cb13f33,1,1
dataset_2_binary_clean_v2,train,train/images/nozzle_extrusion_normal_0062.jpg,train/labels/nozzle_extrusion_normal_0062.txt,127128,38,568ab5dd56017427cd09147ebe6eeb06a147e50f7cf8ba6b324e99b3f2e699ca,a48fa3036baf16ec25cd4e93551f2c6e8b34ef4ba7279191a269ef3c6cb13f33,1,1
dataset_2_binary_clean_v2,train,train/images/nozzle_extrusion_normal_0064.jpg,train/labels/nozzle_extrusion_normal_0064.txt,128764,38,e4243082be73f16fe130ca80ff38e602a63a253da470da293799590eba6a6b7b,a48fa3036baf16ec25cd4e93551f2c6e8b34ef4ba7279191a269ef3c6cb13f33,1,1
dataset_2_binary_clean_v2,train,train/images/nozzle_extrusion_normal_0066.jpg,train/labels/nozzle_extrusion_normal_0066.txt,136542,38,48b471f03422b1eff649c8738b60b3fbc754c2a4970b9c291fd381d44ec06a0c,a48fa3036baf16ec25cd4e93551f2c6e8b34ef4ba7279191a269ef3c6cb13f33,1,1
dataset_2_binary_clean_v2,train,train/images/nozzle_extrusion_normal_0068.jpg,train/labels/nozzle_extrusion_normal_0068.txt,135309,38,c017139cb181d989896862c0f2c8a3e23e25f67c0c2c21fa29279bdd60f736d7,a48fa3036baf16ec25cd4e93551f2c6e8b34ef4ba7279191a269ef3c6cb13f33,1,1
dataset_2_binary_clean_v2,train,train/images/nozzle_extrusion_normal_0069.jpg,train/labels/nozzle_extrusion_normal_0069.txt,136913,38,f568b11ede89f3e155180698f8e69b952a7a33e3d0a549bc0cda9839139982ea,a48fa3036baf16ec25cd4e93551f2c6e8b34ef4ba7279191a269ef3c6cb13f33,1,1
dataset_2_binary_clean_v2,train,train/images/nozzle_extrusion_normal_0071.jpg,train/labels/nozzle_extrusion_normal_0071.txt,131912,38,511bb9425f7edf3ce3612a502e7668c84332b15124e0776a6772b973249999fc,a48fa3036baf16ec25cd4e93551f2c6e8b34ef4ba7279191a269ef3c6cb13f33,1,1
dataset_2_binary_clean_v2,train,train/images/nozzle_extrusion_normal_0072.jpg,train/labels/nozzle_extrusion_normal_0072.txt,132498,38,50d094777eacb27afaa5c2ab7978c9b0a38b474aa30960ad2c862cf70673eeb3,a48fa3036baf16ec25cd4e93551f2c6e8b34ef4ba7279191a269ef3c6cb13f33,1,1
dataset_2_binary_clean_v2,train,train/images/nozzle_extrusion_normal_0074.jpg,train/labels/nozzle_extrusion_normal_0074.txt,159744,38,8b60981d676fd5ffe0b2fac81cab6afc40c7b47578ee6fc4c12194fb75e663db,a48fa3036baf16ec25cd4e93551f2c6e8b34ef4ba7279191a269ef3c6cb13f33,1,1
dataset_2_binary_clean_v2,train,train/images/nozzle_extrusion_normal_0078.jpg,train/labels/nozzle_extrusion_normal_0078.txt,149638,38,33c95a2380a15c484483ca7ecf5a9bac9569a7991f49dde813673f57c32f372f,a48fa3036baf16ec25cd4e93551f2c6e8b34ef4ba7279191a269ef3c6cb13f33,1,1
dataset_2_binary_clean_v2,train,train/images/nozzle_extrusion_normal_0080.jpg,train/labels/nozzle_extrusion_normal_0080.txt,103045,38,2d9248468011a3e655f41932ffa9039c6247ec168b6cb162433d463e797190ab,a48fa3036baf16ec25cd4e93551f2c6e8b34ef4ba7279191a269ef3c6cb13f33,1,1
dataset_2_binary_clean_v2,train,train/images/nozzle_extrusion_normal_0082.jpg,train/labels/nozzle_extrusion_normal_0082.txt,133230,38,b98c86f1306e77a521bf2fabb510e7f116fedd4994cb1d7c50253ca319770554,a48fa3036baf16ec25cd4e93551f2c6e8b34ef4ba7279191a269ef3c6cb13f33,1,1
dataset_2_binary_clean_v2,train,train/images/nozzle_extrusion_normal_0083.jpg,train/labels/nozzle_extrusion_normal_0083.txt,139045,38,75019d2e561eeebee9f4f724b91a3bd7f7e49e97ebd34102c241905371ce71d6,a48fa3036baf16ec25cd4e93551f2c6e8b34ef4ba7279191a269ef3c6cb13f33,1,1
dataset_2_binary_clean_v2,train,train/images/nozzle_extrusion_normal_0085.jpg,train/labels/nozzle_extrusion_normal_0085.txt,128400,38,c90a03f03944b099d7d08b7bfbe8bef5a40c373b789e18b319c868162058642c,a48fa3036baf16ec25cd4e93551f2c6e8b34ef4ba7279191a269ef3c6cb13f33,1,1
dataset_2_binary_clean_v2,train,train/images/nozzle_extrusion_normal_0086.jpg,train/labels/nozzle_extrusion_normal_0086.txt,128452,38,261df34120c1643212c70603f44dc5c62abe6558763a9cde8c8fb849a35bb58a,a48fa3036baf16ec25cd4e93551f2c6e8b34ef4ba7279191a269ef3c6cb13f33,1,1
dataset_2_binary_clean_v2,train,train/images/nozzle_extrusion_normal_0087.jpg,train/labels/nozzle_extrusion_normal_0087.txt,129448,38,462202ed09bab4754c75bef265035a0159eb7cddad67b5f72c8f38e95b74662d,a48fa3036baf16ec25cd4e93551f2c6e8b34ef4ba7279191a269ef3c6cb13f33,1,1
dataset_2_binary_clean_v2,train,train/images/nozzle_extrusion_normal_0088.jpg,train/labels/nozzle_extrusion_normal_0088.txt,127740,38,3f02c022313369b1a9e9f5c84b95c07a00b632af51f4702bfdfd77a5fd51dc0c,a48fa3036baf16ec25cd4e93551f2c6e8b34ef4ba7279191a269ef3c6cb13f33,1,1
dataset_2_binary_clean_v2,train,train/images/nozzle_extrusion_normal_0089.jpg,train/labels/nozzle_extrusion_normal_0089.txt,115936,38,1cbdaa0720e6e728b7d35b6361194ce0e51e9fa42cd820a09e2981739f9d5764,a48fa3036baf16ec25cd4e93551f2c6e8b34ef4ba7279191a269ef3c6cb13f33,1,1
dataset_2_binary_clean_v2,train,train/images/nozzle_extrusion_normal_0091.jpg,train/labels/nozzle_extrusion_normal_0091.txt,154735,38,4d6fb314b5d9aa4ffed6fb2ecd091153758849b61e48c8d4f310d4886d6a558a,a48fa3036baf16ec25cd4e93551f2c6e8b34ef4ba7279191a269ef3c6cb13f33,1,1
dataset_2_binary_clean_v2,train,train/images/nozzle_extrusion_normal_0092.jpg,train/labels/nozzle_extrusion_normal_0092.txt,148254,38,9eaf374178c63fbc5f1c1730c22194047051c5cb8cef51dfe2219456045806d7,a48fa3036baf16ec25cd4e93551f2c6e8b34ef4ba7279191a269ef3c6cb13f33,1,1
dataset_2_binary_clean_v2,train,train/images/nozzle_extrusion_normal_0093.jpg,train/labels/nozzle_extrusion_normal_0093.txt,149929,38,95fa9b4f7b7f016b7d6a62d834c552ebda6bf7e911f05fae0d71f77913846367,a48fa3036baf16ec25cd4e93551f2c6e8b34ef4ba7279191a269ef3c6cb13f33,1,1
dataset_2_binary_clean_v2,train,train/images/nozzle_extrusion_normal_0094.jpg,train/labels/nozzle_extrusion_normal_0094.txt,156941,38,7bcb9089d1867639d7e7d8f786b60fa1eb3258f842a948716006893fdb1ea88d,a48fa3036baf16ec25cd4e93551f2c6e8b34ef4ba7279191a269ef3c6cb13f33,1,1
dataset_2_binary_clean_v2,train,train/images/nozzle_extrusion_normal_0096.jpg,train/labels/nozzle_extrusion_normal_0096.txt,133571,38,463dc47ecb008c00f59d72c2fd735929df635dfad19d39429bb7f4aaa08a9c59,a48fa3036baf16ec25cd4e93551f2c6e8b34ef4ba7279191a269ef3c6cb13f33,1,1
dataset_2_binary_clean_v2,train,train/images/nozzle_extrusion_normal_0098.jpg,train/labels/nozzle_extrusion_normal_0098.txt,132098,38,60cb1ea64b3e3b25f4818cb89116a9e2791aa6b68a7294c1e2efaea87f1cc121,a48fa3036baf16ec25cd4e93551f2c6e8b34ef4ba7279191a269ef3c6cb13f33,1,1
dataset_2_binary_clean_v2,train,train/images/nozzle_extrusion_normal_0100.jpg,train/labels/nozzle_extrusion_normal_0100.txt,136232,38,1e11da87a45ca7977f89d0c546961cbe471933dd9792ebfcf1198b2dc51d4326,a48fa3036baf16ec25cd4e93551f2c6e8b34ef4ba7279191a269ef3c6cb13f33,1,1
dataset_2_binary_clean_v2,train,train/images/nozzle_extrusion_normal_0102.jpg,train/labels/nozzle_extrusion_normal_0102.txt,116064,38,d938ed4220c55e77b0e40cd7fa967f531898c495841d5ed4dee164459c710d4e,a48fa3036baf16ec25cd4e93551f2c6e8b34ef4ba7279191a269ef3c6cb13f33,1,1
dataset_2_binary_clean_v2,train,train/images/nozzle_extrusion_normal_0106.jpg,train/labels/nozzle_extrusion_normal_0106.txt,124447,38,3ece6b1564c239d57227951a97ffe9d1220d66bcb240bdaacf1f17e4ca5e48aa,a48fa3036baf16ec25cd4e93551f2c6e8b34ef4ba7279191a269ef3c6cb13f33,1,1
dataset_2_binary_clean_v2,train,train/images/nozzle_extrusion_normal_0107.jpg,train/labels/nozzle_extrusion_normal_0107.txt,125636,38,b02b47efe16706a0f0ccc12ddcde2eca3bedaaacc080553d4d8a78eb1d78f289,a48fa3036baf16ec25cd4e93551f2c6e8b34ef4ba7279191a269ef3c6cb13f33,1,1
dataset_2_binary_clean_v2,train,train/images/nozzle_extrusion_normal_0110.jpg,train/labels/nozzle_extrusion_normal_0110.txt,144565,38,28e35114d554868194627f948ffbf3866c932f0922b671fbb1f70696a20b57ed,a48fa3036baf16ec25cd4e93551f2c6e8b34ef4ba7279191a269ef3c6cb13f33,1,1
dataset_2_binary_clean_v2,train,train/images/nozzle_extrusion_normal_0111.jpg,train/labels/nozzle_extrusion_normal_0111.txt,150828,38,bd06cbeea23afd9fd32bea9859e2abea0bdb2e86f82af21ae28451f68aaecdec,a48fa3036baf16ec25cd4e93551f2c6e8b34ef4ba7279191a269ef3c6cb13f33,1,1
dataset_2_binary_clean_v2,train,train/images/nozzle_extrusion_normal_0114.jpg,train/labels/nozzle_extrusion_normal_0114.txt,131216,38,722a00bd2bb2520a611d607a6f4c1b6c117b3a4cb1846085cd0b57c9b9dae3c5,a48fa3036baf16ec25cd4e93551f2c6e8b34ef4ba7279191a269ef3c6cb13f33,1,1
dataset_2_binary_clean_v2,train,train/images/nozzle_extrusion_normal_0117.jpg,train/labels/nozzle_extrusion_normal_0117.txt,126639,38,f689e883bb36b925710e5ddf2d1924b58dca45f07bfc19ade9dba3440018e07d,a48fa3036baf16ec25cd4e93551f2c6e8b34ef4ba7279191a269ef3c6cb13f33,1,1
dataset_2_binary_clean_v2,train,train/images/nozzle_extrusion_normal_0118.jpg,train/labels/nozzle_extrusion_normal_0118.txt,128114,38,e8ca6965766a4117878b1598433ff1f5dc3ff180af091e95996ed8c421eca16d,a48fa3036baf16ec25cd4e93551f2c6e8b34ef4ba7279191a269ef3c6cb13f33,1,1
dataset_2_binary_clean_v2,train,train/images/nozzle_extrusion_normal_0120.jpg,train/labels/nozzle_extrusion_normal_0120.txt,138795,38,fc677dceb8ffc9c27f7ac6aeeedd7c05ad460c3731a2f7bb8aacb6a4984534b6,a48fa3036baf16ec25cd4e93551f2c6e8b34ef4ba7279191a269ef3c6cb13f33,1,1
dataset_2_binary_clean_v2,train,train/images/nozzle_extrusion_normal_0122.jpg,train/labels/nozzle_extrusion_normal_0122.txt,127907,38,65e8d63abb4f4102a15854d0c7614617607309b6ca4ced7c563adb768e525d68,a48fa3036baf16ec25cd4e93551f2c6e8b34ef4ba7279191a269ef3c6cb13f33,1,1
dataset_2_binary_clean_v2,train,train/images/nozzle_extrusion_normal_0125.jpg,train/labels/nozzle_extrusion_normal_0125.txt,124504,38,486f56ba0f333658b548e1838e6a8a0fa6c8d7f762b5661c53cc8a6522f7065a,a48fa3036baf16ec25cd4e93551f2c6e8b34ef4ba7279191a269ef3c6cb13f33,1,1
dataset_2_binary_clean_v2,train,train/images/nozzle_extrusion_normal_0126.jpg,train/labels/nozzle_extrusion_normal_0126.txt,114673,38,f5036e9938801504154d15c7612e7b98bbb7aec576acd01fea9cd68a6316838f,a48fa3036baf16ec25cd4e93551f2c6e8b34ef4ba7279191a269ef3c6cb13f33,1,1
dataset_2_binary_clean_v2,train,train/images/nozzle_extrusion_normal_0127.jpg,train/labels/nozzle_extrusion_normal_0127.txt,119639,38,7d798b46d405a5d904f100b165b2fe15f2203f41afc77d390256cb0d687cc3e3,a48fa3036baf16ec25cd4e93551f2c6e8b34ef4ba7279191a269ef3c6cb13f33,1,1
dataset_2_binary_clean_v2,train,train/images/nozzle_extrusion_normal_0128.jpg,train/labels/nozzle_extrusion_normal_0128.txt,136136,38,6fe9d0d7fe6b1ce32a2edf51d2ba5229587cc1f4bac9e0cc247dd2077803febb,a48fa3036baf16ec25cd4e93551f2c6e8b34ef4ba7279191a269ef3c6cb13f33,1,1
dataset_2_binary_clean_v2,train,train/images/nozzle_extrusion_normal_0129.jpg,train/labels/nozzle_extrusion_normal_0129.txt,146901,38,ebdf6c3a80f9de3a9b8ec482d9abd06aaca49efcf7f1f560e8f6d92bb813e620,a48fa3036baf16ec25cd4e93551f2c6e8b34ef4ba7279191a269ef3c6cb13f33,1,1
dataset_2_binary_clean_v2,train,train/images/nozzle_extrusion_normal_0132.jpg,train/labels/nozzle_extrusion_normal_0132.txt,132279,38,e8e2d141a2ff3ff9472d296229b7d5f6472cd0a91d9464de615ab87b99edae38,a48fa3036baf16ec25cd4e93551f2c6e8b34ef4ba7279191a269ef3c6cb13f33,1,1
dataset_2_binary_clean_v2,train,train/images/nozzle_extrusion_normal_0133.jpg,train/labels/nozzle_extrusion_normal_0133.txt,154115,38,6b9c2ab6ffa9dfab6335da3855d22b26e1193378ddc53a59656b427e94e7afe9,a48fa3036baf16ec25cd4e93551f2c6e8b34ef4ba7279191a269ef3c6cb13f33,1,1
dataset_2_binary_clean_v2,train,train/images/nozzle_extrusion_normal_0134.jpg,train/labels/nozzle_extrusion_normal_0134.txt,130313,38,66bf730c4ff5c7ba0e83f11ccf185b63bfe8e46a8da14a5359340dd60d444df8,a48fa3036baf16ec25cd4e93551f2c6e8b34ef4ba7279191a269ef3c6cb13f33,1,1
dataset_2_binary_clean_v2,train,train/images/nozzle_extrusion_normal_0135.jpg,train/labels/nozzle_extrusion_normal_0135.txt,132970,38,fa5cef0859edde4e8a6cbe7c804a309670a1b113026dd5bd53b9551badee943b,a48fa3036baf16ec25cd4e93551f2c6e8b34ef4ba7279191a269ef3c6cb13f33,1,1
dataset_2_binary_clean_v2,train,train/images/nozzle_extrusion_normal_0137.jpg,train/labels/nozzle_extrusion_normal_0137.txt,119663,38,999424daaa929a67e96de5218cb31f460aab5a9d55874aa836ebe411e27a2dd8,a48fa3036baf16ec25cd4e93551f2c6e8b34ef4ba7279191a269ef3c6cb13f33,1,1
dataset_2_binary_clean_v2,train,train/images/nozzle_extrusion_normal_0138.jpg,train/labels/nozzle_extrusion_normal_0138.txt,133877,38,99449026753b0dbd60432d6e604df6a585b314f1b26fde41397748460668e7c5,a48fa3036baf16ec25cd4e93551f2c6e8b34ef4ba7279191a269ef3c6cb13f33,1,1
dataset_2_binary_clean_v2,train,train/images/nozzle_extrusion_normal_0139.jpg,train/labels/nozzle_extrusion_normal_0139.txt,132249,38,93f8edd1341becbd4f2a9b59d7bced46f9684fd7d380f46a0e78ab040e22fe92,a48fa3036baf16ec25cd4e93551f2c6e8b34ef4ba7279191a269ef3c6cb13f33,1,1
dataset_2_binary_clean_v2,train,train/images/nozzle_extrusion_normal_0140.jpg,train/labels/nozzle_extrusion_normal_0140.txt,128068,38,7a7ba581865309dc09006fbfd397763e3e07235e13319900dbce0e45f178c292,a48fa3036baf16ec25cd4e93551f2c6e8b34ef4ba7279191a269ef3c6cb13f33,1,1
dataset_2_binary_clean_v2,train,train/images/nozzle_extrusion_normal_0141.jpg,train/labels/nozzle_extrusion_normal_0141.txt,129769,38,5007d32bca9ff7529506f6226e15ab3f1d7e5a6e1852df9d99b97bf41837e0b8,a48fa3036baf16ec25cd4e93551f2c6e8b34ef4ba7279191a269ef3c6cb13f33,1,1
dataset_2_binary_clean_v2,train,train/images/nozzle_extrusion_normal_0142.jpg,train/labels/nozzle_extrusion_normal_0142.txt,125053,38,56000314cb03ab9a1ad3a4636740ade1fdf4585819ace249e6b2b632e855e013,a48fa3036baf16ec25cd4e93551f2c6e8b34ef4ba7279191a269ef3c6cb13f33,1,1
dataset_2_binary_clean_v2,train,train/images/nozzle_extrusion_normal_0143.jpg,train/labels/nozzle_extrusion_normal_0143.txt,125471,38,c5016c872454b3ee8c5bde863605e4faede197bdd47a5788077acee9c9cb8b8e,a48fa3036baf16ec25cd4e93551f2c6e8b34ef4ba7279191a269ef3c6cb13f33,1,1
dataset_2_binary_clean_v2,train,train/images/nozzle_extrusion_normal_0144.jpg,train/labels/nozzle_extrusion_normal_0144.txt,123151,38,ead3c7a15cf7f809d73f6c61de846c2739eb57f0c12dc8447fd8a3214cb0245f,a48fa3036baf16ec25cd4e93551f2c6e8b34ef4ba7279191a269ef3c6cb13f33,1,1
dataset_2_binary_clean_v2,train,train/images/nozzle_extrusion_normal_0145.jpg,train/labels/nozzle_extrusion_normal_0145.txt,120254,38,a69bee79802c64b3e94a29aa942693f9039900109bca0c711c3095e7a15ae5b3,a48fa3036baf16ec25cd4e93551f2c6e8b34ef4ba7279191a269ef3c6cb13f33,1,1
dataset_2_binary_clean_v2,train,train/images/nozzle_extrusion_normal_0146.jpg,train/labels/nozzle_extrusion_normal_0146.txt,124770,38,3b05cae7ab1073b8d32eb0d858771a9687297001c172d5a62ed3a6925ab622f0,a48fa3036baf16ec25cd4e93551f2c6e8b34ef4ba7279191a269ef3c6cb13f33,1,1
dataset_2_binary_clean_v2,train,train/images/nozzle_extrusion_normal_0147.jpg,train/labels/nozzle_extrusion_normal_0147.txt,126255,38,6da6a164b65375c4181921333cc530aba68c6a7c17de47709cd5fbeb9a1fdf3a,a48fa3036baf16ec25cd4e93551f2c6e8b34ef4ba7279191a269ef3c6cb13f33,1,1
dataset_2_binary_clean_v2,train,train/images/nozzle_extrusion_normal_0148.jpg,train/labels/nozzle_extrusion_normal_0148.txt,90606,38,ad83c0d0d0603171b399b37799544d16b3fe1cbff447cb7a04a82bc6129b99f4,a48fa3036baf16ec25cd4e93551f2c6e8b34ef4ba7279191a269ef3c6cb13f33,1,1
dataset_2_binary_clean_v2,train,train/images/nozzle_extrusion_normal_0149.jpg,train/labels/nozzle_extrusion_normal_0149.txt,128699,38,8ebf4c587e87b7a4ce039967898f8120e2e435f2e13b8e0670a072ffbb190666,a48fa3036baf16ec25cd4e93551f2c6e8b34ef4ba7279191a269ef3c6cb13f33,1,1
dataset_2_binary_clean_v2,train,train/images/nozzle_extrusion_normal_0153.jpg,train/labels/nozzle_extrusion_normal_0153.txt,151085,38,b6d1c32d25cda3fc8b6b7e00bb8a2533034fb80198d7bb5b93b50aca296d0fa5,a48fa3036baf16ec25cd4e93551f2c6e8b34ef4ba7279191a269ef3c6cb13f33,1,1
dataset_2_binary_clean_v2,train,train/images/nozzle_extrusion_normal_0154.jpg,train/labels/nozzle_extrusion_normal_0154.txt,145304,38,9c81d2dd771ed870182529f336e0f54de56085c635395cbd450174f843e6b02f,a48fa3036baf16ec25cd4e93551f2c6e8b34ef4ba7279191a269ef3c6cb13f33,1,1
dataset_2_binary_clean_v2,train,train/images/nozzle_extrusion_normal_0155.jpg,train/labels/nozzle_extrusion_normal_0155.txt,132839,38,f41fccb0c5a575d5b2be656f3a96feb1a1aa90fed88c4dfcde6ce1418bfc5672,a48fa3036baf16ec25cd4e93551f2c6e8b34ef4ba7279191a269ef3c6cb13f33,1,1
dataset_2_binary_clean_v2,train,train/images/nozzle_extrusion_normal_0156.jpg,train/labels/nozzle_extrusion_normal_0156.txt,101481,38,d04a2196b315b640189cc0e16eca7f80362ec2794757e8abe070f8aa6924780a,a48fa3036baf16ec25cd4e93551f2c6e8b34ef4ba7279191a269ef3c6cb13f33,1,1
dataset_2_binary_clean_v2,train,train/images/nozzle_extrusion_normal_0157.jpg,train/labels/nozzle_extrusion_normal_0157.txt,132765,38,6e6a3ec3c63b1586eb96aaaf760f304e1fc84fe47bdc3868fbbe200a31be90f1,a48fa3036baf16ec25cd4e93551f2c6e8b34ef4ba7279191a269ef3c6cb13f33,1,1
dataset_2_binary_clean_v2,train,train/images/nozzle_extrusion_normal_0158.jpg,train/labels/nozzle_extrusion_normal_0158.txt,130598,38,9c17210e0cf4a270a556d59c0ee0174bc44ac22831d3293394e876cc0e6f8c02,a48fa3036baf16ec25cd4e93551f2c6e8b34ef4ba7279191a269ef3c6cb13f33,1,1
dataset_2_binary_clean_v2,train,train/images/nozzle_extrusion_normal_0159.jpg,train/labels/nozzle_extrusion_normal_0159.txt,132799,38,5b5676ae2a84e3b09360a25ea1e6e697d64c311c7966499bc345ddf6f9a1a675,a48fa3036baf16ec25cd4e93551f2c6e8b34ef4ba7279191a269ef3c6cb13f33,1,1
dataset_2_binary_clean_v2,train,train/images/nozzle_extrusion_normal_0160.jpg,train/labels/nozzle_extrusion_normal_0160.txt,131130,38,1d62fb6c83aa65d1428f860f39ae6b966754e6e713edbf2782f405641e358390,a48fa3036baf16ec25cd4e93551f2c6e8b34ef4ba7279191a269ef3c6cb13f33,1,1
dataset_2_binary_clean_v2,train,train/images/nozzle_extrusion_normal_0161.jpg,train/labels/nozzle_extrusion_normal_0161.txt,132671,38,47e707f9ba7008035aa46d02212bb3b8b68ec25c00dd1511f1956353ebcf29b0,a48fa3036baf16ec25cd4e93551f2c6e8b34ef4ba7279191a269ef3c6cb13f33,1,1
dataset_2_binary_clean_v2,train,train/images/nozzle_extrusion_normal_0163.jpg,train/labels/nozzle_extrusion_normal_0163.txt,123316,38,c578eab87fdd53c6a7d2be8074a62dcbfcf81c001210b1c0796ca1f12b7d646a,a48fa3036baf16ec25cd4e93551f2c6e8b34ef4ba7279191a269ef3c6cb13f33,1,1
dataset_2_binary_clean_v2,train,train/images/nozzle_extrusion_normal_0165.jpg,train/labels/nozzle_extrusion_normal_0165.txt,117823,38,b3d4bafd8b3b52db0359dfb2c8a80c1377d20226ac7053beafee882eb474bdac,a48fa3036baf16ec25cd4e93551f2c6e8b34ef4ba7279191a269ef3c6cb13f33,1,1
dataset_2_binary_clean_v2,train,train/images/nozzle_extrusion_normal_0166.jpg,train/labels/nozzle_extrusion_normal_0166.txt,111046,38,12d6ac745fe9ba978788775269bb9f8283abee8733658846e5edacc17af2a728,a48fa3036baf16ec25cd4e93551f2c6e8b34ef4ba7279191a269ef3c6cb13f33,1,1
dataset_2_binary_clean_v2,train,train/images/nozzle_extrusion_normal_0168.jpg,train/labels/nozzle_extrusion_normal_0168.txt,121391,38,99e7f72b549f645759cfc7474373cdf1259ac742b9ecb86e84d69ffb63eabbbc,a48fa3036baf16ec25cd4e93551f2c6e8b34ef4ba7279191a269ef3c6cb13f33,1,1
dataset_2_binary_clean_v2,train,train/images/nozzle_extrusion_normal_0169.jpg,train/labels/nozzle_extrusion_normal_0169.txt,119647,38,7853b0a13e337f7d4477e244d1fa4e2fd917b1b7628350d56666a8a215518401,a48fa3036baf16ec25cd4e93551f2c6e8b34ef4ba7279191a269ef3c6cb13f33,1,1
dataset_2_binary_clean_v2,train,train/images/nozzle_extrusion_normal_0170.jpg,train/labels/nozzle_extrusion_normal_0170.txt,112454,38,89282aad548424998da988cc9e33aecc660dc966e60f1e868c92f7e5401074cc,a48fa3036baf16ec25cd4e93551f2c6e8b34ef4ba7279191a269ef3c6cb13f33,1,1
dataset_2_binary_clean_v2,train,train/images/nozzle_extrusion_normal_0174.jpg,train/labels/nozzle_extrusion_normal_0174.txt,147764,38,2d68663c539f7836c757218381558d30aab26636db748fff3a739850743c37ec,a48fa3036baf16ec25cd4e93551f2c6e8b34ef4ba7279191a269ef3c6cb13f33,1,1
dataset_2_binary_clean_v2,train,train/images/nozzle_extrusion_normal_0175.jpg,train/labels/nozzle_extrusion_normal_0175.txt,150965,38,1e323073b8ab68c6c5951f961b5de01814c316bda0a3717e0bce1a15175accb4,a48fa3036baf16ec25cd4e93551f2c6e8b34ef4ba7279191a269ef3c6cb13f33,1,1
dataset_2_binary_clean_v2,train,train/images/nozzle_extrusion_normal_0176.jpg,train/labels/nozzle_extrusion_normal_0176.txt,147346,38,e84230ac22761cb9691a5a7ed5e9b8a70e7d9fbb7550a348adbfaaa3605f83fc,a48fa3036baf16ec25cd4e93551f2c6e8b34ef4ba7279191a269ef3c6cb13f33,1,1
dataset_2_binary_clean_v2,train,train/images/nozzle_extrusion_normal_0177.jpg,train/labels/nozzle_extrusion_normal_0177.txt,129271,38,cb0de9326de3e59bf19ef016eb5e9f714e5940e772f24755fb49f436135998a0,a48fa3036baf16ec25cd4e93551f2c6e8b34ef4ba7279191a269ef3c6cb13f33,1,1
dataset_2_binary_clean_v2,train,train/images/nozzle_extrusion_normal_0178.jpg,train/labels/nozzle_extrusion_normal_0178.txt,135942,38,47b56b28b2eadcd5414584648899fef1ec2374c4de74ae5c9bba6e2ff72404e6,a48fa3036baf16ec25cd4e93551f2c6e8b34ef4ba7279191a269ef3c6cb13f33,1,1
dataset_2_binary_clean_v2,train,train/images/nozzle_extrusion_normal_0180.jpg,train/labels/nozzle_extrusion_normal_0180.txt,132408,38,860b218e103dbb455ecf12fde4fb4a7ce20d86bd41c208c151a186da08c15d08,a48fa3036baf16ec25cd4e93551f2c6e8b34ef4ba7279191a269ef3c6cb13f33,1,1
dataset_2_binary_clean_v2,train,train/images/nozzle_extrusion_normal_0181.jpg,train/labels/nozzle_extrusion_normal_0181.txt,138740,38,91845a6243c600340943ee8dc0af76ae38c45211c628724a36227f42e270fbc6,a48fa3036baf16ec25cd4e93551f2c6e8b34ef4ba7279191a269ef3c6cb13f33,1,1
dataset_2_binary_clean_v2,train,train/images/nozzle_extrusion_normal_0183.jpg,train/labels/nozzle_extrusion_normal_0183.txt,129831,38,03ebe8c5ce5da46f0e085ace8560aed0cbb8a2b7e4708191d208840a271269d7,a48fa3036baf16ec25cd4e93551f2c6e8b34ef4ba7279191a269ef3c6cb13f33,1,1
dataset_2_binary_clean_v2,train,train/images/nozzle_extrusion_normal_0186.jpg,train/labels/nozzle_extrusion_normal_0186.txt,126589,38,a28fa30d721da1c1bd0a1b42a5f3df5195e2e8438d34347b2af6ca6d3b9d1c4d,a48fa3036baf16ec25cd4e93551f2c6e8b34ef4ba7279191a269ef3c6cb13f33,1,1
dataset_2_binary_clean_v2,train,train/images/nozzle_extrusion_normal_0187.jpg,train/labels/nozzle_extrusion_normal_0187.txt,123176,38,0c2b1aa56bdf4a91c68dc435862083bbd130a635d6d34ccbbeb9ef69d5024556,a48fa3036baf16ec25cd4e93551f2c6e8b34ef4ba7279191a269ef3c6cb13f33,1,1
dataset_2_binary_clean_v2,train,train/images/nozzle_extrusion_normal_0189.jpg,train/labels/nozzle_extrusion_normal_0189.txt,119062,38,c9508d548692929e87582e16508547d191185a9ca5c2572966886f6543954274,a48fa3036baf16ec25cd4e93551f2c6e8b34ef4ba7279191a269ef3c6cb13f33,1,1
dataset_2_binary_clean_v2,train,train/images/nozzle_extrusion_normal_0191.jpg,train/labels/nozzle_extrusion_normal_0191.txt,124223,38,e7ea159d33fde43ebf4523465f094a74e5c8d27c4cf8c37cc7915c56838bec59,a48fa3036baf16ec25cd4e93551f2c6e8b34ef4ba7279191a269ef3c6cb13f33,1,1
dataset_2_binary_clean_v2,train,train/images/nozzle_extrusion_normal_0192.jpg,train/labels/nozzle_extrusion_normal_0192.txt,122284,38,bdedd55e483f129c32822fb6e3044456e3b73f299845c600147d53a3b1a698b5,a48fa3036baf16ec25cd4e93551f2c6e8b34ef4ba7279191a269ef3c6cb13f33,1,1
dataset_2_binary_clean_v2,train,train/images/nozzle_extrusion_normal_0193.jpg,train/labels/nozzle_extrusion_normal_0193.txt,104442,38,4f1567ce86db0ae0db5e0be9cb6b6d7d834b74371e95601f2dcefb1b44fbf0ac,a48fa3036baf16ec25cd4e93551f2c6e8b34ef4ba7279191a269ef3c6cb13f33,1,1
dataset_2_binary_clean_v2,train,train/images/nozzle_extrusion_normal_0196.jpg,train/labels/nozzle_extrusion_normal_0196.txt,131396,38,194ccaedbffd918f477bdcfdd2f39f70e96789bda2b2deeb99621a569bf28013,a48fa3036baf16ec25cd4e93551f2c6e8b34ef4ba7279191a269ef3c6cb13f33,1,1
dataset_2_binary_clean_v2,train,train/images/nozzle_extrusion_normal_0197.jpg,train/labels/nozzle_extrusion_normal_0197.txt,138174,38,2b164cd5cb6088768dbb7e7e8e693a4d0aeb1fe48066ec84c91101e0716cfb36,a48fa3036baf16ec25cd4e93551f2c6e8b34ef4ba7279191a269ef3c6cb13f33,1,1
dataset_2_binary_clean_v2,train,train/images/nozzle_extrusion_normal_0199.jpg,train/labels/nozzle_extrusion_normal_0199.txt,155775,38,d2c9299e76fcfceb3e42a300e553d71f38e9dc08f10701f6c69d247b8cffa55e,a48fa3036baf16ec25cd4e93551f2c6e8b34ef4ba7279191a269ef3c6cb13f33,1,1
dataset_2_binary_clean_v2,train,train/images/nozzle_extrusion_normal_0200.jpg,train/labels/nozzle_extrusion_normal_0200.txt,145697,38,c99b67257fbc94e817be580d85f27504e254fbe71f949b7f76faeff5892e4876,a48fa3036baf16ec25cd4e93551f2c6e8b34ef4ba7279191a269ef3c6cb13f33,1,1
dataset_2_binary_clean_v2,train,train/images/nozzle_extrusion_normal_0201.jpg,train/labels/nozzle_extrusion_normal_0201.txt,131846,38,8c3a6afc4c92d613f28444c7ab6139c3996fdcea792160770c4555438a4ba1b4,a48fa3036baf16ec25cd4e93551f2c6e8b34ef4ba7279191a269ef3c6cb13f33,1,1
dataset_2_binary_clean_v2,train,train/images/nozzle_extrusion_normal_0203.jpg,train/labels/nozzle_extrusion_normal_0203.txt,127448,38,6a311b9c347c46f4a9a5508b1faef586d1b57e612c9848d44138c303d0a441f4,a48fa3036baf16ec25cd4e93551f2c6e8b34ef4ba7279191a269ef3c6cb13f33,1,1
dataset_2_binary_clean_v2,train,train/images/nozzle_extrusion_normal_0204.jpg,train/labels/nozzle_extrusion_normal_0204.txt,133731,38,6dd430154147a8c57b50b162f45df80fe57a1eef7ca6612c383ddde08f28cb27,a48fa3036baf16ec25cd4e93551f2c6e8b34ef4ba7279191a269ef3c6cb13f33,1,1
dataset_2_binary_clean_v2,train,train/images/nozzle_extrusion_normal_0205.jpg,train/labels/nozzle_extrusion_normal_0205.txt,122145,38,e059cb29b995ce1654dc9b9198001c338405146c0d9053c33e2a3fcf155e7576,a48fa3036baf16ec25cd4e93551f2c6e8b34ef4ba7279191a269ef3c6cb13f33,1,1
dataset_2_binary_clean_v2,train,train/images/nozzle_extrusion_normal_0206.jpg,train/labels/nozzle_extrusion_normal_0206.txt,147404,38,ea4d6f8e3c0ecd4c660b549ead3f5a9643b8ddac52d6dbbfd3ea47693c22204b,a48fa3036baf16ec25cd4e93551f2c6e8b34ef4ba7279191a269ef3c6cb13f33,1,1
dataset_2_binary_clean_v2,train,train/images/nozzle_extrusion_normal_0207.jpg,train/labels/nozzle_extrusion_normal_0207.txt,142980,38,f7fd4ec407f99760b0a8260c10a23519bcfb141a54615cbc0513fef8c6207754,a48fa3036baf16ec25cd4e93551f2c6e8b34ef4ba7279191a269ef3c6cb13f33,1,1
dataset_2_binary_clean_v2,train,train/images/nozzle_extrusion_normal_0208.jpg,train/labels/nozzle_extrusion_normal_0208.txt,98689,38,5fd589fdb40bafb5cd993374a54df95224182f7d7098868b72fb35f8ec84848a,a48fa3036baf16ec25cd4e93551f2c6e8b34ef4ba7279191a269ef3c6cb13f33,1,1
dataset_2_binary_clean_v2,train,train/images/nozzle_extrusion_normal_0213.jpg,train/labels/nozzle_extrusion_normal_0213.txt,118985,38,e84d669da40c6f13dbde4b8dc137cd4be5107a440320a07fa2e28cc12cf2b026,a48fa3036baf16ec25cd4e93551f2c6e8b34ef4ba7279191a269ef3c6cb13f33,1,1
dataset_2_binary_clean_v2,train,train/images/nozzle_extrusion_normal_0214.jpg,train/labels/nozzle_extrusion_normal_0214.txt,84911,38,ed0b4d49f95505d8f9cfb591781a633f67c28b059da1aebfce01ad6062f6d5ba,a48fa3036baf16ec25cd4e93551f2c6e8b34ef4ba7279191a269ef3c6cb13f33,1,1
dataset_2_binary_clean_v2,train,train/images/nozzle_extrusion_normal_0215.jpg,train/labels/nozzle_extrusion_normal_0215.txt,116066,38,d034b88adc3aff87550d80b0f5e325477dba083ebaa0df49fb31669cdf8f3b90,a48fa3036baf16ec25cd4e93551f2c6e8b34ef4ba7279191a269ef3c6cb13f33,1,1
dataset_2_binary_clean_v2,train,train/images/nozzle_extrusion_normal_0216.jpg,train/labels/nozzle_extrusion_normal_0216.txt,124676,38,12b4eb058c5c89e5750d3520fce10fe6a86534c5d114085074e2083932efaa3e,a48fa3036baf16ec25cd4e93551f2c6e8b34ef4ba7279191a269ef3c6cb13f33,1,1
dataset_2_binary_clean_v2,train,train/images/nozzle_extrusion_normal_0217.jpg,train/labels/nozzle_extrusion_normal_0217.txt,94115,38,ae21716f2ab2ed5c09ad8b6ee95f351ed7ca3be155238abcc8bbd7451df2a779,a48fa3036baf16ec25cd4e93551f2c6e8b34ef4ba7279191a269ef3c6cb13f33,1,1
dataset_2_binary_clean_v2,train,train/images/nozzle_extrusion_normal_0219.jpg,train/labels/nozzle_extrusion_normal_0219.txt,116255,38,b634f64397727193bd128999373abf76f2390af906bef50ecf0c8bc78602f868,a48fa3036baf16ec25cd4e93551f2c6e8b34ef4ba7279191a269ef3c6cb13f33,1,1
dataset_2_binary_clean_v2,train,train/images/nozzle_extrusion_normal_0223.jpg,train/labels/nozzle_extrusion_normal_0223.txt,125760,38,f244a8da1c8f667d4d2133bb0133784d07e61359520ee5a19a45f9ff117bfba0,a48fa3036baf16ec25cd4e93551f2c6e8b34ef4ba7279191a269ef3c6cb13f33,1,1
dataset_2_binary_clean_v2,train,train/images/nozzle_extrusion_normal_0225.jpg,train/labels/nozzle_extrusion_normal_0225.txt,145574,38,9a3d972a8e2279051f06e154155e2a80b36da817c895564cc5dd482abbd3149d,a48fa3036baf16ec25cd4e93551f2c6e8b34ef4ba7279191a269ef3c6cb13f33,1,1
dataset_2_binary_clean_v2,train,train/images/nozzle_extrusion_normal_0226.jpg,train/labels/nozzle_extrusion_normal_0226.txt,157926,38,3ae98ce9c2c87fa3923d5060a52f6ff2ee97b725eb03fc380b950fc819afc07d,a48fa3036baf16ec25cd4e93551f2c6e8b34ef4ba7279191a269ef3c6cb13f33,1,1
dataset_2_binary_clean_v2,train,train/images/nozzle_extrusion_normal_0228.jpg,train/labels/nozzle_extrusion_normal_0228.txt,130519,38,c6bb4aa8aaccf428a16c0c55a7a59b686579763d1e78225d151b00dfbef2a5c5,a48fa3036baf16ec25cd4e93551f2c6e8b34ef4ba7279191a269ef3c6cb13f33,1,1
dataset_2_binary_clean_v2,train,train/images/nozzle_extrusion_normal_0229.jpg,train/labels/nozzle_extrusion_normal_0229.txt,130368,38,37ea845c289c825bfd89a33098466a4d5c7f955af5fc4a646a5064d19d95e8c1,a48fa3036baf16ec25cd4e93551f2c6e8b34ef4ba7279191a269ef3c6cb13f33,1,1
dataset_2_binary_clean_v2,train,train/images/nozzle_extrusion_normal_0230.jpg,train/labels/nozzle_extrusion_normal_0230.txt,132641,38,7b76de18992c95da91dff11fb40460a7ac94a736a90303cd163f8b651a704ff0,a48fa3036baf16ec25cd4e93551f2c6e8b34ef4ba7279191a269ef3c6cb13f33,1,1
dataset_2_binary_clean_v2,train,train/images/nozzle_extrusion_normal_0231.jpg,train/labels/nozzle_extrusion_normal_0231.txt,139215,38,68c65170c395578a11ccd34ffa25b1661c9ef870c90a7351a41295e7efd0a1d7,a48fa3036baf16ec25cd4e93551f2c6e8b34ef4ba7279191a269ef3c6cb13f33,1,1
dataset_2_binary_clean_v2,train,train/images/nozzle_extrusion_normal_0232.jpg,train/labels/nozzle_extrusion_normal_0232.txt,131502,38,d2baa1295051fc0826caa45c17a024be2f80c2e586b32d527f8a96497054075a,a48fa3036baf16ec25cd4e93551f2c6e8b34ef4ba7279191a269ef3c6cb13f33,1,1
dataset_2_binary_clean_v2,train,train/images/nozzle_extrusion_normal_0233.jpg,train/labels/nozzle_extrusion_normal_0233.txt,126462,38,ee78bdd85e2d61a12e6225fc83ae2b813a93c75e97790ca3ddceed661625a957,a48fa3036baf16ec25cd4e93551f2c6e8b34ef4ba7279191a269ef3c6cb13f33,1,1
dataset_2_binary_clean_v2,train,train/images/nozzle_extrusion_normal_0234.jpg,train/labels/nozzle_extrusion_normal_0234.txt,131875,38,8e3a8466e7ddf197fba37a8eded51c0e44751fc92ff29af645f357b61c6daa71,a48fa3036baf16ec25cd4e93551f2c6e8b34ef4ba7279191a269ef3c6cb13f33,1,1
dataset_2_binary_clean_v2,train,train/images/nozzle_extrusion_normal_0235.jpg,train/labels/nozzle_extrusion_normal_0235.txt,128039,38,089e50df84385c12db054f57995faea6633f6b117bb8c71316b7b756b52937f0,a48fa3036baf16ec25cd4e93551f2c6e8b34ef4ba7279191a269ef3c6cb13f33,1,1
dataset_2_binary_clean_v2,train,train/images/nozzle_extrusion_normal_0236.jpg,train/labels/nozzle_extrusion_normal_0236.txt,134929,38,9a50f2a230614f563431cf698c3b532354290d52d75797f91365873f4831faec,a48fa3036baf16ec25cd4e93551f2c6e8b34ef4ba7279191a269ef3c6cb13f33,1,1
dataset_2_binary_clean_v2,train,train/images/nozzle_extrusion_normal_0239.jpg,train/labels/nozzle_extrusion_normal_0239.txt,86719,38,8e1f6adea9d00f5dd78c26350285f9741bed272aa786f8e13e3f88446c466fc2,a48fa3036baf16ec25cd4e93551f2c6e8b34ef4ba7279191a269ef3c6cb13f33,1,1
dataset_2_binary_clean_v2,train,train/images/nozzle_extrusion_normal_0240.jpg,train/labels/nozzle_extrusion_normal_0240.txt,108618,38,947b72f6327e1342b33bbddf1914c926ee0dd6e1169d397a9fd814543dec3040,a48fa3036baf16ec25cd4e93551f2c6e8b34ef4ba7279191a269ef3c6cb13f33,1,1
dataset_2_binary_clean_v2,train,train/images/nozzle_extrusion_normal_0241.jpg,train/labels/nozzle_extrusion_normal_0241.txt,117319,38,dbc41922f981a8b5c32989dc728262764204129141ffd401f2cdd3dec5a6db80,a48fa3036baf16ec25cd4e93551f2c6e8b34ef4ba7279191a269ef3c6cb13f33,1,1
dataset_2_binary_clean_v2,train,train/images/nozzle_extrusion_normal_0242.jpg,train/labels/nozzle_extrusion_normal_0242.txt,121387,38,225259136c364720d189fcfc3da0492c3f90d0c0b25068f98b518e8de8486d60,a48fa3036baf16ec25cd4e93551f2c6e8b34ef4ba7279191a269ef3c6cb13f33,1,1
dataset_2_binary_clean_v2,train,train/images/nozzle_extrusion_normal_0244.jpg,train/labels/nozzle_extrusion_normal_0244.txt,125378,38,04e8785ec2b5f725efa109da25977c17b941ac0375edac6de4c283f1e134b63d,a48fa3036baf16ec25cd4e93551f2c6e8b34ef4ba7279191a269ef3c6cb13f33,1,1
dataset_2_binary_clean_v2,train,train/images/nozzle_extrusion_normal_0245.jpg,train/labels/nozzle_extrusion_normal_0245.txt,120483,38,36ec2aa85a70ca40798b9425db5b526a240013c82dbd9b4c0b78c0e0eaa63d71,a48fa3036baf16ec25cd4e93551f2c6e8b34ef4ba7279191a269ef3c6cb13f33,1,1
dataset_2_binary_clean_v2,train,train/images/nozzle_extrusion_normal_0246.jpg,train/labels/nozzle_extrusion_normal_0246.txt,118076,38,0bde037af2b35b95d3e22ffd0f280ffcf3835db0b4d182615cebbb2532ea3912,a48fa3036baf16ec25cd4e93551f2c6e8b34ef4ba7279191a269ef3c6cb13f33,1,1
dataset_2_binary_clean_v2,train,train/images/nozzle_extrusion_normal_0247.jpg,train/labels/nozzle_extrusion_normal_0247.txt,103539,38,ac61df59f3f8469a798b6c4dc95a710965fb662c55113d706f3a9e6f845c828a,a48fa3036baf16ec25cd4e93551f2c6e8b34ef4ba7279191a269ef3c6cb13f33,1,1
dataset_2_binary_clean_v2,train,train/images/nozzle_extrusion_normal_0248.jpg,train/labels/nozzle_extrusion_normal_0248.txt,139721,38,0d72c3bc5599950c228aa24be3331cdfbd43dd8394de5b129cc2d1cbf6b5a380,a48fa3036baf16ec25cd4e93551f2c6e8b34ef4ba7279191a269ef3c6cb13f33,1,1
dataset_2_binary_clean_v2,train,train/images/nozzle_extrusion_normal_0250.jpg,train/labels/nozzle_extrusion_normal_0250.txt,127213,38,e793839e26d9df6b12e9b54e65c798a996beec0be2d12be25a75a92bdf05e23c,a48fa3036baf16ec25cd4e93551f2c6e8b34ef4ba7279191a269ef3c6cb13f33,1,1
dataset_2_binary_clean_v2,train,train/images/nozzle_extrusion_normal_0252.jpg,train/labels/nozzle_extrusion_normal_0252.txt,129483,38,35cc9c92864619ae6b483118263bcfbf811eed2217758bd407630b4887180d06,a48fa3036baf16ec25cd4e93551f2c6e8b34ef4ba7279191a269ef3c6cb13f33,1,1
dataset_2_binary_clean_v2,train,train/images/nozzle_extrusion_normal_0253.jpg,train/labels/nozzle_extrusion_normal_0253.txt,133322,38,d5e3c62fa2595c6e09bb81f550fa8af6a274e74af8c7328f354ad4888e51237a,a48fa3036baf16ec25cd4e93551f2c6e8b34ef4ba7279191a269ef3c6cb13f33,1,1
dataset_2_binary_clean_v2,train,train/images/nozzle_extrusion_normal_0254.jpg,train/labels/nozzle_extrusion_normal_0254.txt,138087,38,056d42f5c5e1aecd14f7087c36948ca9cc429938914c7c9b2ddc0c50c23580c8,a48fa3036baf16ec25cd4e93551f2c6e8b34ef4ba7279191a269ef3c6cb13f33,1,1
dataset_2_binary_clean_v2,train,train/images/nozzle_extrusion_normal_0255.jpg,train/labels/nozzle_extrusion_normal_0255.txt,134628,38,0009786a210db1a1e31d9dc080d411743972fd4b850c6a256767cc7cee4aa441,a48fa3036baf16ec25cd4e93551f2c6e8b34ef4ba7279191a269ef3c6cb13f33,1,1
dataset_2_binary_clean_v2,train,train/images/nozzle_extrusion_normal_0260.jpg,train/labels/nozzle_extrusion_normal_0260.txt,128383,38,bc5b6921b173ca3e3daf601ad4aaee76de1340829c27874d216fdc523553c680,a48fa3036baf16ec25cd4e93551f2c6e8b34ef4ba7279191a269ef3c6cb13f33,1,1
dataset_2_binary_clean_v2,train,train/images/nozzle_extrusion_normal_0262.jpg,train/labels/nozzle_extrusion_normal_0262.txt,129966,38,b06bb7242858f10f463c30c793ed88572b3428126b1e76047429044dcc62aa24,a48fa3036baf16ec25cd4e93551f2c6e8b34ef4ba7279191a269ef3c6cb13f33,1,1
dataset_2_binary_clean_v2,train,train/images/nozzle_extrusion_normal_0263.jpg,train/labels/nozzle_extrusion_normal_0263.txt,131817,38,7b904664ab734f5d41df71e049fc97402d4ea59c8d1cf7c5523d24160b5259f7,a48fa3036baf16ec25cd4e93551f2c6e8b34ef4ba7279191a269ef3c6cb13f33,1,1
dataset_2_binary_clean_v2,train,train/images/nozzle_extrusion_normal_0264.jpg,train/labels/nozzle_extrusion_normal_0264.txt,136695,38,8f44cc704754525e88dc7fb7dbd4fb6a465a97898e82bd0dda5a44bc9048a026,a48fa3036baf16ec25cd4e93551f2c6e8b34ef4ba7279191a269ef3c6cb13f33,1,1
dataset_2_binary_clean_v2,train,train/images/nozzle_extrusion_normal_0265.jpg,train/labels/nozzle_extrusion_normal_0265.txt,136197,38,0e55a4c476c8ab3ad18ca67ac46b50098f6a0fe492d7180d2f703bed7219835d,a48fa3036baf16ec25cd4e93551f2c6e8b34ef4ba7279191a269ef3c6cb13f33,1,1
dataset_2_binary_clean_v2,train,train/images/nozzle_extrusion_normal_0266.jpg,train/labels/nozzle_extrusion_normal_0266.txt,123796,38,2c601934d4c876f6f89e9760e43cc04d851c06559cdd02583f675850a4757535,a48fa3036baf16ec25cd4e93551f2c6e8b34ef4ba7279191a269ef3c6cb13f33,1,1
dataset_2_binary_clean_v2,train,train/images/nozzle_extrusion_normal_0267.jpg,train/labels/nozzle_extrusion_normal_0267.txt,126590,38,7f6843d99e82feead9cefd04bf3576a8f42ea483562c994b2707a50a4c25214e,a48fa3036baf16ec25cd4e93551f2c6e8b34ef4ba7279191a269ef3c6cb13f33,1,1
dataset_2_binary_clean_v2,train,train/images/nozzle_extrusion_normal_0268.jpg,train/labels/nozzle_extrusion_normal_0268.txt,132582,38,4e0574d306896f6ff6fc7a5f618f6c1c47c7d22b4d3df54262d8faf90f125461,a48fa3036baf16ec25cd4e93551f2c6e8b34ef4ba7279191a269ef3c6cb13f33,1,1
dataset_2_binary_clean_v2,train,train/images/nozzle_extrusion_normal_0270.jpg,train/labels/nozzle_extrusion_normal_0270.txt,129080,38,d5b62e359c7fd6bdc92ff3b3b7e2241f32e5b8f766357f9fa1a212c87f96a23b,a48fa3036baf16ec25cd4e93551f2c6e8b34ef4ba7279191a269ef3c6cb13f33,1,1
dataset_2_binary_clean_v2,train,train/images/nozzle_extrusion_normal_0272.jpg,train/labels/nozzle_extrusion_normal_0272.txt,131985,38,0626aa97b568306faa4d1620cdeb673cdd132ba92a6f2982e6c14751553d8469,a48fa3036baf16ec25cd4e93551f2c6e8b34ef4ba7279191a269ef3c6cb13f33,1,1
dataset_2_binary_clean_v2,train,train/images/nozzle_extrusion_normal_0273.jpg,train/labels/nozzle_extrusion_normal_0273.txt,137586,38,ed2ef86de49ae03cc98c5b4f19fed8d7c0ca3e7670fbdece97921d7235246270,a48fa3036baf16ec25cd4e93551f2c6e8b34ef4ba7279191a269ef3c6cb13f33,1,1
dataset_2_binary_clean_v2,train,train/images/nozzle_extrusion_normal_0276.jpg,train/labels/nozzle_extrusion_normal_0276.txt,107071,38,0fac27e9d82cf243a576b559af54df48feebc40d6bf91f0d4397fc1611e48199,a48fa3036baf16ec25cd4e93551f2c6e8b34ef4ba7279191a269ef3c6cb13f33,1,1
dataset_2_binary_clean_v2,train,train/images/nozzle_extrusion_normal_0277.jpg,train/labels/nozzle_extrusion_normal_0277.txt,136646,38,54ad6880c787958f7e7a727a310295f75e124625f31d6c227e45e5c8a5fe6cd9,a48fa3036baf16ec25cd4e93551f2c6e8b34ef4ba7279191a269ef3c6cb13f33,1,1
dataset_2_binary_clean_v2,train,train/images/nozzle_extrusion_normal_0278.jpg,train/labels/nozzle_extrusion_normal_0278.txt,142153,38,bd54cb062faf15734123795ae9109df39cda7f90b7eb7941f927b0140bbb764d,a48fa3036baf16ec25cd4e93551f2c6e8b34ef4ba7279191a269ef3c6cb13f33,1,1
dataset_2_binary_clean_v2,train,train/images/nozzle_extrusion_normal_0279.jpg,train/labels/nozzle_extrusion_normal_0279.txt,136689,38,1fae974b0c73394dedac39b797f545cc1c74dd154554bf1a188964a9215746f2,a48fa3036baf16ec25cd4e93551f2c6e8b34ef4ba7279191a269ef3c6cb13f33,1,1
dataset_2_binary_clean_v2,train,train/images/nozzle_extrusion_normal_0281.jpg,train/labels/nozzle_extrusion_normal_0281.txt,122649,38,194eb2364eca435acc840e40d74c3424fd9a6cd315689ac5299abf4018d306f1,a48fa3036baf16ec25cd4e93551f2c6e8b34ef4ba7279191a269ef3c6cb13f33,1,1
dataset_2_binary_clean_v2,train,train/images/nozzle_extrusion_normal_0283.jpg,train/labels/nozzle_extrusion_normal_0283.txt,128424,38,85ad30b2d919e2974383953c926322ded6e5c4f8a4c593077aed8cc70a3c6e88,a48fa3036baf16ec25cd4e93551f2c6e8b34ef4ba7279191a269ef3c6cb13f33,1,1
dataset_2_binary_clean_v2,train,train/images/nozzle_extrusion_normal_0285.jpg,train/labels/nozzle_extrusion_normal_0285.txt,132381,38,2e99b43f9bc0d45858af208802ddcd94a5d792c1b2d5c1db4ccc453c8343416b,a48fa3036baf16ec25cd4e93551f2c6e8b34ef4ba7279191a269ef3c6cb13f33,1,1
dataset_2_binary_clean_v2,train,train/images/nozzle_extrusion_normal_0289.jpg,train/labels/nozzle_extrusion_normal_0289.txt,133341,38,e27080b9d06e260a029acac2a1c4497f6cf5a962526e75fa342e42bd5bcc7a23,a48fa3036baf16ec25cd4e93551f2c6e8b34ef4ba7279191a269ef3c6cb13f33,1,1
dataset_2_binary_clean_v2,train,train/images/nozzle_extrusion_normal_0291.jpg,train/labels/nozzle_extrusion_normal_0291.txt,104933,38,80ea9bc261169396610ca7b5ed72130da60092eafa41c841b4bf4c9a315259fe,a48fa3036baf16ec25cd4e93551f2c6e8b34ef4ba7279191a269ef3c6cb13f33,1,1
dataset_2_binary_clean_v2,train,train/images/nozzle_extrusion_normal_0293.jpg,train/labels/nozzle_extrusion_normal_0293.txt,131271,38,89e8bca9bd745b4083c0d8ff758ed38244de2d608431e1f8dbd141bd5356014c,a48fa3036baf16ec25cd4e93551f2c6e8b34ef4ba7279191a269ef3c6cb13f33,1,1
dataset_2_binary_clean_v2,train,train/images/nozzle_extrusion_normal_0294.jpg,train/labels/nozzle_extrusion_normal_0294.txt,131012,38,8b7bafb782c62bb7f7ea53f525b2298500bf95180e97d3217307370cd40f3929,a48fa3036baf16ec25cd4e93551f2c6e8b34ef4ba7279191a269ef3c6cb13f33,1,1
dataset_2_binary_clean_v2,train,train/images/nozzle_extrusion_normal_0295.jpg,train/labels/nozzle_extrusion_normal_0295.txt,130286,38,4f88f3837f21bd005a4cdfe8c9d88416c9f84c78d7ae5dacafe7c98e3b04a8c2,a48fa3036baf16ec25cd4e93551f2c6e8b34ef4ba7279191a269ef3c6cb13f33,1,1
dataset_2_binary_clean_v2,train,train/images/nozzle_extrusion_normal_0296.jpg,train/labels/nozzle_extrusion_normal_0296.txt,132732,38,6b52d9720723bed4569403675c09c3633a8917e2670d7fa0167f1c2c1a8707a3,a48fa3036baf16ec25cd4e93551f2c6e8b34ef4ba7279191a269ef3c6cb13f33,1,1
dataset_2_binary_clean_v2,train,train/images/nozzle_extrusion_normal_0297.jpg,train/labels/nozzle_extrusion_normal_0297.txt,105494,38,3ef5ae8fa3931856afca0e7ceed076db829a7d19260eef12bb09bc7069780277,a48fa3036baf16ec25cd4e93551f2c6e8b34ef4ba7279191a269ef3c6cb13f33,1,1
dataset_2_binary_clean_v2,train,train/images/nozzle_extrusion_normal_0298.jpg,train/labels/nozzle_extrusion_normal_0298.txt,124969,38,f85a737548812c742f57831581aa829fa66c9f43950b83a8a26fd92d5a3d8edc,a48fa3036baf16ec25cd4e93551f2c6e8b34ef4ba7279191a269ef3c6cb13f33,1,1
dataset_2_binary_clean_v2,train,train/images/nozzle_extrusion_normal_0302.jpg,train/labels/nozzle_extrusion_normal_0302.txt,130249,38,f188b9e7cc9488f8bdcd08958e9e6ed7af23e4d526860db20efe5f8bcf26c6b6,a48fa3036baf16ec25cd4e93551f2c6e8b34ef4ba7279191a269ef3c6cb13f33,1,1
dataset_2_binary_clean_v2,train,train/images/nozzle_extrusion_normal_0303.jpg,train/labels/nozzle_extrusion_normal_0303.txt,131239,38,2fe4b12a630704d3a074648f1882a2957ad138eb5285ccdfb99b7ef50bffbe1a,a48fa3036baf16ec25cd4e93551f2c6e8b34ef4ba7279191a269ef3c6cb13f33,1,1
dataset_2_binary_clean_v2,train,train/images/nozzle_extrusion_normal_0304.jpg,train/labels/nozzle_extrusion_normal_0304.txt,133620,38,8da1137889556fe2c70b7c8fa49cceb04a69430452ae3c75718e81503dcc8d44,a48fa3036baf16ec25cd4e93551f2c6e8b34ef4ba7279191a269ef3c6cb13f33,1,1
dataset_2_binary_clean_v2,train,train/images/nozzle_extrusion_normal_0305.jpg,train/labels/nozzle_extrusion_normal_0305.txt,134543,38,3cca7064d988fe43bf316ca9cd7d4395097a699638f14aba95092cd0ef571aab,a48fa3036baf16ec25cd4e93551f2c6e8b34ef4ba7279191a269ef3c6cb13f33,1,1
dataset_2_binary_clean_v2,train,train/images/nozzle_extrusion_normal_0306.jpg,train/labels/nozzle_extrusion_normal_0306.txt,137727,38,b6aa504087e7f5317fcca2f7ed7430ef833a6e3703c42ce1e262e7c2e80a4e9a,a48fa3036baf16ec25cd4e93551f2c6e8b34ef4ba7279191a269ef3c6cb13f33,1,1
dataset_2_binary_clean_v2,train,train/images/nozzle_extrusion_normal_0307.jpg,train/labels/nozzle_extrusion_normal_0307.txt,134439,38,40195f361cc62017b1f01417e853a393aa5130213d8102ce8df412b860456ae7,a48fa3036baf16ec25cd4e93551f2c6e8b34ef4ba7279191a269ef3c6cb13f33,1,1
dataset_2_binary_clean_v2,train,train/images/nozzle_extrusion_normal_0308.jpg,train/labels/nozzle_extrusion_normal_0308.txt,105406,38,2e2a980d6207d247e5287ae1a9d1df96f040617324e4a9c45181a67a05c99f8a,a48fa3036baf16ec25cd4e93551f2c6e8b34ef4ba7279191a269ef3c6cb13f33,1,1
dataset_2_binary_clean_v2,train,train/images/nozzle_extrusion_normal_0309.jpg,train/labels/nozzle_extrusion_normal_0309.txt,128902,38,fc0ee3f3bc39e77df2cdf243ae3d930346fd8464b4c08f308ac51ff348103f98,a48fa3036baf16ec25cd4e93551f2c6e8b34ef4ba7279191a269ef3c6cb13f33,1,1
dataset_2_binary_clean_v2,train,train/images/nozzle_extrusion_normal_0310.jpg,train/labels/nozzle_extrusion_normal_0310.txt,129029,38,08570891565518313cf5c51785300319e1e4e539fddb33a77da1c4959eae8eac,a48fa3036baf16ec25cd4e93551f2c6e8b34ef4ba7279191a269ef3c6cb13f33,1,1
dataset_2_binary_clean_v2,train,train/images/nozzle_extrusion_normal_0312.jpg,train/labels/nozzle_extrusion_normal_0312.txt,127769,38,258544fdc21ef9ccf4798a576ffcae707c6582a60d74273145998aef5f4ffb9c,a48fa3036baf16ec25cd4e93551f2c6e8b34ef4ba7279191a269ef3c6cb13f33,1,1
dataset_2_binary_clean_v2,train,train/images/nozzle_extrusion_normal_0314.jpg,train/labels/nozzle_extrusion_normal_0314.txt,127336,38,17eeb146a1d82d196ac7d5dc3c3ed0fb109b405087ac08d28406ecd25d0159e7,a48fa3036baf16ec25cd4e93551f2c6e8b34ef4ba7279191a269ef3c6cb13f33,1,1
dataset_2_binary_clean_v2,train,train/images/nozzle_extrusion_normal_0315.jpg,train/labels/nozzle_extrusion_normal_0315.txt,106766,38,0b77d8b5b15ec6f3dbe45b57dc5b8ce172f9e7d2ba5c49dd48abc77c173f1ff9,a48fa3036baf16ec25cd4e93551f2c6e8b34ef4ba7279191a269ef3c6cb13f33,1,1
dataset_2_binary_clean_v2,train,train/images/nozzle_extrusion_normal_0318.jpg,train/labels/nozzle_extrusion_normal_0318.txt,131942,38,88bc0f49c6c58ec8f5069c5ad6ab140b8aea36d39d8f1f1e1fcd301423a7478a,a48fa3036baf16ec25cd4e93551f2c6e8b34ef4ba7279191a269ef3c6cb13f33,1,1
dataset_2_binary_clean_v2,train,train/images/nozzle_extrusion_normal_0319.jpg,train/labels/nozzle_extrusion_normal_0319.txt,135854,38,f39b1a9092d757e79cb55493a2afe8ac6834fa7ec7c346241d97ca35485aaa3d,a48fa3036baf16ec25cd4e93551f2c6e8b34ef4ba7279191a269ef3c6cb13f33,1,1
dataset_2_binary_clean_v2,train,train/images/nozzle_extrusion_normal_0320.jpg,train/labels/nozzle_extrusion_normal_0320.txt,132497,38,baf7639734cdeca6680cf72a7b4cd33d6e70723045913cec0e969137b70d041a,a48fa3036baf16ec25cd4e93551f2c6e8b34ef4ba7279191a269ef3c6cb13f33,1,1
dataset_2_binary_clean_v2,train,train/images/nozzle_extrusion_normal_0321.jpg,train/labels/nozzle_extrusion_normal_0321.txt,131133,38,6e3d8eaf65145476df91c346e09d1bd064731d2061d7cb957e8b9c06a59a12cc,a48fa3036baf16ec25cd4e93551f2c6e8b34ef4ba7279191a269ef3c6cb13f33,1,1
dataset_2_binary_clean_v2,train,train/images/nozzle_extrusion_normal_0322.jpg,train/labels/nozzle_extrusion_normal_0322.txt,133314,38,20d12a52ee8c5ea5cc4431d8adf673dac853dc78ad4e3b5df7b384fad1adf27c,a48fa3036baf16ec25cd4e93551f2c6e8b34ef4ba7279191a269ef3c6cb13f33,1,1
dataset_2_binary_clean_v2,train,train/images/nozzle_extrusion_normal_0324.jpg,train/labels/nozzle_extrusion_normal_0324.txt,104966,38,f2da173b07dcf00eb6110f7d88dbde1210496f2a71ef8d2bb2bc9916286f2637,a48fa3036baf16ec25cd4e93551f2c6e8b34ef4ba7279191a269ef3c6cb13f33,1,1
dataset_2_binary_clean_v2,train,train/images/nozzle_extrusion_normal_0326.jpg,train/labels/nozzle_extrusion_normal_0326.txt,153248,38,eab4b1841f89e7484420dcb0e6ae1783ad408f39da5975b3633bb95641a2a478,a48fa3036baf16ec25cd4e93551f2c6e8b34ef4ba7279191a269ef3c6cb13f33,1,1
dataset_2_binary_clean_v2,train,train/images/nozzle_extrusion_normal_0327.jpg,train/labels/nozzle_extrusion_normal_0327.txt,102851,38,9ec4fae1a0adc2272688ee13c8e0db155df13992d205b950870c095876245d31,a48fa3036baf16ec25cd4e93551f2c6e8b34ef4ba7279191a269ef3c6cb13f33,1,1
dataset_2_binary_clean_v2,train,train/images/nozzle_extrusion_normal_0328.jpg,train/labels/nozzle_extrusion_normal_0328.txt,125876,38,327496787cb72af1f61e994ed5adf5f82a3d4d39935822fd045d73e98da7a727,a48fa3036baf16ec25cd4e93551f2c6e8b34ef4ba7279191a269ef3c6cb13f33,1,1
dataset_2_binary_clean_v2,train,train/images/nozzle_extrusion_normal_0329.jpg,train/labels/nozzle_extrusion_normal_0329.txt,129309,38,6efc099d11d2d9ce1930d2b4f09e701190b891c9ea46a8614e76bcce213257a4,a48fa3036baf16ec25cd4e93551f2c6e8b34ef4ba7279191a269ef3c6cb13f33,1,1
dataset_2_binary_clean_v2,train,train/images/nozzle_extrusion_normal_0332.jpg,train/labels/nozzle_extrusion_normal_0332.txt,100701,38,1986d6282848991b56d24f0c29e529b654156be20cd8878dd8202f7a7fde216b,a48fa3036baf16ec25cd4e93551f2c6e8b34ef4ba7279191a269ef3c6cb13f33,1,1
dataset_2_binary_clean_v2,train,train/images/nozzle_extrusion_normal_0336.jpg,train/labels/nozzle_extrusion_normal_0336.txt,101634,38,10d6ed44426a17b63959ad997c050807cdeaa3b672ad5be78c3e77bd3c8c5f01,a48fa3036baf16ec25cd4e93551f2c6e8b34ef4ba7279191a269ef3c6cb13f33,1,1
dataset_2_binary_clean_v2,train,train/images/nozzle_extrusion_normal_0337.jpg,train/labels/nozzle_extrusion_normal_0337.txt,131742,38,5fe41099af16f4bdc99878cf8011d02aa73d02653b189fbbb59b76c2323e770a,a48fa3036baf16ec25cd4e93551f2c6e8b34ef4ba7279191a269ef3c6cb13f33,1,1
dataset_2_binary_clean_v2,train,train/images/nozzle_extrusion_normal_0338.jpg,train/labels/nozzle_extrusion_normal_0338.txt,132185,38,b1654d255d3e06972c96226189198e3539ba89e88f303a063cf815d294f453c2,a48fa3036baf16ec25cd4e93551f2c6e8b34ef4ba7279191a269ef3c6cb13f33,1,1
dataset_2_binary_clean_v2,train,train/images/nozzle_extrusion_normal_0339.jpg,train/labels/nozzle_extrusion_normal_0339.txt,133680,38,1be0c7f4f822d2676b8fc71d3974892a34fb4bdde0e0eeeafdc577713dc72e48,a48fa3036baf16ec25cd4e93551f2c6e8b34ef4ba7279191a269ef3c6cb13f33,1,1
dataset_2_binary_clean_v2,train,train/images/nozzle_extrusion_normal_0340.jpg,train/labels/nozzle_extrusion_normal_0340.txt,131445,38,88f92f99dd9249f412de87c9321076d1b3bc706a805e7021722b78113fb42e39,a48fa3036baf16ec25cd4e93551f2c6e8b34ef4ba7279191a269ef3c6cb13f33,1,1
dataset_2_binary_clean_v2,train,train/images/nozzle_extrusion_normal_0342.jpg,train/labels/nozzle_extrusion_normal_0342.txt,133124,38,e97df2ee0780c8a4d1d5bacc69bdef6515856bf25934995baca1aa39d6f0d722,a48fa3036baf16ec25cd4e93551f2c6e8b34ef4ba7279191a269ef3c6cb13f33,1,1
dataset_2_binary_clean_v2,train,train/images/nozzle_extrusion_normal_0343.jpg,train/labels/nozzle_extrusion_normal_0343.txt,134082,38,04ce575a92c3cf1f1897e6ba466a8e28486f876c56aec0260caeae8aba9a7b03,a48fa3036baf16ec25cd4e93551f2c6e8b34ef4ba7279191a269ef3c6cb13f33,1,1
dataset_2_binary_clean_v2,train,train/images/nozzle_extrusion_normal_0346.jpg,train/labels/nozzle_extrusion_normal_0346.txt,129037,38,3d9eaba4d35f4c127a610f1456df109fc146821fd422db3e0c68bd5b2fc3a203,a48fa3036baf16ec25cd4e93551f2c6e8b34ef4ba7279191a269ef3c6cb13f33,1,1
dataset_2_binary_clean_v2,train,train/images/nozzle_extrusion_normal_0348.jpg,train/labels/nozzle_extrusion_normal_0348.txt,122826,38,9767fec12e6a506515cf32d7923661642a0e8a0acb771a3aa8f39dffcc367e05,a48fa3036baf16ec25cd4e93551f2c6e8b34ef4ba7279191a269ef3c6cb13f33,1,1
dataset_2_binary_clean_v2,train,train/images/nozzle_extrusion_normal_0349.jpg,train/labels/nozzle_extrusion_normal_0349.txt,126442,38,00912442a3d54c965699ed8b0ebe48cda3389451d60bf1625d0fe4d3f051e8f9,a48fa3036baf16ec25cd4e93551f2c6e8b34ef4ba7279191a269ef3c6cb13f33,1,1
dataset_2_binary_clean_v2,train,train/images/nozzle_extrusion_normal_0350.jpg,train/labels/nozzle_extrusion_normal_0350.txt,128828,38,0b6bbcac2c964f4d18172571a1c314f7aac114119af17e56f69b236d3004279e,a48fa3036baf16ec25cd4e93551f2c6e8b34ef4ba7279191a269ef3c6cb13f33,1,1
dataset_2_binary_clean_v2,train,train/images/nozzle_extrusion_normal_0351.jpg,train/labels/nozzle_extrusion_normal_0351.txt,103313,38,c919048df1903193feeca3bbde250def69dcee06e00d0afc80ed0d36108651da,a48fa3036baf16ec25cd4e93551f2c6e8b34ef4ba7279191a269ef3c6cb13f33,1,1
dataset_2_binary_clean_v2,train,train/images/nozzle_extrusion_normal_0353.jpg,train/labels/nozzle_extrusion_normal_0353.txt,127287,38,c3b854724f1635c2005bfe1e3c30a04d3df8139b9358262e4a17b3ad630aacd9,a48fa3036baf16ec25cd4e93551f2c6e8b34ef4ba7279191a269ef3c6cb13f33,1,1
dataset_2_binary_clean_v2,train,train/images/nozzle_extrusion_normal_0355.jpg,train/labels/nozzle_extrusion_normal_0355.txt,130285,38,a96875eb1f0af7fb0dae8c8248534b53ee195d456d991cfda976b0fd0c190d3c,a48fa3036baf16ec25cd4e93551f2c6e8b34ef4ba7279191a269ef3c6cb13f33,1,1
dataset_2_binary_clean_v2,train,train/images/nozzle_extrusion_normal_0356.jpg,train/labels/nozzle_extrusion_normal_0356.txt,133176,38,4c81179c2bece357aacb464fc07ad4077d8a0891aec2cfa6db31e6aa4b8ba8df,a48fa3036baf16ec25cd4e93551f2c6e8b34ef4ba7279191a269ef3c6cb13f33,1,1
dataset_2_binary_clean_v2,train,train/images/nozzle_extrusion_normal_0357.jpg,train/labels/nozzle_extrusion_normal_0357.txt,136712,38,0693f54e9624a4ec7d8140c9d5429ab1caf8cbd19f6e9786629e068d40f3b5e2,a48fa3036baf16ec25cd4e93551f2c6e8b34ef4ba7279191a269ef3c6cb13f33,1,1
dataset_2_binary_clean_v2,train,train/images/nozzle_extrusion_normal_0358.jpg,train/labels/nozzle_extrusion_normal_0358.txt,136572,38,1d31070ed2eee8d73fc66a3ec9b19b7febc08b1c6f4c8b4c409674f6b605f746,a48fa3036baf16ec25cd4e93551f2c6e8b34ef4ba7279191a269ef3c6cb13f33,1,1
dataset_2_binary_clean_v2,train,train/images/nozzle_extrusion_normal_0360.jpg,train/labels/nozzle_extrusion_normal_0360.txt,131914,38,2efc0d38e8932675fc3d0ccb28bd8f7f01fffd3bded3eebdcfaaf20944598635,a48fa3036baf16ec25cd4e93551f2c6e8b34ef4ba7279191a269ef3c6cb13f33,1,1
dataset_2_binary_clean_v2,train,train/images/nozzle_extrusion_normal_0361.jpg,train/labels/nozzle_extrusion_normal_0361.txt,132931,38,acd9ff2ab7acb59bf473d329917760e0b9046fd8bf1e49e874eed8420975fcba,a48fa3036baf16ec25cd4e93551f2c6e8b34ef4ba7279191a269ef3c6cb13f33,1,1
dataset_2_binary_clean_v2,train,train/images/nozzle_extrusion_normal_0362.jpg,train/labels/nozzle_extrusion_normal_0362.txt,132296,38,4c777358a293d215e41176a0a18f46b746349a26582ddcd0c238fa80f37bd5d4,a48fa3036baf16ec25cd4e93551f2c6e8b34ef4ba7279191a269ef3c6cb13f33,1,1
dataset_2_binary_clean_v2,train,train/images/nozzle_extrusion_normal_0363.jpg,train/labels/nozzle_extrusion_normal_0363.txt,129126,38,bb110757a73bde5317227877e5bc7a8eb13981679393136b5401cb469c032baf,a48fa3036baf16ec25cd4e93551f2c6e8b34ef4ba7279191a269ef3c6cb13f33,1,1
dataset_2_binary_clean_v2,train,train/images/nozzle_extrusion_normal_0364.jpg,train/labels/nozzle_extrusion_normal_0364.txt,129204,38,92af1372ef9adb6ee1e0b20197087ad8f06242aca78e0b926a7e2518291e9317,a48fa3036baf16ec25cd4e93551f2c6e8b34ef4ba7279191a269ef3c6cb13f33,1,1
dataset_2_binary_clean_v2,train,train/images/nozzle_extrusion_normal_0365.jpg,train/labels/nozzle_extrusion_normal_0365.txt,104827,38,fba400b6261b4c576cae63904fce435fdecd6113541eefed9ae7472444095985,a48fa3036baf16ec25cd4e93551f2c6e8b34ef4ba7279191a269ef3c6cb13f33,1,1
dataset_2_binary_clean_v2,train,train/images/nozzle_extrusion_normal_0367.jpg,train/labels/nozzle_extrusion_normal_0367.txt,126266,38,9a73a1f055bfbb4998fc9e311003076e3e7cfc1301949dedbfcb4eda0f6ae124,a48fa3036baf16ec25cd4e93551f2c6e8b34ef4ba7279191a269ef3c6cb13f33,1,1
dataset_2_binary_clean_v2,train,train/images/nozzle_extrusion_normal_0368.jpg,train/labels/nozzle_extrusion_normal_0368.txt,125875,38,be166ff8528ba93d95c9bd258098af4a9ec543916c79093775ceefd2fd1bd574,a48fa3036baf16ec25cd4e93551f2c6e8b34ef4ba7279191a269ef3c6cb13f33,1,1
dataset_2_binary_clean_v2,train,train/images/nozzle_extrusion_normal_0369.jpg,train/labels/nozzle_extrusion_normal_0369.txt,125942,38,b3cec2637663730d75132aba157608ed9b1cd9c70f478a4f7ad821d427b4790a,a48fa3036baf16ec25cd4e93551f2c6e8b34ef4ba7279191a269ef3c6cb13f33,1,1
dataset_2_binary_clean_v2,train,train/images/nozzle_extrusion_normal_0372.jpg,train/labels/nozzle_extrusion_normal_0372.txt,129808,38,b1f820d5edd4f7270b717a7139f9b15d19b2ebb8a8f95480e493604a9d24e237,a48fa3036baf16ec25cd4e93551f2c6e8b34ef4ba7279191a269ef3c6cb13f33,1,1
dataset_2_binary_clean_v2,train,train/images/nozzle_extrusion_normal_0373.jpg,train/labels/nozzle_extrusion_normal_0373.txt,134242,38,37fca03f21e2e48c1e137ff37b2018adee71bbef9a465a5833dac23e54c278c7,a48fa3036baf16ec25cd4e93551f2c6e8b34ef4ba7279191a269ef3c6cb13f33,1,1
dataset_2_binary_clean_v2,train,train/images/nozzle_extrusion_normal_0374.jpg,train/labels/nozzle_extrusion_normal_0374.txt,134321,38,93733c23f9ec616fdad86b4a476d4bf221363e9b7ebf1bb9951c33d3b27f5970,a48fa3036baf16ec25cd4e93551f2c6e8b34ef4ba7279191a269ef3c6cb13f33,1,1
dataset_2_binary_clean_v2,train,train/images/nozzle_extrusion_normal_0375.jpg,train/labels/nozzle_extrusion_normal_0375.txt,128710,38,ebfad95d29bd9425ef78e62d8cb25517fc4caa84507422afcff4bd2cf9ea874a,a48fa3036baf16ec25cd4e93551f2c6e8b34ef4ba7279191a269ef3c6cb13f33,1,1
dataset_2_binary_clean_v2,train,train/images/nozzle_extrusion_normal_0377.jpg,train/labels/nozzle_extrusion_normal_0377.txt,134063,38,b9d87667934832c6af90f908408858b81e6b4b81e24a69f68fa3b5fe470d81f5,a48fa3036baf16ec25cd4e93551f2c6e8b34ef4ba7279191a269ef3c6cb13f33,1,1
dataset_2_binary_clean_v2,train,train/images/nozzle_extrusion_normal_0378.jpg,train/labels/nozzle_extrusion_normal_0378.txt,142531,38,6598645a0d9e367c9f9a1bac4953d70e2129652350b59848c4fb0da55b197de1,a48fa3036baf16ec25cd4e93551f2c6e8b34ef4ba7279191a269ef3c6cb13f33,1,1
dataset_2_binary_clean_v2,train,train/images/nozzle_extrusion_normal_0379.jpg,train/labels/nozzle_extrusion_normal_0379.txt,138517,38,9d8e7d2b0a98e0c226fd6e766055bc8e6acb9c8b8d8336bed1cc5f200d48f127,a48fa3036baf16ec25cd4e93551f2c6e8b34ef4ba7279191a269ef3c6cb13f33,1,1
dataset_2_binary_clean_v2,train,train/images/nozzle_extrusion_normal_0380.jpg,train/labels/nozzle_extrusion_normal_0380.txt,140030,38,7ad35b0d6174a23e4b1464c1b28b0ab5be55ccdda3ad69c5d1bde09536407438,a48fa3036baf16ec25cd4e93551f2c6e8b34ef4ba7279191a269ef3c6cb13f33,1,1
dataset_2_binary_clean_v2,train,train/images/nozzle_extrusion_normal_0381.jpg,train/labels/nozzle_extrusion_normal_0381.txt,136978,38,98b95d116e0dcef65f47d066f63cae4836ad2c13ea9cbf5a57a52c72a6d31bf1,a48fa3036baf16ec25cd4e93551f2c6e8b34ef4ba7279191a269ef3c6cb13f33,1,1
dataset_2_binary_clean_v2,train,train/images/nozzle_extrusion_normal_0384.jpg,train/labels/nozzle_extrusion_normal_0384.txt,128850,38,440ee42a751eddb01436057ecf7a86455998e5a2050cb06dcd4d8f2af9ea2cb9,a48fa3036baf16ec25cd4e93551f2c6e8b34ef4ba7279191a269ef3c6cb13f33,1,1
dataset_2_binary_clean_v2,train,train/images/nozzle_extrusion_normal_0385.jpg,train/labels/nozzle_extrusion_normal_0385.txt,129267,38,60fbd807a09f02f8389d739a16a1bad6352b780568419a3cb4a0d1c97bee525a,a48fa3036baf16ec25cd4e93551f2c6e8b34ef4ba7279191a269ef3c6cb13f33,1,1
dataset_2_binary_clean_v2,train,train/images/nozzle_extrusion_normal_0386.jpg,train/labels/nozzle_extrusion_normal_0386.txt,128021,38,dd9aa8952cb503f44eed1eabc0aae40f36bdbb2ac6378af7362c6ebef387f805,a48fa3036baf16ec25cd4e93551f2c6e8b34ef4ba7279191a269ef3c6cb13f33,1,1
dataset_2_binary_clean_v2,train,train/images/nozzle_extrusion_normal_0387.jpg,train/labels/nozzle_extrusion_normal_0387.txt,103927,38,9a1e94930c43d885dde7434ffa6c6915447cd800efb4b110736ea078a84d4c99,a48fa3036baf16ec25cd4e93551f2c6e8b34ef4ba7279191a269ef3c6cb13f33,1,1
dataset_2_binary_clean_v2,train,train/images/nozzle_extrusion_normal_0388.jpg,train/labels/nozzle_extrusion_normal_0388.txt,126132,38,65a6d860d5cca383e488191afad1c0d8c4cfc2b37578153d0b6556f74bc67a27,a48fa3036baf16ec25cd4e93551f2c6e8b34ef4ba7279191a269ef3c6cb13f33,1,1
dataset_2_binary_clean_v2,train,train/images/nozzle_extrusion_normal_0390.jpg,train/labels/nozzle_extrusion_normal_0390.txt,132545,38,0c1a9c474f1bfcdecd992985f06f080238bc2b9339c8a29d933f2f08fc495f8d,a48fa3036baf16ec25cd4e93551f2c6e8b34ef4ba7279191a269ef3c6cb13f33,1,1
dataset_2_binary_clean_v2,train,train/images/nozzle_extrusion_normal_0391.jpg,train/labels/nozzle_extrusion_normal_0391.txt,131103,38,81160c8adfd2d4c576893a5e824a60be10e8a2f09bcfef56c93456eec87ce4ff,a48fa3036baf16ec25cd4e93551f2c6e8b34ef4ba7279191a269ef3c6cb13f33,1,1
dataset_2_binary_clean_v2,train,train/images/nozzle_extrusion_normal_0393.jpg,train/labels/nozzle_extrusion_normal_0393.txt,133834,38,53497fa195ee8fffca889694e6169ae5004ad50010f8b271e0b87d89bad65b17,a48fa3036baf16ec25cd4e93551f2c6e8b34ef4ba7279191a269ef3c6cb13f33,1,1
dataset_2_binary_clean_v2,train,train/images/nozzle_extrusion_normal_0395.jpg,train/labels/nozzle_extrusion_normal_0395.txt,130181,38,135c712625e56a066db48b7a03e56228aca6a9fa29e204227ebefffb560a2d46,a48fa3036baf16ec25cd4e93551f2c6e8b34ef4ba7279191a269ef3c6cb13f33,1,1
dataset_2_binary_clean_v2,train,train/images/nozzle_extrusion_normal_0396.jpg,train/labels/nozzle_extrusion_normal_0396.txt,103810,38,7b59bf7f843f111a365cc40e7b740e4497834159c58831fcf6c3485b5f4ef829,a48fa3036baf16ec25cd4e93551f2c6e8b34ef4ba7279191a269ef3c6cb13f33,1,1
dataset_2_binary_clean_v2,train,train/images/nozzle_extrusion_normal_0397.jpg,train/labels/nozzle_extrusion_normal_0397.txt,123950,38,b3ced31d42a69e541bcde33ea08b8c46ec94aa4ae337a7919bcca7201d112937,a48fa3036baf16ec25cd4e93551f2c6e8b34ef4ba7279191a269ef3c6cb13f33,1,1
dataset_2_binary_clean_v2,train,train/images/nozzle_extrusion_normal_0398.jpg,train/labels/nozzle_extrusion_normal_0398.txt,127833,38,059567aea57af4270968d69253e89bab18ffa3d912b05e0f59975e438c4f682d,a48fa3036baf16ec25cd4e93551f2c6e8b34ef4ba7279191a269ef3c6cb13f33,1,1
dataset_2_binary_clean_v2,train,train/images/nozzle_extrusion_normal_0400.jpg,train/labels/nozzle_extrusion_normal_0400.txt,125216,38,dd74968d52b06a8bf0455d6bc85fb669527bd8494e8916feb91bb8fb0afd600a,a48fa3036baf16ec25cd4e93551f2c6e8b34ef4ba7279191a269ef3c6cb13f33,1,1
dataset_2_binary_clean_v2,train,train/images/nozzle_extrusion_normal_0401.jpg,train/labels/nozzle_extrusion_normal_0401.txt,125840,38,ef4a19947afd3c884e3c38898e5ef51e270f4b960a00cddc2b85ae84ce4f8bb3,a48fa3036baf16ec25cd4e93551f2c6e8b34ef4ba7279191a269ef3c6cb13f33,1,1
dataset_2_binary_clean_v2,train,train/images/nozzle_extrusion_normal_0403.jpg,train/labels/nozzle_extrusion_normal_0403.txt,104186,38,0ae9addebd7ba72020f0f7a4a7aa1b89be9387099b5d94ae166f118701c1428a,a48fa3036baf16ec25cd4e93551f2c6e8b34ef4ba7279191a269ef3c6cb13f33,1,1
dataset_2_binary_clean_v2,train,train/images/nozzle_extrusion_normal_0404.jpg,train/labels/nozzle_extrusion_normal_0404.txt,127125,38,f260c6ad37b05fb4809fd31ef153c172811d4103ddfbdf236c17c04d663b6ed6,a48fa3036baf16ec25cd4e93551f2c6e8b34ef4ba7279191a269ef3c6cb13f33,1,1
dataset_2_binary_clean_v2,train,train/images/nozzle_extrusion_normal_0405.jpg,train/labels/nozzle_extrusion_normal_0405.txt,129363,38,10a67816dfbc5cf26b6b84729b133135c762817af4d2855f0c2eb198f33c5309,a48fa3036baf16ec25cd4e93551f2c6e8b34ef4ba7279191a269ef3c6cb13f33,1,1
dataset_2_binary_clean_v2,train,train/images/nozzle_extrusion_normal_0407.jpg,train/labels/nozzle_extrusion_normal_0407.txt,125597,38,c7deafbfb3992522e89e9efa63f18624146db7de5bd1fb82b48fba721655efc4,a48fa3036baf16ec25cd4e93551f2c6e8b34ef4ba7279191a269ef3c6cb13f33,1,1
dataset_2_binary_clean_v2,train,train/images/nozzle_extrusion_normal_0408.jpg,train/labels/nozzle_extrusion_normal_0408.txt,98477,38,292c0298926c803df024f675aa34b32e9790f8cc72b2f21c07b6a407e77a4ad8,a48fa3036baf16ec25cd4e93551f2c6e8b34ef4ba7279191a269ef3c6cb13f33,1,1
dataset_2_binary_clean_v2,train,train/images/nozzle_extrusion_normal_0409.jpg,train/labels/nozzle_extrusion_normal_0409.txt,123045,38,82703057a0556271521649cddf0cb7ed7f8e910829438c5284a35446cf08691e,a48fa3036baf16ec25cd4e93551f2c6e8b34ef4ba7279191a269ef3c6cb13f33,1,1
dataset_2_binary_clean_v2,train,train/images/nozzle_extrusion_normal_0412.jpg,train/labels/nozzle_extrusion_normal_0412.txt,129705,38,d2dc7be0054a5347bd42f5978263648675171abfa9281a7e1d999854781f5e0b,a48fa3036baf16ec25cd4e93551f2c6e8b34ef4ba7279191a269ef3c6cb13f33,1,1
dataset_2_binary_clean_v2,train,train/images/nozzle_extrusion_normal_0413.jpg,train/labels/nozzle_extrusion_normal_0413.txt,99399,38,0217ba4e280ed6125597bbc54a80e5f7a0931fe48cd3e673ad28322b1a681f04,a48fa3036baf16ec25cd4e93551f2c6e8b34ef4ba7279191a269ef3c6cb13f33,1,1
dataset_2_binary_clean_v2,train,train/images/nozzle_extrusion_normal_0414.jpg,train/labels/nozzle_extrusion_normal_0414.txt,120439,38,0778bc79657456703cf66a90a47a1baf5dbae5bb606e40a313cd406fd48fcbc1,a48fa3036baf16ec25cd4e93551f2c6e8b34ef4ba7279191a269ef3c6cb13f33,1,1
dataset_2_binary_clean_v2,train,train/images/nozzle_extrusion_normal_0415.jpg,train/labels/nozzle_extrusion_normal_0415.txt,127466,38,fa6eed5e3ea2e66303ea30ac6397d021e37d0156f4f07b1563306cbd353a62ad,a48fa3036baf16ec25cd4e93551f2c6e8b34ef4ba7279191a269ef3c6cb13f33,1,1
dataset_2_binary_clean_v2,train,train/images/nozzle_extrusion_normal_0416.jpg,train/labels/nozzle_extrusion_normal_0416.txt,128657,38,43e09b9d9cbaa0733638fa8b682df2285d7b029d29614b5a5dbfe1bf230190fa,a48fa3036baf16ec25cd4e93551f2c6e8b34ef4ba7279191a269ef3c6cb13f33,1,1
dataset_2_binary_clean_v2,train,train/images/nozzle_extrusion_normal_0418.jpg,train/labels/nozzle_extrusion_normal_0418.txt,140758,38,877862dacf7df189ed82483f58774ac39213d8a35b76f8242141411fa7904636,a48fa3036baf16ec25cd4e93551f2c6e8b34ef4ba7279191a269ef3c6cb13f33,1,1
dataset_2_binary_clean_v2,train,train/images/nozzle_extrusion_normal_0419.jpg,train/labels/nozzle_extrusion_normal_0419.txt,147912,38,78ab0675b077982b9648ccd2c7fe2d720078e2a4f1378cfee59cfd6464e4ec09,a48fa3036baf16ec25cd4e93551f2c6e8b34ef4ba7279191a269ef3c6cb13f33,1,1
dataset_2_binary_clean_v2,train,train/images/nozzle_extrusion_normal_0421.jpg,train/labels/nozzle_extrusion_normal_0421.txt,144636,38,8d226a5bb67c3fa258638895655465de09fd97f6c5f21213cfd7358fbbfb6c85,a48fa3036baf16ec25cd4e93551f2c6e8b34ef4ba7279191a269ef3c6cb13f33,1,1
dataset_2_binary_clean_v2,train,train/images/nozzle_extrusion_normal_0423.jpg,train/labels/nozzle_extrusion_normal_0423.txt,142423,38,819aceeb6b05b00e7c3a910bd588e12211e31af7342da29db33a29cc12554388,a48fa3036baf16ec25cd4e93551f2c6e8b34ef4ba7279191a269ef3c6cb13f33,1,1
dataset_2_binary_clean_v2,train,train/images/nozzle_extrusion_normal_0426.jpg,train/labels/nozzle_extrusion_normal_0426.txt,99901,38,e5d06acdb288b02c789046445060ecc1e22cd3d26e413d1634dca89217bff427,a48fa3036baf16ec25cd4e93551f2c6e8b34ef4ba7279191a269ef3c6cb13f33,1,1
dataset_2_binary_clean_v2,train,train/images/nozzle_extrusion_normal_0428.jpg,train/labels/nozzle_extrusion_normal_0428.txt,127471,38,86b44faf509e827774a8ade4eb06a63d42c8a77f90a3400c7cca891aadef55b4,a48fa3036baf16ec25cd4e93551f2c6e8b34ef4ba7279191a269ef3c6cb13f33,1,1
dataset_2_binary_clean_v2,train,train/images/nozzle_extrusion_normal_0430.jpg,train/labels/nozzle_extrusion_normal_0430.txt,131044,38,235272dbc8277c1a5a62edba6b8e7e0b3ead38ac202655cc9335d169835d7b38,a48fa3036baf16ec25cd4e93551f2c6e8b34ef4ba7279191a269ef3c6cb13f33,1,1
dataset_2_binary_clean_v2,train,train/images/nozzle_extrusion_normal_0431.jpg,train/labels/nozzle_extrusion_normal_0431.txt,130087,38,abaf6a55cb86ce401d33c3737573f81e7840da614b45c591b2727880b3fdf99b,a48fa3036baf16ec25cd4e93551f2c6e8b34ef4ba7279191a269ef3c6cb13f33,1,1
dataset_2_binary_clean_v2,train,train/images/nozzle_extrusion_normal_0432.jpg,train/labels/nozzle_extrusion_normal_0432.txt,106562,38,8a806deca2b56d061c17a719aef7b85d8ce2b2a5020edef15bb1625d8a2e5c55,a48fa3036baf16ec25cd4e93551f2c6e8b34ef4ba7279191a269ef3c6cb13f33,1,1
dataset_2_binary_clean_v2,train,train/images/nozzle_extrusion_normal_0434.jpg,train/labels/nozzle_extrusion_normal_0434.txt,122993,38,76b7d859c22d5db3afe2929725f0fde766594135b050dde4f8fc43a083eb65fa,a48fa3036baf16ec25cd4e93551f2c6e8b34ef4ba7279191a269ef3c6cb13f33,1,1
dataset_2_binary_clean_v2,train,train/images/nozzle_extrusion_normal_0435.jpg,train/labels/nozzle_extrusion_normal_0435.txt,123853,38,19236aa551aaeefafc1d1b833f0aac29c0d2feefb279ec7b05249942cd2b824f,a48fa3036baf16ec25cd4e93551f2c6e8b34ef4ba7279191a269ef3c6cb13f33,1,1
dataset_2_binary_clean_v2,train,train/images/nozzle_extrusion_normal_0436.jpg,train/labels/nozzle_extrusion_normal_0436.txt,125737,38,54221b842c1b4afee6b7c255c95869147156651a369b3ecadc1a37289a672205,a48fa3036baf16ec25cd4e93551f2c6e8b34ef4ba7279191a269ef3c6cb13f33,1,1
dataset_2_binary_clean_v2,train,train/images/nozzle_extrusion_normal_0437.jpg,train/labels/nozzle_extrusion_normal_0437.txt,129963,38,dd8f69abaab93e0eeed869fd7221432b4fe35b8732c9bfafc98610a4733b111c,a48fa3036baf16ec25cd4e93551f2c6e8b34ef4ba7279191a269ef3c6cb13f33,1,1
dataset_2_binary_clean_v2,train,train/images/nozzle_extrusion_normal_0439.jpg,train/labels/nozzle_extrusion_normal_0439.txt,122060,38,286464cd5acda8f529d417cab5e177181a8b4f7fab3899320a40d85076ee2bc7,a48fa3036baf16ec25cd4e93551f2c6e8b34ef4ba7279191a269ef3c6cb13f33,1,1
dataset_2_binary_clean_v2,train,train/images/nozzle_extrusion_normal_0442.jpg,train/labels/nozzle_extrusion_normal_0442.txt,123543,38,91bc7ac6cb87ea80711d2af385bfcd4e76e947f59ae90bc065666b2ce0bf3c48,a48fa3036baf16ec25cd4e93551f2c6e8b34ef4ba7279191a269ef3c6cb13f33,1,1
dataset_2_binary_clean_v2,train,train/images/nozzle_extrusion_normal_0443.jpg,train/labels/nozzle_extrusion_normal_0443.txt,128291,38,5758cd2939ebd2d838bc29174db2635e896ab3488762972f7e5935ce98f93d14,a48fa3036baf16ec25cd4e93551f2c6e8b34ef4ba7279191a269ef3c6cb13f33,1,1
dataset_2_binary_clean_v2,train,train/images/nozzle_extrusion_normal_0444.jpg,train/labels/nozzle_extrusion_normal_0444.txt,128348,38,b049f1d3607d43d3a5e32844bdba250d50ea764b5f0a2ea0db2dad4ee1891a74,a48fa3036baf16ec25cd4e93551f2c6e8b34ef4ba7279191a269ef3c6cb13f33,1,1
dataset_2_binary_clean_v2,train,train/images/nozzle_extrusion_normal_0445.jpg,train/labels/nozzle_extrusion_normal_0445.txt,128730,38,8573b4547dca8917a5f7afbf0ccf457911e18e58eb32e99a2f0b6addd4101b3c,a48fa3036baf16ec25cd4e93551f2c6e8b34ef4ba7279191a269ef3c6cb13f33,1,1
dataset_2_binary_clean_v2,train,train/images/nozzle_extrusion_normal_0446.jpg,train/labels/nozzle_extrusion_normal_0446.txt,99925,38,586f25d49f244f48d13598f4fec63c256d76206593ea9ff3b425220a7a334b1d,a48fa3036baf16ec25cd4e93551f2c6e8b34ef4ba7279191a269ef3c6cb13f33,1,1
dataset_2_binary_clean_v2,train,train/images/nozzle_extrusion_normal_0447.jpg,train/labels/nozzle_extrusion_normal_0447.txt,121574,38,953a2c357f986013bd27b58f21d8a2bdb4fd0cbc96934b7dfa18a0f03288df5b,a48fa3036baf16ec25cd4e93551f2c6e8b34ef4ba7279191a269ef3c6cb13f33,1,1
dataset_2_binary_clean_v2,train,train/images/nozzle_extrusion_normal_0448.jpg,train/labels/nozzle_extrusion_normal_0448.txt,122219,38,651a368e01d1ac3c74a474ef753661769eaf145a47a46f5967a75c65768bb782,a48fa3036baf16ec25cd4e93551f2c6e8b34ef4ba7279191a269ef3c6cb13f33,1,1
dataset_2_binary_clean_v2,train,train/images/nozzle_extrusion_normal_0451.jpg,train/labels/nozzle_extrusion_normal_0451.txt,124000,38,954b95c06e2316b8d331c8c37d37d528489611e133e70dd131c18a4b9d6fa33d,a48fa3036baf16ec25cd4e93551f2c6e8b34ef4ba7279191a269ef3c6cb13f33,1,1
dataset_2_binary_clean_v2,train,train/images/nozzle_extrusion_normal_0452.jpg,train/labels/nozzle_extrusion_normal_0452.txt,126963,38,4a4b51dc5cb749152674320d2c0027bc7656ab142ccae776cfd42c7a0bf138c9,a48fa3036baf16ec25cd4e93551f2c6e8b34ef4ba7279191a269ef3c6cb13f33,1,1
dataset_2_binary_clean_v2,train,train/images/nozzle_extrusion_normal_0453.jpg,train/labels/nozzle_extrusion_normal_0453.txt,134654,38,21bc383aea80ad2b39b10d4cc483020c74d9bd99ab4e2beaec87aa7946fcdb24,a48fa3036baf16ec25cd4e93551f2c6e8b34ef4ba7279191a269ef3c6cb13f33,1,1
dataset_2_binary_clean_v2,train,train/images/nozzle_extrusion_normal_0454.jpg,train/labels/nozzle_extrusion_normal_0454.txt,146510,38,3a0e84d6a4266e3f5dd089e8b04ea0d112b6dc04a6557f2c0fa1a740fc09f8b8,a48fa3036baf16ec25cd4e93551f2c6e8b34ef4ba7279191a269ef3c6cb13f33,1,1
dataset_2_binary_clean_v2,train,train/images/nozzle_extrusion_normal_0455.jpg,train/labels/nozzle_extrusion_normal_0455.txt,140817,38,cd07fc01f95f75f31f05b2c334c893589a1d861504e4fa2585ba5073408e543a,a48fa3036baf16ec25cd4e93551f2c6e8b34ef4ba7279191a269ef3c6cb13f33,1,1
dataset_2_binary_clean_v2,train,train/images/nozzle_extrusion_normal_0457.jpg,train/labels/nozzle_extrusion_normal_0457.txt,140158,38,0a361b9c540aaefd15b3fa238343e4e2eeb731983f06ac72109c5befd795bfa0,a48fa3036baf16ec25cd4e93551f2c6e8b34ef4ba7279191a269ef3c6cb13f33,1,1
dataset_2_binary_clean_v2,train,train/images/nozzle_extrusion_normal_0458.jpg,train/labels/nozzle_extrusion_normal_0458.txt,140177,38,cbc0f5d066592387848de712056f24da0c286613e7f0476a25bf7777a0809e4a,a48fa3036baf16ec25cd4e93551f2c6e8b34ef4ba7279191a269ef3c6cb13f33,1,1
dataset_2_binary_clean_v2,train,train/images/nozzle_extrusion_normal_0460.jpg,train/labels/nozzle_extrusion_normal_0460.txt,104751,38,0b52aff3a1734c61275e34bed26f9aa8adacde80339f1aa1d522e9efbbab30da,a48fa3036baf16ec25cd4e93551f2c6e8b34ef4ba7279191a269ef3c6cb13f33,1,1
dataset_2_binary_clean_v2,train,train/images/nozzle_extrusion_normal_0461.jpg,train/labels/nozzle_extrusion_normal_0461.txt,129637,38,5f0eac8919806a4ce35d6e9c79dfc811cc4efc4e9da6219cb759033267c066ae,a48fa3036baf16ec25cd4e93551f2c6e8b34ef4ba7279191a269ef3c6cb13f33,1,1
dataset_2_binary_clean_v2,train,train/images/nozzle_extrusion_normal_0462.jpg,train/labels/nozzle_extrusion_normal_0462.txt,138715,38,7d41334ebaacf4ac09c9e00e9f150f08d81711c82084118daece3fa3410581cf,a48fa3036baf16ec25cd4e93551f2c6e8b34ef4ba7279191a269ef3c6cb13f33,1,1
dataset_2_binary_clean_v2,train,train/images/nozzle_extrusion_normal_0463.jpg,train/labels/nozzle_extrusion_normal_0463.txt,142951,38,b288e1c08a0923670c5579c90c7add33377c779411b94d9e246d243506c7ab3e,a48fa3036baf16ec25cd4e93551f2c6e8b34ef4ba7279191a269ef3c6cb13f33,1,1
dataset_2_binary_clean_v2,train,train/images/nozzle_extrusion_normal_0464.jpg,train/labels/nozzle_extrusion_normal_0464.txt,134592,38,bc6bdbc35c7952603f29b345d01adc8f7bc2a168ac5891a810eec8169007dc94,a48fa3036baf16ec25cd4e93551f2c6e8b34ef4ba7279191a269ef3c6cb13f33,1,1
dataset_2_binary_clean_v2,train,train/images/nozzle_extrusion_normal_0466.jpg,train/labels/nozzle_extrusion_normal_0466.txt,124786,38,291990c2fe142973eb872a9e5dd45bfc90c03d4632c728b86634d236a25a13c8,a48fa3036baf16ec25cd4e93551f2c6e8b34ef4ba7279191a269ef3c6cb13f33,1,1
dataset_2_binary_clean_v2,train,train/images/nozzle_extrusion_normal_0468.jpg,train/labels/nozzle_extrusion_normal_0468.txt,135625,38,5ec9f5c62fa524352fd18473c394f244bf678864ff59ebb84a8575eccfcccf75,a48fa3036baf16ec25cd4e93551f2c6e8b34ef4ba7279191a269ef3c6cb13f33,1,1
dataset_2_binary_clean_v2,train,train/images/nozzle_extrusion_normal_0469.jpg,train/labels/nozzle_extrusion_normal_0469.txt,132424,38,81a1b3e571629a5d73bc3e8d63b69382976047805dea8b1991f34aa487541d65,a48fa3036baf16ec25cd4e93551f2c6e8b34ef4ba7279191a269ef3c6cb13f33,1,1
dataset_2_binary_clean_v2,train,train/images/nozzle_extrusion_normal_0470.jpg,train/labels/nozzle_extrusion_normal_0470.txt,104637,38,f62976ebbebdd7f620cfcea7873fcf9e7ba74f45498977be39afdc1ab6037b72,a48fa3036baf16ec25cd4e93551f2c6e8b34ef4ba7279191a269ef3c6cb13f33,1,1
dataset_2_binary_clean_v2,train,train/images/nozzle_extrusion_normal_0472.jpg,train/labels/nozzle_extrusion_normal_0472.txt,124479,38,d5e1bb8973e35ed5171215a83d845651564ec765691d50076e958179c8efb81d,a48fa3036baf16ec25cd4e93551f2c6e8b34ef4ba7279191a269ef3c6cb13f33,1,1
dataset_2_binary_clean_v2,train,train/images/nozzle_extrusion_normal_0475.jpg,train/labels/nozzle_extrusion_normal_0475.txt,142497,38,164078748d9dea0828ee4e4645cc4b571e9f1d4ed5de790465e15ec2a0d1ba9c,a48fa3036baf16ec25cd4e93551f2c6e8b34ef4ba7279191a269ef3c6cb13f33,1,1
dataset_2_binary_clean_v2,train,train/images/nozzle_extrusion_normal_0476.jpg,train/labels/nozzle_extrusion_normal_0476.txt,141672,38,09d416065dbfb4301abe11c8937631cbbccdb029c19afd1f7db32198fcb89456,a48fa3036baf16ec25cd4e93551f2c6e8b34ef4ba7279191a269ef3c6cb13f33,1,1
dataset_2_binary_clean_v2,train,train/images/nozzle_extrusion_normal_0477.jpg,train/labels/nozzle_extrusion_normal_0477.txt,140056,38,553fd595e3dea5f3d748e8312f8c3f720146fb09bfaf3a807d6aa7abf3ee1ee6,a48fa3036baf16ec25cd4e93551f2c6e8b34ef4ba7279191a269ef3c6cb13f33,1,1
dataset_2_binary_clean_v2,train,train/images/nozzle_extrusion_normal_0478.jpg,train/labels/nozzle_extrusion_normal_0478.txt,104455,38,b08fe3b580c5002e55f96943745ac66b8f9fb6c69310e5851b73dd08f79079ee,a48fa3036baf16ec25cd4e93551f2c6e8b34ef4ba7279191a269ef3c6cb13f33,1,1
dataset_2_binary_clean_v2,train,train/images/nozzle_extrusion_normal_0479.jpg,train/labels/nozzle_extrusion_normal_0479.txt,133241,38,9bcf189a297a92847568e53ff1cf63ecdd66245c9c49a10889db63e9bebb9beb,a48fa3036baf16ec25cd4e93551f2c6e8b34ef4ba7279191a269ef3c6cb13f33,1,1
dataset_2_binary_clean_v2,train,train/images/nozzle_extrusion_normal_0481.jpg,train/labels/nozzle_extrusion_normal_0481.txt,134470,38,39976e278975e12a573499520974cfdb2874aba82355c13e8869bd9d88a7d33d,a48fa3036baf16ec25cd4e93551f2c6e8b34ef4ba7279191a269ef3c6cb13f33,1,1
dataset_2_binary_clean_v2,train,train/images/nozzle_extrusion_normal_0482.jpg,train/labels/nozzle_extrusion_normal_0482.txt,144573,38,a8df00155ef2b67eaca45b33bcf659155d1717206391d073c6eb52ab5d587a39,a48fa3036baf16ec25cd4e93551f2c6e8b34ef4ba7279191a269ef3c6cb13f33,1,1
dataset_2_binary_clean_v2,train,train/images/nozzle_extrusion_normal_0483.jpg,train/labels/nozzle_extrusion_normal_0483.txt,127554,38,bce45ffd7892bdf224cf91e4d1b2a98000cf43bae412705d93c3b9a14b05e793,a48fa3036baf16ec25cd4e93551f2c6e8b34ef4ba7279191a269ef3c6cb13f33,1,1
dataset_2_binary_clean_v2,train,train/images/nozzle_extrusion_normal_0484.jpg,train/labels/nozzle_extrusion_normal_0484.txt,128448,38,63cd9e8b59a70e4acc2d663d0b196d272fef66ce3c09e17ff3d8aa6cf31d15c2,a48fa3036baf16ec25cd4e93551f2c6e8b34ef4ba7279191a269ef3c6cb13f33,1,1
dataset_2_binary_clean_v2,train,train/images/nozzle_extrusion_normal_0485.jpg,train/labels/nozzle_extrusion_normal_0485.txt,127986,38,80985affa7c8d045889021adb80d94efc34c9d185bbb3361060a235a7ce95187,a48fa3036baf16ec25cd4e93551f2c6e8b34ef4ba7279191a269ef3c6cb13f33,1,1
dataset_2_binary_clean_v2,train,train/images/nozzle_extrusion_normal_0486.jpg,train/labels/nozzle_extrusion_normal_0486.txt,129665,38,5158746152942e173d4d9c178c0af38ace0e3139d6b755d94a1ddafac1b929d8,a48fa3036baf16ec25cd4e93551f2c6e8b34ef4ba7279191a269ef3c6cb13f33,1,1
dataset_2_binary_clean_v2,train,train/images/nozzle_extrusion_normal_0487.jpg,train/labels/nozzle_extrusion_normal_0487.txt,117560,38,69ff2d983294dd39422f6024497bacc6877d71201e24aa54ccedbdcc82d2dbf3,a48fa3036baf16ec25cd4e93551f2c6e8b34ef4ba7279191a269ef3c6cb13f33,1,1
dataset_2_binary_clean_v2,train,train/images/nozzle_extrusion_normal_0488.jpg,train/labels/nozzle_extrusion_normal_0488.txt,122823,38,7066333d3f7df89ef3cbf808ba178ce35935250fb25d3e2357599f4375a4687c,a48fa3036baf16ec25cd4e93551f2c6e8b34ef4ba7279191a269ef3c6cb13f33,1,1
dataset_2_binary_clean_v2,train,train/images/nozzle_extrusion_normal_0489.jpg,train/labels/nozzle_extrusion_normal_0489.txt,123456,38,d3ca05782e578a8eef73cd6dffbf670ba6dd77a3a71333d31d952593f4191ff4,a48fa3036baf16ec25cd4e93551f2c6e8b34ef4ba7279191a269ef3c6cb13f33,1,1
dataset_2_binary_clean_v2,train,train/images/nozzle_extrusion_normal_0490.jpg,train/labels/nozzle_extrusion_normal_0490.txt,125627,38,b4b82da4516794202dc91953597918af0662c406c4efa0c57f829e22c15b95c3,a48fa3036baf16ec25cd4e93551f2c6e8b34ef4ba7279191a269ef3c6cb13f33,1,1
dataset_2_binary_clean_v2,train,train/images/nozzle_extrusion_normal_0491.jpg,train/labels/nozzle_extrusion_normal_0491.txt,135510,38,cbbfcc35fb1d76eef3b7911bafe2363ba5cc0e8ad3da761f6480208b92113837,a48fa3036baf16ec25cd4e93551f2c6e8b34ef4ba7279191a269ef3c6cb13f33,1,1
dataset_2_binary_clean_v2,train,train/images/nozzle_extrusion_normal_0493.jpg,train/labels/nozzle_extrusion_normal_0493.txt,137089,38,9d3236a3db7265be904d49465cf7bbd3381d669d033175cd6b78d44a8923b877,a48fa3036baf16ec25cd4e93551f2c6e8b34ef4ba7279191a269ef3c6cb13f33,1,1
dataset_2_binary_clean_v2,train,train/images/nozzle_extrusion_normal_0495.jpg,train/labels/nozzle_extrusion_normal_0495.txt,142312,38,e8e2b66d3590823a55e29657ecfdd2e11abbdf3bc8b9a8be0d2e3b404c7a379b,a48fa3036baf16ec25cd4e93551f2c6e8b34ef4ba7279191a269ef3c6cb13f33,1,1
dataset_2_binary_clean_v2,train,train/images/nozzle_extrusion_normal_0496.jpg,train/labels/nozzle_extrusion_normal_0496.txt,141394,38,37fa8e7f885a6016fce66e64921169d0707fc3247383fb0f4ebabb60c5cdd6f4,a48fa3036baf16ec25cd4e93551f2c6e8b34ef4ba7279191a269ef3c6cb13f33,1,1
dataset_2_binary_clean_v2,train,train/images/nozzle_extrusion_normal_0497.jpg,train/labels/nozzle_extrusion_normal_0497.txt,144956,38,ccf372c650d56b75a8f1a240d64e07bb3e3929ed2cba99940e1f2cdd98b73771,a48fa3036baf16ec25cd4e93551f2c6e8b34ef4ba7279191a269ef3c6cb13f33,1,1
dataset_2_binary_clean_v2,train,train/images/nozzle_extrusion_normal_0498.jpg,train/labels/nozzle_extrusion_normal_0498.txt,100780,38,77dc2e913571c6ef20d7ee908ebd2f2f08ec469c994b437d6f6289cf7d78eddc,a48fa3036baf16ec25cd4e93551f2c6e8b34ef4ba7279191a269ef3c6cb13f33,1,1
dataset_2_binary_clean_v2,train,train/images/nozzle_extrusion_normal_0499.jpg,train/labels/nozzle_extrusion_normal_0499.txt,127382,38,cb587f925a73d41bd4b088f26461cfa1fe8ebc801e86af6803046c94b27217c9,a48fa3036baf16ec25cd4e93551f2c6e8b34ef4ba7279191a269ef3c6cb13f33,1,1
dataset_2_binary_clean_v2,train,train/images/nozzle_extrusion_normal_0501.jpg,train/labels/nozzle_extrusion_normal_0501.txt,135405,38,8c8e711b04e6f8d0fd733613e558852e8ce224b5d1a10527002e196eb5ef34af,a48fa3036baf16ec25cd4e93551f2c6e8b34ef4ba7279191a269ef3c6cb13f33,1,1
dataset_2_binary_clean_v2,train,train/images/nozzle_extrusion_normal_0502.jpg,train/labels/nozzle_extrusion_normal_0502.txt,135413,38,3c9306f8eca2561105ac7794621eec927a4aa98a1e14fdfea23bd1fa6479a469,a48fa3036baf16ec25cd4e93551f2c6e8b34ef4ba7279191a269ef3c6cb13f33,1,1
dataset_2_binary_clean_v2,train,train/images/nozzle_extrusion_normal_0505.jpg,train/labels/nozzle_extrusion_normal_0505.txt,107880,38,57a0161eb37875e53b0a5654a0b4fb1f7fb4456e09ff93697fc4d160f7ab29ac,a48fa3036baf16ec25cd4e93551f2c6e8b34ef4ba7279191a269ef3c6cb13f33,1,1
dataset_2_binary_clean_v2,train,train/images/nozzle_extrusion_normal_0506.jpg,train/labels/nozzle_extrusion_normal_0506.txt,137462,38,4800c70b992f2eeb0f4804e20b657f7c4efca7609bf9656d9c58d019ef548d63,a48fa3036baf16ec25cd4e93551f2c6e8b34ef4ba7279191a269ef3c6cb13f33,1,1
dataset_2_binary_clean_v2,train,train/images/nozzle_extrusion_normal_0507.jpg,train/labels/nozzle_extrusion_normal_0507.txt,133174,38,dfb57b2aaeb37c7421e6aa842519ca61ba9a7395c55cbc8274dabfdca0127379,a48fa3036baf16ec25cd4e93551f2c6e8b34ef4ba7279191a269ef3c6cb13f33,1,1
dataset_2_binary_clean_v2,train,train/images/nozzle_extrusion_normal_0508.jpg,train/labels/nozzle_extrusion_normal_0508.txt,130908,38,e9f49fc3b23119f364f3fd01ad4b49c4376e5de8c82f9939f515aa63648da971,a48fa3036baf16ec25cd4e93551f2c6e8b34ef4ba7279191a269ef3c6cb13f33,1,1
dataset_2_binary_clean_v2,train,train/images/nozzle_extrusion_normal_0509.jpg,train/labels/nozzle_extrusion_normal_0509.txt,134233,38,7f461270e19a297bd06c3e508728423718a07384dc19ff3dacf391ad7dabb752,a48fa3036baf16ec25cd4e93551f2c6e8b34ef4ba7279191a269ef3c6cb13f33,1,1
dataset_2_binary_clean_v2,train,train/images/nozzle_extrusion_normal_0510.jpg,train/labels/nozzle_extrusion_normal_0510.txt,122824,38,a1999914377bc5064d7369807f04205c2628fd0e33e93f0f06bb9dea76937103,a48fa3036baf16ec25cd4e93551f2c6e8b34ef4ba7279191a269ef3c6cb13f33,1,1
dataset_2_binary_clean_v2,train,train/images/nozzle_extrusion_normal_0512.jpg,train/labels/nozzle_extrusion_normal_0512.txt,129539,38,09efdd05974879dcbea2a44df74a424bc053a654b3ea77a67bfc8819d386c4e8,a48fa3036baf16ec25cd4e93551f2c6e8b34ef4ba7279191a269ef3c6cb13f33,1,1
dataset_2_binary_clean_v2,train,train/images/nozzle_extrusion_normal_0513.jpg,train/labels/nozzle_extrusion_normal_0513.txt,126946,38,56b14447f54d730f809563dad7b0b468f89dd9b08d5a1372b0c0a46b486323b7,a48fa3036baf16ec25cd4e93551f2c6e8b34ef4ba7279191a269ef3c6cb13f33,1,1
dataset_2_binary_clean_v2,train,train/images/nozzle_extrusion_normal_0514.jpg,train/labels/nozzle_extrusion_normal_0514.txt,129865,38,a412edbb3201d1e6e12c44cffeba2615df1e4e186b353bf971bdd9c7ad7384b5,a48fa3036baf16ec25cd4e93551f2c6e8b34ef4ba7279191a269ef3c6cb13f33,1,1
dataset_2_binary_clean_v2,train,train/images/nozzle_extrusion_normal_0515.jpg,train/labels/nozzle_extrusion_normal_0515.txt,126612,38,30f24ffcb782080b21f76d38bbd03d780091f1b41ca5f810c63ff8d7a1701b67,a48fa3036baf16ec25cd4e93551f2c6e8b34ef4ba7279191a269ef3c6cb13f33,1,1
dataset_2_binary_clean_v2,train,train/images/nozzle_extrusion_normal_0516.jpg,train/labels/nozzle_extrusion_normal_0516.txt,135616,38,3b3981e6de48278aee85576fd923f1c8619b966589661e1284b0e8602929827b,a48fa3036baf16ec25cd4e93551f2c6e8b34ef4ba7279191a269ef3c6cb13f33,1,1
dataset_2_binary_clean_v2,train,train/images/nozzle_extrusion_normal_0517.jpg,train/labels/nozzle_extrusion_normal_0517.txt,136385,38,202a2e5d9ff51bf861dec36b7ae8e282129b0080e8847c2edc812c132758833b,a48fa3036baf16ec25cd4e93551f2c6e8b34ef4ba7279191a269ef3c6cb13f33,1,1
dataset_2_binary_clean_v2,train,train/images/nozzle_extrusion_normal_0518.jpg,train/labels/nozzle_extrusion_normal_0518.txt,134993,38,c391318c3cb265cd4eb01e8faf421f7768e944abdfeaa4b9f4c6a9865ef5abf6,a48fa3036baf16ec25cd4e93551f2c6e8b34ef4ba7279191a269ef3c6cb13f33,1,1
dataset_2_binary_clean_v2,train,train/images/nozzle_extrusion_normal_0521.jpg,train/labels/nozzle_extrusion_normal_0521.txt,145098,38,2d39271fd46e8607ecb135bbe77a470777562c198614babd5b8a13f0f2b35249,a48fa3036baf16ec25cd4e93551f2c6e8b34ef4ba7279191a269ef3c6cb13f33,1,1
dataset_2_binary_clean_v2,train,train/images/nozzle_extrusion_normal_0523.jpg,train/labels/nozzle_extrusion_normal_0523.txt,110574,38,e3900e5fdf366296c4e5b6c81337bcb55cf5159c5dfa9b6ee780e9a89f43adbb,a48fa3036baf16ec25cd4e93551f2c6e8b34ef4ba7279191a269ef3c6cb13f33,1,1
dataset_2_binary_clean_v2,train,train/images/nozzle_extrusion_normal_0524.jpg,train/labels/nozzle_extrusion_normal_0524.txt,128823,38,048d7a4d8db2096394fb6c61a71c08039b7e414f08d976ea083565770128071d,a48fa3036baf16ec25cd4e93551f2c6e8b34ef4ba7279191a269ef3c6cb13f33,1,1
dataset_2_binary_clean_v2,train,train/images/nozzle_extrusion_normal_0525.jpg,train/labels/nozzle_extrusion_normal_0525.txt,143061,38,50c8739fa8da79b096c38c82295423c707787efd3099fb5a983f910d86370f42,a48fa3036baf16ec25cd4e93551f2c6e8b34ef4ba7279191a269ef3c6cb13f33,1,1
dataset_2_binary_clean_v2,train,train/images/nozzle_extrusion_normal_0526.jpg,train/labels/nozzle_extrusion_normal_0526.txt,99655,38,0dd3aa85ab4edfd898b3b7f987f053618f97d38c5c2996ac18e20a0fe4704b8f,a48fa3036baf16ec25cd4e93551f2c6e8b34ef4ba7279191a269ef3c6cb13f33,1,1
dataset_2_binary_clean_v2,train,train/images/nozzle_extrusion_normal_0527.jpg,train/labels/nozzle_extrusion_normal_0527.txt,124444,38,a4537bc71d7a330f8e7575e47683ba6efef487bf00e4aad0265febece5d04864,a48fa3036baf16ec25cd4e93551f2c6e8b34ef4ba7279191a269ef3c6cb13f33,1,1
dataset_2_binary_clean_v2,train,train/images/nozzle_extrusion_normal_0528.jpg,train/labels/nozzle_extrusion_normal_0528.txt,128939,38,73d4c1bb69dc076a01bdcc0994617c43dd3c67a4daed342039e5462df8c8eecc,a48fa3036baf16ec25cd4e93551f2c6e8b34ef4ba7279191a269ef3c6cb13f33,1,1
dataset_2_binary_clean_v2,train,train/images/nozzle_extrusion_normal_0529.jpg,train/labels/nozzle_extrusion_normal_0529.txt,129352,38,da5a59e8b46887a0d497a9df31a2564ae0a008039cdea9d3c9841d9c2ad56d13,a48fa3036baf16ec25cd4e93551f2c6e8b34ef4ba7279191a269ef3c6cb13f33,1,1
dataset_2_binary_clean_v2,train,train/images/nozzle_extrusion_normal_0530.jpg,train/labels/nozzle_extrusion_normal_0530.txt,138772,38,325ec8f08732b369cd6d2ca327b54b7ea9c3f5e241c980265eef47801a6ac0be,a48fa3036baf16ec25cd4e93551f2c6e8b34ef4ba7279191a269ef3c6cb13f33,1,1
dataset_2_binary_clean_v2,train,train/images/nozzle_extrusion_normal_0531.jpg,train/labels/nozzle_extrusion_normal_0531.txt,140575,38,1b4510d2d81a914b7cd225cc1d30c549d4b03537e1a18e6647a8d70edc4ca194,a48fa3036baf16ec25cd4e93551f2c6e8b34ef4ba7279191a269ef3c6cb13f33,1,1
dataset_2_binary_clean_v2,train,train/images/nozzle_extrusion_normal_0533.jpg,train/labels/nozzle_extrusion_normal_0533.txt,125831,38,601e45ef6ae505ca97f659162888e883f963b413822ca7648b98ea53f7c07e1a,a48fa3036baf16ec25cd4e93551f2c6e8b34ef4ba7279191a269ef3c6cb13f33,1,1
dataset_2_binary_clean_v2,train,train/images/nozzle_extrusion_normal_0535.jpg,train/labels/nozzle_extrusion_normal_0535.txt,131622,38,212389633abf78de636e8f92de13657e1c976356aa5353e5b5a6f7137a1aef9d,a48fa3036baf16ec25cd4e93551f2c6e8b34ef4ba7279191a269ef3c6cb13f33,1,1
dataset_2_binary_clean_v2,train,train/images/nozzle_extrusion_normal_0536.jpg,train/labels/nozzle_extrusion_normal_0536.txt,128630,38,c1a896a68f2969d9b6a51f1a0a146c524fc33362ae44b893e10c77423cb6a91a,a48fa3036baf16ec25cd4e93551f2c6e8b34ef4ba7279191a269ef3c6cb13f33,1,1
dataset_2_binary_clean_v2,train,train/images/nozzle_extrusion_normal_0537.jpg,train/labels/nozzle_extrusion_normal_0537.txt,133589,38,9eede5f12674fb875ddae3420b68d6e3658262bf1e0add6da7f33be7f28c01e5,a48fa3036baf16ec25cd4e93551f2c6e8b34ef4ba7279191a269ef3c6cb13f33,1,1
dataset_2_binary_clean_v2,train,train/images/nozzle_extrusion_normal_0538.jpg,train/labels/nozzle_extrusion_normal_0538.txt,126734,38,24362744030feb0732b5cb0b1933de82c1b0cf936be4c213fb476d87aa8f89aa,a48fa3036baf16ec25cd4e93551f2c6e8b34ef4ba7279191a269ef3c6cb13f33,1,1
dataset_2_binary_clean_v2,train,train/images/nozzle_extrusion_normal_0539.jpg,train/labels/nozzle_extrusion_normal_0539.txt,102142,38,32b153378d5365c56b6f3b39db956a54d8993819513ed1c5c8e96003149af635,a48fa3036baf16ec25cd4e93551f2c6e8b34ef4ba7279191a269ef3c6cb13f33,1,1
dataset_2_binary_clean_v2,train,train/images/nozzle_extrusion_normal_0540.jpg,train/labels/nozzle_extrusion_normal_0540.txt,125907,38,0bfe17fc421feb6ae11e27e596d8da1d05a5ab9e069eb50ca7e022e69b827c0d,a48fa3036baf16ec25cd4e93551f2c6e8b34ef4ba7279191a269ef3c6cb13f33,1,1
dataset_2_binary_clean_v2,train,train/images/nozzle_extrusion_normal_0543.jpg,train/labels/nozzle_extrusion_normal_0543.txt,139274,38,3b9c6dcb321e5a700d5a34474ede4d231a53b5dbc33aaff9be72b2c2464b3df6,a48fa3036baf16ec25cd4e93551f2c6e8b34ef4ba7279191a269ef3c6cb13f33,1,1
dataset_2_binary_clean_v2,train,train/images/nozzle_extrusion_normal_0544.jpg,train/labels/nozzle_extrusion_normal_0544.txt,137787,38,174b4486c30dbd840224ed810dd63843dee353a59c4c56b8f0b9940f6f7aae2f,a48fa3036baf16ec25cd4e93551f2c6e8b34ef4ba7279191a269ef3c6cb13f33,1,1
dataset_2_binary_clean_v2,train,train/images/nozzle_extrusion_normal_0545.jpg,train/labels/nozzle_extrusion_normal_0545.txt,135747,38,122f22e4781f2ac3387a9fabbbc7be3a1cc40583ea5cb1c9d6ff1095167772ff,a48fa3036baf16ec25cd4e93551f2c6e8b34ef4ba7279191a269ef3c6cb13f33,1,1
dataset_2_binary_clean_v2,train,train/images/nozzle_extrusion_normal_0550.jpg,train/labels/nozzle_extrusion_normal_0550.txt,139205,38,565042b81cc6180b3c37fca9a37629768eb7ddb321d6b8853535bf400be2b76c,a48fa3036baf16ec25cd4e93551f2c6e8b34ef4ba7279191a269ef3c6cb13f33,1,1
dataset_2_binary_clean_v2,train,train/images/nozzle_extrusion_normal_0551.jpg,train/labels/nozzle_extrusion_normal_0551.txt,132041,38,af477957cba5cfe6c6354992c9422ef0af275c8e50b4ffc0b06738f96e5690d8,a48fa3036baf16ec25cd4e93551f2c6e8b34ef4ba7279191a269ef3c6cb13f33,1,1
dataset_2_binary_clean_v2,train,train/images/nozzle_extrusion_normal_0552.jpg,train/labels/nozzle_extrusion_normal_0552.txt,131765,38,f64f738c14d12145264f13bae7fcf90891354a2bf890f6ba0117a594f5ec4095,a48fa3036baf16ec25cd4e93551f2c6e8b34ef4ba7279191a269ef3c6cb13f33,1,1
dataset_2_binary_clean_v2,train,train/images/nozzle_extrusion_normal_0553.jpg,train/labels/nozzle_extrusion_normal_0553.txt,123896,38,0073e947dc884b5eabb5f1e296873add079c9bba7918e6ad3a00dc29a992bd6d,a48fa3036baf16ec25cd4e93551f2c6e8b34ef4ba7279191a269ef3c6cb13f33,1,1
dataset_2_binary_clean_v2,train,train/images/nozzle_extrusion_normal_0554.jpg,train/labels/nozzle_extrusion_normal_0554.txt,126602,38,577901cf274bc0f9841ef20186e50202445defbab3dbcf19b856cd436b633c19,a48fa3036baf16ec25cd4e93551f2c6e8b34ef4ba7279191a269ef3c6cb13f33,1,1
dataset_2_binary_clean_v2,train,train/images/nozzle_extrusion_normal_0555.jpg,train/labels/nozzle_extrusion_normal_0555.txt,129333,38,d10c481d7a1afbb7cfce8bd93b72c047b74d591621437e543eb6b5c65b93a294,a48fa3036baf16ec25cd4e93551f2c6e8b34ef4ba7279191a269ef3c6cb13f33,1,1
dataset_2_binary_clean_v2,train,train/images/nozzle_extrusion_normal_0556.jpg,train/labels/nozzle_extrusion_normal_0556.txt,126827,38,6d26b54428d8f261d3db7f1bee9280bdd179dd2b5313bdf32db02f96282cdf54,a48fa3036baf16ec25cd4e93551f2c6e8b34ef4ba7279191a269ef3c6cb13f33,1,1
dataset_2_binary_clean_v2,train,train/images/nozzle_extrusion_normal_0559.jpg,train/labels/nozzle_extrusion_normal_0559.txt,136515,38,52b88601b49b456ec80d8c6b65f9b171f3bb5f721889568cd6086abbf05b5e14,a48fa3036baf16ec25cd4e93551f2c6e8b34ef4ba7279191a269ef3c6cb13f33,1,1
dataset_2_binary_clean_v2,train,train/images/nozzle_extrusion_normal_0562.jpg,train/labels/nozzle_extrusion_normal_0562.txt,134940,38,3b41caf0f7e9860042fbcae026515c7d2cec321a9ced9e912320c75e14b01f00,a48fa3036baf16ec25cd4e93551f2c6e8b34ef4ba7279191a269ef3c6cb13f33,1,1
dataset_2_binary_clean_v2,train,train/images/nozzle_extrusion_normal_0563.jpg,train/labels/nozzle_extrusion_normal_0563.txt,136173,38,e358cb6750e65f2559bd88253dd5646c48eddb938155ac8b22d4f4de3f561cd5,a48fa3036baf16ec25cd4e93551f2c6e8b34ef4ba7279191a269ef3c6cb13f33,1,1
dataset_2_binary_clean_v2,train,train/images/nozzle_extrusion_normal_0565.jpg,train/labels/nozzle_extrusion_normal_0565.txt,107081,38,f39411c17c27594375e50e5ceb54f8d80cfc5b960d5b876885b42034fa9689a1,a48fa3036baf16ec25cd4e93551f2c6e8b34ef4ba7279191a269ef3c6cb13f33,1,1
dataset_2_binary_clean_v2,train,train/images/nozzle_extrusion_normal_0566.jpg,train/labels/nozzle_extrusion_normal_0566.txt,137389,38,dd1214ea444d685398ab3708f28ede02b40f62db8617e512e677983e2bb3c33f,a48fa3036baf16ec25cd4e93551f2c6e8b34ef4ba7279191a269ef3c6cb13f33,1,1
dataset_2_binary_clean_v2,train,train/images/nozzle_extrusion_normal_0568.jpg,train/labels/nozzle_extrusion_normal_0568.txt,167448,38,7997445e86f4653bde3653e85d88abf01f12dda66f1501fb323272c1e7fe3dd1,a48fa3036baf16ec25cd4e93551f2c6e8b34ef4ba7279191a269ef3c6cb13f33,1,1
dataset_2_binary_clean_v2,train,train/images/nozzle_extrusion_normal_0569.jpg,train/labels/nozzle_extrusion_normal_0569.txt,131327,38,569be9fda06eac9a59b968a682e1ee52a80751981e42f020913763abee47f410,a48fa3036baf16ec25cd4e93551f2c6e8b34ef4ba7279191a269ef3c6cb13f33,1,1
dataset_2_binary_clean_v2,train,train/images/nozzle_extrusion_normal_0570.jpg,train/labels/nozzle_extrusion_normal_0570.txt,119780,38,773b3ecb5e22a854a1e04a94f064d0fc5c4de6b7274538175e682d6be320c601,a48fa3036baf16ec25cd4e93551f2c6e8b34ef4ba7279191a269ef3c6cb13f33,1,1
dataset_2_binary_clean_v2,train,train/images/nozzle_extrusion_normal_0571.jpg,train/labels/nozzle_extrusion_normal_0571.txt,137321,38,944820b7e865ec78c46ed6b18e782b968dcf0221f413e8dff8d08cbc0fcb893d,a48fa3036baf16ec25cd4e93551f2c6e8b34ef4ba7279191a269ef3c6cb13f33,1,1
dataset_2_binary_clean_v2,train,train/images/nozzle_extrusion_normal_0572.jpg,train/labels/nozzle_extrusion_normal_0572.txt,142067,38,5ddab21140d07a1b2a91e84355445650482d33bd442ecd5ebdd91b671c1ac3bb,a48fa3036baf16ec25cd4e93551f2c6e8b34ef4ba7279191a269ef3c6cb13f33,1,1
dataset_2_binary_clean_v2,train,train/images/nozzle_extrusion_normal_0574.jpg,train/labels/nozzle_extrusion_normal_0574.txt,139569,38,17d89dfc9526816425c1a8fa47820da212413492bce3b6c5aed66cd79b3de7f0,a48fa3036baf16ec25cd4e93551f2c6e8b34ef4ba7279191a269ef3c6cb13f33,1,1
dataset_2_binary_clean_v2,train,train/images/nozzle_extrusion_normal_0576.jpg,train/labels/nozzle_extrusion_normal_0576.txt,100850,38,2adcfa729683520d9962943c18f9397785b0cc80463c1c96236f52dd1bae8952,a48fa3036baf16ec25cd4e93551f2c6e8b34ef4ba7279191a269ef3c6cb13f33,1,1
dataset_2_binary_clean_v2,train,train/images/nozzle_extrusion_normal_0578.jpg,train/labels/nozzle_extrusion_normal_0578.txt,126223,38,c95eec8d02f06d1bee388395bafe62542344e6553902b271a6d5df8a4f52d26f,a48fa3036baf16ec25cd4e93551f2c6e8b34ef4ba7279191a269ef3c6cb13f33,1,1
dataset_2_binary_clean_v2,train,train/images/nozzle_extrusion_normal_0579.jpg,train/labels/nozzle_extrusion_normal_0579.txt,130086,38,69e70c33b9d23516d9e7a7754984f3c15bb027b899492bd0ab33bc1e195a926e,a48fa3036baf16ec25cd4e93551f2c6e8b34ef4ba7279191a269ef3c6cb13f33,1,1
dataset_2_binary_clean_v2,train,train/images/nozzle_extrusion_normal_0580.jpg,train/labels/nozzle_extrusion_normal_0580.txt,128285,38,3e61bd00c45ad29c0131ed0dc3425cc57e666d04bed2b05ce8e0f4ac2f72be65,a48fa3036baf16ec25cd4e93551f2c6e8b34ef4ba7279191a269ef3c6cb13f33,1,1
dataset_2_binary_clean_v2,train,train/images/nozzle_extrusion_normal_0581.jpg,train/labels/nozzle_extrusion_normal_0581.txt,132009,38,70d63a1c883d84928b073e5ab705b49e3c4213b90cb9add2f0e33d5827a03f02,a48fa3036baf16ec25cd4e93551f2c6e8b34ef4ba7279191a269ef3c6cb13f33,1,1
dataset_2_binary_clean_v2,train,train/images/nozzle_extrusion_normal_0582.jpg,train/labels/nozzle_extrusion_normal_0582.txt,131892,38,4152beda8bc41416ca6566f9ef595be520fe746796a079278c938d32a25c3ea1,a48fa3036baf16ec25cd4e93551f2c6e8b34ef4ba7279191a269ef3c6cb13f33,1,1
dataset_2_binary_clean_v2,train,train/images/nozzle_extrusion_normal_0584.jpg,train/labels/nozzle_extrusion_normal_0584.txt,101978,38,ed25ced715cfb82e16cff7833e86ce6103e08fda168bdb4c7807945ea7018f18,a48fa3036baf16ec25cd4e93551f2c6e8b34ef4ba7279191a269ef3c6cb13f33,1,1
dataset_2_binary_clean_v2,train,train/images/nozzle_extrusion_normal_0585.jpg,train/labels/nozzle_extrusion_normal_0585.txt,126052,38,2115fe7d5740085984eb8ba862c727e7326b1d94fa109922c12425a16dfaedb2,a48fa3036baf16ec25cd4e93551f2c6e8b34ef4ba7279191a269ef3c6cb13f33,1,1
dataset_2_binary_clean_v2,train,train/images/nozzle_extrusion_normal_0586.jpg,train/labels/nozzle_extrusion_normal_0586.txt,129227,38,ced238dbe2b1199daff8f522dedbc8b42bd856be7821a9f1a6a54e9f02dc320b,a48fa3036baf16ec25cd4e93551f2c6e8b34ef4ba7279191a269ef3c6cb13f33,1,1
dataset_2_binary_clean_v2,train,train/images/nozzle_extrusion_normal_0587.jpg,train/labels/nozzle_extrusion_normal_0587.txt,134156,38,c59fd960956f470ce5b2046a9df43c41418bad12bf15b7a34f35c9e429c03bac,a48fa3036baf16ec25cd4e93551f2c6e8b34ef4ba7279191a269ef3c6cb13f33,1,1
dataset_2_binary_clean_v2,train,train/images/nozzle_extrusion_normal_0589.jpg,train/labels/nozzle_extrusion_normal_0589.txt,137127,38,6fc645e1d0b6da0c54add7b8df4aa82530d4773e137345ffbac886f401f2939f,a48fa3036baf16ec25cd4e93551f2c6e8b34ef4ba7279191a269ef3c6cb13f33,1,1
dataset_2_binary_clean_v2,train,train/images/nozzle_extrusion_normal_0591.jpg,train/labels/nozzle_extrusion_normal_0591.txt,108027,38,cafc08166804b2749957b9eec50e338294b8b9429738d1ccae2cf95e1ddfd416,a48fa3036baf16ec25cd4e93551f2c6e8b34ef4ba7279191a269ef3c6cb13f33,1,1
dataset_2_binary_clean_v2,train,train/images/nozzle_extrusion_normal_0592.jpg,train/labels/nozzle_extrusion_normal_0592.txt,129878,38,829ac32402d08b879ad4134336e6eed80582df6c6be9dbdc152e86c38982c2e5,a48fa3036baf16ec25cd4e93551f2c6e8b34ef4ba7279191a269ef3c6cb13f33,1,1
dataset_2_binary_clean_v2,train,train/images/nozzle_extrusion_normal_0593.jpg,train/labels/nozzle_extrusion_normal_0593.txt,132481,38,4034a884486d2fb9ecdecdb4299028859ac3cbb7151b3a0f0e54fc559e142892,a48fa3036baf16ec25cd4e93551f2c6e8b34ef4ba7279191a269ef3c6cb13f33,1,1
dataset_2_binary_clean_v2,train,train/images/nozzle_extrusion_normal_0594.jpg,train/labels/nozzle_extrusion_normal_0594.txt,131790,38,dab9afc1d3bdea655f03bed5267af1fad111ac87121bba9588e28d5fd625e538,a48fa3036baf16ec25cd4e93551f2c6e8b34ef4ba7279191a269ef3c6cb13f33,1,1
dataset_2_binary_clean_v2,train,train/images/nozzle_extrusion_normal_0595.jpg,train/labels/nozzle_extrusion_normal_0595.txt,98024,38,923d12161b38892f5ab2b30f17caf74d8f7cde6706b963c2233dd79f62e5174d,a48fa3036baf16ec25cd4e93551f2c6e8b34ef4ba7279191a269ef3c6cb13f33,1,1
dataset_2_binary_clean_v2,train,train/images/nozzle_extrusion_normal_0597.jpg,train/labels/nozzle_extrusion_normal_0597.txt,123728,38,af5eb9af89b351281b9bfc267d62acd1f00d65dfde875457cebd48f555fe3914,a48fa3036baf16ec25cd4e93551f2c6e8b34ef4ba7279191a269ef3c6cb13f33,1,1
dataset_2_binary_clean_v2,train,train/images/nozzle_extrusion_normal_0598.jpg,train/labels/nozzle_extrusion_normal_0598.txt,123954,38,bd79070f5d534b0bbed9ac3660c78789ec8411ed7d5be369599f5f23588f112c,a48fa3036baf16ec25cd4e93551f2c6e8b34ef4ba7279191a269ef3c6cb13f33,1,1
dataset_2_binary_clean_v2,train,train/images/nozzle_extrusion_normal_0599.jpg,train/labels/nozzle_extrusion_normal_0599.txt,128385,38,b75dabb322868d8e401892616356eae3460ef79fec78507310b94485a93a5665,a48fa3036baf16ec25cd4e93551f2c6e8b34ef4ba7279191a269ef3c6cb13f33,1,1
dataset_2_binary_clean_v2,train,train/images/nozzle_extrusion_normal_0602.jpg,train/labels/nozzle_extrusion_normal_0602.txt,133609,38,8ba3143b32c3e8cca244b94b5d337abe878b7bfb6b7e48d5a4bb54a833f3f7e8,a48fa3036baf16ec25cd4e93551f2c6e8b34ef4ba7279191a269ef3c6cb13f33,1,1
dataset_2_binary_clean_v2,train,train/images/nozzle_extrusion_normal_0603.jpg,train/labels/nozzle_extrusion_normal_0603.txt,131540,38,48a5628c45ae5e397bc2313abbdf0c72cfc53c243c5dfc4eb3b0d5380b2f3d0a,a48fa3036baf16ec25cd4e93551f2c6e8b34ef4ba7279191a269ef3c6cb13f33,1,1
dataset_2_binary_clean_v2,train,train/images/nozzle_extrusion_normal_0605.jpg,train/labels/nozzle_extrusion_normal_0605.txt,119641,38,526ca770dadde0b7cb12c1b62ef9f934158cb0be9f17eb1f462bff414df3a789,a48fa3036baf16ec25cd4e93551f2c6e8b34ef4ba7279191a269ef3c6cb13f33,1,1
dataset_2_binary_clean_v2,train,train/images/nozzle_extrusion_normal_0606.jpg,train/labels/nozzle_extrusion_normal_0606.txt,126173,38,a2a29304729e4e73f3b2496bfe7f6ae05e1aaca175ddca6904760ca3d4fc99fb,a48fa3036baf16ec25cd4e93551f2c6e8b34ef4ba7279191a269ef3c6cb13f33,1,1
dataset_2_binary_clean_v2,train,train/images/nozzle_extrusion_normal_0607.jpg,train/labels/nozzle_extrusion_normal_0607.txt,132180,38,017ade89e3cc2299dc3385f45c9ff50106ab3b3b94419485f1cfce3746851d12,a48fa3036baf16ec25cd4e93551f2c6e8b34ef4ba7279191a269ef3c6cb13f33,1,1
dataset_2_binary_clean_v2,train,train/images/nozzle_extrusion_normal_0608.jpg,train/labels/nozzle_extrusion_normal_0608.txt,131447,38,ab89b4661b6d75efc79a86949407ff060b364b58d3d128d3cfa529a66306c866,a48fa3036baf16ec25cd4e93551f2c6e8b34ef4ba7279191a269ef3c6cb13f33,1,1
dataset_2_binary_clean_v2,train,train/images/nozzle_extrusion_normal_0609.jpg,train/labels/nozzle_extrusion_normal_0609.txt,114062,38,f19582af670220fcc01cc4fac03f9ae59624c349bb5405229b81a104256c52fc,a48fa3036baf16ec25cd4e93551f2c6e8b34ef4ba7279191a269ef3c6cb13f33,1,1
dataset_2_binary_clean_v2,train,train/images/nozzle_extrusion_normal_0610.jpg,train/labels/nozzle_extrusion_normal_0610.txt,166501,38,4c578a10d159e84780dd1eefcbe470738391527f5ab658715a0233a76262000d,a48fa3036baf16ec25cd4e93551f2c6e8b34ef4ba7279191a269ef3c6cb13f33,1,1
dataset_2_binary_clean_v2,train,train/images/nozzle_extrusion_normal_0611.jpg,train/labels/nozzle_extrusion_normal_0611.txt,167261,38,8cbc02434a4aac0a7bf9e8d126f9953752d704114e2703428528cc3fe58dda13,a48fa3036baf16ec25cd4e93551f2c6e8b34ef4ba7279191a269ef3c6cb13f33,1,1
dataset_2_binary_clean_v2,train,train/images/nozzle_extrusion_normal_0612.jpg,train/labels/nozzle_extrusion_normal_0612.txt,143294,38,ffe924c2c72dc9b4ce2602323e3124cafeda54ca43ea4e605c0ca071acb680a8,a48fa3036baf16ec25cd4e93551f2c6e8b34ef4ba7279191a269ef3c6cb13f33,1,1
dataset_2_binary_clean_v2,train,train/images/nozzle_extrusion_normal_0613.jpg,train/labels/nozzle_extrusion_normal_0613.txt,147772,38,c8ca960da21ab16a3692f1781327dbea54dfb02750faa8802d0287d95ccaaa42,a48fa3036baf16ec25cd4e93551f2c6e8b34ef4ba7279191a269ef3c6cb13f33,1,1
dataset_2_binary_clean_v2,train,train/images/nozzle_extrusion_normal_0615.jpg,train/labels/nozzle_extrusion_normal_0615.txt,135687,38,96e1dca8b7f389653f15a9caf002ceed7bb3bb77e5e1068894b5f61f2dbe0299,a48fa3036baf16ec25cd4e93551f2c6e8b34ef4ba7279191a269ef3c6cb13f33,1,1
dataset_2_binary_clean_v2,train,train/images/nozzle_extrusion_normal_0616.jpg,train/labels/nozzle_extrusion_normal_0616.txt,132713,38,85a2ef319721fd38de0241c71bc63956b503a7a4a2a690924f5ee08213f855d5,a48fa3036baf16ec25cd4e93551f2c6e8b34ef4ba7279191a269ef3c6cb13f33,1,1
dataset_2_binary_clean_v2,train,train/images/nozzle_extrusion_normal_0617.jpg,train/labels/nozzle_extrusion_normal_0617.txt,102517,38,29fbd7d9d05c538134bedcd525e7a0fe35766931f9a31c7f670cdcb4fe7c843e,a48fa3036baf16ec25cd4e93551f2c6e8b34ef4ba7279191a269ef3c6cb13f33,1,1
dataset_2_binary_clean_v2,train,train/images/nozzle_extrusion_normal_0618.jpg,train/labels/nozzle_extrusion_normal_0618.txt,132444,38,cd5575e1561a74463aea19d72e550366b1db6348758c479941216026f5fe8838,a48fa3036baf16ec25cd4e93551f2c6e8b34ef4ba7279191a269ef3c6cb13f33,1,1
dataset_2_binary_clean_v2,train,train/images/nozzle_extrusion_normal_0619.jpg,train/labels/nozzle_extrusion_normal_0619.txt,137816,38,e16e598a45ff632b2fd24c75539f3c01b49fe47ae286d6cb8d0d48fede072864,a48fa3036baf16ec25cd4e93551f2c6e8b34ef4ba7279191a269ef3c6cb13f33,1,1
dataset_2_binary_clean_v2,train,train/images/nozzle_extrusion_normal_0620.jpg,train/labels/nozzle_extrusion_normal_0620.txt,139233,38,fddde9dbcc446b9f412721951fce2bedcb8b9aae7c68c5bace13b571eaeaf79f,a48fa3036baf16ec25cd4e93551f2c6e8b34ef4ba7279191a269ef3c6cb13f33,1,1
dataset_2_binary_clean_v2,train,train/images/nozzle_extrusion_normal_0621.jpg,train/labels/nozzle_extrusion_normal_0621.txt,141803,38,3b38b68808afef58ed861b080c8368da5017780c762ff3951b73c80266ae3a91,a48fa3036baf16ec25cd4e93551f2c6e8b34ef4ba7279191a269ef3c6cb13f33,1,1
dataset_2_binary_clean_v2,train,train/images/nozzle_extrusion_normal_0622.jpg,train/labels/nozzle_extrusion_normal_0622.txt,141718,38,f3672e93a08536dd77217eabbeca7f1fcf41bd5dcb0deb417012a579bd5c304e,a48fa3036baf16ec25cd4e93551f2c6e8b34ef4ba7279191a269ef3c6cb13f33,1,1
dataset_2_binary_clean_v2,train,train/images/nozzle_extrusion_normal_0623.jpg,train/labels/nozzle_extrusion_normal_0623.txt,125826,38,ec5888960f709864b9fbc34415a026f019c02ec95c01cb2448af802a26c1df2b,a48fa3036baf16ec25cd4e93551f2c6e8b34ef4ba7279191a269ef3c6cb13f33,1,1
dataset_2_binary_clean_v2,train,train/images/nozzle_extrusion_normal_0625.jpg,train/labels/nozzle_extrusion_normal_0625.txt,129209,38,8df21554b8c4afb38c4da111cbb501e02b06fcd022817bd528175a6c56d8da43,a48fa3036baf16ec25cd4e93551f2c6e8b34ef4ba7279191a269ef3c6cb13f33,1,1
dataset_2_binary_clean_v2,train,train/images/nozzle_extrusion_normal_0626.jpg,train/labels/nozzle_extrusion_normal_0626.txt,127283,38,eaf68b5183b24950428904cb6ac10207872f26d84b55d8ec300e06b184aa93b9,a48fa3036baf16ec25cd4e93551f2c6e8b34ef4ba7279191a269ef3c6cb13f33,1,1
dataset_2_binary_clean_v2,train,train/images/nozzle_extrusion_normal_0627.jpg,train/labels/nozzle_extrusion_normal_0627.txt,127467,38,695df1d2a944f1ee0feb54f5a48f11053830b848861a9d11ef35e547c775d0a7,a48fa3036baf16ec25cd4e93551f2c6e8b34ef4ba7279191a269ef3c6cb13f33,1,1
dataset_2_binary_clean_v2,train,train/images/nozzle_extrusion_normal_0628.jpg,train/labels/nozzle_extrusion_normal_0628.txt,131444,38,dfd8b39a37e05dd60c1ef642f1d8c2a49e4a808af9d6abdba12a6f6d2b128c6e,a48fa3036baf16ec25cd4e93551f2c6e8b34ef4ba7279191a269ef3c6cb13f33,1,1
dataset_2_binary_clean_v2,train,train/images/nozzle_extrusion_normal_0629.jpg,train/labels/nozzle_extrusion_normal_0629.txt,102056,38,adabedb840ee353b1f965889b21a4129012ff9f721536b1d67945df1796682b4,a48fa3036baf16ec25cd4e93551f2c6e8b34ef4ba7279191a269ef3c6cb13f33,1,1
dataset_2_binary_clean_v2,train,train/images/nozzle_extrusion_normal_0630.jpg,train/labels/nozzle_extrusion_normal_0630.txt,129168,38,5c9b3b629ca21e7ad7a4188d153330abb0858142ad3f3f43373020b4787c3715,a48fa3036baf16ec25cd4e93551f2c6e8b34ef4ba7279191a269ef3c6cb13f33,1,1
dataset_2_binary_clean_v2,train,train/images/nozzle_extrusion_normal_0632.jpg,train/labels/nozzle_extrusion_normal_0632.txt,134507,38,93d811688a1d611125536a092da6c9c7483c7d233d8d72acdcd62c259f8625da,a48fa3036baf16ec25cd4e93551f2c6e8b34ef4ba7279191a269ef3c6cb13f33,1,1
dataset_2_binary_clean_v2,train,train/images/nozzle_extrusion_normal_0633.jpg,train/labels/nozzle_extrusion_normal_0633.txt,139483,38,6a1a6e99bc945c458c93392a78a6809703fc14bdffe3a2340cecd2d545928d33,a48fa3036baf16ec25cd4e93551f2c6e8b34ef4ba7279191a269ef3c6cb13f33,1,1
dataset_2_binary_clean_v2,train,train/images/nozzle_extrusion_normal_0642.jpg,train/labels/nozzle_extrusion_normal_0642.txt,133067,38,81ea0ddc1f027bab4105182d25aba093c4f4a9febb4c2cdb71f38ab2626c8f76,a48fa3036baf16ec25cd4e93551f2c6e8b34ef4ba7279191a269ef3c6cb13f33,1,1
dataset_2_binary_clean_v2,train,train/images/nozzle_extrusion_normal_0643.jpg,train/labels/nozzle_extrusion_normal_0643.txt,96491,38,c52ad7e8111f245389921fcd4098b2b20ef392f8dffbfbeb71c15269d7e71818,a48fa3036baf16ec25cd4e93551f2c6e8b34ef4ba7279191a269ef3c6cb13f33,1,1
dataset_2_binary_clean_v2,train,train/images/nozzle_extrusion_normal_0644.jpg,train/labels/nozzle_extrusion_normal_0644.txt,123222,38,bef4b1ea7497bc4461a1940738ec1266934c8dedb3b0848119a80028c02cbfb2,a48fa3036baf16ec25cd4e93551f2c6e8b34ef4ba7279191a269ef3c6cb13f33,1,1
dataset_2_binary_clean_v2,train,train/images/nozzle_extrusion_normal_0646.jpg,train/labels/nozzle_extrusion_normal_0646.txt,126290,38,1656836f852d3bb8ad7055b9c7abdeaba4105e580414d7c4308e2be9d35906f2,a48fa3036baf16ec25cd4e93551f2c6e8b34ef4ba7279191a269ef3c6cb13f33,1,1
dataset_2_binary_clean_v2,train,train/images/nozzle_extrusion_normal_0649.jpg,train/labels/nozzle_extrusion_normal_0649.txt,125457,38,048ad4ab16facd28c9d3e371cc1d3c885a7eab7bf8cdfff02f52d0d3eece64d9,a48fa3036baf16ec25cd4e93551f2c6e8b34ef4ba7279191a269ef3c6cb13f33,1,1
dataset_2_binary_clean_v2,train,train/images/nozzle_extrusion_normal_0651.jpg,train/labels/nozzle_extrusion_normal_0651.txt,102616,38,776b5faac60e0ea672eeb3512c644d256a16e59a42756fdd781fd8c7c348c81c,a48fa3036baf16ec25cd4e93551f2c6e8b34ef4ba7279191a269ef3c6cb13f33,1,1
dataset_2_binary_clean_v2,train,train/images/nozzle_extrusion_normal_0652.jpg,train/labels/nozzle_extrusion_normal_0652.txt,126392,38,dabd5e3f83e7e1c545224ed8fe0b04631e8f121bbeeca0ef2228739501ae928e,a48fa3036baf16ec25cd4e93551f2c6e8b34ef4ba7279191a269ef3c6cb13f33,1,1
dataset_2_binary_clean_v2,train,train/images/nozzle_extrusion_normal_0653.jpg,train/labels/nozzle_extrusion_normal_0653.txt,145275,38,11d639121c0c51ab6c377c2d775cad49a044528a4a011bfa3a2c921706f7caeb,a48fa3036baf16ec25cd4e93551f2c6e8b34ef4ba7279191a269ef3c6cb13f33,1,1
dataset_2_binary_clean_v2,train,train/images/nozzle_extrusion_normal_0655.jpg,train/labels/nozzle_extrusion_normal_0655.txt,135488,38,89efb6c9d9e057fde14592fe9cbb8d03d9737f1914af2bd1329f28aa68cbad7f,a48fa3036baf16ec25cd4e93551f2c6e8b34ef4ba7279191a269ef3c6cb13f33,1,1
dataset_2_binary_clean_v2,train,train/images/nozzle_extrusion_normal_0656.jpg,train/labels/nozzle_extrusion_normal_0656.txt,133142,38,67a85844cb18254c3dd99ba2e5b5a57bd7b2bc035f4e9d6335039e5b63c0c8d6,a48fa3036baf16ec25cd4e93551f2c6e8b34ef4ba7279191a269ef3c6cb13f33,1,1
dataset_2_binary_clean_v2,train,train/images/nozzle_extrusion_normal_0657.jpg,train/labels/nozzle_extrusion_normal_0657.txt,121209,38,c867924fca31609d8a8875b7de35c314e8038d415a856711698793e3c14d44c9,a48fa3036baf16ec25cd4e93551f2c6e8b34ef4ba7279191a269ef3c6cb13f33,1,1
dataset_2_binary_clean_v2,train,train/images/nozzle_extrusion_normal_0658.jpg,train/labels/nozzle_extrusion_normal_0658.txt,137681,38,c332df50eab787ace8a99884bfc00b7ca4638f159c772301d08cc67c8c10d31a,a48fa3036baf16ec25cd4e93551f2c6e8b34ef4ba7279191a269ef3c6cb13f33,1,1
dataset_2_binary_clean_v2,train,train/images/nozzle_extrusion_normal_0659.jpg,train/labels/nozzle_extrusion_normal_0659.txt,138147,38,1cedd09526567f926a7c3be765d3340f18f9aadccf4e7f068fb3a3963ae67003,a48fa3036baf16ec25cd4e93551f2c6e8b34ef4ba7279191a269ef3c6cb13f33,1,1
dataset_2_binary_clean_v2,train,train/images/nozzle_extrusion_normal_0662.jpg,train/labels/nozzle_extrusion_normal_0662.txt,108669,38,5c0f6b32e1a41e04bcf2e6d0f549c4768ff4c54e3eced9b46fbbb38af2e91a2f,a48fa3036baf16ec25cd4e93551f2c6e8b34ef4ba7279191a269ef3c6cb13f33,1,1
dataset_2_binary_clean_v2,train,train/images/nozzle_extrusion_normal_0663.jpg,train/labels/nozzle_extrusion_normal_0663.txt,132227,38,404a28bb3e98500921c51563047c0593adba90201145985ead231e7d1e0f1e8e,a48fa3036baf16ec25cd4e93551f2c6e8b34ef4ba7279191a269ef3c6cb13f33,1,1
dataset_2_binary_clean_v2,train,train/images/nozzle_extrusion_normal_0664.jpg,train/labels/nozzle_extrusion_normal_0664.txt,133480,38,fbddb922013798fdd53e8495b479bd59c2ba5b85ac6e6f4b5bd881e99784b6b5,a48fa3036baf16ec25cd4e93551f2c6e8b34ef4ba7279191a269ef3c6cb13f33,1,1
dataset_2_binary_clean_v2,train,train/images/nozzle_extrusion_normal_0665.jpg,train/labels/nozzle_extrusion_normal_0665.txt,131015,38,5e8d80e5855a499c80c0a4efa2b6ade8fd6a51970b37ab2107b51ddacfe999f0,a48fa3036baf16ec25cd4e93551f2c6e8b34ef4ba7279191a269ef3c6cb13f33,1,1
dataset_2_binary_clean_v2,train,train/images/nozzle_extrusion_normal_0666.jpg,train/labels/nozzle_extrusion_normal_0666.txt,129937,38,6654108b7eb66757c81c0f7af5dc227846a482fabf3ad3ce0e9afbcaafbc141e,a48fa3036baf16ec25cd4e93551f2c6e8b34ef4ba7279191a269ef3c6cb13f33,1,1
dataset_2_binary_clean_v2,train,train/images/nozzle_extrusion_normal_0667.jpg,train/labels/nozzle_extrusion_normal_0667.txt,129738,38,0019381ccaeaf03a19d7905c4f49bf04b63f361a66ad2d500c4a945940b5a97e,a48fa3036baf16ec25cd4e93551f2c6e8b34ef4ba7279191a269ef3c6cb13f33,1,1
dataset_2_binary_clean_v2,train,train/images/nozzle_extrusion_normal_0668.jpg,train/labels/nozzle_extrusion_normal_0668.txt,99095,38,c5959ad56c37ac8fbb68282dcabdc14c913d82bf2e1b364dd76a418615642ba4,a48fa3036baf16ec25cd4e93551f2c6e8b34ef4ba7279191a269ef3c6cb13f33,1,1
dataset_2_binary_clean_v2,train,train/images/nozzle_extrusion_normal_0669.jpg,train/labels/nozzle_extrusion_normal_0669.txt,124200,38,df44127c4967e07f24a1f2b56bebfd656d92cc32c141c59a804a5ae679f991c9,a48fa3036baf16ec25cd4e93551f2c6e8b34ef4ba7279191a269ef3c6cb13f33,1,1
dataset_2_binary_clean_v2,train,train/images/nozzle_extrusion_normal_0672.jpg,train/labels/nozzle_extrusion_normal_0672.txt,134841,38,90c4ca3b6aa640412de5ef2f4d8255ed1996b7238afde9521039251f13c2eafb,a48fa3036baf16ec25cd4e93551f2c6e8b34ef4ba7279191a269ef3c6cb13f33,1,1
dataset_2_binary_clean_v2,train,train/images/nozzle_extrusion_normal_0673.jpg,train/labels/nozzle_extrusion_normal_0673.txt,137695,38,9d063f07776d4acc8a7937486ee0afce7dab8316c8039e190ad937b0d76f446b,a48fa3036baf16ec25cd4e93551f2c6e8b34ef4ba7279191a269ef3c6cb13f33,1,1
dataset_2_binary_clean_v2,train,train/images/nozzle_extrusion_normal_0674.jpg,train/labels/nozzle_extrusion_normal_0674.txt,135567,38,688790fa07a286e43738bae5c4600e8a15de8487ae84a9057a2a3ea976bbca56,a48fa3036baf16ec25cd4e93551f2c6e8b34ef4ba7279191a269ef3c6cb13f33,1,1
dataset_2_binary_clean_v2,train,train/images/nozzle_extrusion_normal_0675.jpg,train/labels/nozzle_extrusion_normal_0675.txt,137165,38,49f2b379b56e5005483e020eea93a44b36cf3d53e2263f263b0db845d7e4b155,a48fa3036baf16ec25cd4e93551f2c6e8b34ef4ba7279191a269ef3c6cb13f33,1,1
dataset_2_binary_clean_v2,train,train/images/nozzle_extrusion_normal_0676.jpg,train/labels/nozzle_extrusion_normal_0676.txt,135633,38,d0fffbc54ea22ec37d46c61c70b757d4ee7349cda112575c95caae167f30bb8a,a48fa3036baf16ec25cd4e93551f2c6e8b34ef4ba7279191a269ef3c6cb13f33,1,1
dataset_2_binary_clean_v2,train,train/images/nozzle_extrusion_normal_0677.jpg,train/labels/nozzle_extrusion_normal_0677.txt,103465,38,9f59525c0b6aafa7f8d1ef0e11145ddf18af877f5a2120006050e1fefd0fa7ee,a48fa3036baf16ec25cd4e93551f2c6e8b34ef4ba7279191a269ef3c6cb13f33,1,1
dataset_2_binary_clean_v2,train,train/images/nozzle_extrusion_normal_0678.jpg,train/labels/nozzle_extrusion_normal_0678.txt,128790,38,c45d992a2e8c0dab636b8a5f13f276f109f24115130dcd50de083c7fea18b830,a48fa3036baf16ec25cd4e93551f2c6e8b34ef4ba7279191a269ef3c6cb13f33,1,1
dataset_2_binary_clean_v2,train,train/images/nozzle_extrusion_normal_0679.jpg,train/labels/nozzle_extrusion_normal_0679.txt,129935,38,538a66dddfae524a3495aeaf0238922301e14b0a76a224df0b595932c92bc9de,a48fa3036baf16ec25cd4e93551f2c6e8b34ef4ba7279191a269ef3c6cb13f33,1,1
dataset_2_binary_clean_v2,train,train/images/nozzle_extrusion_normal_0680.jpg,train/labels/nozzle_extrusion_normal_0680.txt,134543,38,bad3962cf77e0adcfeb7f2260b1c4d7e6f5ace1ce3cde673978dbd8938080a30,a48fa3036baf16ec25cd4e93551f2c6e8b34ef4ba7279191a269ef3c6cb13f33,1,1
dataset_2_binary_clean_v2,train,train/images/nozzle_extrusion_normal_0681.jpg,train/labels/nozzle_extrusion_normal_0681.txt,137547,38,2abd67d9e696a8e2103f1655cba1eddcbab142c26221b768ec654352e20ac434,a48fa3036baf16ec25cd4e93551f2c6e8b34ef4ba7279191a269ef3c6cb13f33,1,1
dataset_2_binary_clean_v2,train,train/images/nozzle_extrusion_normal_0682.jpg,train/labels/nozzle_extrusion_normal_0682.txt,141219,38,92caa5239751f9f37a63ee5e64ac06bbe3ecb7b9ca8a053ab290f8421edeecaf,a48fa3036baf16ec25cd4e93551f2c6e8b34ef4ba7279191a269ef3c6cb13f33,1,1
dataset_2_binary_clean_v2,train,train/images/nozzle_extrusion_normal_0683.jpg,train/labels/nozzle_extrusion_normal_0683.txt,103527,38,152b3de9e5dec66b175cf3524ad1b4a0cd87f51e588aef143d96cf2ecfef62d7,a48fa3036baf16ec25cd4e93551f2c6e8b34ef4ba7279191a269ef3c6cb13f33,1,1
dataset_2_binary_clean_v2,train,train/images/nozzle_extrusion_normal_0684.jpg,train/labels/nozzle_extrusion_normal_0684.txt,131716,38,2a48fa6bef96a2857a03bb9d695bd36c116cca56595746993ead95042652073d,a48fa3036baf16ec25cd4e93551f2c6e8b34ef4ba7279191a269ef3c6cb13f33,1,1
dataset_2_binary_clean_v2,train,train/images/nozzle_extrusion_normal_0685.jpg,train/labels/nozzle_extrusion_normal_0685.txt,140499,38,937cb56f08ddb7764f6667d6b0f3924269e55569ce80e6f030b98b1133e87d9f,a48fa3036baf16ec25cd4e93551f2c6e8b34ef4ba7279191a269ef3c6cb13f33,1,1
dataset_2_binary_clean_v2,train,train/images/nozzle_extrusion_normal_0686.jpg,train/labels/nozzle_extrusion_normal_0686.txt,144432,38,0d2f3a68c2191266b04e8d8a7335125252a835f4d7a7ff650d119ba86125d633,a48fa3036baf16ec25cd4e93551f2c6e8b34ef4ba7279191a269ef3c6cb13f33,1,1
dataset_2_binary_clean_v2,train,train/images/nozzle_extrusion_normal_0687.jpg,train/labels/nozzle_extrusion_normal_0687.txt,146202,38,26f24e34a7cae180c03a98603fad7a25338e7cce2e7cfbc80221f3e42630a518,a48fa3036baf16ec25cd4e93551f2c6e8b34ef4ba7279191a269ef3c6cb13f33,1,1
dataset_2_binary_clean_v2,train,train/images/nozzle_extrusion_normal_0688.jpg,train/labels/nozzle_extrusion_normal_0688.txt,145598,38,9997002fdc7db60b1c6fac173f44de64c0e21b7f433325199d2fb5e020dd5449,a48fa3036baf16ec25cd4e93551f2c6e8b34ef4ba7279191a269ef3c6cb13f33,1,1
dataset_2_binary_clean_v2,train,train/images/nozzle_extrusion_normal_0689.jpg,train/labels/nozzle_extrusion_normal_0689.txt,110311,38,0ef6e912b276d6ed9c42b5c7a2dc14a9648c26681dea28fe5cc0f113b206b8bc,a48fa3036baf16ec25cd4e93551f2c6e8b34ef4ba7279191a269ef3c6cb13f33,1,1
dataset_2_binary_clean_v2,train,train/images/nozzle_extrusion_normal_0690.jpg,train/labels/nozzle_extrusion_normal_0690.txt,128348,38,17967724621f4549f5965fc384e753a3c822842404221cf89f6ae044e43760d5,a48fa3036baf16ec25cd4e93551f2c6e8b34ef4ba7279191a269ef3c6cb13f33,1,1
dataset_2_binary_clean_v2,train,train/images/nozzle_extrusion_normal_0691.jpg,train/labels/nozzle_extrusion_normal_0691.txt,135546,38,81a65568a1069b6be8d2f022a40a9faded1b4aefc4ac41b1d1d1fea6bddc4430,a48fa3036baf16ec25cd4e93551f2c6e8b34ef4ba7279191a269ef3c6cb13f33,1,1
dataset_2_binary_clean_v2,train,train/images/nozzle_extrusion_normal_0692.jpg,train/labels/nozzle_extrusion_normal_0692.txt,133603,38,9a71fe9403f1375ed886cb2995dc5ccaf96ff60126d5c95a0ad7bd266b93a28b,a48fa3036baf16ec25cd4e93551f2c6e8b34ef4ba7279191a269ef3c6cb13f33,1,1
dataset_2_binary_clean_v2,train,train/images/nozzle_extrusion_normal_0694.jpg,train/labels/nozzle_extrusion_normal_0694.txt,133001,38,ad4a4a7f34a7e62e24a791cd63c0acb2d85de1f5f5cbd34f6a222f566215127b,a48fa3036baf16ec25cd4e93551f2c6e8b34ef4ba7279191a269ef3c6cb13f33,1,1
dataset_2_binary_clean_v2,train,train/images/nozzle_extrusion_normal_0696.jpg,train/labels/nozzle_extrusion_normal_0696.txt,143267,38,47e9d2dd375b4d8aa159398c846d92a7278f69732431c86b5a213ae1983f3bef,a48fa3036baf16ec25cd4e93551f2c6e8b34ef4ba7279191a269ef3c6cb13f33,1,1
dataset_2_binary_clean_v2,train,train/images/nozzle_extrusion_normal_0698.jpg,train/labels/nozzle_extrusion_normal_0698.txt,132314,38,e6d5c97eb8e446e65c530953bd67c0b71bd1594668e5dd276f4d58944bb60fd9,a48fa3036baf16ec25cd4e93551f2c6e8b34ef4ba7279191a269ef3c6cb13f33,1,1
dataset_2_binary_clean_v2,train,train/images/nozzle_extrusion_normal_0699.jpg,train/labels/nozzle_extrusion_normal_0699.txt,149202,38,150510ba3b14760504c266b0ccc2c7241dad83028fe9749aa5e888adb8c3efc2,a48fa3036baf16ec25cd4e93551f2c6e8b34ef4ba7279191a269ef3c6cb13f33,1,1
dataset_2_binary_clean_v2,train,train/images/nozzle_extrusion_normal_0701.jpg,train/labels/nozzle_extrusion_normal_0701.txt,176372,38,a5905d9a26f9701fd87e33622c43cda6c41a3f3e6a103a229837e2262fbfcb95,a48fa3036baf16ec25cd4e93551f2c6e8b34ef4ba7279191a269ef3c6cb13f33,1,1
dataset_2_binary_clean_v2,train,train/images/nozzle_extrusion_normal_0702.jpg,train/labels/nozzle_extrusion_normal_0702.txt,146619,38,45614e8280518178c3639f4b4e0b239bf15cfe20e43130e57b82bbebf8180ac6,a48fa3036baf16ec25cd4e93551f2c6e8b34ef4ba7279191a269ef3c6cb13f33,1,1
dataset_2_binary_clean_v2,train,train/images/nozzle_extrusion_normal_0704.jpg,train/labels/nozzle_extrusion_normal_0704.txt,144407,38,52d41cb515d4576e451fcd5ed479a783250484f2bc56bb2e705512a16849f6e2,a48fa3036baf16ec25cd4e93551f2c6e8b34ef4ba7279191a269ef3c6cb13f33,1,1
dataset_2_binary_clean_v2,train,train/images/nozzle_extrusion_normal_0705.jpg,train/labels/nozzle_extrusion_normal_0705.txt,140937,38,194e4b7c4161b4d30d64f7ecbebe8bc176deb20f0dc95441feb83e693510d081,a48fa3036baf16ec25cd4e93551f2c6e8b34ef4ba7279191a269ef3c6cb13f33,1,1
dataset_2_binary_clean_v2,train,train/images/nozzle_extrusion_normal_0711.jpg,train/labels/nozzle_extrusion_normal_0711.txt,134307,38,480fefbfc803688ff29e8c3c34c42ee33122097109e6b4d880afca077498a358,a48fa3036baf16ec25cd4e93551f2c6e8b34ef4ba7279191a269ef3c6cb13f33,1,1
dataset_2_binary_clean_v2,train,train/images/nozzle_extrusion_normal_0714.jpg,train/labels/nozzle_extrusion_normal_0714.txt,144468,38,e82cd5a8fb622c3ea992c43034fc49ad71108f519370dd153f5045d27dfd8c3a,a48fa3036baf16ec25cd4e93551f2c6e8b34ef4ba7279191a269ef3c6cb13f33,1,1
dataset_2_binary_clean_v2,train,train/images/nozzle_extrusion_normal_0715.jpg,train/labels/nozzle_extrusion_normal_0715.txt,142086,38,10c81310cbf500dfd7efa1f6ae5c8b391bfa01e32a41586935db7eff6da55a97,a48fa3036baf16ec25cd4e93551f2c6e8b34ef4ba7279191a269ef3c6cb13f33,1,1
dataset_2_binary_clean_v2,train,train/images/nozzle_extrusion_normal_0716.jpg,train/labels/nozzle_extrusion_normal_0716.txt,142421,38,1e5d85553f05fedbeb77b7a8c27c98d3eef102920793ccb5cd7c1718bcbcabae,a48fa3036baf16ec25cd4e93551f2c6e8b34ef4ba7279191a269ef3c6cb13f33,1,1
dataset_2_binary_clean_v2,train,train/images/nozzle_extrusion_normal_0717.jpg,train/labels/nozzle_extrusion_normal_0717.txt,116568,38,4315a32a7bc93b7413625dc792c960d6083a518f55bfeaee13f4d332dedd2973,a48fa3036baf16ec25cd4e93551f2c6e8b34ef4ba7279191a269ef3c6cb13f33,1,1
dataset_2_binary_clean_v2,train,train/images/nozzle_extrusion_normal_0718.jpg,train/labels/nozzle_extrusion_normal_0718.txt,143794,38,b75b7fdf07cd7b94c74fbaee100d137385ddba8a5c4aa30b351f1680fda806e3,a48fa3036baf16ec25cd4e93551f2c6e8b34ef4ba7279191a269ef3c6cb13f33,1,1
dataset_2_binary_clean_v2,train,train/images/nozzle_extrusion_normal_0721.jpg,train/labels/nozzle_extrusion_normal_0721.txt,140130,38,a414750f73e97fcca921df28f9e41502808a684ac8b82e6123d096836ded8a82,a48fa3036baf16ec25cd4e93551f2c6e8b34ef4ba7279191a269ef3c6cb13f33,1,1
dataset_2_binary_clean_v2,train,train/images/nozzle_extrusion_normal_0723.jpg,train/labels/nozzle_extrusion_normal_0723.txt,143129,38,271a2e459c965ad0f08a57aa0d584fd4c9e3967593c51df0bad928599f50200d,a48fa3036baf16ec25cd4e93551f2c6e8b34ef4ba7279191a269ef3c6cb13f33,1,1
dataset_2_binary_clean_v2,train,train/images/nozzle_extrusion_normal_0724.jpg,train/labels/nozzle_extrusion_normal_0724.txt,139823,38,0af2281be1534d5950d086bb66060b5d349e4f4015a98595dc591c92f5fd8776,a48fa3036baf16ec25cd4e93551f2c6e8b34ef4ba7279191a269ef3c6cb13f33,1,1
dataset_2_binary_clean_v2,train,train/images/nozzle_extrusion_normal_0725.jpg,train/labels/nozzle_extrusion_normal_0725.txt,117635,38,25d1247a557fa33b0e33d40c834d629e741f591f1ba65d7a5e603f0708f5b124,a48fa3036baf16ec25cd4e93551f2c6e8b34ef4ba7279191a269ef3c6cb13f33,1,1
dataset_2_binary_clean_v2,train,train/images/nozzle_extrusion_normal_0728.jpg,train/labels/nozzle_extrusion_normal_0728.txt,139036,38,0cd4be84cc1b5bd7f9459a8ed320ef75e54f69f3ab1eb8420d1b32f9bc8d68c8,a48fa3036baf16ec25cd4e93551f2c6e8b34ef4ba7279191a269ef3c6cb13f33,1,1
dataset_2_binary_clean_v2,train,train/images/nozzle_extrusion_normal_0730.jpg,train/labels/nozzle_extrusion_normal_0730.txt,115445,38,a1ead3f6f7b9d8f213f4ea19892fcbcaf25c3b5a5970ba9baae50162b1668f01,a48fa3036baf16ec25cd4e93551f2c6e8b34ef4ba7279191a269ef3c6cb13f33,1,1
dataset_2_binary_clean_v2,train,train/images/nozzle_extrusion_normal_0731.jpg,train/labels/nozzle_extrusion_normal_0731.txt,150786,38,642d8fe2bcdf296b638b0e2a460158025d086939d9f5e568eb183b7a21784a41,a48fa3036baf16ec25cd4e93551f2c6e8b34ef4ba7279191a269ef3c6cb13f33,1,1
dataset_2_binary_clean_v2,train,train/images/nozzle_extrusion_normal_0732.jpg,train/labels/nozzle_extrusion_normal_0732.txt,142911,38,58589c7eb0f81d8966b428acdda359f667f4df0acceebcdafa05e1851d0f084e,a48fa3036baf16ec25cd4e93551f2c6e8b34ef4ba7279191a269ef3c6cb13f33,1,1
dataset_2_binary_clean_v2,train,train/images/nozzle_extrusion_normal_0733.jpg,train/labels/nozzle_extrusion_normal_0733.txt,136617,38,ce7cf8506a37df377ba62363b0af15b35524d9a4912592411041844e37607bbd,a48fa3036baf16ec25cd4e93551f2c6e8b34ef4ba7279191a269ef3c6cb13f33,1,1
dataset_2_binary_clean_v2,train,train/images/nozzle_extrusion_normal_0736.jpg,train/labels/nozzle_extrusion_normal_0736.txt,141549,38,86197dcc1d1afde6ee715b941f523a274b1c37688e93ec1e471ed20dfcb333ac,a48fa3036baf16ec25cd4e93551f2c6e8b34ef4ba7279191a269ef3c6cb13f33,1,1
dataset_2_binary_clean_v2,train,train/images/nozzle_extrusion_normal_0737.jpg,train/labels/nozzle_extrusion_normal_0737.txt,137249,38,3e45b2aa282eb73e0c6807f98d7d1169ddf456b8435e8563964bf04a3a09a25d,a48fa3036baf16ec25cd4e93551f2c6e8b34ef4ba7279191a269ef3c6cb13f33,1,1
dataset_2_binary_clean_v2,train,train/images/nozzle_extrusion_normal_0738.jpg,train/labels/nozzle_extrusion_normal_0738.txt,103939,38,69b7e3cc064604f11b37f740185cf39d484219e0757799253a37a5716f6ef69f,a48fa3036baf16ec25cd4e93551f2c6e8b34ef4ba7279191a269ef3c6cb13f33,1,1
dataset_2_binary_clean_v2,train,train/images/nozzle_extrusion_normal_0739.jpg,train/labels/nozzle_extrusion_normal_0739.txt,155405,38,3eff070f2f19c382862b6500bb7b146d4ad2464dc6b3927de1400bd4eb5a3155,a48fa3036baf16ec25cd4e93551f2c6e8b34ef4ba7279191a269ef3c6cb13f33,1,1
dataset_2_binary_clean_v2,train,train/images/nozzle_extrusion_normal_0740.jpg,train/labels/nozzle_extrusion_normal_0740.txt,143154,38,c0d921f38dc086e3a5f1d900b35c63e397cd84122556ab706bd48f4bd71eb652,a48fa3036baf16ec25cd4e93551f2c6e8b34ef4ba7279191a269ef3c6cb13f33,1,1
dataset_2_binary_clean_v2,train,train/images/nozzle_extrusion_normal_0741.jpg,train/labels/nozzle_extrusion_normal_0741.txt,139331,38,365fd0df6fa1119ee5ce7a4ee89ca333cb32efc2f2334b6fa4d29f5302c4cb29,a48fa3036baf16ec25cd4e93551f2c6e8b34ef4ba7279191a269ef3c6cb13f33,1,1
dataset_2_binary_clean_v2,train,train/images/nozzle_extrusion_normal_0742.jpg,train/labels/nozzle_extrusion_normal_0742.txt,141776,38,0fc3c61f4e0572744206fa0773ca0fe68870ba0255213a2c178c29878e6f6d2f,a48fa3036baf16ec25cd4e93551f2c6e8b34ef4ba7279191a269ef3c6cb13f33,1,1
dataset_2_binary_clean_v2,train,train/images/nozzle_extrusion_normal_0744.jpg,train/labels/nozzle_extrusion_normal_0744.txt,120435,38,35263ad1e97d6605a8a5f9e0a0cb160e82fd15e31f40f8ff8f6bad9faf7866c3,a48fa3036baf16ec25cd4e93551f2c6e8b34ef4ba7279191a269ef3c6cb13f33,1,1
dataset_2_binary_clean_v2,train,train/images/nozzle_extrusion_normal_0745.jpg,train/labels/nozzle_extrusion_normal_0745.txt,131622,38,9a94d285f3774e1cd6853db0212b425fc61d186fd34b7a5bcd5f15477a3f846d,a48fa3036baf16ec25cd4e93551f2c6e8b34ef4ba7279191a269ef3c6cb13f33,1,1
dataset_2_binary_clean_v2,train,train/images/nozzle_extrusion_normal_0746.jpg,train/labels/nozzle_extrusion_normal_0746.txt,147239,38,19e5521593aa6ff860032066482723f2c284f2e0a76759f01c1a346a945e26d5,a48fa3036baf16ec25cd4e93551f2c6e8b34ef4ba7279191a269ef3c6cb13f33,1,1
dataset_2_binary_clean_v2,train,train/images/nozzle_extrusion_normal_0747.jpg,train/labels/nozzle_extrusion_normal_0747.txt,143471,38,df2118e777109da27ce2e11380375dfda90dab52fc7a3024bc86c512497ec24f,a48fa3036baf16ec25cd4e93551f2c6e8b34ef4ba7279191a269ef3c6cb13f33,1,1
dataset_2_binary_clean_v2,train,train/images/nozzle_extrusion_normal_0748.jpg,train/labels/nozzle_extrusion_normal_0748.txt,134018,38,a7def2330a1b1b7995d8017fbb0b3feb71f6890fd6d5faf31fc06d829dae4075,a48fa3036baf16ec25cd4e93551f2c6e8b34ef4ba7279191a269ef3c6cb13f33,1,1
dataset_2_binary_clean_v2,train,train/images/nozzle_extrusion_normal_0749.jpg,train/labels/nozzle_extrusion_normal_0749.txt,135488,38,21acde674906acaf5bb687e5402b2a27b00fd1e5306d3317d8711ecb888be63d,a48fa3036baf16ec25cd4e93551f2c6e8b34ef4ba7279191a269ef3c6cb13f33,1,1
dataset_2_binary_clean_v2,train,train/images/nozzle_extrusion_normal_0753.jpg,train/labels/nozzle_extrusion_normal_0753.txt,148747,38,06aaa1e8a6bed4e6beb429fde1413a37f1a8a8c629ca57e5ec15b6b5022549a9,a48fa3036baf16ec25cd4e93551f2c6e8b34ef4ba7279191a269ef3c6cb13f33,1,1
dataset_2_binary_clean_v2,train,train/images/nozzle_extrusion_normal_0755.jpg,train/labels/nozzle_extrusion_normal_0755.txt,127054,38,c88a048c049144b1f3ba17d73dc98a2e5fdf561327147e159fc58813e2896d06,a48fa3036baf16ec25cd4e93551f2c6e8b34ef4ba7279191a269ef3c6cb13f33,1,1
dataset_2_binary_clean_v2,train,train/images/nozzle_extrusion_normal_0756.jpg,train/labels/nozzle_extrusion_normal_0756.txt,127516,38,1b6d7c39c3c52e179a12257f5511632d8441fe9f9066003dcee9f8b97e5005f6,a48fa3036baf16ec25cd4e93551f2c6e8b34ef4ba7279191a269ef3c6cb13f33,1,1
dataset_2_binary_clean_v2,train,train/images/nozzle_extrusion_normal_0757.jpg,train/labels/nozzle_extrusion_normal_0757.txt,129370,38,ca2a4fcaaddf45d39b3c482a1e1cdb9dd309ddb4ce61e50ca4ba6adf9e5af834,a48fa3036baf16ec25cd4e93551f2c6e8b34ef4ba7279191a269ef3c6cb13f33,1,1
dataset_2_binary_clean_v2,train,train/images/nozzle_extrusion_normal_0759.jpg,train/labels/nozzle_extrusion_normal_0759.txt,126761,38,cf0f47580fce738eadbea08ae5ecfe573e9dfcdd982a745880318949da186198,a48fa3036baf16ec25cd4e93551f2c6e8b34ef4ba7279191a269ef3c6cb13f33,1,1
dataset_2_binary_clean_v2,train,train/images/nozzle_extrusion_normal_0760.jpg,train/labels/nozzle_extrusion_normal_0760.txt,130164,38,160e07ee633a217496ee4adc7e1fffe6b3c512666cbbfd6ebc2f5dbe774114f7,a48fa3036baf16ec25cd4e93551f2c6e8b34ef4ba7279191a269ef3c6cb13f33,1,1
dataset_2_binary_clean_v2,train,train/images/nozzle_extrusion_normal_0762.jpg,train/labels/nozzle_extrusion_normal_0762.txt,134507,38,3057a93d90567d74b90f7d8ab5ca24f060b3685d257d9f2be2f96204356ccbc2,a48fa3036baf16ec25cd4e93551f2c6e8b34ef4ba7279191a269ef3c6cb13f33,1,1
dataset_2_binary_clean_v2,train,train/images/nozzle_extrusion_normal_0763.jpg,train/labels/nozzle_extrusion_normal_0763.txt,135156,38,261ac26aaf94a7e5c238fdb35f50cf46026fcb9d30e4ee09c97654e96d53704b,a48fa3036baf16ec25cd4e93551f2c6e8b34ef4ba7279191a269ef3c6cb13f33,1,1
dataset_2_binary_clean_v2,train,train/images/nozzle_extrusion_normal_0764.jpg,train/labels/nozzle_extrusion_normal_0764.txt,96220,38,9154cba8b082851319d27b66cc7562498574910eb5a0b369631235fcb0b4f2b5,a48fa3036baf16ec25cd4e93551f2c6e8b34ef4ba7279191a269ef3c6cb13f33,1,1
dataset_2_binary_clean_v2,train,train/images/nozzle_extrusion_normal_0767.jpg,train/labels/nozzle_extrusion_normal_0767.txt,130572,38,e672141cfe30297cfb52d81cf2341500b97a329f1edbf696cec1d126992badbe,a48fa3036baf16ec25cd4e93551f2c6e8b34ef4ba7279191a269ef3c6cb13f33,1,1
dataset_2_binary_clean_v2,train,train/images/nozzle_extrusion_normal_0768.jpg,train/labels/nozzle_extrusion_normal_0768.txt,125984,38,64b4fbf3165bc7e88ebe63095fc0c0bb332738b0cb2f7e2cbd3074ee1ce2f876,a48fa3036baf16ec25cd4e93551f2c6e8b34ef4ba7279191a269ef3c6cb13f33,1,1
dataset_2_binary_clean_v2,train,train/images/nozzle_extrusion_normal_0769.jpg,train/labels/nozzle_extrusion_normal_0769.txt,135147,38,843ed6510f9dfd7082faa3580135da79a035ede6e45a2e9e5cc02c5982ced9e6,a48fa3036baf16ec25cd4e93551f2c6e8b34ef4ba7279191a269ef3c6cb13f33,1,1
dataset_2_binary_clean_v2,train,train/images/nozzle_extrusion_normal_0770.jpg,train/labels/nozzle_extrusion_normal_0770.txt,151061,38,18bbef2f03f8c6ad1d1238c6e243afff79d46098f551656dee79a9543336ca41,a48fa3036baf16ec25cd4e93551f2c6e8b34ef4ba7279191a269ef3c6cb13f33,1,1
dataset_2_binary_clean_v2,train,train/images/nozzle_extrusion_normal_0772.jpg,train/labels/nozzle_extrusion_normal_0772.txt,129076,38,79189c6a11769e86cd09043c7af2e7e188d5acd6ffe82d57491ff50e8f73c9d7,a48fa3036baf16ec25cd4e93551f2c6e8b34ef4ba7279191a269ef3c6cb13f33,1,1
dataset_2_binary_clean_v2,train,train/images/nozzle_extrusion_normal_0774.jpg,train/labels/nozzle_extrusion_normal_0774.txt,126551,38,836df88c0e1d4063fd15b99340c8b9d655bf30b711f5e6d8b288cefa26d2c0d5,a48fa3036baf16ec25cd4e93551f2c6e8b34ef4ba7279191a269ef3c6cb13f33,1,1
dataset_2_binary_clean_v2,train,train/images/nozzle_extrusion_normal_0775.jpg,train/labels/nozzle_extrusion_normal_0775.txt,127273,38,1f4d5361387f9d7df51ac7cab7b2405758110efa0a23be33774a98b24392cc13,a48fa3036baf16ec25cd4e93551f2c6e8b34ef4ba7279191a269ef3c6cb13f33,1,1
dataset_2_binary_clean_v2,train,train/images/nozzle_extrusion_normal_0776.jpg,train/labels/nozzle_extrusion_normal_0776.txt,120925,38,bf993899170320726429dfe84c3c9e5229a0daa8101c50247d70deedfd43f471,a48fa3036baf16ec25cd4e93551f2c6e8b34ef4ba7279191a269ef3c6cb13f33,1,1
dataset_2_binary_clean_v2,train,train/images/nozzle_extrusion_normal_0779.jpg,train/labels/nozzle_extrusion_normal_0779.txt,136087,38,bfd7c6bedc61948abca51d731ef04638f8acddc10bd1babc45bf9ca431a908d3,a48fa3036baf16ec25cd4e93551f2c6e8b34ef4ba7279191a269ef3c6cb13f33,1,1
dataset_2_binary_clean_v2,train,train/images/nozzle_extrusion_normal_0780.jpg,train/labels/nozzle_extrusion_normal_0780.txt,129170,38,0988c9cb97177a7c82ddccbcddb9bcac31f16b84b45b579629fdf0f13a7604d1,a48fa3036baf16ec25cd4e93551f2c6e8b34ef4ba7279191a269ef3c6cb13f33,1,1
dataset_2_binary_clean_v2,train,train/images/nozzle_extrusion_normal_0781.jpg,train/labels/nozzle_extrusion_normal_0781.txt,133854,38,f114b2696948fc54e4e5b4e9269d2c1a0640b237ae180d4ff7a3650c41b2316e,a48fa3036baf16ec25cd4e93551f2c6e8b34ef4ba7279191a269ef3c6cb13f33,1,1
dataset_2_binary_clean_v2,train,train/images/nozzle_extrusion_normal_0782.jpg,train/labels/nozzle_extrusion_normal_0782.txt,132091,38,4c6aecf4715c8459ff5232369ab526e71504d86f532b9b4b3f0b7a5b027f00cc,a48fa3036baf16ec25cd4e93551f2c6e8b34ef4ba7279191a269ef3c6cb13f33,1,1
dataset_2_binary_clean_v2,train,train/images/nozzle_extrusion_normal_0784.jpg,train/labels/nozzle_extrusion_normal_0784.txt,134918,38,126d341194bd3c1e8659097ac791bb6da808507ae89ccdb2369c0d1aa2d51b30,a48fa3036baf16ec25cd4e93551f2c6e8b34ef4ba7279191a269ef3c6cb13f33,1,1
dataset_2_binary_clean_v2,train,train/images/nozzle_extrusion_normal_0785.jpg,train/labels/nozzle_extrusion_normal_0785.txt,131769,38,bd2c2f5e619d9311d11681514bc080cb63442ccf00e576407b3cc278b90e6d87,a48fa3036baf16ec25cd4e93551f2c6e8b34ef4ba7279191a269ef3c6cb13f33,1,1
dataset_2_binary_clean_v2,train,train/images/nozzle_extrusion_normal_0786.jpg,train/labels/nozzle_extrusion_normal_0786.txt,139957,38,2665afc182b4a6c7ea29bc13f07c190f7c1685d38f51029c8784fb35f5417471,a48fa3036baf16ec25cd4e93551f2c6e8b34ef4ba7279191a269ef3c6cb13f33,1,1
dataset_2_binary_clean_v2,train,train/images/nozzle_extrusion_normal_0787.jpg,train/labels/nozzle_extrusion_normal_0787.txt,133985,38,a9344dd230d110c8f4ac5d728a587fcc5aa600a1d63120ecc7e5569659fa0323,a48fa3036baf16ec25cd4e93551f2c6e8b34ef4ba7279191a269ef3c6cb13f33,1,1
dataset_2_binary_clean_v2,train,train/images/nozzle_extrusion_normal_0788.jpg,train/labels/nozzle_extrusion_normal_0788.txt,118373,38,b26592479051424466d2991ffeb53a2f5755fe580a2d793afad413b0e25d7e44,a48fa3036baf16ec25cd4e93551f2c6e8b34ef4ba7279191a269ef3c6cb13f33,1,1
dataset_2_binary_clean_v2,train,train/images/nozzle_extrusion_normal_0789.jpg,train/labels/nozzle_extrusion_normal_0789.txt,125927,38,a4a2cf68bde79c3e2f6cdc5c03be0b48723d65f72a983dee9455fe0bfa326155,a48fa3036baf16ec25cd4e93551f2c6e8b34ef4ba7279191a269ef3c6cb13f33,1,1
dataset_2_binary_clean_v2,train,train/images/nozzle_extrusion_normal_0790.jpg,train/labels/nozzle_extrusion_normal_0790.txt,120485,38,32f023021172859f3fe645da8eff7bccc0f56a8ba599ecde26d0d55a0b88e0f1,a48fa3036baf16ec25cd4e93551f2c6e8b34ef4ba7279191a269ef3c6cb13f33,1,1
dataset_2_binary_clean_v2,train,train/images/nozzle_extrusion_normal_0791.jpg,train/labels/nozzle_extrusion_normal_0791.txt,119988,38,3aad4e1250c1886ce58e018a7955d7476fa7209d8e9cd7459ee6dd9558fa8cdb,a48fa3036baf16ec25cd4e93551f2c6e8b34ef4ba7279191a269ef3c6cb13f33,1,1
dataset_2_binary_clean_v2,train,train/images/nozzle_extrusion_normal_0792.jpg,train/labels/nozzle_extrusion_normal_0792.txt,116050,38,7a24b3a577a244cc228d898070fd8485b04bd701f20a0beba1b1c56c8164b577,a48fa3036baf16ec25cd4e93551f2c6e8b34ef4ba7279191a269ef3c6cb13f33,1,1
dataset_2_binary_clean_v2,train,train/images/nozzle_extrusion_normal_0794.jpg,train/labels/nozzle_extrusion_normal_0794.txt,144509,38,56e4b9a7f6d611238df56e72b849eafb0d5b47c57e495d687ff701c6ac04cdc7,a48fa3036baf16ec25cd4e93551f2c6e8b34ef4ba7279191a269ef3c6cb13f33,1,1
dataset_2_binary_clean_v2,train,train/images/nozzle_extrusion_normal_0795.jpg,train/labels/nozzle_extrusion_normal_0795.txt,94052,38,56a869400355690e7685034b6330e1242f8b009d2c37e48d91625714190a12e1,a48fa3036baf16ec25cd4e93551f2c6e8b34ef4ba7279191a269ef3c6cb13f33,1,1
dataset_2_binary_clean_v2,train,train/images/nozzle_extrusion_normal_0796.jpg,train/labels/nozzle_extrusion_normal_0796.txt,120804,38,068a3f60dde30a8e32dd246c8ba07963fbfcf423eebf75d6ed0c6efb323e8268,a48fa3036baf16ec25cd4e93551f2c6e8b34ef4ba7279191a269ef3c6cb13f33,1,1
dataset_2_binary_clean_v2,train,train/images/nozzle_extrusion_normal_0797.jpg,train/labels/nozzle_extrusion_normal_0797.txt,123256,38,1d1e388898f4293f902a5903795b3d5fce5ed064f73ff5e218d954b5b8224c79,a48fa3036baf16ec25cd4e93551f2c6e8b34ef4ba7279191a269ef3c6cb13f33,1,1
dataset_2_binary_clean_v2,train,train/images/nozzle_extrusion_normal_0798.jpg,train/labels/nozzle_extrusion_normal_0798.txt,128691,38,5e717cb6b9db3273a6ba85d1a16e06b1d1d5eec15094374482cf15167973372f,a48fa3036baf16ec25cd4e93551f2c6e8b34ef4ba7279191a269ef3c6cb13f33,1,1
dataset_2_binary_clean_v2,train,train/images/nozzle_extrusion_normal_0801.jpg,train/labels/nozzle_extrusion_normal_0801.txt,136037,38,160fdc86653bcfc9a41abde3e40781ea4cccf016d8ccc9bf04b7032ef2a0c58e,a48fa3036baf16ec25cd4e93551f2c6e8b34ef4ba7279191a269ef3c6cb13f33,1,1
dataset_2_binary_clean_v2,train,train/images/nozzle_extrusion_normal_0802.jpg,train/labels/nozzle_extrusion_normal_0802.txt,149383,38,1af13cf3554e691dbe38c684d3d03beff975a27b73c3ef647ef0481383f479d3,a48fa3036baf16ec25cd4e93551f2c6e8b34ef4ba7279191a269ef3c6cb13f33,1,1
dataset_2_binary_clean_v2,train,train/images/nozzle_extrusion_normal_0803.jpg,train/labels/nozzle_extrusion_normal_0803.txt,129285,38,20ac3a688bb5636f2427324d1e2b92cd741f8940661f69ad86b18a4a417a52fa,a48fa3036baf16ec25cd4e93551f2c6e8b34ef4ba7279191a269ef3c6cb13f33,1,1
dataset_2_binary_clean_v2,train,train/images/nozzle_extrusion_normal_0805.jpg,train/labels/nozzle_extrusion_normal_0805.txt,124780,38,8c3c1974182cade920f2e5b34e12b0ec3bb8c95c8f9c755db24d084a418b583c,a48fa3036baf16ec25cd4e93551f2c6e8b34ef4ba7279191a269ef3c6cb13f33,1,1
dataset_2_binary_clean_v2,train,train/images/nozzle_extrusion_normal_0806.jpg,train/labels/nozzle_extrusion_normal_0806.txt,124164,38,673d61db4219070d49babe121848b20d21961f75443f39a538158cdd9ad4f11e,a48fa3036baf16ec25cd4e93551f2c6e8b34ef4ba7279191a269ef3c6cb13f33,1,1
dataset_2_binary_clean_v2,train,train/images/nozzle_extrusion_normal_0808.jpg,train/labels/nozzle_extrusion_normal_0808.txt,111134,38,2b671babe4fb640444c0092ae897a806db3b25d2f4979618b13d483030ceb63e,a48fa3036baf16ec25cd4e93551f2c6e8b34ef4ba7279191a269ef3c6cb13f33,1,1
dataset_2_binary_clean_v2,train,train/images/nozzle_extrusion_normal_0809.jpg,train/labels/nozzle_extrusion_normal_0809.txt,129969,38,cf7ba2c41a15d3adec7fecd981658d5871bfb475a2eb09d830d59d8140cd4162,a48fa3036baf16ec25cd4e93551f2c6e8b34ef4ba7279191a269ef3c6cb13f33,1,1
dataset_2_binary_clean_v2,train,train/images/nozzle_extrusion_normal_0810.jpg,train/labels/nozzle_extrusion_normal_0810.txt,144803,38,e3d862690f98ae1e23a43f98b892d7e9c70241f14dfe8ce9c2e908bcbb29a291,a48fa3036baf16ec25cd4e93551f2c6e8b34ef4ba7279191a269ef3c6cb13f33,1,1
dataset_2_binary_clean_v2,train,train/images/nozzle_extrusion_normal_0811.jpg,train/labels/nozzle_extrusion_normal_0811.txt,129102,38,d6e02735c5b46d6bde872a917426e701e00f147033e2fd87a781204e98832d45,a48fa3036baf16ec25cd4e93551f2c6e8b34ef4ba7279191a269ef3c6cb13f33,1,1
dataset_2_binary_clean_v2,train,train/images/nozzle_extrusion_normal_0812.jpg,train/labels/nozzle_extrusion_normal_0812.txt,130849,38,71df48117410f633a2beb2d112d779e873fea08e6b7871ff6d2fc25ecb529d94,a48fa3036baf16ec25cd4e93551f2c6e8b34ef4ba7279191a269ef3c6cb13f33,1,1
dataset_2_binary_clean_v2,train,train/images/nozzle_extrusion_normal_0813.jpg,train/labels/nozzle_extrusion_normal_0813.txt,129306,38,95305aa928e7277171368d7fa1f489b49d0d2e39f16fb2887148234bff1a49bd,a48fa3036baf16ec25cd4e93551f2c6e8b34ef4ba7279191a269ef3c6cb13f33,1,1
dataset_2_binary_clean_v2,train,train/images/nozzle_extrusion_normal_0815.jpg,train/labels/nozzle_extrusion_normal_0815.txt,132353,38,1796cfc07c81b49355f7593f3835225b88efb294e027cabf2281f87c59d9c0c4,a48fa3036baf16ec25cd4e93551f2c6e8b34ef4ba7279191a269ef3c6cb13f33,1,1
dataset_2_binary_clean_v2,train,train/images/nozzle_extrusion_normal_0816.jpg,train/labels/nozzle_extrusion_normal_0816.txt,101512,38,bec84f6b1fe6c5f852abc540a1e1534cfdd4dd4e49df99ada594f136d6da2018,a48fa3036baf16ec25cd4e93551f2c6e8b34ef4ba7279191a269ef3c6cb13f33,1,1
dataset_2_binary_clean_v2,train,train/images/nozzle_extrusion_normal_0817.jpg,train/labels/nozzle_extrusion_normal_0817.txt,133696,38,ca4832f63c7363a0c69b7410e66a8aea530abb4e48e18e1be875b69f08e8c255,a48fa3036baf16ec25cd4e93551f2c6e8b34ef4ba7279191a269ef3c6cb13f33,1,1
dataset_2_binary_clean_v2,train,train/images/nozzle_extrusion_normal_0818.jpg,train/labels/nozzle_extrusion_normal_0818.txt,147637,38,0b403d848ed7efdb763d38bbffd57f17bc990411cf9a604ecbacf0af6e0fdd1b,a48fa3036baf16ec25cd4e93551f2c6e8b34ef4ba7279191a269ef3c6cb13f33,1,1
dataset_2_binary_clean_v2,train,train/images/nozzle_extrusion_normal_0819.jpg,train/labels/nozzle_extrusion_normal_0819.txt,104625,38,dd8fe72f028caadc712d2500c1f6d5889d7ad00dfa518cfaaf972e94e742cf4f,a48fa3036baf16ec25cd4e93551f2c6e8b34ef4ba7279191a269ef3c6cb13f33,1,1
dataset_2_binary_clean_v2,train,train/images/nozzle_extrusion_normal_0822.jpg,train/labels/nozzle_extrusion_normal_0822.txt,123393,38,6858660ebfc6ac36b7ca5fa9e91a4e5b42e758433cfa07a26fe995f83fbfe485,a48fa3036baf16ec25cd4e93551f2c6e8b34ef4ba7279191a269ef3c6cb13f33,1,1
dataset_2_binary_clean_v2,train,train/images/nozzle_extrusion_normal_0823.jpg,train/labels/nozzle_extrusion_normal_0823.txt,119562,38,24b9ac558f98b46a91e2735b9a5f0548d1ef1243cf13ea59fb619e8efc923db9,a48fa3036baf16ec25cd4e93551f2c6e8b34ef4ba7279191a269ef3c6cb13f33,1,1
dataset_2_binary_clean_v2,train,train/images/nozzle_extrusion_normal_0825.jpg,train/labels/nozzle_extrusion_normal_0825.txt,126295,38,25e75bb1b27ebd0fa3570828e0c83fa04318ff6025da27d5b815b1885f6c4408,a48fa3036baf16ec25cd4e93551f2c6e8b34ef4ba7279191a269ef3c6cb13f33,1,1
dataset_2_binary_clean_v2,train,train/images/nozzle_extrusion_normal_0826.jpg,train/labels/nozzle_extrusion_normal_0826.txt,111210,38,f08a7fe804afd8f7dffd65278f03e49141373798b1d49c6982802ddc365aabd3,a48fa3036baf16ec25cd4e93551f2c6e8b34ef4ba7279191a269ef3c6cb13f33,1,1
dataset_2_binary_clean_v2,train,train/images/nozzle_extrusion_normal_0827.jpg,train/labels/nozzle_extrusion_normal_0827.txt,133215,38,5e4fb7be2bf5319f2d0eaaaf30c08c75d85556471734e58cc08426618fb59d4c,a48fa3036baf16ec25cd4e93551f2c6e8b34ef4ba7279191a269ef3c6cb13f33,1,1
dataset_2_binary_clean_v2,train,train/images/nozzle_extrusion_normal_0828.jpg,train/labels/nozzle_extrusion_normal_0828.txt,124813,38,a4115c2bc62d757e5e79fa5c3a5f66dbbe619b5a5fbd0362b62fad9b7828d470,a48fa3036baf16ec25cd4e93551f2c6e8b34ef4ba7279191a269ef3c6cb13f33,1,1
dataset_2_binary_clean_v2,train,train/images/nozzle_extrusion_normal_0832.jpg,train/labels/nozzle_extrusion_normal_0832.txt,131866,38,be809a9d65a8cb5b0416f82c2dabdcea8eba62311e9ab477239be09f8e128657,a48fa3036baf16ec25cd4e93551f2c6e8b34ef4ba7279191a269ef3c6cb13f33,1,1
dataset_2_binary_clean_v2,train,train/images/nozzle_extrusion_normal_0833.jpg,train/labels/nozzle_extrusion_normal_0833.txt,133285,38,f560accc68a59e2355367f2ba840d6b7f9963a3efc242ee3dac1c989a260a3ab,a48fa3036baf16ec25cd4e93551f2c6e8b34ef4ba7279191a269ef3c6cb13f33,1,1
dataset_2_binary_clean_v2,train,train/images/nozzle_extrusion_normal_0836.jpg,train/labels/nozzle_extrusion_normal_0836.txt,162717,38,2622f782435e569aa8ecaf00a8841711980f8e936bd6b1f61f087beff6fa087d,a48fa3036baf16ec25cd4e93551f2c6e8b34ef4ba7279191a269ef3c6cb13f33,1,1
dataset_2_binary_clean_v2,train,train/images/nozzle_extrusion_normal_0837.jpg,train/labels/nozzle_extrusion_normal_0837.txt,133427,38,68d98455150b3ff6e6baea8f3eee0420404d8fd27ae63d802ce324130b3a0a5a,a48fa3036baf16ec25cd4e93551f2c6e8b34ef4ba7279191a269ef3c6cb13f33,1,1
dataset_2_binary_clean_v2,train,train/images/nozzle_extrusion_normal_0838.jpg,train/labels/nozzle_extrusion_normal_0838.txt,97992,38,b9037f2a573340ffc48fe74f904d92bf384f0e3e2a5c10471e84120c3c4d199b,a48fa3036baf16ec25cd4e93551f2c6e8b34ef4ba7279191a269ef3c6cb13f33,1,1
dataset_2_binary_clean_v2,train,train/images/nozzle_extrusion_normal_0839.jpg,train/labels/nozzle_extrusion_normal_0839.txt,126418,38,0ff021ec2c344418f57d0e2feabfe37e329aaf4787838ef1a0151383fd3f2e5e,a48fa3036baf16ec25cd4e93551f2c6e8b34ef4ba7279191a269ef3c6cb13f33,1,1
dataset_2_binary_clean_v2,train,train/images/nozzle_extrusion_normal_0840.jpg,train/labels/nozzle_extrusion_normal_0840.txt,119619,38,fea615008b3aeb5383cf748a5950dfc09d2b2cabfa5b42dce7a12d9ad1430937,a48fa3036baf16ec25cd4e93551f2c6e8b34ef4ba7279191a269ef3c6cb13f33,1,1
dataset_2_binary_clean_v2,train,train/images/nozzle_extrusion_normal_0841.jpg,train/labels/nozzle_extrusion_normal_0841.txt,113451,38,19c09836a570d9e4848f53664848dba5d8f0378f25aa4dafb70d310fa9c5ce16,a48fa3036baf16ec25cd4e93551f2c6e8b34ef4ba7279191a269ef3c6cb13f33,1,1
dataset_2_binary_clean_v2,train,train/images/nozzle_extrusion_normal_0843.jpg,train/labels/nozzle_extrusion_normal_0843.txt,119306,38,96f0369118c3d605134b81fdb34bb0dbad4b029b3129ac401ad620674785c94c,a48fa3036baf16ec25cd4e93551f2c6e8b34ef4ba7279191a269ef3c6cb13f33,1,1
dataset_2_binary_clean_v2,train,train/images/nozzle_extrusion_normal_0844.jpg,train/labels/nozzle_extrusion_normal_0844.txt,133499,38,ee7ba45abc9ab31ff89454c0bc396b536c32754f110f121b3c0b253c716b80a5,a48fa3036baf16ec25cd4e93551f2c6e8b34ef4ba7279191a269ef3c6cb13f33,1,1
dataset_2_binary_clean_v2,train,train/images/nozzle_extrusion_normal_0845.jpg,train/labels/nozzle_extrusion_normal_0845.txt,151872,38,ddac4f2ffea384b481d6143372934ae4614638c28045d31538073b9ce1756426,a48fa3036baf16ec25cd4e93551f2c6e8b34ef4ba7279191a269ef3c6cb13f33,1,1
dataset_2_binary_clean_v2,train,train/images/nozzle_extrusion_normal_0846.jpg,train/labels/nozzle_extrusion_normal_0846.txt,100709,38,8bdf265118d558c6e80662159aff7208137444e9af54dcc18ee77dceb5fcbafb,a48fa3036baf16ec25cd4e93551f2c6e8b34ef4ba7279191a269ef3c6cb13f33,1,1
dataset_2_binary_clean_v2,train,train/images/nozzle_extrusion_normal_0849.jpg,train/labels/nozzle_extrusion_normal_0849.txt,119084,38,81370e0e94a0348a2674a856101cb9aaf2e389ded403438fbdfc3ea7f6fe9e26,a48fa3036baf16ec25cd4e93551f2c6e8b34ef4ba7279191a269ef3c6cb13f33,1,1
dataset_2_binary_clean_v2,train,train/images/nozzle_extrusion_normal_0850.jpg,train/labels/nozzle_extrusion_normal_0850.txt,124764,38,d0da5fc16a46b1f7190048f19af1ed07e95b29efe43d9e8ba4ecefcec315688a,a48fa3036baf16ec25cd4e93551f2c6e8b34ef4ba7279191a269ef3c6cb13f33,1,1
dataset_2_binary_clean_v2,train,train/images/nozzle_extrusion_normal_0851.jpg,train/labels/nozzle_extrusion_normal_0851.txt,124366,38,1119f04c510e3df3d397739ecde3fea46a11fa80a09439f158a722497e502bfb,a48fa3036baf16ec25cd4e93551f2c6e8b34ef4ba7279191a269ef3c6cb13f33,1,1
dataset_2_binary_clean_v2,train,train/images/nozzle_extrusion_normal_0852.jpg,train/labels/nozzle_extrusion_normal_0852.txt,122203,38,6c35d49f310298bbe19714a7c6b931a680fce30872df3617b8b78d86b1221f93,a48fa3036baf16ec25cd4e93551f2c6e8b34ef4ba7279191a269ef3c6cb13f33,1,1
dataset_2_binary_clean_v2,train,train/images/nozzle_extrusion_normal_0854.jpg,train/labels/nozzle_extrusion_normal_0854.txt,110828,38,038367a4a638b1881e5ee39bb6bd74269e0a4d5404ad7c731e390c27f2c0f7f1,a48fa3036baf16ec25cd4e93551f2c6e8b34ef4ba7279191a269ef3c6cb13f33,1,1
dataset_2_binary_clean_v2,train,train/images/nozzle_extrusion_normal_0855.jpg,train/labels/nozzle_extrusion_normal_0855.txt,129883,38,f7fcfb60624e93357c15f92902290668e4a21ec776a854f2e25bf99af6380470,a48fa3036baf16ec25cd4e93551f2c6e8b34ef4ba7279191a269ef3c6cb13f33,1,1
dataset_2_binary_clean_v2,train,train/images/nozzle_extrusion_normal_0857.jpg,train/labels/nozzle_extrusion_normal_0857.txt,121121,38,133c8b5b105b37e5233b202f1fe9d7ebf0e1b65c4aef1ea6b5ed810885a715e2,a48fa3036baf16ec25cd4e93551f2c6e8b34ef4ba7279191a269ef3c6cb13f33,1,1
dataset_2_binary_clean_v2,train,train/images/nozzle_extrusion_normal_0858.jpg,train/labels/nozzle_extrusion_normal_0858.txt,113559,38,acaf2b1aa8dc73c20a14d48c330d6a13e9968e61b14b39e4807b3d396542b717,a48fa3036baf16ec25cd4e93551f2c6e8b34ef4ba7279191a269ef3c6cb13f33,1,1
dataset_2_binary_clean_v2,train,train/images/nozzle_extrusion_normal_0859.jpg,train/labels/nozzle_extrusion_normal_0859.txt,109985,38,ee1a50a6782ce26fcb7317823fa75e552ba38d7b13dde9a0d64134a74b0f4414,a48fa3036baf16ec25cd4e93551f2c6e8b34ef4ba7279191a269ef3c6cb13f33,1,1
dataset_2_binary_clean_v2,train,train/images/nozzle_extrusion_normal_0860.jpg,train/labels/nozzle_extrusion_normal_0860.txt,113147,38,f882972bba40cf5c75e498ad46600b4bc47024d9787a5dadc9837d25a7abc91a,a48fa3036baf16ec25cd4e93551f2c6e8b34ef4ba7279191a269ef3c6cb13f33,1,1
dataset_2_binary_clean_v2,train,train/images/nozzle_extrusion_normal_0861.jpg,train/labels/nozzle_extrusion_normal_0861.txt,118709,38,eacaff16ec72796a019d733a097f4f549c8f70db3d03e2210fa306789c415cbf,a48fa3036baf16ec25cd4e93551f2c6e8b34ef4ba7279191a269ef3c6cb13f33,1,1
dataset_2_binary_clean_v2,train,train/images/nozzle_extrusion_normal_0862.jpg,train/labels/nozzle_extrusion_normal_0862.txt,132554,38,bbaab71cb32e5cce0eff23757c2b61385fc12ea78e748ea08b4ea173ea32191e,a48fa3036baf16ec25cd4e93551f2c6e8b34ef4ba7279191a269ef3c6cb13f33,1,1
dataset_2_binary_clean_v2,train,train/images/nozzle_extrusion_normal_0863.jpg,train/labels/nozzle_extrusion_normal_0863.txt,136639,38,3bfa589b4aaa45deaec36a05278d5ed154fefacde0f1a36190b238ce508eb604,a48fa3036baf16ec25cd4e93551f2c6e8b34ef4ba7279191a269ef3c6cb13f33,1,1
dataset_2_binary_clean_v2,train,train/images/nozzle_extrusion_normal_0866.jpg,train/labels/nozzle_extrusion_normal_0866.txt,115717,38,d65cebd0911948a3c83be1f2e49a48f363c7c5c8ba7eb143db62bbf22f992cdd,a48fa3036baf16ec25cd4e93551f2c6e8b34ef4ba7279191a269ef3c6cb13f33,1,1
dataset_2_binary_clean_v2,train,train/images/nozzle_extrusion_normal_0867.jpg,train/labels/nozzle_extrusion_normal_0867.txt,120226,38,bb050b771a1325429579469ccd12c292cfcefb47034bbb737273f51bc4347dc3,a48fa3036baf16ec25cd4e93551f2c6e8b34ef4ba7279191a269ef3c6cb13f33,1,1
dataset_2_binary_clean_v2,train,train/images/nozzle_extrusion_normal_0868.jpg,train/labels/nozzle_extrusion_normal_0868.txt,125837,38,e667b16d8e61782bde824060d1cd081a908b965d29c867f5c5096c43973d87f0,a48fa3036baf16ec25cd4e93551f2c6e8b34ef4ba7279191a269ef3c6cb13f33,1,1
dataset_2_binary_clean_v2,train,train/images/nozzle_extrusion_normal_0869.jpg,train/labels/nozzle_extrusion_normal_0869.txt,123294,38,a028bae19dc6714c89356eb3b47ed0366e932b66125aa7255cf88e874c91dc62,a48fa3036baf16ec25cd4e93551f2c6e8b34ef4ba7279191a269ef3c6cb13f33,1,1
dataset_2_binary_clean_v2,train,train/images/nozzle_extrusion_normal_0874.jpg,train/labels/nozzle_extrusion_normal_0874.txt,129455,38,9632fb5ac6fb2e188af3d6947b86343defaba528feaf2427fb376155e21ff382,a48fa3036baf16ec25cd4e93551f2c6e8b34ef4ba7279191a269ef3c6cb13f33,1,1
dataset_2_binary_clean_v2,train,train/images/nozzle_extrusion_normal_0879.jpg,train/labels/nozzle_extrusion_normal_0879.txt,116553,38,5147bbd0ce2baf418f7975a6b936263544144d8bfea04cfd27a6eb6e80866d0d,a48fa3036baf16ec25cd4e93551f2c6e8b34ef4ba7279191a269ef3c6cb13f33,1,1
dataset_2_binary_clean_v2,train,train/images/nozzle_extrusion_normal_0880.jpg,train/labels/nozzle_extrusion_normal_0880.txt,126549,38,a97e0e46ef7eb1d1b20a0dee53a79b6c81d56c97544bfada622ec51817d60ba1,a48fa3036baf16ec25cd4e93551f2c6e8b34ef4ba7279191a269ef3c6cb13f33,1,1
dataset_2_binary_clean_v2,train,train/images/nozzle_extrusion_normal_0881.jpg,train/labels/nozzle_extrusion_normal_0881.txt,132728,38,ebe25d771670b32962af7b442cf5ec8ae1114be6768dc40cad52458b82b9b0e2,a48fa3036baf16ec25cd4e93551f2c6e8b34ef4ba7279191a269ef3c6cb13f33,1,1
dataset_2_binary_clean_v2,train,train/images/nozzle_extrusion_normal_0883.jpg,train/labels/nozzle_extrusion_normal_0883.txt,126718,38,c911318706617d1dbf71afc84ecf397b654d642e7052fc6ca4ca7760991074ff,a48fa3036baf16ec25cd4e93551f2c6e8b34ef4ba7279191a269ef3c6cb13f33,1,1
dataset_2_binary_clean_v2,train,train/images/nozzle_extrusion_normal_0886.jpg,train/labels/nozzle_extrusion_normal_0886.txt,126924,38,6f11a7db55573546d254a94b6db0e99ed26b348a2c9b7bc2017670655ae708e5,a48fa3036baf16ec25cd4e93551f2c6e8b34ef4ba7279191a269ef3c6cb13f33,1,1
dataset_2_binary_clean_v2,train,train/images/nozzle_extrusion_normal_0887.jpg,train/labels/nozzle_extrusion_normal_0887.txt,133588,38,64e566237e46ccd33ede5601293a700bcb7758ee6c1a6b2e335de3d3ac0e0214,a48fa3036baf16ec25cd4e93551f2c6e8b34ef4ba7279191a269ef3c6cb13f33,1,1
dataset_2_binary_clean_v2,train,train/images/nozzle_extrusion_normal_0894.jpg,train/labels/nozzle_extrusion_normal_0894.txt,123354,38,a10271a23e5b0a9e93a2ab47a08f836a45082d332ccea78aa4107d927e5de34a,a48fa3036baf16ec25cd4e93551f2c6e8b34ef4ba7279191a269ef3c6cb13f33,1,1
dataset_2_binary_clean_v2,train,train/images/nozzle_extrusion_normal_0897.jpg,train/labels/nozzle_extrusion_normal_0897.txt,104532,38,1e4502f5a16f54fa9d88c1a081b8800e771e7ad1b182b6100530d839d7d82952,a48fa3036baf16ec25cd4e93551f2c6e8b34ef4ba7279191a269ef3c6cb13f33,1,1
dataset_2_binary_clean_v2,train,train/images/nozzle_extrusion_normal_0898.jpg,train/labels/nozzle_extrusion_normal_0898.txt,114429,38,8d514d2d78e23a0fc1a26fc6fbc22865dd4e1c76846919cdfea302e3534b2561,a48fa3036baf16ec25cd4e93551f2c6e8b34ef4ba7279191a269ef3c6cb13f33,1,1
dataset_2_binary_clean_v2,train,train/images/nozzle_extrusion_normal_0899.jpg,train/labels/nozzle_extrusion_normal_0899.txt,126709,38,f83c9f66a78776ba1450ad18d7f8b82837029b968b1ea16446bf7bb0ce57cf15,a48fa3036baf16ec25cd4e93551f2c6e8b34ef4ba7279191a269ef3c6cb13f33,1,1
dataset_2_binary_clean_v2,train,train/images/nozzle_extrusion_normal_0901.jpg,train/labels/nozzle_extrusion_normal_0901.txt,139941,38,e397085081ad28a9616db27a2dcf63c48daa4c9d3b9aaee896d76df04cfd2410,a48fa3036baf16ec25cd4e93551f2c6e8b34ef4ba7279191a269ef3c6cb13f33,1,1
dataset_2_binary_clean_v2,train,train/images/nozzle_extrusion_normal_0902.jpg,train/labels/nozzle_extrusion_normal_0902.txt,127248,38,28a4537c53456c1cbbdcd142c1a39002d2576fcf5bb5dfcf2ac62f9690c44626,a48fa3036baf16ec25cd4e93551f2c6e8b34ef4ba7279191a269ef3c6cb13f33,1,1
dataset_2_binary_clean_v2,train,train/images/nozzle_extrusion_normal_0904.jpg,train/labels/nozzle_extrusion_normal_0904.txt,126220,38,258579fc3658832991dfde580c510a194f99cd267bd131d0539c183bf7af8632,a48fa3036baf16ec25cd4e93551f2c6e8b34ef4ba7279191a269ef3c6cb13f33,1,1
dataset_2_binary_clean_v2,train,train/images/nozzle_extrusion_normal_0906.jpg,train/labels/nozzle_extrusion_normal_0906.txt,99716,38,60b0e1097323f7aa73e43c7943f99a9b5560caaa67c7b068e9a6dbe016cef0d6,a48fa3036baf16ec25cd4e93551f2c6e8b34ef4ba7279191a269ef3c6cb13f33,1,1
dataset_2_binary_clean_v2,train,train/images/nozzle_extrusion_normal_0907.jpg,train/labels/nozzle_extrusion_normal_0907.txt,117900,38,66508c9771d810858f48b2f76caf2c469386d2f33be63ea4ce2c72af1f94c7da,a48fa3036baf16ec25cd4e93551f2c6e8b34ef4ba7279191a269ef3c6cb13f33,1,1
dataset_2_binary_clean_v2,train,train/images/nozzle_extrusion_normal_0908.jpg,train/labels/nozzle_extrusion_normal_0908.txt,129158,38,19cc0356f5f7f916e0dddb314576ec72901eb1bc6eb1a382cb897dc6e764e2fa,a48fa3036baf16ec25cd4e93551f2c6e8b34ef4ba7279191a269ef3c6cb13f33,1,1
dataset_2_binary_clean_v2,train,train/images/nozzle_extrusion_normal_0909.jpg,train/labels/nozzle_extrusion_normal_0909.txt,136897,38,36d99d62c722814fcdbb5ffd19e7878dbba1f98a0f0ce78670bbaa422474bc6f,a48fa3036baf16ec25cd4e93551f2c6e8b34ef4ba7279191a269ef3c6cb13f33,1,1
dataset_2_binary_clean_v2,train,train/images/nozzle_extrusion_normal_0910.jpg,train/labels/nozzle_extrusion_normal_0910.txt,143516,38,b495ecc950f10de08207ac811b212157513fe06e00041cd21b0ab62480ae23d3,a48fa3036baf16ec25cd4e93551f2c6e8b34ef4ba7279191a269ef3c6cb13f33,1,1
dataset_2_binary_clean_v2,train,train/images/nozzle_extrusion_normal_0911.jpg,train/labels/nozzle_extrusion_normal_0911.txt,162032,38,77b09b7353b07fcdedd5cde4707cf8f7a97a181342486e39499d99ba61c2ede1,a48fa3036baf16ec25cd4e93551f2c6e8b34ef4ba7279191a269ef3c6cb13f33,1,1
dataset_2_binary_clean_v2,train,train/images/nozzle_extrusion_normal_0912.jpg,train/labels/nozzle_extrusion_normal_0912.txt,129408,38,949bcf5843a0f9f3e7c12b4e2efd85b23af837eda5abb9afeac23cc4ef4b260d,a48fa3036baf16ec25cd4e93551f2c6e8b34ef4ba7279191a269ef3c6cb13f33,1,1
dataset_2_binary_clean_v2,train,train/images/nozzle_extrusion_normal_0913.jpg,train/labels/nozzle_extrusion_normal_0913.txt,129882,38,eee51a5b88eecf44f3dc5d3d2c9008caf279d355522ec295a79f711de9c23708,a48fa3036baf16ec25cd4e93551f2c6e8b34ef4ba7279191a269ef3c6cb13f33,1,1
dataset_2_binary_clean_v2,train,train/images/nozzle_extrusion_normal_0916.jpg,train/labels/nozzle_extrusion_normal_0916.txt,115564,38,c1b3547ae7d8d3142a2fc97fdc1364f80b84585a08e4f5c022b1f2fb6e25f4b9,a48fa3036baf16ec25cd4e93551f2c6e8b34ef4ba7279191a269ef3c6cb13f33,1,1
dataset_2_binary_clean_v2,train,train/images/nozzle_extrusion_normal_0917.jpg,train/labels/nozzle_extrusion_normal_0917.txt,109553,38,55705ff44cb30f8c029d006f304d84e96e2d2ec72f4d056b0aacc1f3ae97f73f,a48fa3036baf16ec25cd4e93551f2c6e8b34ef4ba7279191a269ef3c6cb13f33,1,1
dataset_2_binary_clean_v2,train,train/images/nozzle_extrusion_normal_0918.jpg,train/labels/nozzle_extrusion_normal_0918.txt,90812,38,fe9d2a87401d3bca4679454841649fc9e0d0fcfd8a4ebc0b9aca3a861c38eb2f,a48fa3036baf16ec25cd4e93551f2c6e8b34ef4ba7279191a269ef3c6cb13f33,1,1
dataset_2_binary_clean_v2,train,train/images/nozzle_extrusion_normal_0919.jpg,train/labels/nozzle_extrusion_normal_0919.txt,109159,38,d1842789c492afb519712c53526104cc2386452fc59c8278b6f62621db7a321f,a48fa3036baf16ec25cd4e93551f2c6e8b34ef4ba7279191a269ef3c6cb13f33,1,1
dataset_2_binary_clean_v2,train,train/images/nozzle_extrusion_normal_0920.jpg,train/labels/nozzle_extrusion_normal_0920.txt,125137,38,435d782bf68bc4c66f67e2b3130fbac7e3050a04308eb3aa5ad134e8fc33e692,a48fa3036baf16ec25cd4e93551f2c6e8b34ef4ba7279191a269ef3c6cb13f33,1,1
dataset_2_binary_clean_v2,train,train/images/nozzle_extrusion_normal_0921.jpg,train/labels/nozzle_extrusion_normal_0921.txt,128353,38,f85d9b02bc7d960bbb6644cb5f6b0da447c3c5bba9dcb73f6ddc4b33644c7d96,a48fa3036baf16ec25cd4e93551f2c6e8b34ef4ba7279191a269ef3c6cb13f33,1,1
dataset_2_binary_clean_v2,train,train/images/nozzle_extrusion_normal_0922.jpg,train/labels/nozzle_extrusion_normal_0922.txt,124575,38,ac76639730219bad259cdcbcf8497a66bfe5930a60cb04b9818e0e143b28d7b1,a48fa3036baf16ec25cd4e93551f2c6e8b34ef4ba7279191a269ef3c6cb13f33,1,1
dataset_2_binary_clean_v2,train,train/images/nozzle_extrusion_normal_0923.jpg,train/labels/nozzle_extrusion_normal_0923.txt,122595,38,558b0ce7ca78e486d7c1c94cedd72e1bc3bb5ab4a56782e956424428138cd542,a48fa3036baf16ec25cd4e93551f2c6e8b34ef4ba7279191a269ef3c6cb13f33,1,1
dataset_2_binary_clean_v2,train,train/images/nozzle_extrusion_normal_0926.jpg,train/labels/nozzle_extrusion_normal_0926.txt,96978,38,741dc8a9c11b5baa92d516b4686bcae611770d088c74d7c87a091a958d68cec3,a48fa3036baf16ec25cd4e93551f2c6e8b34ef4ba7279191a269ef3c6cb13f33,1,1
dataset_2_binary_clean_v2,train,train/images/nozzle_extrusion_normal_0927.jpg,train/labels/nozzle_extrusion_normal_0927.txt,120952,38,06b981145cf8cee2c6f12d75c093ac81c449b27fd1346318688d4787c0b25a91,a48fa3036baf16ec25cd4e93551f2c6e8b34ef4ba7279191a269ef3c6cb13f33,1,1
dataset_2_binary_clean_v2,train,train/images/nozzle_extrusion_normal_0928.jpg,train/labels/nozzle_extrusion_normal_0928.txt,133820,38,02f6a6278b597fe42d3d0bbb0f51be6ed270e27cb0aea5c839f6f342c4fd7d6d,a48fa3036baf16ec25cd4e93551f2c6e8b34ef4ba7279191a269ef3c6cb13f33,1,1
dataset_2_binary_clean_v2,train,train/images/nozzle_extrusion_normal_0929.jpg,train/labels/nozzle_extrusion_normal_0929.txt,138207,38,5ba9242f346b83327d3b8b6bf938c41b97e8a9f04793493412ca61ec1e9e3059,a48fa3036baf16ec25cd4e93551f2c6e8b34ef4ba7279191a269ef3c6cb13f33,1,1
dataset_2_binary_clean_v2,train,train/images/nozzle_extrusion_normal_0930.jpg,train/labels/nozzle_extrusion_normal_0930.txt,151191,38,fc735b49f0152e0641485115f411450e0a0622415c14deb55f7b8cf2acd2ee42,a48fa3036baf16ec25cd4e93551f2c6e8b34ef4ba7279191a269ef3c6cb13f33,1,1
dataset_2_binary_clean_v2,train,train/images/nozzle_extrusion_normal_0932.jpg,train/labels/nozzle_extrusion_normal_0932.txt,125600,38,895e96d211c86d9600c4a849c52a845fddc080be22e924ac6693af2f480750cf,a48fa3036baf16ec25cd4e93551f2c6e8b34ef4ba7279191a269ef3c6cb13f33,1,1
dataset_2_binary_clean_v2,train,train/images/nozzle_extrusion_normal_0933.jpg,train/labels/nozzle_extrusion_normal_0933.txt,123671,38,c929df4dd30c5c657875eeed44a76a711e949150a36334b587ce53262d6f34af,a48fa3036baf16ec25cd4e93551f2c6e8b34ef4ba7279191a269ef3c6cb13f33,1,1
dataset_2_binary_clean_v2,train,train/images/nozzle_extrusion_normal_0934.jpg,train/labels/nozzle_extrusion_normal_0934.txt,112373,38,693277cbfb09f01f9392078ddb259ec170d199cdc00f63bd7aa5874b1b17ca64,a48fa3036baf16ec25cd4e93551f2c6e8b34ef4ba7279191a269ef3c6cb13f33,1,1
dataset_2_binary_clean_v2,train,train/images/nozzle_extrusion_normal_0935.jpg,train/labels/nozzle_extrusion_normal_0935.txt,111913,38,8f525c18fa07377a06226fee91d6e97ab7bc3a09e792e78842ace97cbd198d61,a48fa3036baf16ec25cd4e93551f2c6e8b34ef4ba7279191a269ef3c6cb13f33,1,1
dataset_2_binary_clean_v2,train,train/images/nozzle_extrusion_normal_0936.jpg,train/labels/nozzle_extrusion_normal_0936.txt,95385,38,d1753a82fbc898db713e22b7ad7b26e12e2a947667dc52574f74d015bad0fd4c,a48fa3036baf16ec25cd4e93551f2c6e8b34ef4ba7279191a269ef3c6cb13f33,1,1
dataset_2_binary_clean_v2,train,train/images/nozzle_extrusion_normal_0937.jpg,train/labels/nozzle_extrusion_normal_0937.txt,115973,38,e3cdc3ec029a985772951a34e7228bb4593b93edc84aba5587ca84672377ad96,a48fa3036baf16ec25cd4e93551f2c6e8b34ef4ba7279191a269ef3c6cb13f33,1,1
dataset_2_binary_clean_v2,train,train/images/nozzle_extrusion_normal_0938.jpg,train/labels/nozzle_extrusion_normal_0938.txt,132343,38,f15c57cf7e346bc2cfac2cc8e896e1de690027b69cbe9bab97b7f959db973f5e,a48fa3036baf16ec25cd4e93551f2c6e8b34ef4ba7279191a269ef3c6cb13f33,1,1
dataset_2_binary_clean_v2,train,train/images/nozzle_extrusion_normal_0940.jpg,train/labels/nozzle_extrusion_normal_0940.txt,124671,38,92482558a7611a48c2dc1f66c63ea8a5c64a7ae5c8b2b8e4bd7d855e14cc8ae8,a48fa3036baf16ec25cd4e93551f2c6e8b34ef4ba7279191a269ef3c6cb13f33,1,1
dataset_2_binary_clean_v2,train,train/images/nozzle_extrusion_normal_0941.jpg,train/labels/nozzle_extrusion_normal_0941.txt,122076,38,7b79351179cb61f15a5f7b4427d6a96987ab7a689ee86f26a7ec67182e54c779,a48fa3036baf16ec25cd4e93551f2c6e8b34ef4ba7279191a269ef3c6cb13f33,1,1
dataset_2_binary_clean_v2,train,train/images/nozzle_extrusion_normal_0942.jpg,train/labels/nozzle_extrusion_normal_0942.txt,128801,38,f4fc17a1d4e7b59a1e495bd6512c2da171adf481d832faec19ed81fa088cc1bc,a48fa3036baf16ec25cd4e93551f2c6e8b34ef4ba7279191a269ef3c6cb13f33,1,1
dataset_2_binary_clean_v2,train,train/images/nozzle_extrusion_normal_0944.jpg,train/labels/nozzle_extrusion_normal_0944.txt,98602,38,645e8b5181f27f316a722ca3f1878e0397fe78350045f879e4a4d753edcad355,a48fa3036baf16ec25cd4e93551f2c6e8b34ef4ba7279191a269ef3c6cb13f33,1,1
dataset_2_binary_clean_v2,train,train/images/nozzle_extrusion_normal_0945.jpg,train/labels/nozzle_extrusion_normal_0945.txt,131266,38,6648db26bfbb0b07c465522213d16e210b5047b23f4c831e3d9cb15f1eb71660,a48fa3036baf16ec25cd4e93551f2c6e8b34ef4ba7279191a269ef3c6cb13f33,1,1
dataset_2_binary_clean_v2,train,train/images/nozzle_extrusion_normal_0946.jpg,train/labels/nozzle_extrusion_normal_0946.txt,136477,38,90e5b55071bfe35fe5b41b0c6ed686f09857a535a9aa86415351004401041fd5,a48fa3036baf16ec25cd4e93551f2c6e8b34ef4ba7279191a269ef3c6cb13f33,1,1
dataset_2_binary_clean_v2,train,train/images/nozzle_extrusion_normal_0947.jpg,train/labels/nozzle_extrusion_normal_0947.txt,139916,38,6d7e42277cf7de2e6ad7814269c76321e2c89ee95860a769980039fa09af5d51,a48fa3036baf16ec25cd4e93551f2c6e8b34ef4ba7279191a269ef3c6cb13f33,1,1
dataset_2_binary_clean_v2,train,train/images/nozzle_extrusion_normal_0948.jpg,train/labels/nozzle_extrusion_normal_0948.txt,153080,38,2b332c38ed04139c9f6ebb241c01f35b003194eb1fa438ab94cb9ef4f1c98fbc,a48fa3036baf16ec25cd4e93551f2c6e8b34ef4ba7279191a269ef3c6cb13f33,1,1
dataset_2_binary_clean_v2,train,train/images/nozzle_extrusion_normal_0950.jpg,train/labels/nozzle_extrusion_normal_0950.txt,126960,38,2b022af9220d2af3a414ed6bad77d9b35f018fb247df4f3f5dc72cd24f089c4f,a48fa3036baf16ec25cd4e93551f2c6e8b34ef4ba7279191a269ef3c6cb13f33,1,1
dataset_2_binary_clean_v2,train,train/images/nozzle_extrusion_normal_0951.jpg,train/labels/nozzle_extrusion_normal_0951.txt,124382,38,1f1499039eb9816e89e3f36463ed0a3ca3252e130a00b0b4745b1dfd335c63dd,a48fa3036baf16ec25cd4e93551f2c6e8b34ef4ba7279191a269ef3c6cb13f33,1,1
dataset_2_binary_clean_v2,train,train/images/nozzle_extrusion_normal_0953.jpg,train/labels/nozzle_extrusion_normal_0953.txt,111252,38,68a51a556b69a8487ddf1065a0de5ca0ced4b93a4784f3f4c2c1a42f6f809823,a48fa3036baf16ec25cd4e93551f2c6e8b34ef4ba7279191a269ef3c6cb13f33,1,1
dataset_2_binary_clean_v2,train,train/images/nozzle_extrusion_normal_0955.jpg,train/labels/nozzle_extrusion_normal_0955.txt,96188,38,23e1de9699685654ca1a39393bc5baf8f1e49469057b7b1cbb761fd71b50bccd,a48fa3036baf16ec25cd4e93551f2c6e8b34ef4ba7279191a269ef3c6cb13f33,1,1
dataset_2_binary_clean_v2,train,train/images/nozzle_extrusion_normal_0956.jpg,train/labels/nozzle_extrusion_normal_0956.txt,118601,38,4c64807bbb694e9bbe42dae1d89597b42f3f9273317574e3ac9ca4f7beece6ab,a48fa3036baf16ec25cd4e93551f2c6e8b34ef4ba7279191a269ef3c6cb13f33,1,1
dataset_2_binary_clean_v2,train,train/images/nozzle_extrusion_normal_0957.jpg,train/labels/nozzle_extrusion_normal_0957.txt,135135,38,5d10d015a12155ebf6e9f78469715c36ddd6bec5df79b5df9e32343736bdc183,a48fa3036baf16ec25cd4e93551f2c6e8b34ef4ba7279191a269ef3c6cb13f33,1,1
dataset_2_binary_clean_v2,train,train/images/nozzle_extrusion_normal_0958.jpg,train/labels/nozzle_extrusion_normal_0958.txt,135440,38,33470cf6b62c9ab59702d5935b79bd7d03404e253937e6c4c77a39f6a9acb6bf,a48fa3036baf16ec25cd4e93551f2c6e8b34ef4ba7279191a269ef3c6cb13f33,1,1
dataset_2_binary_clean_v2,train,train/images/nozzle_extrusion_normal_0960.jpg,train/labels/nozzle_extrusion_normal_0960.txt,121389,38,902dc58577b07cb82e602e248d18980948119b54bebf951012239661d08a5015,a48fa3036baf16ec25cd4e93551f2c6e8b34ef4ba7279191a269ef3c6cb13f33,1,1
dataset_2_binary_clean_v2,train,train/images/nozzle_extrusion_normal_0961.jpg,train/labels/nozzle_extrusion_normal_0961.txt,125944,38,8c77a754c22435aa245d733794596ad6ab6a29dafa9d8f0d16f1f4a210abe35e,a48fa3036baf16ec25cd4e93551f2c6e8b34ef4ba7279191a269ef3c6cb13f33,1,1
dataset_2_binary_clean_v2,train,train/images/nozzle_extrusion_normal_0964.jpg,train/labels/nozzle_extrusion_normal_0964.txt,95928,38,4912728c1c44276515b7547b46f719557795ad435e25465e481af4ece60a7ec9,a48fa3036baf16ec25cd4e93551f2c6e8b34ef4ba7279191a269ef3c6cb13f33,1,1
dataset_2_binary_clean_v2,train,train/images/nozzle_extrusion_normal_0965.jpg,train/labels/nozzle_extrusion_normal_0965.txt,128176,38,7aacb1e178dff57bb58e04f0a197a31c993fb4f9ae969d1c9dd08155f912172f,a48fa3036baf16ec25cd4e93551f2c6e8b34ef4ba7279191a269ef3c6cb13f33,1,1
dataset_2_binary_clean_v2,train,train/images/nozzle_extrusion_normal_0966.jpg,train/labels/nozzle_extrusion_normal_0966.txt,133996,38,647e8eb8cfab0aafafe0dac61fd3138257c4a47669db71b7b6f91424456c6c77,a48fa3036baf16ec25cd4e93551f2c6e8b34ef4ba7279191a269ef3c6cb13f33,1,1
dataset_2_binary_clean_v2,train,train/images/nozzle_extrusion_normal_0967.jpg,train/labels/nozzle_extrusion_normal_0967.txt,139058,38,55180dc827fa02478a70cae202a6a55f72cbbda1e74e04a2dd4f0dd26edf5e5c,a48fa3036baf16ec25cd4e93551f2c6e8b34ef4ba7279191a269ef3c6cb13f33,1,1
dataset_2_binary_clean_v2,train,train/images/nozzle_extrusion_normal_0968.jpg,train/labels/nozzle_extrusion_normal_0968.txt,151615,38,4c6fc9b8224a1d5c34257d341d6ace9ea7db363dd3e60f98f5951ba83caa8fb9,a48fa3036baf16ec25cd4e93551f2c6e8b34ef4ba7279191a269ef3c6cb13f33,1,1
dataset_2_binary_clean_v2,train,train/images/nozzle_extrusion_normal_0970.jpg,train/labels/nozzle_extrusion_normal_0970.txt,126745,38,e0b72f3dfeb1ed9bd0e893d944c55bc18082c7d6d4b329845d02006552546a27,a48fa3036baf16ec25cd4e93551f2c6e8b34ef4ba7279191a269ef3c6cb13f33,1,1
dataset_2_binary_clean_v2,train,train/images/nozzle_extrusion_normal_0971.jpg,train/labels/nozzle_extrusion_normal_0971.txt,129037,38,ca0a4ad38b5bcc9a53e77095bde8419ec65c9a1f9eb14a2ad19012269635538b,a48fa3036baf16ec25cd4e93551f2c6e8b34ef4ba7279191a269ef3c6cb13f33,1,1
dataset_2_binary_clean_v2,train,train/images/nozzle_extrusion_normal_0972.jpg,train/labels/nozzle_extrusion_normal_0972.txt,125661,38,bf845bf48a00d40974e4e4911f212ae6fa62cb8e05d72c8e2e8ffa247cf4cf01,a48fa3036baf16ec25cd4e93551f2c6e8b34ef4ba7279191a269ef3c6cb13f33,1,1
dataset_2_binary_clean_v2,train,train/images/nozzle_extrusion_normal_0974.jpg,train/labels/nozzle_extrusion_normal_0974.txt,112613,38,78c05b894fa4dd08f808f164b272727d34b971cf948d3ad47fa1e7dd58c215ac,a48fa3036baf16ec25cd4e93551f2c6e8b34ef4ba7279191a269ef3c6cb13f33,1,1
dataset_2_binary_clean_v2,train,train/images/nozzle_extrusion_normal_0975.jpg,train/labels/nozzle_extrusion_normal_0975.txt,115598,38,328397da7c8b695d00d77d98cc1f96b2c8bae67e945c89b9797ee6354e902459,a48fa3036baf16ec25cd4e93551f2c6e8b34ef4ba7279191a269ef3c6cb13f33,1,1
dataset_2_binary_clean_v2,train,train/images/nozzle_extrusion_normal_0976.jpg,train/labels/nozzle_extrusion_normal_0976.txt,93527,38,81d48911e7319611e2e62f5a171efb7ea366c64d12094bddae2b68976aab788c,a48fa3036baf16ec25cd4e93551f2c6e8b34ef4ba7279191a269ef3c6cb13f33,1,1
dataset_2_binary_clean_v2,train,train/images/nozzle_extrusion_normal_0977.jpg,train/labels/nozzle_extrusion_normal_0977.txt,117943,38,50cf8a992e085e524087c2d5be198debfba03789ae8c4233e4539e1dd3020eab,a48fa3036baf16ec25cd4e93551f2c6e8b34ef4ba7279191a269ef3c6cb13f33,1,1
dataset_2_binary_clean_v2,train,train/images/nozzle_extrusion_normal_0979.jpg,train/labels/nozzle_extrusion_normal_0979.txt,136131,38,9a01fd0ef6be56fc33af34f81d0c2707f0012cd4d5146558d86e04e6bd38c0c4,a48fa3036baf16ec25cd4e93551f2c6e8b34ef4ba7279191a269ef3c6cb13f33,1,1
dataset_2_binary_clean_v2,train,train/images/nozzle_extrusion_normal_0981.jpg,train/labels/nozzle_extrusion_normal_0981.txt,126074,38,a102db35719c3abe88b2b04bc8ae5d79d3334d8089336fdb5a3e0903998cb819,a48fa3036baf16ec25cd4e93551f2c6e8b34ef4ba7279191a269ef3c6cb13f33,1,1
dataset_2_binary_clean_v2,train,train/images/nozzle_extrusion_normal_0982.jpg,train/labels/nozzle_extrusion_normal_0982.txt,124913,38,4a1480a12481ef68aed45be62e5f64bd151451366b1a8d0fc093429156b63080,a48fa3036baf16ec25cd4e93551f2c6e8b34ef4ba7279191a269ef3c6cb13f33,1,1
dataset_2_binary_clean_v2,train,train/images/nozzle_extrusion_normal_0985.jpg,train/labels/nozzle_extrusion_normal_0985.txt,97073,38,60a5b9b5b9f2a119c2918ee5f3d61647523b3839bf03365d83d25a1409adeea1,a48fa3036baf16ec25cd4e93551f2c6e8b34ef4ba7279191a269ef3c6cb13f33,1,1
dataset_2_binary_clean_v2,train,train/images/nozzle_extrusion_normal_0986.jpg,train/labels/nozzle_extrusion_normal_0986.txt,124638,38,58edb0d359222f92f530aa000e3f35404b496624704468e2960e743668068f21,a48fa3036baf16ec25cd4e93551f2c6e8b34ef4ba7279191a269ef3c6cb13f33,1,1
dataset_2_binary_clean_v2,train,train/images/nozzle_extrusion_normal_0987.jpg,train/labels/nozzle_extrusion_normal_0987.txt,134486,38,78252dac9211b63208f5c04aca846f04ef29a3448bbb0002efab8fc7f4ed7c0e,a48fa3036baf16ec25cd4e93551f2c6e8b34ef4ba7279191a269ef3c6cb13f33,1,1
dataset_2_binary_clean_v2,train,train/images/nozzle_extrusion_normal_0988.jpg,train/labels/nozzle_extrusion_normal_0988.txt,138557,38,50f6843a5433f6d7c187da913437fa8d1d09d109fa4f0e3e6b88557f62bfa85c,a48fa3036baf16ec25cd4e93551f2c6e8b34ef4ba7279191a269ef3c6cb13f33,1,1
dataset_2_binary_clean_v2,train,train/images/nozzle_extrusion_normal_0989.jpg,train/labels/nozzle_extrusion_normal_0989.txt,151514,38,5d634a71884b70dfad4c9428ff1007a743aa91d7f5b9d0c94d94529105f76adf,a48fa3036baf16ec25cd4e93551f2c6e8b34ef4ba7279191a269ef3c6cb13f33,1,1
dataset_2_binary_clean_v2,train,train/images/nozzle_extrusion_normal_0990.jpg,train/labels/nozzle_extrusion_normal_0990.txt,108646,38,d2a63fb7581cb9db3b960cc3be2fa7681bdefe4b27a068eda15efd9d20a55bab,a48fa3036baf16ec25cd4e93551f2c6e8b34ef4ba7279191a269ef3c6cb13f33,1,1
dataset_2_binary_clean_v2,train,train/images/nozzle_extrusion_normal_0991.jpg,train/labels/nozzle_extrusion_normal_0991.txt,129412,38,b15c878d20356648907690ca80e5a2b73bfb1dd2e2809e211fcaaac0bcdf4c0d,a48fa3036baf16ec25cd4e93551f2c6e8b34ef4ba7279191a269ef3c6cb13f33,1,1
dataset_2_binary_clean_v2,train,train/images/nozzle_extrusion_normal_0992.jpg,train/labels/nozzle_extrusion_normal_0992.txt,124673,38,4c5705f05612b56859826e080b0a0db15cda1efc6a346b38d20378732a829edd,a48fa3036baf16ec25cd4e93551f2c6e8b34ef4ba7279191a269ef3c6cb13f33,1,1
dataset_2_binary_clean_v2,train,train/images/nozzle_extrusion_normal_0993.jpg,train/labels/nozzle_extrusion_normal_0993.txt,130689,38,637c04d01efc678ee6dbf1c7c4aabe19b255b1400ef174c9997f6c9e05a53c69,a48fa3036baf16ec25cd4e93551f2c6e8b34ef4ba7279191a269ef3c6cb13f33,1,1
dataset_2_binary_clean_v2,train,train/images/nozzle_extrusion_normal_0994.jpg,train/labels/nozzle_extrusion_normal_0994.txt,120579,38,d23ab67ca44a870d6a2b9d26cc20c0f72fff949a763a8acbc1dd83e829387706,a48fa3036baf16ec25cd4e93551f2c6e8b34ef4ba7279191a269ef3c6cb13f33,1,1
dataset_2_binary_clean_v2,train,train/images/nozzle_extrusion_normal_0995.jpg,train/labels/nozzle_extrusion_normal_0995.txt,117475,38,300bbf9defe92b30aa009d2853cbfb1411af1dbc021722d89ec3082159edb4bf,a48fa3036baf16ec25cd4e93551f2c6e8b34ef4ba7279191a269ef3c6cb13f33,1,1
dataset_2_binary_clean_v2,train,train/images/nozzle_extrusion_normal_0996.jpg,train/labels/nozzle_extrusion_normal_0996.txt,117353,38,1b37f86886993cd3308214cd5c71b69e24a175928cd60e00141339d39c1bef4b,a48fa3036baf16ec25cd4e93551f2c6e8b34ef4ba7279191a269ef3c6cb13f33,1,1
dataset_2_binary_clean_v2,train,train/images/nozzle_extrusion_normal_0997.jpg,train/labels/nozzle_extrusion_normal_0997.txt,94466,38,def1517681d0e4cfa0d57acf8ca7c87b186cdb72d557541e291c14ec372062dc,a48fa3036baf16ec25cd4e93551f2c6e8b34ef4ba7279191a269ef3c6cb13f33,1,1
dataset_2_binary_clean_v2,train,train/images/nozzle_extrusion_normal_0998.jpg,train/labels/nozzle_extrusion_normal_0998.txt,119250,38,c7731a74dc64cceccd36c57f2d2a2e6974cc35bf94d87778bdf9be30f96a3a9b,a48fa3036baf16ec25cd4e93551f2c6e8b34ef4ba7279191a269ef3c6cb13f33,1,1
dataset_2_binary_clean_v2,train,train/images/nozzle_extrusion_normal_1000.jpg,train/labels/nozzle_extrusion_normal_1000.txt,126239,38,0217c1a540264bc150140d2419c07bde95d8642bea27f3addf75eed16f7e84e5,a48fa3036baf16ec25cd4e93551f2c6e8b34ef4ba7279191a269ef3c6cb13f33,1,1
dataset_2_binary_clean_v2,train,train/images/nozzle_extrusion_normal_1005.jpg,train/labels/nozzle_extrusion_normal_1005.txt,99414,38,58541ba3e297251f7ec593f0db2b50089ddbe1623547ffbe74d75c29db26285c,a48fa3036baf16ec25cd4e93551f2c6e8b34ef4ba7279191a269ef3c6cb13f33,1,1
dataset_2_binary_clean_v2,train,train/images/nozzle_extrusion_normal_1006.jpg,train/labels/nozzle_extrusion_normal_1006.txt,125474,38,cd416edcf9d373cefae414d2829aadc2f4d2342559fa3fc955787cb34a87a164,a48fa3036baf16ec25cd4e93551f2c6e8b34ef4ba7279191a269ef3c6cb13f33,1,1
dataset_2_binary_clean_v2,train,train/images/nozzle_extrusion_normal_1007.jpg,train/labels/nozzle_extrusion_normal_1007.txt,134567,38,2635a3f99daafd8473ab5fc1b4cbd3f0115654b985d13a2d957f27a56286284c,a48fa3036baf16ec25cd4e93551f2c6e8b34ef4ba7279191a269ef3c6cb13f33,1,1
dataset_2_binary_clean_v2,train,train/images/nozzle_extrusion_normal_1008.jpg,train/labels/nozzle_extrusion_normal_1008.txt,138471,38,22386a783114e4bca047fd3f58f8025d6e5d07e2c20bc51307b6a5169e130103,a48fa3036baf16ec25cd4e93551f2c6e8b34ef4ba7279191a269ef3c6cb13f33,1,1
dataset_2_binary_clean_v2,train,train/images/nozzle_extrusion_normal_1009.jpg,train/labels/nozzle_extrusion_normal_1009.txt,149931,38,2ec5b6ce0b1a4629eb26859c61cd8479538e7fe3f8238a8e967420f080063e9f,a48fa3036baf16ec25cd4e93551f2c6e8b34ef4ba7279191a269ef3c6cb13f33,1,1
dataset_2_binary_clean_v2,train,train/images/nozzle_extrusion_normal_1011.jpg,train/labels/nozzle_extrusion_normal_1011.txt,126889,38,698faa2771fc204e15379413d541a028a23603e875b0372f9ac1193392bbedc5,a48fa3036baf16ec25cd4e93551f2c6e8b34ef4ba7279191a269ef3c6cb13f33,1,1
dataset_2_binary_clean_v2,train,train/images/nozzle_extrusion_normal_1012.jpg,train/labels/nozzle_extrusion_normal_1012.txt,124717,38,17bf69ff18c65d61a46a1b7ca911cd24796aecce270e3a3fdf0f9208fdde1db5,a48fa3036baf16ec25cd4e93551f2c6e8b34ef4ba7279191a269ef3c6cb13f33,1,1
dataset_2_binary_clean_v2,train,train/images/nozzle_extrusion_normal_1013.jpg,train/labels/nozzle_extrusion_normal_1013.txt,130789,38,a6eeed57d22dd57e0dd1d5dc4edb62a665ec2a43e9658d8ce8046f4b4af2419c,a48fa3036baf16ec25cd4e93551f2c6e8b34ef4ba7279191a269ef3c6cb13f33,1,1
dataset_2_binary_clean_v2,train,train/images/nozzle_extrusion_normal_1014.jpg,train/labels/nozzle_extrusion_normal_1014.txt,120341,38,f4b737a0ee382342a6b80bb1afb1fcc41a8ee171e95c5209baeb92610a57e81e,a48fa3036baf16ec25cd4e93551f2c6e8b34ef4ba7279191a269ef3c6cb13f33,1,1
dataset_2_binary_clean_v2,train,train/images/nozzle_extrusion_normal_1019.jpg,train/labels/nozzle_extrusion_normal_1019.txt,130924,38,d45d7c3608a205d3d77d80129e281a3dc5d64a9b38e106deb8661d57e061b1b4,a48fa3036baf16ec25cd4e93551f2c6e8b34ef4ba7279191a269ef3c6cb13f33,1,1
dataset_2_binary_clean_v2,train,train/images/nozzle_extrusion_normal_1020.jpg,train/labels/nozzle_extrusion_normal_1020.txt,156027,38,5a1033d0260132777170b2bb6415219f2b4de83b86020e08d7ce0a8530028c6c,a48fa3036baf16ec25cd4e93551f2c6e8b34ef4ba7279191a269ef3c6cb13f33,1,1
dataset_2_binary_clean_v2,train,train/images/nozzle_extrusion_normal_1021.jpg,train/labels/nozzle_extrusion_normal_1021.txt,131341,38,327a6cd0c229d81e3da5767826b9dbcd86ace526e28618e89eecc29b69588573,a48fa3036baf16ec25cd4e93551f2c6e8b34ef4ba7279191a269ef3c6cb13f33,1,1
dataset_2_binary_clean_v2,train,train/images/nozzle_extrusion_normal_1022.jpg,train/labels/nozzle_extrusion_normal_1022.txt,129160,38,120bd5c0c87ed79a12ec054986d03eb7aaf61c0c99fc9085a2d11c102a477cd6,a48fa3036baf16ec25cd4e93551f2c6e8b34ef4ba7279191a269ef3c6cb13f33,1,1
dataset_2_binary_clean_v2,train,train/images/nozzle_extrusion_normal_1023.jpg,train/labels/nozzle_extrusion_normal_1023.txt,122229,38,93866c433eec07e6d6ba83817c87a915a1a2871bbf633dba032586b7e6cc9aa3,a48fa3036baf16ec25cd4e93551f2c6e8b34ef4ba7279191a269ef3c6cb13f33,1,1
dataset_2_binary_clean_v2,train,train/images/nozzle_extrusion_normal_1024.jpg,train/labels/nozzle_extrusion_normal_1024.txt,121935,38,6575056fa544ad798ef1cba626136de3eb76a57ae6baaf972ee934e7535e5e8f,a48fa3036baf16ec25cd4e93551f2c6e8b34ef4ba7279191a269ef3c6cb13f33,1,1
dataset_2_binary_clean_v2,train,train/images/nozzle_extrusion_normal_1025.jpg,train/labels/nozzle_extrusion_normal_1025.txt,128986,38,9112e8487160329d2d79955dbbcbedb7d8735f7c84e24ee51e3633940d85a882,a48fa3036baf16ec25cd4e93551f2c6e8b34ef4ba7279191a269ef3c6cb13f33,1,1
dataset_2_binary_clean_v2,train,train/images/nozzle_extrusion_normal_1026.jpg,train/labels/nozzle_extrusion_normal_1026.txt,94732,38,b88022c92f652ac33f64bbcc0f5fa93a37e7b82216f561745e40d9adedb066cd,a48fa3036baf16ec25cd4e93551f2c6e8b34ef4ba7279191a269ef3c6cb13f33,1,1
dataset_2_binary_clean_v2,train,train/images/nozzle_extrusion_normal_1027.jpg,train/labels/nozzle_extrusion_normal_1027.txt,115213,38,579f52436ca1ec0a95adc59c11efa6ba335149e26e40cbb78de0bc13a47127b3,a48fa3036baf16ec25cd4e93551f2c6e8b34ef4ba7279191a269ef3c6cb13f33,1,1
dataset_2_binary_clean_v2,train,train/images/nozzle_extrusion_normal_1028.jpg,train/labels/nozzle_extrusion_normal_1028.txt,128089,38,2ffd9f80811d2dd3a21c214bdcdb48fbb3ebbd47c35110e4c9b9d07215f70157,a48fa3036baf16ec25cd4e93551f2c6e8b34ef4ba7279191a269ef3c6cb13f33,1,1
dataset_2_binary_clean_v2,train,train/images/nozzle_extrusion_normal_1030.jpg,train/labels/nozzle_extrusion_normal_1030.txt,145738,38,c2f4d3b1e323f0793a9e361c4136ed3befe3ef5e81970818edd96619aec1cde7,a48fa3036baf16ec25cd4e93551f2c6e8b34ef4ba7279191a269ef3c6cb13f33,1,1
dataset_2_binary_clean_v2,train,train/images/nozzle_extrusion_normal_1031.jpg,train/labels/nozzle_extrusion_normal_1031.txt,127206,38,d35d687c9f52e3cf7c3cc61398a71e97becaa15856ce80424421b83e81d5cb10,a48fa3036baf16ec25cd4e93551f2c6e8b34ef4ba7279191a269ef3c6cb13f33,1,1
dataset_2_binary_clean_v2,train,train/images/nozzle_extrusion_normal_1032.jpg,train/labels/nozzle_extrusion_normal_1032.txt,128107,38,02035338674cb82f178442cfd6402a376ceb3f0c6df9dcd4e386de491f72387f,a48fa3036baf16ec25cd4e93551f2c6e8b34ef4ba7279191a269ef3c6cb13f33,1,1
dataset_2_binary_clean_v2,train,train/images/nozzle_extrusion_normal_1033.jpg,train/labels/nozzle_extrusion_normal_1033.txt,120507,38,9f83285a7e00fddfa0d059d1d692797bf32c464314d3385162f70afdd27fa26e,a48fa3036baf16ec25cd4e93551f2c6e8b34ef4ba7279191a269ef3c6cb13f33,1,1
dataset_2_binary_clean_v2,train,train/images/nozzle_extrusion_normal_1036.jpg,train/labels/nozzle_extrusion_normal_1036.txt,90722,38,0d5b5e9527cc0c94987a0a1551c20cb31a955f93b7583a8b0926b3d065541f54,a48fa3036baf16ec25cd4e93551f2c6e8b34ef4ba7279191a269ef3c6cb13f33,1,1
dataset_2_binary_clean_v2,train,train/images/nozzle_extrusion_normal_1037.jpg,train/labels/nozzle_extrusion_normal_1037.txt,112684,38,88a17d160e3fc3c56648dc9a6a8d416fce0eb285195832b7b58dee911232ed15,a48fa3036baf16ec25cd4e93551f2c6e8b34ef4ba7279191a269ef3c6cb13f33,1,1
dataset_2_binary_clean_v2,train,train/images/nozzle_extrusion_normal_1038.jpg,train/labels/nozzle_extrusion_normal_1038.txt,126449,38,2d1f6d77c28755740b98ccf3b2e6c19641fabae42b902591f3b371f40904ff53,a48fa3036baf16ec25cd4e93551f2c6e8b34ef4ba7279191a269ef3c6cb13f33,1,1
dataset_2_binary_clean_v2,train,train/images/nozzle_extrusion_normal_1039.jpg,train/labels/nozzle_extrusion_normal_1039.txt,150985,38,4708b7abb4d2ebf64549dcd2cef15d4355b71fac3d245716eb091a0ea578458d,a48fa3036baf16ec25cd4e93551f2c6e8b34ef4ba7279191a269ef3c6cb13f33,1,1
dataset_2_binary_clean_v2,train,train/images/nozzle_extrusion_normal_1040.jpg,train/labels/nozzle_extrusion_normal_1040.txt,135001,38,82213988a39fb5e690f09a3cd4d6870dfa5a5c0b19ddc4e2877954d865a3469e,a48fa3036baf16ec25cd4e93551f2c6e8b34ef4ba7279191a269ef3c6cb13f33,1,1
dataset_2_binary_clean_v2,train,train/images/nozzle_extrusion_normal_1041.jpg,train/labels/nozzle_extrusion_normal_1041.txt,131657,38,3d68b1cf7e74e149ebfc73e15c77c037f7a0548a28f69f9f59396ef8c5f3716e,a48fa3036baf16ec25cd4e93551f2c6e8b34ef4ba7279191a269ef3c6cb13f33,1,1
dataset_2_binary_clean_v2,train,train/images/nozzle_extrusion_normal_1042.jpg,train/labels/nozzle_extrusion_normal_1042.txt,125074,38,cc9b71de49ddfafbaf84941663431d6285c3efad53cb1015790cce2f844ec61b,a48fa3036baf16ec25cd4e93551f2c6e8b34ef4ba7279191a269ef3c6cb13f33,1,1
dataset_2_binary_clean_v2,train,train/images/nozzle_extrusion_normal_1044.jpg,train/labels/nozzle_extrusion_normal_1044.txt,125478,38,1355bf42a767a94f03eb7622016a51c092c68a665f9c2c4a30e0c39f674004e8,a48fa3036baf16ec25cd4e93551f2c6e8b34ef4ba7279191a269ef3c6cb13f33,1,1
dataset_2_binary_clean_v2,train,train/images/nozzle_extrusion_normal_1046.jpg,train/labels/nozzle_extrusion_normal_1046.txt,116867,38,0e5ba35303d88b50ce9b517a213f3da8e91bb9553b459e13c2a6fe31d399091a,a48fa3036baf16ec25cd4e93551f2c6e8b34ef4ba7279191a269ef3c6cb13f33,1,1
dataset_2_binary_clean_v2,train,train/images/nozzle_extrusion_normal_1047.jpg,train/labels/nozzle_extrusion_normal_1047.txt,122308,38,22d928f3eac3fa1fac94b0d234b41b73548fb1ff9b1090a0e963466286bd646e,a48fa3036baf16ec25cd4e93551f2c6e8b34ef4ba7279191a269ef3c6cb13f33,1,1
dataset_2_binary_clean_v2,train,train/images/nozzle_extrusion_normal_1048.jpg,train/labels/nozzle_extrusion_normal_1048.txt,133116,38,3f5d0bbb993adecfdedc511d7813c6b05c8df54935f26c91101ec98215854d46,a48fa3036baf16ec25cd4e93551f2c6e8b34ef4ba7279191a269ef3c6cb13f33,1,1
dataset_2_binary_clean_v2,train,train/images/nozzle_extrusion_normal_1049.jpg,train/labels/nozzle_extrusion_normal_1049.txt,137214,38,c8894530be4fc9e78b5d9da6e032276bdd5615ddd479521b608aa09ce2944df6,a48fa3036baf16ec25cd4e93551f2c6e8b34ef4ba7279191a269ef3c6cb13f33,1,1
dataset_2_binary_clean_v2,train,train/images/nozzle_extrusion_normal_1050.jpg,train/labels/nozzle_extrusion_normal_1050.txt,142800,38,9044266632fbbab9e4a9f6bcfd8f7f67ca633ae765f8009f565e73325c2b47b3,a48fa3036baf16ec25cd4e93551f2c6e8b34ef4ba7279191a269ef3c6cb13f33,1,1
dataset_2_binary_clean_v2,train,train/images/nozzle_extrusion_normal_1051.jpg,train/labels/nozzle_extrusion_normal_1051.txt,156965,38,76947e9b2c42b8877eec31722c55487a4df1905aa377819dd65dd6ae32dc28fd,a48fa3036baf16ec25cd4e93551f2c6e8b34ef4ba7279191a269ef3c6cb13f33,1,1
dataset_2_binary_clean_v2,train,train/images/nozzle_extrusion_normal_1053.jpg,train/labels/nozzle_extrusion_normal_1053.txt,132168,38,15afc98c5b6eaf10c0e9b8902d3f7583ec72875aea2d84ef1897eb64e7e65b37,a48fa3036baf16ec25cd4e93551f2c6e8b34ef4ba7279191a269ef3c6cb13f33,1,1
dataset_2_binary_clean_v2,train,train/images/nozzle_extrusion_normal_1054.jpg,train/labels/nozzle_extrusion_normal_1054.txt,128093,38,7ecce021256e6e905756e59817499c92f9f4827a973ae26ef48699b90e2df85e,a48fa3036baf16ec25cd4e93551f2c6e8b34ef4ba7279191a269ef3c6cb13f33,1,1
dataset_2_binary_clean_v2,train,train/images/nozzle_extrusion_normal_1055.jpg,train/labels/nozzle_extrusion_normal_1055.txt,127599,38,44613d90b90aa3e5b610a3dbf808ecc43d747c3b9ed9b6d6a08bdaa9ab05d7f6,a48fa3036baf16ec25cd4e93551f2c6e8b34ef4ba7279191a269ef3c6cb13f33,1,1
dataset_2_binary_clean_v2,train,train/images/nozzle_extrusion_normal_1056.jpg,train/labels/nozzle_extrusion_normal_1056.txt,116043,38,61a96644beed2f28b2e3c30b44280dec7e71b25b35f7bc0fd5b8abec73219215,a48fa3036baf16ec25cd4e93551f2c6e8b34ef4ba7279191a269ef3c6cb13f33,1,1
dataset_2_binary_clean_v2,train,train/images/nozzle_extrusion_normal_1057.jpg,train/labels/nozzle_extrusion_normal_1057.txt,115277,38,f8245dcf66f19160dd0c900a8317db770c51ee13b9c6d4107eeb033a8f481c40,a48fa3036baf16ec25cd4e93551f2c6e8b34ef4ba7279191a269ef3c6cb13f33,1,1
dataset_2_binary_clean_v2,train,train/images/nozzle_extrusion_normal_1060.jpg,train/labels/nozzle_extrusion_normal_1060.txt,123477,38,f106c12eb3dc8f13e75a397b0cb0a866ca886823c0e80f2a226353a59f43f46a,a48fa3036baf16ec25cd4e93551f2c6e8b34ef4ba7279191a269ef3c6cb13f33,1,1
dataset_2_binary_clean_v2,train,train/images/nozzle_extrusion_normal_1062.jpg,train/labels/nozzle_extrusion_normal_1062.txt,142357,38,b00c21a6cf393248b181110812be5bafbb14454a182c84652b670526576c7143,a48fa3036baf16ec25cd4e93551f2c6e8b34ef4ba7279191a269ef3c6cb13f33,1,1
dataset_2_binary_clean_v2,train,train/images/nozzle_extrusion_normal_1063.jpg,train/labels/nozzle_extrusion_normal_1063.txt,133137,38,754429f1481de5b4fe98cf8d05415d71151ce457ef0c67e440733c88fb9a29f9,a48fa3036baf16ec25cd4e93551f2c6e8b34ef4ba7279191a269ef3c6cb13f33,1,1
dataset_2_binary_clean_v2,train,train/images/nozzle_extrusion_normal_1065.jpg,train/labels/nozzle_extrusion_normal_1065.txt,123382,38,f727f9ce63c8448ab471e6c40900863c48a4b3114874bd9274a6b35eb2efa558,a48fa3036baf16ec25cd4e93551f2c6e8b34ef4ba7279191a269ef3c6cb13f33,1,1
dataset_2_binary_clean_v2,train,train/images/nozzle_extrusion_normal_1066.jpg,train/labels/nozzle_extrusion_normal_1066.txt,125652,38,3fd1e1a180a1668285621134c0fb3d6eb7b1c90be2e271ce5938d321755b1c06,a48fa3036baf16ec25cd4e93551f2c6e8b34ef4ba7279191a269ef3c6cb13f33,1,1
dataset_2_binary_clean_v2,train,train/images/nozzle_extrusion_normal_1067.jpg,train/labels/nozzle_extrusion_normal_1067.txt,91952,38,fdfab4e870d585f274ba1bda19e6b7396f05b48cdfe9356f23cf40887e1dc26e,a48fa3036baf16ec25cd4e93551f2c6e8b34ef4ba7279191a269ef3c6cb13f33,1,1
dataset_2_binary_clean_v2,train,train/images/nozzle_extrusion_normal_1068.jpg,train/labels/nozzle_extrusion_normal_1068.txt,112499,38,f3e31d06461b00363fe47c57d52011bfb1aaf79c2dd818bb253a21a9e7f6b9e1,a48fa3036baf16ec25cd4e93551f2c6e8b34ef4ba7279191a269ef3c6cb13f33,1,1
dataset_2_binary_clean_v2,train,train/images/nozzle_extrusion_normal_1069.jpg,train/labels/nozzle_extrusion_normal_1069.txt,126381,38,78d032b270f010b405a4b53a2b5c512efdae0cd4255320ac62f1887eee57e3db,a48fa3036baf16ec25cd4e93551f2c6e8b34ef4ba7279191a269ef3c6cb13f33,1,1
dataset_2_binary_clean_v2,train,train/images/nozzle_extrusion_normal_1070.jpg,train/labels/nozzle_extrusion_normal_1070.txt,132421,38,6dd58e542c7965d216477f04d720934b752a7b04ab06fd25def5ba3d1c884d3a,a48fa3036baf16ec25cd4e93551f2c6e8b34ef4ba7279191a269ef3c6cb13f33,1,1
dataset_2_binary_clean_v2,train,train/images/nozzle_extrusion_normal_1071.jpg,train/labels/nozzle_extrusion_normal_1071.txt,132991,38,00492f544bf469f380da8bea17b4d933da555d61e46dc4912d83accaf010da75,a48fa3036baf16ec25cd4e93551f2c6e8b34ef4ba7279191a269ef3c6cb13f33,1,1
dataset_2_binary_clean_v2,train,train/images/nozzle_extrusion_normal_1072.jpg,train/labels/nozzle_extrusion_normal_1072.txt,139290,38,34bc3f0574f423d2bc9d20889075b28e5156a9ac2ac24d6650d3ec0be72629c8,a48fa3036baf16ec25cd4e93551f2c6e8b34ef4ba7279191a269ef3c6cb13f33,1,1
dataset_2_binary_clean_v2,train,train/images/nozzle_extrusion_normal_1073.jpg,train/labels/nozzle_extrusion_normal_1073.txt,154195,38,151629904cec2c7a2791a380901f6c14dd9a314396ebe561329d754d52a3d69c,a48fa3036baf16ec25cd4e93551f2c6e8b34ef4ba7279191a269ef3c6cb13f33,1,1
dataset_2_binary_clean_v2,train,train/images/nozzle_extrusion_normal_1074.jpg,train/labels/nozzle_extrusion_normal_1074.txt,136745,38,0c814bb0f34746f01b80a813bd5b0da2c86f63a496d4e7d432fd950e6dd054a8,a48fa3036baf16ec25cd4e93551f2c6e8b34ef4ba7279191a269ef3c6cb13f33,1,1
dataset_2_binary_clean_v2,train,train/images/nozzle_extrusion_normal_1075.jpg,train/labels/nozzle_extrusion_normal_1075.txt,130293,38,4304d6a59b90627f15155990cc309e7afe51bbf16888f508a79b8834622af9b2,a48fa3036baf16ec25cd4e93551f2c6e8b34ef4ba7279191a269ef3c6cb13f33,1,1
dataset_2_binary_clean_v2,train,train/images/nozzle_extrusion_normal_1076.jpg,train/labels/nozzle_extrusion_normal_1076.txt,129421,38,1d769a0560a18af8b852d426ba17bf37b052fe43b7bce33ab3294798e70fd018,a48fa3036baf16ec25cd4e93551f2c6e8b34ef4ba7279191a269ef3c6cb13f33,1,1
dataset_2_binary_clean_v2,train,train/images/nozzle_extrusion_normal_1077.jpg,train/labels/nozzle_extrusion_normal_1077.txt,119806,38,585c7bf6fe523f7a5d94cb63fc9af60277555d80c589545a75b6f4e20f8eb315,a48fa3036baf16ec25cd4e93551f2c6e8b34ef4ba7279191a269ef3c6cb13f33,1,1
dataset_2_binary_clean_v2,train,train/images/nozzle_extrusion_normal_1078.jpg,train/labels/nozzle_extrusion_normal_1078.txt,117455,38,ee400c17b7ce584d3dec56c9642baeea97dff54f77017ffd6b5cfc127ee25dd1,a48fa3036baf16ec25cd4e93551f2c6e8b34ef4ba7279191a269ef3c6cb13f33,1,1
dataset_2_binary_clean_v2,train,train/images/nozzle_extrusion_normal_1079.jpg,train/labels/nozzle_extrusion_normal_1079.txt,87429,38,4191831c7218fed411379532fd60284650b935cda50c06c334af7fda473d7155,a48fa3036baf16ec25cd4e93551f2c6e8b34ef4ba7279191a269ef3c6cb13f33,1,1
dataset_2_binary_clean_v2,train,train/images/nozzle_extrusion_normal_1081.jpg,train/labels/nozzle_extrusion_normal_1081.txt,121685,38,58ded7a0165c82b1a06a7adf5078eeefa7b808c6588d1f16574ac91ade856775,a48fa3036baf16ec25cd4e93551f2c6e8b34ef4ba7279191a269ef3c6cb13f33,1,1
dataset_2_binary_clean_v2,train,train/images/nozzle_extrusion_normal_1082.jpg,train/labels/nozzle_extrusion_normal_1082.txt,128723,38,5fb3d27bb8d30923d3bd95b49c08ec3e84f4822da1f9c6a5c757f5b1dc506f99,a48fa3036baf16ec25cd4e93551f2c6e8b34ef4ba7279191a269ef3c6cb13f33,1,1
dataset_2_binary_clean_v2,train,train/images/nozzle_extrusion_normal_1083.jpg,train/labels/nozzle_extrusion_normal_1083.txt,137607,38,25dd5151a248ed390cde581aad360c9407ac3b47ddd4a575cd96a71ac862b8aa,a48fa3036baf16ec25cd4e93551f2c6e8b34ef4ba7279191a269ef3c6cb13f33,1,1
dataset_2_binary_clean_v2,train,train/images/nozzle_extrusion_normal_1086.jpg,train/labels/nozzle_extrusion_normal_1086.txt,125058,38,d571ab984d3a5bc0c93f7e66d00fbfd71cea1ce07d0a267b505f10a230a7d7c7,a48fa3036baf16ec25cd4e93551f2c6e8b34ef4ba7279191a269ef3c6cb13f33,1,1
dataset_2_binary_clean_v2,train,train/images/nozzle_extrusion_normal_1087.jpg,train/labels/nozzle_extrusion_normal_1087.txt,126344,38,326d48976da3bc310a38b1d62c01da12135501b472c61bfda711505f8aa97c3f,a48fa3036baf16ec25cd4e93551f2c6e8b34ef4ba7279191a269ef3c6cb13f33,1,1
dataset_2_binary_clean_v2,train,train/images/nozzle_extrusion_normal_1088.jpg,train/labels/nozzle_extrusion_normal_1088.txt,87852,38,b6517b6de02497e7a20537927ebcbce87c1ed25ac748ee9b64f36d2b6df7d132,a48fa3036baf16ec25cd4e93551f2c6e8b34ef4ba7279191a269ef3c6cb13f33,1,1
dataset_2_binary_clean_v2,train,train/images/nozzle_extrusion_normal_1090.jpg,train/labels/nozzle_extrusion_normal_1090.txt,124629,38,d4d8f524ef67faed3778a7118f8a084d2d052aae38203addac0d893b22855c05,a48fa3036baf16ec25cd4e93551f2c6e8b34ef4ba7279191a269ef3c6cb13f33,1,1
dataset_2_binary_clean_v2,train,train/images/nozzle_extrusion_normal_1091.jpg,train/labels/nozzle_extrusion_normal_1091.txt,125853,38,b8c0d0cd9dd3bf95b5c5106cd5cfe3b0171bd1cf74a03da9fe5628efdaa4b147,a48fa3036baf16ec25cd4e93551f2c6e8b34ef4ba7279191a269ef3c6cb13f33,1,1
dataset_2_binary_clean_v2,train,train/images/nozzle_extrusion_normal_1092.jpg,train/labels/nozzle_extrusion_normal_1092.txt,127101,38,49755f334f0b7eb9ef73dd7b6b674f97bdb3ef82cef5bc1bed6951545f573a0a,a48fa3036baf16ec25cd4e93551f2c6e8b34ef4ba7279191a269ef3c6cb13f33,1,1
dataset_2_binary_clean_v2,train,train/images/nozzle_extrusion_normal_1094.jpg,train/labels/nozzle_extrusion_normal_1094.txt,140755,38,c507fd9558f084adadce31060f8f8737b0974999eaa89d3451eec9e7e1250093,a48fa3036baf16ec25cd4e93551f2c6e8b34ef4ba7279191a269ef3c6cb13f33,1,1
dataset_2_binary_clean_v2,train,train/images/nozzle_extrusion_normal_1095.jpg,train/labels/nozzle_extrusion_normal_1095.txt,148793,38,9afd37924fd57ce4dad6267819a8b0bd7c1fc2f3901686fd84acbc46d48543fb,a48fa3036baf16ec25cd4e93551f2c6e8b34ef4ba7279191a269ef3c6cb13f33,1,1
dataset_2_binary_clean_v2,train,train/images/nozzle_extrusion_normal_1096.jpg,train/labels/nozzle_extrusion_normal_1096.txt,128488,38,94d30ebad5eb3373719f942f62f7b75dc96f2f4f671a02f18a656eba1bd539f9,a48fa3036baf16ec25cd4e93551f2c6e8b34ef4ba7279191a269ef3c6cb13f33,1,1
dataset_2_binary_clean_v2,train,train/images/nozzle_extrusion_normal_1097.jpg,train/labels/nozzle_extrusion_normal_1097.txt,125800,38,b86605543d43c1d3e8650b2c4b8de900daa4d0637fd4e449e2fad8f59f8ab2d0,a48fa3036baf16ec25cd4e93551f2c6e8b34ef4ba7279191a269ef3c6cb13f33,1,1
dataset_2_binary_clean_v2,train,train/images/nozzle_extrusion_normal_1098.jpg,train/labels/nozzle_extrusion_normal_1098.txt,125735,38,9cc4971bb87ae25b11bed4aa6ab74926785e7e9ae8f1ba0ed63550c3b6823189,a48fa3036baf16ec25cd4e93551f2c6e8b34ef4ba7279191a269ef3c6cb13f33,1,1
dataset_2_binary_clean_v2,train,train/images/nozzle_extrusion_normal_1099.jpg,train/labels/nozzle_extrusion_normal_1099.txt,126600,38,53b0f96f80a7a3242d2d820d591f1567786e8dea89b3963be7f24d54c806963d,a48fa3036baf16ec25cd4e93551f2c6e8b34ef4ba7279191a269ef3c6cb13f33,1,1
dataset_2_binary_clean_v2,train,train/images/nozzle_extrusion_normal_1100.jpg,train/labels/nozzle_extrusion_normal_1100.txt,117265,38,f12d8345e397e4a6d33c71447df5d7dbd74396fa6ffcc74ffd18337925049937,a48fa3036baf16ec25cd4e93551f2c6e8b34ef4ba7279191a269ef3c6cb13f33,1,1
dataset_2_binary_clean_v2,train,train/images/nozzle_extrusion_normal_1102.jpg,train/labels/nozzle_extrusion_normal_1102.txt,106794,38,31492ef3b8c09a5438187d0dbdff5b8500e4431c004ef3ff43687d2b4123dd65,a48fa3036baf16ec25cd4e93551f2c6e8b34ef4ba7279191a269ef3c6cb13f33,1,1
dataset_2_binary_clean_v2,train,train/images/nozzle_extrusion_normal_1105.jpg,train/labels/nozzle_extrusion_normal_1105.txt,132587,38,748979e2dda1f37ff2f8eac64663c5b6cfe33834af6f026ee5b6fd024015b1a8,a48fa3036baf16ec25cd4e93551f2c6e8b34ef4ba7279191a269ef3c6cb13f33,1,1
dataset_2_binary_clean_v2,train,train/images/nozzle_extrusion_normal_1106.jpg,train/labels/nozzle_extrusion_normal_1106.txt,151401,38,c08019cdbfda907ee4814c29de5124ec5df03063cabf46d4941713a2d40067ee,a48fa3036baf16ec25cd4e93551f2c6e8b34ef4ba7279191a269ef3c6cb13f33,1,1
dataset_2_binary_clean_v2,train,train/images/nozzle_extrusion_normal_1110.jpg,train/labels/nozzle_extrusion_normal_1110.txt,125156,38,3d19bf90eec845a2d5af7276f1ef85bba61f36e46b5548a2c37d427378424033,a48fa3036baf16ec25cd4e93551f2c6e8b34ef4ba7279191a269ef3c6cb13f33,1,1
dataset_2_binary_clean_v2,train,train/images/nozzle_extrusion_normal_1112.jpg,train/labels/nozzle_extrusion_normal_1112.txt,108838,38,c462df399e8503ef2261f19c0434d80709d2dd8220c3b2e2225f7f31298b1609,a48fa3036baf16ec25cd4e93551f2c6e8b34ef4ba7279191a269ef3c6cb13f33,1,1
dataset_2_binary_clean_v2,train,train/images/nozzle_extrusion_normal_1113.jpg,train/labels/nozzle_extrusion_normal_1113.txt,117470,38,caea65e36abbff31b2ac5d7ed98fe4debb0dc3c6b99189bb1470ddd6729f4316,a48fa3036baf16ec25cd4e93551f2c6e8b34ef4ba7279191a269ef3c6cb13f33,1,1
dataset_2_binary_clean_v2,train,train/images/nozzle_extrusion_normal_1114.jpg,train/labels/nozzle_extrusion_normal_1114.txt,124203,38,4fcbc033fa2d663e058c69dd9386bf07e47edda2294e6256e7d142f2880eb601,a48fa3036baf16ec25cd4e93551f2c6e8b34ef4ba7279191a269ef3c6cb13f33,1,1
dataset_2_binary_clean_v2,train,train/images/nozzle_extrusion_normal_1115.jpg,train/labels/nozzle_extrusion_normal_1115.txt,124705,38,430409df3d5969e0497a7ad123b4bba370701f3cb446befaf093ea2ac74a47b9,a48fa3036baf16ec25cd4e93551f2c6e8b34ef4ba7279191a269ef3c6cb13f33,1,1
dataset_2_binary_clean_v2,train,train/images/nozzle_extrusion_normal_1116.jpg,train/labels/nozzle_extrusion_normal_1116.txt,130588,38,ba6900948e94eb4e7c13a71c9f7bfc74da6e619043368d0a35c02e0bd21477c0,a48fa3036baf16ec25cd4e93551f2c6e8b34ef4ba7279191a269ef3c6cb13f33,1,1
dataset_2_binary_clean_v2,train,train/images/nozzle_extrusion_normal_1117.jpg,train/labels/nozzle_extrusion_normal_1117.txt,134282,38,82026279c962887d235567a398cbc22a04fc0981570ea4cdd113020980ac13e1,a48fa3036baf16ec25cd4e93551f2c6e8b34ef4ba7279191a269ef3c6cb13f33,1,1
dataset_2_binary_clean_v2,train,train/images/nozzle_extrusion_normal_1118.jpg,train/labels/nozzle_extrusion_normal_1118.txt,144805,38,621fbeb04ec5d137b082e45e58062fa69a1b4ddbf7850a107d3446dcb4e37751,a48fa3036baf16ec25cd4e93551f2c6e8b34ef4ba7279191a269ef3c6cb13f33,1,1
dataset_2_binary_clean_v2,train,train/images/nozzle_extrusion_normal_1119.jpg,train/labels/nozzle_extrusion_normal_1119.txt,147979,38,969b8d0f9b8502b38469201c9ecff35bd343bc05ed5acd96f22cbf30d2793e89,a48fa3036baf16ec25cd4e93551f2c6e8b34ef4ba7279191a269ef3c6cb13f33,1,1
dataset_2_binary_clean_v2,train,train/images/nozzle_extrusion_normal_1121.jpg,train/labels/nozzle_extrusion_normal_1121.txt,128431,38,1f7fcdbefa2772ef2a9604011c6b601add806d6f642f996df22831fe983fc222,a48fa3036baf16ec25cd4e93551f2c6e8b34ef4ba7279191a269ef3c6cb13f33,1,1
dataset_2_binary_clean_v2,train,train/images/nozzle_extrusion_normal_1122.jpg,train/labels/nozzle_extrusion_normal_1122.txt,126234,38,9fd9ee6b28d2162ca99c3c1f1a4e9671734ac1f73dffb9532f36f8cecaaf0968,a48fa3036baf16ec25cd4e93551f2c6e8b34ef4ba7279191a269ef3c6cb13f33,1,1
dataset_2_binary_clean_v2,train,train/images/nozzle_extrusion_normal_1123.jpg,train/labels/nozzle_extrusion_normal_1123.txt,124428,38,513e7e8f61c3628abe7f8db2a737ad5d57fff38df2cca0be76f115c50947e835,a48fa3036baf16ec25cd4e93551f2c6e8b34ef4ba7279191a269ef3c6cb13f33,1,1
dataset_2_binary_clean_v2,train,train/images/nozzle_extrusion_normal_1124.jpg,train/labels/nozzle_extrusion_normal_1124.txt,118055,38,961f85b4742f22a58ccf17bb671c8e9e38747403ae05ee9de9230c4f651e9c60,a48fa3036baf16ec25cd4e93551f2c6e8b34ef4ba7279191a269ef3c6cb13f33,1,1
dataset_2_binary_clean_v2,train,train/images/nozzle_extrusion_normal_1125.jpg,train/labels/nozzle_extrusion_normal_1125.txt,90086,38,ec9e90222500eb1c0301077b4f13296d60bb7030d057f7aff19a31e508663d5a,a48fa3036baf16ec25cd4e93551f2c6e8b34ef4ba7279191a269ef3c6cb13f33,1,1
dataset_2_binary_clean_v2,train,train/images/nozzle_extrusion_normal_1126.jpg,train/labels/nozzle_extrusion_normal_1126.txt,100152,38,719a519e046777ef664d70f76e1be6bb37df0346c74e7f3cc710fb566efc32c1,a48fa3036baf16ec25cd4e93551f2c6e8b34ef4ba7279191a269ef3c6cb13f33,1,1
dataset_2_binary_clean_v2,train,train/images/nozzle_extrusion_normal_1127.jpg,train/labels/nozzle_extrusion_normal_1127.txt,114222,38,ae22815d88897b2ea58e6768011e77ca97e56a101670cdfd2a684506925f8d1e,a48fa3036baf16ec25cd4e93551f2c6e8b34ef4ba7279191a269ef3c6cb13f33,1,1
dataset_2_binary_clean_v2,train,train/images/nozzle_extrusion_normal_1129.jpg,train/labels/nozzle_extrusion_normal_1129.txt,131188,38,f14ff5c4b19ee8a44589cb41f7c774120cba7529f1ad39a93b717646d467087b,a48fa3036baf16ec25cd4e93551f2c6e8b34ef4ba7279191a269ef3c6cb13f33,1,1
dataset_2_binary_clean_v2,train,train/images/nozzle_extrusion_normal_1130.jpg,train/labels/nozzle_extrusion_normal_1130.txt,153401,38,719a40ea0bb0a1efceb12d10fc9015ca0e0368546f6d2740ad615c64d3fc98ea,a48fa3036baf16ec25cd4e93551f2c6e8b34ef4ba7279191a269ef3c6cb13f33,1,1
dataset_2_binary_clean_v2,train,train/images/nozzle_extrusion_normal_1131.jpg,train/labels/nozzle_extrusion_normal_1131.txt,141143,38,7f9c457d7992a305725d45b6826cdf26b5ac19d107bdc0cc9cfd9b03a78c8a72,a48fa3036baf16ec25cd4e93551f2c6e8b34ef4ba7279191a269ef3c6cb13f33,1,1
dataset_2_binary_clean_v2,train,train/images/nozzle_extrusion_normal_1132.jpg,train/labels/nozzle_extrusion_normal_1132.txt,132254,38,6811891e0a410ec0851499da5c3cf7feba566e71fda81d84bdd22c4d219857bb,a48fa3036baf16ec25cd4e93551f2c6e8b34ef4ba7279191a269ef3c6cb13f33,1,1
dataset_2_binary_clean_v2,train,train/images/nozzle_extrusion_normal_1133.jpg,train/labels/nozzle_extrusion_normal_1133.txt,126633,38,dade6c89115e38c39ea97883480126a78c482c5d91b4452d671c04f287ccf6e8,a48fa3036baf16ec25cd4e93551f2c6e8b34ef4ba7279191a269ef3c6cb13f33,1,1
dataset_2_binary_clean_v2,train,train/images/nozzle_extrusion_normal_1135.jpg,train/labels/nozzle_extrusion_normal_1135.txt,108930,38,8f7da9615b3ae5f05b9ea9699b56576d5b7791c61066760cadab4b1fccd29696,a48fa3036baf16ec25cd4e93551f2c6e8b34ef4ba7279191a269ef3c6cb13f33,1,1
dataset_2_binary_clean_v2,train,train/images/nozzle_extrusion_normal_1137.jpg,train/labels/nozzle_extrusion_normal_1137.txt,126647,38,e8f3a3320e955a18c554bbaa79c73ec3b74be9369fd1e154805aae77b14b130e,a48fa3036baf16ec25cd4e93551f2c6e8b34ef4ba7279191a269ef3c6cb13f33,1,1
dataset_2_binary_clean_v2,train,train/images/nozzle_extrusion_normal_1138.jpg,train/labels/nozzle_extrusion_normal_1138.txt,125364,38,eab486ea4d6ec9e37c82186aac1abd6338b446fd0c4c5eeae312eb5c8348644b,a48fa3036baf16ec25cd4e93551f2c6e8b34ef4ba7279191a269ef3c6cb13f33,1,1
dataset_2_binary_clean_v2,train,train/images/nozzle_extrusion_normal_1139.jpg,train/labels/nozzle_extrusion_normal_1139.txt,128783,38,362ff96abe8b97f71b9ad4e26d2c879023a5563598c9156cdcc0d80a1e162877,a48fa3036baf16ec25cd4e93551f2c6e8b34ef4ba7279191a269ef3c6cb13f33,1,1
dataset_2_binary_clean_v2,train,train/images/nozzle_extrusion_normal_1140.jpg,train/labels/nozzle_extrusion_normal_1140.txt,132597,38,c48c4dc65478172b127b9211c05cb911a08d1d444a0e26091f81a4a8da93dae4,a48fa3036baf16ec25cd4e93551f2c6e8b34ef4ba7279191a269ef3c6cb13f33,1,1
dataset_2_binary_clean_v2,train,train/images/nozzle_extrusion_normal_1141.jpg,train/labels/nozzle_extrusion_normal_1141.txt,143137,38,8eefcacfd613264ebe4bce6fc5f528d07aae7de83521bc3837c8982cbd344914,a48fa3036baf16ec25cd4e93551f2c6e8b34ef4ba7279191a269ef3c6cb13f33,1,1
dataset_2_binary_clean_v2,train,train/images/nozzle_extrusion_normal_1142.jpg,train/labels/nozzle_extrusion_normal_1142.txt,122126,38,09405c78b304851f28871076999832d5137d9a3c02462430109d52ba477ea798,a48fa3036baf16ec25cd4e93551f2c6e8b34ef4ba7279191a269ef3c6cb13f33,1,1
dataset_2_binary_clean_v2,train,train/images/nozzle_extrusion_normal_1143.jpg,train/labels/nozzle_extrusion_normal_1143.txt,141093,38,40798999cb7d52416bff90ba34a783d7ed03e5724855212ba355e1886fadb584,a48fa3036baf16ec25cd4e93551f2c6e8b34ef4ba7279191a269ef3c6cb13f33,1,1
dataset_2_binary_clean_v2,train,train/images/nozzle_extrusion_normal_1144.jpg,train/labels/nozzle_extrusion_normal_1144.txt,134748,38,b9caa4447a366e0166cc0429dc2e408d6bb3785a6a51084cf288cd5838bebb1a,a48fa3036baf16ec25cd4e93551f2c6e8b34ef4ba7279191a269ef3c6cb13f33,1,1
dataset_2_binary_clean_v2,train,train/images/nozzle_extrusion_normal_1146.jpg,train/labels/nozzle_extrusion_normal_1146.txt,126839,38,c1e0ceeb2ff59f7969ce097404151d311424800d3503a191ca519af7fa208275,a48fa3036baf16ec25cd4e93551f2c6e8b34ef4ba7279191a269ef3c6cb13f33,1,1
dataset_2_binary_clean_v2,train,train/images/nozzle_extrusion_normal_1147.jpg,train/labels/nozzle_extrusion_normal_1147.txt,125766,38,199de47277234288418b0307ad2b4d9960e5f33b3b6f78e3f9fcc2405fdd9f43,a48fa3036baf16ec25cd4e93551f2c6e8b34ef4ba7279191a269ef3c6cb13f33,1,1
dataset_2_binary_clean_v2,train,train/images/nozzle_extrusion_normal_1148.jpg,train/labels/nozzle_extrusion_normal_1148.txt,120732,38,337c9e99fb1da3536a794f7446559a8fe4d7f70a9a8b4fc27453a7027963ae43,a48fa3036baf16ec25cd4e93551f2c6e8b34ef4ba7279191a269ef3c6cb13f33,1,1
dataset_2_binary_clean_v2,train,train/images/nozzle_extrusion_normal_1149.jpg,train/labels/nozzle_extrusion_normal_1149.txt,90402,38,5482f46fb63df957f5bb612c3698233f18aa82ea0caae078e58d5fa8b3b82005,a48fa3036baf16ec25cd4e93551f2c6e8b34ef4ba7279191a269ef3c6cb13f33,1,1
dataset_2_binary_clean_v2,train,train/images/nozzle_extrusion_normal_1150.jpg,train/labels/nozzle_extrusion_normal_1150.txt,101046,38,39aaf02331d568f7f2e024934845494dbb864169817f6daacb27519af8bcfe36,a48fa3036baf16ec25cd4e93551f2c6e8b34ef4ba7279191a269ef3c6cb13f33,1,1
dataset_2_binary_clean_v2,train,train/images/nozzle_extrusion_normal_1153.jpg,train/labels/nozzle_extrusion_normal_1153.txt,129690,38,bdac413b6cb762834bda5fea887d1d4661cba22e2f52a5cea607950d831d502b,a48fa3036baf16ec25cd4e93551f2c6e8b34ef4ba7279191a269ef3c6cb13f33,1,1
dataset_2_binary_clean_v2,train,train/images/nozzle_extrusion_normal_1154.jpg,train/labels/nozzle_extrusion_normal_1154.txt,140211,38,b734df49037e607caa62df1de978d6bbdf47d0f1d7d354e2b4d223045dbaca0a,a48fa3036baf16ec25cd4e93551f2c6e8b34ef4ba7279191a269ef3c6cb13f33,1,1
dataset_2_binary_clean_v2,train,train/images/nozzle_extrusion_normal_1155.jpg,train/labels/nozzle_extrusion_normal_1155.txt,154677,38,a64b335913f9e82a52cfe543cc05c21036ce127d338402623528554a66eb2d4a,a48fa3036baf16ec25cd4e93551f2c6e8b34ef4ba7279191a269ef3c6cb13f33,1,1
dataset_2_binary_clean_v2,train,train/images/nozzle_extrusion_normal_1156.jpg,train/labels/nozzle_extrusion_normal_1156.txt,141644,38,2c95cd71737207cde27ee8d0645f75e9169aa7b3cd324bba3f796556bbf969a8,a48fa3036baf16ec25cd4e93551f2c6e8b34ef4ba7279191a269ef3c6cb13f33,1,1
dataset_2_binary_clean_v2,train,train/images/nozzle_extrusion_normal_1157.jpg,train/labels/nozzle_extrusion_normal_1157.txt,136608,38,c38d3f9f95516f73817162eb873b92c74458ed8cba1453015f90eebae56e2976,a48fa3036baf16ec25cd4e93551f2c6e8b34ef4ba7279191a269ef3c6cb13f33,1,1
dataset_2_binary_clean_v2,train,train/images/nozzle_extrusion_normal_1159.jpg,train/labels/nozzle_extrusion_normal_1159.txt,89282,38,a93e90541f2625aac18088f9c6091b33ef93ed28d0d8994e381499c4586c6787,a48fa3036baf16ec25cd4e93551f2c6e8b34ef4ba7279191a269ef3c6cb13f33,1,1
dataset_2_binary_clean_v2,train,train/images/nozzle_extrusion_normal_1161.jpg,train/labels/nozzle_extrusion_normal_1161.txt,111245,38,ce9a7db128fc356a1f8e712c94695ddd96b40ad16d869fb6270d33225d0af941,a48fa3036baf16ec25cd4e93551f2c6e8b34ef4ba7279191a269ef3c6cb13f33,1,1
dataset_2_binary_clean_v2,train,train/images/nozzle_extrusion_normal_1162.jpg,train/labels/nozzle_extrusion_normal_1162.txt,119358,38,e02c58b966a07fa5e2a2910a48729909f56fbcc7491894297fb8cfde5782e1d3,a48fa3036baf16ec25cd4e93551f2c6e8b34ef4ba7279191a269ef3c6cb13f33,1,1
dataset_2_binary_clean_v2,train,train/images/nozzle_extrusion_normal_1163.jpg,train/labels/nozzle_extrusion_normal_1163.txt,126189,38,5c44dbc61e6dcecf7ce6ec05b2da7708d108deb4591ebabbfa9df327a9baea29,a48fa3036baf16ec25cd4e93551f2c6e8b34ef4ba7279191a269ef3c6cb13f33,1,1
dataset_2_binary_clean_v2,train,train/images/nozzle_extrusion_normal_1164.jpg,train/labels/nozzle_extrusion_normal_1164.txt,124239,38,f39d277d4afc9a50f2f46aa48444739784e3f76121f35c9914ae12ba3beb88f6,a48fa3036baf16ec25cd4e93551f2c6e8b34ef4ba7279191a269ef3c6cb13f33,1,1
dataset_2_binary_clean_v2,train,train/images/nozzle_extrusion_normal_1165.jpg,train/labels/nozzle_extrusion_normal_1165.txt,131337,38,b996a51a1012ed12a571443fb18a0062b70e05678df3fd2266b73609b638274f,a48fa3036baf16ec25cd4e93551f2c6e8b34ef4ba7279191a269ef3c6cb13f33,1,1
dataset_2_binary_clean_v2,train,train/images/nozzle_extrusion_normal_1166.jpg,train/labels/nozzle_extrusion_normal_1166.txt,137002,38,aaecbbd3dbc0f4da3c2ce1d72d03309c1d8f1bd6181e4145eb00b47caa00af38,a48fa3036baf16ec25cd4e93551f2c6e8b34ef4ba7279191a269ef3c6cb13f33,1,1
dataset_2_binary_clean_v2,train,train/images/nozzle_extrusion_normal_1167.jpg,train/labels/nozzle_extrusion_normal_1167.txt,138522,38,5d3c3abe73dd94b7e83cdab01e575aeee6b6b7e14d71a2b3068393f58d045a1a,a48fa3036baf16ec25cd4e93551f2c6e8b34ef4ba7279191a269ef3c6cb13f33,1,1
dataset_2_binary_clean_v2,train,train/images/nozzle_extrusion_normal_1168.jpg,train/labels/nozzle_extrusion_normal_1168.txt,119967,38,7e190af61d81aa3d80f3c33d91934b4e9053f90325c3c0273da08d4785d134e1,a48fa3036baf16ec25cd4e93551f2c6e8b34ef4ba7279191a269ef3c6cb13f33,1,1
dataset_2_binary_clean_v2,train,train/images/nozzle_extrusion_normal_1169.jpg,train/labels/nozzle_extrusion_normal_1169.txt,134810,38,d9268863ed1d31bcf71fde70fef4a6b97b8eef412fdd9bef31879c4a77a7f0f6,a48fa3036baf16ec25cd4e93551f2c6e8b34ef4ba7279191a269ef3c6cb13f33,1,1
dataset_2_binary_clean_v2,train,train/images/nozzle_extrusion_normal_1170.jpg,train/labels/nozzle_extrusion_normal_1170.txt,130763,38,c101bbb26059ed54b4900a99387fa6f7ab989c2ae08e896f12cc75e20efcd703,a48fa3036baf16ec25cd4e93551f2c6e8b34ef4ba7279191a269ef3c6cb13f33,1,1
dataset_2_binary_clean_v2,train,train/images/nozzle_extrusion_normal_1171.jpg,train/labels/nozzle_extrusion_normal_1171.txt,130055,38,eec56f17dff58d2f04dac0ccf88e9070ccaf2ad355a3d918098527379de1df9c,a48fa3036baf16ec25cd4e93551f2c6e8b34ef4ba7279191a269ef3c6cb13f33,1,1
dataset_2_binary_clean_v2,train,train/images/nozzle_extrusion_normal_1172.jpg,train/labels/nozzle_extrusion_normal_1172.txt,125946,38,b5092ef2f59f4fadbefaae512138f2070a4961617bdadc2f3af90744dbfeb3da,a48fa3036baf16ec25cd4e93551f2c6e8b34ef4ba7279191a269ef3c6cb13f33,1,1
dataset_2_binary_clean_v2,train,train/images/nozzle_extrusion_normal_1173.jpg,train/labels/nozzle_extrusion_normal_1173.txt,124885,38,c474168cb33b16b94f8405feb65bfbf700b27f89da3c553bbf93d9c35a71b94f,a48fa3036baf16ec25cd4e93551f2c6e8b34ef4ba7279191a269ef3c6cb13f33,1,1
dataset_2_binary_clean_v2,train,train/images/nozzle_extrusion_normal_1174.jpg,train/labels/nozzle_extrusion_normal_1174.txt,122389,38,01ede9d8e1a0b99df0eb0252408498d0e9a389b663db24ce79549447a0c0fa8d,a48fa3036baf16ec25cd4e93551f2c6e8b34ef4ba7279191a269ef3c6cb13f33,1,1
dataset_2_binary_clean_v2,train,train/images/nozzle_extrusion_normal_1175.jpg,train/labels/nozzle_extrusion_normal_1175.txt,90031,38,1175639fe9c09df11ef6da4c7365c195e8f502c178ee24d11fa2735d348c1553,a48fa3036baf16ec25cd4e93551f2c6e8b34ef4ba7279191a269ef3c6cb13f33,1,1
dataset_2_binary_clean_v2,train,train/images/nozzle_extrusion_normal_1176.jpg,train/labels/nozzle_extrusion_normal_1176.txt,96757,38,341130328165fdcc7d78f20536d3ed794049df764013799ad5a5cccd1eaa0657,a48fa3036baf16ec25cd4e93551f2c6e8b34ef4ba7279191a269ef3c6cb13f33,1,1
dataset_2_binary_clean_v2,train,train/images/nozzle_extrusion_normal_1179.jpg,train/labels/nozzle_extrusion_normal_1179.txt,126674,38,9985f4b58de94b2e115a9649b8255d7daf2d6d42cf2b46f517e2a1b1a677b125,a48fa3036baf16ec25cd4e93551f2c6e8b34ef4ba7279191a269ef3c6cb13f33,1,1
dataset_2_binary_clean_v2,train,train/images/nozzle_extrusion_normal_1180.jpg,train/labels/nozzle_extrusion_normal_1180.txt,138704,38,5b07576466a7940034f73d46cfed14d35c9b469bc822359f89ee9423d600a07d,a48fa3036baf16ec25cd4e93551f2c6e8b34ef4ba7279191a269ef3c6cb13f33,1,1
dataset_2_binary_clean_v2,train,train/images/nozzle_extrusion_normal_1181.jpg,train/labels/nozzle_extrusion_normal_1181.txt,153163,38,46838424473913fd369754ff91d9193fe9f0cc145819945704b9c220063df669,a48fa3036baf16ec25cd4e93551f2c6e8b34ef4ba7279191a269ef3c6cb13f33,1,1
dataset_2_binary_clean_v2,train,train/images/nozzle_extrusion_normal_1182.jpg,train/labels/nozzle_extrusion_normal_1182.txt,131950,38,c704de3744efc5ff92b3ad1dc248ca4edf34470ea9148e1a8617fe3f3b06d99f,a48fa3036baf16ec25cd4e93551f2c6e8b34ef4ba7279191a269ef3c6cb13f33,1,1
dataset_2_binary_clean_v2,train,train/images/nozzle_extrusion_normal_1184.jpg,train/labels/nozzle_extrusion_normal_1184.txt,89969,38,9dd980c01ddad63b26c8db24b4136740168c8ec2cdca9d77b673f2873b84e205,a48fa3036baf16ec25cd4e93551f2c6e8b34ef4ba7279191a269ef3c6cb13f33,1,1
dataset_2_binary_clean_v2,train,train/images/nozzle_extrusion_normal_1185.jpg,train/labels/nozzle_extrusion_normal_1185.txt,108518,38,3a71311adbf0f92bf2725d4fb8a58326ba43b2414077a0ae08b1d2fc6dc6f373,a48fa3036baf16ec25cd4e93551f2c6e8b34ef4ba7279191a269ef3c6cb13f33,1,1
dataset_2_binary_clean_v2,train,train/images/nozzle_extrusion_normal_1187.jpg,train/labels/nozzle_extrusion_normal_1187.txt,117348,38,552f6cc54254cbdec0a08bf0619038c049f2f142aeaa71b1612cadc868e02621,a48fa3036baf16ec25cd4e93551f2c6e8b34ef4ba7279191a269ef3c6cb13f33,1,1
dataset_2_binary_clean_v2,train,train/images/nozzle_extrusion_normal_1188.jpg,train/labels/nozzle_extrusion_normal_1188.txt,123703,38,2d31f68d2c0d6f9ba2cd4004c7d895a6404d11c0ae6bd8dab4a2814f1ecbccba,a48fa3036baf16ec25cd4e93551f2c6e8b34ef4ba7279191a269ef3c6cb13f33,1,1
dataset_2_binary_clean_v2,train,train/images/nozzle_extrusion_normal_1189.jpg,train/labels/nozzle_extrusion_normal_1189.txt,130139,38,bdbd0110a6c733003899b3f1d50921f8c2f254246b8cd0d7abe8cbc823c97cd4,a48fa3036baf16ec25cd4e93551f2c6e8b34ef4ba7279191a269ef3c6cb13f33,1,1
dataset_2_binary_clean_v2,train,train/images/nozzle_extrusion_normal_1190.jpg,train/labels/nozzle_extrusion_normal_1190.txt,125195,38,52497192e8b3751ec2a09ac58b7476cc9c6e01c28f8e5ebb534bbd62e92cdcd7,a48fa3036baf16ec25cd4e93551f2c6e8b34ef4ba7279191a269ef3c6cb13f33,1,1
dataset_2_binary_clean_v2,train,train/images/nozzle_extrusion_normal_1191.jpg,train/labels/nozzle_extrusion_normal_1191.txt,130930,38,598971b7872726e08cf87fc2fb6386e2ac0e245301f80fa39619e13c5b755029,a48fa3036baf16ec25cd4e93551f2c6e8b34ef4ba7279191a269ef3c6cb13f33,1,1
dataset_2_binary_clean_v2,train,train/images/nozzle_extrusion_normal_1192.jpg,train/labels/nozzle_extrusion_normal_1192.txt,136084,38,a5d4136c586b7004ce64ec5eeb7490fd008a1840a9d3d474452c51c1d7129108,a48fa3036baf16ec25cd4e93551f2c6e8b34ef4ba7279191a269ef3c6cb13f33,1,1
dataset_2_binary_clean_v2,train,train/images/nozzle_extrusion_normal_1193.jpg,train/labels/nozzle_extrusion_normal_1193.txt,139163,38,8d969a7775e78a351bedc65880c1b6dd78ca31b62dbe678c1f06c21bf3ea6fce,a48fa3036baf16ec25cd4e93551f2c6e8b34ef4ba7279191a269ef3c6cb13f33,1,1
dataset_2_binary_clean_v2,train,train/images/nozzle_extrusion_normal_1194.jpg,train/labels/nozzle_extrusion_normal_1194.txt,117719,38,c2b81db91e5e723b0980ee0f4b435609516f096bbd080140a70eb33eaa49a0d5,a48fa3036baf16ec25cd4e93551f2c6e8b34ef4ba7279191a269ef3c6cb13f33,1,1
dataset_2_binary_clean_v2,train,train/images/nozzle_extrusion_normal_1196.jpg,train/labels/nozzle_extrusion_normal_1196.txt,133190,38,1ab0aded3c65ccde497c5bc130332d7c348192003681642d33934b1aafef5f17,a48fa3036baf16ec25cd4e93551f2c6e8b34ef4ba7279191a269ef3c6cb13f33,1,1
dataset_2_binary_clean_v2,train,train/images/nozzle_extrusion_normal_1198.jpg,train/labels/nozzle_extrusion_normal_1198.txt,127813,38,27da04219671d7da3db5e020db444f3f65c606c0200d3772daf6f2595341b2ff,a48fa3036baf16ec25cd4e93551f2c6e8b34ef4ba7279191a269ef3c6cb13f33,1,1
dataset_2_binary_clean_v2,train,train/images/nozzle_extrusion_normal_1199.jpg,train/labels/nozzle_extrusion_normal_1199.txt,125552,38,8416512e5fed62e289e88196c6b51b385f79b9e78aa7f28b0fd836cb734a7fa1,a48fa3036baf16ec25cd4e93551f2c6e8b34ef4ba7279191a269ef3c6cb13f33,1,1
dataset_2_binary_clean_v2,train,train/images/nozzle_extrusion_normal_1200.jpg,train/labels/nozzle_extrusion_normal_1200.txt,127351,38,ea4b53f4010d2e8010de996ed0b99db44c3fc4417878e7ea2ba17e91059bb18a,a48fa3036baf16ec25cd4e93551f2c6e8b34ef4ba7279191a269ef3c6cb13f33,1,1
dataset_2_binary_clean_v2,train,train/images/nozzle_extrusion_normal_1201.jpg,train/labels/nozzle_extrusion_normal_1201.txt,121476,38,515c9e6f71a33c633f85f33d4467bfdec265635fc8908e443009fdfa88b9a2e5,a48fa3036baf16ec25cd4e93551f2c6e8b34ef4ba7279191a269ef3c6cb13f33,1,1
dataset_2_binary_clean_v2,train,train/images/nozzle_extrusion_normal_1202.jpg,train/labels/nozzle_extrusion_normal_1202.txt,87724,38,4f7598fa5038766acdc2b626e475b2acc116579f669838c45ce55694025325ff,a48fa3036baf16ec25cd4e93551f2c6e8b34ef4ba7279191a269ef3c6cb13f33,1,1
dataset_2_binary_clean_v2,train,train/images/nozzle_extrusion_normal_1203.jpg,train/labels/nozzle_extrusion_normal_1203.txt,101507,38,5fa76ffd3690cc0450a8fdf43eba8713a51a1f68fa99df3aa56a5b0f3830a50e,a48fa3036baf16ec25cd4e93551f2c6e8b34ef4ba7279191a269ef3c6cb13f33,1,1
dataset_2_binary_clean_v2,train,train/images/nozzle_extrusion_normal_1206.jpg,train/labels/nozzle_extrusion_normal_1206.txt,129096,38,0f501718f6636f360e355e9d26b505df54fc3599dc096ae1b6453c8a31e370f1,a48fa3036baf16ec25cd4e93551f2c6e8b34ef4ba7279191a269ef3c6cb13f33,1,1
dataset_2_binary_clean_v2,train,train/images/nozzle_extrusion_normal_1207.jpg,train/labels/nozzle_extrusion_normal_1207.txt,138703,38,030d361da0008cb6d85b0a3dff8d138cd5a5f8470ae8f5d1b5312558adf8b914,a48fa3036baf16ec25cd4e93551f2c6e8b34ef4ba7279191a269ef3c6cb13f33,1,1
dataset_2_binary_clean_v2,train,train/images/nozzle_extrusion_normal_1208.jpg,train/labels/nozzle_extrusion_normal_1208.txt,146910,38,49d341048cd7e51977d494b7babc858c198b0520e73e468f857904f66b5298dd,a48fa3036baf16ec25cd4e93551f2c6e8b34ef4ba7279191a269ef3c6cb13f33,1,1
dataset_2_binary_clean_v2,train,train/images/nozzle_extrusion_normal_1209.jpg,train/labels/nozzle_extrusion_normal_1209.txt,142117,38,81e822f19f4a2cc2ccdb23e2cef797dd17f406d605bdfd7e048943aaa167c2e7,a48fa3036baf16ec25cd4e93551f2c6e8b34ef4ba7279191a269ef3c6cb13f33,1,1
dataset_2_binary_clean_v2,train,train/images/nozzle_extrusion_normal_1212.jpg,train/labels/nozzle_extrusion_normal_1212.txt,89084,38,d3da1e2b3fd6697bf3e367cc424ed2cbc5c83dffe14ecb6dae995a9a6661695f,a48fa3036baf16ec25cd4e93551f2c6e8b34ef4ba7279191a269ef3c6cb13f33,1,1
dataset_2_binary_clean_v2,train,train/images/nozzle_extrusion_normal_1213.jpg,train/labels/nozzle_extrusion_normal_1213.txt,108939,38,ac1218222d2c68dd7cbacf7c33e92bf90713a398ee448801ab0cbde83df5c1de,a48fa3036baf16ec25cd4e93551f2c6e8b34ef4ba7279191a269ef3c6cb13f33,1,1
dataset_2_binary_clean_v2,train,train/images/nozzle_extrusion_normal_1215.jpg,train/labels/nozzle_extrusion_normal_1215.txt,115542,38,1a352d7e4dd37c18b43ce95eb726057ef3884027943f3a7c99d8b9fff1d058f9,a48fa3036baf16ec25cd4e93551f2c6e8b34ef4ba7279191a269ef3c6cb13f33,1,1
dataset_2_binary_clean_v2,train,train/images/nozzle_extrusion_normal_1216.jpg,train/labels/nozzle_extrusion_normal_1216.txt,124021,38,946e4c0c23388a094a4af3c77110374c6f6e5ee4066e4e3b03adeccc9418e3ec,a48fa3036baf16ec25cd4e93551f2c6e8b34ef4ba7279191a269ef3c6cb13f33,1,1
dataset_2_binary_clean_v2,train,train/images/nozzle_extrusion_normal_1217.jpg,train/labels/nozzle_extrusion_normal_1217.txt,126334,38,bfac7a05eed8f205dcdd940f2af22a8b7cb8fb86b3bd8b59862b328f767b8e24,a48fa3036baf16ec25cd4e93551f2c6e8b34ef4ba7279191a269ef3c6cb13f33,1,1
dataset_2_binary_clean_v2,train,train/images/nozzle_extrusion_normal_1220.jpg,train/labels/nozzle_extrusion_normal_1220.txt,133979,38,fca82c422f2765c413d2e4af054d3e887c3b17edaa948dd0ae5d1f3bea79019a,a48fa3036baf16ec25cd4e93551f2c6e8b34ef4ba7279191a269ef3c6cb13f33,1,1
dataset_2_binary_clean_v2,train,train/images/nozzle_extrusion_normal_1221.jpg,train/labels/nozzle_extrusion_normal_1221.txt,140720,38,bb66ebf3bf8e96992e803353dd7e85deba7b188cc3b62a04c74668f5a405adee,a48fa3036baf16ec25cd4e93551f2c6e8b34ef4ba7279191a269ef3c6cb13f33,1,1
dataset_2_binary_clean_v2,train,train/images/nozzle_extrusion_normal_1222.jpg,train/labels/nozzle_extrusion_normal_1222.txt,143293,38,9a345fed07450b4d48b24f10d889048fabf29e6f140516442e7bf40f2db78f8e,a48fa3036baf16ec25cd4e93551f2c6e8b34ef4ba7279191a269ef3c6cb13f33,1,1
dataset_2_binary_clean_v2,train,train/images/nozzle_extrusion_normal_1223.jpg,train/labels/nozzle_extrusion_normal_1223.txt,120278,38,ba34f8090e984d83850c75a3ed82456f8afe5b4a7103e1fc3f9e16595bdd3b62,a48fa3036baf16ec25cd4e93551f2c6e8b34ef4ba7279191a269ef3c6cb13f33,1,1
dataset_2_binary_clean_v2,train,train/images/nozzle_extrusion_normal_1225.jpg,train/labels/nozzle_extrusion_normal_1225.txt,131263,38,e5488618ce8c9bebd8fd5c4f49451faf0a710fcedb165a00096ab753df7b98a3,a48fa3036baf16ec25cd4e93551f2c6e8b34ef4ba7279191a269ef3c6cb13f33,1,1
dataset_2_binary_clean_v2,train,train/images/nozzle_extrusion_normal_1228.jpg,train/labels/nozzle_extrusion_normal_1228.txt,127362,38,b2f45f525cd2128c5cb4a64b4e12a81d22f09e88d28774fd3576fa434a1f0a4c,a48fa3036baf16ec25cd4e93551f2c6e8b34ef4ba7279191a269ef3c6cb13f33,1,1
dataset_2_binary_clean_v2,train,train/images/nozzle_extrusion_normal_1229.jpg,train/labels/nozzle_extrusion_normal_1229.txt,120876,38,9717e0341d31b6131af9bd2c9b3d975148603f8ddb1f8d677e7f2d26f56867da,a48fa3036baf16ec25cd4e93551f2c6e8b34ef4ba7279191a269ef3c6cb13f33,1,1
dataset_2_binary_clean_v2,train,train/images/nozzle_extrusion_normal_1230.jpg,train/labels/nozzle_extrusion_normal_1230.txt,117555,38,09c1f89ee93fd240110e5d69fae14ec9d070d963dd2be4b6d4204d0865446062,a48fa3036baf16ec25cd4e93551f2c6e8b34ef4ba7279191a269ef3c6cb13f33,1,1
dataset_2_binary_clean_v2,train,train/images/nozzle_extrusion_normal_1232.jpg,train/labels/nozzle_extrusion_normal_1232.txt,102532,38,675123fcf75d7bd434ccd0b291b942bf478d92a2fb0e5fb99f9926269711a37d,a48fa3036baf16ec25cd4e93551f2c6e8b34ef4ba7279191a269ef3c6cb13f33,1,1
dataset_2_binary_clean_v2,train,train/images/nozzle_extrusion_normal_1234.jpg,train/labels/nozzle_extrusion_normal_1234.txt,124429,38,f5ac89a4c92458c127b444a81b1efbec0e7712ff03ec4fa9c7877382a3ac12c1,a48fa3036baf16ec25cd4e93551f2c6e8b34ef4ba7279191a269ef3c6cb13f33,1,1
dataset_2_binary_clean_v2,train,train/images/nozzle_extrusion_normal_1235.jpg,train/labels/nozzle_extrusion_normal_1235.txt,130535,38,154db6dab89b2bc6675ee7101b0c36cc3f004e137cbabc5387866075d600b0f7,a48fa3036baf16ec25cd4e93551f2c6e8b34ef4ba7279191a269ef3c6cb13f33,1,1
dataset_2_binary_clean_v2,train,train/images/nozzle_extrusion_normal_1237.jpg,train/labels/nozzle_extrusion_normal_1237.txt,143206,38,3c6c2909eef2272e2331ec0cfa1b53f8af09e42b01d68de664facfc4ea001494,a48fa3036baf16ec25cd4e93551f2c6e8b34ef4ba7279191a269ef3c6cb13f33,1,1
dataset_2_binary_clean_v2,train,train/images/nozzle_extrusion_normal_1238.jpg,train/labels/nozzle_extrusion_normal_1238.txt,131729,38,fc94a3e752cba5821e685307ee8cd3da88322e8c2377def43d29ab33073e6898,a48fa3036baf16ec25cd4e93551f2c6e8b34ef4ba7279191a269ef3c6cb13f33,1,1
dataset_2_binary_clean_v2,train,train/images/nozzle_extrusion_normal_1239.jpg,train/labels/nozzle_extrusion_normal_1239.txt,129023,38,30b0ea584bd4ad7c5fe31ce7adfa6c30f7400f5fcb6f3e5b34877816cd7ad6b9,a48fa3036baf16ec25cd4e93551f2c6e8b34ef4ba7279191a269ef3c6cb13f33,1,1
dataset_2_binary_clean_v2,train,train/images/nozzle_extrusion_normal_1240.jpg,train/labels/nozzle_extrusion_normal_1240.txt,88910,38,d98bc60ddd87675ebb931b478d8946aae4fb49b18d0f7b2cf3457b536b023d2f,a48fa3036baf16ec25cd4e93551f2c6e8b34ef4ba7279191a269ef3c6cb13f33,1,1
dataset_2_binary_clean_v2,train,train/images/nozzle_extrusion_normal_1242.jpg,train/labels/nozzle_extrusion_normal_1242.txt,111754,38,652497e24c97208addd09020b003253f1228f826edba58b1e18aa2917196160f,a48fa3036baf16ec25cd4e93551f2c6e8b34ef4ba7279191a269ef3c6cb13f33,1,1
dataset_2_binary_clean_v2,train,train/images/nozzle_extrusion_normal_1243.jpg,train/labels/nozzle_extrusion_normal_1243.txt,114527,38,31de27d84a133fd32f6ba0ee425abe880e6321c200ef8ef28dcb1baf832bab35,a48fa3036baf16ec25cd4e93551f2c6e8b34ef4ba7279191a269ef3c6cb13f33,1,1
dataset_2_binary_clean_v2,train,train/images/nozzle_extrusion_normal_1244.jpg,train/labels/nozzle_extrusion_normal_1244.txt,122979,38,0652b1b3e4d26a4ec76eba92dfc26cd99d950de135052ba02d5ad6a2f2a231c9,a48fa3036baf16ec25cd4e93551f2c6e8b34ef4ba7279191a269ef3c6cb13f33,1,1
dataset_2_binary_clean_v2,train,train/images/nozzle_extrusion_normal_1246.jpg,train/labels/nozzle_extrusion_normal_1246.txt,127424,38,a1fe7450c62f79d94342e7bb40c27583a1892937b0bd57df8e0209ba7f336362,a48fa3036baf16ec25cd4e93551f2c6e8b34ef4ba7279191a269ef3c6cb13f33,1,1
dataset_2_binary_clean_v2,train,train/images/nozzle_extrusion_normal_1247.jpg,train/labels/nozzle_extrusion_normal_1247.txt,131215,38,a46737757d80522a79d00dc7224875f6b959a354d9f3251411a516b0beed122c,a48fa3036baf16ec25cd4e93551f2c6e8b34ef4ba7279191a269ef3c6cb13f33,1,1
dataset_2_binary_clean_v2,train,train/images/nozzle_extrusion_normal_1249.jpg,train/labels/nozzle_extrusion_normal_1249.txt,143313,38,23d413e92fa382aff2db16b4896a7fa038bbc59d84607c187811f9c589b9448d,a48fa3036baf16ec25cd4e93551f2c6e8b34ef4ba7279191a269ef3c6cb13f33,1,1
dataset_2_binary_clean_v2,train,train/images/nozzle_extrusion_normal_1252.jpg,train/labels/nozzle_extrusion_normal_1252.txt,140476,38,34f42601de5e97d026b98bae1bdbdfef900f3c8f59e847bc4a2f111b421e8fce,a48fa3036baf16ec25cd4e93551f2c6e8b34ef4ba7279191a269ef3c6cb13f33,1,1
dataset_2_binary_clean_v2,train,train/images/nozzle_extrusion_normal_1255.jpg,train/labels/nozzle_extrusion_normal_1255.txt,127848,38,85067a1bfe645d137759e5ef0834dd6bbc14a437bdd77c6ce9f2068aab1495f7,a48fa3036baf16ec25cd4e93551f2c6e8b34ef4ba7279191a269ef3c6cb13f33,1,1
dataset_2_binary_clean_v2,train,train/images/nozzle_extrusion_normal_1256.jpg,train/labels/nozzle_extrusion_normal_1256.txt,125981,38,a580eb86fd05455a55aa87dfd32c2185a194833ecaf13aeff10ca9eab70655b0,a48fa3036baf16ec25cd4e93551f2c6e8b34ef4ba7279191a269ef3c6cb13f33,1,1
dataset_2_binary_clean_v2,train,train/images/nozzle_extrusion_normal_1257.jpg,train/labels/nozzle_extrusion_normal_1257.txt,116895,38,7dfd7314f2cc203f6ce3d2b973a805585432639f6c1b764eaf9efacc256aa92d,a48fa3036baf16ec25cd4e93551f2c6e8b34ef4ba7279191a269ef3c6cb13f33,1,1
dataset_2_binary_clean_v2,train,train/images/nozzle_extrusion_normal_1258.jpg,train/labels/nozzle_extrusion_normal_1258.txt,116601,38,25edb1a34e89687997067469a7bc798573200986dd81d21d3d9a6682b026dd23,a48fa3036baf16ec25cd4e93551f2c6e8b34ef4ba7279191a269ef3c6cb13f33,1,1
dataset_2_binary_clean_v2,train,train/images/nozzle_extrusion_normal_1259.jpg,train/labels/nozzle_extrusion_normal_1259.txt,88671,38,3531bf9cc96d294da985d1925669bcbf113fa30e0f1bf938b89efae00c110b66,a48fa3036baf16ec25cd4e93551f2c6e8b34ef4ba7279191a269ef3c6cb13f33,1,1
dataset_2_binary_clean_v2,train,train/images/nozzle_extrusion_normal_1260.jpg,train/labels/nozzle_extrusion_normal_1260.txt,104628,38,4dccc1daff35d471f0ed40f1d452293adf329aea7c1f94b2b283a11326de0006,a48fa3036baf16ec25cd4e93551f2c6e8b34ef4ba7279191a269ef3c6cb13f33,1,1
dataset_2_binary_clean_v2,train,train/images/nozzle_extrusion_normal_1261.jpg,train/labels/nozzle_extrusion_normal_1261.txt,116992,38,00971fc44d0967bf9fbc7d0df21d28b05e8535792d315a187a08a3f7fa23ca76,a48fa3036baf16ec25cd4e93551f2c6e8b34ef4ba7279191a269ef3c6cb13f33,1,1
dataset_2_binary_clean_v2,train,train/images/nozzle_extrusion_normal_1262.jpg,train/labels/nozzle_extrusion_normal_1262.txt,130267,38,56313b072b442cb275f74339f313a76df9df9b332214bb9ab07aca74dfc579ee,a48fa3036baf16ec25cd4e93551f2c6e8b34ef4ba7279191a269ef3c6cb13f33,1,1
dataset_2_binary_clean_v2,train,train/images/nozzle_extrusion_normal_1263.jpg,train/labels/nozzle_extrusion_normal_1263.txt,137542,38,eba162df3c1fc5b81e5d12459e9a5cf9debb2b8fffa0fe84ed96e4440cec920b,a48fa3036baf16ec25cd4e93551f2c6e8b34ef4ba7279191a269ef3c6cb13f33,1,1
dataset_2_binary_clean_v2,train,train/images/nozzle_extrusion_normal_1265.jpg,train/labels/nozzle_extrusion_normal_1265.txt,139241,38,11164310787fc785f71594172a98afa92538acf12d86899c35c1d16864401730,a48fa3036baf16ec25cd4e93551f2c6e8b34ef4ba7279191a269ef3c6cb13f33,1,1
dataset_2_binary_clean_v2,train,train/images/nozzle_extrusion_normal_1267.jpg,train/labels/nozzle_extrusion_normal_1267.txt,126808,38,c9b0f75edd915bcf4f4b2d84db8e389cafa0d1e3a6430246eab470a18fcc49c3,a48fa3036baf16ec25cd4e93551f2c6e8b34ef4ba7279191a269ef3c6cb13f33,1,1
dataset_2_binary_clean_v2,train,train/images/nozzle_extrusion_normal_1269.jpg,train/labels/nozzle_extrusion_normal_1269.txt,106447,38,99230fe9826c458bfbfc152bdacdfa51ffb77f9905577afc10a2e72e140ba5de,a48fa3036baf16ec25cd4e93551f2c6e8b34ef4ba7279191a269ef3c6cb13f33,1,1
dataset_2_binary_clean_v2,train,train/images/nozzle_extrusion_normal_1270.jpg,train/labels/nozzle_extrusion_normal_1270.txt,112329,38,98821679b9bfbc976ccb7f3d8f343c6f79108a005fa90b316859c919ad1efef6,a48fa3036baf16ec25cd4e93551f2c6e8b34ef4ba7279191a269ef3c6cb13f33,1,1
dataset_2_binary_clean_v2,train,train/images/nozzle_extrusion_normal_1271.jpg,train/labels/nozzle_extrusion_normal_1271.txt,119162,38,8e03ee7925cf474d7ae8d278fd542ec38004d689930d6c03716ac0ea53c5695a,a48fa3036baf16ec25cd4e93551f2c6e8b34ef4ba7279191a269ef3c6cb13f33,1,1
dataset_2_binary_clean_v2,train,train/images/nozzle_extrusion_normal_1274.jpg,train/labels/nozzle_extrusion_normal_1274.txt,130551,38,7d7301750bb74bb38e4cbe29e73ad47a7d7060ba2da84bb2bbe028e6b9013004,a48fa3036baf16ec25cd4e93551f2c6e8b34ef4ba7279191a269ef3c6cb13f33,1,1
dataset_2_binary_clean_v2,train,train/images/nozzle_extrusion_normal_1275.jpg,train/labels/nozzle_extrusion_normal_1275.txt,138881,38,cf9ae1561e024004a4628d7c8200d155b165445a73e6854f6572376d50a4b833,a48fa3036baf16ec25cd4e93551f2c6e8b34ef4ba7279191a269ef3c6cb13f33,1,1
dataset_2_binary_clean_v2,train,train/images/nozzle_extrusion_normal_1277.jpg,train/labels/nozzle_extrusion_normal_1277.txt,157763,38,85a25070d9b47918e1c83cadec3e221ee0682c572a37f9c659c5b650401e2aeb,a48fa3036baf16ec25cd4e93551f2c6e8b34ef4ba7279191a269ef3c6cb13f33,1,1
dataset_2_binary_clean_v2,train,train/images/nozzle_extrusion_normal_1278.jpg,train/labels/nozzle_extrusion_normal_1278.txt,134308,38,248f09a06db029ba8ff708662e12c7d931ac096cd3c9d3e7ff2c8b8bdb885178,a48fa3036baf16ec25cd4e93551f2c6e8b34ef4ba7279191a269ef3c6cb13f33,1,1
dataset_2_binary_clean_v2,train,train/images/nozzle_extrusion_normal_1279.jpg,train/labels/nozzle_extrusion_normal_1279.txt,133750,38,291e5053cfa0a07883e0a8590108c3f52554f71628e181a7b33ebfab70a49bb6,a48fa3036baf16ec25cd4e93551f2c6e8b34ef4ba7279191a269ef3c6cb13f33,1,1
dataset_2_binary_clean_v2,train,train/images/nozzle_extrusion_normal_1281.jpg,train/labels/nozzle_extrusion_normal_1281.txt,129576,38,0e636fc25db18e3a425238e70e5b70cfac03a395637fbb1659f67c0242aba2d3,a48fa3036baf16ec25cd4e93551f2c6e8b34ef4ba7279191a269ef3c6cb13f33,1,1
dataset_2_binary_clean_v2,train,train/images/nozzle_extrusion_normal_1282.jpg,train/labels/nozzle_extrusion_normal_1282.txt,125964,38,49414122c286cf53b54e6612ec363b56a3f410da8246bb1d5cf7169737bbcfb8,a48fa3036baf16ec25cd4e93551f2c6e8b34ef4ba7279191a269ef3c6cb13f33,1,1
dataset_2_binary_clean_v2,train,train/images/nozzle_extrusion_normal_1284.jpg,train/labels/nozzle_extrusion_normal_1284.txt,121349,38,e61317929f06bf63cfdd1fb40a917970c93719a7816be437bc2827787ca0356a,a48fa3036baf16ec25cd4e93551f2c6e8b34ef4ba7279191a269ef3c6cb13f33,1,1
dataset_2_binary_clean_v2,train,train/images/nozzle_extrusion_normal_1285.jpg,train/labels/nozzle_extrusion_normal_1285.txt,115511,38,af5a5f4893352b87036dbb114ae1f469005354933de29fb6eb57802b32b5d643,a48fa3036baf16ec25cd4e93551f2c6e8b34ef4ba7279191a269ef3c6cb13f33,1,1
dataset_2_binary_clean_v2,train,train/images/nozzle_extrusion_normal_1286.jpg,train/labels/nozzle_extrusion_normal_1286.txt,110653,38,bf26a844c2626ebfdba5d0b0561aa3605679c488622009caa3d6dc335de9cad3,a48fa3036baf16ec25cd4e93551f2c6e8b34ef4ba7279191a269ef3c6cb13f33,1,1
dataset_2_binary_clean_v2,train,train/images/nozzle_extrusion_normal_1287.jpg,train/labels/nozzle_extrusion_normal_1287.txt,91012,38,821f232e3224c02d0e873d6ccbd23296f9c7d1198301e2195b46d90d1998c611,a48fa3036baf16ec25cd4e93551f2c6e8b34ef4ba7279191a269ef3c6cb13f33,1,1
dataset_2_binary_clean_v2,train,train/images/nozzle_extrusion_normal_1289.jpg,train/labels/nozzle_extrusion_normal_1289.txt,127312,38,5c4eedbdfcadc017d72d8d8ab1edd0191467866d56964362a84e02d75e62a721,a48fa3036baf16ec25cd4e93551f2c6e8b34ef4ba7279191a269ef3c6cb13f33,1,1
dataset_2_binary_clean_v2,train,train/images/nozzle_extrusion_normal_1292.jpg,train/labels/nozzle_extrusion_normal_1292.txt,137705,38,95509d46a73aaf168b9f1774a2b8ae304465ec2c61e6abfacfb9fb64a8f909f6,a48fa3036baf16ec25cd4e93551f2c6e8b34ef4ba7279191a269ef3c6cb13f33,1,1
dataset_2_binary_clean_v2,train,train/images/nozzle_extrusion_normal_1293.jpg,train/labels/nozzle_extrusion_normal_1293.txt,130950,38,93a22deae79afa7720efc588ff35f1b4d6d942fab932ac82902edcbd7ee6aea7,a48fa3036baf16ec25cd4e93551f2c6e8b34ef4ba7279191a269ef3c6cb13f33,1,1
dataset_2_binary_clean_v2,train,train/images/nozzle_extrusion_normal_1294.jpg,train/labels/nozzle_extrusion_normal_1294.txt,126458,38,4c7365a58d51d5f3dc2b4cfd61af7c0ab2f971775459f4f975a23eba094af8f6,a48fa3036baf16ec25cd4e93551f2c6e8b34ef4ba7279191a269ef3c6cb13f33,1,1
dataset_2_binary_clean_v2,train,train/images/nozzle_extrusion_normal_1296.jpg,train/labels/nozzle_extrusion_normal_1296.txt,88628,38,dbd4ca6a0f17273274b85973dbff0a471f371a49b88d031ae4985c5d3dd96f3c,a48fa3036baf16ec25cd4e93551f2c6e8b34ef4ba7279191a269ef3c6cb13f33,1,1
dataset_2_binary_clean_v2,train,train/images/nozzle_extrusion_normal_1297.jpg,train/labels/nozzle_extrusion_normal_1297.txt,108633,38,1d4620bdb7554ea6d2f12e1333d6559d9b9a8f56a3ff37fbece729d8fb84e06a,a48fa3036baf16ec25cd4e93551f2c6e8b34ef4ba7279191a269ef3c6cb13f33,1,1
dataset_2_binary_clean_v2,train,train/images/nozzle_extrusion_normal_1298.jpg,train/labels/nozzle_extrusion_normal_1298.txt,121062,38,e33fabf4269349f9ece76f8bac510c788372511ff46db132d499b96f604238c9,a48fa3036baf16ec25cd4e93551f2c6e8b34ef4ba7279191a269ef3c6cb13f33,1,1
dataset_2_binary_clean_v2,train,train/images/nozzle_extrusion_normal_1299.jpg,train/labels/nozzle_extrusion_normal_1299.txt,129073,38,f22370440ab5fe1fb2852638b5cf3574bf8fb605bd5c0f23a95b685ab4d065bd,a48fa3036baf16ec25cd4e93551f2c6e8b34ef4ba7279191a269ef3c6cb13f33,1,1
dataset_2_binary_clean_v2,train,train/images/nozzle_extrusion_normal_1300.jpg,train/labels/nozzle_extrusion_normal_1300.txt,129106,38,0d19017f650909d9926adcf8838eb8754c1ea82e4fd72d56176bcd7cffd7eab6,a48fa3036baf16ec25cd4e93551f2c6e8b34ef4ba7279191a269ef3c6cb13f33,1,1
dataset_2_binary_clean_v2,train,train/images/nozzle_extrusion_normal_1302.jpg,train/labels/nozzle_extrusion_normal_1302.txt,135214,38,2de7e505d9fa761a48c70c369095e3d08650bc0405ab00f1a875a7d760b79171,a48fa3036baf16ec25cd4e93551f2c6e8b34ef4ba7279191a269ef3c6cb13f33,1,1
dataset_2_binary_clean_v2,train,train/images/nozzle_extrusion_normal_1303.jpg,train/labels/nozzle_extrusion_normal_1303.txt,145136,38,b71f57f3b80bad84bc3a9f01fe73ad11c1fbb464f46f9c955b005a30d708dc3a,a48fa3036baf16ec25cd4e93551f2c6e8b34ef4ba7279191a269ef3c6cb13f33,1,1
dataset_2_binary_clean_v2,train,train/images/nozzle_extrusion_normal_1305.jpg,train/labels/nozzle_extrusion_normal_1305.txt,129117,38,32fd83df0caa975ab83c6b3f0f24ed01ecc465f936b292970d37207ccb6a3042,a48fa3036baf16ec25cd4e93551f2c6e8b34ef4ba7279191a269ef3c6cb13f33,1,1
dataset_2_binary_clean_v2,train,train/images/nozzle_extrusion_normal_1306.jpg,train/labels/nozzle_extrusion_normal_1306.txt,128947,38,750b2b7158ee337575e9af2b27999e116e39a7221d52777cd602af3be8f85d14,a48fa3036baf16ec25cd4e93551f2c6e8b34ef4ba7279191a269ef3c6cb13f33,1,1
dataset_2_binary_clean_v2,train,train/images/nozzle_extrusion_normal_1307.jpg,train/labels/nozzle_extrusion_normal_1307.txt,128219,38,30f1ef8c40101c83ee48848a50b7203a16b9714f50556421d00bf0c739ecf2ff,a48fa3036baf16ec25cd4e93551f2c6e8b34ef4ba7279191a269ef3c6cb13f33,1,1
dataset_2_binary_clean_v2,train,train/images/nozzle_extrusion_normal_1308.jpg,train/labels/nozzle_extrusion_normal_1308.txt,128681,38,12ebd65f3c0cb13f9b8665c1849283739d23c6f72b63a541f17826230f72a64d,a48fa3036baf16ec25cd4e93551f2c6e8b34ef4ba7279191a269ef3c6cb13f33,1,1
dataset_2_binary_clean_v2,train,train/images/nozzle_extrusion_normal_1311.jpg,train/labels/nozzle_extrusion_normal_1311.txt,118894,38,b200633c88af345df97a9fceebc6413a7a57ee075d9f8c6c083e8633e460d18c,a48fa3036baf16ec25cd4e93551f2c6e8b34ef4ba7279191a269ef3c6cb13f33,1,1
dataset_2_binary_clean_v2,train,train/images/nozzle_extrusion_normal_1312.jpg,train/labels/nozzle_extrusion_normal_1312.txt,114837,38,7d977b4f071e2b41a66cd8379e88d7a145fda2236a8b72404ec787b5baf566d3,a48fa3036baf16ec25cd4e93551f2c6e8b34ef4ba7279191a269ef3c6cb13f33,1,1
dataset_2_binary_clean_v2,train,train/images/nozzle_extrusion_normal_1313.jpg,train/labels/nozzle_extrusion_normal_1313.txt,112290,38,7569f2e9f5aa525b6d0abafc41cd7b18c1ace30f3a5ea4bfc943445e26c32090,a48fa3036baf16ec25cd4e93551f2c6e8b34ef4ba7279191a269ef3c6cb13f33,1,1
dataset_2_binary_clean_v2,train,train/images/nozzle_extrusion_normal_1315.jpg,train/labels/nozzle_extrusion_normal_1315.txt,94902,38,2315633d812f785a5b486b9fd4831a618a65bf4827735575adefd490c74e2c30,a48fa3036baf16ec25cd4e93551f2c6e8b34ef4ba7279191a269ef3c6cb13f33,1,1
dataset_2_binary_clean_v2,train,train/images/nozzle_extrusion_normal_1316.jpg,train/labels/nozzle_extrusion_normal_1316.txt,121030,38,5c678b3dca916bf37f568b8cd8081b56cc2309c26faf96649ac504718d8fd151,a48fa3036baf16ec25cd4e93551f2c6e8b34ef4ba7279191a269ef3c6cb13f33,1,1
dataset_2_binary_clean_v2,train,train/images/nozzle_extrusion_normal_1318.jpg,train/labels/nozzle_extrusion_normal_1318.txt,133083,38,1b6967d279b18847fa423f064f555b93493763d2732929fa3ec429f40afa4668,a48fa3036baf16ec25cd4e93551f2c6e8b34ef4ba7279191a269ef3c6cb13f33,1,1
dataset_2_binary_clean_v2,train,train/images/nozzle_extrusion_normal_1319.jpg,train/labels/nozzle_extrusion_normal_1319.txt,131744,38,3cce76b3e36be55664a42658e617d42281a57650c78ddea6362746901fa0977e,a48fa3036baf16ec25cd4e93551f2c6e8b34ef4ba7279191a269ef3c6cb13f33,1,1
dataset_2_binary_clean_v2,train,train/images/nozzle_extrusion_normal_1320.jpg,train/labels/nozzle_extrusion_normal_1320.txt,124823,38,a78286211ce46656f93f3e3df4fd96fef8168621d08fb8b187a2c4a1f9deeccc,a48fa3036baf16ec25cd4e93551f2c6e8b34ef4ba7279191a269ef3c6cb13f33,1,1
dataset_2_binary_clean_v2,train,train/images/nozzle_extrusion_normal_1321.jpg,train/labels/nozzle_extrusion_normal_1321.txt,120399,38,50135a8b17b4f9fca1f28146ca373600a1aa35f0d04ec9106e657f458d9b54e6,a48fa3036baf16ec25cd4e93551f2c6e8b34ef4ba7279191a269ef3c6cb13f33,1,1
dataset_2_binary_clean_v2,train,train/images/nozzle_extrusion_normal_1322.jpg,train/labels/nozzle_extrusion_normal_1322.txt,121992,38,3d4fc660baccec2fc6fa740b30ccde971f2ead1b76a366013527ff89e01d4cb6,a48fa3036baf16ec25cd4e93551f2c6e8b34ef4ba7279191a269ef3c6cb13f33,1,1
dataset_2_binary_clean_v2,train,train/images/nozzle_extrusion_normal_1323.jpg,train/labels/nozzle_extrusion_normal_1323.txt,121215,38,f3e05a5e75f86fc044d972d8402065e93a2435765d1bdd34cdc6c327f8ed8eab,a48fa3036baf16ec25cd4e93551f2c6e8b34ef4ba7279191a269ef3c6cb13f33,1,1
dataset_2_binary_clean_v2,train,train/images/nozzle_extrusion_normal_1324.jpg,train/labels/nozzle_extrusion_normal_1324.txt,91590,38,53f11b480ceae95d6998fd7c4dee1dee8e9bffb7e4df6bc16ee8d853f68ffe9a,a48fa3036baf16ec25cd4e93551f2c6e8b34ef4ba7279191a269ef3c6cb13f33,1,1
dataset_2_binary_clean_v2,train,train/images/nozzle_extrusion_normal_1325.jpg,train/labels/nozzle_extrusion_normal_1325.txt,114048,38,6b15a87d135dee9f4248d177bf07f048922b06ba56090b829cde348d0d813812,a48fa3036baf16ec25cd4e93551f2c6e8b34ef4ba7279191a269ef3c6cb13f33,1,1
dataset_2_binary_clean_v2,train,train/images/nozzle_extrusion_normal_1326.jpg,train/labels/nozzle_extrusion_normal_1326.txt,126587,38,94be6c579d0aa03e53d769c1421feae9887d08dcd1665cdab4773e730ac18c2a,a48fa3036baf16ec25cd4e93551f2c6e8b34ef4ba7279191a269ef3c6cb13f33,1,1
dataset_2_binary_clean_v2,train,train/images/nozzle_extrusion_normal_1327.jpg,train/labels/nozzle_extrusion_normal_1327.txt,132735,38,d959c51c9fa925f099d6835f9e3fb2ac3f6a36f013565e84762bf0561d28ec04,a48fa3036baf16ec25cd4e93551f2c6e8b34ef4ba7279191a269ef3c6cb13f33,1,1
dataset_2_binary_clean_v2,train,train/images/nozzle_extrusion_normal_1329.jpg,train/labels/nozzle_extrusion_normal_1329.txt,141084,38,c3da23e92d3a87840dddc41028639bde605b105f2303809e70337aff23001cef,a48fa3036baf16ec25cd4e93551f2c6e8b34ef4ba7279191a269ef3c6cb13f33,1,1
dataset_2_binary_clean_v2,train,train/images/nozzle_extrusion_normal_1330.jpg,train/labels/nozzle_extrusion_normal_1330.txt,152410,38,d2cedbff41b743305bfd3c1894c4ef32c5e6e6acd72ec8717577735a08be4153,a48fa3036baf16ec25cd4e93551f2c6e8b34ef4ba7279191a269ef3c6cb13f33,1,1
dataset_2_binary_clean_v2,train,train/images/nozzle_extrusion_normal_1331.jpg,train/labels/nozzle_extrusion_normal_1331.txt,146330,38,3634bc1909c689c2a912b7ba8009b87781e908e33cfcf4b80663c789bb3023d2,a48fa3036baf16ec25cd4e93551f2c6e8b34ef4ba7279191a269ef3c6cb13f33,1,1
dataset_2_binary_clean_v2,train,train/images/nozzle_extrusion_normal_1334.jpg,train/labels/nozzle_extrusion_normal_1334.txt,131066,38,45b3e72acf5aa8cb5a104094c52da6d835b9220c301813c0e45560f45a0fbdd8,a48fa3036baf16ec25cd4e93551f2c6e8b34ef4ba7279191a269ef3c6cb13f33,1,1
dataset_2_binary_clean_v2,train,train/images/nozzle_extrusion_normal_1337.jpg,train/labels/nozzle_extrusion_normal_1337.txt,123764,38,3d1c73f277415de9f88ad660324005b440f232db3ce761951b5cf21f121b79ab,a48fa3036baf16ec25cd4e93551f2c6e8b34ef4ba7279191a269ef3c6cb13f33,1,1
dataset_2_binary_clean_v2,train,train/images/nozzle_extrusion_normal_1338.jpg,train/labels/nozzle_extrusion_normal_1338.txt,116073,38,830f4cb8aff216069a982635f08914e4b8859143bb8c6aab7553c7fe19ede328,a48fa3036baf16ec25cd4e93551f2c6e8b34ef4ba7279191a269ef3c6cb13f33,1,1
dataset_2_binary_clean_v2,train,train/images/nozzle_extrusion_normal_1340.jpg,train/labels/nozzle_extrusion_normal_1340.txt,115161,38,163aa98f2f582a67b30612b5ff0a9abf79ed0d7168e1de51af0de4412add9523,a48fa3036baf16ec25cd4e93551f2c6e8b34ef4ba7279191a269ef3c6cb13f33,1,1
dataset_2_binary_clean_v2,train,train/images/nozzle_extrusion_normal_1342.jpg,train/labels/nozzle_extrusion_normal_1342.txt,128437,38,a27223dff19eba376c7e9c684f379511de14aeca4888d34d8bff4baf41d53d33,a48fa3036baf16ec25cd4e93551f2c6e8b34ef4ba7279191a269ef3c6cb13f33,1,1
dataset_2_binary_clean_v2,train,train/images/nozzle_extrusion_normal_1343.jpg,train/labels/nozzle_extrusion_normal_1343.txt,107350,38,599e9a55b37f9af5b09e834b82e1c0ac6eb503a919339311bb109fceb494c260,a48fa3036baf16ec25cd4e93551f2c6e8b34ef4ba7279191a269ef3c6cb13f33,1,1
dataset_2_binary_clean_v2,train,train/images/nozzle_extrusion_normal_1344.jpg,train/labels/nozzle_extrusion_normal_1344.txt,138088,38,54e0bd92dff9f6aff5c74a4da5e8bf6088d3e47cc41ea9ca0b9fd491fc543e42,a48fa3036baf16ec25cd4e93551f2c6e8b34ef4ba7279191a269ef3c6cb13f33,1,1
dataset_2_binary_clean_v2,train,train/images/nozzle_extrusion_normal_1347.jpg,train/labels/nozzle_extrusion_normal_1347.txt,124512,38,6b73845e3312276f8c00ec27b43e2a42151586c34531560820e960dba5f29a1b,a48fa3036baf16ec25cd4e93551f2c6e8b34ef4ba7279191a269ef3c6cb13f33,1,1
dataset_2_binary_clean_v2,train,train/images/nozzle_extrusion_normal_1348.jpg,train/labels/nozzle_extrusion_normal_1348.txt,121872,38,2f6a808089b3bd86b1d40d24ed9fd12e661f229bee138adec2d427e5ac0ef271,a48fa3036baf16ec25cd4e93551f2c6e8b34ef4ba7279191a269ef3c6cb13f33,1,1
dataset_2_binary_clean_v2,train,train/images/nozzle_extrusion_normal_1351.jpg,train/labels/nozzle_extrusion_normal_1351.txt,127269,38,19a79ec0421ca4012a7365f8c936b13769bac004a4f634ce097675fb703a60d9,a48fa3036baf16ec25cd4e93551f2c6e8b34ef4ba7279191a269ef3c6cb13f33,1,1
dataset_2_binary_clean_v2,train,train/images/nozzle_extrusion_normal_1352.jpg,train/labels/nozzle_extrusion_normal_1352.txt,97518,38,89ba8b7ae57ccc2cac7e4361837eab043ff19ad155c114a28e50866650f0811d,a48fa3036baf16ec25cd4e93551f2c6e8b34ef4ba7279191a269ef3c6cb13f33,1,1
dataset_2_binary_clean_v2,train,train/images/nozzle_extrusion_normal_1354.jpg,train/labels/nozzle_extrusion_normal_1354.txt,129329,38,e2788178dedb751356358c2b3c74e75d698152409fd14c3de33ae5d30863b017,a48fa3036baf16ec25cd4e93551f2c6e8b34ef4ba7279191a269ef3c6cb13f33,1,1
dataset_2_binary_clean_v2,train,train/images/nozzle_extrusion_normal_1359.jpg,train/labels/nozzle_extrusion_normal_1359.txt,138383,38,caa8df30e6697bf9acbfe66d3f62fa401433ad854c070d2c44a6d81a67296874,a48fa3036baf16ec25cd4e93551f2c6e8b34ef4ba7279191a269ef3c6cb13f33,1,1
dataset_2_binary_clean_v2,train,train/images/nozzle_extrusion_normal_1362.jpg,train/labels/nozzle_extrusion_normal_1362.txt,125118,38,ed027776d1e6011b82e5dab1e73699f31dd7bcaac9e3b6facd2bcaa1204587e5,a48fa3036baf16ec25cd4e93551f2c6e8b34ef4ba7279191a269ef3c6cb13f33,1,1
dataset_2_binary_clean_v2,train,train/images/nozzle_extrusion_normal_1363.jpg,train/labels/nozzle_extrusion_normal_1363.txt,123988,38,205bcdc6951e809bcd9783c7ff44511bf4a2e44957f8b3dee9933fd08f19e78b,a48fa3036baf16ec25cd4e93551f2c6e8b34ef4ba7279191a269ef3c6cb13f33,1,1
dataset_2_binary_clean_v2,train,train/images/nozzle_extrusion_normal_1366.jpg,train/labels/nozzle_extrusion_normal_1366.txt,113135,38,3f0cab01737c1192c3da359b5705bfc4d9c2cb821567190fb6057f13679222b7,a48fa3036baf16ec25cd4e93551f2c6e8b34ef4ba7279191a269ef3c6cb13f33,1,1
dataset_2_binary_clean_v2,train,train/images/nozzle_extrusion_normal_1367.jpg,train/labels/nozzle_extrusion_normal_1367.txt,118073,38,a9bceeddafcef4f3c2119c9eb0d0854c2aabb14dc9f45cfe7ab9c80c2dab4b04,a48fa3036baf16ec25cd4e93551f2c6e8b34ef4ba7279191a269ef3c6cb13f33,1,1
dataset_2_binary_clean_v2,train,train/images/nozzle_extrusion_normal_1368.jpg,train/labels/nozzle_extrusion_normal_1368.txt,122958,38,12b04e82ca5e36adeb19e05ccac65a457b09c467d9a9b874f923ca8fb969bb95,a48fa3036baf16ec25cd4e93551f2c6e8b34ef4ba7279191a269ef3c6cb13f33,1,1
dataset_2_binary_clean_v2,train,train/images/nozzle_extrusion_normal_1369.jpg,train/labels/nozzle_extrusion_normal_1369.txt,134196,38,50048015683f738858d96131b3674bae288cb20262ddc20431f5b57729873476,a48fa3036baf16ec25cd4e93551f2c6e8b34ef4ba7279191a269ef3c6cb13f33,1,1
dataset_2_binary_clean_v2,train,train/images/nozzle_extrusion_normal_1370.jpg,train/labels/nozzle_extrusion_normal_1370.txt,112571,38,884407a2915024740b427b2dc731f7d3ee96cf4ea15ba750fb8881d4fa6e4397,a48fa3036baf16ec25cd4e93551f2c6e8b34ef4ba7279191a269ef3c6cb13f33,1,1
dataset_2_binary_clean_v2,train,train/images/nozzle_extrusion_normal_1371.jpg,train/labels/nozzle_extrusion_normal_1371.txt,134745,38,2ef94ac837fb41b2b0661cdf5ff01d323a3929bd8762e136f87db47a67aa2c88,a48fa3036baf16ec25cd4e93551f2c6e8b34ef4ba7279191a269ef3c6cb13f33,1,1
dataset_2_binary_clean_v2,train,train/images/nozzle_extrusion_normal_1372.jpg,train/labels/nozzle_extrusion_normal_1372.txt,129227,38,6422139e858d8d1f24dba00f6f40e8a20226aef462df75bd8a099707f1ff330a,a48fa3036baf16ec25cd4e93551f2c6e8b34ef4ba7279191a269ef3c6cb13f33,1,1
dataset_2_binary_clean_v2,train,train/images/nozzle_extrusion_normal_1373.jpg,train/labels/nozzle_extrusion_normal_1373.txt,126862,38,45517cb3c373251f09389bab0c19c2ec4fd2c4c10063043111e914ca0a6e3682,a48fa3036baf16ec25cd4e93551f2c6e8b34ef4ba7279191a269ef3c6cb13f33,1,1
dataset_2_binary_clean_v2,train,train/images/nozzle_extrusion_normal_1374.jpg,train/labels/nozzle_extrusion_normal_1374.txt,123311,38,3ed74a5f90df4061441793fb5032ab3f9412fe1e91fd6e15cec6fcf5c364d499,a48fa3036baf16ec25cd4e93551f2c6e8b34ef4ba7279191a269ef3c6cb13f33,1,1
dataset_2_binary_clean_v2,train,train/images/nozzle_extrusion_normal_1375.jpg,train/labels/nozzle_extrusion_normal_1375.txt,123717,38,f03f4b7d634b10e670431876b2e7f9ebfcb8e0a1c7465c1e9dae064f6375e9dd,a48fa3036baf16ec25cd4e93551f2c6e8b34ef4ba7279191a269ef3c6cb13f33,1,1
dataset_2_binary_clean_v2,train,train/images/nozzle_extrusion_normal_1376.jpg,train/labels/nozzle_extrusion_normal_1376.txt,128698,38,7fff063d55460a9fd1f644334ac91a06ceaaee2a75bea8a97fd3af0894ea8f01,a48fa3036baf16ec25cd4e93551f2c6e8b34ef4ba7279191a269ef3c6cb13f33,1,1
dataset_2_binary_clean_v2,train,train/images/nozzle_extrusion_normal_1377.jpg,train/labels/nozzle_extrusion_normal_1377.txt,129920,38,bb96ff96537704f6702508082de60076f46685348236020f3be68834e4d56b4e,a48fa3036baf16ec25cd4e93551f2c6e8b34ef4ba7279191a269ef3c6cb13f33,1,1
dataset_2_binary_clean_v2,train,train/images/nozzle_extrusion_normal_1379.jpg,train/labels/nozzle_extrusion_normal_1379.txt,132213,38,f7816346c08797faee27612ca00bf62a958d9cf4ed78e75ef63dd755891a6208,a48fa3036baf16ec25cd4e93551f2c6e8b34ef4ba7279191a269ef3c6cb13f33,1,1
dataset_2_binary_clean_v2,train,train/images/nozzle_extrusion_normal_1380.jpg,train/labels/nozzle_extrusion_normal_1380.txt,134975,38,62694fb9da59420e9c822bb12a317f607a09d0a3cbe99e03903235d96900759f,a48fa3036baf16ec25cd4e93551f2c6e8b34ef4ba7279191a269ef3c6cb13f33,1,1
dataset_2_binary_clean_v2,train,train/images/nozzle_extrusion_normal_1381.jpg,train/labels/nozzle_extrusion_normal_1381.txt,100550,38,bc286abc215253df5d732e2e24b75759036f6358a4487f2bab40829e6eb26cb4,a48fa3036baf16ec25cd4e93551f2c6e8b34ef4ba7279191a269ef3c6cb13f33,1,1
dataset_2_binary_clean_v2,train,train/images/nozzle_extrusion_normal_1382.jpg,train/labels/nozzle_extrusion_normal_1382.txt,140443,38,bea0d82fc365535d62fe08293a096b04808582339d333b1d43d4cf95e673ff7f,a48fa3036baf16ec25cd4e93551f2c6e8b34ef4ba7279191a269ef3c6cb13f33,1,1
dataset_2_binary_clean_v2,train,train/images/nozzle_extrusion_normal_1383.jpg,train/labels/nozzle_extrusion_normal_1383.txt,150140,38,da4ac073fc4cdb2c56c5fa9a01bd82b5dc5640ddb1ef31546547fd69d496cbf8,a48fa3036baf16ec25cd4e93551f2c6e8b34ef4ba7279191a269ef3c6cb13f33,1,1
dataset_2_binary_clean_v2,train,train/images/nozzle_extrusion_normal_1385.jpg,train/labels/nozzle_extrusion_normal_1385.txt,136416,38,8bd9b437276f1db86680f1bc25cb7a9afd63444808d9638ca8118be6ee5414e8,a48fa3036baf16ec25cd4e93551f2c6e8b34ef4ba7279191a269ef3c6cb13f33,1,1
dataset_2_binary_clean_v2,train,train/images/nozzle_extrusion_normal_1386.jpg,train/labels/nozzle_extrusion_normal_1386.txt,136391,38,ce9cfa4a887dbb9b691db1d857c09308efe3ff58904ad3f8b8b66a6d2a3fe334,a48fa3036baf16ec25cd4e93551f2c6e8b34ef4ba7279191a269ef3c6cb13f33,1,1
dataset_2_binary_clean_v2,train,train/images/nozzle_extrusion_normal_1388.jpg,train/labels/nozzle_extrusion_normal_1388.txt,137069,38,446693e0d90de83c04e47bc2f87941e285200283c00f9259431112a27ecd185d,a48fa3036baf16ec25cd4e93551f2c6e8b34ef4ba7279191a269ef3c6cb13f33,1,1
dataset_2_binary_clean_v2,train,train/images/nozzle_extrusion_normal_1389.jpg,train/labels/nozzle_extrusion_normal_1389.txt,102032,38,bebac4d5001ae613befe545eb623d8e5ba4f9d30f9cb20ba8d1525a0e7527755,a48fa3036baf16ec25cd4e93551f2c6e8b34ef4ba7279191a269ef3c6cb13f33,1,1
dataset_2_binary_clean_v2,train,train/images/nozzle_extrusion_normal_1390.jpg,train/labels/nozzle_extrusion_normal_1390.txt,116993,38,b1833c1efbf83dc481bbeb74a6986cb507a9e77bb39638515dc2fd1885535f05,a48fa3036baf16ec25cd4e93551f2c6e8b34ef4ba7279191a269ef3c6cb13f33,1,1
dataset_2_binary_clean_v2,train,train/images/nozzle_extrusion_normal_1392.jpg,train/labels/nozzle_extrusion_normal_1392.txt,114793,38,9649a91728d1c45d343c7e052e0ce5b8ca9c9e890e299001972925ee2793f089,a48fa3036baf16ec25cd4e93551f2c6e8b34ef4ba7279191a269ef3c6cb13f33,1,1
dataset_2_binary_clean_v2,train,train/images/nozzle_extrusion_normal_1393.jpg,train/labels/nozzle_extrusion_normal_1393.txt,122469,38,45c6b28be183738d8d90b05c854a762cdba85e61be4113d17d5d4d2ba5624929,a48fa3036baf16ec25cd4e93551f2c6e8b34ef4ba7279191a269ef3c6cb13f33,1,1
dataset_2_binary_clean_v2,train,train/images/nozzle_extrusion_normal_1394.jpg,train/labels/nozzle_extrusion_normal_1394.txt,125606,38,f9f1d590b0970a40fc33991a8d648d5218dff90a7da4b139b911d15f31c78c88,a48fa3036baf16ec25cd4e93551f2c6e8b34ef4ba7279191a269ef3c6cb13f33,1,1
dataset_2_binary_clean_v2,train,train/images/nozzle_extrusion_normal_1395.jpg,train/labels/nozzle_extrusion_normal_1395.txt,145963,38,2ebf22e79720a8cec62fe42a1ba2c07b25f46b84a339581c90f9f3a2ce73c680,a48fa3036baf16ec25cd4e93551f2c6e8b34ef4ba7279191a269ef3c6cb13f33,1,1
dataset_2_binary_clean_v2,train,train/images/nozzle_extrusion_normal_1396.jpg,train/labels/nozzle_extrusion_normal_1396.txt,135824,38,fb8407aed01da22af1c013748d58f2bd5406d4fd1d3a2b16c9828a09529bb468,a48fa3036baf16ec25cd4e93551f2c6e8b34ef4ba7279191a269ef3c6cb13f33,1,1
dataset_2_binary_clean_v2,train,train/images/nozzle_extrusion_normal_1398.jpg,train/labels/nozzle_extrusion_normal_1398.txt,113397,38,2704b2e6e5e1191d73df839e274e57a3b6cde2c4aa443de30ea0fcc83a2e6d0b,a48fa3036baf16ec25cd4e93551f2c6e8b34ef4ba7279191a269ef3c6cb13f33,1,1
dataset_2_binary_clean_v2,train,train/images/nozzle_extrusion_normal_1399.jpg,train/labels/nozzle_extrusion_normal_1399.txt,119958,38,d12286eab4e7c5c73aa3917cea80b9bb9381226fb3992fdfb6158a07577e06c2,a48fa3036baf16ec25cd4e93551f2c6e8b34ef4ba7279191a269ef3c6cb13f33,1,1
dataset_2_binary_clean_v2,train,train/images/nozzle_extrusion_normal_1400.jpg,train/labels/nozzle_extrusion_normal_1400.txt,121236,38,fd53492cf9f2d7ed1111b5374c1953831e46d12f12142c64879827cbd261cdf5,a48fa3036baf16ec25cd4e93551f2c6e8b34ef4ba7279191a269ef3c6cb13f33,1,1
dataset_2_binary_clean_v2,train,train/images/nozzle_extrusion_normal_1401.jpg,train/labels/nozzle_extrusion_normal_1401.txt,124568,38,d36576d21ae5570e0c076146dc77f93a9ce07ff76e388ef3777c2d8e5e77b27b,a48fa3036baf16ec25cd4e93551f2c6e8b34ef4ba7279191a269ef3c6cb13f33,1,1
dataset_2_binary_clean_v2,train,train/images/nozzle_extrusion_normal_1402.jpg,train/labels/nozzle_extrusion_normal_1402.txt,129848,38,03dbb23f7d7d4d8226b9debf8847bd5212f5caf0757e6157463ec6af70452a45,a48fa3036baf16ec25cd4e93551f2c6e8b34ef4ba7279191a269ef3c6cb13f33,1,1
dataset_2_binary_clean_v2,train,train/images/nozzle_extrusion_normal_1404.jpg,train/labels/nozzle_extrusion_normal_1404.txt,130582,38,5c857dae9733974721af928619292b7279e290eeb16f5bf4e38d41c3f4ba5367,a48fa3036baf16ec25cd4e93551f2c6e8b34ef4ba7279191a269ef3c6cb13f33,1,1
dataset_2_binary_clean_v2,train,train/images/nozzle_extrusion_normal_1405.jpg,train/labels/nozzle_extrusion_normal_1405.txt,135412,38,95037b15e85c2802adf38180d0ebe9a426783b43937c76c3ca4553f44be96eb5,a48fa3036baf16ec25cd4e93551f2c6e8b34ef4ba7279191a269ef3c6cb13f33,1,1
dataset_2_binary_clean_v2,train,train/images/nozzle_extrusion_normal_1406.jpg,train/labels/nozzle_extrusion_normal_1406.txt,143533,38,db4e24492e605f86d0a9ccb3530a221898b5aad5bf46dee179c253e58975e612,a48fa3036baf16ec25cd4e93551f2c6e8b34ef4ba7279191a269ef3c6cb13f33,1,1
dataset_2_binary_clean_v2,train,train/images/nozzle_extrusion_normal_1407.jpg,train/labels/nozzle_extrusion_normal_1407.txt,141498,38,eea6ac2a7bda87af68e1ec3127bd5524f4f224b4cfef8c12c82e5d0b2745d4f8,a48fa3036baf16ec25cd4e93551f2c6e8b34ef4ba7279191a269ef3c6cb13f33,1,1
dataset_2_binary_clean_v2,train,train/images/nozzle_extrusion_normal_1409.jpg,train/labels/nozzle_extrusion_normal_1409.txt,136571,38,41677ab1d9347f4c926ea2d96ce44c10963021ff25ca1d9b2a91a237e382bab9,a48fa3036baf16ec25cd4e93551f2c6e8b34ef4ba7279191a269ef3c6cb13f33,1,1
dataset_2_binary_clean_v2,train,train/images/nozzle_extrusion_normal_1411.jpg,train/labels/nozzle_extrusion_normal_1411.txt,136646,38,746e846dd173104c8c3d728f1e5d3ee7efaea3679a69af03270bff570da17f15,a48fa3036baf16ec25cd4e93551f2c6e8b34ef4ba7279191a269ef3c6cb13f33,1,1
dataset_2_binary_clean_v2,train,train/images/nozzle_extrusion_normal_1412.jpg,train/labels/nozzle_extrusion_normal_1412.txt,135202,38,8e34665ceb957041cd9a99c69fce81064cf0d150fc358db02057ab0000d13b03,a48fa3036baf16ec25cd4e93551f2c6e8b34ef4ba7279191a269ef3c6cb13f33,1,1
dataset_2_binary_clean_v2,train,train/images/nozzle_extrusion_normal_1416.jpg,train/labels/nozzle_extrusion_normal_1416.txt,92233,38,2e44b2ba0bf1d0b6bf24fa9910a68076d7fca7f004f829f89934dfb7cd5bcbf0,a48fa3036baf16ec25cd4e93551f2c6e8b34ef4ba7279191a269ef3c6cb13f33,1,1
dataset_2_binary_clean_v2,train,train/images/nozzle_extrusion_normal_1417.jpg,train/labels/nozzle_extrusion_normal_1417.txt,117553,38,cdf9f6b04a62e58fe8d602a876e3de009c0637ca80b800c83e2975c1fc0e8a23,a48fa3036baf16ec25cd4e93551f2c6e8b34ef4ba7279191a269ef3c6cb13f33,1,1
dataset_2_binary_clean_v2,train,train/images/nozzle_extrusion_normal_1418.jpg,train/labels/nozzle_extrusion_normal_1418.txt,139549,38,09b057af45f43be7d8fba7b7c0e7f95ca1afe94b287df3a7ae9da883b794cff6,a48fa3036baf16ec25cd4e93551f2c6e8b34ef4ba7279191a269ef3c6cb13f33,1,1
dataset_2_binary_clean_v2,train,train/images/nozzle_extrusion_normal_1420.jpg,train/labels/nozzle_extrusion_normal_1420.txt,128602,38,c27158c36ac663257981c2d558078bd6edac4e2297a491b0ca6a7a7d1c8444f8,a48fa3036baf16ec25cd4e93551f2c6e8b34ef4ba7279191a269ef3c6cb13f33,1,1
dataset_2_binary_clean_v2,train,train/images/nozzle_extrusion_normal_1422.jpg,train/labels/nozzle_extrusion_normal_1422.txt,126106,38,2f61eaa3fecf5f0c31eb92ec110a48c30b774aa8639187857c17e3e6aff6025c,a48fa3036baf16ec25cd4e93551f2c6e8b34ef4ba7279191a269ef3c6cb13f33,1,1
dataset_2_binary_clean_v2,train,train/images/nozzle_extrusion_normal_1423.jpg,train/labels/nozzle_extrusion_normal_1423.txt,126946,38,917a356cb432312a6b74757eb11fd8b2884e0b3b98c3339ccab702f6e51b9067,a48fa3036baf16ec25cd4e93551f2c6e8b34ef4ba7279191a269ef3c6cb13f33,1,1
dataset_2_binary_clean_v2,train,train/images/nozzle_extrusion_normal_1424.jpg,train/labels/nozzle_extrusion_normal_1424.txt,94784,38,9641988b90bf033bb64064f9322c03d6cd31496aa9f67d3958d7a7f4b7098ee9,a48fa3036baf16ec25cd4e93551f2c6e8b34ef4ba7279191a269ef3c6cb13f33,1,1
dataset_2_binary_clean_v2,train,train/images/nozzle_extrusion_normal_1425.jpg,train/labels/nozzle_extrusion_normal_1425.txt,117107,38,b10c24af44620bb51409ebdf5d43931b371514442cab50c729928cfdbf5b4521,a48fa3036baf16ec25cd4e93551f2c6e8b34ef4ba7279191a269ef3c6cb13f33,1,1
dataset_2_binary_clean_v2,train,train/images/nozzle_extrusion_normal_1426.jpg,train/labels/nozzle_extrusion_normal_1426.txt,125880,38,dac1d2ab596eea63cf9126f414818d40707eb18ff8dc88b86d18861eb4c93bad,a48fa3036baf16ec25cd4e93551f2c6e8b34ef4ba7279191a269ef3c6cb13f33,1,1
dataset_2_binary_clean_v2,train,train/images/nozzle_extrusion_normal_1427.jpg,train/labels/nozzle_extrusion_normal_1427.txt,129131,38,5632d8c93309b00dc54626d41c492155f0c869d2c70d2f6b9f5cf4f854cf22db,a48fa3036baf16ec25cd4e93551f2c6e8b34ef4ba7279191a269ef3c6cb13f33,1,1
dataset_2_binary_clean_v2,train,train/images/nozzle_extrusion_normal_1428.jpg,train/labels/nozzle_extrusion_normal_1428.txt,137386,38,14387cc177354f13eacd20cc672282776ad2f629cbd7decd45819f2412284082,a48fa3036baf16ec25cd4e93551f2c6e8b34ef4ba7279191a269ef3c6cb13f33,1,1
dataset_2_binary_clean_v2,train,train/images/nozzle_extrusion_normal_1431.jpg,train/labels/nozzle_extrusion_normal_1431.txt,145785,38,0fd0d123fe435bcf9a80de6ea56bcd18b92e0d8fb73980e37ff006c0072cd14f,a48fa3036baf16ec25cd4e93551f2c6e8b34ef4ba7279191a269ef3c6cb13f33,1,1
dataset_2_binary_clean_v2,train,train/images/nozzle_extrusion_normal_1432.jpg,train/labels/nozzle_extrusion_normal_1432.txt,129596,38,ebeec21f90231287b80d3c589f9931dd3ab25b1a4ab7658f828de8c048ef17f9,a48fa3036baf16ec25cd4e93551f2c6e8b34ef4ba7279191a269ef3c6cb13f33,1,1
dataset_2_binary_clean_v2,train,train/images/nozzle_extrusion_normal_1434.jpg,train/labels/nozzle_extrusion_normal_1434.txt,131491,38,9558200e56395acee5f619bbf7e5bb16d9ff6b7e6e0203a0ada2f99b4473e6ca,a48fa3036baf16ec25cd4e93551f2c6e8b34ef4ba7279191a269ef3c6cb13f33,1,1
dataset_2_binary_clean_v2,train,train/images/nozzle_extrusion_normal_1436.jpg,train/labels/nozzle_extrusion_normal_1436.txt,125523,38,4ab2bc16591938c1cfc07b1b8cd2717cf74dce715f82044e0a041244ddac84b6,a48fa3036baf16ec25cd4e93551f2c6e8b34ef4ba7279191a269ef3c6cb13f33,1,1
dataset_2_binary_clean_v2,train,train/images/nozzle_extrusion_normal_1438.jpg,train/labels/nozzle_extrusion_normal_1438.txt,120775,38,61eae8a4454b5404ce34a6ff7075710dd79d60aac2a25da780e4b92ba7594607,a48fa3036baf16ec25cd4e93551f2c6e8b34ef4ba7279191a269ef3c6cb13f33,1,1
dataset_2_binary_clean_v2,train,train/images/nozzle_extrusion_normal_1440.jpg,train/labels/nozzle_extrusion_normal_1440.txt,139578,38,b3cd48406ef510e392e9424829dccd315f3889e9a7c08d6e6a198641af54cde2,a48fa3036baf16ec25cd4e93551f2c6e8b34ef4ba7279191a269ef3c6cb13f33,1,1
dataset_2_binary_clean_v2,train,train/images/nozzle_extrusion_normal_1441.jpg,train/labels/nozzle_extrusion_normal_1441.txt,134819,38,e77b44267f1e71ea234471713a809c393bce4cd97034a3b34647724660c6a426,a48fa3036baf16ec25cd4e93551f2c6e8b34ef4ba7279191a269ef3c6cb13f33,1,1
dataset_2_binary_clean_v2,train,train/images/nozzle_extrusion_normal_1443.jpg,train/labels/nozzle_extrusion_normal_1443.txt,129333,38,cd60451fc5e83fe05abafc6a143bda989f182f74ef3a6ba982a2e301c7df8917,a48fa3036baf16ec25cd4e93551f2c6e8b34ef4ba7279191a269ef3c6cb13f33,1,1
dataset_2_binary_clean_v2,train,train/images/nozzle_extrusion_normal_1444.jpg,train/labels/nozzle_extrusion_normal_1444.txt,128572,38,a40ee1e4229856876598f9fa700a8a504c642f7ac454b77013941e6c70b99c8b,a48fa3036baf16ec25cd4e93551f2c6e8b34ef4ba7279191a269ef3c6cb13f33,1,1
dataset_2_binary_clean_v2,train,train/images/nozzle_extrusion_normal_1445.jpg,train/labels/nozzle_extrusion_normal_1445.txt,130089,38,9ed9244508d4b97c48f19d0091ea1dd02c6ab6a1573d7e60b19833b85b8a85a4,a48fa3036baf16ec25cd4e93551f2c6e8b34ef4ba7279191a269ef3c6cb13f33,1,1
dataset_2_binary_clean_v2,train,train/images/nozzle_extrusion_normal_1446.jpg,train/labels/nozzle_extrusion_normal_1446.txt,133341,38,336e4fc2e5b2f626227a98cad8f73f634a2cb0288d60350d5bbd105292d0cb5d,a48fa3036baf16ec25cd4e93551f2c6e8b34ef4ba7279191a269ef3c6cb13f33,1,1
dataset_2_binary_clean_v2,train,train/images/nozzle_extrusion_normal_1447.jpg,train/labels/nozzle_extrusion_normal_1447.txt,133020,38,b97084b4c78918ce7839142748f14bf3482c71b51075b17e004e0bf5b769ccaf,a48fa3036baf16ec25cd4e93551f2c6e8b34ef4ba7279191a269ef3c6cb13f33,1,1
dataset_2_binary_clean_v2,train,train/images/nozzle_extrusion_normal_1448.jpg,train/labels/nozzle_extrusion_normal_1448.txt,132859,38,c31f83c91a4c39a0826eca29d722e07130dbd11bb531b248d9af52d46bc6fc81,a48fa3036baf16ec25cd4e93551f2c6e8b34ef4ba7279191a269ef3c6cb13f33,1,1
dataset_2_binary_clean_v2,train,train/images/nozzle_extrusion_normal_1450.jpg,train/labels/nozzle_extrusion_normal_1450.txt,146352,38,36cdc2d88d9934026973763266cf39fe38c3c54ca56b67dfa842e9de05651525,a48fa3036baf16ec25cd4e93551f2c6e8b34ef4ba7279191a269ef3c6cb13f33,1,1
dataset_2_binary_clean_v2,train,train/images/nozzle_extrusion_normal_1451.jpg,train/labels/nozzle_extrusion_normal_1451.txt,151003,38,12bea6423196d400b0b07f049c59bdcafc895e80b856ec4d1ddb135bedae34a8,a48fa3036baf16ec25cd4e93551f2c6e8b34ef4ba7279191a269ef3c6cb13f33,1,1
dataset_2_binary_clean_v2,train,train/images/nozzle_extrusion_normal_1453.jpg,train/labels/nozzle_extrusion_normal_1453.txt,143558,38,2d9e6c449e4c885989f1083bf97a8e46b5f2388235177ccf1e699d8136d78ba7,a48fa3036baf16ec25cd4e93551f2c6e8b34ef4ba7279191a269ef3c6cb13f33,1,1
dataset_2_binary_clean_v2,train,train/images/nozzle_extrusion_normal_1455.jpg,train/labels/nozzle_extrusion_normal_1455.txt,137320,38,490695f29d351421ea315b1b894e592e07d3bccc2f8381ed83b20ce5123a15e2,a48fa3036baf16ec25cd4e93551f2c6e8b34ef4ba7279191a269ef3c6cb13f33,1,1
dataset_2_binary_clean_v2,train,train/images/nozzle_extrusion_normal_1456.jpg,train/labels/nozzle_extrusion_normal_1456.txt,135510,38,3e893f047b404b628f887d89cdb85aea5673e808580b23232bcc2a46e397c736,a48fa3036baf16ec25cd4e93551f2c6e8b34ef4ba7279191a269ef3c6cb13f33,1,1
dataset_2_binary_clean_v2,train,train/images/nozzle_extrusion_normal_1458.jpg,train/labels/nozzle_extrusion_normal_1458.txt,111643,38,db7f9f98232f535c43185a0370b1726deb43c7ec83939b9921138d4da4ed20e6,a48fa3036baf16ec25cd4e93551f2c6e8b34ef4ba7279191a269ef3c6cb13f33,1,1
dataset_2_binary_clean_v2,train,train/images/nozzle_extrusion_normal_1459.jpg,train/labels/nozzle_extrusion_normal_1459.txt,119999,38,2bc46ae43a0ed5bf74bac06278c843590f1474344576a03b11e3e65122bb6af1,a48fa3036baf16ec25cd4e93551f2c6e8b34ef4ba7279191a269ef3c6cb13f33,1,1
dataset_2_binary_clean_v2,train,train/images/nozzle_extrusion_normal_1460.jpg,train/labels/nozzle_extrusion_normal_1460.txt,136644,38,682fcc5598c8a8ecd4677f6b6f9296f29abf5f7d6398db21e91149c5a1bc26e7,a48fa3036baf16ec25cd4e93551f2c6e8b34ef4ba7279191a269ef3c6cb13f33,1,1
dataset_2_binary_clean_v2,train,train/images/nozzle_extrusion_normal_1462.jpg,train/labels/nozzle_extrusion_normal_1462.txt,130226,38,440995c5b1f9c2c8a64dab3635445808f3da3fdf74c2127daaf285065e059254,a48fa3036baf16ec25cd4e93551f2c6e8b34ef4ba7279191a269ef3c6cb13f33,1,1
dataset_2_binary_clean_v2,train,train/images/nozzle_extrusion_normal_1463.jpg,train/labels/nozzle_extrusion_normal_1463.txt,129692,38,5be327b4601cf1c217d4b45ed1f3f17087c9eede3875a4da0a2b348b8a668a44,a48fa3036baf16ec25cd4e93551f2c6e8b34ef4ba7279191a269ef3c6cb13f33,1,1
dataset_2_binary_clean_v2,train,train/images/nozzle_extrusion_normal_1464.jpg,train/labels/nozzle_extrusion_normal_1464.txt,92335,38,6559567d1d42c94d630f4c3360c1f2f493a392da67c3a8cefe067104d3b50b8e,a48fa3036baf16ec25cd4e93551f2c6e8b34ef4ba7279191a269ef3c6cb13f33,1,1
dataset_2_binary_clean_v2,train,train/images/nozzle_extrusion_normal_1465.jpg,train/labels/nozzle_extrusion_normal_1465.txt,115247,38,9e85c11ff818d087a101706102ae80d3f13f36f25bd02c2313e6afbe8c49f527,a48fa3036baf16ec25cd4e93551f2c6e8b34ef4ba7279191a269ef3c6cb13f33,1,1
dataset_2_binary_clean_v2,train,train/images/nozzle_extrusion_normal_1466.jpg,train/labels/nozzle_extrusion_normal_1466.txt,123063,38,f65112b30017581bfa74c6235ee6e19dda0f1dc2f103fec14fd2c29f823aaa09,a48fa3036baf16ec25cd4e93551f2c6e8b34ef4ba7279191a269ef3c6cb13f33,1,1
dataset_2_binary_clean_v2,train,train/images/nozzle_extrusion_normal_1468.jpg,train/labels/nozzle_extrusion_normal_1468.txt,127388,38,aa3ec69c878077a1ef6bd929548775d3d71d0b6d865f75a91fb64e6e57ef5391,a48fa3036baf16ec25cd4e93551f2c6e8b34ef4ba7279191a269ef3c6cb13f33,1,1
dataset_2_binary_clean_v2,train,train/images/nozzle_extrusion_normal_1469.jpg,train/labels/nozzle_extrusion_normal_1469.txt,138929,38,53b23551a92e35cbdd8521bd00176916a424daae4799281912594b65b823ef6d,a48fa3036baf16ec25cd4e93551f2c6e8b34ef4ba7279191a269ef3c6cb13f33,1,1
dataset_2_binary_clean_v2,train,train/images/nozzle_extrusion_normal_1470.jpg,train/labels/nozzle_extrusion_normal_1470.txt,153773,38,150e4934da1bac3717aac47b1a55375351dc413804b9ad5262d5990f45047df9,a48fa3036baf16ec25cd4e93551f2c6e8b34ef4ba7279191a269ef3c6cb13f33,1,1
dataset_2_binary_clean_v2,train,train/images/nozzle_extrusion_normal_1471.jpg,train/labels/nozzle_extrusion_normal_1471.txt,152806,38,27bf5c935b161c5de8731fd80b47aaca90928f21b547b7a94efc5e540034b3cc,a48fa3036baf16ec25cd4e93551f2c6e8b34ef4ba7279191a269ef3c6cb13f33,1,1
dataset_2_binary_clean_v2,train,train/images/nozzle_extrusion_normal_1472.jpg,train/labels/nozzle_extrusion_normal_1472.txt,104372,38,bbe29f3c840793a9841823f1b16df2d14a74f5bf0866a31d6d5685907df990c2,a48fa3036baf16ec25cd4e93551f2c6e8b34ef4ba7279191a269ef3c6cb13f33,1,1
dataset_2_binary_clean_v2,train,train/images/nozzle_extrusion_normal_1474.jpg,train/labels/nozzle_extrusion_normal_1474.txt,136179,38,924ba32c9e615af7af8e82901f44f61f058912dd93dfb5a5f86e011e7086d011,a48fa3036baf16ec25cd4e93551f2c6e8b34ef4ba7279191a269ef3c6cb13f33,1,1
dataset_2_binary_clean_v2,train,train/images/nozzle_extrusion_normal_1475.jpg,train/labels/nozzle_extrusion_normal_1475.txt,134544,38,4f617b54d4066b9354e6fcea3283c96775c4e5a69d3d757ed73d900c15972e69,a48fa3036baf16ec25cd4e93551f2c6e8b34ef4ba7279191a269ef3c6cb13f33,1,1
dataset_2_binary_clean_v2,train,train/images/nozzle_extrusion_normal_1477.jpg,train/labels/nozzle_extrusion_normal_1477.txt,130645,38,adc62f5e4d9c0b2aca3c2991b9f2cc8d9cfe652167dbe46cc332887f7c2edaf8,a48fa3036baf16ec25cd4e93551f2c6e8b34ef4ba7279191a269ef3c6cb13f33,1,1
dataset_2_binary_clean_v2,train,train/images/nozzle_extrusion_normal_1478.jpg,train/labels/nozzle_extrusion_normal_1478.txt,129063,38,02374a1ac522c7f49d8552c9a0afc40115a1dd2ada4fb3c215cb2728ba48d7c6,a48fa3036baf16ec25cd4e93551f2c6e8b34ef4ba7279191a269ef3c6cb13f33,1,1
dataset_2_binary_clean_v2,train,train/images/nozzle_extrusion_normal_1479.jpg,train/labels/nozzle_extrusion_normal_1479.txt,129077,38,85d56b3dc89598934ab9b1d240a63fc29b367842be46dbc951e453990c005f96,a48fa3036baf16ec25cd4e93551f2c6e8b34ef4ba7279191a269ef3c6cb13f33,1,1
dataset_2_binary_clean_v2,train,train/images/nozzle_extrusion_normal_1481.jpg,train/labels/nozzle_extrusion_normal_1481.txt,131590,38,69916203fe683f4f2931b037085668f440b19b0eb541003700b47d52d1fdd37d,a48fa3036baf16ec25cd4e93551f2c6e8b34ef4ba7279191a269ef3c6cb13f33,1,1
dataset_2_binary_clean_v2,train,train/images/nozzle_extrusion_normal_1482.jpg,train/labels/nozzle_extrusion_normal_1482.txt,128489,38,7d666359d489d281a2abec35bcbfcec71a824a0691b10fb3a2fbc47bd14f1d2a,a48fa3036baf16ec25cd4e93551f2c6e8b34ef4ba7279191a269ef3c6cb13f33,1,1
dataset_2_binary_clean_v2,train,train/images/nozzle_extrusion_normal_1486.jpg,train/labels/nozzle_extrusion_normal_1486.txt,142560,38,c26043359d65d97aae2b2e3d699ca99b3dfe83c75328579afa266eb28a7d499d,a48fa3036baf16ec25cd4e93551f2c6e8b34ef4ba7279191a269ef3c6cb13f33,1,1
dataset_2_binary_clean_v2,train,train/images/nozzle_extrusion_normal_1487.jpg,train/labels/nozzle_extrusion_normal_1487.txt,140463,38,3141d20f7b9193612a417d841c4771bd21da9af80a77c846c587d45f92ddee44,a48fa3036baf16ec25cd4e93551f2c6e8b34ef4ba7279191a269ef3c6cb13f33,1,1
dataset_2_binary_clean_v2,train,train/images/nozzle_extrusion_normal_1488.jpg,train/labels/nozzle_extrusion_normal_1488.txt,139395,38,f6aa3aeb9c6999762db65108e369e19fa0f285bc68f70f507a7dd2e40ed9cd36,a48fa3036baf16ec25cd4e93551f2c6e8b34ef4ba7279191a269ef3c6cb13f33,1,1
dataset_2_binary_clean_v2,train,train/images/nozzle_extrusion_normal_1490.jpg,train/labels/nozzle_extrusion_normal_1490.txt,134285,38,15e4a209b102146d1aa40eb31f933ee2a8d2d1852325a140f0642ad57118c414,a48fa3036baf16ec25cd4e93551f2c6e8b34ef4ba7279191a269ef3c6cb13f33,1,1
dataset_2_binary_clean_v2,train,train/images/nozzle_extrusion_normal_1491.jpg,train/labels/nozzle_extrusion_normal_1491.txt,130980,38,a18ed3af60e98b3adc866ed609315aee503deec089a2bc0d5b14f977b3b79c52,a48fa3036baf16ec25cd4e93551f2c6e8b34ef4ba7279191a269ef3c6cb13f33,1,1
dataset_2_binary_clean_v2,train,train/images/nozzle_extrusion_normal_1492.jpg,train/labels/nozzle_extrusion_normal_1492.txt,131331,38,36efbb77901c6fb9772543dd5b56c83c8d7bb63c5b8aa2b1d3f98035dc703d4a,a48fa3036baf16ec25cd4e93551f2c6e8b34ef4ba7279191a269ef3c6cb13f33,1,1
dataset_2_binary_clean_v2,train,train/images/nozzle_extrusion_normal_1495.jpg,train/labels/nozzle_extrusion_normal_1495.txt,128939,38,de8ebf520e352e7938bdcb6fcdc66d4674f30ca3d87aaa634efae7e7e54d1d06,a48fa3036baf16ec25cd4e93551f2c6e8b34ef4ba7279191a269ef3c6cb13f33,1,1
dataset_2_binary_clean_v2,train,train/images/nozzle_extrusion_normal_1497.jpg,train/labels/nozzle_extrusion_normal_1497.txt,132879,38,62a97b6f177d48c6abcbf99bab59414f7f76e9e147ac215df9ba2238d5aaaac9,a48fa3036baf16ec25cd4e93551f2c6e8b34ef4ba7279191a269ef3c6cb13f33,1,1
dataset_2_binary_clean_v2,train,train/images/nozzle_extrusion_normal_1498.jpg,train/labels/nozzle_extrusion_normal_1498.txt,102817,38,80459c8c9c23930fdf325bbcdf8777310292be618c823308a30a28ffd8762e6b,a48fa3036baf16ec25cd4e93551f2c6e8b34ef4ba7279191a269ef3c6cb13f33,1,1
dataset_2_binary_clean_v2,train,train/images/nozzle_extrusion_normal_1499.jpg,train/labels/nozzle_extrusion_normal_1499.txt,140827,38,ffc98d5d3e92df695f44b665c740dad57680bd08daecc0e83932985c005f7e99,a48fa3036baf16ec25cd4e93551f2c6e8b34ef4ba7279191a269ef3c6cb13f33,1,1
dataset_2_binary_clean_v2,train,train/images/nozzle_extrusion_normal_1500.jpg,train/labels/nozzle_extrusion_normal_1500.txt,142298,38,35709a6ab19df61aa1b758f16032c910ec4006166e20fbb5e3667471e398d8c1,a48fa3036baf16ec25cd4e93551f2c6e8b34ef4ba7279191a269ef3c6cb13f33,1,1
dataset_2_binary_clean_v2,train,train/images/nozzle_extrusion_normal_1502.jpg,train/labels/nozzle_extrusion_normal_1502.txt,131007,38,54f7950341990fe31ed4d23ab4a39fee14071565e4ffc84ee2a0123389f14088,a48fa3036baf16ec25cd4e93551f2c6e8b34ef4ba7279191a269ef3c6cb13f33,1,1
dataset_2_binary_clean_v2,train,train/images/nozzle_extrusion_normal_1503.jpg,train/labels/nozzle_extrusion_normal_1503.txt,129170,38,9c1399ffdc06247c6cf23c04a6fc62cc56e76b2db525578fb8f9760147d3f211,a48fa3036baf16ec25cd4e93551f2c6e8b34ef4ba7279191a269ef3c6cb13f33,1,1
dataset_2_binary_clean_v2,train,train/images/nozzle_extrusion_normal_1504.jpg,train/labels/nozzle_extrusion_normal_1504.txt,125698,38,e04e6bbc2484af6089b9a6d4ac208189fa3ef15e48710626fce6baeb10286152,a48fa3036baf16ec25cd4e93551f2c6e8b34ef4ba7279191a269ef3c6cb13f33,1,1
dataset_2_binary_clean_v2,train,train/images/nozzle_extrusion_normal_1506.jpg,train/labels/nozzle_extrusion_normal_1506.txt,127945,38,864ee5ab7893276e7cce6126e9f5e7845053df1ba22cc2ff160c6c8137dd3f81,a48fa3036baf16ec25cd4e93551f2c6e8b34ef4ba7279191a269ef3c6cb13f33,1,1
dataset_2_binary_clean_v2,train,train/images/nozzle_extrusion_normal_1507.jpg,train/labels/nozzle_extrusion_normal_1507.txt,129664,38,251fd5fd60fdcba0eb607c463107d2ddcad877a216b1b5955ddee6be9a63e0ae,a48fa3036baf16ec25cd4e93551f2c6e8b34ef4ba7279191a269ef3c6cb13f33,1,1
dataset_2_binary_clean_v2,train,train/images/nozzle_extrusion_normal_1508.jpg,train/labels/nozzle_extrusion_normal_1508.txt,102503,38,c38b771a2fa434edcc63355d5a00f8d6f85261ffc69bea33f7a4b9901d692f95,a48fa3036baf16ec25cd4e93551f2c6e8b34ef4ba7279191a269ef3c6cb13f33,1,1
dataset_2_binary_clean_v2,train,train/images/nozzle_extrusion_normal_1510.jpg,train/labels/nozzle_extrusion_normal_1510.txt,138331,38,04e7f40752f8b5e4b1f9b54bd8a23249428ee4d2cda6af79c5dc486a853fbd2d,a48fa3036baf16ec25cd4e93551f2c6e8b34ef4ba7279191a269ef3c6cb13f33,1,1
dataset_2_binary_clean_v2,train,train/images/nozzle_extrusion_normal_1512.jpg,train/labels/nozzle_extrusion_normal_1512.txt,128845,38,18ff12e91e3a166371982be21642130544634a6c9552962963acf0356dc69617,a48fa3036baf16ec25cd4e93551f2c6e8b34ef4ba7279191a269ef3c6cb13f33,1,1
dataset_2_binary_clean_v2,train,train/images/nozzle_extrusion_normal_1513.jpg,train/labels/nozzle_extrusion_normal_1513.txt,137584,38,fd2fbab1160a6c867e594db5996dfc084e847e3fccc24348113085890be42583,a48fa3036baf16ec25cd4e93551f2c6e8b34ef4ba7279191a269ef3c6cb13f33,1,1
dataset_2_binary_clean_v2,train,train/images/nozzle_extrusion_normal_1515.jpg,train/labels/nozzle_extrusion_normal_1515.txt,131305,38,dad02e099d3524da1d3718ae94dda4797f9a42248e09d830365e44b031de712d,a48fa3036baf16ec25cd4e93551f2c6e8b34ef4ba7279191a269ef3c6cb13f33,1,1
dataset_2_binary_clean_v2,train,train/images/nozzle_extrusion_normal_1517.jpg,train/labels/nozzle_extrusion_normal_1517.txt,107475,38,5fbb507c3b67b78df1903e23a232539a3d6af47e176e28229eadac7cb0283ae4,a48fa3036baf16ec25cd4e93551f2c6e8b34ef4ba7279191a269ef3c6cb13f33,1,1
dataset_2_binary_clean_v2,train,train/images/nozzle_extrusion_normal_1518.jpg,train/labels/nozzle_extrusion_normal_1518.txt,115311,38,ee86e356f1c752b512d77aca31fbd365d8f4241322d01f46f9652ed41b2e4c52,a48fa3036baf16ec25cd4e93551f2c6e8b34ef4ba7279191a269ef3c6cb13f33,1,1
dataset_2_binary_clean_v2,train,train/images/nozzle_heavy_contamination_0001.jpg,train/labels/nozzle_heavy_contamination_0001.txt,134614,38,df623e1b6abe9357bb11ec9cfb9d438e208e8c140236ff4e6222049660eab02f,2d8d0707673d06c5541c133be0d32f5a30b8ffc25b0b98ddbf867fd105cf64ba,1,1
dataset_2_binary_clean_v2,train,train/images/nozzle_heavy_contamination_0004.jpg,train/labels/nozzle_heavy_contamination_0004.txt,129238,38,60d609bd025527e349dff331d5ad86b25aa9d306215c902f30d6f45980945edc,52b6f385061a0db075336b61ad6c7dc7b83f8b1109550aa9f6e30a7fb03b08d5,1,1
dataset_2_binary_clean_v2,train,train/images/nozzle_heavy_contamination_0008.jpg,train/labels/nozzle_heavy_contamination_0008.txt,138494,38,9d536d0d20a536d48204063ae543df57205073c6b2e26495f295f6bdaff9005e,ea411e7cf0f9a9a226afe880146ddfb28dcc50f91ec79d65f30337ee2a218076,1,1
dataset_2_binary_clean_v2,train,train/images/nozzle_heavy_contamination_0009.jpg,train/labels/nozzle_heavy_contamination_0009.txt,140742,38,3e02becc340218453f098984a25e0120bd8482204abb954150a6a77ca9e792d9,b9e8b9217482785c6c0304786d3b816f11aee1235e58a71e0a0df2e861a2c779,1,1
dataset_2_binary_clean_v2,train,train/images/nozzle_heavy_contamination_0012.jpg,train/labels/nozzle_heavy_contamination_0012.txt,142817,38,b333d467bfe0c16a4ab279f4c330496b4e697cfc232043e87603e97bbd77a63c,2b89c05ccdaba1bed63b99d16b075abc32f8d7153d14e9f075af6a040eec1fee,1,1
dataset_2_binary_clean_v2,train,train/images/nozzle_heavy_contamination_0014.jpg,train/labels/nozzle_heavy_contamination_0014.txt,141553,38,2ba5ccfbcdbf5d2ac996634239aa927a0b5b18d2eb064cfbe9dba2f0dbd808bc,a7c607defff788baf49a42cddbce1cbba627c59373eeab0537170aeadd2e6b78,1,1
dataset_2_binary_clean_v2,train,train/images/nozzle_heavy_contamination_0015.jpg,train/labels/nozzle_heavy_contamination_0015.txt,134492,38,64b0e60d1b290f33697f2a9a9e2f21d44b35f20c8a506d94b3e4d8323a456531,5185a732b3503cdeeedd8e4f1b8eb01a56ee20055b7db192cc793d935503359d,1,1
dataset_2_binary_clean_v2,train,train/images/nozzle_heavy_contamination_0017.jpg,train/labels/nozzle_heavy_contamination_0017.txt,139280,38,0743921071781862fe80874e0688db69f2baae3c900a95873be81913c04b177d,f1cf38dc69803f1415afb6699d4a76de391926fba2ccca5ecd8af6063918a912,1,1
dataset_2_binary_clean_v2,train,train/images/nozzle_heavy_contamination_0020.jpg,train/labels/nozzle_heavy_contamination_0020.txt,140972,38,cd170c3db98d425ed35481839dce3dc28dfe0f254146d05140d898ddc5f69674,b0a47bc4103c453dfd6efc0c9e79bbec18ce0b9294584708623126d73ad30c07,1,1
dataset_2_binary_clean_v2,train,train/images/nozzle_no_extrusion_0001.jpg,train/labels/nozzle_no_extrusion_0001.txt,56288,38,7be849698def405a1cdd3f760f1565b59ffc3184d2ba3a6b75adc82b13c6efbc,094bebf13bbc3c502718839951f49ebb04dcfd6939a65d73adeaf6dd102e8bb0,1,1
dataset_2_binary_clean_v2,train,train/images/nozzle_no_extrusion_0002.jpg,train/labels/nozzle_no_extrusion_0002.txt,85048,38,810f558200e57aff68dbfc9e137ec12ac917963b13889d1ffddf58815623a439,094bebf13bbc3c502718839951f49ebb04dcfd6939a65d73adeaf6dd102e8bb0,1,1
dataset_2_binary_clean_v2,train,train/images/nozzle_no_extrusion_0003.jpg,train/labels/nozzle_no_extrusion_0003.txt,89245,38,e49c1357a0db8058d1a8e131f6a7e0eaa9e4198775a2951db4e90b134413fd5f,16004c5209882d6a2a0c8c2e36f0c726b4caf10f01cad63d51690710c54cc9ee,1,1
dataset_2_binary_clean_v2,train,train/images/nozzle_no_extrusion_0004.jpg,train/labels/nozzle_no_extrusion_0004.txt,143820,38,df165b5d7199194ceba2322361d6d122f7b377fab5e6c7576c194a6ec1ff4bc0,1a9792ecc9f7878790df4e89241542269fd4bb7d079863904fdbed1e5cb81fec,1,1
dataset_2_binary_clean_v2,train,train/images/nozzle_no_extrusion_0005.jpg,train/labels/nozzle_no_extrusion_0005.txt,185153,38,1b2931e1b78cda45eb81e4277564991a583acb58b1083f3c8440dfdc5e5c0870,aca7870d34752f00a7286b04c85db01ca72a8520050e51e2a285760837e27738,1,1
dataset_2_binary_clean_v2,train,train/images/nozzle_no_extrusion_0006.jpg,train/labels/nozzle_no_extrusion_0006.txt,185295,38,34fb4596bffc2891c599f873d3fe546a7b6cd50a55250e5e31f244b2633470a7,5e724cf48b2af748e279200601528589da57d9b2114474a7d628c9c706a8e902,1,1
dataset_2_binary_clean_v2,train,train/images/nozzle_no_extrusion_0007.jpg,train/labels/nozzle_no_extrusion_0007.txt,183985,38,43037cde9373a3814e6d6db9aa59f5f32062f8cd124d4df63a4f91bc9b4b77b3,aa6234283b1a2715a5c0b4a5962e3ccddeb172f9af5b96f69d03c926adb16d18,1,1
dataset_2_binary_clean_v2,train,train/images/nozzle_no_extrusion_0008.jpg,train/labels/nozzle_no_extrusion_0008.txt,182069,38,855c6f4d0c4918597b7556d786ee8addd498cdc1bc3dabcc3a7ca162523c0844,a7516c7cfcfbfdba1e022187e810e7722d400d883c49a9fe7f3deabf109035d1,1,1
dataset_2_binary_clean_v2,train,train/images/nozzle_no_extrusion_0009.jpg,train/labels/nozzle_no_extrusion_0009.txt,184292,38,4d2d76aa321da2ced366dc26749016dacf958bd069ca159eeba9e173a52cb6c4,3a94648adc2b18aca54f283143da34f759fd28d8ffa9c431c3b2c21c4c40cb1e,1,1
dataset_2_binary_clean_v2,train,train/images/nozzle_no_extrusion_0010.jpg,train/labels/nozzle_no_extrusion_0010.txt,183813,38,f491199062931d0cdf214ae2383b9d5d887598fd6bb43f267bc49a33a7c9b7f2,9c06af8c77d6b813c325f3e279723fdaf3b2083a9333296d817aca79f9829616,1,1
dataset_2_binary_clean_v2,train,train/images/nozzle_no_extrusion_0011.jpg,train/labels/nozzle_no_extrusion_0011.txt,181780,38,f290b4fd42b2f3ae1792bcb9fb89e994fe327956cb954c30b8dd0f22c871c69b,84f9fc8662740aa6ceb04adb17d6b51a78bfce33472604de7f446f14c775541b,1,1
dataset_2_binary_clean_v2,train,train/images/nozzle_no_extrusion_0012.jpg,train/labels/nozzle_no_extrusion_0012.txt,187637,38,526bd18e9397c7bb54ccf097ccaf3784faf7b88534631d3d9ea8f4fb8b271dc0,00c54e12a2f870f6b9051d97a2f76eee51d87e754e8251a74d63b08e87987a21,1,1
dataset_2_binary_clean_v2,train,train/images/nozzle_no_extrusion_0013.jpg,train/labels/nozzle_no_extrusion_0013.txt,181377,38,c40112b9635ea14c494ce352d10735fec253c49d306290fc973353690291843a,f05504790062c1753094a307d4f6964c74ae4b815e717a432111979ccee56203,1,1
dataset_2_binary_clean_v2,train,train/images/nozzle_no_extrusion_0014.jpg,train/labels/nozzle_no_extrusion_0014.txt,182834,38,27fa6df92baf397a575679da3d087e88ddaae8ed4a4b556d68a7bc542ba5d670,2e6d3ca3e16f98192644df9a2794242ca550ae6e07949c289017ec8d3954cc2d,1,1
dataset_2_binary_clean_v2,train,train/images/nozzle_no_extrusion_0015.jpg,train/labels/nozzle_no_extrusion_0015.txt,184360,38,fdf26f3e6e544b1eee68b112af75fc1a0954df0229f25de7100c950d82971b2b,6bf7f58ab0b35c8cb4fa7eb23804a2448431d966532da821011e84c11184f279,1,1
dataset_2_binary_clean_v2,train,train/images/nozzle_no_extrusion_0017.jpg,train/labels/nozzle_no_extrusion_0017.txt,186706,38,1a3e8b86cc4eacc9e6a21925dd03ab16cd1ef977bf03093d0bcbaf2ba512675a,0b91a7a3229eeb56a5c87a10c6f7e71a548ca7d8edda9f637946f3a2772ecda3,1,1
dataset_2_binary_clean_v2,train,train/images/nozzle_no_extrusion_0018.jpg,train/labels/nozzle_no_extrusion_0018.txt,190785,38,060fb68f0cf3658be624ee12236b4f1dfff6f03c39d87b8ef2a94fa233f7636e,84061331b5ca750820b91eb2033d376cb9aab0e22eb2348fbc184cb307f62d9a,1,1
dataset_2_binary_clean_v2,train,train/images/nozzle_no_extrusion_0019.jpg,train/labels/nozzle_no_extrusion_0019.txt,127304,38,c1fac5ae6789f8eb07ad5596dda538d6281627f051c885475571c2fe2d43cb73,f510ef3cbdc568b63c2744eaafbdb384268dc31049fcd67c6dab6e47db52253a,1,1
dataset_2_binary_clean_v2,train,train/images/nozzle_no_extrusion_0020.jpg,train/labels/nozzle_no_extrusion_0020.txt,127497,38,37636971f840f72f05328acba565dac923d5ba4b239aa4e225e2b9b2c1c32a4d,af23b8c56acef86b70b664471c48651beb30fa1909c5a70725687e55e43fdf87,1,1
dataset_2_binary_clean_v2,train,train/images/nozzle_no_extrusion_0021.jpg,train/labels/nozzle_no_extrusion_0021.txt,180815,38,b2d2fd8481a96f83e6622c2b8a94169dbc074656628380b7ca46ad3e702c2fd7,e2f017d5b28736256cf85e8f17776e697222a5c6eecdd8bd8a838873affa39f8,1,1
dataset_2_binary_clean_v2,train,train/images/nozzle_no_extrusion_0022.jpg,train/labels/nozzle_no_extrusion_0022.txt,191441,38,35267e2a9e1e0e3f010d14fac86bc2c201f334d4e521f51cf60c7319ddb0fa0c,fb36344b72b1f621d6a22b30dfaee13c639e9badaf3d24433581865a6dee6542,1,1
dataset_2_binary_clean_v2,train,train/images/nozzle_no_extrusion_0023.jpg,train/labels/nozzle_no_extrusion_0023.txt,181890,38,07b683be5723e4b4ad1164b4d67d5e1449da470a0bba3967ed2b64dbe8b50295,81b3a555e6bb81f3689b121d655dfa9a54cf2a78eb9742a578a783da1ccfb16a,1,1
dataset_2_binary_clean_v2,train,train/images/nozzle_no_extrusion_0024.jpg,train/labels/nozzle_no_extrusion_0024.txt,181322,38,a8bedfa43a686ab04ef5e2ac0840c4f204cd6f5ad6da8a547713eeb670affad2,36f9b31a4de1ca83074a66071938712d5c2a39822fbbe6ddebeb7c4f7c10afb1,1,1
dataset_2_binary_clean_v2,train,train/images/nozzle_no_extrusion_0025.jpg,train/labels/nozzle_no_extrusion_0025.txt,182844,38,4106fbf8a9ebd489e7778a35f1a41398a97fba6e82f198d6aaa56689b8c6a219,8f292c4532acf359cffb32ec804483d2218514dd88da546bcfe38a4b13b1644e,1,1
dataset_2_binary_clean_v2,train,train/images/nozzle_no_extrusion_0026.jpg,train/labels/nozzle_no_extrusion_0026.txt,181170,38,3312083c372fe8a61e38f26677422f5e4ca8549d80d23980dafd5d69808cba1d,06ccfe85ac569d1f63206106405c4232c2a5e46338247ff76b9d8c28492bd352,1,1
dataset_2_binary_clean_v2,train,train/images/nozzle_no_extrusion_0027.jpg,train/labels/nozzle_no_extrusion_0027.txt,179086,38,337004ee8c2959901353ae84a7f91decaa218721fd2c4834d2e321228677dc0e,8aceec21a4f8af2f68641c267197e597a2ea97714368349ebc7fb12bd1ea4290,1,1
dataset_2_binary_clean_v2,train,train/images/nozzle_no_extrusion_0028.jpg,train/labels/nozzle_no_extrusion_0028.txt,178037,38,76816a43c5fcf7d670721cbba4a921b5f499fd192513c003307e8965637e93e6,c40fe4d09310c2f9f7fc054967cd98e1e680a7caf2335c8e1c943496267680f9,1,1
dataset_2_binary_clean_v2,train,train/images/nozzle_no_extrusion_0030.jpg,train/labels/nozzle_no_extrusion_0030.txt,180206,38,658741e8b820ff7ef455d7f4dfca2d611475d7e1303f82e71eaccfbf0233dd06,627da02dffbd9b53000fc78fbd7bdb87cd316c0edda440c892f5ea01f19cf390,1,1
dataset_2_binary_clean_v2,train,train/images/nozzle_no_extrusion_0031.jpg,train/labels/nozzle_no_extrusion_0031.txt,150696,38,2de340f94828c299ec7f82b21994684c99f12e95462f90ae769e1b6da7387a57,8895f7d001b4a69dbbe80d1ccfcdcd09d2fe0ebc41ef91271a5676644bbc75f7,1,1
dataset_2_binary_clean_v2,train,train/images/nozzle_no_extrusion_0032.jpg,train/labels/nozzle_no_extrusion_0032.txt,180252,38,7cd403f25dd0f83d163edb73b086914c2d07a2a0e4f8d44812b5266ec49f0255,e01cbee11dad334ab88c51e843d2320cba5cd57567e60af30941d5363ea2cdc4,1,1
dataset_2_binary_clean_v2,train,train/images/nozzle_no_extrusion_0035.jpg,train/labels/nozzle_no_extrusion_0035.txt,183022,38,45c25b39cd8d6ed571e4def9391ebd2d5ce6e22471829a1cd8774aeff14112f2,a897c0af05169febebbfb0ab0e8f1145903d3df152ba88bc03082d81b6a021d1,1,1
dataset_2_binary_clean_v2,train,train/images/nozzle_no_extrusion_0036.jpg,train/labels/nozzle_no_extrusion_0036.txt,185444,38,79d49c090cd366c3c74f65d7baa91380ac143fda520d9d055770fb03d8eebaf7,0a536fd25305afa3fde7c7b63c42503a015ac4e1ebb9632fa4a1f9504f0d6544,1,1
dataset_2_binary_clean_v2,train,train/images/nozzle_no_extrusion_0041.jpg,train/labels/nozzle_no_extrusion_0041.txt,177433,38,27aa79094957726ce86b1b6393bc7f813abc91ab15dcce98789e05fd212ec45b,afc6d59c961700611ffc3fea98e9910cfe2d7b11b4b36c51c6b3fa66db10ecae,1,1
dataset_2_binary_clean_v2,train,train/images/nozzle_no_extrusion_0042.jpg,train/labels/nozzle_no_extrusion_0042.txt,158209,38,66bc456e912474d4c62f732c347c77fd379af600eb0bc9f1b7453789502fe1b6,22336b847a1a7e8381c793b30f7d9d38e5ad6fea92886c01c9feb68648dcd0cd,1,1
dataset_2_binary_clean_v2,train,train/images/nozzle_no_extrusion_0043.jpg,train/labels/nozzle_no_extrusion_0043.txt,184644,38,26586829008c24f08e5e2d3683b204925ff980e825c00b2625c1d549beb152b6,af3033e431a3090291e19e8bd94a56b84ce9d564eb0891190aef8631509451ae,1,1
dataset_2_binary_clean_v2,train,train/images/nozzle_no_extrusion_0044.jpg,train/labels/nozzle_no_extrusion_0044.txt,184689,38,465e5a4f11c68838565f2a6efc2a17f67e408ff944f81a755aa6f885a892846a,61b8c5657cfc71aac8752646d15a005e094a3a433df42f3cefbb86870e326ee8,1,1
dataset_2_binary_clean_v2,train,train/images/nozzle_no_extrusion_0045.jpg,train/labels/nozzle_no_extrusion_0045.txt,151711,38,df88b7694bfe3a0835f2cdbeb4bd4bbd5c83e15413f55babcf31494b9ee59ebb,107ea0a4e1536ad0e6e439746b704b26d3eea463f786e8658a0a944a15ecd429,1,1
dataset_2_binary_clean_v2,train,train/images/nozzle_no_extrusion_0046.jpg,train/labels/nozzle_no_extrusion_0046.txt,180336,38,a999432145101b035e12fc50cd69ca3854c42f9a7b9664f13038e83fbe9bdee1,0d2389e46dbf74c17dd396c47f44bc79a9d950ed38fe49c4a267edf2553d4402,1,1
dataset_2_binary_clean_v2,train,train/images/nozzle_no_extrusion_0047.jpg,train/labels/nozzle_no_extrusion_0047.txt,178842,38,6d5c23f9768d41ea84ce610ff2325ce775765b0b53ca930af1b145daad17b098,ebc1d3e5d14688dd1d7edab8f5e1af0be63760232498310fad1c2d8dd24701e6,1,1
dataset_2_binary_clean_v2,train,train/images/nozzle_no_extrusion_0048.jpg,train/labels/nozzle_no_extrusion_0048.txt,147389,38,cf94f58aecbca3054b7403f2f9b1534dfe6c0319c6d12d89c09454141c448a0f,186c4b2bdfa19114830e6e007861904373e815b9b4359649aed1ecbcd7f15064,1,1
dataset_2_binary_clean_v2,train,train/images/nozzle_no_extrusion_0049.jpg,train/labels/nozzle_no_extrusion_0049.txt,180001,38,ff689b7a82b453ff31f9153d7c54c744973b7e816f4385ab73a28d6f8dd72c7f,cf75cb8ad2ad0446322e0339a4ff75b8583601c0d6571c1222f9bd5a995c8c53,1,1
dataset_2_binary_clean_v2,train,train/images/nozzle_no_extrusion_0050.jpg,train/labels/nozzle_no_extrusion_0050.txt,149792,38,75a1cf7e98d012d214e28d6d91624deb653e36769c265d793fc2ddafa0496d5b,dc70a7552c987ed796746434219533b7ec36120f437efa3f386efdecae835a20,1,1
dataset_2_binary_clean_v2,train,train/images/nozzle_no_extrusion_0051.jpg,train/labels/nozzle_no_extrusion_0051.txt,180640,38,b98d081646077a969c00d61692ea12b6b32d805a0183bec026fe9ab47c734657,0a650273d1bbc1711b37a86155a8bf2e51e3e80fec56aead8c6446c017f9a60c,1,1
dataset_2_binary_clean_v2,train,train/images/nozzle_no_extrusion_0052.jpg,train/labels/nozzle_no_extrusion_0052.txt,183180,38,ec6a9a3a521f50600390e310f7288f5f2334a9850774dd1c0658d1a1396dadfd,1bb1f66e4c3078fc303d3cc653ad890fb3b1e183d995e9188a14d24ae261e4e0,1,1
dataset_2_binary_clean_v2,train,train/images/nozzle_no_extrusion_0053.jpg,train/labels/nozzle_no_extrusion_0053.txt,156380,38,fd9485d56f7618449b585cc70840e779451195301ea6a82d695226d0aa7cea39,6ad1fd56d33d42a56c925748641e8bf1e49bd2dfba29054384a4df9f9896c5a2,1,1
dataset_2_binary_clean_v2,train,train/images/nozzle_no_extrusion_0054.jpg,train/labels/nozzle_no_extrusion_0054.txt,187476,38,a44ee62f241f65846275e9fffd5f29c005fd2b7afd434f78312fa0d546e439c1,61598d9264a8ed96cae40b7407fd7903d32d447a11980c90860ba2f18f922c6c,1,1
dataset_2_binary_clean_v2,train,train/images/nozzle_no_extrusion_0055.jpg,train/labels/nozzle_no_extrusion_0055.txt,188895,38,15be111ec4d6dc4fa02f6d4ae7c8be198c40a084a2ad35c45bf60831843be2de,5089d2d716669f708563fda4995c64e9bc004824a13495c990f37e9af207cb02,1,1
dataset_2_binary_clean_v2,train,train/images/nozzle_no_extrusion_0056.jpg,train/labels/nozzle_no_extrusion_0056.txt,149927,38,8b30199bfc778351821e4744d61050bef4aa0bbbf8b9810557681e7989d02bab,c9db3a4a453fd691df23eb29cd7671492a852f5e5f1908e67904c8113b7be293,1,1
dataset_2_binary_clean_v2,train,train/images/nozzle_no_extrusion_0057.jpg,train/labels/nozzle_no_extrusion_0057.txt,144348,38,002287fdf186e087cd7ad5846fc465d879f19a90a14c009f46be51ffb82b01e5,c0eb98f6b0284936d5cf2180dc269591d83441011c37ebe1ec4cb8303728e7a3,1,1
dataset_2_binary_clean_v2,train,train/images/nozzle_no_extrusion_0058.jpg,train/labels/nozzle_no_extrusion_0058.txt,149649,38,0780be859f884f8cf0eaec1ff6ca87711bc44cdf7d2e2ab0ebb86e62a7010f71,438bbfd475141299f68588476f465f0e35c37b2ea84fd4b289c05116195e9da8,1,1
dataset_2_binary_clean_v2,train,train/images/nozzle_no_extrusion_0060.jpg,train/labels/nozzle_no_extrusion_0060.txt,111362,38,3d8a24d6445fe0073aa838216b305c4b805866465208747416b644b01bbd3003,3b019a5b636fe5feb0667cf8264c42f4d5c6a9e0f3fa11b3a4b0423768f44105,1,1
dataset_2_binary_clean_v2,train,train/images/nozzle_no_extrusion_0061.jpg,train/labels/nozzle_no_extrusion_0061.txt,171293,38,4871c399b0f9eb181f51f2ead368ae7c1a8dfdd0f75c0e3e7d49f4d0a2d8831f,066a1910b9bc2e67b5dc0aeca6bef561ca66fb16b4e9fa77d7bbee232374bc15,1,1
dataset_2_binary_clean_v2,train,train/images/nozzle_no_extrusion_0062.jpg,train/labels/nozzle_no_extrusion_0062.txt,185770,38,e911a3fcbb0b93fb4e2050a095fc825e30b51c7ccfd2c4fa043ecfec4559b0ab,59bf95ecdd8e42ee0be58b810121e6545a1ed8b268f9093a0969887ba4b4c81d,1,1
dataset_2_binary_clean_v2,train,train/images/nozzle_no_extrusion_0063.jpg,train/labels/nozzle_no_extrusion_0063.txt,184017,38,913efb9268855edfec8d5cd2dea590766798f93a7f5d827e12e656797b99e2b4,e39ca64ef011b3ae8e3d3d11f720a099eb0414c53189ed59908e19c8adfd4e46,1,1
dataset_2_binary_clean_v2,train,train/images/nozzle_no_extrusion_0064.jpg,train/labels/nozzle_no_extrusion_0064.txt,183359,38,2ca02547f6e28bc6f0dbe6eadc34a9db5564b0e2621ef80b6907ea7e2948c35e,2d5cf329c5c8e4c911cad7ef4effc499d2a3214c0a4ecac18b341e46ebf076b5,1,1
dataset_2_binary_clean_v2,train,train/images/nozzle_no_extrusion_0065.jpg,train/labels/nozzle_no_extrusion_0065.txt,182738,38,9ddda03212d278e4162231ab0acaeedec41a72dde930c403f944cc5d4064cc81,2bb6d785c7c60dfc21e5ebbcaef39f9f20d0d194dddc2569c4ea4bab247b84a9,1,1
dataset_2_binary_clean_v2,train,train/images/nozzle_no_extrusion_0066.jpg,train/labels/nozzle_no_extrusion_0066.txt,182685,38,79cf78ad1bfeb6ad0e778a26151dafa5da1fad58f4fe396396ec76ca94f4792d,617c0da2ce9b0afc87aa33211a8bb38a299e3451fb985369723a6900b6f56740,1,1
dataset_2_binary_clean_v2,train,train/images/nozzle_no_extrusion_0067.jpg,train/labels/nozzle_no_extrusion_0067.txt,182283,38,a7a48c167d32b9f65dbe30fd4f1327c7931d73ee3aee155e4bc56e8681ead493,d44f9d8b56f4680e73a0b02eb12e798545ea3bdd050388591653049fad1e0f04,1,1
dataset_2_binary_clean_v2,train,train/images/nozzle_no_extrusion_0068.jpg,train/labels/nozzle_no_extrusion_0068.txt,188705,38,0224468a521dda6b2a66d66dddb637af7f46f7a41f6a31166de7cc520904d426,d2fa0ab9f16a8a335b3e709c5d1c39fe0f362b4e727b5b896c0b8ee84fc5d0b7,1,1
dataset_2_binary_clean_v2,train,train/images/nozzle_no_extrusion_0069.jpg,train/labels/nozzle_no_extrusion_0069.txt,182685,38,0cacc95dda1ded031d986d494f1ba5a8b4bbc51834f2a4783d287e8f1780b1bc,aa999b389a9a2cd6b7803cd92d6ebf6bc99a273b16a107b7ce9a3c8a4881c6b3,1,1
dataset_2_binary_clean_v2,train,train/images/nozzle_no_extrusion_0070.jpg,train/labels/nozzle_no_extrusion_0070.txt,183539,38,780826bc90302f1eeed7725676276f135a1bf358d39676d8618cf14b218d8c63,46bc028386950500777168edbe73cbc46f8beddf2e30b2fb81cb3ceac28075c6,1,1
dataset_2_binary_clean_v2,train,train/images/nozzle_no_extrusion_0071.jpg,train/labels/nozzle_no_extrusion_0071.txt,183906,38,6ac0c3f0c6698e6bca9256f8cc46662e4ba3ec7100f462844d71a511a1d4b65b,ae8e3504c9c25a81e23931026a1a73c274452a46fca5600c7443ef1907b05eeb,1,1
dataset_2_binary_clean_v2,train,train/images/nozzle_no_extrusion_0072.jpg,train/labels/nozzle_no_extrusion_0072.txt,184019,38,812424e96f2d048c483b4df8d7e01ed48f533a59694e74b8fc504d0901fd74e8,ecbc2b20be0b9feca085772ec1711eb1e6c4f08d88a5d2ae56470230830bc115,1,1
dataset_2_binary_clean_v2,train,train/images/nozzle_no_extrusion_0073.jpg,train/labels/nozzle_no_extrusion_0073.txt,186250,38,6df5836f7ae86387da82959899b2c4f20fe570193d14062899c4925b800df78e,3a2d0825b6adc084c1328964bb6088704f4f6a79843bfecb578bfdea42d68434,1,1
dataset_2_binary_clean_v2,train,train/images/nozzle_no_extrusion_0074.jpg,train/labels/nozzle_no_extrusion_0074.txt,188496,38,745330902dcfc85aef761e560f3e8d28e4d1a59f629c8b558a0cf8ece38a41cc,f9a8e817f5c513da310dfd27252fdc3efc851eb4f99c7ea0a1fd12960d75eb2d,1,1
dataset_2_binary_clean_v2,train,train/images/nozzle_no_extrusion_0075.jpg,train/labels/nozzle_no_extrusion_0075.txt,130984,38,e06339f358d10bd45b66ca0e3d2bfc3b1abfeeee4c72885b59f180aad441fb4c,c31c76b8b58b7cd13b39f0adb08f22844bd0d9cd9169c20d8ca479dee2fee8b2,1,1
dataset_2_binary_clean_v2,train,train/images/nozzle_no_extrusion_0076.jpg,train/labels/nozzle_no_extrusion_0076.txt,153426,38,84735a9556f7c706942b734ecd8381677accc6439a3a6245dc16b645829d618c,74ebe82846d70a7e90cb7137b4ddc6cbce3944f77fb65b0ecaabfdcfe732c31f,1,1
dataset_2_binary_clean_v2,train,train/images/nozzle_no_extrusion_0077.jpg,train/labels/nozzle_no_extrusion_0077.txt,161763,38,09fcbbcf2709b0052196fb1cce699c727ead893d62e3e2f9eda3ea7b130c133f,18802a912521d33f92826793513f0a4f7e214eb793b51c47f8f7c0e1ad0f7f2d,1,1
dataset_2_binary_clean_v2,train,train/images/nozzle_no_extrusion_0078.jpg,train/labels/nozzle_no_extrusion_0078.txt,184600,38,627b5a3b09f6ce446dbfa0059ef09d2fb084b1f268ae64475c28298d7cabf091,cce4fc1a7f95cd15fcc813b7a4d3b28089ad58bdf88198e3aa0b6d54c27a36b1,1,1
dataset_2_binary_clean_v2,train,train/images/nozzle_no_extrusion_0079.jpg,train/labels/nozzle_no_extrusion_0079.txt,184027,38,b1b081bbbcc2f867be7bc50705c4c68ddda691f39db364376ed8b41d1ba6fdb1,5b023edd855e4f92d6246448a8aa2ad4355c282dd9061df4f3578aa03c2e5432,1,1
dataset_2_binary_clean_v2,train,train/images/nozzle_no_extrusion_0080.jpg,train/labels/nozzle_no_extrusion_0080.txt,154169,38,302f0ab4e957cfea47aa31fad9f77c0c0b5893e74b01fc89308f9adf9f5598a3,8428255f19b99b97dae1f1542cdfe4e20dba1d21ed827692e3539e922e853d5f,1,1
dataset_2_binary_clean_v2,train,train/images/nozzle_no_extrusion_0081.jpg,train/labels/nozzle_no_extrusion_0081.txt,179540,38,2760e11f967af51fdc4ef76e47f3bd794687a31d14a45efa45e87e6566e4cba7,344e3afce259d85480fff13ff5310396f04dbf9478125ed929e819a4e966f025,1,1
dataset_2_binary_clean_v2,train,train/images/nozzle_no_extrusion_0082.jpg,train/labels/nozzle_no_extrusion_0082.txt,181198,38,11efba24fee2bc24f9c5298ec108d492ba38714d1b939179676336d0e2591ae7,e44c453e003669c20f7d3e360ce8b4d3ae77a945858e65f2ba2da7900b7fda5a,1,1
dataset_2_binary_clean_v2,train,train/images/nozzle_no_extrusion_0083.jpg,train/labels/nozzle_no_extrusion_0083.txt,146907,38,301686e0c880eb9c47b2ec5b011931c77b360c54ee59dc1997e6980cd57246f0,0d4bde54aca85711428c58ce07751b3a36ff1c1f91551df8f0b2dde1a468c651,1,1
dataset_2_binary_clean_v2,train,train/images/nozzle_no_extrusion_0085.jpg,train/labels/nozzle_no_extrusion_0085.txt,151248,38,01a752b8310b4842ac6150acb35900c7c08094edf01af4b0be0f5eecdbd7d38c,f1c030f941fc08526db29302d90039a38699f9bdcaef8a1563768cecbe0667a5,1,1
dataset_2_binary_clean_v2,train,train/images/nozzle_no_extrusion_0086.jpg,train/labels/nozzle_no_extrusion_0086.txt,179224,38,936ff3ecabec9eaff78a2782c45d813f2af20507af9dc387e475642c8cafda28,d18083af4868ab6809c5d1d6c1372fa1201df0565bce222edd76f5fcd702d5e5,1,1
dataset_2_binary_clean_v2,train,train/images/nozzle_no_extrusion_0087.jpg,train/labels/nozzle_no_extrusion_0087.txt,182603,38,127df856744233e6f68d8d26e38af79ed71838729a4794f6be2c88fb88362c25,cafdd6f3e04a95e39108dd1fe9b29d010e30f66af77abbb9a6ad2af05241022b,1,1
dataset_2_binary_clean_v2,train,train/images/nozzle_no_extrusion_0088.jpg,train/labels/nozzle_no_extrusion_0088.txt,183113,38,60f47cb6371fe0c123d48a93d2641004f16340f322bc1e1225287fb158b17689,9078c8c7a9f00c8742874a0892c37a3e0ff84bc28fb92c63b7db20961a77ce56,1,1
dataset_2_binary_clean_v2,train,train/images/nozzle_no_extrusion_0089.jpg,train/labels/nozzle_no_extrusion_0089.txt,185666,38,d04471475e07fab9528db800aa0317d7f14439cd64c9ce82cffed27de4e8b053,ac5d0a31e1f6fde6d9132ae61593a87d8d144f94dada337a03b39b2c2a91d83b,1,1
dataset_2_binary_clean_v2,train,train/images/nozzle_no_extrusion_0090.jpg,train/labels/nozzle_no_extrusion_0090.txt,190261,38,d093d9248cbb01c272d42da2219221b310a43fc0ce6f07f7c8d23b14ced2b799,817477d14572fe9440deaa52633fa411f096ba572fe5c9e8ca19a97ae05498e5,1,1
dataset_2_binary_clean_v2,train,train/images/nozzle_no_extrusion_0094.jpg,train/labels/nozzle_no_extrusion_0094.txt,96281,38,9303a941695f162dc57a0a7f96cfc1fac3100f4832f418fd88580039e23b83ca,ab52ac71ff1adc19d3aa8e4b417b9e34c9b17cb7fec8b0d18ed9f4f6d876880b,1,1
dataset_2_binary_clean_v2,train,train/images/nozzle_no_extrusion_0096.jpg,train/labels/nozzle_no_extrusion_0096.txt,105970,38,d3b3c32f7114bb4b771eb875dd701a6165e8386ef502a2b578faa4bee24635e4,72261b9ea4b59126afc4d2dcd2fbbfe13e78de319b2017fa8d1d46527d982828,1,1
dataset_2_binary_clean_v2,train,train/images/nozzle_no_extrusion_0097.jpg,train/labels/nozzle_no_extrusion_0097.txt,110540,38,84a71d7f077e151a164dcf6747b120e5db7babaa8834fb6f64e88150d22101b5,66673cb0d3c767897f0d01ca0f7b41664a7ca9114caeda4a830bbcbe8cde3fa1,1,1
dataset_2_binary_clean_v2,train,train/images/nozzle_no_extrusion_0098.jpg,train/labels/nozzle_no_extrusion_0098.txt,114688,38,a944e514004bfc9fdb34175a762e13b51bfd063f8481d2fb3da0b41ed8cecd1e,d67419d6c239f0a5d0a9fb99461da6de81d68e8c175fa35cf1df73d99eac07a4,1,1
dataset_2_binary_clean_v2,train,train/images/nozzle_no_extrusion_0099.jpg,train/labels/nozzle_no_extrusion_0099.txt,108435,38,f24586f84c280b22e2007bcbc8503bfa260120915e5b2bee6499f4c951b5405c,dd716207fe31cd9a43af3d0f280477f80879b5ae6e12a59ca31ce5e211c5ce03,1,1
dataset_2_binary_clean_v2,train,train/images/nozzle_no_extrusion_0103.jpg,train/labels/nozzle_no_extrusion_0103.txt,100988,38,31a71599bf4e6b7a6ff007ae0721d6276fd87004e0a8049544719b416083ac40,4eb558a7c7948a2b480373e36cfb186147e3410ed5a767256f9c7e2a3ec6d5bf,1,1
dataset_2_binary_clean_v2,train,train/images/nozzle_no_extrusion_0104.jpg,train/labels/nozzle_no_extrusion_0104.txt,107493,38,bac1476359d5d809f97c8c8cc437c37cf69343b928e4cdafb79e899d22a526e1,0fe579b9ee185cada47a512dc0a419b3a65855290ff84352dd2d4aa324b6c388,1,1
dataset_2_binary_clean_v2,train,train/images/nozzle_no_extrusion_0105.jpg,train/labels/nozzle_no_extrusion_0105.txt,112766,38,6dc67a8e849da976982c09f502081f4fe8f918cc94c843afed7ac64c6c8cc1b1,078975d51ef57c7910991bd3e189944c15916532c5effc7daad76b677026b1b1,1,1
dataset_2_binary_clean_v2,train,train/images/nozzle_no_extrusion_0108.jpg,train/labels/nozzle_no_extrusion_0108.txt,168230,38,4ee73628c95a5bcafbdd3a0578c07b69965e3dca1f89a78062a8813066be2fb5,078975d51ef57c7910991bd3e189944c15916532c5effc7daad76b677026b1b1,1,1
dataset_2_binary_clean_v2,train,train/images/nozzle_no_extrusion_0112.jpg,train/labels/nozzle_no_extrusion_0112.txt,105401,38,c19870f48bdbca12cf265e0abe6f5f3c02620f3c8ee07deb521950f3192dfb45,078975d51ef57c7910991bd3e189944c15916532c5effc7daad76b677026b1b1,1,1
dataset_2_binary_clean_v2,train,train/images/nozzle_no_extrusion_0114.jpg,train/labels/nozzle_no_extrusion_0114.txt,119995,38,82249e1d6a2f35ab9e7ad7e4287166e1028c3aaf40842c22bd4e792d4f90f7f0,078975d51ef57c7910991bd3e189944c15916532c5effc7daad76b677026b1b1,1,1
dataset_2_binary_clean_v2,train,train/images/nozzle_no_extrusion_0115.jpg,train/labels/nozzle_no_extrusion_0115.txt,124778,38,623910dff4345ea53ff67f5559709a7cd95268001712c94c412c93484382699d,078975d51ef57c7910991bd3e189944c15916532c5effc7daad76b677026b1b1,1,1
dataset_2_binary_clean_v2,train,train/images/nozzle_no_extrusion_0116.jpg,train/labels/nozzle_no_extrusion_0116.txt,140115,38,948b1f674a6eb440b60673eb929c3aa3e6ebad6e56e6334cd08033c7729087fd,078975d51ef57c7910991bd3e189944c15916532c5effc7daad76b677026b1b1,1,1
dataset_2_binary_clean_v2,train,train/images/nozzle_no_extrusion_0121.jpg,train/labels/nozzle_no_extrusion_0121.txt,120343,38,4231e259c0ff71c586303e11fbf1165a74506e94468d3086ea4cd77e8d333abe,078975d51ef57c7910991bd3e189944c15916532c5effc7daad76b677026b1b1,1,1
dataset_2_binary_clean_v2,train,train/images/nozzle_no_extrusion_0122.jpg,train/labels/nozzle_no_extrusion_0122.txt,127342,38,bc927d1b0a848ee295debe0a39ee7b5ec20d12be0b6919d9e184261ddb5a35df,078975d51ef57c7910991bd3e189944c15916532c5effc7daad76b677026b1b1,1,1
dataset_2_binary_clean_v2,train,train/images/nozzle_no_extrusion_0123.jpg,train/labels/nozzle_no_extrusion_0123.txt,129105,38,5c2009fa4140550fd2a0c90f5cd54c25f77e29e2c888546e59965dd417100e4e,078975d51ef57c7910991bd3e189944c15916532c5effc7daad76b677026b1b1,1,1
dataset_2_binary_clean_v2,train,train/images/nozzle_no_extrusion_0126.jpg,train/labels/nozzle_no_extrusion_0126.txt,128602,38,0a2fc121f82e987206e596f61ddc12f585f0bee8a94b212a4cd5d46c847963a3,078975d51ef57c7910991bd3e189944c15916532c5effc7daad76b677026b1b1,1,1
dataset_2_binary_clean_v2,train,train/images/nozzle_no_extrusion_0127.jpg,train/labels/nozzle_no_extrusion_0127.txt,106060,38,686e33ece6933848e20fb2b3b79aa37fc2a9d481a0c08f444e89b07d8336074e,078975d51ef57c7910991bd3e189944c15916532c5effc7daad76b677026b1b1,1,1
dataset_2_binary_clean_v2,train,train/images/nozzle_no_extrusion_0128.jpg,train/labels/nozzle_no_extrusion_0128.txt,127543,38,3a98cbe1203cfc60712dd8612aba17aed3ce3ba25f47855b1dd7814fdb340508,078975d51ef57c7910991bd3e189944c15916532c5effc7daad76b677026b1b1,1,1
dataset_2_binary_clean_v2,train,train/images/nozzle_no_extrusion_0129.jpg,train/labels/nozzle_no_extrusion_0129.txt,135693,38,5db1d387493cdf531369c4e5163ad0293fcbafa6a1e92aba968d18a5c6e20ebd,078975d51ef57c7910991bd3e189944c15916532c5effc7daad76b677026b1b1,1,1
dataset_2_binary_clean_v2,train,train/images/nozzle_no_extrusion_0132.jpg,train/labels/nozzle_no_extrusion_0132.txt,130147,38,618c043ed68df5406367dfc7722154de1e78407c23b65c51befb864a668fc7bc,078975d51ef57c7910991bd3e189944c15916532c5effc7daad76b677026b1b1,1,1
dataset_2_binary_clean_v2,train,train/images/nozzle_no_extrusion_0133.jpg,train/labels/nozzle_no_extrusion_0133.txt,121697,38,c7fc4d1903432ba96a9a2ade2be157c4d59cb8e5ef051bb982dadb02bc990dfc,078975d51ef57c7910991bd3e189944c15916532c5effc7daad76b677026b1b1,1,1
dataset_2_binary_clean_v2,train,train/images/nozzle_no_extrusion_0134.jpg,train/labels/nozzle_no_extrusion_0134.txt,130452,38,5454bf5d0d8e8925a2f98eed0122a2e918e9f062ded35133195261b3a2d48e90,078975d51ef57c7910991bd3e189944c15916532c5effc7daad76b677026b1b1,1,1
dataset_2_binary_clean_v2,train,train/images/nozzle_no_extrusion_0137.jpg,train/labels/nozzle_no_extrusion_0137.txt,62343,38,625a5c70a6fe21ea049be0b0b4f96b04ab08e0d43cae76533db26829159450c9,00815e80bd7f5f124143afee78d123ecc7a1caff370ef0a238f9f323b7ea6472,1,1
dataset_2_binary_clean_v2,train,train/images/nozzle_no_extrusion_0138.jpg,train/labels/nozzle_no_extrusion_0138.txt,104822,38,a4ff009b59f4a1c04d47e62164a1da9f8d0a0bacf6dd43892d98547b6814128b,00815e80bd7f5f124143afee78d123ecc7a1caff370ef0a238f9f323b7ea6472,1,1
dataset_2_binary_clean_v2,train,train/images/nozzle_no_extrusion_0141.jpg,train/labels/nozzle_no_extrusion_0141.txt,118106,38,56256843cbddd19f6b66bae1a2807b01f70fba76940de00fb88f62d3f57cb5ce,00815e80bd7f5f124143afee78d123ecc7a1caff370ef0a238f9f323b7ea6472,1,1
dataset_2_binary_clean_v2,train,train/images/nozzle_no_extrusion_0144.jpg,train/labels/nozzle_no_extrusion_0144.txt,137613,38,bcfe51fe1f1ad1f826fb7f85842d48f25c993cdc4c9d38bb054513959dcf35fe,00815e80bd7f5f124143afee78d123ecc7a1caff370ef0a238f9f323b7ea6472,1,1
dataset_2_binary_clean_v2,train,train/images/nozzle_no_extrusion_0145.jpg,train/labels/nozzle_no_extrusion_0145.txt,117588,38,bf49526dd0098a4a4db20628a5819d99e6b2b808ab063745dde8afbb1ec331a1,00815e80bd7f5f124143afee78d123ecc7a1caff370ef0a238f9f323b7ea6472,1,1
dataset_2_binary_clean_v2,train,train/images/nozzle_no_extrusion_0146.jpg,train/labels/nozzle_no_extrusion_0146.txt,149132,38,a0616b3e8f016afd28fdb5cf85d7c7615c4c99444f3657f79c341ec2f1e1efe5,00815e80bd7f5f124143afee78d123ecc7a1caff370ef0a238f9f323b7ea6472,1,1
dataset_2_binary_clean_v2,train,train/images/nozzle_no_extrusion_0148.jpg,train/labels/nozzle_no_extrusion_0148.txt,163810,38,a1680f611b939841f82bac6a7268e17a31721ede70e3df3aaaf4dcc7a00aadbf,00815e80bd7f5f124143afee78d123ecc7a1caff370ef0a238f9f323b7ea6472,1,1
dataset_2_binary_clean_v2,train,train/images/nozzle_no_extrusion_0149.jpg,train/labels/nozzle_no_extrusion_0149.txt,163450,38,e3b6588e1d4811907506c132f472aa1c9d337e002d8e877f73da4df4718bf79c,00815e80bd7f5f124143afee78d123ecc7a1caff370ef0a238f9f323b7ea6472,1,1
dataset_2_binary_clean_v2,train,train/images/nozzle_no_extrusion_0150.jpg,train/labels/nozzle_no_extrusion_0150.txt,139056,38,cd73fa0dfa787695eddabbd0e4ba1c7a4dcc45c7f3ca3e6728a5817dc74804c0,00815e80bd7f5f124143afee78d123ecc7a1caff370ef0a238f9f323b7ea6472,1,1
dataset_2_binary_clean_v2,train,train/images/nozzle_no_extrusion_0151.jpg,train/labels/nozzle_no_extrusion_0151.txt,136008,38,0cbb4eb6b3da4358b96b5592cf862bfa5e952ad0f9ad0753c346ecbf9b4e3208,00815e80bd7f5f124143afee78d123ecc7a1caff370ef0a238f9f323b7ea6472,1,1
dataset_2_binary_clean_v2,train,train/images/nozzle_no_extrusion_0152.jpg,train/labels/nozzle_no_extrusion_0152.txt,160702,38,6ed894ede5d15ea9bbd46675f1404b3727c15d2e56ff1fee81c0824bb1874ad4,00815e80bd7f5f124143afee78d123ecc7a1caff370ef0a238f9f323b7ea6472,1,1
dataset_2_binary_clean_v2,train,train/images/nozzle_no_extrusion_0153.jpg,train/labels/nozzle_no_extrusion_0153.txt,157945,38,c444e870254e5a817a1307f7a680073f1a3acf309b3e73d0c474193ead485a66,00815e80bd7f5f124143afee78d123ecc7a1caff370ef0a238f9f323b7ea6472,1,1
dataset_2_binary_clean_v2,train,train/images/nozzle_no_extrusion_0154.jpg,train/labels/nozzle_no_extrusion_0154.txt,160011,38,ee0525d6acb9561e4a915ec2dfc1ad1685e9bd6d7e8f0730e25f758adc0dfea8,00815e80bd7f5f124143afee78d123ecc7a1caff370ef0a238f9f323b7ea6472,1,1
dataset_2_binary_clean_v2,train,train/images/nozzle_no_extrusion_0155.jpg,train/labels/nozzle_no_extrusion_0155.txt,165987,38,76d421ad4c5f2be75a8b264f0b825e9b50b137af10444b134b2a34cb481293a9,00815e80bd7f5f124143afee78d123ecc7a1caff370ef0a238f9f323b7ea6472,1,1
dataset_2_binary_clean_v2,train,train/images/nozzle_no_extrusion_0156.jpg,train/labels/nozzle_no_extrusion_0156.txt,165174,38,e2a2214f40d74653cf22edf8467861af6e8414453eb6b2f870aa3ce1aef9c713,00815e80bd7f5f124143afee78d123ecc7a1caff370ef0a238f9f323b7ea6472,1,1
dataset_2_binary_clean_v2,train,train/images/nozzle_no_extrusion_0157.jpg,train/labels/nozzle_no_extrusion_0157.txt,166988,38,b9c413662598d0ebdeab07430e0aacff087e873ef11154d5479f5ff4b2d353e8,00815e80bd7f5f124143afee78d123ecc7a1caff370ef0a238f9f323b7ea6472,1,1
dataset_2_binary_clean_v2,train,train/images/nozzle_no_extrusion_0158.jpg,train/labels/nozzle_no_extrusion_0158.txt,164134,38,2ac1bae53d18d3ff323d787a9124dc4b7a3b3deb696a28fee05b94b7da21c0b0,00815e80bd7f5f124143afee78d123ecc7a1caff370ef0a238f9f323b7ea6472,1,1
dataset_2_binary_clean_v2,train,train/images/nozzle_no_extrusion_0159.jpg,train/labels/nozzle_no_extrusion_0159.txt,165144,38,8ce518a7305fea9825b6b54b0a94de3e16ef78bd6ccbf7ca01baa00a44f31bc2,00815e80bd7f5f124143afee78d123ecc7a1caff370ef0a238f9f323b7ea6472,1,1
dataset_2_binary_clean_v2,train,train/images/nozzle_no_extrusion_0160.jpg,train/labels/nozzle_no_extrusion_0160.txt,125017,38,1544d20041d9c8148c0de997fa7bf72223934c0e9f5af8b4fa7ecb3ef695d7cc,00815e80bd7f5f124143afee78d123ecc7a1caff370ef0a238f9f323b7ea6472,1,1
dataset_2_binary_clean_v2,train,train/images/nozzle_no_extrusion_0161.jpg,train/labels/nozzle_no_extrusion_0161.txt,144442,38,df6b789b38a8c4d42d066996865c3749be8cdfe7a6df20fe03f9e07bd92e2e37,00815e80bd7f5f124143afee78d123ecc7a1caff370ef0a238f9f323b7ea6472,1,1
dataset_2_binary_clean_v2,train,train/images/nozzle_no_extrusion_0162.jpg,train/labels/nozzle_no_extrusion_0162.txt,166913,38,008a1f0eb6e245116c460bf06ffbc91187eb4421608cf2fbbb02ca3c3f8f3e59,00815e80bd7f5f124143afee78d123ecc7a1caff370ef0a238f9f323b7ea6472,1,1
dataset_2_binary_clean_v2,train,train/images/nozzle_no_extrusion_0163.jpg,train/labels/nozzle_no_extrusion_0163.txt,166307,38,0c8855479edf1d986496e23eaf9e221f7b61777894d6f614e429dbed18d791fe,00815e80bd7f5f124143afee78d123ecc7a1caff370ef0a238f9f323b7ea6472,1,1
dataset_2_binary_clean_v2,train,train/images/nozzle_no_extrusion_0164.jpg,train/labels/nozzle_no_extrusion_0164.txt,161063,38,635534d410d1a8c8c222095414771e16dc84ccacc02b0a4ce97e0888c34a1a51,00815e80bd7f5f124143afee78d123ecc7a1caff370ef0a238f9f323b7ea6472,1,1
dataset_2_binary_clean_v2,train,train/images/nozzle_no_extrusion_0165.jpg,train/labels/nozzle_no_extrusion_0165.txt,161090,38,a4bad261bffdbc29d485cb6a04660bcc810a69e8ae616fa22540efcd7a095451,00815e80bd7f5f124143afee78d123ecc7a1caff370ef0a238f9f323b7ea6472,1,1
dataset_2_binary_clean_v2,train,train/images/nozzle_no_extrusion_0169.jpg,train/labels/nozzle_no_extrusion_0169.txt,137640,38,5172dd6d42f8c07a83809c838a6508cb946add05a5e8ab4518309f03f2f17d4e,00815e80bd7f5f124143afee78d123ecc7a1caff370ef0a238f9f323b7ea6472,1,1
dataset_2_binary_clean_v2,train,train/images/nozzle_no_extrusion_0170.jpg,train/labels/nozzle_no_extrusion_0170.txt,120766,38,eb297c77b5107012bfd08b0637fb86369a614740a865c9d1e1cf317f38a99d70,00815e80bd7f5f124143afee78d123ecc7a1caff370ef0a238f9f323b7ea6472,1,1
dataset_2_binary_clean_v2,train,train/images/nozzle_no_extrusion_0171.jpg,train/labels/nozzle_no_extrusion_0171.txt,91707,38,cc72879a5113247bf4c436620a73c97d23daa669e9190b935fcb035b496acf5a,00815e80bd7f5f124143afee78d123ecc7a1caff370ef0a238f9f323b7ea6472,1,1
dataset_2_binary_clean_v2,train,train/images/nozzle_no_extrusion_0172.jpg,train/labels/nozzle_no_extrusion_0172.txt,154316,38,75479250e9ff863c0cce29e2d70cb1264187525be1ea0be52c234ea41c4f3fe5,00815e80bd7f5f124143afee78d123ecc7a1caff370ef0a238f9f323b7ea6472,1,1
dataset_2_binary_clean_v2,train,train/images/nozzle_no_extrusion_0173.jpg,train/labels/nozzle_no_extrusion_0173.txt,136261,38,29ac3acee7ff83abc5e8d0cb1f66448467519d50cd441991227747239fc3665f,00815e80bd7f5f124143afee78d123ecc7a1caff370ef0a238f9f323b7ea6472,1,1
dataset_2_binary_clean_v2,train,train/images/nozzle_no_extrusion_0174.jpg,train/labels/nozzle_no_extrusion_0174.txt,163564,38,80afd96d70a6a8f5238865f82578775d87fd767843657d9daa434ed799a12779,00815e80bd7f5f124143afee78d123ecc7a1caff370ef0a238f9f323b7ea6472,1,1
dataset_2_binary_clean_v2,train,train/images/nozzle_no_extrusion_0177.jpg,train/labels/nozzle_no_extrusion_0177.txt,138940,38,fc26fdb23edd26819e190cbebb73662bfb18f5ab89738c86c4cc76f98ff10e9a,00815e80bd7f5f124143afee78d123ecc7a1caff370ef0a238f9f323b7ea6472,1,1
dataset_2_binary_clean_v2,train,train/images/nozzle_no_extrusion_0178.jpg,train/labels/nozzle_no_extrusion_0178.txt,165448,38,822b3005d724c41a850aad5a852cad5dd4eacd0d9cd2b2e6217971f3f8b93f94,00815e80bd7f5f124143afee78d123ecc7a1caff370ef0a238f9f323b7ea6472,1,1
dataset_2_binary_clean_v2,train,train/images/nozzle_no_extrusion_0179.jpg,train/labels/nozzle_no_extrusion_0179.txt,166618,38,bce6d58c6263bc36b16fe203369be47936c01dc9a36a0bf12f28fa1fc2b4d454,00815e80bd7f5f124143afee78d123ecc7a1caff370ef0a238f9f323b7ea6472,1,1
dataset_2_binary_clean_v2,train,train/images/nozzle_no_extrusion_0180.jpg,train/labels/nozzle_no_extrusion_0180.txt,111457,38,68debcbf226cb9f4b6db02f2b33ecf5cd7c8be4d2bfd605ef37a84e79fb0da1e,00815e80bd7f5f124143afee78d123ecc7a1caff370ef0a238f9f323b7ea6472,1,1
dataset_2_binary_clean_v2,train,train/images/nozzle_no_extrusion_0181.jpg,train/labels/nozzle_no_extrusion_0181.txt,116952,38,4479e919783a7cc0293f7b7beb6b6c362d88856d0cec083d3bf0253b3d196a54,00815e80bd7f5f124143afee78d123ecc7a1caff370ef0a238f9f323b7ea6472,1,1
dataset_2_binary_clean_v2,train,train/images/nozzle_no_extrusion_0182.jpg,train/labels/nozzle_no_extrusion_0182.txt,164978,38,6eb01dd7fdce81cf1cdbf974695a4befa153e29d51673d4618fe3d15eef1bd5c,00815e80bd7f5f124143afee78d123ecc7a1caff370ef0a238f9f323b7ea6472,1,1
dataset_2_binary_clean_v2,train,train/images/nozzle_no_extrusion_0183.jpg,train/labels/nozzle_no_extrusion_0183.txt,163047,38,f9cc1b76e1e6b5ac3107eb4ff76c868e78cef5bb3e9f830ef8b4dcef566cd4ff,00815e80bd7f5f124143afee78d123ecc7a1caff370ef0a238f9f323b7ea6472,1,1
dataset_2_binary_clean_v2,train,train/images/nozzle_no_extrusion_0184.jpg,train/labels/nozzle_no_extrusion_0184.txt,161154,38,78cb114473a82a36f8e6bb74645c13522cda5b31ba80465b0d3030805f426c3f,00815e80bd7f5f124143afee78d123ecc7a1caff370ef0a238f9f323b7ea6472,1,1
dataset_2_binary_clean_v2,train,train/images/nozzle_no_extrusion_0185.jpg,train/labels/nozzle_no_extrusion_0185.txt,161686,38,277a91cfbf8267f8b336e1d908c277cf6c1d48270ffff96886793f9347e05de7,00815e80bd7f5f124143afee78d123ecc7a1caff370ef0a238f9f323b7ea6472,1,1
dataset_2_binary_clean_v2,train,train/images/nozzle_no_extrusion_0188.jpg,train/labels/nozzle_no_extrusion_0188.txt,161977,38,d95a0910242f76ee6cb43b4f5fa8c981b4cd1a4fb73c4af3ef32b7c5431635d9,00815e80bd7f5f124143afee78d123ecc7a1caff370ef0a238f9f323b7ea6472,1,1
dataset_2_binary_clean_v2,train,train/images/nozzle_no_extrusion_0189.jpg,train/labels/nozzle_no_extrusion_0189.txt,162504,38,fb0a7a743cc9411bf11edfe6707fd8872534986d1b47e656b912e8519b17655e,00815e80bd7f5f124143afee78d123ecc7a1caff370ef0a238f9f323b7ea6472,1,1
dataset_2_binary_clean_v2,train,train/images/nozzle_no_extrusion_0190.jpg,train/labels/nozzle_no_extrusion_0190.txt,126387,38,597a2f20c8895309464099ef0845b9c62562f40ccc0b08c44489eb554f0f16bb,00815e80bd7f5f124143afee78d123ecc7a1caff370ef0a238f9f323b7ea6472,1,1
dataset_2_binary_clean_v2,train,train/images/nozzle_no_extrusion_0191.jpg,train/labels/nozzle_no_extrusion_0191.txt,124477,38,106c2553c45ab781900d4bfa5e3c2e6ba4ad7e6673f6e8402abd9ec7583c795b,00815e80bd7f5f124143afee78d123ecc7a1caff370ef0a238f9f323b7ea6472,1,1
dataset_2_binary_clean_v2,train,train/images/nozzle_no_extrusion_0192.jpg,train/labels/nozzle_no_extrusion_0192.txt,120781,38,71722210dae1c3a7d1114918752849dc09e3913c1965a68c96b42aedfd5e524e,00815e80bd7f5f124143afee78d123ecc7a1caff370ef0a238f9f323b7ea6472,1,1
dataset_2_binary_clean_v2,train,train/images/nozzle_no_extrusion_0194.jpg,train/labels/nozzle_no_extrusion_0194.txt,157183,38,dcb8969d57c6ffc69466d62186bd36089ea9b4e139deee23c58c0b11886fe5f2,00815e80bd7f5f124143afee78d123ecc7a1caff370ef0a238f9f323b7ea6472,1,1
dataset_2_binary_clean_v2,train,train/images/nozzle_no_extrusion_0195.jpg,train/labels/nozzle_no_extrusion_0195.txt,171605,38,d05d76edd7ad21c0e3314bf3862135194322321c8e5ea257245510ca0a590246,00815e80bd7f5f124143afee78d123ecc7a1caff370ef0a238f9f323b7ea6472,1,1
dataset_2_binary_clean_v2,train,train/images/nozzle_no_extrusion_0196.jpg,train/labels/nozzle_no_extrusion_0196.txt,167958,38,d3839d496b6e20a7c3656e12a279b736844b5d0827f1326cb9ff0f0ce95752f6,00815e80bd7f5f124143afee78d123ecc7a1caff370ef0a238f9f323b7ea6472,1,1
dataset_2_binary_clean_v2,train,train/images/nozzle_no_extrusion_0201.jpg,train/labels/nozzle_no_extrusion_0201.txt,159333,38,dddb5de308df9fba4ca59415674a9bdabe97cb2b3aad0a70c2b07c9aa7db3d26,00815e80bd7f5f124143afee78d123ecc7a1caff370ef0a238f9f323b7ea6472,1,1
dataset_2_binary_clean_v2,train,train/images/nozzle_no_extrusion_0203.jpg,train/labels/nozzle_no_extrusion_0203.txt,130908,38,5d2429bd88f43c53f7c2a8ded1ceff2d1e5123907400924bd47d389c7aaed020,00815e80bd7f5f124143afee78d123ecc7a1caff370ef0a238f9f323b7ea6472,1,1
dataset_2_binary_clean_v2,train,train/images/nozzle_no_extrusion_0204.jpg,train/labels/nozzle_no_extrusion_0204.txt,160643,38,b0d819a34c6059d116ba1462e31959fc9a495d993a1bf09bbf2525352c2818f9,00815e80bd7f5f124143afee78d123ecc7a1caff370ef0a238f9f323b7ea6472,1,1
dataset_2_binary_clean_v2,train,train/images/nozzle_no_extrusion_0205.jpg,train/labels/nozzle_no_extrusion_0205.txt,165132,38,e05a9105111cbadbe2f42223a767149b3a9ab79c04bae8e5c1610addbaf4b9f5,00815e80bd7f5f124143afee78d123ecc7a1caff370ef0a238f9f323b7ea6472,1,1
dataset_2_binary_clean_v2,train,train/images/nozzle_no_extrusion_0206.jpg,train/labels/nozzle_no_extrusion_0206.txt,163473,38,471f9c95865e32d14202aad94f38f79b5a50dced9eabc78a1667cb34d4292174,00815e80bd7f5f124143afee78d123ecc7a1caff370ef0a238f9f323b7ea6472,1,1
dataset_2_binary_clean_v2,train,train/images/nozzle_no_extrusion_0207.jpg,train/labels/nozzle_no_extrusion_0207.txt,167049,38,648e180d1f4e870345e1bab0305ef127f9247a676f4d25a6aa3a33080e9b4a83,00815e80bd7f5f124143afee78d123ecc7a1caff370ef0a238f9f323b7ea6472,1,1
dataset_2_binary_clean_v2,train,train/images/nozzle_no_extrusion_0208.jpg,train/labels/nozzle_no_extrusion_0208.txt,124192,38,29ccd19390e191c7c392a2ca49c30da422ce2d434f962f885a8e0353ac5413dc,00815e80bd7f5f124143afee78d123ecc7a1caff370ef0a238f9f323b7ea6472,1,1
dataset_2_binary_clean_v2,train,train/images/nozzle_no_extrusion_0209.jpg,train/labels/nozzle_no_extrusion_0209.txt,115773,38,eec9948e26ee024a2369da97f80b5c60966bdcf8991bbf2f97f1f9fd1617c4c2,00815e80bd7f5f124143afee78d123ecc7a1caff370ef0a238f9f323b7ea6472,1,1
dataset_2_binary_clean_v2,train,train/images/nozzle_no_extrusion_0210.jpg,train/labels/nozzle_no_extrusion_0210.txt,119595,38,adea9e6cd9c9b98a41aa5eea199d3dac807a0388b4a9a624a612400dc6abf872,00815e80bd7f5f124143afee78d123ecc7a1caff370ef0a238f9f323b7ea6472,1,1
dataset_2_binary_clean_v2,train,train/images/nozzle_no_extrusion_0211.jpg,train/labels/nozzle_no_extrusion_0211.txt,119835,38,0551eb7f12e3ffe4a09997edd1e763af17f786b0db15cb26642007f1c62bad6b,00815e80bd7f5f124143afee78d123ecc7a1caff370ef0a238f9f323b7ea6472,1,1
dataset_2_binary_clean_v2,train,train/images/nozzle_no_extrusion_0212.jpg,train/labels/nozzle_no_extrusion_0212.txt,162771,38,c71fe651457c75a1c7fe8df9361a8e92dc2b8e84364739864713ba91df55af6b,00815e80bd7f5f124143afee78d123ecc7a1caff370ef0a238f9f323b7ea6472,1,1
dataset_2_binary_clean_v2,train,train/images/nozzle_no_extrusion_0213.jpg,train/labels/nozzle_no_extrusion_0213.txt,168038,38,552247594181506ae3eafb6ba46d53c997823289a41045c5776374baad050780,00815e80bd7f5f124143afee78d123ecc7a1caff370ef0a238f9f323b7ea6472,1,1
dataset_2_binary_clean_v2,train,train/images/nozzle_no_extrusion_0214.jpg,train/labels/nozzle_no_extrusion_0214.txt,169221,38,31687c8e2bcf49f50480d089a8129ebdf26af8edf8ad25f4ece54c19cb31301a,00815e80bd7f5f124143afee78d123ecc7a1caff370ef0a238f9f323b7ea6472,1,1
dataset_2_binary_clean_v2,train,train/images/nozzle_no_extrusion_0215.jpg,train/labels/nozzle_no_extrusion_0215.txt,165929,38,4f06939aa837bb8f2580fbb8c4e6386e9fc1f7b7cc92ea08d92a987d2fa34f6e,00815e80bd7f5f124143afee78d123ecc7a1caff370ef0a238f9f323b7ea6472,1,1
dataset_2_binary_clean_v2,train,train/images/nozzle_no_extrusion_0216.jpg,train/labels/nozzle_no_extrusion_0216.txt,162266,38,44fb1f707ce4bd77d013979c7012bb4adf2be54aa31014699de63d47e061faf0,00815e80bd7f5f124143afee78d123ecc7a1caff370ef0a238f9f323b7ea6472,1,1
dataset_2_binary_clean_v2,train,train/images/nozzle_no_extrusion_0217.jpg,train/labels/nozzle_no_extrusion_0217.txt,161009,38,9bdddde51c55f19a05ab59e217e54246ac67a5fc1372b458ae5766ce56039a20,00815e80bd7f5f124143afee78d123ecc7a1caff370ef0a238f9f323b7ea6472,1,1
dataset_2_binary_clean_v2,train,train/images/nozzle_no_extrusion_0218.jpg,train/labels/nozzle_no_extrusion_0218.txt,162525,38,7fc71f6e343bb408b35802561f8f9c141c00a2926f59399d6617837695548308,00815e80bd7f5f124143afee78d123ecc7a1caff370ef0a238f9f323b7ea6472,1,1
dataset_2_binary_clean_v2,train,train/images/nozzle_no_extrusion_0219.jpg,train/labels/nozzle_no_extrusion_0219.txt,166166,38,c1c53ca5c17f48e245b178afc3391ca5da665fefc92a31dbc58c5247c2181239,00815e80bd7f5f124143afee78d123ecc7a1caff370ef0a238f9f323b7ea6472,1,1
dataset_2_binary_clean_v2,train,train/images/nozzle_no_extrusion_0220.jpg,train/labels/nozzle_no_extrusion_0220.txt,112698,38,9365791730062e37c63ee2c5d4fbb0bc895c7776fd5b5270ba7c2b352667821d,00815e80bd7f5f124143afee78d123ecc7a1caff370ef0a238f9f323b7ea6472,1,1
dataset_2_binary_clean_v2,train,train/images/nozzle_no_extrusion_0221.jpg,train/labels/nozzle_no_extrusion_0221.txt,155508,38,e6c99e8dbb27afaff89f3ea0f07575f5808a49e79ed5d6fd1e5abc643874eab9,00815e80bd7f5f124143afee78d123ecc7a1caff370ef0a238f9f323b7ea6472,1,1
dataset_2_binary_clean_v2,train,train/images/nozzle_no_extrusion_0222.jpg,train/labels/nozzle_no_extrusion_0222.txt,136535,38,51279a631a1b23bc961cbb0c3e150bc932db2fa31b8997a3acc03bb631ba00b5,00815e80bd7f5f124143afee78d123ecc7a1caff370ef0a238f9f323b7ea6472,1,1
dataset_2_binary_clean_v2,train,train/images/nozzle_no_extrusion_0223.jpg,train/labels/nozzle_no_extrusion_0223.txt,162524,38,11c6d8a830be0045d32926658fc786cd138a428afcaf28fc937658b31c1d604f,00815e80bd7f5f124143afee78d123ecc7a1caff370ef0a238f9f323b7ea6472,1,1
dataset_2_binary_clean_v2,train,train/images/nozzle_no_extrusion_0224.jpg,train/labels/nozzle_no_extrusion_0224.txt,158300,38,bfc1f137dbb5f7cf19779c54c737e37cd0e03e35585ada9bf756a7e99280d153,00815e80bd7f5f124143afee78d123ecc7a1caff370ef0a238f9f323b7ea6472,1,1
dataset_2_binary_clean_v2,train,train/images/nozzle_no_extrusion_0225.jpg,train/labels/nozzle_no_extrusion_0225.txt,161962,38,71b7a1a37f82faed3ca9384b04e8cec25dba4c10a832733ae2167927cc294869,00815e80bd7f5f124143afee78d123ecc7a1caff370ef0a238f9f323b7ea6472,1,1
dataset_2_binary_clean_v2,train,train/images/nozzle_no_extrusion_0226.jpg,train/labels/nozzle_no_extrusion_0226.txt,159052,38,991c23f42a7baea332db3c45f0230fcf6cd2f0f14bfdf4cd87e1420334892704,00815e80bd7f5f124143afee78d123ecc7a1caff370ef0a238f9f323b7ea6472,1,1
dataset_2_binary_clean_v2,train,train/images/nozzle_no_extrusion_0227.jpg,train/labels/nozzle_no_extrusion_0227.txt,158261,38,6364d0dd77d75da568a5ef55fd02c6af197ad0d5cf3084f47341c78b8aa4d985,00815e80bd7f5f124143afee78d123ecc7a1caff370ef0a238f9f323b7ea6472,1,1
dataset_2_binary_clean_v2,train,train/images/nozzle_no_extrusion_0228.jpg,train/labels/nozzle_no_extrusion_0228.txt,161992,38,aeebb33be8cf365560ed04079133b19f2b4552c8f77acae9465befaa0cd7dd4b,00815e80bd7f5f124143afee78d123ecc7a1caff370ef0a238f9f323b7ea6472,1,1
dataset_2_binary_clean_v2,train,train/images/nozzle_no_extrusion_0229.jpg,train/labels/nozzle_no_extrusion_0229.txt,168589,38,14ac6760ee06364459291c0e4c9c260339cec7a1c69788fc5070cf110c58c627,00815e80bd7f5f124143afee78d123ecc7a1caff370ef0a238f9f323b7ea6472,1,1
dataset_2_binary_clean_v2,train,train/images/nozzle_no_extrusion_0230.jpg,train/labels/nozzle_no_extrusion_0230.txt,97897,38,9c47ea812653a9d131a13455e5a71b510ebe6b2757b344e82608f05b6ef3c86d,00815e80bd7f5f124143afee78d123ecc7a1caff370ef0a238f9f323b7ea6472,1,1
dataset_2_binary_clean_v2,train,train/images/nozzle_no_extrusion_0231.jpg,train/labels/nozzle_no_extrusion_0231.txt,120987,38,7abf40855a1a18af7075f946bf9bcac21c225d9bfcb02506077e1d6832cae4a1,00815e80bd7f5f124143afee78d123ecc7a1caff370ef0a238f9f323b7ea6472,1,1
dataset_2_binary_clean_v2,train,train/images/nozzle_no_extrusion_0232.jpg,train/labels/nozzle_no_extrusion_0232.txt,122052,38,242e921a9baf1e554bff9352735b8bb00d0600dce20925085e9e4ab5c0cb9216,00815e80bd7f5f124143afee78d123ecc7a1caff370ef0a238f9f323b7ea6472,1,1
dataset_2_binary_clean_v2,train,train/images/nozzle_no_extrusion_0236.jpg,train/labels/nozzle_no_extrusion_0236.txt,166652,38,016e8e9f1f49b103fa6f69975bdc6605cca9403dbedcc4f6973bb1c579c8efd0,00815e80bd7f5f124143afee78d123ecc7a1caff370ef0a238f9f323b7ea6472,1,1
dataset_2_binary_clean_v2,train,train/images/nozzle_no_extrusion_0237.jpg,train/labels/nozzle_no_extrusion_0237.txt,168189,38,f554cfbaf468afbf48fba654b5669dfc25de15a0609572525b1b5b0ee9e95351,00815e80bd7f5f124143afee78d123ecc7a1caff370ef0a238f9f323b7ea6472,1,1
dataset_2_binary_clean_v2,train,train/images/nozzle_no_extrusion_0239.jpg,train/labels/nozzle_no_extrusion_0239.txt,163922,38,4a91b9765b08c4540583794a8fca6f9c103a1f93146d204359493b33bfcd2e60,00815e80bd7f5f124143afee78d123ecc7a1caff370ef0a238f9f323b7ea6472,1,1
dataset_2_binary_clean_v2,train,train/images/nozzle_no_extrusion_0240.jpg,train/labels/nozzle_no_extrusion_0240.txt,162210,38,ff3a63b4116442bb54323169bd1b31256d523a06dc386b1001437d90a075147f,00815e80bd7f5f124143afee78d123ecc7a1caff370ef0a238f9f323b7ea6472,1,1
dataset_2_binary_clean_v2,train,train/images/nozzle_no_extrusion_0241.jpg,train/labels/nozzle_no_extrusion_0241.txt,163350,38,1f64494c3285182ed965d01e85ba64c83f8b4589677b7d4d2abbe71f863c4a47,00815e80bd7f5f124143afee78d123ecc7a1caff370ef0a238f9f323b7ea6472,1,1
dataset_2_binary_clean_v2,train,train/images/nozzle_no_extrusion_0246.jpg,train/labels/nozzle_no_extrusion_0246.txt,168822,38,48a4dd1b98f84eccf05e0dab994089eb9b0bb695f54a77d38fe3b387f5cf6330,00815e80bd7f5f124143afee78d123ecc7a1caff370ef0a238f9f323b7ea6472,1,1
dataset_2_binary_clean_v2,train,train/images/nozzle_no_extrusion_0249.jpg,train/labels/nozzle_no_extrusion_0249.txt,118585,38,919edb08657ce7ba110dc9961ecb0e94f8e90ee90b58c2eb8f43fd46b1da234e,00815e80bd7f5f124143afee78d123ecc7a1caff370ef0a238f9f323b7ea6472,1,1
dataset_2_binary_clean_v2,train,train/images/nozzle_no_extrusion_0251.jpg,train/labels/nozzle_no_extrusion_0251.txt,165406,38,bce98f3a587b6d7261c8472b5c06167d2a5f1dc35263f600224b7d8e6ee94c21,00815e80bd7f5f124143afee78d123ecc7a1caff370ef0a238f9f323b7ea6472,1,1
dataset_2_binary_clean_v2,train,train/images/nozzle_no_extrusion_0252.jpg,train/labels/nozzle_no_extrusion_0252.txt,162744,38,5298dc3d14a7006586e7ef7707e9a7c5d8d853cee8a03bfa0571d73607a14868,00815e80bd7f5f124143afee78d123ecc7a1caff370ef0a238f9f323b7ea6472,1,1
dataset_2_binary_clean_v2,train,train/images/nozzle_no_extrusion_0255.jpg,train/labels/nozzle_no_extrusion_0255.txt,135993,38,57adb6ae8f95c3a265414adb1f91c0b8511f87dd8770d24e1bcb4391e4ccf8ce,00815e80bd7f5f124143afee78d123ecc7a1caff370ef0a238f9f323b7ea6472,1,1
dataset_2_binary_clean_v2,train,train/images/nozzle_no_extrusion_0256.jpg,train/labels/nozzle_no_extrusion_0256.txt,165107,38,da772869f91943c46880581d082330effe2baef04ae688239013209d68368de6,00815e80bd7f5f124143afee78d123ecc7a1caff370ef0a238f9f323b7ea6472,1,1
dataset_2_binary_clean_v2,train,train/images/nozzle_no_extrusion_0257.jpg,train/labels/nozzle_no_extrusion_0257.txt,112106,38,4186ac1fa56785005237e7a5c52e8e12df074b028fabd0f04717f13f89c83e3c,00815e80bd7f5f124143afee78d123ecc7a1caff370ef0a238f9f323b7ea6472,1,1
dataset_2_binary_clean_v2,train,train/images/nozzle_no_extrusion_0259.jpg,train/labels/nozzle_no_extrusion_0259.txt,162606,38,e655db88ecefb2ddff251582fce31aaed4f09ec1a4d51763002a8f6f2ec67466,00815e80bd7f5f124143afee78d123ecc7a1caff370ef0a238f9f323b7ea6472,1,1
dataset_2_binary_clean_v2,train,train/images/nozzle_no_extrusion_0260.jpg,train/labels/nozzle_no_extrusion_0260.txt,163250,38,045a6d01e059061f8a388b0d1935a8a1b300df4c0d06df40b50a5627641c83a8,00815e80bd7f5f124143afee78d123ecc7a1caff370ef0a238f9f323b7ea6472,1,1
dataset_2_binary_clean_v2,train,train/images/nozzle_no_extrusion_0261.jpg,train/labels/nozzle_no_extrusion_0261.txt,160787,38,b1db8f2b0b0f6f06a6ac848c22501ec75c05f83b35aa5e6bb7c55359a8c58365,00815e80bd7f5f124143afee78d123ecc7a1caff370ef0a238f9f323b7ea6472,1,1
dataset_2_binary_clean_v2,train,train/images/nozzle_no_extrusion_0264.jpg,train/labels/nozzle_no_extrusion_0264.txt,159338,38,9d445a5247b18a64a4fab751e9247b0d5f2b36f2079cfb74574e4ff530e0663e,00815e80bd7f5f124143afee78d123ecc7a1caff370ef0a238f9f323b7ea6472,1,1
dataset_2_binary_clean_v2,train,train/images/nozzle_no_extrusion_0265.jpg,train/labels/nozzle_no_extrusion_0265.txt,161212,38,9630782a22108844c5233cb2dd04fc0a1a4ec3da53e1abb94913f6efa4c792ca,00815e80bd7f5f124143afee78d123ecc7a1caff370ef0a238f9f323b7ea6472,1,1
dataset_2_binary_clean_v2,train,train/images/nozzle_no_extrusion_0266.jpg,train/labels/nozzle_no_extrusion_0266.txt,120152,38,98190f064bc1eb3a14fbc7b71adc17da625b5ac32beda6026e8e9ee0983e4ee0,00815e80bd7f5f124143afee78d123ecc7a1caff370ef0a238f9f323b7ea6472,1,1
dataset_2_binary_clean_v2,train,train/images/nozzle_no_extrusion_0267.jpg,train/labels/nozzle_no_extrusion_0267.txt,121212,38,6c518324e94cb1c23b430646290de3df8349e3abd09bf975ae88d83afe40356d,00815e80bd7f5f124143afee78d123ecc7a1caff370ef0a238f9f323b7ea6472,1,1
dataset_2_binary_clean_v2,train,train/images/nozzle_no_extrusion_0268.jpg,train/labels/nozzle_no_extrusion_0268.txt,123206,38,c093e573a1df07e30ee944e284c0ff1baec41eb3a1b85219246d5c673776ef63,00815e80bd7f5f124143afee78d123ecc7a1caff370ef0a238f9f323b7ea6472,1,1
dataset_2_binary_clean_v2,train,train/images/nozzle_no_extrusion_0269.jpg,train/labels/nozzle_no_extrusion_0269.txt,129835,38,5cb64794dcdf8877ee2fe91bbd63d18c318636e9ef6bf70acb30336c3a0f6491,00815e80bd7f5f124143afee78d123ecc7a1caff370ef0a238f9f323b7ea6472,1,1
dataset_2_binary_clean_v2,train,train/images/nozzle_no_extrusion_0271.jpg,train/labels/nozzle_no_extrusion_0271.txt,168858,38,e7f543b9a9f20680ecff06052e8352eedc254ba949fcc5b603e3a79a90d5ec64,00815e80bd7f5f124143afee78d123ecc7a1caff370ef0a238f9f323b7ea6472,1,1
dataset_2_binary_clean_v2,train,train/images/nozzle_no_extrusion_0274.jpg,train/labels/nozzle_no_extrusion_0274.txt,165831,38,df4dbbb0671d29670fe890144d230fba7213640a4b93087d61bf8073a13af466,00815e80bd7f5f124143afee78d123ecc7a1caff370ef0a238f9f323b7ea6472,1,1
dataset_2_binary_clean_v2,train,train/images/nozzle_no_extrusion_0278.jpg,train/labels/nozzle_no_extrusion_0278.txt,160164,38,db179be542f96f34f67ae00d6dc0102732ea8a4c0c0ee79385bc9b32d9dd64c3,00815e80bd7f5f124143afee78d123ecc7a1caff370ef0a238f9f323b7ea6472,1,1
dataset_2_binary_clean_v2,train,train/images/nozzle_no_extrusion_0279.jpg,train/labels/nozzle_no_extrusion_0279.txt,162568,38,a9749836bd482d1061528e8188070f9df27d8b080b3c2f50957d939e3384e937,00815e80bd7f5f124143afee78d123ecc7a1caff370ef0a238f9f323b7ea6472,1,1
dataset_2_binary_clean_v2,train,train/images/nozzle_no_extrusion_0280.jpg,train/labels/nozzle_no_extrusion_0280.txt,168809,38,b433c7f303b9bc67791b37b7fe0a68e4d5481c656f53a79a2dc87e627b069608,00815e80bd7f5f124143afee78d123ecc7a1caff370ef0a238f9f323b7ea6472,1,1
dataset_2_binary_clean_v2,train,train/images/nozzle_no_extrusion_0281.jpg,train/labels/nozzle_no_extrusion_0281.txt,169507,38,bbbd3caedf547a91502dfff9d09d7f78df46ad12d42a6b339bdcb1bb2f900219,00815e80bd7f5f124143afee78d123ecc7a1caff370ef0a238f9f323b7ea6472,1,1
dataset_2_binary_clean_v2,train,train/images/nozzle_no_extrusion_0282.jpg,train/labels/nozzle_no_extrusion_0282.txt,165005,38,9163bbb489666e42d85159fe2443e06cb89253620b5df45cc60256768096f3c8,00815e80bd7f5f124143afee78d123ecc7a1caff370ef0a238f9f323b7ea6472,1,1
dataset_2_binary_clean_v2,train,train/images/nozzle_no_extrusion_0283.jpg,train/labels/nozzle_no_extrusion_0283.txt,121556,38,2b599921d2c79c719b845160dd69f0cdc092e0cb96d67fc6a769b66a93ea7a07,00815e80bd7f5f124143afee78d123ecc7a1caff370ef0a238f9f323b7ea6472,1,1
dataset_2_binary_clean_v2,train,train/images/nozzle_no_extrusion_0285.jpg,train/labels/nozzle_no_extrusion_0285.txt,120679,38,11b826958fbeaf1f5178e9e27d83b89f69516da4117a2362328107a2f9478d7f,00815e80bd7f5f124143afee78d123ecc7a1caff370ef0a238f9f323b7ea6472,1,1
dataset_2_binary_clean_v2,train,train/images/nozzle_no_extrusion_0286.jpg,train/labels/nozzle_no_extrusion_0286.txt,103278,38,2066d4d1b34afea7bc301d53de5f3496f6ef099cc653f293f4359b1ec880a513,00815e80bd7f5f124143afee78d123ecc7a1caff370ef0a238f9f323b7ea6472,1,1
dataset_2_binary_clean_v2,train,train/images/nozzle_no_extrusion_0287.jpg,train/labels/nozzle_no_extrusion_0287.txt,167100,38,796092072f8eb1a58e34506f4a0d48e12d6d3661043a0a8f87a6836c6e7fee55,00815e80bd7f5f124143afee78d123ecc7a1caff370ef0a238f9f323b7ea6472,1,1
dataset_2_binary_clean_v2,train,train/images/nozzle_no_extrusion_0289.jpg,train/labels/nozzle_no_extrusion_0289.txt,169578,38,da172777e97c1c00b31fe5e2d24d1640e7e537ed450ba3cf16a87cb0160e1d6b,00815e80bd7f5f124143afee78d123ecc7a1caff370ef0a238f9f323b7ea6472,1,1
dataset_2_binary_clean_v2,train,train/images/nozzle_no_extrusion_0292.jpg,train/labels/nozzle_no_extrusion_0292.txt,162250,38,8980e49fe7cf099ea3c2faab478e78bfd6a162863a0736b26e53a7368c8ac9b2,00815e80bd7f5f124143afee78d123ecc7a1caff370ef0a238f9f323b7ea6472,1,1
dataset_2_binary_clean_v2,train,train/images/nozzle_no_extrusion_0293.jpg,train/labels/nozzle_no_extrusion_0293.txt,136876,38,27ef2e1ad5d4d5dc543018de2d60db0cef9e7cf454255c2fca690d7535764349,00815e80bd7f5f124143afee78d123ecc7a1caff370ef0a238f9f323b7ea6472,1,1
dataset_2_binary_clean_v2,train,train/images/nozzle_no_extrusion_0294.jpg,train/labels/nozzle_no_extrusion_0294.txt,163788,38,bb31f7ee85c2173a468e3141164c53ec6b1e0a50a01478ac93f3988486f88894,00815e80bd7f5f124143afee78d123ecc7a1caff370ef0a238f9f323b7ea6472,1,1
dataset_2_binary_clean_v2,train,train/images/nozzle_no_extrusion_0295.jpg,train/labels/nozzle_no_extrusion_0295.txt,169973,38,1d82c47a5d963d1a0fab13f5f62d27957e7414a57557feaaa879a83ac588d1ec,00815e80bd7f5f124143afee78d123ecc7a1caff370ef0a238f9f323b7ea6472,1,1
dataset_2_binary_clean_v2,train,train/images/nozzle_no_extrusion_0296.jpg,train/labels/nozzle_no_extrusion_0296.txt,111399,38,e7336e4c232b601b95d1373c4e72955abee6dd9542c800350fcf186195ebb4fe,00815e80bd7f5f124143afee78d123ecc7a1caff370ef0a238f9f323b7ea6472,1,1
dataset_2_binary_clean_v2,train,train/images/nozzle_no_extrusion_0297.jpg,train/labels/nozzle_no_extrusion_0297.txt,118050,38,65345a8223db4d000241a5a0582c8e791376b7cafd550345387ce73fbc94b7b0,00815e80bd7f5f124143afee78d123ecc7a1caff370ef0a238f9f323b7ea6472,1,1
dataset_2_binary_clean_v2,train,train/images/nozzle_no_extrusion_0305.jpg,train/labels/nozzle_no_extrusion_0305.txt,118164,38,6a5edf1869ee72983b628291ced502351e78afd225d2af802067925de5176b00,00815e80bd7f5f124143afee78d123ecc7a1caff370ef0a238f9f323b7ea6472,1,1
dataset_2_binary_clean_v2,train,train/images/nozzle_no_extrusion_0306.jpg,train/labels/nozzle_no_extrusion_0306.txt,122737,38,c8fcb6b362f6768e80388d9ba1ab26311132f72ff28d79ccf62a6a0b0e3c779d,00815e80bd7f5f124143afee78d123ecc7a1caff370ef0a238f9f323b7ea6472,1,1
dataset_2_binary_clean_v2,train,train/images/nozzle_no_extrusion_0307.jpg,train/labels/nozzle_no_extrusion_0307.txt,119897,38,69c4dbefb307389841438494b043c91ff1937a7313febbe31dc778494ab4196f,00815e80bd7f5f124143afee78d123ecc7a1caff370ef0a238f9f323b7ea6472,1,1
dataset_2_binary_clean_v2,train,train/images/nozzle_no_extrusion_0308.jpg,train/labels/nozzle_no_extrusion_0308.txt,164537,38,ac9c80abf657e04a5202b0adde6cfb0e250876ad1936447c15f3f9c6c4688a6c,00815e80bd7f5f124143afee78d123ecc7a1caff370ef0a238f9f323b7ea6472,1,1
dataset_2_binary_clean_v2,train,train/images/nozzle_no_extrusion_0309.jpg,train/labels/nozzle_no_extrusion_0309.txt,170509,38,1cd62dbbd89b60cb3ddaebd5634f00d7a052a072c6e32d28b7079afcab825575,00815e80bd7f5f124143afee78d123ecc7a1caff370ef0a238f9f323b7ea6472,1,1
dataset_2_binary_clean_v2,train,train/images/nozzle_no_extrusion_0311.jpg,train/labels/nozzle_no_extrusion_0311.txt,167873,38,ed6fcd5a9b8343082e6fe77b50c5aa748603307a8745bbebee322a4ef459b244,00815e80bd7f5f124143afee78d123ecc7a1caff370ef0a238f9f323b7ea6472,1,1
dataset_2_binary_clean_v2,train,train/images/nozzle_no_extrusion_0316.jpg,train/labels/nozzle_no_extrusion_0316.txt,159979,38,8b07eedab4d17c735a815dc68b7249883a0ee35e618a8e8c393ff2f68d172a34,00815e80bd7f5f124143afee78d123ecc7a1caff370ef0a238f9f323b7ea6472,1,1
dataset_2_binary_clean_v2,train,train/images/nozzle_no_extrusion_0319.jpg,train/labels/nozzle_no_extrusion_0319.txt,161671,38,198dcd07d2ce53466aa900bd87f71429d14af533475cb2af446237ec3efda77f,00815e80bd7f5f124143afee78d123ecc7a1caff370ef0a238f9f323b7ea6472,1,1
dataset_2_binary_clean_v2,train,train/images/nozzle_no_extrusion_0323.jpg,train/labels/nozzle_no_extrusion_0323.txt,117706,38,73fe53bbbd27ed622ad5ed65caa8d5407994a52c6b9e2722685b553acbd1dc8f,00815e80bd7f5f124143afee78d123ecc7a1caff370ef0a238f9f323b7ea6472,1,1
dataset_2_binary_clean_v2,train,train/images/nozzle_no_extrusion_0324.jpg,train/labels/nozzle_no_extrusion_0324.txt,119702,38,550344ae56dbbda4ebf4e6dc1f3f3dbba93102d1fc43a7327ecafbbd31f571a6,00815e80bd7f5f124143afee78d123ecc7a1caff370ef0a238f9f323b7ea6472,1,1
dataset_2_binary_clean_v2,train,train/images/nozzle_no_extrusion_0325.jpg,train/labels/nozzle_no_extrusion_0325.txt,168068,38,b8226e3c36a67785a85edfd7a99e16abd84aa63bba3ba6e439f864472aa000e2,00815e80bd7f5f124143afee78d123ecc7a1caff370ef0a238f9f323b7ea6472,1,1
dataset_2_binary_clean_v2,train,train/images/nozzle_no_extrusion_0326.jpg,train/labels/nozzle_no_extrusion_0326.txt,166168,38,f7b57de4ac878e62d32db8af80f4ce5e9156491494e31e3cf559373909a001a6,00815e80bd7f5f124143afee78d123ecc7a1caff370ef0a238f9f323b7ea6472,1,1
dataset_2_binary_clean_v2,train,train/images/nozzle_no_extrusion_0327.jpg,train/labels/nozzle_no_extrusion_0327.txt,141464,38,3cbc14a496dd1d069a9155f48e116efc46b570fe8e107f2960801b2faacc29e3,00815e80bd7f5f124143afee78d123ecc7a1caff370ef0a238f9f323b7ea6472,1,1
dataset_2_binary_clean_v2,train,train/images/nozzle_no_extrusion_0337.jpg,train/labels/nozzle_no_extrusion_0337.txt,153565,38,ab5f963dfa8711cea02e9ce382b2c9d54bf42095896b0d4fb4bf1c7dfbc8b21c,00815e80bd7f5f124143afee78d123ecc7a1caff370ef0a238f9f323b7ea6472,1,1
dataset_2_binary_clean_v2,train,train/images/nozzle_no_extrusion_0344.jpg,train/labels/nozzle_no_extrusion_0344.txt,164403,38,ee7e0b5e46c749aa1de6857a0cd4714cd1191c38487599bec568b77bb3d9673a,00815e80bd7f5f124143afee78d123ecc7a1caff370ef0a238f9f323b7ea6472,1,1
dataset_2_binary_clean_v2,train,train/images/nozzle_no_extrusion_0345.jpg,train/labels/nozzle_no_extrusion_0345.txt,122565,38,8a712670acf644e186d3461b0c8ac9a11328ca45041a66c2339da4aab3beda8c,00815e80bd7f5f124143afee78d123ecc7a1caff370ef0a238f9f323b7ea6472,1,1
dataset_2_binary_clean_v2,train,train/images/nozzle_no_extrusion_0346.jpg,train/labels/nozzle_no_extrusion_0346.txt,121634,38,087922557aae7c986636870b613efbe5e98da98515d651da148c01d7567f7f49,00815e80bd7f5f124143afee78d123ecc7a1caff370ef0a238f9f323b7ea6472,1,1
dataset_2_binary_clean_v2,train,train/images/nozzle_no_extrusion_0348.jpg,train/labels/nozzle_no_extrusion_0348.txt,125529,38,e213d64561ee32db2bf096031c6d21f4a99ced33af552a89ff5a92c2697ffc3f,00815e80bd7f5f124143afee78d123ecc7a1caff370ef0a238f9f323b7ea6472,1,1
dataset_2_binary_clean_v2,train,train/images/nozzle_no_extrusion_0351.jpg,train/labels/nozzle_no_extrusion_0351.txt,166853,38,5e28778c2e3e08e6b38fb95d1d66907c2faa97a5d98473db6634cf21804d16d3,00815e80bd7f5f124143afee78d123ecc7a1caff370ef0a238f9f323b7ea6472,1,1
dataset_2_binary_clean_v2,train,train/images/nozzle_no_extrusion_0353.jpg,train/labels/nozzle_no_extrusion_0353.txt,165034,38,f1b5c6becae98d83ce76b915ad8751d22602a0598898978b08f544503c3dd1d4,00815e80bd7f5f124143afee78d123ecc7a1caff370ef0a238f9f323b7ea6472,1,1
dataset_2_binary_clean_v2,train,train/images/nozzle_no_extrusion_0354.jpg,train/labels/nozzle_no_extrusion_0354.txt,164824,38,6f7b2792f03e178ffb734b0f78713dda9886e57db07098b957aa162e8b6355b8,00815e80bd7f5f124143afee78d123ecc7a1caff370ef0a238f9f323b7ea6472,1,1
dataset_2_binary_clean_v2,train,train/images/nozzle_no_extrusion_0355.jpg,train/labels/nozzle_no_extrusion_0355.txt,164401,38,f8c8ed609bd719578c82514a5a5b554111fb51559338e23d7bae871db563e95b,00815e80bd7f5f124143afee78d123ecc7a1caff370ef0a238f9f323b7ea6472,1,1
dataset_2_binary_clean_v2,train,train/images/nozzle_no_extrusion_0358.jpg,train/labels/nozzle_no_extrusion_0358.txt,162159,38,235fd8319f438ea86e0e6cd448847b4593f5ae76a80dc4a842ad81b122ebb9cf,00815e80bd7f5f124143afee78d123ecc7a1caff370ef0a238f9f323b7ea6472,1,1
dataset_2_binary_clean_v2,train,train/images/nozzle_no_extrusion_0359.jpg,train/labels/nozzle_no_extrusion_0359.txt,133830,38,e973ad747d2f5b102ef86dd40b28bfddd46620b3190c914190515283e5ea9fa9,00815e80bd7f5f124143afee78d123ecc7a1caff370ef0a238f9f323b7ea6472,1,1
dataset_2_binary_clean_v2,train,train/images/nozzle_no_extrusion_0363.jpg,train/labels/nozzle_no_extrusion_0363.txt,117481,38,daa12ee04c300cd817d92d390ebc05610f6bfc1a6c9fb6b809fd23a5a121c734,00815e80bd7f5f124143afee78d123ecc7a1caff370ef0a238f9f323b7ea6472,1,1
dataset_2_binary_clean_v2,train,train/images/nozzle_no_extrusion_0365.jpg,train/labels/nozzle_no_extrusion_0365.txt,124259,38,bedcd81884efb6bfee7f5ad9cff1514d7db042b420a703dfebc6f22b9e197718,00815e80bd7f5f124143afee78d123ecc7a1caff370ef0a238f9f323b7ea6472,1,1
dataset_2_binary_clean_v2,train,train/images/nozzle_no_extrusion_0366.jpg,train/labels/nozzle_no_extrusion_0366.txt,166736,38,876276c305562b3daa219ce7f2ad3583aa5ef1041fac250d3c388a29612fbf35,00815e80bd7f5f124143afee78d123ecc7a1caff370ef0a238f9f323b7ea6472,1,1
dataset_2_binary_clean_v2,train,train/images/nozzle_no_extrusion_0367.jpg,train/labels/nozzle_no_extrusion_0367.txt,163442,38,6c63fc973c329ab7babb682e95d08ac4844c706e3c104f746d0b1236c2c68f6a,00815e80bd7f5f124143afee78d123ecc7a1caff370ef0a238f9f323b7ea6472,1,1
dataset_2_binary_clean_v2,train,train/images/nozzle_no_extrusion_0371.jpg,train/labels/nozzle_no_extrusion_0371.txt,138254,38,4c080aa59814a5b65c6851e8fd23fe6ab81d6cce789081cc612c5756b7640bbb,00815e80bd7f5f124143afee78d123ecc7a1caff370ef0a238f9f323b7ea6472,1,1
dataset_2_binary_clean_v2,train,train/images/nozzle_no_extrusion_0372.jpg,train/labels/nozzle_no_extrusion_0372.txt,170686,38,6cc97915af8f020c3d84d26976f1d1c9e51fc9b232e925ab4b0f0cf46041e54e,00815e80bd7f5f124143afee78d123ecc7a1caff370ef0a238f9f323b7ea6472,1,1
dataset_2_binary_clean_v2,train,train/images/nozzle_no_extrusion_0373.jpg,train/labels/nozzle_no_extrusion_0373.txt,92278,38,b71d0a7d0721d1bf211600813811b11985c02605a1e053aa598237269a800205,00815e80bd7f5f124143afee78d123ecc7a1caff370ef0a238f9f323b7ea6472,1,1
dataset_2_binary_clean_v2,train,train/images/nozzle_no_extrusion_0375.jpg,train/labels/nozzle_no_extrusion_0375.txt,163890,38,d4af8732becfccea301b29024bd2bb8896a00496787a2d8331602bcf7ef5ba31,00815e80bd7f5f124143afee78d123ecc7a1caff370ef0a238f9f323b7ea6472,1,1
dataset_2_binary_clean_v2,train,train/images/nozzle_no_extrusion_0378.jpg,train/labels/nozzle_no_extrusion_0378.txt,158313,38,a71cbaae7dbe90d00251640acfebf9101d8c9eb213a19aeb82df1b43b28e87eb,00815e80bd7f5f124143afee78d123ecc7a1caff370ef0a238f9f323b7ea6472,1,1
dataset_2_binary_clean_v2,train,train/images/nozzle_no_extrusion_0379.jpg,train/labels/nozzle_no_extrusion_0379.txt,160839,38,c40ae9ec78b3e327724aa8390546937b0d8c4e18739f37f28298064acb2791f7,00815e80bd7f5f124143afee78d123ecc7a1caff370ef0a238f9f323b7ea6472,1,1
dataset_2_binary_clean_v2,train,train/images/nozzle_no_extrusion_0380.jpg,train/labels/nozzle_no_extrusion_0380.txt,158579,38,cf628535623f3d6a2de342820444dc0ee1c97839b86d440934563704dac8dae8,00815e80bd7f5f124143afee78d123ecc7a1caff370ef0a238f9f323b7ea6472,1,1
dataset_2_binary_clean_v2,train,train/images/nozzle_no_extrusion_0382.jpg,train/labels/nozzle_no_extrusion_0382.txt,166866,38,4939c49d1e535c29d6e2c84c06589b14c5b970c3b4a5fce3b7d5606b80adb4f1,00815e80bd7f5f124143afee78d123ecc7a1caff370ef0a238f9f323b7ea6472,1,1
dataset_2_binary_clean_v2,train,train/images/nozzle_no_extrusion_0383.jpg,train/labels/nozzle_no_extrusion_0383.txt,118666,38,63cb41d74fd0023bba1482f6b50828550f21709b31e2a965ec25ae4f6cba32b1,00815e80bd7f5f124143afee78d123ecc7a1caff370ef0a238f9f323b7ea6472,1,1
dataset_2_binary_clean_v2,train,train/images/nozzle_no_extrusion_0384.jpg,train/labels/nozzle_no_extrusion_0384.txt,113756,38,6f2a30d17bf7c4a26d0ba4e03ecd84330be7334e9828c620ab83f980c6c5d313,00815e80bd7f5f124143afee78d123ecc7a1caff370ef0a238f9f323b7ea6472,1,1
dataset_2_binary_clean_v2,train,train/images/nozzle_no_extrusion_0385.jpg,train/labels/nozzle_no_extrusion_0385.txt,91328,38,7b570df9804c9297e5b0e3db8713a074b42d269848ae52b83390c1369e7e160a,00815e80bd7f5f124143afee78d123ecc7a1caff370ef0a238f9f323b7ea6472,1,1
dataset_2_binary_clean_v2,train,train/images/nozzle_no_extrusion_0386.jpg,train/labels/nozzle_no_extrusion_0386.txt,166031,38,4263afc9a8a1cfb62268890f456ea5d3b9ccf9694230cd6524c3f3911df08b63,00815e80bd7f5f124143afee78d123ecc7a1caff370ef0a238f9f323b7ea6472,1,1
dataset_2_binary_clean_v2,train,train/images/nozzle_no_extrusion_0387.jpg,train/labels/nozzle_no_extrusion_0387.txt,167273,38,b4ff7bddaaab2b293cdad7bd328412b6cbdcd19ddb826661d011662c13d5da69,00815e80bd7f5f124143afee78d123ecc7a1caff370ef0a238f9f323b7ea6472,1,1
dataset_2_binary_clean_v2,train,train/images/nozzle_no_extrusion_0388.jpg,train/labels/nozzle_no_extrusion_0388.txt,164120,38,5762a306b0a452cba7b1778563a6c5ab761803b1e1e4a50cef92615cf785b755,00815e80bd7f5f124143afee78d123ecc7a1caff370ef0a238f9f323b7ea6472,1,1
dataset_2_binary_clean_v2,train,train/images/nozzle_no_extrusion_0389.jpg,train/labels/nozzle_no_extrusion_0389.txt,165028,38,76fb1559889b78c76f0d2849fc07a426fd85f9dcc1cd3720e58fb49612d102f5,00815e80bd7f5f124143afee78d123ecc7a1caff370ef0a238f9f323b7ea6472,1,1
dataset_2_binary_clean_v2,train,train/images/nozzle_no_extrusion_0390.jpg,train/labels/nozzle_no_extrusion_0390.txt,161201,38,51a5a05b65532945758d1f705ed713aa8a4c3ef0dc602e84219c096340668c9e,00815e80bd7f5f124143afee78d123ecc7a1caff370ef0a238f9f323b7ea6472,1,1
dataset_2_binary_clean_v2,train,train/images/nozzle_no_extrusion_0391.jpg,train/labels/nozzle_no_extrusion_0391.txt,116452,38,86e3047ecdb56b5713dbb954bd06638fcbef3fe55d3c583189ca7e86b15bb947,00815e80bd7f5f124143afee78d123ecc7a1caff370ef0a238f9f323b7ea6472,1,1
dataset_2_binary_clean_v2,train,train/images/nozzle_no_extrusion_0394.jpg,train/labels/nozzle_no_extrusion_0394.txt,164610,38,80234fd3d131063ca0652408dc0531e67d265a962fcaf09844766726d3378ad7,00815e80bd7f5f124143afee78d123ecc7a1caff370ef0a238f9f323b7ea6472,1,1
dataset_2_binary_clean_v2,train,train/images/nozzle_no_extrusion_0395.jpg,train/labels/nozzle_no_extrusion_0395.txt,136018,38,b7cc3074aca32e461051985586e5f1c67a71f0d35d49eb10d6abf33538b970da,00815e80bd7f5f124143afee78d123ecc7a1caff370ef0a238f9f323b7ea6472,1,1
dataset_2_binary_clean_v2,train,train/images/nozzle_no_extrusion_0397.jpg,train/labels/nozzle_no_extrusion_0397.txt,162300,38,13aa16141a433a60e16c97b8d2c6103643c994150b7b2d93e6a6ea98e7948e47,00815e80bd7f5f124143afee78d123ecc7a1caff370ef0a238f9f323b7ea6472,1,1
dataset_2_binary_clean_v2,train,train/images/nozzle_no_extrusion_0398.jpg,train/labels/nozzle_no_extrusion_0398.txt,162995,38,a0e41f3804badd18c56d6cbc671b59eb5dcdb6825bd79415317c25f01195e6c7,00815e80bd7f5f124143afee78d123ecc7a1caff370ef0a238f9f323b7ea6472,1,1
dataset_2_binary_clean_v2,train,train/images/nozzle_no_extrusion_0401.jpg,train/labels/nozzle_no_extrusion_0401.txt,164637,38,20c04300c615a20ebdf6b24d6fbe570ef95bc9126d28e4dd39b15865490c1841,00815e80bd7f5f124143afee78d123ecc7a1caff370ef0a238f9f323b7ea6472,1,1
dataset_2_binary_clean_v2,train,train/images/nozzle_no_extrusion_0402.jpg,train/labels/nozzle_no_extrusion_0402.txt,146654,38,b5c6f1707f6b3de59105899e5d72f63ef8ffa1d13a7caeadbd4e9f97d062c089,00815e80bd7f5f124143afee78d123ecc7a1caff370ef0a238f9f323b7ea6472,1,1
dataset_2_binary_clean_v2,train,train/images/nozzle_no_extrusion_0405.jpg,train/labels/nozzle_no_extrusion_0405.txt,164013,38,1bf6f75f4144927712fa909fd3a72eb2e5cc22630a849ecc556e2acd2c16bc02,00815e80bd7f5f124143afee78d123ecc7a1caff370ef0a238f9f323b7ea6472,1,1
dataset_2_binary_clean_v2,train,train/images/nozzle_no_extrusion_0407.jpg,train/labels/nozzle_no_extrusion_0407.txt,169155,38,951646486d4eda8f2af0c84d10049f06d6025c92e814acdfc3b99cffc3f501d5,00815e80bd7f5f124143afee78d123ecc7a1caff370ef0a238f9f323b7ea6472,1,1
dataset_2_binary_clean_v2,train,train/images/nozzle_no_extrusion_0409.jpg,train/labels/nozzle_no_extrusion_0409.txt,166684,38,cea797cf141f0d0aba3d54bca9b0ad214743aadb4c4381dbdd8c9fbb34ef5d94,00815e80bd7f5f124143afee78d123ecc7a1caff370ef0a238f9f323b7ea6472,1,1
dataset_2_binary_clean_v2,train,train/images/nozzle_no_extrusion_0413.jpg,train/labels/nozzle_no_extrusion_0413.txt,158052,38,727735d91141e969b52a69f334e0c535ec7a84db9d8740ded33a67bfe385ccee,00815e80bd7f5f124143afee78d123ecc7a1caff370ef0a238f9f323b7ea6472,1,1
dataset_2_binary_clean_v2,train,train/images/nozzle_no_extrusion_0414.jpg,train/labels/nozzle_no_extrusion_0414.txt,160815,38,e461bb68a155d04460658b5411148a739afce17668304d804ecf1e6f7522967d,00815e80bd7f5f124143afee78d123ecc7a1caff370ef0a238f9f323b7ea6472,1,1
dataset_2_binary_clean_v2,train,train/images/nozzle_no_extrusion_0422.jpg,train/labels/nozzle_no_extrusion_0422.txt,159739,38,fac52727c205ebe54d4750f95e80689fea24cab08ae1fabd35bb1ba43b93eb66,00815e80bd7f5f124143afee78d123ecc7a1caff370ef0a238f9f323b7ea6472,1,1
dataset_2_binary_clean_v2,train,train/images/nozzle_no_extrusion_0423.jpg,train/labels/nozzle_no_extrusion_0423.txt,116415,38,4e27880d68604f29bc50ae0eff76df4450de4aaefb6521a3455b8cc90775648f,00815e80bd7f5f124143afee78d123ecc7a1caff370ef0a238f9f323b7ea6472,1,1
dataset_2_binary_clean_v2,train,train/images/nozzle_no_extrusion_0424.jpg,train/labels/nozzle_no_extrusion_0424.txt,166773,38,1952430aa39237e1d05402f67c25c24ca4b7c1e91f90473341ac92a35e2714bf,00815e80bd7f5f124143afee78d123ecc7a1caff370ef0a238f9f323b7ea6472,1,1
dataset_2_binary_clean_v2,train,train/images/nozzle_no_extrusion_0425.jpg,train/labels/nozzle_no_extrusion_0425.txt,162762,38,1799d1c7085c7c804d74552c8adba682e5a244838ab980fe225431ccdbe9ca88,00815e80bd7f5f124143afee78d123ecc7a1caff370ef0a238f9f323b7ea6472,1,1
dataset_2_binary_clean_v2,train,train/images/nozzle_no_extrusion_0426.jpg,train/labels/nozzle_no_extrusion_0426.txt,165345,38,be961db339d425b44fa194de13f79005b1fb332158c6ce1a59bd6a1e9dd6b318,00815e80bd7f5f124143afee78d123ecc7a1caff370ef0a238f9f323b7ea6472,1,1
dataset_2_binary_clean_v2,train,train/images/nozzle_no_extrusion_0427.jpg,train/labels/nozzle_no_extrusion_0427.txt,161701,38,cf21ae07c2b7072711662c55c64af0b596ee9606e77f035acca295cb7a4cc663,00815e80bd7f5f124143afee78d123ecc7a1caff370ef0a238f9f323b7ea6472,1,1
dataset_2_binary_clean_v2,train,train/images/nozzle_no_extrusion_0430.jpg,train/labels/nozzle_no_extrusion_0430.txt,156612,38,9f204e2864b440216c85051b8bab49fc6b8c442514814ef2523f10d48987bafc,00815e80bd7f5f124143afee78d123ecc7a1caff370ef0a238f9f323b7ea6472,1,1
dataset_2_binary_clean_v2,train,train/images/nozzle_no_extrusion_0431.jpg,train/labels/nozzle_no_extrusion_0431.txt,165500,38,4d199390ef7709b5b5f3079b7489cc0d2cf38a390a9451ccad48481d0e4e83cd,00815e80bd7f5f124143afee78d123ecc7a1caff370ef0a238f9f323b7ea6472,1,1
dataset_2_binary_clean_v2,train,train/images/nozzle_no_extrusion_0432.jpg,train/labels/nozzle_no_extrusion_0432.txt,159795,38,15d25e5eeb37bf516add4ef8d0a0840c43fa70810e58c0383ba9cddd4d94608f,00815e80bd7f5f124143afee78d123ecc7a1caff370ef0a238f9f323b7ea6472,1,1
dataset_2_binary_clean_v2,train,train/images/nozzle_no_extrusion_0433.jpg,train/labels/nozzle_no_extrusion_0433.txt,171699,38,bce455a7f7ea056022eb335254d0a0711b6bd9a8da34b7c8b5ace0af3aeee8aa,00815e80bd7f5f124143afee78d123ecc7a1caff370ef0a238f9f323b7ea6472,1,1
dataset_2_binary_clean_v2,train,train/images/nozzle_no_extrusion_0434.jpg,train/labels/nozzle_no_extrusion_0434.txt,165547,38,5cd5d7d933e5fc4ae3f6ba3fe12f73930f28b1c8d03fc9c70ae830a234f6dcf5,00815e80bd7f5f124143afee78d123ecc7a1caff370ef0a238f9f323b7ea6472,1,1
dataset_2_binary_clean_v2,train,train/images/nozzle_no_extrusion_0438.jpg,train/labels/nozzle_no_extrusion_0438.txt,165798,38,c8821e36d1f9ba9f6a0ecca11552ffd0e860a22f69f1876464e8712ee9753487,00815e80bd7f5f124143afee78d123ecc7a1caff370ef0a238f9f323b7ea6472,1,1
dataset_2_binary_clean_v2,train,train/images/nozzle_no_extrusion_0442.jpg,train/labels/nozzle_no_extrusion_0442.txt,163786,38,4ed5ac912c6f7afd6cee415f94ea9eb9bd050e7bdc6c2742f7dd73197dd16584,00815e80bd7f5f124143afee78d123ecc7a1caff370ef0a238f9f323b7ea6472,1,1
dataset_2_binary_clean_v2,train,train/images/nozzle_no_extrusion_0443.jpg,train/labels/nozzle_no_extrusion_0443.txt,171302,38,ef57287944e0e590aa483217001ea4bc3a831cc572e0be703b545ab49f52c19a,00815e80bd7f5f124143afee78d123ecc7a1caff370ef0a238f9f323b7ea6472,1,1
dataset_2_binary_clean_v2,train,train/images/nozzle_no_extrusion_0445.jpg,train/labels/nozzle_no_extrusion_0445.txt,173096,38,83d6bd57137262e3cc99f0fb2adab55d787a53a7720f244726521e2f2c920e08,00815e80bd7f5f124143afee78d123ecc7a1caff370ef0a238f9f323b7ea6472,1,1
dataset_2_binary_clean_v2,train,train/images/nozzle_no_extrusion_0446.jpg,train/labels/nozzle_no_extrusion_0446.txt,161771,38,969a456aecd00dc014f51abefe87d8e09ae991b895d4cdee22e8b696dcb36e34,00815e80bd7f5f124143afee78d123ecc7a1caff370ef0a238f9f323b7ea6472,1,1
dataset_2_binary_clean_v2,train,train/images/nozzle_no_extrusion_0448.jpg,train/labels/nozzle_no_extrusion_0448.txt,165363,38,96c91be4dfc10682b7eafc8b340906d42da4da62339326a9dd4f6e00e7c511b2,00815e80bd7f5f124143afee78d123ecc7a1caff370ef0a238f9f323b7ea6472,1,1
dataset_2_binary_clean_v2,train,train/images/nozzle_no_extrusion_0451.jpg,train/labels/nozzle_no_extrusion_0451.txt,156577,38,f408d3f8df5f89f7b806d2eb9503df116ebed6615485e5722a421ee554e1da35,00815e80bd7f5f124143afee78d123ecc7a1caff370ef0a238f9f323b7ea6472,1,1
dataset_2_binary_clean_v2,train,train/images/nozzle_no_extrusion_0453.jpg,train/labels/nozzle_no_extrusion_0453.txt,158679,38,fad3681be5674eecf15001e560e799fea26f308b5d2008daffdff72f3a97cd9a,00815e80bd7f5f124143afee78d123ecc7a1caff370ef0a238f9f323b7ea6472,1,1
dataset_2_binary_clean_v2,train,train/images/nozzle_no_extrusion_0454.jpg,train/labels/nozzle_no_extrusion_0454.txt,160378,38,42b72099c9149a6412f5fb6a764aba0c4bdb878c0b74a41a284cfce80be023fb,00815e80bd7f5f124143afee78d123ecc7a1caff370ef0a238f9f323b7ea6472,1,1
dataset_2_binary_clean_v2,train,train/images/nozzle_no_extrusion_0455.jpg,train/labels/nozzle_no_extrusion_0455.txt,166517,38,dca98388145b7782b121e2322af80f7c37e2b2be8b2a9d17264b67f4a9e386a6,00815e80bd7f5f124143afee78d123ecc7a1caff370ef0a238f9f323b7ea6472,1,1
dataset_2_binary_clean_v2,train,train/images/nozzle_no_extrusion_0456.jpg,train/labels/nozzle_no_extrusion_0456.txt,127824,38,9b2d6d33e97f78bffe29d66cb8307bfb2d445dae2fe6cc99aadc78b89c841be6,00815e80bd7f5f124143afee78d123ecc7a1caff370ef0a238f9f323b7ea6472,1,1
dataset_2_binary_clean_v2,train,train/images/nozzle_no_extrusion_0457.jpg,train/labels/nozzle_no_extrusion_0457.txt,162005,38,3d5d97b26bf527344355605b44e611b057b8468d9e2e64ba3feb5d84b37792c6,00815e80bd7f5f124143afee78d123ecc7a1caff370ef0a238f9f323b7ea6472,1,1
dataset_2_binary_clean_v2,train,train/images/nozzle_no_extrusion_0458.jpg,train/labels/nozzle_no_extrusion_0458.txt,169495,38,0368dee02d83a96766599dcc2c46e6efb9dd37a9828f380bae55ad02c13cd67b,00815e80bd7f5f124143afee78d123ecc7a1caff370ef0a238f9f323b7ea6472,1,1
dataset_2_binary_clean_v2,train,train/images/nozzle_no_extrusion_0459.jpg,train/labels/nozzle_no_extrusion_0459.txt,167078,38,821f6190a1391b4df436ddd448926bb9188ae072e198a38e01ca7fa9e5b12788,00815e80bd7f5f124143afee78d123ecc7a1caff370ef0a238f9f323b7ea6472,1,1
dataset_2_binary_clean_v2,train,train/images/nozzle_no_extrusion_0460.jpg,train/labels/nozzle_no_extrusion_0460.txt,142916,38,15f4a88e9be9e6349029f642c02ba9f6ea7fb84ccadde5beaec463fd3664a8db,00815e80bd7f5f124143afee78d123ecc7a1caff370ef0a238f9f323b7ea6472,1,1
dataset_2_binary_clean_v2,train,train/images/nozzle_no_extrusion_0461.jpg,train/labels/nozzle_no_extrusion_0461.txt,164519,38,06ebea79a8fca81b5b41520dd95a861b2486051c800fc4a9ca82e9c3d20d0ecd,00815e80bd7f5f124143afee78d123ecc7a1caff370ef0a238f9f323b7ea6472,1,1
dataset_2_binary_clean_v2,train,train/images/nozzle_no_extrusion_0462.jpg,train/labels/nozzle_no_extrusion_0462.txt,168863,38,cc9d68674101e4fbb3e3242fdec02d4c5020db50bfbe3bf07d485f1237e39321,00815e80bd7f5f124143afee78d123ecc7a1caff370ef0a238f9f323b7ea6472,1,1
dataset_2_binary_clean_v2,train,train/images/nozzle_no_extrusion_0463.jpg,train/labels/nozzle_no_extrusion_0463.txt,162677,38,d7f6ba42b0abe73d49ffb17fce39ad03e59e88fe4fe1d7f6e8c9dcb1d483949c,00815e80bd7f5f124143afee78d123ecc7a1caff370ef0a238f9f323b7ea6472,1,1
dataset_2_binary_clean_v2,train,train/images/nozzle_no_extrusion_0464.jpg,train/labels/nozzle_no_extrusion_0464.txt,161972,38,f1a44849dc7b2b590104b15655a976d3cbdd0918eeed60ca3fe04a1701a288e8,00815e80bd7f5f124143afee78d123ecc7a1caff370ef0a238f9f323b7ea6472,1,1
dataset_2_binary_clean_v2,train,train/images/nozzle_no_extrusion_0465.jpg,train/labels/nozzle_no_extrusion_0465.txt,161331,38,712e98c91020a3cc09dc3be9b9b95272c88c08600ef3aa504224f95c7c0ca196,00815e80bd7f5f124143afee78d123ecc7a1caff370ef0a238f9f323b7ea6472,1,1
dataset_2_binary_clean_v2,train,train/images/nozzle_no_extrusion_0466.jpg,train/labels/nozzle_no_extrusion_0466.txt,162576,38,43348c495fa178b907ae02600487ef31c36b09de7bcb3b5862fd9b7b4a5a8ae5,00815e80bd7f5f124143afee78d123ecc7a1caff370ef0a238f9f323b7ea6472,1,1
dataset_2_binary_clean_v2,train,train/images/nozzle_no_extrusion_0467.jpg,train/labels/nozzle_no_extrusion_0467.txt,165438,38,60029b52ae62646fd51132fcbdf751e8bf9725812fbd11b062d4cc37dc5e3313,00815e80bd7f5f124143afee78d123ecc7a1caff370ef0a238f9f323b7ea6472,1,1
dataset_2_binary_clean_v2,train,train/images/nozzle_no_extrusion_0468.jpg,train/labels/nozzle_no_extrusion_0468.txt,168972,38,c68ba9baed7c98bca9de1a6daa2b2f2abc678ba3a848d7ed867b23dd187f0888,00815e80bd7f5f124143afee78d123ecc7a1caff370ef0a238f9f323b7ea6472,1,1
dataset_2_binary_clean_v2,train,train/images/nozzle_no_extrusion_0469.jpg,train/labels/nozzle_no_extrusion_0469.txt,160494,38,3add29ab6b3a4d017ae090cafbb6bcf178ecabbbe36a3410e191b194ae8a6dac,00815e80bd7f5f124143afee78d123ecc7a1caff370ef0a238f9f323b7ea6472,1,1
dataset_2_binary_clean_v2,train,train/images/nozzle_no_extrusion_0470.jpg,train/labels/nozzle_no_extrusion_0470.txt,165234,38,d5ee1afd735361a7200024ab067b907f1b17c00957cb245cec95e584ce2b117c,00815e80bd7f5f124143afee78d123ecc7a1caff370ef0a238f9f323b7ea6472,1,1
dataset_2_binary_clean_v2,train,train/images/nozzle_no_extrusion_0471.jpg,train/labels/nozzle_no_extrusion_0471.txt,167969,38,9e866deaa71061f8b2b71071660fd9ac9ad187ede5ae388247572d2ae693f1af,00815e80bd7f5f124143afee78d123ecc7a1caff370ef0a238f9f323b7ea6472,1,1
dataset_2_binary_clean_v2,train,train/images/nozzle_no_extrusion_0472.jpg,train/labels/nozzle_no_extrusion_0472.txt,166461,38,ff472b9fbde6e8b9c64eb688574c3c7bbac1410ec182cd540f2ed5610be9f2bc,00815e80bd7f5f124143afee78d123ecc7a1caff370ef0a238f9f323b7ea6472,1,1
dataset_2_binary_clean_v2,train,train/images/nozzle_no_extrusion_0473.jpg,train/labels/nozzle_no_extrusion_0473.txt,165516,38,4323aec88e33377566a620f5db5e4d56373ad05ecd481344fdc1a4ca6ee01f96,00815e80bd7f5f124143afee78d123ecc7a1caff370ef0a238f9f323b7ea6472,1,1
dataset_2_binary_clean_v2,train,train/images/nozzle_no_extrusion_0474.jpg,train/labels/nozzle_no_extrusion_0474.txt,165871,38,5ebac29274d2cefb5b0c60a20b3345db9993b99d726e94ae97e7db86f59835da,00815e80bd7f5f124143afee78d123ecc7a1caff370ef0a238f9f323b7ea6472,1,1
dataset_2_binary_clean_v2,train,train/images/nozzle_no_extrusion_0476.jpg,train/labels/nozzle_no_extrusion_0476.txt,160902,38,5d84746d36a59507deebcbc73f63ae0040e2a7b761b01274ce33bfb547a14462,00815e80bd7f5f124143afee78d123ecc7a1caff370ef0a238f9f323b7ea6472,1,1
dataset_2_binary_clean_v2,train,train/images/nozzle_no_extrusion_0478.jpg,train/labels/nozzle_no_extrusion_0478.txt,162666,38,985c645f39c9b5408058382344e5a55e8b1a9a88379eceb4298c869be8be9b92,00815e80bd7f5f124143afee78d123ecc7a1caff370ef0a238f9f323b7ea6472,1,1
dataset_2_binary_clean_v2,train,train/images/nozzle_no_extrusion_0479.jpg,train/labels/nozzle_no_extrusion_0479.txt,162426,38,8f20ef171ad516cc14b07d68e52f44b95ed4fceb55cd8aa30c47af1d09588694,00815e80bd7f5f124143afee78d123ecc7a1caff370ef0a238f9f323b7ea6472,1,1
dataset_2_binary_clean_v2,train,train/images/nozzle_no_extrusion_0480.jpg,train/labels/nozzle_no_extrusion_0480.txt,165809,38,fc0f60856e0d9b6f10b78c7147f5819423f237d24b73c322b88622326bf5fc84,00815e80bd7f5f124143afee78d123ecc7a1caff370ef0a238f9f323b7ea6472,1,1
dataset_2_binary_clean_v2,train,train/images/nozzle_no_extrusion_0482.jpg,train/labels/nozzle_no_extrusion_0482.txt,173008,38,bc8175d89484f8f143d19c178a7264ac93bc241d0724b9801513facd61e3ec44,00815e80bd7f5f124143afee78d123ecc7a1caff370ef0a238f9f323b7ea6472,1,1
dataset_2_binary_clean_v2,train,train/images/nozzle_no_extrusion_0483.jpg,train/labels/nozzle_no_extrusion_0483.txt,168061,38,bf3fb92f3f8272f0ab17b83130a9a64d89c4ae1513901632ca79023a8713e7d1,00815e80bd7f5f124143afee78d123ecc7a1caff370ef0a238f9f323b7ea6472,1,1
dataset_2_binary_clean_v2,train,train/images/nozzle_no_extrusion_0485.jpg,train/labels/nozzle_no_extrusion_0485.txt,166853,38,dbe06462e072e7ef6206a0e16e0f83ae970b8e0252b4b5ce9d3402e6cd8aec87,00815e80bd7f5f124143afee78d123ecc7a1caff370ef0a238f9f323b7ea6472,1,1
dataset_2_binary_clean_v2,train,train/images/nozzle_no_extrusion_0486.jpg,train/labels/nozzle_no_extrusion_0486.txt,165787,38,6ceb93b10c1fe85aae509278d2642d44e84d8dd274854be8e5f5b0c6ee8770c3,00815e80bd7f5f124143afee78d123ecc7a1caff370ef0a238f9f323b7ea6472,1,1
dataset_2_binary_clean_v2,train,train/images/nozzle_no_extrusion_0488.jpg,train/labels/nozzle_no_extrusion_0488.txt,166230,38,2147f0ce80053ced2d7c7684f77aee456068be999099a52594779eb841a62091,00815e80bd7f5f124143afee78d123ecc7a1caff370ef0a238f9f323b7ea6472,1,1
dataset_2_binary_clean_v2,train,train/images/nozzle_no_extrusion_0490.jpg,train/labels/nozzle_no_extrusion_0490.txt,163673,38,aaa79b4560ecf31556f3a788efd48b763f8a9fd80a8220a6076c9a96986a2be7,00815e80bd7f5f124143afee78d123ecc7a1caff370ef0a238f9f323b7ea6472,1,1
dataset_2_binary_clean_v2,train,train/images/nozzle_no_extrusion_0491.jpg,train/labels/nozzle_no_extrusion_0491.txt,170552,38,cb2e55ced87c4d61e0b0c14feb405962bd9e23c7334b5095c424175e8935bf50,00815e80bd7f5f124143afee78d123ecc7a1caff370ef0a238f9f323b7ea6472,1,1
dataset_2_binary_clean_v2,train,train/images/nozzle_no_extrusion_0493.jpg,train/labels/nozzle_no_extrusion_0493.txt,168150,38,5f706d2e6abbdeeb34c323b64d15aae9de6f0ab88d089e84e95cc6e2f4c88208,00815e80bd7f5f124143afee78d123ecc7a1caff370ef0a238f9f323b7ea6472,1,1
dataset_2_binary_clean_v2,train,train/images/nozzle_no_extrusion_0494.jpg,train/labels/nozzle_no_extrusion_0494.txt,176263,38,7f469084e3610ab37ea03a5d56da8f548e276cbd18e376ef128c7547a12765fb,00815e80bd7f5f124143afee78d123ecc7a1caff370ef0a238f9f323b7ea6472,1,1
dataset_2_binary_clean_v2,train,train/images/nozzle_no_extrusion_0495.jpg,train/labels/nozzle_no_extrusion_0495.txt,109414,38,a23c5ba74f22557ecfa651bc73c5005fc445665081b4161a356405c56304621d,00815e80bd7f5f124143afee78d123ecc7a1caff370ef0a238f9f323b7ea6472,1,1
dataset_2_binary_clean_v2,train,train/images/nozzle_no_extrusion_0500.jpg,train/labels/nozzle_no_extrusion_0500.txt,164833,38,c60cb9c495bfaa633d86a36c0162dbaa72f0befad6d661bc5d4fe83e62a83aca,00815e80bd7f5f124143afee78d123ecc7a1caff370ef0a238f9f323b7ea6472,1,1
dataset_2_binary_clean_v2,train,train/images/nozzle_no_extrusion_0503.jpg,train/labels/nozzle_no_extrusion_0503.txt,161124,38,fe7bf3861897a170113f17e2e1226da1698d45aae34dd7748a75ae6dd86678a8,00815e80bd7f5f124143afee78d123ecc7a1caff370ef0a238f9f323b7ea6472,1,1
dataset_2_binary_clean_v2,train,train/images/nozzle_no_extrusion_0508.jpg,train/labels/nozzle_no_extrusion_0508.txt,162940,38,b2608e185e3715ed5531f20814cf16d49d3f60f1ea05ab998304e422f2e079bd,00815e80bd7f5f124143afee78d123ecc7a1caff370ef0a238f9f323b7ea6472,1,1
dataset_2_binary_clean_v2,train,train/images/nozzle_no_extrusion_0509.jpg,train/labels/nozzle_no_extrusion_0509.txt,169559,38,5753b7a2514d2dac5c78d11f252326c23696bdd921c8432bf145256a08fd92ba,00815e80bd7f5f124143afee78d123ecc7a1caff370ef0a238f9f323b7ea6472,1,1
dataset_2_binary_clean_v2,train,train/images/nozzle_no_extrusion_0511.jpg,train/labels/nozzle_no_extrusion_0511.txt,166547,38,244eb864f33a05f08ec0b1a50d1097290983bd291234b87605629a841c574d9c,00815e80bd7f5f124143afee78d123ecc7a1caff370ef0a238f9f323b7ea6472,1,1
dataset_2_binary_clean_v2,train,train/images/nozzle_no_extrusion_0512.jpg,train/labels/nozzle_no_extrusion_0512.txt,165696,38,62322e8410e4aedbf1a31576298ea27bf1e6dd9b3197e20c75c41a43eaca35f2,00815e80bd7f5f124143afee78d123ecc7a1caff370ef0a238f9f323b7ea6472,1,1
dataset_2_binary_clean_v2,train,train/images/nozzle_no_extrusion_0514.jpg,train/labels/nozzle_no_extrusion_0514.txt,163672,38,477f357b3aafebe63041e639e1ef295212d5139abbea204676e4061ea8bbc592,00815e80bd7f5f124143afee78d123ecc7a1caff370ef0a238f9f323b7ea6472,1,1
dataset_2_binary_clean_v2,train,train/images/nozzle_no_extrusion_0515.jpg,train/labels/nozzle_no_extrusion_0515.txt,165052,38,b9767cece02627c1c19578242e1fe1758122ddc6e84932c0585e6b62566d8e3b,00815e80bd7f5f124143afee78d123ecc7a1caff370ef0a238f9f323b7ea6472,1,1
dataset_2_binary_clean_v2,train,train/images/nozzle_no_extrusion_0517.jpg,train/labels/nozzle_no_extrusion_0517.txt,167689,38,22d0b08a1de804a737e6f8a92ae3cf87d10f05144a9e80eea03abaef981328bd,00815e80bd7f5f124143afee78d123ecc7a1caff370ef0a238f9f323b7ea6472,1,1
dataset_2_binary_clean_v2,train,train/images/nozzle_no_extrusion_0518.jpg,train/labels/nozzle_no_extrusion_0518.txt,155842,38,b08e5623cd745079beba533bf9d954ca492113782198b9da58743f3c118bf337,00815e80bd7f5f124143afee78d123ecc7a1caff370ef0a238f9f323b7ea6472,1,1
dataset_2_binary_clean_v2,train,train/images/nozzle_no_extrusion_0519.jpg,train/labels/nozzle_no_extrusion_0519.txt,165384,38,ddc3a3b49d08c6d804849d61e08d1de9dac58638c437eafe0f704cdb7b3752d2,00815e80bd7f5f124143afee78d123ecc7a1caff370ef0a238f9f323b7ea6472,1,1
dataset_2_binary_clean_v2,train,train/images/nozzle_no_extrusion_0522.jpg,train/labels/nozzle_no_extrusion_0522.txt,163350,38,7412cb1b13b02e93fc55418c1215ff6a4ae2c0c26d536df3eb81022d3a66d1a5,00815e80bd7f5f124143afee78d123ecc7a1caff370ef0a238f9f323b7ea6472,1,1
dataset_2_binary_clean_v2,train,train/images/nozzle_no_extrusion_0525.jpg,train/labels/nozzle_no_extrusion_0525.txt,162399,38,c89a02b38db52dfe3a410ff2db083a5ab24314d11c710222f23e9f2bf16f7f67,00815e80bd7f5f124143afee78d123ecc7a1caff370ef0a238f9f323b7ea6472,1,1
dataset_2_binary_clean_v2,train,train/images/nozzle_no_extrusion_0529.jpg,train/labels/nozzle_no_extrusion_0529.txt,164064,38,99741c4766722e9aec23df5e42a6c1658ddc10af86efac233daec4dcab5a92d8,00815e80bd7f5f124143afee78d123ecc7a1caff370ef0a238f9f323b7ea6472,1,1
dataset_2_binary_clean_v2,train,train/images/nozzle_no_extrusion_0530.jpg,train/labels/nozzle_no_extrusion_0530.txt,164545,38,586a4c7fab3eeac3531b5365b092f33eea866bbbe5dbd39e50b3410218a6720d,00815e80bd7f5f124143afee78d123ecc7a1caff370ef0a238f9f323b7ea6472,1,1
dataset_2_binary_clean_v2,train,train/images/nozzle_no_extrusion_0531.jpg,train/labels/nozzle_no_extrusion_0531.txt,167630,38,f5ed479d2139c1ddfac13a678d4da70f9e73031c6172cf82689e6f6705b5f522,00815e80bd7f5f124143afee78d123ecc7a1caff370ef0a238f9f323b7ea6472,1,1
dataset_2_binary_clean_v2,train,train/images/nozzle_no_extrusion_0532.jpg,train/labels/nozzle_no_extrusion_0532.txt,160172,38,0254d40429801587ba02790d837758195f7ac4e44bb903923afaca9743926258,00815e80bd7f5f124143afee78d123ecc7a1caff370ef0a238f9f323b7ea6472,1,1
dataset_2_binary_clean_v2,train,train/images/nozzle_no_extrusion_0533.jpg,train/labels/nozzle_no_extrusion_0533.txt,160850,38,501cbf99fc88301b5648fbf287165b4f3c8f186e4fef8c6218e04b6af0fc98ce,00815e80bd7f5f124143afee78d123ecc7a1caff370ef0a238f9f323b7ea6472,1,1
dataset_2_binary_clean_v2,train,train/images/nozzle_no_extrusion_0535.jpg,train/labels/nozzle_no_extrusion_0535.txt,160322,38,ebc617c2cb58400969149a2693d6f681ccb3e48724a63fd73223a4d2fa0e19dc,00815e80bd7f5f124143afee78d123ecc7a1caff370ef0a238f9f323b7ea6472,1,1
dataset_2_binary_clean_v2,train,train/images/nozzle_no_extrusion_0536.jpg,train/labels/nozzle_no_extrusion_0536.txt,161701,38,07cf3e5bbe2aa6878a63cd667232c0a946a0214fa9d6a83b90f86c9b4b01949b,00815e80bd7f5f124143afee78d123ecc7a1caff370ef0a238f9f323b7ea6472,1,1
dataset_2_binary_clean_v2,train,train/images/nozzle_no_extrusion_0537.jpg,train/labels/nozzle_no_extrusion_0537.txt,163685,38,dc91a3c40c80f29e2ba226084677ff0e930b77d2cb821a2886472719f40db525,00815e80bd7f5f124143afee78d123ecc7a1caff370ef0a238f9f323b7ea6472,1,1
dataset_2_binary_clean_v2,train,train/images/nozzle_no_extrusion_0538.jpg,train/labels/nozzle_no_extrusion_0538.txt,169566,38,30398a597b615a7e574b560401698b39163e325cfc77e1e52dc0a52751af27f4,00815e80bd7f5f124143afee78d123ecc7a1caff370ef0a238f9f323b7ea6472,1,1
dataset_2_binary_clean_v2,train,train/images/nozzle_no_extrusion_0540.jpg,train/labels/nozzle_no_extrusion_0540.txt,164216,38,aa98c173abf113f238c993f250b24b3b11f208b3c29fa5ecba10cd83faefad04,00815e80bd7f5f124143afee78d123ecc7a1caff370ef0a238f9f323b7ea6472,1,1
dataset_2_binary_clean_v2,train,train/images/nozzle_no_extrusion_0542.jpg,train/labels/nozzle_no_extrusion_0542.txt,161710,38,6d7fb9869229c6e6d3fb01efdba1c9cbbae2eb092b5c3f6133534425813a9b8d,00815e80bd7f5f124143afee78d123ecc7a1caff370ef0a238f9f323b7ea6472,1,1
dataset_2_binary_clean_v2,train,train/images/nozzle_no_extrusion_0543.jpg,train/labels/nozzle_no_extrusion_0543.txt,159293,38,baf0780c025804a499029274c1c37dc7c11f661bf3523086b30a86c726700f4c,00815e80bd7f5f124143afee78d123ecc7a1caff370ef0a238f9f323b7ea6472,1,1
dataset_2_binary_clean_v2,train,train/images/nozzle_no_extrusion_0544.jpg,train/labels/nozzle_no_extrusion_0544.txt,159734,38,0071e54ce5e231b9970b0ab23d91aa22c437b7c2c3a2ac7f407fe01e71ed2d17,00815e80bd7f5f124143afee78d123ecc7a1caff370ef0a238f9f323b7ea6472,1,1
dataset_2_binary_clean_v2,train,train/images/nozzle_no_extrusion_0546.jpg,train/labels/nozzle_no_extrusion_0546.txt,161965,38,24679c4c854738a2b7bf99a13f56661451ea872c4fc576ec5f4fc192ace1f09f,00815e80bd7f5f124143afee78d123ecc7a1caff370ef0a238f9f323b7ea6472,1,1
dataset_2_binary_clean_v2,train,train/images/nozzle_no_extrusion_0548.jpg,train/labels/nozzle_no_extrusion_0548.txt,110705,38,15539559a9963dd0f4894774a64c32da2457ab936b6603dc7bc2352c808d1a20,00815e80bd7f5f124143afee78d123ecc7a1caff370ef0a238f9f323b7ea6472,1,1
dataset_2_binary_clean_v2,train,train/images/nozzle_no_extrusion_0549.jpg,train/labels/nozzle_no_extrusion_0549.txt,171548,38,ec9404b60313e3da0eb9ec4a7eba2dfaaee22fa42e2ad07744097c82e29441f7,00815e80bd7f5f124143afee78d123ecc7a1caff370ef0a238f9f323b7ea6472,1,1
dataset_2_binary_clean_v2,train,train/images/nozzle_no_extrusion_0550.jpg,train/labels/nozzle_no_extrusion_0550.txt,163506,38,a9eb25a5c85f767cd4b7ddc7ac74e42b10a17463cc6cf5b4cce6781b6215d97d,00815e80bd7f5f124143afee78d123ecc7a1caff370ef0a238f9f323b7ea6472,1,1
dataset_2_binary_clean_v2,train,train/images/nozzle_no_extrusion_0551.jpg,train/labels/nozzle_no_extrusion_0551.txt,163693,38,ab145d9494d153c6367e01a8250ea31f4b9424596d8016a7efed7e8ae02aa685,00815e80bd7f5f124143afee78d123ecc7a1caff370ef0a238f9f323b7ea6472,1,1
dataset_2_binary_clean_v2,train,train/images/nozzle_no_extrusion_0552.jpg,train/labels/nozzle_no_extrusion_0552.txt,128005,38,0d350928a8261865089d1c7a5c948df5899a4c7119b22de1479d8df2e107cc37,00815e80bd7f5f124143afee78d123ecc7a1caff370ef0a238f9f323b7ea6472,1,1
dataset_2_binary_clean_v2,train,train/images/nozzle_no_extrusion_0553.jpg,train/labels/nozzle_no_extrusion_0553.txt,167108,38,4a4e38cc6febe9994d9865b4ed27b0b1c30e4b46b99bbbba90a6c4b779398482,00815e80bd7f5f124143afee78d123ecc7a1caff370ef0a238f9f323b7ea6472,1,1
dataset_2_binary_clean_v2,train,train/images/nozzle_no_extrusion_0554.jpg,train/labels/nozzle_no_extrusion_0554.txt,157241,38,14403c465771b72a2c319cf8b63ee1b8dc1784a8f39156f4d77dc0e673dad29a,00815e80bd7f5f124143afee78d123ecc7a1caff370ef0a238f9f323b7ea6472,1,1
dataset_2_binary_clean_v2,train,train/images/nozzle_no_extrusion_0555.jpg,train/labels/nozzle_no_extrusion_0555.txt,161659,38,8d0b1616353838c79ce8acf63f9ded594126490c8d14f392caf14179e2d470c2,00815e80bd7f5f124143afee78d123ecc7a1caff370ef0a238f9f323b7ea6472,1,1
dataset_2_binary_clean_v2,train,train/images/nozzle_no_extrusion_0556.jpg,train/labels/nozzle_no_extrusion_0556.txt,159267,38,0108a6b1b85ed0f591d0da4e1aa6beab1636cfb09403a6555cca0111761f9788,00815e80bd7f5f124143afee78d123ecc7a1caff370ef0a238f9f323b7ea6472,1,1
dataset_2_binary_clean_v2,train,train/images/nozzle_no_extrusion_0557.jpg,train/labels/nozzle_no_extrusion_0557.txt,168785,38,4a094ef895147df82cc0ed745994818b116bce31cb422cdc442978b8f1af81c3,00815e80bd7f5f124143afee78d123ecc7a1caff370ef0a238f9f323b7ea6472,1,1
dataset_2_binary_clean_v2,train,train/images/nozzle_no_extrusion_0558.jpg,train/labels/nozzle_no_extrusion_0558.txt,114060,38,e1cc29c3448c4f33634272c0e358c69467faf45aa8575c4ead1bf4316cf3120a,00815e80bd7f5f124143afee78d123ecc7a1caff370ef0a238f9f323b7ea6472,1,1
dataset_2_binary_clean_v2,train,train/images/nozzle_no_extrusion_0559.jpg,train/labels/nozzle_no_extrusion_0559.txt,162680,38,c2466b5be45fdc26962db64c72ec13561433e546dff62a546a13d33a8e304d3a,00815e80bd7f5f124143afee78d123ecc7a1caff370ef0a238f9f323b7ea6472,1,1
dataset_2_binary_clean_v2,train,train/images/nozzle_no_extrusion_0562.jpg,train/labels/nozzle_no_extrusion_0562.txt,161911,38,e75f39433d46156027f778a909617c1ab240f4b736166cb08f77073f2f39f15c,00815e80bd7f5f124143afee78d123ecc7a1caff370ef0a238f9f323b7ea6472,1,1
dataset_2_binary_clean_v2,train,train/images/nozzle_no_extrusion_0563.jpg,train/labels/nozzle_no_extrusion_0563.txt,162615,38,b1baee87ca92a4aaf820b970bce8b634b575f9545504848e4d81fc48e7e6424d,00815e80bd7f5f124143afee78d123ecc7a1caff370ef0a238f9f323b7ea6472,1,1
dataset_2_binary_clean_v2,train,train/images/nozzle_no_extrusion_0565.jpg,train/labels/nozzle_no_extrusion_0565.txt,168516,38,0d900066509172944a0766b90c79dfb2c44a85e560203f2c87153aa58f68455d,00815e80bd7f5f124143afee78d123ecc7a1caff370ef0a238f9f323b7ea6472,1,1
dataset_2_binary_clean_v2,train,train/images/nozzle_no_extrusion_0568.jpg,train/labels/nozzle_no_extrusion_0568.txt,162836,38,2cdd4810c6f125c66c4b3d50ed104d792f56b828169f494b69b09233e5a4dace,00815e80bd7f5f124143afee78d123ecc7a1caff370ef0a238f9f323b7ea6472,1,1
dataset_2_binary_clean_v2,train,train/images/nozzle_no_extrusion_0573.jpg,train/labels/nozzle_no_extrusion_0573.txt,135475,38,5524402e88aa913b6aff3817a3c02e0502cf471b779818bfcac1dd092cb2b614,00815e80bd7f5f124143afee78d123ecc7a1caff370ef0a238f9f323b7ea6472,1,1
dataset_2_binary_clean_v2,train,train/images/nozzle_no_extrusion_0574.jpg,train/labels/nozzle_no_extrusion_0574.txt,168010,38,ab9935a2a3614e15233029ded2d17fa929e4178afc7aac36bd3703b8f6a7290f,00815e80bd7f5f124143afee78d123ecc7a1caff370ef0a238f9f323b7ea6472,1,1
dataset_2_binary_clean_v2,train,train/images/nozzle_no_extrusion_0575.jpg,train/labels/nozzle_no_extrusion_0575.txt,158291,38,a5f8fe769adba3f5b82f6e688e7acd203c4c0ff7c0c5037f7c7064e82e39bf10,00815e80bd7f5f124143afee78d123ecc7a1caff370ef0a238f9f323b7ea6472,1,1
dataset_2_binary_clean_v2,train,train/images/nozzle_no_extrusion_0576.jpg,train/labels/nozzle_no_extrusion_0576.txt,162756,38,049968d2946be6bebff020ba2908f7ae80087ba3773eb6f144f3d8d50ce2c03d,00815e80bd7f5f124143afee78d123ecc7a1caff370ef0a238f9f323b7ea6472,1,1
dataset_2_binary_clean_v2,train,train/images/nozzle_no_extrusion_0579.jpg,train/labels/nozzle_no_extrusion_0579.txt,159958,38,f5ca829d8eeac75645e40dfde37388a33e130a48bf328162b326a8582b602453,00815e80bd7f5f124143afee78d123ecc7a1caff370ef0a238f9f323b7ea6472,1,1
dataset_2_binary_clean_v2,train,train/images/nozzle_no_extrusion_0584.jpg,train/labels/nozzle_no_extrusion_0584.txt,165661,38,347d02782a6807e3c2aed8b6a082144ce9fed165b4029f7b5ec980018280c14a,00815e80bd7f5f124143afee78d123ecc7a1caff370ef0a238f9f323b7ea6472,1,1
dataset_2_binary_clean_v2,train,train/images/nozzle_no_extrusion_0586.jpg,train/labels/nozzle_no_extrusion_0586.txt,162911,38,d52e6b4d9865998c8828a74db354060a91f3ebe6523d500c37a99452b3196db5,00815e80bd7f5f124143afee78d123ecc7a1caff370ef0a238f9f323b7ea6472,1,1
dataset_2_binary_clean_v2,train,train/images/nozzle_no_extrusion_0589.jpg,train/labels/nozzle_no_extrusion_0589.txt,165496,38,14438c3cae875d664bf9474b17cd5e5f500c0f955f6a7940a1f60ec93b1c6916,00815e80bd7f5f124143afee78d123ecc7a1caff370ef0a238f9f323b7ea6472,1,1
dataset_2_binary_clean_v2,train,train/images/nozzle_no_extrusion_0593.jpg,train/labels/nozzle_no_extrusion_0593.txt,158826,38,2572f5b9655525d62dbb86bd759dfa6d2a474ef04af90345fea8b7f053a3c095,00815e80bd7f5f124143afee78d123ecc7a1caff370ef0a238f9f323b7ea6472,1,1
dataset_2_binary_clean_v2,train,train/images/nozzle_no_extrusion_0594.jpg,train/labels/nozzle_no_extrusion_0594.txt,167744,38,2265e604207f0df5e595989a6fde68be51d1ae020c54238638453c717ad7961c,00815e80bd7f5f124143afee78d123ecc7a1caff370ef0a238f9f323b7ea6472,1,1
dataset_2_binary_clean_v2,train,train/images/nozzle_no_extrusion_0595.jpg,train/labels/nozzle_no_extrusion_0595.txt,155747,38,b21597f6a702be205294766f665392b8218817c50f92c2af3ef22489138718d9,00815e80bd7f5f124143afee78d123ecc7a1caff370ef0a238f9f323b7ea6472,1,1
dataset_2_binary_clean_v2,train,train/images/nozzle_no_extrusion_0603.jpg,train/labels/nozzle_no_extrusion_0603.txt,163646,38,940049d731d3d8c4910d8a85ee6a20cd23fe2f744c74b423a4187b030c216ac5,00815e80bd7f5f124143afee78d123ecc7a1caff370ef0a238f9f323b7ea6472,1,1
dataset_2_binary_clean_v2,train,train/images/nozzle_no_extrusion_0604.jpg,train/labels/nozzle_no_extrusion_0604.txt,163986,38,6d6b2725f380de925e1497d9a94151668d61ace28b2f3970b46aa7fd4f191021,00815e80bd7f5f124143afee78d123ecc7a1caff370ef0a238f9f323b7ea6472,1,1
dataset_2_binary_clean_v2,train,train/images/nozzle_no_extrusion_0605.jpg,train/labels/nozzle_no_extrusion_0605.txt,161747,38,b55727fd523669095dc41490d128f2c9250d97fa8044c78f45a2f5120a0cf289,00815e80bd7f5f124143afee78d123ecc7a1caff370ef0a238f9f323b7ea6472,1,1
dataset_2_binary_clean_v2,train,train/images/nozzle_no_extrusion_0606.jpg,train/labels/nozzle_no_extrusion_0606.txt,136724,38,dac8b88e8b7b19934d9c08e11474ab2e49e42a3dec423aa3226d86580df8805c,00815e80bd7f5f124143afee78d123ecc7a1caff370ef0a238f9f323b7ea6472,1,1
dataset_2_binary_clean_v2,train,train/images/nozzle_no_extrusion_0608.jpg,train/labels/nozzle_no_extrusion_0608.txt,165744,38,fe73f512793d9c4404c67c79c961a7de4b698d3994ea7d38d4a9eb2c07eb0a1b,00815e80bd7f5f124143afee78d123ecc7a1caff370ef0a238f9f323b7ea6472,1,1
dataset_2_binary_clean_v2,train,train/images/nozzle_no_extrusion_0609.jpg,train/labels/nozzle_no_extrusion_0609.txt,160412,38,d94cb7cffd601bfb6ab4316c3c7552291332042eb1a4d84917f0b9c5d75d514e,00815e80bd7f5f124143afee78d123ecc7a1caff370ef0a238f9f323b7ea6472,1,1
dataset_2_binary_clean_v2,train,train/images/nozzle_no_extrusion_0610.jpg,train/labels/nozzle_no_extrusion_0610.txt,160549,38,7d5bb6e49f5f77a8b623d7bfe5e6efa14138e213259574938ee4fd2ad234e12a,00815e80bd7f5f124143afee78d123ecc7a1caff370ef0a238f9f323b7ea6472,1,1
dataset_2_binary_clean_v2,train,train/images/nozzle_no_extrusion_0611.jpg,train/labels/nozzle_no_extrusion_0611.txt,134403,38,1179ef562e5aa35a5b08f082ea186d129c7e5d7cd5a649124c1dbe4a25375c1f,00815e80bd7f5f124143afee78d123ecc7a1caff370ef0a238f9f323b7ea6472,1,1
dataset_2_binary_clean_v2,train,train/images/nozzle_no_extrusion_0612.jpg,train/labels/nozzle_no_extrusion_0612.txt,165202,38,04053bcb36cfde3096c16be67fc52f06550e29ad58adb620a2e7b9407d20a2dc,00815e80bd7f5f124143afee78d123ecc7a1caff370ef0a238f9f323b7ea6472,1,1
dataset_2_binary_clean_v2,train,train/images/nozzle_no_extrusion_0613.jpg,train/labels/nozzle_no_extrusion_0613.txt,118142,38,44cb65b8ca9af9280291138dd8f0354f6175460f5a5cdbca75ed8a542c4d56e8,00815e80bd7f5f124143afee78d123ecc7a1caff370ef0a238f9f323b7ea6472,1,1
dataset_2_binary_clean_v2,train,train/images/nozzle_no_extrusion_0614.jpg,train/labels/nozzle_no_extrusion_0614.txt,160293,38,577035b008ec222837a8d755d10f0139fda372943e19326a4382164481e92e8f,00815e80bd7f5f124143afee78d123ecc7a1caff370ef0a238f9f323b7ea6472,1,1
dataset_2_binary_clean_v2,train,train/images/nozzle_no_extrusion_0615.jpg,train/labels/nozzle_no_extrusion_0615.txt,164839,38,97e9f5bde94ca86be61661c473cdf1b8b7e287a385604c552527c0835de90132,00815e80bd7f5f124143afee78d123ecc7a1caff370ef0a238f9f323b7ea6472,1,1
dataset_2_binary_clean_v2,train,train/images/nozzle_no_extrusion_0617.jpg,train/labels/nozzle_no_extrusion_0617.txt,135950,38,c5a3d688c37f892ef7a3071f618295e184c721940d99b1e4c79c2fc61d2074b5,00815e80bd7f5f124143afee78d123ecc7a1caff370ef0a238f9f323b7ea6472,1,1
dataset_2_binary_clean_v2,train,train/images/nozzle_no_extrusion_0618.jpg,train/labels/nozzle_no_extrusion_0618.txt,162680,38,e9067061738c3feb74e9f37f031d29bf0be77a2a61de9670e7d1061ec7b5c149,00815e80bd7f5f124143afee78d123ecc7a1caff370ef0a238f9f323b7ea6472,1,1
dataset_2_binary_clean_v2,train,train/images/nozzle_no_extrusion_0619.jpg,train/labels/nozzle_no_extrusion_0619.txt,160940,38,3f5b94d549f1b244f0db0fdb3df3f599f614bc6661cabe2853fddff01761554b,00815e80bd7f5f124143afee78d123ecc7a1caff370ef0a238f9f323b7ea6472,1,1
dataset_2_binary_clean_v2,train,train/images/nozzle_no_extrusion_0620.jpg,train/labels/nozzle_no_extrusion_0620.txt,161983,38,558c32101f1a44f3d9ee1fbac14cd4982e54de207b1cb3f381d4b2ae3db65609,00815e80bd7f5f124143afee78d123ecc7a1caff370ef0a238f9f323b7ea6472,1,1
dataset_2_binary_clean_v2,train,train/images/nozzle_no_extrusion_0621.jpg,train/labels/nozzle_no_extrusion_0621.txt,158596,38,678479a272ff921b9f27e644cb439f5e57813927676348ef9c01d62879374522,00815e80bd7f5f124143afee78d123ecc7a1caff370ef0a238f9f323b7ea6472,1,1
dataset_2_binary_clean_v2,train,train/images/nozzle_no_extrusion_0622.jpg,train/labels/nozzle_no_extrusion_0622.txt,162100,38,44094cbc1657f3652d7aeaa0d3bcb3ba07a0b37055f5c1ecb6b5ba8960c00f2d,00815e80bd7f5f124143afee78d123ecc7a1caff370ef0a238f9f323b7ea6472,1,1
dataset_2_binary_clean_v2,train,train/images/nozzle_no_extrusion_0624.jpg,train/labels/nozzle_no_extrusion_0624.txt,164001,38,946d7451ddf4ac00663b84d08b73960351e99e848fc23ed43d19affcfa0fd791,00815e80bd7f5f124143afee78d123ecc7a1caff370ef0a238f9f323b7ea6472,1,1
dataset_2_binary_clean_v2,train,train/images/nozzle_no_extrusion_0625.jpg,train/labels/nozzle_no_extrusion_0625.txt,156438,38,bca6e5734974764a4566127672d1ae9a0fc1d08aa0ba1fc929f1ce96687eb6e0,00815e80bd7f5f124143afee78d123ecc7a1caff370ef0a238f9f323b7ea6472,1,1
dataset_2_binary_clean_v2,train,train/images/nozzle_no_extrusion_0627.jpg,train/labels/nozzle_no_extrusion_0627.txt,164066,38,342f966cc22a11ce2aa25007a84e4d913c713266101d189bbb4994f3ac201cc8,00815e80bd7f5f124143afee78d123ecc7a1caff370ef0a238f9f323b7ea6472,1,1
dataset_2_binary_clean_v2,train,train/images/nozzle_no_extrusion_0628.jpg,train/labels/nozzle_no_extrusion_0628.txt,162493,38,eb40da233602d4f189064bd6f04872c85a4c6e3cbb65e74d614530732dc4d067,00815e80bd7f5f124143afee78d123ecc7a1caff370ef0a238f9f323b7ea6472,1,1
dataset_2_binary_clean_v2,train,train/images/nozzle_no_extrusion_0630.jpg,train/labels/nozzle_no_extrusion_0630.txt,158600,38,2256284b9d94813887fca0f687fc85d1cf435f6b55d241ca09aafbe7613ad0a3,00815e80bd7f5f124143afee78d123ecc7a1caff370ef0a238f9f323b7ea6472,1,1
dataset_2_binary_clean_v2,train,train/images/nozzle_no_extrusion_0632.jpg,train/labels/nozzle_no_extrusion_0632.txt,161251,38,2efe776e6704ed2dde48c11d71d7a32f772ff7368c6d139b27a85f433358faf6,00815e80bd7f5f124143afee78d123ecc7a1caff370ef0a238f9f323b7ea6472,1,1
dataset_2_binary_clean_v2,train,train/images/nozzle_no_extrusion_0633.jpg,train/labels/nozzle_no_extrusion_0633.txt,161444,38,82a1ab06fedab5a374192338d2a772162aea41d7550358d4b184593f7300e60d,00815e80bd7f5f124143afee78d123ecc7a1caff370ef0a238f9f323b7ea6472,1,1
dataset_2_binary_clean_v2,train,train/images/nozzle_no_extrusion_0635.jpg,train/labels/nozzle_no_extrusion_0635.txt,163990,38,562faf680e76d85d9d79865bc1174f8cb3b70a15cdc450bc73406004e65184c4,00815e80bd7f5f124143afee78d123ecc7a1caff370ef0a238f9f323b7ea6472,1,1
dataset_2_binary_clean_v2,train,train/images/nozzle_no_extrusion_0636.jpg,train/labels/nozzle_no_extrusion_0636.txt,157638,38,966eec47536e5fd868e156877317083020bfa896ce8af8b6bec3d9a45eb325a2,00815e80bd7f5f124143afee78d123ecc7a1caff370ef0a238f9f323b7ea6472,1,1
dataset_2_binary_clean_v2,train,train/images/nozzle_no_extrusion_0639.jpg,train/labels/nozzle_no_extrusion_0639.txt,163794,38,014c0281fd75579367596bdce03c0e3458d35e299dcd5062ea59e07ceb7a6ca3,00815e80bd7f5f124143afee78d123ecc7a1caff370ef0a238f9f323b7ea6472,1,1
dataset_2_binary_clean_v2,train,train/images/nozzle_no_extrusion_0641.jpg,train/labels/nozzle_no_extrusion_0641.txt,161206,38,1a2f1573f9bd4e56e9e0624288c3fe6d1f8722fafd239f85afc474717ed9908b,00815e80bd7f5f124143afee78d123ecc7a1caff370ef0a238f9f323b7ea6472,1,1
dataset_2_binary_clean_v2,train,train/images/nozzle_no_extrusion_0643.jpg,train/labels/nozzle_no_extrusion_0643.txt,162130,38,5481e850d6a2b243d095e2bf953dd08b950d86369f9b538376d41836aafb728e,00815e80bd7f5f124143afee78d123ecc7a1caff370ef0a238f9f323b7ea6472,1,1
dataset_2_binary_clean_v2,train,train/images/nozzle_no_extrusion_0646.jpg,train/labels/nozzle_no_extrusion_0646.txt,171029,38,c5f85545be57fffc553a00a821ce7b96cb8930853251d3cbff5d40b30a08cc95,00815e80bd7f5f124143afee78d123ecc7a1caff370ef0a238f9f323b7ea6472,1,1
dataset_2_binary_clean_v2,train,train/images/nozzle_no_extrusion_0657.jpg,train/labels/nozzle_no_extrusion_0657.txt,166247,38,55d188bc9c7ff1081495220462638a06407dca8ff54e0f8a7581e65427950dd6,00815e80bd7f5f124143afee78d123ecc7a1caff370ef0a238f9f323b7ea6472,1,1
dataset_2_binary_clean_v2,train,train/images/nozzle_no_extrusion_0658.jpg,train/labels/nozzle_no_extrusion_0658.txt,169492,38,3baa56de67c3b82b1b587cf548b502cb8d3e7cdae8d3def10ecea44329fcd8a4,00815e80bd7f5f124143afee78d123ecc7a1caff370ef0a238f9f323b7ea6472,1,1
dataset_2_binary_clean_v2,train,train/images/nozzle_no_extrusion_0659.jpg,train/labels/nozzle_no_extrusion_0659.txt,146130,38,a1cc049bebdfc3d604d73b428f63e8bebb1cbce35cc9a833b82a3b609b17757e,00815e80bd7f5f124143afee78d123ecc7a1caff370ef0a238f9f323b7ea6472,1,1
dataset_2_binary_clean_v2,train,train/images/nozzle_no_extrusion_0660.jpg,train/labels/nozzle_no_extrusion_0660.txt,168538,38,07068b0634b588c5406704552b318eea41e041f745745b695fd42619470aa9b1,00815e80bd7f5f124143afee78d123ecc7a1caff370ef0a238f9f323b7ea6472,1,1
dataset_2_binary_clean_v2,train,train/images/nozzle_no_extrusion_0663.jpg,train/labels/nozzle_no_extrusion_0663.txt,162070,38,3276c4bd9af56d3e2fd5ddfec528faa7d56ede39010d913efe456cdb1a313412,00815e80bd7f5f124143afee78d123ecc7a1caff370ef0a238f9f323b7ea6472,1,1
dataset_2_binary_clean_v2,train,train/images/nozzle_no_extrusion_0667.jpg,train/labels/nozzle_no_extrusion_0667.txt,163249,38,ed7fa4f3890caba7e4ba02d91a44ec6011cc50bba7f25864b3078cd8177a3ef7,00815e80bd7f5f124143afee78d123ecc7a1caff370ef0a238f9f323b7ea6472,1,1
dataset_2_binary_clean_v2,train,train/images/nozzle_no_extrusion_0668.jpg,train/labels/nozzle_no_extrusion_0668.txt,168486,38,ce64d76722223b6bcbe05b5d07ee82bb438ee104cb084280e75cd3c47e671014,00815e80bd7f5f124143afee78d123ecc7a1caff370ef0a238f9f323b7ea6472,1,1
dataset_2_binary_clean_v2,train,train/images/nozzle_no_extrusion_0669.jpg,train/labels/nozzle_no_extrusion_0669.txt,156775,38,7ede988a226cce539ceaea98a9f3ffc5d329db1b3da39d36a1f1c28b6f77c2ad,00815e80bd7f5f124143afee78d123ecc7a1caff370ef0a238f9f323b7ea6472,1,1
dataset_2_binary_clean_v2,train,train/images/nozzle_no_extrusion_0670.jpg,train/labels/nozzle_no_extrusion_0670.txt,170042,38,c070bbae4eef97bc176d3a650954c6dd54664489b32060be203cfcae06d765a0,00815e80bd7f5f124143afee78d123ecc7a1caff370ef0a238f9f323b7ea6472,1,1
dataset_2_binary_clean_v2,train,train/images/nozzle_no_extrusion_0678.jpg,train/labels/nozzle_no_extrusion_0678.txt,166961,38,7f885114b51bed9a5f8c6246452b237ff1f4dc67c77a57740c70c518c5c56b11,00815e80bd7f5f124143afee78d123ecc7a1caff370ef0a238f9f323b7ea6472,1,1
dataset_2_binary_clean_v2,train,train/images/nozzle_no_extrusion_0679.jpg,train/labels/nozzle_no_extrusion_0679.txt,159313,38,27a8f7aa7ebb6e377762cb84acba67c3da62fb5583b5b7bd1beccf93c88d5600,00815e80bd7f5f124143afee78d123ecc7a1caff370ef0a238f9f323b7ea6472,1,1
dataset_2_binary_clean_v2,train,train/images/nozzle_no_extrusion_0680.jpg,train/labels/nozzle_no_extrusion_0680.txt,169372,38,f4732f158109a893476bf67b6115fd8df92e4b3e4ee1d8b6851249c004f437b7,00815e80bd7f5f124143afee78d123ecc7a1caff370ef0a238f9f323b7ea6472,1,1
dataset_2_binary_clean_v2,train,train/images/nozzle_no_extrusion_0681.jpg,train/labels/nozzle_no_extrusion_0681.txt,165654,38,5b95a532ac90eae9976d5ca5380923d964d20a7c6c199a1877bdbc03882d8ff8,00815e80bd7f5f124143afee78d123ecc7a1caff370ef0a238f9f323b7ea6472,1,1
dataset_2_binary_clean_v2,train,train/images/nozzle_no_extrusion_0682.jpg,train/labels/nozzle_no_extrusion_0682.txt,165180,38,36603fcf97f13d7e2c5fccea0086777d9fbaa8fc6f13bfd52c2ce5e3f90ebba4,00815e80bd7f5f124143afee78d123ecc7a1caff370ef0a238f9f323b7ea6472,1,1
dataset_2_binary_clean_v2,train,train/images/nozzle_no_extrusion_0684.jpg,train/labels/nozzle_no_extrusion_0684.txt,161954,38,d2d678ee6fcd74fb56bae400491348303676d4efb7245f37e20da7be5738b9ac,00815e80bd7f5f124143afee78d123ecc7a1caff370ef0a238f9f323b7ea6472,1,1
dataset_2_binary_clean_v2,train,train/images/nozzle_no_extrusion_0686.jpg,train/labels/nozzle_no_extrusion_0686.txt,161201,38,390e0fef3fc0fd8aed36e8b8b86d1b8c1eb9bb0ba5b9bf4aa8c08555db6ac12e,00815e80bd7f5f124143afee78d123ecc7a1caff370ef0a238f9f323b7ea6472,1,1
dataset_2_binary_clean_v2,train,train/images/nozzle_no_extrusion_0687.jpg,train/labels/nozzle_no_extrusion_0687.txt,133248,38,9bb04f0d54a7f9f97a4fbe103b005de44ab3b44c673bba3ed3ac171212cb4345,00815e80bd7f5f124143afee78d123ecc7a1caff370ef0a238f9f323b7ea6472,1,1
dataset_2_binary_clean_v2,train,train/images/nozzle_no_extrusion_0688.jpg,train/labels/nozzle_no_extrusion_0688.txt,162345,38,9e2f8bffd8940e0088b9577c88c19217c8c3524a81ea77b28fe7a53ced0039a5,00815e80bd7f5f124143afee78d123ecc7a1caff370ef0a238f9f323b7ea6472,1,1
dataset_2_binary_clean_v2,train,train/images/nozzle_no_extrusion_0689.jpg,train/labels/nozzle_no_extrusion_0689.txt,165138,38,3b6fa151a1a45c72aad7782ca31f40c461886755237837b663c57fcb60dd4b04,00815e80bd7f5f124143afee78d123ecc7a1caff370ef0a238f9f323b7ea6472,1,1
dataset_2_binary_clean_v2,train,train/images/nozzle_no_extrusion_0690.jpg,train/labels/nozzle_no_extrusion_0690.txt,165783,38,3a688d80dbb3cbc19d942e8e2f1170d41e821c9db0dd382ccbd79ce965dbaa0f,00815e80bd7f5f124143afee78d123ecc7a1caff370ef0a238f9f323b7ea6472,1,1
dataset_2_binary_clean_v2,train,train/images/nozzle_no_extrusion_0691.jpg,train/labels/nozzle_no_extrusion_0691.txt,173603,38,03373554e8ba60b4e7f244e3803a866a94be4a10eb44ebb509d096e0a5a6b527,00815e80bd7f5f124143afee78d123ecc7a1caff370ef0a238f9f323b7ea6472,1,1
dataset_2_binary_clean_v2,train,train/images/nozzle_no_extrusion_0693.jpg,train/labels/nozzle_no_extrusion_0693.txt,168460,38,ba46e74c270532401c46bc1805f4fda5da96ba905d28e0a6e3df41becdf1e3b3,00815e80bd7f5f124143afee78d123ecc7a1caff370ef0a238f9f323b7ea6472,1,1
dataset_2_binary_clean_v2,train,train/images/nozzle_no_extrusion_0694.jpg,train/labels/nozzle_no_extrusion_0694.txt,166551,38,9a2969de2729e4c48080180355dae1c2c1d28d1c48bf4ded872aa3110dc55d72,00815e80bd7f5f124143afee78d123ecc7a1caff370ef0a238f9f323b7ea6472,1,1
dataset_2_binary_clean_v2,train,train/images/nozzle_no_extrusion_0696.jpg,train/labels/nozzle_no_extrusion_0696.txt,161933,38,53224ab51d80df351b26f60c780a1fa8cbea2e6d45ddec95f3696d7253dfb696,00815e80bd7f5f124143afee78d123ecc7a1caff370ef0a238f9f323b7ea6472,1,1
dataset_2_binary_clean_v2,train,train/images/nozzle_no_extrusion_0697.jpg,train/labels/nozzle_no_extrusion_0697.txt,164448,38,6558c1371a8c57acc08eb389c09718ae2236b776e29ff8ec3dbf1d6620a70e6b,00815e80bd7f5f124143afee78d123ecc7a1caff370ef0a238f9f323b7ea6472,1,1
dataset_2_binary_clean_v2,train,train/images/nozzle_no_extrusion_0698.jpg,train/labels/nozzle_no_extrusion_0698.txt,160180,38,7bec2b8240342d16fbd296c21fda379a197f5515cda8f9dfc4f6d67a7b15178d,00815e80bd7f5f124143afee78d123ecc7a1caff370ef0a238f9f323b7ea6472,1,1
dataset_2_binary_clean_v2,train,train/images/nozzle_no_extrusion_0699.jpg,train/labels/nozzle_no_extrusion_0699.txt,132429,38,0335e2e3474c7eb1f923b715fd88a755a34d08cb8178a5cb0683e32e194aa411,00815e80bd7f5f124143afee78d123ecc7a1caff370ef0a238f9f323b7ea6472,1,1
dataset_2_binary_clean_v2,train,train/images/nozzle_no_extrusion_0700.jpg,train/labels/nozzle_no_extrusion_0700.txt,163070,38,5307f4ca3b63cb1390534ac96edbc9d4702965f690ca8369b7d25a3940281bf3,00815e80bd7f5f124143afee78d123ecc7a1caff370ef0a238f9f323b7ea6472,1,1
dataset_2_binary_clean_v2,train,train/images/nozzle_no_extrusion_0701.jpg,train/labels/nozzle_no_extrusion_0701.txt,137355,38,2632f3ac10955aaaef6d1d35b40ce829264b8090e62f3a09c3731b688885e207,00815e80bd7f5f124143afee78d123ecc7a1caff370ef0a238f9f323b7ea6472,1,1
dataset_2_binary_clean_v2,train,train/images/nozzle_no_extrusion_0702.jpg,train/labels/nozzle_no_extrusion_0702.txt,170237,38,33a7f4b96041c1879b3c980e58d6f1d28de1d5961daa03b339cc4d3635399ad8,00815e80bd7f5f124143afee78d123ecc7a1caff370ef0a238f9f323b7ea6472,1,1
dataset_2_binary_clean_v2,train,train/images/nozzle_no_extrusion_0703.jpg,train/labels/nozzle_no_extrusion_0703.txt,116207,38,f056f472d6e2a0509036a9799eadda3f4091de48f1d5cc441cae077dd896f73a,00815e80bd7f5f124143afee78d123ecc7a1caff370ef0a238f9f323b7ea6472,1,1
dataset_2_binary_clean_v2,train,train/images/nozzle_no_extrusion_0706.jpg,train/labels/nozzle_no_extrusion_0706.txt,167600,38,fc394f687d535e1160d78d678a484f623d7e69728fa70256384be52e6be8f347,00815e80bd7f5f124143afee78d123ecc7a1caff370ef0a238f9f323b7ea6472,1,1
dataset_2_binary_clean_v2,train,train/images/nozzle_no_extrusion_0707.jpg,train/labels/nozzle_no_extrusion_0707.txt,134659,38,f00e012b6e3bdad3bdd2e724f1be665c96600f88ffed914c9d8818225da308ae,00815e80bd7f5f124143afee78d123ecc7a1caff370ef0a238f9f323b7ea6472,1,1
dataset_2_binary_clean_v2,train,train/images/nozzle_no_extrusion_0708.jpg,train/labels/nozzle_no_extrusion_0708.txt,163291,38,79c0f77a1e774a11741a6ab6a3fc12b595f9f8956438da14d504d8f2d55f337c,00815e80bd7f5f124143afee78d123ecc7a1caff370ef0a238f9f323b7ea6472,1,1
dataset_2_binary_clean_v2,train,train/images/nozzle_no_extrusion_0709.jpg,train/labels/nozzle_no_extrusion_0709.txt,164531,38,a5c9bfc0c439bfd9f5097e416ec963dde09d7249de9f2435cd4ef7f4dee29f1f,00815e80bd7f5f124143afee78d123ecc7a1caff370ef0a238f9f323b7ea6472,1,1
dataset_2_binary_clean_v2,train,train/images/nozzle_no_extrusion_0710.jpg,train/labels/nozzle_no_extrusion_0710.txt,167904,38,5af51c258022d7da0715bcdd146cef327ec24ec86cb4dd136b9240219f07dafb,00815e80bd7f5f124143afee78d123ecc7a1caff370ef0a238f9f323b7ea6472,1,1
dataset_2_binary_clean_v2,train,train/images/nozzle_no_extrusion_0714.jpg,train/labels/nozzle_no_extrusion_0714.txt,167161,38,d9872e9f310615fadca5e7dff844eadc586ee9bb0f66acf7ade0c4d6d97f7e9c,00815e80bd7f5f124143afee78d123ecc7a1caff370ef0a238f9f323b7ea6472,1,1
dataset_2_binary_clean_v2,train,train/images/nozzle_no_extrusion_0715.jpg,train/labels/nozzle_no_extrusion_0715.txt,156726,38,375502e27b49840c5e3e08ca7daa0d52dcc5fa76fcaf7e20ce56c6198f6704ca,00815e80bd7f5f124143afee78d123ecc7a1caff370ef0a238f9f323b7ea6472,1,1
dataset_2_binary_clean_v2,train,train/images/nozzle_no_extrusion_0718.jpg,train/labels/nozzle_no_extrusion_0718.txt,162777,38,297f7be7c1456dca1087712d0bf842f28d6f7630cadbe4c53e26d2354fc2278d,00815e80bd7f5f124143afee78d123ecc7a1caff370ef0a238f9f323b7ea6472,1,1
dataset_2_binary_clean_v2,train,train/images/nozzle_no_extrusion_0719.jpg,train/labels/nozzle_no_extrusion_0719.txt,157773,38,1c20e61a4c1968b091d8e1fce934b28eec709279339aed84e6b66a636471fe18,00815e80bd7f5f124143afee78d123ecc7a1caff370ef0a238f9f323b7ea6472,1,1
dataset_2_binary_clean_v2,train,train/images/nozzle_no_extrusion_0720.jpg,train/labels/nozzle_no_extrusion_0720.txt,159805,38,7c5ac3ad57e7f63d00fc30e5896c396ac1fe0fcb5bd45657d98f301e1db3ccdd,00815e80bd7f5f124143afee78d123ecc7a1caff370ef0a238f9f323b7ea6472,1,1
dataset_2_binary_clean_v2,train,train/images/nozzle_no_extrusion_0722.jpg,train/labels/nozzle_no_extrusion_0722.txt,162239,38,731edc37722f3cecd0dd3ffce818c90aa4d4034fbdbfaf4a3da18c0637640f07,00815e80bd7f5f124143afee78d123ecc7a1caff370ef0a238f9f323b7ea6472,1,1
dataset_2_binary_clean_v2,train,train/images/nozzle_no_extrusion_0723.jpg,train/labels/nozzle_no_extrusion_0723.txt,164949,38,e0105196e0c2dfd63d9703eebda00db92e8dcaea49f8e4dafac9d2128bcd7a08,00815e80bd7f5f124143afee78d123ecc7a1caff370ef0a238f9f323b7ea6472,1,1
dataset_2_binary_clean_v2,train,train/images/nozzle_no_extrusion_0724.jpg,train/labels/nozzle_no_extrusion_0724.txt,137096,38,bdd086e711c2f4407cc864cdfd552f370f5d54d2605fbe9370265e51f4a93c9e,00815e80bd7f5f124143afee78d123ecc7a1caff370ef0a238f9f323b7ea6472,1,1
dataset_2_binary_clean_v2,train,train/images/nozzle_no_extrusion_0726.jpg,train/labels/nozzle_no_extrusion_0726.txt,163809,38,6749582f0e5689297f5cd408480a236b0d9012336634d5eada82ef8d0bb4b250,00815e80bd7f5f124143afee78d123ecc7a1caff370ef0a238f9f323b7ea6472,1,1
dataset_2_binary_clean_v2,train,train/images/nozzle_no_extrusion_0728.jpg,train/labels/nozzle_no_extrusion_0728.txt,159623,38,8a372c238ea87fbed8ef741ab3a7783e25f7e001b315f60f10db3e5483a3f01d,00815e80bd7f5f124143afee78d123ecc7a1caff370ef0a238f9f323b7ea6472,1,1
dataset_2_binary_clean_v2,train,train/images/nozzle_no_extrusion_0729.jpg,train/labels/nozzle_no_extrusion_0729.txt,136588,38,94bedec594ff3506d0321baa73e0ff6c31f556884817330def42fbbadc13d35a,00815e80bd7f5f124143afee78d123ecc7a1caff370ef0a238f9f323b7ea6472,1,1
dataset_2_binary_clean_v2,train,train/images/nozzle_no_extrusion_0731.jpg,train/labels/nozzle_no_extrusion_0731.txt,164608,38,7fc15a50fafbbd7470b0564ee143bf1071c757b43926f2c17caf3aa37b6d697f,00815e80bd7f5f124143afee78d123ecc7a1caff370ef0a238f9f323b7ea6472,1,1
dataset_2_binary_clean_v2,train,train/images/nozzle_no_extrusion_0733.jpg,train/labels/nozzle_no_extrusion_0733.txt,135368,38,d6dbab01e191ba27b95a037ef065cf772955edd1fa79dd27e9a55be29f8eb4a0,00815e80bd7f5f124143afee78d123ecc7a1caff370ef0a238f9f323b7ea6472,1,1
dataset_2_binary_clean_v2,train,train/images/nozzle_no_extrusion_0735.jpg,train/labels/nozzle_no_extrusion_0735.txt,162475,38,39c05ebb407576c9b599ee25a7742331a898abadc9b7c9f3dd4eb73feddda0b7,00815e80bd7f5f124143afee78d123ecc7a1caff370ef0a238f9f323b7ea6472,1,1
dataset_2_binary_clean_v2,train,train/images/nozzle_no_extrusion_0737.jpg,train/labels/nozzle_no_extrusion_0737.txt,161019,38,41bdef76b0d2939bd6b1f71c3836219d4867abe14ef8db9dfea1ce18f1ec6461,00815e80bd7f5f124143afee78d123ecc7a1caff370ef0a238f9f323b7ea6472,1,1
dataset_2_binary_clean_v2,train,train/images/nozzle_no_extrusion_0739.jpg,train/labels/nozzle_no_extrusion_0739.txt,162250,38,35ab83a981229e3efb5c1da9d473679967419898b9821740d9d9a4e3f35411f5,00815e80bd7f5f124143afee78d123ecc7a1caff370ef0a238f9f323b7ea6472,1,1
dataset_2_binary_clean_v2,train,train/images/nozzle_no_extrusion_0740.jpg,train/labels/nozzle_no_extrusion_0740.txt,122207,38,c750624bcca25f7aad81862217eb0c9d83855bb45d5eea5d042431e18672cefd,00815e80bd7f5f124143afee78d123ecc7a1caff370ef0a238f9f323b7ea6472,1,1
dataset_2_binary_clean_v2,train,train/images/nozzle_no_extrusion_0742.jpg,train/labels/nozzle_no_extrusion_0742.txt,162791,38,af03d9228d3944a288fa08210108600237978aa32b2df2f8657426b3623a4b9d,00815e80bd7f5f124143afee78d123ecc7a1caff370ef0a238f9f323b7ea6472,1,1
dataset_2_binary_clean_v2,train,train/images/nozzle_no_extrusion_0743.jpg,train/labels/nozzle_no_extrusion_0743.txt,163286,38,30e31a8e49bcb5d4465f29b560826c61fb112cb1484b3f42b98f764fe0cd1d3b,00815e80bd7f5f124143afee78d123ecc7a1caff370ef0a238f9f323b7ea6472,1,1
dataset_2_binary_clean_v2,train,train/images/nozzle_no_extrusion_0744.jpg,train/labels/nozzle_no_extrusion_0744.txt,159554,38,86e865da9bd0cb15ccddbe3edd2c25aafb16b6aa901fc1ecac703575ddf9ddaf,00815e80bd7f5f124143afee78d123ecc7a1caff370ef0a238f9f323b7ea6472,1,1
dataset_2_binary_clean_v2,train,train/images/nozzle_no_extrusion_0745.jpg,train/labels/nozzle_no_extrusion_0745.txt,134981,38,eab793b38e6825eb2e774a32b496d7b88474c8799bd86fa3eb8174cad8dd4ffb,00815e80bd7f5f124143afee78d123ecc7a1caff370ef0a238f9f323b7ea6472,1,1
dataset_2_binary_clean_v2,train,train/images/nozzle_no_extrusion_0746.jpg,train/labels/nozzle_no_extrusion_0746.txt,158202,38,0d254964679046d0d98723cadcb51f4401e76b3208c13016dd0661a5f202c1b4,00815e80bd7f5f124143afee78d123ecc7a1caff370ef0a238f9f323b7ea6472,1,1
dataset_2_binary_clean_v2,train,train/images/nozzle_no_extrusion_0747.jpg,train/labels/nozzle_no_extrusion_0747.txt,160434,38,fc6e2ee417420851ff67568873a0dcb7bcd7965702d571495a93113b5f90bcb0,00815e80bd7f5f124143afee78d123ecc7a1caff370ef0a238f9f323b7ea6472,1,1
dataset_2_binary_clean_v2,train,train/images/nozzle_no_extrusion_0749.jpg,train/labels/nozzle_no_extrusion_0749.txt,170695,38,9cedc2ec2bd31956b60df75b3ff6bdb7c93aef5bc795ef65c70f87442e36da67,00815e80bd7f5f124143afee78d123ecc7a1caff370ef0a238f9f323b7ea6472,1,1
dataset_2_binary_clean_v2,train,train/images/nozzle_no_extrusion_0750.jpg,train/labels/nozzle_no_extrusion_0750.txt,116188,38,8de8ef45ba6e6b95c1634db38834ec1317e406cdbfad5aa1be84689e14b64ede,00815e80bd7f5f124143afee78d123ecc7a1caff370ef0a238f9f323b7ea6472,1,1
dataset_2_binary_clean_v2,train,train/images/nozzle_no_extrusion_0751.jpg,train/labels/nozzle_no_extrusion_0751.txt,163431,38,007a1b122929f6fc1b1b255102300e8d11644e595d3203ee9b7a477a13d00a77,00815e80bd7f5f124143afee78d123ecc7a1caff370ef0a238f9f323b7ea6472,1,1
dataset_2_binary_clean_v2,train,train/images/nozzle_no_extrusion_0752.jpg,train/labels/nozzle_no_extrusion_0752.txt,160551,38,a2b336704c770dc640d5558c0739b9f549e09d398025ddbf0110251a69d3d738,00815e80bd7f5f124143afee78d123ecc7a1caff370ef0a238f9f323b7ea6472,1,1
dataset_2_binary_clean_v2,train,train/images/nozzle_no_extrusion_0753.jpg,train/labels/nozzle_no_extrusion_0753.txt,164835,38,88c592ddc1a23a760910eafbbd706cc8230304c4f5647237e354ea05d93117ec,00815e80bd7f5f124143afee78d123ecc7a1caff370ef0a238f9f323b7ea6472,1,1
dataset_2_binary_clean_v2,train,train/images/nozzle_no_extrusion_0754.jpg,train/labels/nozzle_no_extrusion_0754.txt,161022,38,7a929e315e80f3ae7e226156f18114bc0afdeb238df731118dcb8778e7cc725a,00815e80bd7f5f124143afee78d123ecc7a1caff370ef0a238f9f323b7ea6472,1,1
dataset_2_binary_clean_v2,train,train/images/nozzle_no_extrusion_0755.jpg,train/labels/nozzle_no_extrusion_0755.txt,162122,38,cc12f448e5764bac39001552542e6feedf7e3c627532d6bb4b1a910ef9da61cb,00815e80bd7f5f124143afee78d123ecc7a1caff370ef0a238f9f323b7ea6472,1,1
dataset_2_binary_clean_v2,train,train/images/nozzle_no_extrusion_0756.jpg,train/labels/nozzle_no_extrusion_0756.txt,159002,38,273866af3641b1797397c00b875ea8eaad04047d0e01957087019137d18f1bcb,00815e80bd7f5f124143afee78d123ecc7a1caff370ef0a238f9f323b7ea6472,1,1
dataset_2_binary_clean_v2,train,train/images/nozzle_no_extrusion_0757.jpg,train/labels/nozzle_no_extrusion_0757.txt,164395,38,1dec5f017ecf29028688cca4790602ee9e1ab867e3af1c48dcab6d2bda79b983,00815e80bd7f5f124143afee78d123ecc7a1caff370ef0a238f9f323b7ea6472,1,1
dataset_2_binary_clean_v2,train,train/images/nozzle_no_extrusion_0758.jpg,train/labels/nozzle_no_extrusion_0758.txt,92196,38,880b04a3d801092aae7a66242c1cc06ae602b5a785d62838b62a8e7793014c52,00815e80bd7f5f124143afee78d123ecc7a1caff370ef0a238f9f323b7ea6472,1,1
dataset_2_binary_clean_v2,train,train/images/nozzle_no_extrusion_0760.jpg,train/labels/nozzle_no_extrusion_0760.txt,160490,38,42150878c78d168b130e06ad1324078384811549d2b30c7d8edfd052f15f32c7,00815e80bd7f5f124143afee78d123ecc7a1caff370ef0a238f9f323b7ea6472,1,1
dataset_2_binary_clean_v2,train,train/images/nozzle_no_extrusion_0765.jpg,train/labels/nozzle_no_extrusion_0765.txt,161857,38,690358ed622d019a070ea82ab4c2c608aa127078441ce307962adaf41c2c861c,00815e80bd7f5f124143afee78d123ecc7a1caff370ef0a238f9f323b7ea6472,1,1
dataset_2_binary_clean_v2,train,train/images/nozzle_no_extrusion_0768.jpg,train/labels/nozzle_no_extrusion_0768.txt,160795,38,f0f4d0330806226a1f2d1033cb58aef2c7cdbe84e8580189c775a660bad93ad3,00815e80bd7f5f124143afee78d123ecc7a1caff370ef0a238f9f323b7ea6472,1,1
dataset_2_binary_clean_v2,train,train/images/nozzle_no_extrusion_0769.jpg,train/labels/nozzle_no_extrusion_0769.txt,162128,38,c34008363715b8aee2619387bb658e0bf1b8a9c9139498d930483143baf69d37,00815e80bd7f5f124143afee78d123ecc7a1caff370ef0a238f9f323b7ea6472,1,1
dataset_2_binary_clean_v2,train,train/images/nozzle_no_extrusion_0771.jpg,train/labels/nozzle_no_extrusion_0771.txt,163784,38,f47fd0b0b8a30477d4bddbf40766096246d600012fcf471dd1236bde9826c4b9,00815e80bd7f5f124143afee78d123ecc7a1caff370ef0a238f9f323b7ea6472,1,1
dataset_2_binary_clean_v2,train,train/images/nozzle_no_extrusion_0773.jpg,train/labels/nozzle_no_extrusion_0773.txt,160936,38,5fceb82237382ea79ac796410fea9cf05ef76e2b31288e8a111df7acb3bfe077,00815e80bd7f5f124143afee78d123ecc7a1caff370ef0a238f9f323b7ea6472,1,1
dataset_2_binary_clean_v2,train,train/images/nozzle_no_extrusion_0774.jpg,train/labels/nozzle_no_extrusion_0774.txt,158754,38,254246f658bd1b1bb957ff24b2aac7b6b5e172dc972659da6d5248d385f44c07,00815e80bd7f5f124143afee78d123ecc7a1caff370ef0a238f9f323b7ea6472,1,1
dataset_2_binary_clean_v2,train,train/images/nozzle_no_extrusion_0776.jpg,train/labels/nozzle_no_extrusion_0776.txt,136228,38,c1ce03725b81a767faa2b6da293e7a038496d659ba2fa874db53570c4479754b,00815e80bd7f5f124143afee78d123ecc7a1caff370ef0a238f9f323b7ea6472,1,1
dataset_2_binary_clean_v2,train,train/images/nozzle_no_extrusion_0779.jpg,train/labels/nozzle_no_extrusion_0779.txt,136714,38,36094a86a3450c03575d14ff106d6d3fcd7fb3e84364fb5b3f911bcb7ea5a228,00815e80bd7f5f124143afee78d123ecc7a1caff370ef0a238f9f323b7ea6472,1,1
dataset_2_binary_clean_v2,train,train/images/nozzle_no_extrusion_0783.jpg,train/labels/nozzle_no_extrusion_0783.txt,161512,38,fe694ed71912188048cf9b472198fa1e6f05d98fb7fcdc9c36812d28cbca474f,00815e80bd7f5f124143afee78d123ecc7a1caff370ef0a238f9f323b7ea6472,1,1
dataset_2_binary_clean_v2,train,train/images/nozzle_no_extrusion_0784.jpg,train/labels/nozzle_no_extrusion_0784.txt,161018,38,6aa1fa0be2e12ded916a8f0e2edb474bf9c5ddf74e8fc5f3f3b04e27eefbd727,00815e80bd7f5f124143afee78d123ecc7a1caff370ef0a238f9f323b7ea6472,1,1
dataset_2_binary_clean_v2,train,train/images/nozzle_no_extrusion_0788.jpg,train/labels/nozzle_no_extrusion_0788.txt,163025,38,2db23d449b6ba1de25cfa176e321786fd63f4aaf3cf562ffbb11bb69a3c8f74b,00815e80bd7f5f124143afee78d123ecc7a1caff370ef0a238f9f323b7ea6472,1,1
dataset_2_binary_clean_v2,train,train/images/nozzle_no_extrusion_0790.jpg,train/labels/nozzle_no_extrusion_0790.txt,169062,38,dfbe922d88d9e64a6deeafac4a61293d744bf5dbeaf0fc6a60ce3c86bebb1a0e,00815e80bd7f5f124143afee78d123ecc7a1caff370ef0a238f9f323b7ea6472,1,1
dataset_2_binary_clean_v2,train,train/images/nozzle_no_extrusion_0791.jpg,train/labels/nozzle_no_extrusion_0791.txt,168661,38,eaa51165895c88af9733e1e791a93e8e50fcdc3de531d9aa346198f9595da01f,00815e80bd7f5f124143afee78d123ecc7a1caff370ef0a238f9f323b7ea6472,1,1
dataset_2_binary_clean_v2,train,train/images/nozzle_no_extrusion_0792.jpg,train/labels/nozzle_no_extrusion_0792.txt,164399,38,4440b42f629f60de295bb5e73ce3616b543c680f166ad43eb62d683610ee07d1,00815e80bd7f5f124143afee78d123ecc7a1caff370ef0a238f9f323b7ea6472,1,1
dataset_2_binary_clean_v2,train,train/images/nozzle_no_extrusion_0793.jpg,train/labels/nozzle_no_extrusion_0793.txt,166108,38,456f3a4dd325ae6c0f93089d6566691a1092817c5c95434a0b5cc53481bcbd7e,00815e80bd7f5f124143afee78d123ecc7a1caff370ef0a238f9f323b7ea6472,1,1
dataset_2_binary_clean_v2,train,train/images/nozzle_no_extrusion_0794.jpg,train/labels/nozzle_no_extrusion_0794.txt,160814,38,e6ef1f2d1fe3e2517cd563dd92cb487d42d4c443439320fc5a87bd4f2bf62dc2,00815e80bd7f5f124143afee78d123ecc7a1caff370ef0a238f9f323b7ea6472,1,1
dataset_2_binary_clean_v2,train,train/images/nozzle_no_extrusion_0795.jpg,train/labels/nozzle_no_extrusion_0795.txt,168433,38,2e32b926c03237e1dd361b714c963303f6136af300bdd5d55f109ab3ff7f163e,00815e80bd7f5f124143afee78d123ecc7a1caff370ef0a238f9f323b7ea6472,1,1
dataset_2_binary_clean_v2,train,train/images/nozzle_no_extrusion_0796.jpg,train/labels/nozzle_no_extrusion_0796.txt,161856,38,660823ac385d73e95f2643eccf37ae741f39b4ed8fd7faa69bdb55db64646c34,00815e80bd7f5f124143afee78d123ecc7a1caff370ef0a238f9f323b7ea6472,1,1
dataset_2_binary_clean_v2,train,train/images/nozzle_no_extrusion_0797.jpg,train/labels/nozzle_no_extrusion_0797.txt,162174,38,b7ecef22bea3ff5f8621727d17963787c127830af7343a9f26880c9785e490cc,00815e80bd7f5f124143afee78d123ecc7a1caff370ef0a238f9f323b7ea6472,1,1
dataset_2_binary_clean_v2,train,train/images/nozzle_no_extrusion_0798.jpg,train/labels/nozzle_no_extrusion_0798.txt,171329,38,e55b1cd788818671b670f6b6dc825b51aace2dfff5a662ad6d74ca33657a1863,00815e80bd7f5f124143afee78d123ecc7a1caff370ef0a238f9f323b7ea6472,1,1
dataset_2_binary_clean_v2,train,train/images/nozzle_no_extrusion_0799.jpg,train/labels/nozzle_no_extrusion_0799.txt,160068,38,bed3212cf4a967b278a0a41efd147262ebaf9e8563acbf0957012629cb8bd2ec,00815e80bd7f5f124143afee78d123ecc7a1caff370ef0a238f9f323b7ea6472,1,1
dataset_2_binary_clean_v2,train,train/images/nozzle_no_extrusion_0800.jpg,train/labels/nozzle_no_extrusion_0800.txt,163931,38,1a8be6b1ec4bcc139fa2e6c8ec96bc77fc6502a90b666a4107079f36d9c86554,00815e80bd7f5f124143afee78d123ecc7a1caff370ef0a238f9f323b7ea6472,1,1
dataset_2_binary_clean_v2,train,train/images/nozzle_no_extrusion_0803.jpg,train/labels/nozzle_no_extrusion_0803.txt,164844,38,a789f8bf4f0b7e1d940227d92dcaf0ec2101c71ad4ee38eddc3a12f28332e887,00815e80bd7f5f124143afee78d123ecc7a1caff370ef0a238f9f323b7ea6472,1,1
dataset_2_binary_clean_v2,train,train/images/nozzle_no_extrusion_0806.jpg,train/labels/nozzle_no_extrusion_0806.txt,171917,38,367ac48eca00616290085f73c99b25ed136f8ca6d1234c8b851dd1a01408aacd,00815e80bd7f5f124143afee78d123ecc7a1caff370ef0a238f9f323b7ea6472,1,1
dataset_2_binary_clean_v2,train,train/images/nozzle_no_extrusion_0809.jpg,train/labels/nozzle_no_extrusion_0809.txt,162451,38,8b9c55ea142a20b5d901eb937413c7a4d32976060f57d30b6a28c6640c48f2d9,00815e80bd7f5f124143afee78d123ecc7a1caff370ef0a238f9f323b7ea6472,1,1
dataset_2_binary_clean_v2,train,train/images/nozzle_no_extrusion_0815.jpg,train/labels/nozzle_no_extrusion_0815.txt,161054,38,9ff9f430a2f56a7e6d2a11b5b4bcb83b11996479409640c6cad23ddaea5b6e26,00815e80bd7f5f124143afee78d123ecc7a1caff370ef0a238f9f323b7ea6472,1,1
dataset_2_binary_clean_v2,train,train/images/nozzle_no_extrusion_0816.jpg,train/labels/nozzle_no_extrusion_0816.txt,125991,38,4cc4a43bc6f2c61718463900fabd57148b8568233ec66568ddcce427d953984f,00815e80bd7f5f124143afee78d123ecc7a1caff370ef0a238f9f323b7ea6472,1,1
dataset_2_binary_clean_v2,train,train/images/nozzle_no_extrusion_0817.jpg,train/labels/nozzle_no_extrusion_0817.txt,164669,38,ef3b947f17d588181600d55b10d13d03f260b5283ecb56213c6f64d72c3e89e2,00815e80bd7f5f124143afee78d123ecc7a1caff370ef0a238f9f323b7ea6472,1,1
dataset_2_binary_clean_v2,train,train/images/nozzle_no_extrusion_0818.jpg,train/labels/nozzle_no_extrusion_0818.txt,135500,38,f336120d74b6360fc4c54d925677d6c65a2b8b5b7aff6e60a6eccf6b9ba01cee,00815e80bd7f5f124143afee78d123ecc7a1caff370ef0a238f9f323b7ea6472,1,1
dataset_2_binary_clean_v2,train,train/images/nozzle_no_extrusion_0819.jpg,train/labels/nozzle_no_extrusion_0819.txt,164529,38,40c393af147b39cb4c018c7734566bc162b00bb3aed14043693da97222266866,00815e80bd7f5f124143afee78d123ecc7a1caff370ef0a238f9f323b7ea6472,1,1
dataset_2_binary_clean_v2,train,train/images/nozzle_no_extrusion_0820.jpg,train/labels/nozzle_no_extrusion_0820.txt,140851,38,df6f4f69d62d36ac85b9908d2230a8a81cc8819d5135991ffdd1798cbe5e11e9,00815e80bd7f5f124143afee78d123ecc7a1caff370ef0a238f9f323b7ea6472,1,1
dataset_2_binary_clean_v2,train,train/images/nozzle_no_extrusion_0821.jpg,train/labels/nozzle_no_extrusion_0821.txt,162122,38,d34073f19e9ab3677bbe5a274cdd573bdf736bd87c95558e5e0307d6feb30df6,00815e80bd7f5f124143afee78d123ecc7a1caff370ef0a238f9f323b7ea6472,1,1
dataset_2_binary_clean_v2,train,train/images/nozzle_no_extrusion_0822.jpg,train/labels/nozzle_no_extrusion_0822.txt,162718,38,7c87ba69e5bd274eb0ff137c4d5756b7040e70149192eeb0c2161ebb91e3059c,00815e80bd7f5f124143afee78d123ecc7a1caff370ef0a238f9f323b7ea6472,1,1
dataset_2_binary_clean_v2,train,train/images/nozzle_no_extrusion_0823.jpg,train/labels/nozzle_no_extrusion_0823.txt,159360,38,719be9da2e2f1d016971a1e09618f5b2b7edf7113389b9ab15b081a74cf48ce4,00815e80bd7f5f124143afee78d123ecc7a1caff370ef0a238f9f323b7ea6472,1,1
dataset_2_binary_clean_v2,train,train/images/nozzle_no_extrusion_0827.jpg,train/labels/nozzle_no_extrusion_0827.txt,164141,38,5ff74796fbb6bf6aad8f272521a2bdef57d3c2d15d039ce162473868828f5e22,00815e80bd7f5f124143afee78d123ecc7a1caff370ef0a238f9f323b7ea6472,1,1
dataset_2_binary_clean_v2,train,train/images/nozzle_no_extrusion_0828.jpg,train/labels/nozzle_no_extrusion_0828.txt,160621,38,c9d9dd649ff31666194f84202e60cfee43e408fa6fc48dc3467860eabef18100,00815e80bd7f5f124143afee78d123ecc7a1caff370ef0a238f9f323b7ea6472,1,1
dataset_2_binary_clean_v2,train,train/images/nozzle_no_extrusion_0829.jpg,train/labels/nozzle_no_extrusion_0829.txt,158533,38,fafb4c736ee12dadb02a35b8c8f474dd0e8d7b8c3ad9fa991c7bb221325d43ec,00815e80bd7f5f124143afee78d123ecc7a1caff370ef0a238f9f323b7ea6472,1,1
dataset_2_binary_clean_v2,train,train/images/nozzle_no_extrusion_0830.jpg,train/labels/nozzle_no_extrusion_0830.txt,157316,38,3b56602a6c112bd90dca3de5a1d0fc939aeeb10c488d2c79336ea873c6a1b8c6,00815e80bd7f5f124143afee78d123ecc7a1caff370ef0a238f9f323b7ea6472,1,1
dataset_2_binary_clean_v2,train,train/images/nozzle_no_extrusion_0831.jpg,train/labels/nozzle_no_extrusion_0831.txt,158639,38,37022ae031f0637f42be12f6303f767f34dc92d39847ff108d5dc5613263945b,00815e80bd7f5f124143afee78d123ecc7a1caff370ef0a238f9f323b7ea6472,1,1
dataset_2_binary_clean_v2,train,train/images/nozzle_no_extrusion_0835.jpg,train/labels/nozzle_no_extrusion_0835.txt,113726,38,3117df5843b45b3019885e5be41878db7b662fa94d6d6aa5f91765568f047bc4,00815e80bd7f5f124143afee78d123ecc7a1caff370ef0a238f9f323b7ea6472,1,1
dataset_2_binary_clean_v2,train,train/images/nozzle_no_extrusion_0837.jpg,train/labels/nozzle_no_extrusion_0837.txt,167151,38,100980f5c8a910f6da93fdb6398545987a764d5604efe7fbeac862f5905e4e7f,00815e80bd7f5f124143afee78d123ecc7a1caff370ef0a238f9f323b7ea6472,1,1
dataset_2_binary_clean_v2,train,train/images/nozzle_no_extrusion_0839.jpg,train/labels/nozzle_no_extrusion_0839.txt,164746,38,c77b7f66a2a354247c07a79bb0619bdfe6b1b62319c8447ad8865f5a806bf605,00815e80bd7f5f124143afee78d123ecc7a1caff370ef0a238f9f323b7ea6472,1,1
dataset_2_binary_clean_v2,train,train/images/nozzle_no_extrusion_0841.jpg,train/labels/nozzle_no_extrusion_0841.txt,162607,38,aaccf14612eb87fa7bf263f68691ff90f50dbfd52ef52c7a73f5a4baabcdc244,00815e80bd7f5f124143afee78d123ecc7a1caff370ef0a238f9f323b7ea6472,1,1
dataset_2_binary_clean_v2,train,train/images/nozzle_no_extrusion_0842.jpg,train/labels/nozzle_no_extrusion_0842.txt,161473,38,c2d23e1f541c2a47ae4e60574363114b005d23947b9ea4a93265e5e868beff5b,00815e80bd7f5f124143afee78d123ecc7a1caff370ef0a238f9f323b7ea6472,1,1
dataset_2_binary_clean_v2,train,train/images/nozzle_no_extrusion_0844.jpg,train/labels/nozzle_no_extrusion_0844.txt,161161,38,1c7e2360f4ea39f5b5b17056dea25cef457ef826c12f78df184b4e500483e824,00815e80bd7f5f124143afee78d123ecc7a1caff370ef0a238f9f323b7ea6472,1,1
dataset_2_binary_clean_v2,train,train/images/nozzle_no_extrusion_0846.jpg,train/labels/nozzle_no_extrusion_0846.txt,161816,38,c81f81cb1b68680665383707a7b4c59231e8981ae7c7e795c1080b4a87947c1a,00815e80bd7f5f124143afee78d123ecc7a1caff370ef0a238f9f323b7ea6472,1,1
dataset_2_binary_clean_v2,train,train/images/nozzle_no_extrusion_0848.jpg,train/labels/nozzle_no_extrusion_0848.txt,168969,38,1c93125988fc4a860fb0248f4e1a1411a1b9c6a88cbbce762324e9b023193d38,00815e80bd7f5f124143afee78d123ecc7a1caff370ef0a238f9f323b7ea6472,1,1
dataset_2_binary_clean_v2,train,train/images/nozzle_no_extrusion_0849.jpg,train/labels/nozzle_no_extrusion_0849.txt,165499,38,071e1e6eb569d3feaf00b188621838b92d9c20645722749e4d48265f20b534d3,00815e80bd7f5f124143afee78d123ecc7a1caff370ef0a238f9f323b7ea6472,1,1
dataset_2_binary_clean_v2,train,train/images/nozzle_no_extrusion_0851.jpg,train/labels/nozzle_no_extrusion_0851.txt,163856,38,bf0e0bdb66ac41dfcc127798fadc4edd03d7f1651b6a49ff0aa1c62792d334cd,00815e80bd7f5f124143afee78d123ecc7a1caff370ef0a238f9f323b7ea6472,1,1
dataset_2_binary_clean_v2,train,train/images/nozzle_no_extrusion_0853.jpg,train/labels/nozzle_no_extrusion_0853.txt,169419,38,defeb2fee83178cea03db3b9a821d877d4b4886340ccad57f9ab2641b73f7d03,00815e80bd7f5f124143afee78d123ecc7a1caff370ef0a238f9f323b7ea6472,1,1
dataset_2_binary_clean_v2,train,train/images/nozzle_no_extrusion_0855.jpg,train/labels/nozzle_no_extrusion_0855.txt,162985,38,c4d8ec5e8c636b60f53782d0ba2a8ec18b4441dd786ab387a1863f159a85aa36,00815e80bd7f5f124143afee78d123ecc7a1caff370ef0a238f9f323b7ea6472,1,1
dataset_2_binary_clean_v2,train,train/images/nozzle_no_extrusion_0856.jpg,train/labels/nozzle_no_extrusion_0856.txt,167722,38,60c332a4eb6c26e74a8d7c039d544d3eab9d3fc11dcdd87d60e135144a4cad2d,00815e80bd7f5f124143afee78d123ecc7a1caff370ef0a238f9f323b7ea6472,1,1
dataset_2_binary_clean_v2,train,train/images/nozzle_no_extrusion_0857.jpg,train/labels/nozzle_no_extrusion_0857.txt,161726,38,b8c0ff7fc13428d4cf7a7ee8fbe456ea9d426970fe5fb38e8a3cb91a508ec0a1,00815e80bd7f5f124143afee78d123ecc7a1caff370ef0a238f9f323b7ea6472,1,1
dataset_2_binary_clean_v2,train,train/images/nozzle_no_extrusion_0858.jpg,train/labels/nozzle_no_extrusion_0858.txt,166243,38,1827b1335716eb5401f85222371053fc0d0cfcf7023c3d627b2bae33f4bbf01b,00815e80bd7f5f124143afee78d123ecc7a1caff370ef0a238f9f323b7ea6472,1,1
dataset_2_binary_clean_v2,train,train/images/nozzle_no_extrusion_0859.jpg,train/labels/nozzle_no_extrusion_0859.txt,151636,38,801f94725c2a115d7e700c93c45d01e4df1d683916f058f8a294fd9eaa422775,00815e80bd7f5f124143afee78d123ecc7a1caff370ef0a238f9f323b7ea6472,1,1
dataset_2_binary_clean_v2,train,train/images/nozzle_no_extrusion_0860.jpg,train/labels/nozzle_no_extrusion_0860.txt,169344,38,ace6058209f1a2e37cc377b37b393bde3c12d7ccffcdc02a816af8bb634a4554,00815e80bd7f5f124143afee78d123ecc7a1caff370ef0a238f9f323b7ea6472,1,1
dataset_2_binary_clean_v2,train,train/images/nozzle_no_extrusion_0861.jpg,train/labels/nozzle_no_extrusion_0861.txt,167709,38,d07ebd68c140713b2cf7d2ade3f3161a9e34bd9bc641846fa44a7079d734b769,00815e80bd7f5f124143afee78d123ecc7a1caff370ef0a238f9f323b7ea6472,1,1
dataset_2_binary_clean_v2,train,train/images/nozzle_no_extrusion_0864.jpg,train/labels/nozzle_no_extrusion_0864.txt,165458,38,ec92a1abb801ca1a1c29ad54be2f830d527fe5acd20389d4558d8a26af32268a,00815e80bd7f5f124143afee78d123ecc7a1caff370ef0a238f9f323b7ea6472,1,1
dataset_2_binary_clean_v2,train,train/images/nozzle_no_extrusion_0867.jpg,train/labels/nozzle_no_extrusion_0867.txt,141008,38,b1ac734b670c9b5b4385bf08393f2e0fa8198a16025041adc5de574efe4f576f,00815e80bd7f5f124143afee78d123ecc7a1caff370ef0a238f9f323b7ea6472,1,1
dataset_2_binary_clean_v2,train,train/images/nozzle_no_extrusion_0870.jpg,train/labels/nozzle_no_extrusion_0870.txt,164796,38,8547a2751250fdfb521532376ee8afa67b56eb05b650debb07c7ef2f9363abee,00815e80bd7f5f124143afee78d123ecc7a1caff370ef0a238f9f323b7ea6472,1,1
dataset_2_binary_clean_v2,train,train/images/nozzle_no_extrusion_0871.jpg,train/labels/nozzle_no_extrusion_0871.txt,170092,38,fa922223a4a4a22c500f5a1d1a4ed86d587b026a7b1f788bceb765827a904720,00815e80bd7f5f124143afee78d123ecc7a1caff370ef0a238f9f323b7ea6472,1,1
dataset_2_binary_clean_v2,train,train/images/nozzle_no_extrusion_0872.jpg,train/labels/nozzle_no_extrusion_0872.txt,122338,38,87a011e5c602da270a28238bd18fbc00ef4b08ab54b900f71bec9263b6092d76,00815e80bd7f5f124143afee78d123ecc7a1caff370ef0a238f9f323b7ea6472,1,1
dataset_2_binary_clean_v2,train,train/images/nozzle_no_extrusion_0873.jpg,train/labels/nozzle_no_extrusion_0873.txt,168766,38,fe11993a689dde561888ebed862310a4d069129b58f32f54aaed5f94ed3cef39,00815e80bd7f5f124143afee78d123ecc7a1caff370ef0a238f9f323b7ea6472,1,1
dataset_2_binary_clean_v2,train,train/images/nozzle_no_extrusion_0876.jpg,train/labels/nozzle_no_extrusion_0876.txt,165462,38,9e8af9c8df90dca03185a0b5e3aa941604bfc5dbc5cc9fe6ab0bd5f65a3f12de,00815e80bd7f5f124143afee78d123ecc7a1caff370ef0a238f9f323b7ea6472,1,1
dataset_2_binary_clean_v2,train,train/images/nozzle_no_extrusion_0878.jpg,train/labels/nozzle_no_extrusion_0878.txt,166569,38,c922e61d06411b921bc8da785f687a27c2556e4df023e6568b27b646a7e40ccb,00815e80bd7f5f124143afee78d123ecc7a1caff370ef0a238f9f323b7ea6472,1,1
dataset_2_binary_clean_v2,train,train/images/nozzle_no_extrusion_0880.jpg,train/labels/nozzle_no_extrusion_0880.txt,164783,38,754552a58a3e56134ff8e00b53777b0c8eb33c5b1005c7d84a02237c5e2b6163,00815e80bd7f5f124143afee78d123ecc7a1caff370ef0a238f9f323b7ea6472,1,1
dataset_2_binary_clean_v2,train,train/images/nozzle_no_extrusion_0883.jpg,train/labels/nozzle_no_extrusion_0883.txt,167517,38,31de2eb6274cdc7afbf9de4f99221072ae00d5441dbb3147f542f57c62558db4,00815e80bd7f5f124143afee78d123ecc7a1caff370ef0a238f9f323b7ea6472,1,1
dataset_2_binary_clean_v2,train,train/images/nozzle_no_extrusion_0884.jpg,train/labels/nozzle_no_extrusion_0884.txt,169520,38,b4312b0cd62a023812013be961dcee8d6b5677529845e8998ea8f67414d0dff9,00815e80bd7f5f124143afee78d123ecc7a1caff370ef0a238f9f323b7ea6472,1,1
dataset_2_binary_clean_v2,train,train/images/nozzle_no_extrusion_0885.jpg,train/labels/nozzle_no_extrusion_0885.txt,174142,38,8fc2d293201c4e56bcd531359d9628dbbe2250e1d7cc5948eb1c557b698a56dc,00815e80bd7f5f124143afee78d123ecc7a1caff370ef0a238f9f323b7ea6472,1,1
dataset_2_binary_clean_v2,train,train/images/nozzle_no_extrusion_0886.jpg,train/labels/nozzle_no_extrusion_0886.txt,119370,38,31145d76f74266d248e4260a973f0ff20495d2dee7aacdcb1c3145e477479e85,00815e80bd7f5f124143afee78d123ecc7a1caff370ef0a238f9f323b7ea6472,1,1
dataset_2_binary_clean_v2,train,train/images/nozzle_no_extrusion_0887.jpg,train/labels/nozzle_no_extrusion_0887.txt,166694,38,3a63f68403725fc63130f240fff487d6fcf6d2f4ed332d810ddcd3e8e0db6c4b,00815e80bd7f5f124143afee78d123ecc7a1caff370ef0a238f9f323b7ea6472,1,1
dataset_2_binary_clean_v2,train,train/images/nozzle_no_extrusion_0888.jpg,train/labels/nozzle_no_extrusion_0888.txt,162889,38,67ebadd4a5ee98347712226d6a85ee095d1c0ca06ef28d27a74b3a8181995ca3,00815e80bd7f5f124143afee78d123ecc7a1caff370ef0a238f9f323b7ea6472,1,1
dataset_2_binary_clean_v2,train,train/images/nozzle_no_extrusion_0889.jpg,train/labels/nozzle_no_extrusion_0889.txt,163467,38,77caaf1089679c1f02daeda5a3540847d4f59f17e09c4ff4b9c7093d170a0ebf,00815e80bd7f5f124143afee78d123ecc7a1caff370ef0a238f9f323b7ea6472,1,1
dataset_2_binary_clean_v2,train,train/images/nozzle_no_extrusion_0890.jpg,train/labels/nozzle_no_extrusion_0890.txt,159132,38,65d332cc444ae264ee938556951a2890534bf80ae592cc2b802bbd6b25dc7518,00815e80bd7f5f124143afee78d123ecc7a1caff370ef0a238f9f323b7ea6472,1,1
dataset_2_binary_clean_v2,train,train/images/nozzle_no_extrusion_0891.jpg,train/labels/nozzle_no_extrusion_0891.txt,159988,38,92eda012f3c86fcdcae501983898ddc9afe8934e18736933652be49e3530ef0f,00815e80bd7f5f124143afee78d123ecc7a1caff370ef0a238f9f323b7ea6472,1,1
dataset_2_binary_clean_v2,train,train/images/nozzle_no_extrusion_0892.jpg,train/labels/nozzle_no_extrusion_0892.txt,133496,38,777232859f5774f49c854e225c850af70536e9bedda95cf6aa68a9f019d04bf7,00815e80bd7f5f124143afee78d123ecc7a1caff370ef0a238f9f323b7ea6472,1,1
dataset_2_binary_clean_v2,train,train/images/nozzle_no_extrusion_0893.jpg,train/labels/nozzle_no_extrusion_0893.txt,162850,38,ce88106df3f8af43777624a1ff973e8cbe8b004360e5c3929dafcee51575223e,00815e80bd7f5f124143afee78d123ecc7a1caff370ef0a238f9f323b7ea6472,1,1
dataset_2_binary_clean_v2,train,train/images/nozzle_no_extrusion_0897.jpg,train/labels/nozzle_no_extrusion_0897.txt,170436,38,7a61c2fc6946a15244030afea3e2649c8a404a3ffcf2a3970a4e5c4fc0e3ee1e,00815e80bd7f5f124143afee78d123ecc7a1caff370ef0a238f9f323b7ea6472,1,1
dataset_2_binary_clean_v2,train,train/images/nozzle_no_extrusion_0904.jpg,train/labels/nozzle_no_extrusion_0904.txt,162268,38,d6e3de1d419bd8122ba31461804ef2581f38b10bdf17a9195475fb62aeed7672,00815e80bd7f5f124143afee78d123ecc7a1caff370ef0a238f9f323b7ea6472,1,1
dataset_2_binary_clean_v2,train,train/images/nozzle_no_extrusion_0905.jpg,train/labels/nozzle_no_extrusion_0905.txt,162902,38,6c7cd1c45859091ba713f6188dd66684a17bfcb044d167b683e265888f07beb2,00815e80bd7f5f124143afee78d123ecc7a1caff370ef0a238f9f323b7ea6472,1,1
dataset_2_binary_clean_v2,train,train/images/nozzle_no_extrusion_0906.jpg,train/labels/nozzle_no_extrusion_0906.txt,163834,38,2c7c7771d763dc922eb85c7dc6a1045a66286adf3b6af86c00c75a460b369c72,00815e80bd7f5f124143afee78d123ecc7a1caff370ef0a238f9f323b7ea6472,1,1
dataset_2_binary_clean_v2,train,train/images/nozzle_no_extrusion_0907.jpg,train/labels/nozzle_no_extrusion_0907.txt,162654,38,20f0e7ac022a7415a151fd6165a18e28acda49dc09d2fd20315b25fa596b82ab,00815e80bd7f5f124143afee78d123ecc7a1caff370ef0a238f9f323b7ea6472,1,1
dataset_2_binary_clean_v2,train,train/images/nozzle_no_extrusion_0908.jpg,train/labels/nozzle_no_extrusion_0908.txt,139316,38,959d73a6f7aa2b423fc3dc8aeec72dac051988ba7fdee991c46b567e90cbeaab,00815e80bd7f5f124143afee78d123ecc7a1caff370ef0a238f9f323b7ea6472,1,1
dataset_2_binary_clean_v2,train,train/images/nozzle_no_extrusion_0909.jpg,train/labels/nozzle_no_extrusion_0909.txt,169266,38,01e268f8004b32e3cf572dfcacf639281ba0e107a759f7d708177a6de95f6112,00815e80bd7f5f124143afee78d123ecc7a1caff370ef0a238f9f323b7ea6472,1,1
dataset_2_binary_clean_v2,train,train/images/nozzle_no_extrusion_0910.jpg,train/labels/nozzle_no_extrusion_0910.txt,163391,38,aa9e7d948a6e820b37f0c32507326b9ff7cd137cc50fcb2cc5875b4c694bd8fa,00815e80bd7f5f124143afee78d123ecc7a1caff370ef0a238f9f323b7ea6472,1,1
dataset_2_binary_clean_v2,train,train/images/nozzle_no_extrusion_0911.jpg,train/labels/nozzle_no_extrusion_0911.txt,161819,38,2cf5b942dfe4c663f4476665527d6a6157d51d1400b199b53763f49bd444fad3,00815e80bd7f5f124143afee78d123ecc7a1caff370ef0a238f9f323b7ea6472,1,1
dataset_2_binary_clean_v2,train,train/images/nozzle_no_extrusion_0913.jpg,train/labels/nozzle_no_extrusion_0913.txt,103154,38,74c239b05fd4dea12d0ce500a61ae8d34f645b501f1f7f2ef7f06266e5383a13,00815e80bd7f5f124143afee78d123ecc7a1caff370ef0a238f9f323b7ea6472,1,1
dataset_2_binary_clean_v2,train,train/images/nozzle_no_extrusion_0914.jpg,train/labels/nozzle_no_extrusion_0914.txt,114144,38,2aa185080b794ece5ad9888cd091da3d8e4aeaab133d9b94ee5669c0c4081ed6,00815e80bd7f5f124143afee78d123ecc7a1caff370ef0a238f9f323b7ea6472,1,1
dataset_2_binary_clean_v2,train,train/images/nozzle_slight_contamination_0001.jpg,train/labels/nozzle_slight_contamination_0001.txt,134415,38,c52e47537b8fdf7115a92743abfc8a22a4ed87cf012bbe9afcfc44ee0f875415,623012c01d15ca6f44e65353e08c4d94f3f46b2606f0eb0e5392be0db3e5f4cb,1,1
dataset_2_binary_clean_v2,train,train/images/nozzle_slight_contamination_0005.jpg,train/labels/nozzle_slight_contamination_0005.txt,129648,38,32f4aff775624993355bba78cc5094c5a70d1105fe6d84093e92fa963c830813,631fe78b78e8ec6ab7843f6beb57a57106c22cc0336253acbd797f930458a2e9,1,1
dataset_2_binary_clean_v2,train,train/images/nozzle_slight_contamination_0006.jpg,train/labels/nozzle_slight_contamination_0006.txt,129312,38,bb1a5a1eacdff3eab365a44a31e25c76c441d9f20cbd8f3d513f30aa2c8fdb53,7f9eb0f95de9972485346ac3d76c80bcfed031300a03eb68fc801870cffff170,1,1
dataset_2_binary_clean_v2,train,train/images/nozzle_slight_contamination_0007.jpg,train/labels/nozzle_slight_contamination_0007.txt,87732,38,97a8cc1c9c12b6384380a454bd5a4d89d31e54a3de9ffd7ebca468570366504f,b0200285b5d16ca8364509bda5e49e46370b35822792af7e210a098adf35cc7d,1,1
dataset_2_binary_clean_v2,train,train/images/nozzle_tip_wrapped_0001.jpg,train/labels/nozzle_tip_wrapped_0001.txt,125969,38,a3d40c7b9967bdaa5f229454871f7409d8984fbdec72f7b3f8aa798537e71a35,40035ed5a20aa08e7ec06d161bdcbcc78df92f4882ca9194e959530ae3752c43,1,0
dataset_2_binary_clean_v2,train,train/images/nozzle_tip_wrapped_0002.jpg,train/labels/nozzle_tip_wrapped_0002.txt,131447,38,3d80e3bfed18fb650c23f89ef4e9b48a94b0cab3c7225e642c340950530040b0,40035ed5a20aa08e7ec06d161bdcbcc78df92f4882ca9194e959530ae3752c43,1,0
dataset_2_binary_clean_v2,train,train/images/nozzle_tip_wrapped_0004.jpg,train/labels/nozzle_tip_wrapped_0004.txt,126203,38,467ec81005196f261097840d4776ab9e817c51b09eef5446ba17dac5ce244f16,40035ed5a20aa08e7ec06d161bdcbcc78df92f4882ca9194e959530ae3752c43,1,0
dataset_2_binary_clean_v2,train,train/images/nozzle_tip_wrapped_0005.jpg,train/labels/nozzle_tip_wrapped_0005.txt,124031,38,712d759724c2539ee29d5969e10dee735be17285e9cd6688b06033c1dee0d7ba,40035ed5a20aa08e7ec06d161bdcbcc78df92f4882ca9194e959530ae3752c43,1,0
dataset_2_binary_clean_v2,train,train/images/nozzle_tip_wrapped_0006.jpg,train/labels/nozzle_tip_wrapped_0006.txt,124409,38,9eecbc25132e672d6c7b6a273b03b96b1cc032e06c40cf09ba01d23a01412dc1,40035ed5a20aa08e7ec06d161bdcbcc78df92f4882ca9194e959530ae3752c43,1,0
dataset_2_binary_clean_v2,train,train/images/nozzle_tip_wrapped_0007.jpg,train/labels/nozzle_tip_wrapped_0007.txt,123555,38,6e665919a2e8167252f02912d6475f303c9b171a1f53baa191e245abbfd26665,40035ed5a20aa08e7ec06d161bdcbcc78df92f4882ca9194e959530ae3752c43,1,0
dataset_2_binary_clean_v2,train,train/images/nozzle_tip_wrapped_0009.jpg,train/labels/nozzle_tip_wrapped_0009.txt,124499,38,6090250a85ccd43e82bbd5377600a8c5f0d92b3e3e466d758c3ee68cf34cae6a,40035ed5a20aa08e7ec06d161bdcbcc78df92f4882ca9194e959530ae3752c43,1,0
dataset_2_binary_clean_v2,train,train/images/nozzle_tip_wrapped_0010.jpg,train/labels/nozzle_tip_wrapped_0010.txt,103496,38,d1a2690bdb8e69e29c468b2a263870c8c41e7f831df7dbf076b208769bf445c7,40035ed5a20aa08e7ec06d161bdcbcc78df92f4882ca9194e959530ae3752c43,1,0
dataset_2_binary_clean_v2,train,train/images/nozzle_tip_wrapped_0011.jpg,train/labels/nozzle_tip_wrapped_0011.txt,125891,38,be6eb1c5f45430361e951c2853067d2421ea9e036f879a9f1c8ada10fce342ce,40035ed5a20aa08e7ec06d161bdcbcc78df92f4882ca9194e959530ae3752c43,1,0
dataset_2_binary_clean_v2,train,train/images/nozzle_tip_wrapped_0014.jpg,train/labels/nozzle_tip_wrapped_0014.txt,124905,38,3729e396d0666cbd2232aa82b53a6e099475b72ab2d875d7ba0547351729c44f,40035ed5a20aa08e7ec06d161bdcbcc78df92f4882ca9194e959530ae3752c43,1,0
dataset_2_binary_clean_v2,train,train/images/nozzle_tip_wrapped_0015.jpg,train/labels/nozzle_tip_wrapped_0015.txt,110251,38,c804fec47b4224fea5b0353c0f0c74940249076df53dcae689404ae0d6346e96,40035ed5a20aa08e7ec06d161bdcbcc78df92f4882ca9194e959530ae3752c43,1,0
dataset_2_binary_clean_v2,train,train/images/nozzle_tip_wrapped_0018.jpg,train/labels/nozzle_tip_wrapped_0018.txt,133039,38,65cfb53ecc59d1d94f9c52ca6607304f8900294ed5d3f4fe1d092a41eb82a011,40035ed5a20aa08e7ec06d161bdcbcc78df92f4882ca9194e959530ae3752c43,1,0
dataset_2_binary_clean_v2,train,train/images/nozzle_tip_wrapped_0021.jpg,train/labels/nozzle_tip_wrapped_0021.txt,138018,38,cdca1b8e5ca418cfa397eaf8bce31d0c10e6c82e35233ada4dee1e94a1cbc356,40035ed5a20aa08e7ec06d161bdcbcc78df92f4882ca9194e959530ae3752c43,1,0
dataset_2_binary_clean_v2,train,train/images/nozzle_tip_wrapped_0022.jpg,train/labels/nozzle_tip_wrapped_0022.txt,139005,38,c872069d41e0558d5de70b47ce238ee0c6d63e5120a35fc097d65b6ba112b84c,40035ed5a20aa08e7ec06d161bdcbcc78df92f4882ca9194e959530ae3752c43,1,0
dataset_2_binary_clean_v2,train,train/images/nozzle_tip_wrapped_0025.jpg,train/labels/nozzle_tip_wrapped_0025.txt,132186,38,247e5acf7e0bffdbdbe3ba0f36e9c965042914ceba0e6ad774301901507f959b,40035ed5a20aa08e7ec06d161bdcbcc78df92f4882ca9194e959530ae3752c43,1,0
dataset_2_binary_clean_v2,train,train/images/nozzle_tip_wrapped_0027.jpg,train/labels/nozzle_tip_wrapped_0027.txt,134933,38,4b5414a34e1fbf3832091ffd32de902b121262011e7a1baff4b216942d29d3f8,40035ed5a20aa08e7ec06d161bdcbcc78df92f4882ca9194e959530ae3752c43,1,0
dataset_2_binary_clean_v2,train,train/images/nozzle_tip_wrapped_0030.jpg,train/labels/nozzle_tip_wrapped_0030.txt,133315,38,2a02dc486a63039ee4ad670caa9339f4b8411f5484ac4c7461197b5409a0bc43,40035ed5a20aa08e7ec06d161bdcbcc78df92f4882ca9194e959530ae3752c43,1,0
dataset_2_binary_clean_v2,train,train/images/nozzle_tip_wrapped_0031.jpg,train/labels/nozzle_tip_wrapped_0031.txt,134083,38,1a31b03a90ab9c7071ecb82dbd3a763a244ffccb53ed621715ddb64bf6c0790e,40035ed5a20aa08e7ec06d161bdcbcc78df92f4882ca9194e959530ae3752c43,1,0
dataset_2_binary_clean_v2,train,train/images/nozzle_tip_wrapped_0032.jpg,train/labels/nozzle_tip_wrapped_0032.txt,132186,38,3145016ec82fc07c4a025d404ee65feec37a768f32ecbf8892deb30b27d4877b,40035ed5a20aa08e7ec06d161bdcbcc78df92f4882ca9194e959530ae3752c43,1,0
dataset_2_binary_clean_v2,train,train/images/nozzle_tip_wrapped_0033.jpg,train/labels/nozzle_tip_wrapped_0033.txt,134928,38,02ffbd0a78c4325b5faf70271038251c72169e84381ab50b365271e58f17e9cc,40035ed5a20aa08e7ec06d161bdcbcc78df92f4882ca9194e959530ae3752c43,1,0
dataset_2_binary_clean_v2,train,train/images/nozzle_tip_wrapped_0034.jpg,train/labels/nozzle_tip_wrapped_0034.txt,128380,38,6c354a7eded6dfac32d4d3e73f5ed3e3f194d5be13b8a88937fa8d2224f4d36b,40035ed5a20aa08e7ec06d161bdcbcc78df92f4882ca9194e959530ae3752c43,1,0
dataset_2_binary_clean_v2,train,train/images/nozzle_tip_wrapped_0035.jpg,train/labels/nozzle_tip_wrapped_0035.txt,126636,38,07a694e755e072b04cd07dd59f5b4bd9b07317fb83016b52cfce1c271390edae,40035ed5a20aa08e7ec06d161bdcbcc78df92f4882ca9194e959530ae3752c43,1,0
dataset_2_binary_clean_v2,train,train/images/nozzle_tip_wrapped_0036.jpg,train/labels/nozzle_tip_wrapped_0036.txt,142726,38,03db3419f1573d0113595c7ec0019947d2319674a5c62e08277b2001fc2835e4,40035ed5a20aa08e7ec06d161bdcbcc78df92f4882ca9194e959530ae3752c43,1,0
dataset_2_binary_clean_v2,train,train/images/nozzle_tip_wrapped_0039.jpg,train/labels/nozzle_tip_wrapped_0039.txt,120674,38,b54f49cd732dc127cff46ec3e17485ba207891a17651d0eeac29e239b03a12be,40035ed5a20aa08e7ec06d161bdcbcc78df92f4882ca9194e959530ae3752c43,1,0
dataset_2_binary_clean_v2,train,train/images/nozzle_tip_wrapped_0040.jpg,train/labels/nozzle_tip_wrapped_0040.txt,138923,38,f18c515e7f842aa1a73c40e797bbf2a5890fdadb5f204b82dccaeabae35e6ccd,40035ed5a20aa08e7ec06d161bdcbcc78df92f4882ca9194e959530ae3752c43,1,0
dataset_2_binary_clean_v2,train,train/images/nozzle_tip_wrapped_0041.jpg,train/labels/nozzle_tip_wrapped_0041.txt,137285,38,ae41097b879ddd30f82a5f69ef1b3fe181b9af13963ca27ab0c068850d1c9b8f,40035ed5a20aa08e7ec06d161bdcbcc78df92f4882ca9194e959530ae3752c43,1,0
dataset_2_binary_clean_v2,train,train/images/nozzle_tip_wrapped_0043.jpg,train/labels/nozzle_tip_wrapped_0043.txt,147854,38,a8abff9a6ab9fd2d244050b89aa1a6c52e9eb7550f55420487f004abf2c5fb90,40035ed5a20aa08e7ec06d161bdcbcc78df92f4882ca9194e959530ae3752c43,1,0
dataset_2_binary_clean_v2,train,train/images/nozzle_tip_wrapped_0044.jpg,train/labels/nozzle_tip_wrapped_0044.txt,138364,38,72d156e373610c88611b3430c553c52dad1f825af75ef921fe0f735e54ead850,40035ed5a20aa08e7ec06d161bdcbcc78df92f4882ca9194e959530ae3752c43,1,0
dataset_2_binary_clean_v2,train,train/images/nozzle_tip_wrapped_0045.jpg,train/labels/nozzle_tip_wrapped_0045.txt,144057,38,fefcfa197879460616b4aca51a50ed1286be16049c3b63753a6411c058f4c0aa,40035ed5a20aa08e7ec06d161bdcbcc78df92f4882ca9194e959530ae3752c43,1,0
dataset_2_binary_clean_v2,train,train/images/nozzle_tip_wrapped_0046.jpg,train/labels/nozzle_tip_wrapped_0046.txt,145254,38,6513045562953e91bfd4a161237e711940623fe847b39b2648471651644e48ed,40035ed5a20aa08e7ec06d161bdcbcc78df92f4882ca9194e959530ae3752c43,1,0
dataset_2_binary_clean_v2,train,train/images/nozzle_tip_wrapped_0047.jpg,train/labels/nozzle_tip_wrapped_0047.txt,148771,38,c4c7589cd9f61c647192c120bf870f54d1266edbb7546c78c541258f5c7dad57,40035ed5a20aa08e7ec06d161bdcbcc78df92f4882ca9194e959530ae3752c43,1,0
dataset_2_binary_clean_v2,train,train/images/nozzle_tip_wrapped_0048.jpg,train/labels/nozzle_tip_wrapped_0048.txt,150982,38,c738e11c39af93beeb8e1595c9962790c9a8caecaf321dfde9eb0d6981eea6d3,40035ed5a20aa08e7ec06d161bdcbcc78df92f4882ca9194e959530ae3752c43,1,0
dataset_2_binary_clean_v2,train,train/images/nozzle_tip_wrapped_0049.jpg,train/labels/nozzle_tip_wrapped_0049.txt,146804,38,fb9d6961788bf477002a2241700004cde7578921cae5bfadfe86fe94cc9846c6,40035ed5a20aa08e7ec06d161bdcbcc78df92f4882ca9194e959530ae3752c43,1,0
dataset_2_binary_clean_v2,train,train/images/nozzle_tip_wrapped_0050.jpg,train/labels/nozzle_tip_wrapped_0050.txt,148537,38,e1de25006a1e6ab2a5468c2483772fb4552705e584316fd0331186f4a4f3420e,40035ed5a20aa08e7ec06d161bdcbcc78df92f4882ca9194e959530ae3752c43,1,0
dataset_2_binary_clean_v2,train,train/images/nozzle_tip_wrapped_0051.jpg,train/labels/nozzle_tip_wrapped_0051.txt,142806,38,2d13f21e4b4add7efbb8640995118bae18544143584440f6357bbf7ba83a170c,40035ed5a20aa08e7ec06d161bdcbcc78df92f4882ca9194e959530ae3752c43,1,0
dataset_2_binary_clean_v2,train,train/images/nozzle_tip_wrapped_0052.jpg,train/labels/nozzle_tip_wrapped_0052.txt,147034,38,85011d068ca63b1cb94cadfac9c66f86f871df74edc41069e6135853d14e754e,40035ed5a20aa08e7ec06d161bdcbcc78df92f4882ca9194e959530ae3752c43,1,0
dataset_2_binary_clean_v2,train,train/images/nozzle_tip_wrapped_0053.jpg,train/labels/nozzle_tip_wrapped_0053.txt,142927,38,31a2c9fb75b4e3560c4699b1dec3065e84c5a580db419c97f6cd31a933953bec,40035ed5a20aa08e7ec06d161bdcbcc78df92f4882ca9194e959530ae3752c43,1,0
dataset_2_binary_clean_v2,train,train/images/nozzle_tip_wrapped_0054.jpg,train/labels/nozzle_tip_wrapped_0054.txt,143881,38,4d85b43e2735d123555b046255a6e16402483bfd1f39507ebf4c7881f4dbf3ab,40035ed5a20aa08e7ec06d161bdcbcc78df92f4882ca9194e959530ae3752c43,1,0
dataset_2_binary_clean_v2,train,train/images/nozzle_tip_wrapped_0055.jpg,train/labels/nozzle_tip_wrapped_0055.txt,122391,38,e938ceafe84fbcdc32ebb2196c32a7fe6ec2e5b575184b70468894c8798c80fb,40035ed5a20aa08e7ec06d161bdcbcc78df92f4882ca9194e959530ae3752c43,1,0
dataset_2_binary_clean_v2,train,train/images/nozzle_tip_wrapped_0056.jpg,train/labels/nozzle_tip_wrapped_0056.txt,140496,38,153fe8964c42719e8eb57d18792bcb831c58f7fbb77eb9f6879404d850afc5a3,40035ed5a20aa08e7ec06d161bdcbcc78df92f4882ca9194e959530ae3752c43,1,0
dataset_2_binary_clean_v2,train,train/images/nozzle_tip_wrapped_0057.jpg,train/labels/nozzle_tip_wrapped_0057.txt,137655,38,53b22dada573de1e55056c3214958375b74f9919ff8316cba37be9f3e2b2c48d,40035ed5a20aa08e7ec06d161bdcbcc78df92f4882ca9194e959530ae3752c43,1,0
dataset_2_binary_clean_v2,train,train/images/nozzle_tip_wrapped_0058.jpg,train/labels/nozzle_tip_wrapped_0058.txt,137581,38,46ba5f0d5dc005976c3cbe0bceefccf9b6865c1100e8707037f5bf0552f4fde0,40035ed5a20aa08e7ec06d161bdcbcc78df92f4882ca9194e959530ae3752c43,1,0
dataset_2_binary_clean_v2,train,train/images/nozzle_tip_wrapped_0059.jpg,train/labels/nozzle_tip_wrapped_0059.txt,136703,38,78788d6336b3189a71b7e482d4b96098c51b7ce3ec5e552e60246890e2be9660,40035ed5a20aa08e7ec06d161bdcbcc78df92f4882ca9194e959530ae3752c43,1,0
dataset_2_binary_clean_v2,train,train/images/nozzle_tip_wrapped_0060.jpg,train/labels/nozzle_tip_wrapped_0060.txt,130924,38,c1c74531f4cc3873180ff622c47c338436bc21fbe55df0d00ea934a99a547443,40035ed5a20aa08e7ec06d161bdcbcc78df92f4882ca9194e959530ae3752c43,1,0
dataset_2_binary_clean_v2,train,train/images/nozzle_tip_wrapped_0061.jpg,train/labels/nozzle_tip_wrapped_0061.txt,129666,38,118c0fd51e598b6633c8da0cd750e0d96b3db5ad44c7fd058a0524867c335c0b,40035ed5a20aa08e7ec06d161bdcbcc78df92f4882ca9194e959530ae3752c43,1,0
dataset_2_binary_clean_v2,train,train/images/nozzle_tip_wrapped_0063.jpg,train/labels/nozzle_tip_wrapped_0063.txt,132479,38,ebf176956e7551faaac744c64f58a32cc6e1affa38d7f3900cd2ae92210d9817,40035ed5a20aa08e7ec06d161bdcbcc78df92f4882ca9194e959530ae3752c43,1,0
dataset_2_binary_clean_v2,train,train/images/nozzle_tip_wrapped_0065.jpg,train/labels/nozzle_tip_wrapped_0065.txt,147889,38,09f2ae32a9307c433b97c3de8e0d6de2bf95dd39256421ef125773e5a2b0314e,40035ed5a20aa08e7ec06d161bdcbcc78df92f4882ca9194e959530ae3752c43,1,0
dataset_2_binary_clean_v2,train,train/images/nozzle_tip_wrapped_0066.jpg,train/labels/nozzle_tip_wrapped_0066.txt,127715,38,ca670cde4a6f8aa791772602ae62a009a236f22c2e504eaa8de1e716a3f87286,40035ed5a20aa08e7ec06d161bdcbcc78df92f4882ca9194e959530ae3752c43,1,0
dataset_2_binary_clean_v2,train,train/images/nozzle_tip_wrapped_0067.jpg,train/labels/nozzle_tip_wrapped_0067.txt,150811,38,80d22755f151184de46055c7187e461de9835c3a9a91cc9d8cb275e750b04b2e,40035ed5a20aa08e7ec06d161bdcbcc78df92f4882ca9194e959530ae3752c43,1,0
dataset_2_binary_clean_v2,train,train/images/nozzle_tip_wrapped_0068.jpg,train/labels/nozzle_tip_wrapped_0068.txt,150664,38,125fe26e102fbe9b3fbead9b8d9fed5b5d9449a50458c369710f3212f24b55a6,40035ed5a20aa08e7ec06d161bdcbcc78df92f4882ca9194e959530ae3752c43,1,0
dataset_2_binary_clean_v2,train,train/images/nozzle_tip_wrapped_0069.jpg,train/labels/nozzle_tip_wrapped_0069.txt,150279,38,2bf6b5e71caa59f72f7f7081427a402cc191d3c730e5e21e9c74a782a597846b,40035ed5a20aa08e7ec06d161bdcbcc78df92f4882ca9194e959530ae3752c43,1,0
dataset_2_binary_clean_v2,train,train/images/nozzle_tip_wrapped_0070.jpg,train/labels/nozzle_tip_wrapped_0070.txt,147518,38,7fbaaeed788aeb9659dca3bed2911bd3576284d2dac2895b414c6582b9d90235,40035ed5a20aa08e7ec06d161bdcbcc78df92f4882ca9194e959530ae3752c43,1,0
dataset_2_binary_clean_v2,train,train/images/nozzle_tip_wrapped_0071.jpg,train/labels/nozzle_tip_wrapped_0071.txt,149873,38,2beff24d68a4bf01b5f2cb3a74d4ea270d08f73ab23d264306b2f536dca6d1b2,40035ed5a20aa08e7ec06d161bdcbcc78df92f4882ca9194e959530ae3752c43,1,0
dataset_2_binary_clean_v2,train,train/images/nozzle_tip_wrapped_0072.jpg,train/labels/nozzle_tip_wrapped_0072.txt,150528,38,d4d9f5307851ab51332b9c1917636f54942a97573b4d99b7817ba519b5463508,40035ed5a20aa08e7ec06d161bdcbcc78df92f4882ca9194e959530ae3752c43,1,0
dataset_2_binary_clean_v2,train,train/images/nozzle_tip_wrapped_0073.jpg,train/labels/nozzle_tip_wrapped_0073.txt,151403,38,82bc259bed4e275a6e89856670589071b322a36d4af802ad7a875e1cc238ed7a,40035ed5a20aa08e7ec06d161bdcbcc78df92f4882ca9194e959530ae3752c43,1,0
dataset_2_binary_clean_v2,train,train/images/nozzle_tip_wrapped_0074.jpg,train/labels/nozzle_tip_wrapped_0074.txt,152529,38,d484b5bf398321b789b511eb6a3e92e864896d043a609773aef43902dc80bdf8,40035ed5a20aa08e7ec06d161bdcbcc78df92f4882ca9194e959530ae3752c43,1,0
dataset_2_binary_clean_v2,train,train/images/nozzle_tip_wrapped_0075.jpg,train/labels/nozzle_tip_wrapped_0075.txt,145662,38,85364de4a29869d2ba11b69218eb5d4e977c104eecc39fceadf17df65522f4d4,40035ed5a20aa08e7ec06d161bdcbcc78df92f4882ca9194e959530ae3752c43,1,0
dataset_2_binary_clean_v2,train,train/images/nozzle_tip_wrapped_0077.jpg,train/labels/nozzle_tip_wrapped_0077.txt,144188,38,dba5a732365c1264bd1de92f3cf5454a98a70780d33f69b07e2f7ea3cd41ae07,40035ed5a20aa08e7ec06d161bdcbcc78df92f4882ca9194e959530ae3752c43,1,0
dataset_2_binary_clean_v2,train,train/images/nozzle_tip_wrapped_0078.jpg,train/labels/nozzle_tip_wrapped_0078.txt,147077,38,c6763c5fac68ebab6041445f218bdf05ef1ce1dc92589cc89faca7ec1d58cc1b,40035ed5a20aa08e7ec06d161bdcbcc78df92f4882ca9194e959530ae3752c43,1,0
dataset_2_binary_clean_v2,train,train/images/nozzle_tip_wrapped_0079.jpg,train/labels/nozzle_tip_wrapped_0079.txt,151893,38,2cfb9d8be55029c31454f5c9c9938328dd30bb0ec9ab864b379ce6cd930d9194,40035ed5a20aa08e7ec06d161bdcbcc78df92f4882ca9194e959530ae3752c43,1,0
dataset_2_binary_clean_v2,train,train/images/nozzle_tip_wrapped_0080.jpg,train/labels/nozzle_tip_wrapped_0080.txt,149337,38,6991b3017578d490b6be139aa839890e5f232ed990be6ed02a6159abc2a6b131,40035ed5a20aa08e7ec06d161bdcbcc78df92f4882ca9194e959530ae3752c43,1,0
dataset_2_binary_clean_v2,train,train/images/nozzle_tip_wrapped_0081.jpg,train/labels/nozzle_tip_wrapped_0081.txt,152143,38,4bdba2cedb0a05fd2570636eb5eec499236b0fb35a27f71b905a4f7a7f919918,40035ed5a20aa08e7ec06d161bdcbcc78df92f4882ca9194e959530ae3752c43,1,0
dataset_2_binary_clean_v2,train,train/images/nozzle_tip_wrapped_0082.jpg,train/labels/nozzle_tip_wrapped_0082.txt,150436,38,4ac6b2822726e4d5a24f3e36e5fd9eefc0af6d058a5129125e12a99fd599c683,40035ed5a20aa08e7ec06d161bdcbcc78df92f4882ca9194e959530ae3752c43,1,0
dataset_2_binary_clean_v2,train,train/images/nozzle_tip_wrapped_0083.jpg,train/labels/nozzle_tip_wrapped_0083.txt,132482,38,064c3bb33caa5404c644a4046b7f9f625ee398514b4baddaae7441ee8b72ae70,40035ed5a20aa08e7ec06d161bdcbcc78df92f4882ca9194e959530ae3752c43,1,0
dataset_2_binary_clean_v2,train,train/images/nozzle_tip_wrapped_0084.jpg,train/labels/nozzle_tip_wrapped_0084.txt,152288,38,877b1be5dde73606c4f815329b3199bee012a1ceaa8f6ce240c26c10c5b03f7b,40035ed5a20aa08e7ec06d161bdcbcc78df92f4882ca9194e959530ae3752c43,1,0
dataset_2_binary_clean_v2,train,train/images/nozzle_tip_wrapped_0085.jpg,train/labels/nozzle_tip_wrapped_0085.txt,150916,38,edb901a4a58470991759f9a940f12999d5aa11a66130712b635802752e8198c3,40035ed5a20aa08e7ec06d161bdcbcc78df92f4882ca9194e959530ae3752c43,1,0
dataset_2_binary_clean_v2,train,train/images/nozzle_tip_wrapped_0086.jpg,train/labels/nozzle_tip_wrapped_0086.txt,151626,38,c7e0bc2d34a9f28be1a52a12973983e25658ad4044b20ae498a58cb12aba46a2,40035ed5a20aa08e7ec06d161bdcbcc78df92f4882ca9194e959530ae3752c43,1,0
dataset_2_binary_clean_v2,train,train/images/nozzle_tip_wrapped_0091.jpg,train/labels/nozzle_tip_wrapped_0091.txt,127708,38,173add0f6c934ec7deaf58d483041ddf3c645d7f03986c49400d66bee82568a1,40035ed5a20aa08e7ec06d161bdcbcc78df92f4882ca9194e959530ae3752c43,1,0
dataset_2_binary_clean_v2,train,train/images/nozzle_tip_wrapped_0092.jpg,train/labels/nozzle_tip_wrapped_0092.txt,144227,38,114984546fb6fdea3c44001673d14bafa40d6121d80e348a62c0a232e8f3b9e6,40035ed5a20aa08e7ec06d161bdcbcc78df92f4882ca9194e959530ae3752c43,1,0
dataset_2_binary_clean_v2,train,train/images/nozzle_tip_wrapped_0093.jpg,train/labels/nozzle_tip_wrapped_0093.txt,149681,38,b7504e1ea8e790610464cac3422f22f875984df8320d5e6ae2ef4626cbff78b6,40035ed5a20aa08e7ec06d161bdcbcc78df92f4882ca9194e959530ae3752c43,1,0
dataset_2_binary_clean_v2,train,train/images/nozzle_tip_wrapped_0094.jpg,train/labels/nozzle_tip_wrapped_0094.txt,150033,38,e3b613d4bf45b69afdb67b3241e57ba88e0f7572582bd4fdc1b94ef3661b39c2,40035ed5a20aa08e7ec06d161bdcbcc78df92f4882ca9194e959530ae3752c43,1,0
dataset_2_binary_clean_v2,train,train/images/nozzle_tip_wrapped_0095.jpg,train/labels/nozzle_tip_wrapped_0095.txt,145066,38,4f4dd91dde02a71f696ff1def010b9f39f084311d2414e5fe8fa37de62e4faca,40035ed5a20aa08e7ec06d161bdcbcc78df92f4882ca9194e959530ae3752c43,1,0
dataset_2_binary_clean_v2,train,train/images/nozzle_tip_wrapped_0096.jpg,train/labels/nozzle_tip_wrapped_0096.txt,152431,38,e399a335b09b9327d4c0b8e4386cedf9d764e52719de1d9d17f5933354e3d4f5,40035ed5a20aa08e7ec06d161bdcbcc78df92f4882ca9194e959530ae3752c43,1,0
dataset_2_binary_clean_v2,train,train/images/nozzle_tip_wrapped_0097.jpg,train/labels/nozzle_tip_wrapped_0097.txt,143818,38,faaf14121d498acc5c98a4b465eb8aa6bd44f434116c154cf5e5adb5f808cfdd,40035ed5a20aa08e7ec06d161bdcbcc78df92f4882ca9194e959530ae3752c43,1,0
dataset_2_binary_clean_v2,train,train/images/nozzle_tip_wrapped_0098.jpg,train/labels/nozzle_tip_wrapped_0098.txt,147710,38,c47a4c0f79630a9fb24edd060dcc8d8847aad17365cefec7526dae7a8706a26b,40035ed5a20aa08e7ec06d161bdcbcc78df92f4882ca9194e959530ae3752c43,1,0
dataset_2_binary_clean_v2,train,train/images/nozzle_tip_wrapped_0101.jpg,train/labels/nozzle_tip_wrapped_0101.txt,143497,38,0d43bf4f9a3128ef6c55013f4d6e67e7629e10a7c476a70e1bb443bcd9d31fb4,40035ed5a20aa08e7ec06d161bdcbcc78df92f4882ca9194e959530ae3752c43,1,0
dataset_2_binary_clean_v2,train,train/images/nozzle_tip_wrapped_0102.jpg,train/labels/nozzle_tip_wrapped_0102.txt,148626,38,2f5dae1054f2a6c37134bb60f0eba5aed01b6c883483936c506f785c16a11922,40035ed5a20aa08e7ec06d161bdcbcc78df92f4882ca9194e959530ae3752c43,1,0
dataset_2_binary_clean_v2,train,train/images/nozzle_tip_wrapped_0103.jpg,train/labels/nozzle_tip_wrapped_0103.txt,141645,38,fb9e338f2102449cc9c9b51203f5677ccf318cf4e552ba18af0a5b223bba55a5,40035ed5a20aa08e7ec06d161bdcbcc78df92f4882ca9194e959530ae3752c43,1,0
dataset_2_binary_clean_v2,train,train/images/nozzle_tip_wrapped_0104.jpg,train/labels/nozzle_tip_wrapped_0104.txt,146905,38,8ccefe75740f7f3845ceb26bdb46a80c5d1e2bb77a63863318ef1c924445b63b,40035ed5a20aa08e7ec06d161bdcbcc78df92f4882ca9194e959530ae3752c43,1,0
dataset_2_binary_clean_v2,train,train/images/nozzle_tip_wrapped_0105.jpg,train/labels/nozzle_tip_wrapped_0105.txt,144577,38,45759edfb2c1b8bd4589ea23880cc23fab0785b27e20593cc72b889da6ccce91,40035ed5a20aa08e7ec06d161bdcbcc78df92f4882ca9194e959530ae3752c43,1,0
dataset_2_binary_clean_v2,train,train/images/nozzle_tip_wrapped_0106.jpg,train/labels/nozzle_tip_wrapped_0106.txt,147436,38,10f6c4cdad37cc5cffeab0e388f401c9e541c5c19d32b27456acb620732587b6,40035ed5a20aa08e7ec06d161bdcbcc78df92f4882ca9194e959530ae3752c43,1,0
dataset_2_binary_clean_v2,train,train/images/nozzle_tip_wrapped_0107.jpg,train/labels/nozzle_tip_wrapped_0107.txt,144500,38,d9764647ab6f80b5afb787ddeb8551aa5228300d4223bdab2f2a6c1b49f89527,40035ed5a20aa08e7ec06d161bdcbcc78df92f4882ca9194e959530ae3752c43,1,0
dataset_2_binary_clean_v2,train,train/images/nozzle_tip_wrapped_0108.jpg,train/labels/nozzle_tip_wrapped_0108.txt,148331,38,b810b8197732a4378eedd201bcb12da821d49a7b7b995bbcd741057c14d44852,40035ed5a20aa08e7ec06d161bdcbcc78df92f4882ca9194e959530ae3752c43,1,0
dataset_2_binary_clean_v2,train,train/images/nozzle_tip_wrapped_0112.jpg,train/labels/nozzle_tip_wrapped_0112.txt,140411,38,0d3ba224011a69e25b216ddb1b8ad56fb8775bdf236e111e62041f0f2d031aed,40035ed5a20aa08e7ec06d161bdcbcc78df92f4882ca9194e959530ae3752c43,1,0
dataset_2_binary_clean_v2,train,train/images/nozzle_tip_wrapped_0114.jpg,train/labels/nozzle_tip_wrapped_0114.txt,136621,38,7e6bef914695e30234d327748056ad71073c783c4eaa5fc1e305353976d21a15,40035ed5a20aa08e7ec06d161bdcbcc78df92f4882ca9194e959530ae3752c43,1,0
dataset_2_binary_clean_v2,train,train/images/nozzle_tip_wrapped_0115.jpg,train/labels/nozzle_tip_wrapped_0115.txt,126009,38,346dcf03ff6d8179f0d4e54533782d6031a39aba481e885dec8550dadf173400,40035ed5a20aa08e7ec06d161bdcbcc78df92f4882ca9194e959530ae3752c43,1,0
dataset_2_binary_clean_v2,train,train/images/nozzle_tip_wrapped_0116.jpg,train/labels/nozzle_tip_wrapped_0116.txt,127553,38,3a83ac8c6e82a2a8784bb5dcf4ac1863c5f23a0e6fe27c332aced107bd01704d,40035ed5a20aa08e7ec06d161bdcbcc78df92f4882ca9194e959530ae3752c43,1,0
dataset_2_binary_clean_v2,train,train/images/nozzle_tip_wrapped_0118.jpg,train/labels/nozzle_tip_wrapped_0118.txt,111731,38,a1580afaa9d30b913b5c375cd8bc813a802d13c235d78fcf2f6be25c5e4adb27,40035ed5a20aa08e7ec06d161bdcbcc78df92f4882ca9194e959530ae3752c43,1,0
dataset_2_binary_clean_v2,train,train/images/nozzle_tip_wrapped_0119.jpg,train/labels/nozzle_tip_wrapped_0119.txt,131080,38,5e7d48f081814268c4d3880506ca3a8ea840713e0eedb2e5afcfc16ebd3c7849,40035ed5a20aa08e7ec06d161bdcbcc78df92f4882ca9194e959530ae3752c43,1,0
dataset_2_binary_clean_v2,train,train/images/nozzle_tip_wrapped_0120.jpg,train/labels/nozzle_tip_wrapped_0120.txt,136248,38,20ceca69dfd151489c0fab7700340ebb807ecd5e4adffc8ba66a4c604e672552,40035ed5a20aa08e7ec06d161bdcbcc78df92f4882ca9194e959530ae3752c43,1,0
dataset_2_binary_clean_v2,train,train/images/nozzle_tip_wrapped_0122.jpg,train/labels/nozzle_tip_wrapped_0122.txt,141803,38,cdc035f308ace215c8d9d83efa4cc97a99d039947f76a7578f02f1d85520d07a,40035ed5a20aa08e7ec06d161bdcbcc78df92f4882ca9194e959530ae3752c43,1,0
dataset_2_binary_clean_v2,train,train/images/nozzle_tip_wrapped_0123.jpg,train/labels/nozzle_tip_wrapped_0123.txt,146698,38,ed130fa48c7f8a181851736dd3733cb93cc21ca85ad9557b003767f5fc08d0bb,40035ed5a20aa08e7ec06d161bdcbcc78df92f4882ca9194e959530ae3752c43,1,0
dataset_2_binary_clean_v2,train,train/images/nozzle_tip_wrapped_0125.jpg,train/labels/nozzle_tip_wrapped_0125.txt,144643,38,7a488b6e861696430903ae89da30583d5994cfca0f7678dbe4ae6703b1b63d9d,40035ed5a20aa08e7ec06d161bdcbcc78df92f4882ca9194e959530ae3752c43,1,0
dataset_2_binary_clean_v2,train,train/images/nozzle_tip_wrapped_0126.jpg,train/labels/nozzle_tip_wrapped_0126.txt,144577,38,b15b2beea7944eaf8e121b03e2c7a6a73c397f33825c67630b5ffed2f25aa496,40035ed5a20aa08e7ec06d161bdcbcc78df92f4882ca9194e959530ae3752c43,1,0
dataset_2_binary_clean_v2,train,train/images/nozzle_tip_wrapped_0128.jpg,train/labels/nozzle_tip_wrapped_0128.txt,141154,38,5e9dad78ee43fcdc81e8497541adf8c5204553ee88a8bfc71630c6d076fc7890,40035ed5a20aa08e7ec06d161bdcbcc78df92f4882ca9194e959530ae3752c43,1,0
dataset_2_binary_clean_v2,train,train/images/nozzle_tip_wrapped_0132.jpg,train/labels/nozzle_tip_wrapped_0132.txt,133335,38,f5fa77ef0be85246a22ed44a5c43017e397dc96ced1e5ca9f0182c6351824fd5,40035ed5a20aa08e7ec06d161bdcbcc78df92f4882ca9194e959530ae3752c43,1,0
dataset_2_binary_clean_v2,train,train/images/nozzle_tip_wrapped_0133.jpg,train/labels/nozzle_tip_wrapped_0133.txt,133038,38,4d3896db42162399d71379ef7f40990887e971b6179d960d5ed4d613a36ca251,40035ed5a20aa08e7ec06d161bdcbcc78df92f4882ca9194e959530ae3752c43,1,0
dataset_2_binary_clean_v2,train,train/images/nozzle_tip_wrapped_0134.jpg,train/labels/nozzle_tip_wrapped_0134.txt,108999,38,e6d677168d9d420a0a9783b65047431149fa937b4d7b546991808b6c530046db,40035ed5a20aa08e7ec06d161bdcbcc78df92f4882ca9194e959530ae3752c43,1,0
dataset_2_binary_clean_v2,train,train/images/nozzle_tip_wrapped_0135.jpg,train/labels/nozzle_tip_wrapped_0135.txt,134131,38,99bd5535f1e882f828264d40fef7ca1d57fe7bfff91ff5918e8af7554da92b38,40035ed5a20aa08e7ec06d161bdcbcc78df92f4882ca9194e959530ae3752c43,1,0
dataset_2_binary_clean_v2,train,train/images/nozzle_tip_wrapped_0136.jpg,train/labels/nozzle_tip_wrapped_0136.txt,137099,38,8bd0f87bb0fed82f9c79f76345fb7fdce6ab4747a4d28a1f6761cea0baef56a6,40035ed5a20aa08e7ec06d161bdcbcc78df92f4882ca9194e959530ae3752c43,1,0
dataset_2_binary_clean_v2,train,train/images/nozzle_tip_wrapped_0140.jpg,train/labels/nozzle_tip_wrapped_0140.txt,108233,38,c77d0732c16a534879e0a7a3eb0aeed5163d44383505ecc947ea3f9742fa3c66,40035ed5a20aa08e7ec06d161bdcbcc78df92f4882ca9194e959530ae3752c43,1,0
dataset_2_binary_clean_v2,train,train/images/nozzle_tip_wrapped_0143.jpg,train/labels/nozzle_tip_wrapped_0143.txt,134977,38,5605be9d1bd2b2301911cdc27f0758b240fd5dd4dc2bab72f30d6f93af7b2727,40035ed5a20aa08e7ec06d161bdcbcc78df92f4882ca9194e959530ae3752c43,1,0
dataset_2_binary_clean_v2,train,train/images/nozzle_tip_wrapped_0144.jpg,train/labels/nozzle_tip_wrapped_0144.txt,131416,38,7f303391a4377c983d313b56ae0c4195f27b47f3b174a59b765cc037b754eb04,40035ed5a20aa08e7ec06d161bdcbcc78df92f4882ca9194e959530ae3752c43,1,0
dataset_2_binary_clean_v2,train,train/images/nozzle_tip_wrapped_0145.jpg,train/labels/nozzle_tip_wrapped_0145.txt,126028,38,7df30377e037bb2271ab43712b44516136cf391b228c12189f9fa045e6473e15,40035ed5a20aa08e7ec06d161bdcbcc78df92f4882ca9194e959530ae3752c43,1,0
dataset_2_binary_clean_v2,train,train/images/nozzle_tip_wrapped_0146.jpg,train/labels/nozzle_tip_wrapped_0146.txt,123799,38,ec83f5b626704520de498054d6a12a539c2f639ba0e391bf50fc82f14c3e45a2,40035ed5a20aa08e7ec06d161bdcbcc78df92f4882ca9194e959530ae3752c43,1,0
dataset_2_binary_clean_v2,train,train/images/nozzle_tip_wrapped_0148.jpg,train/labels/nozzle_tip_wrapped_0148.txt,124997,38,fcd1615d560928059a7fda19a1051986671e160c69d99cc93868267e1c91485f,40035ed5a20aa08e7ec06d161bdcbcc78df92f4882ca9194e959530ae3752c43,1,0
dataset_2_binary_clean_v2,train,train/images/nozzle_tip_wrapped_0150.jpg,train/labels/nozzle_tip_wrapped_0150.txt,130370,38,844767487d3e229890b6c7f87e7ace99d5cf9b6240cd53942152779b21d4114d,40035ed5a20aa08e7ec06d161bdcbcc78df92f4882ca9194e959530ae3752c43,1,0
dataset_2_binary_clean_v2,train,train/images/nozzle_tip_wrapped_0152.jpg,train/labels/nozzle_tip_wrapped_0152.txt,135140,38,b3b47f5d265d42a6ca494d9af7f32cdb6cf2c4aa29c1ff2482c0de0d1060bc7b,40035ed5a20aa08e7ec06d161bdcbcc78df92f4882ca9194e959530ae3752c43,1,0
dataset_2_binary_clean_v2,train,train/images/nozzle_tip_wrapped_0154.jpg,train/labels/nozzle_tip_wrapped_0154.txt,136669,38,1f891fef4a82cd2a4be74efc0e507ef21cc482a64d08c3d053656c710a94abfd,40035ed5a20aa08e7ec06d161bdcbcc78df92f4882ca9194e959530ae3752c43,1,0
dataset_2_binary_clean_v2,train,train/images/nozzle_tip_wrapped_0155.jpg,train/labels/nozzle_tip_wrapped_0155.txt,139105,38,dbfe7a274918ef6a90532d1fabea6092197314e7e6f795f96a08cde69ecf6954,40035ed5a20aa08e7ec06d161bdcbcc78df92f4882ca9194e959530ae3752c43,1,0
dataset_2_binary_clean_v2,train,train/images/nozzle_tip_wrapped_0156.jpg,train/labels/nozzle_tip_wrapped_0156.txt,136946,38,243ae308a9e63a55af594532856221bca07d6086a27255ced055fa3068fa049f,40035ed5a20aa08e7ec06d161bdcbcc78df92f4882ca9194e959530ae3752c43,1,0
dataset_2_binary_clean_v2,train,train/images/nozzle_tip_wrapped_0159.jpg,train/labels/nozzle_tip_wrapped_0159.txt,132720,38,65380702c2303b738caa48223b43ba4342e224eae8acd9572972f9307240f684,40035ed5a20aa08e7ec06d161bdcbcc78df92f4882ca9194e959530ae3752c43,1,0
dataset_2_binary_clean_v2,train,train/images/nozzle_tip_wrapped_0161.jpg,train/labels/nozzle_tip_wrapped_0161.txt,135320,38,76ca0f1afa06cd2838a7b0831e0986d7ee2e07cbec509216173dba4304c33f7a,40035ed5a20aa08e7ec06d161bdcbcc78df92f4882ca9194e959530ae3752c43,1,0
dataset_2_binary_clean_v2,train,train/images/nozzle_tip_wrapped_0163.jpg,train/labels/nozzle_tip_wrapped_0163.txt,143663,38,6898bbf0b9b8e4207867e8b7f9c1e84f6d28155389045c63b038b5b3bc05a09d,40035ed5a20aa08e7ec06d161bdcbcc78df92f4882ca9194e959530ae3752c43,1,0
dataset_2_binary_clean_v2,train,train/images/nozzle_tip_wrapped_0164.jpg,train/labels/nozzle_tip_wrapped_0164.txt,119101,38,bcaeeabaef1cefe74e35a9df49bd9b05d709e3608c46923622fee3c805b4aa93,40035ed5a20aa08e7ec06d161bdcbcc78df92f4882ca9194e959530ae3752c43,1,0
dataset_2_binary_clean_v2,train,train/images/nozzle_tip_wrapped_0165.jpg,train/labels/nozzle_tip_wrapped_0165.txt,137167,38,9ff4d80f4bef05ff0f6a42fed64b43ea83c8e5c531d56161b92e01afda3bdc16,40035ed5a20aa08e7ec06d161bdcbcc78df92f4882ca9194e959530ae3752c43,1,0
dataset_2_binary_clean_v2,train,train/images/nozzle_tip_wrapped_0167.jpg,train/labels/nozzle_tip_wrapped_0167.txt,137899,38,cf948c1e061ded47cbb5d2637a6835f9ce3f331cc183d10535acc3fc47546f7d,40035ed5a20aa08e7ec06d161bdcbcc78df92f4882ca9194e959530ae3752c43,1,0
dataset_2_binary_clean_v2,train,train/images/nozzle_tip_wrapped_0172.jpg,train/labels/nozzle_tip_wrapped_0172.txt,131361,38,5a47dd92e866944b633b25d3ef9fcec6d1d6b4a4145d497dcb66883d71f64187,40035ed5a20aa08e7ec06d161bdcbcc78df92f4882ca9194e959530ae3752c43,1,0
dataset_2_binary_clean_v2,train,train/images/nozzle_tip_wrapped_0173.jpg,train/labels/nozzle_tip_wrapped_0173.txt,120124,38,00ce512257951665655dcb330a5e2cdff35e4ca5c596c5dabf650d6fb3aeebdc,40035ed5a20aa08e7ec06d161bdcbcc78df92f4882ca9194e959530ae3752c43,1,0
dataset_2_binary_clean_v2,train,train/images/nozzle_tip_wrapped_0174.jpg,train/labels/nozzle_tip_wrapped_0174.txt,142784,38,fc49ce7a62ee79c3eccf6840caddb94b0bc94f41a2ef2bb2eee77e960cd1a0f2,40035ed5a20aa08e7ec06d161bdcbcc78df92f4882ca9194e959530ae3752c43,1,0
dataset_2_binary_clean_v2,train,train/images/nozzle_tip_wrapped_0176.jpg,train/labels/nozzle_tip_wrapped_0176.txt,141549,38,0248c812b9c1cc28652178d466714064b4c934cb59ff6b11e1551ec81f499072,40035ed5a20aa08e7ec06d161bdcbcc78df92f4882ca9194e959530ae3752c43,1,0
dataset_2_binary_clean_v2,train,train/images/nozzle_tip_wrapped_0180.jpg,train/labels/nozzle_tip_wrapped_0180.txt,143158,38,d14f481452f64abbcdb72145064608cf99df71efc24a902a5b95d68234049ec3,40035ed5a20aa08e7ec06d161bdcbcc78df92f4882ca9194e959530ae3752c43,1,0
dataset_2_binary_clean_v2,train,train/images/nozzle_tip_wrapped_0181.jpg,train/labels/nozzle_tip_wrapped_0181.txt,143319,38,25845bc90e4b65a84a380291b1a102513be99dfe43f61df054cba2429419212c,40035ed5a20aa08e7ec06d161bdcbcc78df92f4882ca9194e959530ae3752c43,1,0
dataset_2_binary_clean_v2,train,train/images/nozzle_tip_wrapped_0182.jpg,train/labels/nozzle_tip_wrapped_0182.txt,144902,38,3c6399a8b035d4202091aebb19fbb41e4811c0e1f3b462d32e6e4fcb9b1e8b8f,40035ed5a20aa08e7ec06d161bdcbcc78df92f4882ca9194e959530ae3752c43,1,0
dataset_2_binary_clean_v2,train,train/images/nozzle_tip_wrapped_0184.jpg,train/labels/nozzle_tip_wrapped_0184.txt,145588,38,8ddbcab0fd1c9a63784fc18b5c635c8a865c8a1a4c900833f95e1758063ccc54,40035ed5a20aa08e7ec06d161bdcbcc78df92f4882ca9194e959530ae3752c43,1,0
dataset_2_binary_clean_v2,train,train/images/nozzle_tip_wrapped_0186.jpg,train/labels/nozzle_tip_wrapped_0186.txt,138631,38,73ac903b2beac881454289228005a4edc724d127c52a57691f888684bd8fc884,40035ed5a20aa08e7ec06d161bdcbcc78df92f4882ca9194e959530ae3752c43,1,0
dataset_2_binary_clean_v2,train,train/images/nozzle_tip_wrapped_0189.jpg,train/labels/nozzle_tip_wrapped_0189.txt,144311,38,ea4df975d09cb062f05e6e48a7246274065d0db9599026e952448eeec148e88c,40035ed5a20aa08e7ec06d161bdcbcc78df92f4882ca9194e959530ae3752c43,1,0
dataset_2_binary_clean_v2,train,train/images/nozzle_tip_wrapped_0191.jpg,train/labels/nozzle_tip_wrapped_0191.txt,149774,38,1ef761ae7e2f524c8ffc22b8f4cd6c98bd4ac28eba9fe36656bd4cc0597b5592,40035ed5a20aa08e7ec06d161bdcbcc78df92f4882ca9194e959530ae3752c43,1,0
dataset_2_binary_clean_v2,train,train/images/nozzle_tip_wrapped_0192.jpg,train/labels/nozzle_tip_wrapped_0192.txt,126866,38,b2cc5de20664f53940bce220f8a89c170edaedcf5813700ab8bec6faf0a99dbc,40035ed5a20aa08e7ec06d161bdcbcc78df92f4882ca9194e959530ae3752c43,1,0
dataset_2_binary_clean_v2,train,train/images/nozzle_tip_wrapped_0193.jpg,train/labels/nozzle_tip_wrapped_0193.txt,140837,38,50e02d4e08fe85a0348216616cce7a4a9114b560fab99f9c8d0d469c4edcfa53,40035ed5a20aa08e7ec06d161bdcbcc78df92f4882ca9194e959530ae3752c43,1,0
dataset_2_binary_clean_v2,train,train/images/nozzle_tip_wrapped_0194.jpg,train/labels/nozzle_tip_wrapped_0194.txt,139727,38,3479c55e9d65c47de45679265c3c0908b3266676697509e9b12b37cf40d4499a,40035ed5a20aa08e7ec06d161bdcbcc78df92f4882ca9194e959530ae3752c43,1,0
dataset_2_binary_clean_v2,train,train/images/nozzle_tip_wrapped_0195.jpg,train/labels/nozzle_tip_wrapped_0195.txt,138206,38,71f5eed5da8d1123fe6746084f3fb3a3db16f65c17c6b76bb9725ef3b176b82a,40035ed5a20aa08e7ec06d161bdcbcc78df92f4882ca9194e959530ae3752c43,1,0
dataset_2_binary_clean_v2,train,train/images/nozzle_tip_wrapped_0197.jpg,train/labels/nozzle_tip_wrapped_0197.txt,111108,38,22e3cb80fc393ae2cc5e51b13b6af5bea3a7833491ed50af93cd29bb69d99141,40035ed5a20aa08e7ec06d161bdcbcc78df92f4882ca9194e959530ae3752c43,1,0
dataset_2_binary_clean_v2,train,train/images/nozzle_tip_wrapped_0199.jpg,train/labels/nozzle_tip_wrapped_0199.txt,133597,38,16ce9f04bb9a5bb6676b19e6c24a4e1297e7996e6950fa6b5a03ed3fe13ea194,40035ed5a20aa08e7ec06d161bdcbcc78df92f4882ca9194e959530ae3752c43,1,0
dataset_2_binary_clean_v2,train,train/images/nozzle_tip_wrapped_0200.jpg,train/labels/nozzle_tip_wrapped_0200.txt,128122,38,1e8075f0e0d6e1d62c74ad67f29973bf9374eaa7cf02dc1ffa933496069b2b8c,40035ed5a20aa08e7ec06d161bdcbcc78df92f4882ca9194e959530ae3752c43,1,0
dataset_2_binary_clean_v2,train,train/images/nozzle_tip_wrapped_0201.jpg,train/labels/nozzle_tip_wrapped_0201.txt,133512,38,5853d2fac5bddc228c76525f8221a4f768c0cc9eecf7b0da03d97ec9de42f387,40035ed5a20aa08e7ec06d161bdcbcc78df92f4882ca9194e959530ae3752c43,1,0
dataset_2_binary_clean_v2,train,train/images/nozzle_tip_wrapped_0202.jpg,train/labels/nozzle_tip_wrapped_0202.txt,150844,38,27fd594dc416f5dbaa1b8d53ff9bcde1881777fd7395b6c5a2dd536abf797568,40035ed5a20aa08e7ec06d161bdcbcc78df92f4882ca9194e959530ae3752c43,1,0
dataset_2_binary_clean_v2,train,train/images/nozzle_tip_wrapped_0203.jpg,train/labels/nozzle_tip_wrapped_0203.txt,149538,38,39693bf5980d6323b6ed3afa81084d93254c17b84f0f1540ae6841c5e8c8b340,40035ed5a20aa08e7ec06d161bdcbcc78df92f4882ca9194e959530ae3752c43,1,0
dataset_2_binary_clean_v2,train,train/images/nozzle_tip_wrapped_0204.jpg,train/labels/nozzle_tip_wrapped_0204.txt,150049,38,f8b345c0e4e113e792a98b9e0c96311831ff02373b470a3df17905d608e375f0,40035ed5a20aa08e7ec06d161bdcbcc78df92f4882ca9194e959530ae3752c43,1,0
dataset_2_binary_clean_v2,train,train/images/nozzle_tip_wrapped_0205.jpg,train/labels/nozzle_tip_wrapped_0205.txt,148050,38,bbae4d936b08c907502a0da2bb1b4e565348790ee8277ee9db2d25d921a67ac0,40035ed5a20aa08e7ec06d161bdcbcc78df92f4882ca9194e959530ae3752c43,1,0
dataset_2_binary_clean_v2,train,train/images/nozzle_tip_wrapped_0209.jpg,train/labels/nozzle_tip_wrapped_0209.txt,149026,38,de9301efdc697da1315b7ff8ad94ec870699a0bba8cbfec53f7b20c8fd1e9771,40035ed5a20aa08e7ec06d161bdcbcc78df92f4882ca9194e959530ae3752c43,1,0
dataset_2_binary_clean_v2,train,train/images/nozzle_tip_wrapped_0212.jpg,train/labels/nozzle_tip_wrapped_0212.txt,148490,38,c491c40dcdf9ed4126c169afca4cf2c074f830a8bfa1cba0bd35dc91dd4cf341,40035ed5a20aa08e7ec06d161bdcbcc78df92f4882ca9194e959530ae3752c43,1,0
dataset_2_binary_clean_v2,train,train/images/nozzle_tip_wrapped_0213.jpg,train/labels/nozzle_tip_wrapped_0213.txt,146229,38,9ae7d6d1cb887fa5f30179eb38ff5a20fe47c5eb18884c0150bdf8741a1da837,40035ed5a20aa08e7ec06d161bdcbcc78df92f4882ca9194e959530ae3752c43,1,0
dataset_2_binary_clean_v2,train,train/images/nozzle_tip_wrapped_0214.jpg,train/labels/nozzle_tip_wrapped_0214.txt,143381,38,2680f6ca48d75649f0be77157e49ea02387f70967853a418d426135bbb77512f,40035ed5a20aa08e7ec06d161bdcbcc78df92f4882ca9194e959530ae3752c43,1,0
dataset_2_binary_clean_v2,train,train/images/nozzle_tip_wrapped_0215.jpg,train/labels/nozzle_tip_wrapped_0215.txt,142638,38,685113b26026779fbedcd5e1da3fc8ee143d3282ca8e27285609b0765519af63,40035ed5a20aa08e7ec06d161bdcbcc78df92f4882ca9194e959530ae3752c43,1,0
dataset_2_binary_clean_v2,train,train/images/nozzle_tip_wrapped_0216.jpg,train/labels/nozzle_tip_wrapped_0216.txt,141645,38,5b577d94c4b85da1dc8ce58061d9a3f66f1b406865e7149f491cd13ff19dcbe8,40035ed5a20aa08e7ec06d161bdcbcc78df92f4882ca9194e959530ae3752c43,1,0
dataset_2_binary_clean_v2,train,train/images/nozzle_tip_wrapped_0218.jpg,train/labels/nozzle_tip_wrapped_0218.txt,141690,38,abae1cdf1e119712c82b5fa20aeecf227764318d210ab474a6d1c2c502f9706f,40035ed5a20aa08e7ec06d161bdcbcc78df92f4882ca9194e959530ae3752c43,1,0
dataset_2_binary_clean_v2,train,train/images/nozzle_tip_wrapped_0220.jpg,train/labels/nozzle_tip_wrapped_0220.txt,143580,38,f95209efad44f6cedc8f27e538ceb84bc6bd3f7c8970ed9bdd03b90021723ffd,40035ed5a20aa08e7ec06d161bdcbcc78df92f4882ca9194e959530ae3752c43,1,0
dataset_2_binary_clean_v2,train,train/images/nozzle_tip_wrapped_0223.jpg,train/labels/nozzle_tip_wrapped_0223.txt,146693,38,35fe8405117b8309f95fdde75c23f837c40c749a27650c4e5de069af6d0fff42,40035ed5a20aa08e7ec06d161bdcbcc78df92f4882ca9194e959530ae3752c43,1,0
dataset_2_binary_clean_v2,train,train/images/nozzle_tip_wrapped_0224.jpg,train/labels/nozzle_tip_wrapped_0224.txt,147443,38,aea8e8577cd9f28a17906fe44e4e27208e1ae24a6310db702288530e54126d14,40035ed5a20aa08e7ec06d161bdcbcc78df92f4882ca9194e959530ae3752c43,1,0
dataset_2_binary_clean_v2,train,train/images/nozzle_tip_wrapped_0225.jpg,train/labels/nozzle_tip_wrapped_0225.txt,126241,38,91ad0dc21fc069405e2d23a8fa67b76e1478f926e46625e727aa99a3a31b726b,40035ed5a20aa08e7ec06d161bdcbcc78df92f4882ca9194e959530ae3752c43,1,0
dataset_2_binary_clean_v2,train,train/images/nozzle_tip_wrapped_0226.jpg,train/labels/nozzle_tip_wrapped_0226.txt,149125,38,c255df4673652ad38b8c27e512c39fb2a38d3ba938e3454f73b298f676331632,40035ed5a20aa08e7ec06d161bdcbcc78df92f4882ca9194e959530ae3752c43,1,0
dataset_2_binary_clean_v2,train,train/images/nozzle_tip_wrapped_0227.jpg,train/labels/nozzle_tip_wrapped_0227.txt,148030,38,035cdacf00ec5ee336eeb21e8fcdc6efaac47420fbe933dab45ae362954dd166,40035ed5a20aa08e7ec06d161bdcbcc78df92f4882ca9194e959530ae3752c43,1,0
dataset_2_binary_clean_v2,train,train/images/nozzle_tip_wrapped_0228.jpg,train/labels/nozzle_tip_wrapped_0228.txt,145448,38,772805c8d179d994e897e1441e901a0c5c2a6df2bf900278cb40fbdcf8e73527,40035ed5a20aa08e7ec06d161bdcbcc78df92f4882ca9194e959530ae3752c43,1,0
dataset_2_binary_clean_v2,train,train/images/nozzle_tip_wrapped_0229.jpg,train/labels/nozzle_tip_wrapped_0229.txt,146627,38,439aedac4183bec2f22b3aba6baa31c5f4390386cccd06c84539aec6b189c391,40035ed5a20aa08e7ec06d161bdcbcc78df92f4882ca9194e959530ae3752c43,1,0
dataset_2_binary_clean_v2,train,train/images/nozzle_tip_wrapped_0230.jpg,train/labels/nozzle_tip_wrapped_0230.txt,141617,38,4ccd870b17812ba4216972265a162755ed9c10b64134deaeda4ac6e4638ea08d,40035ed5a20aa08e7ec06d161bdcbcc78df92f4882ca9194e959530ae3752c43,1,0
dataset_2_binary_clean_v2,train,train/images/nozzle_tip_wrapped_0231.jpg,train/labels/nozzle_tip_wrapped_0231.txt,148494,38,745f29b2f622498ce0ae14feddf8829fa70dd3b2b66bd8197f26c060bf7d094f,40035ed5a20aa08e7ec06d161bdcbcc78df92f4882ca9194e959530ae3752c43,1,0
dataset_2_binary_clean_v2,train,train/images/nozzle_tip_wrapped_0232.jpg,train/labels/nozzle_tip_wrapped_0232.txt,124295,38,624900508ee672bca5f57ae4e1cdcbbd5c6f37f8630552f61d505e255f13dd85,40035ed5a20aa08e7ec06d161bdcbcc78df92f4882ca9194e959530ae3752c43,1,0
dataset_2_binary_clean_v2,train,train/images/nozzle_tip_wrapped_0233.jpg,train/labels/nozzle_tip_wrapped_0233.txt,144800,38,cc9998d52a19b2f503778211f875281357e2d51ee8926cdd5efda5295f16d5cb,40035ed5a20aa08e7ec06d161bdcbcc78df92f4882ca9194e959530ae3752c43,1,0
dataset_2_binary_clean_v2,train,train/images/nozzle_tip_wrapped_0234.jpg,train/labels/nozzle_tip_wrapped_0234.txt,140739,38,e45cc088207aa1596bfe8e1667f4419b113490402d93808b03b20b0f0ed959c0,40035ed5a20aa08e7ec06d161bdcbcc78df92f4882ca9194e959530ae3752c43,1,0
dataset_2_binary_clean_v2,train,train/images/nozzle_tip_wrapped_0235.jpg,train/labels/nozzle_tip_wrapped_0235.txt,144315,38,f43734c1cae0e1ef585c23279769819977fa9531e0c0f3b6c23442059b70134f,40035ed5a20aa08e7ec06d161bdcbcc78df92f4882ca9194e959530ae3752c43,1,0
dataset_2_binary_clean_v2,train,train/images/nozzle_tip_wrapped_0242.jpg,train/labels/nozzle_tip_wrapped_0242.txt,140738,38,1881726849c1b5aa183bf3d906e6c4dbbee019dd8cb6d6e2293cf338c6e55f76,40035ed5a20aa08e7ec06d161bdcbcc78df92f4882ca9194e959530ae3752c43,1,0
dataset_2_binary_clean_v2,train,train/images/nozzle_tip_wrapped_0244.jpg,train/labels/nozzle_tip_wrapped_0244.txt,138045,38,e80d2de0d21ffb8ebf2b024aa3be76a2ddcfa2e072d06cbf9e492920906a88e6,40035ed5a20aa08e7ec06d161bdcbcc78df92f4882ca9194e959530ae3752c43,1,0
dataset_2_binary_clean_v2,train,train/images/nozzle_tip_wrapped_0245.jpg,train/labels/nozzle_tip_wrapped_0245.txt,133149,38,f4d68bf7ef4dc05b709600ac84eae378845a2f296a3fc08e030521d975b4bb9c,40035ed5a20aa08e7ec06d161bdcbcc78df92f4882ca9194e959530ae3752c43,1,0
dataset_2_binary_clean_v2,train,train/images/nozzle_tip_wrapped_0246.jpg,train/labels/nozzle_tip_wrapped_0246.txt,111677,38,c0e74a743190c1102ba0a8dc05f0c2e56435970c2d680ccd8030b725c7c6d993,40035ed5a20aa08e7ec06d161bdcbcc78df92f4882ca9194e959530ae3752c43,1,0
dataset_2_binary_clean_v2,train,train/images/nozzle_tip_wrapped_0247.jpg,train/labels/nozzle_tip_wrapped_0247.txt,111539,38,ef8ad3a28fce29ee56dd28258cb5fb81a87dbfa22b10d253dc3791646e46b150,40035ed5a20aa08e7ec06d161bdcbcc78df92f4882ca9194e959530ae3752c43,1,0
dataset_2_binary_clean_v2,train,train/images/nozzle_tip_wrapped_0250.jpg,train/labels/nozzle_tip_wrapped_0250.txt,142105,38,92850d45ceae3ab03f41f08de5b072ec2de65161d1c115135f68def62bd8ad26,40035ed5a20aa08e7ec06d161bdcbcc78df92f4882ca9194e959530ae3752c43,1,0
dataset_2_binary_clean_v2,train,train/images/nozzle_tip_wrapped_0251.jpg,train/labels/nozzle_tip_wrapped_0251.txt,142325,38,b81709869a11991697af1a3a4a8b5ace1370094c32a9cd4d72032375d688d14d,40035ed5a20aa08e7ec06d161bdcbcc78df92f4882ca9194e959530ae3752c43,1,0
dataset_2_binary_clean_v2,train,train/images/nozzle_tip_wrapped_0252.jpg,train/labels/nozzle_tip_wrapped_0252.txt,143996,38,8c936447107645842e19cbfbfaeb769483699ddd3aeb6a4839f2fbcc6603dda8,40035ed5a20aa08e7ec06d161bdcbcc78df92f4882ca9194e959530ae3752c43,1,0
dataset_2_binary_clean_v2,train,train/images/nozzle_tip_wrapped_0253.jpg,train/labels/nozzle_tip_wrapped_0253.txt,147724,38,76ef24783d530a78f29c766b3e9e906605a3150a0efb7a4362034f9cd440063f,40035ed5a20aa08e7ec06d161bdcbcc78df92f4882ca9194e959530ae3752c43,1,0
dataset_2_binary_clean_v2,train,train/images/nozzle_tip_wrapped_0254.jpg,train/labels/nozzle_tip_wrapped_0254.txt,125686,38,2587da11c8c79fc8578c1a8780b0f2410dfe8c6040458f929b2232a114c10e22,40035ed5a20aa08e7ec06d161bdcbcc78df92f4882ca9194e959530ae3752c43,1,0
dataset_2_binary_clean_v2,train,train/images/nozzle_tip_wrapped_0255.jpg,train/labels/nozzle_tip_wrapped_0255.txt,147296,38,cc2338ccc92ab992cd0d3f94218f8da52ae0ea300dc6ce14fad91c7ae0e25133,40035ed5a20aa08e7ec06d161bdcbcc78df92f4882ca9194e959530ae3752c43,1,0
dataset_2_binary_clean_v2,train,train/images/nozzle_tip_wrapped_0256.jpg,train/labels/nozzle_tip_wrapped_0256.txt,145954,38,6bb38ae580205f8c594827195719f0a6f11fe24cbe6c10f8cffeb019a1c8ed53,40035ed5a20aa08e7ec06d161bdcbcc78df92f4882ca9194e959530ae3752c43,1,0
dataset_2_binary_clean_v2,train,train/images/nozzle_tip_wrapped_0257.jpg,train/labels/nozzle_tip_wrapped_0257.txt,144981,38,e7c31f27f1122c1e3dd7f9754689cd5e950b79704532e275eca2fbe3a34ea5c1,40035ed5a20aa08e7ec06d161bdcbcc78df92f4882ca9194e959530ae3752c43,1,0
dataset_2_binary_clean_v2,train,train/images/nozzle_tip_wrapped_0258.jpg,train/labels/nozzle_tip_wrapped_0258.txt,143979,38,492b210a9c3af04d365c8dce3d216876967a65714f947801c016c23a334cca3b,40035ed5a20aa08e7ec06d161bdcbcc78df92f4882ca9194e959530ae3752c43,1,0
dataset_2_binary_clean_v2,train,train/images/nozzle_tip_wrapped_0259.jpg,train/labels/nozzle_tip_wrapped_0259.txt,125330,38,78f09a081932aa53cfd00d9d404cb3ff7dccadacf3c599f3e6c374056aa306aa,40035ed5a20aa08e7ec06d161bdcbcc78df92f4882ca9194e959530ae3752c43,1,0
dataset_2_binary_clean_v2,train,train/images/nozzle_tip_wrapped_0260.jpg,train/labels/nozzle_tip_wrapped_0260.txt,141009,38,1182b88dc41c68662363fff31348d99e786d11fbf0328ba2b20a8900a281f18a,40035ed5a20aa08e7ec06d161bdcbcc78df92f4882ca9194e959530ae3752c43,1,0
dataset_2_binary_clean_v2,train,train/images/nozzle_tip_wrapped_0262.jpg,train/labels/nozzle_tip_wrapped_0262.txt,136321,38,0a3fe3f381235cae3e1a0ce6c3452c4ae6adde428b111d4ccf0ccbb880025048,40035ed5a20aa08e7ec06d161bdcbcc78df92f4882ca9194e959530ae3752c43,1,0
dataset_2_binary_clean_v2,train,train/images/nozzle_tip_wrapped_0263.jpg,train/labels/nozzle_tip_wrapped_0263.txt,134121,38,c8b2951b1e4fe9a38c173849ec82b3b140ae15773d08b9c2370411ef4488f225,40035ed5a20aa08e7ec06d161bdcbcc78df92f4882ca9194e959530ae3752c43,1,0
dataset_2_binary_clean_v2,train,train/images/nozzle_tip_wrapped_0264.jpg,train/labels/nozzle_tip_wrapped_0264.txt,139213,38,48fdcc21a4cb27664e7023c0a606a54f9bb52b5d5b082dd597a29519375adcae,40035ed5a20aa08e7ec06d161bdcbcc78df92f4882ca9194e959530ae3752c43,1,0
dataset_2_binary_clean_v2,train,train/images/nozzle_tip_wrapped_0265.jpg,train/labels/nozzle_tip_wrapped_0265.txt,141046,38,02eefe43b2bb84d73bfb6b39dfc39dbd4c11c275fb7a21f4b55e49589ab0a3e1,40035ed5a20aa08e7ec06d161bdcbcc78df92f4882ca9194e959530ae3752c43,1,0
dataset_2_binary_clean_v2,train,train/images/nozzle_tip_wrapped_0266.jpg,train/labels/nozzle_tip_wrapped_0266.txt,122764,38,1fc5ee48116220041ff706a73d2f41b7a578a13cf08ae0d5e89b669381e95230,40035ed5a20aa08e7ec06d161bdcbcc78df92f4882ca9194e959530ae3752c43,1,0
dataset_2_binary_clean_v2,train,train/images/nozzle_tip_wrapped_0267.jpg,train/labels/nozzle_tip_wrapped_0267.txt,143311,38,36a6f0720935b4fe5c9c0d54c34531457435b12c9d639c15bde9e04ceead1c11,40035ed5a20aa08e7ec06d161bdcbcc78df92f4882ca9194e959530ae3752c43,1,0
dataset_2_binary_clean_v2,train,train/images/nozzle_tip_wrapped_0268.jpg,train/labels/nozzle_tip_wrapped_0268.txt,141097,38,92ce7f0639c2a4a103b1d10f671b093f5f3dbbfe18d72a5742fac373e27db215,40035ed5a20aa08e7ec06d161bdcbcc78df92f4882ca9194e959530ae3752c43,1,0
dataset_2_binary_clean_v2,train,train/images/nozzle_tip_wrapped_0269.jpg,train/labels/nozzle_tip_wrapped_0269.txt,141312,38,ea990ad438582af2bac504e4eb3da7e0a139c34a489b361db6a60a70fb805690,40035ed5a20aa08e7ec06d161bdcbcc78df92f4882ca9194e959530ae3752c43,1,0
dataset_2_binary_clean_v2,train,train/images/nozzle_tip_wrapped_0270.jpg,train/labels/nozzle_tip_wrapped_0270.txt,140669,38,4e00ae908cad25d7713e5bc40ad3290af4cafd4623900ca233c8bb850a869db7,40035ed5a20aa08e7ec06d161bdcbcc78df92f4882ca9194e959530ae3752c43,1,0
dataset_2_binary_clean_v2,train,train/images/nozzle_tip_wrapped_0271.jpg,train/labels/nozzle_tip_wrapped_0271.txt,140616,38,bd4f706d328bcc71b98b9cb67867d3da665bb6f027c7c2f05e985332d0e57939,40035ed5a20aa08e7ec06d161bdcbcc78df92f4882ca9194e959530ae3752c43,1,0
dataset_2_binary_clean_v2,train,train/images/nozzle_tip_wrapped_0272.jpg,train/labels/nozzle_tip_wrapped_0272.txt,139632,38,30bbc7215956754c9f129ccadeec3a8e33da6aa119e2f2b6769de145eb2e3f72,40035ed5a20aa08e7ec06d161bdcbcc78df92f4882ca9194e959530ae3752c43,1,0
dataset_2_binary_clean_v2,train,train/images/nozzle_tip_wrapped_0273.jpg,train/labels/nozzle_tip_wrapped_0273.txt,137197,38,a3be71e6e961164d99123e7489085ffb103c51026c6c8fc60215c4cb18f99ab6,40035ed5a20aa08e7ec06d161bdcbcc78df92f4882ca9194e959530ae3752c43,1,0
dataset_2_binary_clean_v2,train,train/images/nozzle_tip_wrapped_0274.jpg,train/labels/nozzle_tip_wrapped_0274.txt,147490,38,e2819bb02f7982aa245da2513107dc81f0793a33169a020442987bcb84eb101f,40035ed5a20aa08e7ec06d161bdcbcc78df92f4882ca9194e959530ae3752c43,1,0
dataset_2_binary_clean_v2,train,train/images/nozzle_tip_wrapped_0275.jpg,train/labels/nozzle_tip_wrapped_0275.txt,123828,38,a9367f793eb14988a6fc16ea478450f85bd63df2e1c200e78e053e0d606d3b79,40035ed5a20aa08e7ec06d161bdcbcc78df92f4882ca9194e959530ae3752c43,1,0
dataset_2_binary_clean_v2,train,train/images/nozzle_tip_wrapped_0276.jpg,train/labels/nozzle_tip_wrapped_0276.txt,144801,38,eb9da85e517e24ad2e6fc578eeac834f488e91e457f95fc9b4cf8b4794d84035,40035ed5a20aa08e7ec06d161bdcbcc78df92f4882ca9194e959530ae3752c43,1,0
dataset_2_binary_clean_v2,train,train/images/nozzle_tip_wrapped_0277.jpg,train/labels/nozzle_tip_wrapped_0277.txt,146481,38,6ab0de3d1118744b88823fe33cae138f7ed9026896117855176ed2bd586201db,40035ed5a20aa08e7ec06d161bdcbcc78df92f4882ca9194e959530ae3752c43,1,0
dataset_2_binary_clean_v2,train,train/images/nozzle_tip_wrapped_0278.jpg,train/labels/nozzle_tip_wrapped_0278.txt,148127,38,fbfd02e39036271b4a939041160eb71de8d6ccd96ac873441e684ee1e4200be5,40035ed5a20aa08e7ec06d161bdcbcc78df92f4882ca9194e959530ae3752c43,1,0
dataset_2_binary_clean_v2,train,train/images/nozzle_tip_wrapped_0279.jpg,train/labels/nozzle_tip_wrapped_0279.txt,147987,38,ed5f911173b3e052a452067e688d36655359ea04c0e8d0171a4b800fe90a1d02,40035ed5a20aa08e7ec06d161bdcbcc78df92f4882ca9194e959530ae3752c43,1,0
dataset_2_binary_clean_v2,train,train/images/nozzle_tip_wrapped_0280.jpg,train/labels/nozzle_tip_wrapped_0280.txt,144481,38,4ec17c54de716eb493c0a06ee851bc0810110ed13196931747d1e4fb1686d59d,40035ed5a20aa08e7ec06d161bdcbcc78df92f4882ca9194e959530ae3752c43,1,0
dataset_2_binary_clean_v2,train,train/images/nozzle_tip_wrapped_0283.jpg,train/labels/nozzle_tip_wrapped_0283.txt,136566,38,2b0ed090323e2c53c6212db16ffef684aede0316fc012e25353eac2022c1361a,40035ed5a20aa08e7ec06d161bdcbcc78df92f4882ca9194e959530ae3752c43,1,0
dataset_2_binary_clean_v2,train,train/images/nozzle_tip_wrapped_0284.jpg,train/labels/nozzle_tip_wrapped_0284.txt,133717,38,ef0c38545ba10cdaf4e4dcc3cdb919a994e89d8a41c6be55d8115273491b8628,40035ed5a20aa08e7ec06d161bdcbcc78df92f4882ca9194e959530ae3752c43,1,0
dataset_2_binary_clean_v2,train,train/images/nozzle_tip_wrapped_0285.jpg,train/labels/nozzle_tip_wrapped_0285.txt,111150,38,2d1abdb46bf59bc6348248931cc4537d86d7fee93d54c085b4cf50af0347498a,40035ed5a20aa08e7ec06d161bdcbcc78df92f4882ca9194e959530ae3752c43,1,0
dataset_2_binary_clean_v2,train,train/images/nozzle_tip_wrapped_0286.jpg,train/labels/nozzle_tip_wrapped_0286.txt,126377,38,e69a80e0098c87533d184cce4ecb0a773d4d6fd89aa9c3bfecb9acf21c02546c,40035ed5a20aa08e7ec06d161bdcbcc78df92f4882ca9194e959530ae3752c43,1,0
dataset_2_binary_clean_v2,train,train/images/nozzle_tip_wrapped_0287.jpg,train/labels/nozzle_tip_wrapped_0287.txt,115234,38,4b231fe9cc61235d1a904a2d2b36e13a20654beda9091a5086369488c271bd85,40035ed5a20aa08e7ec06d161bdcbcc78df92f4882ca9194e959530ae3752c43,1,0
dataset_2_binary_clean_v2,train,train/images/nozzle_tip_wrapped_0288.jpg,train/labels/nozzle_tip_wrapped_0288.txt,138684,38,9bfbfd4c1248e1655aa6e0b1126806d3c8dbb97015176c6612bb3483c479c0c3,40035ed5a20aa08e7ec06d161bdcbcc78df92f4882ca9194e959530ae3752c43,1,0
dataset_2_binary_clean_v2,train,train/images/nozzle_tip_wrapped_0289.jpg,train/labels/nozzle_tip_wrapped_0289.txt,142770,38,1a715dc95bf6c8dbb3e837ade48f8901d3954417426c1b3895a91867c7122a24,40035ed5a20aa08e7ec06d161bdcbcc78df92f4882ca9194e959530ae3752c43,1,0
dataset_2_binary_clean_v2,train,train/images/nozzle_tip_wrapped_0290.jpg,train/labels/nozzle_tip_wrapped_0290.txt,145273,38,97f8ec91038650756a072bec2377f6dca051c8999bd01ddd9b5df4e64badb0cf,40035ed5a20aa08e7ec06d161bdcbcc78df92f4882ca9194e959530ae3752c43,1,0
dataset_2_binary_clean_v2,train,train/images/nozzle_tip_wrapped_0291.jpg,train/labels/nozzle_tip_wrapped_0291.txt,147148,38,9f35e2549333478af13987c9cd9e9de5b329a7cb7885ee3cf2e5b5df1ec510d0,40035ed5a20aa08e7ec06d161bdcbcc78df92f4882ca9194e959530ae3752c43,1,0
dataset_2_binary_clean_v2,train,train/images/nozzle_tip_wrapped_0292.jpg,train/labels/nozzle_tip_wrapped_0292.txt,147024,38,254424e9ce6f1b0089d9dc151fe1f336db32fad28cb3278ba87f8a1b5f3bbe7a,40035ed5a20aa08e7ec06d161bdcbcc78df92f4882ca9194e959530ae3752c43,1,0
dataset_2_binary_clean_v2,train,train/images/nozzle_tip_wrapped_0293.jpg,train/labels/nozzle_tip_wrapped_0293.txt,125560,38,071497ae256fd7bb89a672459cafe8f2a0c6519f56e7b3fc93fb3eb6b487e018,40035ed5a20aa08e7ec06d161bdcbcc78df92f4882ca9194e959530ae3752c43,1,0
dataset_2_binary_clean_v2,train,train/images/nozzle_tip_wrapped_0294.jpg,train/labels/nozzle_tip_wrapped_0294.txt,146205,38,b862e1f21bac56efc676727539a0c6c3b79cb8674b5b3021167eb2929cfc687c,40035ed5a20aa08e7ec06d161bdcbcc78df92f4882ca9194e959530ae3752c43,1,0
dataset_2_binary_clean_v2,train,train/images/nozzle_tip_wrapped_0295.jpg,train/labels/nozzle_tip_wrapped_0295.txt,145739,38,2a9aa806cd31233222bec10aff51f9719cf1b8e14f0b38d7579f785838ae4e12,40035ed5a20aa08e7ec06d161bdcbcc78df92f4882ca9194e959530ae3752c43,1,0
dataset_2_binary_clean_v2,train,train/images/nozzle_tip_wrapped_0296.jpg,train/labels/nozzle_tip_wrapped_0296.txt,145765,38,527087f6e5687fbb5f384eb6dc5f457c83328c9a4922db5861d7554242a3c733,40035ed5a20aa08e7ec06d161bdcbcc78df92f4882ca9194e959530ae3752c43,1,0
dataset_2_binary_clean_v2,train,train/images/nozzle_tip_wrapped_0297.jpg,train/labels/nozzle_tip_wrapped_0297.txt,148623,38,8b875a881de22599e0d94c3bc7148769c8ee302f570066d65485626db2e1d26f,40035ed5a20aa08e7ec06d161bdcbcc78df92f4882ca9194e959530ae3752c43,1,0
dataset_2_binary_clean_v2,train,train/images/nozzle_tip_wrapped_0298.jpg,train/labels/nozzle_tip_wrapped_0298.txt,142348,38,ca1d5bef177d293236aed2c9cc416ad66b53095945a603eb6ed17de51385f87f,40035ed5a20aa08e7ec06d161bdcbcc78df92f4882ca9194e959530ae3752c43,1,0
dataset_2_binary_clean_v2,train,train/images/nozzle_tip_wrapped_0299.jpg,train/labels/nozzle_tip_wrapped_0299.txt,147798,38,7aa1444c8a7456da6ebaba9fe9382db72129eb50444cc0f11633275af7289e68,40035ed5a20aa08e7ec06d161bdcbcc78df92f4882ca9194e959530ae3752c43,1,0
dataset_2_binary_clean_v2,train,train/images/nozzle_tip_wrapped_0300.jpg,train/labels/nozzle_tip_wrapped_0300.txt,146518,38,5a0bc4c54cc50ae34322e7be884a879f6bb41d36aa70cced7899f52966e80f19,40035ed5a20aa08e7ec06d161bdcbcc78df92f4882ca9194e959530ae3752c43,1,0
dataset_2_binary_clean_v2,train,train/images/nozzle_tip_wrapped_0301.jpg,train/labels/nozzle_tip_wrapped_0301.txt,143726,38,11dfd4ab3396c1cc1db34f04a112e3ae3d76e7b076c04743788616939c4396b5,40035ed5a20aa08e7ec06d161bdcbcc78df92f4882ca9194e959530ae3752c43,1,0
dataset_2_binary_clean_v2,train,train/images/nozzle_tip_wrapped_0302.jpg,train/labels/nozzle_tip_wrapped_0302.txt,139090,38,00495b2fc31e720897c516275354831cdc814e8709e22a391b67b274b8ad82b3,40035ed5a20aa08e7ec06d161bdcbcc78df92f4882ca9194e959530ae3752c43,1,0
dataset_2_binary_clean_v2,train,train/images/nozzle_tip_wrapped_0303.jpg,train/labels/nozzle_tip_wrapped_0303.txt,139638,38,1c217e308df11370ea3637c841d56b470c93bf443d4139389bc1babb1e0cbc34,40035ed5a20aa08e7ec06d161bdcbcc78df92f4882ca9194e959530ae3752c43,1,0
dataset_2_binary_clean_v2,train,train/images/nozzle_tip_wrapped_0304.jpg,train/labels/nozzle_tip_wrapped_0304.txt,144033,38,8efef9a904d044d8bce67676f4ad213bf884389edf4c31cee66bf863f7b14aeb,40035ed5a20aa08e7ec06d161bdcbcc78df92f4882ca9194e959530ae3752c43,1,0
dataset_2_binary_clean_v2,train,train/images/nozzle_tip_wrapped_0305.jpg,train/labels/nozzle_tip_wrapped_0305.txt,141867,38,fdd9082c41de5afe47c725107811ef194e64426d7de87d113b8f68d8cbf74a7c,40035ed5a20aa08e7ec06d161bdcbcc78df92f4882ca9194e959530ae3752c43,1,0
dataset_2_binary_clean_v2,train,train/images/nozzle_tip_wrapped_0306.jpg,train/labels/nozzle_tip_wrapped_0306.txt,134950,38,898a7e06ca099bfb8176a519c1eb0e3880c2fc6afb0dc5523ac0067e5c1193a4,40035ed5a20aa08e7ec06d161bdcbcc78df92f4882ca9194e959530ae3752c43,1,0
dataset_2_binary_clean_v2,train,train/images/nozzle_tip_wrapped_0307.jpg,train/labels/nozzle_tip_wrapped_0307.txt,138211,38,ce896e55fd1a9406358d8f411277338fabd56b114f5a65f397b797d7fe7bebe8,40035ed5a20aa08e7ec06d161bdcbcc78df92f4882ca9194e959530ae3752c43,1,0
dataset_2_binary_clean_v2,train,train/images/nozzle_tip_wrapped_0308.jpg,train/labels/nozzle_tip_wrapped_0308.txt,138921,38,56e4c6378688ee6721a15bd48e3500ef4e722d2c77adcd13a52c714ac861e8fe,40035ed5a20aa08e7ec06d161bdcbcc78df92f4882ca9194e959530ae3752c43,1,0
dataset_2_binary_clean_v2,train,train/images/nozzle_tip_wrapped_0309.jpg,train/labels/nozzle_tip_wrapped_0309.txt,147433,38,42cc7e6f6ab5d1316ddc86e06da6235868aa2a62a942ff8e50996e5b2fdbd1a9,40035ed5a20aa08e7ec06d161bdcbcc78df92f4882ca9194e959530ae3752c43,1,0
dataset_2_binary_clean_v2,train,train/images/nozzle_tip_wrapped_0310.jpg,train/labels/nozzle_tip_wrapped_0310.txt,145060,38,bb1484ae43c13a1912d5b7a81373de36e5495693065a5a2686bd80f27e42246f,40035ed5a20aa08e7ec06d161bdcbcc78df92f4882ca9194e959530ae3752c43,1,0
dataset_2_binary_clean_v2,train,train/images/nozzle_tip_wrapped_0311.jpg,train/labels/nozzle_tip_wrapped_0311.txt,143431,38,fea6d2e5e6db32c948c133f5ad8e11f3d675a8c9d986f9077c22de132d33503e,40035ed5a20aa08e7ec06d161bdcbcc78df92f4882ca9194e959530ae3752c43,1,0
dataset_2_binary_clean_v2,train,train/images/nozzle_tip_wrapped_0312.jpg,train/labels/nozzle_tip_wrapped_0312.txt,145489,38,755d8d3d0898d34bec58458deadcc2e34aedcdcb83c24517b23d2094335825c4,40035ed5a20aa08e7ec06d161bdcbcc78df92f4882ca9194e959530ae3752c43,1,0
dataset_2_binary_clean_v2,train,train/images/nozzle_tip_wrapped_0313.jpg,train/labels/nozzle_tip_wrapped_0313.txt,144945,38,76e140b033be7c5360877c6c4968431049ff2466b9e1f9e3454576f4756ae5ea,40035ed5a20aa08e7ec06d161bdcbcc78df92f4882ca9194e959530ae3752c43,1,0
dataset_2_binary_clean_v2,train,train/images/nozzle_tip_wrapped_0317.jpg,train/labels/nozzle_tip_wrapped_0317.txt,146743,38,cdc590c3c397ae6be8a324f7432d25cc5194943131df87a962276ea3b73e1065,40035ed5a20aa08e7ec06d161bdcbcc78df92f4882ca9194e959530ae3752c43,1,0
dataset_2_binary_clean_v2,train,train/images/nozzle_tip_wrapped_0321.jpg,train/labels/nozzle_tip_wrapped_0321.txt,144760,38,e9f57adaf5921bc1cf96efbc384a8ab5bb6bb5a6800c8b8a60ef4758ed3be271,40035ed5a20aa08e7ec06d161bdcbcc78df92f4882ca9194e959530ae3752c43,1,0
dataset_2_binary_clean_v2,train,train/images/nozzle_tip_wrapped_0322.jpg,train/labels/nozzle_tip_wrapped_0322.txt,147601,38,fb1472c7d2e277ddc82bae688ab8fda21a3676f97dbd741618bde9e6822586be,40035ed5a20aa08e7ec06d161bdcbcc78df92f4882ca9194e959530ae3752c43,1,0
dataset_2_binary_clean_v2,train,train/images/nozzle_tip_wrapped_0323.jpg,train/labels/nozzle_tip_wrapped_0323.txt,145610,38,d78b2542aed1ceb49a8fe2a25a1fa3cd6d6c98e792e3f8712189308b60173d90,40035ed5a20aa08e7ec06d161bdcbcc78df92f4882ca9194e959530ae3752c43,1,0
dataset_2_binary_clean_v2,train,train/images/nozzle_tip_wrapped_0324.jpg,train/labels/nozzle_tip_wrapped_0324.txt,147124,38,4ffb6d911ba40c2a09a42807c695a0276199e385cd0386f83aef64d38fdc9c26,40035ed5a20aa08e7ec06d161bdcbcc78df92f4882ca9194e959530ae3752c43,1,0
dataset_2_binary_clean_v2,train,train/images/nozzle_tip_wrapped_0325.jpg,train/labels/nozzle_tip_wrapped_0325.txt,148195,38,814261abbcd110f9d2846be65b8705e6bc8a630dcc4126d2985329eb9af8894a,40035ed5a20aa08e7ec06d161bdcbcc78df92f4882ca9194e959530ae3752c43,1,0
dataset_2_binary_clean_v2,train,train/images/nozzle_tip_wrapped_0326.jpg,train/labels/nozzle_tip_wrapped_0326.txt,147955,38,d0f0bbab27ac26f85c4d93780ca739323ee6d2f519706f0c97311371941fefbe,40035ed5a20aa08e7ec06d161bdcbcc78df92f4882ca9194e959530ae3752c43,1,0
dataset_2_binary_clean_v2,train,train/images/nozzle_tip_wrapped_0327.jpg,train/labels/nozzle_tip_wrapped_0327.txt,138891,38,8ef2b37cd2aa4f1748bb478b92903e02e4e944700076070bcd27ee195d085640,40035ed5a20aa08e7ec06d161bdcbcc78df92f4882ca9194e959530ae3752c43,1,0
dataset_2_binary_clean_v2,train,train/images/nozzle_tip_wrapped_0330.jpg,train/labels/nozzle_tip_wrapped_0330.txt,140150,38,c5f812777495bdb596ead36e38126e4744d87e46ffc85a395b632a5b5920aa97,40035ed5a20aa08e7ec06d161bdcbcc78df92f4882ca9194e959530ae3752c43,1,0
dataset_2_binary_clean_v2,train,train/images/nozzle_tip_wrapped_0331.jpg,train/labels/nozzle_tip_wrapped_0331.txt,136308,38,ba1d31468365bf96d958114c27ac69a098f2013329d9056d79d4a8e5d10bda4e,40035ed5a20aa08e7ec06d161bdcbcc78df92f4882ca9194e959530ae3752c43,1,0
dataset_2_binary_clean_v2,train,train/images/nozzle_tip_wrapped_0333.jpg,train/labels/nozzle_tip_wrapped_0333.txt,146182,38,a465364bfa5b95cfa688ccee0bb51b0a982cd7a37139135f4467414ed5a261dc,40035ed5a20aa08e7ec06d161bdcbcc78df92f4882ca9194e959530ae3752c43,1,0
dataset_2_binary_clean_v2,train,train/images/nozzle_tip_wrapped_0335.jpg,train/labels/nozzle_tip_wrapped_0335.txt,139203,38,d4f898057840149ccbd7803d959131fe3a2a0041d83b4bf4b36a92febc9568ba,40035ed5a20aa08e7ec06d161bdcbcc78df92f4882ca9194e959530ae3752c43,1,0
dataset_2_binary_clean_v2,train,train/images/nozzle_tip_wrapped_0336.jpg,train/labels/nozzle_tip_wrapped_0336.txt,146839,38,bb0e0b59c48372f53472f537374fe71e4646d4075b4a3ee8713b4692fb30fdbd,40035ed5a20aa08e7ec06d161bdcbcc78df92f4882ca9194e959530ae3752c43,1,0
dataset_2_binary_clean_v2,train,train/images/nozzle_tip_wrapped_0337.jpg,train/labels/nozzle_tip_wrapped_0337.txt,142418,38,0efc7a19fe5993b9ebf3137d18b46a7fced542ebe7173d0a973b45d236209838,40035ed5a20aa08e7ec06d161bdcbcc78df92f4882ca9194e959530ae3752c43,1,0
dataset_2_binary_clean_v2,train,train/images/nozzle_tip_wrapped_0340.jpg,train/labels/nozzle_tip_wrapped_0340.txt,135975,38,e935a748cc036646c5820a9a8dabb2c1599b69b3c46868ff66d5a1e6ab526dbc,40035ed5a20aa08e7ec06d161bdcbcc78df92f4882ca9194e959530ae3752c43,1,0
dataset_2_binary_clean_v2,train,train/images/nozzle_tip_wrapped_0341.jpg,train/labels/nozzle_tip_wrapped_0341.txt,138916,38,d89a8672176b8cc55d6845c4be8b68224657e428b2cff415ce23100a70f215f9,40035ed5a20aa08e7ec06d161bdcbcc78df92f4882ca9194e959530ae3752c43,1,0
dataset_2_binary_clean_v2,train,train/images/nozzle_tip_wrapped_0343.jpg,train/labels/nozzle_tip_wrapped_0343.txt,137900,38,67d64029450126ab328baeca5d909f4ab04790e8e463bb675f9cab78b920b92d,40035ed5a20aa08e7ec06d161bdcbcc78df92f4882ca9194e959530ae3752c43,1,0
dataset_2_binary_clean_v2,train,train/images/nozzle_tip_wrapped_0346.jpg,train/labels/nozzle_tip_wrapped_0346.txt,141307,38,b1c00e9d87adf4ddd907cf1e131d14448c77d477e84367727181e072332e6ec3,40035ed5a20aa08e7ec06d161bdcbcc78df92f4882ca9194e959530ae3752c43,1,0
dataset_2_binary_clean_v2,train,train/images/nozzle_tip_wrapped_0349.jpg,train/labels/nozzle_tip_wrapped_0349.txt,135328,38,3ba6736b23c902478b9d7b5908534239cf710793da72251382382a9aedffd8c5,40035ed5a20aa08e7ec06d161bdcbcc78df92f4882ca9194e959530ae3752c43,1,0
dataset_2_binary_clean_v2,train,train/images/nozzle_tip_wrapped_0350.jpg,train/labels/nozzle_tip_wrapped_0350.txt,138453,38,d5afea11013a13bf9ad01edb0c65a4228e25572262ebfc613a184db62ed29662,40035ed5a20aa08e7ec06d161bdcbcc78df92f4882ca9194e959530ae3752c43,1,0
dataset_2_binary_clean_v2,train,train/images/nozzle_tip_wrapped_0351.jpg,train/labels/nozzle_tip_wrapped_0351.txt,131427,38,bd01c84846242ea40fc35b71ab33e30ccab1fc94bc1717e26c38343bac3bf9f7,40035ed5a20aa08e7ec06d161bdcbcc78df92f4882ca9194e959530ae3752c43,1,0
dataset_2_binary_clean_v2,train,train/images/nozzle_tip_wrapped_0352.jpg,train/labels/nozzle_tip_wrapped_0352.txt,128412,38,8aec178a95283987e6d4c26a387330f5d986677db880acfc1a2bc3ebc11951e5,40035ed5a20aa08e7ec06d161bdcbcc78df92f4882ca9194e959530ae3752c43,1,0
dataset_2_binary_clean_v2,train,train/images/nozzle_tip_wrapped_0353.jpg,train/labels/nozzle_tip_wrapped_0353.txt,133940,38,57e3f88b6d83afcd78cab00392b4e5c69fdb1c4a6a2509cec1c413d066a419b7,40035ed5a20aa08e7ec06d161bdcbcc78df92f4882ca9194e959530ae3752c43,1,0
dataset_2_binary_clean_v2,train,train/images/nozzle_tip_wrapped_0354.jpg,train/labels/nozzle_tip_wrapped_0354.txt,120103,38,5ca30583270b2ae4ba8eff479c4dd21767a8d54b759bc38d9a88f00e9d1ab32e,40035ed5a20aa08e7ec06d161bdcbcc78df92f4882ca9194e959530ae3752c43,1,0
dataset_2_binary_clean_v2,train,train/images/nozzle_tip_wrapped_0355.jpg,train/labels/nozzle_tip_wrapped_0355.txt,125717,38,e7de8fbc58db50f55855d26f7d5c60260c236e605c60344f997196f61ebc10d9,40035ed5a20aa08e7ec06d161bdcbcc78df92f4882ca9194e959530ae3752c43,1,0
dataset_2_binary_clean_v2,train,train/images/nozzle_tip_wrapped_0356.jpg,train/labels/nozzle_tip_wrapped_0356.txt,128570,38,24d469ca22465bbc1813f99acbcc232cfc2ec197945e588007e07937967b8e39,40035ed5a20aa08e7ec06d161bdcbcc78df92f4882ca9194e959530ae3752c43,1,0
dataset_2_binary_clean_v2,train,train/images/nozzle_tip_wrapped_0358.jpg,train/labels/nozzle_tip_wrapped_0358.txt,122142,38,6e623f10bce451fa53c763fc220c862e9a534b8d0a14779287d147ece9ee07d4,40035ed5a20aa08e7ec06d161bdcbcc78df92f4882ca9194e959530ae3752c43,1,0
dataset_2_binary_clean_v2,train,train/images/nozzle_tip_wrapped_0359.jpg,train/labels/nozzle_tip_wrapped_0359.txt,124116,38,c6dc13a5fbb0f6f94209d897e56bbcaf2a35399a76c982ff01765977fb9d82ab,40035ed5a20aa08e7ec06d161bdcbcc78df92f4882ca9194e959530ae3752c43,1,0
dataset_2_binary_clean_v2,train,train/images/nozzle_tip_wrapped_0360.jpg,train/labels/nozzle_tip_wrapped_0360.txt,126881,38,90e9a432d99d3492c0200ce9c09a479042823fc4ddbce3dafc2bf2fdefbe0c15,40035ed5a20aa08e7ec06d161bdcbcc78df92f4882ca9194e959530ae3752c43,1,0
dataset_2_binary_clean_v2,train,train/images/nozzle_tip_wrapped_0362.jpg,train/labels/nozzle_tip_wrapped_0362.txt,130944,38,c8d1cfd7688dcdbd7cecf8acdf375e5ebc78209b6a0f2991aec47063fd43645b,40035ed5a20aa08e7ec06d161bdcbcc78df92f4882ca9194e959530ae3752c43,1,0
dataset_2_binary_clean_v2,train,train/images/nozzle_tip_wrapped_0364.jpg,train/labels/nozzle_tip_wrapped_0364.txt,126730,38,22cfcdc50943992c5226483698152ea10aa956c027780eeb942f605c329e4fdd,40035ed5a20aa08e7ec06d161bdcbcc78df92f4882ca9194e959530ae3752c43,1,0
dataset_2_binary_clean_v2,train,train/images/nozzle_tip_wrapped_0365.jpg,train/labels/nozzle_tip_wrapped_0365.txt,130873,38,8bbdf301334aa7caf067f6999656b6b8cfc8ccdf57226e81ddd35a980c78d631,40035ed5a20aa08e7ec06d161bdcbcc78df92f4882ca9194e959530ae3752c43,1,0
dataset_2_binary_clean_v2,train,train/images/nozzle_tip_wrapped_0366.jpg,train/labels/nozzle_tip_wrapped_0366.txt,128886,38,27e51dc6ee344f49ae60fc68c2c52d5d5e4a09c1493ee17b1239b2dfc94f60cc,40035ed5a20aa08e7ec06d161bdcbcc78df92f4882ca9194e959530ae3752c43,1,0
dataset_2_binary_clean_v2,train,train/images/nozzle_tip_wrapped_0368.jpg,train/labels/nozzle_tip_wrapped_0368.txt,127791,38,cee7c3caf92c4db874e133b28f34306caf2dd13dcedb5477e3bfe85401428f29,40035ed5a20aa08e7ec06d161bdcbcc78df92f4882ca9194e959530ae3752c43,1,0
dataset_2_binary_clean_v2,train,train/images/nozzle_tip_wrapped_0369.jpg,train/labels/nozzle_tip_wrapped_0369.txt,132463,38,5fbdfa33c834817ad814093375904b42aa3f316e00b05f4e83825a9e5673caf3,40035ed5a20aa08e7ec06d161bdcbcc78df92f4882ca9194e959530ae3752c43,1,0
dataset_2_binary_clean_v2,train,train/images/nozzle_tip_wrapped_0371.jpg,train/labels/nozzle_tip_wrapped_0371.txt,135394,38,a07538fe3cb1acb1c156567bd781504c8ed7e6432b45af18b88e5ad1b389134d,40035ed5a20aa08e7ec06d161bdcbcc78df92f4882ca9194e959530ae3752c43,1,0
dataset_2_binary_clean_v2,train,train/images/nozzle_tip_wrapped_0373.jpg,train/labels/nozzle_tip_wrapped_0373.txt,137540,38,6aceadafbba8515045a0d68f644d2816dacc2b5c461cbab0623805e7d684d94c,40035ed5a20aa08e7ec06d161bdcbcc78df92f4882ca9194e959530ae3752c43,1,0
dataset_2_binary_clean_v2,train,train/images/nozzle_tip_wrapped_0374.jpg,train/labels/nozzle_tip_wrapped_0374.txt,133295,38,6a9bb4d5e27f330a349be9aa09e1e2aee9fe7b0b2d81a27b8d0af2510abb5525,40035ed5a20aa08e7ec06d161bdcbcc78df92f4882ca9194e959530ae3752c43,1,0
dataset_2_binary_clean_v2,train,train/images/nozzle_tip_wrapped_0375.jpg,train/labels/nozzle_tip_wrapped_0375.txt,131887,38,9b462865f88132cb088dad610c5201b4727e971a42d55a6f9adb3ef2854f2667,40035ed5a20aa08e7ec06d161bdcbcc78df92f4882ca9194e959530ae3752c43,1,0
dataset_2_binary_clean_v2,train,train/images/nozzle_tip_wrapped_0377.jpg,train/labels/nozzle_tip_wrapped_0377.txt,135515,38,6466e5f1a65e49300d1e53483beee509747ab13357149955256d3316600f88a3,40035ed5a20aa08e7ec06d161bdcbcc78df92f4882ca9194e959530ae3752c43,1,0
dataset_2_binary_clean_v2,train,train/images/nozzle_tip_wrapped_0378.jpg,train/labels/nozzle_tip_wrapped_0378.txt,135717,38,2af894062404a43be2c60b3add12f613cc91660fe046a143bfcd04d8703248de,40035ed5a20aa08e7ec06d161bdcbcc78df92f4882ca9194e959530ae3752c43,1,0
dataset_2_binary_clean_v2,train,train/images/nozzle_tip_wrapped_0379.jpg,train/labels/nozzle_tip_wrapped_0379.txt,129608,38,ee71876c48cd1be1e3dd6812dcbc214641faab48f2c9f270e0f53af604b8830c,40035ed5a20aa08e7ec06d161bdcbcc78df92f4882ca9194e959530ae3752c43,1,0
dataset_2_binary_clean_v2,train,train/images/nozzle_tip_wrapped_0380.jpg,train/labels/nozzle_tip_wrapped_0380.txt,130319,38,0c85eac5381ed1260c6995d9e6e816ff8b9030e4eec35cd79766e68240e359fd,40035ed5a20aa08e7ec06d161bdcbcc78df92f4882ca9194e959530ae3752c43,1,0
dataset_2_binary_clean_v2,train,train/images/nozzle_tip_wrapped_0382.jpg,train/labels/nozzle_tip_wrapped_0382.txt,133845,38,d5cde44e9f1f49debbb7396d140f241e5413aff944154f90aa896e0b6913239d,40035ed5a20aa08e7ec06d161bdcbcc78df92f4882ca9194e959530ae3752c43,1,0
dataset_2_binary_clean_v2,train,train/images/nozzle_tip_wrapped_0383.jpg,train/labels/nozzle_tip_wrapped_0383.txt,133976,38,31d60803606d5feb49cd5569f24098ec057e02bcdae383b40618d4bd46e7f97f,40035ed5a20aa08e7ec06d161bdcbcc78df92f4882ca9194e959530ae3752c43,1,0
dataset_2_binary_clean_v2,train,train/images/nozzle_tip_wrapped_0386.jpg,train/labels/nozzle_tip_wrapped_0386.txt,131439,38,a8882fab7308df0dc9bdecf07c11853000427f2cdacf027c15f7558ebda05fc3,40035ed5a20aa08e7ec06d161bdcbcc78df92f4882ca9194e959530ae3752c43,1,0
dataset_2_binary_clean_v2,train,train/images/nozzle_tip_wrapped_0387.jpg,train/labels/nozzle_tip_wrapped_0387.txt,132171,38,1f3b8ae8b13b774751d5e1011e130dadd6b1384b8027ac8ee7f5c3f267661b30,40035ed5a20aa08e7ec06d161bdcbcc78df92f4882ca9194e959530ae3752c43,1,0
dataset_2_binary_clean_v2,train,train/images/nozzle_tip_wrapped_0389.jpg,train/labels/nozzle_tip_wrapped_0389.txt,124431,38,da0bf7fac1af0f4b0df4d640933a084519ba6e16b1ca8e1e63ac94765f896852,40035ed5a20aa08e7ec06d161bdcbcc78df92f4882ca9194e959530ae3752c43,1,0
dataset_2_binary_clean_v2,train,train/images/nozzle_tip_wrapped_0390.jpg,train/labels/nozzle_tip_wrapped_0390.txt,124924,38,11740f6e60f38b078d6aa21257d99fc92e3d722dccdf0fc745be5299d6d2ddab,40035ed5a20aa08e7ec06d161bdcbcc78df92f4882ca9194e959530ae3752c43,1,0
dataset_2_binary_clean_v2,train,train/images/nozzle_tip_wrapped_0392.jpg,train/labels/nozzle_tip_wrapped_0392.txt,116822,38,6e6a688c34c48171249490a71959faa673110f8896c8e10f2f5022fbfed168a1,40035ed5a20aa08e7ec06d161bdcbcc78df92f4882ca9194e959530ae3752c43,1,0
dataset_2_binary_clean_v2,train,train/images/nozzle_tip_wrapped_0393.jpg,train/labels/nozzle_tip_wrapped_0393.txt,126714,38,9f57463a583ac3c8068a72577798291676ca217b959260e748d3197b1624bf48,40035ed5a20aa08e7ec06d161bdcbcc78df92f4882ca9194e959530ae3752c43,1,0
dataset_2_binary_clean_v2,train,train/images/nozzle_tip_wrapped_0394.jpg,train/labels/nozzle_tip_wrapped_0394.txt,107213,38,caf746101918288526547096ed92756c2280c9d249220647b8dcf529893cbf74,40035ed5a20aa08e7ec06d161bdcbcc78df92f4882ca9194e959530ae3752c43,1,0
dataset_2_binary_clean_v2,train,train/images/nozzle_tip_wrapped_0395.jpg,train/labels/nozzle_tip_wrapped_0395.txt,123998,38,b9e914a31b37a833a16156bfd74db5ec03006a965ef19d872567141c75a0b646,40035ed5a20aa08e7ec06d161bdcbcc78df92f4882ca9194e959530ae3752c43,1,0
dataset_2_binary_clean_v2,train,train/images/nozzle_tip_wrapped_0396.jpg,train/labels/nozzle_tip_wrapped_0396.txt,128649,38,a2b6b5f76e41dd72730c56adea7bc6e7db89be5104eda51e6adf1ca6376ae3f5,40035ed5a20aa08e7ec06d161bdcbcc78df92f4882ca9194e959530ae3752c43,1,0
dataset_2_binary_clean_v2,train,train/images/nozzle_tip_wrapped_0397.jpg,train/labels/nozzle_tip_wrapped_0397.txt,124978,38,430cd8612bd8478d63a14a8194a17bacd5686fb04166b5a1eb8dc9f5f905d7d9,40035ed5a20aa08e7ec06d161bdcbcc78df92f4882ca9194e959530ae3752c43,1,0
dataset_2_binary_clean_v2,train,train/images/nozzle_tip_wrapped_0398.jpg,train/labels/nozzle_tip_wrapped_0398.txt,121198,38,e75887fac20045bbf262392415449fc316752c7c23796723dd79b03e31fc67f8,40035ed5a20aa08e7ec06d161bdcbcc78df92f4882ca9194e959530ae3752c43,1,0
dataset_2_binary_clean_v2,train,train/images/nozzle_tip_wrapped_0399.jpg,train/labels/nozzle_tip_wrapped_0399.txt,130038,38,7edde9f31abb396d8217c64a18b2ff20d4b35bded0c660b46b10f86fbb64f6c4,40035ed5a20aa08e7ec06d161bdcbcc78df92f4882ca9194e959530ae3752c43,1,0
dataset_2_binary_clean_v2,train,train/images/nozzle_tip_wrapped_0405.jpg,train/labels/nozzle_tip_wrapped_0405.txt,113276,38,e27390c69c2482f7145764030ccb974b68f4fbfa18c4f3b310ee461ade7fd401,40035ed5a20aa08e7ec06d161bdcbcc78df92f4882ca9194e959530ae3752c43,1,0
dataset_2_binary_clean_v2,train,train/images/nozzle_tip_wrapped_0406.jpg,train/labels/nozzle_tip_wrapped_0406.txt,111958,38,298338df23d810445f9551d40af8ff92e3b19a122e2d2aaddea96092dbd13a09,40035ed5a20aa08e7ec06d161bdcbcc78df92f4882ca9194e959530ae3752c43,1,0
dataset_2_binary_clean_v2,train,train/images/nozzle_tip_wrapped_0412.jpg,train/labels/nozzle_tip_wrapped_0412.txt,127824,38,4a8ece7937e25b65d6962b21a57417866da22f35d7ac373ce1dbfe303b4a33b7,40035ed5a20aa08e7ec06d161bdcbcc78df92f4882ca9194e959530ae3752c43,1,0
dataset_2_binary_clean_v2,train,train/images/nozzle_tip_wrapped_0413.jpg,train/labels/nozzle_tip_wrapped_0413.txt,108122,38,a99e9f9c439a5c182d39e49508dc06c6526f5193e353bed4329ce419f3e11e80,40035ed5a20aa08e7ec06d161bdcbcc78df92f4882ca9194e959530ae3752c43,1,0
dataset_2_binary_clean_v2,train,train/images/nozzle_tip_wrapped_0415.jpg,train/labels/nozzle_tip_wrapped_0415.txt,129032,38,19b0f8709e2111c126087020cce4ba9c407f09c8e64821a6fc2de92092755600,40035ed5a20aa08e7ec06d161bdcbcc78df92f4882ca9194e959530ae3752c43,1,0
dataset_2_binary_clean_v2,train,train/images/nozzle_tip_wrapped_0416.jpg,train/labels/nozzle_tip_wrapped_0416.txt,130354,38,2f10f895e3247c6704c9af0e01e8a1e7c9219b803d45c05a476b90d673504862,40035ed5a20aa08e7ec06d161bdcbcc78df92f4882ca9194e959530ae3752c43,1,0
dataset_2_binary_clean_v2,train,train/images/nozzle_tip_wrapped_0417.jpg,train/labels/nozzle_tip_wrapped_0417.txt,122867,38,969253b49db3945a5809fb872b8f4d5547e67f1fb95169c6e492ee2bb35ff5d9,40035ed5a20aa08e7ec06d161bdcbcc78df92f4882ca9194e959530ae3752c43,1,0
dataset_2_binary_clean_v2,train,train/images/nozzle_tip_wrapped_0418.jpg,train/labels/nozzle_tip_wrapped_0418.txt,129674,38,bb258448ca7a7d1b3e4ba8c04d0ba74176e7370bf32e808003933745aaf5a277,40035ed5a20aa08e7ec06d161bdcbcc78df92f4882ca9194e959530ae3752c43,1,0
dataset_2_binary_clean_v2,train,train/images/nozzle_tip_wrapped_0419.jpg,train/labels/nozzle_tip_wrapped_0419.txt,128287,38,c7e421018153501013f7873fce4ee0cff84f3bb4c733fe830422b8e680505c22,40035ed5a20aa08e7ec06d161bdcbcc78df92f4882ca9194e959530ae3752c43,1,0
dataset_2_binary_clean_v2,train,train/images/nozzle_tip_wrapped_0420.jpg,train/labels/nozzle_tip_wrapped_0420.txt,126221,38,e7455dd0556f17d9fb9b3e65db0150d7f7b41599204293bcef51921ea055410b,40035ed5a20aa08e7ec06d161bdcbcc78df92f4882ca9194e959530ae3752c43,1,0
dataset_2_binary_clean_v2,train,train/images/nozzle_tip_wrapped_0421.jpg,train/labels/nozzle_tip_wrapped_0421.txt,124287,38,4d217f3b32d062cb28e55701f065f31fd54a22d367723b0e6fbe854c5c0c7b67,40035ed5a20aa08e7ec06d161bdcbcc78df92f4882ca9194e959530ae3752c43,1,0
dataset_2_binary_clean_v2,train,train/images/nozzle_tip_wrapped_0422.jpg,train/labels/nozzle_tip_wrapped_0422.txt,123458,38,f795d91dde415b303f3c659c227d30f1a8da4a46e18001db9e276b5b394abf12,40035ed5a20aa08e7ec06d161bdcbcc78df92f4882ca9194e959530ae3752c43,1,0
dataset_2_binary_clean_v2,train,train/images/nozzle_tip_wrapped_0425.jpg,train/labels/nozzle_tip_wrapped_0425.txt,121023,38,9ec335052ffb5dac4bc04f3c075bb34b2fd5f484bc635b9259f737c32e1aa4b6,40035ed5a20aa08e7ec06d161bdcbcc78df92f4882ca9194e959530ae3752c43,1,0
dataset_2_binary_clean_v2,train,train/images/nozzle_tip_wrapped_0426.jpg,train/labels/nozzle_tip_wrapped_0426.txt,106340,38,e9bd0a65a4f31b7e9544854ec41959014a72c6ce0c90520a19e420ebf574af53,40035ed5a20aa08e7ec06d161bdcbcc78df92f4882ca9194e959530ae3752c43,1,0
dataset_2_binary_clean_v2,train,train/images/nozzle_tip_wrapped_0428.jpg,train/labels/nozzle_tip_wrapped_0428.txt,129339,38,9de01250dad62558ea38544997884216cf580adf7cb6f39eeaa41c6fae5fa279,40035ed5a20aa08e7ec06d161bdcbcc78df92f4882ca9194e959530ae3752c43,1,0
dataset_2_binary_clean_v2,train,train/images/nozzle_tip_wrapped_0429.jpg,train/labels/nozzle_tip_wrapped_0429.txt,130185,38,40331a83744214dc5cc0d7af26c246c302bcfdda70969d5da5add7b51f877adc,40035ed5a20aa08e7ec06d161bdcbcc78df92f4882ca9194e959530ae3752c43,1,0
dataset_2_binary_clean_v2,train,train/images/nozzle_tip_wrapped_0430.jpg,train/labels/nozzle_tip_wrapped_0430.txt,123549,38,52bd61e49b816d4dbbecd29880f8bcb4bd252154ec0d1401b36d0aeefeb0dd40,40035ed5a20aa08e7ec06d161bdcbcc78df92f4882ca9194e959530ae3752c43,1,0
dataset_2_binary_clean_v2,train,train/images/nozzle_tip_wrapped_0431.jpg,train/labels/nozzle_tip_wrapped_0431.txt,124790,38,d990d82a0aae7c041ca9cd55928f5c031287d17c0f2860e6c2efd8b1a42a8a4b,40035ed5a20aa08e7ec06d161bdcbcc78df92f4882ca9194e959530ae3752c43,1,0
dataset_2_binary_clean_v2,train,train/images/nozzle_tip_wrapped_0432.jpg,train/labels/nozzle_tip_wrapped_0432.txt,120522,38,02afdd978e58295fa446ce1105eb6d44b452e28e6c35c88b1155ddd3524381ee,40035ed5a20aa08e7ec06d161bdcbcc78df92f4882ca9194e959530ae3752c43,1,0
dataset_2_binary_clean_v2,train,train/images/nozzle_tip_wrapped_0433.jpg,train/labels/nozzle_tip_wrapped_0433.txt,123657,38,45dd591b76e734492f2c5a299b630b46b4e37b549d556b284662ac1dca1224e8,40035ed5a20aa08e7ec06d161bdcbcc78df92f4882ca9194e959530ae3752c43,1,0
dataset_2_binary_clean_v2,train,train/images/nozzle_tip_wrapped_0435.jpg,train/labels/nozzle_tip_wrapped_0435.txt,127633,38,3ec4b6fbcc4c069a3bee10fe27023a87fae05d54e89d939d05b9a72f8216c027,40035ed5a20aa08e7ec06d161bdcbcc78df92f4882ca9194e959530ae3752c43,1,0
dataset_2_binary_clean_v2,train,train/images/nozzle_tip_wrapped_0436.jpg,train/labels/nozzle_tip_wrapped_0436.txt,106576,38,a942c05d0dbaaaa88f4e43e0452b9497652baf468f2777271f55c48401b38bbd,40035ed5a20aa08e7ec06d161bdcbcc78df92f4882ca9194e959530ae3752c43,1,0
dataset_2_binary_clean_v2,train,train/images/nozzle_tip_wrapped_0437.jpg,train/labels/nozzle_tip_wrapped_0437.txt,133861,38,240e3a14df67d5c0591b52f738ed2bd534f071d2655e707e71f8e0c0de082a1f,40035ed5a20aa08e7ec06d161bdcbcc78df92f4882ca9194e959530ae3752c43,1,0
dataset_2_binary_clean_v2,train,train/images/nozzle_tip_wrapped_0438.jpg,train/labels/nozzle_tip_wrapped_0438.txt,133643,38,6e6d2f5861f999afd6380c360bc2c0d964ac829c343304e2dd3900ea6ab0d309,40035ed5a20aa08e7ec06d161bdcbcc78df92f4882ca9194e959530ae3752c43,1,0
dataset_2_binary_clean_v2,train,train/images/nozzle_tip_wrapped_0439.jpg,train/labels/nozzle_tip_wrapped_0439.txt,129450,38,b3eb3b3f7e20c5b96e9792e2590c28b779411d55c2a06049eee1ae1da5872b75,40035ed5a20aa08e7ec06d161bdcbcc78df92f4882ca9194e959530ae3752c43,1,0
dataset_2_binary_clean_v2,train,train/images/nozzle_tip_wrapped_0440.jpg,train/labels/nozzle_tip_wrapped_0440.txt,132685,38,cf5b01981f66bb8878bda0ad032e2c6954fe6081d84e283483dfa831a62a6286,40035ed5a20aa08e7ec06d161bdcbcc78df92f4882ca9194e959530ae3752c43,1,0
dataset_2_binary_clean_v2,train,train/images/nozzle_tip_wrapped_0441.jpg,train/labels/nozzle_tip_wrapped_0441.txt,130321,38,1be805253fb89d227fe1f55195faf888f96a67693fcc59839e04def8738ff44c,40035ed5a20aa08e7ec06d161bdcbcc78df92f4882ca9194e959530ae3752c43,1,0
dataset_2_binary_clean_v2,train,train/images/nozzle_tip_wrapped_0448.jpg,train/labels/nozzle_tip_wrapped_0448.txt,127824,38,68ea9d11e763508376b0bc7ae97ca454fcb23f7051300f9f94bc95bf6b1a1adf,40035ed5a20aa08e7ec06d161bdcbcc78df92f4882ca9194e959530ae3752c43,1,0
dataset_2_binary_clean_v2,train,train/images/nozzle_tip_wrapped_0449.jpg,train/labels/nozzle_tip_wrapped_0449.txt,107911,38,20720fcf7b3ba5725a0b508d7b58d6f25fbf7d54c1780b1a74d6e470945d4f00,40035ed5a20aa08e7ec06d161bdcbcc78df92f4882ca9194e959530ae3752c43,1,0
dataset_2_binary_clean_v2,train,train/images/nozzle_tip_wrapped_0450.jpg,train/labels/nozzle_tip_wrapped_0450.txt,129260,38,ad788d98e459256ed40dece50cdb675d2d99b2e25d5b931a060bc72857069e2e,40035ed5a20aa08e7ec06d161bdcbcc78df92f4882ca9194e959530ae3752c43,1,0
dataset_2_binary_clean_v2,train,train/images/nozzle_tip_wrapped_0451.jpg,train/labels/nozzle_tip_wrapped_0451.txt,123314,38,2e987769bf923c088c52d24d6bc5dc99b88a7ca73b0d4df6039ba39c638dd68d,40035ed5a20aa08e7ec06d161bdcbcc78df92f4882ca9194e959530ae3752c43,1,0
dataset_2_binary_clean_v2,train,train/images/nozzle_tip_wrapped_0452.jpg,train/labels/nozzle_tip_wrapped_0452.txt,119155,38,bd53500e67a1f09e4014768a61044a40ee2c23d0be7545e576b5061493894ff9,40035ed5a20aa08e7ec06d161bdcbcc78df92f4882ca9194e959530ae3752c43,1,0
dataset_2_binary_clean_v2,train,train/images/nozzle_tip_wrapped_0453.jpg,train/labels/nozzle_tip_wrapped_0453.txt,118598,38,ff3d08fb58ffb1dcb310b7496b8c751f72a6bca5e4d8c24ecde146faca82230f,40035ed5a20aa08e7ec06d161bdcbcc78df92f4882ca9194e959530ae3752c43,1,0
dataset_2_binary_clean_v2,train,train/images/nozzle_tip_wrapped_0454.jpg,train/labels/nozzle_tip_wrapped_0454.txt,124491,38,673dce4826dc23f2684ec4d6deac0d25d0247e6bc259496572d9dbe3c67c3e3f,40035ed5a20aa08e7ec06d161bdcbcc78df92f4882ca9194e959530ae3752c43,1,0
dataset_2_binary_clean_v2,train,train/images/nozzle_tip_wrapped_0455.jpg,train/labels/nozzle_tip_wrapped_0455.txt,124602,38,e75792791f2585aa0fdec48dc8d6f85e96a370cb3d6b5d1bd9c5d23b25573e54,40035ed5a20aa08e7ec06d161bdcbcc78df92f4882ca9194e959530ae3752c43,1,0
dataset_2_binary_clean_v2,train,train/images/nozzle_tip_wrapped_0459.jpg,train/labels/nozzle_tip_wrapped_0459.txt,131042,38,9bc085913ab0d92875576dabc0583226656f6073c6bdb2327cae38affe757677,40035ed5a20aa08e7ec06d161bdcbcc78df92f4882ca9194e959530ae3752c43,1,0
dataset_2_binary_clean_v2,train,train/images/nozzle_tip_wrapped_0460.jpg,train/labels/nozzle_tip_wrapped_0460.txt,132665,38,a29548d1e9080a2512d8e64187e3a1d28ceb9a6da75aff284ad1a8b65b0d8be7,40035ed5a20aa08e7ec06d161bdcbcc78df92f4882ca9194e959530ae3752c43,1,0
dataset_2_binary_clean_v2,train,train/images/nozzle_tip_wrapped_0461.jpg,train/labels/nozzle_tip_wrapped_0461.txt,131343,38,e576c6e0cc54bb0cd8f2485c8e6e96fbc537c373e040f92a466dbe1f12007e0e,40035ed5a20aa08e7ec06d161bdcbcc78df92f4882ca9194e959530ae3752c43,1,0
dataset_2_binary_clean_v2,train,train/images/nozzle_tip_wrapped_0462.jpg,train/labels/nozzle_tip_wrapped_0462.txt,132972,38,e881c9af707b35f09f823b2c36400c6a3e0cae2dbafb05fdec7b3a0191386058,40035ed5a20aa08e7ec06d161bdcbcc78df92f4882ca9194e959530ae3752c43,1,0
dataset_2_binary_clean_v2,train,train/images/nozzle_tip_wrapped_0463.jpg,train/labels/nozzle_tip_wrapped_0463.txt,127823,38,668cae1b2b2d91ee02a59e69a784430c4a9ee8ac65cf2bfdc0dd92607d32b67e,40035ed5a20aa08e7ec06d161bdcbcc78df92f4882ca9194e959530ae3752c43,1,0
dataset_2_binary_clean_v2,train,train/images/nozzle_tip_wrapped_0464.jpg,train/labels/nozzle_tip_wrapped_0464.txt,131466,38,dd6f8a600fefff1011ba5a42eb64930a678fe1480639406ef1f502c59a1dc7b8,40035ed5a20aa08e7ec06d161bdcbcc78df92f4882ca9194e959530ae3752c43,1,0
dataset_2_binary_clean_v2,train,train/images/nozzle_tip_wrapped_0465.jpg,train/labels/nozzle_tip_wrapped_0465.txt,137890,38,aa78967dcc85b79d3badedfe4d66c3185097a8aa79b9d3333e41bdb9d1004b64,40035ed5a20aa08e7ec06d161bdcbcc78df92f4882ca9194e959530ae3752c43,1,0
dataset_2_binary_clean_v2,train,train/images/nozzle_tip_wrapped_0466.jpg,train/labels/nozzle_tip_wrapped_0466.txt,135761,38,9c0c05f5d234b90fdbe92151093b184cdf8684d8b3bbfe83c2083370515912dd,40035ed5a20aa08e7ec06d161bdcbcc78df92f4882ca9194e959530ae3752c43,1,0
dataset_2_binary_clean_v2,train,train/images/nozzle_tip_wrapped_0467.jpg,train/labels/nozzle_tip_wrapped_0467.txt,134019,38,20961302118b94a016fb45c95ebac688f4f8c19af97ce9fbf0810ca8812af243,40035ed5a20aa08e7ec06d161bdcbcc78df92f4882ca9194e959530ae3752c43,1,0
dataset_2_binary_clean_v2,train,train/images/nozzle_tip_wrapped_0474.jpg,train/labels/nozzle_tip_wrapped_0474.txt,116143,38,1e2753a2af85a9a47d19eec3d5331a74457c34f85758eb0fcfcb6f937c6fe797,40035ed5a20aa08e7ec06d161bdcbcc78df92f4882ca9194e959530ae3752c43,1,0
dataset_2_binary_clean_v2,train,train/images/nozzle_tip_wrapped_0480.jpg,train/labels/nozzle_tip_wrapped_0480.txt,119320,38,a6eb9270ae8909e0c806d68fa6c454754f7236160e5f506038a8e664740edeca,40035ed5a20aa08e7ec06d161bdcbcc78df92f4882ca9194e959530ae3752c43,1,0
dataset_2_binary_clean_v2,train,train/images/nozzle_tip_wrapped_0481.jpg,train/labels/nozzle_tip_wrapped_0481.txt,120155,38,6800ed2a1bded926654ed8b6afb1b57cf7e5343840d938026703d88d265679a3,40035ed5a20aa08e7ec06d161bdcbcc78df92f4882ca9194e959530ae3752c43,1,0
dataset_2_binary_clean_v2,train,train/images/nozzle_tip_wrapped_0482.jpg,train/labels/nozzle_tip_wrapped_0482.txt,118535,38,cf49c62b2a70d163d5915c98b6979fea7e4155eef6dd482a151ac3843d6eeb12,40035ed5a20aa08e7ec06d161bdcbcc78df92f4882ca9194e959530ae3752c43,1,0
dataset_2_binary_clean_v2,train,train/images/nozzle_tip_wrapped_0483.jpg,train/labels/nozzle_tip_wrapped_0483.txt,112085,38,4625f26c0fe72b63b80a4d4e0853e61733094a57e85d634f0404f276e60a3c6d,40035ed5a20aa08e7ec06d161bdcbcc78df92f4882ca9194e959530ae3752c43,1,0
dataset_2_binary_clean_v2,train,train/images/nozzle_tip_wrapped_0485.jpg,train/labels/nozzle_tip_wrapped_0485.txt,116631,38,85c746ddd3224f737ec776cab527fce25af5c3b20b33b909b6a683e3e5d3affc,40035ed5a20aa08e7ec06d161bdcbcc78df92f4882ca9194e959530ae3752c43,1,0
dataset_2_binary_clean_v2,train,train/images/nozzle_tip_wrapped_0486.jpg,train/labels/nozzle_tip_wrapped_0486.txt,128955,38,ed4971bf5292acbfb759c5caa891d8abe9ed7c7dccc470cf0a3c42620e5cb7ae,40035ed5a20aa08e7ec06d161bdcbcc78df92f4882ca9194e959530ae3752c43,1,0
dataset_2_binary_clean_v2,train,train/images/nozzle_tip_wrapped_0487.jpg,train/labels/nozzle_tip_wrapped_0487.txt,131441,38,ee5fe473c3b47fbc36c45e124e0c656ad407f57b2ada445692a8568dc150b5eb,40035ed5a20aa08e7ec06d161bdcbcc78df92f4882ca9194e959530ae3752c43,1,0
dataset_2_binary_clean_v2,train,train/images/nozzle_tip_wrapped_0493.jpg,train/labels/nozzle_tip_wrapped_0493.txt,132053,38,06037a1a1f1ffed0b242e8d13581744e70a787e72035d3b72fdf119b81610d4f,40035ed5a20aa08e7ec06d161bdcbcc78df92f4882ca9194e959530ae3752c43,1,0
dataset_2_binary_clean_v2,train,train/images/nozzle_tip_wrapped_0495.jpg,train/labels/nozzle_tip_wrapped_0495.txt,134108,38,184fd070a96b67e2105271049d67cd4e642637b1de3b92e8f3c543b35189d91c,40035ed5a20aa08e7ec06d161bdcbcc78df92f4882ca9194e959530ae3752c43,1,0
dataset_2_binary_clean_v2,train,train/images/nozzle_tip_wrapped_0500.jpg,train/labels/nozzle_tip_wrapped_0500.txt,131000,38,f9e39e19efed0779935468124092efafc10f9ce9688fb78414060e3ece80044c,40035ed5a20aa08e7ec06d161bdcbcc78df92f4882ca9194e959530ae3752c43,1,0
dataset_2_binary_clean_v2,train,train/images/nozzle_tip_wrapped_0502.jpg,train/labels/nozzle_tip_wrapped_0502.txt,125817,38,21f92711fba8dbcf67c4a9247a11b8b132cc87c616bf9d839bde2bd154302b09,40035ed5a20aa08e7ec06d161bdcbcc78df92f4882ca9194e959530ae3752c43,1,0
dataset_2_binary_clean_v2,train,train/images/nozzle_tip_wrapped_0504.jpg,train/labels/nozzle_tip_wrapped_0504.txt,125837,38,6217d2985c8a2bdcbbf31ea98e09485336d5bbde956679344217b55fd9959082,40035ed5a20aa08e7ec06d161bdcbcc78df92f4882ca9194e959530ae3752c43,1,0
dataset_2_binary_clean_v2,train,train/images/nozzle_tip_wrapped_0508.jpg,train/labels/nozzle_tip_wrapped_0508.txt,128804,38,17c5867ebe34bbf9f39b8ae06cfdf501385c11b36e2a9e664cb2152d4f697125,40035ed5a20aa08e7ec06d161bdcbcc78df92f4882ca9194e959530ae3752c43,1,0
dataset_2_binary_clean_v2,train,train/images/nozzle_tip_wrapped_0509.jpg,train/labels/nozzle_tip_wrapped_0509.txt,124286,38,c3dfa4033ab8c02b42be3d528d9e08435e3cd852887f4b596484cbdc7eae81fc,40035ed5a20aa08e7ec06d161bdcbcc78df92f4882ca9194e959530ae3752c43,1,0
dataset_2_binary_clean_v2,train,train/images/nozzle_tip_wrapped_0513.jpg,train/labels/nozzle_tip_wrapped_0513.txt,124733,38,90cea17623d575c8864328b19ba5d75976bdbe9bf13369fc3f08fa64b6ac798e,40035ed5a20aa08e7ec06d161bdcbcc78df92f4882ca9194e959530ae3752c43,1,0
dataset_2_binary_clean_v2,train,train/images/nozzle_tip_wrapped_0514.jpg,train/labels/nozzle_tip_wrapped_0514.txt,121294,38,4d2ad652c591bc8334b2e22ec938baf3c909801853760ed283e4ae8b07c65b12,40035ed5a20aa08e7ec06d161bdcbcc78df92f4882ca9194e959530ae3752c43,1,0
dataset_2_binary_clean_v2,train,train/images/nozzle_tip_wrapped_0515.jpg,train/labels/nozzle_tip_wrapped_0515.txt,119276,38,e24ca69bf7b82dfe96147d2d798190c0673ba98abd1cd2299b117f9163e3b87d,40035ed5a20aa08e7ec06d161bdcbcc78df92f4882ca9194e959530ae3752c43,1,0
dataset_2_binary_clean_v2,train,train/images/nozzle_tip_wrapped_0517.jpg,train/labels/nozzle_tip_wrapped_0517.txt,103590,38,d95d9aa426f79600e0f899d9364b3f0842de99a23c89bf47b2b6397b50e372a1,40035ed5a20aa08e7ec06d161bdcbcc78df92f4882ca9194e959530ae3752c43,1,0
dataset_2_binary_clean_v2,train,train/images/nozzle_tip_wrapped_0518.jpg,train/labels/nozzle_tip_wrapped_0518.txt,122411,38,e752d3217f0998d8326ee379d023e36c9ff1a826ee93d74df7f65674b2b44e5a,40035ed5a20aa08e7ec06d161bdcbcc78df92f4882ca9194e959530ae3752c43,1,0
dataset_2_binary_clean_v2,train,train/images/nozzle_tip_wrapped_0521.jpg,train/labels/nozzle_tip_wrapped_0521.txt,116363,38,d91927be0d4850468672f696a3583738f6975e0ce3e3c20f7971e7b8270ea5ca,40035ed5a20aa08e7ec06d161bdcbcc78df92f4882ca9194e959530ae3752c43,1,0
dataset_2_binary_clean_v2,train,train/images/nozzle_tip_wrapped_0526.jpg,train/labels/nozzle_tip_wrapped_0526.txt,119752,38,36b82ed9231748456b1322563881b7db4fa277bd5ff92123093facde41c69618,40035ed5a20aa08e7ec06d161bdcbcc78df92f4882ca9194e959530ae3752c43,1,0
dataset_2_binary_clean_v2,train,train/images/nozzle_tip_wrapped_0527.jpg,train/labels/nozzle_tip_wrapped_0527.txt,120257,38,2d92ab3073e87d52f446b32584145e8c2b8ba4b9fea3375e088121002715e580,40035ed5a20aa08e7ec06d161bdcbcc78df92f4882ca9194e959530ae3752c43,1,0
dataset_2_binary_clean_v2,train,train/images/nozzle_tip_wrapped_0528.jpg,train/labels/nozzle_tip_wrapped_0528.txt,102591,38,474dd9d4f1e33db8d029f7e12efbc5eebca8c46ab465a45f14e4e8004faf6372,40035ed5a20aa08e7ec06d161bdcbcc78df92f4882ca9194e959530ae3752c43,1,0
dataset_2_binary_clean_v2,train,train/images/nozzle_tip_wrapped_0529.jpg,train/labels/nozzle_tip_wrapped_0529.txt,116657,38,d13df85ce63e2fda629312b992c9091e2b9c07eb32638e6c5a7b8eea9efd0a03,40035ed5a20aa08e7ec06d161bdcbcc78df92f4882ca9194e959530ae3752c43,1,0
dataset_2_binary_clean_v2,train,train/images/nozzle_tip_wrapped_0530.jpg,train/labels/nozzle_tip_wrapped_0530.txt,119952,38,b409e6d4236215cb90df59273486273e0f7a1baa5da0f7d31a5af1cca1ae461b,40035ed5a20aa08e7ec06d161bdcbcc78df92f4882ca9194e959530ae3752c43,1,0
dataset_2_binary_clean_v2,train,train/images/nozzle_tip_wrapped_0531.jpg,train/labels/nozzle_tip_wrapped_0531.txt,98895,38,f39161f5847ca2acd884befa0e6f0ecc859e1544ec687bc78365c097b7a6c29e,40035ed5a20aa08e7ec06d161bdcbcc78df92f4882ca9194e959530ae3752c43,1,0
dataset_2_binary_clean_v2,train,train/images/nozzle_tip_wrapped_0532.jpg,train/labels/nozzle_tip_wrapped_0532.txt,122621,38,1d5892219ab97e8c1b8a66f31e9cd5ff1d7d860a9c261ac7124182dd49594a3a,40035ed5a20aa08e7ec06d161bdcbcc78df92f4882ca9194e959530ae3752c43,1,0
dataset_2_binary_clean_v2,train,train/images/nozzle_tip_wrapped_0533.jpg,train/labels/nozzle_tip_wrapped_0533.txt,121302,38,8d7290433209f5a482a6b9b3748205775a8324ed085ad641c0737c54e0cba142,40035ed5a20aa08e7ec06d161bdcbcc78df92f4882ca9194e959530ae3752c43,1,0
dataset_2_binary_clean_v2,train,train/images/nozzle_tip_wrapped_0534.jpg,train/labels/nozzle_tip_wrapped_0534.txt,118835,38,46f6eb3bb24c8bcedc7fda594f9a4cd93f69c8d8d21015ea8737a0abeaa64a79,40035ed5a20aa08e7ec06d161bdcbcc78df92f4882ca9194e959530ae3752c43,1,0
dataset_2_binary_clean_v2,train,train/images/nozzle_tip_wrapped_0535.jpg,train/labels/nozzle_tip_wrapped_0535.txt,122909,38,92a19a15cf4fe3a58cd699aa7e9e72830bc45ae56cd786f27d7ee1fc568f4214,40035ed5a20aa08e7ec06d161bdcbcc78df92f4882ca9194e959530ae3752c43,1,0
dataset_2_binary_clean_v2,train,train/images/nozzle_tip_wrapped_0536.jpg,train/labels/nozzle_tip_wrapped_0536.txt,130762,38,bc3a4cd7b27f9267b4c9ad670604e78ea80177cfee391faa59f82a460c1ea004,40035ed5a20aa08e7ec06d161bdcbcc78df92f4882ca9194e959530ae3752c43,1,0
dataset_2_binary_clean_v2,train,train/images/nozzle_tip_wrapped_0537.jpg,train/labels/nozzle_tip_wrapped_0537.txt,129133,38,faa18e23d2102ab27e9f5f5350c64b9a0e680af8042a495db4f099a1a8cad648,40035ed5a20aa08e7ec06d161bdcbcc78df92f4882ca9194e959530ae3752c43,1,0
dataset_2_binary_clean_v2,train,train/images/nozzle_tip_wrapped_0538.jpg,train/labels/nozzle_tip_wrapped_0538.txt,125703,38,72ab230358b25853901c09b9b635d273a13b17cbd1266519e9b37b67cb1387a5,40035ed5a20aa08e7ec06d161bdcbcc78df92f4882ca9194e959530ae3752c43,1,0
dataset_2_binary_clean_v2,train,train/images/nozzle_tip_wrapped_0539.jpg,train/labels/nozzle_tip_wrapped_0539.txt,111722,38,caf643e148b651cd3d653eafb9eb0999310e78f9f8d286b6caf0176451947ba7,40035ed5a20aa08e7ec06d161bdcbcc78df92f4882ca9194e959530ae3752c43,1,0
dataset_2_binary_clean_v2,train,train/images/nozzle_tip_wrapped_0540.jpg,train/labels/nozzle_tip_wrapped_0540.txt,122732,38,71b3ce9e5f92e9bcd082d5d8429ae14b338b572135eee42c23d6a3db968d12f6,40035ed5a20aa08e7ec06d161bdcbcc78df92f4882ca9194e959530ae3752c43,1,0
dataset_2_binary_clean_v2,train,train/images/nozzle_tip_wrapped_0541.jpg,train/labels/nozzle_tip_wrapped_0541.txt,126366,38,b121e4a312c0e7822c146490f7765d35ca88c93da9509e4ed5a69671fa6da093,40035ed5a20aa08e7ec06d161bdcbcc78df92f4882ca9194e959530ae3752c43,1,0
dataset_2_binary_clean_v2,train,train/images/nozzle_tip_wrapped_0543.jpg,train/labels/nozzle_tip_wrapped_0543.txt,122211,38,90d48b15f7904ed2522a5fe68b2c1bb6811058a9c7ada81599f77d3e2408ccfd,40035ed5a20aa08e7ec06d161bdcbcc78df92f4882ca9194e959530ae3752c43,1,0
dataset_2_binary_clean_v2,train,train/images/nozzle_tip_wrapped_0544.jpg,train/labels/nozzle_tip_wrapped_0544.txt,96657,38,e086ddc75c449bdd8b77eae674f772d4e18bb04c6740c311210b4644ad90ff0c,40035ed5a20aa08e7ec06d161bdcbcc78df92f4882ca9194e959530ae3752c43,1,0
dataset_2_binary_clean_v2,train,train/images/nozzle_tip_wrapped_0545.jpg,train/labels/nozzle_tip_wrapped_0545.txt,114766,38,12dd1624221420ebc78e83b5d3369798a92be80a3f9c05e30bfd80b583bc014a,40035ed5a20aa08e7ec06d161bdcbcc78df92f4882ca9194e959530ae3752c43,1,0
dataset_2_binary_clean_v2,train,train/images/nozzle_tip_wrapped_0546.jpg,train/labels/nozzle_tip_wrapped_0546.txt,87763,38,092a8f110fac0b629a744ea501327f3e6740db0ac60e6b86187e4905e3b4bb50,40035ed5a20aa08e7ec06d161bdcbcc78df92f4882ca9194e959530ae3752c43,1,0
dataset_2_binary_clean_v2,train,train/images/nozzle_tip_wrapped_0547.jpg,train/labels/nozzle_tip_wrapped_0547.txt,113099,38,78922b554196663d74cc694341c56f7b1fae39649525fbfd4d1eb5ed92ba4b02,40035ed5a20aa08e7ec06d161bdcbcc78df92f4882ca9194e959530ae3752c43,1,0
dataset_2_binary_clean_v2,train,train/images/nozzle_tip_wrapped_0548.jpg,train/labels/nozzle_tip_wrapped_0548.txt,115287,38,a6585429b8f74f406b1d2a56f94d7ea262e53dd5cf34cbbba6acee07038af56e,40035ed5a20aa08e7ec06d161bdcbcc78df92f4882ca9194e959530ae3752c43,1,0
dataset_2_binary_clean_v2,train,train/images/nozzle_tip_wrapped_0549.jpg,train/labels/nozzle_tip_wrapped_0549.txt,110816,38,5579e8f20a1a7ca9ed28e20e5b76fa725baff56f9ae28ebd42e89e7a14771f27,40035ed5a20aa08e7ec06d161bdcbcc78df92f4882ca9194e959530ae3752c43,1,0
dataset_2_binary_clean_v2,train,train/images/nozzle_tip_wrapped_0550.jpg,train/labels/nozzle_tip_wrapped_0550.txt,109742,38,88be9189fa2b3075de5bd10ba936ad6d4a4888e807e873cdc64c6ec60fed214f,40035ed5a20aa08e7ec06d161bdcbcc78df92f4882ca9194e959530ae3752c43,1,0
dataset_2_binary_clean_v2,train,train/images/nozzle_tip_wrapped_0551.jpg,train/labels/nozzle_tip_wrapped_0551.txt,105666,38,5f8ab9c7906a7ce86aedaeffe4a616b178d69917756b0d43436c38fed3a87142,40035ed5a20aa08e7ec06d161bdcbcc78df92f4882ca9194e959530ae3752c43,1,0
dataset_2_binary_clean_v2,train,train/images/nozzle_tip_wrapped_0552.jpg,train/labels/nozzle_tip_wrapped_0552.txt,107284,38,dbd4ed88f224f783a6a4ccb2c611f7ce962acb80416026aadf1262fd915bc704,40035ed5a20aa08e7ec06d161bdcbcc78df92f4882ca9194e959530ae3752c43,1,0
dataset_2_binary_clean_v2,train,train/images/nozzle_tip_wrapped_0553.jpg,train/labels/nozzle_tip_wrapped_0553.txt,108181,38,f88667ce6048d8cce26c34e7f54568b42ee6f454177c252095af473e4e1dc977,40035ed5a20aa08e7ec06d161bdcbcc78df92f4882ca9194e959530ae3752c43,1,0
dataset_2_binary_clean_v2,train,train/images/nozzle_tip_wrapped_0554.jpg,train/labels/nozzle_tip_wrapped_0554.txt,104694,38,02fd9bcc1af14aa67b1d33a892372c6f8eb33c346ce1a2cc822c645cd2fa52fe,40035ed5a20aa08e7ec06d161bdcbcc78df92f4882ca9194e959530ae3752c43,1,0
dataset_2_binary_clean_v2,train,train/images/nozzle_tip_wrapped_0555.jpg,train/labels/nozzle_tip_wrapped_0555.txt,109328,38,512e004cc1b48ca0ea6d1d5c3bc25900128f9df6d2d5b7e9bb7ce41eb4e8472b,40035ed5a20aa08e7ec06d161bdcbcc78df92f4882ca9194e959530ae3752c43,1,0
dataset_2_binary_clean_v2,train,train/images/nozzle_tip_wrapped_0556.jpg,train/labels/nozzle_tip_wrapped_0556.txt,114089,38,2864c9cafdd73c52c3f7ec125dc9567c3ed412cdd99cf8697238a785b9ee0038,40035ed5a20aa08e7ec06d161bdcbcc78df92f4882ca9194e959530ae3752c43,1,0
dataset_2_binary_clean_v2,train,train/images/nozzle_tip_wrapped_0557.jpg,train/labels/nozzle_tip_wrapped_0557.txt,89232,38,76745cfcc37094e4f9ad2daa35f2c3cb4686e6c4413bc838cdb2bb195aefc8aa,40035ed5a20aa08e7ec06d161bdcbcc78df92f4882ca9194e959530ae3752c43,1,0
dataset_2_binary_clean_v2,train,train/images/nozzle_tip_wrapped_0558.jpg,train/labels/nozzle_tip_wrapped_0558.txt,111042,38,d71bca28d728496ee49150dd52f17e318a2fb386e04bdca031554a5c0134008f,40035ed5a20aa08e7ec06d161bdcbcc78df92f4882ca9194e959530ae3752c43,1,0
dataset_2_binary_clean_v2,train,train/images/nozzle_tip_wrapped_0559.jpg,train/labels/nozzle_tip_wrapped_0559.txt,107218,38,4c1f3fa729afaf1e941366aa628c82279b5c13e5e677ab6f94ac420d8d0684e4,40035ed5a20aa08e7ec06d161bdcbcc78df92f4882ca9194e959530ae3752c43,1,0
dataset_2_binary_clean_v2,train,train/images/nozzle_tip_wrapped_0560.jpg,train/labels/nozzle_tip_wrapped_0560.txt,108077,38,865ed59f899cd77d9700cbecee3213c68a2f7185590fc7e4944c2cdbecc64b6c,40035ed5a20aa08e7ec06d161bdcbcc78df92f4882ca9194e959530ae3752c43,1,0
dataset_2_binary_clean_v2,train,train/images/nozzle_tip_wrapped_0562.jpg,train/labels/nozzle_tip_wrapped_0562.txt,89990,38,7fa75fe824dc8d11bfbc136f5d1ca59bcb8e00c6cd58ecfc0282f27cc8180e56,40035ed5a20aa08e7ec06d161bdcbcc78df92f4882ca9194e959530ae3752c43,1,0
dataset_2_binary_clean_v2,train,train/images/nozzle_tip_wrapped_0563.jpg,train/labels/nozzle_tip_wrapped_0563.txt,101932,38,9f0e04abe2468cc7ae06c77ebc16a709bd71d2f1ec242787738fb5cc4e263f22,40035ed5a20aa08e7ec06d161bdcbcc78df92f4882ca9194e959530ae3752c43,1,0
dataset_2_binary_clean_v2,train,train/images/nozzle_tip_wrapped_0564.jpg,train/labels/nozzle_tip_wrapped_0564.txt,104371,38,df4ce7cce9e5747730d7864a7b881f27a40cbcc9587ae89ac382643bd5f76cd4,40035ed5a20aa08e7ec06d161bdcbcc78df92f4882ca9194e959530ae3752c43,1,0
dataset_2_binary_clean_v2,train,train/images/nozzle_tip_wrapped_0567.jpg,train/labels/nozzle_tip_wrapped_0567.txt,108814,38,2758dbde72cc36ce26e101ea3beae85283a6e6562d26d51cc188c7aac41aadf3,40035ed5a20aa08e7ec06d161bdcbcc78df92f4882ca9194e959530ae3752c43,1,0
dataset_2_binary_clean_v2,train,train/images/nozzle_tip_wrapped_0569.jpg,train/labels/nozzle_tip_wrapped_0569.txt,106834,38,c719d7a2bb05a46ee58e0b91723a7d6731b98991802c6899fb0ba01417935e15,40035ed5a20aa08e7ec06d161bdcbcc78df92f4882ca9194e959530ae3752c43,1,0
dataset_2_binary_clean_v2,train,train/images/nozzle_tip_wrapped_0570.jpg,train/labels/nozzle_tip_wrapped_0570.txt,109655,38,49f0fd3dba0820ee4df6756f39e3b5df5c36b227e3b0e044094e31cb25d7c80b,40035ed5a20aa08e7ec06d161bdcbcc78df92f4882ca9194e959530ae3752c43,1,0
dataset_2_binary_clean_v2,train,train/images/nozzle_tip_wrapped_0571.jpg,train/labels/nozzle_tip_wrapped_0571.txt,106117,38,21058d7946451718c43b1eafe355c75a85ab2c6b95e2c83a69d6bfd89165aaf2,40035ed5a20aa08e7ec06d161bdcbcc78df92f4882ca9194e959530ae3752c43,1,0
dataset_2_binary_clean_v2,train,train/images/nozzle_tip_wrapped_0573.jpg,train/labels/nozzle_tip_wrapped_0573.txt,109103,38,f05f7eb6007baeed3db27750cbd7726986ff273ae741d5cf132c8a3eaeff37c0,40035ed5a20aa08e7ec06d161bdcbcc78df92f4882ca9194e959530ae3752c43,1,0
dataset_2_binary_clean_v2,train,train/images/nozzle_tip_wrapped_0574.jpg,train/labels/nozzle_tip_wrapped_0574.txt,88120,38,d61d80ae9add7c7672ba9905dd5a69ef232bc784996c30c82c1ce4d40fcebec1,40035ed5a20aa08e7ec06d161bdcbcc78df92f4882ca9194e959530ae3752c43,1,0
dataset_2_binary_clean_v2,train,train/images/nozzle_tip_wrapped_0575.jpg,train/labels/nozzle_tip_wrapped_0575.txt,111134,38,3587b095b262fa8517f2285c2db24462db9d1d8b79c96bcce842ea47e6c370fb,40035ed5a20aa08e7ec06d161bdcbcc78df92f4882ca9194e959530ae3752c43,1,0
dataset_2_binary_clean_v2,train,train/images/nozzle_tip_wrapped_0576.jpg,train/labels/nozzle_tip_wrapped_0576.txt,85909,38,9c6727cc230d1a8f54741d663b21c87c1eb370aca3cba7c007867d8f0a781edc,40035ed5a20aa08e7ec06d161bdcbcc78df92f4882ca9194e959530ae3752c43,1,0
dataset_2_binary_clean_v2,train,train/images/nozzle_tip_wrapped_0578.jpg,train/labels/nozzle_tip_wrapped_0578.txt,108556,38,ff9b0c70b8f53035d44fff7b47e832a7501ca9d6f882f231c0169505be5ec0a4,40035ed5a20aa08e7ec06d161bdcbcc78df92f4882ca9194e959530ae3752c43,1,0
dataset_2_binary_clean_v2,train,train/images/nozzle_tip_wrapped_0579.jpg,train/labels/nozzle_tip_wrapped_0579.txt,84355,38,6c0e392d73d711644a21ac234a5abfbff1a7af035942c49733dcde7af61ea1ff,40035ed5a20aa08e7ec06d161bdcbcc78df92f4882ca9194e959530ae3752c43,1,0
dataset_2_binary_clean_v2,train,train/images/nozzle_tip_wrapped_0580.jpg,train/labels/nozzle_tip_wrapped_0580.txt,103449,38,7a745164d69c34d5221157eaf1f8116a7a0bc91e0e82a988c85edfc10e59fea4,40035ed5a20aa08e7ec06d161bdcbcc78df92f4882ca9194e959530ae3752c43,1,0
dataset_2_binary_clean_v2,train,train/images/nozzle_tip_wrapped_0582.jpg,train/labels/nozzle_tip_wrapped_0582.txt,113741,38,98f153c8daff73cbf35dbe606e6c70584e962b562a6c5e9320183ac4bf66c7a7,40035ed5a20aa08e7ec06d161bdcbcc78df92f4882ca9194e959530ae3752c43,1,0
dataset_2_binary_clean_v2,train,train/images/nozzle_tip_wrapped_0583.jpg,train/labels/nozzle_tip_wrapped_0583.txt,105776,38,ec926ae9610ba9a84094b65f11d89e00140b2009d5c611c0293e7348def336ab,40035ed5a20aa08e7ec06d161bdcbcc78df92f4882ca9194e959530ae3752c43,1,0
dataset_2_binary_clean_v2,train,train/images/nozzle_tip_wrapped_0584.jpg,train/labels/nozzle_tip_wrapped_0584.txt,111952,38,61a5bf1cb0844a536e0c07c11f5031495b9ee54fac9cd42d80a47a62f76e62db,40035ed5a20aa08e7ec06d161bdcbcc78df92f4882ca9194e959530ae3752c43,1,0
dataset_2_binary_clean_v2,train,train/images/nozzle_tip_wrapped_0586.jpg,train/labels/nozzle_tip_wrapped_0586.txt,103073,38,fc534554c58e153f8139f95706cbfedc4856c7dc67ac0175008ef744714635e0,40035ed5a20aa08e7ec06d161bdcbcc78df92f4882ca9194e959530ae3752c43,1,0
dataset_2_binary_clean_v2,train,train/images/nozzle_tip_wrapped_0588.jpg,train/labels/nozzle_tip_wrapped_0588.txt,107781,38,a907f9bddbe74fdc55b1d6e1d240af496066e5b3ff9ca27ab3f7cf1532bc4dd5,40035ed5a20aa08e7ec06d161bdcbcc78df92f4882ca9194e959530ae3752c43,1,0
dataset_2_binary_clean_v2,train,train/images/nozzle_tip_wrapped_0589.jpg,train/labels/nozzle_tip_wrapped_0589.txt,105089,38,cb74f37c80f39a20bb4246fe7685eb6d773f2178e92d1a4fcc34c0bd0206713e,40035ed5a20aa08e7ec06d161bdcbcc78df92f4882ca9194e959530ae3752c43,1,0
dataset_2_binary_clean_v2,train,train/images/nozzle_tip_wrapped_0590.jpg,train/labels/nozzle_tip_wrapped_0590.txt,106650,38,7a3695578235f6e022c00592224368463190d9aac409f62d722754a0de738fdb,40035ed5a20aa08e7ec06d161bdcbcc78df92f4882ca9194e959530ae3752c43,1,0
dataset_2_binary_clean_v2,train,train/images/nozzle_tip_wrapped_0591.jpg,train/labels/nozzle_tip_wrapped_0591.txt,107890,38,18f5a8451c15689fb024f731ddff8726f37ef79353b59f7649006f69cd734a45,40035ed5a20aa08e7ec06d161bdcbcc78df92f4882ca9194e959530ae3752c43,1,0
dataset_2_binary_clean_v2,train,train/images/nozzle_tip_wrapped_0592.jpg,train/labels/nozzle_tip_wrapped_0592.txt,104406,38,dd187b32815214ebd0834631ec0b47c8eedbbfbbe760cf62c7998e120ffd14b7,40035ed5a20aa08e7ec06d161bdcbcc78df92f4882ca9194e959530ae3752c43,1,0
dataset_2_binary_clean_v2,train,train/images/nozzle_tip_wrapped_0595.jpg,train/labels/nozzle_tip_wrapped_0595.txt,104429,38,dc571189e788ea4823d44ae76288b570cc74136115426799901517c46e622491,40035ed5a20aa08e7ec06d161bdcbcc78df92f4882ca9194e959530ae3752c43,1,0
dataset_2_binary_clean_v2,train,train/images/nozzle_tip_wrapped_0597.jpg,train/labels/nozzle_tip_wrapped_0597.txt,103691,38,a6aac14a0ccc75eb348bf6dbcd4489352c7abe79fb4329226d87884461bea548,40035ed5a20aa08e7ec06d161bdcbcc78df92f4882ca9194e959530ae3752c43,1,0
dataset_2_binary_clean_v2,train,train/images/nozzle_tip_wrapped_0598.jpg,train/labels/nozzle_tip_wrapped_0598.txt,105115,38,331100d1830703675527b7e870c8957fdcad7162a920eca71f3ab478c55400c3,40035ed5a20aa08e7ec06d161bdcbcc78df92f4882ca9194e959530ae3752c43,1,0
dataset_2_binary_clean_v2,train,train/images/nozzle_tip_wrapped_0600.jpg,train/labels/nozzle_tip_wrapped_0600.txt,107752,38,778bbc1f126e73e790c3ccb7b5422ae212d5a40d42861054a29aa4cf6ed84105,40035ed5a20aa08e7ec06d161bdcbcc78df92f4882ca9194e959530ae3752c43,1,0
dataset_2_binary_clean_v2,train,train/images/nozzle_tip_wrapped_0601.jpg,train/labels/nozzle_tip_wrapped_0601.txt,86939,38,8943a150cf5771416e72426c36fad9f107ab2cf94b21861676cb08abe8c747f6,d4ddcf4832f0ec5afe8d41e28d6821bb7a59137015274f8902de1fa566bc82f8,1,0
dataset_2_binary_clean_v2,train,train/images/nozzle_tip_wrapped_0602.jpg,train/labels/nozzle_tip_wrapped_0602.txt,83124,38,cdad091219bd9fc6a461ee583a41221bc6c485cf8879071562e293adb4d025ea,d4ddcf4832f0ec5afe8d41e28d6821bb7a59137015274f8902de1fa566bc82f8,1,0
dataset_2_binary_clean_v2,train,train/images/nozzle_tip_wrapped_0603.jpg,train/labels/nozzle_tip_wrapped_0603.txt,90038,38,23aaa89038b43b4781ab69f85586d03f58c5bcf360a466a7e9f8fa7c42c3c477,d4ddcf4832f0ec5afe8d41e28d6821bb7a59137015274f8902de1fa566bc82f8,1,0
dataset_2_binary_clean_v2,train,train/images/nozzle_tip_wrapped_0605.jpg,train/labels/nozzle_tip_wrapped_0605.txt,95762,38,9b9887e2347051f8b54a75de3830643d3516916777e67f7b01382fd5fb9ff66b,f4b62b49937cc626927e1ac8400957ef2192d5a7cc4e4b65d3970f597b2dfcd4,1,0
dataset_2_binary_clean_v2,train,train/images/nozzle_tip_wrapped_0606.jpg,train/labels/nozzle_tip_wrapped_0606.txt,97549,38,0b6c823a09928c1fcad55a6228891b78e0a788d1db16c74d2788d7e12185736e,f4b62b49937cc626927e1ac8400957ef2192d5a7cc4e4b65d3970f597b2dfcd4,1,0
dataset_2_binary_clean_v2,train,train/images/nozzle_tip_wrapped_0607.jpg,train/labels/nozzle_tip_wrapped_0607.txt,96545,38,dcb972a5452b71c90225472b23253de2863a05df5dfc987fbbe5715aeafc1d80,f4b62b49937cc626927e1ac8400957ef2192d5a7cc4e4b65d3970f597b2dfcd4,1,0
dataset_2_binary_clean_v2,train,train/images/nozzle_tip_wrapped_0608.jpg,train/labels/nozzle_tip_wrapped_0608.txt,99055,38,fa51f2051ed3313885b073c4a8a73da160e5815e412fd87e9273025175367cbd,f4b62b49937cc626927e1ac8400957ef2192d5a7cc4e4b65d3970f597b2dfcd4,1,0
dataset_2_binary_clean_v2,train,train/images/nozzle_tip_wrapped_0609.jpg,train/labels/nozzle_tip_wrapped_0609.txt,101226,38,7afa05e37f22299d993ba9021f2c777f260e58143a075ddaaa2b7a81c5ccea79,f4b62b49937cc626927e1ac8400957ef2192d5a7cc4e4b65d3970f597b2dfcd4,1,0
dataset_2_binary_clean_v2,train,train/images/nozzle_tip_wrapped_0610.jpg,train/labels/nozzle_tip_wrapped_0610.txt,99694,38,94eef92ad9d4e49779300a3ea3d83fafec1920aee92e20e183621ef442d4bce9,f4b62b49937cc626927e1ac8400957ef2192d5a7cc4e4b65d3970f597b2dfcd4,1,0
dataset_2_binary_clean_v2,train,train/images/nozzle_tip_wrapped_0611.jpg,train/labels/nozzle_tip_wrapped_0611.txt,82205,38,0ecc4d827f671cff3db5a0760f36f956dc305670c5d1e07a2b4ffcce0bbf631d,f4b62b49937cc626927e1ac8400957ef2192d5a7cc4e4b65d3970f597b2dfcd4,1,0
dataset_2_binary_clean_v2,train,train/images/nozzle_tip_wrapped_0613.jpg,train/labels/nozzle_tip_wrapped_0613.txt,102380,38,172f01dceff668e68d6b982278bedc59b7e45ca43b3eadb1ae516691abb1eae9,bf3eec2e3accfea8b2a2e68c17f78bde600ee13509ee63c3aa1ab80a26712598,1,0
dataset_2_binary_clean_v2,train,train/images/nozzle_tip_wrapped_0614.jpg,train/labels/nozzle_tip_wrapped_0614.txt,104097,38,fa2479ef6f6397b911e47a3336161774daa4e2c22990e77fd82b26d37d390fc9,bf3eec2e3accfea8b2a2e68c17f78bde600ee13509ee63c3aa1ab80a26712598,1,0
dataset_2_binary_clean_v2,train,train/images/nozzle_tip_wrapped_0615.jpg,train/labels/nozzle_tip_wrapped_0615.txt,101471,38,19ea9b7c010ce5b8cd7f2c0e5b48c28b93318a3d9dfebd6eb0101d3fdfbda3eb,bf3eec2e3accfea8b2a2e68c17f78bde600ee13509ee63c3aa1ab80a26712598,1,0
dataset_2_binary_clean_v2,train,train/images/nozzle_tip_wrapped_0616.jpg,train/labels/nozzle_tip_wrapped_0616.txt,103398,38,ce48f3c39c3040b9c9ec7ba0330a339c9995b10f7d5f7dc92cb97bfa03861617,bf3eec2e3accfea8b2a2e68c17f78bde600ee13509ee63c3aa1ab80a26712598,1,0
dataset_2_binary_clean_v2,train,train/images/nozzle_tip_wrapped_0618.jpg,train/labels/nozzle_tip_wrapped_0618.txt,101884,38,7d4622314a86371f3cd9e08a413f2971835e1b6fea70a7f3e5eb9a9a5dbdd7e0,bf3eec2e3accfea8b2a2e68c17f78bde600ee13509ee63c3aa1ab80a26712598,1,0
dataset_2_binary_clean_v2,train,train/images/nozzle_tip_wrapped_0619.jpg,train/labels/nozzle_tip_wrapped_0619.txt,88778,38,67ac50a5a87be53215c132b82634d975c76f74d192153c72ee57632dcd05f5f3,bf3eec2e3accfea8b2a2e68c17f78bde600ee13509ee63c3aa1ab80a26712598,1,0
dataset_2_binary_clean_v2,train,train/images/nozzle_tip_wrapped_0621.jpg,train/labels/nozzle_tip_wrapped_0621.txt,93735,38,c2decf213387c1e301114903b1ff67e3d29e2413fe5d38f98738c16f3815874d,bf3eec2e3accfea8b2a2e68c17f78bde600ee13509ee63c3aa1ab80a26712598,1,0
dataset_2_binary_clean_v2,train,train/images/nozzle_tip_wrapped_0623.jpg,train/labels/nozzle_tip_wrapped_0623.txt,97630,38,17258089b3cd6f7224565e45b28c5e06d31bc6def98ca54af9c89fd39d73ce01,bf3eec2e3accfea8b2a2e68c17f78bde600ee13509ee63c3aa1ab80a26712598,1,0
dataset_2_binary_clean_v2,train,train/images/nozzle_tip_wrapped_0624.jpg,train/labels/nozzle_tip_wrapped_0624.txt,94800,38,caba4f47390ce6681e7dcd25ce11c8a02f758ee6976d52186c8e90def262a01f,bf3eec2e3accfea8b2a2e68c17f78bde600ee13509ee63c3aa1ab80a26712598,1,0
dataset_2_binary_clean_v2,train,train/images/nozzle_tip_wrapped_0625.jpg,train/labels/nozzle_tip_wrapped_0625.txt,95828,38,f1def1670bb7ae9ee3cf0a3c883d4cdb04ba77f20bedfacea4eb8e38ef6ae3e2,bf3eec2e3accfea8b2a2e68c17f78bde600ee13509ee63c3aa1ab80a26712598,1,0
dataset_2_binary_clean_v2,train,train/images/nozzle_tip_wrapped_0626.jpg,train/labels/nozzle_tip_wrapped_0626.txt,95246,38,3bd75db9cda999b97a316a5b252d90d13b68c5f2d03c1a016ee9a3ab73abeab6,bf3eec2e3accfea8b2a2e68c17f78bde600ee13509ee63c3aa1ab80a26712598,1,0
dataset_2_binary_clean_v2,train,train/images/nozzle_tip_wrapped_0627.jpg,train/labels/nozzle_tip_wrapped_0627.txt,99957,38,0d67de17927521a1da7b59a9eea8f0e1b6f70936e9deaba803f93f9bbb86e7e3,bf3eec2e3accfea8b2a2e68c17f78bde600ee13509ee63c3aa1ab80a26712598,1,0
dataset_2_binary_clean_v2,train,train/images/nozzle_tip_wrapped_0628.jpg,train/labels/nozzle_tip_wrapped_0628.txt,104346,38,43fb375fff8670a3e4cfd8a2f0f24e76f37a2c27c4d0a1200c436fbd9b942d2f,bf3eec2e3accfea8b2a2e68c17f78bde600ee13509ee63c3aa1ab80a26712598,1,0
dataset_2_binary_clean_v2,train,train/images/nozzle_tip_wrapped_0629.jpg,train/labels/nozzle_tip_wrapped_0629.txt,102317,38,6f43248993bca1637c1862647817e4ad542ee2ab32ed2e34fe72299772205519,bf3eec2e3accfea8b2a2e68c17f78bde600ee13509ee63c3aa1ab80a26712598,1,0
dataset_2_binary_clean_v2,train,train/images/nozzle_tip_wrapped_0630.jpg,train/labels/nozzle_tip_wrapped_0630.txt,105800,38,5b66dc55d406789c0446ba652ba9cf65a726125fd3eaed06bb6fea20f723d0e2,bf3eec2e3accfea8b2a2e68c17f78bde600ee13509ee63c3aa1ab80a26712598,1,0
dataset_2_binary_clean_v2,train,train/images/nozzle_tip_wrapped_0631.jpg,train/labels/nozzle_tip_wrapped_0631.txt,104888,38,4d71ca93567ff0b9c0d9a9738bd7423ca2f700a2d258a285ef49686796181839,bf3eec2e3accfea8b2a2e68c17f78bde600ee13509ee63c3aa1ab80a26712598,1,0
dataset_2_binary_clean_v2,train,train/images/nozzle_tip_wrapped_0634.jpg,train/labels/nozzle_tip_wrapped_0634.txt,104536,38,6a058ebed875eeac1278f87522970f0ddf7f8e01009246da6811dbd97c280cdc,bf3eec2e3accfea8b2a2e68c17f78bde600ee13509ee63c3aa1ab80a26712598,1,0
dataset_2_binary_clean_v2,train,train/images/nozzle_tip_wrapped_0637.jpg,train/labels/nozzle_tip_wrapped_0637.txt,95842,38,6079383f1d5c0c2299f5485da968ff20612e0cf105f38a530e084bf118f61495,bf3eec2e3accfea8b2a2e68c17f78bde600ee13509ee63c3aa1ab80a26712598,1,0
dataset_2_binary_clean_v2,train,train/images/nozzle_tip_wrapped_0639.jpg,train/labels/nozzle_tip_wrapped_0639.txt,80004,38,8e6023fb957b557e551f1aaa3c065487d49fbae703c156b3c4c6d455c4a3f119,bf3eec2e3accfea8b2a2e68c17f78bde600ee13509ee63c3aa1ab80a26712598,1,0
dataset_2_binary_clean_v2,train,train/images/nozzle_tip_wrapped_0640.jpg,train/labels/nozzle_tip_wrapped_0640.txt,90662,38,0457fa3f49e6b8baf9f0f663cc7b3133b826f6614a013e9abc42aa63f47dff3e,9f32cfda54ccf2922cfbf0e9629ce0635f4d0841d96fc491922c6e01e8b73af6,1,0
dataset_2_binary_clean_v2,train,train/images/nozzle_tip_wrapped_0641.jpg,train/labels/nozzle_tip_wrapped_0641.txt,86738,38,5ca2c7f462aff01a330d60160d8c1230124637b0ac6de2f7f53c70ffa0cf224d,9f32cfda54ccf2922cfbf0e9629ce0635f4d0841d96fc491922c6e01e8b73af6,1,0
dataset_2_binary_clean_v2,train,train/images/nozzle_tip_wrapped_0642.jpg,train/labels/nozzle_tip_wrapped_0642.txt,90840,38,53ad67f6f624022944f07740ddecb92e73c2c210d6841220e2357b5166cba622,db812910d71921270e6827e309182838ef3b36182517a2f87bccc2982af8c549,1,0
dataset_2_binary_clean_v2,train,train/images/nozzle_tip_wrapped_0643.jpg,train/labels/nozzle_tip_wrapped_0643.txt,94142,38,a2a30d4bba980a356f3ebc5a7ab40629208fc3143a21a0b1e987f2a9e56d9a9b,db812910d71921270e6827e309182838ef3b36182517a2f87bccc2982af8c549,1,0
dataset_2_binary_clean_v2,train,train/images/nozzle_tip_wrapped_0644.jpg,train/labels/nozzle_tip_wrapped_0644.txt,80631,38,a9a26cb1aa599044caf6e5f25c2019e129f75275ff45cfc11ca84353c367ac1c,db812910d71921270e6827e309182838ef3b36182517a2f87bccc2982af8c549,1,0
dataset_2_binary_clean_v2,train,train/images/nozzle_tip_wrapped_0645.jpg,train/labels/nozzle_tip_wrapped_0645.txt,82800,38,8ac2a93875a46186eba8c858e9e7e54f76525eebe27c53cef9c6bb76f4239632,db812910d71921270e6827e309182838ef3b36182517a2f87bccc2982af8c549,1,0
dataset_2_binary_clean_v2,train,train/images/nozzle_tip_wrapped_0646.jpg,train/labels/nozzle_tip_wrapped_0646.txt,72884,38,b8fbcb7b5e1a9bf44111332010e3f5fb1f02d41620d5ec076ac4540e01ca649c,db812910d71921270e6827e309182838ef3b36182517a2f87bccc2982af8c549,1,0
dataset_2_binary_clean_v2,train,train/images/nozzle_tip_wrapped_0647.jpg,train/labels/nozzle_tip_wrapped_0647.txt,92763,38,3b2d0df7f3b69af9cee566fd8037e78bee35985127d2c40fb8fb052516aa8f0d,db812910d71921270e6827e309182838ef3b36182517a2f87bccc2982af8c549,1,0
dataset_2_binary_clean_v2,train,train/images/nozzle_tip_wrapped_0648.jpg,train/labels/nozzle_tip_wrapped_0648.txt,89738,38,2f7a3f8e61c3b8e0d67b1651944f52459acc262dbd216381514c5e9b857d11d2,db812910d71921270e6827e309182838ef3b36182517a2f87bccc2982af8c549,1,0
dataset_2_binary_clean_v2,train,train/images/nozzle_tip_wrapped_0649.jpg,train/labels/nozzle_tip_wrapped_0649.txt,86622,38,7754309bdc6ef9d8d738d964b757c24f2de6b7ea008c56783652a5de7f5518b2,db812910d71921270e6827e309182838ef3b36182517a2f87bccc2982af8c549,1,0
dataset_2_binary_clean_v2,train,train/images/nozzle_tip_wrapped_0651.jpg,train/labels/nozzle_tip_wrapped_0651.txt,100566,38,0f7646d942ac5992779ceaec9643dcf86ede4b954a0cd7a0ccd03566b5403f29,a9983bf1318d686b08176bab22e56c4aafaa57ae1ee52c6b123a7d5554d13a4a,1,0
dataset_2_binary_clean_v2,train,train/images/nozzle_tip_wrapped_0652.jpg,train/labels/nozzle_tip_wrapped_0652.txt,102171,38,dccce83b53cdd4201fcf7c4a6ed07a100cc587fffef3c1333a0bf452a3483ccd,a9983bf1318d686b08176bab22e56c4aafaa57ae1ee52c6b123a7d5554d13a4a,1,0
dataset_2_binary_clean_v2,train,train/images/nozzle_tip_wrapped_0653.jpg,train/labels/nozzle_tip_wrapped_0653.txt,96921,38,d36cc422689bcc7710fb63f762d1b73408e6744165149f47222f1290edd0c3ce,a9983bf1318d686b08176bab22e56c4aafaa57ae1ee52c6b123a7d5554d13a4a,1,0
dataset_2_binary_clean_v2,train,train/images/nozzle_tip_wrapped_0656.jpg,train/labels/nozzle_tip_wrapped_0656.txt,99489,38,f7b4bd5bbe00d777e6dcf95907bd636a53f1f75abd41318d265791d8797f08c1,6ed1bb55b8de33cf61b36428597f3579331bf40da0da9ac2881cfa84d2c1fdd8,1,0
dataset_2_binary_clean_v2,train,train/images/nozzle_tip_wrapped_0662.jpg,train/labels/nozzle_tip_wrapped_0662.txt,105515,38,d36b22e6f42f7c16d91834db8246d158fd2b4b5b51203ccf7e7c9d408674ce75,b193e0c9e6271bf4b299c127b965787ec0bfb6122685039599b333fef3da8e91,1,0
dataset_2_binary_clean_v2,train,train/images/nozzle_tip_wrapped_0663.jpg,train/labels/nozzle_tip_wrapped_0663.txt,107525,38,bd4c6841c2b43830818d5c55d0f21af4f752bb4246a01fdd00ff7c2b8923b587,b193e0c9e6271bf4b299c127b965787ec0bfb6122685039599b333fef3da8e91,1,0
dataset_2_binary_clean_v2,train,train/images/nozzle_tip_wrapped_0665.jpg,train/labels/nozzle_tip_wrapped_0665.txt,103098,38,9053e37ef21387ff5e0cafe38f4f153d4af29973a33f98bf03da5381e5b30ef8,e00a7012aaba0689fbfbbdade8b5356ff1bbc824a2e3471689478ff84c071130,1,0
dataset_2_binary_clean_v2,train,train/images/nozzle_tip_wrapped_0666.jpg,train/labels/nozzle_tip_wrapped_0666.txt,104550,38,39ad35908474842be24990933b42caa27af818348cc95620e097a14a60a3400e,e00a7012aaba0689fbfbbdade8b5356ff1bbc824a2e3471689478ff84c071130,1,0
dataset_2_binary_clean_v2,train,train/images/nozzle_tip_wrapped_0668.jpg,train/labels/nozzle_tip_wrapped_0668.txt,106956,38,e0699be85052d395e5faff0e30b84f50346c2e35518f7155c8a4c3333f1c53ed,73c370a5b299f10338314f630473774cd0328796a9046b036de3831d8d354ab0,1,0
dataset_2_binary_clean_v2,train,train/images/nozzle_tip_wrapped_0669.jpg,train/labels/nozzle_tip_wrapped_0669.txt,108983,38,e71fc54062bcae9e2d6fcbb7c4c19b3b5efce4174a67c7d79e76dcace2661370,73c370a5b299f10338314f630473774cd0328796a9046b036de3831d8d354ab0,1,0
dataset_2_binary_clean_v2,train,train/images/nozzle_tip_wrapped_0670.jpg,train/labels/nozzle_tip_wrapped_0670.txt,103220,38,73747000239492de02af6fe57e6dc4ead5ef0d15eb6a7ac886b4bde7e5b3a647,78360b6222dff0e7c524719bcc16a122d6a3e7fcd3a592621e43c1bcba5f122b,1,0
dataset_2_binary_clean_v2,train,train/images/nozzle_tip_wrapped_0671.jpg,train/labels/nozzle_tip_wrapped_0671.txt,106890,38,8c2b52657fb979a12a26eb45769756739149f4797d259623a68ee12e239ef2ae,78360b6222dff0e7c524719bcc16a122d6a3e7fcd3a592621e43c1bcba5f122b,1,0
dataset_2_binary_clean_v2,train,train/images/nozzle_tip_wrapped_0672.jpg,train/labels/nozzle_tip_wrapped_0672.txt,105706,38,fb0425231acab0da49883d52a15ca0dee9e9eeef5e54ddeb6a8f5d94434b1040,78360b6222dff0e7c524719bcc16a122d6a3e7fcd3a592621e43c1bcba5f122b,1,0
dataset_2_binary_clean_v2,train,train/images/nozzle_tip_wrapped_0673.jpg,train/labels/nozzle_tip_wrapped_0673.txt,108400,38,74cede435e9dda207cfab862775b168aa355541ee0453ef85c781272825a6b92,78360b6222dff0e7c524719bcc16a122d6a3e7fcd3a592621e43c1bcba5f122b,1,0
dataset_2_binary_clean_v2,train,train/images/nozzle_tip_wrapped_0674.jpg,train/labels/nozzle_tip_wrapped_0674.txt,112326,38,1039fe37198e9367bffbf3ed2a3f3bd5631f16ab006d88cd02b0319e3a77134c,78360b6222dff0e7c524719bcc16a122d6a3e7fcd3a592621e43c1bcba5f122b,1,0
dataset_2_binary_clean_v2,train,train/images/nozzle_tip_wrapped_0675.jpg,train/labels/nozzle_tip_wrapped_0675.txt,109364,38,9984b24aa8d33b5f5b23c9d991ed2ce7fca38ce7602c9a40ad5742126d7bb66d,6842669d1db63a3713b9f690fe1afe3fa0880ca472a6b0aad0096230a0a7f5fd,1,0
dataset_2_binary_clean_v2,train,train/images/nozzle_tip_wrapped_0676.jpg,train/labels/nozzle_tip_wrapped_0676.txt,108794,38,f42c1892a4e5fe44ffa45b0b20704f1badae7718626adb7c610d57eda343e25e,578c90b6672541b131b8c03821b0031af00daf1c763ef111847970eea0db24ed,1,0
dataset_2_binary_clean_v2,train,train/images/nozzle_tip_wrapped_0677.jpg,train/labels/nozzle_tip_wrapped_0677.txt,104463,38,a76e97e7b543e2c7ff0d2380e5264c9023dcb665dea465e8631aed86acee9765,578c90b6672541b131b8c03821b0031af00daf1c763ef111847970eea0db24ed,1,0
dataset_2_binary_clean_v2,train,train/images/nozzle_tip_wrapped_0679.jpg,train/labels/nozzle_tip_wrapped_0679.txt,89824,38,9b271e9f7b3e938adebb7a26f587d7e540f7f4130862abc89377451ad0b08f16,1a43109ca8abfe35cc0b62688c2f58c17e1043eadd168679d466079e81535a11,1,0
dataset_2_binary_clean_v2,train,train/images/nozzle_tip_wrapped_0680.jpg,train/labels/nozzle_tip_wrapped_0680.txt,87298,38,61d6a966c603d52a77be17022fb1936843c166fe8d699dd5b3e05283fc6c237d,1a43109ca8abfe35cc0b62688c2f58c17e1043eadd168679d466079e81535a11,1,0
dataset_2_binary_clean_v2,train,train/images/nozzle_tip_wrapped_0681.jpg,train/labels/nozzle_tip_wrapped_0681.txt,107238,38,77186a47e7954f7674bc754e2f09e9fb3910d066b7a925b838eb581dc62ba84c,1a43109ca8abfe35cc0b62688c2f58c17e1043eadd168679d466079e81535a11,1,0
dataset_2_binary_clean_v2,train,train/images/nozzle_tip_wrapped_0682.jpg,train/labels/nozzle_tip_wrapped_0682.txt,108404,38,330c2ce4ba9bb2e8f190925570b9c031dbb084da1f6b4058083e7a21cd521daf,1a43109ca8abfe35cc0b62688c2f58c17e1043eadd168679d466079e81535a11,1,0
dataset_2_binary_clean_v2,train,train/images/nozzle_tip_wrapped_0683.jpg,train/labels/nozzle_tip_wrapped_0683.txt,98608,38,75fa024ceb3f8886c9da22e34337e2d763cb12517bd8bb0804d7bcaa7e95b3fe,1a43109ca8abfe35cc0b62688c2f58c17e1043eadd168679d466079e81535a11,1,0
dataset_2_binary_clean_v2,train,train/images/nozzle_tip_wrapped_0684.jpg,train/labels/nozzle_tip_wrapped_0684.txt,97079,38,be5676b0fa16a239e2ef11052734356a1b90b549bee6114723df90d70fb8a087,1a43109ca8abfe35cc0b62688c2f58c17e1043eadd168679d466079e81535a11,1,0
dataset_2_binary_clean_v2,train,train/images/nozzle_tip_wrapped_0685.jpg,train/labels/nozzle_tip_wrapped_0685.txt,103627,38,11533e78e4496dd7bec6c9f8d8b1d12cfbb68d1922f4cb60d1e6f58ee70735c6,1a43109ca8abfe35cc0b62688c2f58c17e1043eadd168679d466079e81535a11,1,0
dataset_2_binary_clean_v2,train,train/images/nozzle_tip_wrapped_0688.jpg,train/labels/nozzle_tip_wrapped_0688.txt,104511,38,f1783f5e30b5a43381806132f5f7d7286f786bf6a899cafeb7fad7fe4a366566,1a43109ca8abfe35cc0b62688c2f58c17e1043eadd168679d466079e81535a11,1,0
dataset_2_binary_clean_v2,train,train/images/nozzle_tip_wrapped_0689.jpg,train/labels/nozzle_tip_wrapped_0689.txt,84957,38,0cf74fcb4e9e20e9d69d2bd1090e2af4d97f8a06c6b251f45aeca31b303ecf5c,1a43109ca8abfe35cc0b62688c2f58c17e1043eadd168679d466079e81535a11,1,0
dataset_2_binary_clean_v2,train,train/images/nozzle_tip_wrapped_0690.jpg,train/labels/nozzle_tip_wrapped_0690.txt,95321,38,dce8a9e68d6fedc8d0a7f5452d6298affecdba7651b4621adfd974ddb1e59be9,1a43109ca8abfe35cc0b62688c2f58c17e1043eadd168679d466079e81535a11,1,0
dataset_2_binary_clean_v2,train,train/images/nozzle_tip_wrapped_0691.jpg,train/labels/nozzle_tip_wrapped_0691.txt,98312,38,3dde5e958fd43d7c27b9f99c6db5ea919782b136e7115984b4dac72140a9b696,1a43109ca8abfe35cc0b62688c2f58c17e1043eadd168679d466079e81535a11,1,0
dataset_2_binary_clean_v2,train,train/images/nozzle_tip_wrapped_0692.jpg,train/labels/nozzle_tip_wrapped_0692.txt,100049,38,337d8e798c8f2c9bda8e2957fc8f1ad08a0e924bfc8955c26cf6eb1618bfef0a,b142df5845f28a37283868af0af1fbf407199ced67498f1436f25437803f5294,1,0
dataset_2_binary_clean_v2,train,train/images/nozzle_tip_wrapped_0693.jpg,train/labels/nozzle_tip_wrapped_0693.txt,105589,38,da996d475657e489c32ccb1a190e782f6d7af7c2bcefcccb1950016b2be9f721,b142df5845f28a37283868af0af1fbf407199ced67498f1436f25437803f5294,1,0
dataset_2_binary_clean_v2,train,train/images/nozzle_tip_wrapped_0694.jpg,train/labels/nozzle_tip_wrapped_0694.txt,107199,38,e29ac5d469f98a470331ee3bec4fb0e724adbc9e157fa34b67908e0a16d2c075,b142df5845f28a37283868af0af1fbf407199ced67498f1436f25437803f5294,1,0
dataset_2_binary_clean_v2,train,train/images/nozzle_tip_wrapped_0695.jpg,train/labels/nozzle_tip_wrapped_0695.txt,109814,38,e143308ce65b2f9ee1d06b545c0e01a00678f7a48c1e80bed5de94fb48e7afa2,b142df5845f28a37283868af0af1fbf407199ced67498f1436f25437803f5294,1,0
dataset_2_binary_clean_v2,train,train/images/nozzle_tip_wrapped_0696.jpg,train/labels/nozzle_tip_wrapped_0696.txt,97094,38,c2d03db9a25fbb3ba0ab3d39a459b15d2251b8b49b2745305b424ebf64e92c2e,3d185a59f8016daf896be8ee287fe779b928a837489653cec00a531c45498df9,1,0
dataset_2_binary_clean_v2,train,train/images/nozzle_tip_wrapped_0697.jpg,train/labels/nozzle_tip_wrapped_0697.txt,82685,38,848a372ca4e412caa373bba0872a2b790b2cf533ec1f00acce46d83f35a9eb50,3b43fceba7a120d3bfcfe425017bb198920d298362ffb990a29aa2634735e38b,1,0
dataset_2_binary_clean_v2,train,train/images/nozzle_tip_wrapped_0698.jpg,train/labels/nozzle_tip_wrapped_0698.txt,98143,38,4fea0e42e163201d2124101f7d6c1979d365d5f4c565c7663e9fb93f1c8b8827,dcb6c8639eecd7d43c7f72ff403829028885f9fd26ab900ac539eca9598abf70,1,0
dataset_2_binary_clean_v2,train,train/images/nozzle_tip_wrapped_0699.jpg,train/labels/nozzle_tip_wrapped_0699.txt,79646,38,1f5e05f83dee9748143f879ab29f9ec6458e806f4d136e6bee3ad25378f968e6,097ed35ee94af10f9775de75fb406d4a9fda59456b33b6a46b40d6b9b1750e0b,1,0
dataset_2_binary_clean_v2,train,train/images/nozzle_tip_wrapped_0700.jpg,train/labels/nozzle_tip_wrapped_0700.txt,96889,38,bb4122dee92faffa4b398080aaee0be6a14145b822a82712cbe93fd50aa49e56,6e6647d584f921bb80142b2a07278cb60b03e4f3404a17ea9478e0a9e6ac337d,1,0
dataset_2_binary_clean_v2,train,train/images/nozzle_tip_wrapped_0701.jpg,train/labels/nozzle_tip_wrapped_0701.txt,93572,38,9105e6761866036f5fe177181d7cfc6070727c79d6f97802f6f22bfba40701fa,3fd94cd4298f263baa4624eb455c855f24b0a736c84f4958904d410843467c59,1,0
dataset_2_binary_clean_v2,train,train/images/nozzle_tip_wrapped_0702.jpg,train/labels/nozzle_tip_wrapped_0702.txt,93980,38,650584ac87ccd27f7ea61bc467a5138a56191072e6f9135235940bb503c06a8e,2cc2fc57805c9b53fe590602fcd76acccf900d3cf13e54609e0c040cded86162,1,0
dataset_2_binary_clean_v2,train,train/images/nozzle_tip_wrapped_0703.jpg,train/labels/nozzle_tip_wrapped_0703.txt,78081,38,8c898612dcc3e84cb066593de7742db23407621562c2c4cf2e5174f7052399d7,3e0dd52bacfc09380d872d4686752a57e342bbf98834243a502753952f8b6210,1,0
dataset_2_binary_clean_v2,train,train/images/nozzle_tip_wrapped_0704.jpg,train/labels/nozzle_tip_wrapped_0704.txt,100072,38,fffd8f57c361a1eb553dc0b0dd5b2936a3fd543ed7ab5077815a930c175190e0,b00b33e8a304ee44168f020f0f3dd8d07b5fa2f320103874ae685217d4ad1773,1,0
dataset_2_binary_clean_v2,train,train/images/nozzle_tip_wrapped_0705.jpg,train/labels/nozzle_tip_wrapped_0705.txt,98291,38,24f1ea672a7cb891096ab21e553f4baf850d48eed9e9040106367982232ce665,5d67471f625ee69b18be5fdddeb61e1fc511b8e778f068aa2a5888f92df6d8c9,1,0
dataset_2_binary_clean_v2,train,train/images/nozzle_tip_wrapped_0706.jpg,train/labels/nozzle_tip_wrapped_0706.txt,88453,38,88e06f36a6cbcc2ea6ed86b183d89b39f646b414e85cb4536ba8cf3f297e472e,8ffe81854b20f36dc6dee61f1952e4e96031696db38aa4908650025d189e6736,1,0
dataset_2_binary_clean_v2,train,train/images/nozzle_tip_wrapped_0708.jpg,train/labels/nozzle_tip_wrapped_0708.txt,93785,38,d7a9ca5e86bc1576970934691bdeac1ce07c69d92efc55ebcb83a0643602df29,dd75ffc1dc70a0726d071b38fab1c639059e0a07d7f897991b814814738ae9e6,1,0
dataset_2_binary_clean_v2,train,train/images/nozzle_tip_wrapped_0709.jpg,train/labels/nozzle_tip_wrapped_0709.txt,81707,38,a3b2a1cbf475f1645eea51cb02c38a8044bdfa7417d311a154aa9922b3a5800d,02258ff9e8d80920e116ce713bc5930fd6f595eebdb528d2a1060c897f824059,1,0
dataset_2_binary_clean_v2,train,train/images/nozzle_tip_wrapped_0710.jpg,train/labels/nozzle_tip_wrapped_0710.txt,97306,38,68437869f15efe1413ace251dbc08730aad4f67b4a3ef3dee86329bae336c131,70683c685212aa11a92aa03d5e9e8b3a2427919c9367ba6574b4511bfee9d292,1,0
dataset_2_binary_clean_v2,train,train/images/nozzle_tip_wrapped_0711.jpg,train/labels/nozzle_tip_wrapped_0711.txt,77487,38,5aa2a32817b87b4c2e98e4dda8188f2cadf0a2ae202693705d2772d1e2b2c7bd,ee9d96b0d4bb8c938e6edb2e7ff1402c82cb3ec6232c0b7843e3550b63b516da,1,0
dataset_2_binary_clean_v2,train,train/images/nozzle_tip_wrapped_0712.jpg,train/labels/nozzle_tip_wrapped_0712.txt,97398,38,1729f7cd884080ec4ab86f3b75b4ad2b076b8da106028a00555875f40095cffd,6601cb1fbcaeab01862325106d578ac1349e994280d84b4b70b33158ddc2c59c,1,0
dataset_2_binary_clean_v2,train,train/images/nozzle_tip_wrapped_0714.jpg,train/labels/nozzle_tip_wrapped_0714.txt,96584,38,5f9c33b2dadf0f0eadb569ace860f525543d687151da87a528d52b2b5b0b39ee,bc8156058b8909a5ad6a8e1ef2c168159a4485daded3966f8b9a3ca9f7ed2043,1,0
dataset_2_binary_clean_v2,train,train/images/nozzle_tip_wrapped_0716.jpg,train/labels/nozzle_tip_wrapped_0716.txt,93363,38,d482be94148e4afa8065d1fca862cf37056875bcbc041b360735180b3df8dfca,1bc76b87492d7d853843528bc399300cc75b20f4ad31c4297df8f3a42d7e0745,1,0
dataset_2_binary_clean_v2,train,train/images/nozzle_tip_wrapped_0717.jpg,train/labels/nozzle_tip_wrapped_0717.txt,96071,38,7992b08a19230e4c58ba215daa2e5d60c6ccae8e59863d1756971e88ac7d0841,b7c456b6d08af64e601762846b90a64261b18cd6bc09a10a63d64ab828ce3670,1,0
dataset_2_binary_clean_v2,train,train/images/nozzle_tip_wrapped_0719.jpg,train/labels/nozzle_tip_wrapped_0719.txt,101654,38,0edb31da6baf321e61d883a2197a09b6f1885f823a2b8af28a272225b8b9e574,51a3fc74dee195ae6529bb80aa9f4d83f6ca71102fae0ff1896f0d330d4230d8,1,0
dataset_2_binary_clean_v2,train,train/images/nozzle_tip_wrapped_0720.jpg,train/labels/nozzle_tip_wrapped_0720.txt,102010,38,0bee53425ca0e1bb6a31d5b24fac73e1e2138c5638498b2da12042e4cfc3f033,0ff2ef7cc6d8f17baaf7a777effffecc8da261ab047f6c6b03de765ee7d6ff11,1,0
dataset_2_binary_clean_v2,train,train/images/nozzle_tip_wrapped_0721.jpg,train/labels/nozzle_tip_wrapped_0721.txt,102488,38,6aad4da3f4c51841f597bdc50423ea91243a05b663df00bab51bf0ae6d5fd0e5,b7e7bd4350d605ea734081aed71c64cfc2a4d39c5867ad35c19d4a9a3e260c5b,1,0
dataset_2_binary_clean_v2,train,train/images/nozzle_tip_wrapped_0722.jpg,train/labels/nozzle_tip_wrapped_0722.txt,100517,38,32f17519e9cba0b55821901c6c994b86c5349e9554e5bff2c460293c040edf96,6ddb7428a277ca147596fab23c963ec05e20eaa55f326427b690643e3bc63256,1,0
dataset_2_binary_clean_v2,train,train/images/nozzle_tip_wrapped_0723.jpg,train/labels/nozzle_tip_wrapped_0723.txt,102663,38,8579128bdec7c3ecded951653828fdae2015a0c9f6b1d0d0e9fbf11e2c350e2d,32fb65832b30f6aec477befdda03600e0b9f4fcc52e057b1586045ec26dcf0ec,1,0
dataset_2_binary_clean_v2,train,train/images/nozzle_tip_wrapped_0724.jpg,train/labels/nozzle_tip_wrapped_0724.txt,101221,38,e5b2748ebbefa807dd81d193345324572b4e4c2ac1c8679524db42a8bb75d051,5c01b4acb372c83962a31811b1770551c642934980900c07831f2fcc1a21ecf6,1,0
dataset_2_binary_clean_v2,train,train/images/nozzle_tip_wrapped_0725.jpg,train/labels/nozzle_tip_wrapped_0725.txt,95774,38,49c8989bdb73dc28a771f9ff2966338d1bfaaa774936f3daf31b04c07cfb62d9,02f41b3396ed8449443b67a74d658457fcd3af7b4b8aeecbe4d499230f976930,1,0
dataset_2_binary_clean_v2,train,train/images/nozzle_tip_wrapped_0726.jpg,train/labels/nozzle_tip_wrapped_0726.txt,102200,38,c65f49ff873fa7ce800a5456e96cf49ef2bbdd6125d1721898c6c1ef8ecb8ece,bc8a2d334698de6f83ed5ce7e7f4cf883977de88206d7217359372be0c9fb220,1,0
dataset_2_binary_clean_v2,train,train/images/nozzle_tip_wrapped_0727.jpg,train/labels/nozzle_tip_wrapped_0727.txt,100493,38,60d2984fbd9a3c29c4aa5ea786142f815ee758e55dd1758e8e20bf37fa310a77,156cd5141dc5ddccea08cb34c87e2cc4f5f5c0d771d594675070c20eda23123e,1,0
dataset_2_binary_clean_v2,train,train/images/nozzle_tip_wrapped_0728.jpg,train/labels/nozzle_tip_wrapped_0728.txt,87232,38,9ab456b3ec5ee5d1cc3a39d76f311810d24fb7f090a00fe50bfeaea4ca0d7742,aecf6ab22a8fcecae4087e81ddbd26345aacda5736e673bdce74a9bf075d8043,1,0
dataset_2_binary_clean_v2,train,train/images/nozzle_tip_wrapped_0729.jpg,train/labels/nozzle_tip_wrapped_0729.txt,75067,38,356b7a3b4ad954e2b5e1beff2e38c1dbb4e842ecac6e2f230e6e28cfd3ff3731,b8561b09052d327e7bd51fbbd19f593d38e3c2531a427e47a79ea597ba4da968,1,0
dataset_2_binary_clean_v2,train,train/images/nozzle_tip_wrapped_0730.jpg,train/labels/nozzle_tip_wrapped_0730.txt,88876,38,b600b4afa915b65736695d35131787ba58893f0384786300f4e29e61e1c6c9e8,756398ad74b94593e2e0afbf24c6068fd58ce0b0a3d579718285546ee645470f,1,0
dataset_2_binary_clean_v2,train,train/images/nozzle_tip_wrapped_0731.jpg,train/labels/nozzle_tip_wrapped_0731.txt,89422,38,c9bc4cfeae23787de10ec6c716faa3e5244c781c480cddaf5de32514d895f4bd,79eba21452be89597d47746ffbc6a7d60bf801245f532a1b95a60720d49ff2d1,1,0
dataset_2_binary_clean_v2,train,train/images/nozzle_tip_wrapped_0732.jpg,train/labels/nozzle_tip_wrapped_0732.txt,87271,38,a5ab855a78f18d682cdf57823a4132e8e03e8fe642097ada3f0ca4260a1d58b9,6c62de3d517101b5007cf7f9941a30ae181a5c0e9a39295d894eaf09f5e36440,1,0
dataset_2_binary_clean_v2,train,train/images/nozzle_tip_wrapped_0733.jpg,train/labels/nozzle_tip_wrapped_0733.txt,94448,38,19965200433069580577a4caed22aa13410d97c6fcd3a48821488cc5be131f71,70ca3fbf70fc1318f7db1346e8937cf3f367786d04ea0aa981cfd3cd13ae5e16,1,0
dataset_2_binary_clean_v2,train,train/images/nozzle_tip_wrapped_0735.jpg,train/labels/nozzle_tip_wrapped_0735.txt,91085,38,0d014d4b045315fd96eab9168b2f0b5c352d4c99650a0dfdffa51cd79cdc3ccc,4753d6839b134502c4cced16d3e95906a1f3f5421b0b8bcbf6c0faf892f6d714,1,0
dataset_2_binary_clean_v2,train,train/images/nozzle_tip_wrapped_0736.jpg,train/labels/nozzle_tip_wrapped_0736.txt,93288,38,eda7f12ab9f83dea6ab7af338b7bffeb43dcadd378de002afc07aac38f58df1f,68fc56f029f137c6641a74e5b2c4e1e4bb38eaf764b4f7fab81c30700f329c77,1,0
dataset_2_binary_clean_v2,train,train/images/nozzle_tip_wrapped_0738.jpg,train/labels/nozzle_tip_wrapped_0738.txt,91702,38,addb2d2ea4c4cda95129d6632fead1d3774ddd78d82233d01a3fa923a4205968,a443c16edc41671220f88c6f625c0112b1dedb5af77453e4f9a5adc1488695f3,1,0
dataset_2_binary_clean_v2,train,train/images/nozzle_tip_wrapped_0739.jpg,train/labels/nozzle_tip_wrapped_0739.txt,98316,38,05b871c911c99cbdafc3ad57121d987d0375c9086535db0414ed740e99d908d4,724096629cb5d82d13e40b12f2a222f3ee0c4b3ff8e533d4beb066f439999eba,1,0
dataset_2_binary_clean_v2,train,train/images/nozzle_tip_wrapped_0740.jpg,train/labels/nozzle_tip_wrapped_0740.txt,96501,38,f3e592032ee331dcc1fcbb0a835b9295de55706cfff80119d1f35b6f39d2cece,ab244c0c3ae4bf733db2f3adf47a38e3d5414c96806eb597ee12e4af06f7dcf4,1,0
dataset_2_binary_clean_v2,train,train/images/nozzle_tip_wrapped_0741.jpg,train/labels/nozzle_tip_wrapped_0741.txt,95958,38,18b0ddb1ab722c88d95fbb67edf1b2decf7a324de0eee12674e8e061d39812e5,16c3425995f74c3f16d711b3e52f0da2da77ed081ac2432f04e27041dfc52c28,1,0
dataset_2_binary_clean_v2,train,train/images/nozzle_tip_wrapped_0742.jpg,train/labels/nozzle_tip_wrapped_0742.txt,92159,38,bd095188dea89526dee353d98740a086cdafb1c7a593d78d93243e1c60f11eb8,861feb4645bbf31f9f986ad6de95a161323a4f9cb49d3868f6f7e0497135c6df,1,0
dataset_2_binary_clean_v2,train,train/images/nozzle_tip_wrapped_0747.jpg,train/labels/nozzle_tip_wrapped_0747.txt,105932,38,cb4374804ae8ac59114d4a72265bfd05e9781cbd6adc9f290df5741b4c0bc8f0,6b02fc665e881508e63023d97b885917b92f0b789cc50ddcbf68d8cba56d21b9,1,0
dataset_2_binary_clean_v2,train,train/images/nozzle_tip_wrapped_0748.jpg,train/labels/nozzle_tip_wrapped_0748.txt,99172,38,d9b5d5b776847fb3211195c75b820feb7d47f0ca25af5781606e79f7de59098f,12b091f15fbbb384b8e6e5f774eb0dd14df6831b3bc2c941848be77589e95f47,1,0
dataset_2_binary_clean_v2,train,train/images/nozzle_tip_wrapped_0749.jpg,train/labels/nozzle_tip_wrapped_0749.txt,106832,38,13aac7d623f01cbfefccadf41bc63c2684d9ecfec275671520fbe6dcbce10411,eeb15d0b78d5dbb059cb1a03aa68da55df2a95a0f69bb9d4d19027b9df44b5b0,1,0
dataset_2_binary_clean_v2,train,train/images/nozzle_tip_wrapped_0750.jpg,train/labels/nozzle_tip_wrapped_0750.txt,105927,38,d93efcd87abfd9999867180736cb082f6e99962ef4dbe406fb7615f38702518c,95f44e53d3e11a0104483a7e8a143cd0ecd3695d2cd7b27252a07f9576fa97e6,1,0
dataset_2_binary_clean_v2,train,train/images/nozzle_tip_wrapped_0751.jpg,train/labels/nozzle_tip_wrapped_0751.txt,107409,38,cad21f074e630400284911d942ba4943711e9bf506fa32d11c58866cb7205fea,97736838af8596ecd4d42a6fe593c2c320e77992116c1cee5a5da358318ba7bc,1,0
dataset_2_binary_clean_v2,train,train/images/nozzle_tip_wrapped_0752.jpg,train/labels/nozzle_tip_wrapped_0752.txt,106578,38,3f88157d71c49520ba85d53f1578c977e6210e27d1f0517ffaad5f01b3290929,2b54513860ad622cf05106f1a16cc5a757df10068abe03b03a57bd08bc778b5a,1,0
dataset_2_binary_clean_v2,train,train/images/nozzle_tip_wrapped_0755.jpg,train/labels/nozzle_tip_wrapped_0755.txt,93383,38,6cac7e15c26838bb5ef69c9b91e2463a5874210840fdd21f8b0acd82c1d612d0,7f00bf38406deed58765d09bf8a4fd8070ed95d773a7d7dcead37f2641ffdce4,1,0
dataset_2_binary_clean_v2,train,train/images/nozzle_tip_wrapped_0759.jpg,train/labels/nozzle_tip_wrapped_0759.txt,81530,38,47013fc5f89e75abe46819be332b710d2107e7b328dff89d0fe60b765a07c25a,f2ae5fca1bb8e2e2fcd67f245dd5e0aca342f18cfe4dad6380e35e724a54c480,1,0
dataset_2_binary_clean_v2,train,train/images/nozzle_tip_wrapped_0760.jpg,train/labels/nozzle_tip_wrapped_0760.txt,90779,38,9c2dcc082d412b802df4045d797d5c828d33c44afcaacae28ffe7baec03fed1d,27d5160abe1f3dda6b447b7fec69886f0f145d8322d4f4d0b4d17339377eb1e0,1,0
dataset_2_binary_clean_v2,train,train/images/nozzle_tip_wrapped_0761.jpg,train/labels/nozzle_tip_wrapped_0761.txt,95278,38,08ec0b35f0f47727c26ed69b562e425d38b4959ac031744500f6c51fed6362e4,e0679410bceffd707bb3bcf7e2e277b08d0387aeefcaaf323fd4c5619d6bb9e1,1,0
dataset_2_binary_clean_v2,train,train/images/nozzle_tip_wrapped_0763.jpg,train/labels/nozzle_tip_wrapped_0763.txt,75666,38,da9e387fd9b72626e30d90cb8085b61cbe8bbbac5739b31f4025e8a86eacf90f,b3e7422c91f9fe3218e1c49009397e6cbd0a8773225d01a3344346bae148fd1f,1,0
dataset_2_binary_clean_v2,train,train/images/nozzle_tip_wrapped_0766.jpg,train/labels/nozzle_tip_wrapped_0766.txt,103504,38,4184e395e2d512a6bf4bfb098b1536cdd5c8172831ac12e574db11a09f6caa98,e1fcc6de4d604efb737ea3737c95afc281f1510584309897e8ad380396703af8,1,0
dataset_2_binary_clean_v2,train,train/images/nozzle_tip_wrapped_0767.jpg,train/labels/nozzle_tip_wrapped_0767.txt,103104,38,fc496e20b36f5c57b3309e81dce835c3e6ab25b555896f83b215c7b429bc61f1,84f2b4e355a82ddf42214a7e61ff840ed79272d2052e3378d6ab67f8393b6244,1,0
dataset_2_binary_clean_v2,train,train/images/nozzle_tip_wrapped_0768.jpg,train/labels/nozzle_tip_wrapped_0768.txt,108141,38,9ec3f3c193b8240144df49161093707cf9a5bfda704221042db11a64ae70bfea,3aa4476d811af6ed4f3783614bc85c4a82b61cc037cfd550bd7e05e5393ad149,1,0
dataset_2_binary_clean_v2,train,train/images/nozzle_tip_wrapped_0771.jpg,train/labels/nozzle_tip_wrapped_0771.txt,117389,38,2d7a7108218d9e989a08ed75eee73ffa0ff0dfd6d720f36925835326d6f52160,a9b0af93254094d6d246b7112ec74469128048ffbf6e0fe15549557fadfe250d,1,0
dataset_2_binary_clean_v2,train,train/images/nozzle_tip_wrapped_0773.jpg,train/labels/nozzle_tip_wrapped_0773.txt,98831,38,80d2019f72586932f468889792a1e459eec4d2aa0dee263f6abe3be49477d84e,5b8614d04645cf225c6647a9b3183c221e9603ff9ea7e06568396267ec133a94,1,0
dataset_2_binary_clean_v2,train,train/images/nozzle_tip_wrapped_0774.jpg,train/labels/nozzle_tip_wrapped_0774.txt,113575,38,73873c3785c69502e970a0f79483df2f066918cd52ef131e34b8027779e68817,e7a66f0d0b992e43f812c6879b14ba1d10bed9dd6a652c69e3deda8a06792651,1,0
dataset_2_binary_clean_v2,train,train/images/nozzle_tip_wrapped_0775.jpg,train/labels/nozzle_tip_wrapped_0775.txt,111395,38,b126b775dc5f028fc565e36482a570f90e49d5439dbd4bb34615db1f384f576e,6a40e375396f5eadbffb705572d2119ba0cc5c4e6f1b79202b4f15bc5ebc91b7,1,0
dataset_2_binary_clean_v2,train,train/images/nozzle_tip_wrapped_0777.jpg,train/labels/nozzle_tip_wrapped_0777.txt,114246,38,627373be4dbef0c2248633ed83b4a50190ebda393abbb99df1ac2c483244ba2f,521c24b8e36d4a45c062f783ea9ffbafea411e21c0ea8159b7793c55184d4d60,1,0
dataset_2_binary_clean_v2,train,train/images/nozzle_tip_wrapped_0779.jpg,train/labels/nozzle_tip_wrapped_0779.txt,113247,38,6e5d84f9f3d78a26210bda4fd585c1d15c686be7f09318381fccd4ebf6b07b6b,d28629f36d986ef8d51290700288377608a018d128fc1d6ea7f5e464b3c773c1,1,0
dataset_2_binary_clean_v2,train,train/images/nozzle_tip_wrapped_0780.jpg,train/labels/nozzle_tip_wrapped_0780.txt,108498,38,dd8de4173f6a9c3c1817068b0b55ee3c2b14a1b552bb97d509c9014804fd57d9,f4c728be13c536fa6128575316f5993920cd8551f6d472cf59e6e1b3eb4bb0b8,1,0
dataset_2_binary_clean_v2,train,train/images/nozzle_tip_wrapped_0783.jpg,train/labels/nozzle_tip_wrapped_0783.txt,101007,38,6240d81eb6a62ffbb6fb612d668bcaf6c9e5e4929b17ede5beabfc991ff59a44,4dc718fe4d385cc955f4a7b3075ab5b77cbfe87cc531de74556c55a05b1b2757,1,0
dataset_2_binary_clean_v2,train,train/images/nozzle_tip_wrapped_0784.jpg,train/labels/nozzle_tip_wrapped_0784.txt,100798,38,9541bdea7ecd044da855269bd7d1ad78321808c59a85e1c8d1bf64933c90fdec,915f24b527888bf03de04cd0b8f2edd286162e58bb739e2415eaf88960e19b3b,1,0
dataset_2_binary_clean_v2,train,train/images/nozzle_tip_wrapped_0786.jpg,train/labels/nozzle_tip_wrapped_0786.txt,99190,38,c6a49c1f1c9e06f5ed9f8ccb8c705bd0f3ee6404873ecfe05e514f4d7b2c3889,cfae0ac0aed618b812b3efb10b7642971acf09d2e8e2f2927bbe31d4a6465bae,1,0
dataset_2_binary_clean_v2,train,train/images/nozzle_tip_wrapped_0787.jpg,train/labels/nozzle_tip_wrapped_0787.txt,94420,38,e23e0a39f1dff0c713c93cb67abf6e96eb566c8b3fe8777bef4fe57dd679a8f6,ea4bd90e32a61584c3c64c7300bdb4e809768d7295688a373b2f4bd524c2cc53,1,0
dataset_2_binary_clean_v2,train,train/images/nozzle_tip_wrapped_0788.jpg,train/labels/nozzle_tip_wrapped_0788.txt,97940,38,3240ce9ec1aeda0cc1ac03aed41ee749062d7b9f722b4ed5706cf635e4065421,8e687bdc3ff8348e755f9fae568efe2c62c36b2e32aaea91b2e28a79cf76587f,1,0
dataset_2_binary_clean_v2,train,train/images/nozzle_tip_wrapped_0789.jpg,train/labels/nozzle_tip_wrapped_0789.txt,95258,38,77388d8a1d7eb89f0448a0d3d893bf2a2cd4ec035082d9d527b7b56537f9c73c,2ea44fcae200564c3faaff80d2056b8be6f84e362649d308017faecc70cefca1,1,0
dataset_2_binary_clean_v2,train,train/images/nozzle_tip_wrapped_0790.jpg,train/labels/nozzle_tip_wrapped_0790.txt,104139,38,02372d9d178f3eda5002e2dd00bef9086274fcfe8f76b75f2f925a6924a5a9ec,7f222981db0b4ad0207a3b4466608df2fb855c349d29ff59a6c72109b2437a72,1,0
dataset_2_binary_clean_v2,train,train/images/nozzle_tip_wrapped_0793.jpg,train/labels/nozzle_tip_wrapped_0793.txt,116312,38,7a8285dedc01f5294d6ce146bf661822bb62c1de615ec7d7a3de56188fd22057,1b87183a374220a928aebf8562f386900f07774501a570d1fe68a54995495e0c,1,0
dataset_2_binary_clean_v2,train,train/images/nozzle_tip_wrapped_0794.jpg,train/labels/nozzle_tip_wrapped_0794.txt,116687,38,51265782a2e58030af7d54efd55252afd3801c99cf05011db7a106cc6dff5b7f,62a3712030c4959f0610da8d302affff8a6472ebd312ffe4721b10eb03def567,1,0
dataset_2_binary_clean_v2,train,train/images/nozzle_tip_wrapped_0795.jpg,train/labels/nozzle_tip_wrapped_0795.txt,116620,38,d63914513fe07b4b5a5e8551c300e7f3a82af7ace84a0663f4f29ae399418d17,90939f7c864e4a5e30964e78380642b27804030d8a3e339532b9fa992e2b7d5c,1,0
dataset_2_binary_clean_v2,train,train/images/nozzle_tip_wrapped_0796.jpg,train/labels/nozzle_tip_wrapped_0796.txt,116851,38,7189dd1db791e12bcf48a3495587c249f35cddf556a56568e2b1e90d13ac397b,39b3cf6800a295836d421b56f81d1d1fa566704eb538a8925b9b83ac223d72a8,1,0
dataset_2_binary_clean_v2,train,train/images/nozzle_tip_wrapped_0797.jpg,train/labels/nozzle_tip_wrapped_0797.txt,116978,38,7f47b678a115bf75127021367c4a727b047e5864460f1861dda59274cc687d83,30c54583d50017b1b1b508a2fa2089100ea560911f5f8514ea75b5ce49a0dd29,1,0
dataset_2_binary_clean_v2,train,train/images/nozzle_tip_wrapped_0798.jpg,train/labels/nozzle_tip_wrapped_0798.txt,96041,38,7f371f747562c0d89cc92acca339ce7aa01753df9c8f6d87a494490166394e74,3868ce24c68fd15f6712c8f7e8cb84f8c01a0dca04238a1f668f9cf8e26ebf46,1,0
dataset_2_binary_clean_v2,train,train/images/nozzle_tip_wrapped_0799.jpg,train/labels/nozzle_tip_wrapped_0799.txt,118636,38,004f55c9c64955d187cda410f503a97f8f6d339a5794fc429d7dfe2eabdf219f,f34ecad9cfae011c67eb8318800d92f2fddc20dd1d029c7e1314ab335e019358,1,0
dataset_2_binary_clean_v2,train,train/images/nozzle_tip_wrapped_0800.jpg,train/labels/nozzle_tip_wrapped_0800.txt,106912,38,12c48fbaaab5716736d6c8817a870f9391a97a5b1a61ebbe4cc801dac61f6e64,053ca15314069e22396f090c0d5060cccbb52c88b003c3cc7eecb36054bbe611,1,0
dataset_2_binary_clean_v2,train,train/images/nozzle_tip_wrapped_0801.jpg,train/labels/nozzle_tip_wrapped_0801.txt,104198,38,0e7b0bdd616ed32afa7f7601f32fcda730a003997ef041f3cb2ddfbb1a08ebd8,470ad93dfa7678487a4b75791f4aecb847f755181e0f8689c5068eaa685ae7ca,1,0
dataset_2_binary_clean_v2,train,train/images/nozzle_tip_wrapped_0802.jpg,train/labels/nozzle_tip_wrapped_0802.txt,103867,38,ebf2479650e0111adb415308a5192d4af90d493efc71e751aeea4bff414f58f8,82abd5853d54e465ae46d02127125ccd701dee236d2a7fd1758f75c52ace644f,1,0
dataset_2_binary_clean_v2,train,train/images/nozzle_tip_wrapped_0804.jpg,train/labels/nozzle_tip_wrapped_0804.txt,110546,38,a1a031d3bccfa8743e02ebe651f9d61e255b53e04f902964ad6d118114ab0e63,ef5bb8671296909fa92093e5ea85506344e1496cb490fd4ecef1e56494f05f92,1,0
dataset_2_binary_clean_v2,train,train/images/nozzle_tip_wrapped_0806.jpg,train/labels/nozzle_tip_wrapped_0806.txt,104451,38,559c4514260812c64cea31b41e575da37eba8d4821e93b4b2221ce29d8b172f0,96b18ab2f8b616b06b5b954ca09b22a3f0faa1e9e7ba07da45aa90425aa0873e,1,0
dataset_2_binary_clean_v2,train,train/images/nozzle_tip_wrapped_0808.jpg,train/labels/nozzle_tip_wrapped_0808.txt,109359,38,4f9acb29526b934174c915839033e6ab632148988fcc450822edb46a95b44501,d445233af0a7fe523b27b6e9bae0482406e6a9deed6e93ce828c5683f6bdfc64,1,0
dataset_2_binary_clean_v2,train,train/images/nozzle_tip_wrapped_0809.jpg,train/labels/nozzle_tip_wrapped_0809.txt,96197,38,d1db95e75b7a2ec70cf1b4d5f28087bfa7a747471dc1032dc96d812712bdac3c,2301684d5a376e64a42f4cfca301bf236966249c8293391a8f68747d4d3071c3,1,0
dataset_2_binary_clean_v2,train,train/images/nozzle_tip_wrapped_0810.jpg,train/labels/nozzle_tip_wrapped_0810.txt,97037,38,5f1cd7f6d082053db1e1d03ff511e6e633ae57c3ff62c87cef339a94244ee015,a17e69d16170ee8c0aa1e9400d80dc17ddab98a6e18f470682094d04e0e3e723,1,0
dataset_2_binary_clean_v2,train,train/images/nozzle_tip_wrapped_0811.jpg,train/labels/nozzle_tip_wrapped_0811.txt,96102,38,50ec497224dc5ae260c820fcdf398963b3db2f568689b3755584c89f718d769b,86cfef2c43aa8b5107ad137cace8c05528507aa8428ce6ae05e67b375c2bc192,1,0
dataset_2_binary_clean_v2,train,train/images/nozzle_tip_wrapped_0812.jpg,train/labels/nozzle_tip_wrapped_0812.txt,107446,38,d3d1bf3c9db7e37ee652870fc1fa7978c032eb1990971ec1e5037227e1c9ceb5,df67e9af719d103dd9e8d61649fb737496f293aa8cc9a84d9d4271a59fc5f1d0,1,0
dataset_2_binary_clean_v2,train,train/images/nozzle_tip_wrapped_0813.jpg,train/labels/nozzle_tip_wrapped_0813.txt,106896,38,43584de69544029f6110dd812ee4fa1a30d5247e63edaf774f5aba33a604d2bc,dba299366cb2a7ff48813a5782d971269caeb5a5e8f1a992c037c6f44dc2203f,1,0
dataset_2_binary_clean_v2,train,train/images/nozzle_tip_wrapped_0814.jpg,train/labels/nozzle_tip_wrapped_0814.txt,109459,38,d3d5655e4146a43cd3d7199e3ad94e3d198cf486a3e9a0cacc18500f7cea1385,1069b9eb78a82d63ea8f66c7ac47a63affaabe5c4d85ee0c9209b368395d48b9,1,0
dataset_2_binary_clean_v2,train,train/images/nozzle_tip_wrapped_0815.jpg,train/labels/nozzle_tip_wrapped_0815.txt,86853,38,44d8a3858546a04c54419a3affe9e79c08a0d6a87599217c4e85688d6eaecff2,21906bb0439ebd2ecb20c2c84aadbc37b42238f9080817a50cb7218379b35675,1,0
dataset_2_binary_clean_v2,train,train/images/nozzle_tip_wrapped_0816.jpg,train/labels/nozzle_tip_wrapped_0816.txt,105272,38,ca9e61e26df6eee80fcab8a3d187ead2de4179e95a4c0d92af892267f9222e04,d8b9b4b7bbc2648e65277fe7a769dcec662322492426acb9dd108231f6f153ae,1,0
dataset_2_binary_clean_v2,train,train/images/nozzle_tip_wrapped_0817.jpg,train/labels/nozzle_tip_wrapped_0817.txt,107718,38,fa8763644ab3c0391787a3cf22412c00cc27fc5970abb6552f9bdc6aaaafc011,a99cad8c4db88ae1845a5f7a1108bf962177f000735f8458dda57abebbf78cb4,1,0
dataset_2_binary_clean_v2,train,train/images/nozzle_tip_wrapped_0818.jpg,train/labels/nozzle_tip_wrapped_0818.txt,86075,38,728bb3c8a3b28d2f2a7f1b591e77df3a02f349ae82070885f820e3c6e80af3d2,6ac04d9928aac7e9c9bffe5b87bd02f6193d514019dce81febb0a6afbdae02df,1,0
dataset_2_binary_clean_v2,train,train/images/nozzle_tip_wrapped_0820.jpg,train/labels/nozzle_tip_wrapped_0820.txt,105381,38,92ce16823cd9ed531a159e26cb4fc7c816d5367e69a93bb2eaa96c4e33e83091,641ddd412678629ff47c16ef1c8d41f16c4b47f7052bff7cdad07c3558413230,1,0
dataset_2_binary_clean_v2,train,train/images/nozzle_tip_wrapped_0822.jpg,train/labels/nozzle_tip_wrapped_0822.txt,101138,38,2280b31f65f5c0d05db768d6ba4217a6008b25a44dca618a82e7c2d4321b20bd,51c5f7a3816ed50b6e30d1d819fce915c22c84d37c93d8eebb10ec566054f897,1,0
dataset_2_binary_clean_v2,train,train/images/nozzle_tip_wrapped_0823.jpg,train/labels/nozzle_tip_wrapped_0823.txt,105556,38,23db8a8177ba87cd2b90ad8532e2f677199bb05c902c581ed5d208d75e83974f,82058acefb1b94ded09f7612e658f6a9b5aeba24b3b46883f3110452e3bcd672,1,0
dataset_2_binary_clean_v2,train,train/images/nozzle_tip_wrapped_0824.jpg,train/labels/nozzle_tip_wrapped_0824.txt,108590,38,3de8ef51b4564ad1f0215f705773cdbeb4217ed34570cf9edfbfc91f17db3e81,6d171887e5c4635a36b674fe857c3c079f58660cb7d74d1c02eb3f9e15f618ee,1,0
dataset_2_binary_clean_v2,train,train/images/nozzle_tip_wrapped_0825.jpg,train/labels/nozzle_tip_wrapped_0825.txt,86872,38,98931d5430a7845730848d7ab85fa46c2b5503a78eba27b16e82f7476980af6f,aa4dd07da4c376d87d5dbc62f31b24e0b3ab8b2b8053aef4e18a63c8c4fca131,1,0
dataset_2_binary_clean_v2,train,train/images/nozzle_tip_wrapped_0827.jpg,train/labels/nozzle_tip_wrapped_0827.txt,105269,38,b79af763eacf8ae7b263162b7a1ea59a13085418d967de69a1dee9bbb6bad35b,46ed02ed3ba064df5fc84a6bf02d9f9853154b7fefb4b5022dc331d7be294248,1,0
dataset_2_binary_clean_v2,train,train/images/nozzle_tip_wrapped_0828.jpg,train/labels/nozzle_tip_wrapped_0828.txt,107042,38,62d6741b831625d08084a975f9fcd51e871ae6ca76edd06b36c7b78d5cda29c4,de32a021169d5c69aa49fa9087f7658a7a80829f7cbbdbe7b24a9566d9a5e280,1,0
dataset_2_binary_clean_v2,train,train/images/nozzle_tip_wrapped_0832.jpg,train/labels/nozzle_tip_wrapped_0832.txt,112282,38,06357beb453e0a8c6dc75554474c0788eae0a99301aca76aa79f284e17ee78e8,c65bccb44cafbc51ae254023ec4be3cd116676ef9a2b85820f49fd4703afd41a,1,0
dataset_2_binary_clean_v2,train,train/images/nozzle_tip_wrapped_0835.jpg,train/labels/nozzle_tip_wrapped_0835.txt,99121,38,b0dc7a30e787d210eaee722f2656fe0446a55559aac8f7238682a3e047cba177,7e95f34d520ade16e0a74e7022db73296561d68b84ad5928ce057b174632c9bc,1,0
dataset_2_binary_clean_v2,train,train/images/nozzle_tip_wrapped_0838.jpg,train/labels/nozzle_tip_wrapped_0838.txt,122099,38,3333f170a0aaadeac7fdbc54d86e5ec8e0e0482942da34001ff19b9321f280d1,4a095c8c6d578edd0d6b9c626c65a299e97264bd97848e55bde699d2a1231cb4,1,0
dataset_2_binary_clean_v2,train,train/images/nozzle_tip_wrapped_0839.jpg,train/labels/nozzle_tip_wrapped_0839.txt,120153,38,6a138cdb0c516baeec811fa659231b901d2711b246cfe80e852baab179572c04,a7866673f8e4755a7e4bdba4767385b50177eb2cc606f6e9f7d707eddd516eaf,1,0
dataset_2_binary_clean_v2,train,train/images/nozzle_tip_wrapped_0841.jpg,train/labels/nozzle_tip_wrapped_0841.txt,115523,38,43bfdf7f957321a126e52c05a3f1c9277d910057399a769bb3798ff38f66b49b,040d9c56f16e4659dde6c564fffa0275263e0d17a5411e575242c44fc23cc618,1,0
dataset_2_binary_clean_v2,train,train/images/nozzle_tip_wrapped_0842.jpg,train/labels/nozzle_tip_wrapped_0842.txt,113801,38,56362ce6dc137699d2c156c12d64f4f8e0e2e43f510e8ca08d1063eea1d505b3,e93bb42b1fd4a59ce78519736ddf1e61ef98dd72ce27479c74e161b69f96a477,1,0
dataset_2_binary_clean_v2,train,train/images/nozzle_tip_wrapped_0843.jpg,train/labels/nozzle_tip_wrapped_0843.txt,85730,38,4e958fb0f921c087f1a5f829a7cd095b7964f46cd49f458219b14f62c1b77643,fb2bfb7bdc4e2be7bf8f176c751a1469e827bf35ec67872070ccb53fc72b1fe4,1,0
dataset_2_binary_clean_v2,train,train/images/nozzle_tip_wrapped_0846.jpg,train/labels/nozzle_tip_wrapped_0846.txt,101097,38,adbfc2e49ae470f71ad7880211c2386fd2387f18930bb1c39dd9ab7ac8da2fca,d4da767fb1b8aa1c620643045ad316f32774ae6e4d744fe7b60f3064b1c1e87f,1,0
dataset_2_binary_clean_v2,train,train/images/nozzle_tip_wrapped_0847.jpg,train/labels/nozzle_tip_wrapped_0847.txt,100477,38,6030056a570aeea88be1123f29ddf54b69ca04df9f3cbb1d427060103f9e15b1,208e5957487f5213d709a885b0af524bbf8031ecacd8b2a91b40b232a8842426,1,0
dataset_2_binary_clean_v2,train,train/images/nozzle_tip_wrapped_0848.jpg,train/labels/nozzle_tip_wrapped_0848.txt,101381,38,b1d4457c5e4bb202967c104d28bfb4ecafe738add2de56fdd7de813370fc37b6,f7f03e418c537f7da081ae599285804a8a2a97e8fd9f34e151357ea0164de00e,1,0
dataset_2_binary_clean_v2,train,train/images/nozzle_tip_wrapped_0849.jpg,train/labels/nozzle_tip_wrapped_0849.txt,99363,38,5e61a875a7e35741a3b96a3abf24e56223245dd03c99c17ed589d581904025a7,f5740f8c3daa6bee23c0a718b3af9d0ddecd9351698330547659e50f7074b7d0,1,0
dataset_2_binary_clean_v2,train,train/images/nozzle_tip_wrapped_0850.jpg,train/labels/nozzle_tip_wrapped_0850.txt,91676,38,f5cdaf490de0728ec3ab43ee352be018ffacb66a66a378394f0f983f2b3a358f,c5bcad75a0d064d8fe41561b01ad209ad598694d509a112ed2de6ff9f28796d6,1,0
dataset_2_binary_clean_v2,train,train/images/nozzle_tip_wrapped_0851.jpg,train/labels/nozzle_tip_wrapped_0851.txt,93913,38,2b086a3f33d89e70180605fbb3b4b6982f064c395adf22089e728a04629910e1,aba23c286482f3a427450c8b17b02a45816d7b0b55b0f67f1659e243afced2b1,1,0
dataset_2_binary_clean_v2,train,train/images/nozzle_tip_wrapped_0855.jpg,train/labels/nozzle_tip_wrapped_0855.txt,90421,38,1bcc4a55f781c1b4aaaf45677aa02a50c3d32c2eb3fccfa258b73b71c97b6293,3a3e4098f9bd6de234021a2c5235b02ee3ccef250ec329b2908050f5df78cf54,1,0
dataset_2_binary_clean_v2,train,train/images/nozzle_tip_wrapped_0856.jpg,train/labels/nozzle_tip_wrapped_0856.txt,93932,38,d7d9879e39fa4c8ab64148cbbcfae718868c02292a89d421406fc0a0904490b4,6a750f278d47ee8484a8198c3c05ac06a6bea02179097f595e6593208eb41073,1,0
dataset_2_binary_clean_v2,train,train/images/nozzle_tip_wrapped_0858.jpg,train/labels/nozzle_tip_wrapped_0858.txt,93246,38,cf984b9ae0b00942b9675faac7f7047c1460f9135228afdcb55fa2879abeace1,4e5e47176dccaf65052da58089c1a6d45e4b8f1fc68437cf9d9dd0c7130a77d5,1,0
dataset_2_binary_clean_v2,train,train/images/nozzle_tip_wrapped_0859.jpg,train/labels/nozzle_tip_wrapped_0859.txt,93228,38,73064fae917ceb807d3c4b5f0daa1a8d427210230bf1332923045d5c1a6cf00d,ffdf461b3e5c4cbfc8e52bb95741c7f0ef91cba7366b42b171cf37558174a271,1,0
dataset_2_binary_clean_v2,train,train/images/nozzle_tip_wrapped_0861.jpg,train/labels/nozzle_tip_wrapped_0861.txt,87805,38,aa107f93eba76d624ebecc88123604f3b4091cea179d25e754a84a6691262f5d,02a43fb5ac612cc06577a4c3269b54a21b9e2cfb1f3cda80896676f37109332b,1,0
dataset_2_binary_clean_v2,train,train/images/nozzle_tip_wrapped_0863.jpg,train/labels/nozzle_tip_wrapped_0863.txt,111334,38,835135584e76ca89753ff4434737d3958de0f3d08dcbebd6e637354e7e2b6dd7,4c12be31332ebfdf9b03784c038ce374c2ee51c1a6b8391bca814cce8eeee543,1,0
dataset_2_binary_clean_v2,train,train/images/nozzle_tip_wrapped_0865.jpg,train/labels/nozzle_tip_wrapped_0865.txt,110999,38,996ed2a5af13c997f02f0e82ccc7490556d6b34211f6d0329c8f2cdcddd2739d,c9ea241e9bae81cb452e02eea8dd94f09ab4f4f0cfc3f74bbed138613982415c,1,0
dataset_2_binary_clean_v2,train,train/images/nozzle_tip_wrapped_0866.jpg,train/labels/nozzle_tip_wrapped_0866.txt,116398,38,98dfd30e644a8c10652bb3a268a7ac3388ec86e4a531d960ba2e6d0caca9795d,8a7a5111b797b8ec05d3fd69503ba8f54d01fa264da46090a113c9183a8c2859,1,0
dataset_2_binary_clean_v2,train,train/images/nozzle_tip_wrapped_0867.jpg,train/labels/nozzle_tip_wrapped_0867.txt,119093,38,86c22c2268818e502dc9315eba7cb09f77964c95434eaa678f5a367656cef757,9a9cce8a65fe1f9a78fd98f3fcc288397510a19bdea03f347fb2e7be4501817a,1,0
dataset_2_binary_clean_v2,train,train/images/nozzle_tip_wrapped_0868.jpg,train/labels/nozzle_tip_wrapped_0868.txt,95668,38,10d38c64ed83d006cdd268b3dc335f206ed0b00d957db03cbeb20214a1ea78d2,3642bc038074cef63ffca8f437728bdb691ab8a74156a88d9645dc65b57388e3,1,0
dataset_2_binary_clean_v2,train,train/images/nozzle_tip_wrapped_0870.jpg,train/labels/nozzle_tip_wrapped_0870.txt,122528,38,b7bd8184dbf3610774d323c7c8f7d3ae94957b087cc22809585a52b71b004a99,ab8a8d137734c5e315538c0f3ebc0cba4c6a35ae900685c059407f408a949f31,1,0
dataset_2_binary_clean_v2,train,train/images/nozzle_tip_wrapped_0871.jpg,train/labels/nozzle_tip_wrapped_0871.txt,124698,38,ffa17ef9647f1bf478c3b30edb197878e1718677ec64bd143b61842cc6067400,0e26fd1b2d3fe307c2171bfc2f28c7cfb362bce9a6add33c98cb383181c3c4a8,1,0
dataset_2_binary_clean_v2,train,train/images/nozzle_tip_wrapped_0872.jpg,train/labels/nozzle_tip_wrapped_0872.txt,119301,38,d3277c3557e2f7c73bd74b0f3f95c4d4b7d4517fd04c0e919c2a70816eaaaf5c,77c84e4b48ed5489bf95d72fa28c12fc50be724d0dfb71bffd5bf3446144fe2c,1,0
dataset_2_binary_clean_v2,train,train/images/nozzle_tip_wrapped_0873.jpg,train/labels/nozzle_tip_wrapped_0873.txt,83384,38,e4b2b3a4dd83c6f8cb8d937cb8899f53228e4a86676a852dd2245df75a163a6e,cfd90d31ba6f4a54700c296335d80e196541c8e81c3f791bf28d1f60fdf35a52,1,0
dataset_2_binary_clean_v2,train,train/images/nozzle_tip_wrapped_0874.jpg,train/labels/nozzle_tip_wrapped_0874.txt,99941,38,31539d0de90b51e04314755a02adbc020d8bdca473a10637425a3a073493cca0,f1624cc89cde1432ef532faad870689fa3587ab2a396d0431695e22573b9d339,1,0
dataset_2_binary_clean_v2,train,train/images/nozzle_tip_wrapped_0875.jpg,train/labels/nozzle_tip_wrapped_0875.txt,113905,38,4614ab781185b33d81d1479e7409fae1d238aedb2771b4d0086244c9c6c1e95a,9814bc50d2fe62021f0e31c685934866dd0f822ef091f3adec5ec7319a06466c,1,0
dataset_2_binary_clean_v2,train,train/images/nozzle_tip_wrapped_0876.jpg,train/labels/nozzle_tip_wrapped_0876.txt,119028,38,a7d953b63a32e78ad58c76a32616bc2d2bf74109ba460ba1d1c3a4e1331fbd53,8df488f6cd0d8cab906da2afa45356d184b29774fb06c3b7b108fa23802aae0b,1,0
dataset_2_binary_clean_v2,train,train/images/nozzle_tip_wrapped_0878.jpg,train/labels/nozzle_tip_wrapped_0878.txt,119212,38,f0cec49d3cc1408330d0fa0d7408e0eed7eac3ba43e7cdecd1b64fb918d9f351,63fd8b0dfcad00f05531264ad31daf436fae75a883b33afdb40b3c8fa35f9127,1,0
dataset_2_binary_clean_v2,train,train/images/nozzle_tip_wrapped_0879.jpg,train/labels/nozzle_tip_wrapped_0879.txt,115995,38,919e492ca58c22972aef6ad36842158aec2269aabaa6b4aa670b1017685b9c1d,293f9e957e762178755d1e40f1afcb83f08cfdbbcfe6027d7b83a24c3104488d,1,0
dataset_2_binary_clean_v2,train,train/images/nozzle_tip_wrapped_0880.jpg,train/labels/nozzle_tip_wrapped_0880.txt,96594,38,65273cdf8c8e2cadb0fad1f8fe35972dc18369a6ea2abd0ec3bee85eba498391,3b9ae8da7a514255195e9b47254a9ba34c43ede3ad14a858bb8d355e8bc26b66,1,0
dataset_2_binary_clean_v2,train,train/images/nozzle_tip_wrapped_0882.jpg,train/labels/nozzle_tip_wrapped_0882.txt,118269,38,edc7d93b8e11e5fcbf438591fc143de67fc832e71ae3ffeb55568984eae99e8f,2613f23080f7b3cdc20c63f9ce1403fa7b8bc10d8ee8afcc0048a7f475257d99,1,0
dataset_2_binary_clean_v2,train,train/images/nozzle_tip_wrapped_0883.jpg,train/labels/nozzle_tip_wrapped_0883.txt,116434,38,b3772af5dc6fefe1263fe1232208c04b610743ebe90507408a5809abf52c7095,88715e9f3dfe55d49d231541223807b3bee39cfe7b7146a42629f5cf634493fc,1,0
dataset_2_binary_clean_v2,train,train/images/nozzle_tip_wrapped_0884.jpg,train/labels/nozzle_tip_wrapped_0884.txt,95959,38,cab0e41d130388a7179343538578df6d18ea3cf1d123e04360f725489390c45a,5ea4c4300e7555f31f7d0ba9f4730cce788e43128f70a7e0b4fe6db64f89ecc9,1,0
dataset_2_binary_clean_v2,train,train/images/nozzle_tip_wrapped_0885.jpg,train/labels/nozzle_tip_wrapped_0885.txt,114976,38,0d603e7cd5dab65194e72bb3e40c0e0da1c4ca2446fecc91701d1ae9057c05a9,058c654e7b7d9b6c710206c4981cdaeed41317b897a284f399aa6fc4b11eb295,1,0
dataset_2_binary_clean_v2,train,train/images/nozzle_tip_wrapped_0886.jpg,train/labels/nozzle_tip_wrapped_0886.txt,116051,38,5b146e23e0fdfd8f471de17e7bccbf6972ad1fa081b504732eb82fbcbd05b806,88e765e83810f78332aaadf9112afc9fb016fcaae13254d7cb26a2da0bde6ad6,1,0
dataset_2_binary_clean_v2,train,train/images/nozzle_tip_wrapped_0887.jpg,train/labels/nozzle_tip_wrapped_0887.txt,122401,38,36e31be34948cb33a3b61d089810ecc15b3b43b70b017130c421610ccc5fffb0,8b57deba4fb56d131ed0f9f03d73fe6d3f5f6b3686f21cc3f9446d51f8a038cb,1,0
dataset_2_binary_clean_v2,train,train/images/nozzle_tip_wrapped_0888.jpg,train/labels/nozzle_tip_wrapped_0888.txt,124239,38,5dec7e46ee4f24ae0ff8aeb587d92047f6e973eeff734163bb665c3cde1a097b,7b96d46d1c4e0d94c3896f9227f4c3b921858d316c7706929c745614654dec55,1,0
dataset_2_binary_clean_v2,train,train/images/nozzle_tip_wrapped_0889.jpg,train/labels/nozzle_tip_wrapped_0889.txt,122800,38,02d3d2d4ace319f8af9c8ef5009db10064b54d6e13b6750b2fab6fb3e35c66b7,30d99df780c4082c409af813704c28f81268602136cbc226996f297036dd5e21,1,0
dataset_2_binary_clean_v2,train,train/images/nozzle_tip_wrapped_0892.jpg,train/labels/nozzle_tip_wrapped_0892.txt,118908,38,510191689cb1376b1cc41a27045232bcd7f4cbcc9e1f69b9bc8e534fd73fd463,ee0f6133386eccf871283fdc0b55ea6261b9fb1ad83693882e40a675bd1cbdb2,1,0
dataset_2_binary_clean_v2,train,train/images/nozzle_tip_wrapped_0894.jpg,train/labels/nozzle_tip_wrapped_0894.txt,122995,38,1be91fc6d5e4e46b088197783f2aa2a10c4413dc0ffb872ef82c6fcb376cf5a9,7c599edafabf520ed13cce9e400ec91721ed180fa4f68a83542fcde552dcae46,1,0
dataset_2_binary_clean_v2,train,train/images/nozzle_tip_wrapped_0895.jpg,train/labels/nozzle_tip_wrapped_0895.txt,126242,38,a847c2964ba6d4446f8ec4202ec9e57f654e32e836906fe0e9ab5363223ecfd4,fd930e67203665045fc4088dca38f8da379be97bda6e02b9e8dc7000c7aab305,1,0
dataset_2_binary_clean_v2,train,train/images/nozzle_tip_wrapped_0896.jpg,train/labels/nozzle_tip_wrapped_0896.txt,105495,38,0b1a3c9147ea6c8b38a31059e08b6f33f5f966810a0e4b693d4414535ead012b,2e1875251f16873399a4705255752f1706aa2c9b2b046c95007cc788d577f3e8,1,0
dataset_2_binary_clean_v2,train,train/images/nozzle_tip_wrapped_0897.jpg,train/labels/nozzle_tip_wrapped_0897.txt,98922,38,304f07009e7fee9d258671e204142121a13c89e1a8948fef2a9ff04196958d6d,38e125a8c8df418c8cf846b349035f4e7359f9bd5c75138aee877b435f40e40f,1,0
dataset_2_binary_clean_v2,train,train/images/nozzle_tip_wrapped_0898.jpg,train/labels/nozzle_tip_wrapped_0898.txt,93049,38,e26f11f30155ff141bbcea18e66919eb36c88e9111c3d0cf03296301e5c534fb,85367bbbbc4534be27030cd5ed93bffa58dd7f723c7b3e29d933f67e5a017744,1,0
dataset_2_binary_clean_v2,train,train/images/nozzle_tip_wrapped_0901.jpg,train/labels/nozzle_tip_wrapped_0901.txt,100250,38,dd517c4eec6e5453676956d2be1cf9004689548634e838d81561f1845a7dd094,11d52158862da0694ea78f58778938381a81df5558429287d719e641ea044998,1,0
dataset_2_binary_clean_v2,train,train/images/nozzle_tip_wrapped_0902.jpg,train/labels/nozzle_tip_wrapped_0902.txt,105915,38,66660808744076d42850a0b128ea1a667fff801e56fe12253f06391d75ce6ad4,2dd196ebffdce460a1650cee2c08e044f387c0b8dfd1a04a520be2b0ded03a6d,1,0
dataset_2_binary_clean_v2,train,train/images/nozzle_tip_wrapped_0903.jpg,train/labels/nozzle_tip_wrapped_0903.txt,108675,38,46957bbbfe4f092fbc21cb573af3218bddcd54564fc037608505e658094aafd7,bd7d95e61274d1b5654f3567270633cd4114e836c273c96d0be8867d813c1905,1,0
dataset_2_binary_clean_v2,train,train/images/nozzle_tip_wrapped_0904.jpg,train/labels/nozzle_tip_wrapped_0904.txt,111774,38,58904f49e774a34a69206fd64ead0016e89e027c60fcd955efdb0b08ef3c5021,be60db1242545bc06a725b2e412858e6c50c266a0ca2154f58c48ce7387d3461,1,0
dataset_2_binary_clean_v2,train,train/images/nozzle_tip_wrapped_0905.jpg,train/labels/nozzle_tip_wrapped_0905.txt,101119,38,2192ddf653dc4314031e09b80773b9038d4ff515b308a34a5deecb824ae2998c,1bec5daa1796b3fb2aeda9d23e1bdd919ba0ccdeeee1c89e821df0d7a0449ae3,1,0
dataset_2_binary_clean_v2,train,train/images/nozzle_tip_wrapped_0906.jpg,train/labels/nozzle_tip_wrapped_0906.txt,107549,38,e85e72b220dfa59fcadcc84bbdebe08c789b0b9cb4f1c28e46f57c1fe26b3482,98d424d5a53890bfb70f9af3e3768e9f259b4ab861c60739c36c6c88728e905d,1,0
dataset_2_binary_clean_v2,train,train/images/nozzle_tip_wrapped_0907.jpg,train/labels/nozzle_tip_wrapped_0907.txt,113696,38,6e562429549583083c51a26d21f0f24052f17733c65f273fb271a8b346b96a5e,4bd1c27e3c5989aa028c152492be511801d97bca0fde1fd9da35621f75111a3a,1,0
dataset_2_binary_clean_v2,train,train/images/nozzle_tip_wrapped_0908.jpg,train/labels/nozzle_tip_wrapped_0908.txt,115968,38,411f5eea6087025d163e13bc22302d3e6242bab2df73522a44e5be472008273b,812016550d6500898430b224f8334e52b0e3c570fb8345b1959f244ec86008c3,1,0
dataset_2_binary_clean_v2,train,train/images/nozzle_tip_wrapped_0909.jpg,train/labels/nozzle_tip_wrapped_0909.txt,115675,38,60fae6d256d72e5eeec272502dee1cddc709faca3e30904bfae5820b35ef2ad8,a09b123d011ec6ec7726b7f0da1a4ca032c025716db6ff7de2f20aba19728aa6,1,0
dataset_2_binary_clean_v2,train,train/images/nozzle_tip_wrapped_0910.jpg,train/labels/nozzle_tip_wrapped_0910.txt,113555,38,3e3a7fc4c881f66f841ab2cc4d4f963f07874d5304e59ca9b26877abae15ee79,6eda7b77b7810840075a4ac3d97d3bc46691dd8a7cf1415cfb651e7fe158a327,1,0
dataset_2_binary_clean_v2,train,train/images/nozzle_tip_wrapped_0911.jpg,train/labels/nozzle_tip_wrapped_0911.txt,114375,38,b47a2d2a1484e014b563dc6fb496764d5ceeae06cd4661329b23220bb98b6a83,e645e29a27b8402fd2615c7e2e711768e4ab7448969dcdc005d837e7ba2b3e68,1,0
dataset_2_binary_clean_v2,train,train/images/nozzle_tip_wrapped_0912.jpg,train/labels/nozzle_tip_wrapped_0912.txt,108101,38,651590bf08f64f667dba0612b50d49834800a466071fd4d22408b0c521318b04,3b2ea8ef08bae09a415d49420b610a4a257a622a4deaad87eca9dd64f089f354,1,0
dataset_2_binary_clean_v2,train,train/images/nozzle_tip_wrapped_0913.jpg,train/labels/nozzle_tip_wrapped_0913.txt,112978,38,ae9b5e2d0f0c010e2e11e0fff84137d8d40fb48ab85b2b55cbfdbfaa3ba3c19f,8fa33f578ade6c0340de51c5dcb6bca4e787325c661dd96ce2a399ef0aba0aba,1,0
dataset_2_binary_clean_v2,train,train/images/nozzle_tip_wrapped_0914.jpg,train/labels/nozzle_tip_wrapped_0914.txt,86842,38,d16fc463fb54e1cc2aaf1b7b3e95d77f56634178569da419aee831bff0577175,6418553f4c7b9a61aa118ffa03a94f8fd73b3628786e138fa7e10d340f91b51a,1,0
dataset_2_binary_clean_v2,train,train/images/nozzle_tip_wrapped_0915.jpg,train/labels/nozzle_tip_wrapped_0915.txt,98477,38,fdabbbea979bb93a0a5afe51ce3841f3687c9da0762be65d67e02e0433f22085,eac6f460a27f3336874905094ba5362d86b16008b7552d57ba2cd7b8dc99f118,1,0
dataset_2_binary_clean_v2,train,train/images/nozzle_tip_wrapped_0916.jpg,train/labels/nozzle_tip_wrapped_0916.txt,108513,38,31bdc22abebe39dea38523fbf5182d155ce7c8e593d6b1fbb19dd7f1a529350a,b9b1cc3f2c8154dd5182b5e9427f7cbb233355c9ebc202e65f0b6b34a60b4ad3,1,0
dataset_2_binary_clean_v2,train,train/images/nozzle_tip_wrapped_0917.jpg,train/labels/nozzle_tip_wrapped_0917.txt,105183,38,844bee526a5803f1fa9ff0e97670513069a5097367e68ef8bd85a76ed630cd20,eed5d371da65848480da52f3c436e412bcf62d0ada12de8066336b3dfe24a01b,1,0
dataset_2_binary_clean_v2,train,train/images/nozzle_tip_wrapped_0919.jpg,train/labels/nozzle_tip_wrapped_0919.txt,102734,38,afed8544128e41f2d66cb04a213a9b294d83d53388548d35970560bac064a39b,b35be6e4307d8e5baab102449d9c7edc620e4cabb96039edc800b0a6257d2ac9,1,0
dataset_2_binary_clean_v2,train,train/images/nozzle_tip_wrapped_0920.jpg,train/labels/nozzle_tip_wrapped_0920.txt,107418,38,7df2cc9aca21e7afb009dddd48ee3f37283e78e9390a2b18c53beef4e8dc802a,e2b4c361383d3d989972c4b3fdcd8b3ebb8a718b80a774838867907c48ccc7d9,1,0
dataset_2_binary_clean_v2,train,train/images/nozzle_tip_wrapped_0921.jpg,train/labels/nozzle_tip_wrapped_0921.txt,108381,38,d3d2c46968e31b84e6d01c70f0d29296440c5dc0cecd3a984a458bc061ab96fa,8fef9320c6ab11bc5ea5eee981d6d886236696846d6f6d39dd01e5bae76a96d8,1,0
dataset_2_binary_clean_v2,train,train/images/nozzle_tip_wrapped_0922.jpg,train/labels/nozzle_tip_wrapped_0922.txt,96083,38,6a4b903a3e692ef04671cddc3ecd8412844ff572d09bba7d8979583cc992429f,54cac00d4f69f96c6bac4e72c1dd455e3e24bcbbba05876586d8b59b3dde6708,1,0
dataset_2_binary_clean_v2,train,train/images/nozzle_tip_wrapped_0923.jpg,train/labels/nozzle_tip_wrapped_0923.txt,105095,38,14907b267e38910137f9e45dd131fed5708b3243967867b58dc5aa3e3a3a610b,c87aedc0be02a96196310b18d7c93416ac008f79be6e7e0090d68079e259305b,1,0
dataset_2_binary_clean_v2,train,train/images/nozzle_tip_wrapped_0925.jpg,train/labels/nozzle_tip_wrapped_0925.txt,104148,38,78d9cf6aea98ddc424b9ed84942ae0e39b13d068a696cd61a97e18fd6f391ec3,42d20dff5fbb7d77ca5633ecb41028be78f0dcb951a3378d081e21ad023f1b7d,1,0
dataset_2_binary_clean_v2,train,train/images/nozzle_tip_wrapped_0926.jpg,train/labels/nozzle_tip_wrapped_0926.txt,103013,38,93eecdc697b3845ea4ddd3dfe46088e7a7cd03140671f05fe75bc3993c8828d5,30851852d87f8827267e222ea00dd0db8f4687a0b77f474f0adb05b416979c34,1,0
dataset_2_binary_clean_v2,train,train/images/nozzle_tip_wrapped_0928.jpg,train/labels/nozzle_tip_wrapped_0928.txt,104135,38,b237714efd57e4035197e45dd6df81bee5e17fcfd1d192f4c0593a57dc354edc,0198246001df3e985071da29365995b41e874e44a9a2fff783a12904d56b014d,1,0
dataset_2_binary_clean_v2,train,train/images/nozzle_tip_wrapped_0929.jpg,train/labels/nozzle_tip_wrapped_0929.txt,103720,38,bac8e92bc9d236c0780ef37ac03500adf296df90d4cb097e9c45aab89ebde750,df81d4e643828fff9764e0a7554a9490a2554247a9e6997a0dcf0e8def19ffa3,1,0
dataset_2_binary_clean_v2,train,train/images/nozzle_tip_wrapped_0930.jpg,train/labels/nozzle_tip_wrapped_0930.txt,100787,38,c046acc77e6a14b9f9254a37eafcd7c282d7cab23bf13cd363229229a5cdbb8c,d94c5c99658303ceba3707d32e6123f269c21119d3406ca8658e48f828ed791a,1,0
dataset_2_binary_clean_v2,train,train/images/nozzle_tip_wrapped_0931.jpg,train/labels/nozzle_tip_wrapped_0931.txt,102508,38,1fd901d13ea64d43d934da7334300445a94210a885eaa9512c8b755c51ebe13a,c7f5267fc8560586a570357c65256ee588b387c771ea235f040e514811f0d311,1,0
dataset_2_binary_clean_v2,train,train/images/nozzle_tip_wrapped_0932.jpg,train/labels/nozzle_tip_wrapped_0932.txt,103798,38,ea730a693805a094d95efdb5191e7731e8e438df91d41e30c9b315ac5f4df912,955c85dddbdedd9a8b0ce9ac71a447542a864e42d04c5365dee593c09f8a0f20,1,0
dataset_2_binary_clean_v2,train,train/images/nozzle_tip_wrapped_0933.jpg,train/labels/nozzle_tip_wrapped_0933.txt,104836,38,45972812d056b3d69987f999c07cddb6dfa24fd296aa727dfa4a8254398d009b,3fa5923fd3e97f00740ef514cb9d5df3cc6a03565faa078543169b10f3b9afee,1,0
dataset_2_binary_clean_v2,train,train/images/nozzle_tip_wrapped_0934.jpg,train/labels/nozzle_tip_wrapped_0934.txt,104893,38,e134fb4740de276a2809e1e3894c96b96a6c6a955d031a27353524a6fb41f7f7,0b9d75964e68e1e640eb7d94ceebd048d3228c4856fe288639902303385408b9,1,0
dataset_2_binary_clean_v2,train,train/images/nozzle_tip_wrapped_0936.jpg,train/labels/nozzle_tip_wrapped_0936.txt,105620,38,44c3085d000db005e3b32d390c874e38d5af1075a484b96f987f66c5a2ca7db6,e2bc52a4f58942d257f25257d3c43059cf65e3b5886ed58be299f082dff62015,1,0
dataset_2_binary_clean_v2,train,train/images/nozzle_tip_wrapped_0937.jpg,train/labels/nozzle_tip_wrapped_0937.txt,82634,38,9b5a65e422e049ed84e91abc2432e2906076573400b1d2e79025f01a02461b74,a4baa572434b53e5b0846cbc42fde0ed033f72cb90147e0626f161578c37ee65,1,0
dataset_2_binary_clean_v2,train,train/images/nozzle_tip_wrapped_0938.jpg,train/labels/nozzle_tip_wrapped_0938.txt,96169,38,2d8c20b4d147c3aad877376977a75b0675a951101d55c44b0547dfaa26dd2173,eef998bfee5507fd0493fe4b5059650b2fdab7d69243af7f468bcc56a120e4b6,1,0
dataset_2_binary_clean_v2,train,train/images/nozzle_tip_wrapped_0939.jpg,train/labels/nozzle_tip_wrapped_0939.txt,95173,38,60c58b2633a5002e8aaa75e05f3a9f794d10b9d3252b2a38f80c95e705494c82,ac7a31a7f5e6afad3bcf8b5fe909aa5732ebc46635f4125824f564397d3e931f,1,0
dataset_2_binary_clean_v2,train,train/images/nozzle_tip_wrapped_0941.jpg,train/labels/nozzle_tip_wrapped_0941.txt,98792,38,4cafa69ce40d3915a61cc09caf776fd78e622ebf353858fa7fec3a2d5a237ba7,040422b8b0916531b6ac82620ced73cdcb7b81cf632d6eb78984fa469575fb11,1,0
dataset_2_binary_clean_v2,train,train/images/nozzle_tip_wrapped_0942.jpg,train/labels/nozzle_tip_wrapped_0942.txt,95262,38,9ec2fe8415c6252e6c750b7f0474eaf31bdd56a9db461ca7826818abf27949ed,6835f2e9b597c3a5149b551915d8072d88400e28f3a919bf75a9ccd55d572560,1,0
dataset_2_binary_clean_v2,train,train/images/nozzle_tip_wrapped_0944.jpg,train/labels/nozzle_tip_wrapped_0944.txt,86213,38,761686a6dd5ff53f4aac9e76b87e400ac5b0818eecd2ac1962fc28701e6353f1,1fb25e7a2111e35150d45fd7e1d50a759b574f32dd8f3011cffdeb15454cc52a,1,0
dataset_2_binary_clean_v2,train,train/images/nozzle_tip_wrapped_0945.jpg,train/labels/nozzle_tip_wrapped_0945.txt,103972,38,ac8a4eb64091adaa5670a0c005d6684796e2690aa539b29fada1e0724aa345dc,cab99267445d5b1c75125a8827b7fb61f98612ed6e38dc9a93a1c0a77cafbe9e,1,0
dataset_2_binary_clean_v2,train,train/images/nozzle_tip_wrapped_0946.jpg,train/labels/nozzle_tip_wrapped_0946.txt,111868,38,c09f189a2c9b6ce822b80de896ca5d0a3a3d80f810117f9d1b5eb22b0bdbefbf,c887d613556ff179a1663a2f46ee7ac984ff97f4e5424b501ec2675d93987ef5,1,0
dataset_2_binary_clean_v2,train,train/images/nozzle_tip_wrapped_0947.jpg,train/labels/nozzle_tip_wrapped_0947.txt,113791,38,b210bed6b0c5afca83a38f6cc7db61dad576f13590cb680b0761d2155f3fe671,1345b1fb70f0c69dee6a5b0014b020260c1d0dbfaa2873c521f4c68ce8e4b25b,1,0
dataset_2_binary_clean_v2,train,train/images/nozzle_tip_wrapped_0948.jpg,train/labels/nozzle_tip_wrapped_0948.txt,116632,38,48bd15aab30b10f1b124e8608097f88b289536faaa6106bc7f764e41cd29fef0,37c3c7cb56c0bd819f7ddef95ddb829698def3d9a272be836a593aafdc7ccb37,1,0
dataset_2_binary_clean_v2,train,train/images/nozzle_tip_wrapped_0949.jpg,train/labels/nozzle_tip_wrapped_0949.txt,118717,38,d5a26085b2d86456d99cefbdb9eb957385f850fdc996d851e4d9507c7cd120d8,bec119539f31ff387db9ce807edcb651be3ed36683a2c2917841128d390c3895,1,0
dataset_2_binary_clean_v2,train,train/images/nozzle_tip_wrapped_0953.jpg,train/labels/nozzle_tip_wrapped_0953.txt,109001,38,142d0ee492c2f697a304c561127ca8991466c7eea8aa16eace09f61d9155b6f5,a877cbb0c4494ccafe3195c5e638314b15331a2611217b810926fe0845ed2bd9,1,0
dataset_2_binary_clean_v2,train,train/images/nozzle_tip_wrapped_0954.jpg,train/labels/nozzle_tip_wrapped_0954.txt,108140,38,c7df691c60872c8967e1fd184fe31baf81636e226a97e767e47a25c1762a846f,ddeadd0e8ad695ce31129a74b6fd3b103e111ef9594cd4a0e4f57edaa3de90ae,1,0
dataset_2_binary_clean_v2,train,train/images/nozzle_tip_wrapped_0955.jpg,train/labels/nozzle_tip_wrapped_0955.txt,83076,38,ee04a979684586d30241f74fbae1fdc6e3c4cc9cf687b1ba9d30a15213221e01,378ee8082766a3a52e2a79bd3efc88f97285f5e2f78363529cfbdfd3390fe8d5,1,0
dataset_2_binary_clean_v2,train,train/images/nozzle_tip_wrapped_0957.jpg,train/labels/nozzle_tip_wrapped_0957.txt,107184,38,1ee4761368842a2286c9517699dec65a7a447e6283f4ba5df15aac38bae074ac,ab897b2f7561e15f1f8a8747a70df6a682f2d01ec6b71b0c3eecb360f35a3689,1,0
dataset_2_binary_clean_v2,train,train/images/nozzle_tip_wrapped_0959.jpg,train/labels/nozzle_tip_wrapped_0959.txt,106950,38,71d44cc7fb6af75e0977b46ada510ba82bf42534270612676108bfbdadb78668,73016cf0c47856a12b7df4722bdfb54bc63da8e2e0d04ae0ff9df98f8c8acce8,1,0
dataset_2_binary_clean_v2,train,train/images/nozzle_tip_wrapped_0961.jpg,train/labels/nozzle_tip_wrapped_0961.txt,96206,38,4b4ff6aa91a210cfd8939926e332cffad1e0ea5bb264b497eba340ca96c49237,e074e0222a58a1a6a4d6d3967ac9334139a10334850908c3ff37fb58651fb656,1,0
dataset_2_binary_clean_v2,train,train/images/nozzle_tip_wrapped_0963.jpg,train/labels/nozzle_tip_wrapped_0963.txt,108753,38,d36d39b9ac37ffc7745311feb17cb256edaede4ea3587addccf328551772f5d5,3060379640a62634e66eeddc29ae250422c2134eedffb45d1c7b6947956ea062,1,0
dataset_2_binary_clean_v2,train,train/images/nozzle_tip_wrapped_0965.jpg,train/labels/nozzle_tip_wrapped_0965.txt,105624,38,035b18cc065738318d7ba9e632ca57f303dc30803d7bb01d473a72f2d3299b0e,336b2f134a1b0c9243c49e0d06d4fe3b180f590ef047b4834bb7acae668ba721,1,0
dataset_2_binary_clean_v2,train,train/images/nozzle_tip_wrapped_0966.jpg,train/labels/nozzle_tip_wrapped_0966.txt,97611,38,818839515af4012f494061fe7590654bdf88bae9780fb2ef0872b3b881e93ab0,597b1b492bf1b9bb10cd2b5beaf33f13c89b24fd105e0abf8438536497ec8c80,1,0
dataset_2_binary_clean_v2,train,train/images/nozzle_tip_wrapped_0967.jpg,train/labels/nozzle_tip_wrapped_0967.txt,101204,38,e08fce907b6ad700e0c7fa688a74de20971d909f9cf05a2e602517fc3a75fdfd,30da2ac80c5bb9c1dbccd5fd8d579f7f47ea8d837d6035a6a2f3bf90b185c213,1,0
dataset_2_binary_clean_v2,train,train/images/nozzle_tip_wrapped_0969.jpg,train/labels/nozzle_tip_wrapped_0969.txt,97508,38,a1da9c7f17b561f19ecdd179de77197199fcc4faee9d633f1edd6785640c0a03,225858264bb60555cc786513c904e56eb2725708790bc31c72d4c29aed939f0c,1,0
dataset_2_binary_clean_v2,train,train/images/nozzle_tip_wrapped_0970.jpg,train/labels/nozzle_tip_wrapped_0970.txt,94057,38,a963117e4379693ef10b01f172118609e29258c5ce4237bb1c59b332146ec02c,d6af79be0cc5f449ba83dbf4433738a32a882186912cd20115ca92f3da1076b8,1,0
dataset_2_binary_clean_v2,train,train/images/nozzle_tip_wrapped_0971.jpg,train/labels/nozzle_tip_wrapped_0971.txt,97849,38,1a72914879be86bb7d1612297e3f8f9e3449d29df512d27b33a37c62adf7772a,693597947082bb801a9b737535d5871fa23e5f47f5463900a8f9a8daf2859178,1,0
dataset_2_binary_clean_v2,train,train/images/nozzle_tip_wrapped_0972.jpg,train/labels/nozzle_tip_wrapped_0972.txt,103699,38,3be51a49fd90d425e5c6e6ca9ca67ced9a97b29eefd168edaed8a39c5e5d1d2c,0cefde48a7fb3369f2410a263c2997877b59411c00d09aab9ba83d17841106da,1,0
dataset_2_binary_clean_v2,train,train/images/nozzle_tip_wrapped_0973.jpg,train/labels/nozzle_tip_wrapped_0973.txt,108556,38,5944a78406c8d2416b3a19f58e9039dea4227a2b36c7e3a67316136e055d1696,8858fb9a2d7abe5b2b9fd3cc8301a02e18efb58d6e14b3b7fbbca9e59724055e,1,0
dataset_2_binary_clean_v2,train,train/images/nozzle_tip_wrapped_0976.jpg,train/labels/nozzle_tip_wrapped_0976.txt,103657,38,f88844b44bcb74c37940c37b080a2050bf76ba92f709a78db790880af1bd9399,82ae3659a43e5bd83cc44d4f797859d7bd422bed76666d3ce925813b1194d17f,1,0
dataset_2_binary_clean_v2,train,train/images/nozzle_tip_wrapped_0977.jpg,train/labels/nozzle_tip_wrapped_0977.txt,110625,38,22b9634a11e0682cbe0376a2c61f3f69579298ca2c4e64b5f79bde82aa21bdd0,700f04fb018dde8dc196f970788cfcbdca331071ae99e5621ae5a26584e78d4e,1,0
dataset_2_binary_clean_v2,train,train/images/nozzle_tip_wrapped_0978.jpg,train/labels/nozzle_tip_wrapped_0978.txt,109892,38,a06b3579601ecc490b3275cc8a72673876591d50166d5199901938fb6338792e,32e42ccec11ca9677925286d9f20a5617406b847cc66081edf56024fd556b942,1,0
dataset_2_binary_clean_v2,train,train/images/nozzle_tip_wrapped_0979.jpg,train/labels/nozzle_tip_wrapped_0979.txt,113523,38,65077166bb04ba50bdd6968de18680186624d425a53f17496018e0d2659dd247,1b3010fbafea00101a160cc2c7df7dc6ad29a7acecbbbafaaa32f1169f81262f,1,0
dataset_2_binary_clean_v2,train,train/images/nozzle_tip_wrapped_0980.jpg,train/labels/nozzle_tip_wrapped_0980.txt,114652,38,03451f6ca81fb275bb5eac725bc4bbf450e1bab6e7b756f442119258ab48d071,f82e7ad2a675447947c59019292fd458ef9dd39bdabc191d859919513b4e401a,1,0
dataset_2_binary_clean_v2,train,train/images/nozzle_tip_wrapped_0982.jpg,train/labels/nozzle_tip_wrapped_0982.txt,92888,38,01b496c2a70b9c40de3e61272d3d0e36bd90738bc5c21a2dfca299d1f7fc8a88,a722cac4e518642e3c6f70e17689608cadf2f5d361bce7f52cf7dbccdd753383,1,0
dataset_2_binary_clean_v2,train,train/images/nozzle_tip_wrapped_0985.jpg,train/labels/nozzle_tip_wrapped_0985.txt,109998,38,7ee6654a03e63d7a760a00075d78b2eb2d7562dc9403c6ccabf8a6eaabba8de1,4577ec255b3be4cd755b98a856416e87468ef922a6e207a5e26cd40afec90a21,1,0
dataset_2_binary_clean_v2,train,train/images/nozzle_tip_wrapped_0986.jpg,train/labels/nozzle_tip_wrapped_0986.txt,110333,38,62b50c8efaccc1662d5ff34a3f86864fd503c0ce62420cbdbf45006f5c310eb7,88099d2bdc8cef0430d8a54037695d286ac3adda3300f776ed2e39f6c282d04c,1,0
dataset_2_binary_clean_v2,train,train/images/nozzle_tip_wrapped_0987.jpg,train/labels/nozzle_tip_wrapped_0987.txt,114463,38,3ec024042f21a8aa3cb56e3431f2b8123b41ad9a4e2a27c4d1596a14ffbfa156,6e33854d7f96eed6a21a6e2d66c79dcad4473679869940c8e24043a31650a70f,1,0
dataset_2_binary_clean_v2,train,train/images/nozzle_tip_wrapped_0988.jpg,train/labels/nozzle_tip_wrapped_0988.txt,112365,38,c5f86701366a83ff92765c0ba11cd8bba2fd375cf4511718d1b85ce68aadeda8,ecf504ad5a3da956ae7194ba55b489b42e9c0024e1901c023c9a3574d9825647,1,0
dataset_2_binary_clean_v2,train,train/images/nozzle_tip_wrapped_0989.jpg,train/labels/nozzle_tip_wrapped_0989.txt,113580,38,26bdaa9d5ee83c328e614e296dc23d48761565c7408c707eb4ae1d4fd5d2d4ad,46b562714b46a8c13a092eb33ebf5c597f76d3165ef47c76488a2dc307dd0492,1,0
dataset_2_binary_clean_v2,train,train/images/nozzle_tip_wrapped_0991.jpg,train/labels/nozzle_tip_wrapped_0991.txt,107423,38,f1b24349d21a69ac9067bef5e105b34f05914dd40140a4e1b90cb981392b62a8,5d03a584f76abe14bde882a00073f04f5a4911e6c42f959599dd263bae3c6302,1,0
dataset_2_binary_clean_v2,train,train/images/nozzle_tip_wrapped_0992.jpg,train/labels/nozzle_tip_wrapped_0992.txt,109393,38,cb6364b35f1899b56d60d2eae3e77828e2567801581f31aa0c5d366d5c813160,03cfff2b74dd8c2004ea43f4fd5e05aee609f2a7ef925c16e4aaf1e4c73b88f8,1,0
dataset_2_binary_clean_v2,train,train/images/nozzle_tip_wrapped_0996.jpg,train/labels/nozzle_tip_wrapped_0996.txt,114091,38,c5a454cc9570c3e116f3a9882f14b3f50cc90840fa80f13c32f0e4187bd7fed7,dba3647fdc0b80c0b7f96d22e0d073dac9385ab9503778d3527cc6ceaf6bfa37,1,0
dataset_2_binary_clean_v2,train,train/images/nozzle_tip_wrapped_0997.jpg,train/labels/nozzle_tip_wrapped_0997.txt,106993,38,4e2f02923bea491f1d99417e42354f2fbdd6574354cf0dc46508d25fa6ef434b,d66aa4d2cad54c52aef9dfa4f0fbdd03c97a2d5402d14fcc01d73bf3e8ff1c06,1,0
dataset_2_binary_clean_v2,train,train/images/nozzle_tip_wrapped_0998.jpg,train/labels/nozzle_tip_wrapped_0998.txt,108496,38,25a4225f83d2ba46aa2ffc20de67b37b150ad22fa3019dccd6152cd015cf5585,712d1002332f5d3206faa776f2bb3d29dbccf51c135d942aae30ae8478805a38,1,0
dataset_2_binary_clean_v2,train,train/images/nozzle_tip_wrapped_1000.jpg,train/labels/nozzle_tip_wrapped_1000.txt,113907,38,5140596894b68759f5146c4c620238cfc9bef3c162c569b489632f50e85f7d17,a69bd278ba461a1acd6c57f273e51f894d5d7ba449f9a74f3cc53c46326886b4,1,0
dataset_2_binary_clean_v2,train,train/images/nozzle_tip_wrapped_1001.jpg,train/labels/nozzle_tip_wrapped_1001.txt,111184,38,69d7aabb47e91daf1e5aac9cebf7ce4ad6d6904ca831d3b9f5438ea6dafefd7c,bcf30bdeee23bbdc8683a22556bd4c05d5d3c37a21097315d775a810b0ee6bd4,1,0
dataset_2_binary_clean_v2,train,train/images/nozzle_tip_wrapped_1002.jpg,train/labels/nozzle_tip_wrapped_1002.txt,106159,38,c000f451b558ebde023d867aa54f5c8487196d236de03570c570446ca20f27b9,14add11c88f97913b3af74c2a045c78060521537524fb7144ab92d2a5e22ad39,1,0
dataset_2_binary_clean_v2,train,train/images/nozzle_tip_wrapped_1003.jpg,train/labels/nozzle_tip_wrapped_1003.txt,105515,38,47616061b752ab4145acd55a170b038ac532c4f852b433e7779f3528e7486002,f79ea9c497f16fc0860037671afc67f94593f2d1779fe19b248f2c3b1b519b16,1,0
dataset_2_binary_clean_v2,train,train/images/nozzle_tip_wrapped_1004.jpg,train/labels/nozzle_tip_wrapped_1004.txt,87674,38,4379ff8a53efa7974b12d2144de27cde320714e148ad3213b23507c1f8c3c271,51bb7bcdaf1d972eef25994c8127d3d5f229e4ea5eb8f781c19b73196822ae3c,1,0
dataset_2_binary_clean_v2,train,train/images/nozzle_tip_wrapped_1005.jpg,train/labels/nozzle_tip_wrapped_1005.txt,102512,38,aa15c05350b2a8cf5d46e2a710566988551bd9a8a28cddac053bd58306bba078,c53f3aeecc401021f3458331f2a59dc54cbed2490a37d885d1aaa99c18de4559,1,0
dataset_2_binary_clean_v2,train,train/images/nozzle_tip_wrapped_1006.jpg,train/labels/nozzle_tip_wrapped_1006.txt,105261,38,e1a0d994d0401e14538d3e80fc06071fb3f68e0d2189b45e51e9f0ccdd91c765,dd97d3ef3d48782bec5e84fcf60ccba89752a679548a0e67c2b3029446a161b2,1,0
dataset_2_binary_clean_v2,train,train/images/nozzle_tip_wrapped_1007.jpg,train/labels/nozzle_tip_wrapped_1007.txt,112184,38,87165ffb36bf28fd6dab98ed5f216cfeab729b93c18909ef9e1ebde0d9f83fef,dbdc52616a05a77da89737282fd8168eb3f4c0f4eb43234a6d5574f52658d502,1,0
dataset_2_binary_clean_v2,train,train/images/nozzle_tip_wrapped_1009.jpg,train/labels/nozzle_tip_wrapped_1009.txt,116265,38,3d8e40ce806f05f9f22809df45c4ccf2389fcadec275bdc1652490d61260544c,9d77b0d3a86c359594626054f8f36e4ad7214100344fcb34f8565780b24d4a01,1,0
dataset_2_binary_clean_v2,train,train/images/nozzle_tip_wrapped_1012.jpg,train/labels/nozzle_tip_wrapped_1012.txt,109644,38,b886c2c16350fc3f36214d2f0022bf7858080d6e00c1aa09452583a9acbfc3db,e3e07ba81468fc639e20ef851e6b90e917793c657b9b4f8caa52c876de1a379d,1,0
dataset_2_binary_clean_v2,train,train/images/nozzle_tip_wrapped_1013.jpg,train/labels/nozzle_tip_wrapped_1013.txt,108526,38,98cd43ad9b4cd4c6d710d54bcb5e42a8a770b8e8b690958f87a07fec6b5bf987,efa41409bc24d107cb58ee4f6140c2fb5fbc1aad8faf7bf48c3ac827c5d0aa37,1,0
dataset_2_binary_clean_v2,train,train/images/nozzle_tip_wrapped_1018.jpg,train/labels/nozzle_tip_wrapped_1018.txt,111367,38,b746f910aae41a663f2421f7b6344a4c1e22a6f41af4331b15dd5043b1e4f94b,b1f98a533405f99b4974d062bd232928d6eb999dc980dd7c7ab45e7c329863ad,1,0
dataset_2_binary_clean_v2,train,train/images/nozzle_tip_wrapped_1019.jpg,train/labels/nozzle_tip_wrapped_1019.txt,111675,38,0bcacc2da3789912d86b7a561c94a3cdd57b8053eaedcf58fe678957b5978a08,a32cf76b7eb39a089d8795fe4788e18e1a678b3f6f4d80067a4ac164bac922fb,1,0
dataset_2_binary_clean_v2,train,train/images/nozzle_tip_wrapped_1021.jpg,train/labels/nozzle_tip_wrapped_1021.txt,112264,38,ba6bf077004635ec09171873f0616b3b3de722d4b7a85ddf9e061847b1df244f,f2a21799237e18c59c1613ae142fd1bb6ba5666fa0f758b5ec9268f14edd6012,1,0
dataset_2_binary_clean_v2,train,train/images/nozzle_tip_wrapped_1023.jpg,train/labels/nozzle_tip_wrapped_1023.txt,102257,38,3100dae8bc311c7d444d9413ac43d1681a6ef4e4919648d045b99f5647fe87ac,edfef3575dcb681b41df9d0b1f07b8e55bad5e1a820e004c22077f9dc3280c5d,1,0
dataset_2_binary_clean_v2,train,train/images/nozzle_tip_wrapped_1024.jpg,train/labels/nozzle_tip_wrapped_1024.txt,82530,38,6b78abe0cb86e22322970db189cf3fa4d0090b76d18e495622d3ed96e47b6932,a3af8cc6564a3269533f48587ff40ff05f32c9a0a29d722088033ba479f7aeb4,1,0
dataset_2_binary_clean_v2,train,train/images/nozzle_tip_wrapped_1025.jpg,train/labels/nozzle_tip_wrapped_1025.txt,112914,38,ebcea3f70f221cb0f078f57a176799aa886b9749bbd2adf1c01c91298fc38fd4,e2f296c067ee0a499c609f98d73fa11b680f64578fafc012f03ff00415363a27,1,0
dataset_2_binary_clean_v2,train,train/images/nozzle_tip_wrapped_1026.jpg,train/labels/nozzle_tip_wrapped_1026.txt,102620,38,cc8a0a6ca4ed8bd1c5965b19f04d59432a79080a278533adb98e98be262ec88d,d7e9dad829f43788040215dd7abd11b42fb56d39a45c353f6a0df84240df3bcd,1,0
dataset_2_binary_clean_v2,train,train/images/nozzle_tip_wrapped_1027.jpg,train/labels/nozzle_tip_wrapped_1027.txt,97793,38,cf585f760f28b35b7979b761550730e3f8f21ef3c2b556e9d1d9939e98a9bc96,883ef872c11da41c52ff0e7b089930e1d688f0eb57e445c6c32a9ca1b4ee9b97,1,0
dataset_2_binary_clean_v2,train,train/images/nozzle_tip_wrapped_1028.jpg,train/labels/nozzle_tip_wrapped_1028.txt,116528,38,104d41e560a6712f3a7eec8322554a0a1ccd5a7953e04ca0ef5c0a2a697d3b0e,de962f8e8fad01a191708040a0516e1c4b9bbbe02da4c01ff62073fe82433470,1,0
dataset_2_binary_clean_v2,train,train/images/nozzle_tip_wrapped_1029.jpg,train/labels/nozzle_tip_wrapped_1029.txt,118263,38,ef82ca81c0c0d2736e0006ffdf494672ae76473a1a5724d5df0a6a9d38e6733c,b1b70277511d13759873ecd8bcc3ce82fa850aeb87f2ca05888ff3ec519aa74d,1,0
dataset_2_binary_clean_v2,train,train/images/nozzle_tip_wrapped_1030.jpg,train/labels/nozzle_tip_wrapped_1030.txt,128125,38,45dbeffbedc48f124967daf67e6643768eb1343f7ceb0b922974aaa5cb24efdc,5ca3e9fe8770ad277b1fe71281e17beb3174b36b865fbe6b835569fb94c2c97b,1,0
dataset_2_binary_clean_v2,train,train/images/nozzle_tip_wrapped_1031.jpg,train/labels/nozzle_tip_wrapped_1031.txt,121194,38,1257be104d721aed6ed1847bfe4f93f4e9701af7770cd9eb748bb5c94bffb412,89656f09595b5e51a785773518d566221288db0b56c5b3d08873a2f7a6f065bf,1,0
dataset_2_binary_clean_v2,train,train/images/nozzle_tip_wrapped_1032.jpg,train/labels/nozzle_tip_wrapped_1032.txt,119837,38,9fdd75be350dfb16accb930397c588d9d12d4d6b0af759f8d32fedd11e35d86b,ced3ca27d9b11e48d4f08c3785f80de90d6c48e9d8f7e3865acb09054ad92e77,1,0
dataset_2_binary_clean_v2,train,train/images/nozzle_tip_wrapped_1034.jpg,train/labels/nozzle_tip_wrapped_1034.txt,115160,38,a3d21169c96517a488c7a9e38b519b384d42bf22ff1e95ed31249b566e57ee51,fad1dce9850f679968ffacb732853cc0190fa080996b1ccb44921911d9a5321f,1,0
dataset_2_binary_clean_v2,train,train/images/nozzle_tip_wrapped_1039.jpg,train/labels/nozzle_tip_wrapped_1039.txt,122173,38,eddbc22c01cbb314433a0e4ae577f48e8fcb230471ee02ac046052d8eab775c3,00cd577109c9b1d939cff43b9350cd4f04dffb7b076d71dfda34ee0faba63b8e,1,0
dataset_2_binary_clean_v2,train,train/images/nozzle_tip_wrapped_1040.jpg,train/labels/nozzle_tip_wrapped_1040.txt,124628,38,1c8aa427b0a32c2081b97b9205c151a9e883e80eecc3db05091a9e1785e28866,ac935b3955fb1d1256074a5f6347ce2f9270c2f1eeaeb8fce02cf86f8ec98fb7,1,0
dataset_2_binary_clean_v2,train,train/images/nozzle_tip_wrapped_1043.jpg,train/labels/nozzle_tip_wrapped_1043.txt,119501,38,9f87e0c3fe786b0444ee7ca2b267254d65737cba9190ed46d17256bd60e8045b,7cbcdb687f1af7b5f88fb1d5d77fd77ef6f38027c84791d5e2574e80375178b5,1,0
dataset_2_binary_clean_v2,train,train/images/nozzle_tip_wrapped_1044.jpg,train/labels/nozzle_tip_wrapped_1044.txt,124147,38,5c843e4cb007f3c6941ebf743dd3b9d4b6efde5f3a7dab5a4d22f23ab40bfb64,a935bfbca88f07de65bc88395ba29dc38b024fd8095ac555b4cde2032e3a3cd6,1,0
dataset_2_binary_clean_v2,train,train/images/nozzle_tip_wrapped_1045.jpg,train/labels/nozzle_tip_wrapped_1045.txt,122305,38,c7f9b718ad97915409d64a89633c09810a99b007dbe4a3d90a9e4cd09d6831e3,bacd4b6bb95986eba157d8cc8b20c9b0ddb0bf43766cb8eb19c7c58bcf2c5dc5,1,0
dataset_2_binary_clean_v2,train,train/images/nozzle_tip_wrapped_1047.jpg,train/labels/nozzle_tip_wrapped_1047.txt,89226,38,54c5f1dffb31f2f2ed3a79d270a01e74dbff9ee7268bb8ea09431b4dad41e029,63596e36ffd9363a7cae3399dada4dbcf67c65e987d8f18b7d45d946ea962a56,1,0
dataset_2_binary_clean_v2,train,train/images/nozzle_tip_wrapped_1048.jpg,train/labels/nozzle_tip_wrapped_1048.txt,117782,38,ed16e822b4db630d8ec5ab1f6534e01a874409fcfae142a34c45939679c2679b,5000636fa6201180e519da9879ebb302fd537f05b5ca451f2693040e78bcdacc,1,0
dataset_2_binary_clean_v2,train,train/images/nozzle_tip_wrapped_1049.jpg,train/labels/nozzle_tip_wrapped_1049.txt,110853,38,145851236b3ba40d7b5af20cabf5d423cb887571eb48707445ad4e542d635ed0,7f26270b24ca42658a82da35001904a3cc60b12d9266a7427b34565f6049c567,1,0
dataset_2_binary_clean_v2,train,train/images/nozzle_tip_wrapped_1050.jpg,train/labels/nozzle_tip_wrapped_1050.txt,106545,38,9c7991fb8381e7b3f0da6c58ca719580c82925410895f8158adbaee718855cde,563e6e37240106e6837e4df3d07b55ddae04deeebd110bbb5f7c2e803257fd68,1,0
dataset_2_binary_clean_v2,train,train/images/nozzle_tip_wrapped_1051.jpg,train/labels/nozzle_tip_wrapped_1051.txt,114056,38,0588710bb30b38b13ecd44bf93fe4a336c1e74762096928d060952ae0cb81748,4ccd08ea052af10442e8a8cc2174bc0755c7a28dde66dc9c34839c56fd0d1c85,1,0
dataset_2_binary_clean_v2,train,train/images/nozzle_tip_wrapped_1052.jpg,train/labels/nozzle_tip_wrapped_1052.txt,120864,38,75740ddf41f294c272ecb70ff51c298a19f69c81b944ebf4535c16e5bcf7754c,c93dbc472986a537da634b7508aee60eeeaa2b9689d14d30a095bbc5812658ef,1,0
dataset_2_binary_clean_v2,train,train/images/nozzle_tip_wrapped_1054.jpg,train/labels/nozzle_tip_wrapped_1054.txt,126618,38,35a419fbe4d538cac46a429174e5938586f1b4885ac27e707c066da21178c599,f8ad03c2249b55c9f4083a26ced6cbc9dac956b889ff5360ec501e2d701db430,1,0
dataset_2_binary_clean_v2,train,train/images/nozzle_tip_wrapped_1055.jpg,train/labels/nozzle_tip_wrapped_1055.txt,131733,38,2383798223dea4b9910cd65a8b064293b7c2cb375dea1a3dac9146d2bb206eb0,baa8af4344e1e39b3680320a3a19b38dfa7dfde18438915ef6f1e84d3f9bf5b7,1,0
dataset_2_binary_clean_v2,train,train/images/nozzle_tip_wrapped_1056.jpg,train/labels/nozzle_tip_wrapped_1056.txt,118985,38,eeae0aeb10c7a09a51ac6b05580e209f1ed5b11f2d45ac95adad12242375697e,3fa62ec891e1a7c12c994d6c65a70c21edb3bb0a47c8bff02784825a6edbec89,1,0
dataset_2_binary_clean_v2,train,train/images/nozzle_tip_wrapped_1058.jpg,train/labels/nozzle_tip_wrapped_1058.txt,120734,38,d9d7eb81fc3fcb282e5b55e15aa286f1306b4d0a9bcc0c7b563bc8ebefdaca73,d136661dd8cde0514ea8de47ec4d660199949d5bfeef5e31994105f1a24f13a8,1,0
dataset_2_binary_clean_v2,train,train/images/nozzle_tip_wrapped_1063.jpg,train/labels/nozzle_tip_wrapped_1063.txt,107596,38,df6eb8a10a96f1a381378e8132708d282bcc4e3681de8c8dcab618f656393433,42400e0f9b158c94dd54e42d340d13f519ed3e1ff2ec23782d2a2bdde84b6dce,1,0
dataset_2_binary_clean_v2,train,train/images/nozzle_tip_wrapped_1064.jpg,train/labels/nozzle_tip_wrapped_1064.txt,111923,38,1450e50c5c4b7243ef85d9a05d778a879b7b076a312a16312d9c2e3be4b8259e,6b9f90a5ccf7ea3b0a157b00627d4ece2f235a82c5c1b4c40503cbedc5ed0f9c,1,0
dataset_2_binary_clean_v2,train,train/images/nozzle_tip_wrapped_1066.jpg,train/labels/nozzle_tip_wrapped_1066.txt,123883,38,11fab807f6bc0d2ff0878e4d76652005436dccb6aee288d93508101c90785dc9,c2d68894401d3567eac149caa291ad0408560cdf1d548b29990bd130ffbeab28,1,0
dataset_2_binary_clean_v2,train,train/images/nozzle_tip_wrapped_1067.jpg,train/labels/nozzle_tip_wrapped_1067.txt,127618,38,56f77788adb1039979894dd77d5b77f1fd4e5322df0cb54bacebd070332a87ef,71dbf255678a4e9583a5c49135f8c2625f21882eee3d11e84bc9e59b62a43f45,1,0
dataset_2_binary_clean_v2,train,train/images/nozzle_tip_wrapped_1068.jpg,train/labels/nozzle_tip_wrapped_1068.txt,124720,38,c8e23edbfda75a0f7af98ece652f8021520421698a5790983abd87a54c279daa,d8cbf9832286ebb7ee945bcfbaaf70ef55e4db425e349478dd724adb46d9dd48,1,0
dataset_2_binary_clean_v2,train,train/images/nozzle_tip_wrapped_1071.jpg,train/labels/nozzle_tip_wrapped_1071.txt,86612,38,68152796af94b4d0c1e5b536ac3c2d730a6973da833cac0116282d32f608f548,b15859719fe035efa808482a033f6a2ef55f064446e0ac9837d8b26e40aaa5d1,1,0
dataset_2_binary_clean_v2,train,train/images/nozzle_tip_wrapped_1074.jpg,train/labels/nozzle_tip_wrapped_1074.txt,121821,38,ae369d2b55572d9efd1fe6aa88f12aee307fbe771fced9001652d3243703f89b,80dab03d6947742b5b1d88dbd6731912812dd8352a5ea24df7a7828b7df23209,1,0
dataset_2_binary_clean_v2,train,train/images/nozzle_tip_wrapped_1076.jpg,train/labels/nozzle_tip_wrapped_1076.txt,104807,38,264d0e0f97e6f56acce16667f1818ddfeb7e22f14615bd37bb27583a36ae6fd2,07ffaf433c413c3204c4b652e23c425116bd3bddb33bfa7fea722c6f1ce27d19,1,0
dataset_2_binary_clean_v2,train,train/images/nozzle_tip_wrapped_1077.jpg,train/labels/nozzle_tip_wrapped_1077.txt,112837,38,fc24dee5b10d8d9423ae9a4734520095f22459a594a222e27993ca9632b132f2,efef0cacbb4f63c3ccca060ef4e1081b29926c3ece013dd5a4586d04532c17c6,1,0
dataset_2_binary_clean_v2,train,train/images/nozzle_tip_wrapped_1078.jpg,train/labels/nozzle_tip_wrapped_1078.txt,117768,38,32f13cd43c922486dc5ad90176e548273e2249982327122c27e80799688b5e54,ecdd32267aab66631e83d65d347b0ea6a3685245197d44c029520a6f9b676c18,1,0
dataset_2_binary_clean_v2,train,train/images/nozzle_tip_wrapped_1079.jpg,train/labels/nozzle_tip_wrapped_1079.txt,121890,38,1b5273375adadbfa832d872d61e5ab0fb04cedbcd284dbdad23fda1d6278361e,1c0eef03dc880cf9daaf53348b9ade97fe6590663d890ff28a3186159e635935,1,0
dataset_2_binary_clean_v2,train,train/images/nozzle_tip_wrapped_1080.jpg,train/labels/nozzle_tip_wrapped_1080.txt,123365,38,25422d71dc7ae5a1ae2e4afe1c64d44ff186b03b096a0eec1ab17de19c6bad1a,01cdab83fa92c4311d18282260e8c37fd4b37101a983a1d4ff9b25425cb998bc,1,0
dataset_2_binary_clean_v2,train,train/images/nozzle_tip_wrapped_1081.jpg,train/labels/nozzle_tip_wrapped_1081.txt,129980,38,c47232c8e13efc3b405954a0f41950c023c23e703ad8fd3b72e6600a64b77317,b7cbe3b614eb7e4fcbac86e2c8b0368dc9aac7081cd4a2c431659e8eecc9564b,1,0
dataset_2_binary_clean_v2,train,train/images/nozzle_tip_wrapped_1084.jpg,train/labels/nozzle_tip_wrapped_1084.txt,105800,38,7e710e6d695a1f04769bfe8cad16096337fbce49bf11eb4960473fa97a68da98,bafaba3d1dce1f1ef3e6fc8f9fc11aa49051d014dc24f17edc05398e912808b4,1,0
dataset_2_binary_clean_v2,train,train/images/nozzle_tip_wrapped_1086.jpg,train/labels/nozzle_tip_wrapped_1086.txt,105938,38,ba0ad8bc2b93cca72b7d1bbf2b5c09f5236d8d39c578aa2269027e68abc9a259,0ec63538b402dddc98310262230b0632ca92efa34fe7527dc9d781fe6ec86821,1,0
dataset_2_binary_clean_v2,train,train/images/nozzle_tip_wrapped_1087.jpg,train/labels/nozzle_tip_wrapped_1087.txt,128218,38,9351c1998aa38153ab4224a97111056ffbe6b13eb9473df23e19dd11e8dc47c2,c49a44232cb9adf86f3f16bdbdd760c6bf4cfc7704e67f82d87f3c1cf537d1ca,1,0
dataset_2_binary_clean_v2,train,train/images/nozzle_tip_wrapped_1089.jpg,train/labels/nozzle_tip_wrapped_1089.txt,109231,38,ee91a00f6295c691a36b343f5bfaba4ebf04a3fc793c1f2f28366bb5c8019547,d9198d43ed56d847bde04575b577c73ca3686135ba242dc87b73c2fba82cc591,1,0
dataset_2_binary_clean_v2,train,train/images/nozzle_tip_wrapped_1090.jpg,train/labels/nozzle_tip_wrapped_1090.txt,121492,38,da44a2a95f65bb647e6775e5d24a66d8192a01896116fa0908dda02024cbfb51,a20b8d5369c23c9a50fd15bac71d6167eee31ffaf0084f8bce93ca8d673080f1,1,0
dataset_2_binary_clean_v2,train,train/images/nozzle_tip_wrapped_1091.jpg,train/labels/nozzle_tip_wrapped_1091.txt,123475,38,ef1a5d8821d97dc1039053597ace03669723ea392c0f1bd9e0d40575e26a094e,7c019b0bff51a4b1cd93ed8e8e13f7dfd89e08f5d68fbce95f85d3dfcb83001b,1,0
dataset_2_binary_clean_v2,train,train/images/nozzle_tip_wrapped_1092.jpg,train/labels/nozzle_tip_wrapped_1092.txt,124016,38,1f8a114dcb79e9c7483c9bd10076710723ff8c5d5f49d5b0bc76b48ffcc2afde,157d65bdeff1440279bc61d00c61dee33bf26a24b0f7e038844b2d3058658376,1,0
dataset_2_binary_clean_v2,train,train/images/nozzle_tip_wrapped_1093.jpg,train/labels/nozzle_tip_wrapped_1093.txt,133735,38,3a8a6b06130a4056a492c8aa4dfa40e2743c9dd129bd99626bfc4a57b6696803,7923a27e76ce30cea8bbf9300fc5007a79773c7cb5c90a9b560c1f4d5a5eb571,1,0
dataset_2_binary_clean_v2,train,train/images/nozzle_tip_wrapped_1096.jpg,train/labels/nozzle_tip_wrapped_1096.txt,117940,38,d508060cad1644ce2d9e45b187bf6792818e75ade4f6a748e7a6b63a1ba36a7f,cb0d90e6750e576495718ec76f981d93dcf4915da11c679ec8c074c9d4af7969,1,0
dataset_2_binary_clean_v2,train,train/images/nozzle_tip_wrapped_1097.jpg,train/labels/nozzle_tip_wrapped_1097.txt,112010,38,0be1c1fc0a1fe9638210a80f0d04b15f73eaf73e6aaf47335fc21fef7bfd613b,af609993d0297681442396145cab8bd5ad2ec6af566129a31efb90bda71f38b4,1,0
dataset_2_binary_clean_v2,train,train/images/nozzle_tip_wrapped_1098.jpg,train/labels/nozzle_tip_wrapped_1098.txt,116720,38,cb2142e0157ab1c8c9ae525d8500f76a093667ec44c742b5f5f4bc7b1bbd9789,27ff7520cb87380dfe75b4eb82ded7f77863d6e4b626173d19e62790516ddf8a,1,0
dataset_2_binary_clean_v2,train,train/images/nozzle_tip_wrapped_1099.jpg,train/labels/nozzle_tip_wrapped_1099.txt,125908,38,fd635fc4809dec5985f0724cc1591b0b4f13fa82e956e4baaf856c120a9cebb0,6613bad319a325d77c401ff677b254712825b147cc7360757286df7bb691a8f0,1,0
dataset_2_binary_clean_v2,train,train/images/nozzle_tip_wrapped_1100.jpg,train/labels/nozzle_tip_wrapped_1100.txt,118989,38,4ecf6ec7c8df4265fcd21eead28e0dc3456f0a45abe123bce5ad9d495b287f55,cf8de64af1a9441c1b0f16555adccfedf8ac871e08d089630decd64ddbb07b93,1,0
dataset_2_binary_clean_v2,train,train/images/nozzle_tip_wrapped_1102.jpg,train/labels/nozzle_tip_wrapped_1102.txt,118523,38,15143388eba30056e2b62d6bf633653ae38a210ed11e87e278757b5d0bee6315,b8bc4aeb07608a268c6bd5cdae474a9ab06fb13556dc08336674749fa99c3765,1,0
dataset_2_binary_clean_v2,train,train/images/nozzle_tip_wrapped_1103.jpg,train/labels/nozzle_tip_wrapped_1103.txt,122875,38,02c70b274001ccad93e36cfbd75b840b23faedb4e3aab2c53c24264e0c464882,2f824634e38b8a917e4ed7eb6a5dcc14b00365824f08fd8ba38e1e8a7b34518b,1,0
dataset_2_binary_clean_v2,train,train/images/nozzle_tip_wrapped_1104.jpg,train/labels/nozzle_tip_wrapped_1104.txt,126800,38,e78b959883e2adfa759a99c54f4066cb1a589ae6e7b7af6b915359e0c9f03207,3e5cc1c7c197d562809c179f3a0901b79c15c0d7cd36c794e8807b8b21fa6d95,1,0
dataset_2_binary_clean_v2,train,train/images/nozzle_tip_wrapped_1105.jpg,train/labels/nozzle_tip_wrapped_1105.txt,126463,38,ab6fe9c341180155048e0d630fb9215f3272a51990c94206a5c12060e02be523,bb125024d7fc20146a05d7bbd09cfba224aab131fcc38c4042bc653de977c76b,1,0
dataset_2_binary_clean_v2,train,train/images/nozzle_tip_wrapped_1106.jpg,train/labels/nozzle_tip_wrapped_1106.txt,109230,38,77bd32370f2fef1a3afa039ec799402c1166fe58e7fac6ce0f2a44a76ddbff72,9e31383b991ad54c6e9d45f4e5d208a00a229afd4fb78bb517156ae4bd07174a,1,0
dataset_2_binary_clean_v2,train,train/images/nozzle_tip_wrapped_1107.jpg,train/labels/nozzle_tip_wrapped_1107.txt,110057,38,0eaa49fc5b61f683ff6d6b2e70fe245a355a8e5b19f690ff1ebdd2fc9c55576a,0b603ba264797e58f7e31ec6886e184d3f2dfbe9bd9f042cdea5178c8c527c12,1,0
dataset_2_binary_clean_v2,train,train/images/nozzle_tip_wrapped_1108.jpg,train/labels/nozzle_tip_wrapped_1108.txt,121150,38,03dfcf4b4b45eb4a97328c5bcbd8fe3ae8036e109a6ec7c3896990e6e63c018f,f31151aaa9eb2f336a5b4eed4d3e5f2ff32417375ed5bad3972f63e2bbf56a45,1,0
dataset_2_binary_clean_v2,train,train/images/nozzle_tip_wrapped_1110.jpg,train/labels/nozzle_tip_wrapped_1110.txt,119977,38,82c83093f0fd8d5710ef7daf7b06db9a11f37dab51e3d274a2bf8a49e337ef3d,e382487c4de946fd9ea4c6ae99f58340b648f134ba772a3e54f65132b5f72317,1,0
dataset_2_binary_clean_v2,train,train/images/nozzle_tip_wrapped_1113.jpg,train/labels/nozzle_tip_wrapped_1113.txt,124756,38,4e76e4832ba38202cb2a1358131d0303babab0fb6dc57b9ac8456a516b2da9c3,55f164b52129db865a95c93bcd6facd90c977c759d868353a42f4e00d421d37a,1,0
dataset_2_binary_clean_v2,train,train/images/nozzle_tip_wrapped_1114.jpg,train/labels/nozzle_tip_wrapped_1114.txt,110315,38,8b8f9ed8c10001cde64e80e058e0f6d87dbe68661d6e7dcafd1bb6eff1fbf1ac,4345b5e2c3b8abbc733efada8cfef13dd7624379f45fe4013b8b603683fcbc73,1,0
dataset_2_binary_clean_v2,train,train/images/nozzle_tip_wrapped_1115.jpg,train/labels/nozzle_tip_wrapped_1115.txt,120867,38,19b3a6bc9c0601fe7559afebffe501fc2cef5c210438737afc94c6d879ab4cff,8be9f5cb3f94ffc376970201feae08964a73f89dff94e8658eb98529cab8e18f,1,0
dataset_2_binary_clean_v2,train,train/images/nozzle_tip_wrapped_1117.jpg,train/labels/nozzle_tip_wrapped_1117.txt,125332,38,f11e9c27b66d6831f1bd6bad9d1a5a573940e2abe8002aacfd4d5a975b3ebc49,dace0c9647730df99b2e5692e2844122b948930a6c0dcc401540d40800f5d892,1,0
dataset_2_binary_clean_v2,train,train/images/nozzle_tip_wrapped_1118.jpg,train/labels/nozzle_tip_wrapped_1118.txt,91192,38,e9a70197dc5d80446e98fd322423c1778da8f3a3eafbdbcd345256c99ec2ffb6,edbd0ef8a55e757e48c3804d827901931602f3b9ab3f5dcf60c83cef0ce8d265,1,0
dataset_2_binary_clean_v2,train,train/images/nozzle_tip_wrapped_1119.jpg,train/labels/nozzle_tip_wrapped_1119.txt,125373,38,2d43dce27e1cf3c5928289e45e8b919987ad1fa67db30d55c4e0dea9701f2373,2e4c66cdd68fb24fdda94f8a968dbf5c4e9108c5ab228e13e7a320a497076857,1,0
dataset_2_binary_clean_v2,train,train/images/nozzle_tip_wrapped_1120.jpg,train/labels/nozzle_tip_wrapped_1120.txt,118992,38,c6081652106a70c266aacfea78d9d50fee772025569b60597c36a77ff9de287b,c7a98a28db182d835fc423da74bae5bdafc97935f19c03de82d417118a51b74a,1,0
dataset_2_binary_clean_v2,train,train/images/nozzle_tip_wrapped_1124.jpg,train/labels/nozzle_tip_wrapped_1124.txt,111711,38,048dd58ce83e2cacdf367c6641ac87acd2bd4e6289f323ee6f7e588a392432b6,f63207b73a6232cc71b9092ed04dd36522cbb928ea9d24957f01b8410e0c97e9,1,0
dataset_2_binary_clean_v2,train,train/images/nozzle_tip_wrapped_1125.jpg,train/labels/nozzle_tip_wrapped_1125.txt,112660,38,6b77fd90fab14e60fb2ad8a87851e32d266c6e42fb4624dc17f393c3a6f9add1,f47a69894a564a2038d941efdbc0a3eb5d956e91b292273148fa5afbae81bafd,1,0
dataset_2_binary_clean_v2,train,train/images/nozzle_tip_wrapped_1127.jpg,train/labels/nozzle_tip_wrapped_1127.txt,106933,38,166e535347c74556b9dd0852bd83420729f07580ab4612109f324690f38b8775,4139bdeb698cc3a5444611714620ae257e5948f1e84798b65aee2a86b9229193,1,0
dataset_2_binary_clean_v2,train,train/images/nozzle_tip_wrapped_1128.jpg,train/labels/nozzle_tip_wrapped_1128.txt,109831,38,1689708cd724da740845004b975ccb65811a63d2882e15d720a5d5ce11066301,95b51f708864360f159f5f561e1a14cace07de9867ba292ff89ca37460b6a2d3,1,0
dataset_2_binary_clean_v2,train,train/images/nozzle_tip_wrapped_1129.jpg,train/labels/nozzle_tip_wrapped_1129.txt,120052,38,e2c1251e627520b269a55d9392cbee410c104ba8e8485660cb62a08a1b3fd5ca,9b4342ba213afa6796863ae641f6c9e60ab9904b774e11dc700d957baef3eab1,1,0
dataset_2_binary_clean_v2,train,train/images/nozzle_tip_wrapped_1130.jpg,train/labels/nozzle_tip_wrapped_1130.txt,92399,38,717c28c0384643ba6a5af50a08edca6eafc7ded262776f26dbeb706dfd0e0f16,b316457c98686a0c1eb02f13a6e1a8a9ac6ea69d7f87a114b581527ec0855ea7,1,0
dataset_2_binary_clean_v2,train,train/images/nozzle_tip_wrapped_1131.jpg,train/labels/nozzle_tip_wrapped_1131.txt,111571,38,471806089d07628ea999a4b08cb6f60cde4850aafa97e62b06ecbbd11bdb6eba,13a72aec337d2df44e03aad83d2dc26feaf7f5c2bf7def927adddd55bcbfc54b,1,0
dataset_2_binary_clean_v2,train,train/images/nozzle_tip_wrapped_1132.jpg,train/labels/nozzle_tip_wrapped_1132.txt,123554,38,8588bfa6f8d87761c4cc14708152348089d162acb379e38f7df934aea0d9635b,8601f6d6d0c1f35835c14f00fcae6e34c0e820ddc7128912b6a2c4f0b96062fe,1,0
dataset_2_binary_clean_v2,train,train/images/nozzle_tip_wrapped_1133.jpg,train/labels/nozzle_tip_wrapped_1133.txt,129480,38,f49a0ca570a8564acfbd17f9250bef1d4d3055dd8b3b2c04564db2aba4184aa0,b56e6a0999da7a198efd1707ba165634ddf83e26f4dfec10aa427270f56d86cc,1,0
dataset_2_binary_clean_v2,train,train/images/nozzle_tip_wrapped_1134.jpg,train/labels/nozzle_tip_wrapped_1134.txt,121083,38,714e8824c450f83e3d625dca1a42cbd66d3e9eee65aba670bdd0f9108e21822b,e3a8ddbd42f7b5f66cdfd787173494bdd386f090e4e7c762a33e2181f2ad49e1,1,0
dataset_2_binary_clean_v2,train,train/images/nozzle_tip_wrapped_1135.jpg,train/labels/nozzle_tip_wrapped_1135.txt,123349,38,2c9dd267544c69c109c7f9a4a1459e4b061a03c344922860cb7914939fb8f64e,7af1574a8112e151b6b97bd67eb3da693d9d07821e76ed9d70298f7b57d4c123,1,0
dataset_2_binary_clean_v2,train,train/images/nozzle_tip_wrapped_1136.jpg,train/labels/nozzle_tip_wrapped_1136.txt,126906,38,9f61c05a94bef7c2cb4b8fd801609773414dc082f100720cadb349107ec86503,011cbe120cafe65a48bb9dcd0593758e15387139ee61aba968ff5e9855e136d2,1,0
dataset_2_binary_clean_v2,train,train/images/nozzle_tip_wrapped_1138.jpg,train/labels/nozzle_tip_wrapped_1138.txt,119012,38,6cfa03d44e1ca440638c9adab983a2e023f648ef38e41d1f26663ec671d66197,0953ed74540e7767ec93fdbe72d01cc369ffb39b61ce1be3cbcf0c57a35fcec7,1,0
dataset_2_binary_clean_v2,train,train/images/nozzle_tip_wrapped_1139.jpg,train/labels/nozzle_tip_wrapped_1139.txt,130013,38,7d93144e595ae7a1cd33973d39f61d34d3b1af18f67cf5392aa37c77b16e764e,cf52eeaf620285dc7dfc890e70525c7b150cd5506670f1d990c1f8e00934fb3f,1,0
dataset_2_binary_clean_v2,train,train/images/nozzle_tip_wrapped_1141.jpg,train/labels/nozzle_tip_wrapped_1141.txt,111178,38,3387bc50d710ada2190c4da5405fc2d629f2870416004ade9b548ac304a3385d,4f42e81730de509640808b1c824eacb692d477ccda20cbf684c5c9d34410ae5a,1,0
dataset_2_binary_clean_v2,train,train/images/nozzle_tip_wrapped_1143.jpg,train/labels/nozzle_tip_wrapped_1143.txt,108762,38,5abd8a7431e3e513143c65f7fca4904e53e5d019ac40dc6c70d35f1ae1f9332f,cb9287ef72f79b008b9c331633967a5827144397edf5df90e569f98ee56544d8,1,0
dataset_2_binary_clean_v2,train,train/images/nozzle_tip_wrapped_1145.jpg,train/labels/nozzle_tip_wrapped_1145.txt,121042,38,ec2fb5f32e7f9d7b7b998a3e8a3e5bc3a60f29a9625c7076b705668bd3d633bb,fe8a4779d9025ebae56a9e441777966a2944cf907e4609dbd39ebb5ae15faa66,1,0
dataset_2_binary_clean_v2,train,train/images/nozzle_tip_wrapped_1146.jpg,train/labels/nozzle_tip_wrapped_1146.txt,136858,38,033165268c573b3f893664fd75027cdb6a40e98e4f1efefa44c42d20c3d2864f,302a2eabb3eb219ea58b50ed7427aa48a65a154a20115a50e51f1365b3ad340a,1,0
dataset_2_binary_clean_v2,train,train/images/nozzle_tip_wrapped_1147.jpg,train/labels/nozzle_tip_wrapped_1147.txt,118421,38,084d69688b60cee9ebc4308805ad4cf8e1711a56b10e05f893d0aba9e5992830,1ba31ce82f43f8a5ed72d9d3a93e1213c885594099e0bc0d527c7421a16f582a,1,0
dataset_2_binary_clean_v2,train,train/images/nozzle_tip_wrapped_1148.jpg,train/labels/nozzle_tip_wrapped_1148.txt,118606,38,bb627a83c94eeb5061d57d72097cd68fb44cd433879cac2ff38b271d82750f23,b9dd58197b508539a41162d62f09f0ef0de041d57399ebd69bd104b81033b7b1,1,0
dataset_2_binary_clean_v2,train,train/images/nozzle_tip_wrapped_1149.jpg,train/labels/nozzle_tip_wrapped_1149.txt,118095,38,a1f3fa27bb3d67af4dee5a945491bcc2854d075cf465388953f2379b3b26fad2,220e9d553e1135f9f8f9b058f72b33a7d05279ca0c6c16be5c15dd3c1906457d,1,0
dataset_2_binary_clean_v2,train,train/images/nozzle_tip_wrapped_1151.jpg,train/labels/nozzle_tip_wrapped_1151.txt,111550,38,d263e456ffffd7bcabbaba7e910208913a949a9f48be7327769b4912453e23c5,f9dd218e4ab79af1b7cb5fdaf0ef70aedde3883a551a6a081861e97bbfd4bee7,1,0
dataset_2_binary_clean_v2,train,train/images/nozzle_tip_wrapped_1153.jpg,train/labels/nozzle_tip_wrapped_1153.txt,120265,38,8615943aee09905f4a09eb92f17048339d8f48f98247c9b128e8a4fdc9602986,9d67e74e133e899fd4cd14e70d9b8677694d8984de8163d7248b2830158ef98b,1,0
dataset_2_binary_clean_v2,train,train/images/nozzle_tip_wrapped_1154.jpg,train/labels/nozzle_tip_wrapped_1154.txt,81297,38,12e28f53166cd92f7cebe6776c0f2f0e15d40e4b9e26969e99a37327111e42b6,dad0ade080eb6ed45e537ed229653a4ab3aa5988dbd5e7bcbc8cbe814be93793,1,0
dataset_2_binary_clean_v2,train,train/images/nozzle_tip_wrapped_1155.jpg,train/labels/nozzle_tip_wrapped_1155.txt,100116,38,8df93ba6567435547de9da5f76f235898ab3470fe77bc98579a1ceb2d5ee4da6,1ef14b386ca591eeddea046eebca9acb6ac0cc326725958842762fa6f8e8b7b6,1,0
dataset_2_binary_clean_v2,train,train/images/nozzle_tip_wrapped_1156.jpg,train/labels/nozzle_tip_wrapped_1156.txt,110161,38,5f5f098ecbbbff309f68f423cf4de44ed5f69741dc4bce5fee58c5f6ac7cf5a1,545753d13db644e613254df83e00173b23f7418115ec8a2a5b3609d8cd688c51,1,0
dataset_2_binary_clean_v2,train,train/images/nozzle_tip_wrapped_1158.jpg,train/labels/nozzle_tip_wrapped_1158.txt,115060,38,e11a2f95553d07a8b8d2e3605b4b9c261db43727225be99edca6e08993f52bb5,f8274ba96967410d013ceed86fb5432d8194124269a09b770c4e65b22b8a5913,1,0
dataset_2_binary_clean_v2,train,train/images/nozzle_tip_wrapped_1159.jpg,train/labels/nozzle_tip_wrapped_1159.txt,130367,38,e71232fb2edd63c52fbaec6d1a0bf3baa0e84793d5f2ff313d891aba77643cf6,6a10b6eb31e0cb1f83d69199d4ab4dd114ad80c153d8df39073be6a2da3952f5,1,0
dataset_2_binary_clean_v2,train,train/images/nozzle_tip_wrapped_1160.jpg,train/labels/nozzle_tip_wrapped_1160.txt,120961,38,b26d69d3801acf0d7ee080136c37abc78255ae22421d8dc9597d013fa7f54261,12456531728a144ba12c826d26f29ed364c71c50d7d46a207646b5ac2f0481a8,1,0
dataset_2_binary_clean_v2,train,train/images/nozzle_tip_wrapped_1161.jpg,train/labels/nozzle_tip_wrapped_1161.txt,112711,38,a9bce48be4a86a06d83398279133809e40274a6ae849118d0317c95948204ac5,4af8e478e5b95f4f866714487d0ef68150fa1b88ba4ac2961ab437550df92b4d,1,0
dataset_2_binary_clean_v2,train,train/images/nozzle_tip_wrapped_1162.jpg,train/labels/nozzle_tip_wrapped_1162.txt,115015,38,79b3e8cf2c6cbaeb18d20a672f04bd11efb6c138e3dd2600cf80afd2a2fb7179,7461e955810cb2aac6143e57a24478cac287a53b104b85eb48ec2073067e150b,1,0
dataset_2_binary_clean_v2,train,train/images/nozzle_tip_wrapped_1163.jpg,train/labels/nozzle_tip_wrapped_1163.txt,114913,38,75e5cfa580717dd0aa099169f52e810531d68fdc96775c27b4e58b14ea024cc8,59238ad8b6df5f56c2584e0a25a7ba2466dfbef9554fdda705c7a41f76ad3124,1,0
dataset_2_binary_clean_v2,train,train/images/nozzle_tip_wrapped_1164.jpg,train/labels/nozzle_tip_wrapped_1164.txt,111704,38,44dbd20e1cd26300e89678c8b1fb77b6e85ba45c7f9e0e65d03dad0c62c325d4,8f18cb56b4e919ee6f85b8f4a56d70bc2c9db191d9389d92f61b4950cb6faac9,1,0
dataset_2_binary_clean_v2,train,train/images/nozzle_tip_wrapped_1165.jpg,train/labels/nozzle_tip_wrapped_1165.txt,113065,38,5c9ac7dfe723b8cea51a5626d4a7e945b19d669a6da7bf31434c418e1f720c8b,df8bcc369d1b93f9aba2ff5fc2f7e46657d64467c27d165695e7bc1e8d3a8bf8,1,0
dataset_2_binary_clean_v2,train,train/images/nozzle_tip_wrapped_1166.jpg,train/labels/nozzle_tip_wrapped_1166.txt,100003,38,11476cb81aed8400c49726effc9e70f09ed977ef9b65582a5fa051598c0468d9,febcdbdf6ee1665ee6fb661ebc3a14e165cd2c5f33c2f11e52ab223cc25cb50c,1,0
dataset_2_binary_clean_v2,train,train/images/nozzle_tip_wrapped_1169.jpg,train/labels/nozzle_tip_wrapped_1169.txt,107820,38,90bc970f18960e209a8c5ca2ce50f4852f0d306db8d55c16601f720bde70d373,202656eba91bc1ad5af3ecf92c7f3de5b95ab0fe53693a408f7b209ac890d234,1,0
dataset_2_binary_clean_v2,train,train/images/nozzle_tip_wrapped_1170.jpg,train/labels/nozzle_tip_wrapped_1170.txt,111715,38,185b63edef58d7b95048b7cb9f8064448edc5c50e947acb76303b1bc1d461742,076c6a46e065e9081c6d9fa4cba63a56885ca8bf72e835c758a059cee46464c2,1,0
dataset_2_binary_clean_v2,train,train/images/nozzle_tip_wrapped_1173.jpg,train/labels/nozzle_tip_wrapped_1173.txt,130291,38,48975041f1ac1062f754b989702f98e484d38f7b5520d4800696b2f2533d8c1e,401a9cf31d16c4ddb4dc091a996fb1a9d26013d990809144ac1802032af33008,1,0
dataset_2_binary_clean_v2,train,train/images/nozzle_tip_wrapped_1175.jpg,train/labels/nozzle_tip_wrapped_1175.txt,116484,38,3d15f4d05ffd1940f012c0ff7051e3ce041f64c56890794d3960905dc82d6711,cf265bec7c49d2a264df82b55f4d03bb52648f71a7a3152e8a4e7c90a240ea36,1,0
dataset_2_binary_clean_v2,train,train/images/nozzle_tip_wrapped_1177.jpg,train/labels/nozzle_tip_wrapped_1177.txt,110753,38,f8d84740f7d0e40e2a9e3130c5a4cb0dd506e339906a229b005fae82a3355298,fd91cef9d83645687f00b906da5a6acdb05135b3dd170762c27fc51a3b2aacc5,1,0
dataset_2_binary_clean_v2,train,train/images/nozzle_tip_wrapped_1178.jpg,train/labels/nozzle_tip_wrapped_1178.txt,84939,38,2d36c58a0851e55f418f1a342dabaa6d0f086e392aef189b03959a85b78bc4ae,c745c8a154812a6381fb57ee63dde474ce54fbcfba09912ee3ebc150c8edd1fc,1,0
dataset_2_binary_clean_v2,train,train/images/nozzle_tip_wrapped_1181.jpg,train/labels/nozzle_tip_wrapped_1181.txt,107143,38,2ec94d137025a42af3a80dc7b2b69bef3a1965941d5cc6390cf7af1a5c45438d,c42d3661f941f75a28559d29cd574aacf66dc4042b7a57a016791fba7c75ac01,1,0
dataset_2_binary_clean_v2,train,train/images/nozzle_tip_wrapped_1182.jpg,train/labels/nozzle_tip_wrapped_1182.txt,117395,38,368b419893917ea9d1487b008eedb90d8eb61f7954fa3222b3a5348c27121c14,6b50496cae7e2375caf4f0f5713af302fce590cb46169d2d7d4fc88f7ce88c9f,1,0
dataset_2_binary_clean_v2,train,train/images/nozzle_tip_wrapped_1183.jpg,train/labels/nozzle_tip_wrapped_1183.txt,118519,38,60b3c8b3835f29db23941ac76ce29112e6967cbb04cb99e6f8ed6a863a5434ba,d2aea8a480130c3f1deb6d3665a7200437842a68cbe3586303f710e7e2ba1003,1,0
dataset_2_binary_clean_v2,train,train/images/nozzle_tip_wrapped_1185.jpg,train/labels/nozzle_tip_wrapped_1185.txt,118322,38,26c756588985ffd6795ebf2af631a4d047e2ef17ae8bfe5384a874391369dcc9,2f25477057bcbf1d62bb88a96e068381608f913f1ad25de1fec966797eac12fb,1,0
dataset_2_binary_clean_v2,train,train/images/nozzle_tip_wrapped_1187.jpg,train/labels/nozzle_tip_wrapped_1187.txt,113673,38,d71cf6b0259a67d9f65d7e490e9e50fa0612d9f7d7bdbec0da367747c7dd288a,053fff3f9f751f196ff9618ca653b1f7708beaa630cbf63f34f135c3c916069f,1,0
dataset_2_binary_clean_v2,train,train/images/nozzle_tip_wrapped_1188.jpg,train/labels/nozzle_tip_wrapped_1188.txt,118140,38,bc5e904f5fd4443ed78e7883bbf18fc578b6e44f3a918d205288801d02f70f91,cacf9c301edc2d091f84c06f2fb513442d3ffdd4f28f15ca85ca16caa1623251,1,0
dataset_2_binary_clean_v2,train,train/images/nozzle_tip_wrapped_1189.jpg,train/labels/nozzle_tip_wrapped_1189.txt,117787,38,aa2beb48b5dc7401c554b94b2f69dc96527dcf2a16904ff1dc066501ca1f7375,43270231bd507ef86d04e2818a7442684ec99a1d3338811fb707281e1930e89f,1,0
dataset_2_binary_clean_v2,train,train/images/nozzle_tip_wrapped_1190.jpg,train/labels/nozzle_tip_wrapped_1190.txt,87955,38,af95c81eefb9383954a6080693b16829ce2a10cb7757791c52189d112928547c,3432149d0f3cff22c043be1d14927e1b6a971de407727a1b10f1e09fca54ef4d,1,0
dataset_2_binary_clean_v2,train,train/images/nozzle_tip_wrapped_1191.jpg,train/labels/nozzle_tip_wrapped_1191.txt,100192,38,66c4afb14b9ab69e8ed56af1841c58bd65ba6437e6e4a7307ad35ba849a8fd71,7d2d8788471cc03fde179e3049b6c1912a2e4803e364be564a9df1337bcaffad,1,0
dataset_2_binary_clean_v2,train,train/images/nozzle_tip_wrapped_1192.jpg,train/labels/nozzle_tip_wrapped_1192.txt,116805,38,c446a78e320972a4fcb9dedda4b21b1aca14502f52f4a9efcf4cfc69b7038fd2,019f56ff321f71015907eefebb5a825807d5d7508fbe25bb73b0080aae37a9ab,1,0
dataset_2_binary_clean_v2,train,train/images/nozzle_tip_wrapped_1195.jpg,train/labels/nozzle_tip_wrapped_1195.txt,113317,38,65046d1c886948e04f1fba1ac1719c41eb9d1eb1cfd5f74e924324aa36575cf1,c455c143b2dddead3fc6f2160c9181d023370df012862de76cb02c4a5387d674,1,0
dataset_2_binary_clean_v2,train,train/images/nozzle_tip_wrapped_1196.jpg,train/labels/nozzle_tip_wrapped_1196.txt,114883,38,2ad7d17fa213274e42e6ecc7c73795a2ba5e2aa044294a5b52aadd41eabff691,7441c3b2e614d895f9bf076a0fb92748a9588ad38d9077e8e73748a7c0d461eb,1,0
dataset_2_binary_clean_v2,train,train/images/nozzle_tip_wrapped_1198.jpg,train/labels/nozzle_tip_wrapped_1198.txt,116670,38,a07e6298731ec0556c179cefc57edd3206a223be53dd9b5fd18540ac5c048b3a,2ddfcd510d10db2d19b88de5cbe26d22ecca23d7801f0e6a502ead835e7ce6b2,1,0
dataset_2_binary_clean_v2,train,train/images/nozzle_tip_wrapped_1200.jpg,train/labels/nozzle_tip_wrapped_1200.txt,114721,38,bf788a54314ec7d98be6d33df8e87fadfded2b5da8366990e1285743498f8a7f,5a594762ac73a487222895640cddf81e1ed11d5e323341d43b6a98bb96ee5586,1,0
dataset_2_binary_clean_v2,train,train/images/nozzle_tip_wrapped_1201.jpg,train/labels/nozzle_tip_wrapped_1201.txt,86864,38,f07283eb51171a884550944465f22a4e48d0745672919417cb114f03493e40d6,db5d96505ee3644d025b11410d69aa031a7e26aa2b719d58c51524c6fb74fecc,1,0
dataset_2_binary_clean_v2,train,train/images/nozzle_tip_wrapped_1202.jpg,train/labels/nozzle_tip_wrapped_1202.txt,105278,38,a49c9381ed98d4807674d8684d8ef5827b93a97743d7b376b276d4ad9d8156ea,80f5604c5e7e01f0449ec4a81cafde78779651698ff8f1f4970f8716ad92c5be,1,0
dataset_2_binary_clean_v2,train,train/images/nozzle_tip_wrapped_1204.jpg,train/labels/nozzle_tip_wrapped_1204.txt,116155,38,df5f7f554ef59dcb34f1b6ca9793b1ae3ddb66e4e7ffb2e0fd2f4a2389e8effc,625535cbef9d9ce4458172bcf59df37cf91f8acbc555dc42b417d1e1d860d6a7,1,0
dataset_2_binary_clean_v2,train,train/images/nozzle_tip_wrapped_1205.jpg,train/labels/nozzle_tip_wrapped_1205.txt,120240,38,77597da6ba07275971c74ae95e5c0567925a51eef79271e0fe48fe6456ad2129,5d39fc1f5f974c8314223d70591a0d90651de5f495dc0687f9d07abeea792055,1,0
dataset_2_binary_clean_v2,train,train/images/nozzle_tip_wrapped_1206.jpg,train/labels/nozzle_tip_wrapped_1206.txt,103935,38,f7648f5095921a0a051c064816604c5b010791815f855dce563e3b71f2c3acaf,05da573b37aed2b32c41fd3c4380c28b816ce2ca076e7415b8fbbc99bf19582b,1,0
dataset_2_binary_clean_v2,train,train/images/nozzle_tip_wrapped_1207.jpg,train/labels/nozzle_tip_wrapped_1207.txt,113498,38,fb88f4afd1617cd7110d936d70c7f78e43047bf130e443c29f6c7fb9c1c6a4d1,1530e73ff7daf9ff63b0bbfabac290bc5fdb08a692708b48aaec7309b81b3918,1,0
dataset_2_binary_clean_v2,train,train/images/nozzle_tip_wrapped_1208.jpg,train/labels/nozzle_tip_wrapped_1208.txt,117778,38,284cd4eedc51689b20566611a5d8957d50cc1a9ff7d3654833687df7cfb8fd1c,c0f84a25467a5c1cfd6f52f7635fdf3d178c0ade1363a60e97a41b572b24e352,1,0
dataset_2_binary_clean_v2,train,train/images/nozzle_tip_wrapped_1209.jpg,train/labels/nozzle_tip_wrapped_1209.txt,111987,38,200460a7cb1f729905c7b69b1f75933e699bff2c2f965bd097c3e22268548060,2dcc4d5087ada57cc31448d846a3302e8220ec8b9c4aa1074f2f1c134234d218,1,0
dataset_2_binary_clean_v2,train,train/images/nozzle_tip_wrapped_1211.jpg,train/labels/nozzle_tip_wrapped_1211.txt,132803,38,a2c59ce9e65467730ffaab9c1930986b8219a2f85f19a9005076445bbdba031c,31075ad42dd86cf747210a92b50e2994b8090f6759b878332500fc3f360032c8,1,0
dataset_2_binary_clean_v2,train,train/images/nozzle_tip_wrapped_1212.jpg,train/labels/nozzle_tip_wrapped_1212.txt,121955,38,256674dc8ae18a91ddddce0eafe17f0058486cbdd7455cc720b182d30dc0462c,1c81a0f993dcc2ea061e46b5c35f533a4969b3247f96372c5bfa7425acd6ced2,1,0
dataset_2_binary_clean_v2,train,train/images/nozzle_tip_wrapped_1214.jpg,train/labels/nozzle_tip_wrapped_1214.txt,104915,38,bec0dd3283452cb0087af118695c3b663a9705caefdc72c07e6da69b0ff3e6c1,d70287340e4385a0471ca71a875ad134b913e893f7f62d0d51ef4c2f91c9dbf5,1,0
dataset_2_binary_clean_v2,train,train/images/nozzle_tip_wrapped_1217.jpg,train/labels/nozzle_tip_wrapped_1217.txt,109885,38,094100628eaa794da915d61a208a518b1233d9878f3f9a31f556d7c31f31f483,84b13c1b4f4a6f3fecb1dd077faa14631f2e6e7e1e8cfedceead958aaaca6c68,1,0
dataset_2_binary_clean_v2,train,train/images/nozzle_tip_wrapped_1218.jpg,train/labels/nozzle_tip_wrapped_1218.txt,122479,38,3edc847fd47f8368d3951a76f517ca9855387e7fc03464c0ae5270a102ed8366,ec84f6b139d7e253982e18177304598618fa5daae04411299fb6e5a28eb27f59,1,0
dataset_2_binary_clean_v2,train,train/images/nozzle_tip_wrapped_1221.jpg,train/labels/nozzle_tip_wrapped_1221.txt,113008,38,3ead3df417287a606e85fa91306841f729b83f8aea0e907dee65a2a6c3790c55,4ef33b6b09a02bab3383024103ed67294421e06e164caa61ca94a2351c9c2172,1,0
dataset_2_binary_clean_v2,train,train/images/nozzle_tip_wrapped_1222.jpg,train/labels/nozzle_tip_wrapped_1222.txt,111034,38,12d9e4fcde63c39c3bef3ffbc888f0a7491fbae119aeb3db0272d10584f0234a,727239c17c5b2ec208675728ab752534775f3d823481db82b76c30e4e51cb08b,1,0
dataset_2_binary_clean_v2,train,train/images/nozzle_tip_wrapped_1224.jpg,train/labels/nozzle_tip_wrapped_1224.txt,127158,38,b1d3e7be4776a0bb5878b8e65de6049cf066e6609ce383769fbd2b2592786735,36576252b75791ab22b94b8228715d485f972a3a45793c0fed2badd9ba6a8ba0,1,0
dataset_2_binary_clean_v2,train,train/images/nozzle_tip_wrapped_1225.jpg,train/labels/nozzle_tip_wrapped_1225.txt,104680,38,05c94394433ed3dee2a276f87382bf18cf9191b3faddd80046074d969bfedc20,98643199e362b4fd6dc44245e75e8f5a092aef9fe1300bdf68e428f1cdc1e20a,1,0
dataset_2_binary_clean_v2,train,train/images/nozzle_tip_wrapped_1226.jpg,train/labels/nozzle_tip_wrapped_1226.txt,111296,38,a8c2008e33e212e5dfab13ac601c75d76f192bfd4ca731e3c542743e955f5db3,6e082569d646742dcd894efeecd193ff729db2d53cb24d0d797203bc5a37559f,1,0
dataset_2_binary_clean_v2,train,train/images/nozzle_tip_wrapped_1227.jpg,train/labels/nozzle_tip_wrapped_1227.txt,114694,38,e5c571e2cbf0583f785736de35a788de7527d4a4211b015e3507f682634f34d1,125627805a1b0efaa9def9ff8f4a619af4685991f70f1ccaa899fe2cd5859680,1,0
dataset_2_binary_clean_v2,train,train/images/nozzle_tip_wrapped_1228.jpg,train/labels/nozzle_tip_wrapped_1228.txt,110224,38,288fc11768da75750b2163ae2ca3ee2958a61dbfdf538e7ebb1ae7fdfa434ac0,8bbab84d61e462e98b471387c00f3b8d8b33e679b8f613b96f8bf34e774acf63,1,0
dataset_2_binary_clean_v2,train,train/images/nozzle_tip_wrapped_1229.jpg,train/labels/nozzle_tip_wrapped_1229.txt,112167,38,8ddbec4d0c15179b75eb4181aad98284539613fc9ecae94b339174586b4d161f,10ffaf39b07ffd44f277a3073f9a946a836ac2e10e67af187c288beab5660891,1,0
dataset_2_binary_clean_v2,train,train/images/nozzle_tip_wrapped_1230.jpg,train/labels/nozzle_tip_wrapped_1230.txt,126116,38,8b42ab474838bb50cf8f4d2c31816fee23c221147e916cff4aa32a75a4ca2769,fb4ce926b22dd9b62fd4f0919d9218458e5ea92686a21d306495ea1720e74276,1,0
dataset_2_binary_clean_v2,train,train/images/nozzle_tip_wrapped_1233.jpg,train/labels/nozzle_tip_wrapped_1233.txt,112139,38,8a49ad28cd19a4708cf097a2c4a26a38d72bb527fce910c572b553cd25531a66,791a60db3c94e5e7ce5e6b1bfcaaaec2ee2a7e87744bdcf350b2ee3b2abf9a45,1,0
dataset_2_binary_clean_v2,train,train/images/nozzle_tip_wrapped_1234.jpg,train/labels/nozzle_tip_wrapped_1234.txt,111384,38,6346d74999dc827100d76bc912562686ad528415679b6c86c1023ceddf84f867,37b0d7f496196935b36656864e4bf787585a09b47887d1a312eef1a78e8e6f34,1,0
dataset_2_binary_clean_v2,train,train/images/nozzle_tip_wrapped_1235.jpg,train/labels/nozzle_tip_wrapped_1235.txt,126461,38,6d247092b03b66aa9a3ed2d63382c930e38307520292d86ec15f6aa941c5b321,38611604e6a58396c53ea2803e4b917cee8d2c512a394fe1abd2e39936675dcf,1,0
dataset_2_binary_clean_v2,train,train/images/nozzle_tip_wrapped_1236.jpg,train/labels/nozzle_tip_wrapped_1236.txt,113132,38,7dcfba23402ef07602848d7ab48bcd439012731894f70b91cad79b319caec937,714fa16f1008f18df04266ecfcf6f64f8ea87f2b908a139b715e77318ad9c777,1,0
dataset_2_binary_clean_v2,train,train/images/nozzle_tip_wrapped_1237.jpg,train/labels/nozzle_tip_wrapped_1237.txt,112202,38,a5e456601e0082d7bbb7addefe56f84816900ea46f6a649bee017b7e6ce07d4c,092176f12a849b9a7e3de0d9dc4beeb7c64bd9ff654217a4f59a8ed3499b2b57,1,0
dataset_2_binary_clean_v2,train,train/images/nozzle_tip_wrapped_1238.jpg,train/labels/nozzle_tip_wrapped_1238.txt,113168,38,a78e46771901116cda44c0cc050c4066cdc101f7ea80122923b444ca4bf8010b,c9d5f3507bdbd8c546f893ceb1a64f535cae3d7dc316cde641f813224f671530,1,0
dataset_2_binary_clean_v2,train,train/images/nozzle_tip_wrapped_1239.jpg,train/labels/nozzle_tip_wrapped_1239.txt,108763,38,8c5c15216f48e2f3b85a5a5e84e7e39b6982a1f735a42e910594a192e0522d66,52558e2625970e0b81688e8e9b5712c909138e5f626977ec7b07f986fe91efbb,1,0
dataset_2_binary_clean_v2,train,train/images/nozzle_tip_wrapped_1240.jpg,train/labels/nozzle_tip_wrapped_1240.txt,113981,38,da2ddc2fce49e24cbc69aeb287f5d6bc9c4f19a3d5eda0c02bc937d76ec3035e,4c10e7054656967a36f5e96de3f6f76c9f1a71ffd512eb25ae06084d3be24d17,1,0
dataset_2_binary_clean_v2,train,train/images/nozzle_tip_wrapped_1241.jpg,train/labels/nozzle_tip_wrapped_1241.txt,118349,38,ece3058ca4588c596cc4e7bfbfa7d4b21cd280222df8e98f3628f83037e6d434,424e34598d72cb5e43be89c69e2e842d2b3d5598bc6e2cb7389958480af3848a,1,0
dataset_2_binary_clean_v2,train,train/images/nozzle_tip_wrapped_1242.jpg,train/labels/nozzle_tip_wrapped_1242.txt,100847,38,73b460d65b5018a7e3a740f2a8ecd9ef36c7cd43f944f336306fd3e5577e7160,657daaab712a510a72ce393364519a37c3702e812da7619ef8f8be6ddcc11ddc,1,0
dataset_2_binary_clean_v2,train,train/images/nozzle_tip_wrapped_1243.jpg,train/labels/nozzle_tip_wrapped_1243.txt,112742,38,656c706c0923812b6b7f9a49acefa2ca6a8635f6f9114dddf92988e05e82bd84,74a79034a60cc62e73423ff38a06810bdb1fc11b277b5961ddf75d8b5bae15fd,1,0
dataset_2_binary_clean_v2,train,train/images/nozzle_tip_wrapped_1245.jpg,train/labels/nozzle_tip_wrapped_1245.txt,112102,38,b096727059e5ad89ed8e517803623ae230ac55ccf38a159b27eb4230af3e47e0,1dd8ffd0586470d1603db685381196378728fca92fe11691a3169fb07ff289c0,1,0
dataset_2_binary_clean_v2,train,train/images/nozzle_tip_wrapped_1246.jpg,train/labels/nozzle_tip_wrapped_1246.txt,80897,38,ccf14efcdfb070264e274668e9eb77bf9a633aaab8488adfe295fa133db62d85,44c4f9bb9bf6216c2f94275ceb324985743dfd23f70ed5dba39046d89eecf773,1,0
dataset_2_binary_clean_v2,train,train/images/nozzle_tip_wrapped_1249.jpg,train/labels/nozzle_tip_wrapped_1249.txt,111232,38,f15ffafa4eb35687e1a47a522cc95303263d63467f875b877cbbff8eb1c271d4,688f9363e8c32500f4cbebdb86cf8645250c94db8c08843c3bdac30faf05f1d0,1,0
dataset_2_binary_clean_v2,train,train/images/nozzle_tip_wrapped_1250.jpg,train/labels/nozzle_tip_wrapped_1250.txt,111045,38,c67ca3d41bf110a243e4b368f55953093fb9f3e1ffca78c830d86a0b5acb4baf,ed0924eaa62c8ea17df5b16a2c730030fe497cc683d488a9e62cfe1f8b4d295d,1,0
dataset_2_binary_clean_v2,train,train/images/nozzle_tip_wrapped_1251.jpg,train/labels/nozzle_tip_wrapped_1251.txt,106144,38,c3553922efecafe7f72b1f8a9ee02102317ccae474216f2fa8650b8ee99310ea,a0903c13100d71d24853e7272db2156d2058d44b877be577ba6752ff9777334e,1,0
dataset_2_binary_clean_v2,train,train/images/nozzle_tip_wrapped_1254.jpg,train/labels/nozzle_tip_wrapped_1254.txt,102477,38,5b78a13edf7875096560803c1aea342495f846a1c93c3335cb494dabe889905c,9b3c8c2550b9aeae669f3717b62f67ed80abcd5390794902d5bcbcf8a8915259,1,0
dataset_2_binary_clean_v2,train,train/images/nozzle_tip_wrapped_1255.jpg,train/labels/nozzle_tip_wrapped_1255.txt,113191,38,b32fc96fe19a4e670c3bb2258277f9c8487d3c4cdf14b859431feb73e8f3a9f1,14120fc80de73f6e1717c3bc4f94428d29f664ce639ddf3654adfb80f67dcb4b,1,0
dataset_2_binary_clean_v2,train,train/images/nozzle_tip_wrapped_1256.jpg,train/labels/nozzle_tip_wrapped_1256.txt,109554,38,9886a79c4f775cce9e9d85aea999aea372485d4716c64cc5f65cd311539f55cf,19db91b93d3e2f4432d6c5a031d6b40091fb82f32debb41ff896a661823af70b,1,0
dataset_2_binary_clean_v2,train,train/images/nozzle_tip_wrapped_1257.jpg,train/labels/nozzle_tip_wrapped_1257.txt,80717,38,fc3c44344e265ac61effd24535de369c098a1d4b3fe0d30f6de1f5638118d2e6,9ad20bb34138bada17f05d2db87c5931d802a1cc64a5f40643eecdba4af9b923,1,0
dataset_2_binary_clean_v2,train,train/images/nozzle_tip_wrapped_1258.jpg,train/labels/nozzle_tip_wrapped_1258.txt,128959,38,eb4af3ffa8607cd535adf8ad5db9d63087f7013aa205f19b647ea019dfd03ccd,0d6b26077ef6b4849b453f27afbf4101697474004edabb5498b60274fecae0c8,1,0
dataset_2_binary_clean_v2,train,train/images/nozzle_tip_wrapped_1259.jpg,train/labels/nozzle_tip_wrapped_1259.txt,109348,38,f24ce3dff320da2e95ef67a727a638c5ee6862b502f81545d529e838359daf65,40e13e701831a965fcd43215063baf03484b4d5d5158200387432c970cd6fe8c,1,0
dataset_2_binary_clean_v2,train,train/images/nozzle_tip_wrapped_1261.jpg,train/labels/nozzle_tip_wrapped_1261.txt,110198,38,e24358a52a858f529d30f4e6c4ef07f9a640f312f6f637ba9d96957d64abf0e9,62ccb618d10575460aa9d8f62a66bbd55efc0eaf726ffb9f5ab1a63c2620242e,1,0
dataset_2_binary_clean_v2,train,train/images/nozzle_tip_wrapped_1262.jpg,train/labels/nozzle_tip_wrapped_1262.txt,105521,38,521e9e4045ac080ffdbdc8ad42ecc91b720d55ea7dfb00db2ccbe8aaaae971f6,28bd5a112b8004e35c70aee1118edaa6bc6af4d88a029f54288be49f59d096ef,1,0
dataset_2_binary_clean_v2,train,train/images/nozzle_tip_wrapped_1263.jpg,train/labels/nozzle_tip_wrapped_1263.txt,119797,38,098ac88b0b37ad74fdc9077bcb2cfbd9478d2bd21b78d41d5f3fde985ffb97cd,7a6c2ce9a27d957d5e7d26e557004c9332353855ad92d7085a0a7abedead50e3,1,0
dataset_2_binary_clean_v2,train,train/images/nozzle_tip_wrapped_1264.jpg,train/labels/nozzle_tip_wrapped_1264.txt,103586,38,d52ff41bd61783273cf32e6bd3ae45a89efc9315581a87cecb452e861e97a98a,de60346be322b5380aaabddf3c133390942d48e394cce746798e31f92591f92a,1,0
dataset_2_binary_clean_v2,train,train/images/nozzle_tip_wrapped_1265.jpg,train/labels/nozzle_tip_wrapped_1265.txt,108441,38,a6b5800facd16d87406dbd63240454c742a644d1d0a532dbdc3153c57e59e02a,0dc874fee5342f800319a2bea58271890f327e1213e1a54b2395101a4fd06e39,1,0
dataset_2_binary_clean_v2,train,train/images/nozzle_tip_wrapped_1267.jpg,train/labels/nozzle_tip_wrapped_1267.txt,116963,38,68991a161dfe1ed3e54b57dcc823dc2ab917bb558be8a2d120218eb0a8dcd63a,da3f973920e4185cdf41e5c920ba94e03cf0cebe60fb99d247b33097b98fb02d,1,0
dataset_2_binary_clean_v2,train,train/images/nozzle_tip_wrapped_1269.jpg,train/labels/nozzle_tip_wrapped_1269.txt,111519,38,8678cc15bc26e225d996cf19eafab96cad90f293d986bc183f614d3cff29fe24,c0601ca8a4908e412d6e4b58f90752fb5e094c511386745473041ccf72bfceec,1,0
dataset_2_binary_clean_v2,train,train/images/nozzle_tip_wrapped_1271.jpg,train/labels/nozzle_tip_wrapped_1271.txt,102391,38,0fad30283a82203f4f692ef81842596028d8b9d55f7eeb9102e300e028bac191,5b0af6c0101af2304290f87829014b4d15a64f1877c6d9529d0d9233750ac64c,1,0
dataset_2_binary_clean_v2,train,train/images/nozzle_tip_wrapped_1273.jpg,train/labels/nozzle_tip_wrapped_1273.txt,110051,38,3b04b26b99c4f27b1d04f4ea1aa22d6d07bb460555ef42fa75587b96b28fac2c,62f425463b09c89b9501d7cd544475fc5ef36f50be49f65117d86e0ca43f532c,1,0
dataset_2_binary_clean_v2,train,train/images/nozzle_tip_wrapped_1274.jpg,train/labels/nozzle_tip_wrapped_1274.txt,100227,38,6c4774f0437e65346c751af14ec97a9fc2e55cd0475b7c53d4b8f93dd198e7b0,3ea2e641f75ce54a78c98002e251a2eb21344426d8594db1728022d7cc2d84a0,1,0
dataset_2_binary_clean_v2,train,train/images/nozzle_tip_wrapped_1275.jpg,train/labels/nozzle_tip_wrapped_1275.txt,107401,38,45f5218f57c1da427306ef21c8495b5f237bb2045c21215fa872528d2e37f8f7,3ea2e641f75ce54a78c98002e251a2eb21344426d8594db1728022d7cc2d84a0,1,0
dataset_2_binary_clean_v2,train,train/images/nozzle_tip_wrapped_1276.jpg,train/labels/nozzle_tip_wrapped_1276.txt,78593,38,2f087f18ee5155ac6506519eb4d0329c87f527a2ee306abc599a40883b099dd8,3ea2e641f75ce54a78c98002e251a2eb21344426d8594db1728022d7cc2d84a0,1,0
dataset_2_binary_clean_v2,train,train/images/nozzle_tip_wrapped_1277.jpg,train/labels/nozzle_tip_wrapped_1277.txt,94078,38,79a3f1f89d098f41daf2bba7e4a6644ce6ab23461fa9bbd229919ee5f714f97b,3ea2e641f75ce54a78c98002e251a2eb21344426d8594db1728022d7cc2d84a0,1,0
dataset_2_binary_clean_v2,train,train/images/nozzle_tip_wrapped_1279.jpg,train/labels/nozzle_tip_wrapped_1279.txt,118901,38,9b4df5a5b52d5e62a065f2210fbbfe9a3c2c39d93dfbda0ac64ec32f26ab3ac7,3ea2e641f75ce54a78c98002e251a2eb21344426d8594db1728022d7cc2d84a0,1,0
dataset_2_binary_clean_v2,train,train/images/nozzle_tip_wrapped_1280.jpg,train/labels/nozzle_tip_wrapped_1280.txt,105055,38,3ab0cc4459a6300ec38f6f1d8a43a470ade1cd5e4da1364a3325719f705efa84,3ea2e641f75ce54a78c98002e251a2eb21344426d8594db1728022d7cc2d84a0,1,0
dataset_2_binary_clean_v2,train,train/images/nozzle_tip_wrapped_1281.jpg,train/labels/nozzle_tip_wrapped_1281.txt,103765,38,dafd069f1be4aa948a0c4c2e9b2ce89754741a9d89fb32173d15df7c61a63f69,3ea2e641f75ce54a78c98002e251a2eb21344426d8594db1728022d7cc2d84a0,1,0
dataset_2_binary_clean_v2,train,train/images/nozzle_tip_wrapped_1283.jpg,train/labels/nozzle_tip_wrapped_1283.txt,102855,38,37be04e2e143d386801c76cba5fe21d8afb3ae07bed45c62a623c1e5ffc47ef6,3ea2e641f75ce54a78c98002e251a2eb21344426d8594db1728022d7cc2d84a0,1,0
dataset_2_binary_clean_v2,train,train/images/nozzle_tip_wrapped_1284.jpg,train/labels/nozzle_tip_wrapped_1284.txt,108092,38,5cfafe3322bf80780be52d3ab0cff110e5474c82713fb0554d452c67f35f7a68,3ea2e641f75ce54a78c98002e251a2eb21344426d8594db1728022d7cc2d84a0,1,0
dataset_2_binary_clean_v2,train,train/images/nozzle_tip_wrapped_1285.jpg,train/labels/nozzle_tip_wrapped_1285.txt,114227,38,0a7348baf1dc25038d402857147a53d4d7e55edcccae19524d0d6a8b50e7ec97,3ea2e641f75ce54a78c98002e251a2eb21344426d8594db1728022d7cc2d84a0,1,0
dataset_2_binary_clean_v2,train,train/images/nozzle_tip_wrapped_1286.jpg,train/labels/nozzle_tip_wrapped_1286.txt,96029,38,3578d7b41c1127204f65ba681d999d06af48038623eda26187ec0b4e4d97d859,3ea2e641f75ce54a78c98002e251a2eb21344426d8594db1728022d7cc2d84a0,1,0
dataset_2_binary_clean_v2,train,train/images/nozzle_tip_wrapped_1289.jpg,train/labels/nozzle_tip_wrapped_1289.txt,92580,38,1e15d802cebf8a9de65805bd0106b249c78611633633f6028a59bb13638d71f3,3ea2e641f75ce54a78c98002e251a2eb21344426d8594db1728022d7cc2d84a0,1,0
dataset_2_binary_clean_v2,train,train/images/nozzle_tip_wrapped_1291.jpg,train/labels/nozzle_tip_wrapped_1291.txt,101562,38,d7a1a085be784db47aa82fbc6eac13502c14efe473dd57ebf1cb72adfbaf2bdf,3ea2e641f75ce54a78c98002e251a2eb21344426d8594db1728022d7cc2d84a0,1,0
dataset_2_binary_clean_v2,train,train/images/nozzle_tip_wrapped_1292.jpg,train/labels/nozzle_tip_wrapped_1292.txt,105082,38,1f4b8ce3519f2ae1540e7ae4e1861fab225d542a48fd78aca4151ce42e48c7f2,3ea2e641f75ce54a78c98002e251a2eb21344426d8594db1728022d7cc2d84a0,1,0
dataset_2_binary_clean_v2,train,train/images/nozzle_tip_wrapped_1293.jpg,train/labels/nozzle_tip_wrapped_1293.txt,101025,38,568a7a1f5182411dca5341a16c48e8f5d2717057401ad8359ce81a5f79cb95b2,3ea2e641f75ce54a78c98002e251a2eb21344426d8594db1728022d7cc2d84a0,1,0
dataset_2_binary_clean_v2,train,train/images/nozzle_tip_wrapped_1294.jpg,train/labels/nozzle_tip_wrapped_1294.txt,102218,38,811436e75ab895843b64c50d770690e7a89f3c431127b1cffb112d31bad5aafb,3ea2e641f75ce54a78c98002e251a2eb21344426d8594db1728022d7cc2d84a0,1,0
dataset_2_binary_clean_v2,train,train/images/nozzle_tip_wrapped_1296.jpg,train/labels/nozzle_tip_wrapped_1296.txt,95157,38,f7e89807b55f0730aa86c5c9f99db4dcea004f8d3b9af59b4772fca8c40f1012,3ea2e641f75ce54a78c98002e251a2eb21344426d8594db1728022d7cc2d84a0,1,0
dataset_2_binary_clean_v2,train,train/images/nozzle_tip_wrapped_1299.jpg,train/labels/nozzle_tip_wrapped_1299.txt,90027,38,a71ac94e67d0e3cb0b3411bb610b23d76f42e85d16327ecf0c7d023b6bcaacdf,3ea2e641f75ce54a78c98002e251a2eb21344426d8594db1728022d7cc2d84a0,1,0
dataset_2_binary_clean_v2,train,train/images/nozzle_tip_wrapped_1300.jpg,train/labels/nozzle_tip_wrapped_1300.txt,100488,38,46395fd1853d1ca68c7749d3ab746d02a8a7d30be78f4b565a52334243537a17,3ea2e641f75ce54a78c98002e251a2eb21344426d8594db1728022d7cc2d84a0,1,0
dataset_2_binary_clean_v2,train,train/images/nozzle_tip_wrapped_1301.jpg,train/labels/nozzle_tip_wrapped_1301.txt,97354,38,2d48c850250743787744a7117de0dc410ade421c9b9e19c2936b6e2cdace56a4,3ea2e641f75ce54a78c98002e251a2eb21344426d8594db1728022d7cc2d84a0,1,0
dataset_2_binary_clean_v2,train,train/images/nozzle_tip_wrapped_1303.jpg,train/labels/nozzle_tip_wrapped_1303.txt,103382,38,b431e3d3ba923d284e427d06f2ad936afed21c6cd25d6661ed9ba2b17abf79f9,3ea2e641f75ce54a78c98002e251a2eb21344426d8594db1728022d7cc2d84a0,1,0
dataset_2_binary_clean_v2,train,train/images/nozzle_tip_wrapped_1304.jpg,train/labels/nozzle_tip_wrapped_1304.txt,98772,38,9965e0b0453f67188b2910ccb93a65473af2d553f64c578a97f130d2bcadda09,3ea2e641f75ce54a78c98002e251a2eb21344426d8594db1728022d7cc2d84a0,1,0
dataset_2_binary_clean_v2,train,train/images/nozzle_tip_wrapped_1306.jpg,train/labels/nozzle_tip_wrapped_1306.txt,101827,38,530d3d0ade0cf586716b5b4cee84d2b81053bf0d9e1b80d94fcc58cca2038631,3ea2e641f75ce54a78c98002e251a2eb21344426d8594db1728022d7cc2d84a0,1,0
dataset_2_binary_clean_v2,train,train/images/nozzle_tip_wrapped_1308.jpg,train/labels/nozzle_tip_wrapped_1308.txt,104961,38,0b95ce5cf08c66656742fc4912c4c1a8849b71ab5d7416db56a8f6061cf75168,3ea2e641f75ce54a78c98002e251a2eb21344426d8594db1728022d7cc2d84a0,1,0
dataset_2_binary_clean_v2,train,train/images/nozzle_tip_wrapped_1309.jpg,train/labels/nozzle_tip_wrapped_1309.txt,71422,38,86fd778d4cf0098e008bd55a99c9d577a757e6c264da8e273ddbddc408835207,3ea2e641f75ce54a78c98002e251a2eb21344426d8594db1728022d7cc2d84a0,1,0
dataset_2_binary_clean_v2,train,train/images/nozzle_tip_wrapped_1310.jpg,train/labels/nozzle_tip_wrapped_1310.txt,128379,38,bae60fbc478343dc644e39553fd962156d075a45c4df0c86c032da14c5afd17e,3ea2e641f75ce54a78c98002e251a2eb21344426d8594db1728022d7cc2d84a0,1,0
dataset_2_binary_clean_v2,train,train/images/nozzle_tip_wrapped_1312.jpg,train/labels/nozzle_tip_wrapped_1312.txt,114662,38,1d73d656775f0f14e249430de8559d2b94d111c0a10ad589f8be522b73db0320,3ea2e641f75ce54a78c98002e251a2eb21344426d8594db1728022d7cc2d84a0,1,0
dataset_2_binary_clean_v2,train,train/images/nozzle_tip_wrapped_1313.jpg,train/labels/nozzle_tip_wrapped_1313.txt,104815,38,3542e99972fd6b320cda485b3baf8c6f6d778b927f4b53d9767544de8d4ba3ca,3ea2e641f75ce54a78c98002e251a2eb21344426d8594db1728022d7cc2d84a0,1,0
dataset_2_binary_clean_v2,train,train/images/nozzle_tip_wrapped_1315.jpg,train/labels/nozzle_tip_wrapped_1315.txt,53174,38,a8f371077e11b2f4c8f0b2e3b3b1c1e1ea67d42e4bafa7414c15c1626fe530de,3ea2e641f75ce54a78c98002e251a2eb21344426d8594db1728022d7cc2d84a0,1,0
dataset_2_binary_clean_v2,train,train/images/nozzle_tip_wrapped_1316.jpg,train/labels/nozzle_tip_wrapped_1316.txt,59093,38,65778d6408ac1b5b13dd86e107b25aaa74aa626c2af766bfc50c86034f1005af,3ea2e641f75ce54a78c98002e251a2eb21344426d8594db1728022d7cc2d84a0,1,0
dataset_2_binary_clean_v2,val,val/images/nozzle_extrusion_normal_0003.jpg,val/labels/nozzle_extrusion_normal_0003.txt,91183,38,bea0f3b9e7dda99d0e80378c520af5fd8cba1c07776ca5aca39c595fda307558,68ccfca7e5605dd8675d56f7b1b1f971a295b09096eb80b615c56d6214b1ee18,1,1
dataset_2_binary_clean_v2,val,val/images/nozzle_extrusion_normal_0010.jpg,val/labels/nozzle_extrusion_normal_0010.txt,132101,38,55a5f712859d8de222bffb4477490e9712590402a4727dbbfef5dd24b357a40c,a48fa3036baf16ec25cd4e93551f2c6e8b34ef4ba7279191a269ef3c6cb13f33,1,1
dataset_2_binary_clean_v2,val,val/images/nozzle_extrusion_normal_0021.jpg,val/labels/nozzle_extrusion_normal_0021.txt,104459,38,033281f02097463721c52f8f25d4d5444e363d6438435d75c1dbc2586b61be72,a48fa3036baf16ec25cd4e93551f2c6e8b34ef4ba7279191a269ef3c6cb13f33,1,1
dataset_2_binary_clean_v2,val,val/images/nozzle_extrusion_normal_0027.jpg,val/labels/nozzle_extrusion_normal_0027.txt,151657,38,58cedc382a5e021ded67e3ec825bec2dfd2a2c4ea43217b65eed8919318c4027,a48fa3036baf16ec25cd4e93551f2c6e8b34ef4ba7279191a269ef3c6cb13f33,1,1
dataset_2_binary_clean_v2,val,val/images/nozzle_extrusion_normal_0030.jpg,val/labels/nozzle_extrusion_normal_0030.txt,123966,38,b567ef90b9c878ea915004161fecd9033c8e14baa054d128226b9df72b791ff4,a48fa3036baf16ec25cd4e93551f2c6e8b34ef4ba7279191a269ef3c6cb13f33,1,1
dataset_2_binary_clean_v2,val,val/images/nozzle_extrusion_normal_0032.jpg,val/labels/nozzle_extrusion_normal_0032.txt,127314,38,86471817d7eb5b6ab1b27c134c36fac3abd3780625fce4932926904e68f5f4de,a48fa3036baf16ec25cd4e93551f2c6e8b34ef4ba7279191a269ef3c6cb13f33,1,1
dataset_2_binary_clean_v2,val,val/images/nozzle_extrusion_normal_0033.jpg,val/labels/nozzle_extrusion_normal_0033.txt,104551,38,372cfe43337d8f8d9b12b1e085155dd0c9020336266886569b99e9e7513c6745,a48fa3036baf16ec25cd4e93551f2c6e8b34ef4ba7279191a269ef3c6cb13f33,1,1
dataset_2_binary_clean_v2,val,val/images/nozzle_extrusion_normal_0035.jpg,val/labels/nozzle_extrusion_normal_0035.txt,106188,38,35b4f3eff75e75ff5b748173be69726a18b7c41db3087abd6bdbc32264718727,a48fa3036baf16ec25cd4e93551f2c6e8b34ef4ba7279191a269ef3c6cb13f33,1,1
dataset_2_binary_clean_v2,val,val/images/nozzle_extrusion_normal_0037.jpg,val/labels/nozzle_extrusion_normal_0037.txt,125431,38,0bb69f13695f27dafd49735b5da8d09c70c3638c5adea347f4042b0f30fbc18e,a48fa3036baf16ec25cd4e93551f2c6e8b34ef4ba7279191a269ef3c6cb13f33,1,1
dataset_2_binary_clean_v2,val,val/images/nozzle_extrusion_normal_0038.jpg,val/labels/nozzle_extrusion_normal_0038.txt,125298,38,57e07216ffc4b8fe11e0b5d4dbc22735cc386198aacba073fa722ab03b5d6b2c,a48fa3036baf16ec25cd4e93551f2c6e8b34ef4ba7279191a269ef3c6cb13f33,1,1
dataset_2_binary_clean_v2,val,val/images/nozzle_extrusion_normal_0040.jpg,val/labels/nozzle_extrusion_normal_0040.txt,124866,38,2dce9e6ffb9dad1d7fa1de1cb40892a0395fe881c4a617dde8d4141f5ed2e699,a48fa3036baf16ec25cd4e93551f2c6e8b34ef4ba7279191a269ef3c6cb13f33,1,1
dataset_2_binary_clean_v2,val,val/images/nozzle_extrusion_normal_0041.jpg,val/labels/nozzle_extrusion_normal_0041.txt,126910,38,7ab08ecb73bcec7b91ccec41f325abb61e0ba939b423f6e313957e1af149e37a,a48fa3036baf16ec25cd4e93551f2c6e8b34ef4ba7279191a269ef3c6cb13f33,1,1
dataset_2_binary_clean_v2,val,val/images/nozzle_extrusion_normal_0046.jpg,val/labels/nozzle_extrusion_normal_0046.txt,140759,38,5daa1f91052a8b8296409ab21f8505afb03076aa91d85199af66cfae083d378a,a48fa3036baf16ec25cd4e93551f2c6e8b34ef4ba7279191a269ef3c6cb13f33,1,1
dataset_2_binary_clean_v2,val,val/images/nozzle_extrusion_normal_0057.jpg,val/labels/nozzle_extrusion_normal_0057.txt,135134,38,8e4cf738a934b66da5f87ba8132c21371ba6c287025745a8776c99a26632f43f,a48fa3036baf16ec25cd4e93551f2c6e8b34ef4ba7279191a269ef3c6cb13f33,1,1
dataset_2_binary_clean_v2,val,val/images/nozzle_extrusion_normal_0059.jpg,val/labels/nozzle_extrusion_normal_0059.txt,136368,38,17a4830658d80d00a20ca8aed8256c0576357b7c554f2a8e4b00cb26ff806a20,a48fa3036baf16ec25cd4e93551f2c6e8b34ef4ba7279191a269ef3c6cb13f33,1,1
dataset_2_binary_clean_v2,val,val/images/nozzle_extrusion_normal_0065.jpg,val/labels/nozzle_extrusion_normal_0065.txt,133188,38,86e3dcd5932cc25703a6c7896a2fc99a6f70dc19a34d3a040a11e7146c739cd3,a48fa3036baf16ec25cd4e93551f2c6e8b34ef4ba7279191a269ef3c6cb13f33,1,1
dataset_2_binary_clean_v2,val,val/images/nozzle_extrusion_normal_0076.jpg,val/labels/nozzle_extrusion_normal_0076.txt,154748,38,616b8b5baa718d5ad03ce950396be48933018ac8e09d2bf083628189fb6e119e,a48fa3036baf16ec25cd4e93551f2c6e8b34ef4ba7279191a269ef3c6cb13f33,1,1
dataset_2_binary_clean_v2,val,val/images/nozzle_extrusion_normal_0079.jpg,val/labels/nozzle_extrusion_normal_0079.txt,123928,38,bffb95c31be3c8e2c53450d480d78c1f52befa9d0a22a316fa1dba32054425c4,a48fa3036baf16ec25cd4e93551f2c6e8b34ef4ba7279191a269ef3c6cb13f33,1,1
dataset_2_binary_clean_v2,val,val/images/nozzle_extrusion_normal_0081.jpg,val/labels/nozzle_extrusion_normal_0081.txt,126970,38,cbb1af24e8256f16336c94475f822511e1e6ecc193e8c0d1c51b69f4d5c1ac7f,a48fa3036baf16ec25cd4e93551f2c6e8b34ef4ba7279191a269ef3c6cb13f33,1,1
dataset_2_binary_clean_v2,val,val/images/nozzle_extrusion_normal_0095.jpg,val/labels/nozzle_extrusion_normal_0095.txt,176766,38,0644a2abc0d5434324c855006ecbdc65bf97c3f3af6dd4c92f11268600f7f9c4,a48fa3036baf16ec25cd4e93551f2c6e8b34ef4ba7279191a269ef3c6cb13f33,1,1
dataset_2_binary_clean_v2,val,val/images/nozzle_extrusion_normal_0097.jpg,val/labels/nozzle_extrusion_normal_0097.txt,134339,38,9b7d6e4fe8c9b01149786a8815a175545df318ceb01870d5f77256c1bf300d84,a48fa3036baf16ec25cd4e93551f2c6e8b34ef4ba7279191a269ef3c6cb13f33,1,1
dataset_2_binary_clean_v2,val,val/images/nozzle_extrusion_normal_0099.jpg,val/labels/nozzle_extrusion_normal_0099.txt,122791,38,e7a35d372debf0ac774b77bb89910ad1abd330436bf870f4d340b96771f6c47d,a48fa3036baf16ec25cd4e93551f2c6e8b34ef4ba7279191a269ef3c6cb13f33,1,1
dataset_2_binary_clean_v2,val,val/images/nozzle_extrusion_normal_0103.jpg,val/labels/nozzle_extrusion_normal_0103.txt,121984,38,be0497b07e8de165f510f130fe01f65e3b44eb08e8e221756d07d328172b17ae,a48fa3036baf16ec25cd4e93551f2c6e8b34ef4ba7279191a269ef3c6cb13f33,1,1
dataset_2_binary_clean_v2,val,val/images/nozzle_extrusion_normal_0104.jpg,val/labels/nozzle_extrusion_normal_0104.txt,128670,38,a7049460636f1379fd83c8cae7d2c0d8b3f3af6ef153b63af555cf582898fd11,a48fa3036baf16ec25cd4e93551f2c6e8b34ef4ba7279191a269ef3c6cb13f33,1,1
dataset_2_binary_clean_v2,val,val/images/nozzle_extrusion_normal_0105.jpg,val/labels/nozzle_extrusion_normal_0105.txt,124479,38,1114e05f75e78d447e37b322347c40d71dcee7ef3369d34912762ab1f1830fe7,a48fa3036baf16ec25cd4e93551f2c6e8b34ef4ba7279191a269ef3c6cb13f33,1,1
dataset_2_binary_clean_v2,val,val/images/nozzle_extrusion_normal_0112.jpg,val/labels/nozzle_extrusion_normal_0112.txt,175392,38,feeb264cd8191a725cae5651a50a5a923f5c15c3d9d7fd7f58026f142ba35e77,a48fa3036baf16ec25cd4e93551f2c6e8b34ef4ba7279191a269ef3c6cb13f33,1,1
dataset_2_binary_clean_v2,val,val/images/nozzle_extrusion_normal_0115.jpg,val/labels/nozzle_extrusion_normal_0115.txt,137747,38,76369b14423b779400228f766cb5ebe11c63976e49b81dcf01c7b3f4e0a5b14a,a48fa3036baf16ec25cd4e93551f2c6e8b34ef4ba7279191a269ef3c6cb13f33,1,1
dataset_2_binary_clean_v2,val,val/images/nozzle_extrusion_normal_0116.jpg,val/labels/nozzle_extrusion_normal_0116.txt,101502,38,c23f98d2b7faef92bb87705908db458e254e6b36b0fae0dc61c8bb222fb6f34b,a48fa3036baf16ec25cd4e93551f2c6e8b34ef4ba7279191a269ef3c6cb13f33,1,1
dataset_2_binary_clean_v2,val,val/images/nozzle_extrusion_normal_0119.jpg,val/labels/nozzle_extrusion_normal_0119.txt,131832,38,8b4a2ca50f98976f04692d36da30b2b221261f372ebe204af0c174eeb44fa7b7,a48fa3036baf16ec25cd4e93551f2c6e8b34ef4ba7279191a269ef3c6cb13f33,1,1
dataset_2_binary_clean_v2,val,val/images/nozzle_extrusion_normal_0131.jpg,val/labels/nozzle_extrusion_normal_0131.txt,134827,38,98af2eebd4d98f5be5d681b76f28d81746dd8eaf6f14f7732a41748675357176,a48fa3036baf16ec25cd4e93551f2c6e8b34ef4ba7279191a269ef3c6cb13f33,1,1
dataset_2_binary_clean_v2,val,val/images/nozzle_extrusion_normal_0136.jpg,val/labels/nozzle_extrusion_normal_0136.txt,127199,38,7eb8b47b4ee050002423557d0b24a29e83f3ffa09589b50dafa09fa96452c738,a48fa3036baf16ec25cd4e93551f2c6e8b34ef4ba7279191a269ef3c6cb13f33,1,1
dataset_2_binary_clean_v2,val,val/images/nozzle_extrusion_normal_0152.jpg,val/labels/nozzle_extrusion_normal_0152.txt,143684,38,76b157c3984b78cf6e959731b185322bd820583ba86901ba191d9948f1233b6c,a48fa3036baf16ec25cd4e93551f2c6e8b34ef4ba7279191a269ef3c6cb13f33,1,1
dataset_2_binary_clean_v2,val,val/images/nozzle_extrusion_normal_0167.jpg,val/labels/nozzle_extrusion_normal_0167.txt,120372,38,02e6598ebeb7908a31caafaf7ab8752f7fe128cdce6109908eadeffa8fa527e9,a48fa3036baf16ec25cd4e93551f2c6e8b34ef4ba7279191a269ef3c6cb13f33,1,1
dataset_2_binary_clean_v2,val,val/images/nozzle_extrusion_normal_0172.jpg,val/labels/nozzle_extrusion_normal_0172.txt,130219,38,f65b2f9a77bc60970c8bac7fcb0368f1ceebbbf5ea0da74e1de01e7164aa1ee4,a48fa3036baf16ec25cd4e93551f2c6e8b34ef4ba7279191a269ef3c6cb13f33,1,1
dataset_2_binary_clean_v2,val,val/images/nozzle_extrusion_normal_0173.jpg,val/labels/nozzle_extrusion_normal_0173.txt,138641,38,0ba61e1934c4e5b1e2b842c181679c959808818e5415d5a59102da46cdb0c637,a48fa3036baf16ec25cd4e93551f2c6e8b34ef4ba7279191a269ef3c6cb13f33,1,1
dataset_2_binary_clean_v2,val,val/images/nozzle_extrusion_normal_0179.jpg,val/labels/nozzle_extrusion_normal_0179.txt,131264,38,8e65dbcf582c2eb249c15004fd50e138616afc2988dcb47a1dbd4f96ae2600cd,a48fa3036baf16ec25cd4e93551f2c6e8b34ef4ba7279191a269ef3c6cb13f33,1,1
dataset_2_binary_clean_v2,val,val/images/nozzle_extrusion_normal_0182.jpg,val/labels/nozzle_extrusion_normal_0182.txt,135889,38,9f3e432461ae5ffad68dc38fa79cc90b77009dfd797fbe854db29f66bd90f8a9,a48fa3036baf16ec25cd4e93551f2c6e8b34ef4ba7279191a269ef3c6cb13f33,1,1
dataset_2_binary_clean_v2,val,val/images/nozzle_extrusion_normal_0184.jpg,val/labels/nozzle_extrusion_normal_0184.txt,100390,38,ed22616d84df9128b0219f06fa991522d5782a7caa7140d8229805a00584c50b,a48fa3036baf16ec25cd4e93551f2c6e8b34ef4ba7279191a269ef3c6cb13f33,1,1
dataset_2_binary_clean_v2,val,val/images/nozzle_extrusion_normal_0185.jpg,val/labels/nozzle_extrusion_normal_0185.txt,130219,38,06a21484c402afa319b192ac81b39dfe885afb39446793b54cab26d4e07566e7,a48fa3036baf16ec25cd4e93551f2c6e8b34ef4ba7279191a269ef3c6cb13f33,1,1
dataset_2_binary_clean_v2,val,val/images/nozzle_extrusion_normal_0194.jpg,val/labels/nozzle_extrusion_normal_0194.txt,131713,38,8b4b35c5c6526051774c914e5c519fa313dcf567dad0283881d457869fe85f4a,a48fa3036baf16ec25cd4e93551f2c6e8b34ef4ba7279191a269ef3c6cb13f33,1,1
dataset_2_binary_clean_v2,val,val/images/nozzle_extrusion_normal_0195.jpg,val/labels/nozzle_extrusion_normal_0195.txt,123895,38,d991e5d2d803b1643f39dc4e350d1d1431c786f0c647fd4db12e333c2e7cc1e5,a48fa3036baf16ec25cd4e93551f2c6e8b34ef4ba7279191a269ef3c6cb13f33,1,1
dataset_2_binary_clean_v2,val,val/images/nozzle_extrusion_normal_0198.jpg,val/labels/nozzle_extrusion_normal_0198.txt,138198,38,a4a40313c9be1dbed6d9206b268ff04dfb4243a7a82c0930e6ba99b5f0cd46c5,a48fa3036baf16ec25cd4e93551f2c6e8b34ef4ba7279191a269ef3c6cb13f33,1,1
dataset_2_binary_clean_v2,val,val/images/nozzle_extrusion_normal_0202.jpg,val/labels/nozzle_extrusion_normal_0202.txt,135037,38,15c822991c0c3af305044d67d1d5698a2a4117b3fd07b0b17c81e9c1fbcd2d19,a48fa3036baf16ec25cd4e93551f2c6e8b34ef4ba7279191a269ef3c6cb13f33,1,1
dataset_2_binary_clean_v2,val,val/images/nozzle_extrusion_normal_0209.jpg,val/labels/nozzle_extrusion_normal_0209.txt,125327,38,98f42ff19a3e6c992dff114d6b9bd9374cf72e6fae1b47e757a5c68f6a5bc0ed,a48fa3036baf16ec25cd4e93551f2c6e8b34ef4ba7279191a269ef3c6cb13f33,1,1
dataset_2_binary_clean_v2,val,val/images/nozzle_extrusion_normal_0210.jpg,val/labels/nozzle_extrusion_normal_0210.txt,138867,38,9374dd0df199cfae7d6a7d28154270b6224c7b225201ba867b746c8716dcb31a,a48fa3036baf16ec25cd4e93551f2c6e8b34ef4ba7279191a269ef3c6cb13f33,1,1
dataset_2_binary_clean_v2,val,val/images/nozzle_extrusion_normal_0211.jpg,val/labels/nozzle_extrusion_normal_0211.txt,134248,38,80c7464ef38d52087095717e5374a523acb4fd557a13953a8973d3342d41a024,a48fa3036baf16ec25cd4e93551f2c6e8b34ef4ba7279191a269ef3c6cb13f33,1,1
dataset_2_binary_clean_v2,val,val/images/nozzle_extrusion_normal_0218.jpg,val/labels/nozzle_extrusion_normal_0218.txt,116749,38,6756725ff50d28a619ad470e4f8f268fb31cba5b2ef429e54fe2a0561d256172,a48fa3036baf16ec25cd4e93551f2c6e8b34ef4ba7279191a269ef3c6cb13f33,1,1
dataset_2_binary_clean_v2,val,val/images/nozzle_extrusion_normal_0220.jpg,val/labels/nozzle_extrusion_normal_0220.txt,125329,38,546b3c8f80f9c1d5883336b90dc6bb2b61b6be9c58d0e88307174e36328a1530,a48fa3036baf16ec25cd4e93551f2c6e8b34ef4ba7279191a269ef3c6cb13f33,1,1
dataset_2_binary_clean_v2,val,val/images/nozzle_extrusion_normal_0221.jpg,val/labels/nozzle_extrusion_normal_0221.txt,128550,38,11bd7c9721569684c9cdff8f6c04b2a2595017a4a1cd5dd10b543532ba9f3e60,a48fa3036baf16ec25cd4e93551f2c6e8b34ef4ba7279191a269ef3c6cb13f33,1,1
dataset_2_binary_clean_v2,val,val/images/nozzle_extrusion_normal_0237.jpg,val/labels/nozzle_extrusion_normal_0237.txt,143866,38,df34e4320a875e134ec31ea522dda404b9518d43493e40ca249ef0f32dcb3456,a48fa3036baf16ec25cd4e93551f2c6e8b34ef4ba7279191a269ef3c6cb13f33,1,1
dataset_2_binary_clean_v2,val,val/images/nozzle_extrusion_normal_0238.jpg,val/labels/nozzle_extrusion_normal_0238.txt,139357,38,7d39718c776096fc4a0bee20c07982b9ee3b38ec9a53ede169fc31b5d1840f50,a48fa3036baf16ec25cd4e93551f2c6e8b34ef4ba7279191a269ef3c6cb13f33,1,1
dataset_2_binary_clean_v2,val,val/images/nozzle_extrusion_normal_0243.jpg,val/labels/nozzle_extrusion_normal_0243.txt,120219,38,aee6d85217f5f3d37a7c54731206b4d4876c662f251f23a0c7948f29b78c84b2,a48fa3036baf16ec25cd4e93551f2c6e8b34ef4ba7279191a269ef3c6cb13f33,1,1
dataset_2_binary_clean_v2,val,val/images/nozzle_extrusion_normal_0251.jpg,val/labels/nozzle_extrusion_normal_0251.txt,119849,38,050e9be817f5b40a3fc478c848a2515312dfd861a8cb3d3e7295a424c53c1ea1,a48fa3036baf16ec25cd4e93551f2c6e8b34ef4ba7279191a269ef3c6cb13f33,1,1
dataset_2_binary_clean_v2,val,val/images/nozzle_extrusion_normal_0256.jpg,val/labels/nozzle_extrusion_normal_0256.txt,139816,38,0b82d274493ff8986d22fa7156104cf0dd27fc343d331f33459bd9a8178378c0,a48fa3036baf16ec25cd4e93551f2c6e8b34ef4ba7279191a269ef3c6cb13f33,1,1
dataset_2_binary_clean_v2,val,val/images/nozzle_extrusion_normal_0257.jpg,val/labels/nozzle_extrusion_normal_0257.txt,134277,38,b7ef7cd57d8caf2ee60b5fc5b27bd858e69408819780a6050d89f8b6142c0e5b,a48fa3036baf16ec25cd4e93551f2c6e8b34ef4ba7279191a269ef3c6cb13f33,1,1
dataset_2_binary_clean_v2,val,val/images/nozzle_extrusion_normal_0258.jpg,val/labels/nozzle_extrusion_normal_0258.txt,109833,38,855a3d07aafb6bc69d92a17b0cf3febab334d98ae61d5d2a22932a93d0b44fed,a48fa3036baf16ec25cd4e93551f2c6e8b34ef4ba7279191a269ef3c6cb13f33,1,1
dataset_2_binary_clean_v2,val,val/images/nozzle_extrusion_normal_0259.jpg,val/labels/nozzle_extrusion_normal_0259.txt,135228,38,5aaba0b26dd721a5a8c03b8e3d5a05fcba41fec30c4bb50b5e167bbcc290cf8f,a48fa3036baf16ec25cd4e93551f2c6e8b34ef4ba7279191a269ef3c6cb13f33,1,1
dataset_2_binary_clean_v2,val,val/images/nozzle_extrusion_normal_0261.jpg,val/labels/nozzle_extrusion_normal_0261.txt,132447,38,5a4597a7c4f3f8a9a81bea75d43857fb46292d2c726848efcd4f13279a2c1095,a48fa3036baf16ec25cd4e93551f2c6e8b34ef4ba7279191a269ef3c6cb13f33,1,1
dataset_2_binary_clean_v2,val,val/images/nozzle_extrusion_normal_0269.jpg,val/labels/nozzle_extrusion_normal_0269.txt,107550,38,2f6a269366d2f3f3944dbd9cbd8a4237ac471e2952b45e55c410abe9c9482dbd,a48fa3036baf16ec25cd4e93551f2c6e8b34ef4ba7279191a269ef3c6cb13f33,1,1
dataset_2_binary_clean_v2,val,val/images/nozzle_extrusion_normal_0271.jpg,val/labels/nozzle_extrusion_normal_0271.txt,134399,38,e1617e4b80a775853e29b80fb772bd45bd1c29363e88cfde843accb1b769047b,a48fa3036baf16ec25cd4e93551f2c6e8b34ef4ba7279191a269ef3c6cb13f33,1,1
dataset_2_binary_clean_v2,val,val/images/nozzle_extrusion_normal_0274.jpg,val/labels/nozzle_extrusion_normal_0274.txt,139521,38,9efda8adbc4d5a40664ec07bda0730c13a8da3c07b929510c5e4a5831c2a3876,a48fa3036baf16ec25cd4e93551f2c6e8b34ef4ba7279191a269ef3c6cb13f33,1,1
dataset_2_binary_clean_v2,val,val/images/nozzle_extrusion_normal_0275.jpg,val/labels/nozzle_extrusion_normal_0275.txt,136098,38,7ab66911817bddd9eb1e306816861ab7659d6ad0ada000c140c230258c2d500b,a48fa3036baf16ec25cd4e93551f2c6e8b34ef4ba7279191a269ef3c6cb13f33,1,1
dataset_2_binary_clean_v2,val,val/images/nozzle_extrusion_normal_0282.jpg,val/labels/nozzle_extrusion_normal_0282.txt,130883,38,77bb2b199b41f934b91f198d63fb71060b7f418ba98bffc79a9bc8d9379a510e,a48fa3036baf16ec25cd4e93551f2c6e8b34ef4ba7279191a269ef3c6cb13f33,1,1
dataset_2_binary_clean_v2,val,val/images/nozzle_extrusion_normal_0288.jpg,val/labels/nozzle_extrusion_normal_0288.txt,135548,38,9cc6a942398de49d3653337394b80a5962312345bea8d8a41aad2448d21720f5,a48fa3036baf16ec25cd4e93551f2c6e8b34ef4ba7279191a269ef3c6cb13f33,1,1
dataset_2_binary_clean_v2,val,val/images/nozzle_extrusion_normal_0290.jpg,val/labels/nozzle_extrusion_normal_0290.txt,136518,38,81b7451eb309d2758882a8e1209532dc7b24b6050c5464ccf0b433f23960dd07,a48fa3036baf16ec25cd4e93551f2c6e8b34ef4ba7279191a269ef3c6cb13f33,1,1
dataset_2_binary_clean_v2,val,val/images/nozzle_extrusion_normal_0299.jpg,val/labels/nozzle_extrusion_normal_0299.txt,127589,38,675c8f6b1568af641a7c6c54949f91086db43d4119a6194827a5f313de3b225e,a48fa3036baf16ec25cd4e93551f2c6e8b34ef4ba7279191a269ef3c6cb13f33,1,1
dataset_2_binary_clean_v2,val,val/images/nozzle_extrusion_normal_0300.jpg,val/labels/nozzle_extrusion_normal_0300.txt,128817,38,561ea3d3fe2bfbefc775a2cc52312a27cce84fbccebfa8c642b0b6c5af82afda,a48fa3036baf16ec25cd4e93551f2c6e8b34ef4ba7279191a269ef3c6cb13f33,1,1
dataset_2_binary_clean_v2,val,val/images/nozzle_extrusion_normal_0301.jpg,val/labels/nozzle_extrusion_normal_0301.txt,105823,38,97ed549d121dfa0426221b963fe5191ae0fc7e590c04f0a21aee8ca355fb1da7,a48fa3036baf16ec25cd4e93551f2c6e8b34ef4ba7279191a269ef3c6cb13f33,1,1
dataset_2_binary_clean_v2,val,val/images/nozzle_extrusion_normal_0313.jpg,val/labels/nozzle_extrusion_normal_0313.txt,125160,38,0b46c51d0702f228db187cdc056593a9fa58705cced63b64082fe03bde24bf6f,a48fa3036baf16ec25cd4e93551f2c6e8b34ef4ba7279191a269ef3c6cb13f33,1,1
dataset_2_binary_clean_v2,val,val/images/nozzle_extrusion_normal_0316.jpg,val/labels/nozzle_extrusion_normal_0316.txt,130625,38,6e0b30ec446cf53cb71a8b13082765d88376864124da044b3e027471b13f6970,a48fa3036baf16ec25cd4e93551f2c6e8b34ef4ba7279191a269ef3c6cb13f33,1,1
dataset_2_binary_clean_v2,val,val/images/nozzle_extrusion_normal_0317.jpg,val/labels/nozzle_extrusion_normal_0317.txt,128608,38,d86e408898b8cc03c939952527e9221342a84459a7be4ecf7bce85d91716cb99,a48fa3036baf16ec25cd4e93551f2c6e8b34ef4ba7279191a269ef3c6cb13f33,1,1
dataset_2_binary_clean_v2,val,val/images/nozzle_extrusion_normal_0323.jpg,val/labels/nozzle_extrusion_normal_0323.txt,130039,38,3620a8059aeaeb41a91eb9dd9abe9dd71e8f32be3fe910bd4a630d71556edd4d,a48fa3036baf16ec25cd4e93551f2c6e8b34ef4ba7279191a269ef3c6cb13f33,1,1
dataset_2_binary_clean_v2,val,val/images/nozzle_extrusion_normal_0325.jpg,val/labels/nozzle_extrusion_normal_0325.txt,126321,38,918f92a4987709bfa5bd84c3b9536a1be3e64504571246729d0852f610aba447,a48fa3036baf16ec25cd4e93551f2c6e8b34ef4ba7279191a269ef3c6cb13f33,1,1
dataset_2_binary_clean_v2,val,val/images/nozzle_extrusion_normal_0330.jpg,val/labels/nozzle_extrusion_normal_0330.txt,132639,38,53989f6ded35214b09e18482fc656334c519b74717c5d638e2ca7aadbfb478ba,a48fa3036baf16ec25cd4e93551f2c6e8b34ef4ba7279191a269ef3c6cb13f33,1,1
dataset_2_binary_clean_v2,val,val/images/nozzle_extrusion_normal_0333.jpg,val/labels/nozzle_extrusion_normal_0333.txt,124790,38,22f5995eb13e2dbf9c7225c5a978324fb4ffb07fa2cb90aad750235b9f4345c5,a48fa3036baf16ec25cd4e93551f2c6e8b34ef4ba7279191a269ef3c6cb13f33,1,1
dataset_2_binary_clean_v2,val,val/images/nozzle_extrusion_normal_0334.jpg,val/labels/nozzle_extrusion_normal_0334.txt,127630,38,3bc13f11048cd7329460c77e03bcc8e6469a9e87e152e1cf8e227fad71a2bc6c,a48fa3036baf16ec25cd4e93551f2c6e8b34ef4ba7279191a269ef3c6cb13f33,1,1
dataset_2_binary_clean_v2,val,val/images/nozzle_extrusion_normal_0335.jpg,val/labels/nozzle_extrusion_normal_0335.txt,129708,38,7d45cc723344d2892ff47677c413d5c461785c0619d3af7ed16080576b99191a,a48fa3036baf16ec25cd4e93551f2c6e8b34ef4ba7279191a269ef3c6cb13f33,1,1
dataset_2_binary_clean_v2,val,val/images/nozzle_extrusion_normal_0344.jpg,val/labels/nozzle_extrusion_normal_0344.txt,119007,38,35a90a6f3f9081b769cfd582d77c4be14d9c763f6d3759582f1a89e1020fbf98,a48fa3036baf16ec25cd4e93551f2c6e8b34ef4ba7279191a269ef3c6cb13f33,1,1
dataset_2_binary_clean_v2,val,val/images/nozzle_extrusion_normal_0347.jpg,val/labels/nozzle_extrusion_normal_0347.txt,127391,38,ba07e6ee197e5021872ac0ee4f31de9a0c4b670e248eed0a12ca13c18f24bc8e,a48fa3036baf16ec25cd4e93551f2c6e8b34ef4ba7279191a269ef3c6cb13f33,1,1
dataset_2_binary_clean_v2,val,val/images/nozzle_extrusion_normal_0352.jpg,val/labels/nozzle_extrusion_normal_0352.txt,127215,38,1dbfed01e3a8979a3de41e24e56445a573bfaa3cd747e147d0cb4db112633042,a48fa3036baf16ec25cd4e93551f2c6e8b34ef4ba7279191a269ef3c6cb13f33,1,1
dataset_2_binary_clean_v2,val,val/images/nozzle_extrusion_normal_0354.jpg,val/labels/nozzle_extrusion_normal_0354.txt,130151,38,67579e70a5a89cfb4a795c422d1e35f15240027470c9e3577e3c8b41f2050f9a,a48fa3036baf16ec25cd4e93551f2c6e8b34ef4ba7279191a269ef3c6cb13f33,1,1
dataset_2_binary_clean_v2,val,val/images/nozzle_extrusion_normal_0359.jpg,val/labels/nozzle_extrusion_normal_0359.txt,123560,38,3f8c5037f473d2d183d2aad47f58630daa2777d91e0fae995a2c2b462431c2dc,a48fa3036baf16ec25cd4e93551f2c6e8b34ef4ba7279191a269ef3c6cb13f33,1,1
dataset_2_binary_clean_v2,val,val/images/nozzle_extrusion_normal_0366.jpg,val/labels/nozzle_extrusion_normal_0366.txt,125938,38,eb235702aea334a841c866c1e56105f7b99f2577d524fd3ef77641e854acd98d,a48fa3036baf16ec25cd4e93551f2c6e8b34ef4ba7279191a269ef3c6cb13f33,1,1
dataset_2_binary_clean_v2,val,val/images/nozzle_extrusion_normal_0370.jpg,val/labels/nozzle_extrusion_normal_0370.txt,123270,38,3b323eebc947f2c06adaaabe7011c96697e8fdde3bdeffac62edbfa2aed45f3d,a48fa3036baf16ec25cd4e93551f2c6e8b34ef4ba7279191a269ef3c6cb13f33,1,1
dataset_2_binary_clean_v2,val,val/images/nozzle_extrusion_normal_0371.jpg,val/labels/nozzle_extrusion_normal_0371.txt,125711,38,bb21990333617e71dc8208608e09ed50cf9bde03c8456f65cde76c89e8078fd3,a48fa3036baf16ec25cd4e93551f2c6e8b34ef4ba7279191a269ef3c6cb13f33,1,1
dataset_2_binary_clean_v2,val,val/images/nozzle_extrusion_normal_0389.jpg,val/labels/nozzle_extrusion_normal_0389.txt,127797,38,fdb9c11e4c681674c109775effd0d722b4d96b812b40d84e9924339bb22d47a1,a48fa3036baf16ec25cd4e93551f2c6e8b34ef4ba7279191a269ef3c6cb13f33,1,1
dataset_2_binary_clean_v2,val,val/images/nozzle_extrusion_normal_0392.jpg,val/labels/nozzle_extrusion_normal_0392.txt,130189,38,af772731d4bdd3452e703e568bcfc30555bbed4be33d0476cd649d42e8e4e50b,a48fa3036baf16ec25cd4e93551f2c6e8b34ef4ba7279191a269ef3c6cb13f33,1,1
dataset_2_binary_clean_v2,val,val/images/nozzle_extrusion_normal_0394.jpg,val/labels/nozzle_extrusion_normal_0394.txt,129025,38,0827e1120eefeeb75656009da232648fc2469377e1e484002b037b55091aaab3,a48fa3036baf16ec25cd4e93551f2c6e8b34ef4ba7279191a269ef3c6cb13f33,1,1
dataset_2_binary_clean_v2,val,val/images/nozzle_extrusion_normal_0399.jpg,val/labels/nozzle_extrusion_normal_0399.txt,127067,38,382a2404eb66c4097c34fd9d9cbd5d54944946a8541f38dfa5c389c5a00836f2,a48fa3036baf16ec25cd4e93551f2c6e8b34ef4ba7279191a269ef3c6cb13f33,1,1
dataset_2_binary_clean_v2,val,val/images/nozzle_extrusion_normal_0406.jpg,val/labels/nozzle_extrusion_normal_0406.txt,130275,38,60ff595aaa3349541f6d990d86f72e34754bce5db380776a78fe36a5cbc0225b,a48fa3036baf16ec25cd4e93551f2c6e8b34ef4ba7279191a269ef3c6cb13f33,1,1
dataset_2_binary_clean_v2,val,val/images/nozzle_extrusion_normal_0410.jpg,val/labels/nozzle_extrusion_normal_0410.txt,125055,38,cb24fea40439e558135302384b4de324c0847be656cddea478a86b42b95b73df,a48fa3036baf16ec25cd4e93551f2c6e8b34ef4ba7279191a269ef3c6cb13f33,1,1
dataset_2_binary_clean_v2,val,val/images/nozzle_extrusion_normal_0411.jpg,val/labels/nozzle_extrusion_normal_0411.txt,126767,38,7bc74b67cab31a74e493f37c44406e97d7e1d7da8b876618c7377a05c0bdd347,a48fa3036baf16ec25cd4e93551f2c6e8b34ef4ba7279191a269ef3c6cb13f33,1,1
dataset_2_binary_clean_v2,val,val/images/nozzle_extrusion_normal_0420.jpg,val/labels/nozzle_extrusion_normal_0420.txt,143788,38,073fb67fad4f25affa3884bc27d4fdcc8356f8e150cf4df81e8dff53c4930cb5,a48fa3036baf16ec25cd4e93551f2c6e8b34ef4ba7279191a269ef3c6cb13f33,1,1
dataset_2_binary_clean_v2,val,val/images/nozzle_extrusion_normal_0422.jpg,val/labels/nozzle_extrusion_normal_0422.txt,126155,38,0e4eae7d31dbdee003f887705c68706e591f1b4026c4bc62353cfc432a7c3d43,a48fa3036baf16ec25cd4e93551f2c6e8b34ef4ba7279191a269ef3c6cb13f33,1,1
dataset_2_binary_clean_v2,val,val/images/nozzle_extrusion_normal_0424.jpg,val/labels/nozzle_extrusion_normal_0424.txt,136852,38,4643ff44616ec96fc1941dcbb0ebe827cf6315b1c0fa6647727953519c148782,a48fa3036baf16ec25cd4e93551f2c6e8b34ef4ba7279191a269ef3c6cb13f33,1,1
dataset_2_binary_clean_v2,val,val/images/nozzle_extrusion_normal_0427.jpg,val/labels/nozzle_extrusion_normal_0427.txt,123588,38,195aae73f28e31a6cbd1b1bc961fd8966823db10ce5430b88a2efba354470d06,a48fa3036baf16ec25cd4e93551f2c6e8b34ef4ba7279191a269ef3c6cb13f33,1,1
dataset_2_binary_clean_v2,val,val/images/nozzle_extrusion_normal_0429.jpg,val/labels/nozzle_extrusion_normal_0429.txt,131065,38,96569e55c1fc1f4ed0f7fc4e014b910576601434078c9fcf5544a058a73f0829,a48fa3036baf16ec25cd4e93551f2c6e8b34ef4ba7279191a269ef3c6cb13f33,1,1
dataset_2_binary_clean_v2,val,val/images/nozzle_extrusion_normal_0433.jpg,val/labels/nozzle_extrusion_normal_0433.txt,120663,38,821992fcb5f5eb67ea3d558717d6bbee4ccc3124a9100d9b0f1ee213c50496d0,a48fa3036baf16ec25cd4e93551f2c6e8b34ef4ba7279191a269ef3c6cb13f33,1,1
dataset_2_binary_clean_v2,val,val/images/nozzle_extrusion_normal_0438.jpg,val/labels/nozzle_extrusion_normal_0438.txt,125662,38,aaa5f3d00b56e8623660f9a1c26f7dd35d953fd2bf58f811d89539abe36644ff,a48fa3036baf16ec25cd4e93551f2c6e8b34ef4ba7279191a269ef3c6cb13f33,1,1
dataset_2_binary_clean_v2,val,val/images/nozzle_extrusion_normal_0440.jpg,val/labels/nozzle_extrusion_normal_0440.txt,126045,38,94c08caa35b34364bca8ab1dd6a4c7db1eb357f552e56105e6036a7a908adc95,a48fa3036baf16ec25cd4e93551f2c6e8b34ef4ba7279191a269ef3c6cb13f33,1,1
dataset_2_binary_clean_v2,val,val/images/nozzle_extrusion_normal_0449.jpg,val/labels/nozzle_extrusion_normal_0449.txt,124213,38,fcdf55e21434ff17b27e1aebcedfb32541b95cd2a999b279fc3f2983f568bd00,a48fa3036baf16ec25cd4e93551f2c6e8b34ef4ba7279191a269ef3c6cb13f33,1,1
dataset_2_binary_clean_v2,val,val/images/nozzle_extrusion_normal_0459.jpg,val/labels/nozzle_extrusion_normal_0459.txt,145065,38,d35ef014bf9bab934eea7498ff056df65a3ea834810807e58652907ffe6be015,a48fa3036baf16ec25cd4e93551f2c6e8b34ef4ba7279191a269ef3c6cb13f33,1,1
dataset_2_binary_clean_v2,val,val/images/nozzle_extrusion_normal_0467.jpg,val/labels/nozzle_extrusion_normal_0467.txt,130927,38,85b2772c26c151388e08e7ff907f870dae9ac2bbd410e7f6a47648228723889e,a48fa3036baf16ec25cd4e93551f2c6e8b34ef4ba7279191a269ef3c6cb13f33,1,1
dataset_2_binary_clean_v2,val,val/images/nozzle_extrusion_normal_0471.jpg,val/labels/nozzle_extrusion_normal_0471.txt,122270,38,b25aed27964f09288b83ca3311073f12cf20c06f1bae94f17b8e9fdd5dd65460,a48fa3036baf16ec25cd4e93551f2c6e8b34ef4ba7279191a269ef3c6cb13f33,1,1
dataset_2_binary_clean_v2,val,val/images/nozzle_extrusion_normal_0474.jpg,val/labels/nozzle_extrusion_normal_0474.txt,133577,38,9fbcf82151a94a310613627d98cd965faf2cf6ed133bb5c0ac1116303ce929e1,a48fa3036baf16ec25cd4e93551f2c6e8b34ef4ba7279191a269ef3c6cb13f33,1,1
dataset_2_binary_clean_v2,val,val/images/nozzle_extrusion_normal_0494.jpg,val/labels/nozzle_extrusion_normal_0494.txt,142141,38,c6889203cb33a9a4fbbecb0f08eb97a253c8dceb8036849dc1cff541c1a05488,a48fa3036baf16ec25cd4e93551f2c6e8b34ef4ba7279191a269ef3c6cb13f33,1,1
dataset_2_binary_clean_v2,val,val/images/nozzle_extrusion_normal_0500.jpg,val/labels/nozzle_extrusion_normal_0500.txt,136676,38,30955b77efba82da62f949c8f9454a14e1a7d5964621f9f7bffbcde495f84951,a48fa3036baf16ec25cd4e93551f2c6e8b34ef4ba7279191a269ef3c6cb13f33,1,1
dataset_2_binary_clean_v2,val,val/images/nozzle_extrusion_normal_0511.jpg,val/labels/nozzle_extrusion_normal_0511.txt,125440,38,707eaa5f543e37bfb7ebd09c5c39abd0027aa573c81cd68ebcc0c325ef6cdb15,a48fa3036baf16ec25cd4e93551f2c6e8b34ef4ba7279191a269ef3c6cb13f33,1,1
dataset_2_binary_clean_v2,val,val/images/nozzle_extrusion_normal_0519.jpg,val/labels/nozzle_extrusion_normal_0519.txt,106426,38,eafd67e4e44c82d57416e45b16a1f1c85cec95bcaa804ca9e6300626a6102748,a48fa3036baf16ec25cd4e93551f2c6e8b34ef4ba7279191a269ef3c6cb13f33,1,1
dataset_2_binary_clean_v2,val,val/images/nozzle_extrusion_normal_0522.jpg,val/labels/nozzle_extrusion_normal_0522.txt,135568,38,c94fc9dd571e8f0e20697f51aa7c8feaf0fd9178077cab869fe792836a439a36,a48fa3036baf16ec25cd4e93551f2c6e8b34ef4ba7279191a269ef3c6cb13f33,1,1
dataset_2_binary_clean_v2,val,val/images/nozzle_extrusion_normal_0532.jpg,val/labels/nozzle_extrusion_normal_0532.txt,102729,38,4f04e476ade17941a3b8a6424da260ad6ca1f8c9e501dc6072972ba0739b5cc3,a48fa3036baf16ec25cd4e93551f2c6e8b34ef4ba7279191a269ef3c6cb13f33,1,1
dataset_2_binary_clean_v2,val,val/images/nozzle_extrusion_normal_0549.jpg,val/labels/nozzle_extrusion_normal_0549.txt,136775,38,b57558fbd6f76b30e286f37d9a2b09a33543625b68cfea72aa02f64b851b6eb3,a48fa3036baf16ec25cd4e93551f2c6e8b34ef4ba7279191a269ef3c6cb13f33,1,1
dataset_2_binary_clean_v2,val,val/images/nozzle_extrusion_normal_0557.jpg,val/labels/nozzle_extrusion_normal_0557.txt,131142,38,c483d39bb307dfa185f51391757b828c7904550a10cf71a55de4546a30fab41e,a48fa3036baf16ec25cd4e93551f2c6e8b34ef4ba7279191a269ef3c6cb13f33,1,1
dataset_2_binary_clean_v2,val,val/images/nozzle_extrusion_normal_0560.jpg,val/labels/nozzle_extrusion_normal_0560.txt,102149,38,195984aba9eca49e422b607b4253fd426f81a43be1961a2093a6a3f823b84526,a48fa3036baf16ec25cd4e93551f2c6e8b34ef4ba7279191a269ef3c6cb13f33,1,1
dataset_2_binary_clean_v2,val,val/images/nozzle_extrusion_normal_0561.jpg,val/labels/nozzle_extrusion_normal_0561.txt,128013,38,a7ec855eb89781f19282f8ab36c835723d17eb08be868132fefc708c1d34429b,a48fa3036baf16ec25cd4e93551f2c6e8b34ef4ba7279191a269ef3c6cb13f33,1,1
dataset_2_binary_clean_v2,val,val/images/nozzle_extrusion_normal_0564.jpg,val/labels/nozzle_extrusion_normal_0564.txt,137486,38,f01ad9eeb1c4bb80332ed4895a628ea572cd7a64e1e0debe47ac6da93ec2db88,a48fa3036baf16ec25cd4e93551f2c6e8b34ef4ba7279191a269ef3c6cb13f33,1,1
dataset_2_binary_clean_v2,val,val/images/nozzle_extrusion_normal_0573.jpg,val/labels/nozzle_extrusion_normal_0573.txt,141061,38,121a2ab3e41a5379063599e4b7f68475de0ad9ab819e9dbe4c4d19a00285084c,a48fa3036baf16ec25cd4e93551f2c6e8b34ef4ba7279191a269ef3c6cb13f33,1,1
dataset_2_binary_clean_v2,val,val/images/nozzle_extrusion_normal_0575.jpg,val/labels/nozzle_extrusion_normal_0575.txt,139365,38,a196ac1a0d308ee217bebe0bb26ddfd9349aa32f4879d1bfb8134ce54e9aaffe,a48fa3036baf16ec25cd4e93551f2c6e8b34ef4ba7279191a269ef3c6cb13f33,1,1
dataset_2_binary_clean_v2,val,val/images/nozzle_extrusion_normal_0583.jpg,val/labels/nozzle_extrusion_normal_0583.txt,128245,38,7dd407b9ba6b35f01d103bf8229d571b42cdeb0383da91725f5e26aaea7a36a0,a48fa3036baf16ec25cd4e93551f2c6e8b34ef4ba7279191a269ef3c6cb13f33,1,1
dataset_2_binary_clean_v2,val,val/images/nozzle_extrusion_normal_0596.jpg,val/labels/nozzle_extrusion_normal_0596.txt,125757,38,370abf5f17a17e7eb7bf2fff1c37b6ba06932a0312c5491d16f65dd917b4304f,a48fa3036baf16ec25cd4e93551f2c6e8b34ef4ba7279191a269ef3c6cb13f33,1,1
dataset_2_binary_clean_v2,val,val/images/nozzle_extrusion_normal_0604.jpg,val/labels/nozzle_extrusion_normal_0604.txt,131600,38,e8a1283b1fae629d21c5f33a711c4f96f971d9309ebf2cf5a586fe824e37da4a,a48fa3036baf16ec25cd4e93551f2c6e8b34ef4ba7279191a269ef3c6cb13f33,1,1
dataset_2_binary_clean_v2,val,val/images/nozzle_extrusion_normal_0614.jpg,val/labels/nozzle_extrusion_normal_0614.txt,133483,38,f6e1622013582cc1ce8d0b8900f833781f6b68fdf80801698a678a5960ef37ce,a48fa3036baf16ec25cd4e93551f2c6e8b34ef4ba7279191a269ef3c6cb13f33,1,1
dataset_2_binary_clean_v2,val,val/images/nozzle_extrusion_normal_0624.jpg,val/labels/nozzle_extrusion_normal_0624.txt,129192,38,8a74f9235daf3431238ec651f617f2403b66b09be5f8c4062b120c6b146574f9,a48fa3036baf16ec25cd4e93551f2c6e8b34ef4ba7279191a269ef3c6cb13f33,1,1
dataset_2_binary_clean_v2,val,val/images/nozzle_extrusion_normal_0635.jpg,val/labels/nozzle_extrusion_normal_0635.txt,135409,38,39d47629c03ac97fa927169e5438e14771fe864aa52b78b47d15ec3550cb55a9,a48fa3036baf16ec25cd4e93551f2c6e8b34ef4ba7279191a269ef3c6cb13f33,1,1
dataset_2_binary_clean_v2,val,val/images/nozzle_extrusion_normal_0639.jpg,val/labels/nozzle_extrusion_normal_0639.txt,136904,38,d993ad7c03cf1b7cce30b4a42bf4a96abd0231cd08e84de3b4862f6929c9121c,a48fa3036baf16ec25cd4e93551f2c6e8b34ef4ba7279191a269ef3c6cb13f33,1,1
dataset_2_binary_clean_v2,val,val/images/nozzle_extrusion_normal_0640.jpg,val/labels/nozzle_extrusion_normal_0640.txt,141926,38,ceedfcd9e545c10b4f7c5ab3546649a575f76b3d5a65be6ba9c9d6b11d1dd312,a48fa3036baf16ec25cd4e93551f2c6e8b34ef4ba7279191a269ef3c6cb13f33,1,1
dataset_2_binary_clean_v2,val,val/images/nozzle_extrusion_normal_0641.jpg,val/labels/nozzle_extrusion_normal_0641.txt,144069,38,e0085ec76eb4b44c396dd01197c63f7a2068a1af15caeab535e7b3c5e00caaad,a48fa3036baf16ec25cd4e93551f2c6e8b34ef4ba7279191a269ef3c6cb13f33,1,1
dataset_2_binary_clean_v2,val,val/images/nozzle_extrusion_normal_0645.jpg,val/labels/nozzle_extrusion_normal_0645.txt,128949,38,ebfd0b87f7df9243fc7b11a6ff3118946de8d0aad06829f9d000d3d2aee20b36,a48fa3036baf16ec25cd4e93551f2c6e8b34ef4ba7279191a269ef3c6cb13f33,1,1
dataset_2_binary_clean_v2,val,val/images/nozzle_extrusion_normal_0647.jpg,val/labels/nozzle_extrusion_normal_0647.txt,125514,38,44e489f253b024f07fa8b4f51186836b84b5130b801f72c9b9b433b768ee4e62,a48fa3036baf16ec25cd4e93551f2c6e8b34ef4ba7279191a269ef3c6cb13f33,1,1
dataset_2_binary_clean_v2,val,val/images/nozzle_extrusion_normal_0654.jpg,val/labels/nozzle_extrusion_normal_0654.txt,154893,38,c8fc15cb86c03f6ea29746f79873c514cfa249544d336138686c1f5a4964b762,a48fa3036baf16ec25cd4e93551f2c6e8b34ef4ba7279191a269ef3c6cb13f33,1,1
dataset_2_binary_clean_v2,val,val/images/nozzle_extrusion_normal_0660.jpg,val/labels/nozzle_extrusion_normal_0660.txt,140317,38,06b3390216a378e9ed842e07836d0ce9ff7d739febd44e0060aa22806857f153,a48fa3036baf16ec25cd4e93551f2c6e8b34ef4ba7279191a269ef3c6cb13f33,1,1
dataset_2_binary_clean_v2,val,val/images/nozzle_extrusion_normal_0670.jpg,val/labels/nozzle_extrusion_normal_0670.txt,135626,38,58b0e15ca56e034c70ac4617ffe4499673772446ee16db839b6f477ed8ffc4b5,a48fa3036baf16ec25cd4e93551f2c6e8b34ef4ba7279191a269ef3c6cb13f33,1,1
dataset_2_binary_clean_v2,val,val/images/nozzle_extrusion_normal_0695.jpg,val/labels/nozzle_extrusion_normal_0695.txt,129685,38,be561a2272e74c3490b23cc56008081bfd4143f3bf3482a1137d84a57f258a6e,a48fa3036baf16ec25cd4e93551f2c6e8b34ef4ba7279191a269ef3c6cb13f33,1,1
dataset_2_binary_clean_v2,val,val/images/nozzle_extrusion_normal_0697.jpg,val/labels/nozzle_extrusion_normal_0697.txt,139928,38,6cbed307c9cb76eb17e589edefc36f1ddb417ed48707ec03ebc6194a748bec3e,a48fa3036baf16ec25cd4e93551f2c6e8b34ef4ba7279191a269ef3c6cb13f33,1,1
dataset_2_binary_clean_v2,val,val/images/nozzle_extrusion_normal_0700.jpg,val/labels/nozzle_extrusion_normal_0700.txt,169806,38,5d53f0103ae39168b4077b799fd23f60a6ca08f2da7bf3ace2d4786b59daecec,a48fa3036baf16ec25cd4e93551f2c6e8b34ef4ba7279191a269ef3c6cb13f33,1,1
dataset_2_binary_clean_v2,val,val/images/nozzle_extrusion_normal_0706.jpg,val/labels/nozzle_extrusion_normal_0706.txt,148281,38,8104090ca409de588068ce077195b1054fe69f4d8fbb96c33090fef6870e6ae4,a48fa3036baf16ec25cd4e93551f2c6e8b34ef4ba7279191a269ef3c6cb13f33,1,1
dataset_2_binary_clean_v2,val,val/images/nozzle_extrusion_normal_0709.jpg,val/labels/nozzle_extrusion_normal_0709.txt,143371,38,501da866031afa172f22ed9688a2e970bcb72103eec1a9561009d0c03be6af8d,a48fa3036baf16ec25cd4e93551f2c6e8b34ef4ba7279191a269ef3c6cb13f33,1,1
dataset_2_binary_clean_v2,val,val/images/nozzle_extrusion_normal_0719.jpg,val/labels/nozzle_extrusion_normal_0719.txt,148473,38,7f8b6e3dec1fbdeaad3bc9e7d863f35441ccad6af3a7820a7ad95766f6bae251,a48fa3036baf16ec25cd4e93551f2c6e8b34ef4ba7279191a269ef3c6cb13f33,1,1
dataset_2_binary_clean_v2,val,val/images/nozzle_extrusion_normal_0720.jpg,val/labels/nozzle_extrusion_normal_0720.txt,138943,38,c5649d6cdd35e7176e302dcb7eacf692593daa68cb0bedf6f0c100ef0f6139a8,a48fa3036baf16ec25cd4e93551f2c6e8b34ef4ba7279191a269ef3c6cb13f33,1,1
dataset_2_binary_clean_v2,val,val/images/nozzle_extrusion_normal_0722.jpg,val/labels/nozzle_extrusion_normal_0722.txt,140829,38,971d855e9a21f4e27d59a838c48980acdef55cd017fa706ec32cefa94243a214,a48fa3036baf16ec25cd4e93551f2c6e8b34ef4ba7279191a269ef3c6cb13f33,1,1
dataset_2_binary_clean_v2,val,val/images/nozzle_extrusion_normal_0727.jpg,val/labels/nozzle_extrusion_normal_0727.txt,138299,38,005b6a2f42b577bd59dee9d7a7b913f32b789c7f7a8a512e4a039912caec7b17,a48fa3036baf16ec25cd4e93551f2c6e8b34ef4ba7279191a269ef3c6cb13f33,1,1
dataset_2_binary_clean_v2,val,val/images/nozzle_extrusion_normal_0729.jpg,val/labels/nozzle_extrusion_normal_0729.txt,136326,38,d953b22ca3d17674eff0c50355b9ff3bbf799e994452ea2c715d84aa21c0a101,a48fa3036baf16ec25cd4e93551f2c6e8b34ef4ba7279191a269ef3c6cb13f33,1,1
dataset_2_binary_clean_v2,val,val/images/nozzle_extrusion_normal_0734.jpg,val/labels/nozzle_extrusion_normal_0734.txt,137881,38,e9cf79455b76955a7b59b7cd4ad8fe99202c287ffe83aae170468838b1b71884,a48fa3036baf16ec25cd4e93551f2c6e8b34ef4ba7279191a269ef3c6cb13f33,1,1
dataset_2_binary_clean_v2,val,val/images/nozzle_extrusion_normal_0735.jpg,val/labels/nozzle_extrusion_normal_0735.txt,137424,38,74ab3124b066b541f11698b34d7f837d5e8ade6a97a1b9ec914559341f5958a2,a48fa3036baf16ec25cd4e93551f2c6e8b34ef4ba7279191a269ef3c6cb13f33,1,1
dataset_2_binary_clean_v2,val,val/images/nozzle_extrusion_normal_0743.jpg,val/labels/nozzle_extrusion_normal_0743.txt,103712,38,eebfc26fa69040d4c389a0ea2ea30bd123289b7df522d1e1a2870f1a1c48de06,a48fa3036baf16ec25cd4e93551f2c6e8b34ef4ba7279191a269ef3c6cb13f33,1,1
dataset_2_binary_clean_v2,val,val/images/nozzle_extrusion_normal_0750.jpg,val/labels/nozzle_extrusion_normal_0750.txt,134224,38,befacee0f6c1fc9f0b4e326300a88e5884e1844735138b284d2656bfd763312d,a48fa3036baf16ec25cd4e93551f2c6e8b34ef4ba7279191a269ef3c6cb13f33,1,1
dataset_2_binary_clean_v2,val,val/images/nozzle_extrusion_normal_0751.jpg,val/labels/nozzle_extrusion_normal_0751.txt,136812,38,1f8c31cdacbcf26f9d08b27d49848832bfad07f9ed06ca59f632468f3ee7608f,a48fa3036baf16ec25cd4e93551f2c6e8b34ef4ba7279191a269ef3c6cb13f33,1,1
dataset_2_binary_clean_v2,val,val/images/nozzle_extrusion_normal_0758.jpg,val/labels/nozzle_extrusion_normal_0758.txt,125570,38,34d89c817ccb6978493cd4af878a2a5e561ba326dd7950594474bf7ab84da960,a48fa3036baf16ec25cd4e93551f2c6e8b34ef4ba7279191a269ef3c6cb13f33,1,1
dataset_2_binary_clean_v2,val,val/images/nozzle_extrusion_normal_0761.jpg,val/labels/nozzle_extrusion_normal_0761.txt,150326,38,0a2cc41f4aae9083d80838018bfb6e6c9b20d18c89aeae18ce760485452e7d55,a48fa3036baf16ec25cd4e93551f2c6e8b34ef4ba7279191a269ef3c6cb13f33,1,1
dataset_2_binary_clean_v2,val,val/images/nozzle_extrusion_normal_0765.jpg,val/labels/nozzle_extrusion_normal_0765.txt,122376,38,376db07a3aafbebafd56ab0ced81e50764daea5c5e7acb1ceb71a59cf9ad6f08,a48fa3036baf16ec25cd4e93551f2c6e8b34ef4ba7279191a269ef3c6cb13f33,1,1
dataset_2_binary_clean_v2,val,val/images/nozzle_extrusion_normal_0766.jpg,val/labels/nozzle_extrusion_normal_0766.txt,125364,38,bfe3f7a4e4f2f20d62cdb4bf9fb21f67183ac84604a357b0419e3e8619c6b3e7,a48fa3036baf16ec25cd4e93551f2c6e8b34ef4ba7279191a269ef3c6cb13f33,1,1
dataset_2_binary_clean_v2,val,val/images/nozzle_extrusion_normal_0777.jpg,val/labels/nozzle_extrusion_normal_0777.txt,109549,38,596a5dec9acb4b7228137754da33971f2eb104c7db4cedc8e0f4f2a1076384f7,a48fa3036baf16ec25cd4e93551f2c6e8b34ef4ba7279191a269ef3c6cb13f33,1,1
dataset_2_binary_clean_v2,val,val/images/nozzle_extrusion_normal_0778.jpg,val/labels/nozzle_extrusion_normal_0778.txt,142706,38,1b3c490b5e65c4cc832ac975e7b0ad6aa10b8833b25cda0799588a2116e59af2,a48fa3036baf16ec25cd4e93551f2c6e8b34ef4ba7279191a269ef3c6cb13f33,1,1
dataset_2_binary_clean_v2,val,val/images/nozzle_extrusion_normal_0783.jpg,val/labels/nozzle_extrusion_normal_0783.txt,136580,38,5fd441012e79acc72dfcc7235c89c10955d750101abfb56a4496a12d58dc8376,a48fa3036baf16ec25cd4e93551f2c6e8b34ef4ba7279191a269ef3c6cb13f33,1,1
dataset_2_binary_clean_v2,val,val/images/nozzle_extrusion_normal_0793.jpg,val/labels/nozzle_extrusion_normal_0793.txt,124399,38,6875f4fd75763d886dd5ff4cfdcaf5d7e6073b90549f21bff622dbae51131ab7,a48fa3036baf16ec25cd4e93551f2c6e8b34ef4ba7279191a269ef3c6cb13f33,1,1
dataset_2_binary_clean_v2,val,val/images/nozzle_extrusion_normal_0824.jpg,val/labels/nozzle_extrusion_normal_0824.txt,118065,38,9bba9b3b123a57cb7ad995e7ebe8d98c04959fd5b7365555f88ae616dcee9fbf,a48fa3036baf16ec25cd4e93551f2c6e8b34ef4ba7279191a269ef3c6cb13f33,1,1
dataset_2_binary_clean_v2,val,val/images/nozzle_extrusion_normal_0835.jpg,val/labels/nozzle_extrusion_normal_0835.txt,136767,38,f5bcfe77ae31eb5999c0e01b672a241db3e747cde953a0c298aa277ba5b02166,a48fa3036baf16ec25cd4e93551f2c6e8b34ef4ba7279191a269ef3c6cb13f33,1,1
dataset_2_binary_clean_v2,val,val/images/nozzle_extrusion_normal_0842.jpg,val/labels/nozzle_extrusion_normal_0842.txt,112781,38,aec9315f28e1bf3f7084c45455473bfd8c2ee28c5de472eda11039ba70d51142,a48fa3036baf16ec25cd4e93551f2c6e8b34ef4ba7279191a269ef3c6cb13f33,1,1
dataset_2_binary_clean_v2,val,val/images/nozzle_extrusion_normal_0847.jpg,val/labels/nozzle_extrusion_normal_0847.txt,116212,38,baf8715296e5543c8dfd429e79d340f1d68321df22ccf8d16bae4fc582c1bcc1,a48fa3036baf16ec25cd4e93551f2c6e8b34ef4ba7279191a269ef3c6cb13f33,1,1
dataset_2_binary_clean_v2,val,val/images/nozzle_extrusion_normal_0853.jpg,val/labels/nozzle_extrusion_normal_0853.txt,133482,38,a170dd319b06f447c10e4e0809f0252ac2910d401def2c1d7712f61016b9e699,a48fa3036baf16ec25cd4e93551f2c6e8b34ef4ba7279191a269ef3c6cb13f33,1,1
dataset_2_binary_clean_v2,val,val/images/nozzle_extrusion_normal_0864.jpg,val/labels/nozzle_extrusion_normal_0864.txt,126879,38,cdb77f8c354849fbd7488de422bde73913a521a0fa70437b6604e80082d58b99,a48fa3036baf16ec25cd4e93551f2c6e8b34ef4ba7279191a269ef3c6cb13f33,1,1
dataset_2_binary_clean_v2,val,val/images/nozzle_extrusion_normal_0870.jpg,val/labels/nozzle_extrusion_normal_0870.txt,133272,38,c756149a0238516d17b25f7c66ef39aef4a6d98583bb03ebffbdf9ad90dbd0e2,a48fa3036baf16ec25cd4e93551f2c6e8b34ef4ba7279191a269ef3c6cb13f33,1,1
dataset_2_binary_clean_v2,val,val/images/nozzle_extrusion_normal_0872.jpg,val/labels/nozzle_extrusion_normal_0872.txt,120586,38,96a22dcf4c5dcbc8e6e4757c20ba30acef814bd4437a9f19473b1d0f6819d721,a48fa3036baf16ec25cd4e93551f2c6e8b34ef4ba7279191a269ef3c6cb13f33,1,1
dataset_2_binary_clean_v2,val,val/images/nozzle_extrusion_normal_0873.jpg,val/labels/nozzle_extrusion_normal_0873.txt,133404,38,e132528f8650e489afb05a3c4f503a2707c5866ff3a182703d52dbb60cca71de,a48fa3036baf16ec25cd4e93551f2c6e8b34ef4ba7279191a269ef3c6cb13f33,1,1
dataset_2_binary_clean_v2,val,val/images/nozzle_extrusion_normal_0877.jpg,val/labels/nozzle_extrusion_normal_0877.txt,104906,38,bf081f881022e93407c451e9b84d7e6a14e79f3701d1f124ce41f670d5350f9e,a48fa3036baf16ec25cd4e93551f2c6e8b34ef4ba7279191a269ef3c6cb13f33,1,1
dataset_2_binary_clean_v2,val,val/images/nozzle_extrusion_normal_0888.jpg,val/labels/nozzle_extrusion_normal_0888.txt,132350,38,6a48772931c9d803f1918630b8aa14a2e9434f63795b00689032234a71172d76,a48fa3036baf16ec25cd4e93551f2c6e8b34ef4ba7279191a269ef3c6cb13f33,1,1
dataset_2_binary_clean_v2,val,val/images/nozzle_extrusion_normal_0889.jpg,val/labels/nozzle_extrusion_normal_0889.txt,140382,38,c2b99efc20e6116e3fa0838143c7013ca263d9a5c058c94ed7fed7dc3baf0d53,a48fa3036baf16ec25cd4e93551f2c6e8b34ef4ba7279191a269ef3c6cb13f33,1,1
dataset_2_binary_clean_v2,val,val/images/nozzle_extrusion_normal_0890.jpg,val/labels/nozzle_extrusion_normal_0890.txt,154737,38,c100256307d59c2ead4706a39443b9a4d187e4cfb4e2a3d784d55cb83c564063,a48fa3036baf16ec25cd4e93551f2c6e8b34ef4ba7279191a269ef3c6cb13f33,1,1
dataset_2_binary_clean_v2,val,val/images/nozzle_extrusion_normal_0891.jpg,val/labels/nozzle_extrusion_normal_0891.txt,130201,38,65ebfecf53015c9590a1006e4baec2d88ee977667ae86efb9b2b9e9454062106,a48fa3036baf16ec25cd4e93551f2c6e8b34ef4ba7279191a269ef3c6cb13f33,1,1
dataset_2_binary_clean_v2,val,val/images/nozzle_extrusion_normal_0892.jpg,val/labels/nozzle_extrusion_normal_0892.txt,127795,38,3b1bc24e09fa66867098d97f185470a8f9312c7bf28005e40703639c7ea113d7,a48fa3036baf16ec25cd4e93551f2c6e8b34ef4ba7279191a269ef3c6cb13f33,1,1
dataset_2_binary_clean_v2,val,val/images/nozzle_extrusion_normal_0895.jpg,val/labels/nozzle_extrusion_normal_0895.txt,116928,38,f0e555d9a439edc9d1981a837a246a35eae73ca2015fdc5ba84eda972895e1ae,a48fa3036baf16ec25cd4e93551f2c6e8b34ef4ba7279191a269ef3c6cb13f33,1,1
dataset_2_binary_clean_v2,val,val/images/nozzle_extrusion_normal_0896.jpg,val/labels/nozzle_extrusion_normal_0896.txt,87202,38,10af2446ea9d4bfe17db841397b76d9d6c1385062085e8ec5ccf0f9e77e0cf40,a48fa3036baf16ec25cd4e93551f2c6e8b34ef4ba7279191a269ef3c6cb13f33,1,1
dataset_2_binary_clean_v2,val,val/images/nozzle_extrusion_normal_0900.jpg,val/labels/nozzle_extrusion_normal_0900.txt,142161,38,8de8ca0e817c2dd23b88510dfeb8a4fd659687b7a617b036978b1de700036b45,a48fa3036baf16ec25cd4e93551f2c6e8b34ef4ba7279191a269ef3c6cb13f33,1,1
dataset_2_binary_clean_v2,val,val/images/nozzle_extrusion_normal_0924.jpg,val/labels/nozzle_extrusion_normal_0924.txt,126594,38,c07fffddf0c0dc414bfbd6d5d20f325a05e026ccd205b4b1e63212efd3b29135,a48fa3036baf16ec25cd4e93551f2c6e8b34ef4ba7279191a269ef3c6cb13f33,1,1
dataset_2_binary_clean_v2,val,val/images/nozzle_extrusion_normal_0931.jpg,val/labels/nozzle_extrusion_normal_0931.txt,124482,38,9b34e4d2112fe370ba1ba7eb7c56e191590f7ce339bd35d7d029de69c4b6ff2c,a48fa3036baf16ec25cd4e93551f2c6e8b34ef4ba7279191a269ef3c6cb13f33,1,1
dataset_2_binary_clean_v2,val,val/images/nozzle_extrusion_normal_0939.jpg,val/labels/nozzle_extrusion_normal_0939.txt,126159,38,dac5e5f8ee8d39c1eacceeee775d5adfbe5f46dceea85ee3fea80ea0aa3787f0,a48fa3036baf16ec25cd4e93551f2c6e8b34ef4ba7279191a269ef3c6cb13f33,1,1
dataset_2_binary_clean_v2,val,val/images/nozzle_extrusion_normal_0943.jpg,val/labels/nozzle_extrusion_normal_0943.txt,134428,38,acc21483aada52c7c14540a4992f219d680d3ba0307ced1173c7acb1b7eaa6cc,a48fa3036baf16ec25cd4e93551f2c6e8b34ef4ba7279191a269ef3c6cb13f33,1,1
dataset_2_binary_clean_v2,val,val/images/nozzle_extrusion_normal_0949.jpg,val/labels/nozzle_extrusion_normal_0949.txt,122286,38,d44fe58b16dd84ae10548c20e60aa580068ca3a72fcef0789c9ab9d6a91cb8bb,a48fa3036baf16ec25cd4e93551f2c6e8b34ef4ba7279191a269ef3c6cb13f33,1,1
dataset_2_binary_clean_v2,val,val/images/nozzle_extrusion_normal_0952.jpg,val/labels/nozzle_extrusion_normal_0952.txt,118562,38,594a34603474bdc1bb805e65e2278801762655e78373da0dc72d8c18e5497400,a48fa3036baf16ec25cd4e93551f2c6e8b34ef4ba7279191a269ef3c6cb13f33,1,1
dataset_2_binary_clean_v2,val,val/images/nozzle_extrusion_normal_0959.jpg,val/labels/nozzle_extrusion_normal_0959.txt,126928,38,941e377f02d9a5f51069994b2424401c9671b57af51cc076cb908abf7e0b33d6,a48fa3036baf16ec25cd4e93551f2c6e8b34ef4ba7279191a269ef3c6cb13f33,1,1
dataset_2_binary_clean_v2,val,val/images/nozzle_extrusion_normal_0963.jpg,val/labels/nozzle_extrusion_normal_0963.txt,133678,38,47aca63b7eb68db08b5e01891f6b03b42880479709282857fbef371225f13c7a,a48fa3036baf16ec25cd4e93551f2c6e8b34ef4ba7279191a269ef3c6cb13f33,1,1
dataset_2_binary_clean_v2,val,val/images/nozzle_extrusion_normal_0969.jpg,val/labels/nozzle_extrusion_normal_0969.txt,107587,38,8d068b588f1fafa033497cbef6916116b5217a5a506f3fbec408f8c272c55f57,a48fa3036baf16ec25cd4e93551f2c6e8b34ef4ba7279191a269ef3c6cb13f33,1,1
dataset_2_binary_clean_v2,val,val/images/nozzle_extrusion_normal_0973.jpg,val/labels/nozzle_extrusion_normal_0973.txt,120374,38,b2d7ff2d9a7a1605f4d047b27fbe3497f69bebea0332844c639b6038376689d4,a48fa3036baf16ec25cd4e93551f2c6e8b34ef4ba7279191a269ef3c6cb13f33,1,1
dataset_2_binary_clean_v2,val,val/images/nozzle_extrusion_normal_0978.jpg,val/labels/nozzle_extrusion_normal_0978.txt,134128,38,306e289196958af415c39a8e28735edeaed33a50d7cedc36f320370add1df4a1,a48fa3036baf16ec25cd4e93551f2c6e8b34ef4ba7279191a269ef3c6cb13f33,1,1
dataset_2_binary_clean_v2,val,val/images/nozzle_extrusion_normal_0980.jpg,val/labels/nozzle_extrusion_normal_0980.txt,128750,38,925574f75076aef6af84a354b037299ba824da14d2f73d5cebf6bc2698a24bd4,a48fa3036baf16ec25cd4e93551f2c6e8b34ef4ba7279191a269ef3c6cb13f33,1,1
dataset_2_binary_clean_v2,val,val/images/nozzle_extrusion_normal_0984.jpg,val/labels/nozzle_extrusion_normal_0984.txt,133581,38,f479ec12c2fb6bb1b866b1158249adc006203b95fa567d398254f9aef2ca33a5,a48fa3036baf16ec25cd4e93551f2c6e8b34ef4ba7279191a269ef3c6cb13f33,1,1
dataset_2_binary_clean_v2,val,val/images/nozzle_extrusion_normal_0999.jpg,val/labels/nozzle_extrusion_normal_0999.txt,132983,38,2c2749be53d2aaa49d54f4801d5db9c4fa76ca70f3164567c080bcf8162e1f4f,a48fa3036baf16ec25cd4e93551f2c6e8b34ef4ba7279191a269ef3c6cb13f33,1,1
dataset_2_binary_clean_v2,val,val/images/nozzle_extrusion_normal_1001.jpg,val/labels/nozzle_extrusion_normal_1001.txt,125427,38,c3f2c3819c4df6db3f4d0523e69a75cac232587d7e4cd1c44115493ee3927507,a48fa3036baf16ec25cd4e93551f2c6e8b34ef4ba7279191a269ef3c6cb13f33,1,1
dataset_2_binary_clean_v2,val,val/images/nozzle_extrusion_normal_1004.jpg,val/labels/nozzle_extrusion_normal_1004.txt,132467,38,e2fdb08c0a7cf280476bf6354d4395eb7b8c4642d3d7418ec9127c6c6274a40f,a48fa3036baf16ec25cd4e93551f2c6e8b34ef4ba7279191a269ef3c6cb13f33,1,1
dataset_2_binary_clean_v2,val,val/images/nozzle_extrusion_normal_1010.jpg,val/labels/nozzle_extrusion_normal_1010.txt,109291,38,5ecd4d49309ed82854777ac50eb6a7de33aa537b4f81c8ee2f149320b2b3dfbc,a48fa3036baf16ec25cd4e93551f2c6e8b34ef4ba7279191a269ef3c6cb13f33,1,1
dataset_2_binary_clean_v2,val,val/images/nozzle_extrusion_normal_1016.jpg,val/labels/nozzle_extrusion_normal_1016.txt,117440,38,b3b89fbe94346a117513f8a3403a8fae9e89e8719e43f1a6ce02081287f901b1,a48fa3036baf16ec25cd4e93551f2c6e8b34ef4ba7279191a269ef3c6cb13f33,1,1
dataset_2_binary_clean_v2,val,val/images/nozzle_extrusion_normal_1035.jpg,val/labels/nozzle_extrusion_normal_1035.txt,112487,38,a377b31c2953178a54e715319791599d7af2a478fbc67c3b51a3a61d9b074c99,a48fa3036baf16ec25cd4e93551f2c6e8b34ef4ba7279191a269ef3c6cb13f33,1,1
dataset_2_binary_clean_v2,val,val/images/nozzle_extrusion_normal_1045.jpg,val/labels/nozzle_extrusion_normal_1045.txt,95786,38,a27c0e6cafe27f2cfe385ff1d59b5fe6a4ab1d23caf032ac6f8f919f84eec2c3,a48fa3036baf16ec25cd4e93551f2c6e8b34ef4ba7279191a269ef3c6cb13f33,1,1
dataset_2_binary_clean_v2,val,val/images/nozzle_extrusion_normal_1058.jpg,val/labels/nozzle_extrusion_normal_1058.txt,89175,38,cdc0d868bb8a814b438bc9d1c506d53ac25793725d321c8d3a2a1f7892d369ea,a48fa3036baf16ec25cd4e93551f2c6e8b34ef4ba7279191a269ef3c6cb13f33,1,1
dataset_2_binary_clean_v2,val,val/images/nozzle_extrusion_normal_1061.jpg,val/labels/nozzle_extrusion_normal_1061.txt,133898,38,7b4ee5b1b4f4962ba7540dcd64ed307f31afe169c2651a9adb7d01d9e79f2992,a48fa3036baf16ec25cd4e93551f2c6e8b34ef4ba7279191a269ef3c6cb13f33,1,1
dataset_2_binary_clean_v2,val,val/images/nozzle_extrusion_normal_1064.jpg,val/labels/nozzle_extrusion_normal_1064.txt,126480,38,8efe12999505ef7bd69ba3c8472f374fe6b2418f3b8bae15f9ad6e36d5a8239c,a48fa3036baf16ec25cd4e93551f2c6e8b34ef4ba7279191a269ef3c6cb13f33,1,1
dataset_2_binary_clean_v2,val,val/images/nozzle_extrusion_normal_1084.jpg,val/labels/nozzle_extrusion_normal_1084.txt,140401,38,cdc295863c8dfd30a705ee70897060f65d02fd2915cab6b29338882ecb0b26a4,a48fa3036baf16ec25cd4e93551f2c6e8b34ef4ba7279191a269ef3c6cb13f33,1,1
dataset_2_binary_clean_v2,val,val/images/nozzle_extrusion_normal_1089.jpg,val/labels/nozzle_extrusion_normal_1089.txt,115739,38,6ff7d234f6ad721fda28fc05032856ddb5b32a6c0a093e22905d76ac8a85fcd7,a48fa3036baf16ec25cd4e93551f2c6e8b34ef4ba7279191a269ef3c6cb13f33,1,1
dataset_2_binary_clean_v2,val,val/images/nozzle_extrusion_normal_1093.jpg,val/labels/nozzle_extrusion_normal_1093.txt,137453,38,451f6f5b415096e6f8e6f2c52f8c5fd0d083552fd8c07f6cf61daee27cbbc50f,a48fa3036baf16ec25cd4e93551f2c6e8b34ef4ba7279191a269ef3c6cb13f33,1,1
dataset_2_binary_clean_v2,val,val/images/nozzle_extrusion_normal_1101.jpg,val/labels/nozzle_extrusion_normal_1101.txt,86623,38,6ed1a26f8eb37505179502adf21a3776e4296cd2d728fd55669b571b787ea721,a48fa3036baf16ec25cd4e93551f2c6e8b34ef4ba7279191a269ef3c6cb13f33,1,1
dataset_2_binary_clean_v2,val,val/images/nozzle_extrusion_normal_1107.jpg,val/labels/nozzle_extrusion_normal_1107.txt,144999,38,f7480e43c802a17b8e21380197596c2595ba431e4070322b85f28e1e8c31b6b0,a48fa3036baf16ec25cd4e93551f2c6e8b34ef4ba7279191a269ef3c6cb13f33,1,1
dataset_2_binary_clean_v2,val,val/images/nozzle_extrusion_normal_1108.jpg,val/labels/nozzle_extrusion_normal_1108.txt,136731,38,5cf71c8956bfa0f7f9359c09dc3d49601a1e0a0fd49fabbbdc76bdb9465bd738,a48fa3036baf16ec25cd4e93551f2c6e8b34ef4ba7279191a269ef3c6cb13f33,1,1
dataset_2_binary_clean_v2,val,val/images/nozzle_extrusion_normal_1128.jpg,val/labels/nozzle_extrusion_normal_1128.txt,125931,38,63e8b2b8d79c6815b729747445383e2d570456f64b0274d69bf2a9df6e945831,a48fa3036baf16ec25cd4e93551f2c6e8b34ef4ba7279191a269ef3c6cb13f33,1,1
dataset_2_binary_clean_v2,val,val/images/nozzle_extrusion_normal_1134.jpg,val/labels/nozzle_extrusion_normal_1134.txt,91806,38,ccd575e4e18a84801b83c4a17cf4ac678e9746eb483186bbd75a2444798fd4ff,a48fa3036baf16ec25cd4e93551f2c6e8b34ef4ba7279191a269ef3c6cb13f33,1,1
dataset_2_binary_clean_v2,val,val/images/nozzle_extrusion_normal_1136.jpg,val/labels/nozzle_extrusion_normal_1136.txt,117364,38,392795faa4e3a890dc6930d3e972ab0fee26ae1bda5b45d74694376b141c5986,a48fa3036baf16ec25cd4e93551f2c6e8b34ef4ba7279191a269ef3c6cb13f33,1,1
dataset_2_binary_clean_v2,val,val/images/nozzle_extrusion_normal_1151.jpg,val/labels/nozzle_extrusion_normal_1151.txt,110096,38,8edb538aab344468223d82ef184dbaf2e337cc61cb2ee823fd53f577a724546b,a48fa3036baf16ec25cd4e93551f2c6e8b34ef4ba7279191a269ef3c6cb13f33,1,1
dataset_2_binary_clean_v2,val,val/images/nozzle_extrusion_normal_1152.jpg,val/labels/nozzle_extrusion_normal_1152.txt,120586,38,53f6e66aaffc986ad9caad492652f91173700bddb51ef78abf8dced3165f803e,a48fa3036baf16ec25cd4e93551f2c6e8b34ef4ba7279191a269ef3c6cb13f33,1,1
dataset_2_binary_clean_v2,val,val/images/nozzle_extrusion_normal_1158.jpg,val/labels/nozzle_extrusion_normal_1158.txt,127218,38,1a214a9659a268d6b0c22a7494155c8f7bf3463c2aa89d38df05192d276eb9c2,a48fa3036baf16ec25cd4e93551f2c6e8b34ef4ba7279191a269ef3c6cb13f33,1,1
dataset_2_binary_clean_v2,val,val/images/nozzle_extrusion_normal_1160.jpg,val/labels/nozzle_extrusion_normal_1160.txt,108588,38,1c69d4c6c79af03d17ac2bee75274a4a1d31bdc5bda32686c67e0b3ee4afe447,a48fa3036baf16ec25cd4e93551f2c6e8b34ef4ba7279191a269ef3c6cb13f33,1,1
dataset_2_binary_clean_v2,val,val/images/nozzle_extrusion_normal_1177.jpg,val/labels/nozzle_extrusion_normal_1177.txt,105372,38,0e112fc9dc84537493c825da0edff2b61a7dcaf121cb71917fa24f7d2c8aebbb,a48fa3036baf16ec25cd4e93551f2c6e8b34ef4ba7279191a269ef3c6cb13f33,1,1
dataset_2_binary_clean_v2,val,val/images/nozzle_extrusion_normal_1178.jpg,val/labels/nozzle_extrusion_normal_1178.txt,116770,38,c189746b1d483baa09469695a456b1632ad7b3e964b3dd0fab69afd71e3a01bf,a48fa3036baf16ec25cd4e93551f2c6e8b34ef4ba7279191a269ef3c6cb13f33,1,1
dataset_2_binary_clean_v2,val,val/images/nozzle_extrusion_normal_1183.jpg,val/labels/nozzle_extrusion_normal_1183.txt,130131,38,21f4dcd2f397caab160c8fdee828853ba596b890ea0c1f241d7a8d7ec04bbc05,a48fa3036baf16ec25cd4e93551f2c6e8b34ef4ba7279191a269ef3c6cb13f33,1,1
dataset_2_binary_clean_v2,val,val/images/nozzle_extrusion_normal_1197.jpg,val/labels/nozzle_extrusion_normal_1197.txt,127946,38,bdf8d596cac3133daa8548f5cfff27cdc73636ad0b9253d576c521e47fce2175,a48fa3036baf16ec25cd4e93551f2c6e8b34ef4ba7279191a269ef3c6cb13f33,1,1
dataset_2_binary_clean_v2,val,val/images/nozzle_extrusion_normal_1204.jpg,val/labels/nozzle_extrusion_normal_1204.txt,111772,38,d1af0c79eb225ad4aff227a442bea99dde7ccd735055416667c74194f50934d0,a48fa3036baf16ec25cd4e93551f2c6e8b34ef4ba7279191a269ef3c6cb13f33,1,1
dataset_2_binary_clean_v2,val,val/images/nozzle_extrusion_normal_1205.jpg,val/labels/nozzle_extrusion_normal_1205.txt,120458,38,8a0d3a6de0e10ce065651d4686ee39bffd6ee49bf85d8eaba66a699d751da8ab,a48fa3036baf16ec25cd4e93551f2c6e8b34ef4ba7279191a269ef3c6cb13f33,1,1
dataset_2_binary_clean_v2,val,val/images/nozzle_extrusion_normal_1211.jpg,val/labels/nozzle_extrusion_normal_1211.txt,129307,38,295e36e60eaeff35c9402c003a6a97a9e91974817cfab41592ebcd054546be83,a48fa3036baf16ec25cd4e93551f2c6e8b34ef4ba7279191a269ef3c6cb13f33,1,1
dataset_2_binary_clean_v2,val,val/images/nozzle_extrusion_normal_1218.jpg,val/labels/nozzle_extrusion_normal_1218.txt,128327,38,0dd9a0ea1872b89d132474e7bf82e9cbb1dfdc61a2619f38da2043b0ea028276,a48fa3036baf16ec25cd4e93551f2c6e8b34ef4ba7279191a269ef3c6cb13f33,1,1
dataset_2_binary_clean_v2,val,val/images/nozzle_extrusion_normal_1219.jpg,val/labels/nozzle_extrusion_normal_1219.txt,130881,38,a2b2f8c4e1298758a1a2b00e877c22c4d2fa86054f5b3fc7067315264082472d,a48fa3036baf16ec25cd4e93551f2c6e8b34ef4ba7279191a269ef3c6cb13f33,1,1
dataset_2_binary_clean_v2,val,val/images/nozzle_extrusion_normal_1226.jpg,val/labels/nozzle_extrusion_normal_1226.txt,131821,38,16134050bc7be184dda93403f65bdf0528dbdd595775bfdc25812519b6551a24,a48fa3036baf16ec25cd4e93551f2c6e8b34ef4ba7279191a269ef3c6cb13f33,1,1
dataset_2_binary_clean_v2,val,val/images/nozzle_extrusion_normal_1227.jpg,val/labels/nozzle_extrusion_normal_1227.txt,126548,38,5e10cf3e4dd86c91d1c1468e4b92e7f46cc43d33830bcb8faf9defdb8ece0cce,a48fa3036baf16ec25cd4e93551f2c6e8b34ef4ba7279191a269ef3c6cb13f33,1,1
dataset_2_binary_clean_v2,val,val/images/nozzle_extrusion_normal_1233.jpg,val/labels/nozzle_extrusion_normal_1233.txt,113930,38,a7e8db2e2827e82f70e457eb69f306824cc0f29b2161ebcfbaa58e29f95243fc,a48fa3036baf16ec25cd4e93551f2c6e8b34ef4ba7279191a269ef3c6cb13f33,1,1
dataset_2_binary_clean_v2,val,val/images/nozzle_extrusion_normal_1273.jpg,val/labels/nozzle_extrusion_normal_1273.txt,132498,38,0a3d070e6a661e76e05d210dbb3b1f559406ff82a172c824e1fa69d40c88531a,a48fa3036baf16ec25cd4e93551f2c6e8b34ef4ba7279191a269ef3c6cb13f33,1,1
dataset_2_binary_clean_v2,val,val/images/nozzle_extrusion_normal_1276.jpg,val/labels/nozzle_extrusion_normal_1276.txt,147033,38,9f9bfcb19b99d39d191baf75f56424d090054a7a1e50a42e9e1a6c02e54e0c37,a48fa3036baf16ec25cd4e93551f2c6e8b34ef4ba7279191a269ef3c6cb13f33,1,1
dataset_2_binary_clean_v2,val,val/images/nozzle_extrusion_normal_1280.jpg,val/labels/nozzle_extrusion_normal_1280.txt,129750,38,dfaf8547318f71b8acb7b8ea7643a6887f676a2c81db715f00b152c969edbac3,a48fa3036baf16ec25cd4e93551f2c6e8b34ef4ba7279191a269ef3c6cb13f33,1,1
dataset_2_binary_clean_v2,val,val/images/nozzle_extrusion_normal_1288.jpg,val/labels/nozzle_extrusion_normal_1288.txt,112921,38,ac343df6392b3791ee59455cf7e7d7fdc743f757ba4d851f85d8ddf41f828012,a48fa3036baf16ec25cd4e93551f2c6e8b34ef4ba7279191a269ef3c6cb13f33,1,1
dataset_2_binary_clean_v2,val,val/images/nozzle_extrusion_normal_1291.jpg,val/labels/nozzle_extrusion_normal_1291.txt,150455,38,73dabb63c51921dd28aa02359c292c933e1ba3de9ab6d2ab547c7914c31e8028,a48fa3036baf16ec25cd4e93551f2c6e8b34ef4ba7279191a269ef3c6cb13f33,1,1
dataset_2_binary_clean_v2,val,val/images/nozzle_extrusion_normal_1301.jpg,val/labels/nozzle_extrusion_normal_1301.txt,132001,38,0a2497bbd1b0d71aee446881d5eb122d91dde3418fec4a8f6611470d68b28283,a48fa3036baf16ec25cd4e93551f2c6e8b34ef4ba7279191a269ef3c6cb13f33,1,1
dataset_2_binary_clean_v2,val,val/images/nozzle_extrusion_normal_1309.jpg,val/labels/nozzle_extrusion_normal_1309.txt,129237,38,a213234748020e9a3201d2de322c7f8ff5ce5e0373c1877b67e8100b42744a5b,a48fa3036baf16ec25cd4e93551f2c6e8b34ef4ba7279191a269ef3c6cb13f33,1,1
dataset_2_binary_clean_v2,val,val/images/nozzle_extrusion_normal_1317.jpg,val/labels/nozzle_extrusion_normal_1317.txt,148508,38,b2fbc037186251d0ef8eb26c425ece4b4c0bd99130ff1d43ef71cca918b2a7ee,a48fa3036baf16ec25cd4e93551f2c6e8b34ef4ba7279191a269ef3c6cb13f33,1,1
dataset_2_binary_clean_v2,val,val/images/nozzle_extrusion_normal_1335.jpg,val/labels/nozzle_extrusion_normal_1335.txt,127410,38,636db7d0ff86ef2e74627eaf91a4ee3c7034aba9471c15cf8f4ec61db3924192,a48fa3036baf16ec25cd4e93551f2c6e8b34ef4ba7279191a269ef3c6cb13f33,1,1
dataset_2_binary_clean_v2,val,val/images/nozzle_extrusion_normal_1336.jpg,val/labels/nozzle_extrusion_normal_1336.txt,125567,38,3be81c6fd8460090972bcc4892ff9cba5ce81a1115a77b928ef118bc23e3a882,a48fa3036baf16ec25cd4e93551f2c6e8b34ef4ba7279191a269ef3c6cb13f33,1,1
dataset_2_binary_clean_v2,val,val/images/nozzle_extrusion_normal_1339.jpg,val/labels/nozzle_extrusion_normal_1339.txt,112555,38,49649834fcdb2753a0cad3bf4e6c2673850e6e06612ea3d4e88cd93a2b1eac30,a48fa3036baf16ec25cd4e93551f2c6e8b34ef4ba7279191a269ef3c6cb13f33,1,1
dataset_2_binary_clean_v2,val,val/images/nozzle_extrusion_normal_1341.jpg,val/labels/nozzle_extrusion_normal_1341.txt,119896,38,7200862c9a961fc7bd0a0753c5ab36dd2c00d42697e09c2e8267ec05cf0be86a,a48fa3036baf16ec25cd4e93551f2c6e8b34ef4ba7279191a269ef3c6cb13f33,1,1
dataset_2_binary_clean_v2,val,val/images/nozzle_extrusion_normal_1349.jpg,val/labels/nozzle_extrusion_normal_1349.txt,123110,38,2c0432a4ce108eac5595138f6ae5734fe2ed4f26e5ac4a5987f5c3c503c0430a,a48fa3036baf16ec25cd4e93551f2c6e8b34ef4ba7279191a269ef3c6cb13f33,1,1
dataset_2_binary_clean_v2,val,val/images/nozzle_extrusion_normal_1364.jpg,val/labels/nozzle_extrusion_normal_1364.txt,122054,38,fbd47710cf556b63ef8e6ecfc380c20c1f269ba5ff93f4c78647077c767f62e8,a48fa3036baf16ec25cd4e93551f2c6e8b34ef4ba7279191a269ef3c6cb13f33,1,1
dataset_2_binary_clean_v2,val,val/images/nozzle_extrusion_normal_1378.jpg,val/labels/nozzle_extrusion_normal_1378.txt,129992,38,370ddc7cd013bb62dca58abc5ab96228b944b693458cbf4353182f48f8b1707f,a48fa3036baf16ec25cd4e93551f2c6e8b34ef4ba7279191a269ef3c6cb13f33,1,1
dataset_2_binary_clean_v2,val,val/images/nozzle_extrusion_normal_1384.jpg,val/labels/nozzle_extrusion_normal_1384.txt,140347,38,c3625616f4b643e1da516c2ed4caeb03f228b6146dcf412b74a2fb6a010205ba,a48fa3036baf16ec25cd4e93551f2c6e8b34ef4ba7279191a269ef3c6cb13f33,1,1
dataset_2_binary_clean_v2,val,val/images/nozzle_extrusion_normal_1397.jpg,val/labels/nozzle_extrusion_normal_1397.txt,96818,38,fdb55906adda27f2a987ce86ec6ec70493d1c8d32a338dd974953620c406846c,a48fa3036baf16ec25cd4e93551f2c6e8b34ef4ba7279191a269ef3c6cb13f33,1,1
dataset_2_binary_clean_v2,val,val/images/nozzle_extrusion_normal_1408.jpg,val/labels/nozzle_extrusion_normal_1408.txt,136871,38,064ee7a46ffae8f0c12401205804eac29ce107729fe6e104b5604da9cd3800f2,a48fa3036baf16ec25cd4e93551f2c6e8b34ef4ba7279191a269ef3c6cb13f33,1,1
dataset_2_binary_clean_v2,val,val/images/nozzle_extrusion_normal_1410.jpg,val/labels/nozzle_extrusion_normal_1410.txt,136158,38,43efc1efbc3261bc1604cad8b9b1bcbb5def6ca2a0e41184432cee2134a5492c,a48fa3036baf16ec25cd4e93551f2c6e8b34ef4ba7279191a269ef3c6cb13f33,1,1
dataset_2_binary_clean_v2,val,val/images/nozzle_extrusion_normal_1415.jpg,val/labels/nozzle_extrusion_normal_1415.txt,121874,38,8ea73ed17eeecc3bf4e423df15ead9cd04c2560cb6c18997d4a5baa6b751394f,a48fa3036baf16ec25cd4e93551f2c6e8b34ef4ba7279191a269ef3c6cb13f33,1,1
dataset_2_binary_clean_v2,val,val/images/nozzle_extrusion_normal_1421.jpg,val/labels/nozzle_extrusion_normal_1421.txt,125304,38,afbebc2fc8d3965cb29ca21d3e9464e7838caa5121b0931bee00550ed8c0dbb9,a48fa3036baf16ec25cd4e93551f2c6e8b34ef4ba7279191a269ef3c6cb13f33,1,1
dataset_2_binary_clean_v2,val,val/images/nozzle_extrusion_normal_1430.jpg,val/labels/nozzle_extrusion_normal_1430.txt,155615,38,6c1b0a14a361edd9b8565c8577b8b81a622972958d52f28584af3ac081ead7eb,a48fa3036baf16ec25cd4e93551f2c6e8b34ef4ba7279191a269ef3c6cb13f33,1,1
dataset_2_binary_clean_v2,val,val/images/nozzle_extrusion_normal_1433.jpg,val/labels/nozzle_extrusion_normal_1433.txt,132297,38,022bae1df776b622c9ae817dddb86dfc8b735555ae085b411c8c3c385f301393,a48fa3036baf16ec25cd4e93551f2c6e8b34ef4ba7279191a269ef3c6cb13f33,1,1
dataset_2_binary_clean_v2,val,val/images/nozzle_extrusion_normal_1435.jpg,val/labels/nozzle_extrusion_normal_1435.txt,129230,38,7cc0aac0bb0fb9c1e696a7a9775bd9a8f5314407086caf48921b4f523cd11500,a48fa3036baf16ec25cd4e93551f2c6e8b34ef4ba7279191a269ef3c6cb13f33,1,1
dataset_2_binary_clean_v2,val,val/images/nozzle_extrusion_normal_1437.jpg,val/labels/nozzle_extrusion_normal_1437.txt,120731,38,1887d010b0788dc3195e249c3c082c81f95e9e1f067ab1b7348360687e4add7d,a48fa3036baf16ec25cd4e93551f2c6e8b34ef4ba7279191a269ef3c6cb13f33,1,1
dataset_2_binary_clean_v2,val,val/images/nozzle_extrusion_normal_1439.jpg,val/labels/nozzle_extrusion_normal_1439.txt,122859,38,82af40b75615b366597971ac18452d4e059c81e6c8036f8e476c94257e6d4587,a48fa3036baf16ec25cd4e93551f2c6e8b34ef4ba7279191a269ef3c6cb13f33,1,1
dataset_2_binary_clean_v2,val,val/images/nozzle_extrusion_normal_1442.jpg,val/labels/nozzle_extrusion_normal_1442.txt,128520,38,48a14814f2bd2b1315596afc4f53d305e577c852a9e995f8d0e4a4793dde083d,a48fa3036baf16ec25cd4e93551f2c6e8b34ef4ba7279191a269ef3c6cb13f33,1,1
dataset_2_binary_clean_v2,val,val/images/nozzle_extrusion_normal_1452.jpg,val/labels/nozzle_extrusion_normal_1452.txt,144772,38,72c2d4de5ad4786213e65554605f9c78211944016bd7171ee229a4684d580993,a48fa3036baf16ec25cd4e93551f2c6e8b34ef4ba7279191a269ef3c6cb13f33,1,1
dataset_2_binary_clean_v2,val,val/images/nozzle_extrusion_normal_1454.jpg,val/labels/nozzle_extrusion_normal_1454.txt,141450,38,023ae472207ab052c4b2f69280a6f714e527d735941619087a2f0cd0348d1aa4,a48fa3036baf16ec25cd4e93551f2c6e8b34ef4ba7279191a269ef3c6cb13f33,1,1
dataset_2_binary_clean_v2,val,val/images/nozzle_extrusion_normal_1457.jpg,val/labels/nozzle_extrusion_normal_1457.txt,97053,38,0060b6efebea775d54680282d00d6c860d8a9cd42dc98d0679c0231a1500d4b9,a48fa3036baf16ec25cd4e93551f2c6e8b34ef4ba7279191a269ef3c6cb13f33,1,1
dataset_2_binary_clean_v2,val,val/images/nozzle_extrusion_normal_1467.jpg,val/labels/nozzle_extrusion_normal_1467.txt,124520,38,1c6de1ab912870b935d55e812b436dd4946003aa79101fc952bda980297005dc,a48fa3036baf16ec25cd4e93551f2c6e8b34ef4ba7279191a269ef3c6cb13f33,1,1
dataset_2_binary_clean_v2,val,val/images/nozzle_extrusion_normal_1473.jpg,val/labels/nozzle_extrusion_normal_1473.txt,128619,38,21d47ab89545e6962b98e2609b7fb4eb1fbe1ef71f8a480696a12af9d3e7a18a,a48fa3036baf16ec25cd4e93551f2c6e8b34ef4ba7279191a269ef3c6cb13f33,1,1
dataset_2_binary_clean_v2,val,val/images/nozzle_extrusion_normal_1476.jpg,val/labels/nozzle_extrusion_normal_1476.txt,131613,38,a9a349ea99f04d7105b76fb720a4f8217864fb556c661ef04ebe2a48e37d17be,a48fa3036baf16ec25cd4e93551f2c6e8b34ef4ba7279191a269ef3c6cb13f33,1,1
dataset_2_binary_clean_v2,val,val/images/nozzle_extrusion_normal_1484.jpg,val/labels/nozzle_extrusion_normal_1484.txt,132246,38,056b6d5eab1ccf2b57740380f817808a9bc35b17f3f84a66a852e81fc3a3292e,a48fa3036baf16ec25cd4e93551f2c6e8b34ef4ba7279191a269ef3c6cb13f33,1,1
dataset_2_binary_clean_v2,val,val/images/nozzle_extrusion_normal_1485.jpg,val/labels/nozzle_extrusion_normal_1485.txt,132770,38,1388b3f160982844b48ef6a0f9aa88a0ab657976f657be34c99f3a7578941e8e,a48fa3036baf16ec25cd4e93551f2c6e8b34ef4ba7279191a269ef3c6cb13f33,1,1
dataset_2_binary_clean_v2,val,val/images/nozzle_extrusion_normal_1489.jpg,val/labels/nozzle_extrusion_normal_1489.txt,135309,38,6738377115452a0bb2c755ac3c0cb41fd56ed1ac3238cdf2ca5d794e99783b0d,a48fa3036baf16ec25cd4e93551f2c6e8b34ef4ba7279191a269ef3c6cb13f33,1,1
dataset_2_binary_clean_v2,val,val/images/nozzle_extrusion_normal_1493.jpg,val/labels/nozzle_extrusion_normal_1493.txt,108079,38,02562015542e6c59286232395781afec4884288f1441cab022eb5b0d24163ff2,a48fa3036baf16ec25cd4e93551f2c6e8b34ef4ba7279191a269ef3c6cb13f33,1,1
dataset_2_binary_clean_v2,val,val/images/nozzle_extrusion_normal_1494.jpg,val/labels/nozzle_extrusion_normal_1494.txt,137977,38,96e24c217d5de6742631cac052380d93dac3523c3cc069d18492a7e501345e58,a48fa3036baf16ec25cd4e93551f2c6e8b34ef4ba7279191a269ef3c6cb13f33,1,1
dataset_2_binary_clean_v2,val,val/images/nozzle_extrusion_normal_1496.jpg,val/labels/nozzle_extrusion_normal_1496.txt,129314,38,9babf1e65eff5893612444ef608c82c73ff1d08ed3cdd96297ae5a6fadd43d0b,a48fa3036baf16ec25cd4e93551f2c6e8b34ef4ba7279191a269ef3c6cb13f33,1,1
dataset_2_binary_clean_v2,val,val/images/nozzle_extrusion_normal_1511.jpg,val/labels/nozzle_extrusion_normal_1511.txt,131804,38,39d65078cc91d5ba46c3268dee70139469505f72f2aa6204dc149f628060469d,a48fa3036baf16ec25cd4e93551f2c6e8b34ef4ba7279191a269ef3c6cb13f33,1,1
dataset_2_binary_clean_v2,val,val/images/nozzle_heavy_contamination_0003.jpg,val/labels/nozzle_heavy_contamination_0003.txt,134395,38,117afc198b1f027c17b3e0a5badf3ed03744e89413a4ff9e049c611881b15cec,5d55ee044227110c0e266869d3da341fd141dd7e56e2bdfb48bf067a1af0169f,1,1
dataset_2_binary_clean_v2,val,val/images/nozzle_heavy_contamination_0005.jpg,val/labels/nozzle_heavy_contamination_0005.txt,135464,38,9d8dfacd0a559eb3c2849e272bf3c4be9db491870319a3284b44610c0f2678e0,1826cedeecbc2dbffe53a661c6a73b8fd3e7f556eaae3f8a1d5f1d43e68ddd92,1,1
dataset_2_binary_clean_v2,val,val/images/nozzle_heavy_contamination_0006.jpg,val/labels/nozzle_heavy_contamination_0006.txt,135280,38,3b4166af48207054c2f39c6d66b647b391dfced816826ff28f9f80834ff11965,0cf8d900f576cf0a24341dae87c099b5e08e94595fe7c5e4d0ef920f5e34a072,1,1
dataset_2_binary_clean_v2,val,val/images/nozzle_heavy_contamination_0010.jpg,val/labels/nozzle_heavy_contamination_0010.txt,130818,38,700fb5a1942c1356305afd2317927fef28b9dbd0343f94a8fe1fa34b2830e82c,378adafd1963e97b6c22c18bfe99acb8322d8899a87dac35c4ff7d7a3772bc96,1,1
dataset_2_binary_clean_v2,val,val/images/nozzle_heavy_contamination_0016.jpg,val/labels/nozzle_heavy_contamination_0016.txt,137627,38,cd2f014ac8cec3814d99202beac044eb9a56c7548e0e5ae53f64fd1b70463d0e,34e027593815bb7ebff3e05fdc640b30cef50befe0f4b53dfd3c98e22094f734,1,1
dataset_2_binary_clean_v2,val,val/images/nozzle_heavy_contamination_0018.jpg,val/labels/nozzle_heavy_contamination_0018.txt,141553,38,d2ed3779de665f67cde7e776f4d9ab432fbd976824d068327ef11bb971bff340,d8f0f541a5da1eafebb34be40bc735473b8ead6cecc04b39ba5c49611ef9227a,1,1
dataset_2_binary_clean_v2,val,val/images/nozzle_heavy_contamination_0019.jpg,val/labels/nozzle_heavy_contamination_0019.txt,141800,38,2d0ccb27b9c8affca6e1f45f3e9ad0c3f2fcd0da59b6735d34a2bf97eae63b8d,d36c8152405e16820c652902393604dd1f3012f05bd478e6e12325790bbc4564,1,1
dataset_2_binary_clean_v2,val,val/images/nozzle_no_extrusion_0029.jpg,val/labels/nozzle_no_extrusion_0029.txt,180847,38,253c6aca2bb0d1b1f763d29af08f111fb0aabafc13e29ec7aa885b769d4428af,5135836a63633a5ec404937c1888606153b660d97dabcc37ddca4f262f9ca424,1,1
dataset_2_binary_clean_v2,val,val/images/nozzle_no_extrusion_0037.jpg,val/labels/nozzle_no_extrusion_0037.txt,130301,38,400709f5c02cbf9b3492c208d0daf1dfb596e99961364c961ec693353d27bf61,3d9f6ac4ba55320e5632b68af3e146e5e4b2d27bb7f46043298fd48217d84470,1,1
dataset_2_binary_clean_v2,val,val/images/nozzle_no_extrusion_0038.jpg,val/labels/nozzle_no_extrusion_0038.txt,131467,38,f4b5a25c83db1cc0abb6c55eca1206d806e7c734d8f24890448b2b1e0b93ec7a,a3704d17e17a217df1b3dff147e27b7ecda4e67a85b726e2fe4dcbcdc8aba979,1,1
dataset_2_binary_clean_v2,val,val/images/nozzle_no_extrusion_0084.jpg,val/labels/nozzle_no_extrusion_0084.txt,180774,38,7fb5c2d43a87ed5eda169ee4d0bfb20d7f3d528e50057df5f85548cb8514bbd4,c1bd40b4c7191120712f7ec9633979104facc77f18e3d85418b6905416f9b832,1,1
dataset_2_binary_clean_v2,val,val/images/nozzle_no_extrusion_0092.jpg,val/labels/nozzle_no_extrusion_0092.txt,117160,38,663539fae65d98a582ac5ead71692b141462d4d529b5046d25b8f15b8a0eee16,4dffec7663eacbaa82343cdbbae3642e7e8aaf9229fee55843dc07f19e580388,1,1
dataset_2_binary_clean_v2,val,val/images/nozzle_no_extrusion_0100.jpg,val/labels/nozzle_no_extrusion_0100.txt,112027,38,3276de467deb9a034ec08f51474210691e900d51d34fd2fbf783b6b0daae88b0,13a41a0767b306a1f8ba4843853a5fcd88630df7d68538066e5a658a35f75120,1,1
dataset_2_binary_clean_v2,val,val/images/nozzle_no_extrusion_0101.jpg,val/labels/nozzle_no_extrusion_0101.txt,112039,38,9425f3a338616d42db4aef9576b4a76c80ac1384b9e66a6e46195e2676567fe8,68c5d6efeb181a3bba288756fb0ae843d9f251a64a2afe23ce9e101df2ca395e,1,1
dataset_2_binary_clean_v2,val,val/images/nozzle_no_extrusion_0102.jpg,val/labels/nozzle_no_extrusion_0102.txt,84114,38,46db6adae87f3d6f0977dd91f3e73f553df6de3aa81c2f083400ff371dae2880,d978d8c0383f8f9dbede3c282a564d3aece7e270d8040c036f2b9aa460f3ee5b,1,1
dataset_2_binary_clean_v2,val,val/images/nozzle_no_extrusion_0106.jpg,val/labels/nozzle_no_extrusion_0106.txt,117850,38,e46f287595486e245e912d29c66cfe5a4bf6d4e70f821317e9ecdda86daba9dc,078975d51ef57c7910991bd3e189944c15916532c5effc7daad76b677026b1b1,1,1
dataset_2_binary_clean_v2,val,val/images/nozzle_no_extrusion_0107.jpg,val/labels/nozzle_no_extrusion_0107.txt,119247,38,0d8714f2090651307e01c8afb442f814e000658ff2786504e7cc9ef12190d133,078975d51ef57c7910991bd3e189944c15916532c5effc7daad76b677026b1b1,1,1
dataset_2_binary_clean_v2,val,val/images/nozzle_no_extrusion_0109.jpg,val/labels/nozzle_no_extrusion_0109.txt,131944,38,cf187dbf710760a168fcc4d921df5c21df2c291029f90090b75f2e1ef40b373f,078975d51ef57c7910991bd3e189944c15916532c5effc7daad76b677026b1b1,1,1
dataset_2_binary_clean_v2,val,val/images/nozzle_no_extrusion_0110.jpg,val/labels/nozzle_no_extrusion_0110.txt,109952,38,a0e90e962a988e88df8f854b53000416ff50a089d5eefaa5b59139a09a6b08b0,078975d51ef57c7910991bd3e189944c15916532c5effc7daad76b677026b1b1,1,1
dataset_2_binary_clean_v2,val,val/images/nozzle_no_extrusion_0120.jpg,val/labels/nozzle_no_extrusion_0120.txt,136097,38,222146154f28435f956379e367171116fe2c33e5efb4158a1976ceede9990e43,078975d51ef57c7910991bd3e189944c15916532c5effc7daad76b677026b1b1,1,1
dataset_2_binary_clean_v2,val,val/images/nozzle_no_extrusion_0125.jpg,val/labels/nozzle_no_extrusion_0125.txt,127959,38,793d3ed970c383481f596ba238ddc8264358ac5300f4f493f6c02547255f34be,078975d51ef57c7910991bd3e189944c15916532c5effc7daad76b677026b1b1,1,1
dataset_2_binary_clean_v2,val,val/images/nozzle_no_extrusion_0140.jpg,val/labels/nozzle_no_extrusion_0140.txt,111710,38,2ed9667aa6dacb920d92fd9c14b211f2bf064c4a12e2964bd5a31703d1a383d4,00815e80bd7f5f124143afee78d123ecc7a1caff370ef0a238f9f323b7ea6472,1,1
dataset_2_binary_clean_v2,val,val/images/nozzle_no_extrusion_0142.jpg,val/labels/nozzle_no_extrusion_0142.txt,99323,38,bac41e2f3a43ed98b81e9998b9944a20dacf3e1e4feb571c862124c5e4794595,00815e80bd7f5f124143afee78d123ecc7a1caff370ef0a238f9f323b7ea6472,1,1
dataset_2_binary_clean_v2,val,val/images/nozzle_no_extrusion_0175.jpg,val/labels/nozzle_no_extrusion_0175.txt,133096,38,62a43efee2b4791f25e1cc9e359c163711eddeb916bedc74e5e8c4c064ce9902,00815e80bd7f5f124143afee78d123ecc7a1caff370ef0a238f9f323b7ea6472,1,1
dataset_2_binary_clean_v2,val,val/images/nozzle_no_extrusion_0176.jpg,val/labels/nozzle_no_extrusion_0176.txt,169393,38,e75cea2a7a12d25a61d4bc5829be5787fb1076f44486d20acc383b8d994e2da9,00815e80bd7f5f124143afee78d123ecc7a1caff370ef0a238f9f323b7ea6472,1,1
dataset_2_binary_clean_v2,val,val/images/nozzle_no_extrusion_0193.jpg,val/labels/nozzle_no_extrusion_0193.txt,125551,38,e3a236edaa27d7a6784483b5ab00c2a58c73fe40f09dc9bce98d93be2116d159,00815e80bd7f5f124143afee78d123ecc7a1caff370ef0a238f9f323b7ea6472,1,1
dataset_2_binary_clean_v2,val,val/images/nozzle_no_extrusion_0331.jpg,val/labels/nozzle_no_extrusion_0331.txt,149691,38,99375eae7701138bbcc6ba49a70f70581ec115aa2f558e137adfe908c3289a47,00815e80bd7f5f124143afee78d123ecc7a1caff370ef0a238f9f323b7ea6472,1,1
dataset_2_binary_clean_v2,val,val/images/nozzle_no_extrusion_0392.jpg,val/labels/nozzle_no_extrusion_0392.txt,99030,38,2025cd8410dc2a51da8155c18c0ff03020f0414c7df0518423f52b334dc87a6e,00815e80bd7f5f124143afee78d123ecc7a1caff370ef0a238f9f323b7ea6472,1,1
dataset_2_binary_clean_v2,val,val/images/nozzle_no_extrusion_0393.jpg,val/labels/nozzle_no_extrusion_0393.txt,164067,38,558af53938c0e1a4fb0057970fe2ac45f5d326a8fb751fce6b040ffc4fbf711c,00815e80bd7f5f124143afee78d123ecc7a1caff370ef0a238f9f323b7ea6472,1,1
dataset_2_binary_clean_v2,val,val/images/nozzle_no_extrusion_0396.jpg,val/labels/nozzle_no_extrusion_0396.txt,165831,38,406733fe9c287a2d9aed54d98deb45a1f8dab92fbe38d6229b9ed49d6cdc0180,00815e80bd7f5f124143afee78d123ecc7a1caff370ef0a238f9f323b7ea6472,1,1
dataset_2_binary_clean_v2,val,val/images/nozzle_no_extrusion_0399.jpg,val/labels/nozzle_no_extrusion_0399.txt,163753,38,ee6bb86a2ff3f1f4965098c9acd183b4c7d01375645579da6ea0dfc4a110c4ce,00815e80bd7f5f124143afee78d123ecc7a1caff370ef0a238f9f323b7ea6472,1,1
dataset_2_binary_clean_v2,val,val/images/nozzle_no_extrusion_0400.jpg,val/labels/nozzle_no_extrusion_0400.txt,163977,38,4b08990989cf9dc7a21b4b6af98bc072cdddda6b6451e94ac5ad9971d07bfa45,00815e80bd7f5f124143afee78d123ecc7a1caff370ef0a238f9f323b7ea6472,1,1
dataset_2_binary_clean_v2,val,val/images/nozzle_no_extrusion_0404.jpg,val/labels/nozzle_no_extrusion_0404.txt,165681,38,9e511d58fd132c3e8e078b82204e81833b1129ed23a58f12675aab824e38ede5,00815e80bd7f5f124143afee78d123ecc7a1caff370ef0a238f9f323b7ea6472,1,1
dataset_2_binary_clean_v2,val,val/images/nozzle_no_extrusion_0406.jpg,val/labels/nozzle_no_extrusion_0406.txt,160684,38,3f36e441397100d1b990a7446faf70cc616b769460853fad3785c8d017b23197,00815e80bd7f5f124143afee78d123ecc7a1caff370ef0a238f9f323b7ea6472,1,1
dataset_2_binary_clean_v2,val,val/images/nozzle_no_extrusion_0408.jpg,val/labels/nozzle_no_extrusion_0408.txt,163985,38,3a3eb64c35ac25090edeb0a0671dec51c0c1d439e6c6271b82750b8f5da6fb24,00815e80bd7f5f124143afee78d123ecc7a1caff370ef0a238f9f323b7ea6472,1,1
dataset_2_binary_clean_v2,val,val/images/nozzle_no_extrusion_0410.jpg,val/labels/nozzle_no_extrusion_0410.txt,166227,38,8804591628e2df1f0eb24cbd7d456734dc182ab800f4897057620956b5433f09,00815e80bd7f5f124143afee78d123ecc7a1caff370ef0a238f9f323b7ea6472,1,1
dataset_2_binary_clean_v2,val,val/images/nozzle_no_extrusion_0415.jpg,val/labels/nozzle_no_extrusion_0415.txt,160188,38,7be332ac6ffef5e66e781165ab0d268966cd0a7420c6050bb0e230cb4120233d,00815e80bd7f5f124143afee78d123ecc7a1caff370ef0a238f9f323b7ea6472,1,1
dataset_2_binary_clean_v2,val,val/images/nozzle_no_extrusion_0416.jpg,val/labels/nozzle_no_extrusion_0416.txt,161042,38,7be16db1c097b8e08189784b753a29f5875c0d9c3f6719617792514f2acf9387,00815e80bd7f5f124143afee78d123ecc7a1caff370ef0a238f9f323b7ea6472,1,1
dataset_2_binary_clean_v2,val,val/images/nozzle_no_extrusion_0420.jpg,val/labels/nozzle_no_extrusion_0420.txt,157653,38,0983a5a3681ddfeebe5a55752612627dabc6ab8a3d3aee54a062d168b0f3e86d,00815e80bd7f5f124143afee78d123ecc7a1caff370ef0a238f9f323b7ea6472,1,1
dataset_2_binary_clean_v2,val,val/images/nozzle_no_extrusion_0421.jpg,val/labels/nozzle_no_extrusion_0421.txt,159087,38,d1c1542e33ccc53eba4d33ce567dfc9ff71384d9eec4b2ca659b9dcd1accbe94,00815e80bd7f5f124143afee78d123ecc7a1caff370ef0a238f9f323b7ea6472,1,1
dataset_2_binary_clean_v2,val,val/images/nozzle_no_extrusion_0428.jpg,val/labels/nozzle_no_extrusion_0428.txt,161666,38,ae8bb64b2278ce695a366238131819976c43054dc469985f5dbfe75a995a8ed7,00815e80bd7f5f124143afee78d123ecc7a1caff370ef0a238f9f323b7ea6472,1,1
dataset_2_binary_clean_v2,val,val/images/nozzle_no_extrusion_0429.jpg,val/labels/nozzle_no_extrusion_0429.txt,158277,38,45864e9f1247039f00c473ae17f8adae40056d5b1bc73a887ef8a986f1b9eeee,00815e80bd7f5f124143afee78d123ecc7a1caff370ef0a238f9f323b7ea6472,1,1
dataset_2_binary_clean_v2,val,val/images/nozzle_no_extrusion_0437.jpg,val/labels/nozzle_no_extrusion_0437.txt,162612,38,c39e9e3a12d8687bec79a74b48823cd5925f94e46f480cb963697c40dd26db6c,00815e80bd7f5f124143afee78d123ecc7a1caff370ef0a238f9f323b7ea6472,1,1
dataset_2_binary_clean_v2,val,val/images/nozzle_no_extrusion_0439.jpg,val/labels/nozzle_no_extrusion_0439.txt,159740,38,f294f8a2bfdfe94ca6bd7e07e6ce7f92b17296483ad1818c21b5871e20123b20,00815e80bd7f5f124143afee78d123ecc7a1caff370ef0a238f9f323b7ea6472,1,1
dataset_2_binary_clean_v2,val,val/images/nozzle_no_extrusion_0449.jpg,val/labels/nozzle_no_extrusion_0449.txt,156047,38,a77183a8a3324e79716f81cd8dd5115839e7afc3616543546b1c9f7b0fd035af,00815e80bd7f5f124143afee78d123ecc7a1caff370ef0a238f9f323b7ea6472,1,1
dataset_2_binary_clean_v2,val,val/images/nozzle_no_extrusion_0450.jpg,val/labels/nozzle_no_extrusion_0450.txt,162565,38,c5a68d816f878612469fc8ce2061029d87bc7363b41cdf2b7ea0eea6c17b2f43,00815e80bd7f5f124143afee78d123ecc7a1caff370ef0a238f9f323b7ea6472,1,1
dataset_2_binary_clean_v2,val,val/images/nozzle_no_extrusion_0487.jpg,val/labels/nozzle_no_extrusion_0487.txt,164536,38,176c0f9550a3a603a1f17bb9e9924410a1ac6761215d66fe4b864afa24a56564,00815e80bd7f5f124143afee78d123ecc7a1caff370ef0a238f9f323b7ea6472,1,1
dataset_2_binary_clean_v2,val,val/images/nozzle_no_extrusion_0489.jpg,val/labels/nozzle_no_extrusion_0489.txt,132836,38,bbf1a0e9525269e5fd96f2e81f0af9c64687dff0030b818e5f2b25c3be07e03b,00815e80bd7f5f124143afee78d123ecc7a1caff370ef0a238f9f323b7ea6472,1,1
dataset_2_binary_clean_v2,val,val/images/nozzle_no_extrusion_0497.jpg,val/labels/nozzle_no_extrusion_0497.txt,168754,38,84fbe61a23247fafadd4ceecd63f6b8afe532cfb392f646e47642b43143ed5ca,00815e80bd7f5f124143afee78d123ecc7a1caff370ef0a238f9f323b7ea6472,1,1
dataset_2_binary_clean_v2,val,val/images/nozzle_no_extrusion_0521.jpg,val/labels/nozzle_no_extrusion_0521.txt,161900,38,b001f420629858533a07a6733a719fe32a0d327fbbfca87ad311156f5c3e137f,00815e80bd7f5f124143afee78d123ecc7a1caff370ef0a238f9f323b7ea6472,1,1
dataset_2_binary_clean_v2,val,val/images/nozzle_no_extrusion_0526.jpg,val/labels/nozzle_no_extrusion_0526.txt,167075,38,263e8b2d1002fc455b80059bcef0498c8fb69769c24ebda796455a04e295d2f4,00815e80bd7f5f124143afee78d123ecc7a1caff370ef0a238f9f323b7ea6472,1,1
dataset_2_binary_clean_v2,val,val/images/nozzle_no_extrusion_0587.jpg,val/labels/nozzle_no_extrusion_0587.txt,135114,38,b926303389d79c3d97692dd30b926ec239a8a34adf03450706dc372c2064f4c6,00815e80bd7f5f124143afee78d123ecc7a1caff370ef0a238f9f323b7ea6472,1,1
dataset_2_binary_clean_v2,val,val/images/nozzle_no_extrusion_0591.jpg,val/labels/nozzle_no_extrusion_0591.txt,164814,38,a64c649096c13754d00d0585dca204146c45136ebc55c416402669e91a819618,00815e80bd7f5f124143afee78d123ecc7a1caff370ef0a238f9f323b7ea6472,1,1
dataset_2_binary_clean_v2,val,val/images/nozzle_no_extrusion_0592.jpg,val/labels/nozzle_no_extrusion_0592.txt,170184,38,02c2511d449b51464c1f501431289cc9b457380324dfd240b397e3b9220116e6,00815e80bd7f5f124143afee78d123ecc7a1caff370ef0a238f9f323b7ea6472,1,1
dataset_2_binary_clean_v2,val,val/images/nozzle_no_extrusion_0597.jpg,val/labels/nozzle_no_extrusion_0597.txt,159575,38,663f282e7f8ab66a48e8d80fe5e419ddee552a510ff6a33ae0e32f5ee9663deb,00815e80bd7f5f124143afee78d123ecc7a1caff370ef0a238f9f323b7ea6472,1,1
dataset_2_binary_clean_v2,val,val/images/nozzle_no_extrusion_0598.jpg,val/labels/nozzle_no_extrusion_0598.txt,160452,38,761a2f18f66f19c9682bbd819995951efdabeb54e6fa1cd79702cc54afc902e8,00815e80bd7f5f124143afee78d123ecc7a1caff370ef0a238f9f323b7ea6472,1,1
dataset_2_binary_clean_v2,val,val/images/nozzle_no_extrusion_0599.jpg,val/labels/nozzle_no_extrusion_0599.txt,161666,38,006ba347e668bdf8477ca2c62b8ad892d8972336039270d554a991991ddf5de2,00815e80bd7f5f124143afee78d123ecc7a1caff370ef0a238f9f323b7ea6472,1,1
dataset_2_binary_clean_v2,val,val/images/nozzle_no_extrusion_0600.jpg,val/labels/nozzle_no_extrusion_0600.txt,161170,38,eac652f18cdf955bba2c0766de6b2c9f2c237b9deb03316f811b70b4d16f7836,00815e80bd7f5f124143afee78d123ecc7a1caff370ef0a238f9f323b7ea6472,1,1
dataset_2_binary_clean_v2,val,val/images/nozzle_no_extrusion_0601.jpg,val/labels/nozzle_no_extrusion_0601.txt,161751,38,7578cba4138725fec88f9afee46addcddabde412beabcc596312657bb5d97399,00815e80bd7f5f124143afee78d123ecc7a1caff370ef0a238f9f323b7ea6472,1,1
dataset_2_binary_clean_v2,val,val/images/nozzle_no_extrusion_0607.jpg,val/labels/nozzle_no_extrusion_0607.txt,160687,38,09661d7d2e87a7cbff34e14fe82f1455863ba628c49664dd68074a1e843ab23f,00815e80bd7f5f124143afee78d123ecc7a1caff370ef0a238f9f323b7ea6472,1,1
dataset_2_binary_clean_v2,val,val/images/nozzle_no_extrusion_0650.jpg,val/labels/nozzle_no_extrusion_0650.txt,167654,38,b359551ec3e39a8d9b186a6fd4aedc836583daa831034a541bbdb5578163d075,00815e80bd7f5f124143afee78d123ecc7a1caff370ef0a238f9f323b7ea6472,1,1
dataset_2_binary_clean_v2,val,val/images/nozzle_no_extrusion_0654.jpg,val/labels/nozzle_no_extrusion_0654.txt,162698,38,ac4af0a949993ee187af1ee507f41b1317534d609fc7c0f346acc5cd51de9bd8,00815e80bd7f5f124143afee78d123ecc7a1caff370ef0a238f9f323b7ea6472,1,1
dataset_2_binary_clean_v2,val,val/images/nozzle_no_extrusion_0661.jpg,val/labels/nozzle_no_extrusion_0661.txt,167606,38,0050475ce9815a3a0b56512f9f44c89ee3e7aeefbb8db56db5a9e125f3679727,00815e80bd7f5f124143afee78d123ecc7a1caff370ef0a238f9f323b7ea6472,1,1
dataset_2_binary_clean_v2,val,val/images/nozzle_no_extrusion_0665.jpg,val/labels/nozzle_no_extrusion_0665.txt,163774,38,f250c82d6f7b53e6dba3c01b995954480bfbea8354d509ff711f1c076b70f4cc,00815e80bd7f5f124143afee78d123ecc7a1caff370ef0a238f9f323b7ea6472,1,1
dataset_2_binary_clean_v2,val,val/images/nozzle_no_extrusion_0666.jpg,val/labels/nozzle_no_extrusion_0666.txt,169892,38,a00598403c545b71f824adba9d22de07f91862debbc4395faf440ea72c0e9fe4,00815e80bd7f5f124143afee78d123ecc7a1caff370ef0a238f9f323b7ea6472,1,1
dataset_2_binary_clean_v2,val,val/images/nozzle_no_extrusion_0674.jpg,val/labels/nozzle_no_extrusion_0674.txt,163154,38,efdf479f1c32cb6a630af895d48dd2578e651cf87a878ab5b3f04c03af30448f,00815e80bd7f5f124143afee78d123ecc7a1caff370ef0a238f9f323b7ea6472,1,1
dataset_2_binary_clean_v2,val,val/images/nozzle_no_extrusion_0683.jpg,val/labels/nozzle_no_extrusion_0683.txt,164593,38,5581b6219fb7654cffad0e52be8e149b952789a3ad1c1b490f47a6bf6ffecdd2,00815e80bd7f5f124143afee78d123ecc7a1caff370ef0a238f9f323b7ea6472,1,1
dataset_2_binary_clean_v2,val,val/images/nozzle_no_extrusion_0705.jpg,val/labels/nozzle_no_extrusion_0705.txt,166063,38,a8d3c46301ced70c96e0fa7a8c8c88e454e07051d4ee637a2f6cc3509e69a0c7,00815e80bd7f5f124143afee78d123ecc7a1caff370ef0a238f9f323b7ea6472,1,1
dataset_2_binary_clean_v2,val,val/images/nozzle_no_extrusion_0711.jpg,val/labels/nozzle_no_extrusion_0711.txt,166934,38,bd33af7fe4982b7d1ac9e0895d07d36d011ad28c6104ddf71d07891a96f3ac40,00815e80bd7f5f124143afee78d123ecc7a1caff370ef0a238f9f323b7ea6472,1,1
dataset_2_binary_clean_v2,val,val/images/nozzle_no_extrusion_0716.jpg,val/labels/nozzle_no_extrusion_0716.txt,164690,38,30490b29b3b2fb9414b0b133ff33b9252d8c0eef2c9065a17131fede6a4f202e,00815e80bd7f5f124143afee78d123ecc7a1caff370ef0a238f9f323b7ea6472,1,1
dataset_2_binary_clean_v2,val,val/images/nozzle_no_extrusion_0759.jpg,val/labels/nozzle_no_extrusion_0759.txt,163931,38,3e6554b3d9d3d3a54efe1e488a4f558f1740d33602590b4c1e605fab341bae68,00815e80bd7f5f124143afee78d123ecc7a1caff370ef0a238f9f323b7ea6472,1,1
dataset_2_binary_clean_v2,val,val/images/nozzle_no_extrusion_0761.jpg,val/labels/nozzle_no_extrusion_0761.txt,167453,38,7ace41db52578a3ecdba771ed931188c213ab0a822f94858b01df0e9f724c80a,00815e80bd7f5f124143afee78d123ecc7a1caff370ef0a238f9f323b7ea6472,1,1
dataset_2_binary_clean_v2,val,val/images/nozzle_no_extrusion_0762.jpg,val/labels/nozzle_no_extrusion_0762.txt,161365,38,deca5822f62de81523aefcd8e26ce89f4fa40f1566e87a0147bb1ec3966838a1,00815e80bd7f5f124143afee78d123ecc7a1caff370ef0a238f9f323b7ea6472,1,1
dataset_2_binary_clean_v2,val,val/images/nozzle_no_extrusion_0763.jpg,val/labels/nozzle_no_extrusion_0763.txt,164098,38,4cc4ca449c4f3939757460f97c320b6a346ab02fe314e803cd8814000bafc24d,00815e80bd7f5f124143afee78d123ecc7a1caff370ef0a238f9f323b7ea6472,1,1
dataset_2_binary_clean_v2,val,val/images/nozzle_no_extrusion_0764.jpg,val/labels/nozzle_no_extrusion_0764.txt,170236,38,7fa82b20b4b55565885c45c5146abb7c78b7f032cdfd7b2ebf409d0416a05bbb,00815e80bd7f5f124143afee78d123ecc7a1caff370ef0a238f9f323b7ea6472,1,1
dataset_2_binary_clean_v2,val,val/images/nozzle_no_extrusion_0766.jpg,val/labels/nozzle_no_extrusion_0766.txt,146979,38,8698f19e36592422333b40e8390bbdbc27f23493bc8e8846b597c7520e38dc20,00815e80bd7f5f124143afee78d123ecc7a1caff370ef0a238f9f323b7ea6472,1,1
dataset_2_binary_clean_v2,val,val/images/nozzle_no_extrusion_0778.jpg,val/labels/nozzle_no_extrusion_0778.txt,157811,38,edaa31c64b4769b32656b1eedabdc1c339512bab2263c420db7f8167375982f5,00815e80bd7f5f124143afee78d123ecc7a1caff370ef0a238f9f323b7ea6472,1,1
dataset_2_binary_clean_v2,val,val/images/nozzle_no_extrusion_0780.jpg,val/labels/nozzle_no_extrusion_0780.txt,162781,38,f1b4960a35dfcc0da43a7619f819cd8759c778009f021a3c30104f5661c829e1,00815e80bd7f5f124143afee78d123ecc7a1caff370ef0a238f9f323b7ea6472,1,1
dataset_2_binary_clean_v2,val,val/images/nozzle_no_extrusion_0785.jpg,val/labels/nozzle_no_extrusion_0785.txt,164544,38,a3c14cc0cdb01beea0db52140b6ea3178073744b7db2bb623b38a203c3e7b59e,00815e80bd7f5f124143afee78d123ecc7a1caff370ef0a238f9f323b7ea6472,1,1
dataset_2_binary_clean_v2,val,val/images/nozzle_no_extrusion_0786.jpg,val/labels/nozzle_no_extrusion_0786.txt,158781,38,80a9974edadca9055ab9fe50ca5097f8cfe7ccb7746861f775be36b859a4b7f9,00815e80bd7f5f124143afee78d123ecc7a1caff370ef0a238f9f323b7ea6472,1,1
dataset_2_binary_clean_v2,val,val/images/nozzle_no_extrusion_0812.jpg,val/labels/nozzle_no_extrusion_0812.txt,166237,38,c4c13eb0a4aa908fa0de77c5b473bd4a72421de53dc254523025e5b9cc43ba4d,00815e80bd7f5f124143afee78d123ecc7a1caff370ef0a238f9f323b7ea6472,1,1
dataset_2_binary_clean_v2,val,val/images/nozzle_no_extrusion_0824.jpg,val/labels/nozzle_no_extrusion_0824.txt,171283,38,25086fdf7090ad87c332cb612b0080aa4d85198f8b5ce59f0150ae3e55bd49ef,00815e80bd7f5f124143afee78d123ecc7a1caff370ef0a238f9f323b7ea6472,1,1
dataset_2_binary_clean_v2,val,val/images/nozzle_no_extrusion_0825.jpg,val/labels/nozzle_no_extrusion_0825.txt,149349,38,4d29cf0b61259455fe1e0736f4878c3dffe705a6e70c7b60a004c3e353aa4c82,00815e80bd7f5f124143afee78d123ecc7a1caff370ef0a238f9f323b7ea6472,1,1
dataset_2_binary_clean_v2,val,val/images/nozzle_no_extrusion_0832.jpg,val/labels/nozzle_no_extrusion_0832.txt,165430,38,a4e1bcc470e8ae33b616cbafb700a376f173895069a777283180106fea5b293b,00815e80bd7f5f124143afee78d123ecc7a1caff370ef0a238f9f323b7ea6472,1,1
dataset_2_binary_clean_v2,val,val/images/nozzle_no_extrusion_0833.jpg,val/labels/nozzle_no_extrusion_0833.txt,160004,38,9c809ce5f32bfb06f6fdeec344408c1607eafce52e267a85ee742f2f3a65a6b8,00815e80bd7f5f124143afee78d123ecc7a1caff370ef0a238f9f323b7ea6472,1,1
dataset_2_binary_clean_v2,val,val/images/nozzle_no_extrusion_0834.jpg,val/labels/nozzle_no_extrusion_0834.txt,166906,38,7b071cf6479c31ecba122139013a8adab89926147cd593c30d578180d9740fe0,00815e80bd7f5f124143afee78d123ecc7a1caff370ef0a238f9f323b7ea6472,1,1
dataset_2_binary_clean_v2,val,val/images/nozzle_no_extrusion_0862.jpg,val/labels/nozzle_no_extrusion_0862.txt,168453,38,90c1e7bdd184e6b149b534404b3a798be2424eb8e6a868e9a2ad511acd7077bf,00815e80bd7f5f124143afee78d123ecc7a1caff370ef0a238f9f323b7ea6472,1,1
dataset_2_binary_clean_v2,val,val/images/nozzle_no_extrusion_0863.jpg,val/labels/nozzle_no_extrusion_0863.txt,164448,38,547a1b3a3fc59f656bb24e3e80715304476b66cb0dfd4307ed5d4c487d396f42,00815e80bd7f5f124143afee78d123ecc7a1caff370ef0a238f9f323b7ea6472,1,1
dataset_2_binary_clean_v2,val,val/images/nozzle_no_extrusion_0868.jpg,val/labels/nozzle_no_extrusion_0868.txt,169678,38,a10d52580d84c392902b68ecd87c6969f8bf876da2a6542df07d9ee9b1215eeb,00815e80bd7f5f124143afee78d123ecc7a1caff370ef0a238f9f323b7ea6472,1,1
dataset_2_binary_clean_v2,val,val/images/nozzle_no_extrusion_0869.jpg,val/labels/nozzle_no_extrusion_0869.txt,169257,38,f896d602a6604b8b817ead3927893a188aa9737dde653c957c498e17f78df9b1,00815e80bd7f5f124143afee78d123ecc7a1caff370ef0a238f9f323b7ea6472,1,1
dataset_2_binary_clean_v2,val,val/images/nozzle_slight_contamination_0002.jpg,val/labels/nozzle_slight_contamination_0002.txt,127112,38,2979bc88ecad9b53fa84c1428df59bc23aa0ef05a3b64992e0dcb257c5c309d0,631fe78b78e8ec6ab7843f6beb57a57106c22cc0336253acbd797f930458a2e9,1,1
dataset_2_binary_clean_v2,val,val/images/nozzle_slight_contamination_0004.jpg,val/labels/nozzle_slight_contamination_0004.txt,106995,38,0ebcdaad7cf607c589bca81f0da809052c7d5f3869923ae98e04dbbbc3fc7052,631fe78b78e8ec6ab7843f6beb57a57106c22cc0336253acbd797f930458a2e9,1,1
dataset_2_binary_clean_v2,val,val/images/nozzle_tip_wrapped_0003.jpg,val/labels/nozzle_tip_wrapped_0003.txt,107749,38,d4d2c76724c59a90b3f2d73ce112b152d20613e90f001ea134df9e98001a6512,40035ed5a20aa08e7ec06d161bdcbcc78df92f4882ca9194e959530ae3752c43,1,0
dataset_2_binary_clean_v2,val,val/images/nozzle_tip_wrapped_0008.jpg,val/labels/nozzle_tip_wrapped_0008.txt,121469,38,fb674c7c12ee6fcba68145d729529cbfd008078080ddd1ea68b355e8d9a86eee,40035ed5a20aa08e7ec06d161bdcbcc78df92f4882ca9194e959530ae3752c43,1,0
dataset_2_binary_clean_v2,val,val/images/nozzle_tip_wrapped_0017.jpg,val/labels/nozzle_tip_wrapped_0017.txt,131281,38,72b51b2ed281fe774ba28a0d87d2bd24380d05fa61f33bfbf89a45e63e08b821,40035ed5a20aa08e7ec06d161bdcbcc78df92f4882ca9194e959530ae3752c43,1,0
dataset_2_binary_clean_v2,val,val/images/nozzle_tip_wrapped_0026.jpg,val/labels/nozzle_tip_wrapped_0026.txt,132339,38,7f13e2a19e7e2ead31cb27559ca21c6db48295e18f070f29b962a8c30870e0f1,40035ed5a20aa08e7ec06d161bdcbcc78df92f4882ca9194e959530ae3752c43,1,0
dataset_2_binary_clean_v2,val,val/images/nozzle_tip_wrapped_0028.jpg,val/labels/nozzle_tip_wrapped_0028.txt,111441,38,979ce927c501faa60efc567f7d728a520054a152609e868b5f5967c3bd13011e,40035ed5a20aa08e7ec06d161bdcbcc78df92f4882ca9194e959530ae3752c43,1,0
dataset_2_binary_clean_v2,val,val/images/nozzle_tip_wrapped_0029.jpg,val/labels/nozzle_tip_wrapped_0029.txt,130135,38,166af1111376506a693f97d6a7231733e7234be7557eea603f97deac1cb4cc09,40035ed5a20aa08e7ec06d161bdcbcc78df92f4882ca9194e959530ae3752c43,1,0
dataset_2_binary_clean_v2,val,val/images/nozzle_tip_wrapped_0042.jpg,val/labels/nozzle_tip_wrapped_0042.txt,130520,38,9cc8f3fe185368cde70e12e7e4f292b9a7ea1b95864888464db13d937b020927,40035ed5a20aa08e7ec06d161bdcbcc78df92f4882ca9194e959530ae3752c43,1,0
dataset_2_binary_clean_v2,val,val/images/nozzle_tip_wrapped_0064.jpg,val/labels/nozzle_tip_wrapped_0064.txt,131384,38,bc49949f0f536e57a085f15577da06f0de942cb2af28b843c80527a8c432a447,40035ed5a20aa08e7ec06d161bdcbcc78df92f4882ca9194e959530ae3752c43,1,0
dataset_2_binary_clean_v2,val,val/images/nozzle_tip_wrapped_0087.jpg,val/labels/nozzle_tip_wrapped_0087.txt,144108,38,c8469e731bc6e8b7596849d8335145ef11838f23af23e9ca7d77783be6b53648,40035ed5a20aa08e7ec06d161bdcbcc78df92f4882ca9194e959530ae3752c43,1,0
dataset_2_binary_clean_v2,val,val/images/nozzle_tip_wrapped_0088.jpg,val/labels/nozzle_tip_wrapped_0088.txt,151174,38,9748a9d28df8340c29cf72948324ed34b83474e8bd3562cc24235b3ed9c8c2e7,40035ed5a20aa08e7ec06d161bdcbcc78df92f4882ca9194e959530ae3752c43,1,0
dataset_2_binary_clean_v2,val,val/images/nozzle_tip_wrapped_0089.jpg,val/labels/nozzle_tip_wrapped_0089.txt,146992,38,04ad7a99e4a4fcb114aa8d14193b1e71390bcbf2a18e3650478d50bd87b20cd3,40035ed5a20aa08e7ec06d161bdcbcc78df92f4882ca9194e959530ae3752c43,1,0
dataset_2_binary_clean_v2,val,val/images/nozzle_tip_wrapped_0090.jpg,val/labels/nozzle_tip_wrapped_0090.txt,142281,38,b463f55e1572592eea8234d3f1b99589e49d5f2284c609eff07f83f80f407882,40035ed5a20aa08e7ec06d161bdcbcc78df92f4882ca9194e959530ae3752c43,1,0
dataset_2_binary_clean_v2,val,val/images/nozzle_tip_wrapped_0117.jpg,val/labels/nozzle_tip_wrapped_0117.txt,131896,38,ee0bf50941d6f1dbd9f381f7a1f62a32d69291852c36a005437b06095d686bcf,40035ed5a20aa08e7ec06d161bdcbcc78df92f4882ca9194e959530ae3752c43,1,0
dataset_2_binary_clean_v2,val,val/images/nozzle_tip_wrapped_0124.jpg,val/labels/nozzle_tip_wrapped_0124.txt,144355,38,d32955e92514d8f8d82bc44596599e97a296fdd332272a6de014436e51086e04,40035ed5a20aa08e7ec06d161bdcbcc78df92f4882ca9194e959530ae3752c43,1,0
dataset_2_binary_clean_v2,val,val/images/nozzle_tip_wrapped_0130.jpg,val/labels/nozzle_tip_wrapped_0130.txt,129740,38,ff2dd09a48e1d10f26176469c34925f0eb8a5d29bc7b3a046b91cad233ac27d8,40035ed5a20aa08e7ec06d161bdcbcc78df92f4882ca9194e959530ae3752c43,1,0
dataset_2_binary_clean_v2,val,val/images/nozzle_tip_wrapped_0131.jpg,val/labels/nozzle_tip_wrapped_0131.txt,130145,38,d67284b24135d3a132a3cea6f1273ee9f9fc467257b7f5841b37f3ac705018bb,40035ed5a20aa08e7ec06d161bdcbcc78df92f4882ca9194e959530ae3752c43,1,0
dataset_2_binary_clean_v2,val,val/images/nozzle_tip_wrapped_0137.jpg,val/labels/nozzle_tip_wrapped_0137.txt,132712,38,eea8d59643b2fe198d8229a7d51c7855d16a095beb8fd688fc023e0a53fb7940,40035ed5a20aa08e7ec06d161bdcbcc78df92f4882ca9194e959530ae3752c43,1,0
dataset_2_binary_clean_v2,val,val/images/nozzle_tip_wrapped_0141.jpg,val/labels/nozzle_tip_wrapped_0141.txt,130702,38,8912532bf26d9e32a8ea0471254847ca030b8ce4fef0267a7c9346cc48f871c4,40035ed5a20aa08e7ec06d161bdcbcc78df92f4882ca9194e959530ae3752c43,1,0
dataset_2_binary_clean_v2,val,val/images/nozzle_tip_wrapped_0142.jpg,val/labels/nozzle_tip_wrapped_0142.txt,137406,38,d248cb83542168bbbe555d0fa9b920d1f42e65fe2e22e8cdcae18edce6ad02dc,40035ed5a20aa08e7ec06d161bdcbcc78df92f4882ca9194e959530ae3752c43,1,0
dataset_2_binary_clean_v2,val,val/images/nozzle_tip_wrapped_0147.jpg,val/labels/nozzle_tip_wrapped_0147.txt,124168,38,8138ee7a6e8ffb414d0c64abcf16bd6b07739d1478a5bcaea9a08d83d9849d56,40035ed5a20aa08e7ec06d161bdcbcc78df92f4882ca9194e959530ae3752c43,1,0
dataset_2_binary_clean_v2,val,val/images/nozzle_tip_wrapped_0153.jpg,val/labels/nozzle_tip_wrapped_0153.txt,130006,38,a77ae409bd0b2540a97d12e0b173e6be988db497369080ba0c3d0189af4d1af7,40035ed5a20aa08e7ec06d161bdcbcc78df92f4882ca9194e959530ae3752c43,1,0
dataset_2_binary_clean_v2,val,val/images/nozzle_tip_wrapped_0160.jpg,val/labels/nozzle_tip_wrapped_0160.txt,139254,38,9ac93d5d6cee5ffd96ca150013102e74829ea5614d55e265e0aa9a5969632bdd,40035ed5a20aa08e7ec06d161bdcbcc78df92f4882ca9194e959530ae3752c43,1,0
dataset_2_binary_clean_v2,val,val/images/nozzle_tip_wrapped_0162.jpg,val/labels/nozzle_tip_wrapped_0162.txt,142080,38,458fc549b8669ecfd0053406fd1b715fb742fd7aea47d2eaf6378f017a095b80,40035ed5a20aa08e7ec06d161bdcbcc78df92f4882ca9194e959530ae3752c43,1,0
dataset_2_binary_clean_v2,val,val/images/nozzle_tip_wrapped_0166.jpg,val/labels/nozzle_tip_wrapped_0166.txt,132193,38,a1ee08915ca845ac3fcc7ac8b07e1c1336e682cb00e15cd5e163980fbd059e8b,40035ed5a20aa08e7ec06d161bdcbcc78df92f4882ca9194e959530ae3752c43,1,0
dataset_2_binary_clean_v2,val,val/images/nozzle_tip_wrapped_0168.jpg,val/labels/nozzle_tip_wrapped_0168.txt,132449,38,a81d2fbb5ef9a48ade7bcd7e2ea5867f50891e613e65bbc9714927b7937ce47b,40035ed5a20aa08e7ec06d161bdcbcc78df92f4882ca9194e959530ae3752c43,1,0
dataset_2_binary_clean_v2,val,val/images/nozzle_tip_wrapped_0169.jpg,val/labels/nozzle_tip_wrapped_0169.txt,139342,38,62ccfb99d5b31bb70e31a6ac63edd76e3ce5a152f893e4576fdc4c48654c1d92,40035ed5a20aa08e7ec06d161bdcbcc78df92f4882ca9194e959530ae3752c43,1,0
dataset_2_binary_clean_v2,val,val/images/nozzle_tip_wrapped_0170.jpg,val/labels/nozzle_tip_wrapped_0170.txt,137661,38,b69b84684b75803f859b1f9bbcb3202410f2f7076cdae345fbdf5bee0a15751d,40035ed5a20aa08e7ec06d161bdcbcc78df92f4882ca9194e959530ae3752c43,1,0
dataset_2_binary_clean_v2,val,val/images/nozzle_tip_wrapped_0171.jpg,val/labels/nozzle_tip_wrapped_0171.txt,136006,38,6ea954d526dec7cf348f67af86ebe81324337031883d1d8ba31c898497244a6d,40035ed5a20aa08e7ec06d161bdcbcc78df92f4882ca9194e959530ae3752c43,1,0
dataset_2_binary_clean_v2,val,val/images/nozzle_tip_wrapped_0175.jpg,val/labels/nozzle_tip_wrapped_0175.txt,144671,38,fba6872eb19d038dd071de28d27ecf0c7d81611a558baca702495c66df6a0486,40035ed5a20aa08e7ec06d161bdcbcc78df92f4882ca9194e959530ae3752c43,1,0
dataset_2_binary_clean_v2,val,val/images/nozzle_tip_wrapped_0177.jpg,val/labels/nozzle_tip_wrapped_0177.txt,137624,38,963135fbbca143953afcec5787ef85369744b80df47f7bd60ebef447a9da2688,40035ed5a20aa08e7ec06d161bdcbcc78df92f4882ca9194e959530ae3752c43,1,0
dataset_2_binary_clean_v2,val,val/images/nozzle_tip_wrapped_0178.jpg,val/labels/nozzle_tip_wrapped_0178.txt,135823,38,be3cc68ad9d77402d6cd1648c5751b5febcd5b022edf3e57213afc71f8d9ad86,40035ed5a20aa08e7ec06d161bdcbcc78df92f4882ca9194e959530ae3752c43,1,0
dataset_2_binary_clean_v2,val,val/images/nozzle_tip_wrapped_0183.jpg,val/labels/nozzle_tip_wrapped_0183.txt,123541,38,f516db5684311356fbd6d377eff2942fc540b81e5684f8aab4523826cd89686e,40035ed5a20aa08e7ec06d161bdcbcc78df92f4882ca9194e959530ae3752c43,1,0
dataset_2_binary_clean_v2,val,val/images/nozzle_tip_wrapped_0185.jpg,val/labels/nozzle_tip_wrapped_0185.txt,140812,38,0a9bc6b40e2c3820164fdd9b42bfb3b986262e97073e9187de83cac25e9545e7,40035ed5a20aa08e7ec06d161bdcbcc78df92f4882ca9194e959530ae3752c43,1,0
dataset_2_binary_clean_v2,val,val/images/nozzle_tip_wrapped_0196.jpg,val/labels/nozzle_tip_wrapped_0196.txt,128844,38,885e52580a70fe7348246a05b3ef23191cb9e6dad01d2dc9455211728cd65579,40035ed5a20aa08e7ec06d161bdcbcc78df92f4882ca9194e959530ae3752c43,1,0
dataset_2_binary_clean_v2,val,val/images/nozzle_tip_wrapped_0198.jpg,val/labels/nozzle_tip_wrapped_0198.txt,134090,38,6b7d15064bdf2c2b9813eca925388c20bf3359dd669a9f091ba9eb5c1f2835d7,40035ed5a20aa08e7ec06d161bdcbcc78df92f4882ca9194e959530ae3752c43,1,0
dataset_2_binary_clean_v2,val,val/images/nozzle_tip_wrapped_0207.jpg,val/labels/nozzle_tip_wrapped_0207.txt,122042,38,23064c3ddaa866a025c3d1c34a6f95bf0904b27ca82fa2dc6bfee9354a0d7105,40035ed5a20aa08e7ec06d161bdcbcc78df92f4882ca9194e959530ae3752c43,1,0
dataset_2_binary_clean_v2,val,val/images/nozzle_tip_wrapped_0208.jpg,val/labels/nozzle_tip_wrapped_0208.txt,141538,38,b5c3e848b85786b1e7e3969c2f079e14d1b763f345f467b816b85597a95d2c3b,40035ed5a20aa08e7ec06d161bdcbcc78df92f4882ca9194e959530ae3752c43,1,0
dataset_2_binary_clean_v2,val,val/images/nozzle_tip_wrapped_0210.jpg,val/labels/nozzle_tip_wrapped_0210.txt,139911,38,3dbfe35b0af10388cc28d58390ba8857904e7e45f8d50a47fbe1d3f12665906a,40035ed5a20aa08e7ec06d161bdcbcc78df92f4882ca9194e959530ae3752c43,1,0
dataset_2_binary_clean_v2,val,val/images/nozzle_tip_wrapped_0211.jpg,val/labels/nozzle_tip_wrapped_0211.txt,146091,38,f87c5a1f27951a29242f8413412d247c8f3831f0e2aa3b635a198661a3dffeb0,40035ed5a20aa08e7ec06d161bdcbcc78df92f4882ca9194e959530ae3752c43,1,0
dataset_2_binary_clean_v2,val,val/images/nozzle_tip_wrapped_0217.jpg,val/labels/nozzle_tip_wrapped_0217.txt,143340,38,1a26b2d8a1158ed835207ce38a2130fe49e6f7061649c5d27089f723f91f7be2,40035ed5a20aa08e7ec06d161bdcbcc78df92f4882ca9194e959530ae3752c43,1,0
dataset_2_binary_clean_v2,val,val/images/nozzle_tip_wrapped_0219.jpg,val/labels/nozzle_tip_wrapped_0219.txt,138581,38,c890d79b9e9ce11046986aadc25ead6497af2764b538fe4697a5f2d9066df755,40035ed5a20aa08e7ec06d161bdcbcc78df92f4882ca9194e959530ae3752c43,1,0
dataset_2_binary_clean_v2,val,val/images/nozzle_tip_wrapped_0238.jpg,val/labels/nozzle_tip_wrapped_0238.txt,147731,38,5ae8e10e9ee761f6dfcfa5e912e200bb995e2d7195bd107a081e17271aa9d0d5,40035ed5a20aa08e7ec06d161bdcbcc78df92f4882ca9194e959530ae3752c43,1,0
dataset_2_binary_clean_v2,val,val/images/nozzle_tip_wrapped_0239.jpg,val/labels/nozzle_tip_wrapped_0239.txt,147691,38,84fa0aed02bdea43f8765fc1046014fe34684a2fc473c0e6b0834f8b67caa46f,40035ed5a20aa08e7ec06d161bdcbcc78df92f4882ca9194e959530ae3752c43,1,0
dataset_2_binary_clean_v2,val,val/images/nozzle_tip_wrapped_0240.jpg,val/labels/nozzle_tip_wrapped_0240.txt,143077,38,307a7d49d03a1ce6a25cd011e0b39f1242029ffd192ae2a9ccea06f65ea3c639,40035ed5a20aa08e7ec06d161bdcbcc78df92f4882ca9194e959530ae3752c43,1,0
dataset_2_binary_clean_v2,val,val/images/nozzle_tip_wrapped_0241.jpg,val/labels/nozzle_tip_wrapped_0241.txt,122949,38,35eb661c58902767ae205cdaf8297011372798afe6636fc81d51361416176206,40035ed5a20aa08e7ec06d161bdcbcc78df92f4882ca9194e959530ae3752c43,1,0
dataset_2_binary_clean_v2,val,val/images/nozzle_tip_wrapped_0249.jpg,val/labels/nozzle_tip_wrapped_0249.txt,120604,38,b8db63ca8310dd5bebc86b67289a20b9470d3135240bdb0b8f823da16a66c84b,40035ed5a20aa08e7ec06d161bdcbcc78df92f4882ca9194e959530ae3752c43,1,0
dataset_2_binary_clean_v2,val,val/images/nozzle_tip_wrapped_0261.jpg,val/labels/nozzle_tip_wrapped_0261.txt,138781,38,f130bcc2fe11f8777b33854b7ced3c8363897a1988ee7dde22e4abf82a871883,40035ed5a20aa08e7ec06d161bdcbcc78df92f4882ca9194e959530ae3752c43,1,0
dataset_2_binary_clean_v2,val,val/images/nozzle_tip_wrapped_0281.jpg,val/labels/nozzle_tip_wrapped_0281.txt,140435,38,355f28c32a3d6ae1432b61fdc568f056ab33c0a5387929e11fb8491f7f4070cc,40035ed5a20aa08e7ec06d161bdcbcc78df92f4882ca9194e959530ae3752c43,1,0
dataset_2_binary_clean_v2,val,val/images/nozzle_tip_wrapped_0282.jpg,val/labels/nozzle_tip_wrapped_0282.txt,133067,38,ef9b0c76faeabb63b12b571f7eb53fda9a124aaa5e82a90d4381df56ad0c0c0a,40035ed5a20aa08e7ec06d161bdcbcc78df92f4882ca9194e959530ae3752c43,1,0
dataset_2_binary_clean_v2,val,val/images/nozzle_tip_wrapped_0314.jpg,val/labels/nozzle_tip_wrapped_0314.txt,143775,38,41d09a3f0ab67354d5e4a8f43d1cc6ad0cdabb25dabe12d0ae7f3416bf530d65,40035ed5a20aa08e7ec06d161bdcbcc78df92f4882ca9194e959530ae3752c43,1,0
dataset_2_binary_clean_v2,val,val/images/nozzle_tip_wrapped_0315.jpg,val/labels/nozzle_tip_wrapped_0315.txt,150611,38,b60a4b6e286ff21cc5a028ee6312ceb64459173166d7bb87db214f16d1ebc75d,40035ed5a20aa08e7ec06d161bdcbcc78df92f4882ca9194e959530ae3752c43,1,0
dataset_2_binary_clean_v2,val,val/images/nozzle_tip_wrapped_0316.jpg,val/labels/nozzle_tip_wrapped_0316.txt,149319,38,cbc0ef2920c38ae042e24f458262df3b4f69432fbe0a6319086eb2bc71ebbff3,40035ed5a20aa08e7ec06d161bdcbcc78df92f4882ca9194e959530ae3752c43,1,0
dataset_2_binary_clean_v2,val,val/images/nozzle_tip_wrapped_0338.jpg,val/labels/nozzle_tip_wrapped_0338.txt,141841,38,7bc9658bab81e6329cc40924b45a76d86b6af5ed9f1c84065420bfcc148eba96,40035ed5a20aa08e7ec06d161bdcbcc78df92f4882ca9194e959530ae3752c43,1,0
dataset_2_binary_clean_v2,val,val/images/nozzle_tip_wrapped_0339.jpg,val/labels/nozzle_tip_wrapped_0339.txt,136865,38,dc4805ccfb7b9ad74cbe91c39609b8d2bd1e6c622cf343ace804f51b8facd238,40035ed5a20aa08e7ec06d161bdcbcc78df92f4882ca9194e959530ae3752c43,1,0
dataset_2_binary_clean_v2,val,val/images/nozzle_tip_wrapped_0344.jpg,val/labels/nozzle_tip_wrapped_0344.txt,138894,38,f59a6f89e33733726720fe3fa7f05f129e31dba088c7733c6b47c5ff650c9fcc,40035ed5a20aa08e7ec06d161bdcbcc78df92f4882ca9194e959530ae3752c43,1,0
dataset_2_binary_clean_v2,val,val/images/nozzle_tip_wrapped_0361.jpg,val/labels/nozzle_tip_wrapped_0361.txt,129443,38,cc41da9388ccf636db5df92d33484a8ee0f65c414d1574bf337f33c315164ee2,40035ed5a20aa08e7ec06d161bdcbcc78df92f4882ca9194e959530ae3752c43,1,0
dataset_2_binary_clean_v2,val,val/images/nozzle_tip_wrapped_0367.jpg,val/labels/nozzle_tip_wrapped_0367.txt,128074,38,db718a280b37d944ef2cac7c3360866d0c5146c91d71d62394ea37b082c91d65,40035ed5a20aa08e7ec06d161bdcbcc78df92f4882ca9194e959530ae3752c43,1,0
dataset_2_binary_clean_v2,val,val/images/nozzle_tip_wrapped_0370.jpg,val/labels/nozzle_tip_wrapped_0370.txt,132661,38,56e459ae5d1d3a301da89a5555158887985083419510e3cf6fadb8573fa52c8b,40035ed5a20aa08e7ec06d161bdcbcc78df92f4882ca9194e959530ae3752c43,1,0
dataset_2_binary_clean_v2,val,val/images/nozzle_tip_wrapped_0385.jpg,val/labels/nozzle_tip_wrapped_0385.txt,138929,38,8e2a29ea83b2d6a20fa765998b88bcabe4c311c8ed65c0ee609a8956f1c482cc,40035ed5a20aa08e7ec06d161bdcbcc78df92f4882ca9194e959530ae3752c43,1,0
dataset_2_binary_clean_v2,val,val/images/nozzle_tip_wrapped_0391.jpg,val/labels/nozzle_tip_wrapped_0391.txt,98011,38,03ef1bce5138a60430d4f4f672b647a9debc93f5c16f846b7a09d3f38838df3a,40035ed5a20aa08e7ec06d161bdcbcc78df92f4882ca9194e959530ae3752c43,1,0
dataset_2_binary_clean_v2,val,val/images/nozzle_tip_wrapped_0401.jpg,val/labels/nozzle_tip_wrapped_0401.txt,118400,38,197b4ff1ec1885ebc871513bdbc939452d6f16a960c0ae12b05388e1de8eb375,40035ed5a20aa08e7ec06d161bdcbcc78df92f4882ca9194e959530ae3752c43,1,0
dataset_2_binary_clean_v2,val,val/images/nozzle_tip_wrapped_0402.jpg,val/labels/nozzle_tip_wrapped_0402.txt,109611,38,cd24a9f91ec504b9e6a464ec938f3ccac5ab6b5dd7ad05dc8ac879f76085cebb,40035ed5a20aa08e7ec06d161bdcbcc78df92f4882ca9194e959530ae3752c43,1,0
dataset_2_binary_clean_v2,val,val/images/nozzle_tip_wrapped_0411.jpg,val/labels/nozzle_tip_wrapped_0411.txt,108430,38,e7b6e14593722ff6dd8271ab7c25e8c70e272e4e61e1eb0e584b38e22e8695ad,40035ed5a20aa08e7ec06d161bdcbcc78df92f4882ca9194e959530ae3752c43,1,0
dataset_2_binary_clean_v2,val,val/images/nozzle_tip_wrapped_0414.jpg,val/labels/nozzle_tip_wrapped_0414.txt,123973,38,96d5c789e17a577d35160a1a1e11f1bc0892d32bd3f6a93ae7a43642c9fd33cb,40035ed5a20aa08e7ec06d161bdcbcc78df92f4882ca9194e959530ae3752c43,1,0
dataset_2_binary_clean_v2,val,val/images/nozzle_tip_wrapped_0442.jpg,val/labels/nozzle_tip_wrapped_0442.txt,130885,38,e7d59420629c57c64815a1a8d31dfbcc04a20080cd372b7aaf31f3e858c16c18,40035ed5a20aa08e7ec06d161bdcbcc78df92f4882ca9194e959530ae3752c43,1,0
dataset_2_binary_clean_v2,val,val/images/nozzle_tip_wrapped_0443.jpg,val/labels/nozzle_tip_wrapped_0443.txt,130638,38,9c739013c8566fe6412f9a5edc94d93f2bb6bea29d5e37cd5fb3f51282101eb9,40035ed5a20aa08e7ec06d161bdcbcc78df92f4882ca9194e959530ae3752c43,1,0
dataset_2_binary_clean_v2,val,val/images/nozzle_tip_wrapped_0444.jpg,val/labels/nozzle_tip_wrapped_0444.txt,125382,38,fb077c1dc10b961bbccc993aa0e7b1413d6d8777f366f7a4afa12c91c4fa7527,40035ed5a20aa08e7ec06d161bdcbcc78df92f4882ca9194e959530ae3752c43,1,0
dataset_2_binary_clean_v2,val,val/images/nozzle_tip_wrapped_0447.jpg,val/labels/nozzle_tip_wrapped_0447.txt,105726,38,83c402e3e6511eb2e04df0610e8fd32e9af7566128b9b90ebc29bf56b38f7446,40035ed5a20aa08e7ec06d161bdcbcc78df92f4882ca9194e959530ae3752c43,1,0
dataset_2_binary_clean_v2,val,val/images/nozzle_tip_wrapped_0456.jpg,val/labels/nozzle_tip_wrapped_0456.txt,123931,38,87e8cd58e7cb45a56a2836e4384caf3df8f971700f35afb6378dbd46a1fd6514,40035ed5a20aa08e7ec06d161bdcbcc78df92f4882ca9194e959530ae3752c43,1,0
dataset_2_binary_clean_v2,val,val/images/nozzle_tip_wrapped_0457.jpg,val/labels/nozzle_tip_wrapped_0457.txt,122924,38,b331890f53753bcd51f01aae6c398e02f8629dcfeec82d18c9b9be5eaf326e83,40035ed5a20aa08e7ec06d161bdcbcc78df92f4882ca9194e959530ae3752c43,1,0
dataset_2_binary_clean_v2,val,val/images/nozzle_tip_wrapped_0458.jpg,val/labels/nozzle_tip_wrapped_0458.txt,129686,38,92a236f9dbcb2a9550b02d2d1f647e60efcd0db94c943a5cf5630991a2853212,40035ed5a20aa08e7ec06d161bdcbcc78df92f4882ca9194e959530ae3752c43,1,0
dataset_2_binary_clean_v2,val,val/images/nozzle_tip_wrapped_0468.jpg,val/labels/nozzle_tip_wrapped_0468.txt,133349,38,c4eab1854a36cfec90fadbfe71a81a87b80ffd6e1788ccacf1fc84dd7c5384bf,40035ed5a20aa08e7ec06d161bdcbcc78df92f4882ca9194e959530ae3752c43,1,0
dataset_2_binary_clean_v2,val,val/images/nozzle_tip_wrapped_0469.jpg,val/labels/nozzle_tip_wrapped_0469.txt,137582,38,0de63e1f15a0e3efff930eac28f036e5eec77442f145fff795f7566714994416,40035ed5a20aa08e7ec06d161bdcbcc78df92f4882ca9194e959530ae3752c43,1,0
dataset_2_binary_clean_v2,val,val/images/nozzle_tip_wrapped_0471.jpg,val/labels/nozzle_tip_wrapped_0471.txt,136193,38,6fb73271ef3c95f66fc09ea4ef2e9e0034cb2075bca3ea37a1166bc7b79cba88,40035ed5a20aa08e7ec06d161bdcbcc78df92f4882ca9194e959530ae3752c43,1,0
dataset_2_binary_clean_v2,val,val/images/nozzle_tip_wrapped_0472.jpg,val/labels/nozzle_tip_wrapped_0472.txt,137862,38,aa4b47478658adf37cda707474452449dc4835820a387c7e32a21aeb7a8344ea,40035ed5a20aa08e7ec06d161bdcbcc78df92f4882ca9194e959530ae3752c43,1,0
dataset_2_binary_clean_v2,val,val/images/nozzle_tip_wrapped_0475.jpg,val/labels/nozzle_tip_wrapped_0475.txt,137378,38,d5e117402f7b95ef165a38457b0ff5130f21c9dce01b4de2ef60499b26f9130e,40035ed5a20aa08e7ec06d161bdcbcc78df92f4882ca9194e959530ae3752c43,1,0
dataset_2_binary_clean_v2,val,val/images/nozzle_tip_wrapped_0476.jpg,val/labels/nozzle_tip_wrapped_0476.txt,135379,38,23ad52019ed518f5840a24bb7facf9c119790c7d89b3e7be5ece5be8d85d7869,40035ed5a20aa08e7ec06d161bdcbcc78df92f4882ca9194e959530ae3752c43,1,0
dataset_2_binary_clean_v2,val,val/images/nozzle_tip_wrapped_0477.jpg,val/labels/nozzle_tip_wrapped_0477.txt,134051,38,8edb72ff53c2eb66a372990075e9d485a66d3df5619c4ecf4002a5209c8fdebf,40035ed5a20aa08e7ec06d161bdcbcc78df92f4882ca9194e959530ae3752c43,1,0
dataset_2_binary_clean_v2,val,val/images/nozzle_tip_wrapped_0478.jpg,val/labels/nozzle_tip_wrapped_0478.txt,126476,38,ab461e22e424e30709f08b3dcf7e61ed8acbafef912d87cb516cf9f9752493f7,40035ed5a20aa08e7ec06d161bdcbcc78df92f4882ca9194e959530ae3752c43,1,0
dataset_2_binary_clean_v2,val,val/images/nozzle_tip_wrapped_0479.jpg,val/labels/nozzle_tip_wrapped_0479.txt,120838,38,b11ac82f6807baf30e4ec4efba5469404f1cc49b840c368820137c67c4e42117,40035ed5a20aa08e7ec06d161bdcbcc78df92f4882ca9194e959530ae3752c43,1,0
dataset_2_binary_clean_v2,val,val/images/nozzle_tip_wrapped_0484.jpg,val/labels/nozzle_tip_wrapped_0484.txt,115402,38,2911a0e52953f173c2624a1057f87c4b1c469293ca7443d694cea3c116abd7c2,40035ed5a20aa08e7ec06d161bdcbcc78df92f4882ca9194e959530ae3752c43,1,0
dataset_2_binary_clean_v2,val,val/images/nozzle_tip_wrapped_0488.jpg,val/labels/nozzle_tip_wrapped_0488.txt,131049,38,30fd7c1a76e192b9a39554c7e9b6cbbe1904db17d55b045e2f771f425ac7371c,40035ed5a20aa08e7ec06d161bdcbcc78df92f4882ca9194e959530ae3752c43,1,0
dataset_2_binary_clean_v2,val,val/images/nozzle_tip_wrapped_0496.jpg,val/labels/nozzle_tip_wrapped_0496.txt,132788,38,7e6cf3d956af00177629280b03170b74e2a700fe66151d04b15de388e56e8f84,40035ed5a20aa08e7ec06d161bdcbcc78df92f4882ca9194e959530ae3752c43,1,0
dataset_2_binary_clean_v2,val,val/images/nozzle_tip_wrapped_0497.jpg,val/labels/nozzle_tip_wrapped_0497.txt,129473,38,e4d39cd4628ca57a85f270759d1a7d48ca1a4498b75204d5732ff57bcc2ccb54,40035ed5a20aa08e7ec06d161bdcbcc78df92f4882ca9194e959530ae3752c43,1,0
dataset_2_binary_clean_v2,val,val/images/nozzle_tip_wrapped_0498.jpg,val/labels/nozzle_tip_wrapped_0498.txt,132025,38,0ac8e118d743ec166bb91a707126a1cbe5b850ab2243092c064e45ed1c436507,40035ed5a20aa08e7ec06d161bdcbcc78df92f4882ca9194e959530ae3752c43,1,0
dataset_2_binary_clean_v2,val,val/images/nozzle_tip_wrapped_0499.jpg,val/labels/nozzle_tip_wrapped_0499.txt,128289,38,1ee8bc89373f95fe08d409c86225d5d8c79ee241638b3416349bc61f23c20de0,40035ed5a20aa08e7ec06d161bdcbcc78df92f4882ca9194e959530ae3752c43,1,0
dataset_2_binary_clean_v2,val,val/images/nozzle_tip_wrapped_0503.jpg,val/labels/nozzle_tip_wrapped_0503.txt,107638,38,2e73bb7820d4bbe4f060ff4b956e17595e1105e67d02ea2160452ee50f197240,40035ed5a20aa08e7ec06d161bdcbcc78df92f4882ca9194e959530ae3752c43,1,0
dataset_2_binary_clean_v2,val,val/images/nozzle_tip_wrapped_0507.jpg,val/labels/nozzle_tip_wrapped_0507.txt,125986,38,bc38220d7f883eea336e7404423086ae1b84178a26590f3715d4898759aaa757,40035ed5a20aa08e7ec06d161bdcbcc78df92f4882ca9194e959530ae3752c43,1,0
dataset_2_binary_clean_v2,val,val/images/nozzle_tip_wrapped_0512.jpg,val/labels/nozzle_tip_wrapped_0512.txt,127450,38,a128e0f9a57a789eb7d15998405af226f589386c8dfe69ba41ab04ca0d829187,40035ed5a20aa08e7ec06d161bdcbcc78df92f4882ca9194e959530ae3752c43,1,0
dataset_2_binary_clean_v2,val,val/images/nozzle_tip_wrapped_0516.jpg,val/labels/nozzle_tip_wrapped_0516.txt,125898,38,0ac83841a5b4743b7d9518fe34338da13984e3b45d2911bbd50aa605423d84c1,40035ed5a20aa08e7ec06d161bdcbcc78df92f4882ca9194e959530ae3752c43,1,0
dataset_2_binary_clean_v2,val,val/images/nozzle_tip_wrapped_0519.jpg,val/labels/nozzle_tip_wrapped_0519.txt,123063,38,257721bbcb961fb84ab98e964ebb90e337231b7125a74bac297ad0215e1cc874,40035ed5a20aa08e7ec06d161bdcbcc78df92f4882ca9194e959530ae3752c43,1,0
dataset_2_binary_clean_v2,val,val/images/nozzle_tip_wrapped_0520.jpg,val/labels/nozzle_tip_wrapped_0520.txt,120984,38,3e1cd41caab58c9e4c7751f34149cb8620767682c65d3ccd24c9a3a4c9a3cf46,40035ed5a20aa08e7ec06d161bdcbcc78df92f4882ca9194e959530ae3752c43,1,0
dataset_2_binary_clean_v2,val,val/images/nozzle_tip_wrapped_0522.jpg,val/labels/nozzle_tip_wrapped_0522.txt,112922,38,818c7dd87a8c93f956b50dbf4ac76fde19f3640161a8bf1ed737ad46b86fe36c,40035ed5a20aa08e7ec06d161bdcbcc78df92f4882ca9194e959530ae3752c43,1,0
dataset_2_binary_clean_v2,val,val/images/nozzle_tip_wrapped_0524.jpg,val/labels/nozzle_tip_wrapped_0524.txt,118815,38,edd1b7d275c0f08af4acc2312b07f63790187c7bafd44b20084165070aad2b41,40035ed5a20aa08e7ec06d161bdcbcc78df92f4882ca9194e959530ae3752c43,1,0
dataset_2_binary_clean_v2,val,val/images/nozzle_tip_wrapped_0542.jpg,val/labels/nozzle_tip_wrapped_0542.txt,122839,38,9907258ccf634c5bbec87a57f0c41fd38470d763d6f5fd78f1aa2af9b9009d2d,40035ed5a20aa08e7ec06d161bdcbcc78df92f4882ca9194e959530ae3752c43,1,0
dataset_2_binary_clean_v2,val,val/images/nozzle_tip_wrapped_0565.jpg,val/labels/nozzle_tip_wrapped_0565.txt,106504,38,eca25b29083588c6ab703b879dbbb9443c008378215e539d15384bb4cfdfbad3,40035ed5a20aa08e7ec06d161bdcbcc78df92f4882ca9194e959530ae3752c43,1,0
dataset_2_binary_clean_v2,val,val/images/nozzle_tip_wrapped_0566.jpg,val/labels/nozzle_tip_wrapped_0566.txt,109076,38,ba8db794d23021e14d348c528ef3230507987f629499f15e1e115d8eb2ceb267,40035ed5a20aa08e7ec06d161bdcbcc78df92f4882ca9194e959530ae3752c43,1,0
dataset_2_binary_clean_v2,val,val/images/nozzle_tip_wrapped_0568.jpg,val/labels/nozzle_tip_wrapped_0568.txt,109117,38,281d907bcff8e2b3676337a96d333fcd06d9a726dd52e5e8db60b06a924bd3d7,40035ed5a20aa08e7ec06d161bdcbcc78df92f4882ca9194e959530ae3752c43,1,0
dataset_2_binary_clean_v2,val,val/images/nozzle_tip_wrapped_0577.jpg,val/labels/nozzle_tip_wrapped_0577.txt,106561,38,5c11d4d85d95c403da4dcf07045e334b893fc32ab286188c2e5720c2ec8db30b,40035ed5a20aa08e7ec06d161bdcbcc78df92f4882ca9194e959530ae3752c43,1,0
dataset_2_binary_clean_v2,val,val/images/nozzle_tip_wrapped_0581.jpg,val/labels/nozzle_tip_wrapped_0581.txt,106683,38,de96071cd2d36d4c24fe905a62ade62281566a8009dfc80f28db25f106617014,40035ed5a20aa08e7ec06d161bdcbcc78df92f4882ca9194e959530ae3752c43,1,0
dataset_2_binary_clean_v2,val,val/images/nozzle_tip_wrapped_0585.jpg,val/labels/nozzle_tip_wrapped_0585.txt,110781,38,1d94ae80822cc6b0fa51568a98234217b6bb65a640341437a30e35ad1a7d8a61,40035ed5a20aa08e7ec06d161bdcbcc78df92f4882ca9194e959530ae3752c43,1,0
dataset_2_binary_clean_v2,val,val/images/nozzle_tip_wrapped_0593.jpg,val/labels/nozzle_tip_wrapped_0593.txt,95731,38,94ccd29270f188a6f01d1128a7f37353825e85bd20092abe34445978b3f931cb,40035ed5a20aa08e7ec06d161bdcbcc78df92f4882ca9194e959530ae3752c43,1,0
dataset_2_binary_clean_v2,val,val/images/nozzle_tip_wrapped_0612.jpg,val/labels/nozzle_tip_wrapped_0612.txt,98341,38,63c8da0415c110e10c325bfd4d38e2c368f7c684925b574db89fb2df170721a7,f4b62b49937cc626927e1ac8400957ef2192d5a7cc4e4b65d3970f597b2dfcd4,1,0
dataset_2_binary_clean_v2,val,val/images/nozzle_tip_wrapped_0632.jpg,val/labels/nozzle_tip_wrapped_0632.txt,107188,38,0689deef2e11193aef40f37a4aa729bef1e8a2761026a03cf8b81317cd57df8d,bf3eec2e3accfea8b2a2e68c17f78bde600ee13509ee63c3aa1ab80a26712598,1,0
dataset_2_binary_clean_v2,val,val/images/nozzle_tip_wrapped_0650.jpg,val/labels/nozzle_tip_wrapped_0650.txt,94986,38,8dbf76abb8e6ce8c5e5abeadb3c5daebf267d1d048b8b3a64ac2dbaf0e6fb5f7,db812910d71921270e6827e309182838ef3b36182517a2f87bccc2982af8c549,1,0
dataset_2_binary_clean_v2,val,val/images/nozzle_tip_wrapped_0654.jpg,val/labels/nozzle_tip_wrapped_0654.txt,89068,38,600c76821283476c9a89171e2b3c8f071f0e0ceb1307004c105bd82ec096f335,d62f75c026e03450a7fa00f70e640f0e28c8e1ae5cc3c77132926dc12b0c787d,1,0
dataset_2_binary_clean_v2,val,val/images/nozzle_tip_wrapped_0655.jpg,val/labels/nozzle_tip_wrapped_0655.txt,97852,38,9c7b3bf31563c5afeaa69170112f51b40df1b048ce3dbc2976006ce795af387c,6ed1bb55b8de33cf61b36428597f3579331bf40da0da9ac2881cfa84d2c1fdd8,1,0
dataset_2_binary_clean_v2,val,val/images/nozzle_tip_wrapped_0657.jpg,val/labels/nozzle_tip_wrapped_0657.txt,98705,38,3914967b0c2cf3fa0eed2d2af0b34163bf1731cb2bcd43d24cbb768bf78e8303,3935c5b10f778b84ea587d17000a2ee451780b30340a607f8cfd379f62d0eec1,1,0
dataset_2_binary_clean_v2,val,val/images/nozzle_tip_wrapped_0658.jpg,val/labels/nozzle_tip_wrapped_0658.txt,91797,38,b065c8aab1a20868f0eecd522ffe0d18b4d82419c1708b7cce8e87e3c76a1218,4c57c347bfcccb463bd94416504ce551f3658e49586aeb6c72fd5c2f87809143,1,0
dataset_2_binary_clean_v2,val,val/images/nozzle_tip_wrapped_0664.jpg,val/labels/nozzle_tip_wrapped_0664.txt,103448,38,79aa22ff9fdd0e7c1f99cb6ee8d4711b8d66f5a3931a44bd47f4333d91350e83,b193e0c9e6271bf4b299c127b965787ec0bfb6122685039599b333fef3da8e91,1,0
dataset_2_binary_clean_v2,val,val/images/nozzle_tip_wrapped_0678.jpg,val/labels/nozzle_tip_wrapped_0678.txt,93798,38,f65dab1ad543bb3e676e9d8fbde07ff23bc747b42efbfa5cfbefafb0e630d31e,1a43109ca8abfe35cc0b62688c2f58c17e1043eadd168679d466079e81535a11,1,0
dataset_2_binary_clean_v2,val,val/images/nozzle_tip_wrapped_0686.jpg,val/labels/nozzle_tip_wrapped_0686.txt,104310,38,0a5e73b6bb2c71fb6c844f854e84341fd6e3704600319d3244887fee3fde8337,1a43109ca8abfe35cc0b62688c2f58c17e1043eadd168679d466079e81535a11,1,0
dataset_2_binary_clean_v2,val,val/images/nozzle_tip_wrapped_0687.jpg,val/labels/nozzle_tip_wrapped_0687.txt,88241,38,16181d60d155de03ba0d81d9e35f652374be6694f6af99c138cff711abe14541,1a43109ca8abfe35cc0b62688c2f58c17e1043eadd168679d466079e81535a11,1,0
dataset_2_binary_clean_v2,val,val/images/nozzle_tip_wrapped_0713.jpg,val/labels/nozzle_tip_wrapped_0713.txt,94464,38,6f18cbb95773f811dfeac8430889f1aac67919f8cb1aaa80a4cbf894246c7631,faaaf0198a6909324cd43695a8faec95cab14363a0cb2e022a0cff126ace0bdf,1,0
dataset_2_binary_clean_v2,val,val/images/nozzle_tip_wrapped_0715.jpg,val/labels/nozzle_tip_wrapped_0715.txt,97847,38,df95e3202d6c5111c060cc4820865199b0f9506066be446297efd41bb7704fdb,2c8a7ebc8f5524975481bf1debf9ca377881f2afba0f80da3aa8f7416f9dc544,1,0
dataset_2_binary_clean_v2,val,val/images/nozzle_tip_wrapped_0734.jpg,val/labels/nozzle_tip_wrapped_0734.txt,92900,38,8fb4305896ab4a87793d8de37fcabc49e04720098771a75aae09370b3c76410f,059d424ba5867028c4506ebe2eeeef7511dcf0d65fe2386f487e7faa1471d453,1,0
dataset_2_binary_clean_v2,val,val/images/nozzle_tip_wrapped_0743.jpg,val/labels/nozzle_tip_wrapped_0743.txt,96983,38,b5a8d25e6b023f1a5f2c90b699eaa66f9779509215b007d3f8b5659170194cd5,052b37a5b18d156690edb2c21b5f52cdd3ab97c9387cdc14c462fad1e352a949,1,0
dataset_2_binary_clean_v2,val,val/images/nozzle_tip_wrapped_0744.jpg,val/labels/nozzle_tip_wrapped_0744.txt,103366,38,a0afe139533106bab26566f4ae3ce9b8d5c4cbd904832b7f48ce7c27df3351f7,a3da6acd1258e2b95e5734ed99c1fdc2ad62260295f19d23f8c66af655a0264f,1,0
dataset_2_binary_clean_v2,val,val/images/nozzle_tip_wrapped_0745.jpg,val/labels/nozzle_tip_wrapped_0745.txt,104279,38,1c525b57c582e41feadc02ca1320dcdcb91c9b60571340b7b6ff05dbf7d93e15,aa49b688b9c29914a1a7637415c9c36e2d3744edeed8522d8d8edb42de701997,1,0
dataset_2_binary_clean_v2,val,val/images/nozzle_tip_wrapped_0746.jpg,val/labels/nozzle_tip_wrapped_0746.txt,83600,38,9c9e05fd90f9462a7ae20b0380f023b8180ca685bcfe880021b248c59c72e237,f67b2c82350c8d98793d61547c5683b468e0667a600b5efc166a7b2158977868,1,0
dataset_2_binary_clean_v2,val,val/images/nozzle_tip_wrapped_0756.jpg,val/labels/nozzle_tip_wrapped_0756.txt,94612,38,2763436318c4b9c1bf224f26459707a6ef0c53f9aa5bfe32a7096cd7d8f20410,3c971eea85d832c4c8f314dc0b812b87536e7e9f68590270f03bf5de5684aa3a,1,0
dataset_2_binary_clean_v2,val,val/images/nozzle_tip_wrapped_0765.jpg,val/labels/nozzle_tip_wrapped_0765.txt,103442,38,a21ff40b09b355c190812df349fa402ee8f803d345ab5301faad9cabc6fac021,d199df418e083dc825c4d23de66b20e05ccaf2f739d7e0d280d4e83b1eb9a4c1,1,0
dataset_2_binary_clean_v2,val,val/images/nozzle_tip_wrapped_0769.jpg,val/labels/nozzle_tip_wrapped_0769.txt,114432,38,b6071a1e4b96f8649beafbeb544a377c33da558cea7dfdcec8e131fb5418593a,41531ef35f4bdf2ae5f7a1ea117a1016bbc364d50dba0fc9dc03ee7b57afdbca,1,0
dataset_2_binary_clean_v2,val,val/images/nozzle_tip_wrapped_0781.jpg,val/labels/nozzle_tip_wrapped_0781.txt,112750,38,8bad029ec1c7c321c4857ed026b9978a04121c8ceeec27b751cc69bd6141fd8d,d0bb9976bf9b6fdd7ea81bcddf331a1a28d52154f554f5ffde390eb00c00b57d,1,0
dataset_2_binary_clean_v2,val,val/images/nozzle_tip_wrapped_0785.jpg,val/labels/nozzle_tip_wrapped_0785.txt,101010,38,8366d1dc63e006bd61d91a49002acfb242a0ac22fbf68be586af9c94d2124117,dc40bb4835dc9df847b0b5ef0508eec75bf3759e8179b50a4062cc42415b084f,1,0
dataset_2_binary_clean_v2,val,val/images/nozzle_tip_wrapped_0819.jpg,val/labels/nozzle_tip_wrapped_0819.txt,105018,38,68a813f885f8f8776fa92850080d595e9760a39b2895d04da1a129530748ca4a,71a6184e34995139b6b49a9888c52f7361f7dedfc1ad463a9498b466a7be2a27,1,0
dataset_2_binary_clean_v2,val,val/images/nozzle_tip_wrapped_0821.jpg,val/labels/nozzle_tip_wrapped_0821.txt,107094,38,a90c0094fe7d76df3dbcc5c5789ebb879e3254b05310f408841542363941a90e,eb135116a5941753651d2371974198eba94f3843fa44e66f31b0656d748dbe7d,1,0
dataset_2_binary_clean_v2,val,val/images/nozzle_tip_wrapped_0826.jpg,val/labels/nozzle_tip_wrapped_0826.txt,101247,38,5a9198e12fdc6f49e5bc7b007cabd933c00b0dcac5dcefaebd94cb6ad27ede38,7bb49ff76edc3c0c12313206eb6e050a345466898480e2acc3888a9ca684d172,1,0
dataset_2_binary_clean_v2,val,val/images/nozzle_tip_wrapped_0834.jpg,val/labels/nozzle_tip_wrapped_0834.txt,116432,38,d4d770ef9309ba97fb421842da29df0b1ed43a9c597fbdd40e309c20dfcf416f,c5ceb352369cc83b6d9ea8085c83b090c3abd7450209a594d2bca77efe605f31,1,0
dataset_2_binary_clean_v2,val,val/images/nozzle_tip_wrapped_0836.jpg,val/labels/nozzle_tip_wrapped_0836.txt,116600,38,f63ebc98ec68824164160d21913da02b89b68d4eaec88765df41c6956b841061,b52e26a15aa74a260e8f3bfa06fe5494cd88c609a1a43ad6c94c4c367c87970c,1,0
dataset_2_binary_clean_v2,val,val/images/nozzle_tip_wrapped_0837.jpg,val/labels/nozzle_tip_wrapped_0837.txt,122772,38,2c3540249ef5b4e3688d9b8e66926c092566f317561dc01f07db25a118948bfc,858375806dfd6a7b6594816e8202ff693a7ef4d7fdd3ce8c92b921c78df15b83,1,0
dataset_2_binary_clean_v2,val,val/images/nozzle_tip_wrapped_0844.jpg,val/labels/nozzle_tip_wrapped_0844.txt,100120,38,2af3a04a7cf1d1afedcaca8227e2c9e54f8486f2931d722cd04803c56afaea9c,17e7a12d3e591e83dda3ab28804564588df53744b06de7ccd35223aee148130e,1,0
dataset_2_binary_clean_v2,val,val/images/nozzle_tip_wrapped_0852.jpg,val/labels/nozzle_tip_wrapped_0852.txt,96291,38,89f53916db1048d1b7696266681ecb140296ba3786f153d6812800086457a711,908621b7de0d180c4450af5486a156d401400d433188a1ddcead37a5e5d031f0,1,0
dataset_2_binary_clean_v2,val,val/images/nozzle_tip_wrapped_0853.jpg,val/labels/nozzle_tip_wrapped_0853.txt,99878,38,d5f60c64fb0a270082770edbfd79d241273da367eec616da92a2200d3fce048b,26221f502083b153b5744fa387298051cc8ce47475252790b824b55b5bc32a33,1,0
dataset_2_binary_clean_v2,val,val/images/nozzle_tip_wrapped_0854.jpg,val/labels/nozzle_tip_wrapped_0854.txt,76562,38,d8dd93cbec9cb485f7a7ca6b7288822db09a0c5d58e1b51edf5fec927c83d7a3,7f2021114b77281bb5c831c5b32d18998dbb65df0565a746a9ef0d9eadc576e1,1,0
dataset_2_binary_clean_v2,val,val/images/nozzle_tip_wrapped_0860.jpg,val/labels/nozzle_tip_wrapped_0860.txt,92952,38,6c70f2ec047f714e90c7cd433965ec045e487cc3dc7224f24757462363f6c9eb,92a2541908fe32545067ceafed49930bc4d4fc58fa06df186e3dad92fefabcf1,1,0
dataset_2_binary_clean_v2,val,val/images/nozzle_tip_wrapped_0862.jpg,val/labels/nozzle_tip_wrapped_0862.txt,109473,38,325833d09f877a5b98e60836d90926ca915fbe207a46599ab33ec9a74a1b9c3d,c64ae08c690c7125d4eb6ba1c905e32a6e06cf9af4a9e81ba0c3277ea24886c9,1,0
dataset_2_binary_clean_v2,val,val/images/nozzle_tip_wrapped_0864.jpg,val/labels/nozzle_tip_wrapped_0864.txt,92994,38,4b0f7c7ea3afd56bb05ce33005bfcd3cd58d325cbe1cbdd0a8528b802d948f12,f6c3761e357c0f9077f3455bdb01366ff29c1d7fba3c51203be3185c6041c616,1,0
dataset_2_binary_clean_v2,val,val/images/nozzle_tip_wrapped_0869.jpg,val/labels/nozzle_tip_wrapped_0869.txt,120490,38,fe2d9a3a3e862e76037f25bd2790bc0d8d0464622714550208102e66b2e67718,469ff253ad63876d7d28a0b478a35cef7faaf398f36b3c535f7c00187e8f5976,1,0
dataset_2_binary_clean_v2,val,val/images/nozzle_tip_wrapped_0890.jpg,val/labels/nozzle_tip_wrapped_0890.txt,111659,38,d831414f6c737307bfd5f9daa259b8ac0068873ebfa1d00409755d77beb7369f,fc63e256688cb1806c50916db88313d7615308fa4e355c093bb216537b0ad841,1,0
dataset_2_binary_clean_v2,val,val/images/nozzle_tip_wrapped_0893.jpg,val/labels/nozzle_tip_wrapped_0893.txt,98472,38,6cdf08058d62cd6aac0922571e7d14440c0000e0db795b1e831100afd7433fe5,82a74db3cc99ee290587db0a2b3638cb195e8b60c356d2874f664e72292748e6,1,0
dataset_2_binary_clean_v2,val,val/images/nozzle_tip_wrapped_0899.jpg,val/labels/nozzle_tip_wrapped_0899.txt,88103,38,15c9727f630041dada2120df4ad6f9088eb6c83cb0ca1221656f44e9b9b37db0,7a7ba9b19427cef064bffc3d8cd0761deedab630d3a9d0fc21b020fe1514c7ee,1,0
dataset_2_binary_clean_v2,val,val/images/nozzle_tip_wrapped_0918.jpg,val/labels/nozzle_tip_wrapped_0918.txt,110239,38,09e8a76d73b89bf935bdb0d608525ebeb8e2ef69b4ec82e821f5cd5f71c736ef,bdf88b2682cc7c778ce818f91c48ea1da2e558bcb46c7192a1586050bcd8031d,1,0
dataset_2_binary_clean_v2,val,val/images/nozzle_tip_wrapped_0927.jpg,val/labels/nozzle_tip_wrapped_0927.txt,108463,38,49af55643124f48c194abe029b5314597fa2b7f5cd6b23f96d88e65e6243dcd5,d613c2d45294f6e39699c54a6951adb810855e487223fd988db25c244b98102d,1,0
dataset_2_binary_clean_v2,val,val/images/nozzle_tip_wrapped_0935.jpg,val/labels/nozzle_tip_wrapped_0935.txt,105920,38,17d56211c1a2ee692b88ab93f5bd5122150229a0fb22e11d2f016cccda1d2396,e9af61c395756db4e14328a3917e62c227d6568e8625cfd92e7077a89cc2c930,1,0
dataset_2_binary_clean_v2,val,val/images/nozzle_tip_wrapped_0943.jpg,val/labels/nozzle_tip_wrapped_0943.txt,97167,38,0bd459713d509ffb92b4f53b2638c1e8766a0556708e0ec87f53d12a4cb3b3ad,ed11c61ddc124490d058b1c4c76133b643e743c5bce78025c0841188d91fa52a,1,0
dataset_2_binary_clean_v2,val,val/images/nozzle_tip_wrapped_0956.jpg,val/labels/nozzle_tip_wrapped_0956.txt,105109,38,913b5ef19396d13456b6816b0adfafba4e0ff3ccdbbab4d115f8a2e431c541e2,77a640c484b9244bfccae3ad826af16812bf3bc1d1936168e59839b20ab5f90a,1,0
dataset_2_binary_clean_v2,val,val/images/nozzle_tip_wrapped_0958.jpg,val/labels/nozzle_tip_wrapped_0958.txt,82414,38,79afd102797959b8a5326d6922e323ddda5cfc61f870708d0659984418763ef1,1c9ef545e6fdad8df03d26f5ab2c9a67035381eb5a2c8bbeffea1ade7373ffc4,1,0
dataset_2_binary_clean_v2,val,val/images/nozzle_tip_wrapped_0974.jpg,val/labels/nozzle_tip_wrapped_0974.txt,88489,38,f658945bbc87fb59243ddab910c8b20a872a8dc2621a838bf86702867380a9de,e1aafbdac7a85ffe8cb4150b610c6ebd71dd5fe06f6689a31a5953a0d248c280,1,0
dataset_2_binary_clean_v2,val,val/images/nozzle_tip_wrapped_0975.jpg,val/labels/nozzle_tip_wrapped_0975.txt,99569,38,302135f3dc4773a72b55ca3813139d246b8ea6957304c29a87cc8e4b8d08ba63,8a96f9babb2832a4a3808c2cfbab8407405cbd6a02422ed18499c0c14d57fe62,1,0
dataset_2_binary_clean_v2,val,val/images/nozzle_tip_wrapped_0990.jpg,val/labels/nozzle_tip_wrapped_0990.txt,103022,38,f4ae9d5cd19c1e746df67a0be1a27bf609195366f6e6f8742c63c18fd7205358,150252366efa7929b5f5ee2cc0662afdf5fe965c717eb5def4636a32b0191d08,1,0
dataset_2_binary_clean_v2,val,val/images/nozzle_tip_wrapped_0994.jpg,val/labels/nozzle_tip_wrapped_0994.txt,116004,38,4baf894f0f298a78c6ae88b40658c688aacf2172dec265c00b4378270bef5a29,63c569b7d194f1aeee2ce694f4eac47c2bce8fa12f54d4ce716e3c98e9b889f9,1,0
dataset_2_binary_clean_v2,val,val/images/nozzle_tip_wrapped_0995.jpg,val/labels/nozzle_tip_wrapped_0995.txt,114077,38,4006504bdadb09e98c78b225e58a22d42962024a74a13e520d74769a36082b61,ae1186ce50d09bf77f3ecc37d658f8106fd502119e4e2a061af0dcad22c90b76,1,0
dataset_2_binary_clean_v2,val,val/images/nozzle_tip_wrapped_0999.jpg,val/labels/nozzle_tip_wrapped_0999.txt,111710,38,a65896977be24f3fec1515aae16a8692eee18a743bdbcb9d2bdc8b648a10d6b5,741ceef464118bd9deb92b3eb710085f4a648dac0383cfdfd31b3fe072f1cf47,1,0
dataset_2_binary_clean_v2,val,val/images/nozzle_tip_wrapped_1008.jpg,val/labels/nozzle_tip_wrapped_1008.txt,114217,38,a8720e4c31879ca351297a4d93057b6894f97a31b741bd513757f01609d7228e,ebe4f0bfa7cee5f3f24b6c7085851310da8ec20639fe9b1968edfa65bbea9588,1,0
dataset_2_binary_clean_v2,val,val/images/nozzle_tip_wrapped_1014.jpg,val/labels/nozzle_tip_wrapped_1014.txt,113625,38,6bc35e2072d96cf419ece01adcd6292576b8e3f711c7d5eb55d608ad820901b6,c6dbd322cbb88f28902f2a2f314cb243431924506fa86b8d50fb76f024d113c2,1,0
dataset_2_binary_clean_v2,val,val/images/nozzle_tip_wrapped_1020.jpg,val/labels/nozzle_tip_wrapped_1020.txt,109763,38,7cfa26fcb0b0ec9ac7ee2ea57fb6d1cc1771c055e91264863d4e772582a0ea5b,1986ef2e1589a39e05867149ba05779763144cdbb56451102a08a21187875e7d,1,0
dataset_2_binary_clean_v2,val,val/images/nozzle_tip_wrapped_1037.jpg,val/labels/nozzle_tip_wrapped_1037.txt,108938,38,74eecba7208ac46ee99e9df3fa0a4a85f831e8e89d9255e27ae5a161113413f1,e80f2685415eda118323151bf5e4b6a5cc6d38ab4a65e4adef4b88914c3362a9,1,0
dataset_2_binary_clean_v2,val,val/images/nozzle_tip_wrapped_1038.jpg,val/labels/nozzle_tip_wrapped_1038.txt,112873,38,acbbe1b074a555f395aae9bc896158316d071f9d1796d842ef0f82261c436abc,2f0106e6a89125b9be4f911cfcd800d9f085883d1c1a778736be0ae5b50cbec9,1,0
dataset_2_binary_clean_v2,val,val/images/nozzle_tip_wrapped_1041.jpg,val/labels/nozzle_tip_wrapped_1041.txt,122261,38,9979978ee654233f3125c97f541a794ffe6c02a7e096326fd50fa21ffdfcbb6a,62241ad6ef8729e57e5289581f8bc99a7af46f3a769a9fcf34385dc4ac9bcbf4,1,0
dataset_2_binary_clean_v2,val,val/images/nozzle_tip_wrapped_1042.jpg,val/labels/nozzle_tip_wrapped_1042.txt,134745,38,61840d98d2e82a0acc8facf0ae21b140411af4d94da576754ea7d406257b18e2,5c36d8aa604853483712d4318d99be280b8aa5c5a796b199ae783d49cc5da516,1,0
dataset_2_binary_clean_v2,val,val/images/nozzle_tip_wrapped_1069.jpg,val/labels/nozzle_tip_wrapped_1069.txt,120822,38,dafb28065cc2b71b2218e9e8a2036b13401fc7901654c40baa90a874ba856682,de308cd44928a9aebd69f0ef3d06bb89fa4d9dc0bd613d5a859431ae59c388df,1,0
dataset_2_binary_clean_v2,val,val/images/nozzle_tip_wrapped_1070.jpg,val/labels/nozzle_tip_wrapped_1070.txt,122217,38,bb19deda3744eb5b8e4ea789cf74a082065ea19e700b11fac5eb74705d8dd31c,1bc70c5ab17c9b3cb3779c3b62e9dadf4bd906cefcac24cb171be47f2f2cf9f3,1,0
dataset_2_binary_clean_v2,val,val/images/nozzle_tip_wrapped_1082.jpg,val/labels/nozzle_tip_wrapped_1082.txt,117266,38,45513fb3014b01c9596be902801920a0532ac8aa749d3989b47fe0362b632481,c81e91c7c29c24281560a8e917abf199fd0bbcd09dd5eebd76bd8544054b5013,1,0
dataset_2_binary_clean_v2,val,val/images/nozzle_tip_wrapped_1083.jpg,val/labels/nozzle_tip_wrapped_1083.txt,92462,38,4cfe02566b377a031c2663eb63eabaaa8c37c577ac8e9199402f0895ebc84415,02ee44b066032bfaf563f904287406e182836851390d16c3743a9e081bf45600,1,0
dataset_2_binary_clean_v2,val,val/images/nozzle_tip_wrapped_1094.jpg,val/labels/nozzle_tip_wrapped_1094.txt,91216,38,43cff84b341c6618fc372bbccdba5920d4b04bfc8bb0dc3d76b217708e28b4db,882251bf4f10e453a91d676f0a6749418ed62a28fed1134a95c91529b3d9da9d,1,0
dataset_2_binary_clean_v2,val,val/images/nozzle_tip_wrapped_1095.jpg,val/labels/nozzle_tip_wrapped_1095.txt,110801,38,7bb55e016e866cc292a2039c86924542a764955db12412e1a52bb4229053e051,cf6f24a70b87aa3a94d296e030d76eea166071a597c158e45f78c158b88bb609,1,0
dataset_2_binary_clean_v2,val,val/images/nozzle_tip_wrapped_1101.jpg,val/labels/nozzle_tip_wrapped_1101.txt,111233,38,6248e06b247ca67018037a73a7af79998a65f42af824bfd51d7db39cf00bcfb8,6ce97e95e125b65d671a3324b2c3a591c5f402b810e9c28a4523c3d961d87a8c,1,0
dataset_2_binary_clean_v2,val,val/images/nozzle_tip_wrapped_1109.jpg,val/labels/nozzle_tip_wrapped_1109.txt,122427,38,3d6b8db13d6543326e7e41c2f6d4669bba67305040480793a2b9a321b5324394,7d9dcd5a0993aeff33ff96049252b6948796664ed4e624b71738fe985fba29ca,1,0
dataset_2_binary_clean_v2,val,val/images/nozzle_tip_wrapped_1111.jpg,val/labels/nozzle_tip_wrapped_1111.txt,115849,38,28c111b51d846e17f2cbf411461be79f80fbc702d2d770183308b672293d2c46,5771754e0cb57194c05b1461fa73b088e37474b1ee27f1d0953392753524349c,1,0
dataset_2_binary_clean_v2,val,val/images/nozzle_tip_wrapped_1116.jpg,val/labels/nozzle_tip_wrapped_1116.txt,125195,38,b04ef12fd1b0cc189ccb70f01b09960cef45acb77851038ac4f3d1af512c9949,72746634420077083938f15b07ba4b87b0ddc91e7cefd2cd9aaf0776162caa51,1,0
dataset_2_binary_clean_v2,val,val/images/nozzle_tip_wrapped_1122.jpg,val/labels/nozzle_tip_wrapped_1122.txt,123178,38,972c5049b2e4f8e6da29a71543389a8ed8e9f7089d20eea5b602485ffb94240b,9137ae33f15fd2f4bc167dcdecfe471e9b427c3e81fed7dc5a13a885dd18a8b4,1,0
dataset_2_binary_clean_v2,val,val/images/nozzle_tip_wrapped_1123.jpg,val/labels/nozzle_tip_wrapped_1123.txt,123298,38,5fb1f213db27a28de62121ab5ab8bf3a0d90fdbd535a76b1992eff52cb31e753,4d8a85f388845c145d80176a77deacdc4a6fb4c2049da30fe65887aa97ed5cb8,1,0
dataset_2_binary_clean_v2,val,val/images/nozzle_tip_wrapped_1137.jpg,val/labels/nozzle_tip_wrapped_1137.txt,118774,38,bd3337cdb61cac26a866eeddb8f72835b031e599a7971f46cee717b08efd9982,7d626ec6935edac8c83f893dad83d0eeb15305ab1baa6f9d6522aabfcf02e56c,1,0
dataset_2_binary_clean_v2,val,val/images/nozzle_tip_wrapped_1167.jpg,val/labels/nozzle_tip_wrapped_1167.txt,100038,38,7af34028703730650ca731658df3eef777d2fccb02eac68b1103cc54c2adca84,7c359d582ee5b529109ea44b1ecef19b37463966a95506ef1235120501bb3aaa,1,0
dataset_2_binary_clean_v2,val,val/images/nozzle_tip_wrapped_1168.jpg,val/labels/nozzle_tip_wrapped_1168.txt,103101,38,2081dcdac3c930a10c8a5c7153156606baac38344459b21549f6d63818b71fd1,c2ac0e1d374e7ced692945ebbebcde3aa2ce02c7feb365b1651614f4639271f6,1,0
dataset_2_binary_clean_v2,val,val/images/nozzle_tip_wrapped_1171.jpg,val/labels/nozzle_tip_wrapped_1171.txt,114664,38,57d85224714ae19e25e5e18dcb0e5d1cc2b730068c4a1575d8724efb01b2b11b,60aca95f2ab5c65dcfcf160eebe4a2cb60c7c0947756516c01c81c3e2dca6b56,1,0
dataset_2_binary_clean_v2,val,val/images/nozzle_tip_wrapped_1176.jpg,val/labels/nozzle_tip_wrapped_1176.txt,117706,38,53875a6ae11cd36adb6b69f1f495af7b1e6c52a33e6d9d897abb34b90b07f926,bdec3bc14d4a5986fae1037634ca61a3dbf65cc0e10a2a148dcbc3441dd63753,1,0
dataset_2_binary_clean_v2,val,val/images/nozzle_tip_wrapped_1184.jpg,val/labels/nozzle_tip_wrapped_1184.txt,114122,38,5aedfb5d4fbe9d28ebc0d518728aa576db43a4895e3d8e14edf1cc8f400b6dce,f093e8cde43df444ec6c15a35ceddd2517b15dbbae85377df51f5a027d4728ae,1,0
dataset_2_binary_clean_v2,val,val/images/nozzle_tip_wrapped_1193.jpg,val/labels/nozzle_tip_wrapped_1193.txt,110445,38,4cd5283eab74ed0bf57962cb20f11786b8cb4c0aff7ee7fcfba89157d5ad0f11,56f0306b32522420476648faa0f60707a3b199c48d4e5a351e4bab83f3d1e069,1,0
dataset_2_binary_clean_v2,val,val/images/nozzle_tip_wrapped_1194.jpg,val/labels/nozzle_tip_wrapped_1194.txt,106194,38,2912d77acf8c411a2f2c8d2b912b69832ccd8d898dd9dac8f78ae693d8eadc8c,aaeca121bf8af151adfecd874b09e4c75f7db91605ede9576002c8a6ad52032d,1,0
dataset_2_binary_clean_v2,val,val/images/nozzle_tip_wrapped_1203.jpg,val/labels/nozzle_tip_wrapped_1203.txt,107864,38,f82daf776f0496980d76c6fc6dfd0e95b2f30f601e557ec40d0e1325a9d75b4d,816e3a0a3cbcb2cb6fef666a8829906aa320e2f0f5ae76d3875d1ede0d8bb99d,1,0
dataset_2_binary_clean_v2,val,val/images/nozzle_tip_wrapped_1244.jpg,val/labels/nozzle_tip_wrapped_1244.txt,110451,38,675118a163ad3ef19b995d39e73753609683c6e79ed3388c232c401cf59a5616,8b0c4235f366229e13302ff30e37ca28c19630dcdae6ad3f435548adfd7c5ab4,1,0
dataset_2_binary_clean_v2,val,val/images/nozzle_tip_wrapped_1247.jpg,val/labels/nozzle_tip_wrapped_1247.txt,114447,38,3449d296eac26d07a49bb6ca74313a8c90d4b954fb8cd3be146b622475ad0613,cbb1a09800b8e3711d4751bfd89eff2ada2cac435496d9107605036ef7c00551,1,0
dataset_2_binary_clean_v2,val,val/images/nozzle_tip_wrapped_1252.jpg,val/labels/nozzle_tip_wrapped_1252.txt,115110,38,02fb67604d959b8272950dea448a69f19b6919ad3531130524bac71129c43f1f,74f83d10d0a2ee1cd9a9ea6ed6c352b4736a1c6b886c91c62fe8edffa06dc0a8,1,0
dataset_2_binary_clean_v2,val,val/images/nozzle_tip_wrapped_1253.jpg,val/labels/nozzle_tip_wrapped_1253.txt,109847,38,b1ae939abefc4195bab1437fc038ae6db6a82bdecffde10b947f05d5f5589594,b9efaeeec7cac4b3b60c21480cf125ac96637d0b4c7669ab291938f3f1993787,1,0
dataset_2_binary_clean_v2,val,val/images/nozzle_tip_wrapped_1260.jpg,val/labels/nozzle_tip_wrapped_1260.txt,110674,38,fe5738364201405222bd137955848dd84cf03c5b1f9efc5a933bd9a450e947b8,a6911df567de19217b6046dffc39af4481df2a5b74d8bde5508562384ece7774,1,0
dataset_2_binary_clean_v2,val,val/images/nozzle_tip_wrapped_1266.jpg,val/labels/nozzle_tip_wrapped_1266.txt,107927,38,b51359333949758224676334bf28ffebd7a55c262db323281fd506d42a74ed4e,c3d8103f60f04d6949fd700eaaf0b6f8815dbbd6523481e26d63241ef49e7efc,1,0
dataset_2_binary_clean_v2,val,val/images/nozzle_tip_wrapped_1268.jpg,val/labels/nozzle_tip_wrapped_1268.txt,109779,38,fee9928e6991dc66a3cb1f0ca07ccead0954506e29d845b90779ab3dd20a2c81,23f48b732d029878cfc57d8ec81088ec3e2f59d0c57261197f835120ad95f38f,1,0
dataset_2_binary_clean_v2,val,val/images/nozzle_tip_wrapped_1270.jpg,val/labels/nozzle_tip_wrapped_1270.txt,107843,38,464410ca44b0eefd15c98e2d8947e26de066e4add85e69cfc90be5b54ec1a14a,5bf1f85135496e3b02225691af7ad2e064e763cb56bf83f0944b56331b87ce2f,1,0
dataset_2_binary_clean_v2,val,val/images/nozzle_tip_wrapped_1282.jpg,val/labels/nozzle_tip_wrapped_1282.txt,107464,38,c02aa5b69405f38e3a526b01139b7ceffd29f6da434bd16b91f9aa7e173daa2f,3ea2e641f75ce54a78c98002e251a2eb21344426d8594db1728022d7cc2d84a0,1,0
dataset_2_binary_clean_v2,val,val/images/nozzle_tip_wrapped_1290.jpg,val/labels/nozzle_tip_wrapped_1290.txt,120533,38,30b0c881da839a43047e4961448edd09f9e0f57a1ef822781da506954a9fd081,3ea2e641f75ce54a78c98002e251a2eb21344426d8594db1728022d7cc2d84a0,1,0
dataset_2_binary_clean_v2,val,val/images/nozzle_tip_wrapped_1295.jpg,val/labels/nozzle_tip_wrapped_1295.txt,110488,38,dba65c7e59548e8db6a46d80539b84e488d7a0aa9d4b95c1fd97c5fc8dd859f2,3ea2e641f75ce54a78c98002e251a2eb21344426d8594db1728022d7cc2d84a0,1,0
dataset_2_binary_clean_v2,val,val/images/nozzle_tip_wrapped_1298.jpg,val/labels/nozzle_tip_wrapped_1298.txt,72903,38,3c5c532f20c42b4433283cf835572a0123c8401593f59ce09261d206c1af75b3,3ea2e641f75ce54a78c98002e251a2eb21344426d8594db1728022d7cc2d84a0,1,0
dataset_2_binary_clean_v2,val,val/images/nozzle_tip_wrapped_1302.jpg,val/labels/nozzle_tip_wrapped_1302.txt,102114,38,143e8b01c2b3934a99c91a38518ed34acbb023f539b746463d3042e7294466f9,3ea2e641f75ce54a78c98002e251a2eb21344426d8594db1728022d7cc2d84a0,1,0
dataset_2_binary_clean_v2,val,val/images/nozzle_tip_wrapped_1305.jpg,val/labels/nozzle_tip_wrapped_1305.txt,107474,38,70b5039f6aca326e03f057c2e01e89697e4caa2c77b1eb617cc3bc16213deb25,3ea2e641f75ce54a78c98002e251a2eb21344426d8594db1728022d7cc2d84a0,1,0
dataset_2_binary_clean_v2,val,val/images/nozzle_tip_wrapped_1314.jpg,val/labels/nozzle_tip_wrapped_1314.txt,77517,38,cc88c5aeaafb61548619803bf6110db084a770583499e54ed018d1e1271e5ef6,3ea2e641f75ce54a78c98002e251a2eb21344426d8594db1728022d7cc2d84a0,1,0
