候选编号,图片A划分,图片A,图片B划分,图片B,是否跨划分,pHash汉明距离,pHash相似度,SSIM,SHA256是否相同,人工审核结论,拟保留图片,备注
1,train,train/images/nozzle_no_extrusion_0342.jpg,train,train/images/nozzle_no_extrusion_0379.jpg,否,0,1.000000,0.998165,否,,,
2,train,train/images/nozzle_no_extrusion_0242.jpg,train,train/images/nozzle_no_extrusion_0278.jpg,否,0,1.000000,0.998097,否,,,
3,train,train/images/nozzle_no_extrusion_0279.jpg,val,val/images/nozzle_no_extrusion_0243.jpg,是,0,1.000000,0.998096,否,,,
4,train,train/images/nozzle_no_extrusion_0300.jpg,train,train/images/nozzle_no_extrusion_0378.jpg,否,0,1.000000,0.998055,否,,,
5,train,train/images/nozzle_no_extrusion_0299.jpg,val,val/images/nozzle_no_extrusion_0377.jpg,是,0,1.000000,0.998042,否,,,
6,test,test/images/nozzle_no_extrusion_0272.jpg,val,val/images/nozzle_no_extrusion_0310.jpg,是,0,1.000000,0.998036,否,,,
7,train,train/images/nozzle_no_extrusion_0298.jpg,train,train/images/nozzle_no_extrusion_0376.jpg,否,2,0.968750,0.997970,否,,,
8,train,train/images/nozzle_no_extrusion_0277.jpg,val,val/images/nozzle_no_extrusion_0315.jpg,是,0,1.000000,0.997844,否,,,
9,train,train/images/nozzle_no_extrusion_0892.jpg,train,train/images/nozzle_no_extrusion_0903.jpg,否,0,1.000000,0.997632,否,,,
10,train,train/images/nozzle_no_extrusion_0241.jpg,val,val/images/nozzle_no_extrusion_0315.jpg,是,0,1.000000,0.997504,否,,,
11,train,train/images/nozzle_no_extrusion_0281.jpg,val,val/images/nozzle_no_extrusion_0245.jpg,是,0,1.000000,0.997473,否,,,
12,train,train/images/nozzle_no_extrusion_0481.jpg,val,val/images/nozzle_no_extrusion_0494.jpg,是,2,0.968750,0.997365,否,,,
13,train,train/images/nozzle_no_extrusion_0890.jpg,val,val/images/nozzle_no_extrusion_0901.jpg,是,0,1.000000,0.997289,否,,,
14,train,train/images/nozzle_no_extrusion_0889.jpg,val,val/images/nozzle_no_extrusion_0900.jpg,是,0,1.000000,0.997246,否,,,
15,train,train/images/nozzle_no_extrusion_0333.jpg,train,train/images/nozzle_no_extrusion_0370.jpg,否,0,1.000000,0.997230,否,,,
16,train,train/images/nozzle_no_extrusion_0888.jpg,train,train/images/nozzle_no_extrusion_0899.jpg,否,0,1.000000,0.997190,否,,,
17,train,train/images/nozzle_no_extrusion_0292.jpg,train,train/images/nozzle_no_extrusion_0370.jpg,否,0,1.000000,0.997157,否,,,
18,test,test/images/nozzle_no_extrusion_0319.jpg,val,val/images/nozzle_no_extrusion_0360.jpg,是,0,1.000000,0.997138,否,,,
19,train,train/images/nozzle_no_extrusion_0241.jpg,train,train/images/nozzle_no_extrusion_0277.jpg,否,0,1.000000,0.997104,否,,,
20,train,train/images/nozzle_no_extrusion_0318.jpg,train,train/images/nozzle_no_extrusion_0359.jpg,否,0,1.000000,0.997086,否,,,
21,train,train/images/nozzle_no_extrusion_0369.jpg,val,val/images/nozzle_no_extrusion_0332.jpg,是,2,0.968750,0.997074,否,,,
22,test,test/images/nozzle_no_extrusion_0371.jpg,train,train/images/nozzle_no_extrusion_0334.jpg,是,0,1.000000,0.997065,否,,,
23,test,test/images/nozzle_no_extrusion_0244.jpg,train,train/images/nozzle_no_extrusion_0280.jpg,是,0,1.000000,0.996922,否,,,
24,train,train/images/nozzle_no_extrusion_0424.jpg,train,train/images/nozzle_no_extrusion_0433.jpg,否,0,1.000000,0.996778,否,,,
25,test,test/images/nozzle_no_extrusion_0029.jpg,train,train/images/nozzle_no_extrusion_0084.jpg,是,0,1.000000,0.996732,否,,,
26,train,train/images/nozzle_no_extrusion_0891.jpg,train,train/images/nozzle_no_extrusion_0902.jpg,否,0,1.000000,0.996728,否,,,
27,train,train/images/nozzle_no_extrusion_0379.jpg,val,val/images/nozzle_no_extrusion_0301.jpg,是,0,1.000000,0.996563,否,,,
28,train,train/images/nozzle_no_extrusion_0292.jpg,train,train/images/nozzle_no_extrusion_0333.jpg,否,0,1.000000,0.996266,否,,,
29,train,train/images/nozzle_no_extrusion_0237.jpg,train,train/images/nozzle_no_extrusion_0273.jpg,否,0,1.000000,0.996257,否,,,
30,test,test/images/nozzle_no_extrusion_0291.jpg,train,train/images/nozzle_no_extrusion_0369.jpg,是,2,0.968750,0.996207,否,,,
31,train,train/images/nozzle_no_extrusion_0200.jpg,train,train/images/nozzle_no_extrusion_0275.jpg,否,0,1.000000,0.996185,否,,,
32,train,train/images/nozzle_no_extrusion_0314.jpg,val,val/images/nozzle_no_extrusion_0355.jpg,是,0,1.000000,0.996153,否,,,
33,test,test/images/nozzle_no_extrusion_0368.jpg,train,train/images/nozzle_no_extrusion_0290.jpg,是,0,1.000000,0.996054,否,,,
34,train,train/images/nozzle_no_extrusion_0290.jpg,val,val/images/nozzle_no_extrusion_0253.jpg,是,0,1.000000,0.996010,否,,,
35,train,train/images/nozzle_no_extrusion_0274.jpg,val,val/images/nozzle_no_extrusion_0199.jpg,是,0,1.000000,0.995989,否,,,
36,train,train/images/nozzle_no_extrusion_0091.jpg,val,val/images/nozzle_no_extrusion_0036.jpg,是,0,1.000000,0.995879,否,,,
37,train,train/images/nozzle_no_extrusion_0198.jpg,train,train/images/nozzle_no_extrusion_0273.jpg,否,0,1.000000,0.995864,否,,,
38,train,train/images/nozzle_no_extrusion_0350.jpg,val,val/images/nozzle_no_extrusion_0271.jpg,是,0,1.000000,0.995855,否,,,
39,train,train/images/nozzle_no_extrusion_0508.jpg,train,train/images/nozzle_no_extrusion_0518.jpg,否,0,1.000000,0.995847,否,,,
40,train,train/images/nozzle_no_extrusion_0239.jpg,train,train/images/nozzle_no_extrusion_0275.jpg,否,0,1.000000,0.995738,否,,,
41,test,test/images/nozzle_no_extrusion_0368.jpg,val,val/images/nozzle_no_extrusion_0253.jpg,是,0,1.000000,0.995713,否,,,
42,train,train/images/nozzle_no_extrusion_0342.jpg,val,val/images/nozzle_no_extrusion_0301.jpg,是,0,1.000000,0.995678,否,,,
43,train,train/images/nozzle_no_extrusion_0228.jpg,val,val/images/nozzle_no_extrusion_0381.jpg,是,2,0.968750,0.995632,否,,,
44,train,train/images/nozzle_no_extrusion_0238.jpg,train,train/images/nozzle_no_extrusion_0274.jpg,否,0,1.000000,0.995589,否,,,
45,test,test/images/nozzle_no_extrusion_0291.jpg,val,val/images/nozzle_no_extrusion_0332.jpg,是,0,1.000000,0.995525,否,,,
46,train,train/images/nozzle_no_extrusion_0287.jpg,val,val/images/nozzle_no_extrusion_0328.jpg,是,0,1.000000,0.995377,否,,,
47,train,train/images/nozzle_no_extrusion_0566.jpg,train,train/images/nozzle_no_extrusion_0576.jpg,否,0,1.000000,0.995295,否,,,
48,test,test/images/nozzle_no_extrusion_0276.jpg,val,val/images/nozzle_no_extrusion_0240.jpg,是,0,1.000000,0.995198,否,,,
49,test,test/images/nozzle_no_extrusion_0272.jpg,val,val/images/nozzle_no_extrusion_0351.jpg,是,0,1.000000,0.995101,否,,,
50,val,val/images/nozzle_no_extrusion_0302.jpg,val,val/images/nozzle_no_extrusion_0343.jpg,否,0,1.000000,0.994708,否,,,
51,train,train/images/nozzle_no_extrusion_0308.jpg,val,val/images/nozzle_no_extrusion_0349.jpg,是,0,1.000000,0.994643,否,,,
52,train,train/images/nozzle_no_extrusion_0339.jpg,train,train/images/nozzle_no_extrusion_0376.jpg,否,0,1.000000,0.994632,否,,,
53,train,train/images/nozzle_no_extrusion_0234.jpg,train,train/images/nozzle_no_extrusion_0270.jpg,否,0,1.000000,0.994499,否,,,
54,train,train/images/nozzle_no_extrusion_0031.jpg,train,train/images/nozzle_no_extrusion_0086.jpg,否,0,1.000000,0.994418,否,,,
55,test,test/images/nozzle_no_extrusion_0196.jpg,train,train/images/nozzle_no_extrusion_0235.jpg,是,0,1.000000,0.994399,否,,,
56,train,train/images/nozzle_no_extrusion_0322.jpg,val,val/images/nozzle_no_extrusion_0363.jpg,是,0,1.000000,0.994271,否,,,
57,train,train/images/nozzle_no_extrusion_0030.jpg,train,train/images/nozzle_no_extrusion_0085.jpg,否,0,1.000000,0.993934,否,,,
58,train,train/images/nozzle_no_extrusion_0197.jpg,val,val/images/nozzle_no_extrusion_0236.jpg,是,0,1.000000,0.993902,否,,,
59,test,test/images/nozzle_no_extrusion_0246.jpg,train,train/images/nozzle_no_extrusion_0320.jpg,是,0,1.000000,0.993897,否,,,
60,test,test/images/nozzle_no_extrusion_0455.jpg,train,train/images/nozzle_no_extrusion_0444.jpg,是,0,1.000000,0.993887,否,,,
61,train,train/images/nozzle_no_extrusion_0269.jpg,val,val/images/nozzle_no_extrusion_0233.jpg,是,0,1.000000,0.993887,否,,,
62,train,train/images/nozzle_no_extrusion_0298.jpg,train,train/images/nozzle_no_extrusion_0339.jpg,否,2,0.968750,0.993838,否,,,
63,train,train/images/nozzle_no_extrusion_0289.jpg,train,train/images/nozzle_no_extrusion_0330.jpg,否,2,0.968750,0.993791,否,,,
64,train,train/images/nozzle_no_extrusion_0374.jpg,val,val/images/nozzle_no_extrusion_0382.jpg,是,0,1.000000,0.993746,否,,,
65,train,train/images/nozzle_no_extrusion_0321.jpg,train,train/images/nozzle_no_extrusion_0362.jpg,否,0,1.000000,0.993523,否,,,
66,val,val/images/nozzle_no_extrusion_0310.jpg,val,val/images/nozzle_no_extrusion_0351.jpg,否,0,1.000000,0.993455,否,,,
67,test,test/images/nozzle_no_extrusion_0368.jpg,train,train/images/nozzle_no_extrusion_0331.jpg,是,0,1.000000,0.993418,否,,,
68,train,train/images/nozzle_no_extrusion_0198.jpg,train,train/images/nozzle_no_extrusion_0237.jpg,否,0,1.000000,0.993341,否,,,
69,train,train/images/nozzle_no_extrusion_0200.jpg,train,train/images/nozzle_no_extrusion_0239.jpg,否,0,1.000000,0.993241,否,,,
70,train,train/images/nozzle_no_extrusion_0238.jpg,val,val/images/nozzle_no_extrusion_0199.jpg,是,0,1.000000,0.993237,否,,,
71,train,train/images/nozzle_no_extrusion_0340.jpg,val,val/images/nozzle_no_extrusion_0377.jpg,是,0,1.000000,0.993205,否,,,
72,train,train/images/nozzle_no_extrusion_0081.jpg,val,val/images/nozzle_no_extrusion_0026.jpg,是,0,1.000000,0.993086,否,,,
73,train,train/images/nozzle_no_extrusion_0025.jpg,train,train/images/nozzle_no_extrusion_0080.jpg,否,0,1.000000,0.993018,否,,,
74,train,train/images/nozzle_no_extrusion_0311.jpg,train,train/images/nozzle_no_extrusion_0352.jpg,否,0,1.000000,0.992993,否,,,
75,test,test/images/nozzle_no_extrusion_0246.jpg,train,train/images/nozzle_no_extrusion_0361.jpg,是,0,1.000000,0.992956,否,,,
76,test,test/images/nozzle_no_extrusion_0250.jpg,train,train/images/nozzle_no_extrusion_0365.jpg,是,0,1.000000,0.992805,否,,,
77,train,train/images/nozzle_no_extrusion_0312.jpg,train,train/images/nozzle_no_extrusion_0353.jpg,否,0,1.000000,0.992775,否,,,
78,train,train/images/nozzle_no_extrusion_0313.jpg,train,train/images/nozzle_no_extrusion_0354.jpg,否,0,1.000000,0.992762,否,,,
79,train,train/images/nozzle_no_extrusion_0288.jpg,train,train/images/nozzle_no_extrusion_0329.jpg,否,0,1.000000,0.992612,否,,,
80,test,test/images/nozzle_no_extrusion_0319.jpg,val,val/images/nozzle_no_extrusion_0245.jpg,是,0,1.000000,0.992504,否,,,
81,train,train/images/nozzle_no_extrusion_0299.jpg,train,train/images/nozzle_no_extrusion_0340.jpg,否,0,1.000000,0.992503,否,,,
82,test,test/images/nozzle_no_extrusion_0335.jpg,train,train/images/nozzle_no_extrusion_0219.jpg,是,0,1.000000,0.992419,否,,,
83,train,train/images/nozzle_no_extrusion_0322.jpg,val,val/images/nozzle_no_extrusion_0284.jpg,是,0,1.000000,0.992301,否,,,
84,train,train/images/nozzle_no_extrusion_0028.jpg,val,val/images/nozzle_no_extrusion_0083.jpg,是,0,1.000000,0.992175,否,,,
85,train,train/images/nozzle_no_extrusion_0202.jpg,val,val/images/nozzle_no_extrusion_0355.jpg,是,2,0.968750,0.992084,否,,,
86,train,train/images/nozzle_no_extrusion_0260.jpg,train,train/images/nozzle_no_extrusion_0298.jpg,否,0,1.000000,0.992027,否,,,
87,test,test/images/nozzle_no_extrusion_0082.jpg,train,train/images/nozzle_no_extrusion_0027.jpg,是,0,1.000000,0.991914,否,,,
88,train,train/images/nozzle_no_extrusion_0317.jpg,val,val/images/nozzle_no_extrusion_0243.jpg,是,0,1.000000,0.991809,否,,,
89,test,test/images/nozzle_no_extrusion_0244.jpg,train,train/images/nozzle_no_extrusion_0318.jpg,是,2,0.968750,0.991729,否,,,
90,train,train/images/nozzle_no_extrusion_0300.jpg,train,train/images/nozzle_no_extrusion_0341.jpg,否,2,0.968750,0.991575,否,,,
91,train,train/images/nozzle_no_extrusion_0341.jpg,train,train/images/nozzle_no_extrusion_0378.jpg,否,2,0.968750,0.991415,否,,,
92,train,train/images/nozzle_no_extrusion_0290.jpg,train,train/images/nozzle_no_extrusion_0331.jpg,否,0,1.000000,0.991225,否,,,
93,train,train/images/nozzle_no_extrusion_0331.jpg,val,val/images/nozzle_no_extrusion_0253.jpg,是,0,1.000000,0.991218,否,,,
94,train,train/images/nozzle_no_extrusion_0260.jpg,train,train/images/nozzle_no_extrusion_0376.jpg,否,2,0.968750,0.991172,否,,,
95,train,train/images/nozzle_no_extrusion_0337.jpg,train,train/images/nozzle_no_extrusion_0374.jpg,否,2,0.968750,0.991140,否,,,
96,train,train/images/nozzle_no_extrusion_0202.jpg,train,train/images/nozzle_no_extrusion_0277.jpg,否,2,0.968750,0.990967,否,,,
97,test,test/images/nozzle_no_extrusion_0229.jpg,val,val/images/nozzle_no_extrusion_0258.jpg,是,0,1.000000,0.990883,否,,,
98,train,train/images/nozzle_no_extrusion_0279.jpg,train,train/images/nozzle_no_extrusion_0317.jpg,否,0,1.000000,0.990699,否,,,
99,train,train/images/nozzle_no_extrusion_0202.jpg,train,train/images/nozzle_no_extrusion_0314.jpg,否,2,0.968750,0.990689,否,,,
100,test,test/images/nozzle_no_extrusion_0319.jpg,train,train/images/nozzle_no_extrusion_0281.jpg,是,0,1.000000,0.990653,否,,,
101,val,val/images/nozzle_no_extrusion_0284.jpg,val,val/images/nozzle_no_extrusion_0363.jpg,否,0,1.000000,0.990644,否,,,
102,train,train/images/nozzle_no_extrusion_0894.jpg,train,train/images/nozzle_no_extrusion_0905.jpg,否,0,1.000000,0.990339,否,,,
103,test,test/images/nozzle_no_extrusion_0261.jpg,train,train/images/nozzle_no_extrusion_0299.jpg,是,0,1.000000,0.990252,否,,,
104,train,train/images/nozzle_no_extrusion_0249.jpg,train,train/images/nozzle_no_extrusion_0364.jpg,否,2,0.968750,0.990181,否,,,
105,train,train/images/nozzle_no_extrusion_0322.jpg,val,val/images/nozzle_no_extrusion_0248.jpg,是,0,1.000000,0.989934,否,,,
106,test,test/images/nozzle_no_extrusion_0261.jpg,val,val/images/nozzle_no_extrusion_0377.jpg,是,0,1.000000,0.989908,否,,,
107,train,train/images/nozzle_no_extrusion_0215.jpg,train,train/images/nozzle_no_extrusion_0288.jpg,否,2,0.968750,0.989817,否,,,
108,test,test/images/nozzle_no_extrusion_0229.jpg,train,train/images/nozzle_no_extrusion_0189.jpg,是,0,1.000000,0.989687,否,,,
109,train,train/images/nozzle_no_extrusion_0887.jpg,train,train/images/nozzle_no_extrusion_0898.jpg,否,0,1.000000,0.989409,否,,,
110,train,train/images/nozzle_no_extrusion_0283.jpg,train,train/images/nozzle_no_extrusion_0321.jpg,否,2,0.968750,0.989345,否,,,
111,train,train/images/nozzle_no_extrusion_0262.jpg,train,train/images/nozzle_no_extrusion_0378.jpg,否,0,1.000000,0.989341,否,,,
112,train,train/images/nozzle_no_extrusion_0280.jpg,train,train/images/nozzle_no_extrusion_0318.jpg,否,2,0.968750,0.989329,否,,,
113,train,train/images/nozzle_no_extrusion_0375.jpg,val,val/images/nozzle_no_extrusion_0338.jpg,是,0,1.000000,0.989315,否,,,
114,train,train/images/nozzle_no_extrusion_0247.jpg,train,train/images/nozzle_no_extrusion_0321.jpg,否,0,1.000000,0.989305,否,,,
115,val,val/images/nozzle_no_extrusion_0338.jpg,val,val/images/nozzle_no_extrusion_0381.jpg,否,0,1.000000,0.989238,否,,,
116,train,train/images/nozzle_no_extrusion_0202.jpg,val,val/images/nozzle_no_extrusion_0315.jpg,是,2,0.968750,0.989221,否,,,
117,train,train/images/nozzle_no_extrusion_0262.jpg,train,train/images/nozzle_no_extrusion_0300.jpg,否,0,1.000000,0.989090,否,,,
118,test,test/images/nozzle_no_extrusion_0309.jpg,train,train/images/nozzle_no_extrusion_0350.jpg,是,0,1.000000,0.988987,否,,,
119,train,train/images/nozzle_no_extrusion_0183.jpg,train,train/images/nozzle_no_extrusion_0339.jpg,否,2,0.968750,0.988859,否,,,
120,train,train/images/nozzle_no_extrusion_0268.jpg,train,train/images/nozzle_no_extrusion_0347.jpg,否,0,1.000000,0.988792,否,,,
121,train,train/images/nozzle_no_extrusion_0260.jpg,val,val/images/nozzle_no_extrusion_0343.jpg,是,2,0.968750,0.988768,否,,,
122,train,train/images/nozzle_no_extrusion_0283.jpg,train,train/images/nozzle_no_extrusion_0362.jpg,否,2,0.968750,0.988695,否,,,
123,train,train/images/nozzle_no_extrusion_0339.jpg,train,train/images/nozzle_no_extrusion_0380.jpg,否,0,1.000000,0.988504,否,,,
124,train,train/images/nozzle_no_extrusion_0202.jpg,train,train/images/nozzle_no_extrusion_0241.jpg,否,2,0.968750,0.988379,否,,,
125,test,test/images/nozzle_no_extrusion_0252.jpg,train,train/images/nozzle_no_extrusion_0329.jpg,是,2,0.968750,0.988165,否,,,
126,test,test/images/nozzle_no_extrusion_0195.jpg,train,train/images/nozzle_no_extrusion_0234.jpg,是,0,1.000000,0.988097,否,,,
127,train,train/images/nozzle_no_extrusion_0380.jpg,val,val/images/nozzle_no_extrusion_0187.jpg,是,4,0.937500,0.987905,否,,,
128,train,train/images/nozzle_no_extrusion_0182.jpg,train,train/images/nozzle_no_extrusion_0375.jpg,否,2,0.968750,0.987849,否,,,
129,train,train/images/nozzle_no_extrusion_0189.jpg,val,val/images/nozzle_no_extrusion_0258.jpg,是,0,1.000000,0.987745,否,,,
130,train,train/images/nozzle_no_extrusion_0282.jpg,train,train/images/nozzle_no_extrusion_0361.jpg,否,0,1.000000,0.987588,否,,,
131,train,train/images/nozzle_no_extrusion_0183.jpg,val,val/images/nozzle_no_extrusion_0187.jpg,是,2,0.968750,0.987571,否,,,
132,test,test/images/nozzle_no_extrusion_0644.jpg,val,val/images/nozzle_no_extrusion_0638.jpg,是,0,1.000000,0.987496,否,,,
133,val,val/images/nozzle_no_extrusion_0248.jpg,val,val/images/nozzle_no_extrusion_0363.jpg,否,0,1.000000,0.987454,否,,,
134,train,train/images/nozzle_no_extrusion_0277.jpg,val,val/images/nozzle_no_extrusion_0355.jpg,是,2,0.968750,0.987378,否,,,
135,train,train/images/nozzle_no_extrusion_0241.jpg,val,val/images/nozzle_no_extrusion_0355.jpg,是,2,0.968750,0.987321,否,,,
136,train,train/images/nozzle_no_extrusion_0647.jpg,train,train/images/nozzle_no_extrusion_0657.jpg,否,2,0.968750,0.987300,否,,,
137,test,test/images/nozzle_no_extrusion_0195.jpg,val,val/images/nozzle_no_extrusion_0349.jpg,是,0,1.000000,0.986829,否,,,
138,train,train/images/nozzle_no_extrusion_0091.jpg,val,val/images/nozzle_no_extrusion_0077.jpg,是,0,1.000000,0.986814,否,,,
139,train,train/images/nozzle_no_extrusion_0639.jpg,train,train/images/nozzle_no_extrusion_0643.jpg,否,0,1.000000,0.986781,否,,,
140,train,train/images/nozzle_no_extrusion_0184.jpg,train,train/images/nozzle_no_extrusion_0186.jpg,否,0,1.000000,0.986769,否,,,
141,val,val/images/nozzle_no_extrusion_0245.jpg,val,val/images/nozzle_no_extrusion_0360.jpg,否,0,1.000000,0.986768,否,,,
142,train,train/images/nozzle_no_extrusion_0277.jpg,train,train/images/nozzle_no_extrusion_0356.jpg,否,0,1.000000,0.986757,否,,,
143,train,train/images/nozzle_no_extrusion_0340.jpg,train,train/images/nozzle_no_extrusion_0379.jpg,否,0,1.000000,0.986699,否,,,
144,train,train/images/nozzle_no_extrusion_0228.jpg,val,val/images/nozzle_no_extrusion_0338.jpg,是,2,0.968750,0.986641,否,,,
145,test,test/images/nozzle_no_extrusion_0185.jpg,train,train/images/nozzle_no_extrusion_0341.jpg,是,2,0.968750,0.986529,否,,,
146,train,train/images/nozzle_no_extrusion_0021.jpg,train,train/images/nozzle_no_extrusion_0076.jpg,否,0,1.000000,0.986418,否,,,
147,test,test/images/nozzle_no_extrusion_0640.jpg,train,train/images/nozzle_no_extrusion_0642.jpg,是,0,1.000000,0.986398,否,,,
148,train,train/images/nozzle_no_extrusion_0163.jpg,train,train/images/nozzle_no_extrusion_0167.jpg,否,0,1.000000,0.986369,否,,,
149,train,train/images/nozzle_no_extrusion_0183.jpg,train,train/images/nozzle_no_extrusion_0376.jpg,否,2,0.968750,0.986341,否,,,
150,val,val/images/nozzle_no_extrusion_0315.jpg,val,val/images/nozzle_no_extrusion_0355.jpg,否,2,0.968750,0.986329,否,,,
151,train,train/images/nozzle_no_extrusion_0247.jpg,train,train/images/nozzle_no_extrusion_0362.jpg,否,0,1.000000,0.986273,否,,,
152,test,test/images/nozzle_no_extrusion_0244.jpg,train,train/images/nozzle_no_extrusion_0359.jpg,是,2,0.968750,0.986263,否,,,
153,train,train/images/nozzle_no_extrusion_0281.jpg,val,val/images/nozzle_no_extrusion_0236.jpg,是,0,1.000000,0.986107,否,,,
154,train,train/images/nozzle_no_extrusion_0585.jpg,train,train/images/nozzle_no_extrusion_0594.jpg,否,0,1.000000,0.986094,否,,,
155,train,train/images/nozzle_no_extrusion_0356.jpg,val,val/images/nozzle_no_extrusion_0315.jpg,是,0,1.000000,0.985971,否,,,
156,train,train/images/nozzle_no_extrusion_0162.jpg,val,val/images/nozzle_no_extrusion_0168.jpg,是,0,1.000000,0.985955,否,,,
157,train,train/images/nozzle_no_extrusion_0024.jpg,train,train/images/nozzle_no_extrusion_0034.jpg,否,0,1.000000,0.985922,否,,,
158,val,val/images/nozzle_no_extrusion_0236.jpg,val,val/images/nozzle_no_extrusion_0245.jpg,否,0,1.000000,0.985885,否,,,
159,train,train/images/nozzle_no_extrusion_0895.jpg,train,train/images/nozzle_no_extrusion_0906.jpg,否,2,0.968750,0.985852,否,,,
160,test,test/images/nozzle_no_extrusion_0252.jpg,train,train/images/nozzle_no_extrusion_0288.jpg,是,2,0.968750,0.985769,否,,,
161,test,test/images/nozzle_no_extrusion_0653.jpg,train,train/images/nozzle_no_extrusion_0651.jpg,是,0,1.000000,0.985759,否,,,
162,train,train/images/nozzle_no_extrusion_0280.jpg,train,train/images/nozzle_no_extrusion_0352.jpg,否,2,0.968750,0.985599,否,,,
163,train,train/images/nozzle_no_extrusion_0183.jpg,train,train/images/nozzle_no_extrusion_0298.jpg,否,0,1.000000,0.985554,否,,,
164,train,train/images/nozzle_no_extrusion_0241.jpg,train,train/images/nozzle_no_extrusion_0356.jpg,否,0,1.000000,0.985420,否,,,
165,train,train/images/nozzle_no_extrusion_0340.jpg,train,train/images/nozzle_no_extrusion_0342.jpg,否,0,1.000000,0.985355,否,,,
166,val,val/images/nozzle_no_extrusion_0236.jpg,val,val/images/nozzle_no_extrusion_0310.jpg,否,0,1.000000,0.985319,否,,,
167,train,train/images/nozzle_no_extrusion_0340.jpg,val,val/images/nozzle_no_extrusion_0301.jpg,是,0,1.000000,0.985305,否,,,
168,train,train/images/nozzle_no_extrusion_0207.jpg,train,train/images/nozzle_no_extrusion_0350.jpg,否,0,1.000000,0.985243,否,,,
169,train,train/images/nozzle_no_extrusion_0281.jpg,val,val/images/nozzle_no_extrusion_0360.jpg,是,0,1.000000,0.984898,否,,,
170,train,train/images/nozzle_no_extrusion_0280.jpg,train,train/images/nozzle_no_extrusion_0359.jpg,否,2,0.968750,0.984691,否,,,
171,train,train/images/nozzle_no_extrusion_0260.jpg,val,val/images/nozzle_no_extrusion_0302.jpg,是,2,0.968750,0.984563,否,,,
172,test,test/images/nozzle_no_extrusion_0259.jpg,train,train/images/nozzle_no_extrusion_0303.jpg,是,2,0.968750,0.984490,否,,,
173,train,train/images/nozzle_no_extrusion_0509.jpg,train,train/images/nozzle_no_extrusion_0517.jpg,否,0,1.000000,0.984398,否,,,
174,val,val/images/nozzle_no_extrusion_0036.jpg,val,val/images/nozzle_no_extrusion_0077.jpg,否,0,1.000000,0.984271,否,,,
175,train,train/images/nozzle_no_extrusion_0375.jpg,val,val/images/nozzle_no_extrusion_0381.jpg,是,0,1.000000,0.984082,否,,,
176,test,test/images/nozzle_no_extrusion_0326.jpg,train,train/images/nozzle_no_extrusion_0213.jpg,是,2,0.968750,0.984067,否,,,
177,train,train/images/nozzle_no_extrusion_0298.jpg,val,val/images/nozzle_no_extrusion_0343.jpg,是,2,0.968750,0.984031,否,,,
178,train,train/images/nozzle_no_extrusion_0188.jpg,train,train/images/nozzle_no_extrusion_0303.jpg,否,2,0.968750,0.984012,否,,,
179,train,train/images/nozzle_no_extrusion_0889.jpg,train,train/images/nozzle_no_extrusion_0896.jpg,否,0,1.000000,0.983956,否,,,
180,train,train/images/nozzle_no_extrusion_0376.jpg,val,val/images/nozzle_no_extrusion_0343.jpg,是,2,0.968750,0.983694,否,,,
181,train,train/images/nozzle_no_extrusion_0873.jpg,train,train/images/nozzle_no_extrusion_0883.jpg,否,0,1.000000,0.983651,否,,,
182,train,train/images/nozzle_no_extrusion_0035.jpg,val,val/images/nozzle_no_extrusion_0078.jpg,是,0,1.000000,0.983613,否,,,
183,train,train/images/nozzle_no_extrusion_0277.jpg,train,train/images/nozzle_no_extrusion_0314.jpg,否,2,0.968750,0.983605,否,,,
184,train,train/images/nozzle_no_extrusion_0215.jpg,train,train/images/nozzle_no_extrusion_0329.jpg,否,2,0.968750,0.983589,否,,,
185,train,train/images/nozzle_no_extrusion_0237.jpg,train,train/images/nozzle_no_extrusion_0311.jpg,否,0,1.000000,0.983498,否,,,
186,train,train/images/nozzle_no_extrusion_0311.jpg,train,train/images/nozzle_no_extrusion_0318.jpg,否,0,1.000000,0.983306,否,,,
187,test,test/images/nozzle_no_extrusion_0357.jpg,train,train/images/nozzle_no_extrusion_0242.jpg,是,0,1.000000,0.983289,否,,,
188,train,train/images/nozzle_no_extrusion_0241.jpg,train,train/images/nozzle_no_extrusion_0314.jpg,否,2,0.968750,0.983137,否,,,
189,train,train/images/nozzle_no_extrusion_0035.jpg,val,val/images/nozzle_no_extrusion_0090.jpg,是,0,1.000000,0.983131,否,,,
190,train,train/images/nozzle_no_extrusion_0299.jpg,val,val/images/nozzle_no_extrusion_0301.jpg,是,0,1.000000,0.983123,否,,,
191,train,train/images/nozzle_no_extrusion_0896.jpg,val,val/images/nozzle_no_extrusion_0900.jpg,是,0,1.000000,0.983109,否,,,
192,train,train/images/nozzle_no_extrusion_0311.jpg,train,train/images/nozzle_no_extrusion_0359.jpg,否,0,1.000000,0.983070,否,,,
193,train,train/images/nozzle_no_extrusion_0202.jpg,train,train/images/nozzle_no_extrusion_0356.jpg,否,2,0.968750,0.982971,否,,,
194,train,train/images/nozzle_no_extrusion_0376.jpg,train,train/images/nozzle_no_extrusion_0380.jpg,否,0,1.000000,0.982907,否,,,
195,train,train/images/nozzle_no_extrusion_0337.jpg,val,val/images/nozzle_no_extrusion_0382.jpg,是,2,0.968750,0.982837,否,,,
196,test,test/images/nozzle_no_extrusion_0252.jpg,val,val/images/nozzle_no_extrusion_0254.jpg,是,2,0.968750,0.982801,否,,,
197,train,train/images/nozzle_no_extrusion_0389.jpg,train,train/images/nozzle_no_extrusion_0891.jpg,否,0,1.000000,0.982754,否,,,
198,test,test/images/nozzle_no_extrusion_0291.jpg,val,val/images/nozzle_no_extrusion_0254.jpg,是,0,1.000000,0.982748,否,,,
199,train,train/images/nozzle_no_extrusion_0164.jpg,train,train/images/nozzle_no_extrusion_0166.jpg,否,0,1.000000,0.982736,否,,,
200,train,train/images/nozzle_no_extrusion_0235.jpg,val,val/images/nozzle_no_extrusion_0271.jpg,是,2,0.968750,0.982634,否,,,
201,test,test/images/nozzle_no_extrusion_0244.jpg,train,train/images/nozzle_no_extrusion_0352.jpg,是,2,0.968750,0.982570,否,,,
202,train,train/images/nozzle_no_extrusion_0550.jpg,train,train/images/nozzle_no_extrusion_0556.jpg,否,2,0.968750,0.982520,否,,,
203,train,train/images/nozzle_no_extrusion_0298.jpg,train,train/images/nozzle_no_extrusion_0380.jpg,否,2,0.968750,0.982432,否,,,
204,train,train/images/nozzle_no_extrusion_0197.jpg,train,train/images/nozzle_no_extrusion_0281.jpg,否,0,1.000000,0.982421,否,,,
205,train,train/images/nozzle_no_extrusion_0238.jpg,train,train/images/nozzle_no_extrusion_0312.jpg,否,0,1.000000,0.982336,否,,,
206,test,test/images/nozzle_no_extrusion_0811.jpg,test,test/images/nozzle_no_extrusion_0813.jpg,否,0,1.000000,0.982330,否,,,
207,test,test/images/nozzle_no_extrusion_0259.jpg,val,val/images/nozzle_no_extrusion_0338.jpg,是,2,0.968750,0.982325,否,,,
208,test,test/images/nozzle_no_extrusion_0195.jpg,train,train/images/nozzle_no_extrusion_0270.jpg,是,0,1.000000,0.982260,否,,,
209,test,test/images/nozzle_no_extrusion_0357.jpg,train,train/images/nozzle_no_extrusion_0278.jpg,是,0,1.000000,0.982184,否,,,
210,train,train/images/nozzle_no_extrusion_0337.jpg,val,val/images/nozzle_no_extrusion_0258.jpg,是,0,1.000000,0.982107,否,,,
211,train,train/images/nozzle_no_extrusion_0303.jpg,train,train/images/nozzle_no_extrusion_0344.jpg,否,0,1.000000,0.981943,否,,,
212,test,test/images/nozzle_no_extrusion_0272.jpg,val,val/images/nozzle_no_extrusion_0236.jpg,是,0,1.000000,0.981840,否,,,
213,val,val/images/nozzle_no_extrusion_0023.jpg,val,val/images/nozzle_no_extrusion_0090.jpg,否,0,1.000000,0.981825,否,,,
214,val,val/images/nozzle_no_extrusion_0301.jpg,val,val/images/nozzle_no_extrusion_0377.jpg,否,0,1.000000,0.981765,否,,,
215,test,test/images/nozzle_no_extrusion_0373.jpg,train,train/images/nozzle_no_extrusion_0336.jpg,是,2,0.968750,0.981738,否,,,
216,train,train/images/nozzle_no_extrusion_0183.jpg,train,train/images/nozzle_no_extrusion_0380.jpg,否,2,0.968750,0.981718,否,,,
217,test,test/images/nozzle_no_extrusion_0261.jpg,train,train/images/nozzle_no_extrusion_0263.jpg,是,0,1.000000,0.981649,否,,,
218,train,train/images/nozzle_no_extrusion_0227.jpg,train,train/images/nozzle_no_extrusion_0380.jpg,否,0,1.000000,0.981314,否,,,
219,train,train/images/nozzle_no_extrusion_0034.jpg,train,train/images/nozzle_no_extrusion_0089.jpg,否,2,0.968750,0.981285,否,,,
220,train,train/images/nozzle_no_extrusion_0280.jpg,train,train/images/nozzle_no_extrusion_0311.jpg,否,2,0.968750,0.981268,否,,,
221,train,train/images/nozzle_no_extrusion_0314.jpg,val,val/images/nozzle_no_extrusion_0315.jpg,是,2,0.968750,0.981254,否,,,
222,test,test/images/nozzle_no_extrusion_0838.jpg,train,train/images/nozzle_no_extrusion_0845.jpg,是,2,0.968750,0.981242,否,,,
223,train,train/images/nozzle_no_extrusion_0510.jpg,val,val/images/nozzle_no_extrusion_0516.jpg,是,2,0.968750,0.981222,否,,,
224,train,train/images/nozzle_no_extrusion_0389.jpg,train,train/images/nozzle_no_extrusion_0902.jpg,否,0,1.000000,0.980918,否,,,
225,train,train/images/nozzle_no_extrusion_0542.jpg,train,train/images/nozzle_no_extrusion_0544.jpg,否,0,1.000000,0.980838,否,,,
226,test,test/images/nozzle_no_extrusion_0244.jpg,train,train/images/nozzle_no_extrusion_0311.jpg,是,2,0.968750,0.980816,否,,,
227,train,train/images/nozzle_no_extrusion_0207.jpg,val,val/images/nozzle_no_extrusion_0271.jpg,是,0,1.000000,0.980784,否,,,
228,test,test/images/nozzle_no_extrusion_0309.jpg,train,train/images/nozzle_no_extrusion_0207.jpg,是,0,1.000000,0.980766,否,,,
229,test,test/images/nozzle_no_extrusion_0259.jpg,train,train/images/nozzle_no_extrusion_0188.jpg,是,0,1.000000,0.980707,否,,,
230,train,train/images/nozzle_no_extrusion_0320.jpg,train,train/images/nozzle_no_extrusion_0361.jpg,否,0,1.000000,0.980624,否,,,
231,val,val/images/nozzle_no_extrusion_0332.jpg,val,val/images/nozzle_no_extrusion_0367.jpg,否,2,0.968750,0.980453,否,,,
232,train,train/images/nozzle_no_extrusion_0369.jpg,val,val/images/nozzle_no_extrusion_0254.jpg,是,2,0.968750,0.980262,否,,,
233,train,train/images/nozzle_no_extrusion_0615.jpg,train,train/images/nozzle_no_extrusion_0624.jpg,否,2,0.968750,0.980233,否,,,
234,test,test/images/nozzle_no_extrusion_0252.jpg,test,test/images/nozzle_no_extrusion_0291.jpg,否,2,0.968750,0.980231,否,,,
235,train,train/images/nozzle_no_extrusion_0893.jpg,val,val/images/nozzle_no_extrusion_0904.jpg,是,0,1.000000,0.980133,否,,,
236,test,test/images/nozzle_no_extrusion_0712.jpg,train,train/images/nozzle_no_extrusion_0705.jpg,是,2,0.968750,0.980089,否,,,
237,train,train/images/nozzle_no_extrusion_0197.jpg,val,val/images/nozzle_no_extrusion_0245.jpg,是,0,1.000000,0.980028,否,,,
238,train,train/images/nozzle_no_extrusion_0329.jpg,val,val/images/nozzle_no_extrusion_0254.jpg,是,0,1.000000,0.979997,否,,,
239,val,val/images/nozzle_no_extrusion_0248.jpg,val,val/images/nozzle_no_extrusion_0284.jpg,否,0,1.000000,0.979802,否,,,
240,train,train/images/nozzle_no_extrusion_0616.jpg,val,val/images/nozzle_no_extrusion_0623.jpg,是,0,1.000000,0.979736,否,,,
241,test,test/images/nozzle_no_extrusion_0319.jpg,val,val/images/nozzle_no_extrusion_0236.jpg,是,0,1.000000,0.979583,否,,,
242,train,train/images/nozzle_no_extrusion_0299.jpg,train,train/images/nozzle_no_extrusion_0379.jpg,否,0,1.000000,0.979524,否,,,
243,train,train/images/nozzle_no_extrusion_0379.jpg,val,val/images/nozzle_no_extrusion_0377.jpg,是,0,1.000000,0.979496,否,,,
244,train,train/images/nozzle_no_extrusion_0237.jpg,train,train/images/nozzle_no_extrusion_0359.jpg,否,0,1.000000,0.979382,否,,,
245,train,train/images/nozzle_no_extrusion_0288.jpg,val,val/images/nozzle_no_extrusion_0254.jpg,是,0,1.000000,0.979315,否,,,
246,train,train/images/nozzle_no_extrusion_0497.jpg,val,val/images/nozzle_no_extrusion_0506.jpg,是,0,1.000000,0.979277,否,,,
247,train,train/images/nozzle_no_extrusion_0477.jpg,val,val/images/nozzle_no_extrusion_0475.jpg,是,0,1.000000,0.979275,否,,,
248,train,train/images/nozzle_no_extrusion_0216.jpg,train,train/images/nozzle_no_extrusion_0330.jpg,否,2,0.968750,0.979172,否,,,
249,train,train/images/nozzle_no_extrusion_0369.jpg,val,val/images/nozzle_no_extrusion_0367.jpg,是,0,1.000000,0.979059,否,,,
250,train,train/images/nozzle_no_extrusion_0015.jpg,train,train/images/nozzle_no_extrusion_0071.jpg,否,2,0.968750,0.979005,否,,,
251,test,test/images/nozzle_no_extrusion_0259.jpg,train,train/images/nozzle_no_extrusion_0228.jpg,是,0,1.000000,0.978874,否,,,
252,train,train/images/nozzle_no_extrusion_0080.jpg,val,val/images/nozzle_no_extrusion_0033.jpg,是,0,1.000000,0.978841,否,,,
253,train,train/images/nozzle_no_extrusion_0713.jpg,val,val/images/nozzle_no_extrusion_0704.jpg,是,0,1.000000,0.978769,否,,,
254,test,test/images/nozzle_no_extrusion_0527.jpg,train,train/images/nozzle_no_extrusion_0521.jpg,是,0,1.000000,0.978739,否,,,
255,train,train/images/nozzle_no_extrusion_0161.jpg,train,train/images/nozzle_no_extrusion_0169.jpg,否,0,1.000000,0.978728,否,,,
256,test,test/images/nozzle_no_extrusion_0304.jpg,train,train/images/nozzle_no_extrusion_0345.jpg,是,0,1.000000,0.978579,否,,,
257,train,train/images/nozzle_no_extrusion_0197.jpg,val,val/images/nozzle_no_extrusion_0310.jpg,是,0,1.000000,0.978571,否,,,
258,train,train/images/nozzle_no_extrusion_0260.jpg,train,train/images/nozzle_no_extrusion_0339.jpg,否,2,0.968750,0.978536,否,,,
259,train,train/images/nozzle_no_extrusion_0234.jpg,val,val/images/nozzle_no_extrusion_0349.jpg,是,0,1.000000,0.978500,否,,,
260,train,train/images/nozzle_no_extrusion_0032.jpg,train,train/images/nozzle_no_extrusion_0081.jpg,否,0,1.000000,0.978282,否,,,
261,train,train/images/nozzle_no_extrusion_0512.jpg,train,train/images/nozzle_no_extrusion_0514.jpg,否,0,1.000000,0.978154,否,,,
262,test,test/images/nozzle_no_extrusion_0291.jpg,val,val/images/nozzle_no_extrusion_0367.jpg,是,2,0.968750,0.978069,否,,,
263,train,train/images/nozzle_no_extrusion_0219.jpg,train,train/images/nozzle_no_extrusion_0256.jpg,否,0,1.000000,0.977716,否,,,
264,train,train/images/nozzle_no_extrusion_0602.jpg,val,val/images/nozzle_no_extrusion_0596.jpg,是,0,1.000000,0.977672,否,,,
265,test,test/images/nozzle_no_extrusion_0348.jpg,train,train/images/nozzle_no_extrusion_0269.jpg,是,0,1.000000,0.977555,否,,,
266,test,test/images/nozzle_no_extrusion_0319.jpg,train,train/images/nozzle_no_extrusion_0197.jpg,是,0,1.000000,0.977467,否,,,
267,test,test/images/nozzle_no_extrusion_0507.jpg,train,train/images/nozzle_no_extrusion_0496.jpg,是,0,1.000000,0.977450,否,,,
268,train,train/images/nozzle_no_extrusion_0173.jpg,train,train/images/nozzle_no_extrusion_0178.jpg,否,2,0.968750,0.977401,否,,,
269,train,train/images/nozzle_no_extrusion_0238.jpg,val,val/images/nozzle_no_extrusion_0243.jpg,是,2,0.968750,0.977289,否,,,
270,train,train/images/nozzle_no_extrusion_0238.jpg,train,train/images/nozzle_no_extrusion_0279.jpg,否,2,0.968750,0.977245,否,,,
271,train,train/images/nozzle_no_extrusion_0299.jpg,train,train/images/nozzle_no_extrusion_0342.jpg,否,0,1.000000,0.977231,否,,,
272,train,train/images/nozzle_no_extrusion_0025.jpg,val,val/images/nozzle_no_extrusion_0033.jpg,是,0,1.000000,0.977109,否,,,
273,test,test/images/nozzle_no_extrusion_0252.jpg,train,train/images/nozzle_no_extrusion_0369.jpg,是,0,1.000000,0.977092,否,,,
274,train,train/images/nozzle_no_extrusion_0386.jpg,train,train/images/nozzle_no_extrusion_0897.jpg,否,0,1.000000,0.977063,否,,,
275,test,test/images/nozzle_no_extrusion_0309.jpg,val,val/images/nozzle_no_extrusion_0271.jpg,是,0,1.000000,0.977030,否,,,
276,train,train/images/nozzle_no_extrusion_0791.jpg,train,train/images/nozzle_no_extrusion_0799.jpg,否,0,1.000000,0.977026,否,,,
277,test,test/images/nozzle_no_extrusion_0196.jpg,val,val/images/nozzle_no_extrusion_0271.jpg,是,2,0.968750,0.977012,否,,,
278,test,test/images/nozzle_no_extrusion_0082.jpg,train,train/images/nozzle_no_extrusion_0031.jpg,是,2,0.968750,0.976996,否,,,
279,train,train/images/nozzle_no_extrusion_0342.jpg,val,val/images/nozzle_no_extrusion_0377.jpg,是,0,1.000000,0.976930,否,,,
280,test,test/images/nozzle_no_extrusion_0082.jpg,train,train/images/nozzle_no_extrusion_0086.jpg,是,2,0.968750,0.976917,否,,,
281,train,train/images/nozzle_no_extrusion_0024.jpg,train,train/images/nozzle_no_extrusion_0089.jpg,否,2,0.968750,0.976911,否,,,
282,train,train/images/nozzle_no_extrusion_0030.jpg,val,val/images/nozzle_no_extrusion_0083.jpg,是,0,1.000000,0.976909,否,,,
283,test,test/images/nozzle_no_extrusion_0677.jpg,val,val/images/nozzle_no_extrusion_0671.jpg,是,0,1.000000,0.976908,否,,,
284,train,train/images/nozzle_no_extrusion_0183.jpg,train,train/images/nozzle_no_extrusion_0260.jpg,否,0,1.000000,0.976820,否,,,
285,train,train/images/nozzle_no_extrusion_0417.jpg,val,val/images/nozzle_no_extrusion_0419.jpg,是,0,1.000000,0.976764,否,,,
286,train,train/images/nozzle_no_extrusion_0032.jpg,val,val/images/nozzle_no_extrusion_0026.jpg,是,0,1.000000,0.976656,否,,,
287,test,test/images/nozzle_no_extrusion_0874.jpg,train,train/images/nozzle_no_extrusion_0882.jpg,是,2,0.968750,0.976655,否,,,
288,train,train/images/nozzle_no_extrusion_0188.jpg,train,train/images/nozzle_no_extrusion_0344.jpg,否,2,0.968750,0.976554,否,,,
289,train,train/images/nozzle_no_extrusion_0006.jpg,train,train/images/nozzle_no_extrusion_0017.jpg,否,6,0.906250,0.976340,否,,,
290,test,test/images/nozzle_no_extrusion_0195.jpg,train,train/images/nozzle_no_extrusion_0308.jpg,是,0,1.000000,0.976255,否,,,
291,train,train/images/nozzle_no_extrusion_0281.jpg,val,val/images/nozzle_no_extrusion_0310.jpg,是,0,1.000000,0.976252,否,,,
292,val,val/images/nozzle_no_extrusion_0254.jpg,val,val/images/nozzle_no_extrusion_0332.jpg,否,0,1.000000,0.976247,否,,,
293,train,train/images/nozzle_no_extrusion_0298.jpg,val,val/images/nozzle_no_extrusion_0302.jpg,是,2,0.968750,0.976189,否,,,
294,test,test/images/nozzle_no_extrusion_0221.jpg,train,train/images/nozzle_no_extrusion_0265.jpg,是,2,0.968750,0.976169,否,,,
295,train,train/images/nozzle_no_extrusion_0228.jpg,train,train/images/nozzle_no_extrusion_0303.jpg,否,2,0.968750,0.976120,否,,,
296,train,train/images/nozzle_no_extrusion_0198.jpg,train,train/images/nozzle_no_extrusion_0311.jpg,否,0,1.000000,0.976064,否,,,
297,test,test/images/nozzle_no_extrusion_0272.jpg,train,train/images/nozzle_no_extrusion_0197.jpg,是,0,1.000000,0.975968,否,,,
298,test,test/images/nozzle_tip_wrapped_0620.jpg,train,train/images/nozzle_tip_wrapped_0622.jpg,是,2,0.968750,0.975947,否,,,
299,test,test/images/nozzle_no_extrusion_0326.jpg,train,train/images/nozzle_no_extrusion_0334.jpg,是,4,0.937500,0.975944,否,,,
300,train,train/images/nozzle_no_extrusion_0162.jpg,train,train/images/nozzle_no_extrusion_0237.jpg,否,0,1.000000,0.975711,否,,,
301,train,train/images/nozzle_no_extrusion_0278.jpg,train,train/images/nozzle_no_extrusion_0354.jpg,否,0,1.000000,0.975708,否,,,
302,train,train/images/nozzle_no_extrusion_0228.jpg,train,train/images/nozzle_no_extrusion_0375.jpg,否,2,0.968750,0.975700,否,,,
303,train,train/images/nozzle_no_extrusion_0216.jpg,train,train/images/nozzle_no_extrusion_0289.jpg,否,2,0.968750,0.975672,否,,,
304,train,train/images/nozzle_no_extrusion_0085.jpg,val,val/images/nozzle_no_extrusion_0083.jpg,是,0,1.000000,0.975653,否,,,
305,train,train/images/nozzle_no_extrusion_0314.jpg,train,train/images/nozzle_no_extrusion_0356.jpg,否,2,0.968750,0.975652,否,,,
306,test,test/images/nozzle_no_extrusion_0185.jpg,train,train/images/nozzle_no_extrusion_0378.jpg,是,2,0.968750,0.975556,否,,,
307,train,train/images/nozzle_no_extrusion_0339.jpg,val,val/images/nozzle_no_extrusion_0187.jpg,是,4,0.937500,0.975555,否,,,
308,test,test/images/nozzle_no_extrusion_0725.jpg,val,val/images/nozzle_no_extrusion_0727.jpg,是,2,0.968750,0.975546,否,,,
309,train,train/images/nozzle_no_extrusion_0274.jpg,train,train/images/nozzle_no_extrusion_0317.jpg,否,2,0.968750,0.975521,否,,,
310,test,test/images/nozzle_no_extrusion_0229.jpg,train,train/images/nozzle_no_extrusion_0337.jpg,是,0,1.000000,0.975486,否,,,
311,val,val/images/nozzle_no_extrusion_0597.jpg,val,val/images/nozzle_no_extrusion_0601.jpg,否,2,0.968750,0.975453,否,,,
312,train,train/images/nozzle_no_extrusion_0356.jpg,val,val/images/nozzle_no_extrusion_0355.jpg,是,2,0.968750,0.975424,否,,,
313,train,train/images/nozzle_no_extrusion_0242.jpg,train,train/images/nozzle_no_extrusion_0354.jpg,否,0,1.000000,0.975204,否,,,
314,train,train/images/nozzle_no_extrusion_0649.jpg,val,val/images/nozzle_no_extrusion_0655.jpg,是,0,1.000000,0.975091,否,,,
315,train,train/images/nozzle_no_extrusion_0163.jpg,train,train/images/nozzle_no_extrusion_0238.jpg,否,2,0.968750,0.975034,否,,,
316,train,train/images/nozzle_no_extrusion_0318.jpg,train,train/images/nozzle_no_extrusion_0352.jpg,否,0,1.000000,0.974977,否,,,
317,test,test/images/nozzle_no_extrusion_0252.jpg,val,val/images/nozzle_no_extrusion_0332.jpg,是,2,0.968750,0.974964,否,,,
318,train,train/images/nozzle_no_extrusion_0380.jpg,val,val/images/nozzle_no_extrusion_0343.jpg,是,2,0.968750,0.974867,否,,,
319,test,test/images/nozzle_no_extrusion_0319.jpg,train,train/images/nozzle_no_extrusion_0169.jpg,是,2,0.968750,0.974841,否,,,
320,train,train/images/nozzle_no_extrusion_0213.jpg,train,train/images/nozzle_no_extrusion_0218.jpg,否,2,0.968750,0.974828,否,,,
321,train,train/images/nozzle_no_extrusion_0376.jpg,val,val/images/nozzle_no_extrusion_0302.jpg,是,2,0.968750,0.974775,否,,,
322,train,train/images/nozzle_no_extrusion_0724.jpg,train,train/images/nozzle_no_extrusion_0728.jpg,否,0,1.000000,0.974768,否,,,
323,val,val/images/nozzle_no_extrusion_0236.jpg,val,val/images/nozzle_no_extrusion_0360.jpg,否,0,1.000000,0.974753,否,,,
324,train,train/images/nozzle_no_extrusion_0189.jpg,train,train/images/nozzle_no_extrusion_0337.jpg,否,0,1.000000,0.974706,否,,,
325,test,test/images/nozzle_no_extrusion_0185.jpg,train,train/images/nozzle_no_extrusion_0300.jpg,是,2,0.968750,0.974643,否,,,
326,train,train/images/nozzle_no_extrusion_0237.jpg,train,train/images/nozzle_no_extrusion_0318.jpg,否,0,1.000000,0.974530,否,,,
327,train,train/images/nozzle_no_extrusion_0027.jpg,train,train/images/nozzle_no_extrusion_0031.jpg,否,2,0.968750,0.974526,否,,,
328,test,test/images/nozzle_no_extrusion_0252.jpg,val,val/images/nozzle_no_extrusion_0367.jpg,是,0,1.000000,0.974237,否,,,
329,train,train/images/nozzle_no_extrusion_0028.jpg,train,train/images/nozzle_no_extrusion_0030.jpg,否,0,1.000000,0.974222,否,,,
330,test,test/images/nozzle_no_extrusion_0326.jpg,test,test/images/nozzle_no_extrusion_0371.jpg,否,4,0.937500,0.974212,否,,,
331,train,train/images/nozzle_no_extrusion_0197.jpg,val,val/images/nozzle_no_extrusion_0360.jpg,是,0,1.000000,0.974017,否,,,
332,train,train/images/nozzle_no_extrusion_0182.jpg,val,val/images/nozzle_no_extrusion_0338.jpg,是,2,0.968750,0.973957,否,,,
333,test,test/images/nozzle_no_extrusion_0261.jpg,train,train/images/nozzle_no_extrusion_0340.jpg,是,0,1.000000,0.973955,否,,,
334,test,test/images/nozzle_no_extrusion_0814.jpg,train,train/images/nozzle_no_extrusion_0810.jpg,是,2,0.968750,0.973953,否,,,
335,train,train/images/nozzle_no_extrusion_0007.jpg,train,train/images/nozzle_no_extrusion_0016.jpg,否,2,0.968750,0.973938,否,,,
336,train,train/images/nozzle_no_extrusion_0464.jpg,train,train/images/nozzle_no_extrusion_0465.jpg,否,2,0.968750,0.973916,否,,,
337,test,test/images/nozzle_no_extrusion_0357.jpg,train,train/images/nozzle_no_extrusion_0313.jpg,是,0,1.000000,0.973831,否,,,
338,train,train/images/nozzle_no_extrusion_0636.jpg,train,train/images/nozzle_no_extrusion_0646.jpg,否,0,1.000000,0.973656,否,,,
339,test,test/images/nozzle_no_extrusion_0259.jpg,train,train/images/nozzle_no_extrusion_0344.jpg,是,2,0.968750,0.973622,否,,,
340,train,train/images/nozzle_no_extrusion_0274.jpg,train,train/images/nozzle_no_extrusion_0279.jpg,否,2,0.968750,0.973609,否,,,
341,val,val/images/nozzle_no_extrusion_0650.jpg,val,val/images/nozzle_no_extrusion_0654.jpg,否,0,1.000000,0.973414,否,,,
342,test,test/images/nozzle_no_extrusion_0357.jpg,val,val/images/nozzle_no_extrusion_0316.jpg,是,0,1.000000,0.973358,否,,,
343,train,train/images/nozzle_no_extrusion_0169.jpg,val,val/images/nozzle_no_extrusion_0360.jpg,是,2,0.968750,0.973315,否,,,
344,test,test/images/nozzle_no_extrusion_0005.jpg,test,test/images/nozzle_no_extrusion_0018.jpg,否,4,0.937500,0.973291,否,,,
345,train,train/images/nozzle_no_extrusion_0182.jpg,val,val/images/nozzle_no_extrusion_0381.jpg,是,2,0.968750,0.973280,否,,,
346,train,train/images/nozzle_no_extrusion_0274.jpg,val,val/images/nozzle_no_extrusion_0243.jpg,是,2,0.968750,0.973199,否,,,
347,train,train/images/nozzle_no_extrusion_0339.jpg,val,val/images/nozzle_no_extrusion_0343.jpg,是,2,0.968750,0.973158,否,,,
348,val,val/images/nozzle_no_extrusion_0245.jpg,val,val/images/nozzle_no_extrusion_0310.jpg,否,0,1.000000,0.973037,否,,,
349,test,test/images/nozzle_no_extrusion_0252.jpg,train,train/images/nozzle_no_extrusion_0215.jpg,是,2,0.968750,0.973030,否,,,
350,train,train/images/nozzle_no_extrusion_0273.jpg,train,train/images/nozzle_no_extrusion_0311.jpg,否,0,1.000000,0.973021,否,,,
351,train,train/images/nozzle_no_extrusion_0176.jpg,val,val/images/nozzle_no_extrusion_0253.jpg,是,2,0.968750,0.972976,否,,,
352,train,train/images/nozzle_no_extrusion_0436.jpg,val,val/images/nozzle_no_extrusion_0440.jpg,是,2,0.968750,0.972973,否,,,
353,train,train/images/nozzle_no_extrusion_0198.jpg,train,train/images/nozzle_no_extrusion_0359.jpg,否,0,1.000000,0.972926,否,,,
354,train,train/images/nozzle_no_extrusion_0167.jpg,train,train/images/nozzle_no_extrusion_0317.jpg,否,2,0.968750,0.972923,否,,,
355,train,train/images/nozzle_no_extrusion_0247.jpg,train,train/images/nozzle_no_extrusion_0283.jpg,否,2,0.968750,0.972835,否,,,
356,train,train/images/nozzle_no_extrusion_0312.jpg,val,val/images/nozzle_no_extrusion_0199.jpg,是,0,1.000000,0.972771,否,,,
357,train,train/images/nozzle_no_extrusion_0166.jpg,val,val/images/nozzle_no_extrusion_0316.jpg,是,2,0.968750,0.972709,否,,,
358,train,train/images/nozzle_no_extrusion_0279.jpg,val,val/images/nozzle_no_extrusion_0199.jpg,是,2,0.968750,0.972646,否,,,
359,test,test/images/nozzle_no_extrusion_0272.jpg,train,train/images/nozzle_no_extrusion_0281.jpg,是,0,1.000000,0.972594,否,,,
360,test,test/images/nozzle_no_extrusion_0673.jpg,train,train/images/nozzle_no_extrusion_0675.jpg,是,0,1.000000,0.972561,否,,,
361,test,test/images/nozzle_no_extrusion_0348.jpg,val,val/images/nozzle_no_extrusion_0233.jpg,是,0,1.000000,0.972539,否,,,
362,train,train/images/nozzle_no_extrusion_0183.jpg,val,val/images/nozzle_no_extrusion_0343.jpg,是,2,0.968750,0.972430,否,,,
363,test,test/images/nozzle_no_extrusion_0259.jpg,val,val/images/nozzle_no_extrusion_0381.jpg,是,2,0.968750,0.972350,否,,,
364,train,train/images/nozzle_no_extrusion_0511.jpg,train,train/images/nozzle_no_extrusion_0515.jpg,否,2,0.968750,0.972346,否,,,
365,train,train/images/nozzle_no_extrusion_0352.jpg,train,train/images/nozzle_no_extrusion_0359.jpg,否,0,1.000000,0.972277,否,,,
366,train,train/images/nozzle_no_extrusion_0403.jpg,val,val/images/nozzle_no_extrusion_0411.jpg,是,0,1.000000,0.972238,否,,,
367,train,train/images/nozzle_no_extrusion_0837.jpg,train,train/images/nozzle_no_extrusion_0846.jpg,否,2,0.968750,0.972221,否,,,
368,train,train/images/nozzle_no_extrusion_0273.jpg,train,train/images/nozzle_no_extrusion_0359.jpg,否,0,1.000000,0.972163,否,,,
369,train,train/images/nozzle_no_extrusion_0169.jpg,val,val/images/nozzle_no_extrusion_0245.jpg,是,2,0.968750,0.972131,否,,,
370,train,train/images/nozzle_no_extrusion_0238.jpg,train,train/images/nozzle_no_extrusion_0317.jpg,否,2,0.968750,0.971918,否,,,
371,test,test/images/nozzle_no_extrusion_0335.jpg,train,train/images/nozzle_no_extrusion_0372.jpg,是,0,1.000000,0.971547,否,,,
372,train,train/images/nozzle_no_extrusion_0214.jpg,train,train/images/nozzle_no_extrusion_0292.jpg,否,0,1.000000,0.971407,否,,,
373,train,train/images/nozzle_no_extrusion_0376.jpg,val,val/images/nozzle_no_extrusion_0187.jpg,是,4,0.937500,0.971197,否,,,
374,val,val/images/nozzle_no_extrusion_0187.jpg,val,val/images/nozzle_no_extrusion_0343.jpg,否,2,0.968750,0.971120,否,,,
375,train,train/images/nozzle_no_extrusion_0167.jpg,val,val/images/nozzle_no_extrusion_0243.jpg,是,2,0.968750,0.970878,否,,,
376,train,train/images/nozzle_no_extrusion_0188.jpg,train,train/images/nozzle_no_extrusion_0228.jpg,否,0,1.000000,0.970751,否,,,
377,train,train/images/nozzle_no_extrusion_0172.jpg,train,train/images/nozzle_no_extrusion_0218.jpg,否,2,0.968750,0.970688,否,,,
378,train,train/images/nozzle_no_extrusion_0317.jpg,val,val/images/nozzle_no_extrusion_0199.jpg,是,2,0.968750,0.970664,否,,,
379,train,train/images/nozzle_no_extrusion_0242.jpg,train,train/images/nozzle_no_extrusion_0313.jpg,否,0,1.000000,0.970607,否,,,
380,train,train/images/nozzle_no_extrusion_0298.jpg,val,val/images/nozzle_no_extrusion_0187.jpg,是,2,0.968750,0.970488,否,,,
381,val,val/images/nozzle_no_extrusion_0199.jpg,val,val/images/nozzle_no_extrusion_0243.jpg,否,2,0.968750,0.970455,否,,,
382,test,test/images/nozzle_no_extrusion_0645.jpg,val,val/images/nozzle_no_extrusion_0637.jpg,是,0,1.000000,0.970367,否,,,
383,test,test/images/nozzle_no_extrusion_0246.jpg,train,train/images/nozzle_no_extrusion_0282.jpg,是,0,1.000000,0.970055,否,,,
384,train,train/images/nozzle_no_extrusion_0278.jpg,train,train/images/nozzle_no_extrusion_0313.jpg,否,0,1.000000,0.969980,否,,,
385,train,train/images/nozzle_no_extrusion_0163.jpg,val,val/images/nozzle_no_extrusion_0243.jpg,是,2,0.968750,0.969813,否,,,
386,train,train/images/nozzle_no_extrusion_0162.jpg,train,train/images/nozzle_no_extrusion_0273.jpg,否,0,1.000000,0.969709,否,,,
387,train,train/images/nozzle_no_extrusion_0203.jpg,val,val/images/nozzle_no_extrusion_0201.jpg,是,0,1.000000,0.969590,否,,,
388,train,train/images/nozzle_no_extrusion_0444.jpg,train,train/images/nozzle_no_extrusion_0454.jpg,否,2,0.968750,0.969362,否,,,
389,train,train/images/nozzle_no_extrusion_0323.jpg,val,val/images/nozzle_no_extrusion_0210.jpg,是,2,0.968750,0.969345,否,,,
390,train,train/images/nozzle_no_extrusion_0262.jpg,train,train/images/nozzle_no_extrusion_0341.jpg,否,2,0.968750,0.969270,否,,,
391,train,train/images/nozzle_no_extrusion_0214.jpg,train,train/images/nozzle_no_extrusion_0370.jpg,否,0,1.000000,0.969150,否,,,
392,test,test/images/nozzle_no_extrusion_0291.jpg,train,train/images/nozzle_no_extrusion_0329.jpg,是,0,1.000000,0.969138,否,,,
393,train,train/images/nozzle_no_extrusion_0211.jpg,train,train/images/nozzle_no_extrusion_0324.jpg,否,2,0.968750,0.969116,否,,,
394,train,train/images/nozzle_no_extrusion_0163.jpg,train,train/images/nozzle_no_extrusion_0274.jpg,否,2,0.968750,0.968793,否,,,
395,test,test/images/nozzle_no_extrusion_0272.jpg,val,val/images/nozzle_no_extrusion_0245.jpg,是,0,1.000000,0.968696,否,,,
396,train,train/images/nozzle_no_extrusion_0274.jpg,train,train/images/nozzle_no_extrusion_0312.jpg,否,0,1.000000,0.968665,否,,,
397,train,train/images/nozzle_no_extrusion_0235.jpg,train,train/images/nozzle_no_extrusion_0350.jpg,否,2,0.968750,0.968450,否,,,
398,test,test/images/nozzle_no_extrusion_0212.jpg,train,train/images/nozzle_no_extrusion_0325.jpg,是,0,1.000000,0.968318,否,,,
399,train,train/images/nozzle_no_extrusion_0279.jpg,train,train/images/nozzle_no_extrusion_0312.jpg,否,2,0.968750,0.968316,否,,,
400,train,train/images/nozzle_no_extrusion_0215.jpg,val,val/images/nozzle_no_extrusion_0254.jpg,是,2,0.968750,0.968168,否,,,
401,test,test/images/nozzle_no_extrusion_0404.jpg,train,train/images/nozzle_no_extrusion_0410.jpg,是,2,0.968750,0.967970,否,,,
402,test,test/images/nozzle_no_extrusion_0261.jpg,val,val/images/nozzle_no_extrusion_0301.jpg,是,0,1.000000,0.967765,否,,,
403,train,train/images/nozzle_tip_wrapped_0116.jpg,train,train/images/nozzle_tip_wrapped_0118.jpg,否,2,0.968750,0.967544,否,,,
404,train,train/images/nozzle_no_extrusion_0214.jpg,train,train/images/nozzle_no_extrusion_0333.jpg,否,0,1.000000,0.967502,否,,,
405,train,train/images/nozzle_no_extrusion_0731.jpg,train,train/images/nozzle_no_extrusion_0739.jpg,否,0,1.000000,0.967369,否,,,
406,train,train/images/nozzle_no_extrusion_0227.jpg,train,train/images/nozzle_no_extrusion_0339.jpg,否,0,1.000000,0.967354,否,,,
407,train,train/images/nozzle_no_extrusion_0176.jpg,train,train/images/nozzle_no_extrusion_0290.jpg,否,2,0.968750,0.967009,否,,,
408,train,train/images/nozzle_no_extrusion_0303.jpg,val,val/images/nozzle_no_extrusion_0381.jpg,是,0,1.000000,0.966924,否,,,
409,train,train/images/nozzle_no_extrusion_0881.jpg,val,val/images/nozzle_no_extrusion_0875.jpg,是,0,1.000000,0.966799,否,,,
410,train,train/images/nozzle_no_extrusion_0156.jpg,train,train/images/nozzle_no_extrusion_0894.jpg,否,0,1.000000,0.966345,否,,,
411,train,train/images/nozzle_no_extrusion_0312.jpg,val,val/images/nozzle_no_extrusion_0243.jpg,是,2,0.968750,0.966318,否,,,
412,train,train/images/nozzle_no_extrusion_0198.jpg,train,train/images/nozzle_no_extrusion_0318.jpg,否,0,1.000000,0.966293,否,,,
413,test,test/images/nozzle_no_extrusion_0196.jpg,train,train/images/nozzle_no_extrusion_0282.jpg,是,2,0.968750,0.966205,否,,,
414,train,train/images/nozzle_no_extrusion_0329.jpg,train,train/images/nozzle_no_extrusion_0369.jpg,否,2,0.968750,0.966180,否,,,
415,train,train/images/nozzle_no_extrusion_0260.jpg,train,train/images/nozzle_no_extrusion_0380.jpg,否,2,0.968750,0.966096,否,,,
416,test,test/images/nozzle_no_extrusion_0335.jpg,train,train/images/nozzle_no_extrusion_0256.jpg,是,0,1.000000,0.966075,否,,,
417,train,train/images/nozzle_no_extrusion_0027.jpg,train,train/images/nozzle_no_extrusion_0086.jpg,否,2,0.968750,0.966048,否,,,
418,val,val/images/nozzle_no_extrusion_0236.jpg,val,val/images/nozzle_no_extrusion_0351.jpg,否,0,1.000000,0.965873,否,,,
419,train,train/images/nozzle_no_extrusion_0289.jpg,val,val/images/nozzle_no_extrusion_0367.jpg,是,0,1.000000,0.965810,否,,,
420,train,train/images/nozzle_no_extrusion_0190.jpg,train,train/images/nozzle_no_extrusion_0230.jpg,否,2,0.968750,0.965785,否,,,
421,test,test/images/nozzle_no_extrusion_0455.jpg,train,train/images/nozzle_no_extrusion_0454.jpg,是,2,0.968750,0.965742,否,,,
422,train,train/images/nozzle_no_extrusion_0177.jpg,val,val/images/nozzle_no_extrusion_0332.jpg,是,2,0.968750,0.965740,否,,,
423,train,train/images/nozzle_no_extrusion_0014.jpg,train,train/images/nozzle_no_extrusion_0070.jpg,否,4,0.937500,0.965706,否,,,
424,train,train/images/nozzle_no_extrusion_0188.jpg,val,val/images/nozzle_no_extrusion_0381.jpg,是,2,0.968750,0.965642,否,,,
425,train,train/images/nozzle_no_extrusion_0227.jpg,val,val/images/nozzle_no_extrusion_0187.jpg,是,4,0.937500,0.965617,否,,,
426,train,train/images/nozzle_no_extrusion_0273.jpg,train,train/images/nozzle_no_extrusion_0318.jpg,否,0,1.000000,0.965428,否,,,
427,train,train/images/nozzle_no_extrusion_0235.jpg,train,train/images/nozzle_no_extrusion_0282.jpg,否,2,0.968750,0.965379,否,,,
428,test,test/images/nozzle_no_extrusion_0010.jpg,val,val/images/nozzle_no_extrusion_0069.jpg,是,2,0.968750,0.965093,否,,,
429,train,train/images/nozzle_no_extrusion_0500.jpg,train,train/images/nozzle_no_extrusion_0503.jpg,否,2,0.968750,0.965047,否,,,
430,train,train/images/nozzle_no_extrusion_0270.jpg,val,val/images/nozzle_no_extrusion_0349.jpg,是,0,1.000000,0.964978,否,,,
431,train,train/images/nozzle_no_extrusion_0163.jpg,train,train/images/nozzle_no_extrusion_0279.jpg,否,2,0.968750,0.964949,否,,,
432,train,train/images/nozzle_no_extrusion_0169.jpg,train,train/images/nozzle_no_extrusion_0281.jpg,否,2,0.968750,0.964938,否,,,
433,train,train/images/nozzle_no_extrusion_0167.jpg,train,train/images/nozzle_no_extrusion_0279.jpg,否,2,0.968750,0.964932,否,,,
434,train,train/images/nozzle_no_extrusion_0184.jpg,train,train/images/nozzle_no_extrusion_0342.jpg,否,2,0.968750,0.964812,否,,,
435,test,test/images/nozzle_no_extrusion_0368.jpg,train,train/images/nozzle_no_extrusion_0176.jpg,是,2,0.968750,0.964773,否,,,
436,train,train/images/nozzle_no_extrusion_0163.jpg,train,train/images/nozzle_no_extrusion_0317.jpg,否,2,0.968750,0.964753,否,,,
437,train,train/images/nozzle_no_extrusion_0459.jpg,train,train/images/nozzle_no_extrusion_0469.jpg,否,2,0.968750,0.964725,否,,,
438,train,train/images/nozzle_no_extrusion_0374.jpg,val,val/images/nozzle_no_extrusion_0258.jpg,是,2,0.968750,0.964661,否,,,
439,train,train/images/nozzle_no_extrusion_0533.jpg,train,train/images/nozzle_no_extrusion_0535.jpg,否,0,1.000000,0.964630,否,,,
440,train,train/images/nozzle_no_extrusion_0008.jpg,train,train/images/nozzle_no_extrusion_0015.jpg,否,2,0.968750,0.964519,否,,,
441,train,train/images/nozzle_no_extrusion_0234.jpg,train,train/images/nozzle_no_extrusion_0308.jpg,否,0,1.000000,0.964356,否,,,
442,train,train/images/nozzle_no_extrusion_0303.jpg,val,val/images/nozzle_no_extrusion_0338.jpg,是,0,1.000000,0.964321,否,,,
443,train,train/images/nozzle_no_extrusion_0186.jpg,train,train/images/nozzle_no_extrusion_0342.jpg,否,2,0.968750,0.964116,否,,,
444,test,test/images/nozzle_no_extrusion_0276.jpg,train,train/images/nozzle_no_extrusion_0203.jpg,是,0,1.000000,0.964073,否,,,
445,train,train/images/nozzle_no_extrusion_0009.jpg,train,train/images/nozzle_no_extrusion_0070.jpg,否,4,0.937500,0.963957,否,,,
446,train,train/images/nozzle_no_extrusion_0028.jpg,train,train/images/nozzle_no_extrusion_0085.jpg,否,0,1.000000,0.963953,否,,,
447,train,train/images/nozzle_no_extrusion_0329.jpg,val,val/images/nozzle_no_extrusion_0332.jpg,是,0,1.000000,0.963835,否,,,
448,test,test/images/nozzle_no_extrusion_0276.jpg,val,val/images/nozzle_no_extrusion_0201.jpg,是,0,1.000000,0.963683,否,,,
449,train,train/images/nozzle_no_extrusion_0178.jpg,train,train/images/nozzle_no_extrusion_0292.jpg,否,2,0.968750,0.963558,否,,,
450,test,test/images/nozzle_no_extrusion_0357.jpg,train,train/images/nozzle_no_extrusion_0354.jpg,是,0,1.000000,0.963208,否,,,
451,train,train/images/nozzle_no_extrusion_0014.jpg,train,train/images/nozzle_no_extrusion_0066.jpg,否,2,0.968750,0.963155,否,,,
452,test,test/images/nozzle_no_extrusion_0291.jpg,train,train/images/nozzle_no_extrusion_0288.jpg,是,0,1.000000,0.963088,否,,,
453,train,train/images/nozzle_no_extrusion_0161.jpg,val,val/images/nozzle_no_extrusion_0360.jpg,是,2,0.968750,0.962757,否,,,
454,train,train/images/nozzle_no_extrusion_0895.jpg,val,val/images/nozzle_no_extrusion_0157.jpg,是,2,0.968750,0.962732,否,,,
455,train,train/images/nozzle_no_extrusion_0458.jpg,train,train/images/nozzle_no_extrusion_0470.jpg,否,0,1.000000,0.962458,否,,,
456,train,train/images/nozzle_no_extrusion_0817.jpg,train,train/images/nozzle_no_extrusion_0822.jpg,否,0,1.000000,0.962457,否,,,
457,train,train/images/nozzle_no_extrusion_0176.jpg,train,train/images/nozzle_no_extrusion_0331.jpg,否,2,0.968750,0.962433,否,,,
458,train,train/images/nozzle_no_extrusion_0239.jpg,val,val/images/nozzle_no_extrusion_0316.jpg,是,0,1.000000,0.962345,否,,,
459,train,train/images/nozzle_no_extrusion_0263.jpg,train,train/images/nozzle_no_extrusion_0299.jpg,否,0,1.000000,0.962255,否,,,
460,train,train/images/nozzle_no_extrusion_0184.jpg,train,train/images/nozzle_no_extrusion_0379.jpg,否,2,0.968750,0.962151,否,,,
461,test,test/images/nozzle_no_extrusion_0291.jpg,train,train/images/nozzle_no_extrusion_0177.jpg,是,2,0.968750,0.962115,否,,,
462,train,train/images/nozzle_no_extrusion_0220.jpg,train,train/images/nozzle_no_extrusion_0257.jpg,否,0,1.000000,0.961962,否,,,
463,train,train/images/nozzle_no_extrusion_0237.jpg,train,train/images/nozzle_no_extrusion_0352.jpg,否,0,1.000000,0.961793,否,,,
464,test,test/images/nozzle_no_extrusion_0179.jpg,test,test/images/nozzle_no_extrusion_0327.jpg,否,2,0.968750,0.961759,否,,,
465,val,val/images/nozzle_no_extrusion_0328.jpg,val,val/images/nozzle_no_extrusion_0366.jpg,否,0,1.000000,0.961694,否,,,
466,train,train/images/nozzle_no_extrusion_0260.jpg,val,val/images/nozzle_no_extrusion_0187.jpg,是,2,0.968750,0.961682,否,,,
467,train,train/images/nozzle_no_extrusion_0559.jpg,train,train/images/nozzle_no_extrusion_0562.jpg,否,2,0.968750,0.961637,否,,,
468,train,train/images/nozzle_no_extrusion_0263.jpg,val,val/images/nozzle_no_extrusion_0377.jpg,是,0,1.000000,0.961595,否,,,
469,train,train/images/nozzle_no_extrusion_0177.jpg,train,train/images/nozzle_no_extrusion_0369.jpg,否,4,0.937500,0.961485,否,,,
470,train,train/images/nozzle_no_extrusion_0380.jpg,val,val/images/nozzle_no_extrusion_0302.jpg,是,2,0.968750,0.961451,否,,,
471,train,train/images/nozzle_no_extrusion_0339.jpg,val,val/images/nozzle_no_extrusion_0302.jpg,是,2,0.968750,0.961399,否,,,
472,train,train/images/nozzle_no_extrusion_0172.jpg,train,train/images/nozzle_no_extrusion_0213.jpg,否,2,0.968750,0.961391,否,,,
473,test,test/images/nozzle_no_extrusion_0196.jpg,train,train/images/nozzle_no_extrusion_0350.jpg,是,2,0.968750,0.961335,否,,,
474,train,train/images/nozzle_no_extrusion_0022.jpg,val,val/images/nozzle_no_extrusion_0036.jpg,是,0,1.000000,0.961232,否,,,
475,train,train/images/nozzle_no_extrusion_0182.jpg,train,train/images/nozzle_no_extrusion_0228.jpg,否,2,0.968750,0.961129,否,,,
476,train,train/images/nozzle_no_extrusion_0188.jpg,val,val/images/nozzle_no_extrusion_0338.jpg,是,2,0.968750,0.961039,否,,,
477,train,train/images/nozzle_no_extrusion_0162.jpg,train,train/images/nozzle_no_extrusion_0359.jpg,否,0,1.000000,0.960879,否,,,
478,train,train/images/nozzle_no_extrusion_0183.jpg,val,val/images/nozzle_no_extrusion_0302.jpg,是,2,0.968750,0.960870,否,,,
479,train,train/images/nozzle_no_extrusion_0186.jpg,train,train/images/nozzle_no_extrusion_0379.jpg,否,2,0.968750,0.960828,否,,,
480,train,train/images/nozzle_no_extrusion_0016.jpg,train,train/images/nozzle_no_extrusion_0072.jpg,否,0,1.000000,0.960798,否,,,
481,test,test/images/nozzle_tip_wrapped_0293.jpg,train,train/images/nozzle_tip_wrapped_0291.jpg,是,2,0.968750,0.960486,否,,,
482,train,train/images/nozzle_no_extrusion_0238.jpg,train,train/images/nozzle_no_extrusion_0353.jpg,否,0,1.000000,0.960316,否,,,
483,train,train/images/nozzle_no_extrusion_0164.jpg,val,val/images/nozzle_no_extrusion_0316.jpg,是,2,0.968750,0.960315,否,,,
484,test,test/images/nozzle_no_extrusion_0261.jpg,train,train/images/nozzle_no_extrusion_0379.jpg,是,0,1.000000,0.960292,否,,,
485,train,train/images/nozzle_no_extrusion_0189.jpg,train,train/images/nozzle_no_extrusion_0374.jpg,否,2,0.968750,0.959959,否,,,
486,train,train/images/nozzle_no_extrusion_0156.jpg,train,train/images/nozzle_no_extrusion_0905.jpg,否,0,1.000000,0.959880,否,,,
487,train,train/images/nozzle_no_extrusion_0186.jpg,train,train/images/nozzle_no_extrusion_0226.jpg,否,2,0.968750,0.959854,否,,,
488,train,train/images/nozzle_no_extrusion_0281.jpg,val,val/images/nozzle_no_extrusion_0351.jpg,是,0,1.000000,0.959611,否,,,
489,test,test/images/nozzle_no_extrusion_0738.jpg,train,train/images/nozzle_no_extrusion_0732.jpg,是,0,1.000000,0.959480,否,,,
490,train,train/images/nozzle_no_extrusion_0167.jpg,train,train/images/nozzle_no_extrusion_0238.jpg,否,2,0.968750,0.959380,否,,,
491,val,val/images/nozzle_no_extrusion_0078.jpg,val,val/images/nozzle_no_extrusion_0090.jpg,否,0,1.000000,0.959362,否,,,
492,train,train/images/nozzle_no_extrusion_0237.jpg,val,val/images/nozzle_no_extrusion_0168.jpg,是,0,1.000000,0.959235,否,,,
493,train,train/images/nozzle_no_extrusion_0587.jpg,train,train/images/nozzle_no_extrusion_0591.jpg,否,0,1.000000,0.959143,否,,,
494,train,train/images/nozzle_no_extrusion_0178.jpg,train,train/images/nozzle_no_extrusion_0370.jpg,否,2,0.968750,0.959067,否,,,
495,train,train/images/nozzle_no_extrusion_0265.jpg,train,train/images/nozzle_no_extrusion_0344.jpg,否,2,0.968750,0.959043,否,,,
496,test,test/images/nozzle_no_extrusion_0319.jpg,train,train/images/nozzle_no_extrusion_0161.jpg,是,2,0.968750,0.958974,否,,,
497,train,train/images/nozzle_no_extrusion_0184.jpg,train,train/images/nozzle_no_extrusion_0340.jpg,否,2,0.968750,0.958910,否,,,
498,train,train/images/nozzle_no_extrusion_0288.jpg,train,train/images/nozzle_no_extrusion_0369.jpg,否,2,0.968750,0.958867,否,,,
499,train,train/images/nozzle_no_extrusion_0839.jpg,train,train/images/nozzle_no_extrusion_0844.jpg,否,2,0.968750,0.958807,否,,,
500,test,test/images/nozzle_no_extrusion_0229.jpg,train,train/images/nozzle_no_extrusion_0374.jpg,是,2,0.968750,0.958594,否,,,
501,train,train/images/nozzle_no_extrusion_0197.jpg,val,val/images/nozzle_no_extrusion_0351.jpg,是,0,1.000000,0.958524,否,,,
502,train,train/images/nozzle_no_extrusion_0162.jpg,train,train/images/nozzle_no_extrusion_0318.jpg,否,0,1.000000,0.958392,否,,,
503,train,train/images/nozzle_no_extrusion_0680.jpg,train,train/images/nozzle_no_extrusion_0690.jpg,否,2,0.968750,0.958026,否,,,
504,val,val/images/nozzle_no_extrusion_0187.jpg,val,val/images/nozzle_no_extrusion_0302.jpg,否,2,0.968750,0.957982,否,,,
505,train,train/images/nozzle_no_extrusion_0887.jpg,val,val/images/nozzle_no_extrusion_0908.jpg,是,2,0.968750,0.957977,否,,,
506,train,train/images/nozzle_no_extrusion_0169.jpg,val,val/images/nozzle_no_extrusion_0236.jpg,是,2,0.968750,0.957784,否,,,
507,train,train/images/nozzle_no_extrusion_0748.jpg,val,val/images/nozzle_no_extrusion_0741.jpg,是,0,1.000000,0.957753,否,,,
508,val,val/images/nozzle_no_extrusion_0152.jpg,val,val/images/nozzle_no_extrusion_0157.jpg,否,0,1.000000,0.957705,否,,,
509,train,train/images/nozzle_no_extrusion_0205.jpg,train,train/images/nozzle_no_extrusion_0280.jpg,否,0,1.000000,0.957616,否,,,
510,test,test/images/nozzle_no_extrusion_0261.jpg,train,train/images/nozzle_no_extrusion_0342.jpg,是,0,1.000000,0.957084,否,,,
511,val,val/images/nozzle_no_extrusion_0155.jpg,val,val/images/nozzle_no_extrusion_0904.jpg,否,4,0.937500,0.957019,否,,,
512,train,train/images/nozzle_no_extrusion_0898.jpg,val,val/images/nozzle_no_extrusion_0908.jpg,是,2,0.968750,0.956888,否,,,
513,test,test/images/nozzle_no_extrusion_0572.jpg,train,train/images/nozzle_no_extrusion_0569.jpg,是,2,0.968750,0.956806,否,,,
514,train,train/images/nozzle_no_extrusion_0167.jpg,train,train/images/nozzle_no_extrusion_0274.jpg,否,2,0.968750,0.956720,否,,,
515,train,train/images/nozzle_no_extrusion_0178.jpg,train,train/images/nozzle_no_extrusion_0333.jpg,否,2,0.968750,0.956677,否,,,
516,train,train/images/nozzle_no_extrusion_0213.jpg,train,train/images/nozzle_no_extrusion_0334.jpg,否,4,0.937500,0.956532,否,,,
517,test,test/images/nozzle_no_extrusion_0217.jpg,train,train/images/nozzle_no_extrusion_0287.jpg,是,2,0.968750,0.956498,否,,,
518,test,test/images/nozzle_no_extrusion_0018.jpg,train,train/images/nozzle_no_extrusion_0074.jpg,是,2,0.968750,0.956496,否,,,
519,train,train/images/nozzle_no_extrusion_0861.jpg,train,train/images/nozzle_no_extrusion_0870.jpg,否,0,1.000000,0.956418,否,,,
520,train,train/images/nozzle_no_extrusion_0273.jpg,val,val/images/nozzle_no_extrusion_0168.jpg,是,0,1.000000,0.956406,否,,,
521,test,test/images/nozzle_no_extrusion_0244.jpg,train,train/images/nozzle_no_extrusion_0237.jpg,是,2,0.968750,0.956404,否,,,
522,train,train/images/nozzle_no_extrusion_0264.jpg,val,val/images/nozzle_no_extrusion_0222.jpg,是,2,0.968750,0.956352,否,,,
523,train,train/images/nozzle_no_extrusion_0162.jpg,train,train/images/nozzle_no_extrusion_0198.jpg,否,0,1.000000,0.956211,否,,,
524,train,train/images/nozzle_no_extrusion_0317.jpg,train,train/images/nozzle_no_extrusion_0358.jpg,否,4,0.937500,0.956095,否,,,
525,train,train/images/nozzle_no_extrusion_0163.jpg,val,val/images/nozzle_no_extrusion_0199.jpg,是,2,0.968750,0.956042,否,,,
526,train,train/images/nozzle_no_extrusion_0008.jpg,train,train/images/nozzle_no_extrusion_0071.jpg,否,4,0.937500,0.955974,否,,,
527,train,train/images/nozzle_no_extrusion_0264.jpg,val,val/images/nozzle_no_extrusion_0302.jpg,是,2,0.968750,0.955956,否,,,
528,train,train/images/nozzle_no_extrusion_0287.jpg,val,val/images/nozzle_no_extrusion_0366.jpg,是,0,1.000000,0.955810,否,,,
529,train,train/images/nozzle_no_extrusion_0390.jpg,train,train/images/nozzle_no_extrusion_0893.jpg,否,2,0.968750,0.955775,否,,,
530,train,train/images/nozzle_no_extrusion_0177.jpg,val,val/images/nozzle_no_extrusion_0367.jpg,是,4,0.937500,0.955695,否,,,
531,train,train/images/nozzle_no_extrusion_0219.jpg,train,train/images/nozzle_no_extrusion_0372.jpg,否,0,1.000000,0.955645,否,,,
532,train,train/images/nozzle_no_extrusion_0330.jpg,val,val/images/nozzle_no_extrusion_0367.jpg,是,2,0.968750,0.955584,否,,,
533,train,train/images/nozzle_no_extrusion_0154.jpg,train,train/images/nozzle_no_extrusion_0390.jpg,否,2,0.968750,0.955532,否,,,
534,train,train/images/nozzle_no_extrusion_0035.jpg,val,val/images/nozzle_no_extrusion_0023.jpg,是,0,1.000000,0.955456,否,,,
535,val,val/images/nozzle_no_extrusion_0245.jpg,val,val/images/nozzle_no_extrusion_0351.jpg,否,0,1.000000,0.955144,否,,,
536,train,train/images/nozzle_no_extrusion_0174.jpg,train,train/images/nozzle_no_extrusion_0251.jpg,否,0,1.000000,0.955072,否,,,
537,train,train/images/nozzle_no_extrusion_0906.jpg,val,val/images/nozzle_no_extrusion_0157.jpg,是,0,1.000000,0.954667,否,,,
538,train,train/images/nozzle_no_extrusion_0162.jpg,train,train/images/nozzle_no_extrusion_0311.jpg,否,0,1.000000,0.954614,否,,,
539,test,test/images/nozzle_no_extrusion_0073.jpg,train,train/images/nozzle_no_extrusion_0017.jpg,是,4,0.937500,0.954586,否,,,
540,test,test/images/nozzle_no_extrusion_0185.jpg,train,train/images/nozzle_no_extrusion_0262.jpg,是,2,0.968750,0.954466,否,,,
541,test,test/images/nozzle_no_extrusion_0319.jpg,val,val/images/nozzle_no_extrusion_0310.jpg,是,0,1.000000,0.954326,否,,,
542,train,train/images/nozzle_no_extrusion_0588.jpg,val,val/images/nozzle_no_extrusion_0590.jpg,是,2,0.968750,0.954325,否,,,
543,test,test/images/nozzle_no_extrusion_0371.jpg,train,train/images/nozzle_no_extrusion_0213.jpg,是,4,0.937500,0.954225,否,,,
544,train,train/images/nozzle_tip_wrapped_0077.jpg,val,val/images/nozzle_tip_wrapped_0079.jpg,是,2,0.968750,0.954163,否,,,
545,train,train/images/nozzle_no_extrusion_0183.jpg,train,train/images/nozzle_no_extrusion_0227.jpg,否,2,0.968750,0.954126,否,,,
546,train,train/images/nozzle_no_extrusion_0329.jpg,val,val/images/nozzle_no_extrusion_0367.jpg,是,2,0.968750,0.954094,否,,,
547,train,train/images/nozzle_no_extrusion_0288.jpg,val,val/images/nozzle_no_extrusion_0332.jpg,是,0,1.000000,0.954017,否,,,
548,train,train/images/nozzle_no_extrusion_0218.jpg,train,train/images/nozzle_no_extrusion_0334.jpg,否,2,0.968750,0.953901,否,,,
549,test,test/images/nozzle_no_extrusion_0259.jpg,train,train/images/nozzle_no_extrusion_0375.jpg,是,2,0.968750,0.953711,否,,,
550,train,train/images/nozzle_no_extrusion_0200.jpg,val,val/images/nozzle_no_extrusion_0316.jpg,是,0,1.000000,0.953653,否,,,
551,train,train/images/nozzle_no_extrusion_0198.jpg,train,train/images/nozzle_no_extrusion_0352.jpg,否,0,1.000000,0.953582,否,,,
552,test,test/images/nozzle_no_extrusion_0326.jpg,train,train/images/nozzle_no_extrusion_0218.jpg,是,4,0.937500,0.953520,否,,,
553,train,train/images/nozzle_no_extrusion_0445.jpg,train,train/images/nozzle_no_extrusion_0454.jpg,否,0,1.000000,0.953441,否,,,
554,train,train/images/nozzle_no_extrusion_0237.jpg,train,train/images/nozzle_no_extrusion_0280.jpg,否,2,0.968750,0.953176,否,,,
555,train,train/images/nozzle_no_extrusion_0888.jpg,train,train/images/nozzle_no_extrusion_0897.jpg,否,0,1.000000,0.952819,否,,,
556,train,train/images/nozzle_no_extrusion_0359.jpg,val,val/images/nozzle_no_extrusion_0168.jpg,是,0,1.000000,0.952805,否,,,
557,test,test/images/nozzle_no_extrusion_0357.jpg,train,train/images/nozzle_no_extrusion_0164.jpg,是,2,0.968750,0.952686,否,,,
558,train,train/images/nozzle_no_extrusion_0163.jpg,train,train/images/nozzle_no_extrusion_0312.jpg,否,2,0.968750,0.952573,否,,,
559,train,train/images/nozzle_no_extrusion_0173.jpg,train,train/images/nozzle_no_extrusion_0214.jpg,否,0,1.000000,0.952449,否,,,
560,train,train/images/nozzle_no_extrusion_0897.jpg,train,train/images/nozzle_no_extrusion_0899.jpg,否,0,1.000000,0.952437,否,,,
561,train,train/images/nozzle_no_extrusion_0206.jpg,val,val/images/nozzle_no_extrusion_0351.jpg,是,2,0.968750,0.952323,否,,,
562,train,train/images/nozzle_no_extrusion_0164.jpg,train,train/images/nozzle_no_extrusion_0313.jpg,否,2,0.968750,0.952201,否,,,
563,train,train/images/nozzle_no_extrusion_0184.jpg,val,val/images/nozzle_no_extrusion_0301.jpg,是,2,0.968750,0.952163,否,,,
564,train,train/images/nozzle_no_extrusion_0275.jpg,val,val/images/nozzle_no_extrusion_0316.jpg,是,0,1.000000,0.951907,否,,,
565,test,test/images/nozzle_no_extrusion_0326.jpg,train,train/images/nozzle_no_extrusion_0172.jpg,是,2,0.968750,0.951849,否,,,
566,test,test/images/nozzle_no_extrusion_0065.jpg,train,train/images/nozzle_no_extrusion_0071.jpg,是,2,0.968750,0.951564,否,,,
567,train,train/images/nozzle_no_extrusion_0173.jpg,train,train/images/nozzle_no_extrusion_0292.jpg,否,0,1.000000,0.951562,否,,,
568,train,train/images/nozzle_no_extrusion_0174.jpg,train,train/images/nozzle_no_extrusion_0215.jpg,否,2,0.968750,0.951519,否,,,
569,train,train/images/nozzle_no_extrusion_0184.jpg,train,train/images/nozzle_no_extrusion_0226.jpg,否,2,0.968750,0.951496,否,,,
570,train,train/images/nozzle_no_extrusion_0009.jpg,train,train/images/nozzle_no_extrusion_0014.jpg,否,0,1.000000,0.951447,否,,,
571,test,test/images/nozzle_no_extrusion_0734.jpg,train,train/images/nozzle_no_extrusion_0736.jpg,是,2,0.968750,0.951330,否,,,
572,train,train/images/nozzle_no_extrusion_0906.jpg,val,val/images/nozzle_no_extrusion_0900.jpg,是,2,0.968750,0.951265,否,,,
573,train,train/images/nozzle_no_extrusion_0165.jpg,train,train/images/nozzle_no_extrusion_0314.jpg,否,2,0.968750,0.951112,否,,,
574,train,train/images/nozzle_no_extrusion_0227.jpg,train,train/images/nozzle_no_extrusion_0376.jpg,否,0,1.000000,0.951110,否,,,
575,train,train/images/nozzle_no_extrusion_0207.jpg,train,train/images/nozzle_no_extrusion_0235.jpg,否,2,0.968750,0.950991,否,,,
576,train,train/images/nozzle_no_extrusion_0718.jpg,train,train/images/nozzle_no_extrusion_0720.jpg,否,0,1.000000,0.950883,否,,,
577,val,val/images/nozzle_no_extrusion_0254.jpg,val,val/images/nozzle_no_extrusion_0367.jpg,否,2,0.968750,0.950845,否,,,
578,train,train/images/nozzle_no_extrusion_0203.jpg,val,val/images/nozzle_no_extrusion_0240.jpg,是,0,1.000000,0.950817,否,,,
579,train,train/images/nozzle_no_extrusion_0186.jpg,val,val/images/nozzle_no_extrusion_0301.jpg,是,2,0.968750,0.950696,否,,,
580,train,train/images/nozzle_no_extrusion_0889.jpg,train,train/images/nozzle_no_extrusion_0906.jpg,否,2,0.968750,0.950575,否,,,
581,train,train/images/nozzle_no_extrusion_0279.jpg,train,train/images/nozzle_no_extrusion_0353.jpg,否,2,0.968750,0.950445,否,,,
582,val,val/images/nozzle_no_extrusion_0258.jpg,val,val/images/nozzle_no_extrusion_0382.jpg,否,2,0.968750,0.950416,否,,,
583,train,train/images/nozzle_no_extrusion_0227.jpg,train,train/images/nozzle_no_extrusion_0298.jpg,否,2,0.968750,0.950321,否,,,
584,train,train/images/nozzle_no_extrusion_0205.jpg,train,train/images/nozzle_no_extrusion_0358.jpg,否,2,0.968750,0.950309,否,,,
585,test,test/images/nozzle_no_extrusion_0244.jpg,train,train/images/nozzle_no_extrusion_0205.jpg,是,0,1.000000,0.950102,否,,,
586,test,test/images/nozzle_no_extrusion_0907.jpg,train,train/images/nozzle_no_extrusion_0888.jpg,是,2,0.968750,0.950087,否,,,
587,train,train/images/nozzle_no_extrusion_0504.jpg,val,val/images/nozzle_no_extrusion_0499.jpg,是,2,0.968750,0.950079,否,,,
588,train,train/images/nozzle_no_extrusion_0189.jpg,val,val/images/nozzle_no_extrusion_0382.jpg,是,2,0.968750,0.949936,否,,,
589,test,test/images/nozzle_no_extrusion_0229.jpg,val,val/images/nozzle_no_extrusion_0382.jpg,是,2,0.968750,0.949911,否,,,
590,test,test/images/nozzle_no_extrusion_0217.jpg,val,val/images/nozzle_no_extrusion_0328.jpg,是,2,0.968750,0.949904,否,,,
591,train,train/images/nozzle_tip_wrapped_0168.jpg,train,train/images/nozzle_tip_wrapped_0170.jpg,否,6,0.906250,0.949805,否,,,
592,train,train/images/nozzle_no_extrusion_0263.jpg,val,val/images/nozzle_no_extrusion_0301.jpg,是,0,1.000000,0.949582,否,,,
593,train,train/images/nozzle_no_extrusion_0827.jpg,train,train/images/nozzle_no_extrusion_0831.jpg,否,4,0.937500,0.949519,否,,,
594,train,train/images/nozzle_no_extrusion_0165.jpg,train,train/images/nozzle_no_extrusion_0356.jpg,否,0,1.000000,0.949322,否,,,
595,train,train/images/nozzle_no_extrusion_0353.jpg,val,val/images/nozzle_no_extrusion_0199.jpg,是,0,1.000000,0.949248,否,,,
596,test,test/images/nozzle_no_extrusion_0907.jpg,train,train/images/nozzle_no_extrusion_0899.jpg,是,2,0.968750,0.949203,否,,,
597,test,test/images/nozzle_no_extrusion_0371.jpg,train,train/images/nozzle_no_extrusion_0218.jpg,是,2,0.968750,0.949088,否,,,
598,train,train/images/nozzle_no_extrusion_0166.jpg,train,train/images/nozzle_no_extrusion_0239.jpg,否,2,0.968750,0.949017,否,,,
599,train,train/images/nozzle_no_extrusion_0178.jpg,train,train/images/nozzle_no_extrusion_0255.jpg,否,2,0.968750,0.948858,否,,,
600,train,train/images/nozzle_no_extrusion_0022.jpg,val,val/images/nozzle_no_extrusion_0077.jpg,是,0,1.000000,0.948748,否,,,
601,test,test/images/nozzle_no_extrusion_0272.jpg,test,test/images/nozzle_no_extrusion_0319.jpg,否,0,1.000000,0.948625,否,,,
602,train,train/images/nozzle_no_extrusion_0205.jpg,train,train/images/nozzle_no_extrusion_0352.jpg,否,2,0.968750,0.948417,否,,,
603,test,test/images/nozzle_no_extrusion_0357.jpg,train,train/images/nozzle_no_extrusion_0166.jpg,是,2,0.968750,0.948299,否,,,
604,test,test/images/nozzle_no_extrusion_0502.jpg,train,train/images/nozzle_no_extrusion_0501.jpg,是,2,0.968750,0.948048,否,,,
605,train,train/images/nozzle_no_extrusion_0273.jpg,train,train/images/nozzle_no_extrusion_0352.jpg,否,0,1.000000,0.947971,否,,,
606,train,train/images/nozzle_no_extrusion_0270.jpg,train,train/images/nozzle_no_extrusion_0308.jpg,否,0,1.000000,0.947700,否,,,
607,train,train/images/nozzle_no_extrusion_0353.jpg,val,val/images/nozzle_no_extrusion_0243.jpg,是,2,0.968750,0.947617,否,,,
608,train,train/images/nozzle_no_extrusion_0282.jpg,train,train/images/nozzle_no_extrusion_0320.jpg,否,0,1.000000,0.947572,否,,,
609,train,train/images/nozzle_no_extrusion_0172.jpg,train,train/images/nozzle_no_extrusion_0334.jpg,否,2,0.968750,0.947534,否,,,
610,train,train/images/nozzle_no_extrusion_0318.jpg,val,val/images/nozzle_no_extrusion_0168.jpg,是,0,1.000000,0.947464,否,,,
611,train,train/images/nozzle_no_extrusion_0608.jpg,train,train/images/nozzle_no_extrusion_0609.jpg,否,4,0.937500,0.947308,否,,,
612,test,test/images/nozzle_no_extrusion_0196.jpg,train,train/images/nozzle_no_extrusion_0207.jpg,是,2,0.968750,0.946896,否,,,
613,train,train/images/nozzle_no_extrusion_0395.jpg,train,train/images/nozzle_no_extrusion_0397.jpg,否,0,1.000000,0.946764,否,,,
614,train,train/images/nozzle_no_extrusion_0173.jpg,train,train/images/nozzle_no_extrusion_0370.jpg,否,0,1.000000,0.946633,否,,,
615,train,train/images/nozzle_no_extrusion_0022.jpg,train,train/images/nozzle_no_extrusion_0091.jpg,否,0,1.000000,0.946122,否,,,
616,train,train/images/nozzle_no_extrusion_0312.jpg,train,train/images/nozzle_no_extrusion_0317.jpg,否,2,0.968750,0.946079,否,,,
617,test,test/images/nozzle_no_extrusion_0825.jpg,val,val/images/nozzle_no_extrusion_0834.jpg,是,2,0.968750,0.945953,否,,,
618,train,train/images/nozzle_no_extrusion_0387.jpg,train,train/images/nozzle_no_extrusion_0896.jpg,否,2,0.968750,0.945886,否,,,
619,train,train/images/nozzle_no_extrusion_0066.jpg,train,train/images/nozzle_no_extrusion_0070.jpg,否,4,0.937500,0.945844,否,,,
620,train,train/images/nozzle_no_extrusion_0067.jpg,val,val/images/nozzle_no_extrusion_0069.jpg,是,0,1.000000,0.945757,否,,,
621,train,train/images/nozzle_no_extrusion_0228.jpg,train,train/images/nozzle_no_extrusion_0344.jpg,否,2,0.968750,0.945674,否,,,
622,train,train/images/nozzle_no_extrusion_0186.jpg,train,train/images/nozzle_no_extrusion_0340.jpg,否,2,0.968750,0.945493,否,,,
623,test,test/images/nozzle_no_extrusion_0244.jpg,train,train/images/nozzle_no_extrusion_0198.jpg,是,2,0.968750,0.945256,否,,,
624,train,train/images/nozzle_no_extrusion_0164.jpg,train,train/images/nozzle_no_extrusion_0239.jpg,否,2,0.968750,0.945019,否,,,
625,train,train/images/nozzle_no_extrusion_0264.jpg,val,val/images/nozzle_no_extrusion_0343.jpg,是,2,0.968750,0.945006,否,,,
626,test,test/images/nozzle_tip_wrapped_0103.jpg,train,train/images/nozzle_tip_wrapped_0102.jpg,是,4,0.937500,0.945005,否,,,
627,train,train/images/nozzle_no_extrusion_0013.jpg,train,train/images/nozzle_no_extrusion_0067.jpg,否,2,0.968750,0.944970,否,,,
628,val,val/images/nozzle_no_extrusion_0310.jpg,val,val/images/nozzle_no_extrusion_0360.jpg,否,0,1.000000,0.944896,否,,,
629,train,train/images/nozzle_no_extrusion_0173.jpg,train,train/images/nozzle_no_extrusion_0255.jpg,否,0,1.000000,0.944513,否,,,
630,train,train/images/nozzle_no_extrusion_0223.jpg,train,train/images/nozzle_no_extrusion_0263.jpg,否,2,0.968750,0.944331,否,,,
631,train,train/images/nozzle_no_extrusion_0288.jpg,val,val/images/nozzle_no_extrusion_0367.jpg,是,2,0.968750,0.944321,否,,,
632,train,train/images/nozzle_no_extrusion_0198.jpg,train,train/images/nozzle_no_extrusion_0280.jpg,否,2,0.968750,0.944180,否,,,
633,train,train/images/nozzle_no_extrusion_0681.jpg,train,train/images/nozzle_no_extrusion_0689.jpg,否,4,0.937500,0.944125,否,,,
634,test,test/images/nozzle_no_extrusion_0371.jpg,train,train/images/nozzle_no_extrusion_0172.jpg,是,2,0.968750,0.944090,否,,,
635,test,test/images/nozzle_no_extrusion_0252.jpg,train,train/images/nozzle_no_extrusion_0177.jpg,是,4,0.937500,0.943956,否,,,
636,train,train/images/nozzle_no_extrusion_0161.jpg,val,val/images/nozzle_no_extrusion_0245.jpg,是,2,0.968750,0.943438,否,,,
637,train,train/images/nozzle_no_extrusion_0173.jpg,train,train/images/nozzle_no_extrusion_0333.jpg,否,0,1.000000,0.943112,否,,,
638,train,train/images/nozzle_tip_wrapped_0088.jpg,train,train/images/nozzle_tip_wrapped_0089.jpg,否,6,0.906250,0.943102,否,,,
639,train,train/images/nozzle_no_extrusion_0167.jpg,val,val/images/nozzle_no_extrusion_0199.jpg,是,2,0.968750,0.943069,否,,,
640,val,val/images/nozzle_no_extrusion_0201.jpg,val,val/images/nozzle_no_extrusion_0240.jpg,否,0,1.000000,0.942796,否,,,
641,test,test/images/nozzle_no_extrusion_0291.jpg,train,train/images/nozzle_no_extrusion_0215.jpg,是,2,0.968750,0.942672,否,,,
642,train,train/images/nozzle_no_extrusion_0260.jpg,train,train/images/nozzle_no_extrusion_0264.jpg,否,4,0.937500,0.942576,否,,,
643,test,test/images/nozzle_no_extrusion_0244.jpg,train,train/images/nozzle_no_extrusion_0273.jpg,是,2,0.968750,0.942559,否,,,
644,train,train/images/nozzle_no_extrusion_0174.jpg,train,train/images/nozzle_no_extrusion_0288.jpg,否,0,1.000000,0.942546,否,,,
645,val,val/images/nozzle_no_extrusion_0023.jpg,val,val/images/nozzle_no_extrusion_0078.jpg,否,0,1.000000,0.942396,否,,,
646,train,train/images/nozzle_no_extrusion_0274.jpg,train,train/images/nozzle_no_extrusion_0353.jpg,否,0,1.000000,0.942293,否,,,
647,train,train/images/nozzle_no_extrusion_0263.jpg,train,train/images/nozzle_no_extrusion_0340.jpg,否,0,1.000000,0.942188,否,,,
648,train,train/images/nozzle_no_extrusion_0034.jpg,train,train/images/nozzle_no_extrusion_0079.jpg,否,2,0.968750,0.942157,否,,,
649,train,train/images/nozzle_no_extrusion_0386.jpg,train,train/images/nozzle_no_extrusion_0888.jpg,否,0,1.000000,0.942149,否,,,
650,train,train/images/nozzle_no_extrusion_0165.jpg,val,val/images/nozzle_no_extrusion_0240.jpg,是,2,0.968750,0.942068,否,,,
651,train,train/images/nozzle_extrusion_normal_0568.jpg,train,train/images/nozzle_extrusion_normal_0610.jpg,否,4,0.937500,0.941849,否,,,
652,train,train/images/nozzle_no_extrusion_0313.jpg,val,val/images/nozzle_no_extrusion_0316.jpg,是,0,1.000000,0.941839,否,,,
653,test,test/images/nozzle_no_extrusion_0244.jpg,train,train/images/nozzle_no_extrusion_0162.jpg,是,2,0.968750,0.941714,否,,,
654,train,train/images/nozzle_no_extrusion_0161.jpg,val,val/images/nozzle_no_extrusion_0236.jpg,是,2,0.968750,0.941604,否,,,
655,test,test/images/nozzle_no_extrusion_0217.jpg,train,train/images/nozzle_no_extrusion_0333.jpg,是,0,1.000000,0.941406,否,,,
656,train,train/images/nozzle_no_extrusion_0169.jpg,train,train/images/nozzle_no_extrusion_0197.jpg,否,2,0.968750,0.941228,否,,,
657,train,train/images/nozzle_no_extrusion_0165.jpg,train,train/images/nozzle_no_extrusion_0241.jpg,否,0,1.000000,0.941175,否,,,
658,train,train/images/nozzle_no_extrusion_0386.jpg,train,train/images/nozzle_no_extrusion_0899.jpg,否,0,1.000000,0.940809,否,,,
659,train,train/images/nozzle_no_extrusion_0198.jpg,val,val/images/nozzle_no_extrusion_0168.jpg,是,0,1.000000,0.940712,否,,,
660,train,train/images/nozzle_no_extrusion_0119.jpg,val,val/images/nozzle_no_extrusion_0118.jpg,是,2,0.968750,0.940526,否,,,
661,test,test/images/nozzle_no_extrusion_0088.jpg,val,val/images/nozzle_no_extrusion_0033.jpg,是,0,1.000000,0.940121,否,,,
662,train,train/images/nozzle_no_extrusion_0009.jpg,train,train/images/nozzle_no_extrusion_0066.jpg,否,2,0.968750,0.940095,否,,,
663,test,test/images/nozzle_tip_wrapped_0297.jpg,train,train/images/nozzle_tip_wrapped_0289.jpg,是,4,0.937500,0.939907,否,,,
664,train,train/images/nozzle_no_extrusion_0177.jpg,val,val/images/nozzle_no_extrusion_0254.jpg,是,2,0.968750,0.939840,否,,,
665,train,train/images/nozzle_no_extrusion_0024.jpg,train,train/images/nozzle_no_extrusion_0079.jpg,否,2,0.968750,0.939699,否,,,
666,train,train/images/nozzle_no_extrusion_0273.jpg,train,train/images/nozzle_no_extrusion_0280.jpg,否,2,0.968750,0.939542,否,,,
667,test,test/images/nozzle_no_extrusion_0005.jpg,test,test/images/nozzle_no_extrusion_0062.jpg,否,4,0.937500,0.939258,否,,,
668,test,test/images/nozzle_no_extrusion_0272.jpg,val,val/images/nozzle_no_extrusion_0360.jpg,是,0,1.000000,0.939051,否,,,
669,train,train/images/nozzle_no_extrusion_0251.jpg,val,val/images/nozzle_no_extrusion_0366.jpg,是,2,0.968750,0.938970,否,,,
670,test,test/images/nozzle_no_extrusion_0010.jpg,train,train/images/nozzle_no_extrusion_0067.jpg,是,2,0.968750,0.938440,否,,,
671,test,test/images/nozzle_no_extrusion_0088.jpg,train,train/images/nozzle_no_extrusion_0080.jpg,是,0,1.000000,0.938194,否,,,
672,train,train/images/nozzle_no_extrusion_0215.jpg,train,train/images/nozzle_no_extrusion_0369.jpg,否,2,0.968750,0.938180,否,,,
673,train,train/images/nozzle_no_extrusion_0289.jpg,val,val/images/nozzle_no_extrusion_0332.jpg,是,2,0.968750,0.938064,否,,,
674,train,train/images/nozzle_no_extrusion_0165.jpg,val,val/images/nozzle_no_extrusion_0355.jpg,是,2,0.968750,0.938005,否,,,
675,test,test/images/nozzle_no_extrusion_0561.jpg,train,train/images/nozzle_no_extrusion_0560.jpg,是,2,0.968750,0.937918,否,,,
676,train,train/images/nozzle_no_extrusion_0032.jpg,train,train/images/nozzle_no_extrusion_0087.jpg,否,2,0.968750,0.937632,否,,,
677,train,train/images/nozzle_no_extrusion_0263.jpg,train,train/images/nozzle_no_extrusion_0379.jpg,否,0,1.000000,0.937557,否,,,
678,train,train/images/nozzle_no_extrusion_0165.jpg,train,train/images/nozzle_no_extrusion_0277.jpg,否,0,1.000000,0.937550,否,,,
679,test,test/images/nozzle_no_extrusion_0595.jpg,test,test/images/nozzle_no_extrusion_0603.jpg,否,2,0.968750,0.937481,否,,,
680,test,test/images/nozzle_no_extrusion_0259.jpg,train,train/images/nozzle_no_extrusion_0182.jpg,是,2,0.968750,0.937261,否,,,
681,train,train/images/nozzle_no_extrusion_0303.jpg,train,train/images/nozzle_no_extrusion_0375.jpg,否,0,1.000000,0.937055,否,,,
682,test,test/images/nozzle_no_extrusion_0804.jpg,train,train/images/nozzle_no_extrusion_0802.jpg,是,2,0.968750,0.936968,否,,,
683,train,train/images/nozzle_no_extrusion_0151.jpg,train,train/images/nozzle_no_extrusion_0158.jpg,否,0,1.000000,0.936940,否,,,
684,train,train/images/nozzle_no_extrusion_0752.jpg,train,train/images/nozzle_no_extrusion_0754.jpg,否,4,0.937500,0.936886,否,,,
685,train,train/images/nozzle_tip_wrapped_0623.jpg,train,train/images/nozzle_tip_wrapped_0624.jpg,否,4,0.937500,0.936871,否,,,
686,test,test/images/nozzle_no_extrusion_0528.jpg,train,train/images/nozzle_no_extrusion_0520.jpg,是,0,1.000000,0.936809,否,,,
687,train,train/images/nozzle_tip_wrapped_0115.jpg,train,train/images/nozzle_tip_wrapped_0119.jpg,否,6,0.906250,0.936728,否,,,
688,train,train/images/nozzle_no_extrusion_0188.jpg,train,train/images/nozzle_no_extrusion_0375.jpg,否,2,0.968750,0.936727,否,,,
689,train,train/images/nozzle_no_extrusion_0344.jpg,val,val/images/nozzle_no_extrusion_0338.jpg,是,0,1.000000,0.936609,否,,,
690,test,test/images/nozzle_no_extrusion_0421.jpg,train,train/images/nozzle_no_extrusion_0415.jpg,是,0,1.000000,0.936588,否,,,
691,train,train/images/nozzle_no_extrusion_0007.jpg,train,train/images/nozzle_no_extrusion_0064.jpg,否,2,0.968750,0.936562,否,,,
692,train,train/images/nozzle_no_extrusion_0896.jpg,train,train/images/nozzle_no_extrusion_0906.jpg,否,2,0.968750,0.936432,否,,,
693,test,test/images/nozzle_no_extrusion_0217.jpg,train,train/images/nozzle_no_extrusion_0370.jpg,是,0,1.000000,0.936324,否,,,
694,test,test/images/nozzle_no_extrusion_0065.jpg,train,train/images/nozzle_no_extrusion_0008.jpg,是,4,0.937500,0.936298,否,,,
695,train,train/images/nozzle_no_extrusion_0167.jpg,train,train/images/nozzle_no_extrusion_0358.jpg,否,2,0.968750,0.935562,否,,,
696,train,train/images/nozzle_no_extrusion_0161.jpg,train,train/images/nozzle_no_extrusion_0281.jpg,否,2,0.968750,0.935433,否,,,
697,train,train/images/nozzle_no_extrusion_0165.jpg,val,val/images/nozzle_no_extrusion_0315.jpg,是,0,1.000000,0.935327,否,,,
698,train,train/images/nozzle_no_extrusion_0006.jpg,train,train/images/nozzle_no_extrusion_0063.jpg,否,4,0.937500,0.934969,否,,,
699,test,test/images/nozzle_no_extrusion_0196.jpg,train,train/images/nozzle_no_extrusion_0361.jpg,是,2,0.968750,0.934809,否,,,
700,train,train/images/nozzle_no_extrusion_0617.jpg,train,train/images/nozzle_no_extrusion_0622.jpg,否,2,0.968750,0.934770,否,,,
701,train,train/images/nozzle_tip_wrapped_0290.jpg,train,train/images/nozzle_tip_wrapped_0298.jpg,否,4,0.937500,0.934753,否,,,
702,test,test/images/nozzle_no_extrusion_0437.jpg,train,train/images/nozzle_no_extrusion_0439.jpg,是,0,1.000000,0.934690,否,,,
703,train,train/images/nozzle_no_extrusion_0387.jpg,train,train/images/nozzle_no_extrusion_0889.jpg,否,2,0.968750,0.934497,否,,,
704,test,test/images/nozzle_no_extrusion_0204.jpg,train,train/images/nozzle_no_extrusion_0353.jpg,是,4,0.937500,0.934459,否,,,
705,test,test/images/nozzle_extrusion_normal_0654.jpg,train,train/images/nozzle_extrusion_normal_0697.jpg,是,2,0.968750,0.934288,否,,,
706,train,train/images/nozzle_no_extrusion_0184.jpg,val,val/images/nozzle_no_extrusion_0377.jpg,是,2,0.968750,0.934057,否,,,
707,test,test/images/nozzle_no_extrusion_0545.jpg,train,train/images/nozzle_no_extrusion_0541.jpg,是,0,1.000000,0.933856,否,,,
708,train,train/images/nozzle_no_extrusion_0215.jpg,train,train/images/nozzle_no_extrusion_0251.jpg,否,2,0.968750,0.933821,否,,,
709,train,train/images/nozzle_no_extrusion_0166.jpg,train,train/images/nozzle_no_extrusion_0275.jpg,否,2,0.968750,0.933803,否,,,
710,train,train/images/nozzle_no_extrusion_0162.jpg,train,train/images/nozzle_no_extrusion_0280.jpg,否,2,0.968750,0.933753,否,,,
711,train,train/images/nozzle_no_extrusion_0182.jpg,train,train/images/nozzle_no_extrusion_0188.jpg,否,2,0.968750,0.933726,否,,,
712,train,train/images/nozzle_no_extrusion_0081.jpg,train,train/images/nozzle_no_extrusion_0087.jpg,否,2,0.968750,0.933615,否,,,
713,train,train/images/nozzle_no_extrusion_0289.jpg,train,train/images/nozzle_no_extrusion_0369.jpg,否,0,1.000000,0.933540,否,,,
714,test,test/images/nozzle_no_extrusion_0297.jpg,train,train/images/nozzle_no_extrusion_0374.jpg,是,2,0.968750,0.933447,否,,,
715,train,train/images/nozzle_no_extrusion_0263.jpg,train,train/images/nozzle_no_extrusion_0342.jpg,否,0,1.000000,0.933445,否,,,
716,test,test/images/nozzle_no_extrusion_0272.jpg,train,train/images/nozzle_no_extrusion_0206.jpg,是,2,0.968750,0.933291,否,,,
717,train,train/images/nozzle_no_extrusion_0174.jpg,val,val/images/nozzle_no_extrusion_0254.jpg,是,0,1.000000,0.933218,否,,,
718,test,test/images/nozzle_no_extrusion_0309.jpg,train,train/images/nozzle_no_extrusion_0235.jpg,是,2,0.968750,0.933152,否,,,
719,train,train/images/nozzle_no_extrusion_0184.jpg,train,train/images/nozzle_no_extrusion_0299.jpg,否,2,0.968750,0.932963,否,,,
720,train,train/images/nozzle_no_extrusion_0344.jpg,val,val/images/nozzle_no_extrusion_0381.jpg,是,0,1.000000,0.932962,否,,,
721,test,test/images/nozzle_tip_wrapped_0297.jpg,train,train/images/nozzle_tip_wrapped_0294.jpg,是,4,0.937500,0.932855,否,,,
722,train,train/images/nozzle_no_extrusion_0177.jpg,train,train/images/nozzle_no_extrusion_0289.jpg,否,4,0.937500,0.932786,否,,,
723,train,train/images/nozzle_no_extrusion_0045.jpg,train,train/images/nozzle_no_extrusion_0051.jpg,否,0,1.000000,0.932706,否,,,
724,train,train/images/nozzle_no_extrusion_0215.jpg,val,val/images/nozzle_no_extrusion_0332.jpg,是,2,0.968750,0.932699,否,,,
725,train,train/images/nozzle_no_extrusion_0174.jpg,train,train/images/nozzle_no_extrusion_0329.jpg,否,0,1.000000,0.932646,否,,,
726,train,train/images/nozzle_no_extrusion_0165.jpg,train,train/images/nozzle_no_extrusion_0202.jpg,否,2,0.968750,0.932620,否,,,
727,train,train/images/nozzle_no_extrusion_0235.jpg,train,train/images/nozzle_no_extrusion_0361.jpg,否,2,0.968750,0.932356,否,,,
728,train,train/images/nozzle_no_extrusion_0840.jpg,val,val/images/nozzle_no_extrusion_0843.jpg,是,2,0.968750,0.932185,否,,,
729,train,train/images/nozzle_no_extrusion_0387.jpg,val,val/images/nozzle_no_extrusion_0900.jpg,是,2,0.968750,0.931901,否,,,
730,train,train/images/nozzle_no_extrusion_0167.jpg,train,train/images/nozzle_no_extrusion_0312.jpg,否,2,0.968750,0.931813,否,,,
731,train,train/images/nozzle_no_extrusion_0162.jpg,train,train/images/nozzle_no_extrusion_0352.jpg,否,0,1.000000,0.931808,否,,,
732,test,test/images/nozzle_no_extrusion_0217.jpg,train,train/images/nozzle_no_extrusion_0292.jpg,是,0,1.000000,0.931524,否,,,
733,train,train/images/nozzle_no_extrusion_0308.jpg,train,train/images/nozzle_no_extrusion_0320.jpg,否,0,1.000000,0.931167,否,,,
734,train,train/images/nozzle_no_extrusion_0274.jpg,train,train/images/nozzle_no_extrusion_0358.jpg,否,4,0.937500,0.931046,否,,,
735,test,test/images/nozzle_no_extrusion_0319.jpg,val,val/images/nozzle_no_extrusion_0351.jpg,是,0,1.000000,0.931009,否,,,
736,train,train/images/nozzle_no_extrusion_0311.jpg,val,val/images/nozzle_no_extrusion_0168.jpg,是,0,1.000000,0.931000,否,,,
737,train,train/images/nozzle_no_extrusion_0161.jpg,train,train/images/nozzle_no_extrusion_0197.jpg,否,2,0.968750,0.930998,否,,,
738,train,train/images/nozzle_no_extrusion_0330.jpg,val,val/images/nozzle_no_extrusion_0332.jpg,是,4,0.937500,0.930467,否,,,
739,test,test/images/nozzle_no_extrusion_0291.jpg,train,train/images/nozzle_no_extrusion_0289.jpg,是,2,0.968750,0.930381,否,,,
740,train,train/images/nozzle_no_extrusion_0169.jpg,val,val/images/nozzle_no_extrusion_0310.jpg,是,2,0.968750,0.930214,否,,,
741,train,train/images/nozzle_no_extrusion_0163.jpg,train,train/images/nozzle_no_extrusion_0353.jpg,否,2,0.968750,0.929912,否,,,
742,test,test/images/nozzle_no_extrusion_0442.jpg,train,train/images/nozzle_no_extrusion_0434.jpg,是,2,0.968750,0.929816,否,,,
743,train,train/images/nozzle_no_extrusion_0227.jpg,val,val/images/nozzle_no_extrusion_0343.jpg,是,2,0.968750,0.929811,否,,,
744,train,train/images/nozzle_no_extrusion_0448.jpg,train,train/images/nozzle_no_extrusion_0451.jpg,否,0,1.000000,0.929701,否,,,
745,train,train/images/nozzle_no_extrusion_0626.jpg,val,val/images/nozzle_no_extrusion_0634.jpg,是,2,0.968750,0.929357,否,,,
746,train,train/images/nozzle_no_extrusion_0164.jpg,train,train/images/nozzle_no_extrusion_0242.jpg,否,2,0.968750,0.929264,否,,,
747,train,train/images/nozzle_no_extrusion_0388.jpg,train,train/images/nozzle_no_extrusion_0890.jpg,否,0,1.000000,0.929074,否,,,
748,test,test/images/nozzle_no_extrusion_0297.jpg,train,train/images/nozzle_no_extrusion_0337.jpg,是,4,0.937500,0.928693,否,,,
749,train,train/images/nozzle_no_extrusion_0893.jpg,val,val/images/nozzle_no_extrusion_0155.jpg,是,4,0.937500,0.928627,否,,,
750,train,train/images/nozzle_no_extrusion_0164.jpg,train,train/images/nozzle_no_extrusion_0354.jpg,否,2,0.968750,0.928442,否,,,
751,train,train/images/nozzle_no_extrusion_0670.jpg,train,train/images/nozzle_no_extrusion_0678.jpg,否,4,0.937500,0.928390,否,,,
752,train,train/images/nozzle_no_extrusion_0178.jpg,train,train/images/nozzle_no_extrusion_0214.jpg,否,2,0.968750,0.928348,否,,,
753,test,test/images/nozzle_no_extrusion_0005.jpg,train,train/images/nozzle_no_extrusion_0074.jpg,是,4,0.937500,0.928288,否,,,
754,train,train/images/nozzle_no_extrusion_0242.jpg,val,val/images/nozzle_no_extrusion_0316.jpg,是,0,1.000000,0.928280,否,,,
755,train,train/images/nozzle_no_extrusion_0021.jpg,val,val/images/nozzle_no_extrusion_0077.jpg,是,2,0.968750,0.928224,否,,,
756,train,train/images/nozzle_no_extrusion_0011.jpg,train,train/images/nozzle_no_extrusion_0068.jpg,否,2,0.968750,0.927968,否,,,
757,test,test/images/nozzle_heavy_contamination_0005.jpg,train,train/images/nozzle_heavy_contamination_0003.jpg,是,6,0.906250,0.927647,否,,,
758,train,train/images/nozzle_no_extrusion_0390.jpg,train,train/images/nozzle_no_extrusion_0892.jpg,否,2,0.968750,0.927605,否,,,
759,train,train/images/nozzle_no_extrusion_0388.jpg,val,val/images/nozzle_no_extrusion_0901.jpg,是,0,1.000000,0.927548,否,,,
760,train,train/images/nozzle_no_extrusion_0895.jpg,val,val/images/nozzle_no_extrusion_0152.jpg,是,2,0.968750,0.927526,否,,,
761,train,train/images/nozzle_no_extrusion_0206.jpg,val,val/images/nozzle_no_extrusion_0310.jpg,是,2,0.968750,0.927501,否,,,
762,train,train/images/nozzle_no_extrusion_0166.jpg,train,train/images/nozzle_no_extrusion_0313.jpg,否,2,0.968750,0.927371,否,,,
763,train,train/images/nozzle_no_extrusion_0046.jpg,train,train/images/nozzle_no_extrusion_0050.jpg,否,2,0.968750,0.927092,否,,,
764,train,train/images/nozzle_tip_wrapped_0104.jpg,train,train/images/nozzle_tip_wrapped_0105.jpg,否,6,0.906250,0.926839,否,,,
765,train,train/images/nozzle_no_extrusion_0177.jpg,train,train/images/nozzle_no_extrusion_0330.jpg,否,2,0.968750,0.926788,否,,,
766,test,test/images/nozzle_no_extrusion_0648.jpg,test,test/images/nozzle_no_extrusion_0656.jpg,否,2,0.968750,0.926705,否,,,
767,train,train/images/nozzle_tip_wrapped_0288.jpg,train,train/images/nozzle_tip_wrapped_0295.jpg,否,4,0.937500,0.926644,否,,,
768,test,test/images/nozzle_no_extrusion_0221.jpg,val,val/images/nozzle_no_extrusion_0382.jpg,是,0,1.000000,0.926202,否,,,
769,train,train/images/nozzle_no_extrusion_0166.jpg,train,train/images/nozzle_no_extrusion_0200.jpg,否,2,0.968750,0.926087,否,,,
770,train,train/images/nozzle_no_extrusion_0021.jpg,train,train/images/nozzle_no_extrusion_0091.jpg,否,2,0.968750,0.926013,否,,,
771,test,test/images/nozzle_no_extrusion_0505.jpg,train,train/images/nozzle_no_extrusion_0498.jpg,是,2,0.968750,0.925899,否,,,
772,train,train/images/nozzle_tip_wrapped_0021.jpg,train,train/images/nozzle_tip_wrapped_0022.jpg,否,4,0.937500,0.925805,否,,,
773,train,train/images/nozzle_no_extrusion_0164.jpg,train,train/images/nozzle_no_extrusion_0275.jpg,否,2,0.968750,0.925803,否,,,
774,test,test/images/nozzle_no_extrusion_0073.jpg,train,train/images/nozzle_no_extrusion_0006.jpg,是,6,0.906250,0.925619,否,,,
775,train,train/images/nozzle_tip_wrapped_0294.jpg,train,train/images/nozzle_tip_wrapped_0296.jpg,否,2,0.968750,0.925568,否,,,
776,test,test/images/nozzle_no_extrusion_0416.jpg,train,train/images/nozzle_no_extrusion_0420.jpg,是,0,1.000000,0.925340,否,,,
777,train,train/images/nozzle_no_extrusion_0390.jpg,train,train/images/nozzle_no_extrusion_0903.jpg,否,2,0.968750,0.925315,否,,,
778,train,train/images/nozzle_no_extrusion_0658.jpg,train,train/images/nozzle_no_extrusion_0668.jpg,否,0,1.000000,0.925300,否,,,
779,train,train/images/nozzle_no_extrusion_0225.jpg,train,train/images/nozzle_no_extrusion_0341.jpg,否,0,1.000000,0.925258,否,,,
780,test,test/images/nozzle_tip_wrapped_0103.jpg,train,train/images/nozzle_tip_wrapped_0104.jpg,是,4,0.937500,0.925215,否,,,
781,train,train/images/nozzle_no_extrusion_0521.jpg,train,train/images/nozzle_no_extrusion_0526.jpg,否,2,0.968750,0.925151,否,,,
782,train,train/images/nozzle_no_extrusion_0278.jpg,val,val/images/nozzle_no_extrusion_0316.jpg,是,0,1.000000,0.925105,否,,,
783,test,test/images/nozzle_no_extrusion_0185.jpg,train,train/images/nozzle_no_extrusion_0225.jpg,是,2,0.968750,0.924763,否,,,
784,test,test/images/nozzle_no_extrusion_0293.jpg,test,test/images/nozzle_no_extrusion_0327.jpg,否,6,0.906250,0.924666,否,,,
785,train,train/images/nozzle_no_extrusion_0282.jpg,val,val/images/nozzle_no_extrusion_0271.jpg,是,2,0.968750,0.924507,否,,,
786,train,train/images/nozzle_no_extrusion_0266.jpg,train,train/images/nozzle_no_extrusion_0345.jpg,否,2,0.968750,0.924343,否,,,
787,test,test/images/nozzle_no_extrusion_0297.jpg,val,val/images/nozzle_no_extrusion_0382.jpg,是,2,0.968750,0.924313,否,,,
788,test,test/images/nozzle_no_extrusion_0196.jpg,test,test/images/nozzle_no_extrusion_0309.jpg,否,2,0.968750,0.924306,否,,,
789,train,train/images/nozzle_no_extrusion_0358.jpg,val,val/images/nozzle_no_extrusion_0243.jpg,是,4,0.937500,0.924271,否,,,
790,test,test/images/nozzle_no_extrusion_0244.jpg,val,val/images/nozzle_no_extrusion_0168.jpg,是,2,0.968750,0.924129,否,,,
791,train,train/images/nozzle_no_extrusion_0007.jpg,train,train/images/nozzle_no_extrusion_0072.jpg,否,2,0.968750,0.924077,否,,,
792,train,train/images/nozzle_no_extrusion_0552.jpg,train,train/images/nozzle_no_extrusion_0554.jpg,否,2,0.968750,0.924009,否,,,
793,train,train/images/nozzle_no_extrusion_0255.jpg,train,train/images/nozzle_no_extrusion_0292.jpg,否,0,1.000000,0.923827,否,,,
794,train,train/images/nozzle_no_extrusion_0330.jpg,train,train/images/nozzle_no_extrusion_0369.jpg,否,2,0.968750,0.923739,否,,,
795,train,train/images/nozzle_no_extrusion_0186.jpg,val,val/images/nozzle_no_extrusion_0377.jpg,是,2,0.968750,0.923695,否,,,
796,test,test/images/nozzle_no_extrusion_0272.jpg,train,train/images/nozzle_no_extrusion_0169.jpg,是,2,0.968750,0.923264,否,,,
797,train,train/images/nozzle_extrusion_normal_1149.jpg,train,train/images/nozzle_extrusion_normal_1175.jpg,否,4,0.937500,0.923188,否,,,
798,train,train/images/nozzle_no_extrusion_0186.jpg,train,train/images/nozzle_no_extrusion_0299.jpg,否,2,0.968750,0.923146,否,,,
799,train,train/images/nozzle_no_extrusion_0227.jpg,train,train/images/nozzle_no_extrusion_0260.jpg,否,2,0.968750,0.923061,否,,,
800,test,test/images/nozzle_tip_wrapped_0293.jpg,test,test/images/nozzle_tip_wrapped_0297.jpg,否,4,0.937500,0.922685,否,,,
801,train,train/images/nozzle_no_extrusion_0164.jpg,train,train/images/nozzle_no_extrusion_0278.jpg,否,2,0.968750,0.922474,否,,,
802,train,train/images/nozzle_no_extrusion_0079.jpg,val,val/images/nozzle_no_extrusion_0023.jpg,是,2,0.968750,0.922347,否,,,
803,test,test/images/nozzle_no_extrusion_0252.jpg,train,train/images/nozzle_no_extrusion_0174.jpg,是,2,0.968750,0.922006,否,,,
804,train,train/images/nozzle_no_extrusion_0182.jpg,train,train/images/nozzle_no_extrusion_0303.jpg,否,2,0.968750,0.921840,否,,,
805,train,train/images/nozzle_no_extrusion_0205.jpg,train,train/images/nozzle_no_extrusion_0311.jpg,否,2,0.968750,0.921805,否,,,
806,train,train/images/nozzle_no_extrusion_0164.jpg,train,train/images/nozzle_no_extrusion_0200.jpg,否,2,0.968750,0.921682,否,,,
807,test,test/images/nozzle_no_extrusion_0159.jpg,val,val/images/nozzle_no_extrusion_0908.jpg,是,0,1.000000,0.921361,否,,,
808,train,train/images/nozzle_no_extrusion_0317.jpg,train,train/images/nozzle_no_extrusion_0353.jpg,否,2,0.968750,0.921314,否,,,
809,train,train/images/nozzle_no_extrusion_0279.jpg,train,train/images/nozzle_no_extrusion_0358.jpg,否,4,0.937500,0.921154,否,,,
810,train,train/images/nozzle_no_extrusion_0358.jpg,val,val/images/nozzle_no_extrusion_0199.jpg,是,4,0.937500,0.921147,否,,,
811,train,train/images/nozzle_no_extrusion_0177.jpg,train,train/images/nozzle_no_extrusion_0329.jpg,否,2,0.968750,0.921033,否,,,
812,train,train/images/nozzle_no_extrusion_0627.jpg,train,train/images/nozzle_no_extrusion_0633.jpg,否,0,1.000000,0.920956,否,,,
813,train,train/images/nozzle_no_extrusion_0482.jpg,train,train/images/nozzle_no_extrusion_0493.jpg,否,2,0.968750,0.920800,否,,,
814,train,train/images/nozzle_no_extrusion_0215.jpg,val,val/images/nozzle_no_extrusion_0367.jpg,是,2,0.968750,0.920431,否,,,
815,val,val/images/nozzle_no_extrusion_0351.jpg,val,val/images/nozzle_no_extrusion_0360.jpg,否,0,1.000000,0.920114,否,,,
816,train,train/images/nozzle_no_extrusion_0205.jpg,train,train/images/nozzle_no_extrusion_0318.jpg,否,2,0.968750,0.919992,否,,,
817,test,test/images/nozzle_no_extrusion_0907.jpg,train,train/images/nozzle_no_extrusion_0151.jpg,是,2,0.968750,0.919965,否,,,
818,test,test/images/nozzle_no_extrusion_0159.jpg,train,train/images/nozzle_no_extrusion_0150.jpg,是,2,0.968750,0.919534,否,,,
819,test,test/images/nozzle_no_extrusion_0276.jpg,train,train/images/nozzle_no_extrusion_0165.jpg,是,2,0.968750,0.919517,否,,,
820,train,train/images/nozzle_no_extrusion_0794.jpg,train,train/images/nozzle_no_extrusion_0796.jpg,否,4,0.937500,0.918930,否,,,
821,test,test/images/nozzle_no_extrusion_0291.jpg,train,train/images/nozzle_no_extrusion_0330.jpg,是,4,0.937500,0.918863,否,,,
822,train,train/images/nozzle_no_extrusion_0163.jpg,train,train/images/nozzle_no_extrusion_0358.jpg,否,2,0.968750,0.918741,否,,,
823,train,train/images/nozzle_no_extrusion_0895.jpg,val,val/images/nozzle_no_extrusion_0900.jpg,是,2,0.968750,0.918522,否,,,
824,train,train/images/nozzle_extrusion_normal_1268.jpg,val,val/images/nozzle_extrusion_normal_1295.jpg,是,4,0.937500,0.918035,否,,,
825,train,train/images/nozzle_no_extrusion_0693.jpg,train,train/images/nozzle_no_extrusion_0701.jpg,否,6,0.906250,0.917764,否,,,
826,train,train/images/nozzle_tip_wrapped_0312.jpg,train,train/images/nozzle_tip_wrapped_0313.jpg,否,4,0.937500,0.917452,否,,,
827,train,train/images/nozzle_no_extrusion_0218.jpg,train,train/images/nozzle_no_extrusion_0294.jpg,否,4,0.937500,0.917218,否,,,
828,train,train/images/nozzle_no_extrusion_0759.jpg,val,val/images/nozzle_no_extrusion_0763.jpg,是,2,0.968750,0.917091,否,,,
829,train,train/images/nozzle_tip_wrapped_0073.jpg,train,train/images/nozzle_tip_wrapped_0075.jpg,否,6,0.906250,0.917053,否,,,
830,train,train/images/nozzle_no_extrusion_0889.jpg,train,train/images/nozzle_no_extrusion_0895.jpg,否,2,0.968750,0.916964,否,,,
831,train,train/images/nozzle_no_extrusion_0255.jpg,train,train/images/nozzle_no_extrusion_0370.jpg,否,0,1.000000,0.916801,否,,,
832,train,train/images/nozzle_no_extrusion_0154.jpg,train,train/images/nozzle_no_extrusion_0893.jpg,否,2,0.968750,0.916780,否,,,
833,test,test/images/nozzle_no_extrusion_0221.jpg,train,train/images/nozzle_no_extrusion_0374.jpg,是,0,1.000000,0.916648,否,,,
834,val,val/images/nozzle_no_extrusion_0761.jpg,val,val/images/nozzle_no_extrusion_0762.jpg,否,2,0.968750,0.916592,否,,,
835,test,test/images/nozzle_no_extrusion_0217.jpg,train,train/images/nozzle_no_extrusion_0214.jpg,是,0,1.000000,0.916435,否,,,
836,test,test/images/nozzle_tip_wrapped_0297.jpg,train,train/images/nozzle_tip_wrapped_0291.jpg,是,4,0.937500,0.916426,否,,,
837,train,train/images/nozzle_no_extrusion_0354.jpg,val,val/images/nozzle_no_extrusion_0316.jpg,是,0,1.000000,0.916374,否,,,
838,train,train/images/nozzle_no_extrusion_0390.jpg,val,val/images/nozzle_no_extrusion_0904.jpg,是,2,0.968750,0.916337,否,,,
839,train,train/images/nozzle_no_extrusion_0388.jpg,val,val/images/nozzle_no_extrusion_0152.jpg,是,2,0.968750,0.916289,否,,,
840,train,train/images/nozzle_no_extrusion_0628.jpg,train,train/images/nozzle_no_extrusion_0632.jpg,否,2,0.968750,0.916259,否,,,
841,test,test/images/nozzle_tip_wrapped_0100.jpg,train,train/images/nozzle_tip_wrapped_0099.jpg,是,4,0.937500,0.915978,否,,,
842,train,train/images/nozzle_tip_wrapped_0233.jpg,train,train/images/nozzle_tip_wrapped_0235.jpg,否,4,0.937500,0.915903,否,,,
843,test,test/images/nozzle_no_extrusion_0261.jpg,train,train/images/nozzle_no_extrusion_0223.jpg,是,2,0.968750,0.915810,否,,,
844,train,train/images/nozzle_no_extrusion_0226.jpg,train,train/images/nozzle_no_extrusion_0342.jpg,否,0,1.000000,0.915803,否,,,
845,train,train/images/nozzle_no_extrusion_0372.jpg,val,val/images/nozzle_no_extrusion_0295.jpg,是,4,0.937500,0.915783,否,,,
846,train,train/images/nozzle_no_extrusion_0280.jpg,val,val/images/nozzle_no_extrusion_0168.jpg,是,2,0.968750,0.915605,否,,,
847,test,test/images/nozzle_no_extrusion_0018.jpg,test,test/images/nozzle_no_extrusion_0062.jpg,否,2,0.968750,0.915601,否,,,
848,train,train/images/nozzle_no_extrusion_0011.jpg,train,train/images/nozzle_no_extrusion_0013.jpg,否,0,1.000000,0.915577,否,,,
849,train,train/images/nozzle_no_extrusion_0224.jpg,train,train/images/nozzle_no_extrusion_0226.jpg,否,0,1.000000,0.915535,否,,,
850,train,train/images/nozzle_no_extrusion_0265.jpg,train,train/images/nozzle_no_extrusion_0303.jpg,否,2,0.968750,0.915483,否,,,
851,test,test/images/nozzle_no_extrusion_0297.jpg,val,val/images/nozzle_no_extrusion_0258.jpg,是,4,0.937500,0.915426,否,,,
852,train,train/images/nozzle_no_extrusion_0264.jpg,train,train/images/nozzle_no_extrusion_0298.jpg,否,4,0.937500,0.915362,否,,,
853,train,train/images/nozzle_no_extrusion_0264.jpg,train,train/images/nozzle_no_extrusion_0376.jpg,否,4,0.937500,0.915081,否,,,
854,train,train/images/nozzle_no_extrusion_0266.jpg,train,train/images/nozzle_no_extrusion_0383.jpg,否,4,0.937500,0.915014,否,,,
855,train,train/images/nozzle_no_extrusion_0238.jpg,train,train/images/nozzle_no_extrusion_0358.jpg,否,4,0.937500,0.914967,否,,,
856,test,test/images/nozzle_no_extrusion_0912.jpg,val,val/images/nozzle_no_extrusion_0147.jpg,是,2,0.968750,0.914882,否,,,
857,train,train/images/nozzle_tip_wrapped_0089.jpg,train,train/images/nozzle_tip_wrapped_0090.jpg,否,4,0.937500,0.914772,否,,,
858,test,test/images/nozzle_no_extrusion_0357.jpg,train,train/images/nozzle_no_extrusion_0239.jpg,是,0,1.000000,0.914171,否,,,
859,test,test/images/nozzle_no_extrusion_0065.jpg,train,train/images/nozzle_no_extrusion_0015.jpg,是,2,0.968750,0.914151,否,,,
860,train,train/images/nozzle_no_extrusion_0227.jpg,val,val/images/nozzle_no_extrusion_0302.jpg,是,2,0.968750,0.913949,否,,,
861,train,train/images/nozzle_tip_wrapped_0409.jpg,val,val/images/nozzle_tip_wrapped_0408.jpg,是,4,0.937500,0.913947,否,,,
862,train,train/images/nozzle_tip_wrapped_0097.jpg,train,train/images/nozzle_tip_wrapped_0098.jpg,否,4,0.937500,0.913792,否,,,
863,train,train/images/nozzle_no_extrusion_0188.jpg,train,train/images/nozzle_no_extrusion_0265.jpg,否,0,1.000000,0.913769,否,,,
864,train,train/images/nozzle_extrusion_normal_1176.jpg,train,train/images/nozzle_extrusion_normal_1203.jpg,否,2,0.968750,0.913681,否,,,
865,train,train/images/nozzle_no_extrusion_0106.jpg,val,val/images/nozzle_no_extrusion_0107.jpg,是,4,0.937500,0.913574,否,,,
866,test,test/images/nozzle_no_extrusion_0304.jpg,train,train/images/nozzle_no_extrusion_0266.jpg,是,2,0.968750,0.913467,否,,,
867,train,train/images/nozzle_no_extrusion_0016.jpg,train,train/images/nozzle_no_extrusion_0064.jpg,否,0,1.000000,0.913213,否,,,
868,train,train/images/nozzle_no_extrusion_0017.jpg,train,train/images/nozzle_no_extrusion_0063.jpg,否,4,0.937500,0.913140,否,,,
869,train,train/images/nozzle_no_extrusion_0216.jpg,val,val/images/nozzle_no_extrusion_0367.jpg,是,2,0.968750,0.913076,否,,,
870,test,test/images/nozzle_tip_wrapped_0293.jpg,train,train/images/nozzle_tip_wrapped_0298.jpg,是,6,0.906250,0.912868,否,,,
871,train,train/images/nozzle_no_extrusion_0153.jpg,train,train/images/nozzle_no_extrusion_0389.jpg,否,0,1.000000,0.912761,否,,,
872,train,train/images/nozzle_no_extrusion_0226.jpg,train,train/images/nozzle_no_extrusion_0379.jpg,否,0,1.000000,0.912700,否,,,
873,train,train/images/nozzle_no_extrusion_0177.jpg,train,train/images/nozzle_no_extrusion_0288.jpg,否,2,0.968750,0.912605,否,,,
874,train,train/images/nozzle_no_extrusion_0906.jpg,val,val/images/nozzle_no_extrusion_0152.jpg,是,0,1.000000,0.912590,否,,,
875,train,train/images/nozzle_no_extrusion_0166.jpg,train,train/images/nozzle_no_extrusion_0242.jpg,否,2,0.968750,0.912566,否,,,
876,train,train/images/nozzle_no_extrusion_0154.jpg,train,train/images/nozzle_no_extrusion_0892.jpg,否,2,0.968750,0.912468,否,,,
877,train,train/images/nozzle_no_extrusion_0294.jpg,train,train/images/nozzle_no_extrusion_0334.jpg,否,4,0.937500,0.912441,否,,,
878,test,test/images/nozzle_no_extrusion_0088.jpg,train,train/images/nozzle_no_extrusion_0025.jpg,是,0,1.000000,0.912418,否,,,
879,train,train/images/nozzle_tip_wrapped_0350.jpg,train,train/images/nozzle_tip_wrapped_0352.jpg,否,4,0.937500,0.912371,否,,,
880,train,train/images/nozzle_tip_wrapped_0449.jpg,train,train/images/nozzle_tip_wrapped_0451.jpg,否,6,0.906250,0.912363,否,,,
881,test,test/images/nozzle_no_extrusion_0907.jpg,train,train/images/nozzle_no_extrusion_0158.jpg,是,2,0.968750,0.912353,否,,,
882,train,train/images/nozzle_no_extrusion_0578.jpg,val,val/images/nozzle_no_extrusion_0582.jpg,是,2,0.968750,0.912306,否,,,
883,train,train/images/nozzle_no_extrusion_0209.jpg,val,val/images/nozzle_no_extrusion_0423.jpg,是,2,0.968750,0.912105,否,,,
884,test,test/images/nozzle_no_extrusion_0450.jpg,train,train/images/nozzle_no_extrusion_0449.jpg,是,2,0.968750,0.911898,否,,,
885,train,train/images/nozzle_extrusion_normal_0939.jpg,train,train/images/nozzle_extrusion_normal_0959.jpg,否,2,0.968750,0.911840,否,,,
886,train,train/images/nozzle_no_extrusion_0320.jpg,val,val/images/nozzle_no_extrusion_0349.jpg,是,0,1.000000,0.911742,否,,,
887,test,test/images/nozzle_no_extrusion_0259.jpg,train,train/images/nozzle_no_extrusion_0265.jpg,是,0,1.000000,0.911512,否,,,
888,train,train/images/nozzle_tip_wrapped_0199.jpg,train,train/images/nozzle_tip_wrapped_0200.jpg,否,6,0.906250,0.911334,否,,,
889,train,train/images/nozzle_no_extrusion_0676.jpg,val,val/images/nozzle_no_extrusion_0672.jpg,是,0,1.000000,0.911321,否,,,
890,test,test/images/nozzle_tip_wrapped_0404.jpg,train,train/images/nozzle_tip_wrapped_0403.jpg,是,4,0.937500,0.911167,否,,,
891,train,train/images/nozzle_extrusion_normal_0903.jpg,val,val/images/nozzle_extrusion_normal_0882.jpg,是,2,0.968750,0.911069,否,,,
892,test,test/images/nozzle_no_extrusion_0406.jpg,train,train/images/nozzle_no_extrusion_0408.jpg,是,0,1.000000,0.910622,否,,,
893,train,train/images/nozzle_tip_wrapped_0295.jpg,train,train/images/nozzle_tip_wrapped_0296.jpg,否,4,0.937500,0.910437,否,,,
894,train,train/images/nozzle_no_extrusion_0205.jpg,train,train/images/nozzle_no_extrusion_0359.jpg,否,2,0.968750,0.910341,否,,,
895,train,train/images/nozzle_extrusion_normal_0485.jpg,train,train/images/nozzle_extrusion_normal_0528.jpg,否,2,0.968750,0.910291,否,,,
896,test,test/images/nozzle_no_extrusion_0250.jpg,val,val/images/nozzle_no_extrusion_0286.jpg,是,2,0.968750,0.910091,否,,,
897,test,test/images/nozzle_extrusion_normal_0955.jpg,train,train/images/nozzle_extrusion_normal_0976.jpg,是,2,0.968750,0.909915,否,,,
898,train,train/images/nozzle_no_extrusion_0255.jpg,train,train/images/nozzle_no_extrusion_0333.jpg,否,0,1.000000,0.909901,否,,,
899,test,test/images/nozzle_no_extrusion_0879.jpg,train,train/images/nozzle_no_extrusion_0877.jpg,是,2,0.968750,0.909874,否,,,
900,train,train/images/nozzle_no_extrusion_0532.jpg,train,train/images/nozzle_no_extrusion_0536.jpg,否,2,0.968750,0.909728,否,,,
901,train,train/images/nozzle_no_extrusion_0549.jpg,train,train/images/nozzle_no_extrusion_0557.jpg,否,2,0.968750,0.909617,否,,,
902,train,train/images/nozzle_extrusion_normal_0940.jpg,train,train/images/nozzle_extrusion_normal_0960.jpg,否,6,0.906250,0.909505,否,,,
903,train,train/images/nozzle_no_extrusion_0154.jpg,train,train/images/nozzle_no_extrusion_0903.jpg,否,2,0.968750,0.909210,否,,,
904,test,test/images/nozzle_no_extrusion_0204.jpg,train,train/images/nozzle_no_extrusion_0275.jpg,是,2,0.968750,0.909105,否,,,
905,train,train/images/nozzle_no_extrusion_0251.jpg,train,train/images/nozzle_no_extrusion_0288.jpg,否,0,1.000000,0.908996,否,,,
906,train,train/images/nozzle_no_extrusion_0239.jpg,train,train/images/nozzle_no_extrusion_0313.jpg,否,0,1.000000,0.908964,否,,,
907,test,test/images/nozzle_no_extrusion_0471.jpg,test,test/images/nozzle_no_extrusion_0480.jpg,否,2,0.968750,0.908893,否,,,
908,train,train/images/nozzle_no_extrusion_0759.jpg,train,train/images/nozzle_no_extrusion_0764.jpg,否,0,1.000000,0.908728,否,,,
909,train,train/images/nozzle_no_extrusion_0876.jpg,train,train/images/nozzle_no_extrusion_0880.jpg,否,0,1.000000,0.908720,否,,,
910,train,train/images/nozzle_no_extrusion_0167.jpg,train,train/images/nozzle_no_extrusion_0353.jpg,否,2,0.968750,0.908719,否,,,
911,test,test/images/nozzle_no_extrusion_0196.jpg,test,test/images/nozzle_no_extrusion_0246.jpg,否,2,0.968750,0.908694,否,,,
912,train,train/images/nozzle_no_extrusion_0631.jpg,val,val/images/nozzle_no_extrusion_0629.jpg,是,2,0.968750,0.908539,否,,,
913,test,test/images/nozzle_no_extrusion_0221.jpg,train,train/images/nozzle_no_extrusion_0344.jpg,是,2,0.968750,0.908292,否,,,
914,train,train/images/nozzle_no_extrusion_0356.jpg,val,val/images/nozzle_no_extrusion_0240.jpg,是,2,0.968750,0.908001,否,,,
915,train,train/images/nozzle_no_extrusion_0460.jpg,train,train/images/nozzle_no_extrusion_0468.jpg,否,0,1.000000,0.907966,否,,,
916,train,train/images/nozzle_no_extrusion_0457.jpg,train,train/images/nozzle_no_extrusion_0470.jpg,否,2,0.968750,0.907934,否,,,
917,train,train/images/nozzle_tip_wrapped_0289.jpg,train,train/images/nozzle_tip_wrapped_0294.jpg,否,4,0.937500,0.907873,否,,,
918,train,train/images/nozzle_no_extrusion_0169.jpg,val,val/images/nozzle_no_extrusion_0351.jpg,是,2,0.968750,0.907779,否,,,
919,test,test/images/nozzle_no_extrusion_0297.jpg,train,train/images/nozzle_no_extrusion_0189.jpg,是,4,0.937500,0.907724,否,,,
920,train,train/images/nozzle_no_extrusion_0484.jpg,val,val/images/nozzle_no_extrusion_0492.jpg,是,0,1.000000,0.907609,否,,,
921,test,test/images/nozzle_no_extrusion_0204.jpg,train,train/images/nozzle_no_extrusion_0312.jpg,是,4,0.937500,0.907580,否,,,
922,train,train/images/nozzle_extrusion_normal_0220.jpg,val,val/images/nozzle_extrusion_normal_0194.jpg,是,4,0.937500,0.907454,否,,,
923,train,train/images/nozzle_no_extrusion_0352.jpg,val,val/images/nozzle_no_extrusion_0168.jpg,是,0,1.000000,0.907282,否,,,
924,train,train/images/nozzle_no_extrusion_0087.jpg,val,val/images/nozzle_no_extrusion_0026.jpg,是,2,0.968750,0.907257,否,,,
925,test,test/images/nozzle_no_extrusion_0246.jpg,train,train/images/nozzle_no_extrusion_0235.jpg,是,2,0.968750,0.907136,否,,,
926,train,train/images/nozzle_no_extrusion_0256.jpg,train,train/images/nozzle_no_extrusion_0372.jpg,否,0,1.000000,0.907063,否,,,
927,train,train/images/nozzle_tip_wrapped_0289.jpg,train,train/images/nozzle_tip_wrapped_0291.jpg,否,4,0.937500,0.906838,否,,,
928,test,test/images/nozzle_no_extrusion_0455.jpg,train,train/images/nozzle_no_extrusion_0445.jpg,是,2,0.968750,0.906773,否,,,
929,test,test/images/nozzle_no_extrusion_0326.jpg,train,train/images/nozzle_no_extrusion_0294.jpg,是,6,0.906250,0.906598,否,,,
930,train,train/images/nozzle_no_extrusion_0214.jpg,train,train/images/nozzle_no_extrusion_0255.jpg,否,0,1.000000,0.906489,否,,,
931,train,train/images/nozzle_no_extrusion_0021.jpg,val,val/images/nozzle_no_extrusion_0036.jpg,是,2,0.968750,0.906390,否,,,
932,train,train/images/nozzle_no_extrusion_0209.jpg,val,val/images/nozzle_no_extrusion_0363.jpg,是,2,0.968750,0.906231,否,,,
933,train,train/images/nozzle_no_extrusion_0894.jpg,val,val/images/nozzle_no_extrusion_0901.jpg,是,2,0.968750,0.906058,否,,,
934,train,train/images/nozzle_tip_wrapped_0110.jpg,val,val/images/nozzle_tip_wrapped_0109.jpg,是,6,0.906250,0.906027,否,,,
935,train,train/images/nozzle_no_extrusion_0568.jpg,train,train/images/nozzle_no_extrusion_0573.jpg,否,2,0.968750,0.906019,否,,,
936,train,train/images/nozzle_no_extrusion_0209.jpg,train,train/images/nozzle_no_extrusion_0322.jpg,否,2,0.968750,0.905974,否,,,
937,test,test/images/nozzle_no_extrusion_0252.jpg,train,train/images/nozzle_no_extrusion_0289.jpg,是,0,1.000000,0.905971,否,,,
938,train,train/images/nozzle_tip_wrapped_0238.jpg,train,train/images/nozzle_tip_wrapped_0239.jpg,否,2,0.968750,0.905945,否,,,
939,test,test/images/nozzle_tip_wrapped_0633.jpg,train,train/images/nozzle_tip_wrapped_0635.jpg,是,4,0.937500,0.905842,否,,,
940,train,train/images/nozzle_no_extrusion_0860.jpg,train,train/images/nozzle_no_extrusion_0871.jpg,否,2,0.968750,0.905806,否,,,
941,train,train/images/nozzle_tip_wrapped_0290.jpg,train,train/images/nozzle_tip_wrapped_0291.jpg,否,6,0.906250,0.905720,否,,,
942,train,train/images/nozzle_no_extrusion_0314.jpg,val,val/images/nozzle_no_extrusion_0240.jpg,是,2,0.968750,0.905637,否,,,
943,train,train/images/nozzle_no_extrusion_0166.jpg,train,train/images/nozzle_no_extrusion_0278.jpg,否,2,0.968750,0.905587,否,,,
944,train,train/images/nozzle_no_extrusion_0209.jpg,val,val/images/nozzle_no_extrusion_0248.jpg,是,2,0.968750,0.905578,否,,,
945,test,test/images/nozzle_tip_wrapped_0192.jpg,val,val/images/nozzle_tip_wrapped_0180.jpg,是,6,0.906250,0.905515,否,,,
946,train,train/images/nozzle_no_extrusion_0150.jpg,val,val/images/nozzle_no_extrusion_0908.jpg,是,2,0.968750,0.905482,否,,,
947,train,train/images/nozzle_no_extrusion_0282.jpg,train,train/images/nozzle_no_extrusion_0350.jpg,否,2,0.968750,0.905260,否,,,
948,train,train/images/nozzle_no_extrusion_0890.jpg,train,train/images/nozzle_no_extrusion_0894.jpg,否,2,0.968750,0.905225,否,,,
949,train,train/images/nozzle_no_extrusion_0153.jpg,train,train/images/nozzle_no_extrusion_0905.jpg,否,0,1.000000,0.905174,否,,,
950,test,test/images/nozzle_no_extrusion_0229.jpg,test,test/images/nozzle_no_extrusion_0297.jpg,否,4,0.937500,0.905120,否,,,
951,train,train/images/nozzle_extrusion_normal_0881.jpg,train,train/images/nozzle_extrusion_normal_0902.jpg,否,2,0.968750,0.905042,否,,,
952,train,train/images/nozzle_no_extrusion_0344.jpg,train,train/images/nozzle_no_extrusion_0375.jpg,否,0,1.000000,0.904889,否,,,
953,train,train/images/nozzle_no_extrusion_0325.jpg,val,val/images/nozzle_no_extrusion_0295.jpg,是,4,0.937500,0.904765,否,,,
954,train,train/images/nozzle_no_extrusion_0325.jpg,train,train/images/nozzle_no_extrusion_0372.jpg,否,0,1.000000,0.904658,否,,,
955,test,test/images/nozzle_no_extrusion_0371.jpg,train,train/images/nozzle_no_extrusion_0294.jpg,是,4,0.937500,0.904549,否,,,
956,train,train/images/nozzle_no_extrusion_0444.jpg,train,train/images/nozzle_no_extrusion_0445.jpg,否,2,0.968750,0.904528,否,,,
957,train,train/images/nozzle_no_extrusion_0485.jpg,train,train/images/nozzle_no_extrusion_0491.jpg,否,0,1.000000,0.904493,否,,,
958,train,train/images/nozzle_no_extrusion_0209.jpg,val,val/images/nozzle_no_extrusion_0284.jpg,是,2,0.968750,0.904263,否,,,
959,train,train/images/nozzle_tip_wrapped_0107.jpg,train,train/images/nozzle_tip_wrapped_0108.jpg,否,4,0.937500,0.904216,否,,,
960,test,test/images/nozzle_no_extrusion_0246.jpg,train,train/images/nozzle_no_extrusion_0308.jpg,是,0,1.000000,0.904149,否,,,
961,train,train/images/nozzle_tip_wrapped_0419.jpg,train,train/images/nozzle_tip_wrapped_0420.jpg,否,4,0.937500,0.903853,否,,,
962,test,test/images/nozzle_no_extrusion_0261.jpg,train,train/images/nozzle_no_extrusion_0184.jpg,是,2,0.968750,0.903748,否,,,
963,train,train/images/nozzle_extrusion_normal_1214.jpg,val,val/images/nozzle_extrusion_normal_1186.jpg,是,4,0.937500,0.903649,否,,,
964,test,test/images/nozzle_tip_wrapped_1082.jpg,train,train/images/nozzle_tip_wrapped_1069.jpg,是,2,0.968750,0.903531,否,,,
965,test,test/images/nozzle_no_extrusion_0357.jpg,train,train/images/nozzle_no_extrusion_0200.jpg,是,0,1.000000,0.903334,否,,,
966,train,train/images/nozzle_no_extrusion_0230.jpg,train,train/images/nozzle_no_extrusion_0383.jpg,否,6,0.906250,0.903154,否,,,
967,train,train/images/nozzle_extrusion_normal_1184.jpg,train,train/images/nozzle_extrusion_normal_1212.jpg,否,4,0.937500,0.903031,否,,,
968,train,train/images/nozzle_no_extrusion_0226.jpg,train,train/images/nozzle_no_extrusion_0340.jpg,否,0,1.000000,0.903007,否,,,
969,train,train/images/nozzle_tip_wrapped_0049.jpg,val,val/images/nozzle_tip_wrapped_0048.jpg,是,6,0.906250,0.902972,否,,,
970,train,train/images/nozzle_no_extrusion_0213.jpg,train,train/images/nozzle_no_extrusion_0294.jpg,否,6,0.906250,0.902695,否,,,
971,train,train/images/nozzle_tip_wrapped_0208.jpg,val,val/images/nozzle_tip_wrapped_0210.jpg,是,6,0.906250,0.902687,否,,,
972,train,train/images/nozzle_extrusion_normal_1164.jpg,train,train/images/nozzle_extrusion_normal_1190.jpg,否,6,0.906250,0.902657,否,,,
973,train,train/images/nozzle_no_extrusion_0166.jpg,train,train/images/nozzle_no_extrusion_0354.jpg,否,2,0.968750,0.902589,否,,,
974,test,test/images/nozzle_tip_wrapped_0237.jpg,train,train/images/nozzle_tip_wrapped_0236.jpg,是,4,0.937500,0.902553,否,,,
975,test,test/images/nozzle_tip_wrapped_0052.jpg,train,train/images/nozzle_tip_wrapped_0053.jpg,是,2,0.968750,0.902502,否,,,
976,train,train/images/nozzle_no_extrusion_0751.jpg,train,train/images/nozzle_no_extrusion_0755.jpg,否,0,1.000000,0.902475,否,,,
977,train,train/images/nozzle_extrusion_normal_1047.jpg,train,train/images/nozzle_extrusion_normal_1091.jpg,否,4,0.937500,0.902377,否,,,
978,test,test/images/nozzle_tip_wrapped_0052.jpg,val,val/images/nozzle_tip_wrapped_0051.jpg,是,4,0.937500,0.902172,否,,,
979,train,train/images/nozzle_tip_wrapped_1219.jpg,val,val/images/nozzle_tip_wrapped_1231.jpg,是,4,0.937500,0.901960,否,,,
980,val,val/images/nozzle_no_extrusion_0661.jpg,val,val/images/nozzle_no_extrusion_0665.jpg,否,2,0.968750,0.901289,否,,,
981,train,train/images/nozzle_no_extrusion_0365.jpg,val,val/images/nozzle_no_extrusion_0286.jpg,是,2,0.968750,0.901031,否,,,
982,test,test/images/nozzle_no_extrusion_0221.jpg,test,test/images/nozzle_no_extrusion_0297.jpg,否,2,0.968750,0.900992,否,,,
983,train,train/images/nozzle_no_extrusion_0172.jpg,train,train/images/nozzle_no_extrusion_0294.jpg,否,4,0.937500,0.900969,否,,,
984,test,test/images/nozzle_no_extrusion_0204.jpg,train,train/images/nozzle_no_extrusion_0200.jpg,是,2,0.968750,0.900939,否,,,
985,test,test/images/nozzle_no_extrusion_0373.jpg,train,train/images/nozzle_no_extrusion_0257.jpg,是,4,0.937500,0.900736,否,,,
986,train,train/images/nozzle_no_extrusion_0570.jpg,val,val/images/nozzle_no_extrusion_0571.jpg,是,4,0.937500,0.900682,否,,,
987,train,train/images/nozzle_no_extrusion_0076.jpg,val,val/images/nozzle_no_extrusion_0077.jpg,是,2,0.968750,0.900653,否,,,
988,train,train/images/nozzle_no_extrusion_0226.jpg,val,val/images/nozzle_no_extrusion_0301.jpg,是,0,1.000000,0.900617,否,,,
989,train,train/images/nozzle_no_extrusion_0581.jpg,val,val/images/nozzle_no_extrusion_0580.jpg,是,0,1.000000,0.900518,否,,,
990,test,test/images/nozzle_extrusion_normal_0864.jpg,train,train/images/nozzle_extrusion_normal_0847.jpg,是,4,0.937500,0.900429,否,,,
991,train,train/images/nozzle_tip_wrapped_0204.jpg,train,train/images/nozzle_tip_wrapped_0205.jpg,否,4,0.937500,0.900216,否,,,
992,test,test/images/nozzle_no_extrusion_0062.jpg,train,train/images/nozzle_no_extrusion_0074.jpg,是,2,0.968750,0.900105,否,,,
993,train,train/images/nozzle_extrusion_normal_0953.jpg,train,train/images/nozzle_extrusion_normal_0974.jpg,否,2,0.968750,0.898992,否,,,
994,train,train/images/nozzle_no_extrusion_0153.jpg,train,train/images/nozzle_no_extrusion_0156.jpg,否,0,1.000000,0.898973,否,,,
995,train,train/images/nozzle_no_extrusion_0772.jpg,val,val/images/nozzle_no_extrusion_0770.jpg,是,2,0.968750,0.898670,否,,,
996,train,train/images/nozzle_no_extrusion_0183.jpg,train,train/images/nozzle_no_extrusion_0264.jpg,否,4,0.937500,0.898535,否,,,
997,test,test/images/nozzle_tip_wrapped_0087.jpg,train,train/images/nozzle_tip_wrapped_0088.jpg,是,4,0.937500,0.898531,否,,,
998,train,train/images/nozzle_no_extrusion_0868.jpg,val,val/images/nozzle_no_extrusion_0862.jpg,是,0,1.000000,0.898354,否,,,
999,train,train/images/nozzle_no_extrusion_0662.jpg,val,val/images/nozzle_no_extrusion_0664.jpg,是,2,0.968750,0.898288,否,,,
1000,train,train/images/nozzle_extrusion_normal_0484.jpg,train,train/images/nozzle_extrusion_normal_0527.jpg,否,0,1.000000,0.898032,否,,,
1001,train,train/images/nozzle_no_extrusion_0161.jpg,val,val/images/nozzle_no_extrusion_0310.jpg,是,2,0.968750,0.897826,否,,,
1002,test,test/images/nozzle_no_extrusion_0261.jpg,train,train/images/nozzle_no_extrusion_0186.jpg,是,2,0.968750,0.897689,否,,,
1003,train,train/images/nozzle_no_extrusion_0207.jpg,train,train/images/nozzle_no_extrusion_0282.jpg,否,2,0.968750,0.897567,否,,,
1004,train,train/images/nozzle_no_extrusion_0200.jpg,train,train/images/nozzle_no_extrusion_0313.jpg,否,0,1.000000,0.897369,否,,,
1005,train,train/images/nozzle_no_extrusion_0895.jpg,train,train/images/nozzle_no_extrusion_0896.jpg,否,2,0.968750,0.897286,否,,,
1006,test,test/images/nozzle_no_extrusion_0285.jpg,train,train/images/nozzle_no_extrusion_0249.jpg,是,2,0.968750,0.897279,否,,,
1007,train,train/images/nozzle_extrusion_normal_0960.jpg,train,train/images/nozzle_extrusion_normal_0981.jpg,否,6,0.906250,0.897249,否,,,
1008,train,train/images/nozzle_extrusion_normal_0865.jpg,val,val/images/nozzle_extrusion_normal_0848.jpg,是,2,0.968750,0.897227,否,,,
1009,test,test/images/nozzle_no_extrusion_0357.jpg,train,train/images/nozzle_no_extrusion_0275.jpg,是,0,1.000000,0.897195,否,,,
1010,train,train/images/nozzle_no_extrusion_0076.jpg,train,train/images/nozzle_no_extrusion_0091.jpg,否,2,0.968750,0.896880,否,,,
1011,test,test/images/nozzle_no_extrusion_0373.jpg,train,train/images/nozzle_no_extrusion_0220.jpg,是,4,0.937500,0.896486,否,,,
1012,train,train/images/nozzle_tip_wrapped_0303.jpg,train,train/images/nozzle_tip_wrapped_0310.jpg,否,6,0.906250,0.896464,否,,,
1013,train,train/images/nozzle_tip_wrapped_0226.jpg,train,train/images/nozzle_tip_wrapped_0227.jpg,否,4,0.937500,0.896381,否,,,
1014,val,val/images/nozzle_no_extrusion_0363.jpg,val,val/images/nozzle_no_extrusion_0423.jpg,否,2,0.968750,0.896251,否,,,
1015,test,test/images/nozzle_no_extrusion_0285.jpg,train,train/images/nozzle_no_extrusion_0364.jpg,是,2,0.968750,0.896224,否,,,
1016,train,train/images/nozzle_no_extrusion_0345.jpg,train,train/images/nozzle_no_extrusion_0383.jpg,否,2,0.968750,0.896207,否,,,
1017,test,test/images/nozzle_extrusion_normal_0825.jpg,val,val/images/nozzle_extrusion_normal_0843.jpg,是,6,0.906250,0.896083,否,,,
1018,train,train/images/nozzle_extrusion_normal_0483.jpg,train,train/images/nozzle_extrusion_normal_0526.jpg,否,4,0.937500,0.896017,否,,,
1019,train,train/images/nozzle_tip_wrapped_0299.jpg,train,train/images/nozzle_tip_wrapped_0300.jpg,否,4,0.937500,0.895989,否,,,
1020,train,train/images/nozzle_extrusion_normal_0365.jpg,train,train/images/nozzle_extrusion_normal_0405.jpg,否,2,0.968750,0.895861,否,,,
1021,train,train/images/nozzle_extrusion_normal_0365.jpg,val,val/images/nozzle_extrusion_normal_0329.jpg,是,2,0.968750,0.895720,否,,,
1022,test,test/images/nozzle_tip_wrapped_1073.jpg,train,train/images/nozzle_tip_wrapped_1060.jpg,是,4,0.937500,0.895603,否,,,
1023,test,test/images/nozzle_extrusion_normal_1215.jpg,train,train/images/nozzle_extrusion_normal_1187.jpg,是,4,0.937500,0.895591,否,,,
1024,train,train/images/nozzle_extrusion_normal_0328.jpg,train,train/images/nozzle_extrusion_normal_0364.jpg,否,2,0.968750,0.895548,否,,,
1025,train,train/images/nozzle_no_extrusion_0414.jpg,train,train/images/nozzle_no_extrusion_0422.jpg,否,0,1.000000,0.895437,否,,,
1026,test,test/images/nozzle_tip_wrapped_1059.jpg,train,train/images/nozzle_tip_wrapped_1072.jpg,是,6,0.906250,0.895358,否,,,
1027,train,train/images/nozzle_no_extrusion_0251.jpg,val,val/images/nozzle_no_extrusion_0254.jpg,是,0,1.000000,0.895344,否,,,
1028,test,test/images/nozzle_no_extrusion_0088.jpg,train,train/images/nozzle_no_extrusion_0089.jpg,是,0,1.000000,0.895314,否,,,
1029,train,train/images/nozzle_no_extrusion_0079.jpg,val,val/images/nozzle_no_extrusion_0090.jpg,是,2,0.968750,0.894957,否,,,
1030,train,train/images/nozzle_extrusion_normal_1201.jpg,train,train/images/nozzle_extrusion_normal_1229.jpg,否,6,0.906250,0.894917,否,,,
1031,test,test/images/nozzle_no_extrusion_0179.jpg,train,train/images/nozzle_no_extrusion_0255.jpg,是,2,0.968750,0.894706,否,,,
1032,train,train/images/nozzle_tip_wrapped_0301.jpg,val,val/images/nozzle_tip_wrapped_0302.jpg,是,2,0.968750,0.894595,否,,,
1033,train,train/images/nozzle_no_extrusion_0225.jpg,train,train/images/nozzle_no_extrusion_0300.jpg,否,2,0.968750,0.894534,否,,,
1034,train,train/images/nozzle_no_extrusion_0251.jpg,train,train/images/nozzle_no_extrusion_0329.jpg,否,0,1.000000,0.894533,否,,,
1035,train,train/images/nozzle_no_extrusion_0322.jpg,val,val/images/nozzle_no_extrusion_0423.jpg,是,2,0.968750,0.894334,否,,,
1036,test,test/images/nozzle_tip_wrapped_0083.jpg,test,test/images/nozzle_tip_wrapped_0084.jpg,否,2,0.968750,0.894296,否,,,
1037,train,train/images/nozzle_tip_wrapped_0226.jpg,val,val/images/nozzle_tip_wrapped_0225.jpg,是,6,0.906250,0.894235,否,,,
1038,train,train/images/nozzle_no_extrusion_0264.jpg,train,train/images/nozzle_no_extrusion_0339.jpg,否,4,0.937500,0.894073,否,,,
1039,val,val/images/nozzle_no_extrusion_0284.jpg,val,val/images/nozzle_no_extrusion_0423.jpg,否,2,0.968750,0.893854,否,,,
1040,test,test/images/nozzle_no_extrusion_0348.jpg,train,train/images/nozzle_no_extrusion_0307.jpg,是,2,0.968750,0.893776,否,,,
1041,test,test/images/nozzle_tip_wrapped_0293.jpg,train,train/images/nozzle_tip_wrapped_0294.jpg,是,4,0.937500,0.893669,否,,,
1042,train,train/images/nozzle_tip_wrapped_0489.jpg,val,val/images/nozzle_tip_wrapped_0491.jpg,是,6,0.906250,0.893641,否,,,
1043,train,train/images/nozzle_extrusion_normal_0364.jpg,train,train/images/nozzle_extrusion_normal_0404.jpg,否,2,0.968750,0.893612,否,,,
1044,test,test/images/nozzle_no_extrusion_0527.jpg,train,train/images/nozzle_no_extrusion_0526.jpg,是,2,0.968750,0.893483,否,,,
1045,test,test/images/nozzle_tip_wrapped_0071.jpg,train,train/images/nozzle_tip_wrapped_0069.jpg,是,0,1.000000,0.893443,否,,,
1046,test,test/images/nozzle_tip_wrapped_0229.jpg,train,train/images/nozzle_tip_wrapped_0228.jpg,是,2,0.968750,0.893361,否,,,
1047,train,train/images/nozzle_tip_wrapped_0101.jpg,train,train/images/nozzle_tip_wrapped_0102.jpg,否,4,0.937500,0.893033,否,,,
1048,train,train/images/nozzle_tip_wrapped_0291.jpg,train,train/images/nozzle_tip_wrapped_0292.jpg,否,4,0.937500,0.893019,否,,,
1049,test,test/images/nozzle_extrusion_normal_0842.jpg,train,train/images/nozzle_extrusion_normal_0824.jpg,是,4,0.937500,0.892896,否,,,
1050,test,test/images/nozzle_no_extrusion_0252.jpg,train,train/images/nozzle_no_extrusion_0330.jpg,是,2,0.968750,0.892849,否,,,
1051,train,train/images/nozzle_no_extrusion_0191.jpg,train,train/images/nozzle_no_extrusion_0231.jpg,否,2,0.968750,0.892681,否,,,
1052,train,train/images/nozzle_no_extrusion_0225.jpg,train,train/images/nozzle_no_extrusion_0378.jpg,否,2,0.968750,0.892674,否,,,
1053,val,val/images/nozzle_no_extrusion_0248.jpg,val,val/images/nozzle_no_extrusion_0423.jpg,否,2,0.968750,0.892491,否,,,
1054,train,train/images/nozzle_extrusion_normal_1258.jpg,val,val/images/nozzle_extrusion_normal_1285.jpg,是,4,0.937500,0.892415,否,,,
1055,test,test/images/nozzle_extrusion_normal_0529.jpg,train,train/images/nozzle_extrusion_normal_0486.jpg,是,2,0.968750,0.892369,否,,,
1056,test,test/images/nozzle_tip_wrapped_0293.jpg,train,train/images/nozzle_tip_wrapped_0292.jpg,是,6,0.906250,0.892167,否,,,
1057,train,train/images/nozzle_no_extrusion_0079.jpg,train,train/images/nozzle_no_extrusion_0089.jpg,否,4,0.937500,0.892114,否,,,
1058,train,train/images/nozzle_no_extrusion_0441.jpg,val,val/images/nozzle_no_extrusion_0435.jpg,是,2,0.968750,0.892102,否,,,
1059,test,test/images/nozzle_no_extrusion_0399.jpg,train,train/images/nozzle_no_extrusion_0393.jpg,是,0,1.000000,0.892098,否,,,
1060,train,train/images/nozzle_no_extrusion_0042.jpg,train,train/images/nozzle_no_extrusion_0055.jpg,否,0,1.000000,0.892092,否,,,
1061,test,test/images/nozzle_tip_wrapped_0054.jpg,train,train/images/nozzle_tip_wrapped_0053.jpg,是,4,0.937500,0.892084,否,,,
1062,train,train/images/nozzle_tip_wrapped_0637.jpg,train,train/images/nozzle_tip_wrapped_0639.jpg,否,4,0.937500,0.892017,否,,,
1063,train,train/images/nozzle_extrusion_normal_1139.jpg,train,train/images/nozzle_extrusion_normal_1164.jpg,否,4,0.937500,0.891952,否,,,
1064,test,test/images/nozzle_no_extrusion_0221.jpg,train,train/images/nozzle_no_extrusion_0337.jpg,是,2,0.968750,0.891801,否,,,
1065,train,train/images/nozzle_no_extrusion_0547.jpg,val,val/images/nozzle_no_extrusion_0539.jpg,是,2,0.968750,0.891734,否,,,
1066,test,test/images/nozzle_no_extrusion_0204.jpg,train,train/images/nozzle_no_extrusion_0239.jpg,是,2,0.968750,0.891665,否,,,
1067,test,test/images/nozzle_tip_wrapped_0293.jpg,train,train/images/nozzle_tip_wrapped_0290.jpg,是,6,0.906250,0.891615,否,,,
1068,train,train/images/nozzle_no_extrusion_0202.jpg,val,val/images/nozzle_no_extrusion_0240.jpg,是,4,0.937500,0.891610,否,,,
1069,test,test/images/nozzle_tip_wrapped_0207.jpg,train,train/images/nozzle_tip_wrapped_0208.jpg,是,4,0.937500,0.891604,否,,,
1070,train,train/images/nozzle_no_extrusion_0600.jpg,val,val/images/nozzle_no_extrusion_0598.jpg,是,2,0.968750,0.891562,否,,,
1071,test,test/images/nozzle_tip_wrapped_0297.jpg,train,train/images/nozzle_tip_wrapped_0296.jpg,是,2,0.968750,0.891400,否,,,
1072,val,val/images/nozzle_no_extrusion_0423.jpg,val,val/images/nozzle_no_extrusion_0548.jpg,否,2,0.968750,0.891374,否,,,
1073,train,train/images/nozzle_no_extrusion_0206.jpg,train,train/images/nozzle_no_extrusion_0281.jpg,否,2,0.968750,0.891178,否,,,
1074,train,train/images/nozzle_no_extrusion_0190.jpg,train,train/images/nozzle_no_extrusion_0383.jpg,否,6,0.906250,0.891150,否,,,
1075,val,val/images/nozzle_no_extrusion_0284.jpg,val,val/images/nozzle_no_extrusion_0548.jpg,否,2,0.968750,0.890960,否,,,
1076,train,train/images/nozzle_no_extrusion_0809.jpg,train,train/images/nozzle_no_extrusion_0815.jpg,否,0,1.000000,0.890953,否,,,
1077,test,test/images/nozzle_tip_wrapped_0240.jpg,val,val/images/nozzle_tip_wrapped_0241.jpg,是,4,0.937500,0.890773,否,,,
1078,train,train/images/nozzle_no_extrusion_0800.jpg,train,train/images/nozzle_no_extrusion_0806.jpg,否,2,0.968750,0.890772,否,,,
1079,train,train/images/nozzle_no_extrusion_0043.jpg,train,train/images/nozzle_no_extrusion_0054.jpg,否,4,0.937500,0.890657,否,,,
1080,train,train/images/nozzle_no_extrusion_0182.jpg,train,train/images/nozzle_no_extrusion_0344.jpg,否,2,0.968750,0.890514,否,,,
1081,train,train/images/nozzle_no_extrusion_0264.jpg,val,val/images/nozzle_no_extrusion_0187.jpg,是,2,0.968750,0.890296,否,,,
1082,val,val/images/nozzle_no_extrusion_0428.jpg,val,val/images/nozzle_no_extrusion_0429.jpg,否,0,1.000000,0.890174,否,,,
1083,train,train/images/nozzle_tip_wrapped_0300.jpg,train,train/images/nozzle_tip_wrapped_0301.jpg,否,6,0.906250,0.890168,否,,,
1084,test,test/images/nozzle_no_extrusion_0272.jpg,train,train/images/nozzle_no_extrusion_0161.jpg,是,2,0.968750,0.890130,否,,,
1085,train,train/images/nozzle_no_extrusion_0177.jpg,train,train/images/nozzle_no_extrusion_0215.jpg,否,2,0.968750,0.890053,否,,,
1086,train,train/images/nozzle_no_extrusion_0048.jpg,train,train/images/nozzle_no_extrusion_0049.jpg,否,4,0.937500,0.889761,否,,,
1087,train,train/images/nozzle_tip_wrapped_0328.jpg,val,val/images/nozzle_tip_wrapped_0329.jpg,是,6,0.906250,0.889735,否,,,
1088,train,train/images/nozzle_no_extrusion_0275.jpg,train,train/images/nozzle_no_extrusion_0313.jpg,否,0,1.000000,0.889691,否,,,
1089,train,train/images/nozzle_no_extrusion_0231.jpg,train,train/images/nozzle_no_extrusion_0816.jpg,否,2,0.968750,0.889667,否,,,
1090,train,train/images/nozzle_no_extrusion_0158.jpg,train,train/images/nozzle_no_extrusion_0387.jpg,否,0,1.000000,0.889652,否,,,
1091,test,test/images/nozzle_extrusion_normal_0964.jpg,val,val/images/nozzle_extrusion_normal_0944.jpg,是,4,0.937500,0.889583,否,,,
1092,train,train/images/nozzle_no_extrusion_0354.jpg,val,val/images/nozzle_no_extrusion_0201.jpg,是,0,1.000000,0.889521,否,,,
1093,train,train/images/nozzle_tip_wrapped_0093.jpg,train,train/images/nozzle_tip_wrapped_0094.jpg,否,2,0.968750,0.889354,否,,,
1094,test,test/images/nozzle_no_extrusion_0304.jpg,train,train/images/nozzle_no_extrusion_0383.jpg,是,2,0.968750,0.889333,否,,,
1095,test,test/images/nozzle_no_extrusion_0327.jpg,train,train/images/nozzle_no_extrusion_0255.jpg,是,4,0.937500,0.889295,否,,,
1096,test,test/images/nozzle_no_extrusion_0291.jpg,train,train/images/nozzle_no_extrusion_0174.jpg,是,0,1.000000,0.889287,否,,,
1097,test,test/images/nozzle_tip_wrapped_0240.jpg,train,train/images/nozzle_tip_wrapped_0239.jpg,是,4,0.937500,0.889189,否,,,
1098,train,train/images/nozzle_extrusion_normal_0956.jpg,train,train/images/nozzle_extrusion_normal_0977.jpg,否,4,0.937500,0.889016,否,,,
1099,train,train/images/nozzle_extrusion_normal_0363.jpg,val,val/images/nozzle_extrusion_normal_0403.jpg,是,4,0.937500,0.889005,否,,,
1100,train,train/images/nozzle_no_extrusion_0322.jpg,val,val/images/nozzle_no_extrusion_0548.jpg,是,2,0.968750,0.888869,否,,,
1101,train,train/images/nozzle_no_extrusion_0230.jpg,train,train/images/nozzle_no_extrusion_0266.jpg,否,6,0.906250,0.888860,否,,,
1102,train,train/images/nozzle_tip_wrapped_0110.jpg,train,train/images/nozzle_tip_wrapped_0111.jpg,否,4,0.937500,0.888828,否,,,
1103,val,val/images/nozzle_no_extrusion_0363.jpg,val,val/images/nozzle_no_extrusion_0548.jpg,否,2,0.968750,0.888658,否,,,
1104,train,train/images/nozzle_no_extrusion_0216.jpg,val,val/images/nozzle_no_extrusion_0332.jpg,是,2,0.968750,0.888532,否,,,
1105,train,train/images/nozzle_no_extrusion_0558.jpg,train,train/images/nozzle_no_extrusion_0758.jpg,否,4,0.937500,0.888423,否,,,
1106,train,train/images/nozzle_no_extrusion_0818.jpg,train,train/images/nozzle_no_extrusion_0821.jpg,否,2,0.968750,0.888369,否,,,
1107,train,train/images/nozzle_no_extrusion_0177.jpg,train,train/images/nozzle_no_extrusion_0216.jpg,否,2,0.968750,0.888297,否,,,
1108,test,test/images/nozzle_no_extrusion_0073.jpg,train,train/images/nozzle_no_extrusion_0063.jpg,是,2,0.968750,0.888282,否,,,
1109,train,train/images/nozzle_no_extrusion_0306.jpg,train,train/images/nozzle_no_extrusion_0347.jpg,否,2,0.968750,0.888122,否,,,
1110,test,test/images/nozzle_tip_wrapped_1083.jpg,train,train/images/nozzle_tip_wrapped_1070.jpg,是,6,0.906250,0.888053,否,,,
1111,train,train/images/nozzle_no_extrusion_0889.jpg,val,val/images/nozzle_no_extrusion_0157.jpg,是,2,0.968750,0.887936,否,,,
1112,train,train/images/nozzle_extrusion_normal_0976.jpg,val,val/images/nozzle_extrusion_normal_0997.jpg,是,6,0.906250,0.887928,否,,,
1113,train,train/images/nozzle_no_extrusion_0783.jpg,train,train/images/nozzle_no_extrusion_0788.jpg,否,0,1.000000,0.887908,否,,,
1114,val,val/images/nozzle_no_extrusion_0157.jpg,val,val/images/nozzle_no_extrusion_0900.jpg,否,2,0.968750,0.887890,否,,,
1115,test,test/images/nozzle_extrusion_normal_0795.jpg,test,test/images/nozzle_extrusion_normal_0812.jpg,否,2,0.968750,0.887806,否,,,
1116,train,train/images/nozzle_tip_wrapped_0475.jpg,train,train/images/nozzle_tip_wrapped_0476.jpg,否,4,0.937500,0.887801,否,,,
1117,test,test/images/nozzle_extrusion_normal_0795.jpg,val,val/images/nozzle_extrusion_normal_0780.jpg,是,2,0.968750,0.887528,否,,,
1118,train,train/images/nozzle_tip_wrapped_0291.jpg,train,train/images/nozzle_tip_wrapped_0298.jpg,否,6,0.906250,0.887449,否,,,
1119,test,test/images/nozzle_no_extrusion_0276.jpg,train,train/images/nozzle_no_extrusion_0356.jpg,是,2,0.968750,0.887321,否,,,
1120,train,train/images/nozzle_no_extrusion_0175.jpg,train,train/images/nozzle_no_extrusion_0176.jpg,否,2,0.968750,0.887310,否,,,
1121,test,test/images/nozzle_tip_wrapped_0074.jpg,train,train/images/nozzle_tip_wrapped_0073.jpg,是,6,0.906250,0.887258,否,,,
1122,train,train/images/nozzle_tip_wrapped_0094.jpg,train,train/images/nozzle_tip_wrapped_0095.jpg,否,2,0.968750,0.887197,否,,,
1123,train,train/images/nozzle_no_extrusion_0485.jpg,train,train/images/nozzle_no_extrusion_0490.jpg,否,2,0.968750,0.887189,否,,,
1124,train,train/images/nozzle_tip_wrapped_0276.jpg,train,train/images/nozzle_tip_wrapped_0277.jpg,否,6,0.906250,0.887044,否,,,
1125,train,train/images/nozzle_no_extrusion_0044.jpg,train,train/images/nozzle_no_extrusion_0053.jpg,否,2,0.968750,0.886788,否,,,
1126,train,train/images/nozzle_extrusion_normal_1092.jpg,train,train/images/nozzle_extrusion_normal_1139.jpg,否,6,0.906250,0.886545,否,,,
1127,train,train/images/nozzle_no_extrusion_0278.jpg,val,val/images/nozzle_no_extrusion_0201.jpg,是,0,1.000000,0.886500,否,,,
1128,train,train/images/nozzle_no_extrusion_0232.jpg,train,train/images/nozzle_no_extrusion_0306.jpg,否,2,0.968750,0.886295,否,,,
1129,val,val/images/nozzle_no_extrusion_0240.jpg,val,val/images/nozzle_no_extrusion_0355.jpg,否,2,0.968750,0.886269,否,,,
1130,train,train/images/nozzle_tip_wrapped_0330.jpg,train,train/images/nozzle_tip_wrapped_0331.jpg,否,6,0.906250,0.886215,否,,,
1131,train,train/images/nozzle_no_extrusion_0446.jpg,train,train/images/nozzle_no_extrusion_0453.jpg,否,0,1.000000,0.886068,否,,,
1132,train,train/images/nozzle_extrusion_normal_0959.jpg,val,val/images/nozzle_extrusion_normal_0980.jpg,是,4,0.937500,0.885946,否,,,
1133,train,train/images/nozzle_tip_wrapped_0272.jpg,train,train/images/nozzle_tip_wrapped_0273.jpg,否,6,0.906250,0.885913,否,,,
1134,train,train/images/nozzle_no_extrusion_0268.jpg,train,train/images/nozzle_no_extrusion_0306.jpg,否,2,0.968750,0.885809,否,,,
1135,train,train/images/nozzle_no_extrusion_0462.jpg,train,train/images/nozzle_no_extrusion_0467.jpg,否,0,1.000000,0.885786,否,,,
1136,train,train/images/nozzle_extrusion_normal_1091.jpg,val,val/images/nozzle_extrusion_normal_1163.jpg,是,6,0.906250,0.885663,否,,,
1137,train,train/images/nozzle_tip_wrapped_0096.jpg,train,train/images/nozzle_tip_wrapped_0097.jpg,否,2,0.968750,0.885608,否,,,
1138,train,train/images/nozzle_no_extrusion_0257.jpg,train,train/images/nozzle_no_extrusion_0336.jpg,否,2,0.968750,0.885452,否,,,
1139,test,test/images/nozzle_tip_wrapped_0293.jpg,train,train/images/nozzle_tip_wrapped_0289.jpg,是,4,0.937500,0.885271,否,,,
1140,test,test/images/nozzle_extrusion_normal_1089.jpg,test,test/images/nozzle_extrusion_normal_1136.jpg,否,4,0.937500,0.885249,否,,,
1141,train,train/images/nozzle_no_extrusion_0361.jpg,val,val/images/nozzle_no_extrusion_0271.jpg,是,2,0.968750,0.885199,否,,,
1142,train,train/images/nozzle_extrusion_normal_0205.jpg,train,train/images/nozzle_extrusion_normal_0232.jpg,否,6,0.906250,0.885108,否,,,
1143,test,test/images/nozzle_extrusion_normal_1138.jpg,train,train/images/nozzle_extrusion_normal_1091.jpg,是,4,0.937500,0.885016,否,,,
1144,train,train/images/nozzle_no_extrusion_0323.jpg,train,train/images/nozzle_no_extrusion_0364.jpg,否,4,0.937500,0.884971,否,,,
1145,train,train/images/nozzle_extrusion_normal_0985.jpg,val,val/images/nozzle_extrusion_normal_0944.jpg,是,6,0.906250,0.884947,否,,,
1146,val,val/images/nozzle_no_extrusion_0248.jpg,val,val/images/nozzle_no_extrusion_0548.jpg,否,2,0.968750,0.884853,否,,,
1147,test,test/images/nozzle_no_extrusion_0712.jpg,train,train/images/nozzle_no_extrusion_0711.jpg,是,0,1.000000,0.884844,否,,,
1148,train,train/images/nozzle_no_extrusion_0472.jpg,train,train/images/nozzle_no_extrusion_0479.jpg,否,0,1.000000,0.884807,否,,,
1149,train,train/images/nozzle_no_extrusion_0364.jpg,val,val/images/nozzle_no_extrusion_0210.jpg,是,4,0.937500,0.884751,否,,,
1150,test,test/images/nozzle_tip_wrapped_0050.jpg,val,val/images/nozzle_tip_wrapped_0051.jpg,是,4,0.937500,0.884699,否,,,
1151,train,train/images/nozzle_no_extrusion_0289.jpg,val,val/images/nozzle_no_extrusion_0254.jpg,是,2,0.968750,0.884663,否,,,
1152,train,train/images/nozzle_no_extrusion_0206.jpg,val,val/images/nozzle_no_extrusion_0245.jpg,是,2,0.968750,0.884643,否,,,
1153,test,test/images/nozzle_no_extrusion_0196.jpg,train,train/images/nozzle_no_extrusion_0320.jpg,是,2,0.968750,0.884564,否,,,
1154,train,train/images/nozzle_no_extrusion_0232.jpg,train,train/images/nozzle_no_extrusion_0268.jpg,否,0,1.000000,0.884335,否,,,
1155,test,test/images/nozzle_no_extrusion_0285.jpg,val,val/images/nozzle_no_extrusion_0210.jpg,是,4,0.937500,0.884298,否,,,
1156,test,test/images/nozzle_no_extrusion_0246.jpg,val,val/images/nozzle_no_extrusion_0349.jpg,是,0,1.000000,0.884288,否,,,
1157,train,train/images/nozzle_tip_wrapped_0291.jpg,train,train/images/nozzle_tip_wrapped_0294.jpg,否,2,0.968750,0.883865,否,,,
1158,train,train/images/nozzle_no_extrusion_0174.jpg,train,train/images/nozzle_no_extrusion_0369.jpg,否,2,0.968750,0.883730,否,,,
1159,train,train/images/nozzle_no_extrusion_0216.jpg,train,train/images/nozzle_no_extrusion_0369.jpg,否,2,0.968750,0.883727,否,,,
1160,train,train/images/nozzle_no_extrusion_0211.jpg,val,val/images/nozzle_no_extrusion_0286.jpg,是,6,0.906250,0.883712,否,,,
1161,test,test/images/nozzle_no_extrusion_0489.jpg,train,train/images/nozzle_no_extrusion_0487.jpg,是,0,1.000000,0.883667,否,,,
1162,train,train/images/nozzle_extrusion_normal_1312.jpg,train,train/images/nozzle_extrusion_normal_1338.jpg,否,6,0.906250,0.883606,否,,,
1163,train,train/images/nozzle_no_extrusion_0660.jpg,train,train/images/nozzle_no_extrusion_0667.jpg,否,0,1.000000,0.883374,否,,,
1164,train,train/images/nozzle_no_extrusion_0264.jpg,train,train/images/nozzle_no_extrusion_0380.jpg,否,4,0.937500,0.883311,否,,,
1165,train,train/images/nozzle_no_extrusion_0519.jpg,train,train/images/nozzle_no_extrusion_0529.jpg,否,2,0.968750,0.883243,否,,,
1166,train,train/images/nozzle_tip_wrapped_0085.jpg,train,train/images/nozzle_tip_wrapped_0086.jpg,否,4,0.937500,0.883234,否,,,
1167,train,train/images/nozzle_heavy_contamination_0011.jpg,train,train/images/nozzle_tip_wrapped_0038.jpg,否,6,0.906250,0.883121,否,,,
1168,test,test/images/nozzle_no_extrusion_0217.jpg,val,val/images/nozzle_no_extrusion_0366.jpg,是,2,0.968750,0.883000,否,,,
1169,train,train/images/nozzle_extrusion_normal_1162.jpg,train,train/images/nozzle_extrusion_normal_1187.jpg,否,4,0.937500,0.882871,否,,,
1170,test,test/images/nozzle_tip_wrapped_0074.jpg,train,train/images/nozzle_tip_wrapped_0075.jpg,是,2,0.968750,0.882782,否,,,
1171,test,test/images/nozzle_extrusion_normal_0982.jpg,val,val/images/nozzle_extrusion_normal_0961.jpg,是,4,0.937500,0.882716,否,,,
1172,train,train/images/nozzle_extrusion_normal_0293.jpg,train,train/images/nozzle_extrusion_normal_0326.jpg,否,0,1.000000,0.882624,否,,,
1173,train,train/images/nozzle_no_extrusion_0064.jpg,train,train/images/nozzle_no_extrusion_0072.jpg,否,0,1.000000,0.882540,否,,,
1174,train,train/images/nozzle_no_extrusion_0150.jpg,train,train/images/nozzle_no_extrusion_0887.jpg,否,4,0.937500,0.882404,否,,,
1175,train,train/images/nozzle_no_extrusion_0235.jpg,train,train/images/nozzle_no_extrusion_0320.jpg,否,2,0.968750,0.882386,否,,,
1176,train,train/images/nozzle_no_extrusion_0242.jpg,val,val/images/nozzle_no_extrusion_0201.jpg,是,0,1.000000,0.882348,否,,,
1177,train,train/images/nozzle_extrusion_normal_0426.jpg,val,val/images/nozzle_extrusion_normal_0466.jpg,是,6,0.906250,0.882342,否,,,
1178,train,train/images/nozzle_no_extrusion_0151.jpg,train,train/images/nozzle_no_extrusion_0888.jpg,否,0,1.000000,0.882320,否,,,
1179,train,train/images/nozzle_extrusion_normal_0762.jpg,train,train/images/nozzle_extrusion_normal_0779.jpg,否,6,0.906250,0.882204,否,,,
1180,train,train/images/nozzle_tip_wrapped_0301.jpg,train,train/images/nozzle_tip_wrapped_0303.jpg,否,6,0.906250,0.882123,否,,,
1181,train,train/images/nozzle_tip_wrapped_1064.jpg,train,train/images/nozzle_tip_wrapped_1077.jpg,否,6,0.906250,0.882091,否,,,
1182,train,train/images/nozzle_extrusion_normal_1177.jpg,val,val/images/nozzle_extrusion_normal_1204.jpg,是,4,0.937500,0.882087,否,,,
1183,train,train/images/nozzle_no_extrusion_0249.jpg,train,train/images/nozzle_no_extrusion_0323.jpg,否,4,0.937500,0.882036,否,,,
1184,train,train/images/nozzle_tip_wrapped_0092.jpg,train,train/images/nozzle_tip_wrapped_0093.jpg,否,6,0.906250,0.881920,否,,,
1185,train,train/images/nozzle_no_extrusion_0323.jpg,train,train/images/nozzle_no_extrusion_0750.jpg,否,2,0.968750,0.881919,否,,,
1186,train,train/images/nozzle_extrusion_normal_1259.jpg,train,train/images/nozzle_extrusion_normal_1286.jpg,否,6,0.906250,0.881913,否,,,
1187,test,test/images/nozzle_extrusion_normal_0883.jpg,train,train/images/nozzle_extrusion_normal_0904.jpg,是,6,0.906250,0.881911,否,,,
1188,train,train/images/nozzle_tip_wrapped_1273.jpg,train,train/images/nozzle_tip_wrapped_1285.jpg,否,4,0.937500,0.881869,否,,,
1189,test,test/images/nozzle_no_extrusion_0276.jpg,train,train/images/nozzle_no_extrusion_0314.jpg,是,2,0.968750,0.881850,否,,,
1190,train,train/images/nozzle_tip_wrapped_0409.jpg,train,train/images/nozzle_tip_wrapped_0410.jpg,否,2,0.968750,0.881850,否,,,
1191,test,test/images/nozzle_no_extrusion_0285.jpg,train,train/images/nozzle_no_extrusion_0323.jpg,是,4,0.937500,0.881812,否,,,
1192,train,train/images/nozzle_no_extrusion_0151.jpg,train,train/images/nozzle_no_extrusion_0899.jpg,否,0,1.000000,0.881757,否,,,
1193,train,train/images/nozzle_no_extrusion_0165.jpg,train,train/images/nozzle_no_extrusion_0203.jpg,否,2,0.968750,0.881648,否,,,
1194,train,train/images/nozzle_extrusion_normal_0833.jpg,train,train/images/nozzle_extrusion_normal_0852.jpg,否,2,0.968750,0.881599,否,,,
1195,train,train/images/nozzle_no_extrusion_0249.jpg,val,val/images/nozzle_no_extrusion_0210.jpg,是,2,0.968750,0.881587,否,,,
1196,test,test/images/nozzle_no_extrusion_0297.jpg,train,train/images/nozzle_no_extrusion_0265.jpg,是,0,1.000000,0.881492,否,,,
1197,train,train/images/nozzle_no_extrusion_0156.jpg,train,train/images/nozzle_no_extrusion_0890.jpg,否,2,0.968750,0.881478,否,,,
1198,test,test/images/nozzle_extrusion_normal_1033.jpg,val,val/images/nozzle_extrusion_normal_1055.jpg,是,6,0.906250,0.881380,否,,,
1199,train,train/images/nozzle_no_extrusion_0721.jpg,val,val/images/nozzle_no_extrusion_0717.jpg,是,0,1.000000,0.881302,否,,,
1200,train,train/images/nozzle_no_extrusion_0223.jpg,train,train/images/nozzle_no_extrusion_0299.jpg,否,2,0.968750,0.881287,否,,,
1201,train,train/images/nozzle_extrusion_normal_0303.jpg,train,train/images/nozzle_extrusion_normal_0336.jpg,否,4,0.937500,0.881181,否,,,
1202,test,test/images/nozzle_no_extrusion_0062.jpg,test,test/images/nozzle_no_extrusion_0073.jpg,否,4,0.937500,0.881179,否,,,
1203,test,test/images/nozzle_tip_wrapped_0304.jpg,train,train/images/nozzle_tip_wrapped_0301.jpg,是,6,0.906250,0.881040,否,,,
1204,train,train/images/nozzle_no_extrusion_0232.jpg,train,train/images/nozzle_no_extrusion_0385.jpg,否,2,0.968750,0.880991,否,,,
1205,train,train/images/nozzle_no_extrusion_0364.jpg,train,train/images/nozzle_no_extrusion_0758.jpg,否,4,0.937500,0.880872,否,,,
1206,train,train/images/nozzle_no_extrusion_0289.jpg,train,train/images/nozzle_no_extrusion_0329.jpg,否,2,0.968750,0.880820,否,,,
1207,train,train/images/nozzle_tip_wrapped_0448.jpg,train,train/images/nozzle_tip_wrapped_0449.jpg,否,6,0.906250,0.880817,否,,,
1208,test,test/images/nozzle_extrusion_normal_1202.jpg,train,train/images/nozzle_extrusion_normal_1258.jpg,是,6,0.906250,0.880732,否,,,
1209,train,train/images/nozzle_no_extrusion_0206.jpg,val,val/images/nozzle_no_extrusion_0236.jpg,是,2,0.968750,0.880678,否,,,
1210,train,train/images/nozzle_no_extrusion_0156.jpg,val,val/images/nozzle_no_extrusion_0901.jpg,是,2,0.968750,0.880666,否,,,
1211,train,train/images/nozzle_no_extrusion_0153.jpg,train,train/images/nozzle_no_extrusion_0894.jpg,否,0,1.000000,0.880659,否,,,
1212,test,test/images/nozzle_tip_wrapped_0054.jpg,train,train/images/nozzle_tip_wrapped_0055.jpg,是,2,0.968750,0.880617,否,,,
1213,train,train/images/nozzle_no_extrusion_0265.jpg,val,val/images/nozzle_no_extrusion_0382.jpg,是,2,0.968750,0.880527,否,,,
1214,test,test/images/nozzle_extrusion_normal_0431.jpg,train,train/images/nozzle_extrusion_normal_0391.jpg,是,4,0.937500,0.880462,否,,,
1215,train,train/images/nozzle_no_extrusion_0223.jpg,val,val/images/nozzle_no_extrusion_0377.jpg,是,2,0.968750,0.880450,否,,,
1216,train,train/images/nozzle_no_extrusion_0307.jpg,val,val/images/nozzle_no_extrusion_0233.jpg,是,2,0.968750,0.880388,否,,,
1217,train,train/images/nozzle_no_extrusion_0074.jpg,val,val/images/nozzle_no_extrusion_0061.jpg,是,2,0.968750,0.880368,否,,,
1218,train,train/images/nozzle_extrusion_normal_0556.jpg,val,val/images/nozzle_extrusion_normal_0598.jpg,是,2,0.968750,0.880287,否,,,
1219,test,test/images/nozzle_no_extrusion_0285.jpg,train,train/images/nozzle_no_extrusion_0750.jpg,是,4,0.937500,0.880252,否,,,
1220,val,val/images/nozzle_no_extrusion_0222.jpg,val,val/images/nozzle_no_extrusion_0302.jpg,否,4,0.937500,0.880239,否,,,
1221,test,test/images/nozzle_no_extrusion_0297.jpg,val,val/images/nozzle_no_extrusion_0181.jpg,是,6,0.906250,0.880146,否,,,
1222,train,train/images/nozzle_extrusion_normal_0958.jpg,train,train/images/nozzle_extrusion_normal_0979.jpg,否,6,0.906250,0.880089,否,,,
1223,train,train/images/nozzle_extrusion_normal_0977.jpg,val,val/images/nozzle_extrusion_normal_0998.jpg,是,4,0.937500,0.880068,否,,,
1224,train,train/images/nozzle_no_extrusion_0153.jpg,train,train/images/nozzle_no_extrusion_0902.jpg,否,0,1.000000,0.880037,否,,,
1225,test,test/images/nozzle_tip_wrapped_0443.jpg,val,val/images/nozzle_tip_wrapped_0442.jpg,是,6,0.906250,0.880012,否,,,
1226,train,train/images/nozzle_extrusion_normal_1070.jpg,train,train/images/nozzle_extrusion_normal_1139.jpg,否,4,0.937500,0.879832,否,,,
1227,train,train/images/nozzle_tip_wrapped_0023.jpg,val,val/images/nozzle_tip_wrapped_0019.jpg,是,6,0.906250,0.879684,否,,,
1228,test,test/images/nozzle_extrusion_normal_1076.jpg,train,train/images/nozzle_extrusion_normal_1122.jpg,是,6,0.906250,0.879532,否,,,
1229,train,train/images/nozzle_tip_wrapped_0478.jpg,val,val/images/nozzle_tip_wrapped_0477.jpg,是,6,0.906250,0.879518,否,,,
1230,test,test/images/nozzle_extrusion_normal_1028.jpg,train,train/images/nozzle_extrusion_normal_1070.jpg,是,4,0.937500,0.879472,否,,,
1231,train,train/images/nozzle_no_extrusion_0153.jpg,train,train/images/nozzle_no_extrusion_0891.jpg,否,0,1.000000,0.879376,否,,,
1232,test,test/images/nozzle_tip_wrapped_0106.jpg,train,train/images/nozzle_tip_wrapped_0105.jpg,是,6,0.906250,0.879253,否,,,
1233,train,train/images/nozzle_no_extrusion_0220.jpg,train,train/images/nozzle_no_extrusion_0336.jpg,否,2,0.968750,0.879248,否,,,
1234,test,test/images/nozzle_no_extrusion_0384.jpg,train,train/images/nozzle_no_extrusion_0305.jpg,是,2,0.968750,0.879247,否,,,
1235,test,test/images/nozzle_no_extrusion_0309.jpg,train,train/images/nozzle_no_extrusion_0161.jpg,是,2,0.968750,0.879145,否,,,
1236,train,train/images/nozzle_no_extrusion_0154.jpg,val,val/images/nozzle_no_extrusion_0904.jpg,是,2,0.968750,0.879040,否,,,
1237,test,test/images/nozzle_extrusion_normal_1202.jpg,train,train/images/nozzle_extrusion_normal_1149.jpg,是,2,0.968750,0.878727,否,,,
1238,train,train/images/nozzle_tip_wrapped_0081.jpg,train,train/images/nozzle_tip_wrapped_0082.jpg,否,4,0.937500,0.878686,否,,,
1239,train,train/images/nozzle_tip_wrapped_0069.jpg,train,train/images/nozzle_tip_wrapped_0070.jpg,否,6,0.906250,0.878627,否,,,
1240,train,train/images/nozzle_no_extrusion_0174.jpg,val,val/images/nozzle_no_extrusion_0332.jpg,是,0,1.000000,0.878616,否,,,
1241,test,test/images/nozzle_no_extrusion_0885.jpg,val,val/images/nozzle_no_extrusion_0872.jpg,是,2,0.968750,0.878613,否,,,
1242,train,train/images/nozzle_tip_wrapped_1062.jpg,train,train/images/nozzle_tip_wrapped_1075.jpg,否,2,0.968750,0.878459,否,,,
1243,train,train/images/nozzle_no_extrusion_0249.jpg,train,train/images/nozzle_no_extrusion_0758.jpg,否,4,0.937500,0.878447,否,,,
1244,train,train/images/nozzle_extrusion_normal_0349.jpg,train,train/images/nozzle_extrusion_normal_0387.jpg,否,4,0.937500,0.878446,否,,,
1245,train,train/images/nozzle_tip_wrapped_0289.jpg,train,train/images/nozzle_tip_wrapped_0296.jpg,否,4,0.937500,0.878387,否,,,
1246,train,train/images/nozzle_no_extrusion_0324.jpg,val,val/images/nozzle_no_extrusion_0286.jpg,是,4,0.937500,0.878325,否,,,
1247,test,test/images/nozzle_no_extrusion_0291.jpg,train,train/images/nozzle_no_extrusion_0216.jpg,是,2,0.968750,0.878324,否,,,
1248,train,train/images/nozzle_no_extrusion_0150.jpg,train,train/images/nozzle_no_extrusion_0898.jpg,否,4,0.937500,0.878270,否,,,
1249,test,test/images/nozzle_tip_wrapped_0084.jpg,train,train/images/nozzle_tip_wrapped_0085.jpg,是,2,0.968750,0.878224,否,,,
1250,train,train/images/nozzle_no_extrusion_0232.jpg,train,train/images/nozzle_no_extrusion_0347.jpg,否,0,1.000000,0.878143,否,,,
1251,train,train/images/nozzle_no_extrusion_0184.jpg,train,train/images/nozzle_no_extrusion_0263.jpg,否,2,0.968750,0.878143,否,,,
1252,train,train/images/nozzle_no_extrusion_0182.jpg,val,val/images/nozzle_no_extrusion_0222.jpg,是,0,1.000000,0.878067,否,,,
1253,train,train/images/nozzle_no_extrusion_0851.jpg,train,train/images/nozzle_no_extrusion_0855.jpg,否,0,1.000000,0.877961,否,,,
1254,train,train/images/nozzle_extrusion_normal_0849.jpg,train,train/images/nozzle_extrusion_normal_0866.jpg,否,2,0.968750,0.877939,否,,,
1255,train,train/images/nozzle_no_extrusion_0190.jpg,train,train/images/nozzle_no_extrusion_0266.jpg,否,6,0.906250,0.877708,否,,,
1256,train,train/images/nozzle_tip_wrapped_0273.jpg,train,train/images/nozzle_tip_wrapped_0274.jpg,否,6,0.906250,0.877666,否,,,
1257,train,train/images/nozzle_no_extrusion_0848.jpg,train,train/images/nozzle_no_extrusion_0857.jpg,否,2,0.968750,0.877621,否,,,
1258,train,train/images/nozzle_no_extrusion_0076.jpg,val,val/images/nozzle_no_extrusion_0036.jpg,是,2,0.968750,0.877602,否,,,
1259,test,test/images/nozzle_tip_wrapped_0192.jpg,train,train/images/nozzle_tip_wrapped_0191.jpg,是,6,0.906250,0.877539,否,,,
1260,train,train/images/nozzle_extrusion_normal_0090.jpg,val,val/images/nozzle_extrusion_normal_0108.jpg,是,2,0.968750,0.877437,否,,,
1261,train,train/images/nozzle_no_extrusion_0209.jpg,val,val/images/nozzle_no_extrusion_0548.jpg,是,4,0.937500,0.877375,否,,,
1262,test,test/images/nozzle_extrusion_normal_0986.jpg,val,val/images/nozzle_extrusion_normal_1006.jpg,是,6,0.906250,0.877348,否,,,
1263,test,test/images/nozzle_extrusion_normal_1202.jpg,train,train/images/nozzle_extrusion_normal_1175.jpg,是,4,0.937500,0.877280,否,,,
1264,train,train/images/nozzle_no_extrusion_0587.jpg,val,val/images/nozzle_no_extrusion_0592.jpg,是,0,1.000000,0.877219,否,,,
1265,test,test/images/nozzle_extrusion_normal_0389.jpg,val,val/images/nozzle_extrusion_normal_0429.jpg,是,2,0.968750,0.877077,否,,,
1266,train,train/images/nozzle_extrusion_normal_1140.jpg,val,val/images/nozzle_extrusion_normal_1117.jpg,是,0,1.000000,0.876974,否,,,
1267,test,test/images/nozzle_no_extrusion_0666.jpg,val,val/images/nozzle_no_extrusion_0661.jpg,是,0,1.000000,0.876810,否,,,
1268,test,test/images/nozzle_extrusion_normal_0345.jpg,test,test/images/nozzle_extrusion_normal_0382.jpg,否,4,0.937500,0.876631,否,,,
1269,train,train/images/nozzle_extrusion_normal_0409.jpg,train,train/images/nozzle_extrusion_normal_0448.jpg,否,4,0.937500,0.876597,否,,,
1270,train,train/images/nozzle_extrusion_normal_1147.jpg,train,train/images/nozzle_extrusion_normal_1148.jpg,否,6,0.906250,0.876575,否,,,
1271,train,train/images/nozzle_no_extrusion_0308.jpg,train,train/images/nozzle_no_extrusion_0361.jpg,否,0,1.000000,0.876556,否,,,
1272,train,train/images/nozzle_extrusion_normal_1159.jpg,train,train/images/nozzle_extrusion_normal_1184.jpg,否,2,0.968750,0.876396,否,,,
1273,train,train/images/nozzle_extrusion_normal_0390.jpg,train,train/images/nozzle_extrusion_normal_0430.jpg,否,4,0.937500,0.876396,否,,,
1274,train,train/images/nozzle_extrusion_normal_0562.jpg,train,train/images/nozzle_extrusion_normal_0605.jpg,否,0,1.000000,0.876341,否,,,
1275,train,train/images/nozzle_no_extrusion_0558.jpg,train,train/images/nozzle_no_extrusion_0585.jpg,否,4,0.937500,0.876294,否,,,
1276,train,train/images/nozzle_extrusion_normal_0391.jpg,val,val/images/nozzle_extrusion_normal_0351.jpg,是,6,0.906250,0.876265,否,,,
1277,train,train/images/nozzle_no_extrusion_0306.jpg,train,train/images/nozzle_no_extrusion_0385.jpg,否,4,0.937500,0.876264,否,,,
1278,train,train/images/nozzle_tip_wrapped_0371.jpg,train,train/images/nozzle_tip_wrapped_0379.jpg,否,6,0.906250,0.876204,否,,,
1279,train,train/images/nozzle_extrusion_normal_0336.jpg,train,train/images/nozzle_extrusion_normal_0372.jpg,否,4,0.937500,0.876161,否,,,
1280,test,test/images/nozzle_no_extrusion_0599.jpg,val,val/images/nozzle_no_extrusion_0598.jpg,是,2,0.968750,0.876108,否,,,
1281,train,train/images/nozzle_no_extrusion_0239.jpg,train,train/images/nozzle_no_extrusion_0354.jpg,否,0,1.000000,0.876099,否,,,
1282,test,test/images/nozzle_no_extrusion_0613.jpg,train,train/images/nozzle_no_extrusion_0456.jpg,是,2,0.968750,0.876093,否,,,
1283,train,train/images/nozzle_no_extrusion_0456.jpg,val,val/images/nozzle_no_extrusion_0835.jpg,是,4,0.937500,0.876087,否,,,
1284,train,train/images/nozzle_no_extrusion_0197.jpg,train,train/images/nozzle_no_extrusion_0206.jpg,否,2,0.968750,0.876039,否,,,
1285,train,train/images/nozzle_tip_wrapped_0305.jpg,train,train/images/nozzle_tip_wrapped_0307.jpg,否,4,0.937500,0.876024,否,,,
1286,train,train/images/nozzle_no_extrusion_0269.jpg,train,train/images/nozzle_no_extrusion_0307.jpg,否,2,0.968750,0.875979,否,,,
1287,train,train/images/nozzle_tip_wrapped_0289.jpg,train,train/images/nozzle_tip_wrapped_0290.jpg,否,4,0.937500,0.875858,否,,,
1288,test,test/images/nozzle_tip_wrapped_0304.jpg,train,train/images/nozzle_tip_wrapped_0303.jpg,是,0,1.000000,0.875849,否,,,
1289,train,train/images/nozzle_no_extrusion_0833.jpg,val,val/images/nozzle_no_extrusion_0834.jpg,是,2,0.968750,0.875836,否,,,
1290,train,train/images/nozzle_tip_wrapped_0590.jpg,train,train/images/nozzle_tip_wrapped_0592.jpg,否,4,0.937500,0.875812,否,,,
1291,test,test/images/nozzle_no_extrusion_0384.jpg,train,train/images/nozzle_no_extrusion_0444.jpg,是,2,0.968750,0.875803,否,,,
1292,test,test/images/nozzle_tip_wrapped_1082.jpg,train,train/images/nozzle_tip_wrapped_1094.jpg,是,4,0.937500,0.875772,否,,,
1293,train,train/images/nozzle_no_extrusion_0390.jpg,val,val/images/nozzle_no_extrusion_0155.jpg,是,4,0.937500,0.875705,否,,,
1294,val,val/images/nozzle_no_extrusion_0037.jpg,val,val/images/nozzle_no_extrusion_0092.jpg,否,6,0.906250,0.875692,否,,,
1295,test,test/images/nozzle_no_extrusion_0869.jpg,val,val/images/nozzle_no_extrusion_0862.jpg,是,0,1.000000,0.875637,否,,,
1296,train,train/images/nozzle_extrusion_normal_1151.jpg,train,train/images/nozzle_extrusion_normal_1177.jpg,否,4,0.937500,0.875636,否,,,
1297,train,train/images/nozzle_extrusion_normal_1199.jpg,train,train/images/nozzle_extrusion_normal_1228.jpg,否,4,0.937500,0.875619,否,,,
1298,train,train/images/nozzle_tip_wrapped_0996.jpg,train,train/images/nozzle_tip_wrapped_0997.jpg,否,2,0.968750,0.875580,否,,,
1299,test,test/images/nozzle_extrusion_normal_1165.jpg,train,train/images/nozzle_extrusion_normal_1140.jpg,是,2,0.968750,0.875510,否,,,
1300,train,train/images/nozzle_no_extrusion_0805.jpg,val,val/images/nozzle_no_extrusion_0801.jpg,是,0,1.000000,0.875417,否,,,
1301,train,train/images/nozzle_no_extrusion_0226.jpg,val,val/images/nozzle_no_extrusion_0377.jpg,是,0,1.000000,0.875350,否,,,
1302,test,test/images/nozzle_no_extrusion_0252.jpg,train,train/images/nozzle_no_extrusion_0251.jpg,是,2,0.968750,0.875332,否,,,
1303,train,train/images/nozzle_extrusion_normal_1009.jpg,train,train/images/nozzle_extrusion_normal_1030.jpg,否,4,0.937500,0.875321,否,,,
1304,test,test/images/nozzle_tip_wrapped_0106.jpg,train,train/images/nozzle_tip_wrapped_0107.jpg,是,4,0.937500,0.875262,否,,,
1305,train,train/images/nozzle_no_extrusion_0277.jpg,val,val/images/nozzle_no_extrusion_0240.jpg,是,2,0.968750,0.875252,否,,,
1306,train,train/images/nozzle_tip_wrapped_0203.jpg,train,train/images/nozzle_tip_wrapped_0204.jpg,否,4,0.937500,0.875178,否,,,
1307,train,train/images/nozzle_extrusion_normal_0448.jpg,train,train/images/nozzle_extrusion_normal_0489.jpg,否,4,0.937500,0.875131,否,,,
1308,train,train/images/nozzle_tip_wrapped_0232.jpg,train,train/images/nozzle_tip_wrapped_0233.jpg,否,6,0.906250,0.875085,否,,,
1309,test,test/images/nozzle_extrusion_normal_0327.jpg,train,train/images/nozzle_extrusion_normal_0363.jpg,是,2,0.968750,0.875054,否,,,
1310,train,train/images/nozzle_extrusion_normal_0366.jpg,train,train/images/nozzle_extrusion_normal_0406.jpg,否,6,0.906250,0.874977,否,,,
1311,train,train/images/nozzle_no_extrusion_0226.jpg,train,train/images/nozzle_no_extrusion_0299.jpg,否,0,1.000000,0.874968,否,,,
1312,train,train/images/nozzle_extrusion_normal_0267.jpg,train,train/images/nozzle_extrusion_normal_0298.jpg,否,4,0.937500,0.874918,否,,,
1313,train,train/images/nozzle_tip_wrapped_0213.jpg,train,train/images/nozzle_tip_wrapped_0214.jpg,否,6,0.906250,0.874914,否,,,
1314,test,test/images/nozzle_extrusion_normal_0862.jpg,train,train/images/nozzle_extrusion_normal_0880.jpg,是,6,0.906250,0.874911,否,,,
1315,train,train/images/nozzle_extrusion_normal_1030.jpg,train,train/images/nozzle_extrusion_normal_1050.jpg,否,4,0.937500,0.874896,否,,,
1316,train,train/images/nozzle_extrusion_normal_1174.jpg,train,train/images/nozzle_extrusion_normal_1229.jpg,否,6,0.906250,0.874860,否,,,
1317,train,train/images/nozzle_extrusion_normal_1183.jpg,train,train/images/nozzle_extrusion_normal_1211.jpg,否,2,0.968750,0.874810,否,,,
1318,test,test/images/nozzle_no_extrusion_0195.jpg,train,train/images/nozzle_no_extrusion_0320.jpg,是,0,1.000000,0.874795,否,,,
1319,train,train/images/nozzle_no_extrusion_0013.jpg,val,val/images/nozzle_no_extrusion_0069.jpg,是,2,0.968750,0.874756,否,,,
1320,train,train/images/nozzle_no_extrusion_0154.jpg,val,val/images/nozzle_no_extrusion_0155.jpg,是,2,0.968750,0.874746,否,,,
1321,test,test/images/nozzle_extrusion_normal_0984.jpg,train,train/images/nozzle_extrusion_normal_0963.jpg,是,4,0.937500,0.874703,否,,,
1322,train,train/images/nozzle_no_extrusion_0388.jpg,val,val/images/nozzle_no_extrusion_0157.jpg,是,2,0.968750,0.874686,否,,,
1323,train,train/images/nozzle_tip_wrapped_0144.jpg,train,train/images/nozzle_tip_wrapped_0145.jpg,否,4,0.937500,0.874673,否,,,
1324,test,test/images/nozzle_extrusion_normal_1040.jpg,train,train/images/nozzle_extrusion_normal_1019.jpg,是,6,0.906250,0.874658,否,,,
1325,train,train/images/nozzle_no_extrusion_0828.jpg,train,train/images/nozzle_no_extrusion_0830.jpg,否,2,0.968750,0.874602,否,,,
1326,train,train/images/nozzle_tip_wrapped_0227.jpg,train,train/images/nozzle_tip_wrapped_0228.jpg,否,4,0.937500,0.874583,否,,,
1327,train,train/images/nozzle_no_extrusion_0474.jpg,train,train/images/nozzle_no_extrusion_0478.jpg,否,2,0.968750,0.874548,否,,,
1328,train,train/images/nozzle_tip_wrapped_1051.jpg,train,train/images/nozzle_tip_wrapped_1064.jpg,否,6,0.906250,0.874515,否,,,
1329,train,train/images/nozzle_no_extrusion_0323.jpg,train,train/images/nozzle_no_extrusion_0758.jpg,否,2,0.968750,0.874477,否,,,
1330,train,train/images/nozzle_no_extrusion_0742.jpg,train,train/images/nozzle_no_extrusion_0747.jpg,否,0,1.000000,0.874401,否,,,
1331,train,train/images/nozzle_extrusion_normal_1090.jpg,train,train/images/nozzle_extrusion_normal_1137.jpg,否,6,0.906250,0.874381,否,,,
1332,train,train/images/nozzle_tip_wrapped_1227.jpg,train,train/images/nozzle_tip_wrapped_1238.jpg,否,2,0.968750,0.874285,否,,,
1333,test,test/images/nozzle_extrusion_normal_0427.jpg,train,train/images/nozzle_extrusion_normal_0467.jpg,是,6,0.906250,0.874282,否,,,
1334,train,train/images/nozzle_no_extrusion_0228.jpg,train,train/images/nozzle_no_extrusion_0265.jpg,否,0,1.000000,0.874151,否,,,
1335,train,train/images/nozzle_extrusion_normal_1414.jpg,val,val/images/nozzle_extrusion_normal_1391.jpg,是,4,0.937500,0.874142,否,,,
1336,test,test/images/nozzle_extrusion_normal_0371.jpg,test,test/images/nozzle_extrusion_normal_0411.jpg,否,2,0.968750,0.874142,否,,,
1337,test,test/images/nozzle_extrusion_normal_1123.jpg,train,train/images/nozzle_extrusion_normal_1147.jpg,是,6,0.906250,0.874074,否,,,
1338,test,test/images/nozzle_no_extrusion_0204.jpg,train,train/images/nozzle_no_extrusion_0279.jpg,是,2,0.968750,0.874056,否,,,
1339,test,test/images/nozzle_no_extrusion_0384.jpg,train,train/images/nozzle_no_extrusion_0454.jpg,是,2,0.968750,0.873980,否,,,
1340,test,test/images/nozzle_extrusion_normal_1138.jpg,val,val/images/nozzle_extrusion_normal_1163.jpg,是,6,0.906250,0.873973,否,,,
1341,train,train/images/nozzle_extrusion_normal_1267.jpg,train,train/images/nozzle_extrusion_normal_1294.jpg,否,4,0.937500,0.873955,否,,,
1342,train,train/images/nozzle_no_extrusion_0265.jpg,val,val/images/nozzle_no_extrusion_0338.jpg,是,2,0.968750,0.873868,否,,,
1343,train,train/images/nozzle_extrusion_normal_1174.jpg,train,train/images/nozzle_extrusion_normal_1200.jpg,否,4,0.937500,0.873764,否,,,
1344,train,train/images/nozzle_no_extrusion_0265.jpg,train,train/images/nozzle_no_extrusion_0374.jpg,否,2,0.968750,0.873688,否,,,
1345,test,test/images/nozzle_no_extrusion_0285.jpg,train,train/images/nozzle_no_extrusion_0758.jpg,是,2,0.968750,0.873606,否,,,
1346,train,train/images/nozzle_extrusion_normal_0555.jpg,train,train/images/nozzle_extrusion_normal_0597.jpg,否,4,0.937500,0.873577,否,,,
1347,test,test/images/nozzle_tip_wrapped_0223.jpg,train,train/images/nozzle_tip_wrapped_0224.jpg,是,4,0.937500,0.873324,否,,,
1348,test,test/images/nozzle_extrusion_normal_1099.jpg,test,test/images/nozzle_extrusion_normal_1123.jpg,否,4,0.937500,0.873280,否,,,
1349,train,train/images/nozzle_no_extrusion_0558.jpg,val,val/images/nozzle_no_extrusion_0210.jpg,是,2,0.968750,0.873256,否,,,
1350,test,test/images/nozzle_extrusion_normal_0825.jpg,train,train/images/nozzle_extrusion_normal_0809.jpg,是,2,0.968750,0.873181,否,,,
1351,test,test/images/nozzle_extrusion_normal_0999.jpg,train,train/images/nozzle_extrusion_normal_0978.jpg,是,6,0.906250,0.873087,否,,,
1352,train,train/images/nozzle_no_extrusion_0330.jpg,val,val/images/nozzle_no_extrusion_0254.jpg,是,4,0.937500,0.873013,否,,,
1353,train,train/images/nozzle_extrusion_normal_1092.jpg,train,train/images/nozzle_extrusion_normal_1164.jpg,否,4,0.937500,0.873012,否,,,
1354,train,train/images/nozzle_no_extrusion_0063.jpg,train,train/images/nozzle_no_extrusion_0072.jpg,否,2,0.968750,0.872966,否,,,
1355,train,train/images/nozzle_no_extrusion_0750.jpg,val,val/images/nozzle_no_extrusion_0210.jpg,是,2,0.968750,0.872913,否,,,
1356,train,train/images/nozzle_no_extrusion_0896.jpg,val,val/images/nozzle_no_extrusion_0157.jpg,是,2,0.968750,0.872823,否,,,
1357,test,test/images/nozzle_extrusion_normal_0179.jpg,train,train/images/nozzle_extrusion_normal_0136.jpg,是,6,0.906250,0.872797,否,,,
1358,val,val/images/nozzle_extrusion_normal_0367.jpg,val,val/images/nozzle_extrusion_normal_0407.jpg,否,6,0.906250,0.872756,否,,,
1359,test,test/images/nozzle_tip_wrapped_0080.jpg,train,train/images/nozzle_tip_wrapped_0077.jpg,是,4,0.937500,0.872755,否,,,
1360,train,train/images/nozzle_no_extrusion_0136.jpg,val,val/images/nozzle_no_extrusion_0135.jpg,是,4,0.937500,0.872677,否,,,
1361,train,train/images/nozzle_no_extrusion_0241.jpg,val,val/images/nozzle_no_extrusion_0240.jpg,是,2,0.968750,0.872617,否,,,
1362,test,test/images/nozzle_no_extrusion_0907.jpg,train,train/images/nozzle_no_extrusion_0897.jpg,是,2,0.968750,0.872569,否,,,
1363,train,train/images/nozzle_no_extrusion_0323.jpg,train,train/images/nozzle_no_extrusion_0558.jpg,否,2,0.968750,0.872523,否,,,
1364,train,train/images/nozzle_extrusion_normal_0956.jpg,train,train/images/nozzle_extrusion_normal_0979.jpg,否,6,0.906250,0.872522,否,,,
1365,train,train/images/nozzle_extrusion_normal_0528.jpg,train,train/images/nozzle_extrusion_normal_0571.jpg,否,2,0.968750,0.872511,否,,,
1366,train,train/images/nozzle_tip_wrapped_1281.jpg,train,train/images/nozzle_tip_wrapped_1291.jpg,否,4,0.937500,0.872503,否,,,
1367,train,train/images/nozzle_no_extrusion_0329.jpg,train,train/images/nozzle_no_extrusion_0330.jpg,否,4,0.937500,0.872487,否,,,
1368,train,train/images/nozzle_extrusion_normal_0931.jpg,val,val/images/nozzle_extrusion_normal_0949.jpg,是,0,1.000000,0.872366,否,,,
1369,test,test/images/nozzle_extrusion_normal_1068.jpg,train,train/images/nozzle_extrusion_normal_1026.jpg,是,6,0.906250,0.872238,否,,,
1370,train,train/images/nozzle_extrusion_normal_1148.jpg,train,train/images/nozzle_extrusion_normal_1174.jpg,否,2,0.968750,0.872226,否,,,
1371,train,train/images/nozzle_no_extrusion_0175.jpg,val,val/images/nozzle_no_extrusion_0253.jpg,是,2,0.968750,0.872215,否,,,
1372,train,train/images/nozzle_extrusion_normal_0357.jpg,val,val/images/nozzle_extrusion_normal_0397.jpg,是,2,0.968750,0.872142,否,,,
1373,test,test/images/nozzle_tip_wrapped_0297.jpg,train,train/images/nozzle_tip_wrapped_0298.jpg,是,4,0.937500,0.872117,否,,,
1374,train,train/images/nozzle_tip_wrapped_0166.jpg,train,train/images/nozzle_tip_wrapped_0168.jpg,否,6,0.906250,0.872004,否,,,
1375,train,train/images/nozzle_extrusion_normal_0446.jpg,val,val/images/nozzle_extrusion_normal_0407.jpg,是,2,0.968750,0.871978,否,,,
1376,train,train/images/nozzle_extrusion_normal_0204.jpg,train,train/images/nozzle_extrusion_normal_0230.jpg,否,6,0.906250,0.871880,否,,,
1377,train,train/images/nozzle_extrusion_normal_0763.jpg,val,val/images/nozzle_extrusion_normal_0780.jpg,是,4,0.937500,0.871762,否,,,
1378,train,train/images/nozzle_no_extrusion_0375.jpg,val,val/images/nozzle_no_extrusion_0222.jpg,是,2,0.968750,0.871723,否,,,
1379,train,train/images/nozzle_no_extrusion_0758.jpg,val,val/images/nozzle_no_extrusion_0210.jpg,是,4,0.937500,0.871683,否,,,
1380,train,train/images/nozzle_no_extrusion_0577.jpg,val,val/images/nozzle_no_extrusion_0583.jpg,是,2,0.968750,0.871667,否,,,
1381,test,test/images/nozzle_extrusion_normal_1099.jpg,train,train/images/nozzle_extrusion_normal_1124.jpg,是,6,0.906250,0.871586,否,,,
1382,train,train/images/nozzle_extrusion_normal_0951.jpg,train,train/images/nozzle_extrusion_normal_0972.jpg,否,6,0.906250,0.871559,否,,,
1383,train,train/images/nozzle_no_extrusion_0260.jpg,val,val/images/nozzle_no_extrusion_0222.jpg,是,4,0.937500,0.871524,否,,,
1384,train,train/images/nozzle_extrusion_normal_0177.jpg,train,train/images/nozzle_extrusion_normal_0201.jpg,否,2,0.968750,0.871513,否,,,
1385,train,train/images/nozzle_no_extrusion_0205.jpg,train,train/images/nozzle_no_extrusion_0237.jpg,否,2,0.968750,0.871473,否,,,
1386,test,test/images/nozzle_tip_wrapped_0269.jpg,test,test/images/nozzle_tip_wrapped_0270.jpg,否,6,0.906250,0.871393,否,,,
1387,train,train/images/nozzle_extrusion_normal_1229.jpg,train,train/images/nozzle_extrusion_normal_1256.jpg,否,4,0.937500,0.871358,否,,,
1388,train,train/images/nozzle_extrusion_normal_1147.jpg,train,train/images/nozzle_extrusion_normal_1174.jpg,否,6,0.906250,0.871311,否,,,
1389,test,test/images/nozzle_no_extrusion_0866.jpg,train,train/images/nozzle_no_extrusion_0865.jpg,是,0,1.000000,0.871311,否,,,
1390,test,test/images/nozzle_no_extrusion_0781.jpg,train,train/images/nozzle_no_extrusion_0777.jpg,是,0,1.000000,0.871275,否,,,
1391,train,train/images/nozzle_tip_wrapped_0068.jpg,train,train/images/nozzle_tip_wrapped_0069.jpg,否,4,0.937500,0.871260,否,,,
1392,train,train/images/nozzle_extrusion_normal_0495.jpg,train,train/images/nozzle_extrusion_normal_0538.jpg,否,6,0.906250,0.871256,否,,,
1393,train,train/images/nozzle_extrusion_normal_0508.jpg,val,val/images/nozzle_extrusion_normal_0466.jpg,是,4,0.937500,0.871242,否,,,
1394,train,train/images/nozzle_extrusion_normal_0977.jpg,train,train/images/nozzle_extrusion_normal_1021.jpg,否,4,0.937500,0.871208,否,,,
1395,test,test/images/nozzle_tip_wrapped_0083.jpg,train,train/images/nozzle_tip_wrapped_0082.jpg,是,6,0.906250,0.871195,否,,,
1396,train,train/images/nozzle_no_extrusion_0257.jpg,train,train/images/nozzle_no_extrusion_0296.jpg,否,6,0.906250,0.871088,否,,,
1397,train,train/images/nozzle_extrusion_normal_0852.jpg,train,train/images/nozzle_extrusion_normal_0869.jpg,否,4,0.937500,0.870992,否,,,
1398,train,train/images/nozzle_no_extrusion_0186.jpg,train,train/images/nozzle_no_extrusion_0263.jpg,否,2,0.968750,0.870878,否,,,
1399,train,train/images/nozzle_extrusion_normal_1147.jpg,train,train/images/nozzle_extrusion_normal_1173.jpg,否,2,0.968750,0.870873,否,,,
1400,test,test/images/nozzle_extrusion_normal_0469.jpg,train,train/images/nozzle_extrusion_normal_0555.jpg,是,6,0.906250,0.870873,否,,,
1401,test,test/images/nozzle_extrusion_normal_1123.jpg,train,train/images/nozzle_extrusion_normal_1174.jpg,是,6,0.906250,0.870835,否,,,
1402,train,train/images/nozzle_no_extrusion_0288.jpg,train,train/images/nozzle_no_extrusion_0289.jpg,否,2,0.968750,0.870800,否,,,
1403,train,train/images/nozzle_no_extrusion_0905.jpg,val,val/images/nozzle_no_extrusion_0901.jpg,是,2,0.968750,0.870772,否,,,
1404,test,test/images/nozzle_no_extrusion_0221.jpg,train,train/images/nozzle_no_extrusion_0188.jpg,是,2,0.968750,0.870640,否,,,
1405,train,train/images/nozzle_extrusion_normal_0340.jpg,train,train/images/nozzle_extrusion_normal_0375.jpg,否,2,0.968750,0.870578,否,,,
1406,test,test/images/nozzle_tip_wrapped_0497.jpg,train,train/images/nozzle_tip_wrapped_0498.jpg,是,6,0.906250,0.870549,否,,,
1407,train,train/images/nozzle_no_extrusion_0647.jpg,val,val/images/nozzle_no_extrusion_0872.jpg,是,6,0.906250,0.870450,否,,,
1408,test,test/images/nozzle_no_extrusion_0384.jpg,test,test/images/nozzle_no_extrusion_0455.jpg,否,2,0.968750,0.870425,否,,,
1409,test,test/images/nozzle_no_extrusion_0217.jpg,train,train/images/nozzle_no_extrusion_0178.jpg,是,2,0.968750,0.870401,否,,,
1410,test,test/images/nozzle_extrusion_normal_0901.jpg,train,train/images/nozzle_extrusion_normal_0880.jpg,是,2,0.968750,0.870400,否,,,
1411,train,train/images/nozzle_extrusion_normal_0388.jpg,train,train/images/nozzle_extrusion_normal_0428.jpg,否,2,0.968750,0.870265,否,,,
1412,train,train/images/nozzle_no_extrusion_0750.jpg,train,train/images/nozzle_no_extrusion_0758.jpg,否,2,0.968750,0.870209,否,,,
1413,train,train/images/nozzle_tip_wrapped_0454.jpg,train,train/images/nozzle_tip_wrapped_0455.jpg,否,6,0.906250,0.870185,否,,,
1414,test,test/images/nozzle_extrusion_normal_1099.jpg,train,train/images/nozzle_extrusion_normal_1147.jpg,是,4,0.937500,0.870165,否,,,
1415,train,train/images/nozzle_no_extrusion_0892.jpg,train,train/images/nozzle_no_extrusion_0893.jpg,否,0,1.000000,0.870161,否,,,
1416,train,train/images/nozzle_tip_wrapped_0072.jpg,train,train/images/nozzle_tip_wrapped_0073.jpg,否,2,0.968750,0.870142,否,,,
1417,test,test/images/nozzle_no_extrusion_0204.jpg,val,val/images/nozzle_no_extrusion_0243.jpg,是,2,0.968750,0.870014,否,,,
1418,test,test/images/nozzle_extrusion_normal_1068.jpg,train,train/images/nozzle_extrusion_normal_1187.jpg,是,6,0.906250,0.869994,否,,,
1419,train,train/images/nozzle_extrusion_normal_0129.jpg,train,train/images/nozzle_extrusion_normal_0149.jpg,否,2,0.968750,0.869893,否,,,
1420,test,test/images/nozzle_extrusion_normal_0863.jpg,train,train/images/nozzle_extrusion_normal_0846.jpg,是,4,0.937500,0.869866,否,,,
1421,train,train/images/nozzle_extrusion_normal_0413.jpg,train,train/images/nozzle_extrusion_normal_0452.jpg,否,2,0.968750,0.869782,否,,,
1422,test,test/images/nozzle_no_extrusion_0276.jpg,train,train/images/nozzle_no_extrusion_0202.jpg,是,4,0.937500,0.869605,否,,,
1423,val,val/images/nozzle_no_extrusion_0222.jpg,val,val/images/nozzle_no_extrusion_0343.jpg,否,4,0.937500,0.869582,否,,,
1424,train,train/images/nozzle_no_extrusion_0890.jpg,train,train/images/nozzle_no_extrusion_0905.jpg,否,2,0.968750,0.869551,否,,,
1425,test,test/images/nozzle_no_extrusion_0250.jpg,train,train/images/nozzle_no_extrusion_0211.jpg,是,6,0.906250,0.869438,否,,,
1426,train,train/images/nozzle_no_extrusion_0174.jpg,train,train/images/nozzle_no_extrusion_0177.jpg,否,2,0.968750,0.869409,否,,,
1427,train,train/images/nozzle_no_extrusion_0161.jpg,val,val/images/nozzle_no_extrusion_0351.jpg,是,2,0.968750,0.869386,否,,,
1428,val,val/images/nozzle_no_extrusion_0240.jpg,val,val/images/nozzle_no_extrusion_0315.jpg,否,2,0.968750,0.869377,否,,,
1429,train,train/images/nozzle_extrusion_normal_0493.jpg,train,train/images/nozzle_extrusion_normal_0537.jpg,否,4,0.937500,0.869370,否,,,
1430,test,test/images/nozzle_tip_wrapped_0270.jpg,train,train/images/nozzle_tip_wrapped_0271.jpg,是,4,0.937500,0.869365,否,,,
1431,train,train/images/nozzle_extrusion_normal_0972.jpg,train,train/images/nozzle_extrusion_normal_0993.jpg,否,6,0.906250,0.869340,否,,,
1432,test,test/images/nozzle_extrusion_normal_1005.jpg,train,train/images/nozzle_extrusion_normal_1026.jpg,是,6,0.906250,0.869327,否,,,
1433,train,train/images/nozzle_extrusion_normal_1020.jpg,val,val/images/nozzle_extrusion_normal_1039.jpg,是,0,1.000000,0.869288,否,,,
1434,val,val/images/nozzle_no_extrusion_0181.jpg,val,val/images/nozzle_no_extrusion_0258.jpg,否,2,0.968750,0.869272,否,,,
1435,train,train/images/nozzle_no_extrusion_0268.jpg,train,train/images/nozzle_no_extrusion_0385.jpg,否,2,0.968750,0.869256,否,,,
1436,train,train/images/nozzle_tip_wrapped_0428.jpg,train,train/images/nozzle_tip_wrapped_0429.jpg,否,6,0.906250,0.869244,否,,,
1437,train,train/images/nozzle_no_extrusion_0287.jpg,train,train/images/nozzle_no_extrusion_0333.jpg,否,2,0.968750,0.869118,否,,,
1438,test,test/images/nozzle_no_extrusion_0348.jpg,val,val/images/nozzle_no_extrusion_0872.jpg,是,6,0.906250,0.869029,否,,,
1439,train,train/images/nozzle_tip_wrapped_0271.jpg,train,train/images/nozzle_tip_wrapped_0272.jpg,否,2,0.968750,0.869020,否,,,
1440,test,test/images/nozzle_extrusion_normal_0431.jpg,val,val/images/nozzle_extrusion_normal_0351.jpg,是,4,0.937500,0.869017,否,,,
1441,train,train/images/nozzle_extrusion_normal_0507.jpg,train,train/images/nozzle_extrusion_normal_0551.jpg,否,4,0.937500,0.868824,否,,,
1442,test,test/images/nozzle_extrusion_normal_1028.jpg,train,train/images/nozzle_extrusion_normal_1092.jpg,是,4,0.937500,0.868809,否,,,
1443,train,train/images/nozzle_tip_wrapped_0314.jpg,train,train/images/nozzle_tip_wrapped_0315.jpg,否,6,0.906250,0.868782,否,,,
1444,train,train/images/nozzle_no_extrusion_0893.jpg,train,train/images/nozzle_no_extrusion_0903.jpg,否,0,1.000000,0.868765,否,,,
1445,test,test/images/nozzle_tip_wrapped_0207.jpg,train,train/images/nozzle_tip_wrapped_0211.jpg,是,6,0.906250,0.868698,否,,,
1446,test,test/images/nozzle_no_extrusion_0614.jpg,train,train/images/nozzle_no_extrusion_0347.jpg,是,0,1.000000,0.868687,否,,,
1447,test,test/images/nozzle_no_extrusion_0285.jpg,train,train/images/nozzle_no_extrusion_0558.jpg,是,4,0.937500,0.868599,否,,,
1448,train,train/images/nozzle_tip_wrapped_0555.jpg,train,train/images/nozzle_tip_wrapped_0556.jpg,否,6,0.906250,0.868582,否,,,
1449,train,train/images/nozzle_extrusion_normal_0485.jpg,val,val/images/nozzle_extrusion_normal_0444.jpg,是,2,0.968750,0.868532,否,,,
1450,train,train/images/nozzle_extrusion_normal_0184.jpg,val,val/images/nozzle_extrusion_normal_0209.jpg,是,4,0.937500,0.868527,否,,,
1451,train,train/images/nozzle_no_extrusion_0223.jpg,train,train/images/nozzle_no_extrusion_0227.jpg,否,0,1.000000,0.868480,否,,,
1452,test,test/images/nozzle_no_extrusion_0221.jpg,test,test/images/nozzle_no_extrusion_0259.jpg,否,2,0.968750,0.868463,否,,,
1453,train,train/images/nozzle_no_extrusion_0558.jpg,train,train/images/nozzle_no_extrusion_0566.jpg,否,2,0.968750,0.868463,否,,,
1454,train,train/images/nozzle_no_extrusion_0189.jpg,val,val/images/nozzle_no_extrusion_0181.jpg,是,2,0.968750,0.868451,否,,,
1455,train,train/images/nozzle_no_extrusion_0558.jpg,train,train/images/nozzle_no_extrusion_0594.jpg,否,4,0.937500,0.868444,否,,,
1456,train,train/images/nozzle_extrusion_normal_1149.jpg,train,train/images/nozzle_extrusion_normal_1242.jpg,否,4,0.937500,0.868388,否,,,
1457,train,train/images/nozzle_extrusion_normal_0826.jpg,train,train/images/nozzle_extrusion_normal_0844.jpg,否,0,1.000000,0.868379,否,,,
1458,train,train/images/nozzle_no_extrusion_0388.jpg,train,train/images/nozzle_no_extrusion_0895.jpg,否,2,0.968750,0.868331,否,,,
1459,train,train/images/nozzle_extrusion_normal_0357.jpg,val,val/images/nozzle_extrusion_normal_0324.jpg,是,6,0.906250,0.868190,否,,,
1460,train,train/images/nozzle_no_extrusion_0191.jpg,train,train/images/nozzle_no_extrusion_0816.jpg,否,2,0.968750,0.868074,否,,,
1461,test,test/images/nozzle_extrusion_normal_1123.jpg,train,train/images/nozzle_extrusion_normal_1148.jpg,是,6,0.906250,0.868053,否,,,
1462,train,train/images/nozzle_extrusion_normal_0563.jpg,train,train/images/nozzle_extrusion_normal_0606.jpg,否,2,0.968750,0.868035,否,,,
1463,train,train/images/nozzle_no_extrusion_0312.jpg,train,train/images/nozzle_no_extrusion_0358.jpg,否,4,0.937500,0.868026,否,,,
1464,test,test/images/nozzle_no_extrusion_0309.jpg,train,train/images/nozzle_no_extrusion_0282.jpg,是,2,0.968750,0.868021,否,,,
1465,test,test/images/nozzle_no_extrusion_0221.jpg,train,train/images/nozzle_no_extrusion_0303.jpg,是,2,0.968750,0.867981,否,,,
1466,train,train/images/nozzle_no_extrusion_0364.jpg,train,train/images/nozzle_no_extrusion_0558.jpg,否,2,0.968750,0.867814,否,,,
1467,test,test/images/nozzle_no_extrusion_0229.jpg,val,val/images/nozzle_no_extrusion_0181.jpg,是,2,0.968750,0.867794,否,,,
1468,train,train/images/nozzle_extrusion_normal_0482.jpg,train,train/images/nozzle_extrusion_normal_0525.jpg,否,2,0.968750,0.867743,否,,,
1469,train,train/images/nozzle_tip_wrapped_1057.jpg,val,val/images/nozzle_tip_wrapped_1053.jpg,是,6,0.906250,0.867742,否,,,
1470,train,train/images/nozzle_no_extrusion_0280.jpg,train,train/images/nozzle_no_extrusion_0358.jpg,否,2,0.968750,0.867708,否,,,
1471,test,test/images/nozzle_extrusion_normal_0352.jpg,train,train/images/nozzle_extrusion_normal_0392.jpg,是,2,0.968750,0.867654,否,,,
1472,train,train/images/nozzle_extrusion_normal_1070.jpg,train,train/images/nozzle_extrusion_normal_1116.jpg,否,6,0.906250,0.867616,否,,,
1473,test,test/images/nozzle_tip_wrapped_0169.jpg,train,train/images/nozzle_tip_wrapped_0166.jpg,是,4,0.937500,0.867602,否,,,
1474,test,test/images/nozzle_extrusion_normal_1068.jpg,train,train/images/nozzle_extrusion_normal_1162.jpg,是,4,0.937500,0.867575,否,,,
1475,test,test/images/nozzle_no_extrusion_0852.jpg,train,train/images/nozzle_no_extrusion_0854.jpg,是,2,0.968750,0.867555,否,,,
1476,train,train/images/nozzle_extrusion_normal_0032.jpg,train,train/images/nozzle_extrusion_normal_0038.jpg,否,6,0.906250,0.867538,否,,,
1477,train,train/images/nozzle_extrusion_normal_1137.jpg,train,train/images/nozzle_extrusion_normal_1188.jpg,否,6,0.906250,0.867526,否,,,
1478,train,train/images/nozzle_tip_wrapped_0298.jpg,train,train/images/nozzle_tip_wrapped_0299.jpg,否,2,0.968750,0.867461,否,,,
1479,train,train/images/nozzle_no_extrusion_0230.jpg,train,train/images/nozzle_no_extrusion_0345.jpg,否,4,0.937500,0.867435,否,,,
1480,test,test/images/nozzle_extrusion_normal_0746.jpg,train,train/images/nozzle_extrusion_normal_0762.jpg,是,4,0.937500,0.867325,否,,,
1481,test,test/images/nozzle_extrusion_normal_1178.jpg,train,train/images/nozzle_extrusion_normal_1205.jpg,是,4,0.937500,0.867216,否,,,
1482,test,test/images/nozzle_no_extrusion_0384.jpg,train,train/images/nozzle_no_extrusion_0585.jpg,是,2,0.968750,0.867156,否,,,
1483,test,test/images/nozzle_no_extrusion_0371.jpg,train,train/images/nozzle_no_extrusion_0256.jpg,是,4,0.937500,0.867149,否,,,
1484,train,train/images/nozzle_no_extrusion_0174.jpg,val,val/images/nozzle_no_extrusion_0366.jpg,是,2,0.968750,0.867095,否,,,
1485,train,train/images/nozzle_extrusion_normal_0038.jpg,val,val/images/nozzle_extrusion_normal_0040.jpg,是,4,0.937500,0.867048,否,,,
1486,train,train/images/nozzle_tip_wrapped_0303.jpg,val,val/images/nozzle_tip_wrapped_0302.jpg,是,6,0.906250,0.867045,否,,,
1487,train,train/images/nozzle_no_extrusion_0558.jpg,val,val/images/nozzle_no_extrusion_0565.jpg,是,4,0.937500,0.866962,否,,,
1488,train,train/images/nozzle_extrusion_normal_0989.jpg,train,train/images/nozzle_extrusion_normal_1009.jpg,否,4,0.937500,0.866953,否,,,
1489,train,train/images/nozzle_no_extrusion_0347.jpg,train,train/images/nozzle_no_extrusion_0385.jpg,否,2,0.968750,0.866933,否,,,
1490,train,train/images/nozzle_extrusion_normal_1187.jpg,val,val/images/nozzle_extrusion_normal_1113.jpg,是,4,0.937500,0.866902,否,,,
1491,test,test/images/nozzle_no_extrusion_0217.jpg,train,train/images/nozzle_no_extrusion_0173.jpg,是,0,1.000000,0.866860,否,,,
1492,train,train/images/nozzle_no_extrusion_0364.jpg,train,train/images/nozzle_no_extrusion_0750.jpg,否,4,0.937500,0.866836,否,,,
1493,test,test/images/nozzle_extrusion_normal_1069.jpg,train,train/images/nozzle_extrusion_normal_0985.jpg,是,4,0.937500,0.866834,否,,,
1494,train,train/images/nozzle_extrusion_normal_0801.jpg,train,train/images/nozzle_extrusion_normal_0817.jpg,否,6,0.906250,0.866817,否,,,
1495,train,train/images/nozzle_extrusion_normal_0398.jpg,train,train/images/nozzle_extrusion_normal_0437.jpg,否,0,1.000000,0.866814,否,,,
1496,train,train/images/nozzle_no_extrusion_0149.jpg,train,train/images/nozzle_no_extrusion_0909.jpg,否,4,0.937500,0.866784,否,,,
1497,test,test/images/nozzle_extrusion_normal_0330.jpg,train,train/images/nozzle_extrusion_normal_0366.jpg,是,2,0.968750,0.866577,否,,,
1498,test,test/images/nozzle_no_extrusion_0384.jpg,train,train/images/nozzle_no_extrusion_0558.jpg,是,4,0.937500,0.866479,否,,,
1499,train,train/images/nozzle_tip_wrapped_0397.jpg,train,train/images/nozzle_tip_wrapped_0398.jpg,否,4,0.937500,0.866383,否,,,
1500,train,train/images/nozzle_extrusion_normal_0450.jpg,val,val/images/nozzle_extrusion_normal_0492.jpg,是,2,0.968750,0.866323,否,,,
1501,train,train/images/nozzle_extrusion_normal_1162.jpg,train,train/images/nozzle_extrusion_normal_1243.jpg,否,6,0.906250,0.866302,否,,,
1502,train,train/images/nozzle_no_extrusion_0350.jpg,train,train/images/nozzle_no_extrusion_0361.jpg,否,2,0.968750,0.866089,否,,,
1503,train,train/images/nozzle_no_extrusion_0239.jpg,train,train/images/nozzle_no_extrusion_0242.jpg,否,0,1.000000,0.866084,否,,,
1504,train,train/images/nozzle_no_extrusion_0200.jpg,train,train/images/nozzle_no_extrusion_0354.jpg,否,0,1.000000,0.866059,否,,,
1505,test,test/images/nozzle_extrusion_normal_0386.jpg,val,val/images/nozzle_extrusion_normal_0466.jpg,是,4,0.937500,0.865981,否,,,
1506,test,test/images/nozzle_no_extrusion_0614.jpg,train,train/images/nozzle_no_extrusion_0268.jpg,是,0,1.000000,0.865941,否,,,
1507,train,train/images/nozzle_extrusion_normal_0777.jpg,val,val/images/nozzle_extrusion_normal_0761.jpg,是,4,0.937500,0.865939,否,,,
1508,test,test/images/nozzle_extrusion_normal_0300.jpg,val,val/images/nozzle_extrusion_normal_0334.jpg,是,2,0.968750,0.865936,否,,,
1509,test,test/images/nozzle_no_extrusion_0010.jpg,train,train/images/nozzle_no_extrusion_0013.jpg,是,2,0.968750,0.865897,否,,,
1510,train,train/images/nozzle_extrusion_normal_0819.jpg,train,train/images/nozzle_extrusion_normal_0837.jpg,否,2,0.968750,0.865895,否,,,
1511,train,train/images/nozzle_no_extrusion_0220.jpg,train,train/images/nozzle_no_extrusion_0296.jpg,否,6,0.906250,0.865895,否,,,
1512,test,test/images/nozzle_no_extrusion_0348.jpg,train,train/images/nozzle_no_extrusion_0647.jpg,是,4,0.937500,0.865871,否,,,
1513,test,test/images/nozzle_extrusion_normal_0919.jpg,train,train/images/nozzle_extrusion_normal_0898.jpg,是,6,0.906250,0.865850,否,,,
1514,test,test/images/nozzle_no_extrusion_0613.jpg,val,val/images/nozzle_no_extrusion_0835.jpg,是,2,0.968750,0.865810,否,,,
1515,test,test/images/nozzle_tip_wrapped_0071.jpg,train,train/images/nozzle_tip_wrapped_0070.jpg,是,6,0.906250,0.865797,否,,,
1516,test,test/images/nozzle_extrusion_normal_1033.jpg,test,test/images/nozzle_extrusion_normal_1077.jpg,否,4,0.937500,0.865794,否,,,
1517,train,train/images/nozzle_extrusion_normal_0993.jpg,val,val/images/nozzle_extrusion_normal_1013.jpg,是,4,0.937500,0.865767,否,,,
1518,train,train/images/nozzle_extrusion_normal_0306.jpg,train,train/images/nozzle_extrusion_normal_0339.jpg,否,4,0.937500,0.865716,否,,,
1519,train,train/images/nozzle_no_extrusion_0267.jpg,train,train/images/nozzle_no_extrusion_0816.jpg,否,0,1.000000,0.865679,否,,,
1520,test,test/images/nozzle_extrusion_normal_1165.jpg,train,train/images/nozzle_extrusion_normal_1191.jpg,是,4,0.937500,0.865616,否,,,
1521,train,train/images/nozzle_tip_wrapped_0212.jpg,train,train/images/nozzle_tip_wrapped_0213.jpg,否,4,0.937500,0.865598,否,,,
1522,train,train/images/nozzle_extrusion_normal_0356.jpg,train,train/images/nozzle_extrusion_normal_0396.jpg,否,2,0.968750,0.865554,否,,,
1523,train,train/images/nozzle_extrusion_normal_0459.jpg,train,train/images/nozzle_extrusion_normal_0500.jpg,否,6,0.906250,0.865546,否,,,
1524,train,train/images/nozzle_extrusion_normal_0116.jpg,train,train/images/nozzle_extrusion_normal_0136.jpg,否,6,0.906250,0.865501,否,,,
1525,train,train/images/nozzle_no_extrusion_0198.jpg,train,train/images/nozzle_no_extrusion_0205.jpg,否,2,0.968750,0.865428,否,,,
1526,train,train/images/nozzle_tip_wrapped_0283.jpg,train,train/images/nozzle_tip_wrapped_0284.jpg,否,6,0.906250,0.865402,否,,,
1527,train,train/images/nozzle_extrusion_normal_0533.jpg,train,train/images/nozzle_extrusion_normal_0576.jpg,否,2,0.968750,0.865379,否,,,
1528,test,test/images/nozzle_extrusion_normal_0399.jpg,val,val/images/nozzle_extrusion_normal_0438.jpg,是,2,0.968750,0.865315,否,,,
1529,train,train/images/nozzle_tip_wrapped_0191.jpg,train,train/images/nozzle_tip_wrapped_0193.jpg,否,6,0.906250,0.865309,否,,,
1530,train,train/images/nozzle_no_extrusion_0249.jpg,train,train/images/nozzle_no_extrusion_0558.jpg,否,4,0.937500,0.865281,否,,,
1531,train,train/images/nozzle_no_extrusion_0287.jpg,train,train/images/nozzle_no_extrusion_0370.jpg,否,2,0.968750,0.865264,否,,,
1532,test,test/images/nozzle_extrusion_normal_1215.jpg,train,train/images/nozzle_extrusion_normal_1162.jpg,是,4,0.937500,0.865231,否,,,
1533,train,train/images/nozzle_extrusion_normal_0279.jpg,train,train/images/nozzle_extrusion_normal_0310.jpg,否,2,0.968750,0.865222,否,,,
1534,train,train/images/nozzle_extrusion_normal_1173.jpg,train,train/images/nozzle_extrusion_normal_1200.jpg,否,6,0.906250,0.865193,否,,,
1535,test,test/images/nozzle_tip_wrapped_1083.jpg,train,train/images/nozzle_tip_wrapped_1095.jpg,是,2,0.968750,0.865159,否,,,
1536,test,test/images/nozzle_extrusion_normal_1125.jpg,train,train/images/nozzle_extrusion_normal_1149.jpg,是,6,0.906250,0.865154,否,,,
1537,train,train/images/nozzle_no_extrusion_0558.jpg,train,train/images/nozzle_no_extrusion_0576.jpg,否,2,0.968750,0.865108,否,,,
1538,test,test/images/nozzle_extrusion_normal_0374.jpg,train,train/images/nozzle_extrusion_normal_0414.jpg,是,6,0.906250,0.865007,否,,,
1539,train,train/images/nozzle_no_extrusion_0175.jpg,train,train/images/nozzle_no_extrusion_0290.jpg,否,2,0.968750,0.864958,否,,,
1540,train,train/images/nozzle_no_extrusion_0211.jpg,train,train/images/nozzle_no_extrusion_0365.jpg,否,6,0.906250,0.864949,否,,,
1541,val,val/images/nozzle_extrusion_normal_0941.jpg,val,val/images/nozzle_extrusion_normal_0961.jpg,否,2,0.968750,0.864931,否,,,
1542,test,test/images/nozzle_tip_wrapped_0080.jpg,val,val/images/nozzle_tip_wrapped_0079.jpg,是,4,0.937500,0.864897,否,,,
1543,train,train/images/nozzle_no_extrusion_0206.jpg,val,val/images/nozzle_no_extrusion_0168.jpg,是,4,0.937500,0.864876,否,,,
1544,train,train/images/nozzle_no_extrusion_0306.jpg,train,train/images/nozzle_no_extrusion_0457.jpg,否,2,0.968750,0.864849,否,,,
1545,train,train/images/nozzle_tip_wrapped_0294.jpg,train,train/images/nozzle_tip_wrapped_0295.jpg,否,4,0.937500,0.864736,否,,,
1546,train,train/images/nozzle_extrusion_normal_0348.jpg,train,train/images/nozzle_extrusion_normal_0426.jpg,否,4,0.937500,0.864695,否,,,
1547,test,test/images/nozzle_extrusion_normal_1215.jpg,train,train/images/nozzle_extrusion_normal_1243.jpg,是,4,0.937500,0.864658,否,,,
1548,test,test/images/nozzle_extrusion_normal_0410.jpg,train,train/images/nozzle_extrusion_normal_0370.jpg,是,4,0.937500,0.864656,否,,,
1549,test,test/images/nozzle_extrusion_normal_1099.jpg,train,train/images/nozzle_extrusion_normal_1148.jpg,是,6,0.906250,0.864636,否,,,
1550,test,test/images/nozzle_extrusion_normal_0410.jpg,train,train/images/nozzle_extrusion_normal_0449.jpg,是,0,1.000000,0.864629,否,,,
1551,test,test/images/nozzle_extrusion_normal_1216.jpg,train,train/images/nozzle_extrusion_normal_1188.jpg,是,6,0.906250,0.864614,否,,,
1552,train,train/images/nozzle_tip_wrapped_0233.jpg,train,train/images/nozzle_tip_wrapped_0234.jpg,否,2,0.968750,0.864566,否,,,
1553,test,test/images/nozzle_tip_wrapped_0190.jpg,train,train/images/nozzle_tip_wrapped_0187.jpg,是,6,0.906250,0.864562,否,,,
1554,test,test/images/nozzle_tip_wrapped_0452.jpg,train,train/images/nozzle_tip_wrapped_0449.jpg,是,6,0.906250,0.864520,否,,,
1555,train,train/images/nozzle_tip_wrapped_0171.jpg,val,val/images/nozzle_tip_wrapped_0178.jpg,是,6,0.906250,0.864517,否,,,
1556,train,train/images/nozzle_tip_wrapped_0184.jpg,train,train/images/nozzle_tip_wrapped_0193.jpg,否,6,0.906250,0.864509,否,,,
1557,train,train/images/nozzle_no_extrusion_0268.jpg,train,train/images/nozzle_no_extrusion_0457.jpg,否,2,0.968750,0.864296,否,,,
1558,test,test/images/nozzle_extrusion_normal_1069.jpg,test,test/images/nozzle_extrusion_normal_1138.jpg,否,6,0.906250,0.864238,否,,,
1559,train,train/images/nozzle_extrusion_normal_1070.jpg,train,train/images/nozzle_extrusion_normal_1092.jpg,否,6,0.906250,0.864199,否,,,
1560,train,train/images/nozzle_tip_wrapped_0833.jpg,val,val/images/nozzle_tip_wrapped_0831.jpg,是,6,0.906250,0.864193,否,,,
1561,train,train/images/nozzle_no_extrusion_0265.jpg,val,val/images/nozzle_no_extrusion_0381.jpg,是,2,0.968750,0.864169,否,,,
1562,train,train/images/nozzle_tip_wrapped_0202.jpg,train,train/images/nozzle_tip_wrapped_0203.jpg,否,2,0.968750,0.864151,否,,,
1563,test,test/images/nozzle_extrusion_normal_0374.jpg,val,val/images/nozzle_extrusion_normal_0338.jpg,是,4,0.937500,0.864111,否,,,
1564,train,train/images/nozzle_tip_wrapped_0398.jpg,train,train/images/nozzle_tip_wrapped_0399.jpg,否,6,0.906250,0.864072,否,,,
1565,train,train/images/nozzle_extrusion_normal_1124.jpg,train,train/images/nozzle_extrusion_normal_1148.jpg,否,2,0.968750,0.864072,否,,,
1566,test,test/images/nozzle_no_extrusion_0250.jpg,train,train/images/nozzle_no_extrusion_0324.jpg,是,4,0.937500,0.864066,否,,,
1567,train,train/images/nozzle_tip_wrapped_0091.jpg,train,train/images/nozzle_tip_wrapped_0092.jpg,否,6,0.906250,0.863999,否,,,
1568,train,train/images/nozzle_extrusion_normal_1311.jpg,train,train/images/nozzle_extrusion_normal_1337.jpg,否,4,0.937500,0.863920,否,,,
1569,train,train/images/nozzle_extrusion_normal_0470.jpg,train,train/images/nozzle_extrusion_normal_0556.jpg,否,6,0.906250,0.863911,否,,,
1570,train,train/images/nozzle_no_extrusion_0385.jpg,train,train/images/nozzle_no_extrusion_0909.jpg,否,4,0.937500,0.863863,否,,,
1571,val,val/images/nozzle_extrusion_normal_1013.jpg,val,val/images/nozzle_extrusion_normal_1055.jpg,否,6,0.906250,0.863775,否,,,
1572,train,train/images/nozzle_extrusion_normal_0481.jpg,train,train/images/nozzle_extrusion_normal_0524.jpg,否,2,0.968750,0.863772,否,,,
1573,test,test/images/nozzle_tip_wrapped_0297.jpg,train,train/images/nozzle_tip_wrapped_0290.jpg,是,4,0.937500,0.863744,否,,,
1574,train,train/images/nozzle_no_extrusion_0042.jpg,train,train/images/nozzle_no_extrusion_0054.jpg,否,2,0.968750,0.863672,否,,,
1575,test,test/images/nozzle_extrusion_normal_0964.jpg,train,train/images/nozzle_extrusion_normal_1027.jpg,是,4,0.937500,0.863460,否,,,
1576,test,test/images/nozzle_extrusion_normal_0529.jpg,train,train/images/nozzle_extrusion_normal_0572.jpg,是,2,0.968750,0.863403,否,,,
1577,train,train/images/nozzle_no_extrusion_0347.jpg,train,train/images/nozzle_no_extrusion_0457.jpg,否,2,0.968750,0.863391,否,,,
1578,test,test/images/nozzle_extrusion_normal_0221.jpg,val,val/images/nozzle_extrusion_normal_0194.jpg,是,4,0.937500,0.863356,否,,,
1579,train,train/images/nozzle_no_extrusion_0203.jpg,train,train/images/nozzle_no_extrusion_0278.jpg,否,0,1.000000,0.863267,否,,,
1580,test,test/images/nozzle_extrusion_normal_0314.jpg,train,train/images/nozzle_extrusion_normal_0348.jpg,是,4,0.937500,0.863188,否,,,
1581,train,train/images/nozzle_extrusion_normal_0436.jpg,val,val/images/nozzle_extrusion_normal_0397.jpg,是,6,0.906250,0.863143,否,,,
1582,test,test/images/nozzle_no_extrusion_0384.jpg,train,train/images/nozzle_no_extrusion_0346.jpg,是,2,0.968750,0.863106,否,,,
1583,test,test/images/nozzle_no_extrusion_0276.jpg,val,val/images/nozzle_no_extrusion_0355.jpg,是,2,0.968750,0.863101,否,,,
1584,train,train/images/nozzle_extrusion_normal_1175.jpg,train,train/images/nozzle_extrusion_normal_1242.jpg,否,6,0.906250,0.863046,否,,,
1585,train,train/images/nozzle_tip_wrapped_0230.jpg,train,train/images/nozzle_tip_wrapped_0231.jpg,否,6,0.906250,0.863043,否,,,
1586,test,test/images/nozzle_no_extrusion_0384.jpg,train,train/images/nozzle_no_extrusion_0443.jpg,是,2,0.968750,0.862995,否,,,
1587,train,train/images/nozzle_no_extrusion_0249.jpg,train,train/images/nozzle_no_extrusion_0750.jpg,否,2,0.968750,0.862982,否,,,
1588,val,val/images/nozzle_extrusion_normal_0305.jpg,val,val/images/nozzle_extrusion_normal_0338.jpg,否,2,0.968750,0.862973,否,,,
1589,test,test/images/nozzle_extrusion_normal_0582.jpg,train,train/images/nozzle_extrusion_normal_0538.jpg,是,6,0.906250,0.862947,否,,,
1590,train,train/images/nozzle_no_extrusion_0452.jpg,val,val/images/nozzle_no_extrusion_0447.jpg,是,2,0.968750,0.862945,否,,,
1591,train,train/images/nozzle_extrusion_normal_0511.jpg,val,val/images/nozzle_extrusion_normal_0429.jpg,是,4,0.937500,0.862902,否,,,
1592,test,test/images/nozzle_extrusion_normal_0962.jpg,test,test/images/nozzle_extrusion_normal_0983.jpg,否,6,0.906250,0.862892,否,,,
1593,train,train/images/nozzle_extrusion_normal_0442.jpg,val,val/images/nozzle_extrusion_normal_0403.jpg,是,4,0.937500,0.862861,否,,,
1594,train,train/images/nozzle_no_extrusion_0206.jpg,train,train/images/nozzle_no_extrusion_0273.jpg,否,4,0.937500,0.862844,否,,,
1595,train,train/images/nozzle_no_extrusion_0223.jpg,val,val/images/nozzle_no_extrusion_0301.jpg,是,2,0.968750,0.862840,否,,,
1596,train,train/images/nozzle_no_extrusion_0647.jpg,val,val/images/nozzle_no_extrusion_0233.jpg,是,4,0.937500,0.862812,否,,,
1597,train,train/images/nozzle_no_extrusion_0426.jpg,train,train/images/nozzle_no_extrusion_0430.jpg,否,0,1.000000,0.862793,否,,,
1598,train,train/images/nozzle_extrusion_normal_1056.jpg,train,train/images/nozzle_extrusion_normal_1100.jpg,否,2,0.968750,0.862762,否,,,
1599,test,test/images/nozzle_extrusion_normal_0431.jpg,train,train/images/nozzle_extrusion_normal_0513.jpg,是,6,0.906250,0.862678,否,,,
1600,test,test/images/nozzle_tip_wrapped_0304.jpg,train,train/images/nozzle_tip_wrapped_0310.jpg,是,6,0.906250,0.862672,否,,,
1601,train,train/images/nozzle_extrusion_normal_1027.jpg,train,train/images/nozzle_extrusion_normal_1091.jpg,否,6,0.906250,0.862651,否,,,
1602,train,train/images/nozzle_extrusion_normal_0988.jpg,val,val/images/nozzle_extrusion_normal_0967.jpg,是,4,0.937500,0.862591,否,,,
1603,train,train/images/nozzle_extrusion_normal_0951.jpg,train,train/images/nozzle_extrusion_normal_0993.jpg,否,6,0.906250,0.862500,否,,,
1604,test,test/images/nozzle_extrusion_normal_1084.jpg,train,train/images/nozzle_extrusion_normal_1061.jpg,是,4,0.937500,0.862495,否,,,
1605,train,train/images/nozzle_no_extrusion_0841.jpg,train,train/images/nozzle_no_extrusion_0842.jpg,否,0,1.000000,0.862489,否,,,
1606,train,train/images/nozzle_tip_wrapped_0038.jpg,val,val/images/nozzle_tip_wrapped_0037.jpg,是,6,0.906250,0.862412,否,,,
1607,train,train/images/nozzle_no_extrusion_0239.jpg,train,train/images/nozzle_no_extrusion_0278.jpg,否,0,1.000000,0.862406,否,,,
1608,test,test/images/nozzle_extrusion_normal_0178.jpg,train,train/images/nozzle_extrusion_normal_0229.jpg,是,2,0.968750,0.862361,否,,,
1609,test,test/images/nozzle_no_extrusion_0595.jpg,train,train/images/nozzle_no_extrusion_0585.jpg,是,2,0.968750,0.862354,否,,,
1610,test,test/images/nozzle_extrusion_normal_1077.jpg,train,train/images/nozzle_extrusion_normal_1148.jpg,是,6,0.906250,0.862320,否,,,
1611,train,train/images/nozzle_no_extrusion_0205.jpg,train,train/images/nozzle_no_extrusion_0317.jpg,否,6,0.906250,0.862307,否,,,
1612,test,test/images/nozzle_no_extrusion_0384.jpg,train,train/images/nozzle_no_extrusion_0604.jpg,是,2,0.968750,0.862216,否,,,
1613,test,test/images/nozzle_extrusion_normal_1076.jpg,train,train/images/nozzle_extrusion_normal_1012.jpg,是,4,0.937500,0.862215,否,,,
1614,train,train/images/nozzle_extrusion_normal_0378.jpg,train,train/images/nozzle_extrusion_normal_0419.jpg,否,2,0.968750,0.862206,否,,,
1615,train,train/images/nozzle_extrusion_normal_0337.jpg,train,train/images/nozzle_extrusion_normal_0373.jpg,否,2,0.968750,0.862201,否,,,
1616,train,train/images/nozzle_tip_wrapped_0449.jpg,train,train/images/nozzle_tip_wrapped_0450.jpg,否,4,0.937500,0.862181,否,,,
1617,test,test/images/nozzle_no_extrusion_0384.jpg,train,train/images/nozzle_no_extrusion_0445.jpg,是,2,0.968750,0.862155,否,,,
1618,train,train/images/nozzle_tip_wrapped_1058.jpg,train,train/images/nozzle_tip_wrapped_1071.jpg,否,2,0.968750,0.862139,否,,,
1619,val,val/images/nozzle_extrusion_normal_0258.jpg,val,val/images/nozzle_extrusion_normal_0275.jpg,否,6,0.906250,0.862136,否,,,
1620,test,test/images/nozzle_extrusion_normal_0862.jpg,train,train/images/nozzle_extrusion_normal_0845.jpg,是,2,0.968750,0.862130,否,,,
1621,test,test/images/nozzle_extrusion_normal_1033.jpg,test,test/images/nozzle_extrusion_normal_1099.jpg,否,6,0.906250,0.862100,否,,,
1622,train,train/images/nozzle_extrusion_normal_0408.jpg,train,train/images/nozzle_extrusion_normal_0447.jpg,否,0,1.000000,0.862073,否,,,
1623,train,train/images/nozzle_no_extrusion_0161.jpg,train,train/images/nozzle_no_extrusion_0207.jpg,否,2,0.968750,0.862057,否,,,
1624,train,train/images/nozzle_no_extrusion_0256.jpg,train,train/images/nozzle_no_extrusion_0334.jpg,否,4,0.937500,0.862051,否,,,
1625,train,train/images/nozzle_tip_wrapped_0638.jpg,val,val/images/nozzle_tip_wrapped_0636.jpg,是,4,0.937500,0.862039,否,,,
1626,train,train/images/nozzle_no_extrusion_0362.jpg,val,val/images/nozzle_no_extrusion_0208.jpg,是,2,0.968750,0.861996,否,,,
1627,train,train/images/nozzle_no_extrusion_0558.jpg,train,train/images/nozzle_no_extrusion_0750.jpg,否,4,0.937500,0.861910,否,,,
1628,train,train/images/nozzle_extrusion_normal_1086.jpg,train,train/images/nozzle_extrusion_normal_1133.jpg,否,6,0.906250,0.861893,否,,,
1629,test,test/images/nozzle_extrusion_normal_1077.jpg,test,test/images/nozzle_extrusion_normal_1099.jpg,否,6,0.906250,0.861892,否,,,
1630,train,train/images/nozzle_no_extrusion_0232.jpg,train,train/images/nozzle_no_extrusion_0457.jpg,否,2,0.968750,0.861831,否,,,
1631,train,train/images/nozzle_extrusion_normal_0956.jpg,train,train/images/nozzle_extrusion_normal_0958.jpg,否,6,0.906250,0.861825,否,,,
1632,train,train/images/nozzle_no_extrusion_0551.jpg,train,train/images/nozzle_no_extrusion_0555.jpg,否,2,0.968750,0.861804,否,,,
1633,train,train/images/nozzle_extrusion_normal_0948.jpg,train,train/images/nozzle_extrusion_normal_0968.jpg,否,4,0.937500,0.861802,否,,,
1634,train,train/images/nozzle_no_extrusion_0333.jpg,val,val/images/nozzle_no_extrusion_0328.jpg,是,2,0.968750,0.861800,否,,,
1635,train,train/images/nozzle_no_extrusion_0493.jpg,val,val/images/nozzle_no_extrusion_0483.jpg,是,2,0.968750,0.861781,否,,,
1636,test,test/images/nozzle_no_extrusion_0614.jpg,train,train/images/nozzle_no_extrusion_0306.jpg,是,2,0.968750,0.861772,否,,,
1637,train,train/images/nozzle_extrusion_normal_0536.jpg,train,train/images/nozzle_extrusion_normal_0579.jpg,否,4,0.937500,0.861606,否,,,
1638,train,train/images/nozzle_tip_wrapped_1225.jpg,train,train/images/nozzle_tip_wrapped_1236.jpg,否,6,0.906250,0.861592,否,,,
1639,train,train/images/nozzle_extrusion_normal_1173.jpg,train,train/images/nozzle_extrusion_normal_1174.jpg,否,6,0.906250,0.861558,否,,,
1640,train,train/images/nozzle_extrusion_normal_1118.jpg,train,train/images/nozzle_extrusion_normal_1141.jpg,否,6,0.906250,0.861522,否,,,
1641,train,train/images/nozzle_extrusion_normal_1183.jpg,val,val/images/nozzle_extrusion_normal_1158.jpg,是,2,0.968750,0.861496,否,,,
1642,train,train/images/nozzle_no_extrusion_0457.jpg,train,train/images/nozzle_no_extrusion_0458.jpg,否,2,0.968750,0.861443,否,,,
1643,train,train/images/nozzle_tip_wrapped_0305.jpg,train,train/images/nozzle_tip_wrapped_0306.jpg,否,6,0.906250,0.861437,否,,,
1644,train,train/images/nozzle_tip_wrapped_0055.jpg,train,train/images/nozzle_tip_wrapped_0056.jpg,否,4,0.937500,0.861429,否,,,
1645,test,test/images/nozzle_extrusion_normal_1245.jpg,test,test/images/nozzle_extrusion_normal_1272.jpg,否,2,0.968750,0.861402,否,,,
1646,test,test/images/nozzle_no_extrusion_0348.jpg,train,train/images/nozzle_no_extrusion_0657.jpg,是,4,0.937500,0.861386,否,,,
1647,train,train/images/nozzle_extrusion_normal_0355.jpg,train,train/images/nozzle_extrusion_normal_0395.jpg,否,4,0.937500,0.861379,否,,,
1648,test,test/images/nozzle_extrusion_normal_1123.jpg,train,train/images/nozzle_extrusion_normal_1173.jpg,是,6,0.906250,0.861277,否,,,
1649,train,train/images/nozzle_no_extrusion_0385.jpg,train,train/images/nozzle_no_extrusion_0457.jpg,否,4,0.937500,0.861248,否,,,
1650,train,train/images/nozzle_extrusion_normal_0552.jpg,train,train/images/nozzle_extrusion_normal_0594.jpg,否,6,0.906250,0.861228,否,,,
1651,test,test/images/nozzle_extrusion_normal_1095.jpg,train,train/images/nozzle_extrusion_normal_1118.jpg,是,0,1.000000,0.861195,否,,,
1652,train,train/images/nozzle_tip_wrapped_0072.jpg,train,train/images/nozzle_tip_wrapped_0075.jpg,否,6,0.906250,0.861179,否,,,
1653,test,test/images/nozzle_extrusion_normal_1123.jpg,val,val/images/nozzle_extrusion_normal_1013.jpg,是,6,0.906250,0.861155,否,,,
1654,train,train/images/nozzle_extrusion_normal_1147.jpg,train,train/images/nozzle_extrusion_normal_1200.jpg,否,6,0.906250,0.861151,否,,,
1655,test,test/images/nozzle_extrusion_normal_0137.jpg,train,train/images/nozzle_extrusion_normal_0117.jpg,是,4,0.937500,0.861135,否,,,
1656,train,train/images/nozzle_extrusion_normal_0117.jpg,train,train/images/nozzle_extrusion_normal_0205.jpg,否,6,0.906250,0.861036,否,,,
1657,train,train/images/nozzle_extrusion_normal_0372.jpg,train,train/images/nozzle_extrusion_normal_0412.jpg,否,4,0.937500,0.861032,否,,,
1658,train,train/images/nozzle_extrusion_normal_0341.jpg,val,val/images/nozzle_extrusion_normal_0376.jpg,是,4,0.937500,0.861032,否,,,
1659,train,train/images/nozzle_extrusion_normal_1072.jpg,val,val/images/nozzle_extrusion_normal_1096.jpg,是,6,0.906250,0.860880,否,,,
1660,test,test/images/nozzle_tip_wrapped_0316.jpg,train,train/images/nozzle_tip_wrapped_0315.jpg,是,6,0.906250,0.860793,否,,,
1661,train,train/images/nozzle_no_extrusion_0657.jpg,val,val/images/nozzle_no_extrusion_0872.jpg,是,4,0.937500,0.860717,否,,,
1662,train,train/images/nozzle_extrusion_normal_1021.jpg,val,val/images/nozzle_extrusion_normal_0998.jpg,是,4,0.937500,0.860661,否,,,
1663,train,train/images/nozzle_extrusion_normal_0447.jpg,train,train/images/nozzle_extrusion_normal_0488.jpg,否,2,0.968750,0.860631,否,,,
1664,train,train/images/nozzle_extrusion_normal_1050.jpg,train,train/images/nozzle_extrusion_normal_1072.jpg,否,4,0.937500,0.860622,否,,,
1665,test,test/images/nozzle_no_extrusion_0575.jpg,train,train/images/nozzle_no_extrusion_0558.jpg,是,4,0.937500,0.860593,否,,,
1666,test,test/images/nozzle_extrusion_normal_1068.jpg,val,val/images/nozzle_extrusion_normal_1113.jpg,是,4,0.937500,0.860478,否,,,
1667,train,train/images/nozzle_extrusion_normal_0460.jpg,train,train/images/nozzle_extrusion_normal_0501.jpg,否,4,0.937500,0.860450,否,,,
1668,train,train/images/nozzle_tip_wrapped_1068.jpg,train,train/images/nozzle_tip_wrapped_1081.jpg,否,4,0.937500,0.860425,否,,,
1669,test,test/images/nozzle_no_extrusion_0304.jpg,train,train/images/nozzle_no_extrusion_0230.jpg,是,4,0.937500,0.860423,否,,,
1670,train,train/images/nozzle_no_extrusion_0267.jpg,train,train/images/nozzle_no_extrusion_0346.jpg,否,4,0.937500,0.860420,否,,,
1671,train,train/images/nozzle_extrusion_normal_1116.jpg,train,train/images/nozzle_extrusion_normal_1139.jpg,否,4,0.937500,0.860416,否,,,
1672,train,train/images/nozzle_extrusion_normal_0045.jpg,val,val/images/nozzle_extrusion_normal_0050.jpg,是,6,0.906250,0.860361,否,,,
1673,test,test/images/nozzle_tip_wrapped_0050.jpg,train,train/images/nozzle_tip_wrapped_0049.jpg,是,4,0.937500,0.860313,否,,,
1674,train,train/images/nozzle_no_extrusion_0321.jpg,val,val/images/nozzle_no_extrusion_0208.jpg,是,2,0.968750,0.860305,否,,,
1675,train,train/images/nozzle_tip_wrapped_0258.jpg,train,train/images/nozzle_tip_wrapped_0259.jpg,否,4,0.937500,0.860271,否,,,
1676,test,test/images/nozzle_extrusion_normal_0982.jpg,val,val/images/nozzle_extrusion_normal_0941.jpg,是,4,0.937500,0.860256,否,,,
1677,test,test/images/nozzle_no_extrusion_0221.jpg,train,train/images/nozzle_no_extrusion_0189.jpg,是,2,0.968750,0.860223,否,,,
1678,train,train/images/nozzle_extrusion_normal_0968.jpg,train,train/images/nozzle_extrusion_normal_0989.jpg,否,4,0.937500,0.860205,否,,,
1679,test,test/images/nozzle_extrusion_normal_0937.jpg,train,train/images/nozzle_extrusion_normal_1000.jpg,是,6,0.906250,0.860170,否,,,
1680,train,train/images/nozzle_no_extrusion_0247.jpg,val,val/images/nozzle_no_extrusion_0208.jpg,是,2,0.968750,0.860156,否,,,
1681,train,train/images/nozzle_extrusion_normal_0561.jpg,train,train/images/nozzle_extrusion_normal_0604.jpg,否,4,0.937500,0.860137,否,,,
1682,train,train/images/nozzle_extrusion_normal_0373.jpg,train,train/images/nozzle_extrusion_normal_0413.jpg,否,4,0.937500,0.860121,否,,,
1683,train,train/images/nozzle_no_extrusion_0231.jpg,train,train/images/nozzle_no_extrusion_0267.jpg,否,2,0.968750,0.860002,否,,,
1684,train,train/images/nozzle_extrusion_normal_0373.jpg,train,train/images/nozzle_extrusion_normal_0414.jpg,否,6,0.906250,0.859975,否,,,
1685,train,train/images/nozzle_extrusion_normal_1047.jpg,val,val/images/nozzle_extrusion_normal_1006.jpg,是,4,0.937500,0.859959,否,,,
1686,test,test/images/nozzle_no_extrusion_0246.jpg,val,val/images/nozzle_no_extrusion_0271.jpg,是,2,0.968750,0.859913,否,,,
1687,train,train/images/nozzle_extrusion_normal_0809.jpg,train,train/images/nozzle_extrusion_normal_0827.jpg,否,4,0.937500,0.859895,否,,,
1688,test,test/images/nozzle_no_extrusion_0335.jpg,val,val/images/nozzle_no_extrusion_0295.jpg,是,4,0.937500,0.859892,否,,,
1689,train,train/images/nozzle_no_extrusion_0287.jpg,train,train/images/nozzle_no_extrusion_0292.jpg,否,2,0.968750,0.859890,否,,,
1690,train,train/images/nozzle_extrusion_normal_0626.jpg,train,train/images/nozzle_extrusion_normal_0668.jpg,否,6,0.906250,0.859883,否,,,
1691,train,train/images/nozzle_no_extrusion_0752.jpg,train,train/images/nozzle_no_extrusion_0753.jpg,否,4,0.937500,0.859848,否,,,
1692,train,train/images/nozzle_no_extrusion_0324.jpg,train,train/images/nozzle_no_extrusion_0365.jpg,否,4,0.937500,0.859828,否,,,
1693,train,train/images/nozzle_extrusion_normal_0337.jpg,val,val/images/nozzle_extrusion_normal_0304.jpg,是,2,0.968750,0.859812,否,,,
1694,test,test/images/nozzle_tip_wrapped_1220.jpg,train,train/images/nozzle_tip_wrapped_1232.jpg,是,6,0.906250,0.859765,否,,,
1695,test,test/images/nozzle_no_extrusion_0244.jpg,train,train/images/nozzle_no_extrusion_0358.jpg,是,2,0.968750,0.859715,否,,,
1696,train,train/images/nozzle_no_extrusion_0214.jpg,train,train/images/nozzle_no_extrusion_0287.jpg,否,2,0.968750,0.859710,否,,,
1697,test,test/images/nozzle_extrusion_normal_0453.jpg,train,train/images/nozzle_extrusion_normal_0414.jpg,是,6,0.906250,0.859680,否,,,
1698,train,train/images/nozzle_extrusion_normal_1375.jpg,train,train/images/nozzle_extrusion_normal_1400.jpg,否,4,0.937500,0.859602,否,,,
1699,test,test/images/nozzle_extrusion_normal_0955.jpg,train,train/images/nozzle_extrusion_normal_1022.jpg,是,6,0.906250,0.859589,否,,,
1700,train,train/images/nozzle_extrusion_normal_0405.jpg,val,val/images/nozzle_extrusion_normal_0329.jpg,是,4,0.937500,0.859567,否,,,
1701,train,train/images/nozzle_no_extrusion_0385.jpg,train,train/images/nozzle_no_extrusion_0413.jpg,否,4,0.937500,0.859508,否,,,
1702,test,test/images/nozzle_extrusion_normal_0973.jpg,train,train/images/nozzle_extrusion_normal_0952.jpg,是,2,0.968750,0.859478,否,,,
1703,test,test/images/nozzle_extrusion_normal_0901.jpg,train,train/images/nozzle_extrusion_normal_0899.jpg,是,6,0.906250,0.859471,否,,,
1704,train,train/images/nozzle_extrusion_normal_0887.jpg,val,val/images/nozzle_extrusion_normal_0908.jpg,是,4,0.937500,0.859424,否,,,
1705,train,train/images/nozzle_extrusion_normal_0489.jpg,train,train/images/nozzle_extrusion_normal_0533.jpg,否,4,0.937500,0.859384,否,,,
1706,test,test/images/nozzle_tip_wrapped_0443.jpg,val,val/images/nozzle_tip_wrapped_0444.jpg,是,6,0.906250,0.859377,否,,,
1707,test,test/images/nozzle_extrusion_normal_0327.jpg,val,val/images/nozzle_extrusion_normal_0403.jpg,是,6,0.906250,0.859337,否,,,
1708,test,test/images/nozzle_extrusion_normal_0347.jpg,train,train/images/nozzle_extrusion_normal_0313.jpg,是,2,0.968750,0.859318,否,,,
1709,train,train/images/nozzle_no_extrusion_0337.jpg,val,val/images/nozzle_no_extrusion_0181.jpg,是,2,0.968750,0.859295,否,,,
1710,train,train/images/nozzle_tip_wrapped_0319.jpg,train,train/images/nozzle_tip_wrapped_0320.jpg,否,4,0.937500,0.859283,否,,,
1711,train,train/images/nozzle_extrusion_normal_0537.jpg,train,train/images/nozzle_extrusion_normal_0580.jpg,否,6,0.906250,0.859230,否,,,
1712,train,train/images/nozzle_tip_wrapped_0476.jpg,val,val/images/nozzle_tip_wrapped_0477.jpg,是,4,0.937500,0.859225,否,,,
1713,val,val/images/nozzle_no_extrusion_0233.jpg,val,val/images/nozzle_no_extrusion_0872.jpg,否,6,0.906250,0.859220,否,,,
1714,train,train/images/nozzle_extrusion_normal_1048.jpg,train,train/images/nozzle_extrusion_normal_1116.jpg,否,6,0.906250,0.859214,否,,,
1715,test,test/images/nozzle_no_extrusion_0384.jpg,train,train/images/nozzle_no_extrusion_0594.jpg,是,2,0.968750,0.859158,否,,,
1716,test,test/images/nozzle_extrusion_normal_1076.jpg,train,train/images/nozzle_extrusion_normal_0992.jpg,是,2,0.968750,0.859117,否,,,
1717,train,train/images/nozzle_extrusion_normal_0851.jpg,train,train/images/nozzle_extrusion_normal_0868.jpg,否,2,0.968750,0.859110,否,,,
1718,train,train/images/nozzle_extrusion_normal_0328.jpg,train,train/images/nozzle_extrusion_normal_0404.jpg,否,4,0.937500,0.859107,否,,,
1719,test,test/images/nozzle_extrusion_normal_0863.jpg,train,train/images/nozzle_extrusion_normal_0844.jpg,是,2,0.968750,0.859099,否,,,
1720,train,train/images/nozzle_no_extrusion_0663.jpg,train,train/images/nozzle_no_extrusion_0914.jpg,否,2,0.968750,0.859067,否,,,
1721,train,train/images/nozzle_extrusion_normal_0546.jpg,val,val/images/nozzle_extrusion_normal_0588.jpg,是,6,0.906250,0.859059,否,,,
1722,train,train/images/nozzle_no_extrusion_0296.jpg,train,train/images/nozzle_no_extrusion_0336.jpg,否,6,0.906250,0.859039,否,,,
1723,train,train/images/nozzle_no_extrusion_0203.jpg,train,train/images/nozzle_no_extrusion_0242.jpg,否,0,1.000000,0.859035,否,,,
1724,val,val/images/nozzle_no_extrusion_0222.jpg,val,val/images/nozzle_no_extrusion_0381.jpg,否,2,0.968750,0.859008,否,,,
1725,train,train/images/nozzle_extrusion_normal_0496.jpg,train,train/images/nozzle_extrusion_normal_0539.jpg,否,0,1.000000,0.858999,否,,,
1726,test,test/images/nozzle_extrusion_normal_1099.jpg,train,train/images/nozzle_extrusion_normal_1174.jpg,是,6,0.906250,0.858945,否,,,
1727,test,test/images/nozzle_extrusion_normal_1123.jpg,train,train/images/nozzle_extrusion_normal_1054.jpg,是,6,0.906250,0.858925,否,,,
1728,train,train/images/nozzle_extrusion_normal_0833.jpg,train,train/images/nozzle_extrusion_normal_0869.jpg,否,2,0.968750,0.858888,否,,,
1729,train,train/images/nozzle_extrusion_normal_0265.jpg,val,val/images/nozzle_extrusion_normal_0296.jpg,是,2,0.968750,0.858871,否,,,
1730,train,train/images/nozzle_tip_wrapped_0278.jpg,train,train/images/nozzle_tip_wrapped_0279.jpg,否,2,0.968750,0.858828,否,,,
1731,train,train/images/nozzle_extrusion_normal_1124.jpg,train,train/images/nozzle_extrusion_normal_1174.jpg,否,4,0.937500,0.858792,否,,,
1732,train,train/images/nozzle_no_extrusion_0306.jpg,train,train/images/nozzle_no_extrusion_0470.jpg,否,2,0.968750,0.858792,否,,,
1733,train,train/images/nozzle_extrusion_normal_0461.jpg,train,train/images/nozzle_extrusion_normal_0502.jpg,否,2,0.968750,0.858765,否,,,
1734,train,train/images/nozzle_tip_wrapped_0274.jpg,train,train/images/nozzle_tip_wrapped_0275.jpg,否,4,0.937500,0.858757,否,,,
1735,train,train/images/nozzle_extrusion_normal_0543.jpg,train,train/images/nozzle_extrusion_normal_0585.jpg,否,4,0.937500,0.858678,否,,,
1736,test,test/images/nozzle_no_extrusion_0595.jpg,train,train/images/nozzle_no_extrusion_0594.jpg,是,2,0.968750,0.858663,否,,,
1737,test,test/images/nozzle_tip_wrapped_0177.jpg,val,val/images/nozzle_tip_wrapped_0178.jpg,是,6,0.906250,0.858641,否,,,
1738,train,train/images/nozzle_tip_wrapped_0254.jpg,train,train/images/nozzle_tip_wrapped_0256.jpg,否,4,0.937500,0.858583,否,,,
1739,train,train/images/nozzle_extrusion_normal_0534.jpg,val,val/images/nozzle_extrusion_normal_0577.jpg,是,4,0.937500,0.858531,否,,,
1740,train,train/images/nozzle_extrusion_normal_0939.jpg,val,val/images/nozzle_extrusion_normal_0980.jpg,是,6,0.906250,0.858480,否,,,
1741,train,train/images/nozzle_no_extrusion_0174.jpg,val,val/images/nozzle_no_extrusion_0367.jpg,是,2,0.968750,0.858476,否,,,
1742,train,train/images/nozzle_no_extrusion_0352.jpg,train,train/images/nozzle_no_extrusion_0358.jpg,否,2,0.968750,0.858468,否,,,
1743,test,test/images/nozzle_no_extrusion_0221.jpg,val,val/images/nozzle_no_extrusion_0258.jpg,是,2,0.968750,0.858388,否,,,
1744,train,train/images/nozzle_extrusion_normal_0425.jpg,val,val/images/nozzle_extrusion_normal_0465.jpg,是,6,0.906250,0.858351,否,,,
1745,train,train/images/nozzle_extrusion_normal_0993.jpg,val,val/images/nozzle_extrusion_normal_1055.jpg,是,4,0.937500,0.858347,否,,,
1746,train,train/images/nozzle_extrusion_normal_1148.jpg,train,train/images/nozzle_extrusion_normal_1173.jpg,否,6,0.906250,0.858333,否,,,
1747,test,test/images/nozzle_extrusion_normal_0333.jpg,train,train/images/nozzle_extrusion_normal_0299.jpg,是,6,0.906250,0.858329,否,,,
1748,train,train/images/nozzle_extrusion_normal_0396.jpg,train,train/images/nozzle_extrusion_normal_0435.jpg,否,4,0.937500,0.858321,否,,,
1749,train,train/images/nozzle_no_extrusion_0269.jpg,train,train/images/nozzle_no_extrusion_0647.jpg,否,4,0.937500,0.858300,否,,,
1750,train,train/images/nozzle_extrusion_normal_0369.jpg,train,train/images/nozzle_extrusion_normal_0409.jpg,否,4,0.937500,0.858271,否,,,
1751,test,test/images/nozzle_extrusion_normal_0420.jpg,train,train/images/nozzle_extrusion_normal_0459.jpg,是,6,0.906250,0.858192,否,,,
1752,train,train/images/nozzle_extrusion_normal_0972.jpg,val,val/images/nozzle_extrusion_normal_1013.jpg,是,6,0.906250,0.858188,否,,,
1753,train,train/images/nozzle_extrusion_normal_0308.jpg,train,train/images/nozzle_extrusion_normal_0342.jpg,否,6,0.906250,0.858160,否,,,
1754,test,test/images/nozzle_extrusion_normal_0433.jpg,val,val/images/nozzle_extrusion_normal_0394.jpg,是,2,0.968750,0.858107,否,,,
1755,test,test/images/nozzle_tip_wrapped_0207.jpg,val,val/images/nozzle_tip_wrapped_0210.jpg,是,4,0.937500,0.858102,否,,,
1756,test,test/images/nozzle_no_extrusion_0221.jpg,test,test/images/nozzle_no_extrusion_0229.jpg,否,2,0.968750,0.858096,否,,,
1757,train,train/images/nozzle_no_extrusion_0275.jpg,train,train/images/nozzle_no_extrusion_0354.jpg,否,0,1.000000,0.858061,否,,,
1758,test,test/images/nozzle_extrusion_normal_1005.jpg,train,train/images/nozzle_extrusion_normal_1046.jpg,是,4,0.937500,0.858057,否,,,
1759,train,train/images/nozzle_extrusion_normal_1162.jpg,val,val/images/nozzle_extrusion_normal_1113.jpg,是,2,0.968750,0.858012,否,,,
1760,train,train/images/nozzle_extrusion_normal_0442.jpg,train,train/images/nozzle_extrusion_normal_0483.jpg,否,4,0.937500,0.857989,否,,,
1761,test,test/images/nozzle_extrusion_normal_0907.jpg,val,val/images/nozzle_extrusion_normal_0944.jpg,是,4,0.937500,0.857955,否,,,
1762,test,test/images/nozzle_extrusion_normal_0487.jpg,train,train/images/nozzle_extrusion_normal_0446.jpg,是,2,0.968750,0.857906,否,,,
1763,train,train/images/nozzle_no_extrusion_0251.jpg,val,val/images/nozzle_no_extrusion_0328.jpg,是,2,0.968750,0.857864,否,,,
1764,test,test/images/nozzle_no_extrusion_0595.jpg,train,train/images/nozzle_no_extrusion_0231.jpg,是,4,0.937500,0.857838,否,,,
1765,train,train/images/nozzle_extrusion_normal_0837.jpg,train,train/images/nozzle_extrusion_normal_0855.jpg,否,2,0.968750,0.857817,否,,,
1766,train,train/images/nozzle_extrusion_normal_0513.jpg,train,train/images/nozzle_extrusion_normal_0556.jpg,否,4,0.937500,0.857810,否,,,
1767,train,train/images/nozzle_extrusion_normal_0833.jpg,val,val/images/nozzle_extrusion_normal_0816.jpg,是,4,0.937500,0.857730,否,,,
1768,train,train/images/nozzle_no_extrusion_0586.jpg,train,train/images/nozzle_no_extrusion_0593.jpg,否,0,1.000000,0.857726,否,,,
1769,test,test/images/nozzle_no_extrusion_0384.jpg,test,test/images/nozzle_no_extrusion_0442.jpg,否,2,0.968750,0.857682,否,,,
1770,train,train/images/nozzle_extrusion_normal_0097.jpg,train,train/images/nozzle_extrusion_normal_0115.jpg,否,2,0.968750,0.857664,否,,,
1771,train,train/images/nozzle_extrusion_normal_1054.jpg,train,train/images/nozzle_extrusion_normal_1091.jpg,否,6,0.906250,0.857560,否,,,
1772,train,train/images/nozzle_no_extrusion_0495.jpg,train,train/images/nozzle_no_extrusion_0886.jpg,否,4,0.937500,0.857539,否,,,
1773,train,train/images/nozzle_no_extrusion_0313.jpg,val,val/images/nozzle_no_extrusion_0201.jpg,是,0,1.000000,0.857505,否,,,
1774,train,train/images/nozzle_extrusion_normal_0512.jpg,train,train/images/nozzle_extrusion_normal_0555.jpg,否,6,0.906250,0.857490,否,,,
1775,train,train/images/nozzle_extrusion_normal_0975.jpg,train,train/images/nozzle_extrusion_normal_0996.jpg,否,2,0.968750,0.857480,否,,,
1776,train,train/images/nozzle_extrusion_normal_0354.jpg,val,val/images/nozzle_extrusion_normal_0394.jpg,是,0,1.000000,0.857449,否,,,
1777,train,train/images/nozzle_no_extrusion_0361.jpg,val,val/images/nozzle_no_extrusion_0349.jpg,是,0,1.000000,0.857438,否,,,
1778,test,test/images/nozzle_extrusion_normal_1038.jpg,train,train/images/nozzle_extrusion_normal_1019.jpg,是,6,0.906250,0.857435,否,,,
1779,train,train/images/nozzle_tip_wrapped_0046.jpg,train,train/images/nozzle_tip_wrapped_0049.jpg,否,6,0.906250,0.857381,否,,,
1780,val,val/images/nozzle_extrusion_normal_1039.jpg,val,val/images/nozzle_extrusion_normal_1062.jpg,否,2,0.968750,0.857371,否,,,
1781,test,test/images/nozzle_extrusion_normal_0582.jpg,train,train/images/nozzle_extrusion_normal_0539.jpg,是,2,0.968750,0.857350,否,,,
1782,train,train/images/nozzle_tip_wrapped_0257.jpg,train,train/images/nozzle_tip_wrapped_0258.jpg,否,4,0.937500,0.857344,否,,,
1783,train,train/images/nozzle_extrusion_normal_0298.jpg,train,train/images/nozzle_extrusion_normal_0332.jpg,否,4,0.937500,0.857291,否,,,
1784,test,test/images/nozzle_extrusion_normal_0955.jpg,val,val/images/nozzle_extrusion_normal_0997.jpg,是,6,0.906250,0.857271,否,,,
1785,val,val/images/nozzle_no_extrusion_0152.jpg,val,val/images/nozzle_no_extrusion_0900.jpg,否,2,0.968750,0.857211,否,,,
1786,test,test/images/nozzle_extrusion_normal_0945.jpg,train,train/images/nozzle_extrusion_normal_0965.jpg,是,2,0.968750,0.857207,否,,,
1787,test,test/images/nozzle_extrusion_normal_0368.jpg,train,train/images/nozzle_extrusion_normal_0408.jpg,是,2,0.968750,0.857207,否,,,
1788,train,train/images/nozzle_no_extrusion_0481.jpg,train,train/images/nozzle_no_extrusion_0482.jpg,否,2,0.968750,0.857126,否,,,
1789,train,train/images/nozzle_no_extrusion_0223.jpg,train,train/images/nozzle_no_extrusion_0340.jpg,否,2,0.968750,0.857123,否,,,
1790,train,train/images/nozzle_extrusion_normal_1322.jpg,train,train/images/nozzle_extrusion_normal_1348.jpg,否,4,0.937500,0.857036,否,,,
1791,train,train/images/nozzle_extrusion_normal_1174.jpg,train,train/images/nozzle_extrusion_normal_1228.jpg,否,6,0.906250,0.857019,否,,,
1792,train,train/images/nozzle_no_extrusion_0889.jpg,val,val/images/nozzle_no_extrusion_0152.jpg,是,2,0.968750,0.857004,否,,,
1793,train,train/images/nozzle_extrusion_normal_0988.jpg,train,train/images/nozzle_extrusion_normal_1008.jpg,否,6,0.906250,0.856967,否,,,
1794,test,test/images/nozzle_heavy_contamination_0018.jpg,train,train/images/nozzle_heavy_contamination_0019.jpg,是,6,0.906250,0.856908,否,,,
1795,train,train/images/nozzle_extrusion_normal_0486.jpg,val,val/images/nozzle_extrusion_normal_0445.jpg,是,4,0.937500,0.856836,否,,,
1796,test,test/images/nozzle_extrusion_normal_1125.jpg,train,train/images/nozzle_extrusion_normal_1175.jpg,是,6,0.906250,0.856826,否,,,
1797,train,train/images/nozzle_no_extrusion_0684.jpg,train,train/images/nozzle_no_extrusion_0686.jpg,否,2,0.968750,0.856825,否,,,
1798,train,train/images/nozzle_no_extrusion_0205.jpg,train,train/images/nozzle_no_extrusion_0273.jpg,否,2,0.968750,0.856790,否,,,
1799,train,train/images/nozzle_extrusion_normal_0550.jpg,train,train/images/nozzle_extrusion_normal_0592.jpg,否,6,0.906250,0.856765,否,,,
1800,train,train/images/nozzle_tip_wrapped_0046.jpg,train,train/images/nozzle_tip_wrapped_0047.jpg,否,6,0.906250,0.856731,否,,,
1801,train,train/images/nozzle_no_extrusion_0793.jpg,train,train/images/nozzle_no_extrusion_0797.jpg,否,2,0.968750,0.856714,否,,,
1802,test,test/images/nozzle_extrusion_normal_1028.jpg,train,train/images/nozzle_extrusion_normal_1139.jpg,是,6,0.906250,0.856643,否,,,
1803,train,train/images/nozzle_no_extrusion_0190.jpg,train,train/images/nozzle_no_extrusion_0345.jpg,否,4,0.937500,0.856629,否,,,
1804,train,train/images/nozzle_extrusion_normal_1043.jpg,val,val/images/nozzle_extrusion_normal_1002.jpg,是,4,0.937500,0.856614,否,,,
1805,train,train/images/nozzle_no_extrusion_0307.jpg,train,train/images/nozzle_no_extrusion_0647.jpg,否,4,0.937500,0.856613,否,,,
1806,train,train/images/nozzle_no_extrusion_0068.jpg,val,val/images/nozzle_no_extrusion_0012.jpg,是,2,0.968750,0.856530,否,,,
1807,train,train/images/nozzle_no_extrusion_0288.jpg,train,train/images/nozzle_no_extrusion_0330.jpg,否,4,0.937500,0.856476,否,,,
1808,train,train/images/nozzle_no_extrusion_0370.jpg,val,val/images/nozzle_no_extrusion_0328.jpg,是,2,0.968750,0.856456,否,,,
1809,test,test/images/nozzle_tip_wrapped_0304.jpg,val,val/images/nozzle_tip_wrapped_0302.jpg,是,6,0.906250,0.856451,否,,,
1810,train,train/images/nozzle_no_extrusion_0307.jpg,train,train/images/nozzle_no_extrusion_0669.jpg,否,4,0.937500,0.856448,否,,,
1811,train,train/images/nozzle_tip_wrapped_0430.jpg,train,train/images/nozzle_tip_wrapped_0431.jpg,否,6,0.906250,0.856401,否,,,
1812,train,train/images/nozzle_no_extrusion_0283.jpg,val,val/images/nozzle_no_extrusion_0208.jpg,是,0,1.000000,0.856390,否,,,
1813,test,test/images/nozzle_no_extrusion_0368.jpg,train,train/images/nozzle_no_extrusion_0175.jpg,是,2,0.968750,0.856311,否,,,
1814,train,train/images/nozzle_extrusion_normal_0400.jpg,train,train/images/nozzle_extrusion_normal_0439.jpg,否,4,0.937500,0.856307,否,,,
1815,train,train/images/nozzle_extrusion_normal_1090.jpg,train,train/images/nozzle_extrusion_normal_1162.jpg,否,6,0.906250,0.856272,否,,,
1816,test,test/images/nozzle_extrusion_normal_1038.jpg,test,test/images/nozzle_extrusion_normal_1040.jpg,否,4,0.937500,0.856251,否,,,
1817,train,train/images/nozzle_extrusion_normal_1026.jpg,train,train/images/nozzle_extrusion_normal_1046.jpg,否,6,0.906250,0.856223,否,,,
1818,train,train/images/nozzle_extrusion_normal_0777.jpg,train,train/images/nozzle_extrusion_normal_0793.jpg,否,4,0.937500,0.856204,否,,,
1819,train,train/images/nozzle_extrusion_normal_1014.jpg,train,train/images/nozzle_extrusion_normal_1056.jpg,否,6,0.906250,0.856191,否,,,
1820,test,test/images/nozzle_tip_wrapped_0506.jpg,val,val/images/nozzle_tip_wrapped_0505.jpg,是,4,0.937500,0.856159,否,,,
1821,train,train/images/nozzle_no_extrusion_0203.jpg,train,train/images/nozzle_no_extrusion_0356.jpg,否,2,0.968750,0.856103,否,,,
1822,test,test/images/nozzle_extrusion_normal_0453.jpg,train,train/images/nozzle_extrusion_normal_0495.jpg,是,4,0.937500,0.856082,否,,,
1823,train,train/images/nozzle_extrusion_normal_1023.jpg,train,train/images/nozzle_extrusion_normal_1065.jpg,否,6,0.906250,0.856001,否,,,
1824,train,train/images/nozzle_extrusion_normal_0282.jpg,train,train/images/nozzle_extrusion_normal_0313.jpg,否,4,0.937500,0.855987,否,,,
1825,train,train/images/nozzle_no_extrusion_0265.jpg,train,train/images/nozzle_no_extrusion_0337.jpg,否,4,0.937500,0.855961,否,,,
1826,train,train/images/nozzle_tip_wrapped_1286.jpg,train,train/images/nozzle_tip_wrapped_1296.jpg,否,6,0.906250,0.855956,否,,,
1827,train,train/images/nozzle_extrusion_normal_1200.jpg,train,train/images/nozzle_extrusion_normal_1229.jpg,否,4,0.937500,0.855951,否,,,
1828,train,train/images/nozzle_no_extrusion_0684.jpg,train,train/images/nozzle_no_extrusion_0687.jpg,否,2,0.968750,0.855950,否,,,
1829,train,train/images/nozzle_tip_wrapped_0078.jpg,val,val/images/nozzle_tip_wrapped_0079.jpg,是,6,0.906250,0.855876,否,,,
1830,train,train/images/nozzle_no_extrusion_0391.jpg,train,train/images/nozzle_no_extrusion_0398.jpg,否,4,0.937500,0.855814,否,,,
1831,train,train/images/nozzle_no_extrusion_0657.jpg,val,val/images/nozzle_no_extrusion_0233.jpg,是,4,0.937500,0.855812,否,,,
1832,train,train/images/nozzle_tip_wrapped_0294.jpg,train,train/images/nozzle_tip_wrapped_0298.jpg,否,6,0.906250,0.855758,否,,,
1833,train,train/images/nozzle_tip_wrapped_0396.jpg,train,train/images/nozzle_tip_wrapped_0397.jpg,否,4,0.937500,0.855744,否,,,
1834,train,train/images/nozzle_extrusion_normal_1197.jpg,train,train/images/nozzle_extrusion_normal_1226.jpg,否,4,0.937500,0.855713,否,,,
1835,train,train/images/nozzle_no_extrusion_0234.jpg,train,train/images/nozzle_no_extrusion_0320.jpg,否,0,1.000000,0.855702,否,,,
1836,train,train/images/nozzle_extrusion_normal_0558.jpg,val,val/images/nozzle_extrusion_normal_0600.jpg,是,4,0.937500,0.855675,否,,,
1837,train,train/images/nozzle_no_extrusion_0456.jpg,val,val/images/nozzle_no_extrusion_0423.jpg,是,4,0.937500,0.855672,否,,,
1838,test,test/images/nozzle_extrusion_normal_0955.jpg,train,train/images/nozzle_extrusion_normal_0936.jpg,是,4,0.937500,0.855665,否,,,
1839,test,test/images/nozzle_no_extrusion_0614.jpg,train,train/images/nozzle_no_extrusion_0457.jpg,是,2,0.968750,0.855656,否,,,
1840,test,test/images/nozzle_extrusion_normal_0937.jpg,train,train/images/nozzle_extrusion_normal_0956.jpg,是,4,0.937500,0.855651,否,,,
1841,test,test/images/nozzle_extrusion_normal_1077.jpg,train,train/images/nozzle_extrusion_normal_1124.jpg,是,6,0.906250,0.855607,否,,,
1842,train,train/images/nozzle_tip_wrapped_0224.jpg,val,val/images/nozzle_tip_wrapped_0225.jpg,是,6,0.906250,0.855601,否,,,
1843,train,train/images/nozzle_no_extrusion_0191.jpg,train,train/images/nozzle_no_extrusion_0267.jpg,否,2,0.968750,0.855600,否,,,
1844,train,train/images/nozzle_extrusion_normal_0358.jpg,train,train/images/nozzle_extrusion_normal_0398.jpg,否,4,0.937500,0.855589,否,,,
1845,train,train/images/nozzle_no_extrusion_0022.jpg,val,val/images/nozzle_no_extrusion_0078.jpg,是,2,0.968750,0.855532,否,,,
1846,test,test/images/nozzle_extrusion_normal_0469.jpg,train,train/images/nozzle_extrusion_normal_0430.jpg,是,4,0.937500,0.855522,否,,,
1847,train,train/images/nozzle_extrusion_normal_1026.jpg,train,train/images/nozzle_extrusion_normal_1137.jpg,否,4,0.937500,0.855492,否,,,
1848,train,train/images/nozzle_no_extrusion_0495.jpg,val,val/images/nozzle_no_extrusion_0494.jpg,是,4,0.937500,0.855443,否,,,
1849,train,train/images/nozzle_no_extrusion_0444.jpg,train,train/images/nozzle_no_extrusion_0604.jpg,否,4,0.937500,0.855414,否,,,
1850,test,test/images/nozzle_tip_wrapped_0757.jpg,train,train/images/nozzle_tip_wrapped_0754.jpg,是,4,0.937500,0.855412,否,,,
1851,train,train/images/nozzle_no_extrusion_0307.jpg,val,val/images/nozzle_no_extrusion_0872.jpg,是,6,0.906250,0.855398,否,,,
1852,train,train/images/nozzle_no_extrusion_0186.jpg,train,train/images/nozzle_no_extrusion_0224.jpg,否,2,0.968750,0.855387,否,,,
1853,train,train/images/nozzle_no_extrusion_0723.jpg,train,train/images/nozzle_no_extrusion_0729.jpg,否,0,1.000000,0.855364,否,,,
1854,train,train/images/nozzle_no_extrusion_0481.jpg,train,train/images/nozzle_no_extrusion_0495.jpg,否,4,0.937500,0.855327,否,,,
1855,train,train/images/nozzle_no_extrusion_0454.jpg,train,train/images/nozzle_no_extrusion_0604.jpg,否,4,0.937500,0.855293,否,,,
1856,train,train/images/nozzle_extrusion_normal_1458.jpg,train,train/images/nozzle_extrusion_normal_1478.jpg,否,2,0.968750,0.855289,否,,,
1857,test,test/images/nozzle_no_extrusion_0319.jpg,train,train/images/nozzle_no_extrusion_0206.jpg,是,2,0.968750,0.855279,否,,,
1858,train,train/images/nozzle_no_extrusion_0225.jpg,train,train/images/nozzle_no_extrusion_0262.jpg,否,2,0.968750,0.855258,否,,,
1859,test,test/images/nozzle_extrusion_normal_0453.jpg,train,train/images/nozzle_extrusion_normal_0415.jpg,是,6,0.906250,0.855224,否,,,
1860,train,train/images/nozzle_extrusion_normal_0531.jpg,train,train/images/nozzle_extrusion_normal_0574.jpg,否,2,0.968750,0.855216,否,,,
1861,test,test/images/nozzle_no_extrusion_0614.jpg,train,train/images/nozzle_no_extrusion_0232.jpg,是,0,1.000000,0.855198,否,,,
1862,train,train/images/nozzle_no_extrusion_0463.jpg,train,train/images/nozzle_no_extrusion_0466.jpg,否,2,0.968750,0.855189,否,,,
1863,train,train/images/nozzle_extrusion_normal_0311.jpg,val,val/images/nozzle_extrusion_normal_0280.jpg,是,2,0.968750,0.855123,否,,,
1864,train,train/images/nozzle_no_extrusion_0374.jpg,val,val/images/nozzle_no_extrusion_0181.jpg,是,4,0.937500,0.855100,否,,,
1865,test,test/images/nozzle_extrusion_normal_1115.jpg,train,train/images/nozzle_extrusion_normal_1047.jpg,是,4,0.937500,0.855042,否,,,
1866,test,test/images/nozzle_extrusion_normal_1068.jpg,train,train/images/nozzle_extrusion_normal_1137.jpg,是,6,0.906250,0.854979,否,,,
1867,test,test/images/nozzle_no_extrusion_0204.jpg,train,train/images/nozzle_no_extrusion_0238.jpg,是,4,0.937500,0.854927,否,,,
1868,train,train/images/nozzle_no_extrusion_0769.jpg,train,train/images/nozzle_no_extrusion_0773.jpg,否,0,1.000000,0.854918,否,,,
1869,test,test/images/nozzle_extrusion_normal_0743.jpg,train,train/images/nozzle_extrusion_normal_0729.jpg,是,6,0.906250,0.854874,否,,,
1870,test,test/images/nozzle_no_extrusion_0348.jpg,train,train/images/nozzle_no_extrusion_0669.jpg,是,4,0.937500,0.854827,否,,,
1871,train,train/images/nozzle_no_extrusion_0200.jpg,train,train/images/nozzle_no_extrusion_0242.jpg,否,0,1.000000,0.854801,否,,,
1872,test,test/images/nozzle_extrusion_normal_0945.jpg,train,train/images/nozzle_extrusion_normal_0887.jpg,是,2,0.968750,0.854776,否,,,
1873,train,train/images/nozzle_no_extrusion_0482.jpg,val,val/images/nozzle_no_extrusion_0494.jpg,是,4,0.937500,0.854732,否,,,
1874,test,test/images/nozzle_extrusion_normal_1115.jpg,val,val/images/nozzle_extrusion_normal_1006.jpg,是,4,0.937500,0.854709,否,,,
1875,test,test/images/nozzle_no_extrusion_0471.jpg,train,train/images/nozzle_no_extrusion_0495.jpg,是,4,0.937500,0.854632,否,,,
1876,test,test/images/nozzle_no_extrusion_0907.jpg,train,train/images/nozzle_no_extrusion_0386.jpg,是,2,0.968750,0.854626,否,,,
1877,train,train/images/nozzle_extrusion_normal_1070.jpg,train,train/images/nozzle_extrusion_normal_1164.jpg,否,2,0.968750,0.854580,否,,,
1878,train,train/images/nozzle_tip_wrapped_0661.jpg,val,val/images/nozzle_tip_wrapped_0659.jpg,是,4,0.937500,0.854561,否,,,
1879,train,train/images/nozzle_no_extrusion_0829.jpg,train,train/images/nozzle_no_extrusion_0830.jpg,否,2,0.968750,0.854555,否,,,
1880,test,test/images/nozzle_extrusion_normal_1178.jpg,train,train/images/nozzle_extrusion_normal_1152.jpg,是,4,0.937500,0.854541,否,,,
1881,test,test/images/nozzle_extrusion_normal_0185.jpg,train,train/images/nozzle_extrusion_normal_0184.jpg,是,4,0.937500,0.854541,否,,,
1882,test,test/images/nozzle_tip_wrapped_0050.jpg,test,test/images/nozzle_tip_wrapped_0052.jpg,否,6,0.906250,0.854450,否,,,
1883,train,train/images/nozzle_extrusion_normal_0627.jpg,train,train/images/nozzle_extrusion_normal_0669.jpg,否,4,0.937500,0.854436,否,,,
1884,test,test/images/nozzle_extrusion_normal_1040.jpg,train,train/images/nozzle_extrusion_normal_1063.jpg,是,4,0.937500,0.854384,否,,,
1885,test,test/images/nozzle_extrusion_normal_0314.jpg,test,test/images/nozzle_extrusion_normal_0386.jpg,否,2,0.968750,0.854355,否,,,
1886,test,test/images/nozzle_no_extrusion_0595.jpg,train,train/images/nozzle_no_extrusion_0558.jpg,是,4,0.937500,0.854314,否,,,
1887,train,train/images/nozzle_extrusion_normal_0353.jpg,train,train/images/nozzle_extrusion_normal_0393.jpg,否,4,0.937500,0.854300,否,,,
1888,train,train/images/nozzle_no_extrusion_0269.jpg,val,val/images/nozzle_no_extrusion_0872.jpg,是,6,0.906250,0.854258,否,,,
1889,test,test/images/nozzle_extrusion_normal_0735.jpg,train,train/images/nozzle_extrusion_normal_0722.jpg,是,4,0.937500,0.854253,否,,,
1890,test,test/images/nozzle_extrusion_normal_0870.jpg,train,train/images/nozzle_extrusion_normal_0853.jpg,是,2,0.968750,0.854221,否,,,
1891,train,train/images/nozzle_tip_wrapped_0057.jpg,train,train/images/nozzle_tip_wrapped_0058.jpg,否,2,0.968750,0.854140,否,,,
1892,train,train/images/nozzle_extrusion_normal_1514.jpg,val,val/images/nozzle_extrusion_normal_1516.jpg,是,4,0.937500,0.854100,否,,,
1893,test,test/images/nozzle_extrusion_normal_0532.jpg,train,train/images/nozzle_extrusion_normal_0575.jpg,是,6,0.906250,0.854099,否,,,
1894,train,train/images/nozzle_no_extrusion_0584.jpg,train,train/images/nozzle_no_extrusion_0585.jpg,否,4,0.937500,0.854069,否,,,
1895,test,test/images/nozzle_extrusion_normal_0399.jpg,train,train/images/nozzle_extrusion_normal_0359.jpg,是,4,0.937500,0.854051,否,,,
1896,train,train/images/nozzle_extrusion_normal_1027.jpg,val,val/images/nozzle_extrusion_normal_0944.jpg,是,6,0.906250,0.854046,否,,,
1897,train,train/images/nozzle_extrusion_normal_0115.jpg,val,val/images/nozzle_extrusion_normal_0202.jpg,是,6,0.906250,0.854031,否,,,
1898,test,test/images/nozzle_no_extrusion_0304.jpg,train,train/images/nozzle_no_extrusion_0231.jpg,是,4,0.937500,0.854006,否,,,
1899,test,test/images/nozzle_no_extrusion_0212.jpg,train,train/images/nozzle_no_extrusion_0372.jpg,是,0,1.000000,0.853973,否,,,
1900,train,train/images/nozzle_no_extrusion_0043.jpg,train,train/images/nozzle_no_extrusion_0053.jpg,否,2,0.968750,0.853957,否,,,
1901,train,train/images/nozzle_extrusion_normal_0303.jpg,train,train/images/nozzle_extrusion_normal_0372.jpg,否,4,0.937500,0.853947,否,,,
1902,train,train/images/nozzle_extrusion_normal_0979.jpg,val,val/images/nozzle_extrusion_normal_0938.jpg,是,6,0.906250,0.853941,否,,,
1903,train,train/images/nozzle_no_extrusion_0175.jpg,train,train/images/nozzle_no_extrusion_0331.jpg,否,2,0.968750,0.853840,否,,,
1904,train,train/images/nozzle_no_extrusion_0231.jpg,train,train/images/nozzle_no_extrusion_0345.jpg,否,4,0.937500,0.853827,否,,,
1905,train,train/images/nozzle_extrusion_normal_1148.jpg,train,train/images/nozzle_extrusion_normal_1200.jpg,否,4,0.937500,0.853750,否,,,
1906,train,train/images/nozzle_extrusion_normal_0992.jpg,train,train/images/nozzle_extrusion_normal_1012.jpg,否,6,0.906250,0.853721,否,,,
1907,train,train/images/nozzle_no_extrusion_0207.jpg,train,train/images/nozzle_no_extrusion_0361.jpg,否,2,0.968750,0.853666,否,,,
1908,train,train/images/nozzle_extrusion_normal_0979.jpg,train,train/images/nozzle_extrusion_normal_1021.jpg,否,6,0.906250,0.853664,否,,,
1909,train,train/images/nozzle_tip_wrapped_0234.jpg,train,train/images/nozzle_tip_wrapped_0235.jpg,否,2,0.968750,0.853632,否,,,
1910,train,train/images/nozzle_extrusion_normal_0947.jpg,val,val/images/nozzle_extrusion_normal_0967.jpg,是,4,0.937500,0.853617,否,,,
1911,test,test/images/nozzle_extrusion_normal_1089.jpg,train,train/images/nozzle_extrusion_normal_1045.jpg,是,6,0.906250,0.853616,否,,,
1912,test,test/images/nozzle_no_extrusion_0885.jpg,train,train/images/nozzle_no_extrusion_0647.jpg,是,6,0.906250,0.853513,否,,,
1913,test,test/images/nozzle_no_extrusion_0442.jpg,train,train/images/nozzle_no_extrusion_0443.jpg,是,2,0.968750,0.853510,否,,,
1914,test,test/images/nozzle_no_extrusion_0297.jpg,train,train/images/nozzle_no_extrusion_0344.jpg,是,2,0.968750,0.853477,否,,,
1915,test,test/images/nozzle_extrusion_normal_0099.jpg,train,train/images/nozzle_extrusion_normal_0081.jpg,是,4,0.937500,0.853441,否,,,
1916,train,train/images/nozzle_no_extrusion_0306.jpg,train,train/images/nozzle_no_extrusion_0495.jpg,否,4,0.937500,0.853381,否,,,
1917,train,train/images/nozzle_extrusion_normal_0893.jpg,val,val/images/nozzle_extrusion_normal_0856.jpg,是,6,0.906250,0.853381,否,,,
1918,train,train/images/nozzle_no_extrusion_0198.jpg,train,train/images/nozzle_no_extrusion_0206.jpg,否,4,0.937500,0.853335,否,,,
1919,test,test/images/nozzle_tip_wrapped_0983.jpg,train,train/images/nozzle_tip_wrapped_0984.jpg,是,4,0.937500,0.853302,否,,,
1920,test,test/images/nozzle_extrusion_normal_0368.jpg,train,train/images/nozzle_extrusion_normal_0332.jpg,是,4,0.937500,0.853271,否,,,
1921,train,train/images/nozzle_no_extrusion_0205.jpg,train,train/images/nozzle_no_extrusion_0274.jpg,否,4,0.937500,0.853257,否,,,
1922,test,test/images/nozzle_no_extrusion_0767.jpg,val,val/images/nozzle_no_extrusion_0775.jpg,是,2,0.968750,0.853212,否,,,
1923,test,test/images/nozzle_no_extrusion_0159.jpg,train,train/images/nozzle_no_extrusion_0386.jpg,是,2,0.968750,0.853190,否,,,
1924,test,test/images/nozzle_extrusion_normal_0519.jpg,train,train/images/nozzle_extrusion_normal_0561.jpg,是,6,0.906250,0.853165,否,,,
1925,val,val/images/nozzle_extrusion_normal_0872.jpg,val,val/images/nozzle_extrusion_normal_0890.jpg,否,6,0.906250,0.853128,否,,,
1926,train,train/images/nozzle_tip_wrapped_0267.jpg,train,train/images/nozzle_tip_wrapped_0268.jpg,否,6,0.906250,0.853112,否,,,
1927,train,train/images/nozzle_extrusion_normal_0229.jpg,val,val/images/nozzle_extrusion_normal_0203.jpg,是,2,0.968750,0.853086,否,,,
1928,train,train/images/nozzle_no_extrusion_0558.jpg,train,train/images/nozzle_no_extrusion_0584.jpg,否,4,0.937500,0.853084,否,,,
1929,train,train/images/nozzle_extrusion_normal_0992.jpg,train,train/images/nozzle_extrusion_normal_1122.jpg,否,4,0.937500,0.853061,否,,,
1930,test,test/images/nozzle_extrusion_normal_1115.jpg,train,train/images/nozzle_extrusion_normal_1091.jpg,是,6,0.906250,0.853023,否,,,
1931,test,test/images/nozzle_extrusion_normal_0411.jpg,train,train/images/nozzle_extrusion_normal_0335.jpg,是,4,0.937500,0.853017,否,,,
1932,train,train/images/nozzle_extrusion_normal_0037.jpg,val,val/images/nozzle_extrusion_normal_0033.jpg,是,6,0.906250,0.852952,否,,,
1933,train,train/images/nozzle_extrusion_normal_0037.jpg,train,train/images/nozzle_extrusion_normal_0041.jpg,否,6,0.906250,0.852952,否,,,
1934,train,train/images/nozzle_extrusion_normal_0503.jpg,val,val/images/nozzle_extrusion_normal_0547.jpg,是,4,0.937500,0.852940,否,,,
1935,train,train/images/nozzle_no_extrusion_0162.jpg,train,train/images/nozzle_no_extrusion_0205.jpg,否,2,0.968750,0.852939,否,,,
1936,test,test/images/nozzle_tip_wrapped_0345.jpg,train,train/images/nozzle_tip_wrapped_0347.jpg,是,4,0.937500,0.852850,否,,,
1937,train,train/images/nozzle_extrusion_normal_0992.jpg,val,val/images/nozzle_extrusion_normal_0971.jpg,是,4,0.937500,0.852848,否,,,
1938,test,test/images/nozzle_extrusion_normal_1218.jpg,val,val/images/nozzle_extrusion_normal_1227.jpg,是,2,0.968750,0.852814,否,,,
1939,train,train/images/nozzle_extrusion_normal_0811.jpg,train,train/images/nozzle_extrusion_normal_0828.jpg,否,2,0.968750,0.852744,否,,,
1940,test,test/images/nozzle_extrusion_normal_0300.jpg,train,train/images/nozzle_extrusion_normal_0269.jpg,是,4,0.937500,0.852705,否,,,
1941,train,train/images/nozzle_no_extrusion_0231.jpg,train,train/images/nozzle_no_extrusion_0266.jpg,否,4,0.937500,0.852694,否,,,
1942,test,test/images/nozzle_no_extrusion_0276.jpg,train,train/images/nozzle_no_extrusion_0277.jpg,是,2,0.968750,0.852669,否,,,
1943,train,train/images/nozzle_extrusion_normal_1437.jpg,train,train/images/nozzle_extrusion_normal_1457.jpg,否,6,0.906250,0.852669,否,,,
1944,train,train/images/nozzle_extrusion_normal_1157.jpg,train,train/images/nozzle_extrusion_normal_1182.jpg,否,4,0.937500,0.852641,否,,,
1945,train,train/images/nozzle_no_extrusion_0162.jpg,train,train/images/nozzle_no_extrusion_0206.jpg,否,4,0.937500,0.852638,否,,,
1946,test,test/images/nozzle_no_extrusion_0204.jpg,val,val/images/nozzle_no_extrusion_0316.jpg,是,2,0.968750,0.852637,否,,,
1947,train,train/images/nozzle_extrusion_normal_1226.jpg,val,val/images/nozzle_extrusion_normal_1219.jpg,是,6,0.906250,0.852533,否,,,
1948,train,train/images/nozzle_no_extrusion_0849.jpg,train,train/images/nozzle_no_extrusion_0857.jpg,否,0,1.000000,0.852530,否,,,
1949,train,train/images/nozzle_no_extrusion_0346.jpg,train,train/images/nozzle_no_extrusion_0604.jpg,否,2,0.968750,0.852468,否,,,
1950,train,train/images/nozzle_extrusion_normal_0754.jpg,val,val/images/nozzle_extrusion_normal_0771.jpg,是,4,0.937500,0.852453,否,,,
1951,train,train/images/nozzle_extrusion_normal_0891.jpg,train,train/images/nozzle_extrusion_normal_0931.jpg,否,6,0.906250,0.852447,否,,,
1952,train,train/images/nozzle_no_extrusion_0228.jpg,val,val/images/nozzle_no_extrusion_0222.jpg,是,2,0.968750,0.852439,否,,,
1953,train,train/images/nozzle_extrusion_normal_0042.jpg,val,val/images/nozzle_extrusion_normal_0036.jpg,是,6,0.906250,0.852438,否,,,
1954,train,train/images/nozzle_extrusion_normal_0455.jpg,train,train/images/nozzle_extrusion_normal_0497.jpg,否,6,0.906250,0.852435,否,,,
1955,train,train/images/nozzle_no_extrusion_0167.jpg,train,train/images/nozzle_no_extrusion_0205.jpg,否,4,0.937500,0.852429,否,,,
1956,train,train/images/nozzle_extrusion_normal_0156.jpg,val,val/images/nozzle_extrusion_normal_0203.jpg,是,4,0.937500,0.852388,否,,,
1957,train,train/images/nozzle_tip_wrapped_0069.jpg,val,val/images/nozzle_tip_wrapped_0067.jpg,是,6,0.906250,0.852314,否,,,
1958,train,train/images/nozzle_no_extrusion_0200.jpg,train,train/images/nozzle_no_extrusion_0278.jpg,否,0,1.000000,0.852308,否,,,
1959,train,train/images/nozzle_extrusion_normal_1374.jpg,train,train/images/nozzle_extrusion_normal_1399.jpg,否,6,0.906250,0.852307,否,,,
1960,train,train/images/nozzle_extrusion_normal_1311.jpg,val,val/images/nozzle_extrusion_normal_1285.jpg,是,4,0.937500,0.852297,否,,,
1961,train,train/images/nozzle_tip_wrapped_0378.jpg,train,train/images/nozzle_tip_wrapped_0379.jpg,否,6,0.906250,0.852250,否,,,
1962,train,train/images/nozzle_extrusion_normal_1047.jpg,train,train/images/nozzle_extrusion_normal_1054.jpg,否,4,0.937500,0.852245,否,,,
1963,train,train/images/nozzle_extrusion_normal_0339.jpg,train,train/images/nozzle_extrusion_normal_0416.jpg,否,6,0.906250,0.852244,否,,,
1964,train,train/images/nozzle_extrusion_normal_0977.jpg,train,train/images/nozzle_extrusion_normal_0979.jpg,否,6,0.906250,0.852240,否,,,
1965,train,train/images/nozzle_extrusion_normal_0451.jpg,train,train/images/nozzle_extrusion_normal_0493.jpg,否,2,0.968750,0.852220,否,,,
1966,train,train/images/nozzle_no_extrusion_0347.jpg,train,train/images/nozzle_no_extrusion_0470.jpg,否,0,1.000000,0.852188,否,,,
1967,train,train/images/nozzle_extrusion_normal_1046.jpg,train,train/images/nozzle_extrusion_normal_1114.jpg,否,4,0.937500,0.852187,否,,,
1968,train,train/images/nozzle_no_extrusion_0307.jpg,train,train/images/nozzle_no_extrusion_0657.jpg,否,4,0.937500,0.852162,否,,,
1969,test,test/images/nozzle_extrusion_normal_1138.jpg,train,train/images/nozzle_extrusion_normal_1027.jpg,是,6,0.906250,0.852131,否,,,
1970,train,train/images/nozzle_no_extrusion_0265.jpg,train,train/images/nozzle_no_extrusion_0375.jpg,否,2,0.968750,0.852099,否,,,
1971,train,train/images/nozzle_extrusion_normal_0458.jpg,train,train/images/nozzle_extrusion_normal_0499.jpg,否,4,0.937500,0.852033,否,,,
1972,train,train/images/nozzle_extrusion_normal_0965.jpg,val,val/images/nozzle_extrusion_normal_0908.jpg,是,4,0.937500,0.851991,否,,,
1973,train,train/images/nozzle_no_extrusion_0180.jpg,train,train/images/nozzle_no_extrusion_0220.jpg,否,2,0.968750,0.851974,否,,,
1974,train,train/images/nozzle_extrusion_normal_1012.jpg,val,val/images/nozzle_extrusion_normal_0950.jpg,是,4,0.937500,0.851936,否,,,
1975,train,train/images/nozzle_extrusion_normal_0879.jpg,train,train/images/nozzle_extrusion_normal_0898.jpg,否,6,0.906250,0.851930,否,,,
1976,train,train/images/nozzle_tip_wrapped_0619.jpg,train,train/images/nozzle_tip_wrapped_0637.jpg,否,6,0.906250,0.851878,否,,,
1977,train,train/images/nozzle_extrusion_normal_1257.jpg,train,train/images/nozzle_extrusion_normal_1284.jpg,否,4,0.937500,0.851850,否,,,
1978,test,test/images/nozzle_tip_wrapped_0497.jpg,train,train/images/nozzle_tip_wrapped_0496.jpg,是,6,0.906250,0.851837,否,,,
1979,test,test/images/nozzle_extrusion_normal_1068.jpg,train,train/images/nozzle_extrusion_normal_1090.jpg,是,6,0.906250,0.851810,否,,,
1980,train,train/images/nozzle_extrusion_normal_0904.jpg,val,val/images/nozzle_extrusion_normal_0941.jpg,是,4,0.937500,0.851792,否,,,
1981,test,test/images/nozzle_extrusion_normal_0210.jpg,val,val/images/nozzle_extrusion_normal_0237.jpg,是,6,0.906250,0.851777,否,,,
1982,train,train/images/nozzle_no_extrusion_0606.jpg,train,train/images/nozzle_no_extrusion_0610.jpg,否,2,0.968750,0.851686,否,,,
1983,train,train/images/nozzle_tip_wrapped_1075.jpg,val,val/images/nozzle_tip_wrapped_1088.jpg,是,6,0.906250,0.851672,否,,,
1984,train,train/images/nozzle_tip_wrapped_0321.jpg,train,train/images/nozzle_tip_wrapped_0323.jpg,否,6,0.906250,0.851650,否,,,
1985,train,train/images/nozzle_tip_wrapped_1117.jpg,train,train/images/nozzle_tip_wrapped_1130.jpg,否,6,0.906250,0.851647,否,,,
1986,test,test/images/nozzle_extrusion_normal_0431.jpg,train,train/images/nozzle_extrusion_normal_0470.jpg,是,4,0.937500,0.851639,否,,,
1987,train,train/images/nozzle_extrusion_normal_0454.jpg,train,train/images/nozzle_extrusion_normal_0496.jpg,否,6,0.906250,0.851605,否,,,
1988,train,train/images/nozzle_extrusion_normal_0337.jpg,train,train/images/nozzle_extrusion_normal_0414.jpg,否,6,0.906250,0.851566,否,,,
1989,train,train/images/nozzle_extrusion_normal_1051.jpg,train,train/images/nozzle_extrusion_normal_1073.jpg,否,4,0.937500,0.851539,否,,,
1990,train,train/images/nozzle_extrusion_normal_0535.jpg,train,train/images/nozzle_extrusion_normal_0578.jpg,否,4,0.937500,0.851520,否,,,
1991,train,train/images/nozzle_no_extrusion_0044.jpg,train,train/images/nozzle_no_extrusion_0052.jpg,否,0,1.000000,0.851417,否,,,
1992,test,test/images/nozzle_extrusion_normal_0943.jpg,test,test/images/nozzle_extrusion_normal_0984.jpg,否,2,0.968750,0.851401,否,,,
1993,test,test/images/nozzle_extrusion_normal_0743.jpg,val,val/images/nozzle_extrusion_normal_0758.jpg,是,2,0.968750,0.851383,否,,,
1994,test,test/images/nozzle_extrusion_normal_1038.jpg,train,train/images/nozzle_extrusion_normal_1063.jpg,是,6,0.906250,0.851379,否,,,
1995,test,test/images/nozzle_tip_wrapped_0103.jpg,train,train/images/nozzle_tip_wrapped_0101.jpg,是,6,0.906250,0.851364,否,,,
1996,test,test/images/nozzle_tip_wrapped_0446.jpg,train,train/images/nozzle_tip_wrapped_0445.jpg,是,6,0.906250,0.851351,否,,,
1997,train,train/images/nozzle_no_extrusion_0232.jpg,val,val/images/nozzle_no_extrusion_0192.jpg,是,2,0.968750,0.851299,否,,,
1998,test,test/images/nozzle_extrusion_normal_0386.jpg,train,train/images/nozzle_extrusion_normal_0508.jpg,是,6,0.906250,0.851284,否,,,
1999,train,train/images/nozzle_tip_wrapped_0102.jpg,train,train/images/nozzle_tip_wrapped_0104.jpg,否,4,0.937500,0.851272,否,,,
2000,train,train/images/nozzle_extrusion_normal_1141.jpg,train,train/images/nozzle_extrusion_normal_1167.jpg,否,4,0.937500,0.851250,否,,,
2001,train,train/images/nozzle_no_extrusion_0180.jpg,train,train/images/nozzle_no_extrusion_0257.jpg,否,2,0.968750,0.851246,否,,,
2002,train,train/images/nozzle_no_extrusion_0891.jpg,val,val/images/nozzle_no_extrusion_0155.jpg,是,4,0.937500,0.851168,否,,,
2003,train,train/images/nozzle_tip_wrapped_0319.jpg,val,val/images/nozzle_tip_wrapped_0318.jpg,是,6,0.906250,0.851061,否,,,
2004,train,train/images/nozzle_no_extrusion_0292.jpg,val,val/images/nozzle_no_extrusion_0328.jpg,是,2,0.968750,0.851042,否,,,
2005,test,test/images/nozzle_no_extrusion_0384.jpg,train,train/images/nozzle_no_extrusion_0434.jpg,是,4,0.937500,0.851027,否,,,
2006,train,train/images/nozzle_no_extrusion_0269.jpg,train,train/images/nozzle_no_extrusion_0657.jpg,否,4,0.937500,0.851013,否,,,
2007,train,train/images/nozzle_extrusion_normal_1072.jpg,train,train/images/nozzle_extrusion_normal_1074.jpg,否,6,0.906250,0.850976,否,,,
2008,train,train/images/nozzle_extrusion_normal_0779.jpg,train,train/images/nozzle_extrusion_normal_0811.jpg,否,4,0.937500,0.850907,否,,,
2009,train,train/images/nozzle_no_extrusion_0251.jpg,train,train/images/nozzle_no_extrusion_0287.jpg,否,2,0.968750,0.850863,否,,,
2010,train,train/images/nozzle_extrusion_normal_1376.jpg,train,train/images/nozzle_extrusion_normal_1401.jpg,否,4,0.937500,0.850847,否,,,
2011,train,train/images/nozzle_extrusion_normal_0538.jpg,train,train/images/nozzle_extrusion_normal_0581.jpg,否,6,0.906250,0.850843,否,,,
2012,train,train/images/nozzle_no_extrusion_0584.jpg,train,train/images/nozzle_no_extrusion_0594.jpg,否,4,0.937500,0.850818,否,,,
2013,test,test/images/nozzle_no_extrusion_0523.jpg,train,train/images/nozzle_no_extrusion_0524.jpg,是,4,0.937500,0.850815,否,,,
2014,test,test/images/nozzle_extrusion_normal_0374.jpg,val,val/images/nozzle_extrusion_normal_0305.jpg,是,4,0.937500,0.850804,否,,,
2015,val,val/images/nozzle_extrusion_normal_0296.jpg,val,val/images/nozzle_extrusion_normal_0329.jpg,否,6,0.906250,0.850789,否,,,
2016,train,train/images/nozzle_extrusion_normal_1321.jpg,train,train/images/nozzle_extrusion_normal_1347.jpg,否,4,0.937500,0.850771,否,,,
2017,train,train/images/nozzle_no_extrusion_0223.jpg,train,train/images/nozzle_no_extrusion_0379.jpg,否,2,0.968750,0.850748,否,,,
2018,train,train/images/nozzle_no_extrusion_0636.jpg,train,train/images/nozzle_no_extrusion_0886.jpg,否,6,0.906250,0.850731,否,,,
2019,test,test/images/nozzle_extrusion_normal_1216.jpg,train,train/images/nozzle_extrusion_normal_1199.jpg,是,6,0.906250,0.850701,否,,,
2020,train,train/images/nozzle_extrusion_normal_0353.jpg,train,train/images/nozzle_extrusion_normal_0432.jpg,否,4,0.937500,0.850670,否,,,
2021,test,test/images/nozzle_no_extrusion_0455.jpg,train,train/images/nozzle_no_extrusion_0604.jpg,是,4,0.937500,0.850613,否,,,
2022,train,train/images/nozzle_tip_wrapped_0431.jpg,train,train/images/nozzle_tip_wrapped_0432.jpg,否,4,0.937500,0.850575,否,,,
2023,train,train/images/nozzle_extrusion_normal_0879.jpg,train,train/images/nozzle_extrusion_normal_0902.jpg,否,6,0.906250,0.850572,否,,,
2024,train,train/images/nozzle_extrusion_normal_1048.jpg,train,train/images/nozzle_extrusion_normal_1070.jpg,否,4,0.937500,0.850531,否,,,
2025,val,val/images/nozzle_extrusion_normal_1062.jpg,val,val/images/nozzle_extrusion_normal_1083.jpg,否,6,0.906250,0.850493,否,,,
2026,test,test/images/nozzle_extrusion_normal_1415.jpg,train,train/images/nozzle_extrusion_normal_1437.jpg,是,6,0.906250,0.850476,否,,,
2027,train,train/images/nozzle_tip_wrapped_0158.jpg,val,val/images/nozzle_tip_wrapped_0157.jpg,是,6,0.906250,0.850430,否,,,
2028,train,train/images/nozzle_extrusion_normal_0468.jpg,train,train/images/nozzle_extrusion_normal_0510.jpg,否,2,0.968750,0.850314,否,,,
2029,test,test/images/nozzle_tip_wrapped_0059.jpg,train,train/images/nozzle_tip_wrapped_0058.jpg,是,4,0.937500,0.850310,否,,,
2030,train,train/images/nozzle_extrusion_normal_0781.jpg,train,train/images/nozzle_extrusion_normal_0796.jpg,否,2,0.968750,0.850294,否,,,
2031,train,train/images/nozzle_no_extrusion_0443.jpg,train,train/images/nozzle_no_extrusion_0444.jpg,否,4,0.937500,0.850262,否,,,
2032,train,train/images/nozzle_tip_wrapped_0250.jpg,train,train/images/nozzle_tip_wrapped_0251.jpg,否,6,0.906250,0.850254,否,,,
2033,train,train/images/nozzle_extrusion_normal_0957.jpg,val,val/images/nozzle_extrusion_normal_0938.jpg,是,4,0.937500,0.850242,否,,,
2034,test,test/images/nozzle_no_extrusion_0595.jpg,train,train/images/nozzle_no_extrusion_0191.jpg,是,4,0.937500,0.850232,否,,,
2035,train,train/images/nozzle_no_extrusion_0553.jpg,train,train/images/nozzle_no_extrusion_0554.jpg,否,0,1.000000,0.850198,否,,,
2036,train,train/images/nozzle_tip_wrapped_1226.jpg,train,train/images/nozzle_tip_wrapped_1237.jpg,否,4,0.937500,0.850192,否,,,
2037,test,test/images/nozzle_tip_wrapped_0452.jpg,train,train/images/nozzle_tip_wrapped_0451.jpg,是,6,0.906250,0.850188,否,,,
2038,test,test/images/nozzle_no_extrusion_0471.jpg,train,train/images/nozzle_no_extrusion_0306.jpg,是,2,0.968750,0.850180,否,,,
2039,test,test/images/nozzle_no_extrusion_0109.jpg,val,val/images/nozzle_no_extrusion_0107.jpg,是,4,0.937500,0.850028,否,,,
