数据划分,图片路径,随机种子
train,/mnt/d/ruanjianxiazai/pycharm2026/datasets/dataset_2_binary_clean_v2/train/images/nozzle_tip_wrapped_0835.jpg,20260822
train,/mnt/d/ruanjianxiazai/pycharm2026/datasets/dataset_2_binary_clean_v2/train/images/nozzle_extrusion_normal_1023.jpg,20260822
train,/mnt/d/ruanjianxiazai/pycharm2026/datasets/dataset_2_binary_clean_v2/train/images/nozzle_extrusion_normal_0385.jpg,20260822
train,/mnt/d/ruanjianxiazai/pycharm2026/datasets/dataset_2_binary_clean_v2/train/images/nozzle_no_extrusion_0750.jpg,20260822
train,/mnt/d/ruanjianxiazai/pycharm2026/datasets/dataset_2_binary_clean_v2/train/images/nozzle_no_extrusion_0257.jpg,20260822
train,/mnt/d/ruanjianxiazai/pycharm2026/datasets/dataset_2_binary_clean_v2/train/images/nozzle_no_extrusion_0829.jpg,20260822
train,/mnt/d/ruanjianxiazai/pycharm2026/datasets/dataset_2_binary_clean_v2/train/images/nozzle_extrusion_normal_0678.jpg,20260822
train,/mnt/d/ruanjianxiazai/pycharm2026/datasets/dataset_2_binary_clean_v2/train/images/nozzle_extrusion_normal_1009.jpg,20260822
train,/mnt/d/ruanjianxiazai/pycharm2026/datasets/dataset_2_binary_clean_v2/train/images/nozzle_tip_wrapped_0584.jpg,20260822
train,/mnt/d/ruanjianxiazai/pycharm2026/datasets/dataset_2_binary_clean_v2/train/images/nozzle_tip_wrapped_0747.jpg,20260822
train,/mnt/d/ruanjianxiazai/pycharm2026/datasets/dataset_2_binary_clean_v2/train/images/nozzle_no_extrusion_0148.jpg,20260822
train,/mnt/d/ruanjianxiazai/pycharm2026/datasets/dataset_2_binary_clean_v2/train/images/nozzle_tip_wrapped_0244.jpg,20260822
train,/mnt/d/ruanjianxiazai/pycharm2026/datasets/dataset_2_binary_clean_v2/train/images/nozzle_extrusion_normal_0967.jpg,20260822
train,/mnt/d/ruanjianxiazai/pycharm2026/datasets/dataset_2_binary_clean_v2/train/images/nozzle_tip_wrapped_1084.jpg,20260822
train,/mnt/d/ruanjianxiazai/pycharm2026/datasets/dataset_2_binary_clean_v2/train/images/nozzle_tip_wrapped_1230.jpg,20260822
train,/mnt/d/ruanjianxiazai/pycharm2026/datasets/dataset_2_binary_clean_v2/train/images/nozzle_extrusion_normal_0250.jpg,20260822
train,/mnt/d/ruanjianxiazai/pycharm2026/datasets/dataset_2_binary_clean_v2/train/images/nozzle_extrusion_normal_0833.jpg,20260822
train,/mnt/d/ruanjianxiazai/pycharm2026/datasets/dataset_2_binary_clean_v2/train/images/nozzle_no_extrusion_0003.jpg,20260822
train,/mnt/d/ruanjianxiazai/pycharm2026/datasets/dataset_2_binary_clean_v2/train/images/nozzle_tip_wrapped_1143.jpg,20260822
train,/mnt/d/ruanjianxiazai/pycharm2026/datasets/dataset_2_binary_clean_v2/train/images/nozzle_no_extrusion_0423.jpg,20260822
train,/mnt/d/ruanjianxiazai/pycharm2026/datasets/dataset_2_binary_clean_v2/train/images/nozzle_no_extrusion_0058.jpg,20260822
train,/mnt/d/ruanjianxiazai/pycharm2026/datasets/dataset_2_binary_clean_v2/train/images/nozzle_tip_wrapped_0312.jpg,20260822
train,/mnt/d/ruanjianxiazai/pycharm2026/datasets/dataset_2_binary_clean_v2/train/images/nozzle_extrusion_normal_0805.jpg,20260822
train,/mnt/d/ruanjianxiazai/pycharm2026/datasets/dataset_2_binary_clean_v2/train/images/nozzle_tip_wrapped_1052.jpg,20260822
train,/mnt/d/ruanjianxiazai/pycharm2026/datasets/dataset_2_binary_clean_v2/train/images/nozzle_extrusion_normal_1171.jpg,20260822
train,/mnt/d/ruanjianxiazai/pycharm2026/datasets/dataset_2_binary_clean_v2/train/images/nozzle_no_extrusion_0378.jpg,20260822
train,/mnt/d/ruanjianxiazai/pycharm2026/datasets/dataset_2_binary_clean_v2/train/images/nozzle_tip_wrapped_1211.jpg,20260822
train,/mnt/d/ruanjianxiazai/pycharm2026/datasets/dataset_2_binary_clean_v2/train/images/nozzle_extrusion_normal_1079.jpg,20260822
train,/mnt/d/ruanjianxiazai/pycharm2026/datasets/dataset_2_binary_clean_v2/train/images/nozzle_tip_wrapped_1158.jpg,20260822
train,/mnt/d/ruanjianxiazai/pycharm2026/datasets/dataset_2_binary_clean_v2/train/images/nozzle_no_extrusion_0855.jpg,20260822
train,/mnt/d/ruanjianxiazai/pycharm2026/datasets/dataset_2_binary_clean_v2/train/images/nozzle_no_extrusion_0500.jpg,20260822
train,/mnt/d/ruanjianxiazai/pycharm2026/datasets/dataset_2_binary_clean_v2/train/images/nozzle_extrusion_normal_1281.jpg,20260822
train,/mnt/d/ruanjianxiazai/pycharm2026/datasets/dataset_2_binary_clean_v2/train/images/nozzle_tip_wrapped_0921.jpg,20260822
train,/mnt/d/ruanjianxiazai/pycharm2026/datasets/dataset_2_binary_clean_v2/train/images/nozzle_no_extrusion_0004.jpg,20260822
train,/mnt/d/ruanjianxiazai/pycharm2026/datasets/dataset_2_binary_clean_v2/train/images/nozzle_no_extrusion_0070.jpg,20260822
train,/mnt/d/ruanjianxiazai/pycharm2026/datasets/dataset_2_binary_clean_v2/train/images/nozzle_extrusion_normal_0982.jpg,20260822
train,/mnt/d/ruanjianxiazai/pycharm2026/datasets/dataset_2_binary_clean_v2/train/images/nozzle_extrusion_normal_0361.jpg,20260822
train,/mnt/d/ruanjianxiazai/pycharm2026/datasets/dataset_2_binary_clean_v2/train/images/nozzle_tip_wrapped_0255.jpg,20260822
train,/mnt/d/ruanjianxiazai/pycharm2026/datasets/dataset_2_binary_clean_v2/train/images/nozzle_tip_wrapped_0066.jpg,20260822
train,/mnt/d/ruanjianxiazai/pycharm2026/datasets/dataset_2_binary_clean_v2/train/images/nozzle_tip_wrapped_1249.jpg,20260822
train,/mnt/d/ruanjianxiazai/pycharm2026/datasets/dataset_2_binary_clean_v2/train/images/nozzle_no_extrusion_0609.jpg,20260822
train,/mnt/d/ruanjianxiazai/pycharm2026/datasets/dataset_2_binary_clean_v2/train/images/nozzle_tip_wrapped_0712.jpg,20260822
train,/mnt/d/ruanjianxiazai/pycharm2026/datasets/dataset_2_binary_clean_v2/train/images/nozzle_tip_wrapped_0184.jpg,20260822
train,/mnt/d/ruanjianxiazai/pycharm2026/datasets/dataset_2_binary_clean_v2/train/images/nozzle_extrusion_normal_0496.jpg,20260822
train,/mnt/d/ruanjianxiazai/pycharm2026/datasets/dataset_2_binary_clean_v2/train/images/nozzle_tip_wrapped_0859.jpg,20260822
train,/mnt/d/ruanjianxiazai/pycharm2026/datasets/dataset_2_binary_clean_v2/train/images/nozzle_extrusion_normal_1180.jpg,20260822
train,/mnt/d/ruanjianxiazai/pycharm2026/datasets/dataset_2_binary_clean_v2/train/images/nozzle_tip_wrapped_1205.jpg,20260822
train,/mnt/d/ruanjianxiazai/pycharm2026/datasets/dataset_2_binary_clean_v2/train/images/nozzle_no_extrusion_0740.jpg,20260822
train,/mnt/d/ruanjianxiazai/pycharm2026/datasets/dataset_2_binary_clean_v2/train/images/nozzle_tip_wrapped_0774.jpg,20260822
train,/mnt/d/ruanjianxiazai/pycharm2026/datasets/dataset_2_binary_clean_v2/train/images/nozzle_extrusion_normal_1331.jpg,20260822
train,/mnt/d/ruanjianxiazai/pycharm2026/datasets/dataset_2_binary_clean_v2/train/images/nozzle_tip_wrapped_0546.jpg,20260822
train,/mnt/d/ruanjianxiazai/pycharm2026/datasets/dataset_2_binary_clean_v2/train/images/nozzle_tip_wrapped_0145.jpg,20260822
train,/mnt/d/ruanjianxiazai/pycharm2026/datasets/dataset_2_binary_clean_v2/train/images/nozzle_no_extrusion_0573.jpg,20260822
train,/mnt/d/ruanjianxiazai/pycharm2026/datasets/dataset_2_binary_clean_v2/train/images/nozzle_extrusion_normal_1303.jpg,20260822
train,/mnt/d/ruanjianxiazai/pycharm2026/datasets/dataset_2_binary_clean_v2/train/images/nozzle_extrusion_normal_1172.jpg,20260822
train,/mnt/d/ruanjianxiazai/pycharm2026/datasets/dataset_2_binary_clean_v2/train/images/nozzle_tip_wrapped_0095.jpg,20260822
train,/mnt/d/ruanjianxiazai/pycharm2026/datasets/dataset_2_binary_clean_v2/train/images/nozzle_extrusion_normal_0674.jpg,20260822
train,/mnt/d/ruanjianxiazai/pycharm2026/datasets/dataset_2_binary_clean_v2/train/images/nozzle_no_extrusion_0751.jpg,20260822
train,/mnt/d/ruanjianxiazai/pycharm2026/datasets/dataset_2_binary_clean_v2/train/images/nozzle_tip_wrapped_0146.jpg,20260822
train,/mnt/d/ruanjianxiazai/pycharm2026/datasets/dataset_2_binary_clean_v2/train/images/nozzle_no_extrusion_0047.jpg,20260822
train,/mnt/d/ruanjianxiazai/pycharm2026/datasets/dataset_2_binary_clean_v2/train/images/nozzle_tip_wrapped_1251.jpg,20260822
train,/mnt/d/ruanjianxiazai/pycharm2026/datasets/dataset_2_binary_clean_v2/train/images/nozzle_tip_wrapped_0083.jpg,20260822
train,/mnt/d/ruanjianxiazai/pycharm2026/datasets/dataset_2_binary_clean_v2/train/images/nozzle_tip_wrapped_0386.jpg,20260822
train,/mnt/d/ruanjianxiazai/pycharm2026/datasets/dataset_2_binary_clean_v2/train/images/nozzle_extrusion_normal_0395.jpg,20260822
train,/mnt/d/ruanjianxiazai/pycharm2026/datasets/dataset_2_binary_clean_v2/train/images/nozzle_extrusion_normal_1395.jpg,20260822
train,/mnt/d/ruanjianxiazai/pycharm2026/datasets/dataset_2_binary_clean_v2/train/images/nozzle_tip_wrapped_1100.jpg,20260822
train,/mnt/d/ruanjianxiazai/pycharm2026/datasets/dataset_2_binary_clean_v2/train/images/nozzle_tip_wrapped_0048.jpg,20260822
train,/mnt/d/ruanjianxiazai/pycharm2026/datasets/dataset_2_binary_clean_v2/train/images/nozzle_tip_wrapped_1099.jpg,20260822
train,/mnt/d/ruanjianxiazai/pycharm2026/datasets/dataset_2_binary_clean_v2/train/images/nozzle_extrusion_normal_0607.jpg,20260822
train,/mnt/d/ruanjianxiazai/pycharm2026/datasets/dataset_2_binary_clean_v2/train/images/nozzle_tip_wrapped_0155.jpg,20260822
train,/mnt/d/ruanjianxiazai/pycharm2026/datasets/dataset_2_binary_clean_v2/train/images/nozzle_tip_wrapped_0257.jpg,20260822
train,/mnt/d/ruanjianxiazai/pycharm2026/datasets/dataset_2_binary_clean_v2/train/images/nozzle_extrusion_normal_1144.jpg,20260822
train,/mnt/d/ruanjianxiazai/pycharm2026/datasets/dataset_2_binary_clean_v2/train/images/nozzle_extrusion_normal_0787.jpg,20260822
train,/mnt/d/ruanjianxiazai/pycharm2026/datasets/dataset_2_binary_clean_v2/train/images/nozzle_no_extrusion_0165.jpg,20260822
train,/mnt/d/ruanjianxiazai/pycharm2026/datasets/dataset_2_binary_clean_v2/train/images/nozzle_no_extrusion_0546.jpg,20260822
train,/mnt/d/ruanjianxiazai/pycharm2026/datasets/dataset_2_binary_clean_v2/train/images/nozzle_tip_wrapped_0911.jpg,20260822
train,/mnt/d/ruanjianxiazai/pycharm2026/datasets/dataset_2_binary_clean_v2/train/images/nozzle_tip_wrapped_0828.jpg,20260822
train,/mnt/d/ruanjianxiazai/pycharm2026/datasets/dataset_2_binary_clean_v2/train/images/nozzle_tip_wrapped_0531.jpg,20260822
train,/mnt/d/ruanjianxiazai/pycharm2026/datasets/dataset_2_binary_clean_v2/train/images/nozzle_tip_wrapped_0579.jpg,20260822
train,/mnt/d/ruanjianxiazai/pycharm2026/datasets/dataset_2_binary_clean_v2/train/images/nozzle_extrusion_normal_0886.jpg,20260822
train,/mnt/d/ruanjianxiazai/pycharm2026/datasets/dataset_2_binary_clean_v2/train/images/nozzle_tip_wrapped_0749.jpg,20260822
train,/mnt/d/ruanjianxiazai/pycharm2026/datasets/dataset_2_binary_clean_v2/train/images/nozzle_extrusion_normal_1198.jpg,20260822
train,/mnt/d/ruanjianxiazai/pycharm2026/datasets/dataset_2_binary_clean_v2/train/images/nozzle_no_extrusion_0028.jpg,20260822
train,/mnt/d/ruanjianxiazai/pycharm2026/datasets/dataset_2_binary_clean_v2/train/images/nozzle_extrusion_normal_0692.jpg,20260822
train,/mnt/d/ruanjianxiazai/pycharm2026/datasets/dataset_2_binary_clean_v2/train/images/nozzle_extrusion_normal_0795.jpg,20260822
train,/mnt/d/ruanjianxiazai/pycharm2026/datasets/dataset_2_binary_clean_v2/train/images/nozzle_extrusion_normal_0183.jpg,20260822
train,/mnt/d/ruanjianxiazai/pycharm2026/datasets/dataset_2_binary_clean_v2/train/images/nozzle_extrusion_normal_1373.jpg,20260822
train,/mnt/d/ruanjianxiazai/pycharm2026/datasets/dataset_2_binary_clean_v2/train/images/nozzle_tip_wrapped_1277.jpg,20260822
train,/mnt/d/ruanjianxiazai/pycharm2026/datasets/dataset_2_binary_clean_v2/train/images/nozzle_no_extrusion_0178.jpg,20260822
train,/mnt/d/ruanjianxiazai/pycharm2026/datasets/dataset_2_binary_clean_v2/train/images/nozzle_no_extrusion_0803.jpg,20260822
train,/mnt/d/ruanjianxiazai/pycharm2026/datasets/dataset_2_binary_clean_v2/train/images/nozzle_extrusion_normal_1386.jpg,20260822
train,/mnt/d/ruanjianxiazai/pycharm2026/datasets/dataset_2_binary_clean_v2/train/images/nozzle_tip_wrapped_0671.jpg,20260822
train,/mnt/d/ruanjianxiazai/pycharm2026/datasets/dataset_2_binary_clean_v2/train/images/nozzle_extrusion_normal_0813.jpg,20260822
train,/mnt/d/ruanjianxiazai/pycharm2026/datasets/dataset_2_binary_clean_v2/train/images/nozzle_tip_wrapped_0784.jpg,20260822
train,/mnt/d/ruanjianxiazai/pycharm2026/datasets/dataset_2_binary_clean_v2/train/images/nozzle_tip_wrapped_0916.jpg,20260822
train,/mnt/d/ruanjianxiazai/pycharm2026/datasets/dataset_2_binary_clean_v2/train/images/nozzle_tip_wrapped_0779.jpg,20260822
train,/mnt/d/ruanjianxiazai/pycharm2026/datasets/dataset_2_binary_clean_v2/train/images/nozzle_tip_wrapped_0074.jpg,20260822
train,/mnt/d/ruanjianxiazai/pycharm2026/datasets/dataset_2_binary_clean_v2/train/images/nozzle_tip_wrapped_0189.jpg,20260822
train,/mnt/d/ruanjianxiazai/pycharm2026/datasets/dataset_2_binary_clean_v2/train/images/nozzle_tip_wrapped_0603.jpg,20260822
train,/mnt/d/ruanjianxiazai/pycharm2026/datasets/dataset_2_binary_clean_v2/train/images/nozzle_extrusion_normal_0235.jpg,20260822
train,/mnt/d/ruanjianxiazai/pycharm2026/datasets/dataset_2_binary_clean_v2/train/images/nozzle_tip_wrapped_1284.jpg,20260822
train,/mnt/d/ruanjianxiazai/pycharm2026/datasets/dataset_2_binary_clean_v2/train/images/nozzle_extrusion_normal_1170.jpg,20260822
train,/mnt/d/ruanjianxiazai/pycharm2026/datasets/dataset_2_binary_clean_v2/train/images/nozzle_extrusion_normal_0407.jpg,20260822
train,/mnt/d/ruanjianxiazai/pycharm2026/datasets/dataset_2_binary_clean_v2/train/images/nozzle_extrusion_normal_0551.jpg,20260822
train,/mnt/d/ruanjianxiazai/pycharm2026/datasets/dataset_2_binary_clean_v2/train/images/nozzle_tip_wrapped_0814.jpg,20260822
train,/mnt/d/ruanjianxiazai/pycharm2026/datasets/dataset_2_binary_clean_v2/train/images/nozzle_extrusion_normal_0556.jpg,20260822
train,/mnt/d/ruanjianxiazai/pycharm2026/datasets/dataset_2_binary_clean_v2/train/images/nozzle_tip_wrapped_1090.jpg,20260822
train,/mnt/d/ruanjianxiazai/pycharm2026/datasets/dataset_2_binary_clean_v2/train/images/nozzle_extrusion_normal_1363.jpg,20260822
train,/mnt/d/ruanjianxiazai/pycharm2026/datasets/dataset_2_binary_clean_v2/train/images/nozzle_extrusion_normal_1028.jpg,20260822
train,/mnt/d/ruanjianxiazai/pycharm2026/datasets/dataset_2_binary_clean_v2/train/images/nozzle_extrusion_normal_1342.jpg,20260822
train,/mnt/d/ruanjianxiazai/pycharm2026/datasets/dataset_2_binary_clean_v2/train/images/nozzle_extrusion_normal_1418.jpg,20260822
train,/mnt/d/ruanjianxiazai/pycharm2026/datasets/dataset_2_binary_clean_v2/train/images/nozzle_tip_wrapped_1276.jpg,20260822
train,/mnt/d/ruanjianxiazai/pycharm2026/datasets/dataset_2_binary_clean_v2/train/images/nozzle_extrusion_normal_0056.jpg,20260822
train,/mnt/d/ruanjianxiazai/pycharm2026/datasets/dataset_2_binary_clean_v2/train/images/nozzle_no_extrusion_0604.jpg,20260822
train,/mnt/d/ruanjianxiazai/pycharm2026/datasets/dataset_2_binary_clean_v2/train/images/nozzle_extrusion_normal_1138.jpg,20260822
train,/mnt/d/ruanjianxiazai/pycharm2026/datasets/dataset_2_binary_clean_v2/train/images/nozzle_no_extrusion_0296.jpg,20260822
train,/mnt/d/ruanjianxiazai/pycharm2026/datasets/dataset_2_binary_clean_v2/train/images/nozzle_extrusion_normal_1471.jpg,20260822
train,/mnt/d/ruanjianxiazai/pycharm2026/datasets/dataset_2_binary_clean_v2/train/images/nozzle_extrusion_normal_1077.jpg,20260822
train,/mnt/d/ruanjianxiazai/pycharm2026/datasets/dataset_2_binary_clean_v2/train/images/nozzle_no_extrusion_0389.jpg,20260822
train,/mnt/d/ruanjianxiazai/pycharm2026/datasets/dataset_2_binary_clean_v2/train/images/nozzle_tip_wrapped_0872.jpg,20260822
train,/mnt/d/ruanjianxiazai/pycharm2026/datasets/dataset_2_binary_clean_v2/train/images/nozzle_tip_wrapped_0886.jpg,20260822
train,/mnt/d/ruanjianxiazai/pycharm2026/datasets/dataset_2_binary_clean_v2/train/images/nozzle_tip_wrapped_0923.jpg,20260822
train,/mnt/d/ruanjianxiazai/pycharm2026/datasets/dataset_2_binary_clean_v2/train/images/nozzle_extrusion_normal_0721.jpg,20260822
train,/mnt/d/ruanjianxiazai/pycharm2026/datasets/dataset_2_binary_clean_v2/train/images/nozzle_extrusion_normal_1513.jpg,20260822
train,/mnt/d/ruanjianxiazai/pycharm2026/datasets/dataset_2_binary_clean_v2/train/images/nozzle_tip_wrapped_0209.jpg,20260822
train,/mnt/d/ruanjianxiazai/pycharm2026/datasets/dataset_2_binary_clean_v2/train/images/nozzle_extrusion_normal_1169.jpg,20260822
train,/mnt/d/ruanjianxiazai/pycharm2026/datasets/dataset_2_binary_clean_v2/train/images/nozzle_extrusion_normal_0139.jpg,20260822
train,/mnt/d/ruanjianxiazai/pycharm2026/datasets/dataset_2_binary_clean_v2/train/images/nozzle_tip_wrapped_0885.jpg,20260822
train,/mnt/d/ruanjianxiazai/pycharm2026/datasets/dataset_2_binary_clean_v2/train/images/nozzle_no_extrusion_0768.jpg,20260822
train,/mnt/d/ruanjianxiazai/pycharm2026/datasets/dataset_2_binary_clean_v2/train/images/nozzle_tip_wrapped_0959.jpg,20260822
train,/mnt/d/ruanjianxiazai/pycharm2026/datasets/dataset_2_binary_clean_v2/train/images/nozzle_extrusion_normal_0412.jpg,20260822
train,/mnt/d/ruanjianxiazai/pycharm2026/datasets/dataset_2_binary_clean_v2/train/images/nozzle_tip_wrapped_0306.jpg,20260822
train,/mnt/d/ruanjianxiazai/pycharm2026/datasets/dataset_2_binary_clean_v2/train/images/nozzle_extrusion_normal_0739.jpg,20260822
train,/mnt/d/ruanjianxiazai/pycharm2026/datasets/dataset_2_binary_clean_v2/train/images/nozzle_extrusion_normal_0883.jpg,20260822
train,/mnt/d/ruanjianxiazai/pycharm2026/datasets/dataset_2_binary_clean_v2/train/images/nozzle_tip_wrapped_0439.jpg,20260822
train,/mnt/d/ruanjianxiazai/pycharm2026/datasets/dataset_2_binary_clean_v2/train/images/nozzle_extrusion_normal_0005.jpg,20260822
train,/mnt/d/ruanjianxiazai/pycharm2026/datasets/dataset_2_binary_clean_v2/train/images/nozzle_extrusion_normal_0525.jpg,20260822
train,/mnt/d/ruanjianxiazai/pycharm2026/datasets/dataset_2_binary_clean_v2/train/images/nozzle_tip_wrapped_0729.jpg,20260822
train,/mnt/d/ruanjianxiazai/pycharm2026/datasets/dataset_2_binary_clean_v2/train/images/nozzle_no_extrusion_0015.jpg,20260822
train,/mnt/d/ruanjianxiazai/pycharm2026/datasets/dataset_2_binary_clean_v2/train/images/nozzle_tip_wrapped_0504.jpg,20260822
train,/mnt/d/ruanjianxiazai/pycharm2026/datasets/dataset_2_binary_clean_v2/train/images/nozzle_no_extrusion_0795.jpg,20260822
train,/mnt/d/ruanjianxiazai/pycharm2026/datasets/dataset_2_binary_clean_v2/train/images/nozzle_extrusion_normal_0840.jpg,20260822
train,/mnt/d/ruanjianxiazai/pycharm2026/datasets/dataset_2_binary_clean_v2/train/images/nozzle_extrusion_normal_0690.jpg,20260822
train,/mnt/d/ruanjianxiazai/pycharm2026/datasets/dataset_2_binary_clean_v2/train/images/nozzle_no_extrusion_0161.jpg,20260822
train,/mnt/d/ruanjianxiazai/pycharm2026/datasets/dataset_2_binary_clean_v2/train/images/nozzle_tip_wrapped_0696.jpg,20260822
train,/mnt/d/ruanjianxiazai/pycharm2026/datasets/dataset_2_binary_clean_v2/train/images/nozzle_tip_wrapped_0532.jpg,20260822
train,/mnt/d/ruanjianxiazai/pycharm2026/datasets/dataset_2_binary_clean_v2/train/images/nozzle_extrusion_normal_0797.jpg,20260822
train,/mnt/d/ruanjianxiazai/pycharm2026/datasets/dataset_2_binary_clean_v2/train/images/nozzle_no_extrusion_0048.jpg,20260822
train,/mnt/d/ruanjianxiazai/pycharm2026/datasets/dataset_2_binary_clean_v2/train/images/nozzle_tip_wrapped_0202.jpg,20260822
train,/mnt/d/ruanjianxiazai/pycharm2026/datasets/dataset_2_binary_clean_v2/train/images/nozzle_extrusion_normal_0170.jpg,20260822
train,/mnt/d/ruanjianxiazai/pycharm2026/datasets/dataset_2_binary_clean_v2/train/images/nozzle_extrusion_normal_0207.jpg,20260822
train,/mnt/d/ruanjianxiazai/pycharm2026/datasets/dataset_2_binary_clean_v2/train/images/nozzle_extrusion_normal_1051.jpg,20260822
train,/mnt/d/ruanjianxiazai/pycharm2026/datasets/dataset_2_binary_clean_v2/train/images/nozzle_tip_wrapped_0730.jpg,20260822
train,/mnt/d/ruanjianxiazai/pycharm2026/datasets/dataset_2_binary_clean_v2/train/images/nozzle_extrusion_normal_0360.jpg,20260822
train,/mnt/d/ruanjianxiazai/pycharm2026/datasets/dataset_2_binary_clean_v2/train/images/nozzle_tip_wrapped_1293.jpg,20260822
train,/mnt/d/ruanjianxiazai/pycharm2026/datasets/dataset_2_binary_clean_v2/train/images/nozzle_extrusion_normal_0545.jpg,20260822
train,/mnt/d/ruanjianxiazai/pycharm2026/datasets/dataset_2_binary_clean_v2/train/images/nozzle_tip_wrapped_1027.jpg,20260822
train,/mnt/d/ruanjianxiazai/pycharm2026/datasets/dataset_2_binary_clean_v2/train/images/nozzle_tip_wrapped_0903.jpg,20260822
train,/mnt/d/ruanjianxiazai/pycharm2026/datasets/dataset_2_binary_clean_v2/train/images/nozzle_no_extrusion_0517.jpg,20260822
train,/mnt/d/ruanjianxiazai/pycharm2026/datasets/dataset_2_binary_clean_v2/train/images/nozzle_extrusion_normal_0328.jpg,20260822
train,/mnt/d/ruanjianxiazai/pycharm2026/datasets/dataset_2_binary_clean_v2/train/images/nozzle_tip_wrapped_0050.jpg,20260822
train,/mnt/d/ruanjianxiazai/pycharm2026/datasets/dataset_2_binary_clean_v2/train/images/nozzle_tip_wrapped_0884.jpg,20260822
train,/mnt/d/ruanjianxiazai/pycharm2026/datasets/dataset_2_binary_clean_v2/train/images/nozzle_extrusion_normal_0572.jpg,20260822
train,/mnt/d/ruanjianxiazai/pycharm2026/datasets/dataset_2_binary_clean_v2/train/images/nozzle_tip_wrapped_1182.jpg,20260822
train,/mnt/d/ruanjianxiazai/pycharm2026/datasets/dataset_2_binary_clean_v2/train/images/nozzle_no_extrusion_0346.jpg,20260822
train,/mnt/d/ruanjianxiazai/pycharm2026/datasets/dataset_2_binary_clean_v2/train/images/nozzle_no_extrusion_0758.jpg,20260822
train,/mnt/d/ruanjianxiazai/pycharm2026/datasets/dataset_2_binary_clean_v2/train/images/nozzle_extrusion_normal_1438.jpg,20260822
train,/mnt/d/ruanjianxiazai/pycharm2026/datasets/dataset_2_binary_clean_v2/train/images/nozzle_heavy_contamination_0008.jpg,20260822
train,/mnt/d/ruanjianxiazai/pycharm2026/datasets/dataset_2_binary_clean_v2/train/images/nozzle_tip_wrapped_1201.jpg,20260822
train,/mnt/d/ruanjianxiazai/pycharm2026/datasets/dataset_2_binary_clean_v2/train/images/nozzle_tip_wrapped_0543.jpg,20260822
train,/mnt/d/ruanjianxiazai/pycharm2026/datasets/dataset_2_binary_clean_v2/train/images/nozzle_no_extrusion_0512.jpg,20260822
train,/mnt/d/ruanjianxiazai/pycharm2026/datasets/dataset_2_binary_clean_v2/train/images/nozzle_tip_wrapped_0627.jpg,20260822
train,/mnt/d/ruanjianxiazai/pycharm2026/datasets/dataset_2_binary_clean_v2/train/images/nozzle_extrusion_normal_1014.jpg,20260822
train,/mnt/d/ruanjianxiazai/pycharm2026/datasets/dataset_2_binary_clean_v2/train/images/nozzle_extrusion_normal_1118.jpg,20260822
train,/mnt/d/ruanjianxiazai/pycharm2026/datasets/dataset_2_binary_clean_v2/train/images/nozzle_tip_wrapped_0545.jpg,20260822
train,/mnt/d/ruanjianxiazai/pycharm2026/datasets/dataset_2_binary_clean_v2/train/images/nozzle_no_extrusion_0030.jpg,20260822
train,/mnt/d/ruanjianxiazai/pycharm2026/datasets/dataset_2_binary_clean_v2/train/images/nozzle_tip_wrapped_1147.jpg,20260822
train,/mnt/d/ruanjianxiazai/pycharm2026/datasets/dataset_2_binary_clean_v2/train/images/nozzle_extrusion_normal_0860.jpg,20260822
train,/mnt/d/ruanjianxiazai/pycharm2026/datasets/dataset_2_binary_clean_v2/train/images/nozzle_no_extrusion_0710.jpg,20260822
train,/mnt/d/ruanjianxiazai/pycharm2026/datasets/dataset_2_binary_clean_v2/train/images/nozzle_extrusion_normal_1124.jpg,20260822
train,/mnt/d/ruanjianxiazai/pycharm2026/datasets/dataset_2_binary_clean_v2/train/images/nozzle_extrusion_normal_0068.jpg,20260822
train,/mnt/d/ruanjianxiazai/pycharm2026/datasets/dataset_2_binary_clean_v2/train/images/nozzle_tip_wrapped_1063.jpg,20260822
train,/mnt/d/ruanjianxiazai/pycharm2026/datasets/dataset_2_binary_clean_v2/train/images/nozzle_extrusion_normal_0159.jpg,20260822
train,/mnt/d/ruanjianxiazai/pycharm2026/datasets/dataset_2_binary_clean_v2/train/images/nozzle_tip_wrapped_1067.jpg,20260822
train,/mnt/d/ruanjianxiazai/pycharm2026/datasets/dataset_2_binary_clean_v2/train/images/nozzle_extrusion_normal_1464.jpg,20260822
train,/mnt/d/ruanjianxiazai/pycharm2026/datasets/dataset_2_binary_clean_v2/train/images/nozzle_heavy_contamination_0015.jpg,20260822
train,/mnt/d/ruanjianxiazai/pycharm2026/datasets/dataset_2_binary_clean_v2/train/images/nozzle_tip_wrapped_0526.jpg,20260822
train,/mnt/d/ruanjianxiazai/pycharm2026/datasets/dataset_2_binary_clean_v2/train/images/nozzle_no_extrusion_0215.jpg,20260822
train,/mnt/d/ruanjianxiazai/pycharm2026/datasets/dataset_2_binary_clean_v2/train/images/nozzle_no_extrusion_0471.jpg,20260822
train,/mnt/d/ruanjianxiazai/pycharm2026/datasets/dataset_2_binary_clean_v2/train/images/nozzle_extrusion_normal_1299.jpg,20260822
train,/mnt/d/ruanjianxiazai/pycharm2026/datasets/dataset_2_binary_clean_v2/train/images/nozzle_extrusion_normal_0267.jpg,20260822
train,/mnt/d/ruanjianxiazai/pycharm2026/datasets/dataset_2_binary_clean_v2/train/images/nozzle_tip_wrapped_0323.jpg,20260822
train,/mnt/d/ruanjianxiazai/pycharm2026/datasets/dataset_2_binary_clean_v2/train/images/nozzle_no_extrusion_0694.jpg,20260822
train,/mnt/d/ruanjianxiazai/pycharm2026/datasets/dataset_2_binary_clean_v2/train/images/nozzle_extrusion_normal_0118.jpg,20260822
train,/mnt/d/ruanjianxiazai/pycharm2026/datasets/dataset_2_binary_clean_v2/train/images/nozzle_tip_wrapped_0714.jpg,20260822
train,/mnt/d/ruanjianxiazai/pycharm2026/datasets/dataset_2_binary_clean_v2/train/images/nozzle_tip_wrapped_1227.jpg,20260822
train,/mnt/d/ruanjianxiazai/pycharm2026/datasets/dataset_2_binary_clean_v2/train/images/nozzle_no_extrusion_0482.jpg,20260822
train,/mnt/d/ruanjianxiazai/pycharm2026/datasets/dataset_2_binary_clean_v2/train/images/nozzle_extrusion_normal_1306.jpg,20260822
train,/mnt/d/ruanjianxiazai/pycharm2026/datasets/dataset_2_binary_clean_v2/train/images/nozzle_tip_wrapped_0437.jpg,20260822
train,/mnt/d/ruanjianxiazai/pycharm2026/datasets/dataset_2_binary_clean_v2/train/images/nozzle_no_extrusion_0032.jpg,20260822
train,/mnt/d/ruanjianxiazai/pycharm2026/datasets/dataset_2_binary_clean_v2/train/images/nozzle_extrusion_normal_1289.jpg,20260822
train,/mnt/d/ruanjianxiazai/pycharm2026/datasets/dataset_2_binary_clean_v2/train/images/nozzle_extrusion_normal_1044.jpg,20260822
train,/mnt/d/ruanjianxiazai/pycharm2026/datasets/dataset_2_binary_clean_v2/train/images/nozzle_tip_wrapped_1151.jpg,20260822
train,/mnt/d/ruanjianxiazai/pycharm2026/datasets/dataset_2_binary_clean_v2/train/images/nozzle_no_extrusion_0731.jpg,20260822
train,/mnt/d/ruanjianxiazai/pycharm2026/datasets/dataset_2_binary_clean_v2/train/images/nozzle_extrusion_normal_0715.jpg,20260822
train,/mnt/d/ruanjianxiazai/pycharm2026/datasets/dataset_2_binary_clean_v2/train/images/nozzle_no_extrusion_0188.jpg,20260822
train,/mnt/d/ruanjianxiazai/pycharm2026/datasets/dataset_2_binary_clean_v2/train/images/nozzle_no_extrusion_0538.jpg,20260822
train,/mnt/d/ruanjianxiazai/pycharm2026/datasets/dataset_2_binary_clean_v2/train/images/nozzle_extrusion_normal_0478.jpg,20260822
train,/mnt/d/ruanjianxiazai/pycharm2026/datasets/dataset_2_binary_clean_v2/train/images/nozzle_tip_wrapped_1280.jpg,20260822
train,/mnt/d/ruanjianxiazai/pycharm2026/datasets/dataset_2_binary_clean_v2/train/images/nozzle_no_extrusion_0154.jpg,20260822
train,/mnt/d/ruanjianxiazai/pycharm2026/datasets/dataset_2_binary_clean_v2/train/images/nozzle_extrusion_normal_1506.jpg,20260822
train,/mnt/d/ruanjianxiazai/pycharm2026/datasets/dataset_2_binary_clean_v2/train/images/nozzle_extrusion_normal_1308.jpg,20260822
train,/mnt/d/ruanjianxiazai/pycharm2026/datasets/dataset_2_binary_clean_v2/train/images/nozzle_no_extrusion_0892.jpg,20260822
train,/mnt/d/ruanjianxiazai/pycharm2026/datasets/dataset_2_binary_clean_v2/train/images/nozzle_no_extrusion_0797.jpg,20260822
train,/mnt/d/ruanjianxiazai/pycharm2026/datasets/dataset_2_binary_clean_v2/train/images/nozzle_extrusion_normal_0458.jpg,20260822
train,/mnt/d/ruanjianxiazai/pycharm2026/datasets/dataset_2_binary_clean_v2/train/images/nozzle_extrusion_normal_1075.jpg,20260822
train,/mnt/d/ruanjianxiazai/pycharm2026/datasets/dataset_2_binary_clean_v2/train/images/nozzle_extrusion_normal_0569.jpg,20260822
train,/mnt/d/ruanjianxiazai/pycharm2026/datasets/dataset_2_binary_clean_v2/train/images/nozzle_extrusion_normal_0154.jpg,20260822
train,/mnt/d/ruanjianxiazai/pycharm2026/datasets/dataset_2_binary_clean_v2/train/images/nozzle_extrusion_normal_1518.jpg,20260822
train,/mnt/d/ruanjianxiazai/pycharm2026/datasets/dataset_2_binary_clean_v2/train/images/nozzle_extrusion_normal_0510.jpg,20260822
train,/mnt/d/ruanjianxiazai/pycharm2026/datasets/dataset_2_binary_clean_v2/train/images/nozzle_no_extrusion_0853.jpg,20260822
train,/mnt/d/ruanjianxiazai/pycharm2026/datasets/dataset_2_binary_clean_v2/train/images/nozzle_no_extrusion_0548.jpg,20260822
train,/mnt/d/ruanjianxiazai/pycharm2026/datasets/dataset_2_binary_clean_v2/train/images/nozzle_extrusion_normal_1405.jpg,20260822
train,/mnt/d/ruanjianxiazai/pycharm2026/datasets/dataset_2_binary_clean_v2/train/images/nozzle_extrusion_normal_0128.jpg,20260822
train,/mnt/d/ruanjianxiazai/pycharm2026/datasets/dataset_2_binary_clean_v2/train/images/nozzle_extrusion_normal_0321.jpg,20260822
train,/mnt/d/ruanjianxiazai/pycharm2026/datasets/dataset_2_binary_clean_v2/train/images/nozzle_tip_wrapped_0795.jpg,20260822
train,/mnt/d/ruanjianxiazai/pycharm2026/datasets/dataset_2_binary_clean_v2/train/images/nozzle_extrusion_normal_0731.jpg,20260822
train,/mnt/d/ruanjianxiazai/pycharm2026/datasets/dataset_2_binary_clean_v2/train/images/nozzle_extrusion_normal_0666.jpg,20260822
train,/mnt/d/ruanjianxiazai/pycharm2026/datasets/dataset_2_binary_clean_v2/train/images/nozzle_tip_wrapped_0394.jpg,20260822
train,/mnt/d/ruanjianxiazai/pycharm2026/datasets/dataset_2_binary_clean_v2/train/images/nozzle_no_extrusion_0079.jpg,20260822
train,/mnt/d/ruanjianxiazai/pycharm2026/datasets/dataset_2_binary_clean_v2/train/images/nozzle_no_extrusion_0774.jpg,20260822
train,/mnt/d/ruanjianxiazai/pycharm2026/datasets/dataset_2_binary_clean_v2/train/images/nozzle_no_extrusion_0409.jpg,20260822
train,/mnt/d/ruanjianxiazai/pycharm2026/datasets/dataset_2_binary_clean_v2/train/images/nozzle_extrusion_normal_0358.jpg,20260822
train,/mnt/d/ruanjianxiazai/pycharm2026/datasets/dataset_2_binary_clean_v2/train/images/nozzle_extrusion_normal_0585.jpg,20260822
train,/mnt/d/ruanjianxiazai/pycharm2026/datasets/dataset_2_binary_clean_v2/train/images/nozzle_tip_wrapped_0123.jpg,20260822
train,/mnt/d/ruanjianxiazai/pycharm2026/datasets/dataset_2_binary_clean_v2/train/images/nozzle_no_extrusion_0878.jpg,20260822
train,/mnt/d/ruanjianxiazai/pycharm2026/datasets/dataset_2_binary_clean_v2/train/images/nozzle_tip_wrapped_0610.jpg,20260822
train,/mnt/d/ruanjianxiazai/pycharm2026/datasets/dataset_2_binary_clean_v2/train/images/nozzle_no_extrusion_0388.jpg,20260822
train,/mnt/d/ruanjianxiazai/pycharm2026/datasets/dataset_2_binary_clean_v2/train/images/nozzle_tip_wrapped_0871.jpg,20260822
train,/mnt/d/ruanjianxiazai/pycharm2026/datasets/dataset_2_binary_clean_v2/train/images/nozzle_heavy_contamination_0012.jpg,20260822
train,/mnt/d/ruanjianxiazai/pycharm2026/datasets/dataset_2_binary_clean_v2/train/images/nozzle_extrusion_normal_0015.jpg,20260822
train,/mnt/d/ruanjianxiazai/pycharm2026/datasets/dataset_2_binary_clean_v2/train/images/nozzle_tip_wrapped_0726.jpg,20260822
train,/mnt/d/ruanjianxiazai/pycharm2026/datasets/dataset_2_binary_clean_v2/train/images/nozzle_extrusion_normal_1499.jpg,20260822
train,/mnt/d/ruanjianxiazai/pycharm2026/datasets/dataset_2_binary_clean_v2/train/images/nozzle_extrusion_normal_0965.jpg,20260822
train,/mnt/d/ruanjianxiazai/pycharm2026/datasets/dataset_2_binary_clean_v2/train/images/nozzle_tip_wrapped_0104.jpg,20260822
train,/mnt/d/ruanjianxiazai/pycharm2026/datasets/dataset_2_binary_clean_v2/train/images/nozzle_extrusion_normal_0380.jpg,20260822
train,/mnt/d/ruanjianxiazai/pycharm2026/datasets/dataset_2_binary_clean_v2/train/images/nozzle_no_extrusion_0210.jpg,20260822
train,/mnt/d/ruanjianxiazai/pycharm2026/datasets/dataset_2_binary_clean_v2/train/images/nozzle_tip_wrapped_1283.jpg,20260822
train,/mnt/d/ruanjianxiazai/pycharm2026/datasets/dataset_2_binary_clean_v2/train/images/nozzle_extrusion_normal_1013.jpg,20260822
train,/mnt/d/ruanjianxiazai/pycharm2026/datasets/dataset_2_binary_clean_v2/train/images/nozzle_extrusion_normal_0822.jpg,20260822
train,/mnt/d/ruanjianxiazai/pycharm2026/datasets/dataset_2_binary_clean_v2/train/images/nozzle_extrusion_normal_1184.jpg,20260822
train,/mnt/d/ruanjianxiazai/pycharm2026/datasets/dataset_2_binary_clean_v2/train/images/nozzle_no_extrusion_0112.jpg,20260822
train,/mnt/d/ruanjianxiazai/pycharm2026/datasets/dataset_2_binary_clean_v2/train/images/nozzle_extrusion_normal_1086.jpg,20260822
train,/mnt/d/ruanjianxiazai/pycharm2026/datasets/dataset_2_binary_clean_v2/train/images/nozzle_no_extrusion_0024.jpg,20260822
train,/mnt/d/ruanjianxiazai/pycharm2026/datasets/dataset_2_binary_clean_v2/train/images/nozzle_tip_wrapped_1306.jpg,20260822
train,/mnt/d/ruanjianxiazai/pycharm2026/datasets/dataset_2_binary_clean_v2/train/images/nozzle_extrusion_normal_0493.jpg,20260822
train,/mnt/d/ruanjianxiazai/pycharm2026/datasets/dataset_2_binary_clean_v2/train/images/nozzle_no_extrusion_0858.jpg,20260822
train,/mnt/d/ruanjianxiazai/pycharm2026/datasets/dataset_2_binary_clean_v2/train/images/nozzle_extrusion_normal_1213.jpg,20260822
train,/mnt/d/ruanjianxiazai/pycharm2026/datasets/dataset_2_binary_clean_v2/train/images/nozzle_no_extrusion_0870.jpg,20260822
train,/mnt/d/ruanjianxiazai/pycharm2026/datasets/dataset_2_binary_clean_v2/train/images/nozzle_tip_wrapped_0480.jpg,20260822
train,/mnt/d/ruanjianxiazai/pycharm2026/datasets/dataset_2_binary_clean_v2/train/images/nozzle_extrusion_normal_1201.jpg,20260822
train,/mnt/d/ruanjianxiazai/pycharm2026/datasets/dataset_2_binary_clean_v2/train/images/nozzle_no_extrusion_0099.jpg,20260822
train,/mnt/d/ruanjianxiazai/pycharm2026/datasets/dataset_2_binary_clean_v2/train/images/nozzle_tip_wrapped_0896.jpg,20260822
train,/mnt/d/ruanjianxiazai/pycharm2026/datasets/dataset_2_binary_clean_v2/train/images/nozzle_tip_wrapped_1274.jpg,20260822
train,/mnt/d/ruanjianxiazai/pycharm2026/datasets/dataset_2_binary_clean_v2/train/images/nozzle_no_extrusion_0618.jpg,20260822
train,/mnt/d/ruanjianxiazai/pycharm2026/datasets/dataset_2_binary_clean_v2/train/images/nozzle_tip_wrapped_1264.jpg,20260822
train,/mnt/d/ruanjianxiazai/pycharm2026/datasets/dataset_2_binary_clean_v2/train/images/nozzle_no_extrusion_0402.jpg,20260822
train,/mnt/d/ruanjianxiazai/pycharm2026/datasets/dataset_2_binary_clean_v2/train/images/nozzle_extrusion_normal_1348.jpg,20260822
train,/mnt/d/ruanjianxiazai/pycharm2026/datasets/dataset_2_binary_clean_v2/train/images/nozzle_tip_wrapped_1001.jpg,20260822
train,/mnt/d/ruanjianxiazai/pycharm2026/datasets/dataset_2_binary_clean_v2/train/images/nozzle_no_extrusion_0066.jpg,20260822
train,/mnt/d/ruanjianxiazai/pycharm2026/datasets/dataset_2_binary_clean_v2/train/images/nozzle_tip_wrapped_0260.jpg,20260822
train,/mnt/d/ruanjianxiazai/pycharm2026/datasets/dataset_2_binary_clean_v2/train/images/nozzle_extrusion_normal_0968.jpg,20260822
train,/mnt/d/ruanjianxiazai/pycharm2026/datasets/dataset_2_binary_clean_v2/train/images/nozzle_tip_wrapped_1043.jpg,20260822
train,/mnt/d/ruanjianxiazai/pycharm2026/datasets/dataset_2_binary_clean_v2/train/images/nozzle_no_extrusion_0544.jpg,20260822
train,/mnt/d/ruanjianxiazai/pycharm2026/datasets/dataset_2_binary_clean_v2/train/images/nozzle_tip_wrapped_0509.jpg,20260822
train,/mnt/d/ruanjianxiazai/pycharm2026/datasets/dataset_2_binary_clean_v2/train/images/nozzle_tip_wrapped_1291.jpg,20260822
train,/mnt/d/ruanjianxiazai/pycharm2026/datasets/dataset_2_binary_clean_v2/train/images/nozzle_extrusion_normal_0117.jpg,20260822
train,/mnt/d/ruanjianxiazai/pycharm2026/datasets/dataset_2_binary_clean_v2/train/images/nozzle_extrusion_normal_0803.jpg,20260822
train,/mnt/d/ruanjianxiazai/pycharm2026/datasets/dataset_2_binary_clean_v2/train/images/nozzle_tip_wrapped_0689.jpg,20260822
train,/mnt/d/ruanjianxiazai/pycharm2026/datasets/dataset_2_binary_clean_v2/train/images/nozzle_extrusion_normal_0964.jpg,20260822
train,/mnt/d/ruanjianxiazai/pycharm2026/datasets/dataset_2_binary_clean_v2/train/images/nozzle_extrusion_normal_0241.jpg,20260822
train,/mnt/d/ruanjianxiazai/pycharm2026/datasets/dataset_2_binary_clean_v2/train/images/nozzle_no_extrusion_0126.jpg,20260822
train,/mnt/d/ruanjianxiazai/pycharm2026/datasets/dataset_2_binary_clean_v2/train/images/nozzle_extrusion_normal_1008.jpg,20260822
train,/mnt/d/ruanjianxiazai/pycharm2026/datasets/dataset_2_binary_clean_v2/train/images/nozzle_tip_wrapped_1246.jpg,20260822
train,/mnt/d/ruanjianxiazai/pycharm2026/datasets/dataset_2_binary_clean_v2/train/images/nozzle_no_extrusion_0229.jpg,20260822
train,/mnt/d/ruanjianxiazai/pycharm2026/datasets/dataset_2_binary_clean_v2/train/images/nozzle_tip_wrapped_0898.jpg,20260822
train,/mnt/d/ruanjianxiazai/pycharm2026/datasets/dataset_2_binary_clean_v2/train/images/nozzle_extrusion_normal_1352.jpg,20260822
train,/mnt/d/ruanjianxiazai/pycharm2026/datasets/dataset_2_binary_clean_v2/train/images/nozzle_extrusion_normal_0199.jpg,20260822
train,/mnt/d/ruanjianxiazai/pycharm2026/datasets/dataset_2_binary_clean_v2/train/images/nozzle_extrusion_normal_1110.jpg,20260822
train,/mnt/d/ruanjianxiazai/pycharm2026/datasets/dataset_2_binary_clean_v2/train/images/nozzle_no_extrusion_0445.jpg,20260822
train,/mnt/d/ruanjianxiazai/pycharm2026/datasets/dataset_2_binary_clean_v2/train/images/nozzle_extrusion_normal_0828.jpg,20260822
train,/mnt/d/ruanjianxiazai/pycharm2026/datasets/dataset_2_binary_clean_v2/train/images/nozzle_extrusion_normal_1500.jpg,20260822
train,/mnt/d/ruanjianxiazai/pycharm2026/datasets/dataset_2_binary_clean_v2/train/images/nozzle_extrusion_normal_1166.jpg,20260822
train,/mnt/d/ruanjianxiazai/pycharm2026/datasets/dataset_2_binary_clean_v2/train/images/nozzle_tip_wrapped_1303.jpg,20260822
train,/mnt/d/ruanjianxiazai/pycharm2026/datasets/dataset_2_binary_clean_v2/train/images/nozzle_tip_wrapped_0430.jpg,20260822
train,/mnt/d/ruanjianxiazai/pycharm2026/datasets/dataset_2_binary_clean_v2/train/images/nozzle_extrusion_normal_1389.jpg,20260822
train,/mnt/d/ruanjianxiazai/pycharm2026/datasets/dataset_2_binary_clean_v2/train/images/nozzle_extrusion_normal_0944.jpg,20260822
train,/mnt/d/ruanjianxiazai/pycharm2026/datasets/dataset_2_binary_clean_v2/train/images/nozzle_tip_wrapped_0285.jpg,20260822
train,/mnt/d/ruanjianxiazai/pycharm2026/datasets/dataset_2_binary_clean_v2/train/images/nozzle_tip_wrapped_0949.jpg,20260822
train,/mnt/d/ruanjianxiazai/pycharm2026/datasets/dataset_2_binary_clean_v2/train/images/nozzle_tip_wrapped_0103.jpg,20260822
train,/mnt/d/ruanjianxiazai/pycharm2026/datasets/dataset_2_binary_clean_v2/train/images/nozzle_extrusion_normal_0832.jpg,20260822
train,/mnt/d/ruanjianxiazai/pycharm2026/datasets/dataset_2_binary_clean_v2/train/images/nozzle_no_extrusion_0576.jpg,20260822
train,/mnt/d/ruanjianxiazai/pycharm2026/datasets/dataset_2_binary_clean_v2/train/images/nozzle_tip_wrapped_0690.jpg,20260822
train,/mnt/d/ruanjianxiazai/pycharm2026/datasets/dataset_2_binary_clean_v2/train/images/nozzle_tip_wrapped_0165.jpg,20260822
train,/mnt/d/ruanjianxiazai/pycharm2026/datasets/dataset_2_binary_clean_v2/train/images/nozzle_no_extrusion_0265.jpg,20260822
train,/mnt/d/ruanjianxiazai/pycharm2026/datasets/dataset_2_binary_clean_v2/train/images/nozzle_extrusion_normal_0815.jpg,20260822
train,/mnt/d/ruanjianxiazai/pycharm2026/datasets/dataset_2_binary_clean_v2/train/images/nozzle_extrusion_normal_0127.jpg,20260822
train,/mnt/d/ruanjianxiazai/pycharm2026/datasets/dataset_2_binary_clean_v2/train/images/nozzle_no_extrusion_0279.jpg,20260822
train,/mnt/d/ruanjianxiazai/pycharm2026/datasets/dataset_2_binary_clean_v2/train/images/nozzle_extrusion_normal_0782.jpg,20260822
train,/mnt/d/ruanjianxiazai/pycharm2026/datasets/dataset_2_binary_clean_v2/train/images/nozzle_no_extrusion_0841.jpg,20260822
train,/mnt/d/ruanjianxiazai/pycharm2026/datasets/dataset_2_binary_clean_v2/train/images/nozzle_tip_wrapped_1105.jpg,20260822
train,/mnt/d/ruanjianxiazai/pycharm2026/datasets/dataset_2_binary_clean_v2/train/images/nozzle_tip_wrapped_0466.jpg,20260822
train,/mnt/d/ruanjianxiazai/pycharm2026/datasets/dataset_2_binary_clean_v2/train/images/nozzle_extrusion_normal_0764.jpg,20260822
train,/mnt/d/ruanjianxiazai/pycharm2026/datasets/dataset_2_binary_clean_v2/train/images/nozzle_tip_wrapped_0326.jpg,20260822
train,/mnt/d/ruanjianxiazai/pycharm2026/datasets/dataset_2_binary_clean_v2/train/images/nozzle_no_extrusion_0422.jpg,20260822
train,/mnt/d/ruanjianxiazai/pycharm2026/datasets/dataset_2_binary_clean_v2/train/images/nozzle_extrusion_normal_0245.jpg,20260822
train,/mnt/d/ruanjianxiazai/pycharm2026/datasets/dataset_2_binary_clean_v2/train/images/nozzle_no_extrusion_0530.jpg,20260822
train,/mnt/d/ruanjianxiazai/pycharm2026/datasets/dataset_2_binary_clean_v2/train/images/nozzle_tip_wrapped_0482.jpg,20260822
train,/mnt/d/ruanjianxiazai/pycharm2026/datasets/dataset_2_binary_clean_v2/train/images/nozzle_no_extrusion_0295.jpg,20260822
train,/mnt/d/ruanjianxiazai/pycharm2026/datasets/dataset_2_binary_clean_v2/train/images/nozzle_tip_wrapped_0878.jpg,20260822
train,/mnt/d/ruanjianxiazai/pycharm2026/datasets/dataset_2_binary_clean_v2/train/images/nozzle_extrusion_normal_1113.jpg,20260822
train,/mnt/d/ruanjianxiazai/pycharm2026/datasets/dataset_2_binary_clean_v2/train/images/nozzle_extrusion_normal_0263.jpg,20260822
train,/mnt/d/ruanjianxiazai/pycharm2026/datasets/dataset_2_binary_clean_v2/train/images/nozzle_no_extrusion_0508.jpg,20260822
train,/mnt/d/ruanjianxiazai/pycharm2026/datasets/dataset_2_binary_clean_v2/train/images/nozzle_tip_wrapped_0649.jpg,20260822
train,/mnt/d/ruanjianxiazai/pycharm2026/datasets/dataset_2_binary_clean_v2/train/images/nozzle_no_extrusion_0728.jpg,20260822
train,/mnt/d/ruanjianxiazai/pycharm2026/datasets/dataset_2_binary_clean_v2/train/images/nozzle_extrusion_normal_0461.jpg,20260822
train,/mnt/d/ruanjianxiazai/pycharm2026/datasets/dataset_2_binary_clean_v2/train/images/nozzle_extrusion_normal_1091.jpg,20260822
train,/mnt/d/ruanjianxiazai/pycharm2026/datasets/dataset_2_binary_clean_v2/train/images/nozzle_tip_wrapped_1093.jpg,20260822
train,/mnt/d/ruanjianxiazai/pycharm2026/datasets/dataset_2_binary_clean_v2/train/images/nozzle_extrusion_normal_0711.jpg,20260822
train,/mnt/d/ruanjianxiazai/pycharm2026/datasets/dataset_2_binary_clean_v2/train/images/nozzle_extrusion_normal_0594.jpg,20260822
train,/mnt/d/ruanjianxiazai/pycharm2026/datasets/dataset_2_binary_clean_v2/train/images/nozzle_tip_wrapped_0465.jpg,20260822
train,/mnt/d/ruanjianxiazai/pycharm2026/datasets/dataset_2_binary_clean_v2/train/images/nozzle_extrusion_normal_0934.jpg,20260822
train,/mnt/d/ruanjianxiazai/pycharm2026/datasets/dataset_2_binary_clean_v2/train/images/nozzle_extrusion_normal_1189.jpg,20260822
train,/mnt/d/ruanjianxiazai/pycharm2026/datasets/dataset_2_binary_clean_v2/train/images/nozzle_extrusion_normal_0058.jpg,20260822
train,/mnt/d/ruanjianxiazai/pycharm2026/datasets/dataset_2_binary_clean_v2/train/images/nozzle_extrusion_normal_0696.jpg,20260822
train,/mnt/d/ruanjianxiazai/pycharm2026/datasets/dataset_2_binary_clean_v2/train/images/nozzle_tip_wrapped_0092.jpg,20260822
train,/mnt/d/ruanjianxiazai/pycharm2026/datasets/dataset_2_binary_clean_v2/train/images/nozzle_extrusion_normal_0506.jpg,20260822
train,/mnt/d/ruanjianxiazai/pycharm2026/datasets/dataset_2_binary_clean_v2/train/images/nozzle_extrusion_normal_1157.jpg,20260822
train,/mnt/d/ruanjianxiazai/pycharm2026/datasets/dataset_2_binary_clean_v2/train/images/nozzle_tip_wrapped_0451.jpg,20260822
train,/mnt/d/ruanjianxiazai/pycharm2026/datasets/dataset_2_binary_clean_v2/train/images/nozzle_tip_wrapped_0973.jpg,20260822
train,/mnt/d/ruanjianxiazai/pycharm2026/datasets/dataset_2_binary_clean_v2/train/images/nozzle_tip_wrapped_0435.jpg,20260822
train,/mnt/d/ruanjianxiazai/pycharm2026/datasets/dataset_2_binary_clean_v2/train/images/nozzle_extrusion_normal_0051.jpg,20260822
train,/mnt/d/ruanjianxiazai/pycharm2026/datasets/dataset_2_binary_clean_v2/train/images/nozzle_extrusion_normal_0408.jpg,20260822
train,/mnt/d/ruanjianxiazai/pycharm2026/datasets/dataset_2_binary_clean_v2/train/images/nozzle_tip_wrapped_0986.jpg,20260822
train,/mnt/d/ruanjianxiazai/pycharm2026/datasets/dataset_2_binary_clean_v2/train/images/nozzle_no_extrusion_0184.jpg,20260822
train,/mnt/d/ruanjianxiazai/pycharm2026/datasets/dataset_2_binary_clean_v2/train/images/nozzle_no_extrusion_0035.jpg,20260822
train,/mnt/d/ruanjianxiazai/pycharm2026/datasets/dataset_2_binary_clean_v2/train/images/nozzle_extrusion_normal_0091.jpg,20260822
train,/mnt/d/ruanjianxiazai/pycharm2026/datasets/dataset_2_binary_clean_v2/train/images/nozzle_no_extrusion_0323.jpg,20260822
train,/mnt/d/ruanjianxiazai/pycharm2026/datasets/dataset_2_binary_clean_v2/train/images/nozzle_tip_wrapped_0672.jpg,20260822
train,/mnt/d/ruanjianxiazai/pycharm2026/datasets/dataset_2_binary_clean_v2/train/images/nozzle_extrusion_normal_0031.jpg,20260822
train,/mnt/d/ruanjianxiazai/pycharm2026/datasets/dataset_2_binary_clean_v2/train/images/nozzle_tip_wrapped_0651.jpg,20260822
train,/mnt/d/ruanjianxiazai/pycharm2026/datasets/dataset_2_binary_clean_v2/train/images/nozzle_extrusion_normal_1167.jpg,20260822
train,/mnt/d/ruanjianxiazai/pycharm2026/datasets/dataset_2_binary_clean_v2/train/images/nozzle_no_extrusion_0151.jpg,20260822
train,/mnt/d/ruanjianxiazai/pycharm2026/datasets/dataset_2_binary_clean_v2/train/images/nozzle_tip_wrapped_1169.jpg,20260822
train,/mnt/d/ruanjianxiazai/pycharm2026/datasets/dataset_2_binary_clean_v2/train/images/nozzle_extrusion_normal_0192.jpg,20260822
train,/mnt/d/ruanjianxiazai/pycharm2026/datasets/dataset_2_binary_clean_v2/train/images/nozzle_extrusion_normal_0677.jpg,20260822
train,/mnt/d/ruanjianxiazai/pycharm2026/datasets/dataset_2_binary_clean_v2/train/images/nozzle_no_extrusion_0757.jpg,20260822
train,/mnt/d/ruanjianxiazai/pycharm2026/datasets/dataset_2_binary_clean_v2/train/images/nozzle_tip_wrapped_0905.jpg,20260822
train,/mnt/d/ruanjianxiazai/pycharm2026/datasets/dataset_2_binary_clean_v2/train/images/nozzle_no_extrusion_0097.jpg,20260822
train,/mnt/d/ruanjianxiazai/pycharm2026/datasets/dataset_2_binary_clean_v2/train/images/nozzle_extrusion_normal_1182.jpg,20260822
train,/mnt/d/ruanjianxiazai/pycharm2026/datasets/dataset_2_binary_clean_v2/train/images/nozzle_tip_wrapped_1189.jpg,20260822
train,/mnt/d/ruanjianxiazai/pycharm2026/datasets/dataset_2_binary_clean_v2/train/images/nozzle_no_extrusion_0251.jpg,20260822
train,/mnt/d/ruanjianxiazai/pycharm2026/datasets/dataset_2_binary_clean_v2/train/images/nozzle_tip_wrapped_0954.jpg,20260822
train,/mnt/d/ruanjianxiazai/pycharm2026/datasets/dataset_2_binary_clean_v2/train/images/nozzle_extrusion_normal_1156.jpg,20260822
train,/mnt/d/ruanjianxiazai/pycharm2026/datasets/dataset_2_binary_clean_v2/train/images/nozzle_tip_wrapped_0848.jpg,20260822
train,/mnt/d/ruanjianxiazai/pycharm2026/datasets/dataset_2_binary_clean_v2/train/images/nozzle_no_extrusion_0913.jpg,20260822
train,/mnt/d/ruanjianxiazai/pycharm2026/datasets/dataset_2_binary_clean_v2/train/images/nozzle_tip_wrapped_1097.jpg,20260822
train,/mnt/d/ruanjianxiazai/pycharm2026/datasets/dataset_2_binary_clean_v2/train/images/nozzle_no_extrusion_0613.jpg,20260822
train,/mnt/d/ruanjianxiazai/pycharm2026/datasets/dataset_2_binary_clean_v2/train/images/nozzle_tip_wrapped_0438.jpg,20260822
train,/mnt/d/ruanjianxiazai/pycharm2026/datasets/dataset_2_binary_clean_v2/train/images/nozzle_no_extrusion_0098.jpg,20260822
train,/mnt/d/ruanjianxiazai/pycharm2026/datasets/dataset_2_binary_clean_v2/train/images/nozzle_tip_wrapped_0674.jpg,20260822
train,/mnt/d/ruanjianxiazai/pycharm2026/datasets/dataset_2_binary_clean_v2/train/images/nozzle_tip_wrapped_0406.jpg,20260822
train,/mnt/d/ruanjianxiazai/pycharm2026/datasets/dataset_2_binary_clean_v2/train/images/nozzle_tip_wrapped_0789.jpg,20260822
train,/mnt/d/ruanjianxiazai/pycharm2026/datasets/dataset_2_binary_clean_v2/train/images/nozzle_extrusion_normal_0327.jpg,20260822
train,/mnt/d/ruanjianxiazai/pycharm2026/datasets/dataset_2_binary_clean_v2/train/images/nozzle_extrusion_normal_1098.jpg,20260822
train,/mnt/d/ruanjianxiazai/pycharm2026/datasets/dataset_2_binary_clean_v2/train/images/nozzle_extrusion_normal_0145.jpg,20260822
train,/mnt/d/ruanjianxiazai/pycharm2026/datasets/dataset_2_binary_clean_v2/train/images/nozzle_tip_wrapped_0595.jpg,20260822
train,/mnt/d/ruanjianxiazai/pycharm2026/datasets/dataset_2_binary_clean_v2/train/images/nozzle_extrusion_normal_0390.jpg,20260822
train,/mnt/d/ruanjianxiazai/pycharm2026/datasets/dataset_2_binary_clean_v2/train/images/nozzle_extrusion_normal_1508.jpg,20260822
train,/mnt/d/ruanjianxiazai/pycharm2026/datasets/dataset_2_binary_clean_v2/train/images/nozzle_tip_wrapped_0643.jpg,20260822
train,/mnt/d/ruanjianxiazai/pycharm2026/datasets/dataset_2_binary_clean_v2/train/images/nozzle_extrusion_normal_1206.jpg,20260822
train,/mnt/d/ruanjianxiazai/pycharm2026/datasets/dataset_2_binary_clean_v2/train/images/nozzle_no_extrusion_0189.jpg,20260822
train,/mnt/d/ruanjianxiazai/pycharm2026/datasets/dataset_2_binary_clean_v2/train/images/nozzle_tip_wrapped_0550.jpg,20260822
train,/mnt/d/ruanjianxiazai/pycharm2026/datasets/dataset_2_binary_clean_v2/train/images/nozzle_extrusion_normal_0748.jpg,20260822
train,/mnt/d/ruanjianxiazai/pycharm2026/datasets/dataset_2_binary_clean_v2/train/images/nozzle_tip_wrapped_0641.jpg,20260822
train,/mnt/d/ruanjianxiazai/pycharm2026/datasets/dataset_2_binary_clean_v2/train/images/nozzle_no_extrusion_0691.jpg,20260822
train,/mnt/d/ruanjianxiazai/pycharm2026/datasets/dataset_2_binary_clean_v2/train/images/nozzle_no_extrusion_0686.jpg,20260822
train,/mnt/d/ruanjianxiazai/pycharm2026/datasets/dataset_2_binary_clean_v2/train/images/nozzle_tip_wrapped_0057.jpg,20260822
train,/mnt/d/ruanjianxiazai/pycharm2026/datasets/dataset_2_binary_clean_v2/train/images/nozzle_tip_wrapped_0036.jpg,20260822
train,/mnt/d/ruanjianxiazai/pycharm2026/datasets/dataset_2_binary_clean_v2/train/images/nozzle_extrusion_normal_0217.jpg,20260822
train,/mnt/d/ruanjianxiazai/pycharm2026/datasets/dataset_2_binary_clean_v2/train/images/nozzle_extrusion_normal_0744.jpg,20260822
train,/mnt/d/ruanjianxiazai/pycharm2026/datasets/dataset_2_binary_clean_v2/train/images/nozzle_tip_wrapped_0684.jpg,20260822
train,/mnt/d/ruanjianxiazai/pycharm2026/datasets/dataset_2_binary_clean_v2/train/images/nozzle_tip_wrapped_0078.jpg,20260822
train,/mnt/d/ruanjianxiazai/pycharm2026/datasets/dataset_2_binary_clean_v2/train/images/nozzle_no_extrusion_0864.jpg,20260822
train,/mnt/d/ruanjianxiazai/pycharm2026/datasets/dataset_2_binary_clean_v2/train/images/nozzle_tip_wrapped_0417.jpg,20260822
train,/mnt/d/ruanjianxiazai/pycharm2026/datasets/dataset_2_binary_clean_v2/train/images/nozzle_tip_wrapped_0304.jpg,20260822
train,/mnt/d/ruanjianxiazai/pycharm2026/datasets/dataset_2_binary_clean_v2/train/images/nozzle_tip_wrapped_1076.jpg,20260822
train,/mnt/d/ruanjianxiazai/pycharm2026/datasets/dataset_2_binary_clean_v2/train/images/nozzle_no_extrusion_0886.jpg,20260822
train,/mnt/d/ruanjianxiazai/pycharm2026/datasets/dataset_2_binary_clean_v2/train/images/nozzle_tip_wrapped_0997.jpg,20260822
train,/mnt/d/ruanjianxiazai/pycharm2026/datasets/dataset_2_binary_clean_v2/train/images/nozzle_no_extrusion_0150.jpg,20260822
train,/mnt/d/ruanjianxiazai/pycharm2026/datasets/dataset_2_binary_clean_v2/train/images/nozzle_tip_wrapped_1118.jpg,20260822
train,/mnt/d/ruanjianxiazai/pycharm2026/datasets/dataset_2_binary_clean_v2/train/images/nozzle_extrusion_normal_0294.jpg,20260822
train,/mnt/d/ruanjianxiazai/pycharm2026/datasets/dataset_2_binary_clean_v2/train/images/nozzle_tip_wrapped_0694.jpg,20260822
train,/mnt/d/ruanjianxiazai/pycharm2026/datasets/dataset_2_binary_clean_v2/train/images/nozzle_extrusion_normal_1215.jpg,20260822
train,/mnt/d/ruanjianxiazai/pycharm2026/datasets/dataset_2_binary_clean_v2/train/images/nozzle_tip_wrapped_1106.jpg,20260822
train,/mnt/d/ruanjianxiazai/pycharm2026/datasets/dataset_2_binary_clean_v2/train/images/nozzle_tip_wrapped_0693.jpg,20260822
train,/mnt/d/ruanjianxiazai/pycharm2026/datasets/dataset_2_binary_clean_v2/train/images/nozzle_tip_wrapped_0705.jpg,20260822
train,/mnt/d/ruanjianxiazai/pycharm2026/datasets/dataset_2_binary_clean_v2/train/images/nozzle_tip_wrapped_0455.jpg,20260822
train,/mnt/d/ruanjianxiazai/pycharm2026/datasets/dataset_2_binary_clean_v2/train/images/nozzle_extrusion_normal_0230.jpg,20260822
train,/mnt/d/ruanjianxiazai/pycharm2026/datasets/dataset_2_binary_clean_v2/train/images/nozzle_extrusion_normal_1334.jpg,20260822
train,/mnt/d/ruanjianxiazai/pycharm2026/datasets/dataset_2_binary_clean_v2/train/images/nozzle_tip_wrapped_0128.jpg,20260822
train,/mnt/d/ruanjianxiazai/pycharm2026/datasets/dataset_2_binary_clean_v2/train/images/nozzle_tip_wrapped_1300.jpg,20260822
train,/mnt/d/ruanjianxiazai/pycharm2026/datasets/dataset_2_binary_clean_v2/train/images/nozzle_tip_wrapped_0327.jpg,20260822
train,/mnt/d/ruanjianxiazai/pycharm2026/datasets/dataset_2_binary_clean_v2/train/images/nozzle_extrusion_normal_1235.jpg,20260822
train,/mnt/d/ruanjianxiazai/pycharm2026/datasets/dataset_2_binary_clean_v2/train/images/nozzle_tip_wrapped_1089.jpg,20260822
train,/mnt/d/ruanjianxiazai/pycharm2026/datasets/dataset_2_binary_clean_v2/train/images/nozzle_tip_wrapped_0349.jpg,20260822
train,/mnt/d/ruanjianxiazai/pycharm2026/datasets/dataset_2_binary_clean_v2/train/images/nozzle_extrusion_normal_0197.jpg,20260822
train,/mnt/d/ruanjianxiazai/pycharm2026/datasets/dataset_2_binary_clean_v2/train/images/nozzle_no_extrusion_0575.jpg,20260822
train,/mnt/d/ruanjianxiazai/pycharm2026/datasets/dataset_2_binary_clean_v2/train/images/nozzle_no_extrusion_0844.jpg,20260822
train,/mnt/d/ruanjianxiazai/pycharm2026/datasets/dataset_2_binary_clean_v2/train/images/nozzle_extrusion_normal_0582.jpg,20260822
train,/mnt/d/ruanjianxiazai/pycharm2026/datasets/dataset_2_binary_clean_v2/train/images/nozzle_extrusion_normal_0129.jpg,20260822
train,/mnt/d/ruanjianxiazai/pycharm2026/datasets/dataset_2_binary_clean_v2/train/images/nozzle_extrusion_normal_0353.jpg,20260822
train,/mnt/d/ruanjianxiazai/pycharm2026/datasets/dataset_2_binary_clean_v2/train/images/nozzle_heavy_contamination_0020.jpg,20260822
train,/mnt/d/ruanjianxiazai/pycharm2026/datasets/dataset_2_binary_clean_v2/train/images/nozzle_extrusion_normal_0816.jpg,20260822
train,/mnt/d/ruanjianxiazai/pycharm2026/datasets/dataset_2_binary_clean_v2/train/images/nozzle_extrusion_normal_1040.jpg,20260822
train,/mnt/d/ruanjianxiazai/pycharm2026/datasets/dataset_2_binary_clean_v2/train/images/nozzle_tip_wrapped_0144.jpg,20260822
train,/mnt/d/ruanjianxiazai/pycharm2026/datasets/dataset_2_binary_clean_v2/train/images/nozzle_tip_wrapped_0182.jpg,20260822
train,/mnt/d/ruanjianxiazai/pycharm2026/datasets/dataset_2_binary_clean_v2/train/images/nozzle_no_extrusion_0522.jpg,20260822
train,/mnt/d/ruanjianxiazai/pycharm2026/datasets/dataset_2_binary_clean_v2/train/images/nozzle_extrusion_normal_1192.jpg,20260822
train,/mnt/d/ruanjianxiazai/pycharm2026/datasets/dataset_2_binary_clean_v2/train/images/nozzle_tip_wrapped_0272.jpg,20260822
train,/mnt/d/ruanjianxiazai/pycharm2026/datasets/dataset_2_binary_clean_v2/train/images/nozzle_extrusion_normal_1337.jpg,20260822
train,/mnt/d/ruanjianxiazai/pycharm2026/datasets/dataset_2_binary_clean_v2/train/images/nozzle_tip_wrapped_1214.jpg,20260822
train,/mnt/d/ruanjianxiazai/pycharm2026/datasets/dataset_2_binary_clean_v2/train/images/nozzle_extrusion_normal_1228.jpg,20260822
train,/mnt/d/ruanjianxiazai/pycharm2026/datasets/dataset_2_binary_clean_v2/train/images/nozzle_extrusion_normal_0941.jpg,20260822
train,/mnt/d/ruanjianxiazai/pycharm2026/datasets/dataset_2_binary_clean_v2/train/images/nozzle_tip_wrapped_1107.jpg,20260822
train,/mnt/d/ruanjianxiazai/pycharm2026/datasets/dataset_2_binary_clean_v2/train/images/nozzle_extrusion_normal_1159.jpg,20260822
train,/mnt/d/ruanjianxiazai/pycharm2026/datasets/dataset_2_binary_clean_v2/train/images/nozzle_no_extrusion_0790.jpg,20260822
train,/mnt/d/ruanjianxiazai/pycharm2026/datasets/dataset_2_binary_clean_v2/train/images/nozzle_tip_wrapped_0556.jpg,20260822
train,/mnt/d/ruanjianxiazai/pycharm2026/datasets/dataset_2_binary_clean_v2/train/images/nozzle_tip_wrapped_0847.jpg,20260822
train,/mnt/d/ruanjianxiazai/pycharm2026/datasets/dataset_2_binary_clean_v2/train/images/nozzle_no_extrusion_0407.jpg,20260822
train,/mnt/d/ruanjianxiazai/pycharm2026/datasets/dataset_2_binary_clean_v2/train/images/nozzle_no_extrusion_0105.jpg,20260822
train,/mnt/d/ruanjianxiazai/pycharm2026/datasets/dataset_2_binary_clean_v2/train/images/nozzle_tip_wrapped_0515.jpg,20260822
train,/mnt/d/ruanjianxiazai/pycharm2026/datasets/dataset_2_binary_clean_v2/train/images/nozzle_tip_wrapped_0787.jpg,20260822
train,/mnt/d/ruanjianxiazai/pycharm2026/datasets/dataset_2_binary_clean_v2/train/images/nozzle_no_extrusion_0876.jpg,20260822
train,/mnt/d/ruanjianxiazai/pycharm2026/datasets/dataset_2_binary_clean_v2/train/images/nozzle_tip_wrapped_0232.jpg,20260822
train,/mnt/d/ruanjianxiazai/pycharm2026/datasets/dataset_2_binary_clean_v2/train/images/nozzle_tip_wrapped_1079.jpg,20260822
train,/mnt/d/ruanjianxiazai/pycharm2026/datasets/dataset_2_binary_clean_v2/train/images/nozzle_no_extrusion_0191.jpg,20260822
train,/mnt/d/ruanjianxiazai/pycharm2026/datasets/dataset_2_binary_clean_v2/train/images/nozzle_extrusion_normal_0175.jpg,20260822
train,/mnt/d/ruanjianxiazai/pycharm2026/datasets/dataset_2_binary_clean_v2/train/images/nozzle_no_extrusion_0010.jpg,20260822
train,/mnt/d/ruanjianxiazai/pycharm2026/datasets/dataset_2_binary_clean_v2/train/images/nozzle_extrusion_normal_1468.jpg,20260822
train,/mnt/d/ruanjianxiazai/pycharm2026/datasets/dataset_2_binary_clean_v2/train/images/nozzle_slight_contamination_0001.jpg,20260822
train,/mnt/d/ruanjianxiazai/pycharm2026/datasets/dataset_2_binary_clean_v2/train/images/nozzle_tip_wrapped_0723.jpg,20260822
train,/mnt/d/ruanjianxiazai/pycharm2026/datasets/dataset_2_binary_clean_v2/train/images/nozzle_tip_wrapped_1139.jpg,20260822
train,/mnt/d/ruanjianxiazai/pycharm2026/datasets/dataset_2_binary_clean_v2/train/images/nozzle_extrusion_normal_0808.jpg,20260822
train,/mnt/d/ruanjianxiazai/pycharm2026/datasets/dataset_2_binary_clean_v2/train/images/nozzle_tip_wrapped_0266.jpg,20260822
train,/mnt/d/ruanjianxiazai/pycharm2026/datasets/dataset_2_binary_clean_v2/train/images/nozzle_extrusion_normal_0134.jpg,20260822
train,/mnt/d/ruanjianxiazai/pycharm2026/datasets/dataset_2_binary_clean_v2/train/images/nozzle_extrusion_normal_0272.jpg,20260822
train,/mnt/d/ruanjianxiazai/pycharm2026/datasets/dataset_2_binary_clean_v2/train/images/nozzle_extrusion_normal_1011.jpg,20260822
train,/mnt/d/ruanjianxiazai/pycharm2026/datasets/dataset_2_binary_clean_v2/train/images/nozzle_tip_wrapped_0067.jpg,20260822
train,/mnt/d/ruanjianxiazai/pycharm2026/datasets/dataset_2_binary_clean_v2/train/images/nozzle_extrusion_normal_0724.jpg,20260822
train,/mnt/d/ruanjianxiazai/pycharm2026/datasets/dataset_2_binary_clean_v2/train/images/nozzle_tip_wrapped_0081.jpg,20260822
train,/mnt/d/ruanjianxiazai/pycharm2026/datasets/dataset_2_binary_clean_v2/train/images/nozzle_no_extrusion_0796.jpg,20260822
train,/mnt/d/ruanjianxiazai/pycharm2026/datasets/dataset_2_binary_clean_v2/train/images/nozzle_tip_wrapped_0741.jpg,20260822
train,/mnt/d/ruanjianxiazai/pycharm2026/datasets/dataset_2_binary_clean_v2/train/images/nozzle_tip_wrapped_0611.jpg,20260822
train,/mnt/d/ruanjianxiazai/pycharm2026/datasets/dataset_2_binary_clean_v2/train/images/nozzle_no_extrusion_0702.jpg,20260822
train,/mnt/d/ruanjianxiazai/pycharm2026/datasets/dataset_2_binary_clean_v2/train/images/nozzle_extrusion_normal_1400.jpg,20260822
train,/mnt/d/ruanjianxiazai/pycharm2026/datasets/dataset_2_binary_clean_v2/train/images/nozzle_extrusion_normal_0741.jpg,20260822
train,/mnt/d/ruanjianxiazai/pycharm2026/datasets/dataset_2_binary_clean_v2/train/images/nozzle_tip_wrapped_1115.jpg,20260822
train,/mnt/d/ruanjianxiazai/pycharm2026/datasets/dataset_2_binary_clean_v2/train/images/nozzle_tip_wrapped_0815.jpg,20260822
train,/mnt/d/ruanjianxiazai/pycharm2026/datasets/dataset_2_binary_clean_v2/train/images/nozzle_extrusion_normal_1376.jpg,20260822
train,/mnt/d/ruanjianxiazai/pycharm2026/datasets/dataset_2_binary_clean_v2/train/images/nozzle_no_extrusion_0659.jpg,20260822
train,/mnt/d/ruanjianxiazai/pycharm2026/datasets/dataset_2_binary_clean_v2/train/images/nozzle_no_extrusion_0255.jpg,20260822
train,/mnt/d/ruanjianxiazai/pycharm2026/datasets/dataset_2_binary_clean_v2/train/images/nozzle_no_extrusion_0220.jpg,20260822
train,/mnt/d/ruanjianxiazai/pycharm2026/datasets/dataset_2_binary_clean_v2/train/images/nozzle_clean_0005.jpg,20260822
train,/mnt/d/ruanjianxiazai/pycharm2026/datasets/dataset_2_binary_clean_v2/train/images/nozzle_extrusion_normal_0756.jpg,20260822
train,/mnt/d/ruanjianxiazai/pycharm2026/datasets/dataset_2_binary_clean_v2/train/images/nozzle_tip_wrapped_0247.jpg,20260822
train,/mnt/d/ruanjianxiazai/pycharm2026/datasets/dataset_2_binary_clean_v2/train/images/nozzle_extrusion_normal_1019.jpg,20260822
train,/mnt/d/ruanjianxiazai/pycharm2026/datasets/dataset_2_binary_clean_v2/train/images/nozzle_extrusion_normal_1441.jpg,20260822
train,/mnt/d/ruanjianxiazai/pycharm2026/datasets/dataset_2_binary_clean_v2/train/images/nozzle_extrusion_normal_1416.jpg,20260822
train,/mnt/d/ruanjianxiazai/pycharm2026/datasets/dataset_2_binary_clean_v2/train/images/nozzle_extrusion_normal_0444.jpg,20260822
train,/mnt/d/ruanjianxiazai/pycharm2026/datasets/dataset_2_binary_clean_v2/train/images/nozzle_tip_wrapped_0286.jpg,20260822
train,/mnt/d/ruanjianxiazai/pycharm2026/datasets/dataset_2_binary_clean_v2/train/images/nozzle_no_extrusion_0054.jpg,20260822
train,/mnt/d/ruanjianxiazai/pycharm2026/datasets/dataset_2_binary_clean_v2/train/images/nozzle_no_extrusion_0127.jpg,20260822
train,/mnt/d/ruanjianxiazai/pycharm2026/datasets/dataset_2_binary_clean_v2/train/images/nozzle_extrusion_normal_0881.jpg,20260822
train,/mnt/d/ruanjianxiazai/pycharm2026/datasets/dataset_2_binary_clean_v2/train/images/nozzle_extrusion_normal_0489.jpg,20260822
train,/mnt/d/ruanjianxiazai/pycharm2026/datasets/dataset_2_binary_clean_v2/train/images/nozzle_no_extrusion_0307.jpg,20260822
train,/mnt/d/ruanjianxiazai/pycharm2026/datasets/dataset_2_binary_clean_v2/train/images/nozzle_no_extrusion_0269.jpg,20260822
train,/mnt/d/ruanjianxiazai/pycharm2026/datasets/dataset_2_binary_clean_v2/train/images/nozzle_extrusion_normal_0862.jpg,20260822
train,/mnt/d/ruanjianxiazai/pycharm2026/datasets/dataset_2_binary_clean_v2/train/images/nozzle_no_extrusion_0214.jpg,20260822
train,/mnt/d/ruanjianxiazai/pycharm2026/datasets/dataset_2_binary_clean_v2/train/images/nozzle_extrusion_normal_0436.jpg,20260822
train,/mnt/d/ruanjianxiazai/pycharm2026/datasets/dataset_2_binary_clean_v2/train/images/nozzle_no_extrusion_0746.jpg,20260822
train,/mnt/d/ruanjianxiazai/pycharm2026/datasets/dataset_2_binary_clean_v2/train/images/nozzle_tip_wrapped_0265.jpg,20260822
train,/mnt/d/ruanjianxiazai/pycharm2026/datasets/dataset_2_binary_clean_v2/train/images/nozzle_tip_wrapped_1308.jpg,20260822
train,/mnt/d/ruanjianxiazai/pycharm2026/datasets/dataset_2_binary_clean_v2/train/images/nozzle_extrusion_normal_0265.jpg,20260822
train,/mnt/d/ruanjianxiazai/pycharm2026/datasets/dataset_2_binary_clean_v2/train/images/nozzle_tip_wrapped_0631.jpg,20260822
train,/mnt/d/ruanjianxiazai/pycharm2026/datasets/dataset_2_binary_clean_v2/train/images/nozzle_tip_wrapped_0284.jpg,20260822
train,/mnt/d/ruanjianxiazai/pycharm2026/datasets/dataset_2_binary_clean_v2/train/images/nozzle_extrusion_normal_0757.jpg,20260822
train,/mnt/d/ruanjianxiazai/pycharm2026/datasets/dataset_2_binary_clean_v2/train/images/nozzle_no_extrusion_0658.jpg,20260822
train,/mnt/d/ruanjianxiazai/pycharm2026/datasets/dataset_2_binary_clean_v2/train/images/nozzle_tip_wrapped_0375.jpg,20260822
train,/mnt/d/ruanjianxiazai/pycharm2026/datasets/dataset_2_binary_clean_v2/train/images/nozzle_extrusion_normal_0810.jpg,20260822
val,/mnt/d/ruanjianxiazai/pycharm2026/datasets/dataset_2_binary_clean_v2/val/images/nozzle_tip_wrapped_1282.jpg,20260822
val,/mnt/d/ruanjianxiazai/pycharm2026/datasets/dataset_2_binary_clean_v2/val/images/nozzle_extrusion_normal_0761.jpg,20260822
val,/mnt/d/ruanjianxiazai/pycharm2026/datasets/dataset_2_binary_clean_v2/val/images/nozzle_tip_wrapped_0542.jpg,20260822
val,/mnt/d/ruanjianxiazai/pycharm2026/datasets/dataset_2_binary_clean_v2/val/images/nozzle_extrusion_normal_1408.jpg,20260822
val,/mnt/d/ruanjianxiazai/pycharm2026/datasets/dataset_2_binary_clean_v2/val/images/nozzle_tip_wrapped_0479.jpg,20260822
val,/mnt/d/ruanjianxiazai/pycharm2026/datasets/dataset_2_binary_clean_v2/val/images/nozzle_tip_wrapped_1042.jpg,20260822
val,/mnt/d/ruanjianxiazai/pycharm2026/datasets/dataset_2_binary_clean_v2/val/images/nozzle_extrusion_normal_0290.jpg,20260822
val,/mnt/d/ruanjianxiazai/pycharm2026/datasets/dataset_2_binary_clean_v2/val/images/nozzle_tip_wrapped_0042.jpg,20260822
val,/mnt/d/ruanjianxiazai/pycharm2026/datasets/dataset_2_binary_clean_v2/val/images/nozzle_extrusion_normal_0727.jpg,20260822
val,/mnt/d/ruanjianxiazai/pycharm2026/datasets/dataset_2_binary_clean_v2/val/images/nozzle_tip_wrapped_1270.jpg,20260822
val,/mnt/d/ruanjianxiazai/pycharm2026/datasets/dataset_2_binary_clean_v2/val/images/nozzle_no_extrusion_0834.jpg,20260822
val,/mnt/d/ruanjianxiazai/pycharm2026/datasets/dataset_2_binary_clean_v2/val/images/nozzle_extrusion_normal_1476.jpg,20260822
val,/mnt/d/ruanjianxiazai/pycharm2026/datasets/dataset_2_binary_clean_v2/val/images/nozzle_tip_wrapped_0175.jpg,20260822
val,/mnt/d/ruanjianxiazai/pycharm2026/datasets/dataset_2_binary_clean_v2/val/images/nozzle_tip_wrapped_0087.jpg,20260822
val,/mnt/d/ruanjianxiazai/pycharm2026/datasets/dataset_2_binary_clean_v2/val/images/nozzle_extrusion_normal_1205.jpg,20260822
val,/mnt/d/ruanjianxiazai/pycharm2026/datasets/dataset_2_binary_clean_v2/val/images/nozzle_tip_wrapped_1137.jpg,20260822
val,/mnt/d/ruanjianxiazai/pycharm2026/datasets/dataset_2_binary_clean_v2/val/images/nozzle_no_extrusion_0100.jpg,20260822
val,/mnt/d/ruanjianxiazai/pycharm2026/datasets/dataset_2_binary_clean_v2/val/images/nozzle_extrusion_normal_1233.jpg,20260822
val,/mnt/d/ruanjianxiazai/pycharm2026/datasets/dataset_2_binary_clean_v2/val/images/nozzle_tip_wrapped_0507.jpg,20260822
val,/mnt/d/ruanjianxiazai/pycharm2026/datasets/dataset_2_binary_clean_v2/val/images/nozzle_no_extrusion_0650.jpg,20260822
val,/mnt/d/ruanjianxiazai/pycharm2026/datasets/dataset_2_binary_clean_v2/val/images/nozzle_tip_wrapped_1037.jpg,20260822
val,/mnt/d/ruanjianxiazai/pycharm2026/datasets/dataset_2_binary_clean_v2/val/images/nozzle_tip_wrapped_0999.jpg,20260822
val,/mnt/d/ruanjianxiazai/pycharm2026/datasets/dataset_2_binary_clean_v2/val/images/nozzle_extrusion_normal_0037.jpg,20260822
val,/mnt/d/ruanjianxiazai/pycharm2026/datasets/dataset_2_binary_clean_v2/val/images/nozzle_tip_wrapped_0632.jpg,20260822
val,/mnt/d/ruanjianxiazai/pycharm2026/datasets/dataset_2_binary_clean_v2/val/images/nozzle_no_extrusion_0437.jpg,20260822
val,/mnt/d/ruanjianxiazai/pycharm2026/datasets/dataset_2_binary_clean_v2/val/images/nozzle_extrusion_normal_1107.jpg,20260822
val,/mnt/d/ruanjianxiazai/pycharm2026/datasets/dataset_2_binary_clean_v2/val/images/nozzle_tip_wrapped_0478.jpg,20260822
val,/mnt/d/ruanjianxiazai/pycharm2026/datasets/dataset_2_binary_clean_v2/val/images/nozzle_extrusion_normal_1001.jpg,20260822
val,/mnt/d/ruanjianxiazai/pycharm2026/datasets/dataset_2_binary_clean_v2/val/images/nozzle_tip_wrapped_1193.jpg,20260822
val,/mnt/d/ruanjianxiazai/pycharm2026/datasets/dataset_2_binary_clean_v2/val/images/nozzle_extrusion_normal_0575.jpg,20260822
val,/mnt/d/ruanjianxiazai/pycharm2026/datasets/dataset_2_binary_clean_v2/val/images/nozzle_extrusion_normal_0258.jpg,20260822
val,/mnt/d/ruanjianxiazai/pycharm2026/datasets/dataset_2_binary_clean_v2/val/images/nozzle_no_extrusion_0420.jpg,20260822
val,/mnt/d/ruanjianxiazai/pycharm2026/datasets/dataset_2_binary_clean_v2/val/images/nozzle_tip_wrapped_0315.jpg,20260822
val,/mnt/d/ruanjianxiazai/pycharm2026/datasets/dataset_2_binary_clean_v2/val/images/nozzle_extrusion_normal_0561.jpg,20260822
val,/mnt/d/ruanjianxiazai/pycharm2026/datasets/dataset_2_binary_clean_v2/val/images/nozzle_tip_wrapped_0785.jpg,20260822
val,/mnt/d/ruanjianxiazai/pycharm2026/datasets/dataset_2_binary_clean_v2/val/images/nozzle_tip_wrapped_0826.jpg,20260822
val,/mnt/d/ruanjianxiazai/pycharm2026/datasets/dataset_2_binary_clean_v2/val/images/nozzle_extrusion_normal_0344.jpg,20260822
val,/mnt/d/ruanjianxiazai/pycharm2026/datasets/dataset_2_binary_clean_v2/val/images/nozzle_no_extrusion_0497.jpg,20260822
val,/mnt/d/ruanjianxiazai/pycharm2026/datasets/dataset_2_binary_clean_v2/val/images/nozzle_extrusion_normal_1309.jpg,20260822
val,/mnt/d/ruanjianxiazai/pycharm2026/datasets/dataset_2_binary_clean_v2/val/images/nozzle_no_extrusion_0812.jpg,20260822
val,/mnt/d/ruanjianxiazai/pycharm2026/datasets/dataset_2_binary_clean_v2/val/images/nozzle_tip_wrapped_0185.jpg,20260822
val,/mnt/d/ruanjianxiazai/pycharm2026/datasets/dataset_2_binary_clean_v2/val/images/nozzle_extrusion_normal_0370.jpg,20260822
val,/mnt/d/ruanjianxiazai/pycharm2026/datasets/dataset_2_binary_clean_v2/val/images/nozzle_tip_wrapped_0496.jpg,20260822
val,/mnt/d/ruanjianxiazai/pycharm2026/datasets/dataset_2_binary_clean_v2/val/images/nozzle_extrusion_normal_0406.jpg,20260822
val,/mnt/d/ruanjianxiazai/pycharm2026/datasets/dataset_2_binary_clean_v2/val/images/nozzle_tip_wrapped_0064.jpg,20260822
val,/mnt/d/ruanjianxiazai/pycharm2026/datasets/dataset_2_binary_clean_v2/val/images/nozzle_tip_wrapped_0217.jpg,20260822
val,/mnt/d/ruanjianxiazai/pycharm2026/datasets/dataset_2_binary_clean_v2/val/images/nozzle_extrusion_normal_0766.jpg,20260822
val,/mnt/d/ruanjianxiazai/pycharm2026/datasets/dataset_2_binary_clean_v2/val/images/nozzle_tip_wrapped_0124.jpg,20260822
val,/mnt/d/ruanjianxiazai/pycharm2026/datasets/dataset_2_binary_clean_v2/val/images/nozzle_tip_wrapped_0471.jpg,20260822
val,/mnt/d/ruanjianxiazai/pycharm2026/datasets/dataset_2_binary_clean_v2/val/images/nozzle_heavy_contamination_0018.jpg,20260822
val,/mnt/d/ruanjianxiazai/pycharm2026/datasets/dataset_2_binary_clean_v2/val/images/nozzle_tip_wrapped_0650.jpg,20260822
val,/mnt/d/ruanjianxiazai/pycharm2026/datasets/dataset_2_binary_clean_v2/val/images/nozzle_tip_wrapped_0281.jpg,20260822
val,/mnt/d/ruanjianxiazai/pycharm2026/datasets/dataset_2_binary_clean_v2/val/images/nozzle_tip_wrapped_0715.jpg,20260822
val,/mnt/d/ruanjianxiazai/pycharm2026/datasets/dataset_2_binary_clean_v2/val/images/nozzle_extrusion_normal_1341.jpg,20260822
val,/mnt/d/ruanjianxiazai/pycharm2026/datasets/dataset_2_binary_clean_v2/val/images/nozzle_extrusion_normal_1457.jpg,20260822
val,/mnt/d/ruanjianxiazai/pycharm2026/datasets/dataset_2_binary_clean_v2/val/images/nozzle_extrusion_normal_0333.jpg,20260822
val,/mnt/d/ruanjianxiazai/pycharm2026/datasets/dataset_2_binary_clean_v2/val/images/nozzle_extrusion_normal_0433.jpg,20260822
val,/mnt/d/ruanjianxiazai/pycharm2026/datasets/dataset_2_binary_clean_v2/val/images/nozzle_extrusion_normal_0969.jpg,20260822
val,/mnt/d/ruanjianxiazai/pycharm2026/datasets/dataset_2_binary_clean_v2/val/images/nozzle_extrusion_normal_0399.jpg,20260822
val,/mnt/d/ruanjianxiazai/pycharm2026/datasets/dataset_2_binary_clean_v2/val/images/nozzle_extrusion_normal_0136.jpg,20260822
val,/mnt/d/ruanjianxiazai/pycharm2026/datasets/dataset_2_binary_clean_v2/val/images/nozzle_tip_wrapped_1095.jpg,20260822
val,/mnt/d/ruanjianxiazai/pycharm2026/datasets/dataset_2_binary_clean_v2/val/images/nozzle_tip_wrapped_1038.jpg,20260822
val,/mnt/d/ruanjianxiazai/pycharm2026/datasets/dataset_2_binary_clean_v2/val/images/nozzle_tip_wrapped_1070.jpg,20260822
val,/mnt/d/ruanjianxiazai/pycharm2026/datasets/dataset_2_binary_clean_v2/val/images/nozzle_extrusion_normal_0700.jpg,20260822
val,/mnt/d/ruanjianxiazai/pycharm2026/datasets/dataset_2_binary_clean_v2/val/images/nozzle_tip_wrapped_1290.jpg,20260822
val,/mnt/d/ruanjianxiazai/pycharm2026/datasets/dataset_2_binary_clean_v2/val/images/nozzle_tip_wrapped_0147.jpg,20260822
val,/mnt/d/ruanjianxiazai/pycharm2026/datasets/dataset_2_binary_clean_v2/val/images/nozzle_extrusion_normal_0033.jpg,20260822
val,/mnt/d/ruanjianxiazai/pycharm2026/datasets/dataset_2_binary_clean_v2/val/images/nozzle_extrusion_normal_1301.jpg,20260822
val,/mnt/d/ruanjianxiazai/pycharm2026/datasets/dataset_2_binary_clean_v2/val/images/nozzle_tip_wrapped_0130.jpg,20260822
val,/mnt/d/ruanjianxiazai/pycharm2026/datasets/dataset_2_binary_clean_v2/val/images/nozzle_tip_wrapped_0444.jpg,20260822
val,/mnt/d/ruanjianxiazai/pycharm2026/datasets/dataset_2_binary_clean_v2/val/images/nozzle_tip_wrapped_0994.jpg,20260822
val,/mnt/d/ruanjianxiazai/pycharm2026/datasets/dataset_2_binary_clean_v2/val/images/nozzle_extrusion_normal_1064.jpg,20260822
val,/mnt/d/ruanjianxiazai/pycharm2026/datasets/dataset_2_binary_clean_v2/val/images/nozzle_extrusion_normal_1473.jpg,20260822
val,/mnt/d/ruanjianxiazai/pycharm2026/datasets/dataset_2_binary_clean_v2/val/images/nozzle_tip_wrapped_0935.jpg,20260822
val,/mnt/d/ruanjianxiazai/pycharm2026/datasets/dataset_2_binary_clean_v2/val/images/nozzle_tip_wrapped_0995.jpg,20260822
val,/mnt/d/ruanjianxiazai/pycharm2026/datasets/dataset_2_binary_clean_v2/val/images/nozzle_tip_wrapped_0655.jpg,20260822
val,/mnt/d/ruanjianxiazai/pycharm2026/datasets/dataset_2_binary_clean_v2/val/images/nozzle_extrusion_normal_0288.jpg,20260822
val,/mnt/d/ruanjianxiazai/pycharm2026/datasets/dataset_2_binary_clean_v2/val/images/nozzle_no_extrusion_0176.jpg,20260822
val,/mnt/d/ruanjianxiazai/pycharm2026/datasets/dataset_2_binary_clean_v2/val/images/nozzle_tip_wrapped_0316.jpg,20260822
val,/mnt/d/ruanjianxiazai/pycharm2026/datasets/dataset_2_binary_clean_v2/val/images/nozzle_extrusion_normal_0778.jpg,20260822
val,/mnt/d/ruanjianxiazai/pycharm2026/datasets/dataset_2_binary_clean_v2/val/images/nozzle_extrusion_normal_0323.jpg,20260822
val,/mnt/d/ruanjianxiazai/pycharm2026/datasets/dataset_2_binary_clean_v2/val/images/nozzle_tip_wrapped_0769.jpg,20260822
val,/mnt/d/ruanjianxiazai/pycharm2026/datasets/dataset_2_binary_clean_v2/val/images/nozzle_tip_wrapped_0488.jpg,20260822
val,/mnt/d/ruanjianxiazai/pycharm2026/datasets/dataset_2_binary_clean_v2/val/images/nozzle_extrusion_normal_1183.jpg,20260822
val,/mnt/d/ruanjianxiazai/pycharm2026/datasets/dataset_2_binary_clean_v2/val/images/nozzle_no_extrusion_0399.jpg,20260822
val,/mnt/d/ruanjianxiazai/pycharm2026/datasets/dataset_2_binary_clean_v2/val/images/nozzle_no_extrusion_0429.jpg,20260822
val,/mnt/d/ruanjianxiazai/pycharm2026/datasets/dataset_2_binary_clean_v2/val/images/nozzle_extrusion_normal_1058.jpg,20260822
val,/mnt/d/ruanjianxiazai/pycharm2026/datasets/dataset_2_binary_clean_v2/val/images/nozzle_extrusion_normal_1442.jpg,20260822
val,/mnt/d/ruanjianxiazai/pycharm2026/datasets/dataset_2_binary_clean_v2/val/images/nozzle_no_extrusion_0832.jpg,20260822
val,/mnt/d/ruanjianxiazai/pycharm2026/datasets/dataset_2_binary_clean_v2/val/images/nozzle_extrusion_normal_0896.jpg,20260822
val,/mnt/d/ruanjianxiazai/pycharm2026/datasets/dataset_2_binary_clean_v2/val/images/nozzle_extrusion_normal_0316.jpg,20260822
val,/mnt/d/ruanjianxiazai/pycharm2026/datasets/dataset_2_binary_clean_v2/val/images/nozzle_no_extrusion_0825.jpg,20260822
val,/mnt/d/ruanjianxiazai/pycharm2026/datasets/dataset_2_binary_clean_v2/val/images/nozzle_no_extrusion_0102.jpg,20260822
val,/mnt/d/ruanjianxiazai/pycharm2026/datasets/dataset_2_binary_clean_v2/val/images/nozzle_no_extrusion_0406.jpg,20260822
val,/mnt/d/ruanjianxiazai/pycharm2026/datasets/dataset_2_binary_clean_v2/val/images/nozzle_extrusion_normal_0184.jpg,20260822
val,/mnt/d/ruanjianxiazai/pycharm2026/datasets/dataset_2_binary_clean_v2/val/images/nozzle_tip_wrapped_0654.jpg,20260822
val,/mnt/d/ruanjianxiazai/pycharm2026/datasets/dataset_2_binary_clean_v2/val/images/nozzle_tip_wrapped_0183.jpg,20260822
val,/mnt/d/ruanjianxiazai/pycharm2026/datasets/dataset_2_binary_clean_v2/val/images/nozzle_tip_wrapped_0893.jpg,20260822
val,/mnt/d/ruanjianxiazai/pycharm2026/datasets/dataset_2_binary_clean_v2/val/images/nozzle_tip_wrapped_0239.jpg,20260822
val,/mnt/d/ruanjianxiazai/pycharm2026/datasets/dataset_2_binary_clean_v2/val/images/nozzle_tip_wrapped_0391.jpg,20260822
val,/mnt/d/ruanjianxiazai/pycharm2026/datasets/dataset_2_binary_clean_v2/val/images/nozzle_tip_wrapped_0207.jpg,20260822
val,/mnt/d/ruanjianxiazai/pycharm2026/datasets/dataset_2_binary_clean_v2/val/images/nozzle_extrusion_normal_1273.jpg,20260822
val,/mnt/d/ruanjianxiazai/pycharm2026/datasets/dataset_2_binary_clean_v2/val/images/nozzle_tip_wrapped_0756.jpg,20260822
val,/mnt/d/ruanjianxiazai/pycharm2026/datasets/dataset_2_binary_clean_v2/val/images/nozzle_extrusion_normal_1151.jpg,20260822
val,/mnt/d/ruanjianxiazai/pycharm2026/datasets/dataset_2_binary_clean_v2/val/images/nozzle_tip_wrapped_0746.jpg,20260822
val,/mnt/d/ruanjianxiazai/pycharm2026/datasets/dataset_2_binary_clean_v2/val/images/nozzle_tip_wrapped_0458.jpg,20260822
val,/mnt/d/ruanjianxiazai/pycharm2026/datasets/dataset_2_binary_clean_v2/val/images/nozzle_no_extrusion_0037.jpg,20260822
val,/mnt/d/ruanjianxiazai/pycharm2026/datasets/dataset_2_binary_clean_v2/val/images/nozzle_no_extrusion_0665.jpg,20260822
val,/mnt/d/ruanjianxiazai/pycharm2026/datasets/dataset_2_binary_clean_v2/val/images/nozzle_extrusion_normal_0167.jpg,20260822
val,/mnt/d/ruanjianxiazai/pycharm2026/datasets/dataset_2_binary_clean_v2/val/images/nozzle_extrusion_normal_0210.jpg,20260822
val,/mnt/d/ruanjianxiazai/pycharm2026/datasets/dataset_2_binary_clean_v2/val/images/nozzle_extrusion_normal_1197.jpg,20260822
val,/mnt/d/ruanjianxiazai/pycharm2026/datasets/dataset_2_binary_clean_v2/val/images/nozzle_tip_wrapped_0160.jpg,20260822
val,/mnt/d/ruanjianxiazai/pycharm2026/datasets/dataset_2_binary_clean_v2/val/images/nozzle_extrusion_normal_1134.jpg,20260822
val,/mnt/d/ruanjianxiazai/pycharm2026/datasets/dataset_2_binary_clean_v2/val/images/nozzle_tip_wrapped_0443.jpg,20260822
val,/mnt/d/ruanjianxiazai/pycharm2026/datasets/dataset_2_binary_clean_v2/val/images/nozzle_tip_wrapped_0089.jpg,20260822
val,/mnt/d/ruanjianxiazai/pycharm2026/datasets/dataset_2_binary_clean_v2/val/images/nozzle_extrusion_normal_1421.jpg,20260822
val,/mnt/d/ruanjianxiazai/pycharm2026/datasets/dataset_2_binary_clean_v2/val/images/nozzle_tip_wrapped_0211.jpg,20260822
val,/mnt/d/ruanjianxiazai/pycharm2026/datasets/dataset_2_binary_clean_v2/val/images/nozzle_extrusion_normal_0963.jpg,20260822
val,/mnt/d/ruanjianxiazai/pycharm2026/datasets/dataset_2_binary_clean_v2/val/images/nozzle_no_extrusion_0869.jpg,20260822
val,/mnt/d/ruanjianxiazai/pycharm2026/datasets/dataset_2_binary_clean_v2/val/images/nozzle_tip_wrapped_0442.jpg,20260822
val,/mnt/d/ruanjianxiazai/pycharm2026/datasets/dataset_2_binary_clean_v2/val/images/nozzle_tip_wrapped_0566.jpg,20260822
val,/mnt/d/ruanjianxiazai/pycharm2026/datasets/dataset_2_binary_clean_v2/val/images/nozzle_no_extrusion_0763.jpg,20260822
val,/mnt/d/ruanjianxiazai/pycharm2026/datasets/dataset_2_binary_clean_v2/val/images/nozzle_extrusion_normal_0729.jpg,20260822
val,/mnt/d/ruanjianxiazai/pycharm2026/datasets/dataset_2_binary_clean_v2/val/images/nozzle_extrusion_normal_0389.jpg,20260822
val,/mnt/d/ruanjianxiazai/pycharm2026/datasets/dataset_2_binary_clean_v2/val/images/nozzle_tip_wrapped_0516.jpg,20260822
val,/mnt/d/ruanjianxiazai/pycharm2026/datasets/dataset_2_binary_clean_v2/val/images/nozzle_extrusion_normal_1317.jpg,20260822
val,/mnt/d/ruanjianxiazai/pycharm2026/datasets/dataset_2_binary_clean_v2/val/images/nozzle_extrusion_normal_1489.jpg,20260822
val,/mnt/d/ruanjianxiazai/pycharm2026/datasets/dataset_2_binary_clean_v2/val/images/nozzle_tip_wrapped_0975.jpg,20260822
val,/mnt/d/ruanjianxiazai/pycharm2026/datasets/dataset_2_binary_clean_v2/val/images/nozzle_tip_wrapped_1176.jpg,20260822
val,/mnt/d/ruanjianxiazai/pycharm2026/datasets/dataset_2_binary_clean_v2/val/images/nozzle_tip_wrapped_0593.jpg,20260822
val,/mnt/d/ruanjianxiazai/pycharm2026/datasets/dataset_2_binary_clean_v2/val/images/nozzle_tip_wrapped_0240.jpg,20260822
val,/mnt/d/ruanjianxiazai/pycharm2026/datasets/dataset_2_binary_clean_v2/val/images/nozzle_extrusion_normal_0706.jpg,20260822
val,/mnt/d/ruanjianxiazai/pycharm2026/datasets/dataset_2_binary_clean_v2/val/images/nozzle_tip_wrapped_1109.jpg,20260822
val,/mnt/d/ruanjianxiazai/pycharm2026/datasets/dataset_2_binary_clean_v2/val/images/nozzle_extrusion_normal_0081.jpg,20260822
val,/mnt/d/ruanjianxiazai/pycharm2026/datasets/dataset_2_binary_clean_v2/val/images/nozzle_tip_wrapped_0678.jpg,20260822
val,/mnt/d/ruanjianxiazai/pycharm2026/datasets/dataset_2_binary_clean_v2/val/images/nozzle_extrusion_normal_1160.jpg,20260822
val,/mnt/d/ruanjianxiazai/pycharm2026/datasets/dataset_2_binary_clean_v2/val/images/nozzle_no_extrusion_0521.jpg,20260822
val,/mnt/d/ruanjianxiazai/pycharm2026/datasets/dataset_2_binary_clean_v2/val/images/nozzle_extrusion_normal_1035.jpg,20260822
val,/mnt/d/ruanjianxiazai/pycharm2026/datasets/dataset_2_binary_clean_v2/val/images/nozzle_no_extrusion_0428.jpg,20260822
val,/mnt/d/ruanjianxiazai/pycharm2026/datasets/dataset_2_binary_clean_v2/val/images/nozzle_tip_wrapped_0869.jpg,20260822
val,/mnt/d/ruanjianxiazai/pycharm2026/datasets/dataset_2_binary_clean_v2/val/images/nozzle_extrusion_normal_1496.jpg,20260822
val,/mnt/d/ruanjianxiazai/pycharm2026/datasets/dataset_2_binary_clean_v2/val/images/nozzle_extrusion_normal_0041.jpg,20260822
val,/mnt/d/ruanjianxiazai/pycharm2026/datasets/dataset_2_binary_clean_v2/val/images/nozzle_tip_wrapped_0447.jpg,20260822
val,/mnt/d/ruanjianxiazai/pycharm2026/datasets/dataset_2_binary_clean_v2/val/images/nozzle_tip_wrapped_0261.jpg,20260822
val,/mnt/d/ruanjianxiazai/pycharm2026/datasets/dataset_2_binary_clean_v2/val/images/nozzle_extrusion_normal_0032.jpg,20260822
val,/mnt/d/ruanjianxiazai/pycharm2026/datasets/dataset_2_binary_clean_v2/val/images/nozzle_extrusion_normal_1004.jpg,20260822
val,/mnt/d/ruanjianxiazai/pycharm2026/datasets/dataset_2_binary_clean_v2/val/images/nozzle_tip_wrapped_0168.jpg,20260822
val,/mnt/d/ruanjianxiazai/pycharm2026/datasets/dataset_2_binary_clean_v2/val/images/nozzle_extrusion_normal_0440.jpg,20260822
val,/mnt/d/ruanjianxiazai/pycharm2026/datasets/dataset_2_binary_clean_v2/val/images/nozzle_tip_wrapped_0612.jpg,20260822
val,/mnt/d/ruanjianxiazai/pycharm2026/datasets/dataset_2_binary_clean_v2/val/images/nozzle_no_extrusion_0109.jpg,20260822
val,/mnt/d/ruanjianxiazai/pycharm2026/datasets/dataset_2_binary_clean_v2/val/images/nozzle_no_extrusion_0599.jpg,20260822
val,/mnt/d/ruanjianxiazai/pycharm2026/datasets/dataset_2_binary_clean_v2/val/images/nozzle_extrusion_normal_1288.jpg,20260822
val,/mnt/d/ruanjianxiazai/pycharm2026/datasets/dataset_2_binary_clean_v2/val/images/nozzle_extrusion_normal_0697.jpg,20260822
val,/mnt/d/ruanjianxiazai/pycharm2026/datasets/dataset_2_binary_clean_v2/val/images/nozzle_extrusion_normal_0474.jpg,20260822
val,/mnt/d/ruanjianxiazai/pycharm2026/datasets/dataset_2_binary_clean_v2/val/images/nozzle_tip_wrapped_0249.jpg,20260822
val,/mnt/d/ruanjianxiazai/pycharm2026/datasets/dataset_2_binary_clean_v2/val/images/nozzle_extrusion_normal_1335.jpg,20260822
val,/mnt/d/ruanjianxiazai/pycharm2026/datasets/dataset_2_binary_clean_v2/val/images/nozzle_extrusion_normal_0424.jpg,20260822
val,/mnt/d/ruanjianxiazai/pycharm2026/datasets/dataset_2_binary_clean_v2/val/images/nozzle_tip_wrapped_0171.jpg,20260822
val,/mnt/d/ruanjianxiazai/pycharm2026/datasets/dataset_2_binary_clean_v2/val/images/nozzle_tip_wrapped_0520.jpg,20260822
val,/mnt/d/ruanjianxiazai/pycharm2026/datasets/dataset_2_binary_clean_v2/val/images/nozzle_extrusion_normal_1280.jpg,20260822
val,/mnt/d/ruanjianxiazai/pycharm2026/datasets/dataset_2_binary_clean_v2/val/images/nozzle_extrusion_normal_0059.jpg,20260822
val,/mnt/d/ruanjianxiazai/pycharm2026/datasets/dataset_2_binary_clean_v2/val/images/nozzle_heavy_contamination_0016.jpg,20260822
val,/mnt/d/ruanjianxiazai/pycharm2026/datasets/dataset_2_binary_clean_v2/val/images/nozzle_extrusion_normal_0256.jpg,20260822
val,/mnt/d/ruanjianxiazai/pycharm2026/datasets/dataset_2_binary_clean_v2/val/images/nozzle_no_extrusion_0408.jpg,20260822
val,/mnt/d/ruanjianxiazai/pycharm2026/datasets/dataset_2_binary_clean_v2/val/images/nozzle_tip_wrapped_0836.jpg,20260822
val,/mnt/d/ruanjianxiazai/pycharm2026/datasets/dataset_2_binary_clean_v2/val/images/nozzle_tip_wrapped_1252.jpg,20260822
val,/mnt/d/ruanjianxiazai/pycharm2026/datasets/dataset_2_binary_clean_v2/val/images/nozzle_no_extrusion_0786.jpg,20260822
val,/mnt/d/ruanjianxiazai/pycharm2026/datasets/dataset_2_binary_clean_v2/val/images/nozzle_tip_wrapped_0210.jpg,20260822
val,/mnt/d/ruanjianxiazai/pycharm2026/datasets/dataset_2_binary_clean_v2/val/images/nozzle_no_extrusion_0597.jpg,20260822
val,/mnt/d/ruanjianxiazai/pycharm2026/datasets/dataset_2_binary_clean_v2/val/images/nozzle_extrusion_normal_0467.jpg,20260822
val,/mnt/d/ruanjianxiazai/pycharm2026/datasets/dataset_2_binary_clean_v2/val/images/nozzle_extrusion_normal_0330.jpg,20260822
val,/mnt/d/ruanjianxiazai/pycharm2026/datasets/dataset_2_binary_clean_v2/val/images/nozzle_tip_wrapped_0860.jpg,20260822
val,/mnt/d/ruanjianxiazai/pycharm2026/datasets/dataset_2_binary_clean_v2/val/images/nozzle_extrusion_normal_0743.jpg,20260822
val,/mnt/d/ruanjianxiazai/pycharm2026/datasets/dataset_2_binary_clean_v2/val/images/nozzle_no_extrusion_0107.jpg,20260822
val,/mnt/d/ruanjianxiazai/pycharm2026/datasets/dataset_2_binary_clean_v2/val/images/nozzle_heavy_contamination_0019.jpg,20260822
val,/mnt/d/ruanjianxiazai/pycharm2026/datasets/dataset_2_binary_clean_v2/val/images/nozzle_tip_wrapped_0475.jpg,20260822
val,/mnt/d/ruanjianxiazai/pycharm2026/datasets/dataset_2_binary_clean_v2/val/images/nozzle_extrusion_normal_0494.jpg,20260822
val,/mnt/d/ruanjianxiazai/pycharm2026/datasets/dataset_2_binary_clean_v2/val/images/nozzle_no_extrusion_0450.jpg,20260822
val,/mnt/d/ruanjianxiazai/pycharm2026/datasets/dataset_2_binary_clean_v2/val/images/nozzle_tip_wrapped_1116.jpg,20260822
val,/mnt/d/ruanjianxiazai/pycharm2026/datasets/dataset_2_binary_clean_v2/val/images/nozzle_tip_wrapped_0088.jpg,20260822
val,/mnt/d/ruanjianxiazai/pycharm2026/datasets/dataset_2_binary_clean_v2/val/images/nozzle_tip_wrapped_0414.jpg,20260822
val,/mnt/d/ruanjianxiazai/pycharm2026/datasets/dataset_2_binary_clean_v2/val/images/nozzle_extrusion_normal_0410.jpg,20260822
val,/mnt/d/ruanjianxiazai/pycharm2026/datasets/dataset_2_binary_clean_v2/val/images/nozzle_extrusion_normal_0211.jpg,20260822
val,/mnt/d/ruanjianxiazai/pycharm2026/datasets/dataset_2_binary_clean_v2/val/images/nozzle_extrusion_normal_0420.jpg,20260822
val,/mnt/d/ruanjianxiazai/pycharm2026/datasets/dataset_2_binary_clean_v2/val/images/nozzle_no_extrusion_0764.jpg,20260822
val,/mnt/d/ruanjianxiazai/pycharm2026/datasets/dataset_2_binary_clean_v2/val/images/nozzle_extrusion_normal_0959.jpg,20260822
val,/mnt/d/ruanjianxiazai/pycharm2026/datasets/dataset_2_binary_clean_v2/val/images/nozzle_no_extrusion_0331.jpg,20260822
val,/mnt/d/ruanjianxiazai/pycharm2026/datasets/dataset_2_binary_clean_v2/val/images/nozzle_extrusion_normal_0647.jpg,20260822
val,/mnt/d/ruanjianxiazai/pycharm2026/datasets/dataset_2_binary_clean_v2/val/images/nozzle_extrusion_normal_0209.jpg,20260822
val,/mnt/d/ruanjianxiazai/pycharm2026/datasets/dataset_2_binary_clean_v2/val/images/nozzle_tip_wrapped_0017.jpg,20260822
val,/mnt/d/ruanjianxiazai/pycharm2026/datasets/dataset_2_binary_clean_v2/val/images/nozzle_extrusion_normal_0354.jpg,20260822
val,/mnt/d/ruanjianxiazai/pycharm2026/datasets/dataset_2_binary_clean_v2/val/images/nozzle_extrusion_normal_0115.jpg,20260822
val,/mnt/d/ruanjianxiazai/pycharm2026/datasets/dataset_2_binary_clean_v2/val/images/nozzle_no_extrusion_0416.jpg,20260822
val,/mnt/d/ruanjianxiazai/pycharm2026/datasets/dataset_2_binary_clean_v2/val/images/nozzle_tip_wrapped_1083.jpg,20260822
val,/mnt/d/ruanjianxiazai/pycharm2026/datasets/dataset_2_binary_clean_v2/val/images/nozzle_tip_wrapped_0990.jpg,20260822
val,/mnt/d/ruanjianxiazai/pycharm2026/datasets/dataset_2_binary_clean_v2/val/images/nozzle_extrusion_normal_1152.jpg,20260822
val,/mnt/d/ruanjianxiazai/pycharm2026/datasets/dataset_2_binary_clean_v2/val/images/nozzle_tip_wrapped_1101.jpg,20260822
val,/mnt/d/ruanjianxiazai/pycharm2026/datasets/dataset_2_binary_clean_v2/val/images/nozzle_tip_wrapped_0658.jpg,20260822
val,/mnt/d/ruanjianxiazai/pycharm2026/datasets/dataset_2_binary_clean_v2/val/images/nozzle_tip_wrapped_0581.jpg,20260822
val,/mnt/d/ruanjianxiazai/pycharm2026/datasets/dataset_2_binary_clean_v2/val/images/nozzle_extrusion_normal_0532.jpg,20260822
val,/mnt/d/ruanjianxiazai/pycharm2026/datasets/dataset_2_binary_clean_v2/val/images/nozzle_no_extrusion_0587.jpg,20260822
val,/mnt/d/ruanjianxiazai/pycharm2026/datasets/dataset_2_binary_clean_v2/val/images/nozzle_tip_wrapped_0854.jpg,20260822
val,/mnt/d/ruanjianxiazai/pycharm2026/datasets/dataset_2_binary_clean_v2/val/images/nozzle_tip_wrapped_1014.jpg,20260822
val,/mnt/d/ruanjianxiazai/pycharm2026/datasets/dataset_2_binary_clean_v2/val/images/nozzle_tip_wrapped_0927.jpg,20260822
val,/mnt/d/ruanjianxiazai/pycharm2026/datasets/dataset_2_binary_clean_v2/val/images/nozzle_extrusion_normal_0888.jpg,20260822
val,/mnt/d/ruanjianxiazai/pycharm2026/datasets/dataset_2_binary_clean_v2/val/images/nozzle_extrusion_normal_0596.jpg,20260822
val,/mnt/d/ruanjianxiazai/pycharm2026/datasets/dataset_2_binary_clean_v2/val/images/nozzle_tip_wrapped_0844.jpg,20260822
val,/mnt/d/ruanjianxiazai/pycharm2026/datasets/dataset_2_binary_clean_v2/val/images/nozzle_tip_wrapped_0142.jpg,20260822
val,/mnt/d/ruanjianxiazai/pycharm2026/datasets/dataset_2_binary_clean_v2/val/images/nozzle_tip_wrapped_0657.jpg,20260822
val,/mnt/d/ruanjianxiazai/pycharm2026/datasets/dataset_2_binary_clean_v2/val/images/nozzle_tip_wrapped_0137.jpg,20260822
val,/mnt/d/ruanjianxiazai/pycharm2026/datasets/dataset_2_binary_clean_v2/val/images/nozzle_no_extrusion_0140.jpg,20260822
val,/mnt/d/ruanjianxiazai/pycharm2026/datasets/dataset_2_binary_clean_v2/val/images/nozzle_extrusion_normal_1177.jpg,20260822
val,/mnt/d/ruanjianxiazai/pycharm2026/datasets/dataset_2_binary_clean_v2/val/images/nozzle_extrusion_normal_1339.jpg,20260822
val,/mnt/d/ruanjianxiazai/pycharm2026/datasets/dataset_2_binary_clean_v2/val/images/nozzle_extrusion_normal_0873.jpg,20260822
val,/mnt/d/ruanjianxiazai/pycharm2026/datasets/dataset_2_binary_clean_v2/val/images/nozzle_extrusion_normal_0057.jpg,20260822
val,/mnt/d/ruanjianxiazai/pycharm2026/datasets/dataset_2_binary_clean_v2/val/images/nozzle_tip_wrapped_0219.jpg,20260822
val,/mnt/d/ruanjianxiazai/pycharm2026/datasets/dataset_2_binary_clean_v2/val/images/nozzle_no_extrusion_0106.jpg,20260822
val,/mnt/d/ruanjianxiazai/pycharm2026/datasets/dataset_2_binary_clean_v2/val/images/nozzle_tip_wrapped_0943.jpg,20260822
val,/mnt/d/ruanjianxiazai/pycharm2026/datasets/dataset_2_binary_clean_v2/val/images/nozzle_extrusion_normal_0750.jpg,20260822
val,/mnt/d/ruanjianxiazai/pycharm2026/datasets/dataset_2_binary_clean_v2/val/images/nozzle_extrusion_normal_0195.jpg,20260822
val,/mnt/d/ruanjianxiazai/pycharm2026/datasets/dataset_2_binary_clean_v2/val/images/nozzle_extrusion_normal_1349.jpg,20260822
val,/mnt/d/ruanjianxiazai/pycharm2026/datasets/dataset_2_binary_clean_v2/val/images/nozzle_extrusion_normal_1485.jpg,20260822
val,/mnt/d/ruanjianxiazai/pycharm2026/datasets/dataset_2_binary_clean_v2/val/images/nozzle_extrusion_normal_0221.jpg,20260822
val,/mnt/d/ruanjianxiazai/pycharm2026/datasets/dataset_2_binary_clean_v2/val/images/nozzle_extrusion_normal_0172.jpg,20260822
val,/mnt/d/ruanjianxiazai/pycharm2026/datasets/dataset_2_binary_clean_v2/val/images/nozzle_extrusion_normal_0924.jpg,20260822
val,/mnt/d/ruanjianxiazai/pycharm2026/datasets/dataset_2_binary_clean_v2/val/images/nozzle_extrusion_normal_0614.jpg,20260822
val,/mnt/d/ruanjianxiazai/pycharm2026/datasets/dataset_2_binary_clean_v2/val/images/nozzle_tip_wrapped_0958.jpg,20260822
val,/mnt/d/ruanjianxiazai/pycharm2026/datasets/dataset_2_binary_clean_v2/val/images/nozzle_tip_wrapped_0241.jpg,20260822
val,/mnt/d/ruanjianxiazai/pycharm2026/datasets/dataset_2_binary_clean_v2/val/images/nozzle_extrusion_normal_0889.jpg,20260822
val,/mnt/d/ruanjianxiazai/pycharm2026/datasets/dataset_2_binary_clean_v2/val/images/nozzle_extrusion_normal_0557.jpg,20260822
val,/mnt/d/ruanjianxiazai/pycharm2026/datasets/dataset_2_binary_clean_v2/val/images/nozzle_tip_wrapped_0890.jpg,20260822
val,/mnt/d/ruanjianxiazai/pycharm2026/datasets/dataset_2_binary_clean_v2/val/images/nozzle_extrusion_normal_1291.jpg,20260822
val,/mnt/d/ruanjianxiazai/pycharm2026/datasets/dataset_2_binary_clean_v2/val/images/nozzle_extrusion_normal_0777.jpg,20260822
val,/mnt/d/ruanjianxiazai/pycharm2026/datasets/dataset_2_binary_clean_v2/val/images/nozzle_extrusion_normal_0892.jpg,20260822
val,/mnt/d/ruanjianxiazai/pycharm2026/datasets/dataset_2_binary_clean_v2/val/images/nozzle_tip_wrapped_1302.jpg,20260822
val,/mnt/d/ruanjianxiazai/pycharm2026/datasets/dataset_2_binary_clean_v2/val/images/nozzle_extrusion_normal_0103.jpg,20260822
val,/mnt/d/ruanjianxiazai/pycharm2026/datasets/dataset_2_binary_clean_v2/val/images/nozzle_extrusion_normal_0194.jpg,20260822
val,/mnt/d/ruanjianxiazai/pycharm2026/datasets/dataset_2_binary_clean_v2/val/images/nozzle_extrusion_normal_1136.jpg,20260822
val,/mnt/d/ruanjianxiazai/pycharm2026/datasets/dataset_2_binary_clean_v2/val/images/nozzle_extrusion_normal_0709.jpg,20260822
val,/mnt/d/ruanjianxiazai/pycharm2026/datasets/dataset_2_binary_clean_v2/val/images/nozzle_tip_wrapped_0026.jpg,20260822
val,/mnt/d/ruanjianxiazai/pycharm2026/datasets/dataset_2_binary_clean_v2/val/images/nozzle_extrusion_normal_1016.jpg,20260822
val,/mnt/d/ruanjianxiazai/pycharm2026/datasets/dataset_2_binary_clean_v2/val/images/nozzle_extrusion_normal_0900.jpg,20260822
val,/mnt/d/ruanjianxiazai/pycharm2026/datasets/dataset_2_binary_clean_v2/val/images/nozzle_tip_wrapped_1020.jpg,20260822
val,/mnt/d/ruanjianxiazai/pycharm2026/datasets/dataset_2_binary_clean_v2/val/images/nozzle_extrusion_normal_0065.jpg,20260822
val,/mnt/d/ruanjianxiazai/pycharm2026/datasets/dataset_2_binary_clean_v2/val/images/nozzle_extrusion_normal_0583.jpg,20260822
val,/mnt/d/ruanjianxiazai/pycharm2026/datasets/dataset_2_binary_clean_v2/val/images/nozzle_tip_wrapped_1111.jpg,20260822
val,/mnt/d/ruanjianxiazai/pycharm2026/datasets/dataset_2_binary_clean_v2/val/images/nozzle_extrusion_normal_0519.jpg,20260822
val,/mnt/d/ruanjianxiazai/pycharm2026/datasets/dataset_2_binary_clean_v2/val/images/nozzle_tip_wrapped_0837.jpg,20260822
val,/mnt/d/ruanjianxiazai/pycharm2026/datasets/dataset_2_binary_clean_v2/val/images/nozzle_extrusion_normal_0259.jpg,20260822
val,/mnt/d/ruanjianxiazai/pycharm2026/datasets/dataset_2_binary_clean_v2/val/images/nozzle_extrusion_normal_0105.jpg,20260822
val,/mnt/d/ruanjianxiazai/pycharm2026/datasets/dataset_2_binary_clean_v2/val/images/nozzle_no_extrusion_0863.jpg,20260822
val,/mnt/d/ruanjianxiazai/pycharm2026/datasets/dataset_2_binary_clean_v2/val/images/nozzle_extrusion_normal_1484.jpg,20260822
val,/mnt/d/ruanjianxiazai/pycharm2026/datasets/dataset_2_binary_clean_v2/val/images/nozzle_extrusion_normal_0335.jpg,20260822
val,/mnt/d/ruanjianxiazai/pycharm2026/datasets/dataset_2_binary_clean_v2/val/images/nozzle_extrusion_normal_0104.jpg,20260822
val,/mnt/d/ruanjianxiazai/pycharm2026/datasets/dataset_2_binary_clean_v2/val/images/nozzle_tip_wrapped_0198.jpg,20260822
val,/mnt/d/ruanjianxiazai/pycharm2026/datasets/dataset_2_binary_clean_v2/val/images/nozzle_tip_wrapped_0166.jpg,20260822
val,/mnt/d/ruanjianxiazai/pycharm2026/datasets/dataset_2_binary_clean_v2/val/images/nozzle_tip_wrapped_0568.jpg,20260822
val,/mnt/d/ruanjianxiazai/pycharm2026/datasets/dataset_2_binary_clean_v2/val/images/nozzle_extrusion_normal_1397.jpg,20260822
val,/mnt/d/ruanjianxiazai/pycharm2026/datasets/dataset_2_binary_clean_v2/val/images/nozzle_tip_wrapped_1167.jpg,20260822
val,/mnt/d/ruanjianxiazai/pycharm2026/datasets/dataset_2_binary_clean_v2/val/images/nozzle_tip_wrapped_0361.jpg,20260822
val,/mnt/d/ruanjianxiazai/pycharm2026/datasets/dataset_2_binary_clean_v2/val/images/nozzle_tip_wrapped_0314.jpg,20260822
val,/mnt/d/ruanjianxiazai/pycharm2026/datasets/dataset_2_binary_clean_v2/val/images/nozzle_extrusion_normal_0853.jpg,20260822
val,/mnt/d/ruanjianxiazai/pycharm2026/datasets/dataset_2_binary_clean_v2/val/images/nozzle_extrusion_normal_0198.jpg,20260822
val,/mnt/d/ruanjianxiazai/pycharm2026/datasets/dataset_2_binary_clean_v2/val/images/nozzle_tip_wrapped_1244.jpg,20260822
val,/mnt/d/ruanjianxiazai/pycharm2026/datasets/dataset_2_binary_clean_v2/val/images/nozzle_extrusion_normal_0999.jpg,20260822
val,/mnt/d/ruanjianxiazai/pycharm2026/datasets/dataset_2_binary_clean_v2/val/images/nozzle_extrusion_normal_0573.jpg,20260822
val,/mnt/d/ruanjianxiazai/pycharm2026/datasets/dataset_2_binary_clean_v2/val/images/nozzle_tip_wrapped_0834.jpg,20260822
val,/mnt/d/ruanjianxiazai/pycharm2026/datasets/dataset_2_binary_clean_v2/val/images/nozzle_extrusion_normal_0076.jpg,20260822
val,/mnt/d/ruanjianxiazai/pycharm2026/datasets/dataset_2_binary_clean_v2/val/images/nozzle_extrusion_normal_1467.jpg,20260822
val,/mnt/d/ruanjianxiazai/pycharm2026/datasets/dataset_2_binary_clean_v2/val/images/nozzle_extrusion_normal_0719.jpg,20260822
val,/mnt/d/ruanjianxiazai/pycharm2026/datasets/dataset_2_binary_clean_v2/val/images/nozzle_extrusion_normal_0079.jpg,20260822
val,/mnt/d/ruanjianxiazai/pycharm2026/datasets/dataset_2_binary_clean_v2/val/images/nozzle_extrusion_normal_0394.jpg,20260822
val,/mnt/d/ruanjianxiazai/pycharm2026/datasets/dataset_2_binary_clean_v2/val/images/nozzle_no_extrusion_0193.jpg,20260822
val,/mnt/d/ruanjianxiazai/pycharm2026/datasets/dataset_2_binary_clean_v2/val/images/nozzle_tip_wrapped_0469.jpg,20260822
val,/mnt/d/ruanjianxiazai/pycharm2026/datasets/dataset_2_binary_clean_v2/val/images/nozzle_extrusion_normal_0720.jpg,20260822
val,/mnt/d/ruanjianxiazai/pycharm2026/datasets/dataset_2_binary_clean_v2/val/images/nozzle_extrusion_normal_0624.jpg,20260822
val,/mnt/d/ruanjianxiazai/pycharm2026/datasets/dataset_2_binary_clean_v2/val/images/nozzle_extrusion_normal_0237.jpg,20260822
val,/mnt/d/ruanjianxiazai/pycharm2026/datasets/dataset_2_binary_clean_v2/val/images/nozzle_no_extrusion_0404.jpg,20260822
val,/mnt/d/ruanjianxiazai/pycharm2026/datasets/dataset_2_binary_clean_v2/val/images/nozzle_extrusion_normal_0366.jpg,20260822
val,/mnt/d/ruanjianxiazai/pycharm2026/datasets/dataset_2_binary_clean_v2/val/images/nozzle_tip_wrapped_0472.jpg,20260822
val,/mnt/d/ruanjianxiazai/pycharm2026/datasets/dataset_2_binary_clean_v2/val/images/nozzle_extrusion_normal_1452.jpg,20260822
val,/mnt/d/ruanjianxiazai/pycharm2026/datasets/dataset_2_binary_clean_v2/val/images/nozzle_tip_wrapped_0008.jpg,20260822
val,/mnt/d/ruanjianxiazai/pycharm2026/datasets/dataset_2_binary_clean_v2/val/images/nozzle_heavy_contamination_0006.jpg,20260822
val,/mnt/d/ruanjianxiazai/pycharm2026/datasets/dataset_2_binary_clean_v2/val/images/nozzle_extrusion_normal_0783.jpg,20260822
val,/mnt/d/ruanjianxiazai/pycharm2026/datasets/dataset_2_binary_clean_v2/val/images/nozzle_tip_wrapped_1305.jpg,20260822
val,/mnt/d/ruanjianxiazai/pycharm2026/datasets/dataset_2_binary_clean_v2/val/images/nozzle_extrusion_normal_0943.jpg,20260822
val,/mnt/d/ruanjianxiazai/pycharm2026/datasets/dataset_2_binary_clean_v2/val/images/nozzle_extrusion_normal_0325.jpg,20260822
val,/mnt/d/ruanjianxiazai/pycharm2026/datasets/dataset_2_binary_clean_v2/val/images/nozzle_extrusion_normal_0973.jpg,20260822
val,/mnt/d/ruanjianxiazai/pycharm2026/datasets/dataset_2_binary_clean_v2/val/images/nozzle_tip_wrapped_0367.jpg,20260822
val,/mnt/d/ruanjianxiazai/pycharm2026/datasets/dataset_2_binary_clean_v2/val/images/nozzle_tip_wrapped_0974.jpg,20260822
val,/mnt/d/ruanjianxiazai/pycharm2026/datasets/dataset_2_binary_clean_v2/val/images/nozzle_extrusion_normal_1045.jpg,20260822
val,/mnt/d/ruanjianxiazai/pycharm2026/datasets/dataset_2_binary_clean_v2/val/images/nozzle_extrusion_normal_0670.jpg,20260822
val,/mnt/d/ruanjianxiazai/pycharm2026/datasets/dataset_2_binary_clean_v2/val/images/nozzle_no_extrusion_0591.jpg,20260822
val,/mnt/d/ruanjianxiazai/pycharm2026/datasets/dataset_2_binary_clean_v2/val/images/nozzle_extrusion_normal_0313.jpg,20260822
val,/mnt/d/ruanjianxiazai/pycharm2026/datasets/dataset_2_binary_clean_v2/val/images/nozzle_extrusion_normal_1493.jpg,20260822
val,/mnt/d/ruanjianxiazai/pycharm2026/datasets/dataset_2_binary_clean_v2/val/images/nozzle_extrusion_normal_0734.jpg,20260822
val,/mnt/d/ruanjianxiazai/pycharm2026/datasets/dataset_2_binary_clean_v2/val/images/nozzle_extrusion_normal_1276.jpg,20260822
val,/mnt/d/ruanjianxiazai/pycharm2026/datasets/dataset_2_binary_clean_v2/val/images/nozzle_extrusion_normal_0220.jpg,20260822
val,/mnt/d/ruanjianxiazai/pycharm2026/datasets/dataset_2_binary_clean_v2/val/images/nozzle_no_extrusion_0038.jpg,20260822
val,/mnt/d/ruanjianxiazai/pycharm2026/datasets/dataset_2_binary_clean_v2/val/images/nozzle_no_extrusion_0120.jpg,20260822
val,/mnt/d/ruanjianxiazai/pycharm2026/datasets/dataset_2_binary_clean_v2/val/images/nozzle_extrusion_normal_0027.jpg,20260822
val,/mnt/d/ruanjianxiazai/pycharm2026/datasets/dataset_2_binary_clean_v2/val/images/nozzle_tip_wrapped_0499.jpg,20260822
val,/mnt/d/ruanjianxiazai/pycharm2026/datasets/dataset_2_binary_clean_v2/val/images/nozzle_extrusion_normal_0735.jpg,20260822
val,/mnt/d/ruanjianxiazai/pycharm2026/datasets/dataset_2_binary_clean_v2/val/images/nozzle_extrusion_normal_0564.jpg,20260822
val,/mnt/d/ruanjianxiazai/pycharm2026/datasets/dataset_2_binary_clean_v2/val/images/nozzle_extrusion_normal_0274.jpg,20260822
val,/mnt/d/ruanjianxiazai/pycharm2026/datasets/dataset_2_binary_clean_v2/val/images/nozzle_extrusion_normal_0870.jpg,20260822
val,/mnt/d/ruanjianxiazai/pycharm2026/datasets/dataset_2_binary_clean_v2/val/images/nozzle_extrusion_normal_0890.jpg,20260822
val,/mnt/d/ruanjianxiazai/pycharm2026/datasets/dataset_2_binary_clean_v2/val/images/nozzle_tip_wrapped_0765.jpg,20260822
val,/mnt/d/ruanjianxiazai/pycharm2026/datasets/dataset_2_binary_clean_v2/val/images/nozzle_extrusion_normal_0604.jpg,20260822
val,/mnt/d/ruanjianxiazai/pycharm2026/datasets/dataset_2_binary_clean_v2/val/images/nozzle_no_extrusion_0175.jpg,20260822
val,/mnt/d/ruanjianxiazai/pycharm2026/datasets/dataset_2_binary_clean_v2/val/images/nozzle_tip_wrapped_0476.jpg,20260822
val,/mnt/d/ruanjianxiazai/pycharm2026/datasets/dataset_2_binary_clean_v2/val/images/nozzle_extrusion_normal_1435.jpg,20260822
val,/mnt/d/ruanjianxiazai/pycharm2026/datasets/dataset_2_binary_clean_v2/val/images/nozzle_tip_wrapped_1082.jpg,20260822
val,/mnt/d/ruanjianxiazai/pycharm2026/datasets/dataset_2_binary_clean_v2/val/images/nozzle_extrusion_normal_0269.jpg,20260822
val,/mnt/d/ruanjianxiazai/pycharm2026/datasets/dataset_2_binary_clean_v2/val/images/nozzle_no_extrusion_0142.jpg,20260822
val,/mnt/d/ruanjianxiazai/pycharm2026/datasets/dataset_2_binary_clean_v2/val/images/nozzle_no_extrusion_0862.jpg,20260822
val,/mnt/d/ruanjianxiazai/pycharm2026/datasets/dataset_2_binary_clean_v2/val/images/nozzle_tip_wrapped_0370.jpg,20260822
val,/mnt/d/ruanjianxiazai/pycharm2026/datasets/dataset_2_binary_clean_v2/val/images/nozzle_tip_wrapped_0524.jpg,20260822
val,/mnt/d/ruanjianxiazai/pycharm2026/datasets/dataset_2_binary_clean_v2/val/images/nozzle_no_extrusion_0766.jpg,20260822
val,/mnt/d/ruanjianxiazai/pycharm2026/datasets/dataset_2_binary_clean_v2/val/images/nozzle_tip_wrapped_1041.jpg,20260822
val,/mnt/d/ruanjianxiazai/pycharm2026/datasets/dataset_2_binary_clean_v2/val/images/nozzle_extrusion_normal_0119.jpg,20260822
val,/mnt/d/ruanjianxiazai/pycharm2026/datasets/dataset_2_binary_clean_v2/val/images/nozzle_extrusion_normal_0359.jpg,20260822
val,/mnt/d/ruanjianxiazai/pycharm2026/datasets/dataset_2_binary_clean_v2/val/images/nozzle_extrusion_normal_1437.jpg,20260822
val,/mnt/d/ruanjianxiazai/pycharm2026/datasets/dataset_2_binary_clean_v2/val/images/nozzle_extrusion_normal_0635.jpg,20260822
val,/mnt/d/ruanjianxiazai/pycharm2026/datasets/dataset_2_binary_clean_v2/val/images/nozzle_extrusion_normal_0522.jpg,20260822
val,/mnt/d/ruanjianxiazai/pycharm2026/datasets/dataset_2_binary_clean_v2/val/images/nozzle_extrusion_normal_0116.jpg,20260822
val,/mnt/d/ruanjianxiazai/pycharm2026/datasets/dataset_2_binary_clean_v2/val/images/nozzle_extrusion_normal_0641.jpg,20260822
val,/mnt/d/ruanjianxiazai/pycharm2026/datasets/dataset_2_binary_clean_v2/val/images/nozzle_extrusion_normal_0793.jpg,20260822
val,/mnt/d/ruanjianxiazai/pycharm2026/datasets/dataset_2_binary_clean_v2/val/images/nozzle_tip_wrapped_0402.jpg,20260822
val,/mnt/d/ruanjianxiazai/pycharm2026/datasets/dataset_2_binary_clean_v2/val/images/nozzle_extrusion_normal_0511.jpg,20260822
val,/mnt/d/ruanjianxiazai/pycharm2026/datasets/dataset_2_binary_clean_v2/val/images/nozzle_extrusion_normal_0864.jpg,20260822
val,/mnt/d/ruanjianxiazai/pycharm2026/datasets/dataset_2_binary_clean_v2/val/images/nozzle_heavy_contamination_0010.jpg,20260822
val,/mnt/d/ruanjianxiazai/pycharm2026/datasets/dataset_2_binary_clean_v2/val/images/nozzle_extrusion_normal_0010.jpg,20260822
val,/mnt/d/ruanjianxiazai/pycharm2026/datasets/dataset_2_binary_clean_v2/val/images/nozzle_extrusion_normal_1084.jpg,20260822
val,/mnt/d/ruanjianxiazai/pycharm2026/datasets/dataset_2_binary_clean_v2/val/images/nozzle_extrusion_normal_0038.jpg,20260822
val,/mnt/d/ruanjianxiazai/pycharm2026/datasets/dataset_2_binary_clean_v2/val/images/nozzle_no_extrusion_0084.jpg,20260822
val,/mnt/d/ruanjianxiazai/pycharm2026/datasets/dataset_2_binary_clean_v2/val/images/nozzle_no_extrusion_0654.jpg,20260822
val,/mnt/d/ruanjianxiazai/pycharm2026/datasets/dataset_2_binary_clean_v2/val/images/nozzle_tip_wrapped_0411.jpg,20260822
val,/mnt/d/ruanjianxiazai/pycharm2026/datasets/dataset_2_binary_clean_v2/val/images/nozzle_tip_wrapped_0819.jpg,20260822
val,/mnt/d/ruanjianxiazai/pycharm2026/datasets/dataset_2_binary_clean_v2/val/images/nozzle_extrusion_normal_0835.jpg,20260822
val,/mnt/d/ruanjianxiazai/pycharm2026/datasets/dataset_2_binary_clean_v2/val/images/nozzle_extrusion_normal_0275.jpg,20260822
val,/mnt/d/ruanjianxiazai/pycharm2026/datasets/dataset_2_binary_clean_v2/val/images/nozzle_tip_wrapped_1008.jpg,20260822
val,/mnt/d/ruanjianxiazai/pycharm2026/datasets/dataset_2_binary_clean_v2/val/images/nozzle_tip_wrapped_0029.jpg,20260822
val,/mnt/d/ruanjianxiazai/pycharm2026/datasets/dataset_2_binary_clean_v2/val/images/nozzle_no_extrusion_0833.jpg,20260822
val,/mnt/d/ruanjianxiazai/pycharm2026/datasets/dataset_2_binary_clean_v2/val/images/nozzle_tip_wrapped_0512.jpg,20260822
val,/mnt/d/ruanjianxiazai/pycharm2026/datasets/dataset_2_binary_clean_v2/val/images/nozzle_tip_wrapped_0864.jpg,20260822
val,/mnt/d/ruanjianxiazai/pycharm2026/datasets/dataset_2_binary_clean_v2/val/images/nozzle_tip_wrapped_0131.jpg,20260822
val,/mnt/d/ruanjianxiazai/pycharm2026/datasets/dataset_2_binary_clean_v2/val/images/nozzle_tip_wrapped_0338.jpg,20260822
val,/mnt/d/ruanjianxiazai/pycharm2026/datasets/dataset_2_binary_clean_v2/val/images/nozzle_extrusion_normal_0660.jpg,20260822
val,/mnt/d/ruanjianxiazai/pycharm2026/datasets/dataset_2_binary_clean_v2/val/images/nozzle_extrusion_normal_0459.jpg,20260822
val,/mnt/d/ruanjianxiazai/pycharm2026/datasets/dataset_2_binary_clean_v2/val/images/nozzle_no_extrusion_0392.jpg,20260822
val,/mnt/d/ruanjianxiazai/pycharm2026/datasets/dataset_2_binary_clean_v2/val/images/nozzle_tip_wrapped_1253.jpg,20260822
val,/mnt/d/ruanjianxiazai/pycharm2026/datasets/dataset_2_binary_clean_v2/val/images/nozzle_tip_wrapped_1295.jpg,20260822
val,/mnt/d/ruanjianxiazai/pycharm2026/datasets/dataset_2_binary_clean_v2/val/images/nozzle_extrusion_normal_1093.jpg,20260822
val,/mnt/d/ruanjianxiazai/pycharm2026/datasets/dataset_2_binary_clean_v2/val/images/nozzle_extrusion_normal_0371.jpg,20260822
val,/mnt/d/ruanjianxiazai/pycharm2026/datasets/dataset_2_binary_clean_v2/val/images/nozzle_no_extrusion_0711.jpg,20260822
val,/mnt/d/ruanjianxiazai/pycharm2026/datasets/dataset_2_binary_clean_v2/val/images/nozzle_extrusion_normal_0891.jpg,20260822
val,/mnt/d/ruanjianxiazai/pycharm2026/datasets/dataset_2_binary_clean_v2/val/images/nozzle_no_extrusion_0674.jpg,20260822
val,/mnt/d/ruanjianxiazai/pycharm2026/datasets/dataset_2_binary_clean_v2/val/images/nozzle_extrusion_normal_0021.jpg,20260822
val,/mnt/d/ruanjianxiazai/pycharm2026/datasets/dataset_2_binary_clean_v2/val/images/nozzle_no_extrusion_0439.jpg,20260822
val,/mnt/d/ruanjianxiazai/pycharm2026/datasets/dataset_2_binary_clean_v2/val/images/nozzle_slight_contamination_0002.jpg,20260822
val,/mnt/d/ruanjianxiazai/pycharm2026/datasets/dataset_2_binary_clean_v2/val/images/nozzle_tip_wrapped_1268.jpg,20260822
val,/mnt/d/ruanjianxiazai/pycharm2026/datasets/dataset_2_binary_clean_v2/val/images/nozzle_tip_wrapped_0503.jpg,20260822
val,/mnt/d/ruanjianxiazai/pycharm2026/datasets/dataset_2_binary_clean_v2/val/images/nozzle_no_extrusion_0400.jpg,20260822
val,/mnt/d/ruanjianxiazai/pycharm2026/datasets/dataset_2_binary_clean_v2/val/images/nozzle_tip_wrapped_0090.jpg,20260822
val,/mnt/d/ruanjianxiazai/pycharm2026/datasets/dataset_2_binary_clean_v2/val/images/nozzle_extrusion_normal_1108.jpg,20260822
val,/mnt/d/ruanjianxiazai/pycharm2026/datasets/dataset_2_binary_clean_v2/val/images/nozzle_tip_wrapped_0401.jpg,20260822
val,/mnt/d/ruanjianxiazai/pycharm2026/datasets/dataset_2_binary_clean_v2/val/images/nozzle_tip_wrapped_0385.jpg,20260822
val,/mnt/d/ruanjianxiazai/pycharm2026/datasets/dataset_2_binary_clean_v2/val/images/nozzle_extrusion_normal_0640.jpg,20260822
val,/mnt/d/ruanjianxiazai/pycharm2026/datasets/dataset_2_binary_clean_v2/val/images/nozzle_extrusion_normal_1089.jpg,20260822
val,/mnt/d/ruanjianxiazai/pycharm2026/datasets/dataset_2_binary_clean_v2/val/images/nozzle_tip_wrapped_0477.jpg,20260822
val,/mnt/d/ruanjianxiazai/pycharm2026/datasets/dataset_2_binary_clean_v2/val/images/nozzle_extrusion_normal_0722.jpg,20260822
val,/mnt/d/ruanjianxiazai/pycharm2026/datasets/dataset_2_binary_clean_v2/val/images/nozzle_extrusion_normal_0500.jpg,20260822
val,/mnt/d/ruanjianxiazai/pycharm2026/datasets/dataset_2_binary_clean_v2/val/images/nozzle_extrusion_normal_0429.jpg,20260822
val,/mnt/d/ruanjianxiazai/pycharm2026/datasets/dataset_2_binary_clean_v2/val/images/nozzle_no_extrusion_0489.jpg,20260822
val,/mnt/d/ruanjianxiazai/pycharm2026/datasets/dataset_2_binary_clean_v2/val/images/nozzle_extrusion_normal_0949.jpg,20260822
val,/mnt/d/ruanjianxiazai/pycharm2026/datasets/dataset_2_binary_clean_v2/val/images/nozzle_tip_wrapped_0484.jpg,20260822
val,/mnt/d/ruanjianxiazai/pycharm2026/datasets/dataset_2_binary_clean_v2/val/images/nozzle_extrusion_normal_1433.jpg,20260822
val,/mnt/d/ruanjianxiazai/pycharm2026/datasets/dataset_2_binary_clean_v2/val/images/nozzle_tip_wrapped_0664.jpg,20260822
val,/mnt/d/ruanjianxiazai/pycharm2026/datasets/dataset_2_binary_clean_v2/val/images/nozzle_extrusion_normal_1101.jpg,20260822
val,/mnt/d/ruanjianxiazai/pycharm2026/datasets/dataset_2_binary_clean_v2/val/images/nozzle_extrusion_normal_1415.jpg,20260822
val,/mnt/d/ruanjianxiazai/pycharm2026/datasets/dataset_2_binary_clean_v2/val/images/nozzle_extrusion_normal_0095.jpg,20260822
val,/mnt/d/ruanjianxiazai/pycharm2026/datasets/dataset_2_binary_clean_v2/val/images/nozzle_tip_wrapped_0862.jpg,20260822
val,/mnt/d/ruanjianxiazai/pycharm2026/datasets/dataset_2_binary_clean_v2/val/images/nozzle_extrusion_normal_0824.jpg,20260822
val,/mnt/d/ruanjianxiazai/pycharm2026/datasets/dataset_2_binary_clean_v2/val/images/nozzle_extrusion_normal_0411.jpg,20260822
val,/mnt/d/ruanjianxiazai/pycharm2026/datasets/dataset_2_binary_clean_v2/val/images/nozzle_tip_wrapped_0745.jpg,20260822
val,/mnt/d/ruanjianxiazai/pycharm2026/datasets/dataset_2_binary_clean_v2/val/images/nozzle_extrusion_normal_0877.jpg,20260822
val,/mnt/d/ruanjianxiazai/pycharm2026/datasets/dataset_2_binary_clean_v2/val/images/nozzle_tip_wrapped_0003.jpg,20260822
val,/mnt/d/ruanjianxiazai/pycharm2026/datasets/dataset_2_binary_clean_v2/val/images/nozzle_extrusion_normal_0097.jpg,20260822
val,/mnt/d/ruanjianxiazai/pycharm2026/datasets/dataset_2_binary_clean_v2/val/images/nozzle_extrusion_normal_0449.jpg,20260822
val,/mnt/d/ruanjianxiazai/pycharm2026/datasets/dataset_2_binary_clean_v2/val/images/nozzle_no_extrusion_0661.jpg,20260822
val,/mnt/d/ruanjianxiazai/pycharm2026/datasets/dataset_2_binary_clean_v2/val/images/nozzle_extrusion_normal_0202.jpg,20260822
val,/mnt/d/ruanjianxiazai/pycharm2026/datasets/dataset_2_binary_clean_v2/val/images/nozzle_tip_wrapped_0457.jpg,20260822
val,/mnt/d/ruanjianxiazai/pycharm2026/datasets/dataset_2_binary_clean_v2/val/images/nozzle_tip_wrapped_0734.jpg,20260822
val,/mnt/d/ruanjianxiazai/pycharm2026/datasets/dataset_2_binary_clean_v2/val/images/nozzle_extrusion_normal_1218.jpg,20260822
val,/mnt/d/ruanjianxiazai/pycharm2026/datasets/dataset_2_binary_clean_v2/val/images/nozzle_extrusion_normal_0185.jpg,20260822
val,/mnt/d/ruanjianxiazai/pycharm2026/datasets/dataset_2_binary_clean_v2/val/images/nozzle_extrusion_normal_0980.jpg,20260822
val,/mnt/d/ruanjianxiazai/pycharm2026/datasets/dataset_2_binary_clean_v2/val/images/nozzle_extrusion_normal_0251.jpg,20260822
val,/mnt/d/ruanjianxiazai/pycharm2026/datasets/dataset_2_binary_clean_v2/val/images/nozzle_no_extrusion_0762.jpg,20260822
val,/mnt/d/ruanjianxiazai/pycharm2026/datasets/dataset_2_binary_clean_v2/val/images/nozzle_extrusion_normal_0438.jpg,20260822
val,/mnt/d/ruanjianxiazai/pycharm2026/datasets/dataset_2_binary_clean_v2/val/images/nozzle_extrusion_normal_1430.jpg,20260822
val,/mnt/d/ruanjianxiazai/pycharm2026/datasets/dataset_2_binary_clean_v2/val/images/nozzle_extrusion_normal_1211.jpg,20260822
val,/mnt/d/ruanjianxiazai/pycharm2026/datasets/dataset_2_binary_clean_v2/val/images/nozzle_extrusion_normal_0179.jpg,20260822
val,/mnt/d/ruanjianxiazai/pycharm2026/datasets/dataset_2_binary_clean_v2/val/images/nozzle_extrusion_normal_1378.jpg,20260822
val,/mnt/d/ruanjianxiazai/pycharm2026/datasets/dataset_2_binary_clean_v2/val/images/nozzle_no_extrusion_0029.jpg,20260822
val,/mnt/d/ruanjianxiazai/pycharm2026/datasets/dataset_2_binary_clean_v2/val/images/nozzle_extrusion_normal_1336.jpg,20260822
val,/mnt/d/ruanjianxiazai/pycharm2026/datasets/dataset_2_binary_clean_v2/val/images/nozzle_no_extrusion_0683.jpg,20260822
val,/mnt/d/ruanjianxiazai/pycharm2026/datasets/dataset_2_binary_clean_v2/val/images/nozzle_no_extrusion_0421.jpg,20260822
val,/mnt/d/ruanjianxiazai/pycharm2026/datasets/dataset_2_binary_clean_v2/val/images/nozzle_no_extrusion_0759.jpg,20260822
val,/mnt/d/ruanjianxiazai/pycharm2026/datasets/dataset_2_binary_clean_v2/val/images/nozzle_tip_wrapped_0456.jpg,20260822
val,/mnt/d/ruanjianxiazai/pycharm2026/datasets/dataset_2_binary_clean_v2/val/images/nozzle_no_extrusion_0780.jpg,20260822
val,/mnt/d/ruanjianxiazai/pycharm2026/datasets/dataset_2_binary_clean_v2/val/images/nozzle_extrusion_normal_0695.jpg,20260822
val,/mnt/d/ruanjianxiazai/pycharm2026/datasets/dataset_2_binary_clean_v2/val/images/nozzle_extrusion_normal_0751.jpg,20260822
val,/mnt/d/ruanjianxiazai/pycharm2026/datasets/dataset_2_binary_clean_v2/val/images/nozzle_no_extrusion_0092.jpg,20260822
val,/mnt/d/ruanjianxiazai/pycharm2026/datasets/dataset_2_binary_clean_v2/val/images/nozzle_extrusion_normal_0317.jpg,20260822
val,/mnt/d/ruanjianxiazai/pycharm2026/datasets/dataset_2_binary_clean_v2/val/images/nozzle_extrusion_normal_0939.jpg,20260822
val,/mnt/d/ruanjianxiazai/pycharm2026/datasets/dataset_2_binary_clean_v2/val/images/nozzle_tip_wrapped_0468.jpg,20260822
val,/mnt/d/ruanjianxiazai/pycharm2026/datasets/dataset_2_binary_clean_v2/val/images/nozzle_tip_wrapped_0282.jpg,20260822
val,/mnt/d/ruanjianxiazai/pycharm2026/datasets/dataset_2_binary_clean_v2/val/images/nozzle_no_extrusion_0716.jpg,20260822
val,/mnt/d/ruanjianxiazai/pycharm2026/datasets/dataset_2_binary_clean_v2/val/images/nozzle_tip_wrapped_0821.jpg,20260822
val,/mnt/d/ruanjianxiazai/pycharm2026/datasets/dataset_2_binary_clean_v2/val/images/nozzle_extrusion_normal_0131.jpg,20260822
val,/mnt/d/ruanjianxiazai/pycharm2026/datasets/dataset_2_binary_clean_v2/val/images/nozzle_tip_wrapped_1184.jpg,20260822
val,/mnt/d/ruanjianxiazai/pycharm2026/datasets/dataset_2_binary_clean_v2/val/images/nozzle_tip_wrapped_0208.jpg,20260822
val,/mnt/d/ruanjianxiazai/pycharm2026/datasets/dataset_2_binary_clean_v2/val/images/nozzle_extrusion_normal_1204.jpg,20260822
val,/mnt/d/ruanjianxiazai/pycharm2026/datasets/dataset_2_binary_clean_v2/val/images/nozzle_tip_wrapped_0498.jpg,20260822
val,/mnt/d/ruanjianxiazai/pycharm2026/datasets/dataset_2_binary_clean_v2/val/images/nozzle_extrusion_normal_0238.jpg,20260822
val,/mnt/d/ruanjianxiazai/pycharm2026/datasets/dataset_2_binary_clean_v2/val/images/nozzle_extrusion_normal_1010.jpg,20260822
val,/mnt/d/ruanjianxiazai/pycharm2026/datasets/dataset_2_binary_clean_v2/val/images/nozzle_no_extrusion_0396.jpg,20260822
val,/mnt/d/ruanjianxiazai/pycharm2026/datasets/dataset_2_binary_clean_v2/val/images/nozzle_extrusion_normal_0952.jpg,20260822
val,/mnt/d/ruanjianxiazai/pycharm2026/datasets/dataset_2_binary_clean_v2/val/images/nozzle_no_extrusion_0868.jpg,20260822
val,/mnt/d/ruanjianxiazai/pycharm2026/datasets/dataset_2_binary_clean_v2/val/images/nozzle_tip_wrapped_0339.jpg,20260822
val,/mnt/d/ruanjianxiazai/pycharm2026/datasets/dataset_2_binary_clean_v2/val/images/nozzle_extrusion_normal_0654.jpg,20260822
val,/mnt/d/ruanjianxiazai/pycharm2026/datasets/dataset_2_binary_clean_v2/val/images/nozzle_extrusion_normal_0173.jpg,20260822
val,/mnt/d/ruanjianxiazai/pycharm2026/datasets/dataset_2_binary_clean_v2/val/images/nozzle_extrusion_normal_0872.jpg,20260822
val,/mnt/d/ruanjianxiazai/pycharm2026/datasets/dataset_2_binary_clean_v2/val/images/nozzle_no_extrusion_0785.jpg,20260822
val,/mnt/d/ruanjianxiazai/pycharm2026/datasets/dataset_2_binary_clean_v2/val/images/nozzle_no_extrusion_0449.jpg,20260822
val,/mnt/d/ruanjianxiazai/pycharm2026/datasets/dataset_2_binary_clean_v2/val/images/nozzle_extrusion_normal_0471.jpg,20260822
val,/mnt/d/ruanjianxiazai/pycharm2026/datasets/dataset_2_binary_clean_v2/val/images/nozzle_extrusion_normal_0040.jpg,20260822
val,/mnt/d/ruanjianxiazai/pycharm2026/datasets/dataset_2_binary_clean_v2/val/images/nozzle_tip_wrapped_0162.jpg,20260822
val,/mnt/d/ruanjianxiazai/pycharm2026/datasets/dataset_2_binary_clean_v2/val/images/nozzle_extrusion_normal_0035.jpg,20260822
val,/mnt/d/ruanjianxiazai/pycharm2026/datasets/dataset_2_binary_clean_v2/val/images/nozzle_tip_wrapped_0585.jpg,20260822
val,/mnt/d/ruanjianxiazai/pycharm2026/datasets/dataset_2_binary_clean_v2/val/images/nozzle_extrusion_normal_0645.jpg,20260822
val,/mnt/d/ruanjianxiazai/pycharm2026/datasets/dataset_2_binary_clean_v2/val/images/nozzle_no_extrusion_0393.jpg,20260822
val,/mnt/d/ruanjianxiazai/pycharm2026/datasets/dataset_2_binary_clean_v2/val/images/nozzle_extrusion_normal_0549.jpg,20260822
val,/mnt/d/ruanjianxiazai/pycharm2026/datasets/dataset_2_binary_clean_v2/val/images/nozzle_extrusion_normal_0261.jpg,20260822
val,/mnt/d/ruanjianxiazai/pycharm2026/datasets/dataset_2_binary_clean_v2/val/images/nozzle_tip_wrapped_0686.jpg,20260822
val,/mnt/d/ruanjianxiazai/pycharm2026/datasets/dataset_2_binary_clean_v2/val/images/nozzle_tip_wrapped_1247.jpg,20260822
val,/mnt/d/ruanjianxiazai/pycharm2026/datasets/dataset_2_binary_clean_v2/val/images/nozzle_extrusion_normal_1410.jpg,20260822
val,/mnt/d/ruanjianxiazai/pycharm2026/datasets/dataset_2_binary_clean_v2/val/images/nozzle_extrusion_normal_0243.jpg,20260822
val,/mnt/d/ruanjianxiazai/pycharm2026/datasets/dataset_2_binary_clean_v2/val/images/nozzle_no_extrusion_0410.jpg,20260822
val,/mnt/d/ruanjianxiazai/pycharm2026/datasets/dataset_2_binary_clean_v2/val/images/nozzle_extrusion_normal_0030.jpg,20260822
val,/mnt/d/ruanjianxiazai/pycharm2026/datasets/dataset_2_binary_clean_v2/val/images/nozzle_tip_wrapped_0852.jpg,20260822
val,/mnt/d/ruanjianxiazai/pycharm2026/datasets/dataset_2_binary_clean_v2/val/images/nozzle_no_extrusion_0824.jpg,20260822
val,/mnt/d/ruanjianxiazai/pycharm2026/datasets/dataset_2_binary_clean_v2/val/images/nozzle_extrusion_normal_1511.jpg,20260822
val,/mnt/d/ruanjianxiazai/pycharm2026/datasets/dataset_2_binary_clean_v2/val/images/nozzle_extrusion_normal_0271.jpg,20260822
val,/mnt/d/ruanjianxiazai/pycharm2026/datasets/dataset_2_binary_clean_v2/val/images/nozzle_tip_wrapped_0170.jpg,20260822
val,/mnt/d/ruanjianxiazai/pycharm2026/datasets/dataset_2_binary_clean_v2/val/images/nozzle_tip_wrapped_0238.jpg,20260822
val,/mnt/d/ruanjianxiazai/pycharm2026/datasets/dataset_2_binary_clean_v2/val/images/nozzle_extrusion_normal_0842.jpg,20260822
val,/mnt/d/ruanjianxiazai/pycharm2026/datasets/dataset_2_binary_clean_v2/val/images/nozzle_tip_wrapped_0497.jpg,20260822
val,/mnt/d/ruanjianxiazai/pycharm2026/datasets/dataset_2_binary_clean_v2/val/images/nozzle_tip_wrapped_0918.jpg,20260822
val,/mnt/d/ruanjianxiazai/pycharm2026/datasets/dataset_2_binary_clean_v2/val/images/nozzle_tip_wrapped_0141.jpg,20260822
val,/mnt/d/ruanjianxiazai/pycharm2026/datasets/dataset_2_binary_clean_v2/val/images/nozzle_no_extrusion_0110.jpg,20260822
val,/mnt/d/ruanjianxiazai/pycharm2026/datasets/dataset_2_binary_clean_v2/val/images/nozzle_extrusion_normal_0895.jpg,20260822
val,/mnt/d/ruanjianxiazai/pycharm2026/datasets/dataset_2_binary_clean_v2/val/images/nozzle_extrusion_normal_0560.jpg,20260822
val,/mnt/d/ruanjianxiazai/pycharm2026/datasets/dataset_2_binary_clean_v2/val/images/nozzle_tip_wrapped_0744.jpg,20260822
val,/mnt/d/ruanjianxiazai/pycharm2026/datasets/dataset_2_binary_clean_v2/val/images/nozzle_tip_wrapped_1194.jpg,20260822
val,/mnt/d/ruanjianxiazai/pycharm2026/datasets/dataset_2_binary_clean_v2/val/images/nozzle_tip_wrapped_1094.jpg,20260822
val,/mnt/d/ruanjianxiazai/pycharm2026/datasets/dataset_2_binary_clean_v2/val/images/nozzle_extrusion_normal_1178.jpg,20260822
val,/mnt/d/ruanjianxiazai/pycharm2026/datasets/dataset_2_binary_clean_v2/val/images/nozzle_extrusion_normal_1128.jpg,20260822
val,/mnt/d/ruanjianxiazai/pycharm2026/datasets/dataset_2_binary_clean_v2/val/images/nozzle_no_extrusion_0600.jpg,20260822
val,/mnt/d/ruanjianxiazai/pycharm2026/datasets/dataset_2_binary_clean_v2/val/images/nozzle_extrusion_normal_1158.jpg,20260822
val,/mnt/d/ruanjianxiazai/pycharm2026/datasets/dataset_2_binary_clean_v2/val/images/nozzle_tip_wrapped_0522.jpg,20260822
val,/mnt/d/ruanjianxiazai/pycharm2026/datasets/dataset_2_binary_clean_v2/val/images/nozzle_tip_wrapped_1260.jpg,20260822
val,/mnt/d/ruanjianxiazai/pycharm2026/datasets/dataset_2_binary_clean_v2/val/images/nozzle_extrusion_normal_0931.jpg,20260822
val,/mnt/d/ruanjianxiazai/pycharm2026/datasets/dataset_2_binary_clean_v2/val/images/nozzle_tip_wrapped_1314.jpg,20260822
val,/mnt/d/ruanjianxiazai/pycharm2026/datasets/dataset_2_binary_clean_v2/val/images/nozzle_tip_wrapped_0117.jpg,20260822
val,/mnt/d/ruanjianxiazai/pycharm2026/datasets/dataset_2_binary_clean_v2/val/images/nozzle_tip_wrapped_1123.jpg,20260822
val,/mnt/d/ruanjianxiazai/pycharm2026/datasets/dataset_2_binary_clean_v2/val/images/nozzle_tip_wrapped_1298.jpg,20260822
val,/mnt/d/ruanjianxiazai/pycharm2026/datasets/dataset_2_binary_clean_v2/val/images/nozzle_extrusion_normal_0639.jpg,20260822
val,/mnt/d/ruanjianxiazai/pycharm2026/datasets/dataset_2_binary_clean_v2/val/images/nozzle_no_extrusion_0526.jpg,20260822
val,/mnt/d/ruanjianxiazai/pycharm2026/datasets/dataset_2_binary_clean_v2/val/images/nozzle_tip_wrapped_0853.jpg,20260822
val,/mnt/d/ruanjianxiazai/pycharm2026/datasets/dataset_2_binary_clean_v2/val/images/nozzle_extrusion_normal_0334.jpg,20260822
val,/mnt/d/ruanjianxiazai/pycharm2026/datasets/dataset_2_binary_clean_v2/val/images/nozzle_extrusion_normal_1454.jpg,20260822
val,/mnt/d/ruanjianxiazai/pycharm2026/datasets/dataset_2_binary_clean_v2/val/images/nozzle_heavy_contamination_0005.jpg,20260822
val,/mnt/d/ruanjianxiazai/pycharm2026/datasets/dataset_2_binary_clean_v2/val/images/nozzle_tip_wrapped_1171.jpg,20260822
val,/mnt/d/ruanjianxiazai/pycharm2026/datasets/dataset_2_binary_clean_v2/val/images/nozzle_no_extrusion_0125.jpg,20260822
val,/mnt/d/ruanjianxiazai/pycharm2026/datasets/dataset_2_binary_clean_v2/val/images/nozzle_no_extrusion_0778.jpg,20260822
val,/mnt/d/ruanjianxiazai/pycharm2026/datasets/dataset_2_binary_clean_v2/val/images/nozzle_extrusion_normal_0112.jpg,20260822
val,/mnt/d/ruanjianxiazai/pycharm2026/datasets/dataset_2_binary_clean_v2/val/images/nozzle_no_extrusion_0607.jpg,20260822
val,/mnt/d/ruanjianxiazai/pycharm2026/datasets/dataset_2_binary_clean_v2/val/images/nozzle_no_extrusion_0601.jpg,20260822
val,/mnt/d/ruanjianxiazai/pycharm2026/datasets/dataset_2_binary_clean_v2/val/images/nozzle_slight_contamination_0004.jpg,20260822
val,/mnt/d/ruanjianxiazai/pycharm2026/datasets/dataset_2_binary_clean_v2/val/images/nozzle_tip_wrapped_0687.jpg,20260822
val,/mnt/d/ruanjianxiazai/pycharm2026/datasets/dataset_2_binary_clean_v2/val/images/nozzle_extrusion_normal_0422.jpg,20260822
val,/mnt/d/ruanjianxiazai/pycharm2026/datasets/dataset_2_binary_clean_v2/val/images/nozzle_extrusion_normal_0218.jpg,20260822
val,/mnt/d/ruanjianxiazai/pycharm2026/datasets/dataset_2_binary_clean_v2/val/images/nozzle_tip_wrapped_0899.jpg,20260822
val,/mnt/d/ruanjianxiazai/pycharm2026/datasets/dataset_2_binary_clean_v2/val/images/nozzle_extrusion_normal_1384.jpg,20260822
val,/mnt/d/ruanjianxiazai/pycharm2026/datasets/dataset_2_binary_clean_v2/val/images/nozzle_no_extrusion_0666.jpg,20260822
val,/mnt/d/ruanjianxiazai/pycharm2026/datasets/dataset_2_binary_clean_v2/val/images/nozzle_tip_wrapped_0956.jpg,20260822
val,/mnt/d/ruanjianxiazai/pycharm2026/datasets/dataset_2_binary_clean_v2/val/images/nozzle_tip_wrapped_1122.jpg,20260822
val,/mnt/d/ruanjianxiazai/pycharm2026/datasets/dataset_2_binary_clean_v2/val/images/nozzle_tip_wrapped_0177.jpg,20260822
