数据划分,图片,标签,原始类别,旧类别编号,新类别编号,新类别名称,标注框数量,框坐标是否保持不变
train,train/images/nozzle_clean_0005.jpg,train/labels/nozzle_clean_0005.txt,nozzle_clean,1,0,nozzle_normal,1,是
train,train/images/nozzle_clean_0006.jpg,train/labels/nozzle_clean_0006.txt,nozzle_clean,1,0,nozzle_normal,1,是
train,train/images/nozzle_clean_0007.jpg,train/labels/nozzle_clean_0007.txt,nozzle_clean,1,0,nozzle_normal,1,是
train,train/images/nozzle_clean_0008.jpg,train/labels/nozzle_clean_0008.txt,nozzle_clean,1,0,nozzle_normal,1,是
train,train/images/nozzle_clean_0009.jpg,train/labels/nozzle_clean_0009.txt,nozzle_clean,1,0,nozzle_normal,1,是
train,train/images/nozzle_extrusion_normal_0004.jpg,train/labels/nozzle_extrusion_normal_0004.txt,nozzle_extrusion_normal,1,0,nozzle_normal,1,是
train,train/images/nozzle_extrusion_normal_0005.jpg,train/labels/nozzle_extrusion_normal_0005.txt,nozzle_extrusion_normal,1,0,nozzle_normal,1,是
train,train/images/nozzle_extrusion_normal_0006.jpg,train/labels/nozzle_extrusion_normal_0006.txt,nozzle_extrusion_normal,1,0,nozzle_normal,1,是
train,train/images/nozzle_extrusion_normal_0007.jpg,train/labels/nozzle_extrusion_normal_0007.txt,nozzle_extrusion_normal,1,0,nozzle_normal,1,是
train,train/images/nozzle_extrusion_normal_0008.jpg,train/labels/nozzle_extrusion_normal_0008.txt,nozzle_extrusion_normal,1,0,nozzle_normal,1,是
train,train/images/nozzle_extrusion_normal_0009.jpg,train/labels/nozzle_extrusion_normal_0009.txt,nozzle_extrusion_normal,1,0,nozzle_normal,1,是
train,train/images/nozzle_extrusion_normal_0011.jpg,train/labels/nozzle_extrusion_normal_0011.txt,nozzle_extrusion_normal,1,0,nozzle_normal,1,是
train,train/images/nozzle_extrusion_normal_0012.jpg,train/labels/nozzle_extrusion_normal_0012.txt,nozzle_extrusion_normal,1,0,nozzle_normal,1,是
train,train/images/nozzle_extrusion_normal_0013.jpg,train/labels/nozzle_extrusion_normal_0013.txt,nozzle_extrusion_normal,1,0,nozzle_normal,1,是
train,train/images/nozzle_extrusion_normal_0014.jpg,train/labels/nozzle_extrusion_normal_0014.txt,nozzle_extrusion_normal,1,0,nozzle_normal,1,是
train,train/images/nozzle_extrusion_normal_0015.jpg,train/labels/nozzle_extrusion_normal_0015.txt,nozzle_extrusion_normal,1,0,nozzle_normal,1,是
train,train/images/nozzle_extrusion_normal_0018.jpg,train/labels/nozzle_extrusion_normal_0018.txt,nozzle_extrusion_normal,1,0,nozzle_normal,1,是
train,train/images/nozzle_extrusion_normal_0019.jpg,train/labels/nozzle_extrusion_normal_0019.txt,nozzle_extrusion_normal,1,0,nozzle_normal,1,是
train,train/images/nozzle_extrusion_normal_0020.jpg,train/labels/nozzle_extrusion_normal_0020.txt,nozzle_extrusion_normal,1,0,nozzle_normal,1,是
train,train/images/nozzle_extrusion_normal_0022.jpg,train/labels/nozzle_extrusion_normal_0022.txt,nozzle_extrusion_normal,1,0,nozzle_normal,1,是
train,train/images/nozzle_extrusion_normal_0025.jpg,train/labels/nozzle_extrusion_normal_0025.txt,nozzle_extrusion_normal,1,0,nozzle_normal,1,是
train,train/images/nozzle_extrusion_normal_0028.jpg,train/labels/nozzle_extrusion_normal_0028.txt,nozzle_extrusion_normal,1,0,nozzle_normal,1,是
train,train/images/nozzle_extrusion_normal_0029.jpg,train/labels/nozzle_extrusion_normal_0029.txt,nozzle_extrusion_normal,1,0,nozzle_normal,1,是
train,train/images/nozzle_extrusion_normal_0031.jpg,train/labels/nozzle_extrusion_normal_0031.txt,nozzle_extrusion_normal,1,0,nozzle_normal,1,是
train,train/images/nozzle_extrusion_normal_0034.jpg,train/labels/nozzle_extrusion_normal_0034.txt,nozzle_extrusion_normal,1,0,nozzle_normal,1,是
train,train/images/nozzle_extrusion_normal_0039.jpg,train/labels/nozzle_extrusion_normal_0039.txt,nozzle_extrusion_normal,1,0,nozzle_normal,1,是
train,train/images/nozzle_extrusion_normal_0043.jpg,train/labels/nozzle_extrusion_normal_0043.txt,nozzle_extrusion_normal,1,0,nozzle_normal,1,是
train,train/images/nozzle_extrusion_normal_0044.jpg,train/labels/nozzle_extrusion_normal_0044.txt,nozzle_extrusion_normal,1,0,nozzle_normal,1,是
train,train/images/nozzle_extrusion_normal_0047.jpg,train/labels/nozzle_extrusion_normal_0047.txt,nozzle_extrusion_normal,1,0,nozzle_normal,1,是
train,train/images/nozzle_extrusion_normal_0048.jpg,train/labels/nozzle_extrusion_normal_0048.txt,nozzle_extrusion_normal,1,0,nozzle_normal,1,是
train,train/images/nozzle_extrusion_normal_0049.jpg,train/labels/nozzle_extrusion_normal_0049.txt,nozzle_extrusion_normal,1,0,nozzle_normal,1,是
train,train/images/nozzle_extrusion_normal_0051.jpg,train/labels/nozzle_extrusion_normal_0051.txt,nozzle_extrusion_normal,1,0,nozzle_normal,1,是
train,train/images/nozzle_extrusion_normal_0052.jpg,train/labels/nozzle_extrusion_normal_0052.txt,nozzle_extrusion_normal,1,0,nozzle_normal,1,是
train,train/images/nozzle_extrusion_normal_0053.jpg,train/labels/nozzle_extrusion_normal_0053.txt,nozzle_extrusion_normal,1,0,nozzle_normal,1,是
train,train/images/nozzle_extrusion_normal_0054.jpg,train/labels/nozzle_extrusion_normal_0054.txt,nozzle_extrusion_normal,1,0,nozzle_normal,1,是
train,train/images/nozzle_extrusion_normal_0055.jpg,train/labels/nozzle_extrusion_normal_0055.txt,nozzle_extrusion_normal,1,0,nozzle_normal,1,是
train,train/images/nozzle_extrusion_normal_0056.jpg,train/labels/nozzle_extrusion_normal_0056.txt,nozzle_extrusion_normal,1,0,nozzle_normal,1,是
train,train/images/nozzle_extrusion_normal_0058.jpg,train/labels/nozzle_extrusion_normal_0058.txt,nozzle_extrusion_normal,1,0,nozzle_normal,1,是
train,train/images/nozzle_extrusion_normal_0060.jpg,train/labels/nozzle_extrusion_normal_0060.txt,nozzle_extrusion_normal,1,0,nozzle_normal,1,是
train,train/images/nozzle_extrusion_normal_0062.jpg,train/labels/nozzle_extrusion_normal_0062.txt,nozzle_extrusion_normal,1,0,nozzle_normal,1,是
train,train/images/nozzle_extrusion_normal_0064.jpg,train/labels/nozzle_extrusion_normal_0064.txt,nozzle_extrusion_normal,1,0,nozzle_normal,1,是
train,train/images/nozzle_extrusion_normal_0066.jpg,train/labels/nozzle_extrusion_normal_0066.txt,nozzle_extrusion_normal,1,0,nozzle_normal,1,是
train,train/images/nozzle_extrusion_normal_0068.jpg,train/labels/nozzle_extrusion_normal_0068.txt,nozzle_extrusion_normal,1,0,nozzle_normal,1,是
train,train/images/nozzle_extrusion_normal_0069.jpg,train/labels/nozzle_extrusion_normal_0069.txt,nozzle_extrusion_normal,1,0,nozzle_normal,1,是
train,train/images/nozzle_extrusion_normal_0071.jpg,train/labels/nozzle_extrusion_normal_0071.txt,nozzle_extrusion_normal,1,0,nozzle_normal,1,是
train,train/images/nozzle_extrusion_normal_0072.jpg,train/labels/nozzle_extrusion_normal_0072.txt,nozzle_extrusion_normal,1,0,nozzle_normal,1,是
train,train/images/nozzle_extrusion_normal_0074.jpg,train/labels/nozzle_extrusion_normal_0074.txt,nozzle_extrusion_normal,1,0,nozzle_normal,1,是
train,train/images/nozzle_extrusion_normal_0078.jpg,train/labels/nozzle_extrusion_normal_0078.txt,nozzle_extrusion_normal,1,0,nozzle_normal,1,是
train,train/images/nozzle_extrusion_normal_0080.jpg,train/labels/nozzle_extrusion_normal_0080.txt,nozzle_extrusion_normal,1,0,nozzle_normal,1,是
train,train/images/nozzle_extrusion_normal_0082.jpg,train/labels/nozzle_extrusion_normal_0082.txt,nozzle_extrusion_normal,1,0,nozzle_normal,1,是
train,train/images/nozzle_extrusion_normal_0083.jpg,train/labels/nozzle_extrusion_normal_0083.txt,nozzle_extrusion_normal,1,0,nozzle_normal,1,是
train,train/images/nozzle_extrusion_normal_0085.jpg,train/labels/nozzle_extrusion_normal_0085.txt,nozzle_extrusion_normal,1,0,nozzle_normal,1,是
train,train/images/nozzle_extrusion_normal_0086.jpg,train/labels/nozzle_extrusion_normal_0086.txt,nozzle_extrusion_normal,1,0,nozzle_normal,1,是
train,train/images/nozzle_extrusion_normal_0087.jpg,train/labels/nozzle_extrusion_normal_0087.txt,nozzle_extrusion_normal,1,0,nozzle_normal,1,是
train,train/images/nozzle_extrusion_normal_0088.jpg,train/labels/nozzle_extrusion_normal_0088.txt,nozzle_extrusion_normal,1,0,nozzle_normal,1,是
train,train/images/nozzle_extrusion_normal_0089.jpg,train/labels/nozzle_extrusion_normal_0089.txt,nozzle_extrusion_normal,1,0,nozzle_normal,1,是
train,train/images/nozzle_extrusion_normal_0091.jpg,train/labels/nozzle_extrusion_normal_0091.txt,nozzle_extrusion_normal,1,0,nozzle_normal,1,是
train,train/images/nozzle_extrusion_normal_0092.jpg,train/labels/nozzle_extrusion_normal_0092.txt,nozzle_extrusion_normal,1,0,nozzle_normal,1,是
train,train/images/nozzle_extrusion_normal_0093.jpg,train/labels/nozzle_extrusion_normal_0093.txt,nozzle_extrusion_normal,1,0,nozzle_normal,1,是
train,train/images/nozzle_extrusion_normal_0094.jpg,train/labels/nozzle_extrusion_normal_0094.txt,nozzle_extrusion_normal,1,0,nozzle_normal,1,是
train,train/images/nozzle_extrusion_normal_0096.jpg,train/labels/nozzle_extrusion_normal_0096.txt,nozzle_extrusion_normal,1,0,nozzle_normal,1,是
train,train/images/nozzle_extrusion_normal_0098.jpg,train/labels/nozzle_extrusion_normal_0098.txt,nozzle_extrusion_normal,1,0,nozzle_normal,1,是
train,train/images/nozzle_extrusion_normal_0100.jpg,train/labels/nozzle_extrusion_normal_0100.txt,nozzle_extrusion_normal,1,0,nozzle_normal,1,是
train,train/images/nozzle_extrusion_normal_0102.jpg,train/labels/nozzle_extrusion_normal_0102.txt,nozzle_extrusion_normal,1,0,nozzle_normal,1,是
train,train/images/nozzle_extrusion_normal_0106.jpg,train/labels/nozzle_extrusion_normal_0106.txt,nozzle_extrusion_normal,1,0,nozzle_normal,1,是
train,train/images/nozzle_extrusion_normal_0107.jpg,train/labels/nozzle_extrusion_normal_0107.txt,nozzle_extrusion_normal,1,0,nozzle_normal,1,是
train,train/images/nozzle_extrusion_normal_0110.jpg,train/labels/nozzle_extrusion_normal_0110.txt,nozzle_extrusion_normal,1,0,nozzle_normal,1,是
train,train/images/nozzle_extrusion_normal_0111.jpg,train/labels/nozzle_extrusion_normal_0111.txt,nozzle_extrusion_normal,1,0,nozzle_normal,1,是
train,train/images/nozzle_extrusion_normal_0114.jpg,train/labels/nozzle_extrusion_normal_0114.txt,nozzle_extrusion_normal,1,0,nozzle_normal,1,是
train,train/images/nozzle_extrusion_normal_0117.jpg,train/labels/nozzle_extrusion_normal_0117.txt,nozzle_extrusion_normal,1,0,nozzle_normal,1,是
train,train/images/nozzle_extrusion_normal_0118.jpg,train/labels/nozzle_extrusion_normal_0118.txt,nozzle_extrusion_normal,1,0,nozzle_normal,1,是
train,train/images/nozzle_extrusion_normal_0120.jpg,train/labels/nozzle_extrusion_normal_0120.txt,nozzle_extrusion_normal,1,0,nozzle_normal,1,是
train,train/images/nozzle_extrusion_normal_0122.jpg,train/labels/nozzle_extrusion_normal_0122.txt,nozzle_extrusion_normal,1,0,nozzle_normal,1,是
train,train/images/nozzle_extrusion_normal_0125.jpg,train/labels/nozzle_extrusion_normal_0125.txt,nozzle_extrusion_normal,1,0,nozzle_normal,1,是
train,train/images/nozzle_extrusion_normal_0126.jpg,train/labels/nozzle_extrusion_normal_0126.txt,nozzle_extrusion_normal,1,0,nozzle_normal,1,是
train,train/images/nozzle_extrusion_normal_0127.jpg,train/labels/nozzle_extrusion_normal_0127.txt,nozzle_extrusion_normal,1,0,nozzle_normal,1,是
train,train/images/nozzle_extrusion_normal_0128.jpg,train/labels/nozzle_extrusion_normal_0128.txt,nozzle_extrusion_normal,1,0,nozzle_normal,1,是
train,train/images/nozzle_extrusion_normal_0129.jpg,train/labels/nozzle_extrusion_normal_0129.txt,nozzle_extrusion_normal,1,0,nozzle_normal,1,是
train,train/images/nozzle_extrusion_normal_0132.jpg,train/labels/nozzle_extrusion_normal_0132.txt,nozzle_extrusion_normal,1,0,nozzle_normal,1,是
train,train/images/nozzle_extrusion_normal_0133.jpg,train/labels/nozzle_extrusion_normal_0133.txt,nozzle_extrusion_normal,1,0,nozzle_normal,1,是
train,train/images/nozzle_extrusion_normal_0134.jpg,train/labels/nozzle_extrusion_normal_0134.txt,nozzle_extrusion_normal,1,0,nozzle_normal,1,是
train,train/images/nozzle_extrusion_normal_0135.jpg,train/labels/nozzle_extrusion_normal_0135.txt,nozzle_extrusion_normal,1,0,nozzle_normal,1,是
train,train/images/nozzle_extrusion_normal_0137.jpg,train/labels/nozzle_extrusion_normal_0137.txt,nozzle_extrusion_normal,1,0,nozzle_normal,1,是
train,train/images/nozzle_extrusion_normal_0138.jpg,train/labels/nozzle_extrusion_normal_0138.txt,nozzle_extrusion_normal,1,0,nozzle_normal,1,是
train,train/images/nozzle_extrusion_normal_0139.jpg,train/labels/nozzle_extrusion_normal_0139.txt,nozzle_extrusion_normal,1,0,nozzle_normal,1,是
train,train/images/nozzle_extrusion_normal_0140.jpg,train/labels/nozzle_extrusion_normal_0140.txt,nozzle_extrusion_normal,1,0,nozzle_normal,1,是
train,train/images/nozzle_extrusion_normal_0141.jpg,train/labels/nozzle_extrusion_normal_0141.txt,nozzle_extrusion_normal,1,0,nozzle_normal,1,是
train,train/images/nozzle_extrusion_normal_0142.jpg,train/labels/nozzle_extrusion_normal_0142.txt,nozzle_extrusion_normal,1,0,nozzle_normal,1,是
train,train/images/nozzle_extrusion_normal_0143.jpg,train/labels/nozzle_extrusion_normal_0143.txt,nozzle_extrusion_normal,1,0,nozzle_normal,1,是
train,train/images/nozzle_extrusion_normal_0144.jpg,train/labels/nozzle_extrusion_normal_0144.txt,nozzle_extrusion_normal,1,0,nozzle_normal,1,是
train,train/images/nozzle_extrusion_normal_0145.jpg,train/labels/nozzle_extrusion_normal_0145.txt,nozzle_extrusion_normal,1,0,nozzle_normal,1,是
train,train/images/nozzle_extrusion_normal_0146.jpg,train/labels/nozzle_extrusion_normal_0146.txt,nozzle_extrusion_normal,1,0,nozzle_normal,1,是
train,train/images/nozzle_extrusion_normal_0147.jpg,train/labels/nozzle_extrusion_normal_0147.txt,nozzle_extrusion_normal,1,0,nozzle_normal,1,是
train,train/images/nozzle_extrusion_normal_0148.jpg,train/labels/nozzle_extrusion_normal_0148.txt,nozzle_extrusion_normal,1,0,nozzle_normal,1,是
train,train/images/nozzle_extrusion_normal_0149.jpg,train/labels/nozzle_extrusion_normal_0149.txt,nozzle_extrusion_normal,1,0,nozzle_normal,1,是
train,train/images/nozzle_extrusion_normal_0153.jpg,train/labels/nozzle_extrusion_normal_0153.txt,nozzle_extrusion_normal,1,0,nozzle_normal,1,是
train,train/images/nozzle_extrusion_normal_0154.jpg,train/labels/nozzle_extrusion_normal_0154.txt,nozzle_extrusion_normal,1,0,nozzle_normal,1,是
train,train/images/nozzle_extrusion_normal_0155.jpg,train/labels/nozzle_extrusion_normal_0155.txt,nozzle_extrusion_normal,1,0,nozzle_normal,1,是
train,train/images/nozzle_extrusion_normal_0156.jpg,train/labels/nozzle_extrusion_normal_0156.txt,nozzle_extrusion_normal,1,0,nozzle_normal,1,是
train,train/images/nozzle_extrusion_normal_0157.jpg,train/labels/nozzle_extrusion_normal_0157.txt,nozzle_extrusion_normal,1,0,nozzle_normal,1,是
train,train/images/nozzle_extrusion_normal_0158.jpg,train/labels/nozzle_extrusion_normal_0158.txt,nozzle_extrusion_normal,1,0,nozzle_normal,1,是
train,train/images/nozzle_extrusion_normal_0159.jpg,train/labels/nozzle_extrusion_normal_0159.txt,nozzle_extrusion_normal,1,0,nozzle_normal,1,是
train,train/images/nozzle_extrusion_normal_0160.jpg,train/labels/nozzle_extrusion_normal_0160.txt,nozzle_extrusion_normal,1,0,nozzle_normal,1,是
train,train/images/nozzle_extrusion_normal_0161.jpg,train/labels/nozzle_extrusion_normal_0161.txt,nozzle_extrusion_normal,1,0,nozzle_normal,1,是
train,train/images/nozzle_extrusion_normal_0163.jpg,train/labels/nozzle_extrusion_normal_0163.txt,nozzle_extrusion_normal,1,0,nozzle_normal,1,是
train,train/images/nozzle_extrusion_normal_0165.jpg,train/labels/nozzle_extrusion_normal_0165.txt,nozzle_extrusion_normal,1,0,nozzle_normal,1,是
train,train/images/nozzle_extrusion_normal_0166.jpg,train/labels/nozzle_extrusion_normal_0166.txt,nozzle_extrusion_normal,1,0,nozzle_normal,1,是
train,train/images/nozzle_extrusion_normal_0168.jpg,train/labels/nozzle_extrusion_normal_0168.txt,nozzle_extrusion_normal,1,0,nozzle_normal,1,是
train,train/images/nozzle_extrusion_normal_0169.jpg,train/labels/nozzle_extrusion_normal_0169.txt,nozzle_extrusion_normal,1,0,nozzle_normal,1,是
train,train/images/nozzle_extrusion_normal_0170.jpg,train/labels/nozzle_extrusion_normal_0170.txt,nozzle_extrusion_normal,1,0,nozzle_normal,1,是
train,train/images/nozzle_extrusion_normal_0174.jpg,train/labels/nozzle_extrusion_normal_0174.txt,nozzle_extrusion_normal,1,0,nozzle_normal,1,是
train,train/images/nozzle_extrusion_normal_0175.jpg,train/labels/nozzle_extrusion_normal_0175.txt,nozzle_extrusion_normal,1,0,nozzle_normal,1,是
train,train/images/nozzle_extrusion_normal_0176.jpg,train/labels/nozzle_extrusion_normal_0176.txt,nozzle_extrusion_normal,1,0,nozzle_normal,1,是
train,train/images/nozzle_extrusion_normal_0177.jpg,train/labels/nozzle_extrusion_normal_0177.txt,nozzle_extrusion_normal,1,0,nozzle_normal,1,是
train,train/images/nozzle_extrusion_normal_0178.jpg,train/labels/nozzle_extrusion_normal_0178.txt,nozzle_extrusion_normal,1,0,nozzle_normal,1,是
train,train/images/nozzle_extrusion_normal_0180.jpg,train/labels/nozzle_extrusion_normal_0180.txt,nozzle_extrusion_normal,1,0,nozzle_normal,1,是
train,train/images/nozzle_extrusion_normal_0181.jpg,train/labels/nozzle_extrusion_normal_0181.txt,nozzle_extrusion_normal,1,0,nozzle_normal,1,是
train,train/images/nozzle_extrusion_normal_0183.jpg,train/labels/nozzle_extrusion_normal_0183.txt,nozzle_extrusion_normal,1,0,nozzle_normal,1,是
train,train/images/nozzle_extrusion_normal_0186.jpg,train/labels/nozzle_extrusion_normal_0186.txt,nozzle_extrusion_normal,1,0,nozzle_normal,1,是
train,train/images/nozzle_extrusion_normal_0187.jpg,train/labels/nozzle_extrusion_normal_0187.txt,nozzle_extrusion_normal,1,0,nozzle_normal,1,是
train,train/images/nozzle_extrusion_normal_0189.jpg,train/labels/nozzle_extrusion_normal_0189.txt,nozzle_extrusion_normal,1,0,nozzle_normal,1,是
train,train/images/nozzle_extrusion_normal_0191.jpg,train/labels/nozzle_extrusion_normal_0191.txt,nozzle_extrusion_normal,1,0,nozzle_normal,1,是
train,train/images/nozzle_extrusion_normal_0192.jpg,train/labels/nozzle_extrusion_normal_0192.txt,nozzle_extrusion_normal,1,0,nozzle_normal,1,是
train,train/images/nozzle_extrusion_normal_0193.jpg,train/labels/nozzle_extrusion_normal_0193.txt,nozzle_extrusion_normal,1,0,nozzle_normal,1,是
train,train/images/nozzle_extrusion_normal_0196.jpg,train/labels/nozzle_extrusion_normal_0196.txt,nozzle_extrusion_normal,1,0,nozzle_normal,1,是
train,train/images/nozzle_extrusion_normal_0197.jpg,train/labels/nozzle_extrusion_normal_0197.txt,nozzle_extrusion_normal,1,0,nozzle_normal,1,是
train,train/images/nozzle_extrusion_normal_0199.jpg,train/labels/nozzle_extrusion_normal_0199.txt,nozzle_extrusion_normal,1,0,nozzle_normal,1,是
train,train/images/nozzle_extrusion_normal_0200.jpg,train/labels/nozzle_extrusion_normal_0200.txt,nozzle_extrusion_normal,1,0,nozzle_normal,1,是
train,train/images/nozzle_extrusion_normal_0201.jpg,train/labels/nozzle_extrusion_normal_0201.txt,nozzle_extrusion_normal,1,0,nozzle_normal,1,是
train,train/images/nozzle_extrusion_normal_0203.jpg,train/labels/nozzle_extrusion_normal_0203.txt,nozzle_extrusion_normal,1,0,nozzle_normal,1,是
train,train/images/nozzle_extrusion_normal_0204.jpg,train/labels/nozzle_extrusion_normal_0204.txt,nozzle_extrusion_normal,1,0,nozzle_normal,1,是
train,train/images/nozzle_extrusion_normal_0205.jpg,train/labels/nozzle_extrusion_normal_0205.txt,nozzle_extrusion_normal,1,0,nozzle_normal,1,是
train,train/images/nozzle_extrusion_normal_0206.jpg,train/labels/nozzle_extrusion_normal_0206.txt,nozzle_extrusion_normal,1,0,nozzle_normal,1,是
train,train/images/nozzle_extrusion_normal_0207.jpg,train/labels/nozzle_extrusion_normal_0207.txt,nozzle_extrusion_normal,1,0,nozzle_normal,1,是
train,train/images/nozzle_extrusion_normal_0208.jpg,train/labels/nozzle_extrusion_normal_0208.txt,nozzle_extrusion_normal,1,0,nozzle_normal,1,是
train,train/images/nozzle_extrusion_normal_0213.jpg,train/labels/nozzle_extrusion_normal_0213.txt,nozzle_extrusion_normal,1,0,nozzle_normal,1,是
train,train/images/nozzle_extrusion_normal_0214.jpg,train/labels/nozzle_extrusion_normal_0214.txt,nozzle_extrusion_normal,1,0,nozzle_normal,1,是
train,train/images/nozzle_extrusion_normal_0215.jpg,train/labels/nozzle_extrusion_normal_0215.txt,nozzle_extrusion_normal,1,0,nozzle_normal,1,是
train,train/images/nozzle_extrusion_normal_0216.jpg,train/labels/nozzle_extrusion_normal_0216.txt,nozzle_extrusion_normal,1,0,nozzle_normal,1,是
train,train/images/nozzle_extrusion_normal_0217.jpg,train/labels/nozzle_extrusion_normal_0217.txt,nozzle_extrusion_normal,1,0,nozzle_normal,1,是
train,train/images/nozzle_extrusion_normal_0219.jpg,train/labels/nozzle_extrusion_normal_0219.txt,nozzle_extrusion_normal,1,0,nozzle_normal,1,是
train,train/images/nozzle_extrusion_normal_0223.jpg,train/labels/nozzle_extrusion_normal_0223.txt,nozzle_extrusion_normal,1,0,nozzle_normal,1,是
train,train/images/nozzle_extrusion_normal_0225.jpg,train/labels/nozzle_extrusion_normal_0225.txt,nozzle_extrusion_normal,1,0,nozzle_normal,1,是
train,train/images/nozzle_extrusion_normal_0226.jpg,train/labels/nozzle_extrusion_normal_0226.txt,nozzle_extrusion_normal,1,0,nozzle_normal,1,是
train,train/images/nozzle_extrusion_normal_0228.jpg,train/labels/nozzle_extrusion_normal_0228.txt,nozzle_extrusion_normal,1,0,nozzle_normal,1,是
train,train/images/nozzle_extrusion_normal_0229.jpg,train/labels/nozzle_extrusion_normal_0229.txt,nozzle_extrusion_normal,1,0,nozzle_normal,1,是
train,train/images/nozzle_extrusion_normal_0230.jpg,train/labels/nozzle_extrusion_normal_0230.txt,nozzle_extrusion_normal,1,0,nozzle_normal,1,是
train,train/images/nozzle_extrusion_normal_0231.jpg,train/labels/nozzle_extrusion_normal_0231.txt,nozzle_extrusion_normal,1,0,nozzle_normal,1,是
train,train/images/nozzle_extrusion_normal_0232.jpg,train/labels/nozzle_extrusion_normal_0232.txt,nozzle_extrusion_normal,1,0,nozzle_normal,1,是
train,train/images/nozzle_extrusion_normal_0233.jpg,train/labels/nozzle_extrusion_normal_0233.txt,nozzle_extrusion_normal,1,0,nozzle_normal,1,是
train,train/images/nozzle_extrusion_normal_0234.jpg,train/labels/nozzle_extrusion_normal_0234.txt,nozzle_extrusion_normal,1,0,nozzle_normal,1,是
train,train/images/nozzle_extrusion_normal_0235.jpg,train/labels/nozzle_extrusion_normal_0235.txt,nozzle_extrusion_normal,1,0,nozzle_normal,1,是
train,train/images/nozzle_extrusion_normal_0236.jpg,train/labels/nozzle_extrusion_normal_0236.txt,nozzle_extrusion_normal,1,0,nozzle_normal,1,是
train,train/images/nozzle_extrusion_normal_0239.jpg,train/labels/nozzle_extrusion_normal_0239.txt,nozzle_extrusion_normal,1,0,nozzle_normal,1,是
train,train/images/nozzle_extrusion_normal_0240.jpg,train/labels/nozzle_extrusion_normal_0240.txt,nozzle_extrusion_normal,1,0,nozzle_normal,1,是
train,train/images/nozzle_extrusion_normal_0241.jpg,train/labels/nozzle_extrusion_normal_0241.txt,nozzle_extrusion_normal,1,0,nozzle_normal,1,是
train,train/images/nozzle_extrusion_normal_0242.jpg,train/labels/nozzle_extrusion_normal_0242.txt,nozzle_extrusion_normal,1,0,nozzle_normal,1,是
train,train/images/nozzle_extrusion_normal_0244.jpg,train/labels/nozzle_extrusion_normal_0244.txt,nozzle_extrusion_normal,1,0,nozzle_normal,1,是
train,train/images/nozzle_extrusion_normal_0245.jpg,train/labels/nozzle_extrusion_normal_0245.txt,nozzle_extrusion_normal,1,0,nozzle_normal,1,是
train,train/images/nozzle_extrusion_normal_0246.jpg,train/labels/nozzle_extrusion_normal_0246.txt,nozzle_extrusion_normal,1,0,nozzle_normal,1,是
train,train/images/nozzle_extrusion_normal_0247.jpg,train/labels/nozzle_extrusion_normal_0247.txt,nozzle_extrusion_normal,1,0,nozzle_normal,1,是
train,train/images/nozzle_extrusion_normal_0248.jpg,train/labels/nozzle_extrusion_normal_0248.txt,nozzle_extrusion_normal,1,0,nozzle_normal,1,是
train,train/images/nozzle_extrusion_normal_0250.jpg,train/labels/nozzle_extrusion_normal_0250.txt,nozzle_extrusion_normal,1,0,nozzle_normal,1,是
train,train/images/nozzle_extrusion_normal_0252.jpg,train/labels/nozzle_extrusion_normal_0252.txt,nozzle_extrusion_normal,1,0,nozzle_normal,1,是
train,train/images/nozzle_extrusion_normal_0253.jpg,train/labels/nozzle_extrusion_normal_0253.txt,nozzle_extrusion_normal,1,0,nozzle_normal,1,是
train,train/images/nozzle_extrusion_normal_0254.jpg,train/labels/nozzle_extrusion_normal_0254.txt,nozzle_extrusion_normal,1,0,nozzle_normal,1,是
train,train/images/nozzle_extrusion_normal_0255.jpg,train/labels/nozzle_extrusion_normal_0255.txt,nozzle_extrusion_normal,1,0,nozzle_normal,1,是
train,train/images/nozzle_extrusion_normal_0260.jpg,train/labels/nozzle_extrusion_normal_0260.txt,nozzle_extrusion_normal,1,0,nozzle_normal,1,是
train,train/images/nozzle_extrusion_normal_0262.jpg,train/labels/nozzle_extrusion_normal_0262.txt,nozzle_extrusion_normal,1,0,nozzle_normal,1,是
train,train/images/nozzle_extrusion_normal_0263.jpg,train/labels/nozzle_extrusion_normal_0263.txt,nozzle_extrusion_normal,1,0,nozzle_normal,1,是
train,train/images/nozzle_extrusion_normal_0264.jpg,train/labels/nozzle_extrusion_normal_0264.txt,nozzle_extrusion_normal,1,0,nozzle_normal,1,是
train,train/images/nozzle_extrusion_normal_0265.jpg,train/labels/nozzle_extrusion_normal_0265.txt,nozzle_extrusion_normal,1,0,nozzle_normal,1,是
train,train/images/nozzle_extrusion_normal_0266.jpg,train/labels/nozzle_extrusion_normal_0266.txt,nozzle_extrusion_normal,1,0,nozzle_normal,1,是
train,train/images/nozzle_extrusion_normal_0267.jpg,train/labels/nozzle_extrusion_normal_0267.txt,nozzle_extrusion_normal,1,0,nozzle_normal,1,是
train,train/images/nozzle_extrusion_normal_0268.jpg,train/labels/nozzle_extrusion_normal_0268.txt,nozzle_extrusion_normal,1,0,nozzle_normal,1,是
train,train/images/nozzle_extrusion_normal_0270.jpg,train/labels/nozzle_extrusion_normal_0270.txt,nozzle_extrusion_normal,1,0,nozzle_normal,1,是
train,train/images/nozzle_extrusion_normal_0272.jpg,train/labels/nozzle_extrusion_normal_0272.txt,nozzle_extrusion_normal,1,0,nozzle_normal,1,是
train,train/images/nozzle_extrusion_normal_0273.jpg,train/labels/nozzle_extrusion_normal_0273.txt,nozzle_extrusion_normal,1,0,nozzle_normal,1,是
train,train/images/nozzle_extrusion_normal_0276.jpg,train/labels/nozzle_extrusion_normal_0276.txt,nozzle_extrusion_normal,1,0,nozzle_normal,1,是
train,train/images/nozzle_extrusion_normal_0277.jpg,train/labels/nozzle_extrusion_normal_0277.txt,nozzle_extrusion_normal,1,0,nozzle_normal,1,是
train,train/images/nozzle_extrusion_normal_0278.jpg,train/labels/nozzle_extrusion_normal_0278.txt,nozzle_extrusion_normal,1,0,nozzle_normal,1,是
train,train/images/nozzle_extrusion_normal_0279.jpg,train/labels/nozzle_extrusion_normal_0279.txt,nozzle_extrusion_normal,1,0,nozzle_normal,1,是
train,train/images/nozzle_extrusion_normal_0281.jpg,train/labels/nozzle_extrusion_normal_0281.txt,nozzle_extrusion_normal,1,0,nozzle_normal,1,是
train,train/images/nozzle_extrusion_normal_0283.jpg,train/labels/nozzle_extrusion_normal_0283.txt,nozzle_extrusion_normal,1,0,nozzle_normal,1,是
train,train/images/nozzle_extrusion_normal_0285.jpg,train/labels/nozzle_extrusion_normal_0285.txt,nozzle_extrusion_normal,1,0,nozzle_normal,1,是
train,train/images/nozzle_extrusion_normal_0289.jpg,train/labels/nozzle_extrusion_normal_0289.txt,nozzle_extrusion_normal,1,0,nozzle_normal,1,是
train,train/images/nozzle_extrusion_normal_0291.jpg,train/labels/nozzle_extrusion_normal_0291.txt,nozzle_extrusion_normal,1,0,nozzle_normal,1,是
train,train/images/nozzle_extrusion_normal_0293.jpg,train/labels/nozzle_extrusion_normal_0293.txt,nozzle_extrusion_normal,1,0,nozzle_normal,1,是
train,train/images/nozzle_extrusion_normal_0294.jpg,train/labels/nozzle_extrusion_normal_0294.txt,nozzle_extrusion_normal,1,0,nozzle_normal,1,是
train,train/images/nozzle_extrusion_normal_0295.jpg,train/labels/nozzle_extrusion_normal_0295.txt,nozzle_extrusion_normal,1,0,nozzle_normal,1,是
train,train/images/nozzle_extrusion_normal_0296.jpg,train/labels/nozzle_extrusion_normal_0296.txt,nozzle_extrusion_normal,1,0,nozzle_normal,1,是
train,train/images/nozzle_extrusion_normal_0297.jpg,train/labels/nozzle_extrusion_normal_0297.txt,nozzle_extrusion_normal,1,0,nozzle_normal,1,是
train,train/images/nozzle_extrusion_normal_0298.jpg,train/labels/nozzle_extrusion_normal_0298.txt,nozzle_extrusion_normal,1,0,nozzle_normal,1,是
train,train/images/nozzle_extrusion_normal_0302.jpg,train/labels/nozzle_extrusion_normal_0302.txt,nozzle_extrusion_normal,1,0,nozzle_normal,1,是
train,train/images/nozzle_extrusion_normal_0303.jpg,train/labels/nozzle_extrusion_normal_0303.txt,nozzle_extrusion_normal,1,0,nozzle_normal,1,是
train,train/images/nozzle_extrusion_normal_0304.jpg,train/labels/nozzle_extrusion_normal_0304.txt,nozzle_extrusion_normal,1,0,nozzle_normal,1,是
train,train/images/nozzle_extrusion_normal_0305.jpg,train/labels/nozzle_extrusion_normal_0305.txt,nozzle_extrusion_normal,1,0,nozzle_normal,1,是
train,train/images/nozzle_extrusion_normal_0306.jpg,train/labels/nozzle_extrusion_normal_0306.txt,nozzle_extrusion_normal,1,0,nozzle_normal,1,是
train,train/images/nozzle_extrusion_normal_0307.jpg,train/labels/nozzle_extrusion_normal_0307.txt,nozzle_extrusion_normal,1,0,nozzle_normal,1,是
train,train/images/nozzle_extrusion_normal_0308.jpg,train/labels/nozzle_extrusion_normal_0308.txt,nozzle_extrusion_normal,1,0,nozzle_normal,1,是
train,train/images/nozzle_extrusion_normal_0309.jpg,train/labels/nozzle_extrusion_normal_0309.txt,nozzle_extrusion_normal,1,0,nozzle_normal,1,是
train,train/images/nozzle_extrusion_normal_0310.jpg,train/labels/nozzle_extrusion_normal_0310.txt,nozzle_extrusion_normal,1,0,nozzle_normal,1,是
train,train/images/nozzle_extrusion_normal_0312.jpg,train/labels/nozzle_extrusion_normal_0312.txt,nozzle_extrusion_normal,1,0,nozzle_normal,1,是
train,train/images/nozzle_extrusion_normal_0314.jpg,train/labels/nozzle_extrusion_normal_0314.txt,nozzle_extrusion_normal,1,0,nozzle_normal,1,是
train,train/images/nozzle_extrusion_normal_0315.jpg,train/labels/nozzle_extrusion_normal_0315.txt,nozzle_extrusion_normal,1,0,nozzle_normal,1,是
train,train/images/nozzle_extrusion_normal_0318.jpg,train/labels/nozzle_extrusion_normal_0318.txt,nozzle_extrusion_normal,1,0,nozzle_normal,1,是
train,train/images/nozzle_extrusion_normal_0319.jpg,train/labels/nozzle_extrusion_normal_0319.txt,nozzle_extrusion_normal,1,0,nozzle_normal,1,是
train,train/images/nozzle_extrusion_normal_0320.jpg,train/labels/nozzle_extrusion_normal_0320.txt,nozzle_extrusion_normal,1,0,nozzle_normal,1,是
train,train/images/nozzle_extrusion_normal_0321.jpg,train/labels/nozzle_extrusion_normal_0321.txt,nozzle_extrusion_normal,1,0,nozzle_normal,1,是
train,train/images/nozzle_extrusion_normal_0322.jpg,train/labels/nozzle_extrusion_normal_0322.txt,nozzle_extrusion_normal,1,0,nozzle_normal,1,是
train,train/images/nozzle_extrusion_normal_0324.jpg,train/labels/nozzle_extrusion_normal_0324.txt,nozzle_extrusion_normal,1,0,nozzle_normal,1,是
train,train/images/nozzle_extrusion_normal_0326.jpg,train/labels/nozzle_extrusion_normal_0326.txt,nozzle_extrusion_normal,1,0,nozzle_normal,1,是
train,train/images/nozzle_extrusion_normal_0327.jpg,train/labels/nozzle_extrusion_normal_0327.txt,nozzle_extrusion_normal,1,0,nozzle_normal,1,是
train,train/images/nozzle_extrusion_normal_0328.jpg,train/labels/nozzle_extrusion_normal_0328.txt,nozzle_extrusion_normal,1,0,nozzle_normal,1,是
train,train/images/nozzle_extrusion_normal_0329.jpg,train/labels/nozzle_extrusion_normal_0329.txt,nozzle_extrusion_normal,1,0,nozzle_normal,1,是
train,train/images/nozzle_extrusion_normal_0332.jpg,train/labels/nozzle_extrusion_normal_0332.txt,nozzle_extrusion_normal,1,0,nozzle_normal,1,是
train,train/images/nozzle_extrusion_normal_0336.jpg,train/labels/nozzle_extrusion_normal_0336.txt,nozzle_extrusion_normal,1,0,nozzle_normal,1,是
train,train/images/nozzle_extrusion_normal_0337.jpg,train/labels/nozzle_extrusion_normal_0337.txt,nozzle_extrusion_normal,1,0,nozzle_normal,1,是
train,train/images/nozzle_extrusion_normal_0338.jpg,train/labels/nozzle_extrusion_normal_0338.txt,nozzle_extrusion_normal,1,0,nozzle_normal,1,是
train,train/images/nozzle_extrusion_normal_0339.jpg,train/labels/nozzle_extrusion_normal_0339.txt,nozzle_extrusion_normal,1,0,nozzle_normal,1,是
train,train/images/nozzle_extrusion_normal_0340.jpg,train/labels/nozzle_extrusion_normal_0340.txt,nozzle_extrusion_normal,1,0,nozzle_normal,1,是
train,train/images/nozzle_extrusion_normal_0342.jpg,train/labels/nozzle_extrusion_normal_0342.txt,nozzle_extrusion_normal,1,0,nozzle_normal,1,是
train,train/images/nozzle_extrusion_normal_0343.jpg,train/labels/nozzle_extrusion_normal_0343.txt,nozzle_extrusion_normal,1,0,nozzle_normal,1,是
train,train/images/nozzle_extrusion_normal_0346.jpg,train/labels/nozzle_extrusion_normal_0346.txt,nozzle_extrusion_normal,1,0,nozzle_normal,1,是
train,train/images/nozzle_extrusion_normal_0348.jpg,train/labels/nozzle_extrusion_normal_0348.txt,nozzle_extrusion_normal,1,0,nozzle_normal,1,是
train,train/images/nozzle_extrusion_normal_0349.jpg,train/labels/nozzle_extrusion_normal_0349.txt,nozzle_extrusion_normal,1,0,nozzle_normal,1,是
train,train/images/nozzle_extrusion_normal_0350.jpg,train/labels/nozzle_extrusion_normal_0350.txt,nozzle_extrusion_normal,1,0,nozzle_normal,1,是
train,train/images/nozzle_extrusion_normal_0351.jpg,train/labels/nozzle_extrusion_normal_0351.txt,nozzle_extrusion_normal,1,0,nozzle_normal,1,是
train,train/images/nozzle_extrusion_normal_0353.jpg,train/labels/nozzle_extrusion_normal_0353.txt,nozzle_extrusion_normal,1,0,nozzle_normal,1,是
train,train/images/nozzle_extrusion_normal_0355.jpg,train/labels/nozzle_extrusion_normal_0355.txt,nozzle_extrusion_normal,1,0,nozzle_normal,1,是
train,train/images/nozzle_extrusion_normal_0356.jpg,train/labels/nozzle_extrusion_normal_0356.txt,nozzle_extrusion_normal,1,0,nozzle_normal,1,是
train,train/images/nozzle_extrusion_normal_0357.jpg,train/labels/nozzle_extrusion_normal_0357.txt,nozzle_extrusion_normal,1,0,nozzle_normal,1,是
train,train/images/nozzle_extrusion_normal_0358.jpg,train/labels/nozzle_extrusion_normal_0358.txt,nozzle_extrusion_normal,1,0,nozzle_normal,1,是
train,train/images/nozzle_extrusion_normal_0360.jpg,train/labels/nozzle_extrusion_normal_0360.txt,nozzle_extrusion_normal,1,0,nozzle_normal,1,是
train,train/images/nozzle_extrusion_normal_0361.jpg,train/labels/nozzle_extrusion_normal_0361.txt,nozzle_extrusion_normal,1,0,nozzle_normal,1,是
train,train/images/nozzle_extrusion_normal_0362.jpg,train/labels/nozzle_extrusion_normal_0362.txt,nozzle_extrusion_normal,1,0,nozzle_normal,1,是
train,train/images/nozzle_extrusion_normal_0363.jpg,train/labels/nozzle_extrusion_normal_0363.txt,nozzle_extrusion_normal,1,0,nozzle_normal,1,是
train,train/images/nozzle_extrusion_normal_0364.jpg,train/labels/nozzle_extrusion_normal_0364.txt,nozzle_extrusion_normal,1,0,nozzle_normal,1,是
train,train/images/nozzle_extrusion_normal_0365.jpg,train/labels/nozzle_extrusion_normal_0365.txt,nozzle_extrusion_normal,1,0,nozzle_normal,1,是
train,train/images/nozzle_extrusion_normal_0367.jpg,train/labels/nozzle_extrusion_normal_0367.txt,nozzle_extrusion_normal,1,0,nozzle_normal,1,是
train,train/images/nozzle_extrusion_normal_0368.jpg,train/labels/nozzle_extrusion_normal_0368.txt,nozzle_extrusion_normal,1,0,nozzle_normal,1,是
train,train/images/nozzle_extrusion_normal_0369.jpg,train/labels/nozzle_extrusion_normal_0369.txt,nozzle_extrusion_normal,1,0,nozzle_normal,1,是
train,train/images/nozzle_extrusion_normal_0372.jpg,train/labels/nozzle_extrusion_normal_0372.txt,nozzle_extrusion_normal,1,0,nozzle_normal,1,是
train,train/images/nozzle_extrusion_normal_0373.jpg,train/labels/nozzle_extrusion_normal_0373.txt,nozzle_extrusion_normal,1,0,nozzle_normal,1,是
train,train/images/nozzle_extrusion_normal_0374.jpg,train/labels/nozzle_extrusion_normal_0374.txt,nozzle_extrusion_normal,1,0,nozzle_normal,1,是
train,train/images/nozzle_extrusion_normal_0375.jpg,train/labels/nozzle_extrusion_normal_0375.txt,nozzle_extrusion_normal,1,0,nozzle_normal,1,是
train,train/images/nozzle_extrusion_normal_0377.jpg,train/labels/nozzle_extrusion_normal_0377.txt,nozzle_extrusion_normal,1,0,nozzle_normal,1,是
train,train/images/nozzle_extrusion_normal_0378.jpg,train/labels/nozzle_extrusion_normal_0378.txt,nozzle_extrusion_normal,1,0,nozzle_normal,1,是
train,train/images/nozzle_extrusion_normal_0379.jpg,train/labels/nozzle_extrusion_normal_0379.txt,nozzle_extrusion_normal,1,0,nozzle_normal,1,是
train,train/images/nozzle_extrusion_normal_0380.jpg,train/labels/nozzle_extrusion_normal_0380.txt,nozzle_extrusion_normal,1,0,nozzle_normal,1,是
train,train/images/nozzle_extrusion_normal_0381.jpg,train/labels/nozzle_extrusion_normal_0381.txt,nozzle_extrusion_normal,1,0,nozzle_normal,1,是
train,train/images/nozzle_extrusion_normal_0384.jpg,train/labels/nozzle_extrusion_normal_0384.txt,nozzle_extrusion_normal,1,0,nozzle_normal,1,是
train,train/images/nozzle_extrusion_normal_0385.jpg,train/labels/nozzle_extrusion_normal_0385.txt,nozzle_extrusion_normal,1,0,nozzle_normal,1,是
train,train/images/nozzle_extrusion_normal_0386.jpg,train/labels/nozzle_extrusion_normal_0386.txt,nozzle_extrusion_normal,1,0,nozzle_normal,1,是
train,train/images/nozzle_extrusion_normal_0387.jpg,train/labels/nozzle_extrusion_normal_0387.txt,nozzle_extrusion_normal,1,0,nozzle_normal,1,是
train,train/images/nozzle_extrusion_normal_0388.jpg,train/labels/nozzle_extrusion_normal_0388.txt,nozzle_extrusion_normal,1,0,nozzle_normal,1,是
train,train/images/nozzle_extrusion_normal_0390.jpg,train/labels/nozzle_extrusion_normal_0390.txt,nozzle_extrusion_normal,1,0,nozzle_normal,1,是
train,train/images/nozzle_extrusion_normal_0391.jpg,train/labels/nozzle_extrusion_normal_0391.txt,nozzle_extrusion_normal,1,0,nozzle_normal,1,是
train,train/images/nozzle_extrusion_normal_0393.jpg,train/labels/nozzle_extrusion_normal_0393.txt,nozzle_extrusion_normal,1,0,nozzle_normal,1,是
train,train/images/nozzle_extrusion_normal_0395.jpg,train/labels/nozzle_extrusion_normal_0395.txt,nozzle_extrusion_normal,1,0,nozzle_normal,1,是
train,train/images/nozzle_extrusion_normal_0396.jpg,train/labels/nozzle_extrusion_normal_0396.txt,nozzle_extrusion_normal,1,0,nozzle_normal,1,是
train,train/images/nozzle_extrusion_normal_0397.jpg,train/labels/nozzle_extrusion_normal_0397.txt,nozzle_extrusion_normal,1,0,nozzle_normal,1,是
train,train/images/nozzle_extrusion_normal_0398.jpg,train/labels/nozzle_extrusion_normal_0398.txt,nozzle_extrusion_normal,1,0,nozzle_normal,1,是
train,train/images/nozzle_extrusion_normal_0400.jpg,train/labels/nozzle_extrusion_normal_0400.txt,nozzle_extrusion_normal,1,0,nozzle_normal,1,是
train,train/images/nozzle_extrusion_normal_0401.jpg,train/labels/nozzle_extrusion_normal_0401.txt,nozzle_extrusion_normal,1,0,nozzle_normal,1,是
train,train/images/nozzle_extrusion_normal_0403.jpg,train/labels/nozzle_extrusion_normal_0403.txt,nozzle_extrusion_normal,1,0,nozzle_normal,1,是
train,train/images/nozzle_extrusion_normal_0404.jpg,train/labels/nozzle_extrusion_normal_0404.txt,nozzle_extrusion_normal,1,0,nozzle_normal,1,是
train,train/images/nozzle_extrusion_normal_0405.jpg,train/labels/nozzle_extrusion_normal_0405.txt,nozzle_extrusion_normal,1,0,nozzle_normal,1,是
train,train/images/nozzle_extrusion_normal_0407.jpg,train/labels/nozzle_extrusion_normal_0407.txt,nozzle_extrusion_normal,1,0,nozzle_normal,1,是
train,train/images/nozzle_extrusion_normal_0408.jpg,train/labels/nozzle_extrusion_normal_0408.txt,nozzle_extrusion_normal,1,0,nozzle_normal,1,是
train,train/images/nozzle_extrusion_normal_0409.jpg,train/labels/nozzle_extrusion_normal_0409.txt,nozzle_extrusion_normal,1,0,nozzle_normal,1,是
train,train/images/nozzle_extrusion_normal_0412.jpg,train/labels/nozzle_extrusion_normal_0412.txt,nozzle_extrusion_normal,1,0,nozzle_normal,1,是
train,train/images/nozzle_extrusion_normal_0413.jpg,train/labels/nozzle_extrusion_normal_0413.txt,nozzle_extrusion_normal,1,0,nozzle_normal,1,是
train,train/images/nozzle_extrusion_normal_0414.jpg,train/labels/nozzle_extrusion_normal_0414.txt,nozzle_extrusion_normal,1,0,nozzle_normal,1,是
train,train/images/nozzle_extrusion_normal_0415.jpg,train/labels/nozzle_extrusion_normal_0415.txt,nozzle_extrusion_normal,1,0,nozzle_normal,1,是
train,train/images/nozzle_extrusion_normal_0416.jpg,train/labels/nozzle_extrusion_normal_0416.txt,nozzle_extrusion_normal,1,0,nozzle_normal,1,是
train,train/images/nozzle_extrusion_normal_0418.jpg,train/labels/nozzle_extrusion_normal_0418.txt,nozzle_extrusion_normal,1,0,nozzle_normal,1,是
train,train/images/nozzle_extrusion_normal_0419.jpg,train/labels/nozzle_extrusion_normal_0419.txt,nozzle_extrusion_normal,1,0,nozzle_normal,1,是
train,train/images/nozzle_extrusion_normal_0421.jpg,train/labels/nozzle_extrusion_normal_0421.txt,nozzle_extrusion_normal,1,0,nozzle_normal,1,是
train,train/images/nozzle_extrusion_normal_0423.jpg,train/labels/nozzle_extrusion_normal_0423.txt,nozzle_extrusion_normal,1,0,nozzle_normal,1,是
train,train/images/nozzle_extrusion_normal_0426.jpg,train/labels/nozzle_extrusion_normal_0426.txt,nozzle_extrusion_normal,1,0,nozzle_normal,1,是
train,train/images/nozzle_extrusion_normal_0428.jpg,train/labels/nozzle_extrusion_normal_0428.txt,nozzle_extrusion_normal,1,0,nozzle_normal,1,是
train,train/images/nozzle_extrusion_normal_0430.jpg,train/labels/nozzle_extrusion_normal_0430.txt,nozzle_extrusion_normal,1,0,nozzle_normal,1,是
train,train/images/nozzle_extrusion_normal_0431.jpg,train/labels/nozzle_extrusion_normal_0431.txt,nozzle_extrusion_normal,1,0,nozzle_normal,1,是
train,train/images/nozzle_extrusion_normal_0432.jpg,train/labels/nozzle_extrusion_normal_0432.txt,nozzle_extrusion_normal,1,0,nozzle_normal,1,是
train,train/images/nozzle_extrusion_normal_0434.jpg,train/labels/nozzle_extrusion_normal_0434.txt,nozzle_extrusion_normal,1,0,nozzle_normal,1,是
train,train/images/nozzle_extrusion_normal_0435.jpg,train/labels/nozzle_extrusion_normal_0435.txt,nozzle_extrusion_normal,1,0,nozzle_normal,1,是
train,train/images/nozzle_extrusion_normal_0436.jpg,train/labels/nozzle_extrusion_normal_0436.txt,nozzle_extrusion_normal,1,0,nozzle_normal,1,是
train,train/images/nozzle_extrusion_normal_0437.jpg,train/labels/nozzle_extrusion_normal_0437.txt,nozzle_extrusion_normal,1,0,nozzle_normal,1,是
train,train/images/nozzle_extrusion_normal_0439.jpg,train/labels/nozzle_extrusion_normal_0439.txt,nozzle_extrusion_normal,1,0,nozzle_normal,1,是
train,train/images/nozzle_extrusion_normal_0442.jpg,train/labels/nozzle_extrusion_normal_0442.txt,nozzle_extrusion_normal,1,0,nozzle_normal,1,是
train,train/images/nozzle_extrusion_normal_0443.jpg,train/labels/nozzle_extrusion_normal_0443.txt,nozzle_extrusion_normal,1,0,nozzle_normal,1,是
train,train/images/nozzle_extrusion_normal_0444.jpg,train/labels/nozzle_extrusion_normal_0444.txt,nozzle_extrusion_normal,1,0,nozzle_normal,1,是
train,train/images/nozzle_extrusion_normal_0445.jpg,train/labels/nozzle_extrusion_normal_0445.txt,nozzle_extrusion_normal,1,0,nozzle_normal,1,是
train,train/images/nozzle_extrusion_normal_0446.jpg,train/labels/nozzle_extrusion_normal_0446.txt,nozzle_extrusion_normal,1,0,nozzle_normal,1,是
train,train/images/nozzle_extrusion_normal_0447.jpg,train/labels/nozzle_extrusion_normal_0447.txt,nozzle_extrusion_normal,1,0,nozzle_normal,1,是
train,train/images/nozzle_extrusion_normal_0448.jpg,train/labels/nozzle_extrusion_normal_0448.txt,nozzle_extrusion_normal,1,0,nozzle_normal,1,是
train,train/images/nozzle_extrusion_normal_0451.jpg,train/labels/nozzle_extrusion_normal_0451.txt,nozzle_extrusion_normal,1,0,nozzle_normal,1,是
train,train/images/nozzle_extrusion_normal_0452.jpg,train/labels/nozzle_extrusion_normal_0452.txt,nozzle_extrusion_normal,1,0,nozzle_normal,1,是
train,train/images/nozzle_extrusion_normal_0453.jpg,train/labels/nozzle_extrusion_normal_0453.txt,nozzle_extrusion_normal,1,0,nozzle_normal,1,是
train,train/images/nozzle_extrusion_normal_0454.jpg,train/labels/nozzle_extrusion_normal_0454.txt,nozzle_extrusion_normal,1,0,nozzle_normal,1,是
train,train/images/nozzle_extrusion_normal_0455.jpg,train/labels/nozzle_extrusion_normal_0455.txt,nozzle_extrusion_normal,1,0,nozzle_normal,1,是
train,train/images/nozzle_extrusion_normal_0457.jpg,train/labels/nozzle_extrusion_normal_0457.txt,nozzle_extrusion_normal,1,0,nozzle_normal,1,是
train,train/images/nozzle_extrusion_normal_0458.jpg,train/labels/nozzle_extrusion_normal_0458.txt,nozzle_extrusion_normal,1,0,nozzle_normal,1,是
train,train/images/nozzle_extrusion_normal_0460.jpg,train/labels/nozzle_extrusion_normal_0460.txt,nozzle_extrusion_normal,1,0,nozzle_normal,1,是
train,train/images/nozzle_extrusion_normal_0461.jpg,train/labels/nozzle_extrusion_normal_0461.txt,nozzle_extrusion_normal,1,0,nozzle_normal,1,是
train,train/images/nozzle_extrusion_normal_0462.jpg,train/labels/nozzle_extrusion_normal_0462.txt,nozzle_extrusion_normal,1,0,nozzle_normal,1,是
train,train/images/nozzle_extrusion_normal_0463.jpg,train/labels/nozzle_extrusion_normal_0463.txt,nozzle_extrusion_normal,1,0,nozzle_normal,1,是
train,train/images/nozzle_extrusion_normal_0464.jpg,train/labels/nozzle_extrusion_normal_0464.txt,nozzle_extrusion_normal,1,0,nozzle_normal,1,是
train,train/images/nozzle_extrusion_normal_0466.jpg,train/labels/nozzle_extrusion_normal_0466.txt,nozzle_extrusion_normal,1,0,nozzle_normal,1,是
train,train/images/nozzle_extrusion_normal_0468.jpg,train/labels/nozzle_extrusion_normal_0468.txt,nozzle_extrusion_normal,1,0,nozzle_normal,1,是
train,train/images/nozzle_extrusion_normal_0469.jpg,train/labels/nozzle_extrusion_normal_0469.txt,nozzle_extrusion_normal,1,0,nozzle_normal,1,是
train,train/images/nozzle_extrusion_normal_0470.jpg,train/labels/nozzle_extrusion_normal_0470.txt,nozzle_extrusion_normal,1,0,nozzle_normal,1,是
train,train/images/nozzle_extrusion_normal_0472.jpg,train/labels/nozzle_extrusion_normal_0472.txt,nozzle_extrusion_normal,1,0,nozzle_normal,1,是
train,train/images/nozzle_extrusion_normal_0475.jpg,train/labels/nozzle_extrusion_normal_0475.txt,nozzle_extrusion_normal,1,0,nozzle_normal,1,是
train,train/images/nozzle_extrusion_normal_0476.jpg,train/labels/nozzle_extrusion_normal_0476.txt,nozzle_extrusion_normal,1,0,nozzle_normal,1,是
train,train/images/nozzle_extrusion_normal_0477.jpg,train/labels/nozzle_extrusion_normal_0477.txt,nozzle_extrusion_normal,1,0,nozzle_normal,1,是
train,train/images/nozzle_extrusion_normal_0478.jpg,train/labels/nozzle_extrusion_normal_0478.txt,nozzle_extrusion_normal,1,0,nozzle_normal,1,是
train,train/images/nozzle_extrusion_normal_0479.jpg,train/labels/nozzle_extrusion_normal_0479.txt,nozzle_extrusion_normal,1,0,nozzle_normal,1,是
train,train/images/nozzle_extrusion_normal_0481.jpg,train/labels/nozzle_extrusion_normal_0481.txt,nozzle_extrusion_normal,1,0,nozzle_normal,1,是
train,train/images/nozzle_extrusion_normal_0482.jpg,train/labels/nozzle_extrusion_normal_0482.txt,nozzle_extrusion_normal,1,0,nozzle_normal,1,是
train,train/images/nozzle_extrusion_normal_0483.jpg,train/labels/nozzle_extrusion_normal_0483.txt,nozzle_extrusion_normal,1,0,nozzle_normal,1,是
train,train/images/nozzle_extrusion_normal_0484.jpg,train/labels/nozzle_extrusion_normal_0484.txt,nozzle_extrusion_normal,1,0,nozzle_normal,1,是
train,train/images/nozzle_extrusion_normal_0485.jpg,train/labels/nozzle_extrusion_normal_0485.txt,nozzle_extrusion_normal,1,0,nozzle_normal,1,是
train,train/images/nozzle_extrusion_normal_0486.jpg,train/labels/nozzle_extrusion_normal_0486.txt,nozzle_extrusion_normal,1,0,nozzle_normal,1,是
train,train/images/nozzle_extrusion_normal_0487.jpg,train/labels/nozzle_extrusion_normal_0487.txt,nozzle_extrusion_normal,1,0,nozzle_normal,1,是
train,train/images/nozzle_extrusion_normal_0488.jpg,train/labels/nozzle_extrusion_normal_0488.txt,nozzle_extrusion_normal,1,0,nozzle_normal,1,是
train,train/images/nozzle_extrusion_normal_0489.jpg,train/labels/nozzle_extrusion_normal_0489.txt,nozzle_extrusion_normal,1,0,nozzle_normal,1,是
train,train/images/nozzle_extrusion_normal_0490.jpg,train/labels/nozzle_extrusion_normal_0490.txt,nozzle_extrusion_normal,1,0,nozzle_normal,1,是
train,train/images/nozzle_extrusion_normal_0491.jpg,train/labels/nozzle_extrusion_normal_0491.txt,nozzle_extrusion_normal,1,0,nozzle_normal,1,是
train,train/images/nozzle_extrusion_normal_0493.jpg,train/labels/nozzle_extrusion_normal_0493.txt,nozzle_extrusion_normal,1,0,nozzle_normal,1,是
train,train/images/nozzle_extrusion_normal_0495.jpg,train/labels/nozzle_extrusion_normal_0495.txt,nozzle_extrusion_normal,1,0,nozzle_normal,1,是
train,train/images/nozzle_extrusion_normal_0496.jpg,train/labels/nozzle_extrusion_normal_0496.txt,nozzle_extrusion_normal,1,0,nozzle_normal,1,是
train,train/images/nozzle_extrusion_normal_0497.jpg,train/labels/nozzle_extrusion_normal_0497.txt,nozzle_extrusion_normal,1,0,nozzle_normal,1,是
train,train/images/nozzle_extrusion_normal_0498.jpg,train/labels/nozzle_extrusion_normal_0498.txt,nozzle_extrusion_normal,1,0,nozzle_normal,1,是
train,train/images/nozzle_extrusion_normal_0499.jpg,train/labels/nozzle_extrusion_normal_0499.txt,nozzle_extrusion_normal,1,0,nozzle_normal,1,是
train,train/images/nozzle_extrusion_normal_0501.jpg,train/labels/nozzle_extrusion_normal_0501.txt,nozzle_extrusion_normal,1,0,nozzle_normal,1,是
train,train/images/nozzle_extrusion_normal_0502.jpg,train/labels/nozzle_extrusion_normal_0502.txt,nozzle_extrusion_normal,1,0,nozzle_normal,1,是
train,train/images/nozzle_extrusion_normal_0505.jpg,train/labels/nozzle_extrusion_normal_0505.txt,nozzle_extrusion_normal,1,0,nozzle_normal,1,是
train,train/images/nozzle_extrusion_normal_0506.jpg,train/labels/nozzle_extrusion_normal_0506.txt,nozzle_extrusion_normal,1,0,nozzle_normal,1,是
train,train/images/nozzle_extrusion_normal_0507.jpg,train/labels/nozzle_extrusion_normal_0507.txt,nozzle_extrusion_normal,1,0,nozzle_normal,1,是
train,train/images/nozzle_extrusion_normal_0508.jpg,train/labels/nozzle_extrusion_normal_0508.txt,nozzle_extrusion_normal,1,0,nozzle_normal,1,是
train,train/images/nozzle_extrusion_normal_0509.jpg,train/labels/nozzle_extrusion_normal_0509.txt,nozzle_extrusion_normal,1,0,nozzle_normal,1,是
train,train/images/nozzle_extrusion_normal_0510.jpg,train/labels/nozzle_extrusion_normal_0510.txt,nozzle_extrusion_normal,1,0,nozzle_normal,1,是
train,train/images/nozzle_extrusion_normal_0512.jpg,train/labels/nozzle_extrusion_normal_0512.txt,nozzle_extrusion_normal,1,0,nozzle_normal,1,是
train,train/images/nozzle_extrusion_normal_0513.jpg,train/labels/nozzle_extrusion_normal_0513.txt,nozzle_extrusion_normal,1,0,nozzle_normal,1,是
train,train/images/nozzle_extrusion_normal_0514.jpg,train/labels/nozzle_extrusion_normal_0514.txt,nozzle_extrusion_normal,1,0,nozzle_normal,1,是
train,train/images/nozzle_extrusion_normal_0515.jpg,train/labels/nozzle_extrusion_normal_0515.txt,nozzle_extrusion_normal,1,0,nozzle_normal,1,是
train,train/images/nozzle_extrusion_normal_0516.jpg,train/labels/nozzle_extrusion_normal_0516.txt,nozzle_extrusion_normal,1,0,nozzle_normal,1,是
train,train/images/nozzle_extrusion_normal_0517.jpg,train/labels/nozzle_extrusion_normal_0517.txt,nozzle_extrusion_normal,1,0,nozzle_normal,1,是
train,train/images/nozzle_extrusion_normal_0518.jpg,train/labels/nozzle_extrusion_normal_0518.txt,nozzle_extrusion_normal,1,0,nozzle_normal,1,是
train,train/images/nozzle_extrusion_normal_0521.jpg,train/labels/nozzle_extrusion_normal_0521.txt,nozzle_extrusion_normal,1,0,nozzle_normal,1,是
train,train/images/nozzle_extrusion_normal_0523.jpg,train/labels/nozzle_extrusion_normal_0523.txt,nozzle_extrusion_normal,1,0,nozzle_normal,1,是
train,train/images/nozzle_extrusion_normal_0524.jpg,train/labels/nozzle_extrusion_normal_0524.txt,nozzle_extrusion_normal,1,0,nozzle_normal,1,是
train,train/images/nozzle_extrusion_normal_0525.jpg,train/labels/nozzle_extrusion_normal_0525.txt,nozzle_extrusion_normal,1,0,nozzle_normal,1,是
train,train/images/nozzle_extrusion_normal_0526.jpg,train/labels/nozzle_extrusion_normal_0526.txt,nozzle_extrusion_normal,1,0,nozzle_normal,1,是
train,train/images/nozzle_extrusion_normal_0527.jpg,train/labels/nozzle_extrusion_normal_0527.txt,nozzle_extrusion_normal,1,0,nozzle_normal,1,是
train,train/images/nozzle_extrusion_normal_0528.jpg,train/labels/nozzle_extrusion_normal_0528.txt,nozzle_extrusion_normal,1,0,nozzle_normal,1,是
train,train/images/nozzle_extrusion_normal_0529.jpg,train/labels/nozzle_extrusion_normal_0529.txt,nozzle_extrusion_normal,1,0,nozzle_normal,1,是
train,train/images/nozzle_extrusion_normal_0530.jpg,train/labels/nozzle_extrusion_normal_0530.txt,nozzle_extrusion_normal,1,0,nozzle_normal,1,是
train,train/images/nozzle_extrusion_normal_0531.jpg,train/labels/nozzle_extrusion_normal_0531.txt,nozzle_extrusion_normal,1,0,nozzle_normal,1,是
train,train/images/nozzle_extrusion_normal_0533.jpg,train/labels/nozzle_extrusion_normal_0533.txt,nozzle_extrusion_normal,1,0,nozzle_normal,1,是
train,train/images/nozzle_extrusion_normal_0535.jpg,train/labels/nozzle_extrusion_normal_0535.txt,nozzle_extrusion_normal,1,0,nozzle_normal,1,是
train,train/images/nozzle_extrusion_normal_0536.jpg,train/labels/nozzle_extrusion_normal_0536.txt,nozzle_extrusion_normal,1,0,nozzle_normal,1,是
train,train/images/nozzle_extrusion_normal_0537.jpg,train/labels/nozzle_extrusion_normal_0537.txt,nozzle_extrusion_normal,1,0,nozzle_normal,1,是
train,train/images/nozzle_extrusion_normal_0538.jpg,train/labels/nozzle_extrusion_normal_0538.txt,nozzle_extrusion_normal,1,0,nozzle_normal,1,是
train,train/images/nozzle_extrusion_normal_0539.jpg,train/labels/nozzle_extrusion_normal_0539.txt,nozzle_extrusion_normal,1,0,nozzle_normal,1,是
train,train/images/nozzle_extrusion_normal_0540.jpg,train/labels/nozzle_extrusion_normal_0540.txt,nozzle_extrusion_normal,1,0,nozzle_normal,1,是
train,train/images/nozzle_extrusion_normal_0543.jpg,train/labels/nozzle_extrusion_normal_0543.txt,nozzle_extrusion_normal,1,0,nozzle_normal,1,是
train,train/images/nozzle_extrusion_normal_0544.jpg,train/labels/nozzle_extrusion_normal_0544.txt,nozzle_extrusion_normal,1,0,nozzle_normal,1,是
train,train/images/nozzle_extrusion_normal_0545.jpg,train/labels/nozzle_extrusion_normal_0545.txt,nozzle_extrusion_normal,1,0,nozzle_normal,1,是
train,train/images/nozzle_extrusion_normal_0550.jpg,train/labels/nozzle_extrusion_normal_0550.txt,nozzle_extrusion_normal,1,0,nozzle_normal,1,是
train,train/images/nozzle_extrusion_normal_0551.jpg,train/labels/nozzle_extrusion_normal_0551.txt,nozzle_extrusion_normal,1,0,nozzle_normal,1,是
train,train/images/nozzle_extrusion_normal_0552.jpg,train/labels/nozzle_extrusion_normal_0552.txt,nozzle_extrusion_normal,1,0,nozzle_normal,1,是
train,train/images/nozzle_extrusion_normal_0553.jpg,train/labels/nozzle_extrusion_normal_0553.txt,nozzle_extrusion_normal,1,0,nozzle_normal,1,是
train,train/images/nozzle_extrusion_normal_0554.jpg,train/labels/nozzle_extrusion_normal_0554.txt,nozzle_extrusion_normal,1,0,nozzle_normal,1,是
train,train/images/nozzle_extrusion_normal_0555.jpg,train/labels/nozzle_extrusion_normal_0555.txt,nozzle_extrusion_normal,1,0,nozzle_normal,1,是
train,train/images/nozzle_extrusion_normal_0556.jpg,train/labels/nozzle_extrusion_normal_0556.txt,nozzle_extrusion_normal,1,0,nozzle_normal,1,是
train,train/images/nozzle_extrusion_normal_0559.jpg,train/labels/nozzle_extrusion_normal_0559.txt,nozzle_extrusion_normal,1,0,nozzle_normal,1,是
train,train/images/nozzle_extrusion_normal_0562.jpg,train/labels/nozzle_extrusion_normal_0562.txt,nozzle_extrusion_normal,1,0,nozzle_normal,1,是
train,train/images/nozzle_extrusion_normal_0563.jpg,train/labels/nozzle_extrusion_normal_0563.txt,nozzle_extrusion_normal,1,0,nozzle_normal,1,是
train,train/images/nozzle_extrusion_normal_0565.jpg,train/labels/nozzle_extrusion_normal_0565.txt,nozzle_extrusion_normal,1,0,nozzle_normal,1,是
train,train/images/nozzle_extrusion_normal_0566.jpg,train/labels/nozzle_extrusion_normal_0566.txt,nozzle_extrusion_normal,1,0,nozzle_normal,1,是
train,train/images/nozzle_extrusion_normal_0568.jpg,train/labels/nozzle_extrusion_normal_0568.txt,nozzle_extrusion_normal,1,0,nozzle_normal,1,是
train,train/images/nozzle_extrusion_normal_0569.jpg,train/labels/nozzle_extrusion_normal_0569.txt,nozzle_extrusion_normal,1,0,nozzle_normal,1,是
train,train/images/nozzle_extrusion_normal_0570.jpg,train/labels/nozzle_extrusion_normal_0570.txt,nozzle_extrusion_normal,1,0,nozzle_normal,1,是
train,train/images/nozzle_extrusion_normal_0571.jpg,train/labels/nozzle_extrusion_normal_0571.txt,nozzle_extrusion_normal,1,0,nozzle_normal,1,是
train,train/images/nozzle_extrusion_normal_0572.jpg,train/labels/nozzle_extrusion_normal_0572.txt,nozzle_extrusion_normal,1,0,nozzle_normal,1,是
train,train/images/nozzle_extrusion_normal_0574.jpg,train/labels/nozzle_extrusion_normal_0574.txt,nozzle_extrusion_normal,1,0,nozzle_normal,1,是
train,train/images/nozzle_extrusion_normal_0576.jpg,train/labels/nozzle_extrusion_normal_0576.txt,nozzle_extrusion_normal,1,0,nozzle_normal,1,是
train,train/images/nozzle_extrusion_normal_0578.jpg,train/labels/nozzle_extrusion_normal_0578.txt,nozzle_extrusion_normal,1,0,nozzle_normal,1,是
train,train/images/nozzle_extrusion_normal_0579.jpg,train/labels/nozzle_extrusion_normal_0579.txt,nozzle_extrusion_normal,1,0,nozzle_normal,1,是
train,train/images/nozzle_extrusion_normal_0580.jpg,train/labels/nozzle_extrusion_normal_0580.txt,nozzle_extrusion_normal,1,0,nozzle_normal,1,是
train,train/images/nozzle_extrusion_normal_0581.jpg,train/labels/nozzle_extrusion_normal_0581.txt,nozzle_extrusion_normal,1,0,nozzle_normal,1,是
train,train/images/nozzle_extrusion_normal_0582.jpg,train/labels/nozzle_extrusion_normal_0582.txt,nozzle_extrusion_normal,1,0,nozzle_normal,1,是
train,train/images/nozzle_extrusion_normal_0584.jpg,train/labels/nozzle_extrusion_normal_0584.txt,nozzle_extrusion_normal,1,0,nozzle_normal,1,是
train,train/images/nozzle_extrusion_normal_0585.jpg,train/labels/nozzle_extrusion_normal_0585.txt,nozzle_extrusion_normal,1,0,nozzle_normal,1,是
train,train/images/nozzle_extrusion_normal_0586.jpg,train/labels/nozzle_extrusion_normal_0586.txt,nozzle_extrusion_normal,1,0,nozzle_normal,1,是
train,train/images/nozzle_extrusion_normal_0587.jpg,train/labels/nozzle_extrusion_normal_0587.txt,nozzle_extrusion_normal,1,0,nozzle_normal,1,是
train,train/images/nozzle_extrusion_normal_0589.jpg,train/labels/nozzle_extrusion_normal_0589.txt,nozzle_extrusion_normal,1,0,nozzle_normal,1,是
train,train/images/nozzle_extrusion_normal_0591.jpg,train/labels/nozzle_extrusion_normal_0591.txt,nozzle_extrusion_normal,1,0,nozzle_normal,1,是
train,train/images/nozzle_extrusion_normal_0592.jpg,train/labels/nozzle_extrusion_normal_0592.txt,nozzle_extrusion_normal,1,0,nozzle_normal,1,是
train,train/images/nozzle_extrusion_normal_0593.jpg,train/labels/nozzle_extrusion_normal_0593.txt,nozzle_extrusion_normal,1,0,nozzle_normal,1,是
train,train/images/nozzle_extrusion_normal_0594.jpg,train/labels/nozzle_extrusion_normal_0594.txt,nozzle_extrusion_normal,1,0,nozzle_normal,1,是
train,train/images/nozzle_extrusion_normal_0595.jpg,train/labels/nozzle_extrusion_normal_0595.txt,nozzle_extrusion_normal,1,0,nozzle_normal,1,是
train,train/images/nozzle_extrusion_normal_0597.jpg,train/labels/nozzle_extrusion_normal_0597.txt,nozzle_extrusion_normal,1,0,nozzle_normal,1,是
train,train/images/nozzle_extrusion_normal_0598.jpg,train/labels/nozzle_extrusion_normal_0598.txt,nozzle_extrusion_normal,1,0,nozzle_normal,1,是
train,train/images/nozzle_extrusion_normal_0599.jpg,train/labels/nozzle_extrusion_normal_0599.txt,nozzle_extrusion_normal,1,0,nozzle_normal,1,是
train,train/images/nozzle_extrusion_normal_0602.jpg,train/labels/nozzle_extrusion_normal_0602.txt,nozzle_extrusion_normal,1,0,nozzle_normal,1,是
train,train/images/nozzle_extrusion_normal_0603.jpg,train/labels/nozzle_extrusion_normal_0603.txt,nozzle_extrusion_normal,1,0,nozzle_normal,1,是
train,train/images/nozzle_extrusion_normal_0605.jpg,train/labels/nozzle_extrusion_normal_0605.txt,nozzle_extrusion_normal,1,0,nozzle_normal,1,是
train,train/images/nozzle_extrusion_normal_0606.jpg,train/labels/nozzle_extrusion_normal_0606.txt,nozzle_extrusion_normal,1,0,nozzle_normal,1,是
train,train/images/nozzle_extrusion_normal_0607.jpg,train/labels/nozzle_extrusion_normal_0607.txt,nozzle_extrusion_normal,1,0,nozzle_normal,1,是
train,train/images/nozzle_extrusion_normal_0608.jpg,train/labels/nozzle_extrusion_normal_0608.txt,nozzle_extrusion_normal,1,0,nozzle_normal,1,是
train,train/images/nozzle_extrusion_normal_0609.jpg,train/labels/nozzle_extrusion_normal_0609.txt,nozzle_extrusion_normal,1,0,nozzle_normal,1,是
train,train/images/nozzle_extrusion_normal_0610.jpg,train/labels/nozzle_extrusion_normal_0610.txt,nozzle_extrusion_normal,1,0,nozzle_normal,1,是
train,train/images/nozzle_extrusion_normal_0611.jpg,train/labels/nozzle_extrusion_normal_0611.txt,nozzle_extrusion_normal,1,0,nozzle_normal,1,是
train,train/images/nozzle_extrusion_normal_0612.jpg,train/labels/nozzle_extrusion_normal_0612.txt,nozzle_extrusion_normal,1,0,nozzle_normal,1,是
train,train/images/nozzle_extrusion_normal_0613.jpg,train/labels/nozzle_extrusion_normal_0613.txt,nozzle_extrusion_normal,1,0,nozzle_normal,1,是
train,train/images/nozzle_extrusion_normal_0615.jpg,train/labels/nozzle_extrusion_normal_0615.txt,nozzle_extrusion_normal,1,0,nozzle_normal,1,是
train,train/images/nozzle_extrusion_normal_0616.jpg,train/labels/nozzle_extrusion_normal_0616.txt,nozzle_extrusion_normal,1,0,nozzle_normal,1,是
train,train/images/nozzle_extrusion_normal_0617.jpg,train/labels/nozzle_extrusion_normal_0617.txt,nozzle_extrusion_normal,1,0,nozzle_normal,1,是
train,train/images/nozzle_extrusion_normal_0618.jpg,train/labels/nozzle_extrusion_normal_0618.txt,nozzle_extrusion_normal,1,0,nozzle_normal,1,是
train,train/images/nozzle_extrusion_normal_0619.jpg,train/labels/nozzle_extrusion_normal_0619.txt,nozzle_extrusion_normal,1,0,nozzle_normal,1,是
train,train/images/nozzle_extrusion_normal_0620.jpg,train/labels/nozzle_extrusion_normal_0620.txt,nozzle_extrusion_normal,1,0,nozzle_normal,1,是
train,train/images/nozzle_extrusion_normal_0621.jpg,train/labels/nozzle_extrusion_normal_0621.txt,nozzle_extrusion_normal,1,0,nozzle_normal,1,是
train,train/images/nozzle_extrusion_normal_0622.jpg,train/labels/nozzle_extrusion_normal_0622.txt,nozzle_extrusion_normal,1,0,nozzle_normal,1,是
train,train/images/nozzle_extrusion_normal_0623.jpg,train/labels/nozzle_extrusion_normal_0623.txt,nozzle_extrusion_normal,1,0,nozzle_normal,1,是
train,train/images/nozzle_extrusion_normal_0625.jpg,train/labels/nozzle_extrusion_normal_0625.txt,nozzle_extrusion_normal,1,0,nozzle_normal,1,是
train,train/images/nozzle_extrusion_normal_0626.jpg,train/labels/nozzle_extrusion_normal_0626.txt,nozzle_extrusion_normal,1,0,nozzle_normal,1,是
train,train/images/nozzle_extrusion_normal_0627.jpg,train/labels/nozzle_extrusion_normal_0627.txt,nozzle_extrusion_normal,1,0,nozzle_normal,1,是
train,train/images/nozzle_extrusion_normal_0628.jpg,train/labels/nozzle_extrusion_normal_0628.txt,nozzle_extrusion_normal,1,0,nozzle_normal,1,是
train,train/images/nozzle_extrusion_normal_0629.jpg,train/labels/nozzle_extrusion_normal_0629.txt,nozzle_extrusion_normal,1,0,nozzle_normal,1,是
train,train/images/nozzle_extrusion_normal_0630.jpg,train/labels/nozzle_extrusion_normal_0630.txt,nozzle_extrusion_normal,1,0,nozzle_normal,1,是
train,train/images/nozzle_extrusion_normal_0632.jpg,train/labels/nozzle_extrusion_normal_0632.txt,nozzle_extrusion_normal,1,0,nozzle_normal,1,是
train,train/images/nozzle_extrusion_normal_0633.jpg,train/labels/nozzle_extrusion_normal_0633.txt,nozzle_extrusion_normal,1,0,nozzle_normal,1,是
train,train/images/nozzle_extrusion_normal_0642.jpg,train/labels/nozzle_extrusion_normal_0642.txt,nozzle_extrusion_normal,1,0,nozzle_normal,1,是
train,train/images/nozzle_extrusion_normal_0643.jpg,train/labels/nozzle_extrusion_normal_0643.txt,nozzle_extrusion_normal,1,0,nozzle_normal,1,是
train,train/images/nozzle_extrusion_normal_0644.jpg,train/labels/nozzle_extrusion_normal_0644.txt,nozzle_extrusion_normal,1,0,nozzle_normal,1,是
train,train/images/nozzle_extrusion_normal_0646.jpg,train/labels/nozzle_extrusion_normal_0646.txt,nozzle_extrusion_normal,1,0,nozzle_normal,1,是
train,train/images/nozzle_extrusion_normal_0649.jpg,train/labels/nozzle_extrusion_normal_0649.txt,nozzle_extrusion_normal,1,0,nozzle_normal,1,是
train,train/images/nozzle_extrusion_normal_0651.jpg,train/labels/nozzle_extrusion_normal_0651.txt,nozzle_extrusion_normal,1,0,nozzle_normal,1,是
train,train/images/nozzle_extrusion_normal_0652.jpg,train/labels/nozzle_extrusion_normal_0652.txt,nozzle_extrusion_normal,1,0,nozzle_normal,1,是
train,train/images/nozzle_extrusion_normal_0653.jpg,train/labels/nozzle_extrusion_normal_0653.txt,nozzle_extrusion_normal,1,0,nozzle_normal,1,是
train,train/images/nozzle_extrusion_normal_0655.jpg,train/labels/nozzle_extrusion_normal_0655.txt,nozzle_extrusion_normal,1,0,nozzle_normal,1,是
train,train/images/nozzle_extrusion_normal_0656.jpg,train/labels/nozzle_extrusion_normal_0656.txt,nozzle_extrusion_normal,1,0,nozzle_normal,1,是
train,train/images/nozzle_extrusion_normal_0657.jpg,train/labels/nozzle_extrusion_normal_0657.txt,nozzle_extrusion_normal,1,0,nozzle_normal,1,是
train,train/images/nozzle_extrusion_normal_0658.jpg,train/labels/nozzle_extrusion_normal_0658.txt,nozzle_extrusion_normal,1,0,nozzle_normal,1,是
train,train/images/nozzle_extrusion_normal_0659.jpg,train/labels/nozzle_extrusion_normal_0659.txt,nozzle_extrusion_normal,1,0,nozzle_normal,1,是
train,train/images/nozzle_extrusion_normal_0662.jpg,train/labels/nozzle_extrusion_normal_0662.txt,nozzle_extrusion_normal,1,0,nozzle_normal,1,是
train,train/images/nozzle_extrusion_normal_0663.jpg,train/labels/nozzle_extrusion_normal_0663.txt,nozzle_extrusion_normal,1,0,nozzle_normal,1,是
train,train/images/nozzle_extrusion_normal_0664.jpg,train/labels/nozzle_extrusion_normal_0664.txt,nozzle_extrusion_normal,1,0,nozzle_normal,1,是
train,train/images/nozzle_extrusion_normal_0665.jpg,train/labels/nozzle_extrusion_normal_0665.txt,nozzle_extrusion_normal,1,0,nozzle_normal,1,是
train,train/images/nozzle_extrusion_normal_0666.jpg,train/labels/nozzle_extrusion_normal_0666.txt,nozzle_extrusion_normal,1,0,nozzle_normal,1,是
train,train/images/nozzle_extrusion_normal_0667.jpg,train/labels/nozzle_extrusion_normal_0667.txt,nozzle_extrusion_normal,1,0,nozzle_normal,1,是
train,train/images/nozzle_extrusion_normal_0668.jpg,train/labels/nozzle_extrusion_normal_0668.txt,nozzle_extrusion_normal,1,0,nozzle_normal,1,是
train,train/images/nozzle_extrusion_normal_0669.jpg,train/labels/nozzle_extrusion_normal_0669.txt,nozzle_extrusion_normal,1,0,nozzle_normal,1,是
train,train/images/nozzle_extrusion_normal_0672.jpg,train/labels/nozzle_extrusion_normal_0672.txt,nozzle_extrusion_normal,1,0,nozzle_normal,1,是
train,train/images/nozzle_extrusion_normal_0673.jpg,train/labels/nozzle_extrusion_normal_0673.txt,nozzle_extrusion_normal,1,0,nozzle_normal,1,是
train,train/images/nozzle_extrusion_normal_0674.jpg,train/labels/nozzle_extrusion_normal_0674.txt,nozzle_extrusion_normal,1,0,nozzle_normal,1,是
train,train/images/nozzle_extrusion_normal_0675.jpg,train/labels/nozzle_extrusion_normal_0675.txt,nozzle_extrusion_normal,1,0,nozzle_normal,1,是
train,train/images/nozzle_extrusion_normal_0676.jpg,train/labels/nozzle_extrusion_normal_0676.txt,nozzle_extrusion_normal,1,0,nozzle_normal,1,是
train,train/images/nozzle_extrusion_normal_0677.jpg,train/labels/nozzle_extrusion_normal_0677.txt,nozzle_extrusion_normal,1,0,nozzle_normal,1,是
train,train/images/nozzle_extrusion_normal_0678.jpg,train/labels/nozzle_extrusion_normal_0678.txt,nozzle_extrusion_normal,1,0,nozzle_normal,1,是
train,train/images/nozzle_extrusion_normal_0679.jpg,train/labels/nozzle_extrusion_normal_0679.txt,nozzle_extrusion_normal,1,0,nozzle_normal,1,是
train,train/images/nozzle_extrusion_normal_0680.jpg,train/labels/nozzle_extrusion_normal_0680.txt,nozzle_extrusion_normal,1,0,nozzle_normal,1,是
train,train/images/nozzle_extrusion_normal_0681.jpg,train/labels/nozzle_extrusion_normal_0681.txt,nozzle_extrusion_normal,1,0,nozzle_normal,1,是
train,train/images/nozzle_extrusion_normal_0682.jpg,train/labels/nozzle_extrusion_normal_0682.txt,nozzle_extrusion_normal,1,0,nozzle_normal,1,是
train,train/images/nozzle_extrusion_normal_0683.jpg,train/labels/nozzle_extrusion_normal_0683.txt,nozzle_extrusion_normal,1,0,nozzle_normal,1,是
train,train/images/nozzle_extrusion_normal_0684.jpg,train/labels/nozzle_extrusion_normal_0684.txt,nozzle_extrusion_normal,1,0,nozzle_normal,1,是
train,train/images/nozzle_extrusion_normal_0685.jpg,train/labels/nozzle_extrusion_normal_0685.txt,nozzle_extrusion_normal,1,0,nozzle_normal,1,是
train,train/images/nozzle_extrusion_normal_0686.jpg,train/labels/nozzle_extrusion_normal_0686.txt,nozzle_extrusion_normal,1,0,nozzle_normal,1,是
train,train/images/nozzle_extrusion_normal_0687.jpg,train/labels/nozzle_extrusion_normal_0687.txt,nozzle_extrusion_normal,1,0,nozzle_normal,1,是
train,train/images/nozzle_extrusion_normal_0688.jpg,train/labels/nozzle_extrusion_normal_0688.txt,nozzle_extrusion_normal,1,0,nozzle_normal,1,是
train,train/images/nozzle_extrusion_normal_0689.jpg,train/labels/nozzle_extrusion_normal_0689.txt,nozzle_extrusion_normal,1,0,nozzle_normal,1,是
train,train/images/nozzle_extrusion_normal_0690.jpg,train/labels/nozzle_extrusion_normal_0690.txt,nozzle_extrusion_normal,1,0,nozzle_normal,1,是
train,train/images/nozzle_extrusion_normal_0691.jpg,train/labels/nozzle_extrusion_normal_0691.txt,nozzle_extrusion_normal,1,0,nozzle_normal,1,是
train,train/images/nozzle_extrusion_normal_0692.jpg,train/labels/nozzle_extrusion_normal_0692.txt,nozzle_extrusion_normal,1,0,nozzle_normal,1,是
train,train/images/nozzle_extrusion_normal_0694.jpg,train/labels/nozzle_extrusion_normal_0694.txt,nozzle_extrusion_normal,1,0,nozzle_normal,1,是
train,train/images/nozzle_extrusion_normal_0696.jpg,train/labels/nozzle_extrusion_normal_0696.txt,nozzle_extrusion_normal,1,0,nozzle_normal,1,是
train,train/images/nozzle_extrusion_normal_0698.jpg,train/labels/nozzle_extrusion_normal_0698.txt,nozzle_extrusion_normal,1,0,nozzle_normal,1,是
train,train/images/nozzle_extrusion_normal_0699.jpg,train/labels/nozzle_extrusion_normal_0699.txt,nozzle_extrusion_normal,1,0,nozzle_normal,1,是
train,train/images/nozzle_extrusion_normal_0701.jpg,train/labels/nozzle_extrusion_normal_0701.txt,nozzle_extrusion_normal,1,0,nozzle_normal,1,是
train,train/images/nozzle_extrusion_normal_0702.jpg,train/labels/nozzle_extrusion_normal_0702.txt,nozzle_extrusion_normal,1,0,nozzle_normal,1,是
train,train/images/nozzle_extrusion_normal_0704.jpg,train/labels/nozzle_extrusion_normal_0704.txt,nozzle_extrusion_normal,1,0,nozzle_normal,1,是
train,train/images/nozzle_extrusion_normal_0705.jpg,train/labels/nozzle_extrusion_normal_0705.txt,nozzle_extrusion_normal,1,0,nozzle_normal,1,是
train,train/images/nozzle_extrusion_normal_0711.jpg,train/labels/nozzle_extrusion_normal_0711.txt,nozzle_extrusion_normal,1,0,nozzle_normal,1,是
train,train/images/nozzle_extrusion_normal_0714.jpg,train/labels/nozzle_extrusion_normal_0714.txt,nozzle_extrusion_normal,1,0,nozzle_normal,1,是
train,train/images/nozzle_extrusion_normal_0715.jpg,train/labels/nozzle_extrusion_normal_0715.txt,nozzle_extrusion_normal,1,0,nozzle_normal,1,是
train,train/images/nozzle_extrusion_normal_0716.jpg,train/labels/nozzle_extrusion_normal_0716.txt,nozzle_extrusion_normal,1,0,nozzle_normal,1,是
train,train/images/nozzle_extrusion_normal_0717.jpg,train/labels/nozzle_extrusion_normal_0717.txt,nozzle_extrusion_normal,1,0,nozzle_normal,1,是
train,train/images/nozzle_extrusion_normal_0718.jpg,train/labels/nozzle_extrusion_normal_0718.txt,nozzle_extrusion_normal,1,0,nozzle_normal,1,是
train,train/images/nozzle_extrusion_normal_0721.jpg,train/labels/nozzle_extrusion_normal_0721.txt,nozzle_extrusion_normal,1,0,nozzle_normal,1,是
train,train/images/nozzle_extrusion_normal_0723.jpg,train/labels/nozzle_extrusion_normal_0723.txt,nozzle_extrusion_normal,1,0,nozzle_normal,1,是
train,train/images/nozzle_extrusion_normal_0724.jpg,train/labels/nozzle_extrusion_normal_0724.txt,nozzle_extrusion_normal,1,0,nozzle_normal,1,是
train,train/images/nozzle_extrusion_normal_0725.jpg,train/labels/nozzle_extrusion_normal_0725.txt,nozzle_extrusion_normal,1,0,nozzle_normal,1,是
train,train/images/nozzle_extrusion_normal_0728.jpg,train/labels/nozzle_extrusion_normal_0728.txt,nozzle_extrusion_normal,1,0,nozzle_normal,1,是
train,train/images/nozzle_extrusion_normal_0730.jpg,train/labels/nozzle_extrusion_normal_0730.txt,nozzle_extrusion_normal,1,0,nozzle_normal,1,是
train,train/images/nozzle_extrusion_normal_0731.jpg,train/labels/nozzle_extrusion_normal_0731.txt,nozzle_extrusion_normal,1,0,nozzle_normal,1,是
train,train/images/nozzle_extrusion_normal_0732.jpg,train/labels/nozzle_extrusion_normal_0732.txt,nozzle_extrusion_normal,1,0,nozzle_normal,1,是
train,train/images/nozzle_extrusion_normal_0733.jpg,train/labels/nozzle_extrusion_normal_0733.txt,nozzle_extrusion_normal,1,0,nozzle_normal,1,是
train,train/images/nozzle_extrusion_normal_0736.jpg,train/labels/nozzle_extrusion_normal_0736.txt,nozzle_extrusion_normal,1,0,nozzle_normal,1,是
train,train/images/nozzle_extrusion_normal_0737.jpg,train/labels/nozzle_extrusion_normal_0737.txt,nozzle_extrusion_normal,1,0,nozzle_normal,1,是
train,train/images/nozzle_extrusion_normal_0738.jpg,train/labels/nozzle_extrusion_normal_0738.txt,nozzle_extrusion_normal,1,0,nozzle_normal,1,是
train,train/images/nozzle_extrusion_normal_0739.jpg,train/labels/nozzle_extrusion_normal_0739.txt,nozzle_extrusion_normal,1,0,nozzle_normal,1,是
train,train/images/nozzle_extrusion_normal_0740.jpg,train/labels/nozzle_extrusion_normal_0740.txt,nozzle_extrusion_normal,1,0,nozzle_normal,1,是
train,train/images/nozzle_extrusion_normal_0741.jpg,train/labels/nozzle_extrusion_normal_0741.txt,nozzle_extrusion_normal,1,0,nozzle_normal,1,是
train,train/images/nozzle_extrusion_normal_0742.jpg,train/labels/nozzle_extrusion_normal_0742.txt,nozzle_extrusion_normal,1,0,nozzle_normal,1,是
train,train/images/nozzle_extrusion_normal_0744.jpg,train/labels/nozzle_extrusion_normal_0744.txt,nozzle_extrusion_normal,1,0,nozzle_normal,1,是
train,train/images/nozzle_extrusion_normal_0745.jpg,train/labels/nozzle_extrusion_normal_0745.txt,nozzle_extrusion_normal,1,0,nozzle_normal,1,是
train,train/images/nozzle_extrusion_normal_0746.jpg,train/labels/nozzle_extrusion_normal_0746.txt,nozzle_extrusion_normal,1,0,nozzle_normal,1,是
train,train/images/nozzle_extrusion_normal_0747.jpg,train/labels/nozzle_extrusion_normal_0747.txt,nozzle_extrusion_normal,1,0,nozzle_normal,1,是
train,train/images/nozzle_extrusion_normal_0748.jpg,train/labels/nozzle_extrusion_normal_0748.txt,nozzle_extrusion_normal,1,0,nozzle_normal,1,是
train,train/images/nozzle_extrusion_normal_0749.jpg,train/labels/nozzle_extrusion_normal_0749.txt,nozzle_extrusion_normal,1,0,nozzle_normal,1,是
train,train/images/nozzle_extrusion_normal_0753.jpg,train/labels/nozzle_extrusion_normal_0753.txt,nozzle_extrusion_normal,1,0,nozzle_normal,1,是
train,train/images/nozzle_extrusion_normal_0755.jpg,train/labels/nozzle_extrusion_normal_0755.txt,nozzle_extrusion_normal,1,0,nozzle_normal,1,是
train,train/images/nozzle_extrusion_normal_0756.jpg,train/labels/nozzle_extrusion_normal_0756.txt,nozzle_extrusion_normal,1,0,nozzle_normal,1,是
train,train/images/nozzle_extrusion_normal_0757.jpg,train/labels/nozzle_extrusion_normal_0757.txt,nozzle_extrusion_normal,1,0,nozzle_normal,1,是
train,train/images/nozzle_extrusion_normal_0759.jpg,train/labels/nozzle_extrusion_normal_0759.txt,nozzle_extrusion_normal,1,0,nozzle_normal,1,是
train,train/images/nozzle_extrusion_normal_0760.jpg,train/labels/nozzle_extrusion_normal_0760.txt,nozzle_extrusion_normal,1,0,nozzle_normal,1,是
train,train/images/nozzle_extrusion_normal_0762.jpg,train/labels/nozzle_extrusion_normal_0762.txt,nozzle_extrusion_normal,1,0,nozzle_normal,1,是
train,train/images/nozzle_extrusion_normal_0763.jpg,train/labels/nozzle_extrusion_normal_0763.txt,nozzle_extrusion_normal,1,0,nozzle_normal,1,是
train,train/images/nozzle_extrusion_normal_0764.jpg,train/labels/nozzle_extrusion_normal_0764.txt,nozzle_extrusion_normal,1,0,nozzle_normal,1,是
train,train/images/nozzle_extrusion_normal_0767.jpg,train/labels/nozzle_extrusion_normal_0767.txt,nozzle_extrusion_normal,1,0,nozzle_normal,1,是
train,train/images/nozzle_extrusion_normal_0768.jpg,train/labels/nozzle_extrusion_normal_0768.txt,nozzle_extrusion_normal,1,0,nozzle_normal,1,是
train,train/images/nozzle_extrusion_normal_0769.jpg,train/labels/nozzle_extrusion_normal_0769.txt,nozzle_extrusion_normal,1,0,nozzle_normal,1,是
train,train/images/nozzle_extrusion_normal_0770.jpg,train/labels/nozzle_extrusion_normal_0770.txt,nozzle_extrusion_normal,1,0,nozzle_normal,1,是
train,train/images/nozzle_extrusion_normal_0772.jpg,train/labels/nozzle_extrusion_normal_0772.txt,nozzle_extrusion_normal,1,0,nozzle_normal,1,是
train,train/images/nozzle_extrusion_normal_0774.jpg,train/labels/nozzle_extrusion_normal_0774.txt,nozzle_extrusion_normal,1,0,nozzle_normal,1,是
train,train/images/nozzle_extrusion_normal_0775.jpg,train/labels/nozzle_extrusion_normal_0775.txt,nozzle_extrusion_normal,1,0,nozzle_normal,1,是
train,train/images/nozzle_extrusion_normal_0776.jpg,train/labels/nozzle_extrusion_normal_0776.txt,nozzle_extrusion_normal,1,0,nozzle_normal,1,是
train,train/images/nozzle_extrusion_normal_0779.jpg,train/labels/nozzle_extrusion_normal_0779.txt,nozzle_extrusion_normal,1,0,nozzle_normal,1,是
train,train/images/nozzle_extrusion_normal_0780.jpg,train/labels/nozzle_extrusion_normal_0780.txt,nozzle_extrusion_normal,1,0,nozzle_normal,1,是
train,train/images/nozzle_extrusion_normal_0781.jpg,train/labels/nozzle_extrusion_normal_0781.txt,nozzle_extrusion_normal,1,0,nozzle_normal,1,是
train,train/images/nozzle_extrusion_normal_0782.jpg,train/labels/nozzle_extrusion_normal_0782.txt,nozzle_extrusion_normal,1,0,nozzle_normal,1,是
train,train/images/nozzle_extrusion_normal_0784.jpg,train/labels/nozzle_extrusion_normal_0784.txt,nozzle_extrusion_normal,1,0,nozzle_normal,1,是
train,train/images/nozzle_extrusion_normal_0785.jpg,train/labels/nozzle_extrusion_normal_0785.txt,nozzle_extrusion_normal,1,0,nozzle_normal,1,是
train,train/images/nozzle_extrusion_normal_0786.jpg,train/labels/nozzle_extrusion_normal_0786.txt,nozzle_extrusion_normal,1,0,nozzle_normal,1,是
train,train/images/nozzle_extrusion_normal_0787.jpg,train/labels/nozzle_extrusion_normal_0787.txt,nozzle_extrusion_normal,1,0,nozzle_normal,1,是
train,train/images/nozzle_extrusion_normal_0788.jpg,train/labels/nozzle_extrusion_normal_0788.txt,nozzle_extrusion_normal,1,0,nozzle_normal,1,是
train,train/images/nozzle_extrusion_normal_0789.jpg,train/labels/nozzle_extrusion_normal_0789.txt,nozzle_extrusion_normal,1,0,nozzle_normal,1,是
train,train/images/nozzle_extrusion_normal_0790.jpg,train/labels/nozzle_extrusion_normal_0790.txt,nozzle_extrusion_normal,1,0,nozzle_normal,1,是
train,train/images/nozzle_extrusion_normal_0791.jpg,train/labels/nozzle_extrusion_normal_0791.txt,nozzle_extrusion_normal,1,0,nozzle_normal,1,是
train,train/images/nozzle_extrusion_normal_0792.jpg,train/labels/nozzle_extrusion_normal_0792.txt,nozzle_extrusion_normal,1,0,nozzle_normal,1,是
train,train/images/nozzle_extrusion_normal_0794.jpg,train/labels/nozzle_extrusion_normal_0794.txt,nozzle_extrusion_normal,1,0,nozzle_normal,1,是
train,train/images/nozzle_extrusion_normal_0795.jpg,train/labels/nozzle_extrusion_normal_0795.txt,nozzle_extrusion_normal,1,0,nozzle_normal,1,是
train,train/images/nozzle_extrusion_normal_0796.jpg,train/labels/nozzle_extrusion_normal_0796.txt,nozzle_extrusion_normal,1,0,nozzle_normal,1,是
train,train/images/nozzle_extrusion_normal_0797.jpg,train/labels/nozzle_extrusion_normal_0797.txt,nozzle_extrusion_normal,1,0,nozzle_normal,1,是
train,train/images/nozzle_extrusion_normal_0798.jpg,train/labels/nozzle_extrusion_normal_0798.txt,nozzle_extrusion_normal,1,0,nozzle_normal,1,是
train,train/images/nozzle_extrusion_normal_0801.jpg,train/labels/nozzle_extrusion_normal_0801.txt,nozzle_extrusion_normal,1,0,nozzle_normal,1,是
train,train/images/nozzle_extrusion_normal_0802.jpg,train/labels/nozzle_extrusion_normal_0802.txt,nozzle_extrusion_normal,1,0,nozzle_normal,1,是
train,train/images/nozzle_extrusion_normal_0803.jpg,train/labels/nozzle_extrusion_normal_0803.txt,nozzle_extrusion_normal,1,0,nozzle_normal,1,是
train,train/images/nozzle_extrusion_normal_0805.jpg,train/labels/nozzle_extrusion_normal_0805.txt,nozzle_extrusion_normal,1,0,nozzle_normal,1,是
train,train/images/nozzle_extrusion_normal_0806.jpg,train/labels/nozzle_extrusion_normal_0806.txt,nozzle_extrusion_normal,1,0,nozzle_normal,1,是
train,train/images/nozzle_extrusion_normal_0808.jpg,train/labels/nozzle_extrusion_normal_0808.txt,nozzle_extrusion_normal,1,0,nozzle_normal,1,是
train,train/images/nozzle_extrusion_normal_0809.jpg,train/labels/nozzle_extrusion_normal_0809.txt,nozzle_extrusion_normal,1,0,nozzle_normal,1,是
train,train/images/nozzle_extrusion_normal_0810.jpg,train/labels/nozzle_extrusion_normal_0810.txt,nozzle_extrusion_normal,1,0,nozzle_normal,1,是
train,train/images/nozzle_extrusion_normal_0811.jpg,train/labels/nozzle_extrusion_normal_0811.txt,nozzle_extrusion_normal,1,0,nozzle_normal,1,是
train,train/images/nozzle_extrusion_normal_0812.jpg,train/labels/nozzle_extrusion_normal_0812.txt,nozzle_extrusion_normal,1,0,nozzle_normal,1,是
train,train/images/nozzle_extrusion_normal_0813.jpg,train/labels/nozzle_extrusion_normal_0813.txt,nozzle_extrusion_normal,1,0,nozzle_normal,1,是
train,train/images/nozzle_extrusion_normal_0815.jpg,train/labels/nozzle_extrusion_normal_0815.txt,nozzle_extrusion_normal,1,0,nozzle_normal,1,是
train,train/images/nozzle_extrusion_normal_0816.jpg,train/labels/nozzle_extrusion_normal_0816.txt,nozzle_extrusion_normal,1,0,nozzle_normal,1,是
train,train/images/nozzle_extrusion_normal_0817.jpg,train/labels/nozzle_extrusion_normal_0817.txt,nozzle_extrusion_normal,1,0,nozzle_normal,1,是
train,train/images/nozzle_extrusion_normal_0818.jpg,train/labels/nozzle_extrusion_normal_0818.txt,nozzle_extrusion_normal,1,0,nozzle_normal,1,是
train,train/images/nozzle_extrusion_normal_0819.jpg,train/labels/nozzle_extrusion_normal_0819.txt,nozzle_extrusion_normal,1,0,nozzle_normal,1,是
train,train/images/nozzle_extrusion_normal_0822.jpg,train/labels/nozzle_extrusion_normal_0822.txt,nozzle_extrusion_normal,1,0,nozzle_normal,1,是
train,train/images/nozzle_extrusion_normal_0823.jpg,train/labels/nozzle_extrusion_normal_0823.txt,nozzle_extrusion_normal,1,0,nozzle_normal,1,是
train,train/images/nozzle_extrusion_normal_0825.jpg,train/labels/nozzle_extrusion_normal_0825.txt,nozzle_extrusion_normal,1,0,nozzle_normal,1,是
train,train/images/nozzle_extrusion_normal_0826.jpg,train/labels/nozzle_extrusion_normal_0826.txt,nozzle_extrusion_normal,1,0,nozzle_normal,1,是
train,train/images/nozzle_extrusion_normal_0827.jpg,train/labels/nozzle_extrusion_normal_0827.txt,nozzle_extrusion_normal,1,0,nozzle_normal,1,是
train,train/images/nozzle_extrusion_normal_0828.jpg,train/labels/nozzle_extrusion_normal_0828.txt,nozzle_extrusion_normal,1,0,nozzle_normal,1,是
train,train/images/nozzle_extrusion_normal_0832.jpg,train/labels/nozzle_extrusion_normal_0832.txt,nozzle_extrusion_normal,1,0,nozzle_normal,1,是
train,train/images/nozzle_extrusion_normal_0833.jpg,train/labels/nozzle_extrusion_normal_0833.txt,nozzle_extrusion_normal,1,0,nozzle_normal,1,是
train,train/images/nozzle_extrusion_normal_0836.jpg,train/labels/nozzle_extrusion_normal_0836.txt,nozzle_extrusion_normal,1,0,nozzle_normal,1,是
train,train/images/nozzle_extrusion_normal_0837.jpg,train/labels/nozzle_extrusion_normal_0837.txt,nozzle_extrusion_normal,1,0,nozzle_normal,1,是
train,train/images/nozzle_extrusion_normal_0838.jpg,train/labels/nozzle_extrusion_normal_0838.txt,nozzle_extrusion_normal,1,0,nozzle_normal,1,是
train,train/images/nozzle_extrusion_normal_0839.jpg,train/labels/nozzle_extrusion_normal_0839.txt,nozzle_extrusion_normal,1,0,nozzle_normal,1,是
train,train/images/nozzle_extrusion_normal_0840.jpg,train/labels/nozzle_extrusion_normal_0840.txt,nozzle_extrusion_normal,1,0,nozzle_normal,1,是
train,train/images/nozzle_extrusion_normal_0841.jpg,train/labels/nozzle_extrusion_normal_0841.txt,nozzle_extrusion_normal,1,0,nozzle_normal,1,是
train,train/images/nozzle_extrusion_normal_0843.jpg,train/labels/nozzle_extrusion_normal_0843.txt,nozzle_extrusion_normal,1,0,nozzle_normal,1,是
train,train/images/nozzle_extrusion_normal_0844.jpg,train/labels/nozzle_extrusion_normal_0844.txt,nozzle_extrusion_normal,1,0,nozzle_normal,1,是
train,train/images/nozzle_extrusion_normal_0845.jpg,train/labels/nozzle_extrusion_normal_0845.txt,nozzle_extrusion_normal,1,0,nozzle_normal,1,是
train,train/images/nozzle_extrusion_normal_0846.jpg,train/labels/nozzle_extrusion_normal_0846.txt,nozzle_extrusion_normal,1,0,nozzle_normal,1,是
train,train/images/nozzle_extrusion_normal_0849.jpg,train/labels/nozzle_extrusion_normal_0849.txt,nozzle_extrusion_normal,1,0,nozzle_normal,1,是
train,train/images/nozzle_extrusion_normal_0850.jpg,train/labels/nozzle_extrusion_normal_0850.txt,nozzle_extrusion_normal,1,0,nozzle_normal,1,是
train,train/images/nozzle_extrusion_normal_0851.jpg,train/labels/nozzle_extrusion_normal_0851.txt,nozzle_extrusion_normal,1,0,nozzle_normal,1,是
train,train/images/nozzle_extrusion_normal_0852.jpg,train/labels/nozzle_extrusion_normal_0852.txt,nozzle_extrusion_normal,1,0,nozzle_normal,1,是
train,train/images/nozzle_extrusion_normal_0854.jpg,train/labels/nozzle_extrusion_normal_0854.txt,nozzle_extrusion_normal,1,0,nozzle_normal,1,是
train,train/images/nozzle_extrusion_normal_0855.jpg,train/labels/nozzle_extrusion_normal_0855.txt,nozzle_extrusion_normal,1,0,nozzle_normal,1,是
train,train/images/nozzle_extrusion_normal_0857.jpg,train/labels/nozzle_extrusion_normal_0857.txt,nozzle_extrusion_normal,1,0,nozzle_normal,1,是
train,train/images/nozzle_extrusion_normal_0858.jpg,train/labels/nozzle_extrusion_normal_0858.txt,nozzle_extrusion_normal,1,0,nozzle_normal,1,是
train,train/images/nozzle_extrusion_normal_0859.jpg,train/labels/nozzle_extrusion_normal_0859.txt,nozzle_extrusion_normal,1,0,nozzle_normal,1,是
train,train/images/nozzle_extrusion_normal_0860.jpg,train/labels/nozzle_extrusion_normal_0860.txt,nozzle_extrusion_normal,1,0,nozzle_normal,1,是
train,train/images/nozzle_extrusion_normal_0861.jpg,train/labels/nozzle_extrusion_normal_0861.txt,nozzle_extrusion_normal,1,0,nozzle_normal,1,是
train,train/images/nozzle_extrusion_normal_0862.jpg,train/labels/nozzle_extrusion_normal_0862.txt,nozzle_extrusion_normal,1,0,nozzle_normal,1,是
train,train/images/nozzle_extrusion_normal_0863.jpg,train/labels/nozzle_extrusion_normal_0863.txt,nozzle_extrusion_normal,1,0,nozzle_normal,1,是
train,train/images/nozzle_extrusion_normal_0866.jpg,train/labels/nozzle_extrusion_normal_0866.txt,nozzle_extrusion_normal,1,0,nozzle_normal,1,是
train,train/images/nozzle_extrusion_normal_0867.jpg,train/labels/nozzle_extrusion_normal_0867.txt,nozzle_extrusion_normal,1,0,nozzle_normal,1,是
train,train/images/nozzle_extrusion_normal_0868.jpg,train/labels/nozzle_extrusion_normal_0868.txt,nozzle_extrusion_normal,1,0,nozzle_normal,1,是
train,train/images/nozzle_extrusion_normal_0869.jpg,train/labels/nozzle_extrusion_normal_0869.txt,nozzle_extrusion_normal,1,0,nozzle_normal,1,是
train,train/images/nozzle_extrusion_normal_0874.jpg,train/labels/nozzle_extrusion_normal_0874.txt,nozzle_extrusion_normal,1,0,nozzle_normal,1,是
train,train/images/nozzle_extrusion_normal_0879.jpg,train/labels/nozzle_extrusion_normal_0879.txt,nozzle_extrusion_normal,1,0,nozzle_normal,1,是
train,train/images/nozzle_extrusion_normal_0880.jpg,train/labels/nozzle_extrusion_normal_0880.txt,nozzle_extrusion_normal,1,0,nozzle_normal,1,是
train,train/images/nozzle_extrusion_normal_0881.jpg,train/labels/nozzle_extrusion_normal_0881.txt,nozzle_extrusion_normal,1,0,nozzle_normal,1,是
train,train/images/nozzle_extrusion_normal_0883.jpg,train/labels/nozzle_extrusion_normal_0883.txt,nozzle_extrusion_normal,1,0,nozzle_normal,1,是
train,train/images/nozzle_extrusion_normal_0886.jpg,train/labels/nozzle_extrusion_normal_0886.txt,nozzle_extrusion_normal,1,0,nozzle_normal,1,是
train,train/images/nozzle_extrusion_normal_0887.jpg,train/labels/nozzle_extrusion_normal_0887.txt,nozzle_extrusion_normal,1,0,nozzle_normal,1,是
train,train/images/nozzle_extrusion_normal_0894.jpg,train/labels/nozzle_extrusion_normal_0894.txt,nozzle_extrusion_normal,1,0,nozzle_normal,1,是
train,train/images/nozzle_extrusion_normal_0897.jpg,train/labels/nozzle_extrusion_normal_0897.txt,nozzle_extrusion_normal,1,0,nozzle_normal,1,是
train,train/images/nozzle_extrusion_normal_0898.jpg,train/labels/nozzle_extrusion_normal_0898.txt,nozzle_extrusion_normal,1,0,nozzle_normal,1,是
train,train/images/nozzle_extrusion_normal_0899.jpg,train/labels/nozzle_extrusion_normal_0899.txt,nozzle_extrusion_normal,1,0,nozzle_normal,1,是
train,train/images/nozzle_extrusion_normal_0901.jpg,train/labels/nozzle_extrusion_normal_0901.txt,nozzle_extrusion_normal,1,0,nozzle_normal,1,是
train,train/images/nozzle_extrusion_normal_0902.jpg,train/labels/nozzle_extrusion_normal_0902.txt,nozzle_extrusion_normal,1,0,nozzle_normal,1,是
train,train/images/nozzle_extrusion_normal_0904.jpg,train/labels/nozzle_extrusion_normal_0904.txt,nozzle_extrusion_normal,1,0,nozzle_normal,1,是
train,train/images/nozzle_extrusion_normal_0906.jpg,train/labels/nozzle_extrusion_normal_0906.txt,nozzle_extrusion_normal,1,0,nozzle_normal,1,是
train,train/images/nozzle_extrusion_normal_0907.jpg,train/labels/nozzle_extrusion_normal_0907.txt,nozzle_extrusion_normal,1,0,nozzle_normal,1,是
train,train/images/nozzle_extrusion_normal_0908.jpg,train/labels/nozzle_extrusion_normal_0908.txt,nozzle_extrusion_normal,1,0,nozzle_normal,1,是
train,train/images/nozzle_extrusion_normal_0909.jpg,train/labels/nozzle_extrusion_normal_0909.txt,nozzle_extrusion_normal,1,0,nozzle_normal,1,是
train,train/images/nozzle_extrusion_normal_0910.jpg,train/labels/nozzle_extrusion_normal_0910.txt,nozzle_extrusion_normal,1,0,nozzle_normal,1,是
train,train/images/nozzle_extrusion_normal_0911.jpg,train/labels/nozzle_extrusion_normal_0911.txt,nozzle_extrusion_normal,1,0,nozzle_normal,1,是
train,train/images/nozzle_extrusion_normal_0912.jpg,train/labels/nozzle_extrusion_normal_0912.txt,nozzle_extrusion_normal,1,0,nozzle_normal,1,是
train,train/images/nozzle_extrusion_normal_0913.jpg,train/labels/nozzle_extrusion_normal_0913.txt,nozzle_extrusion_normal,1,0,nozzle_normal,1,是
train,train/images/nozzle_extrusion_normal_0916.jpg,train/labels/nozzle_extrusion_normal_0916.txt,nozzle_extrusion_normal,1,0,nozzle_normal,1,是
train,train/images/nozzle_extrusion_normal_0917.jpg,train/labels/nozzle_extrusion_normal_0917.txt,nozzle_extrusion_normal,1,0,nozzle_normal,1,是
train,train/images/nozzle_extrusion_normal_0918.jpg,train/labels/nozzle_extrusion_normal_0918.txt,nozzle_extrusion_normal,1,0,nozzle_normal,1,是
train,train/images/nozzle_extrusion_normal_0919.jpg,train/labels/nozzle_extrusion_normal_0919.txt,nozzle_extrusion_normal,1,0,nozzle_normal,1,是
train,train/images/nozzle_extrusion_normal_0920.jpg,train/labels/nozzle_extrusion_normal_0920.txt,nozzle_extrusion_normal,1,0,nozzle_normal,1,是
train,train/images/nozzle_extrusion_normal_0921.jpg,train/labels/nozzle_extrusion_normal_0921.txt,nozzle_extrusion_normal,1,0,nozzle_normal,1,是
train,train/images/nozzle_extrusion_normal_0922.jpg,train/labels/nozzle_extrusion_normal_0922.txt,nozzle_extrusion_normal,1,0,nozzle_normal,1,是
train,train/images/nozzle_extrusion_normal_0923.jpg,train/labels/nozzle_extrusion_normal_0923.txt,nozzle_extrusion_normal,1,0,nozzle_normal,1,是
train,train/images/nozzle_extrusion_normal_0926.jpg,train/labels/nozzle_extrusion_normal_0926.txt,nozzle_extrusion_normal,1,0,nozzle_normal,1,是
train,train/images/nozzle_extrusion_normal_0927.jpg,train/labels/nozzle_extrusion_normal_0927.txt,nozzle_extrusion_normal,1,0,nozzle_normal,1,是
train,train/images/nozzle_extrusion_normal_0928.jpg,train/labels/nozzle_extrusion_normal_0928.txt,nozzle_extrusion_normal,1,0,nozzle_normal,1,是
train,train/images/nozzle_extrusion_normal_0929.jpg,train/labels/nozzle_extrusion_normal_0929.txt,nozzle_extrusion_normal,1,0,nozzle_normal,1,是
train,train/images/nozzle_extrusion_normal_0930.jpg,train/labels/nozzle_extrusion_normal_0930.txt,nozzle_extrusion_normal,1,0,nozzle_normal,1,是
train,train/images/nozzle_extrusion_normal_0932.jpg,train/labels/nozzle_extrusion_normal_0932.txt,nozzle_extrusion_normal,1,0,nozzle_normal,1,是
train,train/images/nozzle_extrusion_normal_0933.jpg,train/labels/nozzle_extrusion_normal_0933.txt,nozzle_extrusion_normal,1,0,nozzle_normal,1,是
train,train/images/nozzle_extrusion_normal_0934.jpg,train/labels/nozzle_extrusion_normal_0934.txt,nozzle_extrusion_normal,1,0,nozzle_normal,1,是
train,train/images/nozzle_extrusion_normal_0935.jpg,train/labels/nozzle_extrusion_normal_0935.txt,nozzle_extrusion_normal,1,0,nozzle_normal,1,是
train,train/images/nozzle_extrusion_normal_0936.jpg,train/labels/nozzle_extrusion_normal_0936.txt,nozzle_extrusion_normal,1,0,nozzle_normal,1,是
train,train/images/nozzle_extrusion_normal_0937.jpg,train/labels/nozzle_extrusion_normal_0937.txt,nozzle_extrusion_normal,1,0,nozzle_normal,1,是
train,train/images/nozzle_extrusion_normal_0938.jpg,train/labels/nozzle_extrusion_normal_0938.txt,nozzle_extrusion_normal,1,0,nozzle_normal,1,是
train,train/images/nozzle_extrusion_normal_0940.jpg,train/labels/nozzle_extrusion_normal_0940.txt,nozzle_extrusion_normal,1,0,nozzle_normal,1,是
train,train/images/nozzle_extrusion_normal_0941.jpg,train/labels/nozzle_extrusion_normal_0941.txt,nozzle_extrusion_normal,1,0,nozzle_normal,1,是
train,train/images/nozzle_extrusion_normal_0942.jpg,train/labels/nozzle_extrusion_normal_0942.txt,nozzle_extrusion_normal,1,0,nozzle_normal,1,是
train,train/images/nozzle_extrusion_normal_0944.jpg,train/labels/nozzle_extrusion_normal_0944.txt,nozzle_extrusion_normal,1,0,nozzle_normal,1,是
train,train/images/nozzle_extrusion_normal_0945.jpg,train/labels/nozzle_extrusion_normal_0945.txt,nozzle_extrusion_normal,1,0,nozzle_normal,1,是
train,train/images/nozzle_extrusion_normal_0946.jpg,train/labels/nozzle_extrusion_normal_0946.txt,nozzle_extrusion_normal,1,0,nozzle_normal,1,是
train,train/images/nozzle_extrusion_normal_0947.jpg,train/labels/nozzle_extrusion_normal_0947.txt,nozzle_extrusion_normal,1,0,nozzle_normal,1,是
train,train/images/nozzle_extrusion_normal_0948.jpg,train/labels/nozzle_extrusion_normal_0948.txt,nozzle_extrusion_normal,1,0,nozzle_normal,1,是
train,train/images/nozzle_extrusion_normal_0950.jpg,train/labels/nozzle_extrusion_normal_0950.txt,nozzle_extrusion_normal,1,0,nozzle_normal,1,是
train,train/images/nozzle_extrusion_normal_0951.jpg,train/labels/nozzle_extrusion_normal_0951.txt,nozzle_extrusion_normal,1,0,nozzle_normal,1,是
train,train/images/nozzle_extrusion_normal_0953.jpg,train/labels/nozzle_extrusion_normal_0953.txt,nozzle_extrusion_normal,1,0,nozzle_normal,1,是
train,train/images/nozzle_extrusion_normal_0955.jpg,train/labels/nozzle_extrusion_normal_0955.txt,nozzle_extrusion_normal,1,0,nozzle_normal,1,是
train,train/images/nozzle_extrusion_normal_0956.jpg,train/labels/nozzle_extrusion_normal_0956.txt,nozzle_extrusion_normal,1,0,nozzle_normal,1,是
train,train/images/nozzle_extrusion_normal_0957.jpg,train/labels/nozzle_extrusion_normal_0957.txt,nozzle_extrusion_normal,1,0,nozzle_normal,1,是
train,train/images/nozzle_extrusion_normal_0958.jpg,train/labels/nozzle_extrusion_normal_0958.txt,nozzle_extrusion_normal,1,0,nozzle_normal,1,是
train,train/images/nozzle_extrusion_normal_0960.jpg,train/labels/nozzle_extrusion_normal_0960.txt,nozzle_extrusion_normal,1,0,nozzle_normal,1,是
train,train/images/nozzle_extrusion_normal_0961.jpg,train/labels/nozzle_extrusion_normal_0961.txt,nozzle_extrusion_normal,1,0,nozzle_normal,1,是
train,train/images/nozzle_extrusion_normal_0964.jpg,train/labels/nozzle_extrusion_normal_0964.txt,nozzle_extrusion_normal,1,0,nozzle_normal,1,是
train,train/images/nozzle_extrusion_normal_0965.jpg,train/labels/nozzle_extrusion_normal_0965.txt,nozzle_extrusion_normal,1,0,nozzle_normal,1,是
train,train/images/nozzle_extrusion_normal_0966.jpg,train/labels/nozzle_extrusion_normal_0966.txt,nozzle_extrusion_normal,1,0,nozzle_normal,1,是
train,train/images/nozzle_extrusion_normal_0967.jpg,train/labels/nozzle_extrusion_normal_0967.txt,nozzle_extrusion_normal,1,0,nozzle_normal,1,是
train,train/images/nozzle_extrusion_normal_0968.jpg,train/labels/nozzle_extrusion_normal_0968.txt,nozzle_extrusion_normal,1,0,nozzle_normal,1,是
train,train/images/nozzle_extrusion_normal_0970.jpg,train/labels/nozzle_extrusion_normal_0970.txt,nozzle_extrusion_normal,1,0,nozzle_normal,1,是
train,train/images/nozzle_extrusion_normal_0971.jpg,train/labels/nozzle_extrusion_normal_0971.txt,nozzle_extrusion_normal,1,0,nozzle_normal,1,是
train,train/images/nozzle_extrusion_normal_0972.jpg,train/labels/nozzle_extrusion_normal_0972.txt,nozzle_extrusion_normal,1,0,nozzle_normal,1,是
train,train/images/nozzle_extrusion_normal_0974.jpg,train/labels/nozzle_extrusion_normal_0974.txt,nozzle_extrusion_normal,1,0,nozzle_normal,1,是
train,train/images/nozzle_extrusion_normal_0975.jpg,train/labels/nozzle_extrusion_normal_0975.txt,nozzle_extrusion_normal,1,0,nozzle_normal,1,是
train,train/images/nozzle_extrusion_normal_0976.jpg,train/labels/nozzle_extrusion_normal_0976.txt,nozzle_extrusion_normal,1,0,nozzle_normal,1,是
train,train/images/nozzle_extrusion_normal_0977.jpg,train/labels/nozzle_extrusion_normal_0977.txt,nozzle_extrusion_normal,1,0,nozzle_normal,1,是
train,train/images/nozzle_extrusion_normal_0979.jpg,train/labels/nozzle_extrusion_normal_0979.txt,nozzle_extrusion_normal,1,0,nozzle_normal,1,是
train,train/images/nozzle_extrusion_normal_0981.jpg,train/labels/nozzle_extrusion_normal_0981.txt,nozzle_extrusion_normal,1,0,nozzle_normal,1,是
train,train/images/nozzle_extrusion_normal_0982.jpg,train/labels/nozzle_extrusion_normal_0982.txt,nozzle_extrusion_normal,1,0,nozzle_normal,1,是
train,train/images/nozzle_extrusion_normal_0985.jpg,train/labels/nozzle_extrusion_normal_0985.txt,nozzle_extrusion_normal,1,0,nozzle_normal,1,是
train,train/images/nozzle_extrusion_normal_0986.jpg,train/labels/nozzle_extrusion_normal_0986.txt,nozzle_extrusion_normal,1,0,nozzle_normal,1,是
train,train/images/nozzle_extrusion_normal_0987.jpg,train/labels/nozzle_extrusion_normal_0987.txt,nozzle_extrusion_normal,1,0,nozzle_normal,1,是
train,train/images/nozzle_extrusion_normal_0988.jpg,train/labels/nozzle_extrusion_normal_0988.txt,nozzle_extrusion_normal,1,0,nozzle_normal,1,是
train,train/images/nozzle_extrusion_normal_0989.jpg,train/labels/nozzle_extrusion_normal_0989.txt,nozzle_extrusion_normal,1,0,nozzle_normal,1,是
train,train/images/nozzle_extrusion_normal_0990.jpg,train/labels/nozzle_extrusion_normal_0990.txt,nozzle_extrusion_normal,1,0,nozzle_normal,1,是
train,train/images/nozzle_extrusion_normal_0991.jpg,train/labels/nozzle_extrusion_normal_0991.txt,nozzle_extrusion_normal,1,0,nozzle_normal,1,是
train,train/images/nozzle_extrusion_normal_0992.jpg,train/labels/nozzle_extrusion_normal_0992.txt,nozzle_extrusion_normal,1,0,nozzle_normal,1,是
train,train/images/nozzle_extrusion_normal_0993.jpg,train/labels/nozzle_extrusion_normal_0993.txt,nozzle_extrusion_normal,1,0,nozzle_normal,1,是
train,train/images/nozzle_extrusion_normal_0994.jpg,train/labels/nozzle_extrusion_normal_0994.txt,nozzle_extrusion_normal,1,0,nozzle_normal,1,是
train,train/images/nozzle_extrusion_normal_0995.jpg,train/labels/nozzle_extrusion_normal_0995.txt,nozzle_extrusion_normal,1,0,nozzle_normal,1,是
train,train/images/nozzle_extrusion_normal_0996.jpg,train/labels/nozzle_extrusion_normal_0996.txt,nozzle_extrusion_normal,1,0,nozzle_normal,1,是
train,train/images/nozzle_extrusion_normal_0997.jpg,train/labels/nozzle_extrusion_normal_0997.txt,nozzle_extrusion_normal,1,0,nozzle_normal,1,是
train,train/images/nozzle_extrusion_normal_0998.jpg,train/labels/nozzle_extrusion_normal_0998.txt,nozzle_extrusion_normal,1,0,nozzle_normal,1,是
train,train/images/nozzle_extrusion_normal_1000.jpg,train/labels/nozzle_extrusion_normal_1000.txt,nozzle_extrusion_normal,1,0,nozzle_normal,1,是
train,train/images/nozzle_extrusion_normal_1005.jpg,train/labels/nozzle_extrusion_normal_1005.txt,nozzle_extrusion_normal,1,0,nozzle_normal,1,是
train,train/images/nozzle_extrusion_normal_1006.jpg,train/labels/nozzle_extrusion_normal_1006.txt,nozzle_extrusion_normal,1,0,nozzle_normal,1,是
train,train/images/nozzle_extrusion_normal_1007.jpg,train/labels/nozzle_extrusion_normal_1007.txt,nozzle_extrusion_normal,1,0,nozzle_normal,1,是
train,train/images/nozzle_extrusion_normal_1008.jpg,train/labels/nozzle_extrusion_normal_1008.txt,nozzle_extrusion_normal,1,0,nozzle_normal,1,是
train,train/images/nozzle_extrusion_normal_1009.jpg,train/labels/nozzle_extrusion_normal_1009.txt,nozzle_extrusion_normal,1,0,nozzle_normal,1,是
train,train/images/nozzle_extrusion_normal_1011.jpg,train/labels/nozzle_extrusion_normal_1011.txt,nozzle_extrusion_normal,1,0,nozzle_normal,1,是
train,train/images/nozzle_extrusion_normal_1012.jpg,train/labels/nozzle_extrusion_normal_1012.txt,nozzle_extrusion_normal,1,0,nozzle_normal,1,是
train,train/images/nozzle_extrusion_normal_1013.jpg,train/labels/nozzle_extrusion_normal_1013.txt,nozzle_extrusion_normal,1,0,nozzle_normal,1,是
train,train/images/nozzle_extrusion_normal_1014.jpg,train/labels/nozzle_extrusion_normal_1014.txt,nozzle_extrusion_normal,1,0,nozzle_normal,1,是
train,train/images/nozzle_extrusion_normal_1019.jpg,train/labels/nozzle_extrusion_normal_1019.txt,nozzle_extrusion_normal,1,0,nozzle_normal,1,是
train,train/images/nozzle_extrusion_normal_1020.jpg,train/labels/nozzle_extrusion_normal_1020.txt,nozzle_extrusion_normal,1,0,nozzle_normal,1,是
train,train/images/nozzle_extrusion_normal_1021.jpg,train/labels/nozzle_extrusion_normal_1021.txt,nozzle_extrusion_normal,1,0,nozzle_normal,1,是
train,train/images/nozzle_extrusion_normal_1022.jpg,train/labels/nozzle_extrusion_normal_1022.txt,nozzle_extrusion_normal,1,0,nozzle_normal,1,是
train,train/images/nozzle_extrusion_normal_1023.jpg,train/labels/nozzle_extrusion_normal_1023.txt,nozzle_extrusion_normal,1,0,nozzle_normal,1,是
train,train/images/nozzle_extrusion_normal_1024.jpg,train/labels/nozzle_extrusion_normal_1024.txt,nozzle_extrusion_normal,1,0,nozzle_normal,1,是
train,train/images/nozzle_extrusion_normal_1025.jpg,train/labels/nozzle_extrusion_normal_1025.txt,nozzle_extrusion_normal,1,0,nozzle_normal,1,是
train,train/images/nozzle_extrusion_normal_1026.jpg,train/labels/nozzle_extrusion_normal_1026.txt,nozzle_extrusion_normal,1,0,nozzle_normal,1,是
train,train/images/nozzle_extrusion_normal_1027.jpg,train/labels/nozzle_extrusion_normal_1027.txt,nozzle_extrusion_normal,1,0,nozzle_normal,1,是
train,train/images/nozzle_extrusion_normal_1028.jpg,train/labels/nozzle_extrusion_normal_1028.txt,nozzle_extrusion_normal,1,0,nozzle_normal,1,是
train,train/images/nozzle_extrusion_normal_1030.jpg,train/labels/nozzle_extrusion_normal_1030.txt,nozzle_extrusion_normal,1,0,nozzle_normal,1,是
train,train/images/nozzle_extrusion_normal_1031.jpg,train/labels/nozzle_extrusion_normal_1031.txt,nozzle_extrusion_normal,1,0,nozzle_normal,1,是
train,train/images/nozzle_extrusion_normal_1032.jpg,train/labels/nozzle_extrusion_normal_1032.txt,nozzle_extrusion_normal,1,0,nozzle_normal,1,是
train,train/images/nozzle_extrusion_normal_1033.jpg,train/labels/nozzle_extrusion_normal_1033.txt,nozzle_extrusion_normal,1,0,nozzle_normal,1,是
train,train/images/nozzle_extrusion_normal_1036.jpg,train/labels/nozzle_extrusion_normal_1036.txt,nozzle_extrusion_normal,1,0,nozzle_normal,1,是
train,train/images/nozzle_extrusion_normal_1037.jpg,train/labels/nozzle_extrusion_normal_1037.txt,nozzle_extrusion_normal,1,0,nozzle_normal,1,是
train,train/images/nozzle_extrusion_normal_1038.jpg,train/labels/nozzle_extrusion_normal_1038.txt,nozzle_extrusion_normal,1,0,nozzle_normal,1,是
train,train/images/nozzle_extrusion_normal_1039.jpg,train/labels/nozzle_extrusion_normal_1039.txt,nozzle_extrusion_normal,1,0,nozzle_normal,1,是
train,train/images/nozzle_extrusion_normal_1040.jpg,train/labels/nozzle_extrusion_normal_1040.txt,nozzle_extrusion_normal,1,0,nozzle_normal,1,是
train,train/images/nozzle_extrusion_normal_1041.jpg,train/labels/nozzle_extrusion_normal_1041.txt,nozzle_extrusion_normal,1,0,nozzle_normal,1,是
train,train/images/nozzle_extrusion_normal_1042.jpg,train/labels/nozzle_extrusion_normal_1042.txt,nozzle_extrusion_normal,1,0,nozzle_normal,1,是
train,train/images/nozzle_extrusion_normal_1044.jpg,train/labels/nozzle_extrusion_normal_1044.txt,nozzle_extrusion_normal,1,0,nozzle_normal,1,是
train,train/images/nozzle_extrusion_normal_1046.jpg,train/labels/nozzle_extrusion_normal_1046.txt,nozzle_extrusion_normal,1,0,nozzle_normal,1,是
train,train/images/nozzle_extrusion_normal_1047.jpg,train/labels/nozzle_extrusion_normal_1047.txt,nozzle_extrusion_normal,1,0,nozzle_normal,1,是
train,train/images/nozzle_extrusion_normal_1048.jpg,train/labels/nozzle_extrusion_normal_1048.txt,nozzle_extrusion_normal,1,0,nozzle_normal,1,是
train,train/images/nozzle_extrusion_normal_1049.jpg,train/labels/nozzle_extrusion_normal_1049.txt,nozzle_extrusion_normal,1,0,nozzle_normal,1,是
train,train/images/nozzle_extrusion_normal_1050.jpg,train/labels/nozzle_extrusion_normal_1050.txt,nozzle_extrusion_normal,1,0,nozzle_normal,1,是
train,train/images/nozzle_extrusion_normal_1051.jpg,train/labels/nozzle_extrusion_normal_1051.txt,nozzle_extrusion_normal,1,0,nozzle_normal,1,是
train,train/images/nozzle_extrusion_normal_1053.jpg,train/labels/nozzle_extrusion_normal_1053.txt,nozzle_extrusion_normal,1,0,nozzle_normal,1,是
train,train/images/nozzle_extrusion_normal_1054.jpg,train/labels/nozzle_extrusion_normal_1054.txt,nozzle_extrusion_normal,1,0,nozzle_normal,1,是
train,train/images/nozzle_extrusion_normal_1055.jpg,train/labels/nozzle_extrusion_normal_1055.txt,nozzle_extrusion_normal,1,0,nozzle_normal,1,是
train,train/images/nozzle_extrusion_normal_1056.jpg,train/labels/nozzle_extrusion_normal_1056.txt,nozzle_extrusion_normal,1,0,nozzle_normal,1,是
train,train/images/nozzle_extrusion_normal_1057.jpg,train/labels/nozzle_extrusion_normal_1057.txt,nozzle_extrusion_normal,1,0,nozzle_normal,1,是
train,train/images/nozzle_extrusion_normal_1060.jpg,train/labels/nozzle_extrusion_normal_1060.txt,nozzle_extrusion_normal,1,0,nozzle_normal,1,是
train,train/images/nozzle_extrusion_normal_1062.jpg,train/labels/nozzle_extrusion_normal_1062.txt,nozzle_extrusion_normal,1,0,nozzle_normal,1,是
train,train/images/nozzle_extrusion_normal_1063.jpg,train/labels/nozzle_extrusion_normal_1063.txt,nozzle_extrusion_normal,1,0,nozzle_normal,1,是
train,train/images/nozzle_extrusion_normal_1065.jpg,train/labels/nozzle_extrusion_normal_1065.txt,nozzle_extrusion_normal,1,0,nozzle_normal,1,是
train,train/images/nozzle_extrusion_normal_1066.jpg,train/labels/nozzle_extrusion_normal_1066.txt,nozzle_extrusion_normal,1,0,nozzle_normal,1,是
train,train/images/nozzle_extrusion_normal_1067.jpg,train/labels/nozzle_extrusion_normal_1067.txt,nozzle_extrusion_normal,1,0,nozzle_normal,1,是
train,train/images/nozzle_extrusion_normal_1068.jpg,train/labels/nozzle_extrusion_normal_1068.txt,nozzle_extrusion_normal,1,0,nozzle_normal,1,是
train,train/images/nozzle_extrusion_normal_1069.jpg,train/labels/nozzle_extrusion_normal_1069.txt,nozzle_extrusion_normal,1,0,nozzle_normal,1,是
train,train/images/nozzle_extrusion_normal_1070.jpg,train/labels/nozzle_extrusion_normal_1070.txt,nozzle_extrusion_normal,1,0,nozzle_normal,1,是
train,train/images/nozzle_extrusion_normal_1071.jpg,train/labels/nozzle_extrusion_normal_1071.txt,nozzle_extrusion_normal,1,0,nozzle_normal,1,是
train,train/images/nozzle_extrusion_normal_1072.jpg,train/labels/nozzle_extrusion_normal_1072.txt,nozzle_extrusion_normal,1,0,nozzle_normal,1,是
train,train/images/nozzle_extrusion_normal_1073.jpg,train/labels/nozzle_extrusion_normal_1073.txt,nozzle_extrusion_normal,1,0,nozzle_normal,1,是
train,train/images/nozzle_extrusion_normal_1074.jpg,train/labels/nozzle_extrusion_normal_1074.txt,nozzle_extrusion_normal,1,0,nozzle_normal,1,是
train,train/images/nozzle_extrusion_normal_1075.jpg,train/labels/nozzle_extrusion_normal_1075.txt,nozzle_extrusion_normal,1,0,nozzle_normal,1,是
train,train/images/nozzle_extrusion_normal_1076.jpg,train/labels/nozzle_extrusion_normal_1076.txt,nozzle_extrusion_normal,1,0,nozzle_normal,1,是
train,train/images/nozzle_extrusion_normal_1077.jpg,train/labels/nozzle_extrusion_normal_1077.txt,nozzle_extrusion_normal,1,0,nozzle_normal,1,是
train,train/images/nozzle_extrusion_normal_1078.jpg,train/labels/nozzle_extrusion_normal_1078.txt,nozzle_extrusion_normal,1,0,nozzle_normal,1,是
train,train/images/nozzle_extrusion_normal_1079.jpg,train/labels/nozzle_extrusion_normal_1079.txt,nozzle_extrusion_normal,1,0,nozzle_normal,1,是
train,train/images/nozzle_extrusion_normal_1081.jpg,train/labels/nozzle_extrusion_normal_1081.txt,nozzle_extrusion_normal,1,0,nozzle_normal,1,是
train,train/images/nozzle_extrusion_normal_1082.jpg,train/labels/nozzle_extrusion_normal_1082.txt,nozzle_extrusion_normal,1,0,nozzle_normal,1,是
train,train/images/nozzle_extrusion_normal_1083.jpg,train/labels/nozzle_extrusion_normal_1083.txt,nozzle_extrusion_normal,1,0,nozzle_normal,1,是
train,train/images/nozzle_extrusion_normal_1086.jpg,train/labels/nozzle_extrusion_normal_1086.txt,nozzle_extrusion_normal,1,0,nozzle_normal,1,是
train,train/images/nozzle_extrusion_normal_1087.jpg,train/labels/nozzle_extrusion_normal_1087.txt,nozzle_extrusion_normal,1,0,nozzle_normal,1,是
train,train/images/nozzle_extrusion_normal_1088.jpg,train/labels/nozzle_extrusion_normal_1088.txt,nozzle_extrusion_normal,1,0,nozzle_normal,1,是
train,train/images/nozzle_extrusion_normal_1090.jpg,train/labels/nozzle_extrusion_normal_1090.txt,nozzle_extrusion_normal,1,0,nozzle_normal,1,是
train,train/images/nozzle_extrusion_normal_1091.jpg,train/labels/nozzle_extrusion_normal_1091.txt,nozzle_extrusion_normal,1,0,nozzle_normal,1,是
train,train/images/nozzle_extrusion_normal_1092.jpg,train/labels/nozzle_extrusion_normal_1092.txt,nozzle_extrusion_normal,1,0,nozzle_normal,1,是
train,train/images/nozzle_extrusion_normal_1094.jpg,train/labels/nozzle_extrusion_normal_1094.txt,nozzle_extrusion_normal,1,0,nozzle_normal,1,是
train,train/images/nozzle_extrusion_normal_1095.jpg,train/labels/nozzle_extrusion_normal_1095.txt,nozzle_extrusion_normal,1,0,nozzle_normal,1,是
train,train/images/nozzle_extrusion_normal_1096.jpg,train/labels/nozzle_extrusion_normal_1096.txt,nozzle_extrusion_normal,1,0,nozzle_normal,1,是
train,train/images/nozzle_extrusion_normal_1097.jpg,train/labels/nozzle_extrusion_normal_1097.txt,nozzle_extrusion_normal,1,0,nozzle_normal,1,是
train,train/images/nozzle_extrusion_normal_1098.jpg,train/labels/nozzle_extrusion_normal_1098.txt,nozzle_extrusion_normal,1,0,nozzle_normal,1,是
train,train/images/nozzle_extrusion_normal_1099.jpg,train/labels/nozzle_extrusion_normal_1099.txt,nozzle_extrusion_normal,1,0,nozzle_normal,1,是
train,train/images/nozzle_extrusion_normal_1100.jpg,train/labels/nozzle_extrusion_normal_1100.txt,nozzle_extrusion_normal,1,0,nozzle_normal,1,是
train,train/images/nozzle_extrusion_normal_1102.jpg,train/labels/nozzle_extrusion_normal_1102.txt,nozzle_extrusion_normal,1,0,nozzle_normal,1,是
train,train/images/nozzle_extrusion_normal_1105.jpg,train/labels/nozzle_extrusion_normal_1105.txt,nozzle_extrusion_normal,1,0,nozzle_normal,1,是
train,train/images/nozzle_extrusion_normal_1106.jpg,train/labels/nozzle_extrusion_normal_1106.txt,nozzle_extrusion_normal,1,0,nozzle_normal,1,是
train,train/images/nozzle_extrusion_normal_1110.jpg,train/labels/nozzle_extrusion_normal_1110.txt,nozzle_extrusion_normal,1,0,nozzle_normal,1,是
train,train/images/nozzle_extrusion_normal_1112.jpg,train/labels/nozzle_extrusion_normal_1112.txt,nozzle_extrusion_normal,1,0,nozzle_normal,1,是
train,train/images/nozzle_extrusion_normal_1113.jpg,train/labels/nozzle_extrusion_normal_1113.txt,nozzle_extrusion_normal,1,0,nozzle_normal,1,是
train,train/images/nozzle_extrusion_normal_1114.jpg,train/labels/nozzle_extrusion_normal_1114.txt,nozzle_extrusion_normal,1,0,nozzle_normal,1,是
train,train/images/nozzle_extrusion_normal_1115.jpg,train/labels/nozzle_extrusion_normal_1115.txt,nozzle_extrusion_normal,1,0,nozzle_normal,1,是
train,train/images/nozzle_extrusion_normal_1116.jpg,train/labels/nozzle_extrusion_normal_1116.txt,nozzle_extrusion_normal,1,0,nozzle_normal,1,是
train,train/images/nozzle_extrusion_normal_1117.jpg,train/labels/nozzle_extrusion_normal_1117.txt,nozzle_extrusion_normal,1,0,nozzle_normal,1,是
train,train/images/nozzle_extrusion_normal_1118.jpg,train/labels/nozzle_extrusion_normal_1118.txt,nozzle_extrusion_normal,1,0,nozzle_normal,1,是
train,train/images/nozzle_extrusion_normal_1119.jpg,train/labels/nozzle_extrusion_normal_1119.txt,nozzle_extrusion_normal,1,0,nozzle_normal,1,是
train,train/images/nozzle_extrusion_normal_1121.jpg,train/labels/nozzle_extrusion_normal_1121.txt,nozzle_extrusion_normal,1,0,nozzle_normal,1,是
train,train/images/nozzle_extrusion_normal_1122.jpg,train/labels/nozzle_extrusion_normal_1122.txt,nozzle_extrusion_normal,1,0,nozzle_normal,1,是
train,train/images/nozzle_extrusion_normal_1123.jpg,train/labels/nozzle_extrusion_normal_1123.txt,nozzle_extrusion_normal,1,0,nozzle_normal,1,是
train,train/images/nozzle_extrusion_normal_1124.jpg,train/labels/nozzle_extrusion_normal_1124.txt,nozzle_extrusion_normal,1,0,nozzle_normal,1,是
train,train/images/nozzle_extrusion_normal_1125.jpg,train/labels/nozzle_extrusion_normal_1125.txt,nozzle_extrusion_normal,1,0,nozzle_normal,1,是
train,train/images/nozzle_extrusion_normal_1126.jpg,train/labels/nozzle_extrusion_normal_1126.txt,nozzle_extrusion_normal,1,0,nozzle_normal,1,是
train,train/images/nozzle_extrusion_normal_1127.jpg,train/labels/nozzle_extrusion_normal_1127.txt,nozzle_extrusion_normal,1,0,nozzle_normal,1,是
train,train/images/nozzle_extrusion_normal_1129.jpg,train/labels/nozzle_extrusion_normal_1129.txt,nozzle_extrusion_normal,1,0,nozzle_normal,1,是
train,train/images/nozzle_extrusion_normal_1130.jpg,train/labels/nozzle_extrusion_normal_1130.txt,nozzle_extrusion_normal,1,0,nozzle_normal,1,是
train,train/images/nozzle_extrusion_normal_1131.jpg,train/labels/nozzle_extrusion_normal_1131.txt,nozzle_extrusion_normal,1,0,nozzle_normal,1,是
train,train/images/nozzle_extrusion_normal_1132.jpg,train/labels/nozzle_extrusion_normal_1132.txt,nozzle_extrusion_normal,1,0,nozzle_normal,1,是
train,train/images/nozzle_extrusion_normal_1133.jpg,train/labels/nozzle_extrusion_normal_1133.txt,nozzle_extrusion_normal,1,0,nozzle_normal,1,是
train,train/images/nozzle_extrusion_normal_1135.jpg,train/labels/nozzle_extrusion_normal_1135.txt,nozzle_extrusion_normal,1,0,nozzle_normal,1,是
train,train/images/nozzle_extrusion_normal_1137.jpg,train/labels/nozzle_extrusion_normal_1137.txt,nozzle_extrusion_normal,1,0,nozzle_normal,1,是
train,train/images/nozzle_extrusion_normal_1138.jpg,train/labels/nozzle_extrusion_normal_1138.txt,nozzle_extrusion_normal,1,0,nozzle_normal,1,是
train,train/images/nozzle_extrusion_normal_1139.jpg,train/labels/nozzle_extrusion_normal_1139.txt,nozzle_extrusion_normal,1,0,nozzle_normal,1,是
train,train/images/nozzle_extrusion_normal_1140.jpg,train/labels/nozzle_extrusion_normal_1140.txt,nozzle_extrusion_normal,1,0,nozzle_normal,1,是
train,train/images/nozzle_extrusion_normal_1141.jpg,train/labels/nozzle_extrusion_normal_1141.txt,nozzle_extrusion_normal,1,0,nozzle_normal,1,是
train,train/images/nozzle_extrusion_normal_1142.jpg,train/labels/nozzle_extrusion_normal_1142.txt,nozzle_extrusion_normal,1,0,nozzle_normal,1,是
train,train/images/nozzle_extrusion_normal_1143.jpg,train/labels/nozzle_extrusion_normal_1143.txt,nozzle_extrusion_normal,1,0,nozzle_normal,1,是
train,train/images/nozzle_extrusion_normal_1144.jpg,train/labels/nozzle_extrusion_normal_1144.txt,nozzle_extrusion_normal,1,0,nozzle_normal,1,是
train,train/images/nozzle_extrusion_normal_1146.jpg,train/labels/nozzle_extrusion_normal_1146.txt,nozzle_extrusion_normal,1,0,nozzle_normal,1,是
train,train/images/nozzle_extrusion_normal_1147.jpg,train/labels/nozzle_extrusion_normal_1147.txt,nozzle_extrusion_normal,1,0,nozzle_normal,1,是
train,train/images/nozzle_extrusion_normal_1148.jpg,train/labels/nozzle_extrusion_normal_1148.txt,nozzle_extrusion_normal,1,0,nozzle_normal,1,是
train,train/images/nozzle_extrusion_normal_1149.jpg,train/labels/nozzle_extrusion_normal_1149.txt,nozzle_extrusion_normal,1,0,nozzle_normal,1,是
train,train/images/nozzle_extrusion_normal_1150.jpg,train/labels/nozzle_extrusion_normal_1150.txt,nozzle_extrusion_normal,1,0,nozzle_normal,1,是
train,train/images/nozzle_extrusion_normal_1153.jpg,train/labels/nozzle_extrusion_normal_1153.txt,nozzle_extrusion_normal,1,0,nozzle_normal,1,是
train,train/images/nozzle_extrusion_normal_1154.jpg,train/labels/nozzle_extrusion_normal_1154.txt,nozzle_extrusion_normal,1,0,nozzle_normal,1,是
train,train/images/nozzle_extrusion_normal_1155.jpg,train/labels/nozzle_extrusion_normal_1155.txt,nozzle_extrusion_normal,1,0,nozzle_normal,1,是
train,train/images/nozzle_extrusion_normal_1156.jpg,train/labels/nozzle_extrusion_normal_1156.txt,nozzle_extrusion_normal,1,0,nozzle_normal,1,是
train,train/images/nozzle_extrusion_normal_1157.jpg,train/labels/nozzle_extrusion_normal_1157.txt,nozzle_extrusion_normal,1,0,nozzle_normal,1,是
train,train/images/nozzle_extrusion_normal_1159.jpg,train/labels/nozzle_extrusion_normal_1159.txt,nozzle_extrusion_normal,1,0,nozzle_normal,1,是
train,train/images/nozzle_extrusion_normal_1161.jpg,train/labels/nozzle_extrusion_normal_1161.txt,nozzle_extrusion_normal,1,0,nozzle_normal,1,是
train,train/images/nozzle_extrusion_normal_1162.jpg,train/labels/nozzle_extrusion_normal_1162.txt,nozzle_extrusion_normal,1,0,nozzle_normal,1,是
train,train/images/nozzle_extrusion_normal_1163.jpg,train/labels/nozzle_extrusion_normal_1163.txt,nozzle_extrusion_normal,1,0,nozzle_normal,1,是
train,train/images/nozzle_extrusion_normal_1164.jpg,train/labels/nozzle_extrusion_normal_1164.txt,nozzle_extrusion_normal,1,0,nozzle_normal,1,是
train,train/images/nozzle_extrusion_normal_1165.jpg,train/labels/nozzle_extrusion_normal_1165.txt,nozzle_extrusion_normal,1,0,nozzle_normal,1,是
train,train/images/nozzle_extrusion_normal_1166.jpg,train/labels/nozzle_extrusion_normal_1166.txt,nozzle_extrusion_normal,1,0,nozzle_normal,1,是
train,train/images/nozzle_extrusion_normal_1167.jpg,train/labels/nozzle_extrusion_normal_1167.txt,nozzle_extrusion_normal,1,0,nozzle_normal,1,是
train,train/images/nozzle_extrusion_normal_1168.jpg,train/labels/nozzle_extrusion_normal_1168.txt,nozzle_extrusion_normal,1,0,nozzle_normal,1,是
train,train/images/nozzle_extrusion_normal_1169.jpg,train/labels/nozzle_extrusion_normal_1169.txt,nozzle_extrusion_normal,1,0,nozzle_normal,1,是
train,train/images/nozzle_extrusion_normal_1170.jpg,train/labels/nozzle_extrusion_normal_1170.txt,nozzle_extrusion_normal,1,0,nozzle_normal,1,是
train,train/images/nozzle_extrusion_normal_1171.jpg,train/labels/nozzle_extrusion_normal_1171.txt,nozzle_extrusion_normal,1,0,nozzle_normal,1,是
train,train/images/nozzle_extrusion_normal_1172.jpg,train/labels/nozzle_extrusion_normal_1172.txt,nozzle_extrusion_normal,1,0,nozzle_normal,1,是
train,train/images/nozzle_extrusion_normal_1173.jpg,train/labels/nozzle_extrusion_normal_1173.txt,nozzle_extrusion_normal,1,0,nozzle_normal,1,是
train,train/images/nozzle_extrusion_normal_1174.jpg,train/labels/nozzle_extrusion_normal_1174.txt,nozzle_extrusion_normal,1,0,nozzle_normal,1,是
train,train/images/nozzle_extrusion_normal_1175.jpg,train/labels/nozzle_extrusion_normal_1175.txt,nozzle_extrusion_normal,1,0,nozzle_normal,1,是
train,train/images/nozzle_extrusion_normal_1176.jpg,train/labels/nozzle_extrusion_normal_1176.txt,nozzle_extrusion_normal,1,0,nozzle_normal,1,是
train,train/images/nozzle_extrusion_normal_1179.jpg,train/labels/nozzle_extrusion_normal_1179.txt,nozzle_extrusion_normal,1,0,nozzle_normal,1,是
train,train/images/nozzle_extrusion_normal_1180.jpg,train/labels/nozzle_extrusion_normal_1180.txt,nozzle_extrusion_normal,1,0,nozzle_normal,1,是
train,train/images/nozzle_extrusion_normal_1181.jpg,train/labels/nozzle_extrusion_normal_1181.txt,nozzle_extrusion_normal,1,0,nozzle_normal,1,是
train,train/images/nozzle_extrusion_normal_1182.jpg,train/labels/nozzle_extrusion_normal_1182.txt,nozzle_extrusion_normal,1,0,nozzle_normal,1,是
train,train/images/nozzle_extrusion_normal_1184.jpg,train/labels/nozzle_extrusion_normal_1184.txt,nozzle_extrusion_normal,1,0,nozzle_normal,1,是
train,train/images/nozzle_extrusion_normal_1185.jpg,train/labels/nozzle_extrusion_normal_1185.txt,nozzle_extrusion_normal,1,0,nozzle_normal,1,是
train,train/images/nozzle_extrusion_normal_1187.jpg,train/labels/nozzle_extrusion_normal_1187.txt,nozzle_extrusion_normal,1,0,nozzle_normal,1,是
train,train/images/nozzle_extrusion_normal_1188.jpg,train/labels/nozzle_extrusion_normal_1188.txt,nozzle_extrusion_normal,1,0,nozzle_normal,1,是
train,train/images/nozzle_extrusion_normal_1189.jpg,train/labels/nozzle_extrusion_normal_1189.txt,nozzle_extrusion_normal,1,0,nozzle_normal,1,是
train,train/images/nozzle_extrusion_normal_1190.jpg,train/labels/nozzle_extrusion_normal_1190.txt,nozzle_extrusion_normal,1,0,nozzle_normal,1,是
train,train/images/nozzle_extrusion_normal_1191.jpg,train/labels/nozzle_extrusion_normal_1191.txt,nozzle_extrusion_normal,1,0,nozzle_normal,1,是
train,train/images/nozzle_extrusion_normal_1192.jpg,train/labels/nozzle_extrusion_normal_1192.txt,nozzle_extrusion_normal,1,0,nozzle_normal,1,是
train,train/images/nozzle_extrusion_normal_1193.jpg,train/labels/nozzle_extrusion_normal_1193.txt,nozzle_extrusion_normal,1,0,nozzle_normal,1,是
train,train/images/nozzle_extrusion_normal_1194.jpg,train/labels/nozzle_extrusion_normal_1194.txt,nozzle_extrusion_normal,1,0,nozzle_normal,1,是
train,train/images/nozzle_extrusion_normal_1196.jpg,train/labels/nozzle_extrusion_normal_1196.txt,nozzle_extrusion_normal,1,0,nozzle_normal,1,是
train,train/images/nozzle_extrusion_normal_1198.jpg,train/labels/nozzle_extrusion_normal_1198.txt,nozzle_extrusion_normal,1,0,nozzle_normal,1,是
train,train/images/nozzle_extrusion_normal_1199.jpg,train/labels/nozzle_extrusion_normal_1199.txt,nozzle_extrusion_normal,1,0,nozzle_normal,1,是
train,train/images/nozzle_extrusion_normal_1200.jpg,train/labels/nozzle_extrusion_normal_1200.txt,nozzle_extrusion_normal,1,0,nozzle_normal,1,是
train,train/images/nozzle_extrusion_normal_1201.jpg,train/labels/nozzle_extrusion_normal_1201.txt,nozzle_extrusion_normal,1,0,nozzle_normal,1,是
train,train/images/nozzle_extrusion_normal_1202.jpg,train/labels/nozzle_extrusion_normal_1202.txt,nozzle_extrusion_normal,1,0,nozzle_normal,1,是
train,train/images/nozzle_extrusion_normal_1203.jpg,train/labels/nozzle_extrusion_normal_1203.txt,nozzle_extrusion_normal,1,0,nozzle_normal,1,是
train,train/images/nozzle_extrusion_normal_1206.jpg,train/labels/nozzle_extrusion_normal_1206.txt,nozzle_extrusion_normal,1,0,nozzle_normal,1,是
train,train/images/nozzle_extrusion_normal_1207.jpg,train/labels/nozzle_extrusion_normal_1207.txt,nozzle_extrusion_normal,1,0,nozzle_normal,1,是
train,train/images/nozzle_extrusion_normal_1208.jpg,train/labels/nozzle_extrusion_normal_1208.txt,nozzle_extrusion_normal,1,0,nozzle_normal,1,是
train,train/images/nozzle_extrusion_normal_1209.jpg,train/labels/nozzle_extrusion_normal_1209.txt,nozzle_extrusion_normal,1,0,nozzle_normal,1,是
train,train/images/nozzle_extrusion_normal_1212.jpg,train/labels/nozzle_extrusion_normal_1212.txt,nozzle_extrusion_normal,1,0,nozzle_normal,1,是
train,train/images/nozzle_extrusion_normal_1213.jpg,train/labels/nozzle_extrusion_normal_1213.txt,nozzle_extrusion_normal,1,0,nozzle_normal,1,是
train,train/images/nozzle_extrusion_normal_1215.jpg,train/labels/nozzle_extrusion_normal_1215.txt,nozzle_extrusion_normal,1,0,nozzle_normal,1,是
train,train/images/nozzle_extrusion_normal_1216.jpg,train/labels/nozzle_extrusion_normal_1216.txt,nozzle_extrusion_normal,1,0,nozzle_normal,1,是
train,train/images/nozzle_extrusion_normal_1217.jpg,train/labels/nozzle_extrusion_normal_1217.txt,nozzle_extrusion_normal,1,0,nozzle_normal,1,是
train,train/images/nozzle_extrusion_normal_1220.jpg,train/labels/nozzle_extrusion_normal_1220.txt,nozzle_extrusion_normal,1,0,nozzle_normal,1,是
train,train/images/nozzle_extrusion_normal_1221.jpg,train/labels/nozzle_extrusion_normal_1221.txt,nozzle_extrusion_normal,1,0,nozzle_normal,1,是
train,train/images/nozzle_extrusion_normal_1222.jpg,train/labels/nozzle_extrusion_normal_1222.txt,nozzle_extrusion_normal,1,0,nozzle_normal,1,是
train,train/images/nozzle_extrusion_normal_1223.jpg,train/labels/nozzle_extrusion_normal_1223.txt,nozzle_extrusion_normal,1,0,nozzle_normal,1,是
train,train/images/nozzle_extrusion_normal_1225.jpg,train/labels/nozzle_extrusion_normal_1225.txt,nozzle_extrusion_normal,1,0,nozzle_normal,1,是
train,train/images/nozzle_extrusion_normal_1228.jpg,train/labels/nozzle_extrusion_normal_1228.txt,nozzle_extrusion_normal,1,0,nozzle_normal,1,是
train,train/images/nozzle_extrusion_normal_1229.jpg,train/labels/nozzle_extrusion_normal_1229.txt,nozzle_extrusion_normal,1,0,nozzle_normal,1,是
train,train/images/nozzle_extrusion_normal_1230.jpg,train/labels/nozzle_extrusion_normal_1230.txt,nozzle_extrusion_normal,1,0,nozzle_normal,1,是
train,train/images/nozzle_extrusion_normal_1232.jpg,train/labels/nozzle_extrusion_normal_1232.txt,nozzle_extrusion_normal,1,0,nozzle_normal,1,是
train,train/images/nozzle_extrusion_normal_1234.jpg,train/labels/nozzle_extrusion_normal_1234.txt,nozzle_extrusion_normal,1,0,nozzle_normal,1,是
train,train/images/nozzle_extrusion_normal_1235.jpg,train/labels/nozzle_extrusion_normal_1235.txt,nozzle_extrusion_normal,1,0,nozzle_normal,1,是
train,train/images/nozzle_extrusion_normal_1237.jpg,train/labels/nozzle_extrusion_normal_1237.txt,nozzle_extrusion_normal,1,0,nozzle_normal,1,是
train,train/images/nozzle_extrusion_normal_1238.jpg,train/labels/nozzle_extrusion_normal_1238.txt,nozzle_extrusion_normal,1,0,nozzle_normal,1,是
train,train/images/nozzle_extrusion_normal_1239.jpg,train/labels/nozzle_extrusion_normal_1239.txt,nozzle_extrusion_normal,1,0,nozzle_normal,1,是
train,train/images/nozzle_extrusion_normal_1240.jpg,train/labels/nozzle_extrusion_normal_1240.txt,nozzle_extrusion_normal,1,0,nozzle_normal,1,是
train,train/images/nozzle_extrusion_normal_1242.jpg,train/labels/nozzle_extrusion_normal_1242.txt,nozzle_extrusion_normal,1,0,nozzle_normal,1,是
train,train/images/nozzle_extrusion_normal_1243.jpg,train/labels/nozzle_extrusion_normal_1243.txt,nozzle_extrusion_normal,1,0,nozzle_normal,1,是
train,train/images/nozzle_extrusion_normal_1244.jpg,train/labels/nozzle_extrusion_normal_1244.txt,nozzle_extrusion_normal,1,0,nozzle_normal,1,是
train,train/images/nozzle_extrusion_normal_1246.jpg,train/labels/nozzle_extrusion_normal_1246.txt,nozzle_extrusion_normal,1,0,nozzle_normal,1,是
train,train/images/nozzle_extrusion_normal_1247.jpg,train/labels/nozzle_extrusion_normal_1247.txt,nozzle_extrusion_normal,1,0,nozzle_normal,1,是
train,train/images/nozzle_extrusion_normal_1249.jpg,train/labels/nozzle_extrusion_normal_1249.txt,nozzle_extrusion_normal,1,0,nozzle_normal,1,是
train,train/images/nozzle_extrusion_normal_1252.jpg,train/labels/nozzle_extrusion_normal_1252.txt,nozzle_extrusion_normal,1,0,nozzle_normal,1,是
train,train/images/nozzle_extrusion_normal_1255.jpg,train/labels/nozzle_extrusion_normal_1255.txt,nozzle_extrusion_normal,1,0,nozzle_normal,1,是
train,train/images/nozzle_extrusion_normal_1256.jpg,train/labels/nozzle_extrusion_normal_1256.txt,nozzle_extrusion_normal,1,0,nozzle_normal,1,是
train,train/images/nozzle_extrusion_normal_1257.jpg,train/labels/nozzle_extrusion_normal_1257.txt,nozzle_extrusion_normal,1,0,nozzle_normal,1,是
train,train/images/nozzle_extrusion_normal_1258.jpg,train/labels/nozzle_extrusion_normal_1258.txt,nozzle_extrusion_normal,1,0,nozzle_normal,1,是
train,train/images/nozzle_extrusion_normal_1259.jpg,train/labels/nozzle_extrusion_normal_1259.txt,nozzle_extrusion_normal,1,0,nozzle_normal,1,是
train,train/images/nozzle_extrusion_normal_1260.jpg,train/labels/nozzle_extrusion_normal_1260.txt,nozzle_extrusion_normal,1,0,nozzle_normal,1,是
train,train/images/nozzle_extrusion_normal_1261.jpg,train/labels/nozzle_extrusion_normal_1261.txt,nozzle_extrusion_normal,1,0,nozzle_normal,1,是
train,train/images/nozzle_extrusion_normal_1262.jpg,train/labels/nozzle_extrusion_normal_1262.txt,nozzle_extrusion_normal,1,0,nozzle_normal,1,是
train,train/images/nozzle_extrusion_normal_1263.jpg,train/labels/nozzle_extrusion_normal_1263.txt,nozzle_extrusion_normal,1,0,nozzle_normal,1,是
train,train/images/nozzle_extrusion_normal_1265.jpg,train/labels/nozzle_extrusion_normal_1265.txt,nozzle_extrusion_normal,1,0,nozzle_normal,1,是
train,train/images/nozzle_extrusion_normal_1267.jpg,train/labels/nozzle_extrusion_normal_1267.txt,nozzle_extrusion_normal,1,0,nozzle_normal,1,是
train,train/images/nozzle_extrusion_normal_1269.jpg,train/labels/nozzle_extrusion_normal_1269.txt,nozzle_extrusion_normal,1,0,nozzle_normal,1,是
train,train/images/nozzle_extrusion_normal_1270.jpg,train/labels/nozzle_extrusion_normal_1270.txt,nozzle_extrusion_normal,1,0,nozzle_normal,1,是
train,train/images/nozzle_extrusion_normal_1271.jpg,train/labels/nozzle_extrusion_normal_1271.txt,nozzle_extrusion_normal,1,0,nozzle_normal,1,是
train,train/images/nozzle_extrusion_normal_1274.jpg,train/labels/nozzle_extrusion_normal_1274.txt,nozzle_extrusion_normal,1,0,nozzle_normal,1,是
train,train/images/nozzle_extrusion_normal_1275.jpg,train/labels/nozzle_extrusion_normal_1275.txt,nozzle_extrusion_normal,1,0,nozzle_normal,1,是
train,train/images/nozzle_extrusion_normal_1277.jpg,train/labels/nozzle_extrusion_normal_1277.txt,nozzle_extrusion_normal,1,0,nozzle_normal,1,是
train,train/images/nozzle_extrusion_normal_1278.jpg,train/labels/nozzle_extrusion_normal_1278.txt,nozzle_extrusion_normal,1,0,nozzle_normal,1,是
train,train/images/nozzle_extrusion_normal_1279.jpg,train/labels/nozzle_extrusion_normal_1279.txt,nozzle_extrusion_normal,1,0,nozzle_normal,1,是
train,train/images/nozzle_extrusion_normal_1281.jpg,train/labels/nozzle_extrusion_normal_1281.txt,nozzle_extrusion_normal,1,0,nozzle_normal,1,是
train,train/images/nozzle_extrusion_normal_1282.jpg,train/labels/nozzle_extrusion_normal_1282.txt,nozzle_extrusion_normal,1,0,nozzle_normal,1,是
train,train/images/nozzle_extrusion_normal_1284.jpg,train/labels/nozzle_extrusion_normal_1284.txt,nozzle_extrusion_normal,1,0,nozzle_normal,1,是
train,train/images/nozzle_extrusion_normal_1285.jpg,train/labels/nozzle_extrusion_normal_1285.txt,nozzle_extrusion_normal,1,0,nozzle_normal,1,是
train,train/images/nozzle_extrusion_normal_1286.jpg,train/labels/nozzle_extrusion_normal_1286.txt,nozzle_extrusion_normal,1,0,nozzle_normal,1,是
train,train/images/nozzle_extrusion_normal_1287.jpg,train/labels/nozzle_extrusion_normal_1287.txt,nozzle_extrusion_normal,1,0,nozzle_normal,1,是
train,train/images/nozzle_extrusion_normal_1289.jpg,train/labels/nozzle_extrusion_normal_1289.txt,nozzle_extrusion_normal,1,0,nozzle_normal,1,是
train,train/images/nozzle_extrusion_normal_1292.jpg,train/labels/nozzle_extrusion_normal_1292.txt,nozzle_extrusion_normal,1,0,nozzle_normal,1,是
train,train/images/nozzle_extrusion_normal_1293.jpg,train/labels/nozzle_extrusion_normal_1293.txt,nozzle_extrusion_normal,1,0,nozzle_normal,1,是
train,train/images/nozzle_extrusion_normal_1294.jpg,train/labels/nozzle_extrusion_normal_1294.txt,nozzle_extrusion_normal,1,0,nozzle_normal,1,是
train,train/images/nozzle_extrusion_normal_1296.jpg,train/labels/nozzle_extrusion_normal_1296.txt,nozzle_extrusion_normal,1,0,nozzle_normal,1,是
train,train/images/nozzle_extrusion_normal_1297.jpg,train/labels/nozzle_extrusion_normal_1297.txt,nozzle_extrusion_normal,1,0,nozzle_normal,1,是
train,train/images/nozzle_extrusion_normal_1298.jpg,train/labels/nozzle_extrusion_normal_1298.txt,nozzle_extrusion_normal,1,0,nozzle_normal,1,是
train,train/images/nozzle_extrusion_normal_1299.jpg,train/labels/nozzle_extrusion_normal_1299.txt,nozzle_extrusion_normal,1,0,nozzle_normal,1,是
train,train/images/nozzle_extrusion_normal_1300.jpg,train/labels/nozzle_extrusion_normal_1300.txt,nozzle_extrusion_normal,1,0,nozzle_normal,1,是
train,train/images/nozzle_extrusion_normal_1302.jpg,train/labels/nozzle_extrusion_normal_1302.txt,nozzle_extrusion_normal,1,0,nozzle_normal,1,是
train,train/images/nozzle_extrusion_normal_1303.jpg,train/labels/nozzle_extrusion_normal_1303.txt,nozzle_extrusion_normal,1,0,nozzle_normal,1,是
train,train/images/nozzle_extrusion_normal_1305.jpg,train/labels/nozzle_extrusion_normal_1305.txt,nozzle_extrusion_normal,1,0,nozzle_normal,1,是
train,train/images/nozzle_extrusion_normal_1306.jpg,train/labels/nozzle_extrusion_normal_1306.txt,nozzle_extrusion_normal,1,0,nozzle_normal,1,是
train,train/images/nozzle_extrusion_normal_1307.jpg,train/labels/nozzle_extrusion_normal_1307.txt,nozzle_extrusion_normal,1,0,nozzle_normal,1,是
train,train/images/nozzle_extrusion_normal_1308.jpg,train/labels/nozzle_extrusion_normal_1308.txt,nozzle_extrusion_normal,1,0,nozzle_normal,1,是
train,train/images/nozzle_extrusion_normal_1311.jpg,train/labels/nozzle_extrusion_normal_1311.txt,nozzle_extrusion_normal,1,0,nozzle_normal,1,是
train,train/images/nozzle_extrusion_normal_1312.jpg,train/labels/nozzle_extrusion_normal_1312.txt,nozzle_extrusion_normal,1,0,nozzle_normal,1,是
train,train/images/nozzle_extrusion_normal_1313.jpg,train/labels/nozzle_extrusion_normal_1313.txt,nozzle_extrusion_normal,1,0,nozzle_normal,1,是
train,train/images/nozzle_extrusion_normal_1315.jpg,train/labels/nozzle_extrusion_normal_1315.txt,nozzle_extrusion_normal,1,0,nozzle_normal,1,是
train,train/images/nozzle_extrusion_normal_1316.jpg,train/labels/nozzle_extrusion_normal_1316.txt,nozzle_extrusion_normal,1,0,nozzle_normal,1,是
train,train/images/nozzle_extrusion_normal_1318.jpg,train/labels/nozzle_extrusion_normal_1318.txt,nozzle_extrusion_normal,1,0,nozzle_normal,1,是
train,train/images/nozzle_extrusion_normal_1319.jpg,train/labels/nozzle_extrusion_normal_1319.txt,nozzle_extrusion_normal,1,0,nozzle_normal,1,是
train,train/images/nozzle_extrusion_normal_1320.jpg,train/labels/nozzle_extrusion_normal_1320.txt,nozzle_extrusion_normal,1,0,nozzle_normal,1,是
train,train/images/nozzle_extrusion_normal_1321.jpg,train/labels/nozzle_extrusion_normal_1321.txt,nozzle_extrusion_normal,1,0,nozzle_normal,1,是
train,train/images/nozzle_extrusion_normal_1322.jpg,train/labels/nozzle_extrusion_normal_1322.txt,nozzle_extrusion_normal,1,0,nozzle_normal,1,是
train,train/images/nozzle_extrusion_normal_1323.jpg,train/labels/nozzle_extrusion_normal_1323.txt,nozzle_extrusion_normal,1,0,nozzle_normal,1,是
train,train/images/nozzle_extrusion_normal_1324.jpg,train/labels/nozzle_extrusion_normal_1324.txt,nozzle_extrusion_normal,1,0,nozzle_normal,1,是
train,train/images/nozzle_extrusion_normal_1325.jpg,train/labels/nozzle_extrusion_normal_1325.txt,nozzle_extrusion_normal,1,0,nozzle_normal,1,是
train,train/images/nozzle_extrusion_normal_1326.jpg,train/labels/nozzle_extrusion_normal_1326.txt,nozzle_extrusion_normal,1,0,nozzle_normal,1,是
train,train/images/nozzle_extrusion_normal_1327.jpg,train/labels/nozzle_extrusion_normal_1327.txt,nozzle_extrusion_normal,1,0,nozzle_normal,1,是
train,train/images/nozzle_extrusion_normal_1329.jpg,train/labels/nozzle_extrusion_normal_1329.txt,nozzle_extrusion_normal,1,0,nozzle_normal,1,是
train,train/images/nozzle_extrusion_normal_1330.jpg,train/labels/nozzle_extrusion_normal_1330.txt,nozzle_extrusion_normal,1,0,nozzle_normal,1,是
train,train/images/nozzle_extrusion_normal_1331.jpg,train/labels/nozzle_extrusion_normal_1331.txt,nozzle_extrusion_normal,1,0,nozzle_normal,1,是
train,train/images/nozzle_extrusion_normal_1334.jpg,train/labels/nozzle_extrusion_normal_1334.txt,nozzle_extrusion_normal,1,0,nozzle_normal,1,是
train,train/images/nozzle_extrusion_normal_1337.jpg,train/labels/nozzle_extrusion_normal_1337.txt,nozzle_extrusion_normal,1,0,nozzle_normal,1,是
train,train/images/nozzle_extrusion_normal_1338.jpg,train/labels/nozzle_extrusion_normal_1338.txt,nozzle_extrusion_normal,1,0,nozzle_normal,1,是
train,train/images/nozzle_extrusion_normal_1340.jpg,train/labels/nozzle_extrusion_normal_1340.txt,nozzle_extrusion_normal,1,0,nozzle_normal,1,是
train,train/images/nozzle_extrusion_normal_1342.jpg,train/labels/nozzle_extrusion_normal_1342.txt,nozzle_extrusion_normal,1,0,nozzle_normal,1,是
train,train/images/nozzle_extrusion_normal_1343.jpg,train/labels/nozzle_extrusion_normal_1343.txt,nozzle_extrusion_normal,1,0,nozzle_normal,1,是
train,train/images/nozzle_extrusion_normal_1344.jpg,train/labels/nozzle_extrusion_normal_1344.txt,nozzle_extrusion_normal,1,0,nozzle_normal,1,是
train,train/images/nozzle_extrusion_normal_1347.jpg,train/labels/nozzle_extrusion_normal_1347.txt,nozzle_extrusion_normal,1,0,nozzle_normal,1,是
train,train/images/nozzle_extrusion_normal_1348.jpg,train/labels/nozzle_extrusion_normal_1348.txt,nozzle_extrusion_normal,1,0,nozzle_normal,1,是
train,train/images/nozzle_extrusion_normal_1351.jpg,train/labels/nozzle_extrusion_normal_1351.txt,nozzle_extrusion_normal,1,0,nozzle_normal,1,是
train,train/images/nozzle_extrusion_normal_1352.jpg,train/labels/nozzle_extrusion_normal_1352.txt,nozzle_extrusion_normal,1,0,nozzle_normal,1,是
train,train/images/nozzle_extrusion_normal_1354.jpg,train/labels/nozzle_extrusion_normal_1354.txt,nozzle_extrusion_normal,1,0,nozzle_normal,1,是
train,train/images/nozzle_extrusion_normal_1359.jpg,train/labels/nozzle_extrusion_normal_1359.txt,nozzle_extrusion_normal,1,0,nozzle_normal,1,是
train,train/images/nozzle_extrusion_normal_1362.jpg,train/labels/nozzle_extrusion_normal_1362.txt,nozzle_extrusion_normal,1,0,nozzle_normal,1,是
train,train/images/nozzle_extrusion_normal_1363.jpg,train/labels/nozzle_extrusion_normal_1363.txt,nozzle_extrusion_normal,1,0,nozzle_normal,1,是
train,train/images/nozzle_extrusion_normal_1366.jpg,train/labels/nozzle_extrusion_normal_1366.txt,nozzle_extrusion_normal,1,0,nozzle_normal,1,是
train,train/images/nozzle_extrusion_normal_1367.jpg,train/labels/nozzle_extrusion_normal_1367.txt,nozzle_extrusion_normal,1,0,nozzle_normal,1,是
train,train/images/nozzle_extrusion_normal_1368.jpg,train/labels/nozzle_extrusion_normal_1368.txt,nozzle_extrusion_normal,1,0,nozzle_normal,1,是
train,train/images/nozzle_extrusion_normal_1369.jpg,train/labels/nozzle_extrusion_normal_1369.txt,nozzle_extrusion_normal,1,0,nozzle_normal,1,是
train,train/images/nozzle_extrusion_normal_1370.jpg,train/labels/nozzle_extrusion_normal_1370.txt,nozzle_extrusion_normal,1,0,nozzle_normal,1,是
train,train/images/nozzle_extrusion_normal_1371.jpg,train/labels/nozzle_extrusion_normal_1371.txt,nozzle_extrusion_normal,1,0,nozzle_normal,1,是
train,train/images/nozzle_extrusion_normal_1372.jpg,train/labels/nozzle_extrusion_normal_1372.txt,nozzle_extrusion_normal,1,0,nozzle_normal,1,是
train,train/images/nozzle_extrusion_normal_1373.jpg,train/labels/nozzle_extrusion_normal_1373.txt,nozzle_extrusion_normal,1,0,nozzle_normal,1,是
train,train/images/nozzle_extrusion_normal_1374.jpg,train/labels/nozzle_extrusion_normal_1374.txt,nozzle_extrusion_normal,1,0,nozzle_normal,1,是
train,train/images/nozzle_extrusion_normal_1375.jpg,train/labels/nozzle_extrusion_normal_1375.txt,nozzle_extrusion_normal,1,0,nozzle_normal,1,是
train,train/images/nozzle_extrusion_normal_1376.jpg,train/labels/nozzle_extrusion_normal_1376.txt,nozzle_extrusion_normal,1,0,nozzle_normal,1,是
train,train/images/nozzle_extrusion_normal_1377.jpg,train/labels/nozzle_extrusion_normal_1377.txt,nozzle_extrusion_normal,1,0,nozzle_normal,1,是
train,train/images/nozzle_extrusion_normal_1379.jpg,train/labels/nozzle_extrusion_normal_1379.txt,nozzle_extrusion_normal,1,0,nozzle_normal,1,是
train,train/images/nozzle_extrusion_normal_1380.jpg,train/labels/nozzle_extrusion_normal_1380.txt,nozzle_extrusion_normal,1,0,nozzle_normal,1,是
train,train/images/nozzle_extrusion_normal_1381.jpg,train/labels/nozzle_extrusion_normal_1381.txt,nozzle_extrusion_normal,1,0,nozzle_normal,1,是
train,train/images/nozzle_extrusion_normal_1382.jpg,train/labels/nozzle_extrusion_normal_1382.txt,nozzle_extrusion_normal,1,0,nozzle_normal,1,是
train,train/images/nozzle_extrusion_normal_1383.jpg,train/labels/nozzle_extrusion_normal_1383.txt,nozzle_extrusion_normal,1,0,nozzle_normal,1,是
train,train/images/nozzle_extrusion_normal_1385.jpg,train/labels/nozzle_extrusion_normal_1385.txt,nozzle_extrusion_normal,1,0,nozzle_normal,1,是
train,train/images/nozzle_extrusion_normal_1386.jpg,train/labels/nozzle_extrusion_normal_1386.txt,nozzle_extrusion_normal,1,0,nozzle_normal,1,是
train,train/images/nozzle_extrusion_normal_1388.jpg,train/labels/nozzle_extrusion_normal_1388.txt,nozzle_extrusion_normal,1,0,nozzle_normal,1,是
train,train/images/nozzle_extrusion_normal_1389.jpg,train/labels/nozzle_extrusion_normal_1389.txt,nozzle_extrusion_normal,1,0,nozzle_normal,1,是
train,train/images/nozzle_extrusion_normal_1390.jpg,train/labels/nozzle_extrusion_normal_1390.txt,nozzle_extrusion_normal,1,0,nozzle_normal,1,是
train,train/images/nozzle_extrusion_normal_1392.jpg,train/labels/nozzle_extrusion_normal_1392.txt,nozzle_extrusion_normal,1,0,nozzle_normal,1,是
train,train/images/nozzle_extrusion_normal_1393.jpg,train/labels/nozzle_extrusion_normal_1393.txt,nozzle_extrusion_normal,1,0,nozzle_normal,1,是
train,train/images/nozzle_extrusion_normal_1394.jpg,train/labels/nozzle_extrusion_normal_1394.txt,nozzle_extrusion_normal,1,0,nozzle_normal,1,是
train,train/images/nozzle_extrusion_normal_1395.jpg,train/labels/nozzle_extrusion_normal_1395.txt,nozzle_extrusion_normal,1,0,nozzle_normal,1,是
train,train/images/nozzle_extrusion_normal_1396.jpg,train/labels/nozzle_extrusion_normal_1396.txt,nozzle_extrusion_normal,1,0,nozzle_normal,1,是
train,train/images/nozzle_extrusion_normal_1398.jpg,train/labels/nozzle_extrusion_normal_1398.txt,nozzle_extrusion_normal,1,0,nozzle_normal,1,是
train,train/images/nozzle_extrusion_normal_1399.jpg,train/labels/nozzle_extrusion_normal_1399.txt,nozzle_extrusion_normal,1,0,nozzle_normal,1,是
train,train/images/nozzle_extrusion_normal_1400.jpg,train/labels/nozzle_extrusion_normal_1400.txt,nozzle_extrusion_normal,1,0,nozzle_normal,1,是
train,train/images/nozzle_extrusion_normal_1401.jpg,train/labels/nozzle_extrusion_normal_1401.txt,nozzle_extrusion_normal,1,0,nozzle_normal,1,是
train,train/images/nozzle_extrusion_normal_1402.jpg,train/labels/nozzle_extrusion_normal_1402.txt,nozzle_extrusion_normal,1,0,nozzle_normal,1,是
train,train/images/nozzle_extrusion_normal_1404.jpg,train/labels/nozzle_extrusion_normal_1404.txt,nozzle_extrusion_normal,1,0,nozzle_normal,1,是
train,train/images/nozzle_extrusion_normal_1405.jpg,train/labels/nozzle_extrusion_normal_1405.txt,nozzle_extrusion_normal,1,0,nozzle_normal,1,是
train,train/images/nozzle_extrusion_normal_1406.jpg,train/labels/nozzle_extrusion_normal_1406.txt,nozzle_extrusion_normal,1,0,nozzle_normal,1,是
train,train/images/nozzle_extrusion_normal_1407.jpg,train/labels/nozzle_extrusion_normal_1407.txt,nozzle_extrusion_normal,1,0,nozzle_normal,1,是
train,train/images/nozzle_extrusion_normal_1409.jpg,train/labels/nozzle_extrusion_normal_1409.txt,nozzle_extrusion_normal,1,0,nozzle_normal,1,是
train,train/images/nozzle_extrusion_normal_1411.jpg,train/labels/nozzle_extrusion_normal_1411.txt,nozzle_extrusion_normal,1,0,nozzle_normal,1,是
train,train/images/nozzle_extrusion_normal_1412.jpg,train/labels/nozzle_extrusion_normal_1412.txt,nozzle_extrusion_normal,1,0,nozzle_normal,1,是
train,train/images/nozzle_extrusion_normal_1416.jpg,train/labels/nozzle_extrusion_normal_1416.txt,nozzle_extrusion_normal,1,0,nozzle_normal,1,是
train,train/images/nozzle_extrusion_normal_1417.jpg,train/labels/nozzle_extrusion_normal_1417.txt,nozzle_extrusion_normal,1,0,nozzle_normal,1,是
train,train/images/nozzle_extrusion_normal_1418.jpg,train/labels/nozzle_extrusion_normal_1418.txt,nozzle_extrusion_normal,1,0,nozzle_normal,1,是
train,train/images/nozzle_extrusion_normal_1420.jpg,train/labels/nozzle_extrusion_normal_1420.txt,nozzle_extrusion_normal,1,0,nozzle_normal,1,是
train,train/images/nozzle_extrusion_normal_1422.jpg,train/labels/nozzle_extrusion_normal_1422.txt,nozzle_extrusion_normal,1,0,nozzle_normal,1,是
train,train/images/nozzle_extrusion_normal_1423.jpg,train/labels/nozzle_extrusion_normal_1423.txt,nozzle_extrusion_normal,1,0,nozzle_normal,1,是
train,train/images/nozzle_extrusion_normal_1424.jpg,train/labels/nozzle_extrusion_normal_1424.txt,nozzle_extrusion_normal,1,0,nozzle_normal,1,是
train,train/images/nozzle_extrusion_normal_1425.jpg,train/labels/nozzle_extrusion_normal_1425.txt,nozzle_extrusion_normal,1,0,nozzle_normal,1,是
train,train/images/nozzle_extrusion_normal_1426.jpg,train/labels/nozzle_extrusion_normal_1426.txt,nozzle_extrusion_normal,1,0,nozzle_normal,1,是
train,train/images/nozzle_extrusion_normal_1427.jpg,train/labels/nozzle_extrusion_normal_1427.txt,nozzle_extrusion_normal,1,0,nozzle_normal,1,是
train,train/images/nozzle_extrusion_normal_1428.jpg,train/labels/nozzle_extrusion_normal_1428.txt,nozzle_extrusion_normal,1,0,nozzle_normal,1,是
train,train/images/nozzle_extrusion_normal_1431.jpg,train/labels/nozzle_extrusion_normal_1431.txt,nozzle_extrusion_normal,1,0,nozzle_normal,1,是
train,train/images/nozzle_extrusion_normal_1432.jpg,train/labels/nozzle_extrusion_normal_1432.txt,nozzle_extrusion_normal,1,0,nozzle_normal,1,是
train,train/images/nozzle_extrusion_normal_1434.jpg,train/labels/nozzle_extrusion_normal_1434.txt,nozzle_extrusion_normal,1,0,nozzle_normal,1,是
train,train/images/nozzle_extrusion_normal_1436.jpg,train/labels/nozzle_extrusion_normal_1436.txt,nozzle_extrusion_normal,1,0,nozzle_normal,1,是
train,train/images/nozzle_extrusion_normal_1438.jpg,train/labels/nozzle_extrusion_normal_1438.txt,nozzle_extrusion_normal,1,0,nozzle_normal,1,是
train,train/images/nozzle_extrusion_normal_1440.jpg,train/labels/nozzle_extrusion_normal_1440.txt,nozzle_extrusion_normal,1,0,nozzle_normal,1,是
train,train/images/nozzle_extrusion_normal_1441.jpg,train/labels/nozzle_extrusion_normal_1441.txt,nozzle_extrusion_normal,1,0,nozzle_normal,1,是
train,train/images/nozzle_extrusion_normal_1443.jpg,train/labels/nozzle_extrusion_normal_1443.txt,nozzle_extrusion_normal,1,0,nozzle_normal,1,是
train,train/images/nozzle_extrusion_normal_1444.jpg,train/labels/nozzle_extrusion_normal_1444.txt,nozzle_extrusion_normal,1,0,nozzle_normal,1,是
train,train/images/nozzle_extrusion_normal_1445.jpg,train/labels/nozzle_extrusion_normal_1445.txt,nozzle_extrusion_normal,1,0,nozzle_normal,1,是
train,train/images/nozzle_extrusion_normal_1446.jpg,train/labels/nozzle_extrusion_normal_1446.txt,nozzle_extrusion_normal,1,0,nozzle_normal,1,是
train,train/images/nozzle_extrusion_normal_1447.jpg,train/labels/nozzle_extrusion_normal_1447.txt,nozzle_extrusion_normal,1,0,nozzle_normal,1,是
train,train/images/nozzle_extrusion_normal_1448.jpg,train/labels/nozzle_extrusion_normal_1448.txt,nozzle_extrusion_normal,1,0,nozzle_normal,1,是
train,train/images/nozzle_extrusion_normal_1450.jpg,train/labels/nozzle_extrusion_normal_1450.txt,nozzle_extrusion_normal,1,0,nozzle_normal,1,是
train,train/images/nozzle_extrusion_normal_1451.jpg,train/labels/nozzle_extrusion_normal_1451.txt,nozzle_extrusion_normal,1,0,nozzle_normal,1,是
train,train/images/nozzle_extrusion_normal_1453.jpg,train/labels/nozzle_extrusion_normal_1453.txt,nozzle_extrusion_normal,1,0,nozzle_normal,1,是
train,train/images/nozzle_extrusion_normal_1455.jpg,train/labels/nozzle_extrusion_normal_1455.txt,nozzle_extrusion_normal,1,0,nozzle_normal,1,是
train,train/images/nozzle_extrusion_normal_1456.jpg,train/labels/nozzle_extrusion_normal_1456.txt,nozzle_extrusion_normal,1,0,nozzle_normal,1,是
train,train/images/nozzle_extrusion_normal_1458.jpg,train/labels/nozzle_extrusion_normal_1458.txt,nozzle_extrusion_normal,1,0,nozzle_normal,1,是
train,train/images/nozzle_extrusion_normal_1459.jpg,train/labels/nozzle_extrusion_normal_1459.txt,nozzle_extrusion_normal,1,0,nozzle_normal,1,是
train,train/images/nozzle_extrusion_normal_1460.jpg,train/labels/nozzle_extrusion_normal_1460.txt,nozzle_extrusion_normal,1,0,nozzle_normal,1,是
train,train/images/nozzle_extrusion_normal_1462.jpg,train/labels/nozzle_extrusion_normal_1462.txt,nozzle_extrusion_normal,1,0,nozzle_normal,1,是
train,train/images/nozzle_extrusion_normal_1463.jpg,train/labels/nozzle_extrusion_normal_1463.txt,nozzle_extrusion_normal,1,0,nozzle_normal,1,是
train,train/images/nozzle_extrusion_normal_1464.jpg,train/labels/nozzle_extrusion_normal_1464.txt,nozzle_extrusion_normal,1,0,nozzle_normal,1,是
train,train/images/nozzle_extrusion_normal_1465.jpg,train/labels/nozzle_extrusion_normal_1465.txt,nozzle_extrusion_normal,1,0,nozzle_normal,1,是
train,train/images/nozzle_extrusion_normal_1466.jpg,train/labels/nozzle_extrusion_normal_1466.txt,nozzle_extrusion_normal,1,0,nozzle_normal,1,是
train,train/images/nozzle_extrusion_normal_1468.jpg,train/labels/nozzle_extrusion_normal_1468.txt,nozzle_extrusion_normal,1,0,nozzle_normal,1,是
train,train/images/nozzle_extrusion_normal_1469.jpg,train/labels/nozzle_extrusion_normal_1469.txt,nozzle_extrusion_normal,1,0,nozzle_normal,1,是
train,train/images/nozzle_extrusion_normal_1470.jpg,train/labels/nozzle_extrusion_normal_1470.txt,nozzle_extrusion_normal,1,0,nozzle_normal,1,是
train,train/images/nozzle_extrusion_normal_1471.jpg,train/labels/nozzle_extrusion_normal_1471.txt,nozzle_extrusion_normal,1,0,nozzle_normal,1,是
train,train/images/nozzle_extrusion_normal_1472.jpg,train/labels/nozzle_extrusion_normal_1472.txt,nozzle_extrusion_normal,1,0,nozzle_normal,1,是
train,train/images/nozzle_extrusion_normal_1474.jpg,train/labels/nozzle_extrusion_normal_1474.txt,nozzle_extrusion_normal,1,0,nozzle_normal,1,是
train,train/images/nozzle_extrusion_normal_1475.jpg,train/labels/nozzle_extrusion_normal_1475.txt,nozzle_extrusion_normal,1,0,nozzle_normal,1,是
train,train/images/nozzle_extrusion_normal_1477.jpg,train/labels/nozzle_extrusion_normal_1477.txt,nozzle_extrusion_normal,1,0,nozzle_normal,1,是
train,train/images/nozzle_extrusion_normal_1478.jpg,train/labels/nozzle_extrusion_normal_1478.txt,nozzle_extrusion_normal,1,0,nozzle_normal,1,是
train,train/images/nozzle_extrusion_normal_1479.jpg,train/labels/nozzle_extrusion_normal_1479.txt,nozzle_extrusion_normal,1,0,nozzle_normal,1,是
train,train/images/nozzle_extrusion_normal_1481.jpg,train/labels/nozzle_extrusion_normal_1481.txt,nozzle_extrusion_normal,1,0,nozzle_normal,1,是
train,train/images/nozzle_extrusion_normal_1482.jpg,train/labels/nozzle_extrusion_normal_1482.txt,nozzle_extrusion_normal,1,0,nozzle_normal,1,是
train,train/images/nozzle_extrusion_normal_1486.jpg,train/labels/nozzle_extrusion_normal_1486.txt,nozzle_extrusion_normal,1,0,nozzle_normal,1,是
train,train/images/nozzle_extrusion_normal_1487.jpg,train/labels/nozzle_extrusion_normal_1487.txt,nozzle_extrusion_normal,1,0,nozzle_normal,1,是
train,train/images/nozzle_extrusion_normal_1488.jpg,train/labels/nozzle_extrusion_normal_1488.txt,nozzle_extrusion_normal,1,0,nozzle_normal,1,是
train,train/images/nozzle_extrusion_normal_1490.jpg,train/labels/nozzle_extrusion_normal_1490.txt,nozzle_extrusion_normal,1,0,nozzle_normal,1,是
train,train/images/nozzle_extrusion_normal_1491.jpg,train/labels/nozzle_extrusion_normal_1491.txt,nozzle_extrusion_normal,1,0,nozzle_normal,1,是
train,train/images/nozzle_extrusion_normal_1492.jpg,train/labels/nozzle_extrusion_normal_1492.txt,nozzle_extrusion_normal,1,0,nozzle_normal,1,是
train,train/images/nozzle_extrusion_normal_1495.jpg,train/labels/nozzle_extrusion_normal_1495.txt,nozzle_extrusion_normal,1,0,nozzle_normal,1,是
train,train/images/nozzle_extrusion_normal_1497.jpg,train/labels/nozzle_extrusion_normal_1497.txt,nozzle_extrusion_normal,1,0,nozzle_normal,1,是
train,train/images/nozzle_extrusion_normal_1498.jpg,train/labels/nozzle_extrusion_normal_1498.txt,nozzle_extrusion_normal,1,0,nozzle_normal,1,是
train,train/images/nozzle_extrusion_normal_1499.jpg,train/labels/nozzle_extrusion_normal_1499.txt,nozzle_extrusion_normal,1,0,nozzle_normal,1,是
train,train/images/nozzle_extrusion_normal_1500.jpg,train/labels/nozzle_extrusion_normal_1500.txt,nozzle_extrusion_normal,1,0,nozzle_normal,1,是
train,train/images/nozzle_extrusion_normal_1502.jpg,train/labels/nozzle_extrusion_normal_1502.txt,nozzle_extrusion_normal,1,0,nozzle_normal,1,是
train,train/images/nozzle_extrusion_normal_1503.jpg,train/labels/nozzle_extrusion_normal_1503.txt,nozzle_extrusion_normal,1,0,nozzle_normal,1,是
train,train/images/nozzle_extrusion_normal_1504.jpg,train/labels/nozzle_extrusion_normal_1504.txt,nozzle_extrusion_normal,1,0,nozzle_normal,1,是
train,train/images/nozzle_extrusion_normal_1506.jpg,train/labels/nozzle_extrusion_normal_1506.txt,nozzle_extrusion_normal,1,0,nozzle_normal,1,是
train,train/images/nozzle_extrusion_normal_1507.jpg,train/labels/nozzle_extrusion_normal_1507.txt,nozzle_extrusion_normal,1,0,nozzle_normal,1,是
train,train/images/nozzle_extrusion_normal_1508.jpg,train/labels/nozzle_extrusion_normal_1508.txt,nozzle_extrusion_normal,1,0,nozzle_normal,1,是
train,train/images/nozzle_extrusion_normal_1510.jpg,train/labels/nozzle_extrusion_normal_1510.txt,nozzle_extrusion_normal,1,0,nozzle_normal,1,是
train,train/images/nozzle_extrusion_normal_1512.jpg,train/labels/nozzle_extrusion_normal_1512.txt,nozzle_extrusion_normal,1,0,nozzle_normal,1,是
train,train/images/nozzle_extrusion_normal_1513.jpg,train/labels/nozzle_extrusion_normal_1513.txt,nozzle_extrusion_normal,1,0,nozzle_normal,1,是
train,train/images/nozzle_extrusion_normal_1515.jpg,train/labels/nozzle_extrusion_normal_1515.txt,nozzle_extrusion_normal,1,0,nozzle_normal,1,是
train,train/images/nozzle_extrusion_normal_1517.jpg,train/labels/nozzle_extrusion_normal_1517.txt,nozzle_extrusion_normal,1,0,nozzle_normal,1,是
train,train/images/nozzle_extrusion_normal_1518.jpg,train/labels/nozzle_extrusion_normal_1518.txt,nozzle_extrusion_normal,1,0,nozzle_normal,1,是
train,train/images/nozzle_heavy_contamination_0001.jpg,train/labels/nozzle_heavy_contamination_0001.txt,nozzle_heavy_contamination,1,1,nozzle_abnormal,1,是
train,train/images/nozzle_heavy_contamination_0004.jpg,train/labels/nozzle_heavy_contamination_0004.txt,nozzle_heavy_contamination,1,1,nozzle_abnormal,1,是
train,train/images/nozzle_heavy_contamination_0008.jpg,train/labels/nozzle_heavy_contamination_0008.txt,nozzle_heavy_contamination,1,1,nozzle_abnormal,1,是
train,train/images/nozzle_heavy_contamination_0009.jpg,train/labels/nozzle_heavy_contamination_0009.txt,nozzle_heavy_contamination,1,1,nozzle_abnormal,1,是
train,train/images/nozzle_heavy_contamination_0012.jpg,train/labels/nozzle_heavy_contamination_0012.txt,nozzle_heavy_contamination,1,1,nozzle_abnormal,1,是
train,train/images/nozzle_heavy_contamination_0014.jpg,train/labels/nozzle_heavy_contamination_0014.txt,nozzle_heavy_contamination,1,1,nozzle_abnormal,1,是
train,train/images/nozzle_heavy_contamination_0015.jpg,train/labels/nozzle_heavy_contamination_0015.txt,nozzle_heavy_contamination,1,1,nozzle_abnormal,1,是
train,train/images/nozzle_heavy_contamination_0017.jpg,train/labels/nozzle_heavy_contamination_0017.txt,nozzle_heavy_contamination,1,1,nozzle_abnormal,1,是
train,train/images/nozzle_heavy_contamination_0020.jpg,train/labels/nozzle_heavy_contamination_0020.txt,nozzle_heavy_contamination,1,1,nozzle_abnormal,1,是
train,train/images/nozzle_no_extrusion_0001.jpg,train/labels/nozzle_no_extrusion_0001.txt,nozzle_no_extrusion,1,0,nozzle_normal,1,是
train,train/images/nozzle_no_extrusion_0002.jpg,train/labels/nozzle_no_extrusion_0002.txt,nozzle_no_extrusion,1,0,nozzle_normal,1,是
train,train/images/nozzle_no_extrusion_0003.jpg,train/labels/nozzle_no_extrusion_0003.txt,nozzle_no_extrusion,1,0,nozzle_normal,1,是
train,train/images/nozzle_no_extrusion_0004.jpg,train/labels/nozzle_no_extrusion_0004.txt,nozzle_no_extrusion,1,0,nozzle_normal,1,是
train,train/images/nozzle_no_extrusion_0005.jpg,train/labels/nozzle_no_extrusion_0005.txt,nozzle_no_extrusion,1,0,nozzle_normal,1,是
train,train/images/nozzle_no_extrusion_0006.jpg,train/labels/nozzle_no_extrusion_0006.txt,nozzle_no_extrusion,1,0,nozzle_normal,1,是
train,train/images/nozzle_no_extrusion_0007.jpg,train/labels/nozzle_no_extrusion_0007.txt,nozzle_no_extrusion,1,0,nozzle_normal,1,是
train,train/images/nozzle_no_extrusion_0008.jpg,train/labels/nozzle_no_extrusion_0008.txt,nozzle_no_extrusion,1,0,nozzle_normal,1,是
train,train/images/nozzle_no_extrusion_0009.jpg,train/labels/nozzle_no_extrusion_0009.txt,nozzle_no_extrusion,1,0,nozzle_normal,1,是
train,train/images/nozzle_no_extrusion_0010.jpg,train/labels/nozzle_no_extrusion_0010.txt,nozzle_no_extrusion,1,0,nozzle_normal,1,是
train,train/images/nozzle_no_extrusion_0011.jpg,train/labels/nozzle_no_extrusion_0011.txt,nozzle_no_extrusion,1,0,nozzle_normal,1,是
train,train/images/nozzle_no_extrusion_0012.jpg,train/labels/nozzle_no_extrusion_0012.txt,nozzle_no_extrusion,1,0,nozzle_normal,1,是
train,train/images/nozzle_no_extrusion_0013.jpg,train/labels/nozzle_no_extrusion_0013.txt,nozzle_no_extrusion,1,0,nozzle_normal,1,是
train,train/images/nozzle_no_extrusion_0014.jpg,train/labels/nozzle_no_extrusion_0014.txt,nozzle_no_extrusion,1,0,nozzle_normal,1,是
train,train/images/nozzle_no_extrusion_0015.jpg,train/labels/nozzle_no_extrusion_0015.txt,nozzle_no_extrusion,1,0,nozzle_normal,1,是
train,train/images/nozzle_no_extrusion_0017.jpg,train/labels/nozzle_no_extrusion_0017.txt,nozzle_no_extrusion,1,0,nozzle_normal,1,是
train,train/images/nozzle_no_extrusion_0018.jpg,train/labels/nozzle_no_extrusion_0018.txt,nozzle_no_extrusion,1,0,nozzle_normal,1,是
train,train/images/nozzle_no_extrusion_0019.jpg,train/labels/nozzle_no_extrusion_0019.txt,nozzle_no_extrusion,1,0,nozzle_normal,1,是
train,train/images/nozzle_no_extrusion_0020.jpg,train/labels/nozzle_no_extrusion_0020.txt,nozzle_no_extrusion,1,0,nozzle_normal,1,是
train,train/images/nozzle_no_extrusion_0021.jpg,train/labels/nozzle_no_extrusion_0021.txt,nozzle_no_extrusion,1,0,nozzle_normal,1,是
train,train/images/nozzle_no_extrusion_0022.jpg,train/labels/nozzle_no_extrusion_0022.txt,nozzle_no_extrusion,1,0,nozzle_normal,1,是
train,train/images/nozzle_no_extrusion_0023.jpg,train/labels/nozzle_no_extrusion_0023.txt,nozzle_no_extrusion,1,0,nozzle_normal,1,是
train,train/images/nozzle_no_extrusion_0024.jpg,train/labels/nozzle_no_extrusion_0024.txt,nozzle_no_extrusion,1,0,nozzle_normal,1,是
train,train/images/nozzle_no_extrusion_0025.jpg,train/labels/nozzle_no_extrusion_0025.txt,nozzle_no_extrusion,1,0,nozzle_normal,1,是
train,train/images/nozzle_no_extrusion_0026.jpg,train/labels/nozzle_no_extrusion_0026.txt,nozzle_no_extrusion,1,0,nozzle_normal,1,是
train,train/images/nozzle_no_extrusion_0027.jpg,train/labels/nozzle_no_extrusion_0027.txt,nozzle_no_extrusion,1,0,nozzle_normal,1,是
train,train/images/nozzle_no_extrusion_0028.jpg,train/labels/nozzle_no_extrusion_0028.txt,nozzle_no_extrusion,1,0,nozzle_normal,1,是
train,train/images/nozzle_no_extrusion_0030.jpg,train/labels/nozzle_no_extrusion_0030.txt,nozzle_no_extrusion,1,0,nozzle_normal,1,是
train,train/images/nozzle_no_extrusion_0031.jpg,train/labels/nozzle_no_extrusion_0031.txt,nozzle_no_extrusion,1,0,nozzle_normal,1,是
train,train/images/nozzle_no_extrusion_0032.jpg,train/labels/nozzle_no_extrusion_0032.txt,nozzle_no_extrusion,1,0,nozzle_normal,1,是
train,train/images/nozzle_no_extrusion_0035.jpg,train/labels/nozzle_no_extrusion_0035.txt,nozzle_no_extrusion,1,0,nozzle_normal,1,是
train,train/images/nozzle_no_extrusion_0036.jpg,train/labels/nozzle_no_extrusion_0036.txt,nozzle_no_extrusion,1,0,nozzle_normal,1,是
train,train/images/nozzle_no_extrusion_0041.jpg,train/labels/nozzle_no_extrusion_0041.txt,nozzle_no_extrusion,1,0,nozzle_normal,1,是
train,train/images/nozzle_no_extrusion_0042.jpg,train/labels/nozzle_no_extrusion_0042.txt,nozzle_no_extrusion,1,0,nozzle_normal,1,是
train,train/images/nozzle_no_extrusion_0043.jpg,train/labels/nozzle_no_extrusion_0043.txt,nozzle_no_extrusion,1,0,nozzle_normal,1,是
train,train/images/nozzle_no_extrusion_0044.jpg,train/labels/nozzle_no_extrusion_0044.txt,nozzle_no_extrusion,1,0,nozzle_normal,1,是
train,train/images/nozzle_no_extrusion_0045.jpg,train/labels/nozzle_no_extrusion_0045.txt,nozzle_no_extrusion,1,0,nozzle_normal,1,是
train,train/images/nozzle_no_extrusion_0046.jpg,train/labels/nozzle_no_extrusion_0046.txt,nozzle_no_extrusion,1,0,nozzle_normal,1,是
train,train/images/nozzle_no_extrusion_0047.jpg,train/labels/nozzle_no_extrusion_0047.txt,nozzle_no_extrusion,1,0,nozzle_normal,1,是
train,train/images/nozzle_no_extrusion_0048.jpg,train/labels/nozzle_no_extrusion_0048.txt,nozzle_no_extrusion,1,0,nozzle_normal,1,是
train,train/images/nozzle_no_extrusion_0049.jpg,train/labels/nozzle_no_extrusion_0049.txt,nozzle_no_extrusion,1,0,nozzle_normal,1,是
train,train/images/nozzle_no_extrusion_0050.jpg,train/labels/nozzle_no_extrusion_0050.txt,nozzle_no_extrusion,1,0,nozzle_normal,1,是
train,train/images/nozzle_no_extrusion_0051.jpg,train/labels/nozzle_no_extrusion_0051.txt,nozzle_no_extrusion,1,0,nozzle_normal,1,是
train,train/images/nozzle_no_extrusion_0052.jpg,train/labels/nozzle_no_extrusion_0052.txt,nozzle_no_extrusion,1,0,nozzle_normal,1,是
train,train/images/nozzle_no_extrusion_0053.jpg,train/labels/nozzle_no_extrusion_0053.txt,nozzle_no_extrusion,1,0,nozzle_normal,1,是
train,train/images/nozzle_no_extrusion_0054.jpg,train/labels/nozzle_no_extrusion_0054.txt,nozzle_no_extrusion,1,0,nozzle_normal,1,是
train,train/images/nozzle_no_extrusion_0055.jpg,train/labels/nozzle_no_extrusion_0055.txt,nozzle_no_extrusion,1,0,nozzle_normal,1,是
train,train/images/nozzle_no_extrusion_0056.jpg,train/labels/nozzle_no_extrusion_0056.txt,nozzle_no_extrusion,1,0,nozzle_normal,1,是
train,train/images/nozzle_no_extrusion_0057.jpg,train/labels/nozzle_no_extrusion_0057.txt,nozzle_no_extrusion,1,0,nozzle_normal,1,是
train,train/images/nozzle_no_extrusion_0058.jpg,train/labels/nozzle_no_extrusion_0058.txt,nozzle_no_extrusion,1,0,nozzle_normal,1,是
train,train/images/nozzle_no_extrusion_0060.jpg,train/labels/nozzle_no_extrusion_0060.txt,nozzle_no_extrusion,1,0,nozzle_normal,1,是
train,train/images/nozzle_no_extrusion_0061.jpg,train/labels/nozzle_no_extrusion_0061.txt,nozzle_no_extrusion,1,0,nozzle_normal,1,是
train,train/images/nozzle_no_extrusion_0062.jpg,train/labels/nozzle_no_extrusion_0062.txt,nozzle_no_extrusion,1,0,nozzle_normal,1,是
train,train/images/nozzle_no_extrusion_0063.jpg,train/labels/nozzle_no_extrusion_0063.txt,nozzle_no_extrusion,1,0,nozzle_normal,1,是
train,train/images/nozzle_no_extrusion_0064.jpg,train/labels/nozzle_no_extrusion_0064.txt,nozzle_no_extrusion,1,0,nozzle_normal,1,是
train,train/images/nozzle_no_extrusion_0065.jpg,train/labels/nozzle_no_extrusion_0065.txt,nozzle_no_extrusion,1,0,nozzle_normal,1,是
train,train/images/nozzle_no_extrusion_0066.jpg,train/labels/nozzle_no_extrusion_0066.txt,nozzle_no_extrusion,1,0,nozzle_normal,1,是
train,train/images/nozzle_no_extrusion_0067.jpg,train/labels/nozzle_no_extrusion_0067.txt,nozzle_no_extrusion,1,0,nozzle_normal,1,是
train,train/images/nozzle_no_extrusion_0068.jpg,train/labels/nozzle_no_extrusion_0068.txt,nozzle_no_extrusion,1,0,nozzle_normal,1,是
train,train/images/nozzle_no_extrusion_0069.jpg,train/labels/nozzle_no_extrusion_0069.txt,nozzle_no_extrusion,1,0,nozzle_normal,1,是
train,train/images/nozzle_no_extrusion_0070.jpg,train/labels/nozzle_no_extrusion_0070.txt,nozzle_no_extrusion,1,0,nozzle_normal,1,是
train,train/images/nozzle_no_extrusion_0071.jpg,train/labels/nozzle_no_extrusion_0071.txt,nozzle_no_extrusion,1,0,nozzle_normal,1,是
train,train/images/nozzle_no_extrusion_0072.jpg,train/labels/nozzle_no_extrusion_0072.txt,nozzle_no_extrusion,1,0,nozzle_normal,1,是
train,train/images/nozzle_no_extrusion_0073.jpg,train/labels/nozzle_no_extrusion_0073.txt,nozzle_no_extrusion,1,0,nozzle_normal,1,是
train,train/images/nozzle_no_extrusion_0074.jpg,train/labels/nozzle_no_extrusion_0074.txt,nozzle_no_extrusion,1,0,nozzle_normal,1,是
train,train/images/nozzle_no_extrusion_0075.jpg,train/labels/nozzle_no_extrusion_0075.txt,nozzle_no_extrusion,1,0,nozzle_normal,1,是
train,train/images/nozzle_no_extrusion_0076.jpg,train/labels/nozzle_no_extrusion_0076.txt,nozzle_no_extrusion,1,0,nozzle_normal,1,是
train,train/images/nozzle_no_extrusion_0077.jpg,train/labels/nozzle_no_extrusion_0077.txt,nozzle_no_extrusion,1,0,nozzle_normal,1,是
train,train/images/nozzle_no_extrusion_0078.jpg,train/labels/nozzle_no_extrusion_0078.txt,nozzle_no_extrusion,1,0,nozzle_normal,1,是
train,train/images/nozzle_no_extrusion_0079.jpg,train/labels/nozzle_no_extrusion_0079.txt,nozzle_no_extrusion,1,0,nozzle_normal,1,是
train,train/images/nozzle_no_extrusion_0080.jpg,train/labels/nozzle_no_extrusion_0080.txt,nozzle_no_extrusion,1,0,nozzle_normal,1,是
train,train/images/nozzle_no_extrusion_0081.jpg,train/labels/nozzle_no_extrusion_0081.txt,nozzle_no_extrusion,1,0,nozzle_normal,1,是
train,train/images/nozzle_no_extrusion_0082.jpg,train/labels/nozzle_no_extrusion_0082.txt,nozzle_no_extrusion,1,0,nozzle_normal,1,是
train,train/images/nozzle_no_extrusion_0083.jpg,train/labels/nozzle_no_extrusion_0083.txt,nozzle_no_extrusion,1,0,nozzle_normal,1,是
train,train/images/nozzle_no_extrusion_0085.jpg,train/labels/nozzle_no_extrusion_0085.txt,nozzle_no_extrusion,1,0,nozzle_normal,1,是
train,train/images/nozzle_no_extrusion_0086.jpg,train/labels/nozzle_no_extrusion_0086.txt,nozzle_no_extrusion,1,0,nozzle_normal,1,是
train,train/images/nozzle_no_extrusion_0087.jpg,train/labels/nozzle_no_extrusion_0087.txt,nozzle_no_extrusion,1,0,nozzle_normal,1,是
train,train/images/nozzle_no_extrusion_0088.jpg,train/labels/nozzle_no_extrusion_0088.txt,nozzle_no_extrusion,1,0,nozzle_normal,1,是
train,train/images/nozzle_no_extrusion_0089.jpg,train/labels/nozzle_no_extrusion_0089.txt,nozzle_no_extrusion,1,0,nozzle_normal,1,是
train,train/images/nozzle_no_extrusion_0090.jpg,train/labels/nozzle_no_extrusion_0090.txt,nozzle_no_extrusion,1,0,nozzle_normal,1,是
train,train/images/nozzle_no_extrusion_0094.jpg,train/labels/nozzle_no_extrusion_0094.txt,nozzle_no_extrusion,1,0,nozzle_normal,1,是
train,train/images/nozzle_no_extrusion_0096.jpg,train/labels/nozzle_no_extrusion_0096.txt,nozzle_no_extrusion,1,0,nozzle_normal,1,是
train,train/images/nozzle_no_extrusion_0097.jpg,train/labels/nozzle_no_extrusion_0097.txt,nozzle_no_extrusion,1,0,nozzle_normal,1,是
train,train/images/nozzle_no_extrusion_0098.jpg,train/labels/nozzle_no_extrusion_0098.txt,nozzle_no_extrusion,1,0,nozzle_normal,1,是
train,train/images/nozzle_no_extrusion_0099.jpg,train/labels/nozzle_no_extrusion_0099.txt,nozzle_no_extrusion,1,0,nozzle_normal,1,是
train,train/images/nozzle_no_extrusion_0103.jpg,train/labels/nozzle_no_extrusion_0103.txt,nozzle_no_extrusion,1,0,nozzle_normal,1,是
train,train/images/nozzle_no_extrusion_0104.jpg,train/labels/nozzle_no_extrusion_0104.txt,nozzle_no_extrusion,1,0,nozzle_normal,1,是
train,train/images/nozzle_no_extrusion_0105.jpg,train/labels/nozzle_no_extrusion_0105.txt,nozzle_no_extrusion,1,0,nozzle_normal,1,是
train,train/images/nozzle_no_extrusion_0108.jpg,train/labels/nozzle_no_extrusion_0108.txt,nozzle_no_extrusion,1,0,nozzle_normal,1,是
train,train/images/nozzle_no_extrusion_0112.jpg,train/labels/nozzle_no_extrusion_0112.txt,nozzle_no_extrusion,1,0,nozzle_normal,1,是
train,train/images/nozzle_no_extrusion_0114.jpg,train/labels/nozzle_no_extrusion_0114.txt,nozzle_no_extrusion,1,0,nozzle_normal,1,是
train,train/images/nozzle_no_extrusion_0115.jpg,train/labels/nozzle_no_extrusion_0115.txt,nozzle_no_extrusion,1,0,nozzle_normal,1,是
train,train/images/nozzle_no_extrusion_0116.jpg,train/labels/nozzle_no_extrusion_0116.txt,nozzle_no_extrusion,1,0,nozzle_normal,1,是
train,train/images/nozzle_no_extrusion_0121.jpg,train/labels/nozzle_no_extrusion_0121.txt,nozzle_no_extrusion,1,0,nozzle_normal,1,是
train,train/images/nozzle_no_extrusion_0122.jpg,train/labels/nozzle_no_extrusion_0122.txt,nozzle_no_extrusion,1,0,nozzle_normal,1,是
train,train/images/nozzle_no_extrusion_0123.jpg,train/labels/nozzle_no_extrusion_0123.txt,nozzle_no_extrusion,1,0,nozzle_normal,1,是
train,train/images/nozzle_no_extrusion_0126.jpg,train/labels/nozzle_no_extrusion_0126.txt,nozzle_no_extrusion,1,0,nozzle_normal,1,是
train,train/images/nozzle_no_extrusion_0127.jpg,train/labels/nozzle_no_extrusion_0127.txt,nozzle_no_extrusion,1,0,nozzle_normal,1,是
train,train/images/nozzle_no_extrusion_0128.jpg,train/labels/nozzle_no_extrusion_0128.txt,nozzle_no_extrusion,1,0,nozzle_normal,1,是
train,train/images/nozzle_no_extrusion_0129.jpg,train/labels/nozzle_no_extrusion_0129.txt,nozzle_no_extrusion,1,0,nozzle_normal,1,是
train,train/images/nozzle_no_extrusion_0132.jpg,train/labels/nozzle_no_extrusion_0132.txt,nozzle_no_extrusion,1,0,nozzle_normal,1,是
train,train/images/nozzle_no_extrusion_0133.jpg,train/labels/nozzle_no_extrusion_0133.txt,nozzle_no_extrusion,1,0,nozzle_normal,1,是
train,train/images/nozzle_no_extrusion_0134.jpg,train/labels/nozzle_no_extrusion_0134.txt,nozzle_no_extrusion,1,0,nozzle_normal,1,是
train,train/images/nozzle_no_extrusion_0137.jpg,train/labels/nozzle_no_extrusion_0137.txt,nozzle_no_extrusion,1,0,nozzle_normal,1,是
train,train/images/nozzle_no_extrusion_0138.jpg,train/labels/nozzle_no_extrusion_0138.txt,nozzle_no_extrusion,1,0,nozzle_normal,1,是
train,train/images/nozzle_no_extrusion_0141.jpg,train/labels/nozzle_no_extrusion_0141.txt,nozzle_no_extrusion,1,0,nozzle_normal,1,是
train,train/images/nozzle_no_extrusion_0144.jpg,train/labels/nozzle_no_extrusion_0144.txt,nozzle_no_extrusion,1,0,nozzle_normal,1,是
train,train/images/nozzle_no_extrusion_0145.jpg,train/labels/nozzle_no_extrusion_0145.txt,nozzle_no_extrusion,1,0,nozzle_normal,1,是
train,train/images/nozzle_no_extrusion_0146.jpg,train/labels/nozzle_no_extrusion_0146.txt,nozzle_no_extrusion,1,0,nozzle_normal,1,是
train,train/images/nozzle_no_extrusion_0148.jpg,train/labels/nozzle_no_extrusion_0148.txt,nozzle_no_extrusion,1,0,nozzle_normal,1,是
train,train/images/nozzle_no_extrusion_0149.jpg,train/labels/nozzle_no_extrusion_0149.txt,nozzle_no_extrusion,1,0,nozzle_normal,1,是
train,train/images/nozzle_no_extrusion_0150.jpg,train/labels/nozzle_no_extrusion_0150.txt,nozzle_no_extrusion,1,0,nozzle_normal,1,是
train,train/images/nozzle_no_extrusion_0151.jpg,train/labels/nozzle_no_extrusion_0151.txt,nozzle_no_extrusion,1,0,nozzle_normal,1,是
train,train/images/nozzle_no_extrusion_0152.jpg,train/labels/nozzle_no_extrusion_0152.txt,nozzle_no_extrusion,1,0,nozzle_normal,1,是
train,train/images/nozzle_no_extrusion_0153.jpg,train/labels/nozzle_no_extrusion_0153.txt,nozzle_no_extrusion,1,0,nozzle_normal,1,是
train,train/images/nozzle_no_extrusion_0154.jpg,train/labels/nozzle_no_extrusion_0154.txt,nozzle_no_extrusion,1,0,nozzle_normal,1,是
train,train/images/nozzle_no_extrusion_0155.jpg,train/labels/nozzle_no_extrusion_0155.txt,nozzle_no_extrusion,1,0,nozzle_normal,1,是
train,train/images/nozzle_no_extrusion_0156.jpg,train/labels/nozzle_no_extrusion_0156.txt,nozzle_no_extrusion,1,0,nozzle_normal,1,是
train,train/images/nozzle_no_extrusion_0157.jpg,train/labels/nozzle_no_extrusion_0157.txt,nozzle_no_extrusion,1,0,nozzle_normal,1,是
train,train/images/nozzle_no_extrusion_0158.jpg,train/labels/nozzle_no_extrusion_0158.txt,nozzle_no_extrusion,1,0,nozzle_normal,1,是
train,train/images/nozzle_no_extrusion_0159.jpg,train/labels/nozzle_no_extrusion_0159.txt,nozzle_no_extrusion,1,0,nozzle_normal,1,是
train,train/images/nozzle_no_extrusion_0160.jpg,train/labels/nozzle_no_extrusion_0160.txt,nozzle_no_extrusion,1,0,nozzle_normal,1,是
train,train/images/nozzle_no_extrusion_0161.jpg,train/labels/nozzle_no_extrusion_0161.txt,nozzle_no_extrusion,1,0,nozzle_normal,1,是
train,train/images/nozzle_no_extrusion_0162.jpg,train/labels/nozzle_no_extrusion_0162.txt,nozzle_no_extrusion,1,0,nozzle_normal,1,是
train,train/images/nozzle_no_extrusion_0163.jpg,train/labels/nozzle_no_extrusion_0163.txt,nozzle_no_extrusion,1,0,nozzle_normal,1,是
train,train/images/nozzle_no_extrusion_0164.jpg,train/labels/nozzle_no_extrusion_0164.txt,nozzle_no_extrusion,1,0,nozzle_normal,1,是
train,train/images/nozzle_no_extrusion_0165.jpg,train/labels/nozzle_no_extrusion_0165.txt,nozzle_no_extrusion,1,0,nozzle_normal,1,是
train,train/images/nozzle_no_extrusion_0169.jpg,train/labels/nozzle_no_extrusion_0169.txt,nozzle_no_extrusion,1,0,nozzle_normal,1,是
train,train/images/nozzle_no_extrusion_0170.jpg,train/labels/nozzle_no_extrusion_0170.txt,nozzle_no_extrusion,1,0,nozzle_normal,1,是
train,train/images/nozzle_no_extrusion_0171.jpg,train/labels/nozzle_no_extrusion_0171.txt,nozzle_no_extrusion,1,0,nozzle_normal,1,是
train,train/images/nozzle_no_extrusion_0172.jpg,train/labels/nozzle_no_extrusion_0172.txt,nozzle_no_extrusion,1,0,nozzle_normal,1,是
train,train/images/nozzle_no_extrusion_0173.jpg,train/labels/nozzle_no_extrusion_0173.txt,nozzle_no_extrusion,1,0,nozzle_normal,1,是
train,train/images/nozzle_no_extrusion_0174.jpg,train/labels/nozzle_no_extrusion_0174.txt,nozzle_no_extrusion,1,0,nozzle_normal,1,是
train,train/images/nozzle_no_extrusion_0177.jpg,train/labels/nozzle_no_extrusion_0177.txt,nozzle_no_extrusion,1,0,nozzle_normal,1,是
train,train/images/nozzle_no_extrusion_0178.jpg,train/labels/nozzle_no_extrusion_0178.txt,nozzle_no_extrusion,1,0,nozzle_normal,1,是
train,train/images/nozzle_no_extrusion_0179.jpg,train/labels/nozzle_no_extrusion_0179.txt,nozzle_no_extrusion,1,0,nozzle_normal,1,是
train,train/images/nozzle_no_extrusion_0180.jpg,train/labels/nozzle_no_extrusion_0180.txt,nozzle_no_extrusion,1,0,nozzle_normal,1,是
train,train/images/nozzle_no_extrusion_0181.jpg,train/labels/nozzle_no_extrusion_0181.txt,nozzle_no_extrusion,1,0,nozzle_normal,1,是
train,train/images/nozzle_no_extrusion_0182.jpg,train/labels/nozzle_no_extrusion_0182.txt,nozzle_no_extrusion,1,0,nozzle_normal,1,是
train,train/images/nozzle_no_extrusion_0183.jpg,train/labels/nozzle_no_extrusion_0183.txt,nozzle_no_extrusion,1,0,nozzle_normal,1,是
train,train/images/nozzle_no_extrusion_0184.jpg,train/labels/nozzle_no_extrusion_0184.txt,nozzle_no_extrusion,1,0,nozzle_normal,1,是
train,train/images/nozzle_no_extrusion_0185.jpg,train/labels/nozzle_no_extrusion_0185.txt,nozzle_no_extrusion,1,0,nozzle_normal,1,是
train,train/images/nozzle_no_extrusion_0188.jpg,train/labels/nozzle_no_extrusion_0188.txt,nozzle_no_extrusion,1,0,nozzle_normal,1,是
train,train/images/nozzle_no_extrusion_0189.jpg,train/labels/nozzle_no_extrusion_0189.txt,nozzle_no_extrusion,1,0,nozzle_normal,1,是
train,train/images/nozzle_no_extrusion_0190.jpg,train/labels/nozzle_no_extrusion_0190.txt,nozzle_no_extrusion,1,0,nozzle_normal,1,是
train,train/images/nozzle_no_extrusion_0191.jpg,train/labels/nozzle_no_extrusion_0191.txt,nozzle_no_extrusion,1,0,nozzle_normal,1,是
train,train/images/nozzle_no_extrusion_0192.jpg,train/labels/nozzle_no_extrusion_0192.txt,nozzle_no_extrusion,1,0,nozzle_normal,1,是
train,train/images/nozzle_no_extrusion_0194.jpg,train/labels/nozzle_no_extrusion_0194.txt,nozzle_no_extrusion,1,0,nozzle_normal,1,是
train,train/images/nozzle_no_extrusion_0195.jpg,train/labels/nozzle_no_extrusion_0195.txt,nozzle_no_extrusion,1,0,nozzle_normal,1,是
train,train/images/nozzle_no_extrusion_0196.jpg,train/labels/nozzle_no_extrusion_0196.txt,nozzle_no_extrusion,1,0,nozzle_normal,1,是
train,train/images/nozzle_no_extrusion_0201.jpg,train/labels/nozzle_no_extrusion_0201.txt,nozzle_no_extrusion,1,0,nozzle_normal,1,是
train,train/images/nozzle_no_extrusion_0203.jpg,train/labels/nozzle_no_extrusion_0203.txt,nozzle_no_extrusion,1,0,nozzle_normal,1,是
train,train/images/nozzle_no_extrusion_0204.jpg,train/labels/nozzle_no_extrusion_0204.txt,nozzle_no_extrusion,1,0,nozzle_normal,1,是
train,train/images/nozzle_no_extrusion_0205.jpg,train/labels/nozzle_no_extrusion_0205.txt,nozzle_no_extrusion,1,0,nozzle_normal,1,是
train,train/images/nozzle_no_extrusion_0206.jpg,train/labels/nozzle_no_extrusion_0206.txt,nozzle_no_extrusion,1,0,nozzle_normal,1,是
train,train/images/nozzle_no_extrusion_0207.jpg,train/labels/nozzle_no_extrusion_0207.txt,nozzle_no_extrusion,1,0,nozzle_normal,1,是
train,train/images/nozzle_no_extrusion_0208.jpg,train/labels/nozzle_no_extrusion_0208.txt,nozzle_no_extrusion,1,0,nozzle_normal,1,是
train,train/images/nozzle_no_extrusion_0209.jpg,train/labels/nozzle_no_extrusion_0209.txt,nozzle_no_extrusion,1,0,nozzle_normal,1,是
train,train/images/nozzle_no_extrusion_0210.jpg,train/labels/nozzle_no_extrusion_0210.txt,nozzle_no_extrusion,1,0,nozzle_normal,1,是
train,train/images/nozzle_no_extrusion_0211.jpg,train/labels/nozzle_no_extrusion_0211.txt,nozzle_no_extrusion,1,0,nozzle_normal,1,是
train,train/images/nozzle_no_extrusion_0212.jpg,train/labels/nozzle_no_extrusion_0212.txt,nozzle_no_extrusion,1,0,nozzle_normal,1,是
train,train/images/nozzle_no_extrusion_0213.jpg,train/labels/nozzle_no_extrusion_0213.txt,nozzle_no_extrusion,1,0,nozzle_normal,1,是
train,train/images/nozzle_no_extrusion_0214.jpg,train/labels/nozzle_no_extrusion_0214.txt,nozzle_no_extrusion,1,0,nozzle_normal,1,是
train,train/images/nozzle_no_extrusion_0215.jpg,train/labels/nozzle_no_extrusion_0215.txt,nozzle_no_extrusion,1,0,nozzle_normal,1,是
train,train/images/nozzle_no_extrusion_0216.jpg,train/labels/nozzle_no_extrusion_0216.txt,nozzle_no_extrusion,1,0,nozzle_normal,1,是
train,train/images/nozzle_no_extrusion_0217.jpg,train/labels/nozzle_no_extrusion_0217.txt,nozzle_no_extrusion,1,0,nozzle_normal,1,是
train,train/images/nozzle_no_extrusion_0218.jpg,train/labels/nozzle_no_extrusion_0218.txt,nozzle_no_extrusion,1,0,nozzle_normal,1,是
train,train/images/nozzle_no_extrusion_0219.jpg,train/labels/nozzle_no_extrusion_0219.txt,nozzle_no_extrusion,1,0,nozzle_normal,1,是
train,train/images/nozzle_no_extrusion_0220.jpg,train/labels/nozzle_no_extrusion_0220.txt,nozzle_no_extrusion,1,0,nozzle_normal,1,是
train,train/images/nozzle_no_extrusion_0221.jpg,train/labels/nozzle_no_extrusion_0221.txt,nozzle_no_extrusion,1,0,nozzle_normal,1,是
train,train/images/nozzle_no_extrusion_0222.jpg,train/labels/nozzle_no_extrusion_0222.txt,nozzle_no_extrusion,1,0,nozzle_normal,1,是
train,train/images/nozzle_no_extrusion_0223.jpg,train/labels/nozzle_no_extrusion_0223.txt,nozzle_no_extrusion,1,0,nozzle_normal,1,是
train,train/images/nozzle_no_extrusion_0224.jpg,train/labels/nozzle_no_extrusion_0224.txt,nozzle_no_extrusion,1,0,nozzle_normal,1,是
train,train/images/nozzle_no_extrusion_0225.jpg,train/labels/nozzle_no_extrusion_0225.txt,nozzle_no_extrusion,1,0,nozzle_normal,1,是
train,train/images/nozzle_no_extrusion_0226.jpg,train/labels/nozzle_no_extrusion_0226.txt,nozzle_no_extrusion,1,0,nozzle_normal,1,是
train,train/images/nozzle_no_extrusion_0227.jpg,train/labels/nozzle_no_extrusion_0227.txt,nozzle_no_extrusion,1,0,nozzle_normal,1,是
train,train/images/nozzle_no_extrusion_0228.jpg,train/labels/nozzle_no_extrusion_0228.txt,nozzle_no_extrusion,1,0,nozzle_normal,1,是
train,train/images/nozzle_no_extrusion_0229.jpg,train/labels/nozzle_no_extrusion_0229.txt,nozzle_no_extrusion,1,0,nozzle_normal,1,是
train,train/images/nozzle_no_extrusion_0230.jpg,train/labels/nozzle_no_extrusion_0230.txt,nozzle_no_extrusion,1,0,nozzle_normal,1,是
train,train/images/nozzle_no_extrusion_0231.jpg,train/labels/nozzle_no_extrusion_0231.txt,nozzle_no_extrusion,1,0,nozzle_normal,1,是
train,train/images/nozzle_no_extrusion_0232.jpg,train/labels/nozzle_no_extrusion_0232.txt,nozzle_no_extrusion,1,0,nozzle_normal,1,是
train,train/images/nozzle_no_extrusion_0236.jpg,train/labels/nozzle_no_extrusion_0236.txt,nozzle_no_extrusion,1,0,nozzle_normal,1,是
train,train/images/nozzle_no_extrusion_0237.jpg,train/labels/nozzle_no_extrusion_0237.txt,nozzle_no_extrusion,1,0,nozzle_normal,1,是
train,train/images/nozzle_no_extrusion_0239.jpg,train/labels/nozzle_no_extrusion_0239.txt,nozzle_no_extrusion,1,0,nozzle_normal,1,是
train,train/images/nozzle_no_extrusion_0240.jpg,train/labels/nozzle_no_extrusion_0240.txt,nozzle_no_extrusion,1,0,nozzle_normal,1,是
train,train/images/nozzle_no_extrusion_0241.jpg,train/labels/nozzle_no_extrusion_0241.txt,nozzle_no_extrusion,1,0,nozzle_normal,1,是
train,train/images/nozzle_no_extrusion_0246.jpg,train/labels/nozzle_no_extrusion_0246.txt,nozzle_no_extrusion,1,0,nozzle_normal,1,是
train,train/images/nozzle_no_extrusion_0249.jpg,train/labels/nozzle_no_extrusion_0249.txt,nozzle_no_extrusion,1,0,nozzle_normal,1,是
train,train/images/nozzle_no_extrusion_0251.jpg,train/labels/nozzle_no_extrusion_0251.txt,nozzle_no_extrusion,1,0,nozzle_normal,1,是
train,train/images/nozzle_no_extrusion_0252.jpg,train/labels/nozzle_no_extrusion_0252.txt,nozzle_no_extrusion,1,0,nozzle_normal,1,是
train,train/images/nozzle_no_extrusion_0255.jpg,train/labels/nozzle_no_extrusion_0255.txt,nozzle_no_extrusion,1,0,nozzle_normal,1,是
train,train/images/nozzle_no_extrusion_0256.jpg,train/labels/nozzle_no_extrusion_0256.txt,nozzle_no_extrusion,1,0,nozzle_normal,1,是
train,train/images/nozzle_no_extrusion_0257.jpg,train/labels/nozzle_no_extrusion_0257.txt,nozzle_no_extrusion,1,0,nozzle_normal,1,是
train,train/images/nozzle_no_extrusion_0259.jpg,train/labels/nozzle_no_extrusion_0259.txt,nozzle_no_extrusion,1,0,nozzle_normal,1,是
train,train/images/nozzle_no_extrusion_0260.jpg,train/labels/nozzle_no_extrusion_0260.txt,nozzle_no_extrusion,1,0,nozzle_normal,1,是
train,train/images/nozzle_no_extrusion_0261.jpg,train/labels/nozzle_no_extrusion_0261.txt,nozzle_no_extrusion,1,0,nozzle_normal,1,是
train,train/images/nozzle_no_extrusion_0264.jpg,train/labels/nozzle_no_extrusion_0264.txt,nozzle_no_extrusion,1,0,nozzle_normal,1,是
train,train/images/nozzle_no_extrusion_0265.jpg,train/labels/nozzle_no_extrusion_0265.txt,nozzle_no_extrusion,1,0,nozzle_normal,1,是
train,train/images/nozzle_no_extrusion_0266.jpg,train/labels/nozzle_no_extrusion_0266.txt,nozzle_no_extrusion,1,0,nozzle_normal,1,是
train,train/images/nozzle_no_extrusion_0267.jpg,train/labels/nozzle_no_extrusion_0267.txt,nozzle_no_extrusion,1,0,nozzle_normal,1,是
train,train/images/nozzle_no_extrusion_0268.jpg,train/labels/nozzle_no_extrusion_0268.txt,nozzle_no_extrusion,1,0,nozzle_normal,1,是
train,train/images/nozzle_no_extrusion_0269.jpg,train/labels/nozzle_no_extrusion_0269.txt,nozzle_no_extrusion,1,0,nozzle_normal,1,是
train,train/images/nozzle_no_extrusion_0271.jpg,train/labels/nozzle_no_extrusion_0271.txt,nozzle_no_extrusion,1,0,nozzle_normal,1,是
train,train/images/nozzle_no_extrusion_0274.jpg,train/labels/nozzle_no_extrusion_0274.txt,nozzle_no_extrusion,1,0,nozzle_normal,1,是
train,train/images/nozzle_no_extrusion_0278.jpg,train/labels/nozzle_no_extrusion_0278.txt,nozzle_no_extrusion,1,0,nozzle_normal,1,是
train,train/images/nozzle_no_extrusion_0279.jpg,train/labels/nozzle_no_extrusion_0279.txt,nozzle_no_extrusion,1,0,nozzle_normal,1,是
train,train/images/nozzle_no_extrusion_0280.jpg,train/labels/nozzle_no_extrusion_0280.txt,nozzle_no_extrusion,1,0,nozzle_normal,1,是
train,train/images/nozzle_no_extrusion_0281.jpg,train/labels/nozzle_no_extrusion_0281.txt,nozzle_no_extrusion,1,0,nozzle_normal,1,是
train,train/images/nozzle_no_extrusion_0282.jpg,train/labels/nozzle_no_extrusion_0282.txt,nozzle_no_extrusion,1,0,nozzle_normal,1,是
train,train/images/nozzle_no_extrusion_0283.jpg,train/labels/nozzle_no_extrusion_0283.txt,nozzle_no_extrusion,1,0,nozzle_normal,1,是
train,train/images/nozzle_no_extrusion_0285.jpg,train/labels/nozzle_no_extrusion_0285.txt,nozzle_no_extrusion,1,0,nozzle_normal,1,是
train,train/images/nozzle_no_extrusion_0286.jpg,train/labels/nozzle_no_extrusion_0286.txt,nozzle_no_extrusion,1,0,nozzle_normal,1,是
train,train/images/nozzle_no_extrusion_0287.jpg,train/labels/nozzle_no_extrusion_0287.txt,nozzle_no_extrusion,1,0,nozzle_normal,1,是
train,train/images/nozzle_no_extrusion_0289.jpg,train/labels/nozzle_no_extrusion_0289.txt,nozzle_no_extrusion,1,0,nozzle_normal,1,是
train,train/images/nozzle_no_extrusion_0292.jpg,train/labels/nozzle_no_extrusion_0292.txt,nozzle_no_extrusion,1,0,nozzle_normal,1,是
train,train/images/nozzle_no_extrusion_0293.jpg,train/labels/nozzle_no_extrusion_0293.txt,nozzle_no_extrusion,1,0,nozzle_normal,1,是
train,train/images/nozzle_no_extrusion_0294.jpg,train/labels/nozzle_no_extrusion_0294.txt,nozzle_no_extrusion,1,0,nozzle_normal,1,是
train,train/images/nozzle_no_extrusion_0295.jpg,train/labels/nozzle_no_extrusion_0295.txt,nozzle_no_extrusion,1,0,nozzle_normal,1,是
train,train/images/nozzle_no_extrusion_0296.jpg,train/labels/nozzle_no_extrusion_0296.txt,nozzle_no_extrusion,1,0,nozzle_normal,1,是
train,train/images/nozzle_no_extrusion_0297.jpg,train/labels/nozzle_no_extrusion_0297.txt,nozzle_no_extrusion,1,0,nozzle_normal,1,是
train,train/images/nozzle_no_extrusion_0305.jpg,train/labels/nozzle_no_extrusion_0305.txt,nozzle_no_extrusion,1,0,nozzle_normal,1,是
train,train/images/nozzle_no_extrusion_0306.jpg,train/labels/nozzle_no_extrusion_0306.txt,nozzle_no_extrusion,1,0,nozzle_normal,1,是
train,train/images/nozzle_no_extrusion_0307.jpg,train/labels/nozzle_no_extrusion_0307.txt,nozzle_no_extrusion,1,0,nozzle_normal,1,是
train,train/images/nozzle_no_extrusion_0308.jpg,train/labels/nozzle_no_extrusion_0308.txt,nozzle_no_extrusion,1,0,nozzle_normal,1,是
train,train/images/nozzle_no_extrusion_0309.jpg,train/labels/nozzle_no_extrusion_0309.txt,nozzle_no_extrusion,1,0,nozzle_normal,1,是
train,train/images/nozzle_no_extrusion_0311.jpg,train/labels/nozzle_no_extrusion_0311.txt,nozzle_no_extrusion,1,0,nozzle_normal,1,是
train,train/images/nozzle_no_extrusion_0316.jpg,train/labels/nozzle_no_extrusion_0316.txt,nozzle_no_extrusion,1,0,nozzle_normal,1,是
train,train/images/nozzle_no_extrusion_0319.jpg,train/labels/nozzle_no_extrusion_0319.txt,nozzle_no_extrusion,1,0,nozzle_normal,1,是
train,train/images/nozzle_no_extrusion_0323.jpg,train/labels/nozzle_no_extrusion_0323.txt,nozzle_no_extrusion,1,0,nozzle_normal,1,是
train,train/images/nozzle_no_extrusion_0324.jpg,train/labels/nozzle_no_extrusion_0324.txt,nozzle_no_extrusion,1,0,nozzle_normal,1,是
train,train/images/nozzle_no_extrusion_0325.jpg,train/labels/nozzle_no_extrusion_0325.txt,nozzle_no_extrusion,1,0,nozzle_normal,1,是
train,train/images/nozzle_no_extrusion_0326.jpg,train/labels/nozzle_no_extrusion_0326.txt,nozzle_no_extrusion,1,0,nozzle_normal,1,是
train,train/images/nozzle_no_extrusion_0327.jpg,train/labels/nozzle_no_extrusion_0327.txt,nozzle_no_extrusion,1,0,nozzle_normal,1,是
train,train/images/nozzle_no_extrusion_0337.jpg,train/labels/nozzle_no_extrusion_0337.txt,nozzle_no_extrusion,1,0,nozzle_normal,1,是
train,train/images/nozzle_no_extrusion_0344.jpg,train/labels/nozzle_no_extrusion_0344.txt,nozzle_no_extrusion,1,0,nozzle_normal,1,是
train,train/images/nozzle_no_extrusion_0345.jpg,train/labels/nozzle_no_extrusion_0345.txt,nozzle_no_extrusion,1,0,nozzle_normal,1,是
train,train/images/nozzle_no_extrusion_0346.jpg,train/labels/nozzle_no_extrusion_0346.txt,nozzle_no_extrusion,1,0,nozzle_normal,1,是
train,train/images/nozzle_no_extrusion_0348.jpg,train/labels/nozzle_no_extrusion_0348.txt,nozzle_no_extrusion,1,0,nozzle_normal,1,是
train,train/images/nozzle_no_extrusion_0351.jpg,train/labels/nozzle_no_extrusion_0351.txt,nozzle_no_extrusion,1,0,nozzle_normal,1,是
train,train/images/nozzle_no_extrusion_0353.jpg,train/labels/nozzle_no_extrusion_0353.txt,nozzle_no_extrusion,1,0,nozzle_normal,1,是
train,train/images/nozzle_no_extrusion_0354.jpg,train/labels/nozzle_no_extrusion_0354.txt,nozzle_no_extrusion,1,0,nozzle_normal,1,是
train,train/images/nozzle_no_extrusion_0355.jpg,train/labels/nozzle_no_extrusion_0355.txt,nozzle_no_extrusion,1,0,nozzle_normal,1,是
train,train/images/nozzle_no_extrusion_0358.jpg,train/labels/nozzle_no_extrusion_0358.txt,nozzle_no_extrusion,1,0,nozzle_normal,1,是
train,train/images/nozzle_no_extrusion_0359.jpg,train/labels/nozzle_no_extrusion_0359.txt,nozzle_no_extrusion,1,0,nozzle_normal,1,是
train,train/images/nozzle_no_extrusion_0363.jpg,train/labels/nozzle_no_extrusion_0363.txt,nozzle_no_extrusion,1,0,nozzle_normal,1,是
train,train/images/nozzle_no_extrusion_0365.jpg,train/labels/nozzle_no_extrusion_0365.txt,nozzle_no_extrusion,1,0,nozzle_normal,1,是
train,train/images/nozzle_no_extrusion_0366.jpg,train/labels/nozzle_no_extrusion_0366.txt,nozzle_no_extrusion,1,0,nozzle_normal,1,是
train,train/images/nozzle_no_extrusion_0367.jpg,train/labels/nozzle_no_extrusion_0367.txt,nozzle_no_extrusion,1,0,nozzle_normal,1,是
train,train/images/nozzle_no_extrusion_0371.jpg,train/labels/nozzle_no_extrusion_0371.txt,nozzle_no_extrusion,1,0,nozzle_normal,1,是
train,train/images/nozzle_no_extrusion_0372.jpg,train/labels/nozzle_no_extrusion_0372.txt,nozzle_no_extrusion,1,0,nozzle_normal,1,是
train,train/images/nozzle_no_extrusion_0373.jpg,train/labels/nozzle_no_extrusion_0373.txt,nozzle_no_extrusion,1,0,nozzle_normal,1,是
train,train/images/nozzle_no_extrusion_0375.jpg,train/labels/nozzle_no_extrusion_0375.txt,nozzle_no_extrusion,1,0,nozzle_normal,1,是
train,train/images/nozzle_no_extrusion_0378.jpg,train/labels/nozzle_no_extrusion_0378.txt,nozzle_no_extrusion,1,0,nozzle_normal,1,是
train,train/images/nozzle_no_extrusion_0379.jpg,train/labels/nozzle_no_extrusion_0379.txt,nozzle_no_extrusion,1,0,nozzle_normal,1,是
train,train/images/nozzle_no_extrusion_0380.jpg,train/labels/nozzle_no_extrusion_0380.txt,nozzle_no_extrusion,1,0,nozzle_normal,1,是
train,train/images/nozzle_no_extrusion_0382.jpg,train/labels/nozzle_no_extrusion_0382.txt,nozzle_no_extrusion,1,0,nozzle_normal,1,是
train,train/images/nozzle_no_extrusion_0383.jpg,train/labels/nozzle_no_extrusion_0383.txt,nozzle_no_extrusion,1,0,nozzle_normal,1,是
train,train/images/nozzle_no_extrusion_0384.jpg,train/labels/nozzle_no_extrusion_0384.txt,nozzle_no_extrusion,1,0,nozzle_normal,1,是
train,train/images/nozzle_no_extrusion_0385.jpg,train/labels/nozzle_no_extrusion_0385.txt,nozzle_no_extrusion,1,0,nozzle_normal,1,是
train,train/images/nozzle_no_extrusion_0386.jpg,train/labels/nozzle_no_extrusion_0386.txt,nozzle_no_extrusion,1,0,nozzle_normal,1,是
train,train/images/nozzle_no_extrusion_0387.jpg,train/labels/nozzle_no_extrusion_0387.txt,nozzle_no_extrusion,1,0,nozzle_normal,1,是
train,train/images/nozzle_no_extrusion_0388.jpg,train/labels/nozzle_no_extrusion_0388.txt,nozzle_no_extrusion,1,0,nozzle_normal,1,是
train,train/images/nozzle_no_extrusion_0389.jpg,train/labels/nozzle_no_extrusion_0389.txt,nozzle_no_extrusion,1,0,nozzle_normal,1,是
train,train/images/nozzle_no_extrusion_0390.jpg,train/labels/nozzle_no_extrusion_0390.txt,nozzle_no_extrusion,1,0,nozzle_normal,1,是
train,train/images/nozzle_no_extrusion_0391.jpg,train/labels/nozzle_no_extrusion_0391.txt,nozzle_no_extrusion,1,0,nozzle_normal,1,是
train,train/images/nozzle_no_extrusion_0394.jpg,train/labels/nozzle_no_extrusion_0394.txt,nozzle_no_extrusion,1,0,nozzle_normal,1,是
train,train/images/nozzle_no_extrusion_0395.jpg,train/labels/nozzle_no_extrusion_0395.txt,nozzle_no_extrusion,1,0,nozzle_normal,1,是
train,train/images/nozzle_no_extrusion_0397.jpg,train/labels/nozzle_no_extrusion_0397.txt,nozzle_no_extrusion,1,0,nozzle_normal,1,是
train,train/images/nozzle_no_extrusion_0398.jpg,train/labels/nozzle_no_extrusion_0398.txt,nozzle_no_extrusion,1,0,nozzle_normal,1,是
train,train/images/nozzle_no_extrusion_0401.jpg,train/labels/nozzle_no_extrusion_0401.txt,nozzle_no_extrusion,1,0,nozzle_normal,1,是
train,train/images/nozzle_no_extrusion_0402.jpg,train/labels/nozzle_no_extrusion_0402.txt,nozzle_no_extrusion,1,0,nozzle_normal,1,是
train,train/images/nozzle_no_extrusion_0405.jpg,train/labels/nozzle_no_extrusion_0405.txt,nozzle_no_extrusion,1,0,nozzle_normal,1,是
train,train/images/nozzle_no_extrusion_0407.jpg,train/labels/nozzle_no_extrusion_0407.txt,nozzle_no_extrusion,1,0,nozzle_normal,1,是
train,train/images/nozzle_no_extrusion_0409.jpg,train/labels/nozzle_no_extrusion_0409.txt,nozzle_no_extrusion,1,0,nozzle_normal,1,是
train,train/images/nozzle_no_extrusion_0413.jpg,train/labels/nozzle_no_extrusion_0413.txt,nozzle_no_extrusion,1,0,nozzle_normal,1,是
train,train/images/nozzle_no_extrusion_0414.jpg,train/labels/nozzle_no_extrusion_0414.txt,nozzle_no_extrusion,1,0,nozzle_normal,1,是
train,train/images/nozzle_no_extrusion_0422.jpg,train/labels/nozzle_no_extrusion_0422.txt,nozzle_no_extrusion,1,0,nozzle_normal,1,是
train,train/images/nozzle_no_extrusion_0423.jpg,train/labels/nozzle_no_extrusion_0423.txt,nozzle_no_extrusion,1,0,nozzle_normal,1,是
train,train/images/nozzle_no_extrusion_0424.jpg,train/labels/nozzle_no_extrusion_0424.txt,nozzle_no_extrusion,1,0,nozzle_normal,1,是
train,train/images/nozzle_no_extrusion_0425.jpg,train/labels/nozzle_no_extrusion_0425.txt,nozzle_no_extrusion,1,0,nozzle_normal,1,是
train,train/images/nozzle_no_extrusion_0426.jpg,train/labels/nozzle_no_extrusion_0426.txt,nozzle_no_extrusion,1,0,nozzle_normal,1,是
train,train/images/nozzle_no_extrusion_0427.jpg,train/labels/nozzle_no_extrusion_0427.txt,nozzle_no_extrusion,1,0,nozzle_normal,1,是
train,train/images/nozzle_no_extrusion_0430.jpg,train/labels/nozzle_no_extrusion_0430.txt,nozzle_no_extrusion,1,0,nozzle_normal,1,是
train,train/images/nozzle_no_extrusion_0431.jpg,train/labels/nozzle_no_extrusion_0431.txt,nozzle_no_extrusion,1,0,nozzle_normal,1,是
train,train/images/nozzle_no_extrusion_0432.jpg,train/labels/nozzle_no_extrusion_0432.txt,nozzle_no_extrusion,1,0,nozzle_normal,1,是
train,train/images/nozzle_no_extrusion_0433.jpg,train/labels/nozzle_no_extrusion_0433.txt,nozzle_no_extrusion,1,0,nozzle_normal,1,是
train,train/images/nozzle_no_extrusion_0434.jpg,train/labels/nozzle_no_extrusion_0434.txt,nozzle_no_extrusion,1,0,nozzle_normal,1,是
train,train/images/nozzle_no_extrusion_0438.jpg,train/labels/nozzle_no_extrusion_0438.txt,nozzle_no_extrusion,1,0,nozzle_normal,1,是
train,train/images/nozzle_no_extrusion_0442.jpg,train/labels/nozzle_no_extrusion_0442.txt,nozzle_no_extrusion,1,0,nozzle_normal,1,是
train,train/images/nozzle_no_extrusion_0443.jpg,train/labels/nozzle_no_extrusion_0443.txt,nozzle_no_extrusion,1,0,nozzle_normal,1,是
train,train/images/nozzle_no_extrusion_0445.jpg,train/labels/nozzle_no_extrusion_0445.txt,nozzle_no_extrusion,1,0,nozzle_normal,1,是
train,train/images/nozzle_no_extrusion_0446.jpg,train/labels/nozzle_no_extrusion_0446.txt,nozzle_no_extrusion,1,0,nozzle_normal,1,是
train,train/images/nozzle_no_extrusion_0448.jpg,train/labels/nozzle_no_extrusion_0448.txt,nozzle_no_extrusion,1,0,nozzle_normal,1,是
train,train/images/nozzle_no_extrusion_0451.jpg,train/labels/nozzle_no_extrusion_0451.txt,nozzle_no_extrusion,1,0,nozzle_normal,1,是
train,train/images/nozzle_no_extrusion_0453.jpg,train/labels/nozzle_no_extrusion_0453.txt,nozzle_no_extrusion,1,0,nozzle_normal,1,是
train,train/images/nozzle_no_extrusion_0454.jpg,train/labels/nozzle_no_extrusion_0454.txt,nozzle_no_extrusion,1,0,nozzle_normal,1,是
train,train/images/nozzle_no_extrusion_0455.jpg,train/labels/nozzle_no_extrusion_0455.txt,nozzle_no_extrusion,1,0,nozzle_normal,1,是
train,train/images/nozzle_no_extrusion_0456.jpg,train/labels/nozzle_no_extrusion_0456.txt,nozzle_no_extrusion,1,0,nozzle_normal,1,是
train,train/images/nozzle_no_extrusion_0457.jpg,train/labels/nozzle_no_extrusion_0457.txt,nozzle_no_extrusion,1,0,nozzle_normal,1,是
train,train/images/nozzle_no_extrusion_0458.jpg,train/labels/nozzle_no_extrusion_0458.txt,nozzle_no_extrusion,1,0,nozzle_normal,1,是
train,train/images/nozzle_no_extrusion_0459.jpg,train/labels/nozzle_no_extrusion_0459.txt,nozzle_no_extrusion,1,0,nozzle_normal,1,是
train,train/images/nozzle_no_extrusion_0460.jpg,train/labels/nozzle_no_extrusion_0460.txt,nozzle_no_extrusion,1,0,nozzle_normal,1,是
train,train/images/nozzle_no_extrusion_0461.jpg,train/labels/nozzle_no_extrusion_0461.txt,nozzle_no_extrusion,1,0,nozzle_normal,1,是
train,train/images/nozzle_no_extrusion_0462.jpg,train/labels/nozzle_no_extrusion_0462.txt,nozzle_no_extrusion,1,0,nozzle_normal,1,是
train,train/images/nozzle_no_extrusion_0463.jpg,train/labels/nozzle_no_extrusion_0463.txt,nozzle_no_extrusion,1,0,nozzle_normal,1,是
train,train/images/nozzle_no_extrusion_0464.jpg,train/labels/nozzle_no_extrusion_0464.txt,nozzle_no_extrusion,1,0,nozzle_normal,1,是
train,train/images/nozzle_no_extrusion_0465.jpg,train/labels/nozzle_no_extrusion_0465.txt,nozzle_no_extrusion,1,0,nozzle_normal,1,是
train,train/images/nozzle_no_extrusion_0466.jpg,train/labels/nozzle_no_extrusion_0466.txt,nozzle_no_extrusion,1,0,nozzle_normal,1,是
train,train/images/nozzle_no_extrusion_0467.jpg,train/labels/nozzle_no_extrusion_0467.txt,nozzle_no_extrusion,1,0,nozzle_normal,1,是
train,train/images/nozzle_no_extrusion_0468.jpg,train/labels/nozzle_no_extrusion_0468.txt,nozzle_no_extrusion,1,0,nozzle_normal,1,是
train,train/images/nozzle_no_extrusion_0469.jpg,train/labels/nozzle_no_extrusion_0469.txt,nozzle_no_extrusion,1,0,nozzle_normal,1,是
train,train/images/nozzle_no_extrusion_0470.jpg,train/labels/nozzle_no_extrusion_0470.txt,nozzle_no_extrusion,1,0,nozzle_normal,1,是
train,train/images/nozzle_no_extrusion_0471.jpg,train/labels/nozzle_no_extrusion_0471.txt,nozzle_no_extrusion,1,0,nozzle_normal,1,是
train,train/images/nozzle_no_extrusion_0472.jpg,train/labels/nozzle_no_extrusion_0472.txt,nozzle_no_extrusion,1,0,nozzle_normal,1,是
train,train/images/nozzle_no_extrusion_0473.jpg,train/labels/nozzle_no_extrusion_0473.txt,nozzle_no_extrusion,1,0,nozzle_normal,1,是
train,train/images/nozzle_no_extrusion_0474.jpg,train/labels/nozzle_no_extrusion_0474.txt,nozzle_no_extrusion,1,0,nozzle_normal,1,是
train,train/images/nozzle_no_extrusion_0476.jpg,train/labels/nozzle_no_extrusion_0476.txt,nozzle_no_extrusion,1,0,nozzle_normal,1,是
train,train/images/nozzle_no_extrusion_0478.jpg,train/labels/nozzle_no_extrusion_0478.txt,nozzle_no_extrusion,1,0,nozzle_normal,1,是
train,train/images/nozzle_no_extrusion_0479.jpg,train/labels/nozzle_no_extrusion_0479.txt,nozzle_no_extrusion,1,0,nozzle_normal,1,是
train,train/images/nozzle_no_extrusion_0480.jpg,train/labels/nozzle_no_extrusion_0480.txt,nozzle_no_extrusion,1,0,nozzle_normal,1,是
train,train/images/nozzle_no_extrusion_0482.jpg,train/labels/nozzle_no_extrusion_0482.txt,nozzle_no_extrusion,1,0,nozzle_normal,1,是
train,train/images/nozzle_no_extrusion_0483.jpg,train/labels/nozzle_no_extrusion_0483.txt,nozzle_no_extrusion,1,0,nozzle_normal,1,是
train,train/images/nozzle_no_extrusion_0485.jpg,train/labels/nozzle_no_extrusion_0485.txt,nozzle_no_extrusion,1,0,nozzle_normal,1,是
train,train/images/nozzle_no_extrusion_0486.jpg,train/labels/nozzle_no_extrusion_0486.txt,nozzle_no_extrusion,1,0,nozzle_normal,1,是
train,train/images/nozzle_no_extrusion_0488.jpg,train/labels/nozzle_no_extrusion_0488.txt,nozzle_no_extrusion,1,0,nozzle_normal,1,是
train,train/images/nozzle_no_extrusion_0490.jpg,train/labels/nozzle_no_extrusion_0490.txt,nozzle_no_extrusion,1,0,nozzle_normal,1,是
train,train/images/nozzle_no_extrusion_0491.jpg,train/labels/nozzle_no_extrusion_0491.txt,nozzle_no_extrusion,1,0,nozzle_normal,1,是
train,train/images/nozzle_no_extrusion_0493.jpg,train/labels/nozzle_no_extrusion_0493.txt,nozzle_no_extrusion,1,0,nozzle_normal,1,是
train,train/images/nozzle_no_extrusion_0494.jpg,train/labels/nozzle_no_extrusion_0494.txt,nozzle_no_extrusion,1,0,nozzle_normal,1,是
train,train/images/nozzle_no_extrusion_0495.jpg,train/labels/nozzle_no_extrusion_0495.txt,nozzle_no_extrusion,1,0,nozzle_normal,1,是
train,train/images/nozzle_no_extrusion_0500.jpg,train/labels/nozzle_no_extrusion_0500.txt,nozzle_no_extrusion,1,0,nozzle_normal,1,是
train,train/images/nozzle_no_extrusion_0503.jpg,train/labels/nozzle_no_extrusion_0503.txt,nozzle_no_extrusion,1,0,nozzle_normal,1,是
train,train/images/nozzle_no_extrusion_0508.jpg,train/labels/nozzle_no_extrusion_0508.txt,nozzle_no_extrusion,1,0,nozzle_normal,1,是
train,train/images/nozzle_no_extrusion_0509.jpg,train/labels/nozzle_no_extrusion_0509.txt,nozzle_no_extrusion,1,0,nozzle_normal,1,是
train,train/images/nozzle_no_extrusion_0511.jpg,train/labels/nozzle_no_extrusion_0511.txt,nozzle_no_extrusion,1,0,nozzle_normal,1,是
train,train/images/nozzle_no_extrusion_0512.jpg,train/labels/nozzle_no_extrusion_0512.txt,nozzle_no_extrusion,1,0,nozzle_normal,1,是
train,train/images/nozzle_no_extrusion_0514.jpg,train/labels/nozzle_no_extrusion_0514.txt,nozzle_no_extrusion,1,0,nozzle_normal,1,是
train,train/images/nozzle_no_extrusion_0515.jpg,train/labels/nozzle_no_extrusion_0515.txt,nozzle_no_extrusion,1,0,nozzle_normal,1,是
train,train/images/nozzle_no_extrusion_0517.jpg,train/labels/nozzle_no_extrusion_0517.txt,nozzle_no_extrusion,1,0,nozzle_normal,1,是
train,train/images/nozzle_no_extrusion_0518.jpg,train/labels/nozzle_no_extrusion_0518.txt,nozzle_no_extrusion,1,0,nozzle_normal,1,是
train,train/images/nozzle_no_extrusion_0519.jpg,train/labels/nozzle_no_extrusion_0519.txt,nozzle_no_extrusion,1,0,nozzle_normal,1,是
train,train/images/nozzle_no_extrusion_0522.jpg,train/labels/nozzle_no_extrusion_0522.txt,nozzle_no_extrusion,1,0,nozzle_normal,1,是
train,train/images/nozzle_no_extrusion_0525.jpg,train/labels/nozzle_no_extrusion_0525.txt,nozzle_no_extrusion,1,0,nozzle_normal,1,是
train,train/images/nozzle_no_extrusion_0529.jpg,train/labels/nozzle_no_extrusion_0529.txt,nozzle_no_extrusion,1,0,nozzle_normal,1,是
train,train/images/nozzle_no_extrusion_0530.jpg,train/labels/nozzle_no_extrusion_0530.txt,nozzle_no_extrusion,1,0,nozzle_normal,1,是
train,train/images/nozzle_no_extrusion_0531.jpg,train/labels/nozzle_no_extrusion_0531.txt,nozzle_no_extrusion,1,0,nozzle_normal,1,是
train,train/images/nozzle_no_extrusion_0532.jpg,train/labels/nozzle_no_extrusion_0532.txt,nozzle_no_extrusion,1,0,nozzle_normal,1,是
train,train/images/nozzle_no_extrusion_0533.jpg,train/labels/nozzle_no_extrusion_0533.txt,nozzle_no_extrusion,1,0,nozzle_normal,1,是
train,train/images/nozzle_no_extrusion_0535.jpg,train/labels/nozzle_no_extrusion_0535.txt,nozzle_no_extrusion,1,0,nozzle_normal,1,是
train,train/images/nozzle_no_extrusion_0536.jpg,train/labels/nozzle_no_extrusion_0536.txt,nozzle_no_extrusion,1,0,nozzle_normal,1,是
train,train/images/nozzle_no_extrusion_0537.jpg,train/labels/nozzle_no_extrusion_0537.txt,nozzle_no_extrusion,1,0,nozzle_normal,1,是
train,train/images/nozzle_no_extrusion_0538.jpg,train/labels/nozzle_no_extrusion_0538.txt,nozzle_no_extrusion,1,0,nozzle_normal,1,是
train,train/images/nozzle_no_extrusion_0540.jpg,train/labels/nozzle_no_extrusion_0540.txt,nozzle_no_extrusion,1,0,nozzle_normal,1,是
train,train/images/nozzle_no_extrusion_0542.jpg,train/labels/nozzle_no_extrusion_0542.txt,nozzle_no_extrusion,1,0,nozzle_normal,1,是
train,train/images/nozzle_no_extrusion_0543.jpg,train/labels/nozzle_no_extrusion_0543.txt,nozzle_no_extrusion,1,0,nozzle_normal,1,是
train,train/images/nozzle_no_extrusion_0544.jpg,train/labels/nozzle_no_extrusion_0544.txt,nozzle_no_extrusion,1,0,nozzle_normal,1,是
train,train/images/nozzle_no_extrusion_0546.jpg,train/labels/nozzle_no_extrusion_0546.txt,nozzle_no_extrusion,1,0,nozzle_normal,1,是
train,train/images/nozzle_no_extrusion_0548.jpg,train/labels/nozzle_no_extrusion_0548.txt,nozzle_no_extrusion,1,0,nozzle_normal,1,是
train,train/images/nozzle_no_extrusion_0549.jpg,train/labels/nozzle_no_extrusion_0549.txt,nozzle_no_extrusion,1,0,nozzle_normal,1,是
train,train/images/nozzle_no_extrusion_0550.jpg,train/labels/nozzle_no_extrusion_0550.txt,nozzle_no_extrusion,1,0,nozzle_normal,1,是
train,train/images/nozzle_no_extrusion_0551.jpg,train/labels/nozzle_no_extrusion_0551.txt,nozzle_no_extrusion,1,0,nozzle_normal,1,是
train,train/images/nozzle_no_extrusion_0552.jpg,train/labels/nozzle_no_extrusion_0552.txt,nozzle_no_extrusion,1,0,nozzle_normal,1,是
train,train/images/nozzle_no_extrusion_0553.jpg,train/labels/nozzle_no_extrusion_0553.txt,nozzle_no_extrusion,1,0,nozzle_normal,1,是
train,train/images/nozzle_no_extrusion_0554.jpg,train/labels/nozzle_no_extrusion_0554.txt,nozzle_no_extrusion,1,0,nozzle_normal,1,是
train,train/images/nozzle_no_extrusion_0555.jpg,train/labels/nozzle_no_extrusion_0555.txt,nozzle_no_extrusion,1,0,nozzle_normal,1,是
train,train/images/nozzle_no_extrusion_0556.jpg,train/labels/nozzle_no_extrusion_0556.txt,nozzle_no_extrusion,1,0,nozzle_normal,1,是
train,train/images/nozzle_no_extrusion_0557.jpg,train/labels/nozzle_no_extrusion_0557.txt,nozzle_no_extrusion,1,0,nozzle_normal,1,是
train,train/images/nozzle_no_extrusion_0558.jpg,train/labels/nozzle_no_extrusion_0558.txt,nozzle_no_extrusion,1,0,nozzle_normal,1,是
train,train/images/nozzle_no_extrusion_0559.jpg,train/labels/nozzle_no_extrusion_0559.txt,nozzle_no_extrusion,1,0,nozzle_normal,1,是
train,train/images/nozzle_no_extrusion_0562.jpg,train/labels/nozzle_no_extrusion_0562.txt,nozzle_no_extrusion,1,0,nozzle_normal,1,是
train,train/images/nozzle_no_extrusion_0563.jpg,train/labels/nozzle_no_extrusion_0563.txt,nozzle_no_extrusion,1,0,nozzle_normal,1,是
train,train/images/nozzle_no_extrusion_0565.jpg,train/labels/nozzle_no_extrusion_0565.txt,nozzle_no_extrusion,1,0,nozzle_normal,1,是
train,train/images/nozzle_no_extrusion_0568.jpg,train/labels/nozzle_no_extrusion_0568.txt,nozzle_no_extrusion,1,0,nozzle_normal,1,是
train,train/images/nozzle_no_extrusion_0573.jpg,train/labels/nozzle_no_extrusion_0573.txt,nozzle_no_extrusion,1,0,nozzle_normal,1,是
train,train/images/nozzle_no_extrusion_0574.jpg,train/labels/nozzle_no_extrusion_0574.txt,nozzle_no_extrusion,1,0,nozzle_normal,1,是
train,train/images/nozzle_no_extrusion_0575.jpg,train/labels/nozzle_no_extrusion_0575.txt,nozzle_no_extrusion,1,0,nozzle_normal,1,是
train,train/images/nozzle_no_extrusion_0576.jpg,train/labels/nozzle_no_extrusion_0576.txt,nozzle_no_extrusion,1,0,nozzle_normal,1,是
train,train/images/nozzle_no_extrusion_0579.jpg,train/labels/nozzle_no_extrusion_0579.txt,nozzle_no_extrusion,1,0,nozzle_normal,1,是
train,train/images/nozzle_no_extrusion_0584.jpg,train/labels/nozzle_no_extrusion_0584.txt,nozzle_no_extrusion,1,0,nozzle_normal,1,是
train,train/images/nozzle_no_extrusion_0586.jpg,train/labels/nozzle_no_extrusion_0586.txt,nozzle_no_extrusion,1,0,nozzle_normal,1,是
train,train/images/nozzle_no_extrusion_0589.jpg,train/labels/nozzle_no_extrusion_0589.txt,nozzle_no_extrusion,1,0,nozzle_normal,1,是
train,train/images/nozzle_no_extrusion_0593.jpg,train/labels/nozzle_no_extrusion_0593.txt,nozzle_no_extrusion,1,0,nozzle_normal,1,是
train,train/images/nozzle_no_extrusion_0594.jpg,train/labels/nozzle_no_extrusion_0594.txt,nozzle_no_extrusion,1,0,nozzle_normal,1,是
train,train/images/nozzle_no_extrusion_0595.jpg,train/labels/nozzle_no_extrusion_0595.txt,nozzle_no_extrusion,1,0,nozzle_normal,1,是
train,train/images/nozzle_no_extrusion_0603.jpg,train/labels/nozzle_no_extrusion_0603.txt,nozzle_no_extrusion,1,0,nozzle_normal,1,是
train,train/images/nozzle_no_extrusion_0604.jpg,train/labels/nozzle_no_extrusion_0604.txt,nozzle_no_extrusion,1,0,nozzle_normal,1,是
train,train/images/nozzle_no_extrusion_0605.jpg,train/labels/nozzle_no_extrusion_0605.txt,nozzle_no_extrusion,1,0,nozzle_normal,1,是
train,train/images/nozzle_no_extrusion_0606.jpg,train/labels/nozzle_no_extrusion_0606.txt,nozzle_no_extrusion,1,0,nozzle_normal,1,是
train,train/images/nozzle_no_extrusion_0608.jpg,train/labels/nozzle_no_extrusion_0608.txt,nozzle_no_extrusion,1,0,nozzle_normal,1,是
train,train/images/nozzle_no_extrusion_0609.jpg,train/labels/nozzle_no_extrusion_0609.txt,nozzle_no_extrusion,1,0,nozzle_normal,1,是
train,train/images/nozzle_no_extrusion_0610.jpg,train/labels/nozzle_no_extrusion_0610.txt,nozzle_no_extrusion,1,0,nozzle_normal,1,是
train,train/images/nozzle_no_extrusion_0611.jpg,train/labels/nozzle_no_extrusion_0611.txt,nozzle_no_extrusion,1,0,nozzle_normal,1,是
train,train/images/nozzle_no_extrusion_0612.jpg,train/labels/nozzle_no_extrusion_0612.txt,nozzle_no_extrusion,1,0,nozzle_normal,1,是
train,train/images/nozzle_no_extrusion_0613.jpg,train/labels/nozzle_no_extrusion_0613.txt,nozzle_no_extrusion,1,0,nozzle_normal,1,是
train,train/images/nozzle_no_extrusion_0614.jpg,train/labels/nozzle_no_extrusion_0614.txt,nozzle_no_extrusion,1,0,nozzle_normal,1,是
train,train/images/nozzle_no_extrusion_0615.jpg,train/labels/nozzle_no_extrusion_0615.txt,nozzle_no_extrusion,1,0,nozzle_normal,1,是
train,train/images/nozzle_no_extrusion_0617.jpg,train/labels/nozzle_no_extrusion_0617.txt,nozzle_no_extrusion,1,0,nozzle_normal,1,是
train,train/images/nozzle_no_extrusion_0618.jpg,train/labels/nozzle_no_extrusion_0618.txt,nozzle_no_extrusion,1,0,nozzle_normal,1,是
train,train/images/nozzle_no_extrusion_0619.jpg,train/labels/nozzle_no_extrusion_0619.txt,nozzle_no_extrusion,1,0,nozzle_normal,1,是
train,train/images/nozzle_no_extrusion_0620.jpg,train/labels/nozzle_no_extrusion_0620.txt,nozzle_no_extrusion,1,0,nozzle_normal,1,是
train,train/images/nozzle_no_extrusion_0621.jpg,train/labels/nozzle_no_extrusion_0621.txt,nozzle_no_extrusion,1,0,nozzle_normal,1,是
train,train/images/nozzle_no_extrusion_0622.jpg,train/labels/nozzle_no_extrusion_0622.txt,nozzle_no_extrusion,1,0,nozzle_normal,1,是
train,train/images/nozzle_no_extrusion_0624.jpg,train/labels/nozzle_no_extrusion_0624.txt,nozzle_no_extrusion,1,0,nozzle_normal,1,是
train,train/images/nozzle_no_extrusion_0625.jpg,train/labels/nozzle_no_extrusion_0625.txt,nozzle_no_extrusion,1,0,nozzle_normal,1,是
train,train/images/nozzle_no_extrusion_0627.jpg,train/labels/nozzle_no_extrusion_0627.txt,nozzle_no_extrusion,1,0,nozzle_normal,1,是
train,train/images/nozzle_no_extrusion_0628.jpg,train/labels/nozzle_no_extrusion_0628.txt,nozzle_no_extrusion,1,0,nozzle_normal,1,是
train,train/images/nozzle_no_extrusion_0630.jpg,train/labels/nozzle_no_extrusion_0630.txt,nozzle_no_extrusion,1,0,nozzle_normal,1,是
train,train/images/nozzle_no_extrusion_0632.jpg,train/labels/nozzle_no_extrusion_0632.txt,nozzle_no_extrusion,1,0,nozzle_normal,1,是
train,train/images/nozzle_no_extrusion_0633.jpg,train/labels/nozzle_no_extrusion_0633.txt,nozzle_no_extrusion,1,0,nozzle_normal,1,是
train,train/images/nozzle_no_extrusion_0635.jpg,train/labels/nozzle_no_extrusion_0635.txt,nozzle_no_extrusion,1,0,nozzle_normal,1,是
train,train/images/nozzle_no_extrusion_0636.jpg,train/labels/nozzle_no_extrusion_0636.txt,nozzle_no_extrusion,1,0,nozzle_normal,1,是
train,train/images/nozzle_no_extrusion_0639.jpg,train/labels/nozzle_no_extrusion_0639.txt,nozzle_no_extrusion,1,0,nozzle_normal,1,是
train,train/images/nozzle_no_extrusion_0641.jpg,train/labels/nozzle_no_extrusion_0641.txt,nozzle_no_extrusion,1,0,nozzle_normal,1,是
train,train/images/nozzle_no_extrusion_0643.jpg,train/labels/nozzle_no_extrusion_0643.txt,nozzle_no_extrusion,1,0,nozzle_normal,1,是
train,train/images/nozzle_no_extrusion_0646.jpg,train/labels/nozzle_no_extrusion_0646.txt,nozzle_no_extrusion,1,0,nozzle_normal,1,是
train,train/images/nozzle_no_extrusion_0657.jpg,train/labels/nozzle_no_extrusion_0657.txt,nozzle_no_extrusion,1,0,nozzle_normal,1,是
train,train/images/nozzle_no_extrusion_0658.jpg,train/labels/nozzle_no_extrusion_0658.txt,nozzle_no_extrusion,1,0,nozzle_normal,1,是
train,train/images/nozzle_no_extrusion_0659.jpg,train/labels/nozzle_no_extrusion_0659.txt,nozzle_no_extrusion,1,0,nozzle_normal,1,是
train,train/images/nozzle_no_extrusion_0660.jpg,train/labels/nozzle_no_extrusion_0660.txt,nozzle_no_extrusion,1,0,nozzle_normal,1,是
train,train/images/nozzle_no_extrusion_0663.jpg,train/labels/nozzle_no_extrusion_0663.txt,nozzle_no_extrusion,1,0,nozzle_normal,1,是
train,train/images/nozzle_no_extrusion_0667.jpg,train/labels/nozzle_no_extrusion_0667.txt,nozzle_no_extrusion,1,0,nozzle_normal,1,是
train,train/images/nozzle_no_extrusion_0668.jpg,train/labels/nozzle_no_extrusion_0668.txt,nozzle_no_extrusion,1,0,nozzle_normal,1,是
train,train/images/nozzle_no_extrusion_0669.jpg,train/labels/nozzle_no_extrusion_0669.txt,nozzle_no_extrusion,1,0,nozzle_normal,1,是
train,train/images/nozzle_no_extrusion_0670.jpg,train/labels/nozzle_no_extrusion_0670.txt,nozzle_no_extrusion,1,0,nozzle_normal,1,是
train,train/images/nozzle_no_extrusion_0678.jpg,train/labels/nozzle_no_extrusion_0678.txt,nozzle_no_extrusion,1,0,nozzle_normal,1,是
train,train/images/nozzle_no_extrusion_0679.jpg,train/labels/nozzle_no_extrusion_0679.txt,nozzle_no_extrusion,1,0,nozzle_normal,1,是
train,train/images/nozzle_no_extrusion_0680.jpg,train/labels/nozzle_no_extrusion_0680.txt,nozzle_no_extrusion,1,0,nozzle_normal,1,是
train,train/images/nozzle_no_extrusion_0681.jpg,train/labels/nozzle_no_extrusion_0681.txt,nozzle_no_extrusion,1,0,nozzle_normal,1,是
train,train/images/nozzle_no_extrusion_0682.jpg,train/labels/nozzle_no_extrusion_0682.txt,nozzle_no_extrusion,1,0,nozzle_normal,1,是
train,train/images/nozzle_no_extrusion_0684.jpg,train/labels/nozzle_no_extrusion_0684.txt,nozzle_no_extrusion,1,0,nozzle_normal,1,是
train,train/images/nozzle_no_extrusion_0686.jpg,train/labels/nozzle_no_extrusion_0686.txt,nozzle_no_extrusion,1,0,nozzle_normal,1,是
train,train/images/nozzle_no_extrusion_0687.jpg,train/labels/nozzle_no_extrusion_0687.txt,nozzle_no_extrusion,1,0,nozzle_normal,1,是
train,train/images/nozzle_no_extrusion_0688.jpg,train/labels/nozzle_no_extrusion_0688.txt,nozzle_no_extrusion,1,0,nozzle_normal,1,是
train,train/images/nozzle_no_extrusion_0689.jpg,train/labels/nozzle_no_extrusion_0689.txt,nozzle_no_extrusion,1,0,nozzle_normal,1,是
train,train/images/nozzle_no_extrusion_0690.jpg,train/labels/nozzle_no_extrusion_0690.txt,nozzle_no_extrusion,1,0,nozzle_normal,1,是
train,train/images/nozzle_no_extrusion_0691.jpg,train/labels/nozzle_no_extrusion_0691.txt,nozzle_no_extrusion,1,0,nozzle_normal,1,是
train,train/images/nozzle_no_extrusion_0693.jpg,train/labels/nozzle_no_extrusion_0693.txt,nozzle_no_extrusion,1,0,nozzle_normal,1,是
train,train/images/nozzle_no_extrusion_0694.jpg,train/labels/nozzle_no_extrusion_0694.txt,nozzle_no_extrusion,1,0,nozzle_normal,1,是
train,train/images/nozzle_no_extrusion_0696.jpg,train/labels/nozzle_no_extrusion_0696.txt,nozzle_no_extrusion,1,0,nozzle_normal,1,是
train,train/images/nozzle_no_extrusion_0697.jpg,train/labels/nozzle_no_extrusion_0697.txt,nozzle_no_extrusion,1,0,nozzle_normal,1,是
train,train/images/nozzle_no_extrusion_0698.jpg,train/labels/nozzle_no_extrusion_0698.txt,nozzle_no_extrusion,1,0,nozzle_normal,1,是
train,train/images/nozzle_no_extrusion_0699.jpg,train/labels/nozzle_no_extrusion_0699.txt,nozzle_no_extrusion,1,0,nozzle_normal,1,是
train,train/images/nozzle_no_extrusion_0700.jpg,train/labels/nozzle_no_extrusion_0700.txt,nozzle_no_extrusion,1,0,nozzle_normal,1,是
train,train/images/nozzle_no_extrusion_0701.jpg,train/labels/nozzle_no_extrusion_0701.txt,nozzle_no_extrusion,1,0,nozzle_normal,1,是
train,train/images/nozzle_no_extrusion_0702.jpg,train/labels/nozzle_no_extrusion_0702.txt,nozzle_no_extrusion,1,0,nozzle_normal,1,是
train,train/images/nozzle_no_extrusion_0703.jpg,train/labels/nozzle_no_extrusion_0703.txt,nozzle_no_extrusion,1,0,nozzle_normal,1,是
train,train/images/nozzle_no_extrusion_0706.jpg,train/labels/nozzle_no_extrusion_0706.txt,nozzle_no_extrusion,1,0,nozzle_normal,1,是
train,train/images/nozzle_no_extrusion_0707.jpg,train/labels/nozzle_no_extrusion_0707.txt,nozzle_no_extrusion,1,0,nozzle_normal,1,是
train,train/images/nozzle_no_extrusion_0708.jpg,train/labels/nozzle_no_extrusion_0708.txt,nozzle_no_extrusion,1,0,nozzle_normal,1,是
train,train/images/nozzle_no_extrusion_0709.jpg,train/labels/nozzle_no_extrusion_0709.txt,nozzle_no_extrusion,1,0,nozzle_normal,1,是
train,train/images/nozzle_no_extrusion_0710.jpg,train/labels/nozzle_no_extrusion_0710.txt,nozzle_no_extrusion,1,0,nozzle_normal,1,是
train,train/images/nozzle_no_extrusion_0714.jpg,train/labels/nozzle_no_extrusion_0714.txt,nozzle_no_extrusion,1,0,nozzle_normal,1,是
train,train/images/nozzle_no_extrusion_0715.jpg,train/labels/nozzle_no_extrusion_0715.txt,nozzle_no_extrusion,1,0,nozzle_normal,1,是
train,train/images/nozzle_no_extrusion_0718.jpg,train/labels/nozzle_no_extrusion_0718.txt,nozzle_no_extrusion,1,0,nozzle_normal,1,是
train,train/images/nozzle_no_extrusion_0719.jpg,train/labels/nozzle_no_extrusion_0719.txt,nozzle_no_extrusion,1,0,nozzle_normal,1,是
train,train/images/nozzle_no_extrusion_0720.jpg,train/labels/nozzle_no_extrusion_0720.txt,nozzle_no_extrusion,1,0,nozzle_normal,1,是
train,train/images/nozzle_no_extrusion_0722.jpg,train/labels/nozzle_no_extrusion_0722.txt,nozzle_no_extrusion,1,0,nozzle_normal,1,是
train,train/images/nozzle_no_extrusion_0723.jpg,train/labels/nozzle_no_extrusion_0723.txt,nozzle_no_extrusion,1,0,nozzle_normal,1,是
train,train/images/nozzle_no_extrusion_0724.jpg,train/labels/nozzle_no_extrusion_0724.txt,nozzle_no_extrusion,1,0,nozzle_normal,1,是
train,train/images/nozzle_no_extrusion_0726.jpg,train/labels/nozzle_no_extrusion_0726.txt,nozzle_no_extrusion,1,0,nozzle_normal,1,是
train,train/images/nozzle_no_extrusion_0728.jpg,train/labels/nozzle_no_extrusion_0728.txt,nozzle_no_extrusion,1,0,nozzle_normal,1,是
train,train/images/nozzle_no_extrusion_0729.jpg,train/labels/nozzle_no_extrusion_0729.txt,nozzle_no_extrusion,1,0,nozzle_normal,1,是
train,train/images/nozzle_no_extrusion_0731.jpg,train/labels/nozzle_no_extrusion_0731.txt,nozzle_no_extrusion,1,0,nozzle_normal,1,是
train,train/images/nozzle_no_extrusion_0733.jpg,train/labels/nozzle_no_extrusion_0733.txt,nozzle_no_extrusion,1,0,nozzle_normal,1,是
train,train/images/nozzle_no_extrusion_0735.jpg,train/labels/nozzle_no_extrusion_0735.txt,nozzle_no_extrusion,1,0,nozzle_normal,1,是
train,train/images/nozzle_no_extrusion_0737.jpg,train/labels/nozzle_no_extrusion_0737.txt,nozzle_no_extrusion,1,0,nozzle_normal,1,是
train,train/images/nozzle_no_extrusion_0739.jpg,train/labels/nozzle_no_extrusion_0739.txt,nozzle_no_extrusion,1,0,nozzle_normal,1,是
train,train/images/nozzle_no_extrusion_0740.jpg,train/labels/nozzle_no_extrusion_0740.txt,nozzle_no_extrusion,1,0,nozzle_normal,1,是
train,train/images/nozzle_no_extrusion_0742.jpg,train/labels/nozzle_no_extrusion_0742.txt,nozzle_no_extrusion,1,0,nozzle_normal,1,是
train,train/images/nozzle_no_extrusion_0743.jpg,train/labels/nozzle_no_extrusion_0743.txt,nozzle_no_extrusion,1,0,nozzle_normal,1,是
train,train/images/nozzle_no_extrusion_0744.jpg,train/labels/nozzle_no_extrusion_0744.txt,nozzle_no_extrusion,1,0,nozzle_normal,1,是
train,train/images/nozzle_no_extrusion_0745.jpg,train/labels/nozzle_no_extrusion_0745.txt,nozzle_no_extrusion,1,0,nozzle_normal,1,是
train,train/images/nozzle_no_extrusion_0746.jpg,train/labels/nozzle_no_extrusion_0746.txt,nozzle_no_extrusion,1,0,nozzle_normal,1,是
train,train/images/nozzle_no_extrusion_0747.jpg,train/labels/nozzle_no_extrusion_0747.txt,nozzle_no_extrusion,1,0,nozzle_normal,1,是
train,train/images/nozzle_no_extrusion_0749.jpg,train/labels/nozzle_no_extrusion_0749.txt,nozzle_no_extrusion,1,0,nozzle_normal,1,是
train,train/images/nozzle_no_extrusion_0750.jpg,train/labels/nozzle_no_extrusion_0750.txt,nozzle_no_extrusion,1,0,nozzle_normal,1,是
train,train/images/nozzle_no_extrusion_0751.jpg,train/labels/nozzle_no_extrusion_0751.txt,nozzle_no_extrusion,1,0,nozzle_normal,1,是
train,train/images/nozzle_no_extrusion_0752.jpg,train/labels/nozzle_no_extrusion_0752.txt,nozzle_no_extrusion,1,0,nozzle_normal,1,是
train,train/images/nozzle_no_extrusion_0753.jpg,train/labels/nozzle_no_extrusion_0753.txt,nozzle_no_extrusion,1,0,nozzle_normal,1,是
train,train/images/nozzle_no_extrusion_0754.jpg,train/labels/nozzle_no_extrusion_0754.txt,nozzle_no_extrusion,1,0,nozzle_normal,1,是
train,train/images/nozzle_no_extrusion_0755.jpg,train/labels/nozzle_no_extrusion_0755.txt,nozzle_no_extrusion,1,0,nozzle_normal,1,是
train,train/images/nozzle_no_extrusion_0756.jpg,train/labels/nozzle_no_extrusion_0756.txt,nozzle_no_extrusion,1,0,nozzle_normal,1,是
train,train/images/nozzle_no_extrusion_0757.jpg,train/labels/nozzle_no_extrusion_0757.txt,nozzle_no_extrusion,1,0,nozzle_normal,1,是
train,train/images/nozzle_no_extrusion_0758.jpg,train/labels/nozzle_no_extrusion_0758.txt,nozzle_no_extrusion,1,0,nozzle_normal,1,是
train,train/images/nozzle_no_extrusion_0760.jpg,train/labels/nozzle_no_extrusion_0760.txt,nozzle_no_extrusion,1,0,nozzle_normal,1,是
train,train/images/nozzle_no_extrusion_0765.jpg,train/labels/nozzle_no_extrusion_0765.txt,nozzle_no_extrusion,1,0,nozzle_normal,1,是
train,train/images/nozzle_no_extrusion_0768.jpg,train/labels/nozzle_no_extrusion_0768.txt,nozzle_no_extrusion,1,0,nozzle_normal,1,是
train,train/images/nozzle_no_extrusion_0769.jpg,train/labels/nozzle_no_extrusion_0769.txt,nozzle_no_extrusion,1,0,nozzle_normal,1,是
train,train/images/nozzle_no_extrusion_0771.jpg,train/labels/nozzle_no_extrusion_0771.txt,nozzle_no_extrusion,1,0,nozzle_normal,1,是
train,train/images/nozzle_no_extrusion_0773.jpg,train/labels/nozzle_no_extrusion_0773.txt,nozzle_no_extrusion,1,0,nozzle_normal,1,是
train,train/images/nozzle_no_extrusion_0774.jpg,train/labels/nozzle_no_extrusion_0774.txt,nozzle_no_extrusion,1,0,nozzle_normal,1,是
train,train/images/nozzle_no_extrusion_0776.jpg,train/labels/nozzle_no_extrusion_0776.txt,nozzle_no_extrusion,1,0,nozzle_normal,1,是
train,train/images/nozzle_no_extrusion_0779.jpg,train/labels/nozzle_no_extrusion_0779.txt,nozzle_no_extrusion,1,0,nozzle_normal,1,是
train,train/images/nozzle_no_extrusion_0783.jpg,train/labels/nozzle_no_extrusion_0783.txt,nozzle_no_extrusion,1,0,nozzle_normal,1,是
train,train/images/nozzle_no_extrusion_0784.jpg,train/labels/nozzle_no_extrusion_0784.txt,nozzle_no_extrusion,1,0,nozzle_normal,1,是
train,train/images/nozzle_no_extrusion_0788.jpg,train/labels/nozzle_no_extrusion_0788.txt,nozzle_no_extrusion,1,0,nozzle_normal,1,是
train,train/images/nozzle_no_extrusion_0790.jpg,train/labels/nozzle_no_extrusion_0790.txt,nozzle_no_extrusion,1,0,nozzle_normal,1,是
train,train/images/nozzle_no_extrusion_0791.jpg,train/labels/nozzle_no_extrusion_0791.txt,nozzle_no_extrusion,1,0,nozzle_normal,1,是
train,train/images/nozzle_no_extrusion_0792.jpg,train/labels/nozzle_no_extrusion_0792.txt,nozzle_no_extrusion,1,0,nozzle_normal,1,是
train,train/images/nozzle_no_extrusion_0793.jpg,train/labels/nozzle_no_extrusion_0793.txt,nozzle_no_extrusion,1,0,nozzle_normal,1,是
train,train/images/nozzle_no_extrusion_0794.jpg,train/labels/nozzle_no_extrusion_0794.txt,nozzle_no_extrusion,1,0,nozzle_normal,1,是
train,train/images/nozzle_no_extrusion_0795.jpg,train/labels/nozzle_no_extrusion_0795.txt,nozzle_no_extrusion,1,0,nozzle_normal,1,是
train,train/images/nozzle_no_extrusion_0796.jpg,train/labels/nozzle_no_extrusion_0796.txt,nozzle_no_extrusion,1,0,nozzle_normal,1,是
train,train/images/nozzle_no_extrusion_0797.jpg,train/labels/nozzle_no_extrusion_0797.txt,nozzle_no_extrusion,1,0,nozzle_normal,1,是
train,train/images/nozzle_no_extrusion_0798.jpg,train/labels/nozzle_no_extrusion_0798.txt,nozzle_no_extrusion,1,0,nozzle_normal,1,是
train,train/images/nozzle_no_extrusion_0799.jpg,train/labels/nozzle_no_extrusion_0799.txt,nozzle_no_extrusion,1,0,nozzle_normal,1,是
train,train/images/nozzle_no_extrusion_0800.jpg,train/labels/nozzle_no_extrusion_0800.txt,nozzle_no_extrusion,1,0,nozzle_normal,1,是
train,train/images/nozzle_no_extrusion_0803.jpg,train/labels/nozzle_no_extrusion_0803.txt,nozzle_no_extrusion,1,0,nozzle_normal,1,是
train,train/images/nozzle_no_extrusion_0806.jpg,train/labels/nozzle_no_extrusion_0806.txt,nozzle_no_extrusion,1,0,nozzle_normal,1,是
train,train/images/nozzle_no_extrusion_0809.jpg,train/labels/nozzle_no_extrusion_0809.txt,nozzle_no_extrusion,1,0,nozzle_normal,1,是
train,train/images/nozzle_no_extrusion_0815.jpg,train/labels/nozzle_no_extrusion_0815.txt,nozzle_no_extrusion,1,0,nozzle_normal,1,是
train,train/images/nozzle_no_extrusion_0816.jpg,train/labels/nozzle_no_extrusion_0816.txt,nozzle_no_extrusion,1,0,nozzle_normal,1,是
train,train/images/nozzle_no_extrusion_0817.jpg,train/labels/nozzle_no_extrusion_0817.txt,nozzle_no_extrusion,1,0,nozzle_normal,1,是
train,train/images/nozzle_no_extrusion_0818.jpg,train/labels/nozzle_no_extrusion_0818.txt,nozzle_no_extrusion,1,0,nozzle_normal,1,是
train,train/images/nozzle_no_extrusion_0819.jpg,train/labels/nozzle_no_extrusion_0819.txt,nozzle_no_extrusion,1,0,nozzle_normal,1,是
train,train/images/nozzle_no_extrusion_0820.jpg,train/labels/nozzle_no_extrusion_0820.txt,nozzle_no_extrusion,1,0,nozzle_normal,1,是
train,train/images/nozzle_no_extrusion_0821.jpg,train/labels/nozzle_no_extrusion_0821.txt,nozzle_no_extrusion,1,0,nozzle_normal,1,是
train,train/images/nozzle_no_extrusion_0822.jpg,train/labels/nozzle_no_extrusion_0822.txt,nozzle_no_extrusion,1,0,nozzle_normal,1,是
train,train/images/nozzle_no_extrusion_0823.jpg,train/labels/nozzle_no_extrusion_0823.txt,nozzle_no_extrusion,1,0,nozzle_normal,1,是
train,train/images/nozzle_no_extrusion_0827.jpg,train/labels/nozzle_no_extrusion_0827.txt,nozzle_no_extrusion,1,0,nozzle_normal,1,是
train,train/images/nozzle_no_extrusion_0828.jpg,train/labels/nozzle_no_extrusion_0828.txt,nozzle_no_extrusion,1,0,nozzle_normal,1,是
train,train/images/nozzle_no_extrusion_0829.jpg,train/labels/nozzle_no_extrusion_0829.txt,nozzle_no_extrusion,1,0,nozzle_normal,1,是
train,train/images/nozzle_no_extrusion_0830.jpg,train/labels/nozzle_no_extrusion_0830.txt,nozzle_no_extrusion,1,0,nozzle_normal,1,是
train,train/images/nozzle_no_extrusion_0831.jpg,train/labels/nozzle_no_extrusion_0831.txt,nozzle_no_extrusion,1,0,nozzle_normal,1,是
train,train/images/nozzle_no_extrusion_0835.jpg,train/labels/nozzle_no_extrusion_0835.txt,nozzle_no_extrusion,1,0,nozzle_normal,1,是
train,train/images/nozzle_no_extrusion_0837.jpg,train/labels/nozzle_no_extrusion_0837.txt,nozzle_no_extrusion,1,0,nozzle_normal,1,是
train,train/images/nozzle_no_extrusion_0839.jpg,train/labels/nozzle_no_extrusion_0839.txt,nozzle_no_extrusion,1,0,nozzle_normal,1,是
train,train/images/nozzle_no_extrusion_0841.jpg,train/labels/nozzle_no_extrusion_0841.txt,nozzle_no_extrusion,1,0,nozzle_normal,1,是
train,train/images/nozzle_no_extrusion_0842.jpg,train/labels/nozzle_no_extrusion_0842.txt,nozzle_no_extrusion,1,0,nozzle_normal,1,是
train,train/images/nozzle_no_extrusion_0844.jpg,train/labels/nozzle_no_extrusion_0844.txt,nozzle_no_extrusion,1,0,nozzle_normal,1,是
train,train/images/nozzle_no_extrusion_0846.jpg,train/labels/nozzle_no_extrusion_0846.txt,nozzle_no_extrusion,1,0,nozzle_normal,1,是
train,train/images/nozzle_no_extrusion_0848.jpg,train/labels/nozzle_no_extrusion_0848.txt,nozzle_no_extrusion,1,0,nozzle_normal,1,是
train,train/images/nozzle_no_extrusion_0849.jpg,train/labels/nozzle_no_extrusion_0849.txt,nozzle_no_extrusion,1,0,nozzle_normal,1,是
train,train/images/nozzle_no_extrusion_0851.jpg,train/labels/nozzle_no_extrusion_0851.txt,nozzle_no_extrusion,1,0,nozzle_normal,1,是
train,train/images/nozzle_no_extrusion_0853.jpg,train/labels/nozzle_no_extrusion_0853.txt,nozzle_no_extrusion,1,0,nozzle_normal,1,是
train,train/images/nozzle_no_extrusion_0855.jpg,train/labels/nozzle_no_extrusion_0855.txt,nozzle_no_extrusion,1,0,nozzle_normal,1,是
train,train/images/nozzle_no_extrusion_0856.jpg,train/labels/nozzle_no_extrusion_0856.txt,nozzle_no_extrusion,1,0,nozzle_normal,1,是
train,train/images/nozzle_no_extrusion_0857.jpg,train/labels/nozzle_no_extrusion_0857.txt,nozzle_no_extrusion,1,0,nozzle_normal,1,是
train,train/images/nozzle_no_extrusion_0858.jpg,train/labels/nozzle_no_extrusion_0858.txt,nozzle_no_extrusion,1,0,nozzle_normal,1,是
train,train/images/nozzle_no_extrusion_0859.jpg,train/labels/nozzle_no_extrusion_0859.txt,nozzle_no_extrusion,1,0,nozzle_normal,1,是
train,train/images/nozzle_no_extrusion_0860.jpg,train/labels/nozzle_no_extrusion_0860.txt,nozzle_no_extrusion,1,0,nozzle_normal,1,是
train,train/images/nozzle_no_extrusion_0861.jpg,train/labels/nozzle_no_extrusion_0861.txt,nozzle_no_extrusion,1,0,nozzle_normal,1,是
train,train/images/nozzle_no_extrusion_0864.jpg,train/labels/nozzle_no_extrusion_0864.txt,nozzle_no_extrusion,1,0,nozzle_normal,1,是
train,train/images/nozzle_no_extrusion_0867.jpg,train/labels/nozzle_no_extrusion_0867.txt,nozzle_no_extrusion,1,0,nozzle_normal,1,是
train,train/images/nozzle_no_extrusion_0870.jpg,train/labels/nozzle_no_extrusion_0870.txt,nozzle_no_extrusion,1,0,nozzle_normal,1,是
train,train/images/nozzle_no_extrusion_0871.jpg,train/labels/nozzle_no_extrusion_0871.txt,nozzle_no_extrusion,1,0,nozzle_normal,1,是
train,train/images/nozzle_no_extrusion_0872.jpg,train/labels/nozzle_no_extrusion_0872.txt,nozzle_no_extrusion,1,0,nozzle_normal,1,是
train,train/images/nozzle_no_extrusion_0873.jpg,train/labels/nozzle_no_extrusion_0873.txt,nozzle_no_extrusion,1,0,nozzle_normal,1,是
train,train/images/nozzle_no_extrusion_0876.jpg,train/labels/nozzle_no_extrusion_0876.txt,nozzle_no_extrusion,1,0,nozzle_normal,1,是
train,train/images/nozzle_no_extrusion_0878.jpg,train/labels/nozzle_no_extrusion_0878.txt,nozzle_no_extrusion,1,0,nozzle_normal,1,是
train,train/images/nozzle_no_extrusion_0880.jpg,train/labels/nozzle_no_extrusion_0880.txt,nozzle_no_extrusion,1,0,nozzle_normal,1,是
train,train/images/nozzle_no_extrusion_0883.jpg,train/labels/nozzle_no_extrusion_0883.txt,nozzle_no_extrusion,1,0,nozzle_normal,1,是
train,train/images/nozzle_no_extrusion_0884.jpg,train/labels/nozzle_no_extrusion_0884.txt,nozzle_no_extrusion,1,0,nozzle_normal,1,是
train,train/images/nozzle_no_extrusion_0885.jpg,train/labels/nozzle_no_extrusion_0885.txt,nozzle_no_extrusion,1,0,nozzle_normal,1,是
train,train/images/nozzle_no_extrusion_0886.jpg,train/labels/nozzle_no_extrusion_0886.txt,nozzle_no_extrusion,1,0,nozzle_normal,1,是
train,train/images/nozzle_no_extrusion_0887.jpg,train/labels/nozzle_no_extrusion_0887.txt,nozzle_no_extrusion,1,0,nozzle_normal,1,是
train,train/images/nozzle_no_extrusion_0888.jpg,train/labels/nozzle_no_extrusion_0888.txt,nozzle_no_extrusion,1,0,nozzle_normal,1,是
train,train/images/nozzle_no_extrusion_0889.jpg,train/labels/nozzle_no_extrusion_0889.txt,nozzle_no_extrusion,1,0,nozzle_normal,1,是
train,train/images/nozzle_no_extrusion_0890.jpg,train/labels/nozzle_no_extrusion_0890.txt,nozzle_no_extrusion,1,0,nozzle_normal,1,是
train,train/images/nozzle_no_extrusion_0891.jpg,train/labels/nozzle_no_extrusion_0891.txt,nozzle_no_extrusion,1,0,nozzle_normal,1,是
train,train/images/nozzle_no_extrusion_0892.jpg,train/labels/nozzle_no_extrusion_0892.txt,nozzle_no_extrusion,1,0,nozzle_normal,1,是
train,train/images/nozzle_no_extrusion_0893.jpg,train/labels/nozzle_no_extrusion_0893.txt,nozzle_no_extrusion,1,0,nozzle_normal,1,是
train,train/images/nozzle_no_extrusion_0897.jpg,train/labels/nozzle_no_extrusion_0897.txt,nozzle_no_extrusion,1,0,nozzle_normal,1,是
train,train/images/nozzle_no_extrusion_0904.jpg,train/labels/nozzle_no_extrusion_0904.txt,nozzle_no_extrusion,1,0,nozzle_normal,1,是
train,train/images/nozzle_no_extrusion_0905.jpg,train/labels/nozzle_no_extrusion_0905.txt,nozzle_no_extrusion,1,0,nozzle_normal,1,是
train,train/images/nozzle_no_extrusion_0906.jpg,train/labels/nozzle_no_extrusion_0906.txt,nozzle_no_extrusion,1,0,nozzle_normal,1,是
train,train/images/nozzle_no_extrusion_0907.jpg,train/labels/nozzle_no_extrusion_0907.txt,nozzle_no_extrusion,1,0,nozzle_normal,1,是
train,train/images/nozzle_no_extrusion_0908.jpg,train/labels/nozzle_no_extrusion_0908.txt,nozzle_no_extrusion,1,0,nozzle_normal,1,是
train,train/images/nozzle_no_extrusion_0909.jpg,train/labels/nozzle_no_extrusion_0909.txt,nozzle_no_extrusion,1,0,nozzle_normal,1,是
train,train/images/nozzle_no_extrusion_0910.jpg,train/labels/nozzle_no_extrusion_0910.txt,nozzle_no_extrusion,1,0,nozzle_normal,1,是
train,train/images/nozzle_no_extrusion_0911.jpg,train/labels/nozzle_no_extrusion_0911.txt,nozzle_no_extrusion,1,0,nozzle_normal,1,是
train,train/images/nozzle_no_extrusion_0913.jpg,train/labels/nozzle_no_extrusion_0913.txt,nozzle_no_extrusion,1,0,nozzle_normal,1,是
train,train/images/nozzle_no_extrusion_0914.jpg,train/labels/nozzle_no_extrusion_0914.txt,nozzle_no_extrusion,1,0,nozzle_normal,1,是
train,train/images/nozzle_slight_contamination_0001.jpg,train/labels/nozzle_slight_contamination_0001.txt,nozzle_slight_contamination,1,1,nozzle_abnormal,1,是
train,train/images/nozzle_slight_contamination_0005.jpg,train/labels/nozzle_slight_contamination_0005.txt,nozzle_slight_contamination,1,1,nozzle_abnormal,1,是
train,train/images/nozzle_slight_contamination_0006.jpg,train/labels/nozzle_slight_contamination_0006.txt,nozzle_slight_contamination,1,1,nozzle_abnormal,1,是
train,train/images/nozzle_slight_contamination_0007.jpg,train/labels/nozzle_slight_contamination_0007.txt,nozzle_slight_contamination,1,1,nozzle_abnormal,1,是
train,train/images/nozzle_tip_wrapped_0001.jpg,train/labels/nozzle_tip_wrapped_0001.txt,nozzle_tip_wrapped,0,1,nozzle_abnormal,1,是
train,train/images/nozzle_tip_wrapped_0002.jpg,train/labels/nozzle_tip_wrapped_0002.txt,nozzle_tip_wrapped,0,1,nozzle_abnormal,1,是
train,train/images/nozzle_tip_wrapped_0004.jpg,train/labels/nozzle_tip_wrapped_0004.txt,nozzle_tip_wrapped,0,1,nozzle_abnormal,1,是
train,train/images/nozzle_tip_wrapped_0005.jpg,train/labels/nozzle_tip_wrapped_0005.txt,nozzle_tip_wrapped,0,1,nozzle_abnormal,1,是
train,train/images/nozzle_tip_wrapped_0006.jpg,train/labels/nozzle_tip_wrapped_0006.txt,nozzle_tip_wrapped,0,1,nozzle_abnormal,1,是
train,train/images/nozzle_tip_wrapped_0007.jpg,train/labels/nozzle_tip_wrapped_0007.txt,nozzle_tip_wrapped,0,1,nozzle_abnormal,1,是
train,train/images/nozzle_tip_wrapped_0009.jpg,train/labels/nozzle_tip_wrapped_0009.txt,nozzle_tip_wrapped,0,1,nozzle_abnormal,1,是
train,train/images/nozzle_tip_wrapped_0010.jpg,train/labels/nozzle_tip_wrapped_0010.txt,nozzle_tip_wrapped,0,1,nozzle_abnormal,1,是
train,train/images/nozzle_tip_wrapped_0011.jpg,train/labels/nozzle_tip_wrapped_0011.txt,nozzle_tip_wrapped,0,1,nozzle_abnormal,1,是
train,train/images/nozzle_tip_wrapped_0014.jpg,train/labels/nozzle_tip_wrapped_0014.txt,nozzle_tip_wrapped,0,1,nozzle_abnormal,1,是
train,train/images/nozzle_tip_wrapped_0015.jpg,train/labels/nozzle_tip_wrapped_0015.txt,nozzle_tip_wrapped,0,1,nozzle_abnormal,1,是
train,train/images/nozzle_tip_wrapped_0018.jpg,train/labels/nozzle_tip_wrapped_0018.txt,nozzle_tip_wrapped,0,1,nozzle_abnormal,1,是
train,train/images/nozzle_tip_wrapped_0021.jpg,train/labels/nozzle_tip_wrapped_0021.txt,nozzle_tip_wrapped,0,1,nozzle_abnormal,1,是
train,train/images/nozzle_tip_wrapped_0022.jpg,train/labels/nozzle_tip_wrapped_0022.txt,nozzle_tip_wrapped,0,1,nozzle_abnormal,1,是
train,train/images/nozzle_tip_wrapped_0025.jpg,train/labels/nozzle_tip_wrapped_0025.txt,nozzle_tip_wrapped,0,1,nozzle_abnormal,1,是
train,train/images/nozzle_tip_wrapped_0027.jpg,train/labels/nozzle_tip_wrapped_0027.txt,nozzle_tip_wrapped,0,1,nozzle_abnormal,1,是
train,train/images/nozzle_tip_wrapped_0030.jpg,train/labels/nozzle_tip_wrapped_0030.txt,nozzle_tip_wrapped,0,1,nozzle_abnormal,1,是
train,train/images/nozzle_tip_wrapped_0031.jpg,train/labels/nozzle_tip_wrapped_0031.txt,nozzle_tip_wrapped,0,1,nozzle_abnormal,1,是
train,train/images/nozzle_tip_wrapped_0032.jpg,train/labels/nozzle_tip_wrapped_0032.txt,nozzle_tip_wrapped,0,1,nozzle_abnormal,1,是
train,train/images/nozzle_tip_wrapped_0033.jpg,train/labels/nozzle_tip_wrapped_0033.txt,nozzle_tip_wrapped,0,1,nozzle_abnormal,1,是
train,train/images/nozzle_tip_wrapped_0034.jpg,train/labels/nozzle_tip_wrapped_0034.txt,nozzle_tip_wrapped,0,1,nozzle_abnormal,1,是
train,train/images/nozzle_tip_wrapped_0035.jpg,train/labels/nozzle_tip_wrapped_0035.txt,nozzle_tip_wrapped,0,1,nozzle_abnormal,1,是
train,train/images/nozzle_tip_wrapped_0036.jpg,train/labels/nozzle_tip_wrapped_0036.txt,nozzle_tip_wrapped,0,1,nozzle_abnormal,1,是
train,train/images/nozzle_tip_wrapped_0039.jpg,train/labels/nozzle_tip_wrapped_0039.txt,nozzle_tip_wrapped,0,1,nozzle_abnormal,1,是
train,train/images/nozzle_tip_wrapped_0040.jpg,train/labels/nozzle_tip_wrapped_0040.txt,nozzle_tip_wrapped,0,1,nozzle_abnormal,1,是
train,train/images/nozzle_tip_wrapped_0041.jpg,train/labels/nozzle_tip_wrapped_0041.txt,nozzle_tip_wrapped,0,1,nozzle_abnormal,1,是
train,train/images/nozzle_tip_wrapped_0043.jpg,train/labels/nozzle_tip_wrapped_0043.txt,nozzle_tip_wrapped,0,1,nozzle_abnormal,1,是
train,train/images/nozzle_tip_wrapped_0044.jpg,train/labels/nozzle_tip_wrapped_0044.txt,nozzle_tip_wrapped,0,1,nozzle_abnormal,1,是
train,train/images/nozzle_tip_wrapped_0045.jpg,train/labels/nozzle_tip_wrapped_0045.txt,nozzle_tip_wrapped,0,1,nozzle_abnormal,1,是
train,train/images/nozzle_tip_wrapped_0046.jpg,train/labels/nozzle_tip_wrapped_0046.txt,nozzle_tip_wrapped,0,1,nozzle_abnormal,1,是
train,train/images/nozzle_tip_wrapped_0047.jpg,train/labels/nozzle_tip_wrapped_0047.txt,nozzle_tip_wrapped,0,1,nozzle_abnormal,1,是
train,train/images/nozzle_tip_wrapped_0048.jpg,train/labels/nozzle_tip_wrapped_0048.txt,nozzle_tip_wrapped,0,1,nozzle_abnormal,1,是
train,train/images/nozzle_tip_wrapped_0049.jpg,train/labels/nozzle_tip_wrapped_0049.txt,nozzle_tip_wrapped,0,1,nozzle_abnormal,1,是
train,train/images/nozzle_tip_wrapped_0050.jpg,train/labels/nozzle_tip_wrapped_0050.txt,nozzle_tip_wrapped,0,1,nozzle_abnormal,1,是
train,train/images/nozzle_tip_wrapped_0051.jpg,train/labels/nozzle_tip_wrapped_0051.txt,nozzle_tip_wrapped,0,1,nozzle_abnormal,1,是
train,train/images/nozzle_tip_wrapped_0052.jpg,train/labels/nozzle_tip_wrapped_0052.txt,nozzle_tip_wrapped,0,1,nozzle_abnormal,1,是
train,train/images/nozzle_tip_wrapped_0053.jpg,train/labels/nozzle_tip_wrapped_0053.txt,nozzle_tip_wrapped,0,1,nozzle_abnormal,1,是
train,train/images/nozzle_tip_wrapped_0054.jpg,train/labels/nozzle_tip_wrapped_0054.txt,nozzle_tip_wrapped,0,1,nozzle_abnormal,1,是
train,train/images/nozzle_tip_wrapped_0055.jpg,train/labels/nozzle_tip_wrapped_0055.txt,nozzle_tip_wrapped,0,1,nozzle_abnormal,1,是
train,train/images/nozzle_tip_wrapped_0056.jpg,train/labels/nozzle_tip_wrapped_0056.txt,nozzle_tip_wrapped,0,1,nozzle_abnormal,1,是
train,train/images/nozzle_tip_wrapped_0057.jpg,train/labels/nozzle_tip_wrapped_0057.txt,nozzle_tip_wrapped,0,1,nozzle_abnormal,1,是
train,train/images/nozzle_tip_wrapped_0058.jpg,train/labels/nozzle_tip_wrapped_0058.txt,nozzle_tip_wrapped,0,1,nozzle_abnormal,1,是
train,train/images/nozzle_tip_wrapped_0059.jpg,train/labels/nozzle_tip_wrapped_0059.txt,nozzle_tip_wrapped,0,1,nozzle_abnormal,1,是
train,train/images/nozzle_tip_wrapped_0060.jpg,train/labels/nozzle_tip_wrapped_0060.txt,nozzle_tip_wrapped,0,1,nozzle_abnormal,1,是
train,train/images/nozzle_tip_wrapped_0061.jpg,train/labels/nozzle_tip_wrapped_0061.txt,nozzle_tip_wrapped,0,1,nozzle_abnormal,1,是
train,train/images/nozzle_tip_wrapped_0063.jpg,train/labels/nozzle_tip_wrapped_0063.txt,nozzle_tip_wrapped,0,1,nozzle_abnormal,1,是
train,train/images/nozzle_tip_wrapped_0065.jpg,train/labels/nozzle_tip_wrapped_0065.txt,nozzle_tip_wrapped,0,1,nozzle_abnormal,1,是
train,train/images/nozzle_tip_wrapped_0066.jpg,train/labels/nozzle_tip_wrapped_0066.txt,nozzle_tip_wrapped,0,1,nozzle_abnormal,1,是
train,train/images/nozzle_tip_wrapped_0067.jpg,train/labels/nozzle_tip_wrapped_0067.txt,nozzle_tip_wrapped,0,1,nozzle_abnormal,1,是
train,train/images/nozzle_tip_wrapped_0068.jpg,train/labels/nozzle_tip_wrapped_0068.txt,nozzle_tip_wrapped,0,1,nozzle_abnormal,1,是
train,train/images/nozzle_tip_wrapped_0069.jpg,train/labels/nozzle_tip_wrapped_0069.txt,nozzle_tip_wrapped,0,1,nozzle_abnormal,1,是
train,train/images/nozzle_tip_wrapped_0070.jpg,train/labels/nozzle_tip_wrapped_0070.txt,nozzle_tip_wrapped,0,1,nozzle_abnormal,1,是
train,train/images/nozzle_tip_wrapped_0071.jpg,train/labels/nozzle_tip_wrapped_0071.txt,nozzle_tip_wrapped,0,1,nozzle_abnormal,1,是
train,train/images/nozzle_tip_wrapped_0072.jpg,train/labels/nozzle_tip_wrapped_0072.txt,nozzle_tip_wrapped,0,1,nozzle_abnormal,1,是
train,train/images/nozzle_tip_wrapped_0073.jpg,train/labels/nozzle_tip_wrapped_0073.txt,nozzle_tip_wrapped,0,1,nozzle_abnormal,1,是
train,train/images/nozzle_tip_wrapped_0074.jpg,train/labels/nozzle_tip_wrapped_0074.txt,nozzle_tip_wrapped,0,1,nozzle_abnormal,1,是
train,train/images/nozzle_tip_wrapped_0075.jpg,train/labels/nozzle_tip_wrapped_0075.txt,nozzle_tip_wrapped,0,1,nozzle_abnormal,1,是
train,train/images/nozzle_tip_wrapped_0077.jpg,train/labels/nozzle_tip_wrapped_0077.txt,nozzle_tip_wrapped,0,1,nozzle_abnormal,1,是
train,train/images/nozzle_tip_wrapped_0078.jpg,train/labels/nozzle_tip_wrapped_0078.txt,nozzle_tip_wrapped,0,1,nozzle_abnormal,1,是
train,train/images/nozzle_tip_wrapped_0079.jpg,train/labels/nozzle_tip_wrapped_0079.txt,nozzle_tip_wrapped,0,1,nozzle_abnormal,1,是
train,train/images/nozzle_tip_wrapped_0080.jpg,train/labels/nozzle_tip_wrapped_0080.txt,nozzle_tip_wrapped,0,1,nozzle_abnormal,1,是
train,train/images/nozzle_tip_wrapped_0081.jpg,train/labels/nozzle_tip_wrapped_0081.txt,nozzle_tip_wrapped,0,1,nozzle_abnormal,1,是
train,train/images/nozzle_tip_wrapped_0082.jpg,train/labels/nozzle_tip_wrapped_0082.txt,nozzle_tip_wrapped,0,1,nozzle_abnormal,1,是
train,train/images/nozzle_tip_wrapped_0083.jpg,train/labels/nozzle_tip_wrapped_0083.txt,nozzle_tip_wrapped,0,1,nozzle_abnormal,1,是
train,train/images/nozzle_tip_wrapped_0084.jpg,train/labels/nozzle_tip_wrapped_0084.txt,nozzle_tip_wrapped,0,1,nozzle_abnormal,1,是
train,train/images/nozzle_tip_wrapped_0085.jpg,train/labels/nozzle_tip_wrapped_0085.txt,nozzle_tip_wrapped,0,1,nozzle_abnormal,1,是
train,train/images/nozzle_tip_wrapped_0086.jpg,train/labels/nozzle_tip_wrapped_0086.txt,nozzle_tip_wrapped,0,1,nozzle_abnormal,1,是
train,train/images/nozzle_tip_wrapped_0091.jpg,train/labels/nozzle_tip_wrapped_0091.txt,nozzle_tip_wrapped,0,1,nozzle_abnormal,1,是
train,train/images/nozzle_tip_wrapped_0092.jpg,train/labels/nozzle_tip_wrapped_0092.txt,nozzle_tip_wrapped,0,1,nozzle_abnormal,1,是
train,train/images/nozzle_tip_wrapped_0093.jpg,train/labels/nozzle_tip_wrapped_0093.txt,nozzle_tip_wrapped,0,1,nozzle_abnormal,1,是
train,train/images/nozzle_tip_wrapped_0094.jpg,train/labels/nozzle_tip_wrapped_0094.txt,nozzle_tip_wrapped,0,1,nozzle_abnormal,1,是
train,train/images/nozzle_tip_wrapped_0095.jpg,train/labels/nozzle_tip_wrapped_0095.txt,nozzle_tip_wrapped,0,1,nozzle_abnormal,1,是
train,train/images/nozzle_tip_wrapped_0096.jpg,train/labels/nozzle_tip_wrapped_0096.txt,nozzle_tip_wrapped,0,1,nozzle_abnormal,1,是
train,train/images/nozzle_tip_wrapped_0097.jpg,train/labels/nozzle_tip_wrapped_0097.txt,nozzle_tip_wrapped,0,1,nozzle_abnormal,1,是
train,train/images/nozzle_tip_wrapped_0098.jpg,train/labels/nozzle_tip_wrapped_0098.txt,nozzle_tip_wrapped,0,1,nozzle_abnormal,1,是
train,train/images/nozzle_tip_wrapped_0101.jpg,train/labels/nozzle_tip_wrapped_0101.txt,nozzle_tip_wrapped,0,1,nozzle_abnormal,1,是
train,train/images/nozzle_tip_wrapped_0102.jpg,train/labels/nozzle_tip_wrapped_0102.txt,nozzle_tip_wrapped,0,1,nozzle_abnormal,1,是
train,train/images/nozzle_tip_wrapped_0103.jpg,train/labels/nozzle_tip_wrapped_0103.txt,nozzle_tip_wrapped,0,1,nozzle_abnormal,1,是
train,train/images/nozzle_tip_wrapped_0104.jpg,train/labels/nozzle_tip_wrapped_0104.txt,nozzle_tip_wrapped,0,1,nozzle_abnormal,1,是
train,train/images/nozzle_tip_wrapped_0105.jpg,train/labels/nozzle_tip_wrapped_0105.txt,nozzle_tip_wrapped,0,1,nozzle_abnormal,1,是
train,train/images/nozzle_tip_wrapped_0106.jpg,train/labels/nozzle_tip_wrapped_0106.txt,nozzle_tip_wrapped,0,1,nozzle_abnormal,1,是
train,train/images/nozzle_tip_wrapped_0107.jpg,train/labels/nozzle_tip_wrapped_0107.txt,nozzle_tip_wrapped,0,1,nozzle_abnormal,1,是
train,train/images/nozzle_tip_wrapped_0108.jpg,train/labels/nozzle_tip_wrapped_0108.txt,nozzle_tip_wrapped,0,1,nozzle_abnormal,1,是
train,train/images/nozzle_tip_wrapped_0112.jpg,train/labels/nozzle_tip_wrapped_0112.txt,nozzle_tip_wrapped,0,1,nozzle_abnormal,1,是
train,train/images/nozzle_tip_wrapped_0114.jpg,train/labels/nozzle_tip_wrapped_0114.txt,nozzle_tip_wrapped,0,1,nozzle_abnormal,1,是
train,train/images/nozzle_tip_wrapped_0115.jpg,train/labels/nozzle_tip_wrapped_0115.txt,nozzle_tip_wrapped,0,1,nozzle_abnormal,1,是
train,train/images/nozzle_tip_wrapped_0116.jpg,train/labels/nozzle_tip_wrapped_0116.txt,nozzle_tip_wrapped,0,1,nozzle_abnormal,1,是
train,train/images/nozzle_tip_wrapped_0118.jpg,train/labels/nozzle_tip_wrapped_0118.txt,nozzle_tip_wrapped,0,1,nozzle_abnormal,1,是
train,train/images/nozzle_tip_wrapped_0119.jpg,train/labels/nozzle_tip_wrapped_0119.txt,nozzle_tip_wrapped,0,1,nozzle_abnormal,1,是
train,train/images/nozzle_tip_wrapped_0120.jpg,train/labels/nozzle_tip_wrapped_0120.txt,nozzle_tip_wrapped,0,1,nozzle_abnormal,1,是
train,train/images/nozzle_tip_wrapped_0122.jpg,train/labels/nozzle_tip_wrapped_0122.txt,nozzle_tip_wrapped,0,1,nozzle_abnormal,1,是
train,train/images/nozzle_tip_wrapped_0123.jpg,train/labels/nozzle_tip_wrapped_0123.txt,nozzle_tip_wrapped,0,1,nozzle_abnormal,1,是
train,train/images/nozzle_tip_wrapped_0125.jpg,train/labels/nozzle_tip_wrapped_0125.txt,nozzle_tip_wrapped,0,1,nozzle_abnormal,1,是
train,train/images/nozzle_tip_wrapped_0126.jpg,train/labels/nozzle_tip_wrapped_0126.txt,nozzle_tip_wrapped,0,1,nozzle_abnormal,1,是
train,train/images/nozzle_tip_wrapped_0128.jpg,train/labels/nozzle_tip_wrapped_0128.txt,nozzle_tip_wrapped,0,1,nozzle_abnormal,1,是
train,train/images/nozzle_tip_wrapped_0132.jpg,train/labels/nozzle_tip_wrapped_0132.txt,nozzle_tip_wrapped,0,1,nozzle_abnormal,1,是
train,train/images/nozzle_tip_wrapped_0133.jpg,train/labels/nozzle_tip_wrapped_0133.txt,nozzle_tip_wrapped,0,1,nozzle_abnormal,1,是
train,train/images/nozzle_tip_wrapped_0134.jpg,train/labels/nozzle_tip_wrapped_0134.txt,nozzle_tip_wrapped,0,1,nozzle_abnormal,1,是
train,train/images/nozzle_tip_wrapped_0135.jpg,train/labels/nozzle_tip_wrapped_0135.txt,nozzle_tip_wrapped,0,1,nozzle_abnormal,1,是
train,train/images/nozzle_tip_wrapped_0136.jpg,train/labels/nozzle_tip_wrapped_0136.txt,nozzle_tip_wrapped,0,1,nozzle_abnormal,1,是
train,train/images/nozzle_tip_wrapped_0140.jpg,train/labels/nozzle_tip_wrapped_0140.txt,nozzle_tip_wrapped,0,1,nozzle_abnormal,1,是
train,train/images/nozzle_tip_wrapped_0143.jpg,train/labels/nozzle_tip_wrapped_0143.txt,nozzle_tip_wrapped,0,1,nozzle_abnormal,1,是
train,train/images/nozzle_tip_wrapped_0144.jpg,train/labels/nozzle_tip_wrapped_0144.txt,nozzle_tip_wrapped,0,1,nozzle_abnormal,1,是
train,train/images/nozzle_tip_wrapped_0145.jpg,train/labels/nozzle_tip_wrapped_0145.txt,nozzle_tip_wrapped,0,1,nozzle_abnormal,1,是
train,train/images/nozzle_tip_wrapped_0146.jpg,train/labels/nozzle_tip_wrapped_0146.txt,nozzle_tip_wrapped,0,1,nozzle_abnormal,1,是
train,train/images/nozzle_tip_wrapped_0148.jpg,train/labels/nozzle_tip_wrapped_0148.txt,nozzle_tip_wrapped,0,1,nozzle_abnormal,1,是
train,train/images/nozzle_tip_wrapped_0150.jpg,train/labels/nozzle_tip_wrapped_0150.txt,nozzle_tip_wrapped,0,1,nozzle_abnormal,1,是
train,train/images/nozzle_tip_wrapped_0152.jpg,train/labels/nozzle_tip_wrapped_0152.txt,nozzle_tip_wrapped,0,1,nozzle_abnormal,1,是
train,train/images/nozzle_tip_wrapped_0154.jpg,train/labels/nozzle_tip_wrapped_0154.txt,nozzle_tip_wrapped,0,1,nozzle_abnormal,1,是
train,train/images/nozzle_tip_wrapped_0155.jpg,train/labels/nozzle_tip_wrapped_0155.txt,nozzle_tip_wrapped,0,1,nozzle_abnormal,1,是
train,train/images/nozzle_tip_wrapped_0156.jpg,train/labels/nozzle_tip_wrapped_0156.txt,nozzle_tip_wrapped,0,1,nozzle_abnormal,1,是
train,train/images/nozzle_tip_wrapped_0159.jpg,train/labels/nozzle_tip_wrapped_0159.txt,nozzle_tip_wrapped,0,1,nozzle_abnormal,1,是
train,train/images/nozzle_tip_wrapped_0161.jpg,train/labels/nozzle_tip_wrapped_0161.txt,nozzle_tip_wrapped,0,1,nozzle_abnormal,1,是
train,train/images/nozzle_tip_wrapped_0163.jpg,train/labels/nozzle_tip_wrapped_0163.txt,nozzle_tip_wrapped,0,1,nozzle_abnormal,1,是
train,train/images/nozzle_tip_wrapped_0164.jpg,train/labels/nozzle_tip_wrapped_0164.txt,nozzle_tip_wrapped,0,1,nozzle_abnormal,1,是
train,train/images/nozzle_tip_wrapped_0165.jpg,train/labels/nozzle_tip_wrapped_0165.txt,nozzle_tip_wrapped,0,1,nozzle_abnormal,1,是
train,train/images/nozzle_tip_wrapped_0167.jpg,train/labels/nozzle_tip_wrapped_0167.txt,nozzle_tip_wrapped,0,1,nozzle_abnormal,1,是
train,train/images/nozzle_tip_wrapped_0172.jpg,train/labels/nozzle_tip_wrapped_0172.txt,nozzle_tip_wrapped,0,1,nozzle_abnormal,1,是
train,train/images/nozzle_tip_wrapped_0173.jpg,train/labels/nozzle_tip_wrapped_0173.txt,nozzle_tip_wrapped,0,1,nozzle_abnormal,1,是
train,train/images/nozzle_tip_wrapped_0174.jpg,train/labels/nozzle_tip_wrapped_0174.txt,nozzle_tip_wrapped,0,1,nozzle_abnormal,1,是
train,train/images/nozzle_tip_wrapped_0176.jpg,train/labels/nozzle_tip_wrapped_0176.txt,nozzle_tip_wrapped,0,1,nozzle_abnormal,1,是
train,train/images/nozzle_tip_wrapped_0180.jpg,train/labels/nozzle_tip_wrapped_0180.txt,nozzle_tip_wrapped,0,1,nozzle_abnormal,1,是
train,train/images/nozzle_tip_wrapped_0181.jpg,train/labels/nozzle_tip_wrapped_0181.txt,nozzle_tip_wrapped,0,1,nozzle_abnormal,1,是
train,train/images/nozzle_tip_wrapped_0182.jpg,train/labels/nozzle_tip_wrapped_0182.txt,nozzle_tip_wrapped,0,1,nozzle_abnormal,1,是
train,train/images/nozzle_tip_wrapped_0184.jpg,train/labels/nozzle_tip_wrapped_0184.txt,nozzle_tip_wrapped,0,1,nozzle_abnormal,1,是
train,train/images/nozzle_tip_wrapped_0186.jpg,train/labels/nozzle_tip_wrapped_0186.txt,nozzle_tip_wrapped,0,1,nozzle_abnormal,1,是
train,train/images/nozzle_tip_wrapped_0189.jpg,train/labels/nozzle_tip_wrapped_0189.txt,nozzle_tip_wrapped,0,1,nozzle_abnormal,1,是
train,train/images/nozzle_tip_wrapped_0191.jpg,train/labels/nozzle_tip_wrapped_0191.txt,nozzle_tip_wrapped,0,1,nozzle_abnormal,1,是
train,train/images/nozzle_tip_wrapped_0192.jpg,train/labels/nozzle_tip_wrapped_0192.txt,nozzle_tip_wrapped,0,1,nozzle_abnormal,1,是
train,train/images/nozzle_tip_wrapped_0193.jpg,train/labels/nozzle_tip_wrapped_0193.txt,nozzle_tip_wrapped,0,1,nozzle_abnormal,1,是
train,train/images/nozzle_tip_wrapped_0194.jpg,train/labels/nozzle_tip_wrapped_0194.txt,nozzle_tip_wrapped,0,1,nozzle_abnormal,1,是
train,train/images/nozzle_tip_wrapped_0195.jpg,train/labels/nozzle_tip_wrapped_0195.txt,nozzle_tip_wrapped,0,1,nozzle_abnormal,1,是
train,train/images/nozzle_tip_wrapped_0197.jpg,train/labels/nozzle_tip_wrapped_0197.txt,nozzle_tip_wrapped,0,1,nozzle_abnormal,1,是
train,train/images/nozzle_tip_wrapped_0199.jpg,train/labels/nozzle_tip_wrapped_0199.txt,nozzle_tip_wrapped,0,1,nozzle_abnormal,1,是
train,train/images/nozzle_tip_wrapped_0200.jpg,train/labels/nozzle_tip_wrapped_0200.txt,nozzle_tip_wrapped,0,1,nozzle_abnormal,1,是
train,train/images/nozzle_tip_wrapped_0201.jpg,train/labels/nozzle_tip_wrapped_0201.txt,nozzle_tip_wrapped,0,1,nozzle_abnormal,1,是
train,train/images/nozzle_tip_wrapped_0202.jpg,train/labels/nozzle_tip_wrapped_0202.txt,nozzle_tip_wrapped,0,1,nozzle_abnormal,1,是
train,train/images/nozzle_tip_wrapped_0203.jpg,train/labels/nozzle_tip_wrapped_0203.txt,nozzle_tip_wrapped,0,1,nozzle_abnormal,1,是
train,train/images/nozzle_tip_wrapped_0204.jpg,train/labels/nozzle_tip_wrapped_0204.txt,nozzle_tip_wrapped,0,1,nozzle_abnormal,1,是
train,train/images/nozzle_tip_wrapped_0205.jpg,train/labels/nozzle_tip_wrapped_0205.txt,nozzle_tip_wrapped,0,1,nozzle_abnormal,1,是
train,train/images/nozzle_tip_wrapped_0209.jpg,train/labels/nozzle_tip_wrapped_0209.txt,nozzle_tip_wrapped,0,1,nozzle_abnormal,1,是
train,train/images/nozzle_tip_wrapped_0212.jpg,train/labels/nozzle_tip_wrapped_0212.txt,nozzle_tip_wrapped,0,1,nozzle_abnormal,1,是
train,train/images/nozzle_tip_wrapped_0213.jpg,train/labels/nozzle_tip_wrapped_0213.txt,nozzle_tip_wrapped,0,1,nozzle_abnormal,1,是
train,train/images/nozzle_tip_wrapped_0214.jpg,train/labels/nozzle_tip_wrapped_0214.txt,nozzle_tip_wrapped,0,1,nozzle_abnormal,1,是
train,train/images/nozzle_tip_wrapped_0215.jpg,train/labels/nozzle_tip_wrapped_0215.txt,nozzle_tip_wrapped,0,1,nozzle_abnormal,1,是
train,train/images/nozzle_tip_wrapped_0216.jpg,train/labels/nozzle_tip_wrapped_0216.txt,nozzle_tip_wrapped,0,1,nozzle_abnormal,1,是
train,train/images/nozzle_tip_wrapped_0218.jpg,train/labels/nozzle_tip_wrapped_0218.txt,nozzle_tip_wrapped,0,1,nozzle_abnormal,1,是
train,train/images/nozzle_tip_wrapped_0220.jpg,train/labels/nozzle_tip_wrapped_0220.txt,nozzle_tip_wrapped,0,1,nozzle_abnormal,1,是
train,train/images/nozzle_tip_wrapped_0223.jpg,train/labels/nozzle_tip_wrapped_0223.txt,nozzle_tip_wrapped,0,1,nozzle_abnormal,1,是
train,train/images/nozzle_tip_wrapped_0224.jpg,train/labels/nozzle_tip_wrapped_0224.txt,nozzle_tip_wrapped,0,1,nozzle_abnormal,1,是
train,train/images/nozzle_tip_wrapped_0225.jpg,train/labels/nozzle_tip_wrapped_0225.txt,nozzle_tip_wrapped,0,1,nozzle_abnormal,1,是
train,train/images/nozzle_tip_wrapped_0226.jpg,train/labels/nozzle_tip_wrapped_0226.txt,nozzle_tip_wrapped,0,1,nozzle_abnormal,1,是
train,train/images/nozzle_tip_wrapped_0227.jpg,train/labels/nozzle_tip_wrapped_0227.txt,nozzle_tip_wrapped,0,1,nozzle_abnormal,1,是
train,train/images/nozzle_tip_wrapped_0228.jpg,train/labels/nozzle_tip_wrapped_0228.txt,nozzle_tip_wrapped,0,1,nozzle_abnormal,1,是
train,train/images/nozzle_tip_wrapped_0229.jpg,train/labels/nozzle_tip_wrapped_0229.txt,nozzle_tip_wrapped,0,1,nozzle_abnormal,1,是
train,train/images/nozzle_tip_wrapped_0230.jpg,train/labels/nozzle_tip_wrapped_0230.txt,nozzle_tip_wrapped,0,1,nozzle_abnormal,1,是
train,train/images/nozzle_tip_wrapped_0231.jpg,train/labels/nozzle_tip_wrapped_0231.txt,nozzle_tip_wrapped,0,1,nozzle_abnormal,1,是
train,train/images/nozzle_tip_wrapped_0232.jpg,train/labels/nozzle_tip_wrapped_0232.txt,nozzle_tip_wrapped,0,1,nozzle_abnormal,1,是
train,train/images/nozzle_tip_wrapped_0233.jpg,train/labels/nozzle_tip_wrapped_0233.txt,nozzle_tip_wrapped,0,1,nozzle_abnormal,1,是
train,train/images/nozzle_tip_wrapped_0234.jpg,train/labels/nozzle_tip_wrapped_0234.txt,nozzle_tip_wrapped,0,1,nozzle_abnormal,1,是
train,train/images/nozzle_tip_wrapped_0235.jpg,train/labels/nozzle_tip_wrapped_0235.txt,nozzle_tip_wrapped,0,1,nozzle_abnormal,1,是
train,train/images/nozzle_tip_wrapped_0242.jpg,train/labels/nozzle_tip_wrapped_0242.txt,nozzle_tip_wrapped,0,1,nozzle_abnormal,1,是
train,train/images/nozzle_tip_wrapped_0244.jpg,train/labels/nozzle_tip_wrapped_0244.txt,nozzle_tip_wrapped,0,1,nozzle_abnormal,1,是
train,train/images/nozzle_tip_wrapped_0245.jpg,train/labels/nozzle_tip_wrapped_0245.txt,nozzle_tip_wrapped,0,1,nozzle_abnormal,1,是
train,train/images/nozzle_tip_wrapped_0246.jpg,train/labels/nozzle_tip_wrapped_0246.txt,nozzle_tip_wrapped,0,1,nozzle_abnormal,1,是
train,train/images/nozzle_tip_wrapped_0247.jpg,train/labels/nozzle_tip_wrapped_0247.txt,nozzle_tip_wrapped,0,1,nozzle_abnormal,1,是
train,train/images/nozzle_tip_wrapped_0250.jpg,train/labels/nozzle_tip_wrapped_0250.txt,nozzle_tip_wrapped,0,1,nozzle_abnormal,1,是
train,train/images/nozzle_tip_wrapped_0251.jpg,train/labels/nozzle_tip_wrapped_0251.txt,nozzle_tip_wrapped,0,1,nozzle_abnormal,1,是
train,train/images/nozzle_tip_wrapped_0252.jpg,train/labels/nozzle_tip_wrapped_0252.txt,nozzle_tip_wrapped,0,1,nozzle_abnormal,1,是
train,train/images/nozzle_tip_wrapped_0253.jpg,train/labels/nozzle_tip_wrapped_0253.txt,nozzle_tip_wrapped,0,1,nozzle_abnormal,1,是
train,train/images/nozzle_tip_wrapped_0254.jpg,train/labels/nozzle_tip_wrapped_0254.txt,nozzle_tip_wrapped,0,1,nozzle_abnormal,1,是
train,train/images/nozzle_tip_wrapped_0255.jpg,train/labels/nozzle_tip_wrapped_0255.txt,nozzle_tip_wrapped,0,1,nozzle_abnormal,1,是
train,train/images/nozzle_tip_wrapped_0256.jpg,train/labels/nozzle_tip_wrapped_0256.txt,nozzle_tip_wrapped,0,1,nozzle_abnormal,1,是
train,train/images/nozzle_tip_wrapped_0257.jpg,train/labels/nozzle_tip_wrapped_0257.txt,nozzle_tip_wrapped,0,1,nozzle_abnormal,1,是
train,train/images/nozzle_tip_wrapped_0258.jpg,train/labels/nozzle_tip_wrapped_0258.txt,nozzle_tip_wrapped,0,1,nozzle_abnormal,1,是
train,train/images/nozzle_tip_wrapped_0259.jpg,train/labels/nozzle_tip_wrapped_0259.txt,nozzle_tip_wrapped,0,1,nozzle_abnormal,1,是
train,train/images/nozzle_tip_wrapped_0260.jpg,train/labels/nozzle_tip_wrapped_0260.txt,nozzle_tip_wrapped,0,1,nozzle_abnormal,1,是
train,train/images/nozzle_tip_wrapped_0262.jpg,train/labels/nozzle_tip_wrapped_0262.txt,nozzle_tip_wrapped,0,1,nozzle_abnormal,1,是
train,train/images/nozzle_tip_wrapped_0263.jpg,train/labels/nozzle_tip_wrapped_0263.txt,nozzle_tip_wrapped,0,1,nozzle_abnormal,1,是
train,train/images/nozzle_tip_wrapped_0264.jpg,train/labels/nozzle_tip_wrapped_0264.txt,nozzle_tip_wrapped,0,1,nozzle_abnormal,1,是
train,train/images/nozzle_tip_wrapped_0265.jpg,train/labels/nozzle_tip_wrapped_0265.txt,nozzle_tip_wrapped,0,1,nozzle_abnormal,1,是
train,train/images/nozzle_tip_wrapped_0266.jpg,train/labels/nozzle_tip_wrapped_0266.txt,nozzle_tip_wrapped,0,1,nozzle_abnormal,1,是
train,train/images/nozzle_tip_wrapped_0267.jpg,train/labels/nozzle_tip_wrapped_0267.txt,nozzle_tip_wrapped,0,1,nozzle_abnormal,1,是
train,train/images/nozzle_tip_wrapped_0268.jpg,train/labels/nozzle_tip_wrapped_0268.txt,nozzle_tip_wrapped,0,1,nozzle_abnormal,1,是
train,train/images/nozzle_tip_wrapped_0269.jpg,train/labels/nozzle_tip_wrapped_0269.txt,nozzle_tip_wrapped,0,1,nozzle_abnormal,1,是
train,train/images/nozzle_tip_wrapped_0270.jpg,train/labels/nozzle_tip_wrapped_0270.txt,nozzle_tip_wrapped,0,1,nozzle_abnormal,1,是
train,train/images/nozzle_tip_wrapped_0271.jpg,train/labels/nozzle_tip_wrapped_0271.txt,nozzle_tip_wrapped,0,1,nozzle_abnormal,1,是
train,train/images/nozzle_tip_wrapped_0272.jpg,train/labels/nozzle_tip_wrapped_0272.txt,nozzle_tip_wrapped,0,1,nozzle_abnormal,1,是
train,train/images/nozzle_tip_wrapped_0273.jpg,train/labels/nozzle_tip_wrapped_0273.txt,nozzle_tip_wrapped,0,1,nozzle_abnormal,1,是
train,train/images/nozzle_tip_wrapped_0274.jpg,train/labels/nozzle_tip_wrapped_0274.txt,nozzle_tip_wrapped,0,1,nozzle_abnormal,1,是
train,train/images/nozzle_tip_wrapped_0275.jpg,train/labels/nozzle_tip_wrapped_0275.txt,nozzle_tip_wrapped,0,1,nozzle_abnormal,1,是
train,train/images/nozzle_tip_wrapped_0276.jpg,train/labels/nozzle_tip_wrapped_0276.txt,nozzle_tip_wrapped,0,1,nozzle_abnormal,1,是
train,train/images/nozzle_tip_wrapped_0277.jpg,train/labels/nozzle_tip_wrapped_0277.txt,nozzle_tip_wrapped,0,1,nozzle_abnormal,1,是
train,train/images/nozzle_tip_wrapped_0278.jpg,train/labels/nozzle_tip_wrapped_0278.txt,nozzle_tip_wrapped,0,1,nozzle_abnormal,1,是
train,train/images/nozzle_tip_wrapped_0279.jpg,train/labels/nozzle_tip_wrapped_0279.txt,nozzle_tip_wrapped,0,1,nozzle_abnormal,1,是
train,train/images/nozzle_tip_wrapped_0280.jpg,train/labels/nozzle_tip_wrapped_0280.txt,nozzle_tip_wrapped,0,1,nozzle_abnormal,1,是
train,train/images/nozzle_tip_wrapped_0283.jpg,train/labels/nozzle_tip_wrapped_0283.txt,nozzle_tip_wrapped,0,1,nozzle_abnormal,1,是
train,train/images/nozzle_tip_wrapped_0284.jpg,train/labels/nozzle_tip_wrapped_0284.txt,nozzle_tip_wrapped,0,1,nozzle_abnormal,1,是
train,train/images/nozzle_tip_wrapped_0285.jpg,train/labels/nozzle_tip_wrapped_0285.txt,nozzle_tip_wrapped,0,1,nozzle_abnormal,1,是
train,train/images/nozzle_tip_wrapped_0286.jpg,train/labels/nozzle_tip_wrapped_0286.txt,nozzle_tip_wrapped,0,1,nozzle_abnormal,1,是
train,train/images/nozzle_tip_wrapped_0287.jpg,train/labels/nozzle_tip_wrapped_0287.txt,nozzle_tip_wrapped,0,1,nozzle_abnormal,1,是
train,train/images/nozzle_tip_wrapped_0288.jpg,train/labels/nozzle_tip_wrapped_0288.txt,nozzle_tip_wrapped,0,1,nozzle_abnormal,1,是
train,train/images/nozzle_tip_wrapped_0289.jpg,train/labels/nozzle_tip_wrapped_0289.txt,nozzle_tip_wrapped,0,1,nozzle_abnormal,1,是
train,train/images/nozzle_tip_wrapped_0290.jpg,train/labels/nozzle_tip_wrapped_0290.txt,nozzle_tip_wrapped,0,1,nozzle_abnormal,1,是
train,train/images/nozzle_tip_wrapped_0291.jpg,train/labels/nozzle_tip_wrapped_0291.txt,nozzle_tip_wrapped,0,1,nozzle_abnormal,1,是
train,train/images/nozzle_tip_wrapped_0292.jpg,train/labels/nozzle_tip_wrapped_0292.txt,nozzle_tip_wrapped,0,1,nozzle_abnormal,1,是
train,train/images/nozzle_tip_wrapped_0293.jpg,train/labels/nozzle_tip_wrapped_0293.txt,nozzle_tip_wrapped,0,1,nozzle_abnormal,1,是
train,train/images/nozzle_tip_wrapped_0294.jpg,train/labels/nozzle_tip_wrapped_0294.txt,nozzle_tip_wrapped,0,1,nozzle_abnormal,1,是
train,train/images/nozzle_tip_wrapped_0295.jpg,train/labels/nozzle_tip_wrapped_0295.txt,nozzle_tip_wrapped,0,1,nozzle_abnormal,1,是
train,train/images/nozzle_tip_wrapped_0296.jpg,train/labels/nozzle_tip_wrapped_0296.txt,nozzle_tip_wrapped,0,1,nozzle_abnormal,1,是
train,train/images/nozzle_tip_wrapped_0297.jpg,train/labels/nozzle_tip_wrapped_0297.txt,nozzle_tip_wrapped,0,1,nozzle_abnormal,1,是
train,train/images/nozzle_tip_wrapped_0298.jpg,train/labels/nozzle_tip_wrapped_0298.txt,nozzle_tip_wrapped,0,1,nozzle_abnormal,1,是
train,train/images/nozzle_tip_wrapped_0299.jpg,train/labels/nozzle_tip_wrapped_0299.txt,nozzle_tip_wrapped,0,1,nozzle_abnormal,1,是
train,train/images/nozzle_tip_wrapped_0300.jpg,train/labels/nozzle_tip_wrapped_0300.txt,nozzle_tip_wrapped,0,1,nozzle_abnormal,1,是
train,train/images/nozzle_tip_wrapped_0301.jpg,train/labels/nozzle_tip_wrapped_0301.txt,nozzle_tip_wrapped,0,1,nozzle_abnormal,1,是
train,train/images/nozzle_tip_wrapped_0302.jpg,train/labels/nozzle_tip_wrapped_0302.txt,nozzle_tip_wrapped,0,1,nozzle_abnormal,1,是
train,train/images/nozzle_tip_wrapped_0303.jpg,train/labels/nozzle_tip_wrapped_0303.txt,nozzle_tip_wrapped,0,1,nozzle_abnormal,1,是
train,train/images/nozzle_tip_wrapped_0304.jpg,train/labels/nozzle_tip_wrapped_0304.txt,nozzle_tip_wrapped,0,1,nozzle_abnormal,1,是
train,train/images/nozzle_tip_wrapped_0305.jpg,train/labels/nozzle_tip_wrapped_0305.txt,nozzle_tip_wrapped,0,1,nozzle_abnormal,1,是
train,train/images/nozzle_tip_wrapped_0306.jpg,train/labels/nozzle_tip_wrapped_0306.txt,nozzle_tip_wrapped,0,1,nozzle_abnormal,1,是
train,train/images/nozzle_tip_wrapped_0307.jpg,train/labels/nozzle_tip_wrapped_0307.txt,nozzle_tip_wrapped,0,1,nozzle_abnormal,1,是
train,train/images/nozzle_tip_wrapped_0308.jpg,train/labels/nozzle_tip_wrapped_0308.txt,nozzle_tip_wrapped,0,1,nozzle_abnormal,1,是
train,train/images/nozzle_tip_wrapped_0309.jpg,train/labels/nozzle_tip_wrapped_0309.txt,nozzle_tip_wrapped,0,1,nozzle_abnormal,1,是
train,train/images/nozzle_tip_wrapped_0310.jpg,train/labels/nozzle_tip_wrapped_0310.txt,nozzle_tip_wrapped,0,1,nozzle_abnormal,1,是
train,train/images/nozzle_tip_wrapped_0311.jpg,train/labels/nozzle_tip_wrapped_0311.txt,nozzle_tip_wrapped,0,1,nozzle_abnormal,1,是
train,train/images/nozzle_tip_wrapped_0312.jpg,train/labels/nozzle_tip_wrapped_0312.txt,nozzle_tip_wrapped,0,1,nozzle_abnormal,1,是
train,train/images/nozzle_tip_wrapped_0313.jpg,train/labels/nozzle_tip_wrapped_0313.txt,nozzle_tip_wrapped,0,1,nozzle_abnormal,1,是
train,train/images/nozzle_tip_wrapped_0317.jpg,train/labels/nozzle_tip_wrapped_0317.txt,nozzle_tip_wrapped,0,1,nozzle_abnormal,1,是
train,train/images/nozzle_tip_wrapped_0321.jpg,train/labels/nozzle_tip_wrapped_0321.txt,nozzle_tip_wrapped,0,1,nozzle_abnormal,1,是
train,train/images/nozzle_tip_wrapped_0322.jpg,train/labels/nozzle_tip_wrapped_0322.txt,nozzle_tip_wrapped,0,1,nozzle_abnormal,1,是
train,train/images/nozzle_tip_wrapped_0323.jpg,train/labels/nozzle_tip_wrapped_0323.txt,nozzle_tip_wrapped,0,1,nozzle_abnormal,1,是
train,train/images/nozzle_tip_wrapped_0324.jpg,train/labels/nozzle_tip_wrapped_0324.txt,nozzle_tip_wrapped,0,1,nozzle_abnormal,1,是
train,train/images/nozzle_tip_wrapped_0325.jpg,train/labels/nozzle_tip_wrapped_0325.txt,nozzle_tip_wrapped,0,1,nozzle_abnormal,1,是
train,train/images/nozzle_tip_wrapped_0326.jpg,train/labels/nozzle_tip_wrapped_0326.txt,nozzle_tip_wrapped,0,1,nozzle_abnormal,1,是
train,train/images/nozzle_tip_wrapped_0327.jpg,train/labels/nozzle_tip_wrapped_0327.txt,nozzle_tip_wrapped,0,1,nozzle_abnormal,1,是
train,train/images/nozzle_tip_wrapped_0330.jpg,train/labels/nozzle_tip_wrapped_0330.txt,nozzle_tip_wrapped,0,1,nozzle_abnormal,1,是
train,train/images/nozzle_tip_wrapped_0331.jpg,train/labels/nozzle_tip_wrapped_0331.txt,nozzle_tip_wrapped,0,1,nozzle_abnormal,1,是
train,train/images/nozzle_tip_wrapped_0333.jpg,train/labels/nozzle_tip_wrapped_0333.txt,nozzle_tip_wrapped,0,1,nozzle_abnormal,1,是
train,train/images/nozzle_tip_wrapped_0335.jpg,train/labels/nozzle_tip_wrapped_0335.txt,nozzle_tip_wrapped,0,1,nozzle_abnormal,1,是
train,train/images/nozzle_tip_wrapped_0336.jpg,train/labels/nozzle_tip_wrapped_0336.txt,nozzle_tip_wrapped,0,1,nozzle_abnormal,1,是
train,train/images/nozzle_tip_wrapped_0337.jpg,train/labels/nozzle_tip_wrapped_0337.txt,nozzle_tip_wrapped,0,1,nozzle_abnormal,1,是
train,train/images/nozzle_tip_wrapped_0340.jpg,train/labels/nozzle_tip_wrapped_0340.txt,nozzle_tip_wrapped,0,1,nozzle_abnormal,1,是
train,train/images/nozzle_tip_wrapped_0341.jpg,train/labels/nozzle_tip_wrapped_0341.txt,nozzle_tip_wrapped,0,1,nozzle_abnormal,1,是
train,train/images/nozzle_tip_wrapped_0343.jpg,train/labels/nozzle_tip_wrapped_0343.txt,nozzle_tip_wrapped,0,1,nozzle_abnormal,1,是
train,train/images/nozzle_tip_wrapped_0346.jpg,train/labels/nozzle_tip_wrapped_0346.txt,nozzle_tip_wrapped,0,1,nozzle_abnormal,1,是
train,train/images/nozzle_tip_wrapped_0349.jpg,train/labels/nozzle_tip_wrapped_0349.txt,nozzle_tip_wrapped,0,1,nozzle_abnormal,1,是
train,train/images/nozzle_tip_wrapped_0350.jpg,train/labels/nozzle_tip_wrapped_0350.txt,nozzle_tip_wrapped,0,1,nozzle_abnormal,1,是
train,train/images/nozzle_tip_wrapped_0351.jpg,train/labels/nozzle_tip_wrapped_0351.txt,nozzle_tip_wrapped,0,1,nozzle_abnormal,1,是
train,train/images/nozzle_tip_wrapped_0352.jpg,train/labels/nozzle_tip_wrapped_0352.txt,nozzle_tip_wrapped,0,1,nozzle_abnormal,1,是
train,train/images/nozzle_tip_wrapped_0353.jpg,train/labels/nozzle_tip_wrapped_0353.txt,nozzle_tip_wrapped,0,1,nozzle_abnormal,1,是
train,train/images/nozzle_tip_wrapped_0354.jpg,train/labels/nozzle_tip_wrapped_0354.txt,nozzle_tip_wrapped,0,1,nozzle_abnormal,1,是
train,train/images/nozzle_tip_wrapped_0355.jpg,train/labels/nozzle_tip_wrapped_0355.txt,nozzle_tip_wrapped,0,1,nozzle_abnormal,1,是
train,train/images/nozzle_tip_wrapped_0356.jpg,train/labels/nozzle_tip_wrapped_0356.txt,nozzle_tip_wrapped,0,1,nozzle_abnormal,1,是
train,train/images/nozzle_tip_wrapped_0358.jpg,train/labels/nozzle_tip_wrapped_0358.txt,nozzle_tip_wrapped,0,1,nozzle_abnormal,1,是
train,train/images/nozzle_tip_wrapped_0359.jpg,train/labels/nozzle_tip_wrapped_0359.txt,nozzle_tip_wrapped,0,1,nozzle_abnormal,1,是
train,train/images/nozzle_tip_wrapped_0360.jpg,train/labels/nozzle_tip_wrapped_0360.txt,nozzle_tip_wrapped,0,1,nozzle_abnormal,1,是
train,train/images/nozzle_tip_wrapped_0362.jpg,train/labels/nozzle_tip_wrapped_0362.txt,nozzle_tip_wrapped,0,1,nozzle_abnormal,1,是
train,train/images/nozzle_tip_wrapped_0364.jpg,train/labels/nozzle_tip_wrapped_0364.txt,nozzle_tip_wrapped,0,1,nozzle_abnormal,1,是
train,train/images/nozzle_tip_wrapped_0365.jpg,train/labels/nozzle_tip_wrapped_0365.txt,nozzle_tip_wrapped,0,1,nozzle_abnormal,1,是
train,train/images/nozzle_tip_wrapped_0366.jpg,train/labels/nozzle_tip_wrapped_0366.txt,nozzle_tip_wrapped,0,1,nozzle_abnormal,1,是
train,train/images/nozzle_tip_wrapped_0368.jpg,train/labels/nozzle_tip_wrapped_0368.txt,nozzle_tip_wrapped,0,1,nozzle_abnormal,1,是
train,train/images/nozzle_tip_wrapped_0369.jpg,train/labels/nozzle_tip_wrapped_0369.txt,nozzle_tip_wrapped,0,1,nozzle_abnormal,1,是
train,train/images/nozzle_tip_wrapped_0371.jpg,train/labels/nozzle_tip_wrapped_0371.txt,nozzle_tip_wrapped,0,1,nozzle_abnormal,1,是
train,train/images/nozzle_tip_wrapped_0373.jpg,train/labels/nozzle_tip_wrapped_0373.txt,nozzle_tip_wrapped,0,1,nozzle_abnormal,1,是
train,train/images/nozzle_tip_wrapped_0374.jpg,train/labels/nozzle_tip_wrapped_0374.txt,nozzle_tip_wrapped,0,1,nozzle_abnormal,1,是
train,train/images/nozzle_tip_wrapped_0375.jpg,train/labels/nozzle_tip_wrapped_0375.txt,nozzle_tip_wrapped,0,1,nozzle_abnormal,1,是
train,train/images/nozzle_tip_wrapped_0377.jpg,train/labels/nozzle_tip_wrapped_0377.txt,nozzle_tip_wrapped,0,1,nozzle_abnormal,1,是
train,train/images/nozzle_tip_wrapped_0378.jpg,train/labels/nozzle_tip_wrapped_0378.txt,nozzle_tip_wrapped,0,1,nozzle_abnormal,1,是
train,train/images/nozzle_tip_wrapped_0379.jpg,train/labels/nozzle_tip_wrapped_0379.txt,nozzle_tip_wrapped,0,1,nozzle_abnormal,1,是
train,train/images/nozzle_tip_wrapped_0380.jpg,train/labels/nozzle_tip_wrapped_0380.txt,nozzle_tip_wrapped,0,1,nozzle_abnormal,1,是
train,train/images/nozzle_tip_wrapped_0382.jpg,train/labels/nozzle_tip_wrapped_0382.txt,nozzle_tip_wrapped,0,1,nozzle_abnormal,1,是
train,train/images/nozzle_tip_wrapped_0383.jpg,train/labels/nozzle_tip_wrapped_0383.txt,nozzle_tip_wrapped,0,1,nozzle_abnormal,1,是
train,train/images/nozzle_tip_wrapped_0386.jpg,train/labels/nozzle_tip_wrapped_0386.txt,nozzle_tip_wrapped,0,1,nozzle_abnormal,1,是
train,train/images/nozzle_tip_wrapped_0387.jpg,train/labels/nozzle_tip_wrapped_0387.txt,nozzle_tip_wrapped,0,1,nozzle_abnormal,1,是
train,train/images/nozzle_tip_wrapped_0389.jpg,train/labels/nozzle_tip_wrapped_0389.txt,nozzle_tip_wrapped,0,1,nozzle_abnormal,1,是
train,train/images/nozzle_tip_wrapped_0390.jpg,train/labels/nozzle_tip_wrapped_0390.txt,nozzle_tip_wrapped,0,1,nozzle_abnormal,1,是
train,train/images/nozzle_tip_wrapped_0392.jpg,train/labels/nozzle_tip_wrapped_0392.txt,nozzle_tip_wrapped,0,1,nozzle_abnormal,1,是
train,train/images/nozzle_tip_wrapped_0393.jpg,train/labels/nozzle_tip_wrapped_0393.txt,nozzle_tip_wrapped,0,1,nozzle_abnormal,1,是
train,train/images/nozzle_tip_wrapped_0394.jpg,train/labels/nozzle_tip_wrapped_0394.txt,nozzle_tip_wrapped,0,1,nozzle_abnormal,1,是
train,train/images/nozzle_tip_wrapped_0395.jpg,train/labels/nozzle_tip_wrapped_0395.txt,nozzle_tip_wrapped,0,1,nozzle_abnormal,1,是
train,train/images/nozzle_tip_wrapped_0396.jpg,train/labels/nozzle_tip_wrapped_0396.txt,nozzle_tip_wrapped,0,1,nozzle_abnormal,1,是
train,train/images/nozzle_tip_wrapped_0397.jpg,train/labels/nozzle_tip_wrapped_0397.txt,nozzle_tip_wrapped,0,1,nozzle_abnormal,1,是
train,train/images/nozzle_tip_wrapped_0398.jpg,train/labels/nozzle_tip_wrapped_0398.txt,nozzle_tip_wrapped,0,1,nozzle_abnormal,1,是
train,train/images/nozzle_tip_wrapped_0399.jpg,train/labels/nozzle_tip_wrapped_0399.txt,nozzle_tip_wrapped,0,1,nozzle_abnormal,1,是
train,train/images/nozzle_tip_wrapped_0405.jpg,train/labels/nozzle_tip_wrapped_0405.txt,nozzle_tip_wrapped,0,1,nozzle_abnormal,1,是
train,train/images/nozzle_tip_wrapped_0406.jpg,train/labels/nozzle_tip_wrapped_0406.txt,nozzle_tip_wrapped,0,1,nozzle_abnormal,1,是
train,train/images/nozzle_tip_wrapped_0412.jpg,train/labels/nozzle_tip_wrapped_0412.txt,nozzle_tip_wrapped,0,1,nozzle_abnormal,1,是
train,train/images/nozzle_tip_wrapped_0413.jpg,train/labels/nozzle_tip_wrapped_0413.txt,nozzle_tip_wrapped,0,1,nozzle_abnormal,1,是
train,train/images/nozzle_tip_wrapped_0415.jpg,train/labels/nozzle_tip_wrapped_0415.txt,nozzle_tip_wrapped,0,1,nozzle_abnormal,1,是
train,train/images/nozzle_tip_wrapped_0416.jpg,train/labels/nozzle_tip_wrapped_0416.txt,nozzle_tip_wrapped,0,1,nozzle_abnormal,1,是
train,train/images/nozzle_tip_wrapped_0417.jpg,train/labels/nozzle_tip_wrapped_0417.txt,nozzle_tip_wrapped,0,1,nozzle_abnormal,1,是
train,train/images/nozzle_tip_wrapped_0418.jpg,train/labels/nozzle_tip_wrapped_0418.txt,nozzle_tip_wrapped,0,1,nozzle_abnormal,1,是
train,train/images/nozzle_tip_wrapped_0419.jpg,train/labels/nozzle_tip_wrapped_0419.txt,nozzle_tip_wrapped,0,1,nozzle_abnormal,1,是
train,train/images/nozzle_tip_wrapped_0420.jpg,train/labels/nozzle_tip_wrapped_0420.txt,nozzle_tip_wrapped,0,1,nozzle_abnormal,1,是
train,train/images/nozzle_tip_wrapped_0421.jpg,train/labels/nozzle_tip_wrapped_0421.txt,nozzle_tip_wrapped,0,1,nozzle_abnormal,1,是
train,train/images/nozzle_tip_wrapped_0422.jpg,train/labels/nozzle_tip_wrapped_0422.txt,nozzle_tip_wrapped,0,1,nozzle_abnormal,1,是
train,train/images/nozzle_tip_wrapped_0425.jpg,train/labels/nozzle_tip_wrapped_0425.txt,nozzle_tip_wrapped,0,1,nozzle_abnormal,1,是
train,train/images/nozzle_tip_wrapped_0426.jpg,train/labels/nozzle_tip_wrapped_0426.txt,nozzle_tip_wrapped,0,1,nozzle_abnormal,1,是
train,train/images/nozzle_tip_wrapped_0428.jpg,train/labels/nozzle_tip_wrapped_0428.txt,nozzle_tip_wrapped,0,1,nozzle_abnormal,1,是
train,train/images/nozzle_tip_wrapped_0429.jpg,train/labels/nozzle_tip_wrapped_0429.txt,nozzle_tip_wrapped,0,1,nozzle_abnormal,1,是
train,train/images/nozzle_tip_wrapped_0430.jpg,train/labels/nozzle_tip_wrapped_0430.txt,nozzle_tip_wrapped,0,1,nozzle_abnormal,1,是
train,train/images/nozzle_tip_wrapped_0431.jpg,train/labels/nozzle_tip_wrapped_0431.txt,nozzle_tip_wrapped,0,1,nozzle_abnormal,1,是
train,train/images/nozzle_tip_wrapped_0432.jpg,train/labels/nozzle_tip_wrapped_0432.txt,nozzle_tip_wrapped,0,1,nozzle_abnormal,1,是
train,train/images/nozzle_tip_wrapped_0433.jpg,train/labels/nozzle_tip_wrapped_0433.txt,nozzle_tip_wrapped,0,1,nozzle_abnormal,1,是
train,train/images/nozzle_tip_wrapped_0435.jpg,train/labels/nozzle_tip_wrapped_0435.txt,nozzle_tip_wrapped,0,1,nozzle_abnormal,1,是
train,train/images/nozzle_tip_wrapped_0436.jpg,train/labels/nozzle_tip_wrapped_0436.txt,nozzle_tip_wrapped,0,1,nozzle_abnormal,1,是
train,train/images/nozzle_tip_wrapped_0437.jpg,train/labels/nozzle_tip_wrapped_0437.txt,nozzle_tip_wrapped,0,1,nozzle_abnormal,1,是
train,train/images/nozzle_tip_wrapped_0438.jpg,train/labels/nozzle_tip_wrapped_0438.txt,nozzle_tip_wrapped,0,1,nozzle_abnormal,1,是
train,train/images/nozzle_tip_wrapped_0439.jpg,train/labels/nozzle_tip_wrapped_0439.txt,nozzle_tip_wrapped,0,1,nozzle_abnormal,1,是
train,train/images/nozzle_tip_wrapped_0440.jpg,train/labels/nozzle_tip_wrapped_0440.txt,nozzle_tip_wrapped,0,1,nozzle_abnormal,1,是
train,train/images/nozzle_tip_wrapped_0441.jpg,train/labels/nozzle_tip_wrapped_0441.txt,nozzle_tip_wrapped,0,1,nozzle_abnormal,1,是
train,train/images/nozzle_tip_wrapped_0448.jpg,train/labels/nozzle_tip_wrapped_0448.txt,nozzle_tip_wrapped,0,1,nozzle_abnormal,1,是
train,train/images/nozzle_tip_wrapped_0449.jpg,train/labels/nozzle_tip_wrapped_0449.txt,nozzle_tip_wrapped,0,1,nozzle_abnormal,1,是
train,train/images/nozzle_tip_wrapped_0450.jpg,train/labels/nozzle_tip_wrapped_0450.txt,nozzle_tip_wrapped,0,1,nozzle_abnormal,1,是
train,train/images/nozzle_tip_wrapped_0451.jpg,train/labels/nozzle_tip_wrapped_0451.txt,nozzle_tip_wrapped,0,1,nozzle_abnormal,1,是
train,train/images/nozzle_tip_wrapped_0452.jpg,train/labels/nozzle_tip_wrapped_0452.txt,nozzle_tip_wrapped,0,1,nozzle_abnormal,1,是
train,train/images/nozzle_tip_wrapped_0453.jpg,train/labels/nozzle_tip_wrapped_0453.txt,nozzle_tip_wrapped,0,1,nozzle_abnormal,1,是
train,train/images/nozzle_tip_wrapped_0454.jpg,train/labels/nozzle_tip_wrapped_0454.txt,nozzle_tip_wrapped,0,1,nozzle_abnormal,1,是
train,train/images/nozzle_tip_wrapped_0455.jpg,train/labels/nozzle_tip_wrapped_0455.txt,nozzle_tip_wrapped,0,1,nozzle_abnormal,1,是
train,train/images/nozzle_tip_wrapped_0459.jpg,train/labels/nozzle_tip_wrapped_0459.txt,nozzle_tip_wrapped,0,1,nozzle_abnormal,1,是
train,train/images/nozzle_tip_wrapped_0460.jpg,train/labels/nozzle_tip_wrapped_0460.txt,nozzle_tip_wrapped,0,1,nozzle_abnormal,1,是
train,train/images/nozzle_tip_wrapped_0461.jpg,train/labels/nozzle_tip_wrapped_0461.txt,nozzle_tip_wrapped,0,1,nozzle_abnormal,1,是
train,train/images/nozzle_tip_wrapped_0462.jpg,train/labels/nozzle_tip_wrapped_0462.txt,nozzle_tip_wrapped,0,1,nozzle_abnormal,1,是
train,train/images/nozzle_tip_wrapped_0463.jpg,train/labels/nozzle_tip_wrapped_0463.txt,nozzle_tip_wrapped,0,1,nozzle_abnormal,1,是
train,train/images/nozzle_tip_wrapped_0464.jpg,train/labels/nozzle_tip_wrapped_0464.txt,nozzle_tip_wrapped,0,1,nozzle_abnormal,1,是
train,train/images/nozzle_tip_wrapped_0465.jpg,train/labels/nozzle_tip_wrapped_0465.txt,nozzle_tip_wrapped,0,1,nozzle_abnormal,1,是
train,train/images/nozzle_tip_wrapped_0466.jpg,train/labels/nozzle_tip_wrapped_0466.txt,nozzle_tip_wrapped,0,1,nozzle_abnormal,1,是
train,train/images/nozzle_tip_wrapped_0467.jpg,train/labels/nozzle_tip_wrapped_0467.txt,nozzle_tip_wrapped,0,1,nozzle_abnormal,1,是
train,train/images/nozzle_tip_wrapped_0474.jpg,train/labels/nozzle_tip_wrapped_0474.txt,nozzle_tip_wrapped,0,1,nozzle_abnormal,1,是
train,train/images/nozzle_tip_wrapped_0480.jpg,train/labels/nozzle_tip_wrapped_0480.txt,nozzle_tip_wrapped,0,1,nozzle_abnormal,1,是
train,train/images/nozzle_tip_wrapped_0481.jpg,train/labels/nozzle_tip_wrapped_0481.txt,nozzle_tip_wrapped,0,1,nozzle_abnormal,1,是
train,train/images/nozzle_tip_wrapped_0482.jpg,train/labels/nozzle_tip_wrapped_0482.txt,nozzle_tip_wrapped,0,1,nozzle_abnormal,1,是
train,train/images/nozzle_tip_wrapped_0483.jpg,train/labels/nozzle_tip_wrapped_0483.txt,nozzle_tip_wrapped,0,1,nozzle_abnormal,1,是
train,train/images/nozzle_tip_wrapped_0485.jpg,train/labels/nozzle_tip_wrapped_0485.txt,nozzle_tip_wrapped,0,1,nozzle_abnormal,1,是
train,train/images/nozzle_tip_wrapped_0486.jpg,train/labels/nozzle_tip_wrapped_0486.txt,nozzle_tip_wrapped,0,1,nozzle_abnormal,1,是
train,train/images/nozzle_tip_wrapped_0487.jpg,train/labels/nozzle_tip_wrapped_0487.txt,nozzle_tip_wrapped,0,1,nozzle_abnormal,1,是
train,train/images/nozzle_tip_wrapped_0493.jpg,train/labels/nozzle_tip_wrapped_0493.txt,nozzle_tip_wrapped,0,1,nozzle_abnormal,1,是
train,train/images/nozzle_tip_wrapped_0495.jpg,train/labels/nozzle_tip_wrapped_0495.txt,nozzle_tip_wrapped,0,1,nozzle_abnormal,1,是
train,train/images/nozzle_tip_wrapped_0500.jpg,train/labels/nozzle_tip_wrapped_0500.txt,nozzle_tip_wrapped,0,1,nozzle_abnormal,1,是
train,train/images/nozzle_tip_wrapped_0502.jpg,train/labels/nozzle_tip_wrapped_0502.txt,nozzle_tip_wrapped,0,1,nozzle_abnormal,1,是
train,train/images/nozzle_tip_wrapped_0504.jpg,train/labels/nozzle_tip_wrapped_0504.txt,nozzle_tip_wrapped,0,1,nozzle_abnormal,1,是
train,train/images/nozzle_tip_wrapped_0508.jpg,train/labels/nozzle_tip_wrapped_0508.txt,nozzle_tip_wrapped,0,1,nozzle_abnormal,1,是
train,train/images/nozzle_tip_wrapped_0509.jpg,train/labels/nozzle_tip_wrapped_0509.txt,nozzle_tip_wrapped,0,1,nozzle_abnormal,1,是
train,train/images/nozzle_tip_wrapped_0513.jpg,train/labels/nozzle_tip_wrapped_0513.txt,nozzle_tip_wrapped,0,1,nozzle_abnormal,1,是
train,train/images/nozzle_tip_wrapped_0514.jpg,train/labels/nozzle_tip_wrapped_0514.txt,nozzle_tip_wrapped,0,1,nozzle_abnormal,1,是
train,train/images/nozzle_tip_wrapped_0515.jpg,train/labels/nozzle_tip_wrapped_0515.txt,nozzle_tip_wrapped,0,1,nozzle_abnormal,1,是
train,train/images/nozzle_tip_wrapped_0517.jpg,train/labels/nozzle_tip_wrapped_0517.txt,nozzle_tip_wrapped,0,1,nozzle_abnormal,1,是
train,train/images/nozzle_tip_wrapped_0518.jpg,train/labels/nozzle_tip_wrapped_0518.txt,nozzle_tip_wrapped,0,1,nozzle_abnormal,1,是
train,train/images/nozzle_tip_wrapped_0521.jpg,train/labels/nozzle_tip_wrapped_0521.txt,nozzle_tip_wrapped,0,1,nozzle_abnormal,1,是
train,train/images/nozzle_tip_wrapped_0526.jpg,train/labels/nozzle_tip_wrapped_0526.txt,nozzle_tip_wrapped,0,1,nozzle_abnormal,1,是
train,train/images/nozzle_tip_wrapped_0527.jpg,train/labels/nozzle_tip_wrapped_0527.txt,nozzle_tip_wrapped,0,1,nozzle_abnormal,1,是
train,train/images/nozzle_tip_wrapped_0528.jpg,train/labels/nozzle_tip_wrapped_0528.txt,nozzle_tip_wrapped,0,1,nozzle_abnormal,1,是
train,train/images/nozzle_tip_wrapped_0529.jpg,train/labels/nozzle_tip_wrapped_0529.txt,nozzle_tip_wrapped,0,1,nozzle_abnormal,1,是
train,train/images/nozzle_tip_wrapped_0530.jpg,train/labels/nozzle_tip_wrapped_0530.txt,nozzle_tip_wrapped,0,1,nozzle_abnormal,1,是
train,train/images/nozzle_tip_wrapped_0531.jpg,train/labels/nozzle_tip_wrapped_0531.txt,nozzle_tip_wrapped,0,1,nozzle_abnormal,1,是
train,train/images/nozzle_tip_wrapped_0532.jpg,train/labels/nozzle_tip_wrapped_0532.txt,nozzle_tip_wrapped,0,1,nozzle_abnormal,1,是
train,train/images/nozzle_tip_wrapped_0533.jpg,train/labels/nozzle_tip_wrapped_0533.txt,nozzle_tip_wrapped,0,1,nozzle_abnormal,1,是
train,train/images/nozzle_tip_wrapped_0534.jpg,train/labels/nozzle_tip_wrapped_0534.txt,nozzle_tip_wrapped,0,1,nozzle_abnormal,1,是
train,train/images/nozzle_tip_wrapped_0535.jpg,train/labels/nozzle_tip_wrapped_0535.txt,nozzle_tip_wrapped,0,1,nozzle_abnormal,1,是
train,train/images/nozzle_tip_wrapped_0536.jpg,train/labels/nozzle_tip_wrapped_0536.txt,nozzle_tip_wrapped,0,1,nozzle_abnormal,1,是
train,train/images/nozzle_tip_wrapped_0537.jpg,train/labels/nozzle_tip_wrapped_0537.txt,nozzle_tip_wrapped,0,1,nozzle_abnormal,1,是
train,train/images/nozzle_tip_wrapped_0538.jpg,train/labels/nozzle_tip_wrapped_0538.txt,nozzle_tip_wrapped,0,1,nozzle_abnormal,1,是
train,train/images/nozzle_tip_wrapped_0539.jpg,train/labels/nozzle_tip_wrapped_0539.txt,nozzle_tip_wrapped,0,1,nozzle_abnormal,1,是
train,train/images/nozzle_tip_wrapped_0540.jpg,train/labels/nozzle_tip_wrapped_0540.txt,nozzle_tip_wrapped,0,1,nozzle_abnormal,1,是
train,train/images/nozzle_tip_wrapped_0541.jpg,train/labels/nozzle_tip_wrapped_0541.txt,nozzle_tip_wrapped,0,1,nozzle_abnormal,1,是
train,train/images/nozzle_tip_wrapped_0543.jpg,train/labels/nozzle_tip_wrapped_0543.txt,nozzle_tip_wrapped,0,1,nozzle_abnormal,1,是
train,train/images/nozzle_tip_wrapped_0544.jpg,train/labels/nozzle_tip_wrapped_0544.txt,nozzle_tip_wrapped,0,1,nozzle_abnormal,1,是
train,train/images/nozzle_tip_wrapped_0545.jpg,train/labels/nozzle_tip_wrapped_0545.txt,nozzle_tip_wrapped,0,1,nozzle_abnormal,1,是
train,train/images/nozzle_tip_wrapped_0546.jpg,train/labels/nozzle_tip_wrapped_0546.txt,nozzle_tip_wrapped,0,1,nozzle_abnormal,1,是
train,train/images/nozzle_tip_wrapped_0547.jpg,train/labels/nozzle_tip_wrapped_0547.txt,nozzle_tip_wrapped,0,1,nozzle_abnormal,1,是
train,train/images/nozzle_tip_wrapped_0548.jpg,train/labels/nozzle_tip_wrapped_0548.txt,nozzle_tip_wrapped,0,1,nozzle_abnormal,1,是
train,train/images/nozzle_tip_wrapped_0549.jpg,train/labels/nozzle_tip_wrapped_0549.txt,nozzle_tip_wrapped,0,1,nozzle_abnormal,1,是
train,train/images/nozzle_tip_wrapped_0550.jpg,train/labels/nozzle_tip_wrapped_0550.txt,nozzle_tip_wrapped,0,1,nozzle_abnormal,1,是
train,train/images/nozzle_tip_wrapped_0551.jpg,train/labels/nozzle_tip_wrapped_0551.txt,nozzle_tip_wrapped,0,1,nozzle_abnormal,1,是
train,train/images/nozzle_tip_wrapped_0552.jpg,train/labels/nozzle_tip_wrapped_0552.txt,nozzle_tip_wrapped,0,1,nozzle_abnormal,1,是
train,train/images/nozzle_tip_wrapped_0553.jpg,train/labels/nozzle_tip_wrapped_0553.txt,nozzle_tip_wrapped,0,1,nozzle_abnormal,1,是
train,train/images/nozzle_tip_wrapped_0554.jpg,train/labels/nozzle_tip_wrapped_0554.txt,nozzle_tip_wrapped,0,1,nozzle_abnormal,1,是
train,train/images/nozzle_tip_wrapped_0555.jpg,train/labels/nozzle_tip_wrapped_0555.txt,nozzle_tip_wrapped,0,1,nozzle_abnormal,1,是
train,train/images/nozzle_tip_wrapped_0556.jpg,train/labels/nozzle_tip_wrapped_0556.txt,nozzle_tip_wrapped,0,1,nozzle_abnormal,1,是
train,train/images/nozzle_tip_wrapped_0557.jpg,train/labels/nozzle_tip_wrapped_0557.txt,nozzle_tip_wrapped,0,1,nozzle_abnormal,1,是
train,train/images/nozzle_tip_wrapped_0558.jpg,train/labels/nozzle_tip_wrapped_0558.txt,nozzle_tip_wrapped,0,1,nozzle_abnormal,1,是
train,train/images/nozzle_tip_wrapped_0559.jpg,train/labels/nozzle_tip_wrapped_0559.txt,nozzle_tip_wrapped,0,1,nozzle_abnormal,1,是
train,train/images/nozzle_tip_wrapped_0560.jpg,train/labels/nozzle_tip_wrapped_0560.txt,nozzle_tip_wrapped,0,1,nozzle_abnormal,1,是
train,train/images/nozzle_tip_wrapped_0562.jpg,train/labels/nozzle_tip_wrapped_0562.txt,nozzle_tip_wrapped,0,1,nozzle_abnormal,1,是
train,train/images/nozzle_tip_wrapped_0563.jpg,train/labels/nozzle_tip_wrapped_0563.txt,nozzle_tip_wrapped,0,1,nozzle_abnormal,1,是
train,train/images/nozzle_tip_wrapped_0564.jpg,train/labels/nozzle_tip_wrapped_0564.txt,nozzle_tip_wrapped,0,1,nozzle_abnormal,1,是
train,train/images/nozzle_tip_wrapped_0567.jpg,train/labels/nozzle_tip_wrapped_0567.txt,nozzle_tip_wrapped,0,1,nozzle_abnormal,1,是
train,train/images/nozzle_tip_wrapped_0569.jpg,train/labels/nozzle_tip_wrapped_0569.txt,nozzle_tip_wrapped,0,1,nozzle_abnormal,1,是
train,train/images/nozzle_tip_wrapped_0570.jpg,train/labels/nozzle_tip_wrapped_0570.txt,nozzle_tip_wrapped,0,1,nozzle_abnormal,1,是
train,train/images/nozzle_tip_wrapped_0571.jpg,train/labels/nozzle_tip_wrapped_0571.txt,nozzle_tip_wrapped,0,1,nozzle_abnormal,1,是
train,train/images/nozzle_tip_wrapped_0573.jpg,train/labels/nozzle_tip_wrapped_0573.txt,nozzle_tip_wrapped,0,1,nozzle_abnormal,1,是
train,train/images/nozzle_tip_wrapped_0574.jpg,train/labels/nozzle_tip_wrapped_0574.txt,nozzle_tip_wrapped,0,1,nozzle_abnormal,1,是
train,train/images/nozzle_tip_wrapped_0575.jpg,train/labels/nozzle_tip_wrapped_0575.txt,nozzle_tip_wrapped,0,1,nozzle_abnormal,1,是
train,train/images/nozzle_tip_wrapped_0576.jpg,train/labels/nozzle_tip_wrapped_0576.txt,nozzle_tip_wrapped,0,1,nozzle_abnormal,1,是
train,train/images/nozzle_tip_wrapped_0578.jpg,train/labels/nozzle_tip_wrapped_0578.txt,nozzle_tip_wrapped,0,1,nozzle_abnormal,1,是
train,train/images/nozzle_tip_wrapped_0579.jpg,train/labels/nozzle_tip_wrapped_0579.txt,nozzle_tip_wrapped,0,1,nozzle_abnormal,1,是
train,train/images/nozzle_tip_wrapped_0580.jpg,train/labels/nozzle_tip_wrapped_0580.txt,nozzle_tip_wrapped,0,1,nozzle_abnormal,1,是
train,train/images/nozzle_tip_wrapped_0582.jpg,train/labels/nozzle_tip_wrapped_0582.txt,nozzle_tip_wrapped,0,1,nozzle_abnormal,1,是
train,train/images/nozzle_tip_wrapped_0583.jpg,train/labels/nozzle_tip_wrapped_0583.txt,nozzle_tip_wrapped,0,1,nozzle_abnormal,1,是
train,train/images/nozzle_tip_wrapped_0584.jpg,train/labels/nozzle_tip_wrapped_0584.txt,nozzle_tip_wrapped,0,1,nozzle_abnormal,1,是
train,train/images/nozzle_tip_wrapped_0586.jpg,train/labels/nozzle_tip_wrapped_0586.txt,nozzle_tip_wrapped,0,1,nozzle_abnormal,1,是
train,train/images/nozzle_tip_wrapped_0588.jpg,train/labels/nozzle_tip_wrapped_0588.txt,nozzle_tip_wrapped,0,1,nozzle_abnormal,1,是
train,train/images/nozzle_tip_wrapped_0589.jpg,train/labels/nozzle_tip_wrapped_0589.txt,nozzle_tip_wrapped,0,1,nozzle_abnormal,1,是
train,train/images/nozzle_tip_wrapped_0590.jpg,train/labels/nozzle_tip_wrapped_0590.txt,nozzle_tip_wrapped,0,1,nozzle_abnormal,1,是
train,train/images/nozzle_tip_wrapped_0591.jpg,train/labels/nozzle_tip_wrapped_0591.txt,nozzle_tip_wrapped,0,1,nozzle_abnormal,1,是
train,train/images/nozzle_tip_wrapped_0592.jpg,train/labels/nozzle_tip_wrapped_0592.txt,nozzle_tip_wrapped,0,1,nozzle_abnormal,1,是
train,train/images/nozzle_tip_wrapped_0595.jpg,train/labels/nozzle_tip_wrapped_0595.txt,nozzle_tip_wrapped,0,1,nozzle_abnormal,1,是
train,train/images/nozzle_tip_wrapped_0597.jpg,train/labels/nozzle_tip_wrapped_0597.txt,nozzle_tip_wrapped,0,1,nozzle_abnormal,1,是
train,train/images/nozzle_tip_wrapped_0598.jpg,train/labels/nozzle_tip_wrapped_0598.txt,nozzle_tip_wrapped,0,1,nozzle_abnormal,1,是
train,train/images/nozzle_tip_wrapped_0600.jpg,train/labels/nozzle_tip_wrapped_0600.txt,nozzle_tip_wrapped,0,1,nozzle_abnormal,1,是
train,train/images/nozzle_tip_wrapped_0601.jpg,train/labels/nozzle_tip_wrapped_0601.txt,nozzle_tip_wrapped,0,1,nozzle_abnormal,1,是
train,train/images/nozzle_tip_wrapped_0602.jpg,train/labels/nozzle_tip_wrapped_0602.txt,nozzle_tip_wrapped,0,1,nozzle_abnormal,1,是
train,train/images/nozzle_tip_wrapped_0603.jpg,train/labels/nozzle_tip_wrapped_0603.txt,nozzle_tip_wrapped,0,1,nozzle_abnormal,1,是
train,train/images/nozzle_tip_wrapped_0605.jpg,train/labels/nozzle_tip_wrapped_0605.txt,nozzle_tip_wrapped,0,1,nozzle_abnormal,1,是
train,train/images/nozzle_tip_wrapped_0606.jpg,train/labels/nozzle_tip_wrapped_0606.txt,nozzle_tip_wrapped,0,1,nozzle_abnormal,1,是
train,train/images/nozzle_tip_wrapped_0607.jpg,train/labels/nozzle_tip_wrapped_0607.txt,nozzle_tip_wrapped,0,1,nozzle_abnormal,1,是
train,train/images/nozzle_tip_wrapped_0608.jpg,train/labels/nozzle_tip_wrapped_0608.txt,nozzle_tip_wrapped,0,1,nozzle_abnormal,1,是
train,train/images/nozzle_tip_wrapped_0609.jpg,train/labels/nozzle_tip_wrapped_0609.txt,nozzle_tip_wrapped,0,1,nozzle_abnormal,1,是
train,train/images/nozzle_tip_wrapped_0610.jpg,train/labels/nozzle_tip_wrapped_0610.txt,nozzle_tip_wrapped,0,1,nozzle_abnormal,1,是
train,train/images/nozzle_tip_wrapped_0611.jpg,train/labels/nozzle_tip_wrapped_0611.txt,nozzle_tip_wrapped,0,1,nozzle_abnormal,1,是
train,train/images/nozzle_tip_wrapped_0613.jpg,train/labels/nozzle_tip_wrapped_0613.txt,nozzle_tip_wrapped,0,1,nozzle_abnormal,1,是
train,train/images/nozzle_tip_wrapped_0614.jpg,train/labels/nozzle_tip_wrapped_0614.txt,nozzle_tip_wrapped,0,1,nozzle_abnormal,1,是
train,train/images/nozzle_tip_wrapped_0615.jpg,train/labels/nozzle_tip_wrapped_0615.txt,nozzle_tip_wrapped,0,1,nozzle_abnormal,1,是
train,train/images/nozzle_tip_wrapped_0616.jpg,train/labels/nozzle_tip_wrapped_0616.txt,nozzle_tip_wrapped,0,1,nozzle_abnormal,1,是
train,train/images/nozzle_tip_wrapped_0618.jpg,train/labels/nozzle_tip_wrapped_0618.txt,nozzle_tip_wrapped,0,1,nozzle_abnormal,1,是
train,train/images/nozzle_tip_wrapped_0619.jpg,train/labels/nozzle_tip_wrapped_0619.txt,nozzle_tip_wrapped,0,1,nozzle_abnormal,1,是
train,train/images/nozzle_tip_wrapped_0621.jpg,train/labels/nozzle_tip_wrapped_0621.txt,nozzle_tip_wrapped,0,1,nozzle_abnormal,1,是
train,train/images/nozzle_tip_wrapped_0623.jpg,train/labels/nozzle_tip_wrapped_0623.txt,nozzle_tip_wrapped,0,1,nozzle_abnormal,1,是
train,train/images/nozzle_tip_wrapped_0624.jpg,train/labels/nozzle_tip_wrapped_0624.txt,nozzle_tip_wrapped,0,1,nozzle_abnormal,1,是
train,train/images/nozzle_tip_wrapped_0625.jpg,train/labels/nozzle_tip_wrapped_0625.txt,nozzle_tip_wrapped,0,1,nozzle_abnormal,1,是
train,train/images/nozzle_tip_wrapped_0626.jpg,train/labels/nozzle_tip_wrapped_0626.txt,nozzle_tip_wrapped,0,1,nozzle_abnormal,1,是
train,train/images/nozzle_tip_wrapped_0627.jpg,train/labels/nozzle_tip_wrapped_0627.txt,nozzle_tip_wrapped,0,1,nozzle_abnormal,1,是
train,train/images/nozzle_tip_wrapped_0628.jpg,train/labels/nozzle_tip_wrapped_0628.txt,nozzle_tip_wrapped,0,1,nozzle_abnormal,1,是
train,train/images/nozzle_tip_wrapped_0629.jpg,train/labels/nozzle_tip_wrapped_0629.txt,nozzle_tip_wrapped,0,1,nozzle_abnormal,1,是
train,train/images/nozzle_tip_wrapped_0630.jpg,train/labels/nozzle_tip_wrapped_0630.txt,nozzle_tip_wrapped,0,1,nozzle_abnormal,1,是
train,train/images/nozzle_tip_wrapped_0631.jpg,train/labels/nozzle_tip_wrapped_0631.txt,nozzle_tip_wrapped,0,1,nozzle_abnormal,1,是
train,train/images/nozzle_tip_wrapped_0634.jpg,train/labels/nozzle_tip_wrapped_0634.txt,nozzle_tip_wrapped,0,1,nozzle_abnormal,1,是
train,train/images/nozzle_tip_wrapped_0637.jpg,train/labels/nozzle_tip_wrapped_0637.txt,nozzle_tip_wrapped,0,1,nozzle_abnormal,1,是
train,train/images/nozzle_tip_wrapped_0639.jpg,train/labels/nozzle_tip_wrapped_0639.txt,nozzle_tip_wrapped,0,1,nozzle_abnormal,1,是
train,train/images/nozzle_tip_wrapped_0640.jpg,train/labels/nozzle_tip_wrapped_0640.txt,nozzle_tip_wrapped,0,1,nozzle_abnormal,1,是
train,train/images/nozzle_tip_wrapped_0641.jpg,train/labels/nozzle_tip_wrapped_0641.txt,nozzle_tip_wrapped,0,1,nozzle_abnormal,1,是
train,train/images/nozzle_tip_wrapped_0642.jpg,train/labels/nozzle_tip_wrapped_0642.txt,nozzle_tip_wrapped,0,1,nozzle_abnormal,1,是
train,train/images/nozzle_tip_wrapped_0643.jpg,train/labels/nozzle_tip_wrapped_0643.txt,nozzle_tip_wrapped,0,1,nozzle_abnormal,1,是
train,train/images/nozzle_tip_wrapped_0644.jpg,train/labels/nozzle_tip_wrapped_0644.txt,nozzle_tip_wrapped,0,1,nozzle_abnormal,1,是
train,train/images/nozzle_tip_wrapped_0645.jpg,train/labels/nozzle_tip_wrapped_0645.txt,nozzle_tip_wrapped,0,1,nozzle_abnormal,1,是
train,train/images/nozzle_tip_wrapped_0646.jpg,train/labels/nozzle_tip_wrapped_0646.txt,nozzle_tip_wrapped,0,1,nozzle_abnormal,1,是
train,train/images/nozzle_tip_wrapped_0647.jpg,train/labels/nozzle_tip_wrapped_0647.txt,nozzle_tip_wrapped,0,1,nozzle_abnormal,1,是
train,train/images/nozzle_tip_wrapped_0648.jpg,train/labels/nozzle_tip_wrapped_0648.txt,nozzle_tip_wrapped,0,1,nozzle_abnormal,1,是
train,train/images/nozzle_tip_wrapped_0649.jpg,train/labels/nozzle_tip_wrapped_0649.txt,nozzle_tip_wrapped,0,1,nozzle_abnormal,1,是
train,train/images/nozzle_tip_wrapped_0651.jpg,train/labels/nozzle_tip_wrapped_0651.txt,nozzle_tip_wrapped,0,1,nozzle_abnormal,1,是
train,train/images/nozzle_tip_wrapped_0652.jpg,train/labels/nozzle_tip_wrapped_0652.txt,nozzle_tip_wrapped,0,1,nozzle_abnormal,1,是
train,train/images/nozzle_tip_wrapped_0653.jpg,train/labels/nozzle_tip_wrapped_0653.txt,nozzle_tip_wrapped,0,1,nozzle_abnormal,1,是
train,train/images/nozzle_tip_wrapped_0656.jpg,train/labels/nozzle_tip_wrapped_0656.txt,nozzle_tip_wrapped,0,1,nozzle_abnormal,1,是
train,train/images/nozzle_tip_wrapped_0662.jpg,train/labels/nozzle_tip_wrapped_0662.txt,nozzle_tip_wrapped,0,1,nozzle_abnormal,1,是
train,train/images/nozzle_tip_wrapped_0663.jpg,train/labels/nozzle_tip_wrapped_0663.txt,nozzle_tip_wrapped,0,1,nozzle_abnormal,1,是
train,train/images/nozzle_tip_wrapped_0665.jpg,train/labels/nozzle_tip_wrapped_0665.txt,nozzle_tip_wrapped,0,1,nozzle_abnormal,1,是
train,train/images/nozzle_tip_wrapped_0666.jpg,train/labels/nozzle_tip_wrapped_0666.txt,nozzle_tip_wrapped,0,1,nozzle_abnormal,1,是
train,train/images/nozzle_tip_wrapped_0668.jpg,train/labels/nozzle_tip_wrapped_0668.txt,nozzle_tip_wrapped,0,1,nozzle_abnormal,1,是
train,train/images/nozzle_tip_wrapped_0669.jpg,train/labels/nozzle_tip_wrapped_0669.txt,nozzle_tip_wrapped,0,1,nozzle_abnormal,1,是
train,train/images/nozzle_tip_wrapped_0670.jpg,train/labels/nozzle_tip_wrapped_0670.txt,nozzle_tip_wrapped,0,1,nozzle_abnormal,1,是
train,train/images/nozzle_tip_wrapped_0671.jpg,train/labels/nozzle_tip_wrapped_0671.txt,nozzle_tip_wrapped,0,1,nozzle_abnormal,1,是
train,train/images/nozzle_tip_wrapped_0672.jpg,train/labels/nozzle_tip_wrapped_0672.txt,nozzle_tip_wrapped,0,1,nozzle_abnormal,1,是
train,train/images/nozzle_tip_wrapped_0673.jpg,train/labels/nozzle_tip_wrapped_0673.txt,nozzle_tip_wrapped,0,1,nozzle_abnormal,1,是
train,train/images/nozzle_tip_wrapped_0674.jpg,train/labels/nozzle_tip_wrapped_0674.txt,nozzle_tip_wrapped,0,1,nozzle_abnormal,1,是
train,train/images/nozzle_tip_wrapped_0675.jpg,train/labels/nozzle_tip_wrapped_0675.txt,nozzle_tip_wrapped,0,1,nozzle_abnormal,1,是
train,train/images/nozzle_tip_wrapped_0676.jpg,train/labels/nozzle_tip_wrapped_0676.txt,nozzle_tip_wrapped,0,1,nozzle_abnormal,1,是
train,train/images/nozzle_tip_wrapped_0677.jpg,train/labels/nozzle_tip_wrapped_0677.txt,nozzle_tip_wrapped,0,1,nozzle_abnormal,1,是
train,train/images/nozzle_tip_wrapped_0679.jpg,train/labels/nozzle_tip_wrapped_0679.txt,nozzle_tip_wrapped,0,1,nozzle_abnormal,1,是
train,train/images/nozzle_tip_wrapped_0680.jpg,train/labels/nozzle_tip_wrapped_0680.txt,nozzle_tip_wrapped,0,1,nozzle_abnormal,1,是
train,train/images/nozzle_tip_wrapped_0681.jpg,train/labels/nozzle_tip_wrapped_0681.txt,nozzle_tip_wrapped,0,1,nozzle_abnormal,1,是
train,train/images/nozzle_tip_wrapped_0682.jpg,train/labels/nozzle_tip_wrapped_0682.txt,nozzle_tip_wrapped,0,1,nozzle_abnormal,1,是
train,train/images/nozzle_tip_wrapped_0683.jpg,train/labels/nozzle_tip_wrapped_0683.txt,nozzle_tip_wrapped,0,1,nozzle_abnormal,1,是
train,train/images/nozzle_tip_wrapped_0684.jpg,train/labels/nozzle_tip_wrapped_0684.txt,nozzle_tip_wrapped,0,1,nozzle_abnormal,1,是
train,train/images/nozzle_tip_wrapped_0685.jpg,train/labels/nozzle_tip_wrapped_0685.txt,nozzle_tip_wrapped,0,1,nozzle_abnormal,1,是
train,train/images/nozzle_tip_wrapped_0688.jpg,train/labels/nozzle_tip_wrapped_0688.txt,nozzle_tip_wrapped,0,1,nozzle_abnormal,1,是
train,train/images/nozzle_tip_wrapped_0689.jpg,train/labels/nozzle_tip_wrapped_0689.txt,nozzle_tip_wrapped,0,1,nozzle_abnormal,1,是
train,train/images/nozzle_tip_wrapped_0690.jpg,train/labels/nozzle_tip_wrapped_0690.txt,nozzle_tip_wrapped,0,1,nozzle_abnormal,1,是
train,train/images/nozzle_tip_wrapped_0691.jpg,train/labels/nozzle_tip_wrapped_0691.txt,nozzle_tip_wrapped,0,1,nozzle_abnormal,1,是
train,train/images/nozzle_tip_wrapped_0692.jpg,train/labels/nozzle_tip_wrapped_0692.txt,nozzle_tip_wrapped,0,1,nozzle_abnormal,1,是
train,train/images/nozzle_tip_wrapped_0693.jpg,train/labels/nozzle_tip_wrapped_0693.txt,nozzle_tip_wrapped,0,1,nozzle_abnormal,1,是
train,train/images/nozzle_tip_wrapped_0694.jpg,train/labels/nozzle_tip_wrapped_0694.txt,nozzle_tip_wrapped,0,1,nozzle_abnormal,1,是
train,train/images/nozzle_tip_wrapped_0695.jpg,train/labels/nozzle_tip_wrapped_0695.txt,nozzle_tip_wrapped,0,1,nozzle_abnormal,1,是
train,train/images/nozzle_tip_wrapped_0696.jpg,train/labels/nozzle_tip_wrapped_0696.txt,nozzle_tip_wrapped,0,1,nozzle_abnormal,1,是
train,train/images/nozzle_tip_wrapped_0697.jpg,train/labels/nozzle_tip_wrapped_0697.txt,nozzle_tip_wrapped,0,1,nozzle_abnormal,1,是
train,train/images/nozzle_tip_wrapped_0698.jpg,train/labels/nozzle_tip_wrapped_0698.txt,nozzle_tip_wrapped,0,1,nozzle_abnormal,1,是
train,train/images/nozzle_tip_wrapped_0699.jpg,train/labels/nozzle_tip_wrapped_0699.txt,nozzle_tip_wrapped,0,1,nozzle_abnormal,1,是
train,train/images/nozzle_tip_wrapped_0700.jpg,train/labels/nozzle_tip_wrapped_0700.txt,nozzle_tip_wrapped,0,1,nozzle_abnormal,1,是
train,train/images/nozzle_tip_wrapped_0701.jpg,train/labels/nozzle_tip_wrapped_0701.txt,nozzle_tip_wrapped,0,1,nozzle_abnormal,1,是
train,train/images/nozzle_tip_wrapped_0702.jpg,train/labels/nozzle_tip_wrapped_0702.txt,nozzle_tip_wrapped,0,1,nozzle_abnormal,1,是
train,train/images/nozzle_tip_wrapped_0703.jpg,train/labels/nozzle_tip_wrapped_0703.txt,nozzle_tip_wrapped,0,1,nozzle_abnormal,1,是
train,train/images/nozzle_tip_wrapped_0704.jpg,train/labels/nozzle_tip_wrapped_0704.txt,nozzle_tip_wrapped,0,1,nozzle_abnormal,1,是
train,train/images/nozzle_tip_wrapped_0705.jpg,train/labels/nozzle_tip_wrapped_0705.txt,nozzle_tip_wrapped,0,1,nozzle_abnormal,1,是
train,train/images/nozzle_tip_wrapped_0706.jpg,train/labels/nozzle_tip_wrapped_0706.txt,nozzle_tip_wrapped,0,1,nozzle_abnormal,1,是
train,train/images/nozzle_tip_wrapped_0708.jpg,train/labels/nozzle_tip_wrapped_0708.txt,nozzle_tip_wrapped,0,1,nozzle_abnormal,1,是
train,train/images/nozzle_tip_wrapped_0709.jpg,train/labels/nozzle_tip_wrapped_0709.txt,nozzle_tip_wrapped,0,1,nozzle_abnormal,1,是
train,train/images/nozzle_tip_wrapped_0710.jpg,train/labels/nozzle_tip_wrapped_0710.txt,nozzle_tip_wrapped,0,1,nozzle_abnormal,1,是
train,train/images/nozzle_tip_wrapped_0711.jpg,train/labels/nozzle_tip_wrapped_0711.txt,nozzle_tip_wrapped,0,1,nozzle_abnormal,1,是
train,train/images/nozzle_tip_wrapped_0712.jpg,train/labels/nozzle_tip_wrapped_0712.txt,nozzle_tip_wrapped,0,1,nozzle_abnormal,1,是
train,train/images/nozzle_tip_wrapped_0714.jpg,train/labels/nozzle_tip_wrapped_0714.txt,nozzle_tip_wrapped,0,1,nozzle_abnormal,1,是
train,train/images/nozzle_tip_wrapped_0716.jpg,train/labels/nozzle_tip_wrapped_0716.txt,nozzle_tip_wrapped,0,1,nozzle_abnormal,1,是
train,train/images/nozzle_tip_wrapped_0717.jpg,train/labels/nozzle_tip_wrapped_0717.txt,nozzle_tip_wrapped,0,1,nozzle_abnormal,1,是
train,train/images/nozzle_tip_wrapped_0719.jpg,train/labels/nozzle_tip_wrapped_0719.txt,nozzle_tip_wrapped,0,1,nozzle_abnormal,1,是
train,train/images/nozzle_tip_wrapped_0720.jpg,train/labels/nozzle_tip_wrapped_0720.txt,nozzle_tip_wrapped,0,1,nozzle_abnormal,1,是
train,train/images/nozzle_tip_wrapped_0721.jpg,train/labels/nozzle_tip_wrapped_0721.txt,nozzle_tip_wrapped,0,1,nozzle_abnormal,1,是
train,train/images/nozzle_tip_wrapped_0722.jpg,train/labels/nozzle_tip_wrapped_0722.txt,nozzle_tip_wrapped,0,1,nozzle_abnormal,1,是
train,train/images/nozzle_tip_wrapped_0723.jpg,train/labels/nozzle_tip_wrapped_0723.txt,nozzle_tip_wrapped,0,1,nozzle_abnormal,1,是
train,train/images/nozzle_tip_wrapped_0724.jpg,train/labels/nozzle_tip_wrapped_0724.txt,nozzle_tip_wrapped,0,1,nozzle_abnormal,1,是
train,train/images/nozzle_tip_wrapped_0725.jpg,train/labels/nozzle_tip_wrapped_0725.txt,nozzle_tip_wrapped,0,1,nozzle_abnormal,1,是
train,train/images/nozzle_tip_wrapped_0726.jpg,train/labels/nozzle_tip_wrapped_0726.txt,nozzle_tip_wrapped,0,1,nozzle_abnormal,1,是
train,train/images/nozzle_tip_wrapped_0727.jpg,train/labels/nozzle_tip_wrapped_0727.txt,nozzle_tip_wrapped,0,1,nozzle_abnormal,1,是
train,train/images/nozzle_tip_wrapped_0728.jpg,train/labels/nozzle_tip_wrapped_0728.txt,nozzle_tip_wrapped,0,1,nozzle_abnormal,1,是
train,train/images/nozzle_tip_wrapped_0729.jpg,train/labels/nozzle_tip_wrapped_0729.txt,nozzle_tip_wrapped,0,1,nozzle_abnormal,1,是
train,train/images/nozzle_tip_wrapped_0730.jpg,train/labels/nozzle_tip_wrapped_0730.txt,nozzle_tip_wrapped,0,1,nozzle_abnormal,1,是
train,train/images/nozzle_tip_wrapped_0731.jpg,train/labels/nozzle_tip_wrapped_0731.txt,nozzle_tip_wrapped,0,1,nozzle_abnormal,1,是
train,train/images/nozzle_tip_wrapped_0732.jpg,train/labels/nozzle_tip_wrapped_0732.txt,nozzle_tip_wrapped,0,1,nozzle_abnormal,1,是
train,train/images/nozzle_tip_wrapped_0733.jpg,train/labels/nozzle_tip_wrapped_0733.txt,nozzle_tip_wrapped,0,1,nozzle_abnormal,1,是
train,train/images/nozzle_tip_wrapped_0735.jpg,train/labels/nozzle_tip_wrapped_0735.txt,nozzle_tip_wrapped,0,1,nozzle_abnormal,1,是
train,train/images/nozzle_tip_wrapped_0736.jpg,train/labels/nozzle_tip_wrapped_0736.txt,nozzle_tip_wrapped,0,1,nozzle_abnormal,1,是
train,train/images/nozzle_tip_wrapped_0738.jpg,train/labels/nozzle_tip_wrapped_0738.txt,nozzle_tip_wrapped,0,1,nozzle_abnormal,1,是
train,train/images/nozzle_tip_wrapped_0739.jpg,train/labels/nozzle_tip_wrapped_0739.txt,nozzle_tip_wrapped,0,1,nozzle_abnormal,1,是
train,train/images/nozzle_tip_wrapped_0740.jpg,train/labels/nozzle_tip_wrapped_0740.txt,nozzle_tip_wrapped,0,1,nozzle_abnormal,1,是
train,train/images/nozzle_tip_wrapped_0741.jpg,train/labels/nozzle_tip_wrapped_0741.txt,nozzle_tip_wrapped,0,1,nozzle_abnormal,1,是
train,train/images/nozzle_tip_wrapped_0742.jpg,train/labels/nozzle_tip_wrapped_0742.txt,nozzle_tip_wrapped,0,1,nozzle_abnormal,1,是
train,train/images/nozzle_tip_wrapped_0747.jpg,train/labels/nozzle_tip_wrapped_0747.txt,nozzle_tip_wrapped,0,1,nozzle_abnormal,1,是
train,train/images/nozzle_tip_wrapped_0748.jpg,train/labels/nozzle_tip_wrapped_0748.txt,nozzle_tip_wrapped,0,1,nozzle_abnormal,1,是
train,train/images/nozzle_tip_wrapped_0749.jpg,train/labels/nozzle_tip_wrapped_0749.txt,nozzle_tip_wrapped,0,1,nozzle_abnormal,1,是
train,train/images/nozzle_tip_wrapped_0750.jpg,train/labels/nozzle_tip_wrapped_0750.txt,nozzle_tip_wrapped,0,1,nozzle_abnormal,1,是
train,train/images/nozzle_tip_wrapped_0751.jpg,train/labels/nozzle_tip_wrapped_0751.txt,nozzle_tip_wrapped,0,1,nozzle_abnormal,1,是
train,train/images/nozzle_tip_wrapped_0752.jpg,train/labels/nozzle_tip_wrapped_0752.txt,nozzle_tip_wrapped,0,1,nozzle_abnormal,1,是
train,train/images/nozzle_tip_wrapped_0755.jpg,train/labels/nozzle_tip_wrapped_0755.txt,nozzle_tip_wrapped,0,1,nozzle_abnormal,1,是
train,train/images/nozzle_tip_wrapped_0759.jpg,train/labels/nozzle_tip_wrapped_0759.txt,nozzle_tip_wrapped,0,1,nozzle_abnormal,1,是
train,train/images/nozzle_tip_wrapped_0760.jpg,train/labels/nozzle_tip_wrapped_0760.txt,nozzle_tip_wrapped,0,1,nozzle_abnormal,1,是
train,train/images/nozzle_tip_wrapped_0761.jpg,train/labels/nozzle_tip_wrapped_0761.txt,nozzle_tip_wrapped,0,1,nozzle_abnormal,1,是
train,train/images/nozzle_tip_wrapped_0763.jpg,train/labels/nozzle_tip_wrapped_0763.txt,nozzle_tip_wrapped,0,1,nozzle_abnormal,1,是
train,train/images/nozzle_tip_wrapped_0766.jpg,train/labels/nozzle_tip_wrapped_0766.txt,nozzle_tip_wrapped,0,1,nozzle_abnormal,1,是
train,train/images/nozzle_tip_wrapped_0767.jpg,train/labels/nozzle_tip_wrapped_0767.txt,nozzle_tip_wrapped,0,1,nozzle_abnormal,1,是
train,train/images/nozzle_tip_wrapped_0768.jpg,train/labels/nozzle_tip_wrapped_0768.txt,nozzle_tip_wrapped,0,1,nozzle_abnormal,1,是
train,train/images/nozzle_tip_wrapped_0771.jpg,train/labels/nozzle_tip_wrapped_0771.txt,nozzle_tip_wrapped,0,1,nozzle_abnormal,1,是
train,train/images/nozzle_tip_wrapped_0773.jpg,train/labels/nozzle_tip_wrapped_0773.txt,nozzle_tip_wrapped,0,1,nozzle_abnormal,1,是
train,train/images/nozzle_tip_wrapped_0774.jpg,train/labels/nozzle_tip_wrapped_0774.txt,nozzle_tip_wrapped,0,1,nozzle_abnormal,1,是
train,train/images/nozzle_tip_wrapped_0775.jpg,train/labels/nozzle_tip_wrapped_0775.txt,nozzle_tip_wrapped,0,1,nozzle_abnormal,1,是
train,train/images/nozzle_tip_wrapped_0777.jpg,train/labels/nozzle_tip_wrapped_0777.txt,nozzle_tip_wrapped,0,1,nozzle_abnormal,1,是
train,train/images/nozzle_tip_wrapped_0779.jpg,train/labels/nozzle_tip_wrapped_0779.txt,nozzle_tip_wrapped,0,1,nozzle_abnormal,1,是
train,train/images/nozzle_tip_wrapped_0780.jpg,train/labels/nozzle_tip_wrapped_0780.txt,nozzle_tip_wrapped,0,1,nozzle_abnormal,1,是
train,train/images/nozzle_tip_wrapped_0783.jpg,train/labels/nozzle_tip_wrapped_0783.txt,nozzle_tip_wrapped,0,1,nozzle_abnormal,1,是
train,train/images/nozzle_tip_wrapped_0784.jpg,train/labels/nozzle_tip_wrapped_0784.txt,nozzle_tip_wrapped,0,1,nozzle_abnormal,1,是
train,train/images/nozzle_tip_wrapped_0786.jpg,train/labels/nozzle_tip_wrapped_0786.txt,nozzle_tip_wrapped,0,1,nozzle_abnormal,1,是
train,train/images/nozzle_tip_wrapped_0787.jpg,train/labels/nozzle_tip_wrapped_0787.txt,nozzle_tip_wrapped,0,1,nozzle_abnormal,1,是
train,train/images/nozzle_tip_wrapped_0788.jpg,train/labels/nozzle_tip_wrapped_0788.txt,nozzle_tip_wrapped,0,1,nozzle_abnormal,1,是
train,train/images/nozzle_tip_wrapped_0789.jpg,train/labels/nozzle_tip_wrapped_0789.txt,nozzle_tip_wrapped,0,1,nozzle_abnormal,1,是
train,train/images/nozzle_tip_wrapped_0790.jpg,train/labels/nozzle_tip_wrapped_0790.txt,nozzle_tip_wrapped,0,1,nozzle_abnormal,1,是
train,train/images/nozzle_tip_wrapped_0793.jpg,train/labels/nozzle_tip_wrapped_0793.txt,nozzle_tip_wrapped,0,1,nozzle_abnormal,1,是
train,train/images/nozzle_tip_wrapped_0794.jpg,train/labels/nozzle_tip_wrapped_0794.txt,nozzle_tip_wrapped,0,1,nozzle_abnormal,1,是
train,train/images/nozzle_tip_wrapped_0795.jpg,train/labels/nozzle_tip_wrapped_0795.txt,nozzle_tip_wrapped,0,1,nozzle_abnormal,1,是
train,train/images/nozzle_tip_wrapped_0796.jpg,train/labels/nozzle_tip_wrapped_0796.txt,nozzle_tip_wrapped,0,1,nozzle_abnormal,1,是
train,train/images/nozzle_tip_wrapped_0797.jpg,train/labels/nozzle_tip_wrapped_0797.txt,nozzle_tip_wrapped,0,1,nozzle_abnormal,1,是
train,train/images/nozzle_tip_wrapped_0798.jpg,train/labels/nozzle_tip_wrapped_0798.txt,nozzle_tip_wrapped,0,1,nozzle_abnormal,1,是
train,train/images/nozzle_tip_wrapped_0799.jpg,train/labels/nozzle_tip_wrapped_0799.txt,nozzle_tip_wrapped,0,1,nozzle_abnormal,1,是
train,train/images/nozzle_tip_wrapped_0800.jpg,train/labels/nozzle_tip_wrapped_0800.txt,nozzle_tip_wrapped,0,1,nozzle_abnormal,1,是
train,train/images/nozzle_tip_wrapped_0801.jpg,train/labels/nozzle_tip_wrapped_0801.txt,nozzle_tip_wrapped,0,1,nozzle_abnormal,1,是
train,train/images/nozzle_tip_wrapped_0802.jpg,train/labels/nozzle_tip_wrapped_0802.txt,nozzle_tip_wrapped,0,1,nozzle_abnormal,1,是
train,train/images/nozzle_tip_wrapped_0804.jpg,train/labels/nozzle_tip_wrapped_0804.txt,nozzle_tip_wrapped,0,1,nozzle_abnormal,1,是
train,train/images/nozzle_tip_wrapped_0806.jpg,train/labels/nozzle_tip_wrapped_0806.txt,nozzle_tip_wrapped,0,1,nozzle_abnormal,1,是
train,train/images/nozzle_tip_wrapped_0808.jpg,train/labels/nozzle_tip_wrapped_0808.txt,nozzle_tip_wrapped,0,1,nozzle_abnormal,1,是
train,train/images/nozzle_tip_wrapped_0809.jpg,train/labels/nozzle_tip_wrapped_0809.txt,nozzle_tip_wrapped,0,1,nozzle_abnormal,1,是
train,train/images/nozzle_tip_wrapped_0810.jpg,train/labels/nozzle_tip_wrapped_0810.txt,nozzle_tip_wrapped,0,1,nozzle_abnormal,1,是
train,train/images/nozzle_tip_wrapped_0811.jpg,train/labels/nozzle_tip_wrapped_0811.txt,nozzle_tip_wrapped,0,1,nozzle_abnormal,1,是
train,train/images/nozzle_tip_wrapped_0812.jpg,train/labels/nozzle_tip_wrapped_0812.txt,nozzle_tip_wrapped,0,1,nozzle_abnormal,1,是
train,train/images/nozzle_tip_wrapped_0813.jpg,train/labels/nozzle_tip_wrapped_0813.txt,nozzle_tip_wrapped,0,1,nozzle_abnormal,1,是
train,train/images/nozzle_tip_wrapped_0814.jpg,train/labels/nozzle_tip_wrapped_0814.txt,nozzle_tip_wrapped,0,1,nozzle_abnormal,1,是
train,train/images/nozzle_tip_wrapped_0815.jpg,train/labels/nozzle_tip_wrapped_0815.txt,nozzle_tip_wrapped,0,1,nozzle_abnormal,1,是
train,train/images/nozzle_tip_wrapped_0816.jpg,train/labels/nozzle_tip_wrapped_0816.txt,nozzle_tip_wrapped,0,1,nozzle_abnormal,1,是
train,train/images/nozzle_tip_wrapped_0817.jpg,train/labels/nozzle_tip_wrapped_0817.txt,nozzle_tip_wrapped,0,1,nozzle_abnormal,1,是
train,train/images/nozzle_tip_wrapped_0818.jpg,train/labels/nozzle_tip_wrapped_0818.txt,nozzle_tip_wrapped,0,1,nozzle_abnormal,1,是
train,train/images/nozzle_tip_wrapped_0820.jpg,train/labels/nozzle_tip_wrapped_0820.txt,nozzle_tip_wrapped,0,1,nozzle_abnormal,1,是
train,train/images/nozzle_tip_wrapped_0822.jpg,train/labels/nozzle_tip_wrapped_0822.txt,nozzle_tip_wrapped,0,1,nozzle_abnormal,1,是
train,train/images/nozzle_tip_wrapped_0823.jpg,train/labels/nozzle_tip_wrapped_0823.txt,nozzle_tip_wrapped,0,1,nozzle_abnormal,1,是
train,train/images/nozzle_tip_wrapped_0824.jpg,train/labels/nozzle_tip_wrapped_0824.txt,nozzle_tip_wrapped,0,1,nozzle_abnormal,1,是
train,train/images/nozzle_tip_wrapped_0825.jpg,train/labels/nozzle_tip_wrapped_0825.txt,nozzle_tip_wrapped,0,1,nozzle_abnormal,1,是
train,train/images/nozzle_tip_wrapped_0827.jpg,train/labels/nozzle_tip_wrapped_0827.txt,nozzle_tip_wrapped,0,1,nozzle_abnormal,1,是
train,train/images/nozzle_tip_wrapped_0828.jpg,train/labels/nozzle_tip_wrapped_0828.txt,nozzle_tip_wrapped,0,1,nozzle_abnormal,1,是
train,train/images/nozzle_tip_wrapped_0832.jpg,train/labels/nozzle_tip_wrapped_0832.txt,nozzle_tip_wrapped,0,1,nozzle_abnormal,1,是
train,train/images/nozzle_tip_wrapped_0835.jpg,train/labels/nozzle_tip_wrapped_0835.txt,nozzle_tip_wrapped,0,1,nozzle_abnormal,1,是
train,train/images/nozzle_tip_wrapped_0838.jpg,train/labels/nozzle_tip_wrapped_0838.txt,nozzle_tip_wrapped,0,1,nozzle_abnormal,1,是
train,train/images/nozzle_tip_wrapped_0839.jpg,train/labels/nozzle_tip_wrapped_0839.txt,nozzle_tip_wrapped,0,1,nozzle_abnormal,1,是
train,train/images/nozzle_tip_wrapped_0841.jpg,train/labels/nozzle_tip_wrapped_0841.txt,nozzle_tip_wrapped,0,1,nozzle_abnormal,1,是
train,train/images/nozzle_tip_wrapped_0842.jpg,train/labels/nozzle_tip_wrapped_0842.txt,nozzle_tip_wrapped,0,1,nozzle_abnormal,1,是
train,train/images/nozzle_tip_wrapped_0843.jpg,train/labels/nozzle_tip_wrapped_0843.txt,nozzle_tip_wrapped,0,1,nozzle_abnormal,1,是
train,train/images/nozzle_tip_wrapped_0846.jpg,train/labels/nozzle_tip_wrapped_0846.txt,nozzle_tip_wrapped,0,1,nozzle_abnormal,1,是
train,train/images/nozzle_tip_wrapped_0847.jpg,train/labels/nozzle_tip_wrapped_0847.txt,nozzle_tip_wrapped,0,1,nozzle_abnormal,1,是
train,train/images/nozzle_tip_wrapped_0848.jpg,train/labels/nozzle_tip_wrapped_0848.txt,nozzle_tip_wrapped,0,1,nozzle_abnormal,1,是
train,train/images/nozzle_tip_wrapped_0849.jpg,train/labels/nozzle_tip_wrapped_0849.txt,nozzle_tip_wrapped,0,1,nozzle_abnormal,1,是
train,train/images/nozzle_tip_wrapped_0850.jpg,train/labels/nozzle_tip_wrapped_0850.txt,nozzle_tip_wrapped,0,1,nozzle_abnormal,1,是
train,train/images/nozzle_tip_wrapped_0851.jpg,train/labels/nozzle_tip_wrapped_0851.txt,nozzle_tip_wrapped,0,1,nozzle_abnormal,1,是
train,train/images/nozzle_tip_wrapped_0855.jpg,train/labels/nozzle_tip_wrapped_0855.txt,nozzle_tip_wrapped,0,1,nozzle_abnormal,1,是
train,train/images/nozzle_tip_wrapped_0856.jpg,train/labels/nozzle_tip_wrapped_0856.txt,nozzle_tip_wrapped,0,1,nozzle_abnormal,1,是
train,train/images/nozzle_tip_wrapped_0858.jpg,train/labels/nozzle_tip_wrapped_0858.txt,nozzle_tip_wrapped,0,1,nozzle_abnormal,1,是
train,train/images/nozzle_tip_wrapped_0859.jpg,train/labels/nozzle_tip_wrapped_0859.txt,nozzle_tip_wrapped,0,1,nozzle_abnormal,1,是
train,train/images/nozzle_tip_wrapped_0861.jpg,train/labels/nozzle_tip_wrapped_0861.txt,nozzle_tip_wrapped,0,1,nozzle_abnormal,1,是
train,train/images/nozzle_tip_wrapped_0863.jpg,train/labels/nozzle_tip_wrapped_0863.txt,nozzle_tip_wrapped,0,1,nozzle_abnormal,1,是
train,train/images/nozzle_tip_wrapped_0865.jpg,train/labels/nozzle_tip_wrapped_0865.txt,nozzle_tip_wrapped,0,1,nozzle_abnormal,1,是
train,train/images/nozzle_tip_wrapped_0866.jpg,train/labels/nozzle_tip_wrapped_0866.txt,nozzle_tip_wrapped,0,1,nozzle_abnormal,1,是
train,train/images/nozzle_tip_wrapped_0867.jpg,train/labels/nozzle_tip_wrapped_0867.txt,nozzle_tip_wrapped,0,1,nozzle_abnormal,1,是
train,train/images/nozzle_tip_wrapped_0868.jpg,train/labels/nozzle_tip_wrapped_0868.txt,nozzle_tip_wrapped,0,1,nozzle_abnormal,1,是
train,train/images/nozzle_tip_wrapped_0870.jpg,train/labels/nozzle_tip_wrapped_0870.txt,nozzle_tip_wrapped,0,1,nozzle_abnormal,1,是
train,train/images/nozzle_tip_wrapped_0871.jpg,train/labels/nozzle_tip_wrapped_0871.txt,nozzle_tip_wrapped,0,1,nozzle_abnormal,1,是
train,train/images/nozzle_tip_wrapped_0872.jpg,train/labels/nozzle_tip_wrapped_0872.txt,nozzle_tip_wrapped,0,1,nozzle_abnormal,1,是
train,train/images/nozzle_tip_wrapped_0873.jpg,train/labels/nozzle_tip_wrapped_0873.txt,nozzle_tip_wrapped,0,1,nozzle_abnormal,1,是
train,train/images/nozzle_tip_wrapped_0874.jpg,train/labels/nozzle_tip_wrapped_0874.txt,nozzle_tip_wrapped,0,1,nozzle_abnormal,1,是
train,train/images/nozzle_tip_wrapped_0875.jpg,train/labels/nozzle_tip_wrapped_0875.txt,nozzle_tip_wrapped,0,1,nozzle_abnormal,1,是
train,train/images/nozzle_tip_wrapped_0876.jpg,train/labels/nozzle_tip_wrapped_0876.txt,nozzle_tip_wrapped,0,1,nozzle_abnormal,1,是
train,train/images/nozzle_tip_wrapped_0878.jpg,train/labels/nozzle_tip_wrapped_0878.txt,nozzle_tip_wrapped,0,1,nozzle_abnormal,1,是
train,train/images/nozzle_tip_wrapped_0879.jpg,train/labels/nozzle_tip_wrapped_0879.txt,nozzle_tip_wrapped,0,1,nozzle_abnormal,1,是
train,train/images/nozzle_tip_wrapped_0880.jpg,train/labels/nozzle_tip_wrapped_0880.txt,nozzle_tip_wrapped,0,1,nozzle_abnormal,1,是
train,train/images/nozzle_tip_wrapped_0882.jpg,train/labels/nozzle_tip_wrapped_0882.txt,nozzle_tip_wrapped,0,1,nozzle_abnormal,1,是
train,train/images/nozzle_tip_wrapped_0883.jpg,train/labels/nozzle_tip_wrapped_0883.txt,nozzle_tip_wrapped,0,1,nozzle_abnormal,1,是
train,train/images/nozzle_tip_wrapped_0884.jpg,train/labels/nozzle_tip_wrapped_0884.txt,nozzle_tip_wrapped,0,1,nozzle_abnormal,1,是
train,train/images/nozzle_tip_wrapped_0885.jpg,train/labels/nozzle_tip_wrapped_0885.txt,nozzle_tip_wrapped,0,1,nozzle_abnormal,1,是
train,train/images/nozzle_tip_wrapped_0886.jpg,train/labels/nozzle_tip_wrapped_0886.txt,nozzle_tip_wrapped,0,1,nozzle_abnormal,1,是
train,train/images/nozzle_tip_wrapped_0887.jpg,train/labels/nozzle_tip_wrapped_0887.txt,nozzle_tip_wrapped,0,1,nozzle_abnormal,1,是
train,train/images/nozzle_tip_wrapped_0888.jpg,train/labels/nozzle_tip_wrapped_0888.txt,nozzle_tip_wrapped,0,1,nozzle_abnormal,1,是
train,train/images/nozzle_tip_wrapped_0889.jpg,train/labels/nozzle_tip_wrapped_0889.txt,nozzle_tip_wrapped,0,1,nozzle_abnormal,1,是
train,train/images/nozzle_tip_wrapped_0892.jpg,train/labels/nozzle_tip_wrapped_0892.txt,nozzle_tip_wrapped,0,1,nozzle_abnormal,1,是
train,train/images/nozzle_tip_wrapped_0894.jpg,train/labels/nozzle_tip_wrapped_0894.txt,nozzle_tip_wrapped,0,1,nozzle_abnormal,1,是
train,train/images/nozzle_tip_wrapped_0895.jpg,train/labels/nozzle_tip_wrapped_0895.txt,nozzle_tip_wrapped,0,1,nozzle_abnormal,1,是
train,train/images/nozzle_tip_wrapped_0896.jpg,train/labels/nozzle_tip_wrapped_0896.txt,nozzle_tip_wrapped,0,1,nozzle_abnormal,1,是
train,train/images/nozzle_tip_wrapped_0897.jpg,train/labels/nozzle_tip_wrapped_0897.txt,nozzle_tip_wrapped,0,1,nozzle_abnormal,1,是
train,train/images/nozzle_tip_wrapped_0898.jpg,train/labels/nozzle_tip_wrapped_0898.txt,nozzle_tip_wrapped,0,1,nozzle_abnormal,1,是
train,train/images/nozzle_tip_wrapped_0901.jpg,train/labels/nozzle_tip_wrapped_0901.txt,nozzle_tip_wrapped,0,1,nozzle_abnormal,1,是
train,train/images/nozzle_tip_wrapped_0902.jpg,train/labels/nozzle_tip_wrapped_0902.txt,nozzle_tip_wrapped,0,1,nozzle_abnormal,1,是
train,train/images/nozzle_tip_wrapped_0903.jpg,train/labels/nozzle_tip_wrapped_0903.txt,nozzle_tip_wrapped,0,1,nozzle_abnormal,1,是
train,train/images/nozzle_tip_wrapped_0904.jpg,train/labels/nozzle_tip_wrapped_0904.txt,nozzle_tip_wrapped,0,1,nozzle_abnormal,1,是
train,train/images/nozzle_tip_wrapped_0905.jpg,train/labels/nozzle_tip_wrapped_0905.txt,nozzle_tip_wrapped,0,1,nozzle_abnormal,1,是
train,train/images/nozzle_tip_wrapped_0906.jpg,train/labels/nozzle_tip_wrapped_0906.txt,nozzle_tip_wrapped,0,1,nozzle_abnormal,1,是
train,train/images/nozzle_tip_wrapped_0907.jpg,train/labels/nozzle_tip_wrapped_0907.txt,nozzle_tip_wrapped,0,1,nozzle_abnormal,1,是
train,train/images/nozzle_tip_wrapped_0908.jpg,train/labels/nozzle_tip_wrapped_0908.txt,nozzle_tip_wrapped,0,1,nozzle_abnormal,1,是
train,train/images/nozzle_tip_wrapped_0909.jpg,train/labels/nozzle_tip_wrapped_0909.txt,nozzle_tip_wrapped,0,1,nozzle_abnormal,1,是
train,train/images/nozzle_tip_wrapped_0910.jpg,train/labels/nozzle_tip_wrapped_0910.txt,nozzle_tip_wrapped,0,1,nozzle_abnormal,1,是
train,train/images/nozzle_tip_wrapped_0911.jpg,train/labels/nozzle_tip_wrapped_0911.txt,nozzle_tip_wrapped,0,1,nozzle_abnormal,1,是
train,train/images/nozzle_tip_wrapped_0912.jpg,train/labels/nozzle_tip_wrapped_0912.txt,nozzle_tip_wrapped,0,1,nozzle_abnormal,1,是
train,train/images/nozzle_tip_wrapped_0913.jpg,train/labels/nozzle_tip_wrapped_0913.txt,nozzle_tip_wrapped,0,1,nozzle_abnormal,1,是
train,train/images/nozzle_tip_wrapped_0914.jpg,train/labels/nozzle_tip_wrapped_0914.txt,nozzle_tip_wrapped,0,1,nozzle_abnormal,1,是
train,train/images/nozzle_tip_wrapped_0915.jpg,train/labels/nozzle_tip_wrapped_0915.txt,nozzle_tip_wrapped,0,1,nozzle_abnormal,1,是
train,train/images/nozzle_tip_wrapped_0916.jpg,train/labels/nozzle_tip_wrapped_0916.txt,nozzle_tip_wrapped,0,1,nozzle_abnormal,1,是
train,train/images/nozzle_tip_wrapped_0917.jpg,train/labels/nozzle_tip_wrapped_0917.txt,nozzle_tip_wrapped,0,1,nozzle_abnormal,1,是
train,train/images/nozzle_tip_wrapped_0919.jpg,train/labels/nozzle_tip_wrapped_0919.txt,nozzle_tip_wrapped,0,1,nozzle_abnormal,1,是
train,train/images/nozzle_tip_wrapped_0920.jpg,train/labels/nozzle_tip_wrapped_0920.txt,nozzle_tip_wrapped,0,1,nozzle_abnormal,1,是
train,train/images/nozzle_tip_wrapped_0921.jpg,train/labels/nozzle_tip_wrapped_0921.txt,nozzle_tip_wrapped,0,1,nozzle_abnormal,1,是
train,train/images/nozzle_tip_wrapped_0922.jpg,train/labels/nozzle_tip_wrapped_0922.txt,nozzle_tip_wrapped,0,1,nozzle_abnormal,1,是
train,train/images/nozzle_tip_wrapped_0923.jpg,train/labels/nozzle_tip_wrapped_0923.txt,nozzle_tip_wrapped,0,1,nozzle_abnormal,1,是
train,train/images/nozzle_tip_wrapped_0925.jpg,train/labels/nozzle_tip_wrapped_0925.txt,nozzle_tip_wrapped,0,1,nozzle_abnormal,1,是
train,train/images/nozzle_tip_wrapped_0926.jpg,train/labels/nozzle_tip_wrapped_0926.txt,nozzle_tip_wrapped,0,1,nozzle_abnormal,1,是
train,train/images/nozzle_tip_wrapped_0928.jpg,train/labels/nozzle_tip_wrapped_0928.txt,nozzle_tip_wrapped,0,1,nozzle_abnormal,1,是
train,train/images/nozzle_tip_wrapped_0929.jpg,train/labels/nozzle_tip_wrapped_0929.txt,nozzle_tip_wrapped,0,1,nozzle_abnormal,1,是
train,train/images/nozzle_tip_wrapped_0930.jpg,train/labels/nozzle_tip_wrapped_0930.txt,nozzle_tip_wrapped,0,1,nozzle_abnormal,1,是
train,train/images/nozzle_tip_wrapped_0931.jpg,train/labels/nozzle_tip_wrapped_0931.txt,nozzle_tip_wrapped,0,1,nozzle_abnormal,1,是
train,train/images/nozzle_tip_wrapped_0932.jpg,train/labels/nozzle_tip_wrapped_0932.txt,nozzle_tip_wrapped,0,1,nozzle_abnormal,1,是
train,train/images/nozzle_tip_wrapped_0933.jpg,train/labels/nozzle_tip_wrapped_0933.txt,nozzle_tip_wrapped,0,1,nozzle_abnormal,1,是
train,train/images/nozzle_tip_wrapped_0934.jpg,train/labels/nozzle_tip_wrapped_0934.txt,nozzle_tip_wrapped,0,1,nozzle_abnormal,1,是
train,train/images/nozzle_tip_wrapped_0936.jpg,train/labels/nozzle_tip_wrapped_0936.txt,nozzle_tip_wrapped,0,1,nozzle_abnormal,1,是
train,train/images/nozzle_tip_wrapped_0937.jpg,train/labels/nozzle_tip_wrapped_0937.txt,nozzle_tip_wrapped,0,1,nozzle_abnormal,1,是
train,train/images/nozzle_tip_wrapped_0938.jpg,train/labels/nozzle_tip_wrapped_0938.txt,nozzle_tip_wrapped,0,1,nozzle_abnormal,1,是
train,train/images/nozzle_tip_wrapped_0939.jpg,train/labels/nozzle_tip_wrapped_0939.txt,nozzle_tip_wrapped,0,1,nozzle_abnormal,1,是
train,train/images/nozzle_tip_wrapped_0941.jpg,train/labels/nozzle_tip_wrapped_0941.txt,nozzle_tip_wrapped,0,1,nozzle_abnormal,1,是
train,train/images/nozzle_tip_wrapped_0942.jpg,train/labels/nozzle_tip_wrapped_0942.txt,nozzle_tip_wrapped,0,1,nozzle_abnormal,1,是
train,train/images/nozzle_tip_wrapped_0944.jpg,train/labels/nozzle_tip_wrapped_0944.txt,nozzle_tip_wrapped,0,1,nozzle_abnormal,1,是
train,train/images/nozzle_tip_wrapped_0945.jpg,train/labels/nozzle_tip_wrapped_0945.txt,nozzle_tip_wrapped,0,1,nozzle_abnormal,1,是
train,train/images/nozzle_tip_wrapped_0946.jpg,train/labels/nozzle_tip_wrapped_0946.txt,nozzle_tip_wrapped,0,1,nozzle_abnormal,1,是
train,train/images/nozzle_tip_wrapped_0947.jpg,train/labels/nozzle_tip_wrapped_0947.txt,nozzle_tip_wrapped,0,1,nozzle_abnormal,1,是
train,train/images/nozzle_tip_wrapped_0948.jpg,train/labels/nozzle_tip_wrapped_0948.txt,nozzle_tip_wrapped,0,1,nozzle_abnormal,1,是
train,train/images/nozzle_tip_wrapped_0949.jpg,train/labels/nozzle_tip_wrapped_0949.txt,nozzle_tip_wrapped,0,1,nozzle_abnormal,1,是
train,train/images/nozzle_tip_wrapped_0953.jpg,train/labels/nozzle_tip_wrapped_0953.txt,nozzle_tip_wrapped,0,1,nozzle_abnormal,1,是
train,train/images/nozzle_tip_wrapped_0954.jpg,train/labels/nozzle_tip_wrapped_0954.txt,nozzle_tip_wrapped,0,1,nozzle_abnormal,1,是
train,train/images/nozzle_tip_wrapped_0955.jpg,train/labels/nozzle_tip_wrapped_0955.txt,nozzle_tip_wrapped,0,1,nozzle_abnormal,1,是
train,train/images/nozzle_tip_wrapped_0957.jpg,train/labels/nozzle_tip_wrapped_0957.txt,nozzle_tip_wrapped,0,1,nozzle_abnormal,1,是
train,train/images/nozzle_tip_wrapped_0959.jpg,train/labels/nozzle_tip_wrapped_0959.txt,nozzle_tip_wrapped,0,1,nozzle_abnormal,1,是
train,train/images/nozzle_tip_wrapped_0961.jpg,train/labels/nozzle_tip_wrapped_0961.txt,nozzle_tip_wrapped,0,1,nozzle_abnormal,1,是
train,train/images/nozzle_tip_wrapped_0963.jpg,train/labels/nozzle_tip_wrapped_0963.txt,nozzle_tip_wrapped,0,1,nozzle_abnormal,1,是
train,train/images/nozzle_tip_wrapped_0965.jpg,train/labels/nozzle_tip_wrapped_0965.txt,nozzle_tip_wrapped,0,1,nozzle_abnormal,1,是
train,train/images/nozzle_tip_wrapped_0966.jpg,train/labels/nozzle_tip_wrapped_0966.txt,nozzle_tip_wrapped,0,1,nozzle_abnormal,1,是
train,train/images/nozzle_tip_wrapped_0967.jpg,train/labels/nozzle_tip_wrapped_0967.txt,nozzle_tip_wrapped,0,1,nozzle_abnormal,1,是
train,train/images/nozzle_tip_wrapped_0969.jpg,train/labels/nozzle_tip_wrapped_0969.txt,nozzle_tip_wrapped,0,1,nozzle_abnormal,1,是
train,train/images/nozzle_tip_wrapped_0970.jpg,train/labels/nozzle_tip_wrapped_0970.txt,nozzle_tip_wrapped,0,1,nozzle_abnormal,1,是
train,train/images/nozzle_tip_wrapped_0971.jpg,train/labels/nozzle_tip_wrapped_0971.txt,nozzle_tip_wrapped,0,1,nozzle_abnormal,1,是
train,train/images/nozzle_tip_wrapped_0972.jpg,train/labels/nozzle_tip_wrapped_0972.txt,nozzle_tip_wrapped,0,1,nozzle_abnormal,1,是
train,train/images/nozzle_tip_wrapped_0973.jpg,train/labels/nozzle_tip_wrapped_0973.txt,nozzle_tip_wrapped,0,1,nozzle_abnormal,1,是
train,train/images/nozzle_tip_wrapped_0976.jpg,train/labels/nozzle_tip_wrapped_0976.txt,nozzle_tip_wrapped,0,1,nozzle_abnormal,1,是
train,train/images/nozzle_tip_wrapped_0977.jpg,train/labels/nozzle_tip_wrapped_0977.txt,nozzle_tip_wrapped,0,1,nozzle_abnormal,1,是
train,train/images/nozzle_tip_wrapped_0978.jpg,train/labels/nozzle_tip_wrapped_0978.txt,nozzle_tip_wrapped,0,1,nozzle_abnormal,1,是
train,train/images/nozzle_tip_wrapped_0979.jpg,train/labels/nozzle_tip_wrapped_0979.txt,nozzle_tip_wrapped,0,1,nozzle_abnormal,1,是
train,train/images/nozzle_tip_wrapped_0980.jpg,train/labels/nozzle_tip_wrapped_0980.txt,nozzle_tip_wrapped,0,1,nozzle_abnormal,1,是
train,train/images/nozzle_tip_wrapped_0982.jpg,train/labels/nozzle_tip_wrapped_0982.txt,nozzle_tip_wrapped,0,1,nozzle_abnormal,1,是
train,train/images/nozzle_tip_wrapped_0985.jpg,train/labels/nozzle_tip_wrapped_0985.txt,nozzle_tip_wrapped,0,1,nozzle_abnormal,1,是
train,train/images/nozzle_tip_wrapped_0986.jpg,train/labels/nozzle_tip_wrapped_0986.txt,nozzle_tip_wrapped,0,1,nozzle_abnormal,1,是
train,train/images/nozzle_tip_wrapped_0987.jpg,train/labels/nozzle_tip_wrapped_0987.txt,nozzle_tip_wrapped,0,1,nozzle_abnormal,1,是
train,train/images/nozzle_tip_wrapped_0988.jpg,train/labels/nozzle_tip_wrapped_0988.txt,nozzle_tip_wrapped,0,1,nozzle_abnormal,1,是
train,train/images/nozzle_tip_wrapped_0989.jpg,train/labels/nozzle_tip_wrapped_0989.txt,nozzle_tip_wrapped,0,1,nozzle_abnormal,1,是
train,train/images/nozzle_tip_wrapped_0991.jpg,train/labels/nozzle_tip_wrapped_0991.txt,nozzle_tip_wrapped,0,1,nozzle_abnormal,1,是
train,train/images/nozzle_tip_wrapped_0992.jpg,train/labels/nozzle_tip_wrapped_0992.txt,nozzle_tip_wrapped,0,1,nozzle_abnormal,1,是
train,train/images/nozzle_tip_wrapped_0996.jpg,train/labels/nozzle_tip_wrapped_0996.txt,nozzle_tip_wrapped,0,1,nozzle_abnormal,1,是
train,train/images/nozzle_tip_wrapped_0997.jpg,train/labels/nozzle_tip_wrapped_0997.txt,nozzle_tip_wrapped,0,1,nozzle_abnormal,1,是
train,train/images/nozzle_tip_wrapped_0998.jpg,train/labels/nozzle_tip_wrapped_0998.txt,nozzle_tip_wrapped,0,1,nozzle_abnormal,1,是
train,train/images/nozzle_tip_wrapped_1000.jpg,train/labels/nozzle_tip_wrapped_1000.txt,nozzle_tip_wrapped,0,1,nozzle_abnormal,1,是
train,train/images/nozzle_tip_wrapped_1001.jpg,train/labels/nozzle_tip_wrapped_1001.txt,nozzle_tip_wrapped,0,1,nozzle_abnormal,1,是
train,train/images/nozzle_tip_wrapped_1002.jpg,train/labels/nozzle_tip_wrapped_1002.txt,nozzle_tip_wrapped,0,1,nozzle_abnormal,1,是
train,train/images/nozzle_tip_wrapped_1003.jpg,train/labels/nozzle_tip_wrapped_1003.txt,nozzle_tip_wrapped,0,1,nozzle_abnormal,1,是
train,train/images/nozzle_tip_wrapped_1004.jpg,train/labels/nozzle_tip_wrapped_1004.txt,nozzle_tip_wrapped,0,1,nozzle_abnormal,1,是
train,train/images/nozzle_tip_wrapped_1005.jpg,train/labels/nozzle_tip_wrapped_1005.txt,nozzle_tip_wrapped,0,1,nozzle_abnormal,1,是
train,train/images/nozzle_tip_wrapped_1006.jpg,train/labels/nozzle_tip_wrapped_1006.txt,nozzle_tip_wrapped,0,1,nozzle_abnormal,1,是
train,train/images/nozzle_tip_wrapped_1007.jpg,train/labels/nozzle_tip_wrapped_1007.txt,nozzle_tip_wrapped,0,1,nozzle_abnormal,1,是
train,train/images/nozzle_tip_wrapped_1009.jpg,train/labels/nozzle_tip_wrapped_1009.txt,nozzle_tip_wrapped,0,1,nozzle_abnormal,1,是
train,train/images/nozzle_tip_wrapped_1012.jpg,train/labels/nozzle_tip_wrapped_1012.txt,nozzle_tip_wrapped,0,1,nozzle_abnormal,1,是
train,train/images/nozzle_tip_wrapped_1013.jpg,train/labels/nozzle_tip_wrapped_1013.txt,nozzle_tip_wrapped,0,1,nozzle_abnormal,1,是
train,train/images/nozzle_tip_wrapped_1018.jpg,train/labels/nozzle_tip_wrapped_1018.txt,nozzle_tip_wrapped,0,1,nozzle_abnormal,1,是
train,train/images/nozzle_tip_wrapped_1019.jpg,train/labels/nozzle_tip_wrapped_1019.txt,nozzle_tip_wrapped,0,1,nozzle_abnormal,1,是
train,train/images/nozzle_tip_wrapped_1021.jpg,train/labels/nozzle_tip_wrapped_1021.txt,nozzle_tip_wrapped,0,1,nozzle_abnormal,1,是
train,train/images/nozzle_tip_wrapped_1023.jpg,train/labels/nozzle_tip_wrapped_1023.txt,nozzle_tip_wrapped,0,1,nozzle_abnormal,1,是
train,train/images/nozzle_tip_wrapped_1024.jpg,train/labels/nozzle_tip_wrapped_1024.txt,nozzle_tip_wrapped,0,1,nozzle_abnormal,1,是
train,train/images/nozzle_tip_wrapped_1025.jpg,train/labels/nozzle_tip_wrapped_1025.txt,nozzle_tip_wrapped,0,1,nozzle_abnormal,1,是
train,train/images/nozzle_tip_wrapped_1026.jpg,train/labels/nozzle_tip_wrapped_1026.txt,nozzle_tip_wrapped,0,1,nozzle_abnormal,1,是
train,train/images/nozzle_tip_wrapped_1027.jpg,train/labels/nozzle_tip_wrapped_1027.txt,nozzle_tip_wrapped,0,1,nozzle_abnormal,1,是
train,train/images/nozzle_tip_wrapped_1028.jpg,train/labels/nozzle_tip_wrapped_1028.txt,nozzle_tip_wrapped,0,1,nozzle_abnormal,1,是
train,train/images/nozzle_tip_wrapped_1029.jpg,train/labels/nozzle_tip_wrapped_1029.txt,nozzle_tip_wrapped,0,1,nozzle_abnormal,1,是
train,train/images/nozzle_tip_wrapped_1030.jpg,train/labels/nozzle_tip_wrapped_1030.txt,nozzle_tip_wrapped,0,1,nozzle_abnormal,1,是
train,train/images/nozzle_tip_wrapped_1031.jpg,train/labels/nozzle_tip_wrapped_1031.txt,nozzle_tip_wrapped,0,1,nozzle_abnormal,1,是
train,train/images/nozzle_tip_wrapped_1032.jpg,train/labels/nozzle_tip_wrapped_1032.txt,nozzle_tip_wrapped,0,1,nozzle_abnormal,1,是
train,train/images/nozzle_tip_wrapped_1034.jpg,train/labels/nozzle_tip_wrapped_1034.txt,nozzle_tip_wrapped,0,1,nozzle_abnormal,1,是
train,train/images/nozzle_tip_wrapped_1039.jpg,train/labels/nozzle_tip_wrapped_1039.txt,nozzle_tip_wrapped,0,1,nozzle_abnormal,1,是
train,train/images/nozzle_tip_wrapped_1040.jpg,train/labels/nozzle_tip_wrapped_1040.txt,nozzle_tip_wrapped,0,1,nozzle_abnormal,1,是
train,train/images/nozzle_tip_wrapped_1043.jpg,train/labels/nozzle_tip_wrapped_1043.txt,nozzle_tip_wrapped,0,1,nozzle_abnormal,1,是
train,train/images/nozzle_tip_wrapped_1044.jpg,train/labels/nozzle_tip_wrapped_1044.txt,nozzle_tip_wrapped,0,1,nozzle_abnormal,1,是
train,train/images/nozzle_tip_wrapped_1045.jpg,train/labels/nozzle_tip_wrapped_1045.txt,nozzle_tip_wrapped,0,1,nozzle_abnormal,1,是
train,train/images/nozzle_tip_wrapped_1047.jpg,train/labels/nozzle_tip_wrapped_1047.txt,nozzle_tip_wrapped,0,1,nozzle_abnormal,1,是
train,train/images/nozzle_tip_wrapped_1048.jpg,train/labels/nozzle_tip_wrapped_1048.txt,nozzle_tip_wrapped,0,1,nozzle_abnormal,1,是
train,train/images/nozzle_tip_wrapped_1049.jpg,train/labels/nozzle_tip_wrapped_1049.txt,nozzle_tip_wrapped,0,1,nozzle_abnormal,1,是
train,train/images/nozzle_tip_wrapped_1050.jpg,train/labels/nozzle_tip_wrapped_1050.txt,nozzle_tip_wrapped,0,1,nozzle_abnormal,1,是
train,train/images/nozzle_tip_wrapped_1051.jpg,train/labels/nozzle_tip_wrapped_1051.txt,nozzle_tip_wrapped,0,1,nozzle_abnormal,1,是
train,train/images/nozzle_tip_wrapped_1052.jpg,train/labels/nozzle_tip_wrapped_1052.txt,nozzle_tip_wrapped,0,1,nozzle_abnormal,1,是
train,train/images/nozzle_tip_wrapped_1054.jpg,train/labels/nozzle_tip_wrapped_1054.txt,nozzle_tip_wrapped,0,1,nozzle_abnormal,1,是
train,train/images/nozzle_tip_wrapped_1055.jpg,train/labels/nozzle_tip_wrapped_1055.txt,nozzle_tip_wrapped,0,1,nozzle_abnormal,1,是
train,train/images/nozzle_tip_wrapped_1056.jpg,train/labels/nozzle_tip_wrapped_1056.txt,nozzle_tip_wrapped,0,1,nozzle_abnormal,1,是
train,train/images/nozzle_tip_wrapped_1058.jpg,train/labels/nozzle_tip_wrapped_1058.txt,nozzle_tip_wrapped,0,1,nozzle_abnormal,1,是
train,train/images/nozzle_tip_wrapped_1063.jpg,train/labels/nozzle_tip_wrapped_1063.txt,nozzle_tip_wrapped,0,1,nozzle_abnormal,1,是
train,train/images/nozzle_tip_wrapped_1064.jpg,train/labels/nozzle_tip_wrapped_1064.txt,nozzle_tip_wrapped,0,1,nozzle_abnormal,1,是
train,train/images/nozzle_tip_wrapped_1066.jpg,train/labels/nozzle_tip_wrapped_1066.txt,nozzle_tip_wrapped,0,1,nozzle_abnormal,1,是
train,train/images/nozzle_tip_wrapped_1067.jpg,train/labels/nozzle_tip_wrapped_1067.txt,nozzle_tip_wrapped,0,1,nozzle_abnormal,1,是
train,train/images/nozzle_tip_wrapped_1068.jpg,train/labels/nozzle_tip_wrapped_1068.txt,nozzle_tip_wrapped,0,1,nozzle_abnormal,1,是
train,train/images/nozzle_tip_wrapped_1071.jpg,train/labels/nozzle_tip_wrapped_1071.txt,nozzle_tip_wrapped,0,1,nozzle_abnormal,1,是
train,train/images/nozzle_tip_wrapped_1074.jpg,train/labels/nozzle_tip_wrapped_1074.txt,nozzle_tip_wrapped,0,1,nozzle_abnormal,1,是
train,train/images/nozzle_tip_wrapped_1076.jpg,train/labels/nozzle_tip_wrapped_1076.txt,nozzle_tip_wrapped,0,1,nozzle_abnormal,1,是
train,train/images/nozzle_tip_wrapped_1077.jpg,train/labels/nozzle_tip_wrapped_1077.txt,nozzle_tip_wrapped,0,1,nozzle_abnormal,1,是
train,train/images/nozzle_tip_wrapped_1078.jpg,train/labels/nozzle_tip_wrapped_1078.txt,nozzle_tip_wrapped,0,1,nozzle_abnormal,1,是
train,train/images/nozzle_tip_wrapped_1079.jpg,train/labels/nozzle_tip_wrapped_1079.txt,nozzle_tip_wrapped,0,1,nozzle_abnormal,1,是
train,train/images/nozzle_tip_wrapped_1080.jpg,train/labels/nozzle_tip_wrapped_1080.txt,nozzle_tip_wrapped,0,1,nozzle_abnormal,1,是
train,train/images/nozzle_tip_wrapped_1081.jpg,train/labels/nozzle_tip_wrapped_1081.txt,nozzle_tip_wrapped,0,1,nozzle_abnormal,1,是
train,train/images/nozzle_tip_wrapped_1084.jpg,train/labels/nozzle_tip_wrapped_1084.txt,nozzle_tip_wrapped,0,1,nozzle_abnormal,1,是
train,train/images/nozzle_tip_wrapped_1086.jpg,train/labels/nozzle_tip_wrapped_1086.txt,nozzle_tip_wrapped,0,1,nozzle_abnormal,1,是
train,train/images/nozzle_tip_wrapped_1087.jpg,train/labels/nozzle_tip_wrapped_1087.txt,nozzle_tip_wrapped,0,1,nozzle_abnormal,1,是
train,train/images/nozzle_tip_wrapped_1089.jpg,train/labels/nozzle_tip_wrapped_1089.txt,nozzle_tip_wrapped,0,1,nozzle_abnormal,1,是
train,train/images/nozzle_tip_wrapped_1090.jpg,train/labels/nozzle_tip_wrapped_1090.txt,nozzle_tip_wrapped,0,1,nozzle_abnormal,1,是
train,train/images/nozzle_tip_wrapped_1091.jpg,train/labels/nozzle_tip_wrapped_1091.txt,nozzle_tip_wrapped,0,1,nozzle_abnormal,1,是
train,train/images/nozzle_tip_wrapped_1092.jpg,train/labels/nozzle_tip_wrapped_1092.txt,nozzle_tip_wrapped,0,1,nozzle_abnormal,1,是
train,train/images/nozzle_tip_wrapped_1093.jpg,train/labels/nozzle_tip_wrapped_1093.txt,nozzle_tip_wrapped,0,1,nozzle_abnormal,1,是
train,train/images/nozzle_tip_wrapped_1096.jpg,train/labels/nozzle_tip_wrapped_1096.txt,nozzle_tip_wrapped,0,1,nozzle_abnormal,1,是
train,train/images/nozzle_tip_wrapped_1097.jpg,train/labels/nozzle_tip_wrapped_1097.txt,nozzle_tip_wrapped,0,1,nozzle_abnormal,1,是
train,train/images/nozzle_tip_wrapped_1098.jpg,train/labels/nozzle_tip_wrapped_1098.txt,nozzle_tip_wrapped,0,1,nozzle_abnormal,1,是
train,train/images/nozzle_tip_wrapped_1099.jpg,train/labels/nozzle_tip_wrapped_1099.txt,nozzle_tip_wrapped,0,1,nozzle_abnormal,1,是
train,train/images/nozzle_tip_wrapped_1100.jpg,train/labels/nozzle_tip_wrapped_1100.txt,nozzle_tip_wrapped,0,1,nozzle_abnormal,1,是
train,train/images/nozzle_tip_wrapped_1102.jpg,train/labels/nozzle_tip_wrapped_1102.txt,nozzle_tip_wrapped,0,1,nozzle_abnormal,1,是
train,train/images/nozzle_tip_wrapped_1103.jpg,train/labels/nozzle_tip_wrapped_1103.txt,nozzle_tip_wrapped,0,1,nozzle_abnormal,1,是
train,train/images/nozzle_tip_wrapped_1104.jpg,train/labels/nozzle_tip_wrapped_1104.txt,nozzle_tip_wrapped,0,1,nozzle_abnormal,1,是
train,train/images/nozzle_tip_wrapped_1105.jpg,train/labels/nozzle_tip_wrapped_1105.txt,nozzle_tip_wrapped,0,1,nozzle_abnormal,1,是
train,train/images/nozzle_tip_wrapped_1106.jpg,train/labels/nozzle_tip_wrapped_1106.txt,nozzle_tip_wrapped,0,1,nozzle_abnormal,1,是
train,train/images/nozzle_tip_wrapped_1107.jpg,train/labels/nozzle_tip_wrapped_1107.txt,nozzle_tip_wrapped,0,1,nozzle_abnormal,1,是
train,train/images/nozzle_tip_wrapped_1108.jpg,train/labels/nozzle_tip_wrapped_1108.txt,nozzle_tip_wrapped,0,1,nozzle_abnormal,1,是
train,train/images/nozzle_tip_wrapped_1110.jpg,train/labels/nozzle_tip_wrapped_1110.txt,nozzle_tip_wrapped,0,1,nozzle_abnormal,1,是
train,train/images/nozzle_tip_wrapped_1113.jpg,train/labels/nozzle_tip_wrapped_1113.txt,nozzle_tip_wrapped,0,1,nozzle_abnormal,1,是
train,train/images/nozzle_tip_wrapped_1114.jpg,train/labels/nozzle_tip_wrapped_1114.txt,nozzle_tip_wrapped,0,1,nozzle_abnormal,1,是
train,train/images/nozzle_tip_wrapped_1115.jpg,train/labels/nozzle_tip_wrapped_1115.txt,nozzle_tip_wrapped,0,1,nozzle_abnormal,1,是
train,train/images/nozzle_tip_wrapped_1117.jpg,train/labels/nozzle_tip_wrapped_1117.txt,nozzle_tip_wrapped,0,1,nozzle_abnormal,1,是
train,train/images/nozzle_tip_wrapped_1118.jpg,train/labels/nozzle_tip_wrapped_1118.txt,nozzle_tip_wrapped,0,1,nozzle_abnormal,1,是
train,train/images/nozzle_tip_wrapped_1119.jpg,train/labels/nozzle_tip_wrapped_1119.txt,nozzle_tip_wrapped,0,1,nozzle_abnormal,1,是
train,train/images/nozzle_tip_wrapped_1120.jpg,train/labels/nozzle_tip_wrapped_1120.txt,nozzle_tip_wrapped,0,1,nozzle_abnormal,1,是
train,train/images/nozzle_tip_wrapped_1124.jpg,train/labels/nozzle_tip_wrapped_1124.txt,nozzle_tip_wrapped,0,1,nozzle_abnormal,1,是
train,train/images/nozzle_tip_wrapped_1125.jpg,train/labels/nozzle_tip_wrapped_1125.txt,nozzle_tip_wrapped,0,1,nozzle_abnormal,1,是
train,train/images/nozzle_tip_wrapped_1127.jpg,train/labels/nozzle_tip_wrapped_1127.txt,nozzle_tip_wrapped,0,1,nozzle_abnormal,1,是
train,train/images/nozzle_tip_wrapped_1128.jpg,train/labels/nozzle_tip_wrapped_1128.txt,nozzle_tip_wrapped,0,1,nozzle_abnormal,1,是
train,train/images/nozzle_tip_wrapped_1129.jpg,train/labels/nozzle_tip_wrapped_1129.txt,nozzle_tip_wrapped,0,1,nozzle_abnormal,1,是
train,train/images/nozzle_tip_wrapped_1130.jpg,train/labels/nozzle_tip_wrapped_1130.txt,nozzle_tip_wrapped,0,1,nozzle_abnormal,1,是
train,train/images/nozzle_tip_wrapped_1131.jpg,train/labels/nozzle_tip_wrapped_1131.txt,nozzle_tip_wrapped,0,1,nozzle_abnormal,1,是
train,train/images/nozzle_tip_wrapped_1132.jpg,train/labels/nozzle_tip_wrapped_1132.txt,nozzle_tip_wrapped,0,1,nozzle_abnormal,1,是
train,train/images/nozzle_tip_wrapped_1133.jpg,train/labels/nozzle_tip_wrapped_1133.txt,nozzle_tip_wrapped,0,1,nozzle_abnormal,1,是
train,train/images/nozzle_tip_wrapped_1134.jpg,train/labels/nozzle_tip_wrapped_1134.txt,nozzle_tip_wrapped,0,1,nozzle_abnormal,1,是
train,train/images/nozzle_tip_wrapped_1135.jpg,train/labels/nozzle_tip_wrapped_1135.txt,nozzle_tip_wrapped,0,1,nozzle_abnormal,1,是
train,train/images/nozzle_tip_wrapped_1136.jpg,train/labels/nozzle_tip_wrapped_1136.txt,nozzle_tip_wrapped,0,1,nozzle_abnormal,1,是
train,train/images/nozzle_tip_wrapped_1138.jpg,train/labels/nozzle_tip_wrapped_1138.txt,nozzle_tip_wrapped,0,1,nozzle_abnormal,1,是
train,train/images/nozzle_tip_wrapped_1139.jpg,train/labels/nozzle_tip_wrapped_1139.txt,nozzle_tip_wrapped,0,1,nozzle_abnormal,1,是
train,train/images/nozzle_tip_wrapped_1141.jpg,train/labels/nozzle_tip_wrapped_1141.txt,nozzle_tip_wrapped,0,1,nozzle_abnormal,1,是
train,train/images/nozzle_tip_wrapped_1143.jpg,train/labels/nozzle_tip_wrapped_1143.txt,nozzle_tip_wrapped,0,1,nozzle_abnormal,1,是
train,train/images/nozzle_tip_wrapped_1145.jpg,train/labels/nozzle_tip_wrapped_1145.txt,nozzle_tip_wrapped,0,1,nozzle_abnormal,1,是
train,train/images/nozzle_tip_wrapped_1146.jpg,train/labels/nozzle_tip_wrapped_1146.txt,nozzle_tip_wrapped,0,1,nozzle_abnormal,1,是
train,train/images/nozzle_tip_wrapped_1147.jpg,train/labels/nozzle_tip_wrapped_1147.txt,nozzle_tip_wrapped,0,1,nozzle_abnormal,1,是
train,train/images/nozzle_tip_wrapped_1148.jpg,train/labels/nozzle_tip_wrapped_1148.txt,nozzle_tip_wrapped,0,1,nozzle_abnormal,1,是
train,train/images/nozzle_tip_wrapped_1149.jpg,train/labels/nozzle_tip_wrapped_1149.txt,nozzle_tip_wrapped,0,1,nozzle_abnormal,1,是
train,train/images/nozzle_tip_wrapped_1151.jpg,train/labels/nozzle_tip_wrapped_1151.txt,nozzle_tip_wrapped,0,1,nozzle_abnormal,1,是
train,train/images/nozzle_tip_wrapped_1153.jpg,train/labels/nozzle_tip_wrapped_1153.txt,nozzle_tip_wrapped,0,1,nozzle_abnormal,1,是
train,train/images/nozzle_tip_wrapped_1154.jpg,train/labels/nozzle_tip_wrapped_1154.txt,nozzle_tip_wrapped,0,1,nozzle_abnormal,1,是
train,train/images/nozzle_tip_wrapped_1155.jpg,train/labels/nozzle_tip_wrapped_1155.txt,nozzle_tip_wrapped,0,1,nozzle_abnormal,1,是
train,train/images/nozzle_tip_wrapped_1156.jpg,train/labels/nozzle_tip_wrapped_1156.txt,nozzle_tip_wrapped,0,1,nozzle_abnormal,1,是
train,train/images/nozzle_tip_wrapped_1158.jpg,train/labels/nozzle_tip_wrapped_1158.txt,nozzle_tip_wrapped,0,1,nozzle_abnormal,1,是
train,train/images/nozzle_tip_wrapped_1159.jpg,train/labels/nozzle_tip_wrapped_1159.txt,nozzle_tip_wrapped,0,1,nozzle_abnormal,1,是
train,train/images/nozzle_tip_wrapped_1160.jpg,train/labels/nozzle_tip_wrapped_1160.txt,nozzle_tip_wrapped,0,1,nozzle_abnormal,1,是
train,train/images/nozzle_tip_wrapped_1161.jpg,train/labels/nozzle_tip_wrapped_1161.txt,nozzle_tip_wrapped,0,1,nozzle_abnormal,1,是
train,train/images/nozzle_tip_wrapped_1162.jpg,train/labels/nozzle_tip_wrapped_1162.txt,nozzle_tip_wrapped,0,1,nozzle_abnormal,1,是
train,train/images/nozzle_tip_wrapped_1163.jpg,train/labels/nozzle_tip_wrapped_1163.txt,nozzle_tip_wrapped,0,1,nozzle_abnormal,1,是
train,train/images/nozzle_tip_wrapped_1164.jpg,train/labels/nozzle_tip_wrapped_1164.txt,nozzle_tip_wrapped,0,1,nozzle_abnormal,1,是
train,train/images/nozzle_tip_wrapped_1165.jpg,train/labels/nozzle_tip_wrapped_1165.txt,nozzle_tip_wrapped,0,1,nozzle_abnormal,1,是
train,train/images/nozzle_tip_wrapped_1166.jpg,train/labels/nozzle_tip_wrapped_1166.txt,nozzle_tip_wrapped,0,1,nozzle_abnormal,1,是
train,train/images/nozzle_tip_wrapped_1169.jpg,train/labels/nozzle_tip_wrapped_1169.txt,nozzle_tip_wrapped,0,1,nozzle_abnormal,1,是
train,train/images/nozzle_tip_wrapped_1170.jpg,train/labels/nozzle_tip_wrapped_1170.txt,nozzle_tip_wrapped,0,1,nozzle_abnormal,1,是
train,train/images/nozzle_tip_wrapped_1173.jpg,train/labels/nozzle_tip_wrapped_1173.txt,nozzle_tip_wrapped,0,1,nozzle_abnormal,1,是
train,train/images/nozzle_tip_wrapped_1175.jpg,train/labels/nozzle_tip_wrapped_1175.txt,nozzle_tip_wrapped,0,1,nozzle_abnormal,1,是
train,train/images/nozzle_tip_wrapped_1177.jpg,train/labels/nozzle_tip_wrapped_1177.txt,nozzle_tip_wrapped,0,1,nozzle_abnormal,1,是
train,train/images/nozzle_tip_wrapped_1178.jpg,train/labels/nozzle_tip_wrapped_1178.txt,nozzle_tip_wrapped,0,1,nozzle_abnormal,1,是
train,train/images/nozzle_tip_wrapped_1181.jpg,train/labels/nozzle_tip_wrapped_1181.txt,nozzle_tip_wrapped,0,1,nozzle_abnormal,1,是
train,train/images/nozzle_tip_wrapped_1182.jpg,train/labels/nozzle_tip_wrapped_1182.txt,nozzle_tip_wrapped,0,1,nozzle_abnormal,1,是
train,train/images/nozzle_tip_wrapped_1183.jpg,train/labels/nozzle_tip_wrapped_1183.txt,nozzle_tip_wrapped,0,1,nozzle_abnormal,1,是
train,train/images/nozzle_tip_wrapped_1185.jpg,train/labels/nozzle_tip_wrapped_1185.txt,nozzle_tip_wrapped,0,1,nozzle_abnormal,1,是
train,train/images/nozzle_tip_wrapped_1187.jpg,train/labels/nozzle_tip_wrapped_1187.txt,nozzle_tip_wrapped,0,1,nozzle_abnormal,1,是
train,train/images/nozzle_tip_wrapped_1188.jpg,train/labels/nozzle_tip_wrapped_1188.txt,nozzle_tip_wrapped,0,1,nozzle_abnormal,1,是
train,train/images/nozzle_tip_wrapped_1189.jpg,train/labels/nozzle_tip_wrapped_1189.txt,nozzle_tip_wrapped,0,1,nozzle_abnormal,1,是
train,train/images/nozzle_tip_wrapped_1190.jpg,train/labels/nozzle_tip_wrapped_1190.txt,nozzle_tip_wrapped,0,1,nozzle_abnormal,1,是
train,train/images/nozzle_tip_wrapped_1191.jpg,train/labels/nozzle_tip_wrapped_1191.txt,nozzle_tip_wrapped,0,1,nozzle_abnormal,1,是
train,train/images/nozzle_tip_wrapped_1192.jpg,train/labels/nozzle_tip_wrapped_1192.txt,nozzle_tip_wrapped,0,1,nozzle_abnormal,1,是
train,train/images/nozzle_tip_wrapped_1195.jpg,train/labels/nozzle_tip_wrapped_1195.txt,nozzle_tip_wrapped,0,1,nozzle_abnormal,1,是
train,train/images/nozzle_tip_wrapped_1196.jpg,train/labels/nozzle_tip_wrapped_1196.txt,nozzle_tip_wrapped,0,1,nozzle_abnormal,1,是
train,train/images/nozzle_tip_wrapped_1198.jpg,train/labels/nozzle_tip_wrapped_1198.txt,nozzle_tip_wrapped,0,1,nozzle_abnormal,1,是
train,train/images/nozzle_tip_wrapped_1200.jpg,train/labels/nozzle_tip_wrapped_1200.txt,nozzle_tip_wrapped,0,1,nozzle_abnormal,1,是
train,train/images/nozzle_tip_wrapped_1201.jpg,train/labels/nozzle_tip_wrapped_1201.txt,nozzle_tip_wrapped,0,1,nozzle_abnormal,1,是
train,train/images/nozzle_tip_wrapped_1202.jpg,train/labels/nozzle_tip_wrapped_1202.txt,nozzle_tip_wrapped,0,1,nozzle_abnormal,1,是
train,train/images/nozzle_tip_wrapped_1204.jpg,train/labels/nozzle_tip_wrapped_1204.txt,nozzle_tip_wrapped,0,1,nozzle_abnormal,1,是
train,train/images/nozzle_tip_wrapped_1205.jpg,train/labels/nozzle_tip_wrapped_1205.txt,nozzle_tip_wrapped,0,1,nozzle_abnormal,1,是
train,train/images/nozzle_tip_wrapped_1206.jpg,train/labels/nozzle_tip_wrapped_1206.txt,nozzle_tip_wrapped,0,1,nozzle_abnormal,1,是
train,train/images/nozzle_tip_wrapped_1207.jpg,train/labels/nozzle_tip_wrapped_1207.txt,nozzle_tip_wrapped,0,1,nozzle_abnormal,1,是
train,train/images/nozzle_tip_wrapped_1208.jpg,train/labels/nozzle_tip_wrapped_1208.txt,nozzle_tip_wrapped,0,1,nozzle_abnormal,1,是
train,train/images/nozzle_tip_wrapped_1209.jpg,train/labels/nozzle_tip_wrapped_1209.txt,nozzle_tip_wrapped,0,1,nozzle_abnormal,1,是
train,train/images/nozzle_tip_wrapped_1211.jpg,train/labels/nozzle_tip_wrapped_1211.txt,nozzle_tip_wrapped,0,1,nozzle_abnormal,1,是
train,train/images/nozzle_tip_wrapped_1212.jpg,train/labels/nozzle_tip_wrapped_1212.txt,nozzle_tip_wrapped,0,1,nozzle_abnormal,1,是
train,train/images/nozzle_tip_wrapped_1214.jpg,train/labels/nozzle_tip_wrapped_1214.txt,nozzle_tip_wrapped,0,1,nozzle_abnormal,1,是
train,train/images/nozzle_tip_wrapped_1217.jpg,train/labels/nozzle_tip_wrapped_1217.txt,nozzle_tip_wrapped,0,1,nozzle_abnormal,1,是
train,train/images/nozzle_tip_wrapped_1218.jpg,train/labels/nozzle_tip_wrapped_1218.txt,nozzle_tip_wrapped,0,1,nozzle_abnormal,1,是
train,train/images/nozzle_tip_wrapped_1221.jpg,train/labels/nozzle_tip_wrapped_1221.txt,nozzle_tip_wrapped,0,1,nozzle_abnormal,1,是
train,train/images/nozzle_tip_wrapped_1222.jpg,train/labels/nozzle_tip_wrapped_1222.txt,nozzle_tip_wrapped,0,1,nozzle_abnormal,1,是
train,train/images/nozzle_tip_wrapped_1224.jpg,train/labels/nozzle_tip_wrapped_1224.txt,nozzle_tip_wrapped,0,1,nozzle_abnormal,1,是
train,train/images/nozzle_tip_wrapped_1225.jpg,train/labels/nozzle_tip_wrapped_1225.txt,nozzle_tip_wrapped,0,1,nozzle_abnormal,1,是
train,train/images/nozzle_tip_wrapped_1226.jpg,train/labels/nozzle_tip_wrapped_1226.txt,nozzle_tip_wrapped,0,1,nozzle_abnormal,1,是
train,train/images/nozzle_tip_wrapped_1227.jpg,train/labels/nozzle_tip_wrapped_1227.txt,nozzle_tip_wrapped,0,1,nozzle_abnormal,1,是
train,train/images/nozzle_tip_wrapped_1228.jpg,train/labels/nozzle_tip_wrapped_1228.txt,nozzle_tip_wrapped,0,1,nozzle_abnormal,1,是
train,train/images/nozzle_tip_wrapped_1229.jpg,train/labels/nozzle_tip_wrapped_1229.txt,nozzle_tip_wrapped,0,1,nozzle_abnormal,1,是
train,train/images/nozzle_tip_wrapped_1230.jpg,train/labels/nozzle_tip_wrapped_1230.txt,nozzle_tip_wrapped,0,1,nozzle_abnormal,1,是
train,train/images/nozzle_tip_wrapped_1233.jpg,train/labels/nozzle_tip_wrapped_1233.txt,nozzle_tip_wrapped,0,1,nozzle_abnormal,1,是
train,train/images/nozzle_tip_wrapped_1234.jpg,train/labels/nozzle_tip_wrapped_1234.txt,nozzle_tip_wrapped,0,1,nozzle_abnormal,1,是
train,train/images/nozzle_tip_wrapped_1235.jpg,train/labels/nozzle_tip_wrapped_1235.txt,nozzle_tip_wrapped,0,1,nozzle_abnormal,1,是
train,train/images/nozzle_tip_wrapped_1236.jpg,train/labels/nozzle_tip_wrapped_1236.txt,nozzle_tip_wrapped,0,1,nozzle_abnormal,1,是
train,train/images/nozzle_tip_wrapped_1237.jpg,train/labels/nozzle_tip_wrapped_1237.txt,nozzle_tip_wrapped,0,1,nozzle_abnormal,1,是
train,train/images/nozzle_tip_wrapped_1238.jpg,train/labels/nozzle_tip_wrapped_1238.txt,nozzle_tip_wrapped,0,1,nozzle_abnormal,1,是
train,train/images/nozzle_tip_wrapped_1239.jpg,train/labels/nozzle_tip_wrapped_1239.txt,nozzle_tip_wrapped,0,1,nozzle_abnormal,1,是
train,train/images/nozzle_tip_wrapped_1240.jpg,train/labels/nozzle_tip_wrapped_1240.txt,nozzle_tip_wrapped,0,1,nozzle_abnormal,1,是
train,train/images/nozzle_tip_wrapped_1241.jpg,train/labels/nozzle_tip_wrapped_1241.txt,nozzle_tip_wrapped,0,1,nozzle_abnormal,1,是
train,train/images/nozzle_tip_wrapped_1242.jpg,train/labels/nozzle_tip_wrapped_1242.txt,nozzle_tip_wrapped,0,1,nozzle_abnormal,1,是
train,train/images/nozzle_tip_wrapped_1243.jpg,train/labels/nozzle_tip_wrapped_1243.txt,nozzle_tip_wrapped,0,1,nozzle_abnormal,1,是
train,train/images/nozzle_tip_wrapped_1245.jpg,train/labels/nozzle_tip_wrapped_1245.txt,nozzle_tip_wrapped,0,1,nozzle_abnormal,1,是
train,train/images/nozzle_tip_wrapped_1246.jpg,train/labels/nozzle_tip_wrapped_1246.txt,nozzle_tip_wrapped,0,1,nozzle_abnormal,1,是
train,train/images/nozzle_tip_wrapped_1249.jpg,train/labels/nozzle_tip_wrapped_1249.txt,nozzle_tip_wrapped,0,1,nozzle_abnormal,1,是
train,train/images/nozzle_tip_wrapped_1250.jpg,train/labels/nozzle_tip_wrapped_1250.txt,nozzle_tip_wrapped,0,1,nozzle_abnormal,1,是
train,train/images/nozzle_tip_wrapped_1251.jpg,train/labels/nozzle_tip_wrapped_1251.txt,nozzle_tip_wrapped,0,1,nozzle_abnormal,1,是
train,train/images/nozzle_tip_wrapped_1254.jpg,train/labels/nozzle_tip_wrapped_1254.txt,nozzle_tip_wrapped,0,1,nozzle_abnormal,1,是
train,train/images/nozzle_tip_wrapped_1255.jpg,train/labels/nozzle_tip_wrapped_1255.txt,nozzle_tip_wrapped,0,1,nozzle_abnormal,1,是
train,train/images/nozzle_tip_wrapped_1256.jpg,train/labels/nozzle_tip_wrapped_1256.txt,nozzle_tip_wrapped,0,1,nozzle_abnormal,1,是
train,train/images/nozzle_tip_wrapped_1257.jpg,train/labels/nozzle_tip_wrapped_1257.txt,nozzle_tip_wrapped,0,1,nozzle_abnormal,1,是
train,train/images/nozzle_tip_wrapped_1258.jpg,train/labels/nozzle_tip_wrapped_1258.txt,nozzle_tip_wrapped,0,1,nozzle_abnormal,1,是
train,train/images/nozzle_tip_wrapped_1259.jpg,train/labels/nozzle_tip_wrapped_1259.txt,nozzle_tip_wrapped,0,1,nozzle_abnormal,1,是
train,train/images/nozzle_tip_wrapped_1261.jpg,train/labels/nozzle_tip_wrapped_1261.txt,nozzle_tip_wrapped,0,1,nozzle_abnormal,1,是
train,train/images/nozzle_tip_wrapped_1262.jpg,train/labels/nozzle_tip_wrapped_1262.txt,nozzle_tip_wrapped,0,1,nozzle_abnormal,1,是
train,train/images/nozzle_tip_wrapped_1263.jpg,train/labels/nozzle_tip_wrapped_1263.txt,nozzle_tip_wrapped,0,1,nozzle_abnormal,1,是
train,train/images/nozzle_tip_wrapped_1264.jpg,train/labels/nozzle_tip_wrapped_1264.txt,nozzle_tip_wrapped,0,1,nozzle_abnormal,1,是
train,train/images/nozzle_tip_wrapped_1265.jpg,train/labels/nozzle_tip_wrapped_1265.txt,nozzle_tip_wrapped,0,1,nozzle_abnormal,1,是
train,train/images/nozzle_tip_wrapped_1267.jpg,train/labels/nozzle_tip_wrapped_1267.txt,nozzle_tip_wrapped,0,1,nozzle_abnormal,1,是
train,train/images/nozzle_tip_wrapped_1269.jpg,train/labels/nozzle_tip_wrapped_1269.txt,nozzle_tip_wrapped,0,1,nozzle_abnormal,1,是
train,train/images/nozzle_tip_wrapped_1271.jpg,train/labels/nozzle_tip_wrapped_1271.txt,nozzle_tip_wrapped,0,1,nozzle_abnormal,1,是
train,train/images/nozzle_tip_wrapped_1273.jpg,train/labels/nozzle_tip_wrapped_1273.txt,nozzle_tip_wrapped,0,1,nozzle_abnormal,1,是
train,train/images/nozzle_tip_wrapped_1274.jpg,train/labels/nozzle_tip_wrapped_1274.txt,nozzle_tip_wrapped,0,1,nozzle_abnormal,1,是
train,train/images/nozzle_tip_wrapped_1275.jpg,train/labels/nozzle_tip_wrapped_1275.txt,nozzle_tip_wrapped,0,1,nozzle_abnormal,1,是
train,train/images/nozzle_tip_wrapped_1276.jpg,train/labels/nozzle_tip_wrapped_1276.txt,nozzle_tip_wrapped,0,1,nozzle_abnormal,1,是
train,train/images/nozzle_tip_wrapped_1277.jpg,train/labels/nozzle_tip_wrapped_1277.txt,nozzle_tip_wrapped,0,1,nozzle_abnormal,1,是
train,train/images/nozzle_tip_wrapped_1279.jpg,train/labels/nozzle_tip_wrapped_1279.txt,nozzle_tip_wrapped,0,1,nozzle_abnormal,1,是
train,train/images/nozzle_tip_wrapped_1280.jpg,train/labels/nozzle_tip_wrapped_1280.txt,nozzle_tip_wrapped,0,1,nozzle_abnormal,1,是
train,train/images/nozzle_tip_wrapped_1281.jpg,train/labels/nozzle_tip_wrapped_1281.txt,nozzle_tip_wrapped,0,1,nozzle_abnormal,1,是
train,train/images/nozzle_tip_wrapped_1283.jpg,train/labels/nozzle_tip_wrapped_1283.txt,nozzle_tip_wrapped,0,1,nozzle_abnormal,1,是
train,train/images/nozzle_tip_wrapped_1284.jpg,train/labels/nozzle_tip_wrapped_1284.txt,nozzle_tip_wrapped,0,1,nozzle_abnormal,1,是
train,train/images/nozzle_tip_wrapped_1285.jpg,train/labels/nozzle_tip_wrapped_1285.txt,nozzle_tip_wrapped,0,1,nozzle_abnormal,1,是
train,train/images/nozzle_tip_wrapped_1286.jpg,train/labels/nozzle_tip_wrapped_1286.txt,nozzle_tip_wrapped,0,1,nozzle_abnormal,1,是
train,train/images/nozzle_tip_wrapped_1289.jpg,train/labels/nozzle_tip_wrapped_1289.txt,nozzle_tip_wrapped,0,1,nozzle_abnormal,1,是
train,train/images/nozzle_tip_wrapped_1291.jpg,train/labels/nozzle_tip_wrapped_1291.txt,nozzle_tip_wrapped,0,1,nozzle_abnormal,1,是
train,train/images/nozzle_tip_wrapped_1292.jpg,train/labels/nozzle_tip_wrapped_1292.txt,nozzle_tip_wrapped,0,1,nozzle_abnormal,1,是
train,train/images/nozzle_tip_wrapped_1293.jpg,train/labels/nozzle_tip_wrapped_1293.txt,nozzle_tip_wrapped,0,1,nozzle_abnormal,1,是
train,train/images/nozzle_tip_wrapped_1294.jpg,train/labels/nozzle_tip_wrapped_1294.txt,nozzle_tip_wrapped,0,1,nozzle_abnormal,1,是
train,train/images/nozzle_tip_wrapped_1296.jpg,train/labels/nozzle_tip_wrapped_1296.txt,nozzle_tip_wrapped,0,1,nozzle_abnormal,1,是
train,train/images/nozzle_tip_wrapped_1299.jpg,train/labels/nozzle_tip_wrapped_1299.txt,nozzle_tip_wrapped,0,1,nozzle_abnormal,1,是
train,train/images/nozzle_tip_wrapped_1300.jpg,train/labels/nozzle_tip_wrapped_1300.txt,nozzle_tip_wrapped,0,1,nozzle_abnormal,1,是
train,train/images/nozzle_tip_wrapped_1301.jpg,train/labels/nozzle_tip_wrapped_1301.txt,nozzle_tip_wrapped,0,1,nozzle_abnormal,1,是
train,train/images/nozzle_tip_wrapped_1303.jpg,train/labels/nozzle_tip_wrapped_1303.txt,nozzle_tip_wrapped,0,1,nozzle_abnormal,1,是
train,train/images/nozzle_tip_wrapped_1304.jpg,train/labels/nozzle_tip_wrapped_1304.txt,nozzle_tip_wrapped,0,1,nozzle_abnormal,1,是
train,train/images/nozzle_tip_wrapped_1306.jpg,train/labels/nozzle_tip_wrapped_1306.txt,nozzle_tip_wrapped,0,1,nozzle_abnormal,1,是
train,train/images/nozzle_tip_wrapped_1308.jpg,train/labels/nozzle_tip_wrapped_1308.txt,nozzle_tip_wrapped,0,1,nozzle_abnormal,1,是
train,train/images/nozzle_tip_wrapped_1309.jpg,train/labels/nozzle_tip_wrapped_1309.txt,nozzle_tip_wrapped,0,1,nozzle_abnormal,1,是
train,train/images/nozzle_tip_wrapped_1310.jpg,train/labels/nozzle_tip_wrapped_1310.txt,nozzle_tip_wrapped,0,1,nozzle_abnormal,1,是
train,train/images/nozzle_tip_wrapped_1312.jpg,train/labels/nozzle_tip_wrapped_1312.txt,nozzle_tip_wrapped,0,1,nozzle_abnormal,1,是
train,train/images/nozzle_tip_wrapped_1313.jpg,train/labels/nozzle_tip_wrapped_1313.txt,nozzle_tip_wrapped,0,1,nozzle_abnormal,1,是
train,train/images/nozzle_tip_wrapped_1315.jpg,train/labels/nozzle_tip_wrapped_1315.txt,nozzle_tip_wrapped,0,1,nozzle_abnormal,1,是
train,train/images/nozzle_tip_wrapped_1316.jpg,train/labels/nozzle_tip_wrapped_1316.txt,nozzle_tip_wrapped,0,1,nozzle_abnormal,1,是
val,val/images/nozzle_extrusion_normal_0003.jpg,val/labels/nozzle_extrusion_normal_0003.txt,nozzle_extrusion_normal,1,0,nozzle_normal,1,是
val,val/images/nozzle_extrusion_normal_0010.jpg,val/labels/nozzle_extrusion_normal_0010.txt,nozzle_extrusion_normal,1,0,nozzle_normal,1,是
val,val/images/nozzle_extrusion_normal_0021.jpg,val/labels/nozzle_extrusion_normal_0021.txt,nozzle_extrusion_normal,1,0,nozzle_normal,1,是
val,val/images/nozzle_extrusion_normal_0027.jpg,val/labels/nozzle_extrusion_normal_0027.txt,nozzle_extrusion_normal,1,0,nozzle_normal,1,是
val,val/images/nozzle_extrusion_normal_0030.jpg,val/labels/nozzle_extrusion_normal_0030.txt,nozzle_extrusion_normal,1,0,nozzle_normal,1,是
val,val/images/nozzle_extrusion_normal_0032.jpg,val/labels/nozzle_extrusion_normal_0032.txt,nozzle_extrusion_normal,1,0,nozzle_normal,1,是
val,val/images/nozzle_extrusion_normal_0033.jpg,val/labels/nozzle_extrusion_normal_0033.txt,nozzle_extrusion_normal,1,0,nozzle_normal,1,是
val,val/images/nozzle_extrusion_normal_0035.jpg,val/labels/nozzle_extrusion_normal_0035.txt,nozzle_extrusion_normal,1,0,nozzle_normal,1,是
val,val/images/nozzle_extrusion_normal_0037.jpg,val/labels/nozzle_extrusion_normal_0037.txt,nozzle_extrusion_normal,1,0,nozzle_normal,1,是
val,val/images/nozzle_extrusion_normal_0038.jpg,val/labels/nozzle_extrusion_normal_0038.txt,nozzle_extrusion_normal,1,0,nozzle_normal,1,是
val,val/images/nozzle_extrusion_normal_0040.jpg,val/labels/nozzle_extrusion_normal_0040.txt,nozzle_extrusion_normal,1,0,nozzle_normal,1,是
val,val/images/nozzle_extrusion_normal_0041.jpg,val/labels/nozzle_extrusion_normal_0041.txt,nozzle_extrusion_normal,1,0,nozzle_normal,1,是
val,val/images/nozzle_extrusion_normal_0046.jpg,val/labels/nozzle_extrusion_normal_0046.txt,nozzle_extrusion_normal,1,0,nozzle_normal,1,是
val,val/images/nozzle_extrusion_normal_0057.jpg,val/labels/nozzle_extrusion_normal_0057.txt,nozzle_extrusion_normal,1,0,nozzle_normal,1,是
val,val/images/nozzle_extrusion_normal_0059.jpg,val/labels/nozzle_extrusion_normal_0059.txt,nozzle_extrusion_normal,1,0,nozzle_normal,1,是
val,val/images/nozzle_extrusion_normal_0065.jpg,val/labels/nozzle_extrusion_normal_0065.txt,nozzle_extrusion_normal,1,0,nozzle_normal,1,是
val,val/images/nozzle_extrusion_normal_0076.jpg,val/labels/nozzle_extrusion_normal_0076.txt,nozzle_extrusion_normal,1,0,nozzle_normal,1,是
val,val/images/nozzle_extrusion_normal_0079.jpg,val/labels/nozzle_extrusion_normal_0079.txt,nozzle_extrusion_normal,1,0,nozzle_normal,1,是
val,val/images/nozzle_extrusion_normal_0081.jpg,val/labels/nozzle_extrusion_normal_0081.txt,nozzle_extrusion_normal,1,0,nozzle_normal,1,是
val,val/images/nozzle_extrusion_normal_0095.jpg,val/labels/nozzle_extrusion_normal_0095.txt,nozzle_extrusion_normal,1,0,nozzle_normal,1,是
val,val/images/nozzle_extrusion_normal_0097.jpg,val/labels/nozzle_extrusion_normal_0097.txt,nozzle_extrusion_normal,1,0,nozzle_normal,1,是
val,val/images/nozzle_extrusion_normal_0099.jpg,val/labels/nozzle_extrusion_normal_0099.txt,nozzle_extrusion_normal,1,0,nozzle_normal,1,是
val,val/images/nozzle_extrusion_normal_0103.jpg,val/labels/nozzle_extrusion_normal_0103.txt,nozzle_extrusion_normal,1,0,nozzle_normal,1,是
val,val/images/nozzle_extrusion_normal_0104.jpg,val/labels/nozzle_extrusion_normal_0104.txt,nozzle_extrusion_normal,1,0,nozzle_normal,1,是
val,val/images/nozzle_extrusion_normal_0105.jpg,val/labels/nozzle_extrusion_normal_0105.txt,nozzle_extrusion_normal,1,0,nozzle_normal,1,是
val,val/images/nozzle_extrusion_normal_0112.jpg,val/labels/nozzle_extrusion_normal_0112.txt,nozzle_extrusion_normal,1,0,nozzle_normal,1,是
val,val/images/nozzle_extrusion_normal_0115.jpg,val/labels/nozzle_extrusion_normal_0115.txt,nozzle_extrusion_normal,1,0,nozzle_normal,1,是
val,val/images/nozzle_extrusion_normal_0116.jpg,val/labels/nozzle_extrusion_normal_0116.txt,nozzle_extrusion_normal,1,0,nozzle_normal,1,是
val,val/images/nozzle_extrusion_normal_0119.jpg,val/labels/nozzle_extrusion_normal_0119.txt,nozzle_extrusion_normal,1,0,nozzle_normal,1,是
val,val/images/nozzle_extrusion_normal_0131.jpg,val/labels/nozzle_extrusion_normal_0131.txt,nozzle_extrusion_normal,1,0,nozzle_normal,1,是
val,val/images/nozzle_extrusion_normal_0136.jpg,val/labels/nozzle_extrusion_normal_0136.txt,nozzle_extrusion_normal,1,0,nozzle_normal,1,是
val,val/images/nozzle_extrusion_normal_0152.jpg,val/labels/nozzle_extrusion_normal_0152.txt,nozzle_extrusion_normal,1,0,nozzle_normal,1,是
val,val/images/nozzle_extrusion_normal_0167.jpg,val/labels/nozzle_extrusion_normal_0167.txt,nozzle_extrusion_normal,1,0,nozzle_normal,1,是
val,val/images/nozzle_extrusion_normal_0172.jpg,val/labels/nozzle_extrusion_normal_0172.txt,nozzle_extrusion_normal,1,0,nozzle_normal,1,是
val,val/images/nozzle_extrusion_normal_0173.jpg,val/labels/nozzle_extrusion_normal_0173.txt,nozzle_extrusion_normal,1,0,nozzle_normal,1,是
val,val/images/nozzle_extrusion_normal_0179.jpg,val/labels/nozzle_extrusion_normal_0179.txt,nozzle_extrusion_normal,1,0,nozzle_normal,1,是
val,val/images/nozzle_extrusion_normal_0182.jpg,val/labels/nozzle_extrusion_normal_0182.txt,nozzle_extrusion_normal,1,0,nozzle_normal,1,是
val,val/images/nozzle_extrusion_normal_0184.jpg,val/labels/nozzle_extrusion_normal_0184.txt,nozzle_extrusion_normal,1,0,nozzle_normal,1,是
val,val/images/nozzle_extrusion_normal_0185.jpg,val/labels/nozzle_extrusion_normal_0185.txt,nozzle_extrusion_normal,1,0,nozzle_normal,1,是
val,val/images/nozzle_extrusion_normal_0194.jpg,val/labels/nozzle_extrusion_normal_0194.txt,nozzle_extrusion_normal,1,0,nozzle_normal,1,是
val,val/images/nozzle_extrusion_normal_0195.jpg,val/labels/nozzle_extrusion_normal_0195.txt,nozzle_extrusion_normal,1,0,nozzle_normal,1,是
val,val/images/nozzle_extrusion_normal_0198.jpg,val/labels/nozzle_extrusion_normal_0198.txt,nozzle_extrusion_normal,1,0,nozzle_normal,1,是
val,val/images/nozzle_extrusion_normal_0202.jpg,val/labels/nozzle_extrusion_normal_0202.txt,nozzle_extrusion_normal,1,0,nozzle_normal,1,是
val,val/images/nozzle_extrusion_normal_0209.jpg,val/labels/nozzle_extrusion_normal_0209.txt,nozzle_extrusion_normal,1,0,nozzle_normal,1,是
val,val/images/nozzle_extrusion_normal_0210.jpg,val/labels/nozzle_extrusion_normal_0210.txt,nozzle_extrusion_normal,1,0,nozzle_normal,1,是
val,val/images/nozzle_extrusion_normal_0211.jpg,val/labels/nozzle_extrusion_normal_0211.txt,nozzle_extrusion_normal,1,0,nozzle_normal,1,是
val,val/images/nozzle_extrusion_normal_0218.jpg,val/labels/nozzle_extrusion_normal_0218.txt,nozzle_extrusion_normal,1,0,nozzle_normal,1,是
val,val/images/nozzle_extrusion_normal_0220.jpg,val/labels/nozzle_extrusion_normal_0220.txt,nozzle_extrusion_normal,1,0,nozzle_normal,1,是
val,val/images/nozzle_extrusion_normal_0221.jpg,val/labels/nozzle_extrusion_normal_0221.txt,nozzle_extrusion_normal,1,0,nozzle_normal,1,是
val,val/images/nozzle_extrusion_normal_0237.jpg,val/labels/nozzle_extrusion_normal_0237.txt,nozzle_extrusion_normal,1,0,nozzle_normal,1,是
val,val/images/nozzle_extrusion_normal_0238.jpg,val/labels/nozzle_extrusion_normal_0238.txt,nozzle_extrusion_normal,1,0,nozzle_normal,1,是
val,val/images/nozzle_extrusion_normal_0243.jpg,val/labels/nozzle_extrusion_normal_0243.txt,nozzle_extrusion_normal,1,0,nozzle_normal,1,是
val,val/images/nozzle_extrusion_normal_0251.jpg,val/labels/nozzle_extrusion_normal_0251.txt,nozzle_extrusion_normal,1,0,nozzle_normal,1,是
val,val/images/nozzle_extrusion_normal_0256.jpg,val/labels/nozzle_extrusion_normal_0256.txt,nozzle_extrusion_normal,1,0,nozzle_normal,1,是
val,val/images/nozzle_extrusion_normal_0257.jpg,val/labels/nozzle_extrusion_normal_0257.txt,nozzle_extrusion_normal,1,0,nozzle_normal,1,是
val,val/images/nozzle_extrusion_normal_0258.jpg,val/labels/nozzle_extrusion_normal_0258.txt,nozzle_extrusion_normal,1,0,nozzle_normal,1,是
val,val/images/nozzle_extrusion_normal_0259.jpg,val/labels/nozzle_extrusion_normal_0259.txt,nozzle_extrusion_normal,1,0,nozzle_normal,1,是
val,val/images/nozzle_extrusion_normal_0261.jpg,val/labels/nozzle_extrusion_normal_0261.txt,nozzle_extrusion_normal,1,0,nozzle_normal,1,是
val,val/images/nozzle_extrusion_normal_0269.jpg,val/labels/nozzle_extrusion_normal_0269.txt,nozzle_extrusion_normal,1,0,nozzle_normal,1,是
val,val/images/nozzle_extrusion_normal_0271.jpg,val/labels/nozzle_extrusion_normal_0271.txt,nozzle_extrusion_normal,1,0,nozzle_normal,1,是
val,val/images/nozzle_extrusion_normal_0274.jpg,val/labels/nozzle_extrusion_normal_0274.txt,nozzle_extrusion_normal,1,0,nozzle_normal,1,是
val,val/images/nozzle_extrusion_normal_0275.jpg,val/labels/nozzle_extrusion_normal_0275.txt,nozzle_extrusion_normal,1,0,nozzle_normal,1,是
val,val/images/nozzle_extrusion_normal_0282.jpg,val/labels/nozzle_extrusion_normal_0282.txt,nozzle_extrusion_normal,1,0,nozzle_normal,1,是
val,val/images/nozzle_extrusion_normal_0288.jpg,val/labels/nozzle_extrusion_normal_0288.txt,nozzle_extrusion_normal,1,0,nozzle_normal,1,是
val,val/images/nozzle_extrusion_normal_0290.jpg,val/labels/nozzle_extrusion_normal_0290.txt,nozzle_extrusion_normal,1,0,nozzle_normal,1,是
val,val/images/nozzle_extrusion_normal_0299.jpg,val/labels/nozzle_extrusion_normal_0299.txt,nozzle_extrusion_normal,1,0,nozzle_normal,1,是
val,val/images/nozzle_extrusion_normal_0300.jpg,val/labels/nozzle_extrusion_normal_0300.txt,nozzle_extrusion_normal,1,0,nozzle_normal,1,是
val,val/images/nozzle_extrusion_normal_0301.jpg,val/labels/nozzle_extrusion_normal_0301.txt,nozzle_extrusion_normal,1,0,nozzle_normal,1,是
val,val/images/nozzle_extrusion_normal_0313.jpg,val/labels/nozzle_extrusion_normal_0313.txt,nozzle_extrusion_normal,1,0,nozzle_normal,1,是
val,val/images/nozzle_extrusion_normal_0316.jpg,val/labels/nozzle_extrusion_normal_0316.txt,nozzle_extrusion_normal,1,0,nozzle_normal,1,是
val,val/images/nozzle_extrusion_normal_0317.jpg,val/labels/nozzle_extrusion_normal_0317.txt,nozzle_extrusion_normal,1,0,nozzle_normal,1,是
val,val/images/nozzle_extrusion_normal_0323.jpg,val/labels/nozzle_extrusion_normal_0323.txt,nozzle_extrusion_normal,1,0,nozzle_normal,1,是
val,val/images/nozzle_extrusion_normal_0325.jpg,val/labels/nozzle_extrusion_normal_0325.txt,nozzle_extrusion_normal,1,0,nozzle_normal,1,是
val,val/images/nozzle_extrusion_normal_0330.jpg,val/labels/nozzle_extrusion_normal_0330.txt,nozzle_extrusion_normal,1,0,nozzle_normal,1,是
val,val/images/nozzle_extrusion_normal_0333.jpg,val/labels/nozzle_extrusion_normal_0333.txt,nozzle_extrusion_normal,1,0,nozzle_normal,1,是
val,val/images/nozzle_extrusion_normal_0334.jpg,val/labels/nozzle_extrusion_normal_0334.txt,nozzle_extrusion_normal,1,0,nozzle_normal,1,是
val,val/images/nozzle_extrusion_normal_0335.jpg,val/labels/nozzle_extrusion_normal_0335.txt,nozzle_extrusion_normal,1,0,nozzle_normal,1,是
val,val/images/nozzle_extrusion_normal_0344.jpg,val/labels/nozzle_extrusion_normal_0344.txt,nozzle_extrusion_normal,1,0,nozzle_normal,1,是
val,val/images/nozzle_extrusion_normal_0347.jpg,val/labels/nozzle_extrusion_normal_0347.txt,nozzle_extrusion_normal,1,0,nozzle_normal,1,是
val,val/images/nozzle_extrusion_normal_0352.jpg,val/labels/nozzle_extrusion_normal_0352.txt,nozzle_extrusion_normal,1,0,nozzle_normal,1,是
val,val/images/nozzle_extrusion_normal_0354.jpg,val/labels/nozzle_extrusion_normal_0354.txt,nozzle_extrusion_normal,1,0,nozzle_normal,1,是
val,val/images/nozzle_extrusion_normal_0359.jpg,val/labels/nozzle_extrusion_normal_0359.txt,nozzle_extrusion_normal,1,0,nozzle_normal,1,是
val,val/images/nozzle_extrusion_normal_0366.jpg,val/labels/nozzle_extrusion_normal_0366.txt,nozzle_extrusion_normal,1,0,nozzle_normal,1,是
val,val/images/nozzle_extrusion_normal_0370.jpg,val/labels/nozzle_extrusion_normal_0370.txt,nozzle_extrusion_normal,1,0,nozzle_normal,1,是
val,val/images/nozzle_extrusion_normal_0371.jpg,val/labels/nozzle_extrusion_normal_0371.txt,nozzle_extrusion_normal,1,0,nozzle_normal,1,是
val,val/images/nozzle_extrusion_normal_0389.jpg,val/labels/nozzle_extrusion_normal_0389.txt,nozzle_extrusion_normal,1,0,nozzle_normal,1,是
val,val/images/nozzle_extrusion_normal_0392.jpg,val/labels/nozzle_extrusion_normal_0392.txt,nozzle_extrusion_normal,1,0,nozzle_normal,1,是
val,val/images/nozzle_extrusion_normal_0394.jpg,val/labels/nozzle_extrusion_normal_0394.txt,nozzle_extrusion_normal,1,0,nozzle_normal,1,是
val,val/images/nozzle_extrusion_normal_0399.jpg,val/labels/nozzle_extrusion_normal_0399.txt,nozzle_extrusion_normal,1,0,nozzle_normal,1,是
val,val/images/nozzle_extrusion_normal_0406.jpg,val/labels/nozzle_extrusion_normal_0406.txt,nozzle_extrusion_normal,1,0,nozzle_normal,1,是
val,val/images/nozzle_extrusion_normal_0410.jpg,val/labels/nozzle_extrusion_normal_0410.txt,nozzle_extrusion_normal,1,0,nozzle_normal,1,是
val,val/images/nozzle_extrusion_normal_0411.jpg,val/labels/nozzle_extrusion_normal_0411.txt,nozzle_extrusion_normal,1,0,nozzle_normal,1,是
val,val/images/nozzle_extrusion_normal_0420.jpg,val/labels/nozzle_extrusion_normal_0420.txt,nozzle_extrusion_normal,1,0,nozzle_normal,1,是
val,val/images/nozzle_extrusion_normal_0422.jpg,val/labels/nozzle_extrusion_normal_0422.txt,nozzle_extrusion_normal,1,0,nozzle_normal,1,是
val,val/images/nozzle_extrusion_normal_0424.jpg,val/labels/nozzle_extrusion_normal_0424.txt,nozzle_extrusion_normal,1,0,nozzle_normal,1,是
val,val/images/nozzle_extrusion_normal_0427.jpg,val/labels/nozzle_extrusion_normal_0427.txt,nozzle_extrusion_normal,1,0,nozzle_normal,1,是
val,val/images/nozzle_extrusion_normal_0429.jpg,val/labels/nozzle_extrusion_normal_0429.txt,nozzle_extrusion_normal,1,0,nozzle_normal,1,是
val,val/images/nozzle_extrusion_normal_0433.jpg,val/labels/nozzle_extrusion_normal_0433.txt,nozzle_extrusion_normal,1,0,nozzle_normal,1,是
val,val/images/nozzle_extrusion_normal_0438.jpg,val/labels/nozzle_extrusion_normal_0438.txt,nozzle_extrusion_normal,1,0,nozzle_normal,1,是
val,val/images/nozzle_extrusion_normal_0440.jpg,val/labels/nozzle_extrusion_normal_0440.txt,nozzle_extrusion_normal,1,0,nozzle_normal,1,是
val,val/images/nozzle_extrusion_normal_0449.jpg,val/labels/nozzle_extrusion_normal_0449.txt,nozzle_extrusion_normal,1,0,nozzle_normal,1,是
val,val/images/nozzle_extrusion_normal_0459.jpg,val/labels/nozzle_extrusion_normal_0459.txt,nozzle_extrusion_normal,1,0,nozzle_normal,1,是
val,val/images/nozzle_extrusion_normal_0467.jpg,val/labels/nozzle_extrusion_normal_0467.txt,nozzle_extrusion_normal,1,0,nozzle_normal,1,是
val,val/images/nozzle_extrusion_normal_0471.jpg,val/labels/nozzle_extrusion_normal_0471.txt,nozzle_extrusion_normal,1,0,nozzle_normal,1,是
val,val/images/nozzle_extrusion_normal_0474.jpg,val/labels/nozzle_extrusion_normal_0474.txt,nozzle_extrusion_normal,1,0,nozzle_normal,1,是
val,val/images/nozzle_extrusion_normal_0494.jpg,val/labels/nozzle_extrusion_normal_0494.txt,nozzle_extrusion_normal,1,0,nozzle_normal,1,是
val,val/images/nozzle_extrusion_normal_0500.jpg,val/labels/nozzle_extrusion_normal_0500.txt,nozzle_extrusion_normal,1,0,nozzle_normal,1,是
val,val/images/nozzle_extrusion_normal_0511.jpg,val/labels/nozzle_extrusion_normal_0511.txt,nozzle_extrusion_normal,1,0,nozzle_normal,1,是
val,val/images/nozzle_extrusion_normal_0519.jpg,val/labels/nozzle_extrusion_normal_0519.txt,nozzle_extrusion_normal,1,0,nozzle_normal,1,是
val,val/images/nozzle_extrusion_normal_0522.jpg,val/labels/nozzle_extrusion_normal_0522.txt,nozzle_extrusion_normal,1,0,nozzle_normal,1,是
val,val/images/nozzle_extrusion_normal_0532.jpg,val/labels/nozzle_extrusion_normal_0532.txt,nozzle_extrusion_normal,1,0,nozzle_normal,1,是
val,val/images/nozzle_extrusion_normal_0549.jpg,val/labels/nozzle_extrusion_normal_0549.txt,nozzle_extrusion_normal,1,0,nozzle_normal,1,是
val,val/images/nozzle_extrusion_normal_0557.jpg,val/labels/nozzle_extrusion_normal_0557.txt,nozzle_extrusion_normal,1,0,nozzle_normal,1,是
val,val/images/nozzle_extrusion_normal_0560.jpg,val/labels/nozzle_extrusion_normal_0560.txt,nozzle_extrusion_normal,1,0,nozzle_normal,1,是
val,val/images/nozzle_extrusion_normal_0561.jpg,val/labels/nozzle_extrusion_normal_0561.txt,nozzle_extrusion_normal,1,0,nozzle_normal,1,是
val,val/images/nozzle_extrusion_normal_0564.jpg,val/labels/nozzle_extrusion_normal_0564.txt,nozzle_extrusion_normal,1,0,nozzle_normal,1,是
val,val/images/nozzle_extrusion_normal_0573.jpg,val/labels/nozzle_extrusion_normal_0573.txt,nozzle_extrusion_normal,1,0,nozzle_normal,1,是
val,val/images/nozzle_extrusion_normal_0575.jpg,val/labels/nozzle_extrusion_normal_0575.txt,nozzle_extrusion_normal,1,0,nozzle_normal,1,是
val,val/images/nozzle_extrusion_normal_0583.jpg,val/labels/nozzle_extrusion_normal_0583.txt,nozzle_extrusion_normal,1,0,nozzle_normal,1,是
val,val/images/nozzle_extrusion_normal_0596.jpg,val/labels/nozzle_extrusion_normal_0596.txt,nozzle_extrusion_normal,1,0,nozzle_normal,1,是
val,val/images/nozzle_extrusion_normal_0604.jpg,val/labels/nozzle_extrusion_normal_0604.txt,nozzle_extrusion_normal,1,0,nozzle_normal,1,是
val,val/images/nozzle_extrusion_normal_0614.jpg,val/labels/nozzle_extrusion_normal_0614.txt,nozzle_extrusion_normal,1,0,nozzle_normal,1,是
val,val/images/nozzle_extrusion_normal_0624.jpg,val/labels/nozzle_extrusion_normal_0624.txt,nozzle_extrusion_normal,1,0,nozzle_normal,1,是
val,val/images/nozzle_extrusion_normal_0635.jpg,val/labels/nozzle_extrusion_normal_0635.txt,nozzle_extrusion_normal,1,0,nozzle_normal,1,是
val,val/images/nozzle_extrusion_normal_0639.jpg,val/labels/nozzle_extrusion_normal_0639.txt,nozzle_extrusion_normal,1,0,nozzle_normal,1,是
val,val/images/nozzle_extrusion_normal_0640.jpg,val/labels/nozzle_extrusion_normal_0640.txt,nozzle_extrusion_normal,1,0,nozzle_normal,1,是
val,val/images/nozzle_extrusion_normal_0641.jpg,val/labels/nozzle_extrusion_normal_0641.txt,nozzle_extrusion_normal,1,0,nozzle_normal,1,是
val,val/images/nozzle_extrusion_normal_0645.jpg,val/labels/nozzle_extrusion_normal_0645.txt,nozzle_extrusion_normal,1,0,nozzle_normal,1,是
val,val/images/nozzle_extrusion_normal_0647.jpg,val/labels/nozzle_extrusion_normal_0647.txt,nozzle_extrusion_normal,1,0,nozzle_normal,1,是
val,val/images/nozzle_extrusion_normal_0654.jpg,val/labels/nozzle_extrusion_normal_0654.txt,nozzle_extrusion_normal,1,0,nozzle_normal,1,是
val,val/images/nozzle_extrusion_normal_0660.jpg,val/labels/nozzle_extrusion_normal_0660.txt,nozzle_extrusion_normal,1,0,nozzle_normal,1,是
val,val/images/nozzle_extrusion_normal_0670.jpg,val/labels/nozzle_extrusion_normal_0670.txt,nozzle_extrusion_normal,1,0,nozzle_normal,1,是
val,val/images/nozzle_extrusion_normal_0695.jpg,val/labels/nozzle_extrusion_normal_0695.txt,nozzle_extrusion_normal,1,0,nozzle_normal,1,是
val,val/images/nozzle_extrusion_normal_0697.jpg,val/labels/nozzle_extrusion_normal_0697.txt,nozzle_extrusion_normal,1,0,nozzle_normal,1,是
val,val/images/nozzle_extrusion_normal_0700.jpg,val/labels/nozzle_extrusion_normal_0700.txt,nozzle_extrusion_normal,1,0,nozzle_normal,1,是
val,val/images/nozzle_extrusion_normal_0706.jpg,val/labels/nozzle_extrusion_normal_0706.txt,nozzle_extrusion_normal,1,0,nozzle_normal,1,是
val,val/images/nozzle_extrusion_normal_0709.jpg,val/labels/nozzle_extrusion_normal_0709.txt,nozzle_extrusion_normal,1,0,nozzle_normal,1,是
val,val/images/nozzle_extrusion_normal_0719.jpg,val/labels/nozzle_extrusion_normal_0719.txt,nozzle_extrusion_normal,1,0,nozzle_normal,1,是
val,val/images/nozzle_extrusion_normal_0720.jpg,val/labels/nozzle_extrusion_normal_0720.txt,nozzle_extrusion_normal,1,0,nozzle_normal,1,是
val,val/images/nozzle_extrusion_normal_0722.jpg,val/labels/nozzle_extrusion_normal_0722.txt,nozzle_extrusion_normal,1,0,nozzle_normal,1,是
val,val/images/nozzle_extrusion_normal_0727.jpg,val/labels/nozzle_extrusion_normal_0727.txt,nozzle_extrusion_normal,1,0,nozzle_normal,1,是
val,val/images/nozzle_extrusion_normal_0729.jpg,val/labels/nozzle_extrusion_normal_0729.txt,nozzle_extrusion_normal,1,0,nozzle_normal,1,是
val,val/images/nozzle_extrusion_normal_0734.jpg,val/labels/nozzle_extrusion_normal_0734.txt,nozzle_extrusion_normal,1,0,nozzle_normal,1,是
val,val/images/nozzle_extrusion_normal_0735.jpg,val/labels/nozzle_extrusion_normal_0735.txt,nozzle_extrusion_normal,1,0,nozzle_normal,1,是
val,val/images/nozzle_extrusion_normal_0743.jpg,val/labels/nozzle_extrusion_normal_0743.txt,nozzle_extrusion_normal,1,0,nozzle_normal,1,是
val,val/images/nozzle_extrusion_normal_0750.jpg,val/labels/nozzle_extrusion_normal_0750.txt,nozzle_extrusion_normal,1,0,nozzle_normal,1,是
val,val/images/nozzle_extrusion_normal_0751.jpg,val/labels/nozzle_extrusion_normal_0751.txt,nozzle_extrusion_normal,1,0,nozzle_normal,1,是
val,val/images/nozzle_extrusion_normal_0758.jpg,val/labels/nozzle_extrusion_normal_0758.txt,nozzle_extrusion_normal,1,0,nozzle_normal,1,是
val,val/images/nozzle_extrusion_normal_0761.jpg,val/labels/nozzle_extrusion_normal_0761.txt,nozzle_extrusion_normal,1,0,nozzle_normal,1,是
val,val/images/nozzle_extrusion_normal_0765.jpg,val/labels/nozzle_extrusion_normal_0765.txt,nozzle_extrusion_normal,1,0,nozzle_normal,1,是
val,val/images/nozzle_extrusion_normal_0766.jpg,val/labels/nozzle_extrusion_normal_0766.txt,nozzle_extrusion_normal,1,0,nozzle_normal,1,是
val,val/images/nozzle_extrusion_normal_0777.jpg,val/labels/nozzle_extrusion_normal_0777.txt,nozzle_extrusion_normal,1,0,nozzle_normal,1,是
val,val/images/nozzle_extrusion_normal_0778.jpg,val/labels/nozzle_extrusion_normal_0778.txt,nozzle_extrusion_normal,1,0,nozzle_normal,1,是
val,val/images/nozzle_extrusion_normal_0783.jpg,val/labels/nozzle_extrusion_normal_0783.txt,nozzle_extrusion_normal,1,0,nozzle_normal,1,是
val,val/images/nozzle_extrusion_normal_0793.jpg,val/labels/nozzle_extrusion_normal_0793.txt,nozzle_extrusion_normal,1,0,nozzle_normal,1,是
val,val/images/nozzle_extrusion_normal_0824.jpg,val/labels/nozzle_extrusion_normal_0824.txt,nozzle_extrusion_normal,1,0,nozzle_normal,1,是
val,val/images/nozzle_extrusion_normal_0835.jpg,val/labels/nozzle_extrusion_normal_0835.txt,nozzle_extrusion_normal,1,0,nozzle_normal,1,是
val,val/images/nozzle_extrusion_normal_0842.jpg,val/labels/nozzle_extrusion_normal_0842.txt,nozzle_extrusion_normal,1,0,nozzle_normal,1,是
val,val/images/nozzle_extrusion_normal_0847.jpg,val/labels/nozzle_extrusion_normal_0847.txt,nozzle_extrusion_normal,1,0,nozzle_normal,1,是
val,val/images/nozzle_extrusion_normal_0853.jpg,val/labels/nozzle_extrusion_normal_0853.txt,nozzle_extrusion_normal,1,0,nozzle_normal,1,是
val,val/images/nozzle_extrusion_normal_0864.jpg,val/labels/nozzle_extrusion_normal_0864.txt,nozzle_extrusion_normal,1,0,nozzle_normal,1,是
val,val/images/nozzle_extrusion_normal_0870.jpg,val/labels/nozzle_extrusion_normal_0870.txt,nozzle_extrusion_normal,1,0,nozzle_normal,1,是
val,val/images/nozzle_extrusion_normal_0872.jpg,val/labels/nozzle_extrusion_normal_0872.txt,nozzle_extrusion_normal,1,0,nozzle_normal,1,是
val,val/images/nozzle_extrusion_normal_0873.jpg,val/labels/nozzle_extrusion_normal_0873.txt,nozzle_extrusion_normal,1,0,nozzle_normal,1,是
val,val/images/nozzle_extrusion_normal_0877.jpg,val/labels/nozzle_extrusion_normal_0877.txt,nozzle_extrusion_normal,1,0,nozzle_normal,1,是
val,val/images/nozzle_extrusion_normal_0888.jpg,val/labels/nozzle_extrusion_normal_0888.txt,nozzle_extrusion_normal,1,0,nozzle_normal,1,是
val,val/images/nozzle_extrusion_normal_0889.jpg,val/labels/nozzle_extrusion_normal_0889.txt,nozzle_extrusion_normal,1,0,nozzle_normal,1,是
val,val/images/nozzle_extrusion_normal_0890.jpg,val/labels/nozzle_extrusion_normal_0890.txt,nozzle_extrusion_normal,1,0,nozzle_normal,1,是
val,val/images/nozzle_extrusion_normal_0891.jpg,val/labels/nozzle_extrusion_normal_0891.txt,nozzle_extrusion_normal,1,0,nozzle_normal,1,是
val,val/images/nozzle_extrusion_normal_0892.jpg,val/labels/nozzle_extrusion_normal_0892.txt,nozzle_extrusion_normal,1,0,nozzle_normal,1,是
val,val/images/nozzle_extrusion_normal_0895.jpg,val/labels/nozzle_extrusion_normal_0895.txt,nozzle_extrusion_normal,1,0,nozzle_normal,1,是
val,val/images/nozzle_extrusion_normal_0896.jpg,val/labels/nozzle_extrusion_normal_0896.txt,nozzle_extrusion_normal,1,0,nozzle_normal,1,是
val,val/images/nozzle_extrusion_normal_0900.jpg,val/labels/nozzle_extrusion_normal_0900.txt,nozzle_extrusion_normal,1,0,nozzle_normal,1,是
val,val/images/nozzle_extrusion_normal_0924.jpg,val/labels/nozzle_extrusion_normal_0924.txt,nozzle_extrusion_normal,1,0,nozzle_normal,1,是
val,val/images/nozzle_extrusion_normal_0931.jpg,val/labels/nozzle_extrusion_normal_0931.txt,nozzle_extrusion_normal,1,0,nozzle_normal,1,是
val,val/images/nozzle_extrusion_normal_0939.jpg,val/labels/nozzle_extrusion_normal_0939.txt,nozzle_extrusion_normal,1,0,nozzle_normal,1,是
val,val/images/nozzle_extrusion_normal_0943.jpg,val/labels/nozzle_extrusion_normal_0943.txt,nozzle_extrusion_normal,1,0,nozzle_normal,1,是
val,val/images/nozzle_extrusion_normal_0949.jpg,val/labels/nozzle_extrusion_normal_0949.txt,nozzle_extrusion_normal,1,0,nozzle_normal,1,是
val,val/images/nozzle_extrusion_normal_0952.jpg,val/labels/nozzle_extrusion_normal_0952.txt,nozzle_extrusion_normal,1,0,nozzle_normal,1,是
val,val/images/nozzle_extrusion_normal_0959.jpg,val/labels/nozzle_extrusion_normal_0959.txt,nozzle_extrusion_normal,1,0,nozzle_normal,1,是
val,val/images/nozzle_extrusion_normal_0963.jpg,val/labels/nozzle_extrusion_normal_0963.txt,nozzle_extrusion_normal,1,0,nozzle_normal,1,是
val,val/images/nozzle_extrusion_normal_0969.jpg,val/labels/nozzle_extrusion_normal_0969.txt,nozzle_extrusion_normal,1,0,nozzle_normal,1,是
val,val/images/nozzle_extrusion_normal_0973.jpg,val/labels/nozzle_extrusion_normal_0973.txt,nozzle_extrusion_normal,1,0,nozzle_normal,1,是
val,val/images/nozzle_extrusion_normal_0978.jpg,val/labels/nozzle_extrusion_normal_0978.txt,nozzle_extrusion_normal,1,0,nozzle_normal,1,是
val,val/images/nozzle_extrusion_normal_0980.jpg,val/labels/nozzle_extrusion_normal_0980.txt,nozzle_extrusion_normal,1,0,nozzle_normal,1,是
val,val/images/nozzle_extrusion_normal_0984.jpg,val/labels/nozzle_extrusion_normal_0984.txt,nozzle_extrusion_normal,1,0,nozzle_normal,1,是
val,val/images/nozzle_extrusion_normal_0999.jpg,val/labels/nozzle_extrusion_normal_0999.txt,nozzle_extrusion_normal,1,0,nozzle_normal,1,是
val,val/images/nozzle_extrusion_normal_1001.jpg,val/labels/nozzle_extrusion_normal_1001.txt,nozzle_extrusion_normal,1,0,nozzle_normal,1,是
val,val/images/nozzle_extrusion_normal_1004.jpg,val/labels/nozzle_extrusion_normal_1004.txt,nozzle_extrusion_normal,1,0,nozzle_normal,1,是
val,val/images/nozzle_extrusion_normal_1010.jpg,val/labels/nozzle_extrusion_normal_1010.txt,nozzle_extrusion_normal,1,0,nozzle_normal,1,是
val,val/images/nozzle_extrusion_normal_1016.jpg,val/labels/nozzle_extrusion_normal_1016.txt,nozzle_extrusion_normal,1,0,nozzle_normal,1,是
val,val/images/nozzle_extrusion_normal_1035.jpg,val/labels/nozzle_extrusion_normal_1035.txt,nozzle_extrusion_normal,1,0,nozzle_normal,1,是
val,val/images/nozzle_extrusion_normal_1045.jpg,val/labels/nozzle_extrusion_normal_1045.txt,nozzle_extrusion_normal,1,0,nozzle_normal,1,是
val,val/images/nozzle_extrusion_normal_1058.jpg,val/labels/nozzle_extrusion_normal_1058.txt,nozzle_extrusion_normal,1,0,nozzle_normal,1,是
val,val/images/nozzle_extrusion_normal_1061.jpg,val/labels/nozzle_extrusion_normal_1061.txt,nozzle_extrusion_normal,1,0,nozzle_normal,1,是
val,val/images/nozzle_extrusion_normal_1064.jpg,val/labels/nozzle_extrusion_normal_1064.txt,nozzle_extrusion_normal,1,0,nozzle_normal,1,是
val,val/images/nozzle_extrusion_normal_1084.jpg,val/labels/nozzle_extrusion_normal_1084.txt,nozzle_extrusion_normal,1,0,nozzle_normal,1,是
val,val/images/nozzle_extrusion_normal_1089.jpg,val/labels/nozzle_extrusion_normal_1089.txt,nozzle_extrusion_normal,1,0,nozzle_normal,1,是
val,val/images/nozzle_extrusion_normal_1093.jpg,val/labels/nozzle_extrusion_normal_1093.txt,nozzle_extrusion_normal,1,0,nozzle_normal,1,是
val,val/images/nozzle_extrusion_normal_1101.jpg,val/labels/nozzle_extrusion_normal_1101.txt,nozzle_extrusion_normal,1,0,nozzle_normal,1,是
val,val/images/nozzle_extrusion_normal_1107.jpg,val/labels/nozzle_extrusion_normal_1107.txt,nozzle_extrusion_normal,1,0,nozzle_normal,1,是
val,val/images/nozzle_extrusion_normal_1108.jpg,val/labels/nozzle_extrusion_normal_1108.txt,nozzle_extrusion_normal,1,0,nozzle_normal,1,是
val,val/images/nozzle_extrusion_normal_1128.jpg,val/labels/nozzle_extrusion_normal_1128.txt,nozzle_extrusion_normal,1,0,nozzle_normal,1,是
val,val/images/nozzle_extrusion_normal_1134.jpg,val/labels/nozzle_extrusion_normal_1134.txt,nozzle_extrusion_normal,1,0,nozzle_normal,1,是
val,val/images/nozzle_extrusion_normal_1136.jpg,val/labels/nozzle_extrusion_normal_1136.txt,nozzle_extrusion_normal,1,0,nozzle_normal,1,是
val,val/images/nozzle_extrusion_normal_1151.jpg,val/labels/nozzle_extrusion_normal_1151.txt,nozzle_extrusion_normal,1,0,nozzle_normal,1,是
val,val/images/nozzle_extrusion_normal_1152.jpg,val/labels/nozzle_extrusion_normal_1152.txt,nozzle_extrusion_normal,1,0,nozzle_normal,1,是
val,val/images/nozzle_extrusion_normal_1158.jpg,val/labels/nozzle_extrusion_normal_1158.txt,nozzle_extrusion_normal,1,0,nozzle_normal,1,是
val,val/images/nozzle_extrusion_normal_1160.jpg,val/labels/nozzle_extrusion_normal_1160.txt,nozzle_extrusion_normal,1,0,nozzle_normal,1,是
val,val/images/nozzle_extrusion_normal_1177.jpg,val/labels/nozzle_extrusion_normal_1177.txt,nozzle_extrusion_normal,1,0,nozzle_normal,1,是
val,val/images/nozzle_extrusion_normal_1178.jpg,val/labels/nozzle_extrusion_normal_1178.txt,nozzle_extrusion_normal,1,0,nozzle_normal,1,是
val,val/images/nozzle_extrusion_normal_1183.jpg,val/labels/nozzle_extrusion_normal_1183.txt,nozzle_extrusion_normal,1,0,nozzle_normal,1,是
val,val/images/nozzle_extrusion_normal_1197.jpg,val/labels/nozzle_extrusion_normal_1197.txt,nozzle_extrusion_normal,1,0,nozzle_normal,1,是
val,val/images/nozzle_extrusion_normal_1204.jpg,val/labels/nozzle_extrusion_normal_1204.txt,nozzle_extrusion_normal,1,0,nozzle_normal,1,是
val,val/images/nozzle_extrusion_normal_1205.jpg,val/labels/nozzle_extrusion_normal_1205.txt,nozzle_extrusion_normal,1,0,nozzle_normal,1,是
val,val/images/nozzle_extrusion_normal_1211.jpg,val/labels/nozzle_extrusion_normal_1211.txt,nozzle_extrusion_normal,1,0,nozzle_normal,1,是
val,val/images/nozzle_extrusion_normal_1218.jpg,val/labels/nozzle_extrusion_normal_1218.txt,nozzle_extrusion_normal,1,0,nozzle_normal,1,是
val,val/images/nozzle_extrusion_normal_1219.jpg,val/labels/nozzle_extrusion_normal_1219.txt,nozzle_extrusion_normal,1,0,nozzle_normal,1,是
val,val/images/nozzle_extrusion_normal_1226.jpg,val/labels/nozzle_extrusion_normal_1226.txt,nozzle_extrusion_normal,1,0,nozzle_normal,1,是
val,val/images/nozzle_extrusion_normal_1227.jpg,val/labels/nozzle_extrusion_normal_1227.txt,nozzle_extrusion_normal,1,0,nozzle_normal,1,是
val,val/images/nozzle_extrusion_normal_1233.jpg,val/labels/nozzle_extrusion_normal_1233.txt,nozzle_extrusion_normal,1,0,nozzle_normal,1,是
val,val/images/nozzle_extrusion_normal_1273.jpg,val/labels/nozzle_extrusion_normal_1273.txt,nozzle_extrusion_normal,1,0,nozzle_normal,1,是
val,val/images/nozzle_extrusion_normal_1276.jpg,val/labels/nozzle_extrusion_normal_1276.txt,nozzle_extrusion_normal,1,0,nozzle_normal,1,是
val,val/images/nozzle_extrusion_normal_1280.jpg,val/labels/nozzle_extrusion_normal_1280.txt,nozzle_extrusion_normal,1,0,nozzle_normal,1,是
val,val/images/nozzle_extrusion_normal_1288.jpg,val/labels/nozzle_extrusion_normal_1288.txt,nozzle_extrusion_normal,1,0,nozzle_normal,1,是
val,val/images/nozzle_extrusion_normal_1291.jpg,val/labels/nozzle_extrusion_normal_1291.txt,nozzle_extrusion_normal,1,0,nozzle_normal,1,是
val,val/images/nozzle_extrusion_normal_1301.jpg,val/labels/nozzle_extrusion_normal_1301.txt,nozzle_extrusion_normal,1,0,nozzle_normal,1,是
val,val/images/nozzle_extrusion_normal_1309.jpg,val/labels/nozzle_extrusion_normal_1309.txt,nozzle_extrusion_normal,1,0,nozzle_normal,1,是
val,val/images/nozzle_extrusion_normal_1317.jpg,val/labels/nozzle_extrusion_normal_1317.txt,nozzle_extrusion_normal,1,0,nozzle_normal,1,是
val,val/images/nozzle_extrusion_normal_1335.jpg,val/labels/nozzle_extrusion_normal_1335.txt,nozzle_extrusion_normal,1,0,nozzle_normal,1,是
val,val/images/nozzle_extrusion_normal_1336.jpg,val/labels/nozzle_extrusion_normal_1336.txt,nozzle_extrusion_normal,1,0,nozzle_normal,1,是
val,val/images/nozzle_extrusion_normal_1339.jpg,val/labels/nozzle_extrusion_normal_1339.txt,nozzle_extrusion_normal,1,0,nozzle_normal,1,是
val,val/images/nozzle_extrusion_normal_1341.jpg,val/labels/nozzle_extrusion_normal_1341.txt,nozzle_extrusion_normal,1,0,nozzle_normal,1,是
val,val/images/nozzle_extrusion_normal_1349.jpg,val/labels/nozzle_extrusion_normal_1349.txt,nozzle_extrusion_normal,1,0,nozzle_normal,1,是
val,val/images/nozzle_extrusion_normal_1364.jpg,val/labels/nozzle_extrusion_normal_1364.txt,nozzle_extrusion_normal,1,0,nozzle_normal,1,是
val,val/images/nozzle_extrusion_normal_1378.jpg,val/labels/nozzle_extrusion_normal_1378.txt,nozzle_extrusion_normal,1,0,nozzle_normal,1,是
val,val/images/nozzle_extrusion_normal_1384.jpg,val/labels/nozzle_extrusion_normal_1384.txt,nozzle_extrusion_normal,1,0,nozzle_normal,1,是
val,val/images/nozzle_extrusion_normal_1397.jpg,val/labels/nozzle_extrusion_normal_1397.txt,nozzle_extrusion_normal,1,0,nozzle_normal,1,是
val,val/images/nozzle_extrusion_normal_1408.jpg,val/labels/nozzle_extrusion_normal_1408.txt,nozzle_extrusion_normal,1,0,nozzle_normal,1,是
val,val/images/nozzle_extrusion_normal_1410.jpg,val/labels/nozzle_extrusion_normal_1410.txt,nozzle_extrusion_normal,1,0,nozzle_normal,1,是
val,val/images/nozzle_extrusion_normal_1415.jpg,val/labels/nozzle_extrusion_normal_1415.txt,nozzle_extrusion_normal,1,0,nozzle_normal,1,是
val,val/images/nozzle_extrusion_normal_1421.jpg,val/labels/nozzle_extrusion_normal_1421.txt,nozzle_extrusion_normal,1,0,nozzle_normal,1,是
val,val/images/nozzle_extrusion_normal_1430.jpg,val/labels/nozzle_extrusion_normal_1430.txt,nozzle_extrusion_normal,1,0,nozzle_normal,1,是
val,val/images/nozzle_extrusion_normal_1433.jpg,val/labels/nozzle_extrusion_normal_1433.txt,nozzle_extrusion_normal,1,0,nozzle_normal,1,是
val,val/images/nozzle_extrusion_normal_1435.jpg,val/labels/nozzle_extrusion_normal_1435.txt,nozzle_extrusion_normal,1,0,nozzle_normal,1,是
val,val/images/nozzle_extrusion_normal_1437.jpg,val/labels/nozzle_extrusion_normal_1437.txt,nozzle_extrusion_normal,1,0,nozzle_normal,1,是
val,val/images/nozzle_extrusion_normal_1439.jpg,val/labels/nozzle_extrusion_normal_1439.txt,nozzle_extrusion_normal,1,0,nozzle_normal,1,是
val,val/images/nozzle_extrusion_normal_1442.jpg,val/labels/nozzle_extrusion_normal_1442.txt,nozzle_extrusion_normal,1,0,nozzle_normal,1,是
val,val/images/nozzle_extrusion_normal_1452.jpg,val/labels/nozzle_extrusion_normal_1452.txt,nozzle_extrusion_normal,1,0,nozzle_normal,1,是
val,val/images/nozzle_extrusion_normal_1454.jpg,val/labels/nozzle_extrusion_normal_1454.txt,nozzle_extrusion_normal,1,0,nozzle_normal,1,是
val,val/images/nozzle_extrusion_normal_1457.jpg,val/labels/nozzle_extrusion_normal_1457.txt,nozzle_extrusion_normal,1,0,nozzle_normal,1,是
val,val/images/nozzle_extrusion_normal_1467.jpg,val/labels/nozzle_extrusion_normal_1467.txt,nozzle_extrusion_normal,1,0,nozzle_normal,1,是
val,val/images/nozzle_extrusion_normal_1473.jpg,val/labels/nozzle_extrusion_normal_1473.txt,nozzle_extrusion_normal,1,0,nozzle_normal,1,是
val,val/images/nozzle_extrusion_normal_1476.jpg,val/labels/nozzle_extrusion_normal_1476.txt,nozzle_extrusion_normal,1,0,nozzle_normal,1,是
val,val/images/nozzle_extrusion_normal_1484.jpg,val/labels/nozzle_extrusion_normal_1484.txt,nozzle_extrusion_normal,1,0,nozzle_normal,1,是
val,val/images/nozzle_extrusion_normal_1485.jpg,val/labels/nozzle_extrusion_normal_1485.txt,nozzle_extrusion_normal,1,0,nozzle_normal,1,是
val,val/images/nozzle_extrusion_normal_1489.jpg,val/labels/nozzle_extrusion_normal_1489.txt,nozzle_extrusion_normal,1,0,nozzle_normal,1,是
val,val/images/nozzle_extrusion_normal_1493.jpg,val/labels/nozzle_extrusion_normal_1493.txt,nozzle_extrusion_normal,1,0,nozzle_normal,1,是
val,val/images/nozzle_extrusion_normal_1494.jpg,val/labels/nozzle_extrusion_normal_1494.txt,nozzle_extrusion_normal,1,0,nozzle_normal,1,是
val,val/images/nozzle_extrusion_normal_1496.jpg,val/labels/nozzle_extrusion_normal_1496.txt,nozzle_extrusion_normal,1,0,nozzle_normal,1,是
val,val/images/nozzle_extrusion_normal_1511.jpg,val/labels/nozzle_extrusion_normal_1511.txt,nozzle_extrusion_normal,1,0,nozzle_normal,1,是
val,val/images/nozzle_heavy_contamination_0003.jpg,val/labels/nozzle_heavy_contamination_0003.txt,nozzle_heavy_contamination,1,1,nozzle_abnormal,1,是
val,val/images/nozzle_heavy_contamination_0005.jpg,val/labels/nozzle_heavy_contamination_0005.txt,nozzle_heavy_contamination,1,1,nozzle_abnormal,1,是
val,val/images/nozzle_heavy_contamination_0006.jpg,val/labels/nozzle_heavy_contamination_0006.txt,nozzle_heavy_contamination,1,1,nozzle_abnormal,1,是
val,val/images/nozzle_heavy_contamination_0010.jpg,val/labels/nozzle_heavy_contamination_0010.txt,nozzle_heavy_contamination,1,1,nozzle_abnormal,1,是
val,val/images/nozzle_heavy_contamination_0016.jpg,val/labels/nozzle_heavy_contamination_0016.txt,nozzle_heavy_contamination,1,1,nozzle_abnormal,1,是
val,val/images/nozzle_heavy_contamination_0018.jpg,val/labels/nozzle_heavy_contamination_0018.txt,nozzle_heavy_contamination,1,1,nozzle_abnormal,1,是
val,val/images/nozzle_heavy_contamination_0019.jpg,val/labels/nozzle_heavy_contamination_0019.txt,nozzle_heavy_contamination,1,1,nozzle_abnormal,1,是
val,val/images/nozzle_no_extrusion_0029.jpg,val/labels/nozzle_no_extrusion_0029.txt,nozzle_no_extrusion,1,0,nozzle_normal,1,是
val,val/images/nozzle_no_extrusion_0037.jpg,val/labels/nozzle_no_extrusion_0037.txt,nozzle_no_extrusion,1,0,nozzle_normal,1,是
val,val/images/nozzle_no_extrusion_0038.jpg,val/labels/nozzle_no_extrusion_0038.txt,nozzle_no_extrusion,1,0,nozzle_normal,1,是
val,val/images/nozzle_no_extrusion_0084.jpg,val/labels/nozzle_no_extrusion_0084.txt,nozzle_no_extrusion,1,0,nozzle_normal,1,是
val,val/images/nozzle_no_extrusion_0092.jpg,val/labels/nozzle_no_extrusion_0092.txt,nozzle_no_extrusion,1,0,nozzle_normal,1,是
val,val/images/nozzle_no_extrusion_0100.jpg,val/labels/nozzle_no_extrusion_0100.txt,nozzle_no_extrusion,1,0,nozzle_normal,1,是
val,val/images/nozzle_no_extrusion_0101.jpg,val/labels/nozzle_no_extrusion_0101.txt,nozzle_no_extrusion,1,0,nozzle_normal,1,是
val,val/images/nozzle_no_extrusion_0102.jpg,val/labels/nozzle_no_extrusion_0102.txt,nozzle_no_extrusion,1,0,nozzle_normal,1,是
val,val/images/nozzle_no_extrusion_0106.jpg,val/labels/nozzle_no_extrusion_0106.txt,nozzle_no_extrusion,1,0,nozzle_normal,1,是
val,val/images/nozzle_no_extrusion_0107.jpg,val/labels/nozzle_no_extrusion_0107.txt,nozzle_no_extrusion,1,0,nozzle_normal,1,是
val,val/images/nozzle_no_extrusion_0109.jpg,val/labels/nozzle_no_extrusion_0109.txt,nozzle_no_extrusion,1,0,nozzle_normal,1,是
val,val/images/nozzle_no_extrusion_0110.jpg,val/labels/nozzle_no_extrusion_0110.txt,nozzle_no_extrusion,1,0,nozzle_normal,1,是
val,val/images/nozzle_no_extrusion_0120.jpg,val/labels/nozzle_no_extrusion_0120.txt,nozzle_no_extrusion,1,0,nozzle_normal,1,是
val,val/images/nozzle_no_extrusion_0125.jpg,val/labels/nozzle_no_extrusion_0125.txt,nozzle_no_extrusion,1,0,nozzle_normal,1,是
val,val/images/nozzle_no_extrusion_0140.jpg,val/labels/nozzle_no_extrusion_0140.txt,nozzle_no_extrusion,1,0,nozzle_normal,1,是
val,val/images/nozzle_no_extrusion_0142.jpg,val/labels/nozzle_no_extrusion_0142.txt,nozzle_no_extrusion,1,0,nozzle_normal,1,是
val,val/images/nozzle_no_extrusion_0175.jpg,val/labels/nozzle_no_extrusion_0175.txt,nozzle_no_extrusion,1,0,nozzle_normal,1,是
val,val/images/nozzle_no_extrusion_0176.jpg,val/labels/nozzle_no_extrusion_0176.txt,nozzle_no_extrusion,1,0,nozzle_normal,1,是
val,val/images/nozzle_no_extrusion_0193.jpg,val/labels/nozzle_no_extrusion_0193.txt,nozzle_no_extrusion,1,0,nozzle_normal,1,是
val,val/images/nozzle_no_extrusion_0331.jpg,val/labels/nozzle_no_extrusion_0331.txt,nozzle_no_extrusion,1,0,nozzle_normal,1,是
val,val/images/nozzle_no_extrusion_0392.jpg,val/labels/nozzle_no_extrusion_0392.txt,nozzle_no_extrusion,1,0,nozzle_normal,1,是
val,val/images/nozzle_no_extrusion_0393.jpg,val/labels/nozzle_no_extrusion_0393.txt,nozzle_no_extrusion,1,0,nozzle_normal,1,是
val,val/images/nozzle_no_extrusion_0396.jpg,val/labels/nozzle_no_extrusion_0396.txt,nozzle_no_extrusion,1,0,nozzle_normal,1,是
val,val/images/nozzle_no_extrusion_0399.jpg,val/labels/nozzle_no_extrusion_0399.txt,nozzle_no_extrusion,1,0,nozzle_normal,1,是
val,val/images/nozzle_no_extrusion_0400.jpg,val/labels/nozzle_no_extrusion_0400.txt,nozzle_no_extrusion,1,0,nozzle_normal,1,是
val,val/images/nozzle_no_extrusion_0404.jpg,val/labels/nozzle_no_extrusion_0404.txt,nozzle_no_extrusion,1,0,nozzle_normal,1,是
val,val/images/nozzle_no_extrusion_0406.jpg,val/labels/nozzle_no_extrusion_0406.txt,nozzle_no_extrusion,1,0,nozzle_normal,1,是
val,val/images/nozzle_no_extrusion_0408.jpg,val/labels/nozzle_no_extrusion_0408.txt,nozzle_no_extrusion,1,0,nozzle_normal,1,是
val,val/images/nozzle_no_extrusion_0410.jpg,val/labels/nozzle_no_extrusion_0410.txt,nozzle_no_extrusion,1,0,nozzle_normal,1,是
val,val/images/nozzle_no_extrusion_0415.jpg,val/labels/nozzle_no_extrusion_0415.txt,nozzle_no_extrusion,1,0,nozzle_normal,1,是
val,val/images/nozzle_no_extrusion_0416.jpg,val/labels/nozzle_no_extrusion_0416.txt,nozzle_no_extrusion,1,0,nozzle_normal,1,是
val,val/images/nozzle_no_extrusion_0420.jpg,val/labels/nozzle_no_extrusion_0420.txt,nozzle_no_extrusion,1,0,nozzle_normal,1,是
val,val/images/nozzle_no_extrusion_0421.jpg,val/labels/nozzle_no_extrusion_0421.txt,nozzle_no_extrusion,1,0,nozzle_normal,1,是
val,val/images/nozzle_no_extrusion_0428.jpg,val/labels/nozzle_no_extrusion_0428.txt,nozzle_no_extrusion,1,0,nozzle_normal,1,是
val,val/images/nozzle_no_extrusion_0429.jpg,val/labels/nozzle_no_extrusion_0429.txt,nozzle_no_extrusion,1,0,nozzle_normal,1,是
val,val/images/nozzle_no_extrusion_0437.jpg,val/labels/nozzle_no_extrusion_0437.txt,nozzle_no_extrusion,1,0,nozzle_normal,1,是
val,val/images/nozzle_no_extrusion_0439.jpg,val/labels/nozzle_no_extrusion_0439.txt,nozzle_no_extrusion,1,0,nozzle_normal,1,是
val,val/images/nozzle_no_extrusion_0449.jpg,val/labels/nozzle_no_extrusion_0449.txt,nozzle_no_extrusion,1,0,nozzle_normal,1,是
val,val/images/nozzle_no_extrusion_0450.jpg,val/labels/nozzle_no_extrusion_0450.txt,nozzle_no_extrusion,1,0,nozzle_normal,1,是
val,val/images/nozzle_no_extrusion_0487.jpg,val/labels/nozzle_no_extrusion_0487.txt,nozzle_no_extrusion,1,0,nozzle_normal,1,是
val,val/images/nozzle_no_extrusion_0489.jpg,val/labels/nozzle_no_extrusion_0489.txt,nozzle_no_extrusion,1,0,nozzle_normal,1,是
val,val/images/nozzle_no_extrusion_0497.jpg,val/labels/nozzle_no_extrusion_0497.txt,nozzle_no_extrusion,1,0,nozzle_normal,1,是
val,val/images/nozzle_no_extrusion_0521.jpg,val/labels/nozzle_no_extrusion_0521.txt,nozzle_no_extrusion,1,0,nozzle_normal,1,是
val,val/images/nozzle_no_extrusion_0526.jpg,val/labels/nozzle_no_extrusion_0526.txt,nozzle_no_extrusion,1,0,nozzle_normal,1,是
val,val/images/nozzle_no_extrusion_0587.jpg,val/labels/nozzle_no_extrusion_0587.txt,nozzle_no_extrusion,1,0,nozzle_normal,1,是
val,val/images/nozzle_no_extrusion_0591.jpg,val/labels/nozzle_no_extrusion_0591.txt,nozzle_no_extrusion,1,0,nozzle_normal,1,是
val,val/images/nozzle_no_extrusion_0592.jpg,val/labels/nozzle_no_extrusion_0592.txt,nozzle_no_extrusion,1,0,nozzle_normal,1,是
val,val/images/nozzle_no_extrusion_0597.jpg,val/labels/nozzle_no_extrusion_0597.txt,nozzle_no_extrusion,1,0,nozzle_normal,1,是
val,val/images/nozzle_no_extrusion_0598.jpg,val/labels/nozzle_no_extrusion_0598.txt,nozzle_no_extrusion,1,0,nozzle_normal,1,是
val,val/images/nozzle_no_extrusion_0599.jpg,val/labels/nozzle_no_extrusion_0599.txt,nozzle_no_extrusion,1,0,nozzle_normal,1,是
val,val/images/nozzle_no_extrusion_0600.jpg,val/labels/nozzle_no_extrusion_0600.txt,nozzle_no_extrusion,1,0,nozzle_normal,1,是
val,val/images/nozzle_no_extrusion_0601.jpg,val/labels/nozzle_no_extrusion_0601.txt,nozzle_no_extrusion,1,0,nozzle_normal,1,是
val,val/images/nozzle_no_extrusion_0607.jpg,val/labels/nozzle_no_extrusion_0607.txt,nozzle_no_extrusion,1,0,nozzle_normal,1,是
val,val/images/nozzle_no_extrusion_0650.jpg,val/labels/nozzle_no_extrusion_0650.txt,nozzle_no_extrusion,1,0,nozzle_normal,1,是
val,val/images/nozzle_no_extrusion_0654.jpg,val/labels/nozzle_no_extrusion_0654.txt,nozzle_no_extrusion,1,0,nozzle_normal,1,是
val,val/images/nozzle_no_extrusion_0661.jpg,val/labels/nozzle_no_extrusion_0661.txt,nozzle_no_extrusion,1,0,nozzle_normal,1,是
val,val/images/nozzle_no_extrusion_0665.jpg,val/labels/nozzle_no_extrusion_0665.txt,nozzle_no_extrusion,1,0,nozzle_normal,1,是
val,val/images/nozzle_no_extrusion_0666.jpg,val/labels/nozzle_no_extrusion_0666.txt,nozzle_no_extrusion,1,0,nozzle_normal,1,是
val,val/images/nozzle_no_extrusion_0674.jpg,val/labels/nozzle_no_extrusion_0674.txt,nozzle_no_extrusion,1,0,nozzle_normal,1,是
val,val/images/nozzle_no_extrusion_0683.jpg,val/labels/nozzle_no_extrusion_0683.txt,nozzle_no_extrusion,1,0,nozzle_normal,1,是
val,val/images/nozzle_no_extrusion_0705.jpg,val/labels/nozzle_no_extrusion_0705.txt,nozzle_no_extrusion,1,0,nozzle_normal,1,是
val,val/images/nozzle_no_extrusion_0711.jpg,val/labels/nozzle_no_extrusion_0711.txt,nozzle_no_extrusion,1,0,nozzle_normal,1,是
val,val/images/nozzle_no_extrusion_0716.jpg,val/labels/nozzle_no_extrusion_0716.txt,nozzle_no_extrusion,1,0,nozzle_normal,1,是
val,val/images/nozzle_no_extrusion_0759.jpg,val/labels/nozzle_no_extrusion_0759.txt,nozzle_no_extrusion,1,0,nozzle_normal,1,是
val,val/images/nozzle_no_extrusion_0761.jpg,val/labels/nozzle_no_extrusion_0761.txt,nozzle_no_extrusion,1,0,nozzle_normal,1,是
val,val/images/nozzle_no_extrusion_0762.jpg,val/labels/nozzle_no_extrusion_0762.txt,nozzle_no_extrusion,1,0,nozzle_normal,1,是
val,val/images/nozzle_no_extrusion_0763.jpg,val/labels/nozzle_no_extrusion_0763.txt,nozzle_no_extrusion,1,0,nozzle_normal,1,是
val,val/images/nozzle_no_extrusion_0764.jpg,val/labels/nozzle_no_extrusion_0764.txt,nozzle_no_extrusion,1,0,nozzle_normal,1,是
val,val/images/nozzle_no_extrusion_0766.jpg,val/labels/nozzle_no_extrusion_0766.txt,nozzle_no_extrusion,1,0,nozzle_normal,1,是
val,val/images/nozzle_no_extrusion_0778.jpg,val/labels/nozzle_no_extrusion_0778.txt,nozzle_no_extrusion,1,0,nozzle_normal,1,是
val,val/images/nozzle_no_extrusion_0780.jpg,val/labels/nozzle_no_extrusion_0780.txt,nozzle_no_extrusion,1,0,nozzle_normal,1,是
val,val/images/nozzle_no_extrusion_0785.jpg,val/labels/nozzle_no_extrusion_0785.txt,nozzle_no_extrusion,1,0,nozzle_normal,1,是
val,val/images/nozzle_no_extrusion_0786.jpg,val/labels/nozzle_no_extrusion_0786.txt,nozzle_no_extrusion,1,0,nozzle_normal,1,是
val,val/images/nozzle_no_extrusion_0812.jpg,val/labels/nozzle_no_extrusion_0812.txt,nozzle_no_extrusion,1,0,nozzle_normal,1,是
val,val/images/nozzle_no_extrusion_0824.jpg,val/labels/nozzle_no_extrusion_0824.txt,nozzle_no_extrusion,1,0,nozzle_normal,1,是
val,val/images/nozzle_no_extrusion_0825.jpg,val/labels/nozzle_no_extrusion_0825.txt,nozzle_no_extrusion,1,0,nozzle_normal,1,是
val,val/images/nozzle_no_extrusion_0832.jpg,val/labels/nozzle_no_extrusion_0832.txt,nozzle_no_extrusion,1,0,nozzle_normal,1,是
val,val/images/nozzle_no_extrusion_0833.jpg,val/labels/nozzle_no_extrusion_0833.txt,nozzle_no_extrusion,1,0,nozzle_normal,1,是
val,val/images/nozzle_no_extrusion_0834.jpg,val/labels/nozzle_no_extrusion_0834.txt,nozzle_no_extrusion,1,0,nozzle_normal,1,是
val,val/images/nozzle_no_extrusion_0862.jpg,val/labels/nozzle_no_extrusion_0862.txt,nozzle_no_extrusion,1,0,nozzle_normal,1,是
val,val/images/nozzle_no_extrusion_0863.jpg,val/labels/nozzle_no_extrusion_0863.txt,nozzle_no_extrusion,1,0,nozzle_normal,1,是
val,val/images/nozzle_no_extrusion_0868.jpg,val/labels/nozzle_no_extrusion_0868.txt,nozzle_no_extrusion,1,0,nozzle_normal,1,是
val,val/images/nozzle_no_extrusion_0869.jpg,val/labels/nozzle_no_extrusion_0869.txt,nozzle_no_extrusion,1,0,nozzle_normal,1,是
val,val/images/nozzle_slight_contamination_0002.jpg,val/labels/nozzle_slight_contamination_0002.txt,nozzle_slight_contamination,1,1,nozzle_abnormal,1,是
val,val/images/nozzle_slight_contamination_0004.jpg,val/labels/nozzle_slight_contamination_0004.txt,nozzle_slight_contamination,1,1,nozzle_abnormal,1,是
val,val/images/nozzle_tip_wrapped_0003.jpg,val/labels/nozzle_tip_wrapped_0003.txt,nozzle_tip_wrapped,0,1,nozzle_abnormal,1,是
val,val/images/nozzle_tip_wrapped_0008.jpg,val/labels/nozzle_tip_wrapped_0008.txt,nozzle_tip_wrapped,0,1,nozzle_abnormal,1,是
val,val/images/nozzle_tip_wrapped_0017.jpg,val/labels/nozzle_tip_wrapped_0017.txt,nozzle_tip_wrapped,0,1,nozzle_abnormal,1,是
val,val/images/nozzle_tip_wrapped_0026.jpg,val/labels/nozzle_tip_wrapped_0026.txt,nozzle_tip_wrapped,0,1,nozzle_abnormal,1,是
val,val/images/nozzle_tip_wrapped_0028.jpg,val/labels/nozzle_tip_wrapped_0028.txt,nozzle_tip_wrapped,0,1,nozzle_abnormal,1,是
val,val/images/nozzle_tip_wrapped_0029.jpg,val/labels/nozzle_tip_wrapped_0029.txt,nozzle_tip_wrapped,0,1,nozzle_abnormal,1,是
val,val/images/nozzle_tip_wrapped_0042.jpg,val/labels/nozzle_tip_wrapped_0042.txt,nozzle_tip_wrapped,0,1,nozzle_abnormal,1,是
val,val/images/nozzle_tip_wrapped_0064.jpg,val/labels/nozzle_tip_wrapped_0064.txt,nozzle_tip_wrapped,0,1,nozzle_abnormal,1,是
val,val/images/nozzle_tip_wrapped_0087.jpg,val/labels/nozzle_tip_wrapped_0087.txt,nozzle_tip_wrapped,0,1,nozzle_abnormal,1,是
val,val/images/nozzle_tip_wrapped_0088.jpg,val/labels/nozzle_tip_wrapped_0088.txt,nozzle_tip_wrapped,0,1,nozzle_abnormal,1,是
val,val/images/nozzle_tip_wrapped_0089.jpg,val/labels/nozzle_tip_wrapped_0089.txt,nozzle_tip_wrapped,0,1,nozzle_abnormal,1,是
val,val/images/nozzle_tip_wrapped_0090.jpg,val/labels/nozzle_tip_wrapped_0090.txt,nozzle_tip_wrapped,0,1,nozzle_abnormal,1,是
val,val/images/nozzle_tip_wrapped_0117.jpg,val/labels/nozzle_tip_wrapped_0117.txt,nozzle_tip_wrapped,0,1,nozzle_abnormal,1,是
val,val/images/nozzle_tip_wrapped_0124.jpg,val/labels/nozzle_tip_wrapped_0124.txt,nozzle_tip_wrapped,0,1,nozzle_abnormal,1,是
val,val/images/nozzle_tip_wrapped_0130.jpg,val/labels/nozzle_tip_wrapped_0130.txt,nozzle_tip_wrapped,0,1,nozzle_abnormal,1,是
val,val/images/nozzle_tip_wrapped_0131.jpg,val/labels/nozzle_tip_wrapped_0131.txt,nozzle_tip_wrapped,0,1,nozzle_abnormal,1,是
val,val/images/nozzle_tip_wrapped_0137.jpg,val/labels/nozzle_tip_wrapped_0137.txt,nozzle_tip_wrapped,0,1,nozzle_abnormal,1,是
val,val/images/nozzle_tip_wrapped_0141.jpg,val/labels/nozzle_tip_wrapped_0141.txt,nozzle_tip_wrapped,0,1,nozzle_abnormal,1,是
val,val/images/nozzle_tip_wrapped_0142.jpg,val/labels/nozzle_tip_wrapped_0142.txt,nozzle_tip_wrapped,0,1,nozzle_abnormal,1,是
val,val/images/nozzle_tip_wrapped_0147.jpg,val/labels/nozzle_tip_wrapped_0147.txt,nozzle_tip_wrapped,0,1,nozzle_abnormal,1,是
val,val/images/nozzle_tip_wrapped_0153.jpg,val/labels/nozzle_tip_wrapped_0153.txt,nozzle_tip_wrapped,0,1,nozzle_abnormal,1,是
val,val/images/nozzle_tip_wrapped_0160.jpg,val/labels/nozzle_tip_wrapped_0160.txt,nozzle_tip_wrapped,0,1,nozzle_abnormal,1,是
val,val/images/nozzle_tip_wrapped_0162.jpg,val/labels/nozzle_tip_wrapped_0162.txt,nozzle_tip_wrapped,0,1,nozzle_abnormal,1,是
val,val/images/nozzle_tip_wrapped_0166.jpg,val/labels/nozzle_tip_wrapped_0166.txt,nozzle_tip_wrapped,0,1,nozzle_abnormal,1,是
val,val/images/nozzle_tip_wrapped_0168.jpg,val/labels/nozzle_tip_wrapped_0168.txt,nozzle_tip_wrapped,0,1,nozzle_abnormal,1,是
val,val/images/nozzle_tip_wrapped_0169.jpg,val/labels/nozzle_tip_wrapped_0169.txt,nozzle_tip_wrapped,0,1,nozzle_abnormal,1,是
val,val/images/nozzle_tip_wrapped_0170.jpg,val/labels/nozzle_tip_wrapped_0170.txt,nozzle_tip_wrapped,0,1,nozzle_abnormal,1,是
val,val/images/nozzle_tip_wrapped_0171.jpg,val/labels/nozzle_tip_wrapped_0171.txt,nozzle_tip_wrapped,0,1,nozzle_abnormal,1,是
val,val/images/nozzle_tip_wrapped_0175.jpg,val/labels/nozzle_tip_wrapped_0175.txt,nozzle_tip_wrapped,0,1,nozzle_abnormal,1,是
val,val/images/nozzle_tip_wrapped_0177.jpg,val/labels/nozzle_tip_wrapped_0177.txt,nozzle_tip_wrapped,0,1,nozzle_abnormal,1,是
val,val/images/nozzle_tip_wrapped_0178.jpg,val/labels/nozzle_tip_wrapped_0178.txt,nozzle_tip_wrapped,0,1,nozzle_abnormal,1,是
val,val/images/nozzle_tip_wrapped_0183.jpg,val/labels/nozzle_tip_wrapped_0183.txt,nozzle_tip_wrapped,0,1,nozzle_abnormal,1,是
val,val/images/nozzle_tip_wrapped_0185.jpg,val/labels/nozzle_tip_wrapped_0185.txt,nozzle_tip_wrapped,0,1,nozzle_abnormal,1,是
val,val/images/nozzle_tip_wrapped_0196.jpg,val/labels/nozzle_tip_wrapped_0196.txt,nozzle_tip_wrapped,0,1,nozzle_abnormal,1,是
val,val/images/nozzle_tip_wrapped_0198.jpg,val/labels/nozzle_tip_wrapped_0198.txt,nozzle_tip_wrapped,0,1,nozzle_abnormal,1,是
val,val/images/nozzle_tip_wrapped_0207.jpg,val/labels/nozzle_tip_wrapped_0207.txt,nozzle_tip_wrapped,0,1,nozzle_abnormal,1,是
val,val/images/nozzle_tip_wrapped_0208.jpg,val/labels/nozzle_tip_wrapped_0208.txt,nozzle_tip_wrapped,0,1,nozzle_abnormal,1,是
val,val/images/nozzle_tip_wrapped_0210.jpg,val/labels/nozzle_tip_wrapped_0210.txt,nozzle_tip_wrapped,0,1,nozzle_abnormal,1,是
val,val/images/nozzle_tip_wrapped_0211.jpg,val/labels/nozzle_tip_wrapped_0211.txt,nozzle_tip_wrapped,0,1,nozzle_abnormal,1,是
val,val/images/nozzle_tip_wrapped_0217.jpg,val/labels/nozzle_tip_wrapped_0217.txt,nozzle_tip_wrapped,0,1,nozzle_abnormal,1,是
val,val/images/nozzle_tip_wrapped_0219.jpg,val/labels/nozzle_tip_wrapped_0219.txt,nozzle_tip_wrapped,0,1,nozzle_abnormal,1,是
val,val/images/nozzle_tip_wrapped_0238.jpg,val/labels/nozzle_tip_wrapped_0238.txt,nozzle_tip_wrapped,0,1,nozzle_abnormal,1,是
val,val/images/nozzle_tip_wrapped_0239.jpg,val/labels/nozzle_tip_wrapped_0239.txt,nozzle_tip_wrapped,0,1,nozzle_abnormal,1,是
val,val/images/nozzle_tip_wrapped_0240.jpg,val/labels/nozzle_tip_wrapped_0240.txt,nozzle_tip_wrapped,0,1,nozzle_abnormal,1,是
val,val/images/nozzle_tip_wrapped_0241.jpg,val/labels/nozzle_tip_wrapped_0241.txt,nozzle_tip_wrapped,0,1,nozzle_abnormal,1,是
val,val/images/nozzle_tip_wrapped_0249.jpg,val/labels/nozzle_tip_wrapped_0249.txt,nozzle_tip_wrapped,0,1,nozzle_abnormal,1,是
val,val/images/nozzle_tip_wrapped_0261.jpg,val/labels/nozzle_tip_wrapped_0261.txt,nozzle_tip_wrapped,0,1,nozzle_abnormal,1,是
val,val/images/nozzle_tip_wrapped_0281.jpg,val/labels/nozzle_tip_wrapped_0281.txt,nozzle_tip_wrapped,0,1,nozzle_abnormal,1,是
val,val/images/nozzle_tip_wrapped_0282.jpg,val/labels/nozzle_tip_wrapped_0282.txt,nozzle_tip_wrapped,0,1,nozzle_abnormal,1,是
val,val/images/nozzle_tip_wrapped_0314.jpg,val/labels/nozzle_tip_wrapped_0314.txt,nozzle_tip_wrapped,0,1,nozzle_abnormal,1,是
val,val/images/nozzle_tip_wrapped_0315.jpg,val/labels/nozzle_tip_wrapped_0315.txt,nozzle_tip_wrapped,0,1,nozzle_abnormal,1,是
val,val/images/nozzle_tip_wrapped_0316.jpg,val/labels/nozzle_tip_wrapped_0316.txt,nozzle_tip_wrapped,0,1,nozzle_abnormal,1,是
val,val/images/nozzle_tip_wrapped_0338.jpg,val/labels/nozzle_tip_wrapped_0338.txt,nozzle_tip_wrapped,0,1,nozzle_abnormal,1,是
val,val/images/nozzle_tip_wrapped_0339.jpg,val/labels/nozzle_tip_wrapped_0339.txt,nozzle_tip_wrapped,0,1,nozzle_abnormal,1,是
val,val/images/nozzle_tip_wrapped_0344.jpg,val/labels/nozzle_tip_wrapped_0344.txt,nozzle_tip_wrapped,0,1,nozzle_abnormal,1,是
val,val/images/nozzle_tip_wrapped_0361.jpg,val/labels/nozzle_tip_wrapped_0361.txt,nozzle_tip_wrapped,0,1,nozzle_abnormal,1,是
val,val/images/nozzle_tip_wrapped_0367.jpg,val/labels/nozzle_tip_wrapped_0367.txt,nozzle_tip_wrapped,0,1,nozzle_abnormal,1,是
val,val/images/nozzle_tip_wrapped_0370.jpg,val/labels/nozzle_tip_wrapped_0370.txt,nozzle_tip_wrapped,0,1,nozzle_abnormal,1,是
val,val/images/nozzle_tip_wrapped_0385.jpg,val/labels/nozzle_tip_wrapped_0385.txt,nozzle_tip_wrapped,0,1,nozzle_abnormal,1,是
val,val/images/nozzle_tip_wrapped_0391.jpg,val/labels/nozzle_tip_wrapped_0391.txt,nozzle_tip_wrapped,0,1,nozzle_abnormal,1,是
val,val/images/nozzle_tip_wrapped_0401.jpg,val/labels/nozzle_tip_wrapped_0401.txt,nozzle_tip_wrapped,0,1,nozzle_abnormal,1,是
val,val/images/nozzle_tip_wrapped_0402.jpg,val/labels/nozzle_tip_wrapped_0402.txt,nozzle_tip_wrapped,0,1,nozzle_abnormal,1,是
val,val/images/nozzle_tip_wrapped_0411.jpg,val/labels/nozzle_tip_wrapped_0411.txt,nozzle_tip_wrapped,0,1,nozzle_abnormal,1,是
val,val/images/nozzle_tip_wrapped_0414.jpg,val/labels/nozzle_tip_wrapped_0414.txt,nozzle_tip_wrapped,0,1,nozzle_abnormal,1,是
val,val/images/nozzle_tip_wrapped_0442.jpg,val/labels/nozzle_tip_wrapped_0442.txt,nozzle_tip_wrapped,0,1,nozzle_abnormal,1,是
val,val/images/nozzle_tip_wrapped_0443.jpg,val/labels/nozzle_tip_wrapped_0443.txt,nozzle_tip_wrapped,0,1,nozzle_abnormal,1,是
val,val/images/nozzle_tip_wrapped_0444.jpg,val/labels/nozzle_tip_wrapped_0444.txt,nozzle_tip_wrapped,0,1,nozzle_abnormal,1,是
val,val/images/nozzle_tip_wrapped_0447.jpg,val/labels/nozzle_tip_wrapped_0447.txt,nozzle_tip_wrapped,0,1,nozzle_abnormal,1,是
val,val/images/nozzle_tip_wrapped_0456.jpg,val/labels/nozzle_tip_wrapped_0456.txt,nozzle_tip_wrapped,0,1,nozzle_abnormal,1,是
val,val/images/nozzle_tip_wrapped_0457.jpg,val/labels/nozzle_tip_wrapped_0457.txt,nozzle_tip_wrapped,0,1,nozzle_abnormal,1,是
val,val/images/nozzle_tip_wrapped_0458.jpg,val/labels/nozzle_tip_wrapped_0458.txt,nozzle_tip_wrapped,0,1,nozzle_abnormal,1,是
val,val/images/nozzle_tip_wrapped_0468.jpg,val/labels/nozzle_tip_wrapped_0468.txt,nozzle_tip_wrapped,0,1,nozzle_abnormal,1,是
val,val/images/nozzle_tip_wrapped_0469.jpg,val/labels/nozzle_tip_wrapped_0469.txt,nozzle_tip_wrapped,0,1,nozzle_abnormal,1,是
val,val/images/nozzle_tip_wrapped_0471.jpg,val/labels/nozzle_tip_wrapped_0471.txt,nozzle_tip_wrapped,0,1,nozzle_abnormal,1,是
val,val/images/nozzle_tip_wrapped_0472.jpg,val/labels/nozzle_tip_wrapped_0472.txt,nozzle_tip_wrapped,0,1,nozzle_abnormal,1,是
val,val/images/nozzle_tip_wrapped_0475.jpg,val/labels/nozzle_tip_wrapped_0475.txt,nozzle_tip_wrapped,0,1,nozzle_abnormal,1,是
val,val/images/nozzle_tip_wrapped_0476.jpg,val/labels/nozzle_tip_wrapped_0476.txt,nozzle_tip_wrapped,0,1,nozzle_abnormal,1,是
val,val/images/nozzle_tip_wrapped_0477.jpg,val/labels/nozzle_tip_wrapped_0477.txt,nozzle_tip_wrapped,0,1,nozzle_abnormal,1,是
val,val/images/nozzle_tip_wrapped_0478.jpg,val/labels/nozzle_tip_wrapped_0478.txt,nozzle_tip_wrapped,0,1,nozzle_abnormal,1,是
val,val/images/nozzle_tip_wrapped_0479.jpg,val/labels/nozzle_tip_wrapped_0479.txt,nozzle_tip_wrapped,0,1,nozzle_abnormal,1,是
val,val/images/nozzle_tip_wrapped_0484.jpg,val/labels/nozzle_tip_wrapped_0484.txt,nozzle_tip_wrapped,0,1,nozzle_abnormal,1,是
val,val/images/nozzle_tip_wrapped_0488.jpg,val/labels/nozzle_tip_wrapped_0488.txt,nozzle_tip_wrapped,0,1,nozzle_abnormal,1,是
val,val/images/nozzle_tip_wrapped_0496.jpg,val/labels/nozzle_tip_wrapped_0496.txt,nozzle_tip_wrapped,0,1,nozzle_abnormal,1,是
val,val/images/nozzle_tip_wrapped_0497.jpg,val/labels/nozzle_tip_wrapped_0497.txt,nozzle_tip_wrapped,0,1,nozzle_abnormal,1,是
val,val/images/nozzle_tip_wrapped_0498.jpg,val/labels/nozzle_tip_wrapped_0498.txt,nozzle_tip_wrapped,0,1,nozzle_abnormal,1,是
val,val/images/nozzle_tip_wrapped_0499.jpg,val/labels/nozzle_tip_wrapped_0499.txt,nozzle_tip_wrapped,0,1,nozzle_abnormal,1,是
val,val/images/nozzle_tip_wrapped_0503.jpg,val/labels/nozzle_tip_wrapped_0503.txt,nozzle_tip_wrapped,0,1,nozzle_abnormal,1,是
val,val/images/nozzle_tip_wrapped_0507.jpg,val/labels/nozzle_tip_wrapped_0507.txt,nozzle_tip_wrapped,0,1,nozzle_abnormal,1,是
val,val/images/nozzle_tip_wrapped_0512.jpg,val/labels/nozzle_tip_wrapped_0512.txt,nozzle_tip_wrapped,0,1,nozzle_abnormal,1,是
val,val/images/nozzle_tip_wrapped_0516.jpg,val/labels/nozzle_tip_wrapped_0516.txt,nozzle_tip_wrapped,0,1,nozzle_abnormal,1,是
val,val/images/nozzle_tip_wrapped_0519.jpg,val/labels/nozzle_tip_wrapped_0519.txt,nozzle_tip_wrapped,0,1,nozzle_abnormal,1,是
val,val/images/nozzle_tip_wrapped_0520.jpg,val/labels/nozzle_tip_wrapped_0520.txt,nozzle_tip_wrapped,0,1,nozzle_abnormal,1,是
val,val/images/nozzle_tip_wrapped_0522.jpg,val/labels/nozzle_tip_wrapped_0522.txt,nozzle_tip_wrapped,0,1,nozzle_abnormal,1,是
val,val/images/nozzle_tip_wrapped_0524.jpg,val/labels/nozzle_tip_wrapped_0524.txt,nozzle_tip_wrapped,0,1,nozzle_abnormal,1,是
val,val/images/nozzle_tip_wrapped_0542.jpg,val/labels/nozzle_tip_wrapped_0542.txt,nozzle_tip_wrapped,0,1,nozzle_abnormal,1,是
val,val/images/nozzle_tip_wrapped_0565.jpg,val/labels/nozzle_tip_wrapped_0565.txt,nozzle_tip_wrapped,0,1,nozzle_abnormal,1,是
val,val/images/nozzle_tip_wrapped_0566.jpg,val/labels/nozzle_tip_wrapped_0566.txt,nozzle_tip_wrapped,0,1,nozzle_abnormal,1,是
val,val/images/nozzle_tip_wrapped_0568.jpg,val/labels/nozzle_tip_wrapped_0568.txt,nozzle_tip_wrapped,0,1,nozzle_abnormal,1,是
val,val/images/nozzle_tip_wrapped_0577.jpg,val/labels/nozzle_tip_wrapped_0577.txt,nozzle_tip_wrapped,0,1,nozzle_abnormal,1,是
val,val/images/nozzle_tip_wrapped_0581.jpg,val/labels/nozzle_tip_wrapped_0581.txt,nozzle_tip_wrapped,0,1,nozzle_abnormal,1,是
val,val/images/nozzle_tip_wrapped_0585.jpg,val/labels/nozzle_tip_wrapped_0585.txt,nozzle_tip_wrapped,0,1,nozzle_abnormal,1,是
val,val/images/nozzle_tip_wrapped_0593.jpg,val/labels/nozzle_tip_wrapped_0593.txt,nozzle_tip_wrapped,0,1,nozzle_abnormal,1,是
val,val/images/nozzle_tip_wrapped_0612.jpg,val/labels/nozzle_tip_wrapped_0612.txt,nozzle_tip_wrapped,0,1,nozzle_abnormal,1,是
val,val/images/nozzle_tip_wrapped_0632.jpg,val/labels/nozzle_tip_wrapped_0632.txt,nozzle_tip_wrapped,0,1,nozzle_abnormal,1,是
val,val/images/nozzle_tip_wrapped_0650.jpg,val/labels/nozzle_tip_wrapped_0650.txt,nozzle_tip_wrapped,0,1,nozzle_abnormal,1,是
val,val/images/nozzle_tip_wrapped_0654.jpg,val/labels/nozzle_tip_wrapped_0654.txt,nozzle_tip_wrapped,0,1,nozzle_abnormal,1,是
val,val/images/nozzle_tip_wrapped_0655.jpg,val/labels/nozzle_tip_wrapped_0655.txt,nozzle_tip_wrapped,0,1,nozzle_abnormal,1,是
val,val/images/nozzle_tip_wrapped_0657.jpg,val/labels/nozzle_tip_wrapped_0657.txt,nozzle_tip_wrapped,0,1,nozzle_abnormal,1,是
val,val/images/nozzle_tip_wrapped_0658.jpg,val/labels/nozzle_tip_wrapped_0658.txt,nozzle_tip_wrapped,0,1,nozzle_abnormal,1,是
val,val/images/nozzle_tip_wrapped_0664.jpg,val/labels/nozzle_tip_wrapped_0664.txt,nozzle_tip_wrapped,0,1,nozzle_abnormal,1,是
val,val/images/nozzle_tip_wrapped_0678.jpg,val/labels/nozzle_tip_wrapped_0678.txt,nozzle_tip_wrapped,0,1,nozzle_abnormal,1,是
val,val/images/nozzle_tip_wrapped_0686.jpg,val/labels/nozzle_tip_wrapped_0686.txt,nozzle_tip_wrapped,0,1,nozzle_abnormal,1,是
val,val/images/nozzle_tip_wrapped_0687.jpg,val/labels/nozzle_tip_wrapped_0687.txt,nozzle_tip_wrapped,0,1,nozzle_abnormal,1,是
val,val/images/nozzle_tip_wrapped_0713.jpg,val/labels/nozzle_tip_wrapped_0713.txt,nozzle_tip_wrapped,0,1,nozzle_abnormal,1,是
val,val/images/nozzle_tip_wrapped_0715.jpg,val/labels/nozzle_tip_wrapped_0715.txt,nozzle_tip_wrapped,0,1,nozzle_abnormal,1,是
val,val/images/nozzle_tip_wrapped_0734.jpg,val/labels/nozzle_tip_wrapped_0734.txt,nozzle_tip_wrapped,0,1,nozzle_abnormal,1,是
val,val/images/nozzle_tip_wrapped_0743.jpg,val/labels/nozzle_tip_wrapped_0743.txt,nozzle_tip_wrapped,0,1,nozzle_abnormal,1,是
val,val/images/nozzle_tip_wrapped_0744.jpg,val/labels/nozzle_tip_wrapped_0744.txt,nozzle_tip_wrapped,0,1,nozzle_abnormal,1,是
val,val/images/nozzle_tip_wrapped_0745.jpg,val/labels/nozzle_tip_wrapped_0745.txt,nozzle_tip_wrapped,0,1,nozzle_abnormal,1,是
val,val/images/nozzle_tip_wrapped_0746.jpg,val/labels/nozzle_tip_wrapped_0746.txt,nozzle_tip_wrapped,0,1,nozzle_abnormal,1,是
val,val/images/nozzle_tip_wrapped_0756.jpg,val/labels/nozzle_tip_wrapped_0756.txt,nozzle_tip_wrapped,0,1,nozzle_abnormal,1,是
val,val/images/nozzle_tip_wrapped_0765.jpg,val/labels/nozzle_tip_wrapped_0765.txt,nozzle_tip_wrapped,0,1,nozzle_abnormal,1,是
val,val/images/nozzle_tip_wrapped_0769.jpg,val/labels/nozzle_tip_wrapped_0769.txt,nozzle_tip_wrapped,0,1,nozzle_abnormal,1,是
val,val/images/nozzle_tip_wrapped_0781.jpg,val/labels/nozzle_tip_wrapped_0781.txt,nozzle_tip_wrapped,0,1,nozzle_abnormal,1,是
val,val/images/nozzle_tip_wrapped_0785.jpg,val/labels/nozzle_tip_wrapped_0785.txt,nozzle_tip_wrapped,0,1,nozzle_abnormal,1,是
val,val/images/nozzle_tip_wrapped_0819.jpg,val/labels/nozzle_tip_wrapped_0819.txt,nozzle_tip_wrapped,0,1,nozzle_abnormal,1,是
val,val/images/nozzle_tip_wrapped_0821.jpg,val/labels/nozzle_tip_wrapped_0821.txt,nozzle_tip_wrapped,0,1,nozzle_abnormal,1,是
val,val/images/nozzle_tip_wrapped_0826.jpg,val/labels/nozzle_tip_wrapped_0826.txt,nozzle_tip_wrapped,0,1,nozzle_abnormal,1,是
val,val/images/nozzle_tip_wrapped_0834.jpg,val/labels/nozzle_tip_wrapped_0834.txt,nozzle_tip_wrapped,0,1,nozzle_abnormal,1,是
val,val/images/nozzle_tip_wrapped_0836.jpg,val/labels/nozzle_tip_wrapped_0836.txt,nozzle_tip_wrapped,0,1,nozzle_abnormal,1,是
val,val/images/nozzle_tip_wrapped_0837.jpg,val/labels/nozzle_tip_wrapped_0837.txt,nozzle_tip_wrapped,0,1,nozzle_abnormal,1,是
val,val/images/nozzle_tip_wrapped_0844.jpg,val/labels/nozzle_tip_wrapped_0844.txt,nozzle_tip_wrapped,0,1,nozzle_abnormal,1,是
val,val/images/nozzle_tip_wrapped_0852.jpg,val/labels/nozzle_tip_wrapped_0852.txt,nozzle_tip_wrapped,0,1,nozzle_abnormal,1,是
val,val/images/nozzle_tip_wrapped_0853.jpg,val/labels/nozzle_tip_wrapped_0853.txt,nozzle_tip_wrapped,0,1,nozzle_abnormal,1,是
val,val/images/nozzle_tip_wrapped_0854.jpg,val/labels/nozzle_tip_wrapped_0854.txt,nozzle_tip_wrapped,0,1,nozzle_abnormal,1,是
val,val/images/nozzle_tip_wrapped_0860.jpg,val/labels/nozzle_tip_wrapped_0860.txt,nozzle_tip_wrapped,0,1,nozzle_abnormal,1,是
val,val/images/nozzle_tip_wrapped_0862.jpg,val/labels/nozzle_tip_wrapped_0862.txt,nozzle_tip_wrapped,0,1,nozzle_abnormal,1,是
val,val/images/nozzle_tip_wrapped_0864.jpg,val/labels/nozzle_tip_wrapped_0864.txt,nozzle_tip_wrapped,0,1,nozzle_abnormal,1,是
val,val/images/nozzle_tip_wrapped_0869.jpg,val/labels/nozzle_tip_wrapped_0869.txt,nozzle_tip_wrapped,0,1,nozzle_abnormal,1,是
val,val/images/nozzle_tip_wrapped_0890.jpg,val/labels/nozzle_tip_wrapped_0890.txt,nozzle_tip_wrapped,0,1,nozzle_abnormal,1,是
val,val/images/nozzle_tip_wrapped_0893.jpg,val/labels/nozzle_tip_wrapped_0893.txt,nozzle_tip_wrapped,0,1,nozzle_abnormal,1,是
val,val/images/nozzle_tip_wrapped_0899.jpg,val/labels/nozzle_tip_wrapped_0899.txt,nozzle_tip_wrapped,0,1,nozzle_abnormal,1,是
val,val/images/nozzle_tip_wrapped_0918.jpg,val/labels/nozzle_tip_wrapped_0918.txt,nozzle_tip_wrapped,0,1,nozzle_abnormal,1,是
val,val/images/nozzle_tip_wrapped_0927.jpg,val/labels/nozzle_tip_wrapped_0927.txt,nozzle_tip_wrapped,0,1,nozzle_abnormal,1,是
val,val/images/nozzle_tip_wrapped_0935.jpg,val/labels/nozzle_tip_wrapped_0935.txt,nozzle_tip_wrapped,0,1,nozzle_abnormal,1,是
val,val/images/nozzle_tip_wrapped_0943.jpg,val/labels/nozzle_tip_wrapped_0943.txt,nozzle_tip_wrapped,0,1,nozzle_abnormal,1,是
val,val/images/nozzle_tip_wrapped_0956.jpg,val/labels/nozzle_tip_wrapped_0956.txt,nozzle_tip_wrapped,0,1,nozzle_abnormal,1,是
val,val/images/nozzle_tip_wrapped_0958.jpg,val/labels/nozzle_tip_wrapped_0958.txt,nozzle_tip_wrapped,0,1,nozzle_abnormal,1,是
val,val/images/nozzle_tip_wrapped_0974.jpg,val/labels/nozzle_tip_wrapped_0974.txt,nozzle_tip_wrapped,0,1,nozzle_abnormal,1,是
val,val/images/nozzle_tip_wrapped_0975.jpg,val/labels/nozzle_tip_wrapped_0975.txt,nozzle_tip_wrapped,0,1,nozzle_abnormal,1,是
val,val/images/nozzle_tip_wrapped_0990.jpg,val/labels/nozzle_tip_wrapped_0990.txt,nozzle_tip_wrapped,0,1,nozzle_abnormal,1,是
val,val/images/nozzle_tip_wrapped_0994.jpg,val/labels/nozzle_tip_wrapped_0994.txt,nozzle_tip_wrapped,0,1,nozzle_abnormal,1,是
val,val/images/nozzle_tip_wrapped_0995.jpg,val/labels/nozzle_tip_wrapped_0995.txt,nozzle_tip_wrapped,0,1,nozzle_abnormal,1,是
val,val/images/nozzle_tip_wrapped_0999.jpg,val/labels/nozzle_tip_wrapped_0999.txt,nozzle_tip_wrapped,0,1,nozzle_abnormal,1,是
val,val/images/nozzle_tip_wrapped_1008.jpg,val/labels/nozzle_tip_wrapped_1008.txt,nozzle_tip_wrapped,0,1,nozzle_abnormal,1,是
val,val/images/nozzle_tip_wrapped_1014.jpg,val/labels/nozzle_tip_wrapped_1014.txt,nozzle_tip_wrapped,0,1,nozzle_abnormal,1,是
val,val/images/nozzle_tip_wrapped_1020.jpg,val/labels/nozzle_tip_wrapped_1020.txt,nozzle_tip_wrapped,0,1,nozzle_abnormal,1,是
val,val/images/nozzle_tip_wrapped_1037.jpg,val/labels/nozzle_tip_wrapped_1037.txt,nozzle_tip_wrapped,0,1,nozzle_abnormal,1,是
val,val/images/nozzle_tip_wrapped_1038.jpg,val/labels/nozzle_tip_wrapped_1038.txt,nozzle_tip_wrapped,0,1,nozzle_abnormal,1,是
val,val/images/nozzle_tip_wrapped_1041.jpg,val/labels/nozzle_tip_wrapped_1041.txt,nozzle_tip_wrapped,0,1,nozzle_abnormal,1,是
val,val/images/nozzle_tip_wrapped_1042.jpg,val/labels/nozzle_tip_wrapped_1042.txt,nozzle_tip_wrapped,0,1,nozzle_abnormal,1,是
val,val/images/nozzle_tip_wrapped_1069.jpg,val/labels/nozzle_tip_wrapped_1069.txt,nozzle_tip_wrapped,0,1,nozzle_abnormal,1,是
val,val/images/nozzle_tip_wrapped_1070.jpg,val/labels/nozzle_tip_wrapped_1070.txt,nozzle_tip_wrapped,0,1,nozzle_abnormal,1,是
val,val/images/nozzle_tip_wrapped_1082.jpg,val/labels/nozzle_tip_wrapped_1082.txt,nozzle_tip_wrapped,0,1,nozzle_abnormal,1,是
val,val/images/nozzle_tip_wrapped_1083.jpg,val/labels/nozzle_tip_wrapped_1083.txt,nozzle_tip_wrapped,0,1,nozzle_abnormal,1,是
val,val/images/nozzle_tip_wrapped_1094.jpg,val/labels/nozzle_tip_wrapped_1094.txt,nozzle_tip_wrapped,0,1,nozzle_abnormal,1,是
val,val/images/nozzle_tip_wrapped_1095.jpg,val/labels/nozzle_tip_wrapped_1095.txt,nozzle_tip_wrapped,0,1,nozzle_abnormal,1,是
val,val/images/nozzle_tip_wrapped_1101.jpg,val/labels/nozzle_tip_wrapped_1101.txt,nozzle_tip_wrapped,0,1,nozzle_abnormal,1,是
val,val/images/nozzle_tip_wrapped_1109.jpg,val/labels/nozzle_tip_wrapped_1109.txt,nozzle_tip_wrapped,0,1,nozzle_abnormal,1,是
val,val/images/nozzle_tip_wrapped_1111.jpg,val/labels/nozzle_tip_wrapped_1111.txt,nozzle_tip_wrapped,0,1,nozzle_abnormal,1,是
val,val/images/nozzle_tip_wrapped_1116.jpg,val/labels/nozzle_tip_wrapped_1116.txt,nozzle_tip_wrapped,0,1,nozzle_abnormal,1,是
val,val/images/nozzle_tip_wrapped_1122.jpg,val/labels/nozzle_tip_wrapped_1122.txt,nozzle_tip_wrapped,0,1,nozzle_abnormal,1,是
val,val/images/nozzle_tip_wrapped_1123.jpg,val/labels/nozzle_tip_wrapped_1123.txt,nozzle_tip_wrapped,0,1,nozzle_abnormal,1,是
val,val/images/nozzle_tip_wrapped_1137.jpg,val/labels/nozzle_tip_wrapped_1137.txt,nozzle_tip_wrapped,0,1,nozzle_abnormal,1,是
val,val/images/nozzle_tip_wrapped_1167.jpg,val/labels/nozzle_tip_wrapped_1167.txt,nozzle_tip_wrapped,0,1,nozzle_abnormal,1,是
val,val/images/nozzle_tip_wrapped_1168.jpg,val/labels/nozzle_tip_wrapped_1168.txt,nozzle_tip_wrapped,0,1,nozzle_abnormal,1,是
val,val/images/nozzle_tip_wrapped_1171.jpg,val/labels/nozzle_tip_wrapped_1171.txt,nozzle_tip_wrapped,0,1,nozzle_abnormal,1,是
val,val/images/nozzle_tip_wrapped_1176.jpg,val/labels/nozzle_tip_wrapped_1176.txt,nozzle_tip_wrapped,0,1,nozzle_abnormal,1,是
val,val/images/nozzle_tip_wrapped_1184.jpg,val/labels/nozzle_tip_wrapped_1184.txt,nozzle_tip_wrapped,0,1,nozzle_abnormal,1,是
val,val/images/nozzle_tip_wrapped_1193.jpg,val/labels/nozzle_tip_wrapped_1193.txt,nozzle_tip_wrapped,0,1,nozzle_abnormal,1,是
val,val/images/nozzle_tip_wrapped_1194.jpg,val/labels/nozzle_tip_wrapped_1194.txt,nozzle_tip_wrapped,0,1,nozzle_abnormal,1,是
val,val/images/nozzle_tip_wrapped_1203.jpg,val/labels/nozzle_tip_wrapped_1203.txt,nozzle_tip_wrapped,0,1,nozzle_abnormal,1,是
val,val/images/nozzle_tip_wrapped_1244.jpg,val/labels/nozzle_tip_wrapped_1244.txt,nozzle_tip_wrapped,0,1,nozzle_abnormal,1,是
val,val/images/nozzle_tip_wrapped_1247.jpg,val/labels/nozzle_tip_wrapped_1247.txt,nozzle_tip_wrapped,0,1,nozzle_abnormal,1,是
val,val/images/nozzle_tip_wrapped_1252.jpg,val/labels/nozzle_tip_wrapped_1252.txt,nozzle_tip_wrapped,0,1,nozzle_abnormal,1,是
val,val/images/nozzle_tip_wrapped_1253.jpg,val/labels/nozzle_tip_wrapped_1253.txt,nozzle_tip_wrapped,0,1,nozzle_abnormal,1,是
val,val/images/nozzle_tip_wrapped_1260.jpg,val/labels/nozzle_tip_wrapped_1260.txt,nozzle_tip_wrapped,0,1,nozzle_abnormal,1,是
val,val/images/nozzle_tip_wrapped_1266.jpg,val/labels/nozzle_tip_wrapped_1266.txt,nozzle_tip_wrapped,0,1,nozzle_abnormal,1,是
val,val/images/nozzle_tip_wrapped_1268.jpg,val/labels/nozzle_tip_wrapped_1268.txt,nozzle_tip_wrapped,0,1,nozzle_abnormal,1,是
val,val/images/nozzle_tip_wrapped_1270.jpg,val/labels/nozzle_tip_wrapped_1270.txt,nozzle_tip_wrapped,0,1,nozzle_abnormal,1,是
val,val/images/nozzle_tip_wrapped_1282.jpg,val/labels/nozzle_tip_wrapped_1282.txt,nozzle_tip_wrapped,0,1,nozzle_abnormal,1,是
val,val/images/nozzle_tip_wrapped_1290.jpg,val/labels/nozzle_tip_wrapped_1290.txt,nozzle_tip_wrapped,0,1,nozzle_abnormal,1,是
val,val/images/nozzle_tip_wrapped_1295.jpg,val/labels/nozzle_tip_wrapped_1295.txt,nozzle_tip_wrapped,0,1,nozzle_abnormal,1,是
val,val/images/nozzle_tip_wrapped_1298.jpg,val/labels/nozzle_tip_wrapped_1298.txt,nozzle_tip_wrapped,0,1,nozzle_abnormal,1,是
val,val/images/nozzle_tip_wrapped_1302.jpg,val/labels/nozzle_tip_wrapped_1302.txt,nozzle_tip_wrapped,0,1,nozzle_abnormal,1,是
val,val/images/nozzle_tip_wrapped_1305.jpg,val/labels/nozzle_tip_wrapped_1305.txt,nozzle_tip_wrapped,0,1,nozzle_abnormal,1,是
val,val/images/nozzle_tip_wrapped_1314.jpg,val/labels/nozzle_tip_wrapped_1314.txt,nozzle_tip_wrapped,0,1,nozzle_abnormal,1,是
test,test/images/nozzle_clean_0003.jpg,test/labels/nozzle_clean_0003.txt,nozzle_clean,1,0,nozzle_normal,1,是
test,test/images/nozzle_clean_0004.jpg,test/labels/nozzle_clean_0004.txt,nozzle_clean,1,0,nozzle_normal,1,是
test,test/images/nozzle_extrusion_normal_0016.jpg,test/labels/nozzle_extrusion_normal_0016.txt,nozzle_extrusion_normal,1,0,nozzle_normal,1,是
test,test/images/nozzle_extrusion_normal_0017.jpg,test/labels/nozzle_extrusion_normal_0017.txt,nozzle_extrusion_normal,1,0,nozzle_normal,1,是
test,test/images/nozzle_extrusion_normal_0023.jpg,test/labels/nozzle_extrusion_normal_0023.txt,nozzle_extrusion_normal,1,0,nozzle_normal,1,是
test,test/images/nozzle_extrusion_normal_0024.jpg,test/labels/nozzle_extrusion_normal_0024.txt,nozzle_extrusion_normal,1,0,nozzle_normal,1,是
test,test/images/nozzle_extrusion_normal_0026.jpg,test/labels/nozzle_extrusion_normal_0026.txt,nozzle_extrusion_normal,1,0,nozzle_normal,1,是
test,test/images/nozzle_extrusion_normal_0036.jpg,test/labels/nozzle_extrusion_normal_0036.txt,nozzle_extrusion_normal,1,0,nozzle_normal,1,是
test,test/images/nozzle_extrusion_normal_0042.jpg,test/labels/nozzle_extrusion_normal_0042.txt,nozzle_extrusion_normal,1,0,nozzle_normal,1,是
test,test/images/nozzle_extrusion_normal_0045.jpg,test/labels/nozzle_extrusion_normal_0045.txt,nozzle_extrusion_normal,1,0,nozzle_normal,1,是
test,test/images/nozzle_extrusion_normal_0050.jpg,test/labels/nozzle_extrusion_normal_0050.txt,nozzle_extrusion_normal,1,0,nozzle_normal,1,是
test,test/images/nozzle_extrusion_normal_0061.jpg,test/labels/nozzle_extrusion_normal_0061.txt,nozzle_extrusion_normal,1,0,nozzle_normal,1,是
test,test/images/nozzle_extrusion_normal_0063.jpg,test/labels/nozzle_extrusion_normal_0063.txt,nozzle_extrusion_normal,1,0,nozzle_normal,1,是
test,test/images/nozzle_extrusion_normal_0067.jpg,test/labels/nozzle_extrusion_normal_0067.txt,nozzle_extrusion_normal,1,0,nozzle_normal,1,是
test,test/images/nozzle_extrusion_normal_0070.jpg,test/labels/nozzle_extrusion_normal_0070.txt,nozzle_extrusion_normal,1,0,nozzle_normal,1,是
test,test/images/nozzle_extrusion_normal_0073.jpg,test/labels/nozzle_extrusion_normal_0073.txt,nozzle_extrusion_normal,1,0,nozzle_normal,1,是
test,test/images/nozzle_extrusion_normal_0075.jpg,test/labels/nozzle_extrusion_normal_0075.txt,nozzle_extrusion_normal,1,0,nozzle_normal,1,是
test,test/images/nozzle_extrusion_normal_0077.jpg,test/labels/nozzle_extrusion_normal_0077.txt,nozzle_extrusion_normal,1,0,nozzle_normal,1,是
test,test/images/nozzle_extrusion_normal_0084.jpg,test/labels/nozzle_extrusion_normal_0084.txt,nozzle_extrusion_normal,1,0,nozzle_normal,1,是
test,test/images/nozzle_extrusion_normal_0090.jpg,test/labels/nozzle_extrusion_normal_0090.txt,nozzle_extrusion_normal,1,0,nozzle_normal,1,是
test,test/images/nozzle_extrusion_normal_0101.jpg,test/labels/nozzle_extrusion_normal_0101.txt,nozzle_extrusion_normal,1,0,nozzle_normal,1,是
test,test/images/nozzle_extrusion_normal_0108.jpg,test/labels/nozzle_extrusion_normal_0108.txt,nozzle_extrusion_normal,1,0,nozzle_normal,1,是
test,test/images/nozzle_extrusion_normal_0109.jpg,test/labels/nozzle_extrusion_normal_0109.txt,nozzle_extrusion_normal,1,0,nozzle_normal,1,是
test,test/images/nozzle_extrusion_normal_0113.jpg,test/labels/nozzle_extrusion_normal_0113.txt,nozzle_extrusion_normal,1,0,nozzle_normal,1,是
test,test/images/nozzle_extrusion_normal_0121.jpg,test/labels/nozzle_extrusion_normal_0121.txt,nozzle_extrusion_normal,1,0,nozzle_normal,1,是
test,test/images/nozzle_extrusion_normal_0123.jpg,test/labels/nozzle_extrusion_normal_0123.txt,nozzle_extrusion_normal,1,0,nozzle_normal,1,是
test,test/images/nozzle_extrusion_normal_0124.jpg,test/labels/nozzle_extrusion_normal_0124.txt,nozzle_extrusion_normal,1,0,nozzle_normal,1,是
test,test/images/nozzle_extrusion_normal_0130.jpg,test/labels/nozzle_extrusion_normal_0130.txt,nozzle_extrusion_normal,1,0,nozzle_normal,1,是
test,test/images/nozzle_extrusion_normal_0150.jpg,test/labels/nozzle_extrusion_normal_0150.txt,nozzle_extrusion_normal,1,0,nozzle_normal,1,是
test,test/images/nozzle_extrusion_normal_0151.jpg,test/labels/nozzle_extrusion_normal_0151.txt,nozzle_extrusion_normal,1,0,nozzle_normal,1,是
test,test/images/nozzle_extrusion_normal_0162.jpg,test/labels/nozzle_extrusion_normal_0162.txt,nozzle_extrusion_normal,1,0,nozzle_normal,1,是
test,test/images/nozzle_extrusion_normal_0164.jpg,test/labels/nozzle_extrusion_normal_0164.txt,nozzle_extrusion_normal,1,0,nozzle_normal,1,是
test,test/images/nozzle_extrusion_normal_0171.jpg,test/labels/nozzle_extrusion_normal_0171.txt,nozzle_extrusion_normal,1,0,nozzle_normal,1,是
test,test/images/nozzle_extrusion_normal_0188.jpg,test/labels/nozzle_extrusion_normal_0188.txt,nozzle_extrusion_normal,1,0,nozzle_normal,1,是
test,test/images/nozzle_extrusion_normal_0190.jpg,test/labels/nozzle_extrusion_normal_0190.txt,nozzle_extrusion_normal,1,0,nozzle_normal,1,是
test,test/images/nozzle_extrusion_normal_0212.jpg,test/labels/nozzle_extrusion_normal_0212.txt,nozzle_extrusion_normal,1,0,nozzle_normal,1,是
test,test/images/nozzle_extrusion_normal_0222.jpg,test/labels/nozzle_extrusion_normal_0222.txt,nozzle_extrusion_normal,1,0,nozzle_normal,1,是
test,test/images/nozzle_extrusion_normal_0224.jpg,test/labels/nozzle_extrusion_normal_0224.txt,nozzle_extrusion_normal,1,0,nozzle_normal,1,是
test,test/images/nozzle_extrusion_normal_0227.jpg,test/labels/nozzle_extrusion_normal_0227.txt,nozzle_extrusion_normal,1,0,nozzle_normal,1,是
test,test/images/nozzle_extrusion_normal_0249.jpg,test/labels/nozzle_extrusion_normal_0249.txt,nozzle_extrusion_normal,1,0,nozzle_normal,1,是
test,test/images/nozzle_extrusion_normal_0280.jpg,test/labels/nozzle_extrusion_normal_0280.txt,nozzle_extrusion_normal,1,0,nozzle_normal,1,是
test,test/images/nozzle_extrusion_normal_0284.jpg,test/labels/nozzle_extrusion_normal_0284.txt,nozzle_extrusion_normal,1,0,nozzle_normal,1,是
test,test/images/nozzle_extrusion_normal_0286.jpg,test/labels/nozzle_extrusion_normal_0286.txt,nozzle_extrusion_normal,1,0,nozzle_normal,1,是
test,test/images/nozzle_extrusion_normal_0287.jpg,test/labels/nozzle_extrusion_normal_0287.txt,nozzle_extrusion_normal,1,0,nozzle_normal,1,是
test,test/images/nozzle_extrusion_normal_0292.jpg,test/labels/nozzle_extrusion_normal_0292.txt,nozzle_extrusion_normal,1,0,nozzle_normal,1,是
test,test/images/nozzle_extrusion_normal_0311.jpg,test/labels/nozzle_extrusion_normal_0311.txt,nozzle_extrusion_normal,1,0,nozzle_normal,1,是
test,test/images/nozzle_extrusion_normal_0331.jpg,test/labels/nozzle_extrusion_normal_0331.txt,nozzle_extrusion_normal,1,0,nozzle_normal,1,是
test,test/images/nozzle_extrusion_normal_0341.jpg,test/labels/nozzle_extrusion_normal_0341.txt,nozzle_extrusion_normal,1,0,nozzle_normal,1,是
test,test/images/nozzle_extrusion_normal_0345.jpg,test/labels/nozzle_extrusion_normal_0345.txt,nozzle_extrusion_normal,1,0,nozzle_normal,1,是
test,test/images/nozzle_extrusion_normal_0376.jpg,test/labels/nozzle_extrusion_normal_0376.txt,nozzle_extrusion_normal,1,0,nozzle_normal,1,是
test,test/images/nozzle_extrusion_normal_0382.jpg,test/labels/nozzle_extrusion_normal_0382.txt,nozzle_extrusion_normal,1,0,nozzle_normal,1,是
test,test/images/nozzle_extrusion_normal_0383.jpg,test/labels/nozzle_extrusion_normal_0383.txt,nozzle_extrusion_normal,1,0,nozzle_normal,1,是
test,test/images/nozzle_extrusion_normal_0402.jpg,test/labels/nozzle_extrusion_normal_0402.txt,nozzle_extrusion_normal,1,0,nozzle_normal,1,是
test,test/images/nozzle_extrusion_normal_0417.jpg,test/labels/nozzle_extrusion_normal_0417.txt,nozzle_extrusion_normal,1,0,nozzle_normal,1,是
test,test/images/nozzle_extrusion_normal_0425.jpg,test/labels/nozzle_extrusion_normal_0425.txt,nozzle_extrusion_normal,1,0,nozzle_normal,1,是
test,test/images/nozzle_extrusion_normal_0441.jpg,test/labels/nozzle_extrusion_normal_0441.txt,nozzle_extrusion_normal,1,0,nozzle_normal,1,是
test,test/images/nozzle_extrusion_normal_0450.jpg,test/labels/nozzle_extrusion_normal_0450.txt,nozzle_extrusion_normal,1,0,nozzle_normal,1,是
test,test/images/nozzle_extrusion_normal_0456.jpg,test/labels/nozzle_extrusion_normal_0456.txt,nozzle_extrusion_normal,1,0,nozzle_normal,1,是
test,test/images/nozzle_extrusion_normal_0465.jpg,test/labels/nozzle_extrusion_normal_0465.txt,nozzle_extrusion_normal,1,0,nozzle_normal,1,是
test,test/images/nozzle_extrusion_normal_0473.jpg,test/labels/nozzle_extrusion_normal_0473.txt,nozzle_extrusion_normal,1,0,nozzle_normal,1,是
test,test/images/nozzle_extrusion_normal_0480.jpg,test/labels/nozzle_extrusion_normal_0480.txt,nozzle_extrusion_normal,1,0,nozzle_normal,1,是
test,test/images/nozzle_extrusion_normal_0492.jpg,test/labels/nozzle_extrusion_normal_0492.txt,nozzle_extrusion_normal,1,0,nozzle_normal,1,是
test,test/images/nozzle_extrusion_normal_0503.jpg,test/labels/nozzle_extrusion_normal_0503.txt,nozzle_extrusion_normal,1,0,nozzle_normal,1,是
test,test/images/nozzle_extrusion_normal_0504.jpg,test/labels/nozzle_extrusion_normal_0504.txt,nozzle_extrusion_normal,1,0,nozzle_normal,1,是
test,test/images/nozzle_extrusion_normal_0520.jpg,test/labels/nozzle_extrusion_normal_0520.txt,nozzle_extrusion_normal,1,0,nozzle_normal,1,是
test,test/images/nozzle_extrusion_normal_0534.jpg,test/labels/nozzle_extrusion_normal_0534.txt,nozzle_extrusion_normal,1,0,nozzle_normal,1,是
test,test/images/nozzle_extrusion_normal_0541.jpg,test/labels/nozzle_extrusion_normal_0541.txt,nozzle_extrusion_normal,1,0,nozzle_normal,1,是
test,test/images/nozzle_extrusion_normal_0542.jpg,test/labels/nozzle_extrusion_normal_0542.txt,nozzle_extrusion_normal,1,0,nozzle_normal,1,是
test,test/images/nozzle_extrusion_normal_0546.jpg,test/labels/nozzle_extrusion_normal_0546.txt,nozzle_extrusion_normal,1,0,nozzle_normal,1,是
test,test/images/nozzle_extrusion_normal_0547.jpg,test/labels/nozzle_extrusion_normal_0547.txt,nozzle_extrusion_normal,1,0,nozzle_normal,1,是
test,test/images/nozzle_extrusion_normal_0548.jpg,test/labels/nozzle_extrusion_normal_0548.txt,nozzle_extrusion_normal,1,0,nozzle_normal,1,是
test,test/images/nozzle_extrusion_normal_0558.jpg,test/labels/nozzle_extrusion_normal_0558.txt,nozzle_extrusion_normal,1,0,nozzle_normal,1,是
test,test/images/nozzle_extrusion_normal_0567.jpg,test/labels/nozzle_extrusion_normal_0567.txt,nozzle_extrusion_normal,1,0,nozzle_normal,1,是
test,test/images/nozzle_extrusion_normal_0577.jpg,test/labels/nozzle_extrusion_normal_0577.txt,nozzle_extrusion_normal,1,0,nozzle_normal,1,是
test,test/images/nozzle_extrusion_normal_0588.jpg,test/labels/nozzle_extrusion_normal_0588.txt,nozzle_extrusion_normal,1,0,nozzle_normal,1,是
test,test/images/nozzle_extrusion_normal_0590.jpg,test/labels/nozzle_extrusion_normal_0590.txt,nozzle_extrusion_normal,1,0,nozzle_normal,1,是
test,test/images/nozzle_extrusion_normal_0600.jpg,test/labels/nozzle_extrusion_normal_0600.txt,nozzle_extrusion_normal,1,0,nozzle_normal,1,是
test,test/images/nozzle_extrusion_normal_0601.jpg,test/labels/nozzle_extrusion_normal_0601.txt,nozzle_extrusion_normal,1,0,nozzle_normal,1,是
test,test/images/nozzle_extrusion_normal_0631.jpg,test/labels/nozzle_extrusion_normal_0631.txt,nozzle_extrusion_normal,1,0,nozzle_normal,1,是
test,test/images/nozzle_extrusion_normal_0634.jpg,test/labels/nozzle_extrusion_normal_0634.txt,nozzle_extrusion_normal,1,0,nozzle_normal,1,是
test,test/images/nozzle_extrusion_normal_0636.jpg,test/labels/nozzle_extrusion_normal_0636.txt,nozzle_extrusion_normal,1,0,nozzle_normal,1,是
test,test/images/nozzle_extrusion_normal_0637.jpg,test/labels/nozzle_extrusion_normal_0637.txt,nozzle_extrusion_normal,1,0,nozzle_normal,1,是
test,test/images/nozzle_extrusion_normal_0638.jpg,test/labels/nozzle_extrusion_normal_0638.txt,nozzle_extrusion_normal,1,0,nozzle_normal,1,是
test,test/images/nozzle_extrusion_normal_0648.jpg,test/labels/nozzle_extrusion_normal_0648.txt,nozzle_extrusion_normal,1,0,nozzle_normal,1,是
test,test/images/nozzle_extrusion_normal_0650.jpg,test/labels/nozzle_extrusion_normal_0650.txt,nozzle_extrusion_normal,1,0,nozzle_normal,1,是
test,test/images/nozzle_extrusion_normal_0661.jpg,test/labels/nozzle_extrusion_normal_0661.txt,nozzle_extrusion_normal,1,0,nozzle_normal,1,是
test,test/images/nozzle_extrusion_normal_0671.jpg,test/labels/nozzle_extrusion_normal_0671.txt,nozzle_extrusion_normal,1,0,nozzle_normal,1,是
test,test/images/nozzle_extrusion_normal_0693.jpg,test/labels/nozzle_extrusion_normal_0693.txt,nozzle_extrusion_normal,1,0,nozzle_normal,1,是
test,test/images/nozzle_extrusion_normal_0703.jpg,test/labels/nozzle_extrusion_normal_0703.txt,nozzle_extrusion_normal,1,0,nozzle_normal,1,是
test,test/images/nozzle_extrusion_normal_0707.jpg,test/labels/nozzle_extrusion_normal_0707.txt,nozzle_extrusion_normal,1,0,nozzle_normal,1,是
test,test/images/nozzle_extrusion_normal_0708.jpg,test/labels/nozzle_extrusion_normal_0708.txt,nozzle_extrusion_normal,1,0,nozzle_normal,1,是
test,test/images/nozzle_extrusion_normal_0710.jpg,test/labels/nozzle_extrusion_normal_0710.txt,nozzle_extrusion_normal,1,0,nozzle_normal,1,是
test,test/images/nozzle_extrusion_normal_0712.jpg,test/labels/nozzle_extrusion_normal_0712.txt,nozzle_extrusion_normal,1,0,nozzle_normal,1,是
test,test/images/nozzle_extrusion_normal_0713.jpg,test/labels/nozzle_extrusion_normal_0713.txt,nozzle_extrusion_normal,1,0,nozzle_normal,1,是
test,test/images/nozzle_extrusion_normal_0726.jpg,test/labels/nozzle_extrusion_normal_0726.txt,nozzle_extrusion_normal,1,0,nozzle_normal,1,是
test,test/images/nozzle_extrusion_normal_0752.jpg,test/labels/nozzle_extrusion_normal_0752.txt,nozzle_extrusion_normal,1,0,nozzle_normal,1,是
test,test/images/nozzle_extrusion_normal_0754.jpg,test/labels/nozzle_extrusion_normal_0754.txt,nozzle_extrusion_normal,1,0,nozzle_normal,1,是
test,test/images/nozzle_extrusion_normal_0771.jpg,test/labels/nozzle_extrusion_normal_0771.txt,nozzle_extrusion_normal,1,0,nozzle_normal,1,是
test,test/images/nozzle_extrusion_normal_0773.jpg,test/labels/nozzle_extrusion_normal_0773.txt,nozzle_extrusion_normal,1,0,nozzle_normal,1,是
test,test/images/nozzle_extrusion_normal_0799.jpg,test/labels/nozzle_extrusion_normal_0799.txt,nozzle_extrusion_normal,1,0,nozzle_normal,1,是
test,test/images/nozzle_extrusion_normal_0800.jpg,test/labels/nozzle_extrusion_normal_0800.txt,nozzle_extrusion_normal,1,0,nozzle_normal,1,是
test,test/images/nozzle_extrusion_normal_0804.jpg,test/labels/nozzle_extrusion_normal_0804.txt,nozzle_extrusion_normal,1,0,nozzle_normal,1,是
test,test/images/nozzle_extrusion_normal_0807.jpg,test/labels/nozzle_extrusion_normal_0807.txt,nozzle_extrusion_normal,1,0,nozzle_normal,1,是
test,test/images/nozzle_extrusion_normal_0814.jpg,test/labels/nozzle_extrusion_normal_0814.txt,nozzle_extrusion_normal,1,0,nozzle_normal,1,是
test,test/images/nozzle_extrusion_normal_0820.jpg,test/labels/nozzle_extrusion_normal_0820.txt,nozzle_extrusion_normal,1,0,nozzle_normal,1,是
test,test/images/nozzle_extrusion_normal_0821.jpg,test/labels/nozzle_extrusion_normal_0821.txt,nozzle_extrusion_normal,1,0,nozzle_normal,1,是
test,test/images/nozzle_extrusion_normal_0829.jpg,test/labels/nozzle_extrusion_normal_0829.txt,nozzle_extrusion_normal,1,0,nozzle_normal,1,是
test,test/images/nozzle_extrusion_normal_0830.jpg,test/labels/nozzle_extrusion_normal_0830.txt,nozzle_extrusion_normal,1,0,nozzle_normal,1,是
test,test/images/nozzle_extrusion_normal_0831.jpg,test/labels/nozzle_extrusion_normal_0831.txt,nozzle_extrusion_normal,1,0,nozzle_normal,1,是
test,test/images/nozzle_extrusion_normal_0834.jpg,test/labels/nozzle_extrusion_normal_0834.txt,nozzle_extrusion_normal,1,0,nozzle_normal,1,是
test,test/images/nozzle_extrusion_normal_0848.jpg,test/labels/nozzle_extrusion_normal_0848.txt,nozzle_extrusion_normal,1,0,nozzle_normal,1,是
test,test/images/nozzle_extrusion_normal_0856.jpg,test/labels/nozzle_extrusion_normal_0856.txt,nozzle_extrusion_normal,1,0,nozzle_normal,1,是
test,test/images/nozzle_extrusion_normal_0865.jpg,test/labels/nozzle_extrusion_normal_0865.txt,nozzle_extrusion_normal,1,0,nozzle_normal,1,是
test,test/images/nozzle_extrusion_normal_0871.jpg,test/labels/nozzle_extrusion_normal_0871.txt,nozzle_extrusion_normal,1,0,nozzle_normal,1,是
test,test/images/nozzle_extrusion_normal_0875.jpg,test/labels/nozzle_extrusion_normal_0875.txt,nozzle_extrusion_normal,1,0,nozzle_normal,1,是
test,test/images/nozzle_extrusion_normal_0876.jpg,test/labels/nozzle_extrusion_normal_0876.txt,nozzle_extrusion_normal,1,0,nozzle_normal,1,是
test,test/images/nozzle_extrusion_normal_0878.jpg,test/labels/nozzle_extrusion_normal_0878.txt,nozzle_extrusion_normal,1,0,nozzle_normal,1,是
test,test/images/nozzle_extrusion_normal_0882.jpg,test/labels/nozzle_extrusion_normal_0882.txt,nozzle_extrusion_normal,1,0,nozzle_normal,1,是
test,test/images/nozzle_extrusion_normal_0884.jpg,test/labels/nozzle_extrusion_normal_0884.txt,nozzle_extrusion_normal,1,0,nozzle_normal,1,是
test,test/images/nozzle_extrusion_normal_0885.jpg,test/labels/nozzle_extrusion_normal_0885.txt,nozzle_extrusion_normal,1,0,nozzle_normal,1,是
test,test/images/nozzle_extrusion_normal_0893.jpg,test/labels/nozzle_extrusion_normal_0893.txt,nozzle_extrusion_normal,1,0,nozzle_normal,1,是
test,test/images/nozzle_extrusion_normal_0903.jpg,test/labels/nozzle_extrusion_normal_0903.txt,nozzle_extrusion_normal,1,0,nozzle_normal,1,是
test,test/images/nozzle_extrusion_normal_0905.jpg,test/labels/nozzle_extrusion_normal_0905.txt,nozzle_extrusion_normal,1,0,nozzle_normal,1,是
test,test/images/nozzle_extrusion_normal_0914.jpg,test/labels/nozzle_extrusion_normal_0914.txt,nozzle_extrusion_normal,1,0,nozzle_normal,1,是
test,test/images/nozzle_extrusion_normal_0915.jpg,test/labels/nozzle_extrusion_normal_0915.txt,nozzle_extrusion_normal,1,0,nozzle_normal,1,是
test,test/images/nozzle_extrusion_normal_0925.jpg,test/labels/nozzle_extrusion_normal_0925.txt,nozzle_extrusion_normal,1,0,nozzle_normal,1,是
test,test/images/nozzle_extrusion_normal_0954.jpg,test/labels/nozzle_extrusion_normal_0954.txt,nozzle_extrusion_normal,1,0,nozzle_normal,1,是
test,test/images/nozzle_extrusion_normal_0962.jpg,test/labels/nozzle_extrusion_normal_0962.txt,nozzle_extrusion_normal,1,0,nozzle_normal,1,是
test,test/images/nozzle_extrusion_normal_0983.jpg,test/labels/nozzle_extrusion_normal_0983.txt,nozzle_extrusion_normal,1,0,nozzle_normal,1,是
test,test/images/nozzle_extrusion_normal_1002.jpg,test/labels/nozzle_extrusion_normal_1002.txt,nozzle_extrusion_normal,1,0,nozzle_normal,1,是
test,test/images/nozzle_extrusion_normal_1003.jpg,test/labels/nozzle_extrusion_normal_1003.txt,nozzle_extrusion_normal,1,0,nozzle_normal,1,是
test,test/images/nozzle_extrusion_normal_1015.jpg,test/labels/nozzle_extrusion_normal_1015.txt,nozzle_extrusion_normal,1,0,nozzle_normal,1,是
test,test/images/nozzle_extrusion_normal_1017.jpg,test/labels/nozzle_extrusion_normal_1017.txt,nozzle_extrusion_normal,1,0,nozzle_normal,1,是
test,test/images/nozzle_extrusion_normal_1018.jpg,test/labels/nozzle_extrusion_normal_1018.txt,nozzle_extrusion_normal,1,0,nozzle_normal,1,是
test,test/images/nozzle_extrusion_normal_1029.jpg,test/labels/nozzle_extrusion_normal_1029.txt,nozzle_extrusion_normal,1,0,nozzle_normal,1,是
test,test/images/nozzle_extrusion_normal_1034.jpg,test/labels/nozzle_extrusion_normal_1034.txt,nozzle_extrusion_normal,1,0,nozzle_normal,1,是
test,test/images/nozzle_extrusion_normal_1043.jpg,test/labels/nozzle_extrusion_normal_1043.txt,nozzle_extrusion_normal,1,0,nozzle_normal,1,是
test,test/images/nozzle_extrusion_normal_1052.jpg,test/labels/nozzle_extrusion_normal_1052.txt,nozzle_extrusion_normal,1,0,nozzle_normal,1,是
test,test/images/nozzle_extrusion_normal_1059.jpg,test/labels/nozzle_extrusion_normal_1059.txt,nozzle_extrusion_normal,1,0,nozzle_normal,1,是
test,test/images/nozzle_extrusion_normal_1080.jpg,test/labels/nozzle_extrusion_normal_1080.txt,nozzle_extrusion_normal,1,0,nozzle_normal,1,是
test,test/images/nozzle_extrusion_normal_1085.jpg,test/labels/nozzle_extrusion_normal_1085.txt,nozzle_extrusion_normal,1,0,nozzle_normal,1,是
test,test/images/nozzle_extrusion_normal_1103.jpg,test/labels/nozzle_extrusion_normal_1103.txt,nozzle_extrusion_normal,1,0,nozzle_normal,1,是
test,test/images/nozzle_extrusion_normal_1104.jpg,test/labels/nozzle_extrusion_normal_1104.txt,nozzle_extrusion_normal,1,0,nozzle_normal,1,是
test,test/images/nozzle_extrusion_normal_1109.jpg,test/labels/nozzle_extrusion_normal_1109.txt,nozzle_extrusion_normal,1,0,nozzle_normal,1,是
test,test/images/nozzle_extrusion_normal_1111.jpg,test/labels/nozzle_extrusion_normal_1111.txt,nozzle_extrusion_normal,1,0,nozzle_normal,1,是
test,test/images/nozzle_extrusion_normal_1120.jpg,test/labels/nozzle_extrusion_normal_1120.txt,nozzle_extrusion_normal,1,0,nozzle_normal,1,是
test,test/images/nozzle_extrusion_normal_1145.jpg,test/labels/nozzle_extrusion_normal_1145.txt,nozzle_extrusion_normal,1,0,nozzle_normal,1,是
test,test/images/nozzle_extrusion_normal_1186.jpg,test/labels/nozzle_extrusion_normal_1186.txt,nozzle_extrusion_normal,1,0,nozzle_normal,1,是
test,test/images/nozzle_extrusion_normal_1195.jpg,test/labels/nozzle_extrusion_normal_1195.txt,nozzle_extrusion_normal,1,0,nozzle_normal,1,是
test,test/images/nozzle_extrusion_normal_1210.jpg,test/labels/nozzle_extrusion_normal_1210.txt,nozzle_extrusion_normal,1,0,nozzle_normal,1,是
test,test/images/nozzle_extrusion_normal_1214.jpg,test/labels/nozzle_extrusion_normal_1214.txt,nozzle_extrusion_normal,1,0,nozzle_normal,1,是
test,test/images/nozzle_extrusion_normal_1224.jpg,test/labels/nozzle_extrusion_normal_1224.txt,nozzle_extrusion_normal,1,0,nozzle_normal,1,是
test,test/images/nozzle_extrusion_normal_1231.jpg,test/labels/nozzle_extrusion_normal_1231.txt,nozzle_extrusion_normal,1,0,nozzle_normal,1,是
test,test/images/nozzle_extrusion_normal_1236.jpg,test/labels/nozzle_extrusion_normal_1236.txt,nozzle_extrusion_normal,1,0,nozzle_normal,1,是
test,test/images/nozzle_extrusion_normal_1241.jpg,test/labels/nozzle_extrusion_normal_1241.txt,nozzle_extrusion_normal,1,0,nozzle_normal,1,是
test,test/images/nozzle_extrusion_normal_1245.jpg,test/labels/nozzle_extrusion_normal_1245.txt,nozzle_extrusion_normal,1,0,nozzle_normal,1,是
test,test/images/nozzle_extrusion_normal_1248.jpg,test/labels/nozzle_extrusion_normal_1248.txt,nozzle_extrusion_normal,1,0,nozzle_normal,1,是
test,test/images/nozzle_extrusion_normal_1250.jpg,test/labels/nozzle_extrusion_normal_1250.txt,nozzle_extrusion_normal,1,0,nozzle_normal,1,是
test,test/images/nozzle_extrusion_normal_1251.jpg,test/labels/nozzle_extrusion_normal_1251.txt,nozzle_extrusion_normal,1,0,nozzle_normal,1,是
test,test/images/nozzle_extrusion_normal_1253.jpg,test/labels/nozzle_extrusion_normal_1253.txt,nozzle_extrusion_normal,1,0,nozzle_normal,1,是
test,test/images/nozzle_extrusion_normal_1254.jpg,test/labels/nozzle_extrusion_normal_1254.txt,nozzle_extrusion_normal,1,0,nozzle_normal,1,是
test,test/images/nozzle_extrusion_normal_1264.jpg,test/labels/nozzle_extrusion_normal_1264.txt,nozzle_extrusion_normal,1,0,nozzle_normal,1,是
test,test/images/nozzle_extrusion_normal_1266.jpg,test/labels/nozzle_extrusion_normal_1266.txt,nozzle_extrusion_normal,1,0,nozzle_normal,1,是
test,test/images/nozzle_extrusion_normal_1268.jpg,test/labels/nozzle_extrusion_normal_1268.txt,nozzle_extrusion_normal,1,0,nozzle_normal,1,是
test,test/images/nozzle_extrusion_normal_1272.jpg,test/labels/nozzle_extrusion_normal_1272.txt,nozzle_extrusion_normal,1,0,nozzle_normal,1,是
test,test/images/nozzle_extrusion_normal_1283.jpg,test/labels/nozzle_extrusion_normal_1283.txt,nozzle_extrusion_normal,1,0,nozzle_normal,1,是
test,test/images/nozzle_extrusion_normal_1290.jpg,test/labels/nozzle_extrusion_normal_1290.txt,nozzle_extrusion_normal,1,0,nozzle_normal,1,是
test,test/images/nozzle_extrusion_normal_1295.jpg,test/labels/nozzle_extrusion_normal_1295.txt,nozzle_extrusion_normal,1,0,nozzle_normal,1,是
test,test/images/nozzle_extrusion_normal_1304.jpg,test/labels/nozzle_extrusion_normal_1304.txt,nozzle_extrusion_normal,1,0,nozzle_normal,1,是
test,test/images/nozzle_extrusion_normal_1310.jpg,test/labels/nozzle_extrusion_normal_1310.txt,nozzle_extrusion_normal,1,0,nozzle_normal,1,是
test,test/images/nozzle_extrusion_normal_1314.jpg,test/labels/nozzle_extrusion_normal_1314.txt,nozzle_extrusion_normal,1,0,nozzle_normal,1,是
test,test/images/nozzle_extrusion_normal_1328.jpg,test/labels/nozzle_extrusion_normal_1328.txt,nozzle_extrusion_normal,1,0,nozzle_normal,1,是
test,test/images/nozzle_extrusion_normal_1332.jpg,test/labels/nozzle_extrusion_normal_1332.txt,nozzle_extrusion_normal,1,0,nozzle_normal,1,是
test,test/images/nozzle_extrusion_normal_1333.jpg,test/labels/nozzle_extrusion_normal_1333.txt,nozzle_extrusion_normal,1,0,nozzle_normal,1,是
test,test/images/nozzle_extrusion_normal_1345.jpg,test/labels/nozzle_extrusion_normal_1345.txt,nozzle_extrusion_normal,1,0,nozzle_normal,1,是
test,test/images/nozzle_extrusion_normal_1346.jpg,test/labels/nozzle_extrusion_normal_1346.txt,nozzle_extrusion_normal,1,0,nozzle_normal,1,是
test,test/images/nozzle_extrusion_normal_1350.jpg,test/labels/nozzle_extrusion_normal_1350.txt,nozzle_extrusion_normal,1,0,nozzle_normal,1,是
test,test/images/nozzle_extrusion_normal_1353.jpg,test/labels/nozzle_extrusion_normal_1353.txt,nozzle_extrusion_normal,1,0,nozzle_normal,1,是
test,test/images/nozzle_extrusion_normal_1355.jpg,test/labels/nozzle_extrusion_normal_1355.txt,nozzle_extrusion_normal,1,0,nozzle_normal,1,是
test,test/images/nozzle_extrusion_normal_1356.jpg,test/labels/nozzle_extrusion_normal_1356.txt,nozzle_extrusion_normal,1,0,nozzle_normal,1,是
test,test/images/nozzle_extrusion_normal_1357.jpg,test/labels/nozzle_extrusion_normal_1357.txt,nozzle_extrusion_normal,1,0,nozzle_normal,1,是
test,test/images/nozzle_extrusion_normal_1358.jpg,test/labels/nozzle_extrusion_normal_1358.txt,nozzle_extrusion_normal,1,0,nozzle_normal,1,是
test,test/images/nozzle_extrusion_normal_1360.jpg,test/labels/nozzle_extrusion_normal_1360.txt,nozzle_extrusion_normal,1,0,nozzle_normal,1,是
test,test/images/nozzle_extrusion_normal_1361.jpg,test/labels/nozzle_extrusion_normal_1361.txt,nozzle_extrusion_normal,1,0,nozzle_normal,1,是
test,test/images/nozzle_extrusion_normal_1365.jpg,test/labels/nozzle_extrusion_normal_1365.txt,nozzle_extrusion_normal,1,0,nozzle_normal,1,是
test,test/images/nozzle_extrusion_normal_1387.jpg,test/labels/nozzle_extrusion_normal_1387.txt,nozzle_extrusion_normal,1,0,nozzle_normal,1,是
test,test/images/nozzle_extrusion_normal_1391.jpg,test/labels/nozzle_extrusion_normal_1391.txt,nozzle_extrusion_normal,1,0,nozzle_normal,1,是
test,test/images/nozzle_extrusion_normal_1403.jpg,test/labels/nozzle_extrusion_normal_1403.txt,nozzle_extrusion_normal,1,0,nozzle_normal,1,是
test,test/images/nozzle_extrusion_normal_1413.jpg,test/labels/nozzle_extrusion_normal_1413.txt,nozzle_extrusion_normal,1,0,nozzle_normal,1,是
test,test/images/nozzle_extrusion_normal_1414.jpg,test/labels/nozzle_extrusion_normal_1414.txt,nozzle_extrusion_normal,1,0,nozzle_normal,1,是
test,test/images/nozzle_extrusion_normal_1419.jpg,test/labels/nozzle_extrusion_normal_1419.txt,nozzle_extrusion_normal,1,0,nozzle_normal,1,是
test,test/images/nozzle_extrusion_normal_1429.jpg,test/labels/nozzle_extrusion_normal_1429.txt,nozzle_extrusion_normal,1,0,nozzle_normal,1,是
test,test/images/nozzle_extrusion_normal_1449.jpg,test/labels/nozzle_extrusion_normal_1449.txt,nozzle_extrusion_normal,1,0,nozzle_normal,1,是
test,test/images/nozzle_extrusion_normal_1461.jpg,test/labels/nozzle_extrusion_normal_1461.txt,nozzle_extrusion_normal,1,0,nozzle_normal,1,是
test,test/images/nozzle_extrusion_normal_1480.jpg,test/labels/nozzle_extrusion_normal_1480.txt,nozzle_extrusion_normal,1,0,nozzle_normal,1,是
test,test/images/nozzle_extrusion_normal_1483.jpg,test/labels/nozzle_extrusion_normal_1483.txt,nozzle_extrusion_normal,1,0,nozzle_normal,1,是
test,test/images/nozzle_extrusion_normal_1501.jpg,test/labels/nozzle_extrusion_normal_1501.txt,nozzle_extrusion_normal,1,0,nozzle_normal,1,是
test,test/images/nozzle_extrusion_normal_1505.jpg,test/labels/nozzle_extrusion_normal_1505.txt,nozzle_extrusion_normal,1,0,nozzle_normal,1,是
test,test/images/nozzle_extrusion_normal_1509.jpg,test/labels/nozzle_extrusion_normal_1509.txt,nozzle_extrusion_normal,1,0,nozzle_normal,1,是
test,test/images/nozzle_extrusion_normal_1514.jpg,test/labels/nozzle_extrusion_normal_1514.txt,nozzle_extrusion_normal,1,0,nozzle_normal,1,是
test,test/images/nozzle_extrusion_normal_1516.jpg,test/labels/nozzle_extrusion_normal_1516.txt,nozzle_extrusion_normal,1,0,nozzle_normal,1,是
test,test/images/nozzle_heavy_contamination_0002.jpg,test/labels/nozzle_heavy_contamination_0002.txt,nozzle_heavy_contamination,1,1,nozzle_abnormal,1,是
test,test/images/nozzle_heavy_contamination_0007.jpg,test/labels/nozzle_heavy_contamination_0007.txt,nozzle_heavy_contamination,1,1,nozzle_abnormal,1,是
test,test/images/nozzle_heavy_contamination_0011.jpg,test/labels/nozzle_heavy_contamination_0011.txt,nozzle_heavy_contamination,0,1,nozzle_abnormal,1,是
test,test/images/nozzle_heavy_contamination_0013.jpg,test/labels/nozzle_heavy_contamination_0013.txt,nozzle_heavy_contamination,1,1,nozzle_abnormal,1,是
test,test/images/nozzle_heavy_contamination_0021.jpg,test/labels/nozzle_heavy_contamination_0021.txt,nozzle_heavy_contamination,1,1,nozzle_abnormal,1,是
test,test/images/nozzle_no_extrusion_0039.jpg,test/labels/nozzle_no_extrusion_0039.txt,nozzle_no_extrusion,1,0,nozzle_normal,1,是
test,test/images/nozzle_no_extrusion_0040.jpg,test/labels/nozzle_no_extrusion_0040.txt,nozzle_no_extrusion,1,0,nozzle_normal,1,是
test,test/images/nozzle_no_extrusion_0059.jpg,test/labels/nozzle_no_extrusion_0059.txt,nozzle_no_extrusion,1,0,nozzle_normal,1,是
test,test/images/nozzle_no_extrusion_0093.jpg,test/labels/nozzle_no_extrusion_0093.txt,nozzle_no_extrusion,1,0,nozzle_normal,1,是
test,test/images/nozzle_no_extrusion_0095.jpg,test/labels/nozzle_no_extrusion_0095.txt,nozzle_no_extrusion,1,0,nozzle_normal,1,是
test,test/images/nozzle_no_extrusion_0111.jpg,test/labels/nozzle_no_extrusion_0111.txt,nozzle_no_extrusion,1,0,nozzle_normal,1,是
test,test/images/nozzle_no_extrusion_0113.jpg,test/labels/nozzle_no_extrusion_0113.txt,nozzle_no_extrusion,1,0,nozzle_normal,1,是
test,test/images/nozzle_no_extrusion_0117.jpg,test/labels/nozzle_no_extrusion_0117.txt,nozzle_no_extrusion,1,0,nozzle_normal,1,是
test,test/images/nozzle_no_extrusion_0118.jpg,test/labels/nozzle_no_extrusion_0118.txt,nozzle_no_extrusion,1,0,nozzle_normal,1,是
test,test/images/nozzle_no_extrusion_0119.jpg,test/labels/nozzle_no_extrusion_0119.txt,nozzle_no_extrusion,1,0,nozzle_normal,1,是
test,test/images/nozzle_no_extrusion_0124.jpg,test/labels/nozzle_no_extrusion_0124.txt,nozzle_no_extrusion,1,0,nozzle_normal,1,是
test,test/images/nozzle_no_extrusion_0130.jpg,test/labels/nozzle_no_extrusion_0130.txt,nozzle_no_extrusion,1,0,nozzle_normal,1,是
test,test/images/nozzle_no_extrusion_0131.jpg,test/labels/nozzle_no_extrusion_0131.txt,nozzle_no_extrusion,1,0,nozzle_normal,1,是
test,test/images/nozzle_no_extrusion_0135.jpg,test/labels/nozzle_no_extrusion_0135.txt,nozzle_no_extrusion,1,0,nozzle_normal,1,是
test,test/images/nozzle_no_extrusion_0136.jpg,test/labels/nozzle_no_extrusion_0136.txt,nozzle_no_extrusion,1,0,nozzle_normal,1,是
test,test/images/nozzle_no_extrusion_0139.jpg,test/labels/nozzle_no_extrusion_0139.txt,nozzle_no_extrusion,1,0,nozzle_normal,1,是
test,test/images/nozzle_no_extrusion_0143.jpg,test/labels/nozzle_no_extrusion_0143.txt,nozzle_no_extrusion,1,0,nozzle_normal,1,是
test,test/images/nozzle_no_extrusion_0147.jpg,test/labels/nozzle_no_extrusion_0147.txt,nozzle_no_extrusion,1,0,nozzle_normal,1,是
test,test/images/nozzle_no_extrusion_0403.jpg,test/labels/nozzle_no_extrusion_0403.txt,nozzle_no_extrusion,1,0,nozzle_normal,1,是
test,test/images/nozzle_no_extrusion_0411.jpg,test/labels/nozzle_no_extrusion_0411.txt,nozzle_no_extrusion,1,0,nozzle_normal,1,是
test,test/images/nozzle_no_extrusion_0412.jpg,test/labels/nozzle_no_extrusion_0412.txt,nozzle_no_extrusion,1,0,nozzle_normal,1,是
test,test/images/nozzle_no_extrusion_0417.jpg,test/labels/nozzle_no_extrusion_0417.txt,nozzle_no_extrusion,1,0,nozzle_normal,1,是
test,test/images/nozzle_no_extrusion_0418.jpg,test/labels/nozzle_no_extrusion_0418.txt,nozzle_no_extrusion,1,0,nozzle_normal,1,是
test,test/images/nozzle_no_extrusion_0419.jpg,test/labels/nozzle_no_extrusion_0419.txt,nozzle_no_extrusion,1,0,nozzle_normal,1,是
test,test/images/nozzle_no_extrusion_0435.jpg,test/labels/nozzle_no_extrusion_0435.txt,nozzle_no_extrusion,1,0,nozzle_normal,1,是
test,test/images/nozzle_no_extrusion_0436.jpg,test/labels/nozzle_no_extrusion_0436.txt,nozzle_no_extrusion,1,0,nozzle_normal,1,是
test,test/images/nozzle_no_extrusion_0440.jpg,test/labels/nozzle_no_extrusion_0440.txt,nozzle_no_extrusion,1,0,nozzle_normal,1,是
test,test/images/nozzle_no_extrusion_0441.jpg,test/labels/nozzle_no_extrusion_0441.txt,nozzle_no_extrusion,1,0,nozzle_normal,1,是
test,test/images/nozzle_no_extrusion_0447.jpg,test/labels/nozzle_no_extrusion_0447.txt,nozzle_no_extrusion,1,0,nozzle_normal,1,是
test,test/images/nozzle_no_extrusion_0452.jpg,test/labels/nozzle_no_extrusion_0452.txt,nozzle_no_extrusion,1,0,nozzle_normal,1,是
test,test/images/nozzle_no_extrusion_0475.jpg,test/labels/nozzle_no_extrusion_0475.txt,nozzle_no_extrusion,1,0,nozzle_normal,1,是
test,test/images/nozzle_no_extrusion_0477.jpg,test/labels/nozzle_no_extrusion_0477.txt,nozzle_no_extrusion,1,0,nozzle_normal,1,是
test,test/images/nozzle_no_extrusion_0484.jpg,test/labels/nozzle_no_extrusion_0484.txt,nozzle_no_extrusion,1,0,nozzle_normal,1,是
test,test/images/nozzle_no_extrusion_0492.jpg,test/labels/nozzle_no_extrusion_0492.txt,nozzle_no_extrusion,1,0,nozzle_normal,1,是
test,test/images/nozzle_no_extrusion_0496.jpg,test/labels/nozzle_no_extrusion_0496.txt,nozzle_no_extrusion,1,0,nozzle_normal,1,是
test,test/images/nozzle_no_extrusion_0498.jpg,test/labels/nozzle_no_extrusion_0498.txt,nozzle_no_extrusion,1,0,nozzle_normal,1,是
test,test/images/nozzle_no_extrusion_0499.jpg,test/labels/nozzle_no_extrusion_0499.txt,nozzle_no_extrusion,1,0,nozzle_normal,1,是
test,test/images/nozzle_no_extrusion_0501.jpg,test/labels/nozzle_no_extrusion_0501.txt,nozzle_no_extrusion,1,0,nozzle_normal,1,是
test,test/images/nozzle_no_extrusion_0502.jpg,test/labels/nozzle_no_extrusion_0502.txt,nozzle_no_extrusion,1,0,nozzle_normal,1,是
test,test/images/nozzle_no_extrusion_0504.jpg,test/labels/nozzle_no_extrusion_0504.txt,nozzle_no_extrusion,1,0,nozzle_normal,1,是
test,test/images/nozzle_no_extrusion_0505.jpg,test/labels/nozzle_no_extrusion_0505.txt,nozzle_no_extrusion,1,0,nozzle_normal,1,是
test,test/images/nozzle_no_extrusion_0510.jpg,test/labels/nozzle_no_extrusion_0510.txt,nozzle_no_extrusion,1,0,nozzle_normal,1,是
test,test/images/nozzle_no_extrusion_0513.jpg,test/labels/nozzle_no_extrusion_0513.txt,nozzle_no_extrusion,1,0,nozzle_normal,1,是
test,test/images/nozzle_no_extrusion_0520.jpg,test/labels/nozzle_no_extrusion_0520.txt,nozzle_no_extrusion,1,0,nozzle_normal,1,是
test,test/images/nozzle_no_extrusion_0523.jpg,test/labels/nozzle_no_extrusion_0523.txt,nozzle_no_extrusion,1,0,nozzle_normal,1,是
test,test/images/nozzle_no_extrusion_0524.jpg,test/labels/nozzle_no_extrusion_0524.txt,nozzle_no_extrusion,1,0,nozzle_normal,1,是
test,test/images/nozzle_no_extrusion_0528.jpg,test/labels/nozzle_no_extrusion_0528.txt,nozzle_no_extrusion,1,0,nozzle_normal,1,是
test,test/images/nozzle_no_extrusion_0534.jpg,test/labels/nozzle_no_extrusion_0534.txt,nozzle_no_extrusion,1,0,nozzle_normal,1,是
test,test/images/nozzle_no_extrusion_0539.jpg,test/labels/nozzle_no_extrusion_0539.txt,nozzle_no_extrusion,1,0,nozzle_normal,1,是
test,test/images/nozzle_no_extrusion_0541.jpg,test/labels/nozzle_no_extrusion_0541.txt,nozzle_no_extrusion,1,0,nozzle_normal,1,是
test,test/images/nozzle_no_extrusion_0545.jpg,test/labels/nozzle_no_extrusion_0545.txt,nozzle_no_extrusion,1,0,nozzle_normal,1,是
test,test/images/nozzle_no_extrusion_0547.jpg,test/labels/nozzle_no_extrusion_0547.txt,nozzle_no_extrusion,1,0,nozzle_normal,1,是
test,test/images/nozzle_no_extrusion_0560.jpg,test/labels/nozzle_no_extrusion_0560.txt,nozzle_no_extrusion,1,0,nozzle_normal,1,是
test,test/images/nozzle_no_extrusion_0561.jpg,test/labels/nozzle_no_extrusion_0561.txt,nozzle_no_extrusion,1,0,nozzle_normal,1,是
test,test/images/nozzle_no_extrusion_0564.jpg,test/labels/nozzle_no_extrusion_0564.txt,nozzle_no_extrusion,1,0,nozzle_normal,1,是
test,test/images/nozzle_no_extrusion_0567.jpg,test/labels/nozzle_no_extrusion_0567.txt,nozzle_no_extrusion,1,0,nozzle_normal,1,是
test,test/images/nozzle_no_extrusion_0569.jpg,test/labels/nozzle_no_extrusion_0569.txt,nozzle_no_extrusion,1,0,nozzle_normal,1,是
test,test/images/nozzle_no_extrusion_0570.jpg,test/labels/nozzle_no_extrusion_0570.txt,nozzle_no_extrusion,1,0,nozzle_normal,1,是
test,test/images/nozzle_no_extrusion_0571.jpg,test/labels/nozzle_no_extrusion_0571.txt,nozzle_no_extrusion,1,0,nozzle_normal,1,是
test,test/images/nozzle_no_extrusion_0572.jpg,test/labels/nozzle_no_extrusion_0572.txt,nozzle_no_extrusion,1,0,nozzle_normal,1,是
test,test/images/nozzle_no_extrusion_0577.jpg,test/labels/nozzle_no_extrusion_0577.txt,nozzle_no_extrusion,1,0,nozzle_normal,1,是
test,test/images/nozzle_no_extrusion_0578.jpg,test/labels/nozzle_no_extrusion_0578.txt,nozzle_no_extrusion,1,0,nozzle_normal,1,是
test,test/images/nozzle_no_extrusion_0580.jpg,test/labels/nozzle_no_extrusion_0580.txt,nozzle_no_extrusion,1,0,nozzle_normal,1,是
test,test/images/nozzle_no_extrusion_0581.jpg,test/labels/nozzle_no_extrusion_0581.txt,nozzle_no_extrusion,1,0,nozzle_normal,1,是
test,test/images/nozzle_no_extrusion_0582.jpg,test/labels/nozzle_no_extrusion_0582.txt,nozzle_no_extrusion,1,0,nozzle_normal,1,是
test,test/images/nozzle_no_extrusion_0583.jpg,test/labels/nozzle_no_extrusion_0583.txt,nozzle_no_extrusion,1,0,nozzle_normal,1,是
test,test/images/nozzle_no_extrusion_0588.jpg,test/labels/nozzle_no_extrusion_0588.txt,nozzle_no_extrusion,1,0,nozzle_normal,1,是
test,test/images/nozzle_no_extrusion_0590.jpg,test/labels/nozzle_no_extrusion_0590.txt,nozzle_no_extrusion,1,0,nozzle_normal,1,是
test,test/images/nozzle_no_extrusion_0596.jpg,test/labels/nozzle_no_extrusion_0596.txt,nozzle_no_extrusion,1,0,nozzle_normal,1,是
test,test/images/nozzle_no_extrusion_0602.jpg,test/labels/nozzle_no_extrusion_0602.txt,nozzle_no_extrusion,1,0,nozzle_normal,1,是
test,test/images/nozzle_no_extrusion_0616.jpg,test/labels/nozzle_no_extrusion_0616.txt,nozzle_no_extrusion,1,0,nozzle_normal,1,是
test,test/images/nozzle_no_extrusion_0626.jpg,test/labels/nozzle_no_extrusion_0626.txt,nozzle_no_extrusion,1,0,nozzle_normal,1,是
test,test/images/nozzle_no_extrusion_0629.jpg,test/labels/nozzle_no_extrusion_0629.txt,nozzle_no_extrusion,1,0,nozzle_normal,1,是
test,test/images/nozzle_no_extrusion_0631.jpg,test/labels/nozzle_no_extrusion_0631.txt,nozzle_no_extrusion,1,0,nozzle_normal,1,是
test,test/images/nozzle_no_extrusion_0634.jpg,test/labels/nozzle_no_extrusion_0634.txt,nozzle_no_extrusion,1,0,nozzle_normal,1,是
test,test/images/nozzle_no_extrusion_0637.jpg,test/labels/nozzle_no_extrusion_0637.txt,nozzle_no_extrusion,1,0,nozzle_normal,1,是
test,test/images/nozzle_no_extrusion_0638.jpg,test/labels/nozzle_no_extrusion_0638.txt,nozzle_no_extrusion,1,0,nozzle_normal,1,是
test,test/images/nozzle_no_extrusion_0640.jpg,test/labels/nozzle_no_extrusion_0640.txt,nozzle_no_extrusion,1,0,nozzle_normal,1,是
test,test/images/nozzle_no_extrusion_0645.jpg,test/labels/nozzle_no_extrusion_0645.txt,nozzle_no_extrusion,1,0,nozzle_normal,1,是
test,test/images/nozzle_no_extrusion_0648.jpg,test/labels/nozzle_no_extrusion_0648.txt,nozzle_no_extrusion,1,0,nozzle_normal,1,是
test,test/images/nozzle_no_extrusion_0649.jpg,test/labels/nozzle_no_extrusion_0649.txt,nozzle_no_extrusion,1,0,nozzle_normal,1,是
test,test/images/nozzle_no_extrusion_0651.jpg,test/labels/nozzle_no_extrusion_0651.txt,nozzle_no_extrusion,1,0,nozzle_normal,1,是
test,test/images/nozzle_no_extrusion_0652.jpg,test/labels/nozzle_no_extrusion_0652.txt,nozzle_no_extrusion,1,0,nozzle_normal,1,是
test,test/images/nozzle_no_extrusion_0655.jpg,test/labels/nozzle_no_extrusion_0655.txt,nozzle_no_extrusion,1,0,nozzle_normal,1,是
test,test/images/nozzle_no_extrusion_0656.jpg,test/labels/nozzle_no_extrusion_0656.txt,nozzle_no_extrusion,1,0,nozzle_normal,1,是
test,test/images/nozzle_no_extrusion_0662.jpg,test/labels/nozzle_no_extrusion_0662.txt,nozzle_no_extrusion,1,0,nozzle_normal,1,是
test,test/images/nozzle_no_extrusion_0664.jpg,test/labels/nozzle_no_extrusion_0664.txt,nozzle_no_extrusion,1,0,nozzle_normal,1,是
test,test/images/nozzle_no_extrusion_0671.jpg,test/labels/nozzle_no_extrusion_0671.txt,nozzle_no_extrusion,1,0,nozzle_normal,1,是
test,test/images/nozzle_no_extrusion_0672.jpg,test/labels/nozzle_no_extrusion_0672.txt,nozzle_no_extrusion,1,0,nozzle_normal,1,是
test,test/images/nozzle_no_extrusion_0673.jpg,test/labels/nozzle_no_extrusion_0673.txt,nozzle_no_extrusion,1,0,nozzle_normal,1,是
test,test/images/nozzle_no_extrusion_0675.jpg,test/labels/nozzle_no_extrusion_0675.txt,nozzle_no_extrusion,1,0,nozzle_normal,1,是
test,test/images/nozzle_no_extrusion_0676.jpg,test/labels/nozzle_no_extrusion_0676.txt,nozzle_no_extrusion,1,0,nozzle_normal,1,是
test,test/images/nozzle_no_extrusion_0677.jpg,test/labels/nozzle_no_extrusion_0677.txt,nozzle_no_extrusion,1,0,nozzle_normal,1,是
test,test/images/nozzle_no_extrusion_0685.jpg,test/labels/nozzle_no_extrusion_0685.txt,nozzle_no_extrusion,1,0,nozzle_normal,1,是
test,test/images/nozzle_no_extrusion_0692.jpg,test/labels/nozzle_no_extrusion_0692.txt,nozzle_no_extrusion,1,0,nozzle_normal,1,是
test,test/images/nozzle_no_extrusion_0695.jpg,test/labels/nozzle_no_extrusion_0695.txt,nozzle_no_extrusion,1,0,nozzle_normal,1,是
test,test/images/nozzle_no_extrusion_0704.jpg,test/labels/nozzle_no_extrusion_0704.txt,nozzle_no_extrusion,1,0,nozzle_normal,1,是
test,test/images/nozzle_no_extrusion_0713.jpg,test/labels/nozzle_no_extrusion_0713.txt,nozzle_no_extrusion,1,0,nozzle_normal,1,是
test,test/images/nozzle_no_extrusion_0717.jpg,test/labels/nozzle_no_extrusion_0717.txt,nozzle_no_extrusion,1,0,nozzle_normal,1,是
test,test/images/nozzle_no_extrusion_0721.jpg,test/labels/nozzle_no_extrusion_0721.txt,nozzle_no_extrusion,1,0,nozzle_normal,1,是
test,test/images/nozzle_no_extrusion_0725.jpg,test/labels/nozzle_no_extrusion_0725.txt,nozzle_no_extrusion,1,0,nozzle_normal,1,是
test,test/images/nozzle_no_extrusion_0727.jpg,test/labels/nozzle_no_extrusion_0727.txt,nozzle_no_extrusion,1,0,nozzle_normal,1,是
test,test/images/nozzle_no_extrusion_0730.jpg,test/labels/nozzle_no_extrusion_0730.txt,nozzle_no_extrusion,1,0,nozzle_normal,1,是
test,test/images/nozzle_no_extrusion_0732.jpg,test/labels/nozzle_no_extrusion_0732.txt,nozzle_no_extrusion,1,0,nozzle_normal,1,是
test,test/images/nozzle_no_extrusion_0734.jpg,test/labels/nozzle_no_extrusion_0734.txt,nozzle_no_extrusion,1,0,nozzle_normal,1,是
test,test/images/nozzle_no_extrusion_0736.jpg,test/labels/nozzle_no_extrusion_0736.txt,nozzle_no_extrusion,1,0,nozzle_normal,1,是
test,test/images/nozzle_no_extrusion_0738.jpg,test/labels/nozzle_no_extrusion_0738.txt,nozzle_no_extrusion,1,0,nozzle_normal,1,是
test,test/images/nozzle_no_extrusion_0741.jpg,test/labels/nozzle_no_extrusion_0741.txt,nozzle_no_extrusion,1,0,nozzle_normal,1,是
test,test/images/nozzle_no_extrusion_0748.jpg,test/labels/nozzle_no_extrusion_0748.txt,nozzle_no_extrusion,1,0,nozzle_normal,1,是
test,test/images/nozzle_no_extrusion_0767.jpg,test/labels/nozzle_no_extrusion_0767.txt,nozzle_no_extrusion,1,0,nozzle_normal,1,是
test,test/images/nozzle_no_extrusion_0770.jpg,test/labels/nozzle_no_extrusion_0770.txt,nozzle_no_extrusion,1,0,nozzle_normal,1,是
test,test/images/nozzle_no_extrusion_0772.jpg,test/labels/nozzle_no_extrusion_0772.txt,nozzle_no_extrusion,1,0,nozzle_normal,1,是
test,test/images/nozzle_no_extrusion_0775.jpg,test/labels/nozzle_no_extrusion_0775.txt,nozzle_no_extrusion,1,0,nozzle_normal,1,是
test,test/images/nozzle_no_extrusion_0777.jpg,test/labels/nozzle_no_extrusion_0777.txt,nozzle_no_extrusion,1,0,nozzle_normal,1,是
test,test/images/nozzle_no_extrusion_0781.jpg,test/labels/nozzle_no_extrusion_0781.txt,nozzle_no_extrusion,1,0,nozzle_normal,1,是
test,test/images/nozzle_no_extrusion_0782.jpg,test/labels/nozzle_no_extrusion_0782.txt,nozzle_no_extrusion,1,0,nozzle_normal,1,是
test,test/images/nozzle_no_extrusion_0787.jpg,test/labels/nozzle_no_extrusion_0787.txt,nozzle_no_extrusion,1,0,nozzle_normal,1,是
test,test/images/nozzle_no_extrusion_0789.jpg,test/labels/nozzle_no_extrusion_0789.txt,nozzle_no_extrusion,1,0,nozzle_normal,1,是
test,test/images/nozzle_no_extrusion_0801.jpg,test/labels/nozzle_no_extrusion_0801.txt,nozzle_no_extrusion,1,0,nozzle_normal,1,是
test,test/images/nozzle_no_extrusion_0802.jpg,test/labels/nozzle_no_extrusion_0802.txt,nozzle_no_extrusion,1,0,nozzle_normal,1,是
test,test/images/nozzle_no_extrusion_0804.jpg,test/labels/nozzle_no_extrusion_0804.txt,nozzle_no_extrusion,1,0,nozzle_normal,1,是
test,test/images/nozzle_no_extrusion_0805.jpg,test/labels/nozzle_no_extrusion_0805.txt,nozzle_no_extrusion,1,0,nozzle_normal,1,是
test,test/images/nozzle_no_extrusion_0807.jpg,test/labels/nozzle_no_extrusion_0807.txt,nozzle_no_extrusion,1,0,nozzle_normal,1,是
test,test/images/nozzle_no_extrusion_0808.jpg,test/labels/nozzle_no_extrusion_0808.txt,nozzle_no_extrusion,1,0,nozzle_normal,1,是
test,test/images/nozzle_no_extrusion_0810.jpg,test/labels/nozzle_no_extrusion_0810.txt,nozzle_no_extrusion,1,0,nozzle_normal,1,是
test,test/images/nozzle_no_extrusion_0811.jpg,test/labels/nozzle_no_extrusion_0811.txt,nozzle_no_extrusion,1,0,nozzle_normal,1,是
test,test/images/nozzle_no_extrusion_0813.jpg,test/labels/nozzle_no_extrusion_0813.txt,nozzle_no_extrusion,1,0,nozzle_normal,1,是
test,test/images/nozzle_no_extrusion_0814.jpg,test/labels/nozzle_no_extrusion_0814.txt,nozzle_no_extrusion,1,0,nozzle_normal,1,是
test,test/images/nozzle_no_extrusion_0826.jpg,test/labels/nozzle_no_extrusion_0826.txt,nozzle_no_extrusion,1,0,nozzle_normal,1,是
test,test/images/nozzle_no_extrusion_0836.jpg,test/labels/nozzle_no_extrusion_0836.txt,nozzle_no_extrusion,1,0,nozzle_normal,1,是
test,test/images/nozzle_no_extrusion_0838.jpg,test/labels/nozzle_no_extrusion_0838.txt,nozzle_no_extrusion,1,0,nozzle_normal,1,是
test,test/images/nozzle_no_extrusion_0840.jpg,test/labels/nozzle_no_extrusion_0840.txt,nozzle_no_extrusion,1,0,nozzle_normal,1,是
test,test/images/nozzle_no_extrusion_0843.jpg,test/labels/nozzle_no_extrusion_0843.txt,nozzle_no_extrusion,1,0,nozzle_normal,1,是
test,test/images/nozzle_no_extrusion_0847.jpg,test/labels/nozzle_no_extrusion_0847.txt,nozzle_no_extrusion,1,0,nozzle_normal,1,是
test,test/images/nozzle_no_extrusion_0850.jpg,test/labels/nozzle_no_extrusion_0850.txt,nozzle_no_extrusion,1,0,nozzle_normal,1,是
test,test/images/nozzle_no_extrusion_0852.jpg,test/labels/nozzle_no_extrusion_0852.txt,nozzle_no_extrusion,1,0,nozzle_normal,1,是
test,test/images/nozzle_no_extrusion_0854.jpg,test/labels/nozzle_no_extrusion_0854.txt,nozzle_no_extrusion,1,0,nozzle_normal,1,是
test,test/images/nozzle_no_extrusion_0865.jpg,test/labels/nozzle_no_extrusion_0865.txt,nozzle_no_extrusion,1,0,nozzle_normal,1,是
test,test/images/nozzle_no_extrusion_0866.jpg,test/labels/nozzle_no_extrusion_0866.txt,nozzle_no_extrusion,1,0,nozzle_normal,1,是
test,test/images/nozzle_no_extrusion_0874.jpg,test/labels/nozzle_no_extrusion_0874.txt,nozzle_no_extrusion,1,0,nozzle_normal,1,是
test,test/images/nozzle_no_extrusion_0875.jpg,test/labels/nozzle_no_extrusion_0875.txt,nozzle_no_extrusion,1,0,nozzle_normal,1,是
test,test/images/nozzle_no_extrusion_0877.jpg,test/labels/nozzle_no_extrusion_0877.txt,nozzle_no_extrusion,1,0,nozzle_normal,1,是
test,test/images/nozzle_no_extrusion_0879.jpg,test/labels/nozzle_no_extrusion_0879.txt,nozzle_no_extrusion,1,0,nozzle_normal,1,是
test,test/images/nozzle_no_extrusion_0881.jpg,test/labels/nozzle_no_extrusion_0881.txt,nozzle_no_extrusion,1,0,nozzle_normal,1,是
test,test/images/nozzle_no_extrusion_0882.jpg,test/labels/nozzle_no_extrusion_0882.txt,nozzle_no_extrusion,1,0,nozzle_normal,1,是
test,test/images/nozzle_no_extrusion_0912.jpg,test/labels/nozzle_no_extrusion_0912.txt,nozzle_no_extrusion,1,0,nozzle_normal,1,是
test,test/images/nozzle_slight_contamination_0003.jpg,test/labels/nozzle_slight_contamination_0003.txt,nozzle_slight_contamination,1,1,nozzle_abnormal,1,是
test,test/images/nozzle_slight_contamination_0008.jpg,test/labels/nozzle_slight_contamination_0008.txt,nozzle_slight_contamination,1,1,nozzle_abnormal,1,是
test,test/images/nozzle_tip_wrapped_0012.jpg,test/labels/nozzle_tip_wrapped_0012.txt,nozzle_tip_wrapped,0,1,nozzle_abnormal,1,是
test,test/images/nozzle_tip_wrapped_0013.jpg,test/labels/nozzle_tip_wrapped_0013.txt,nozzle_tip_wrapped,0,1,nozzle_abnormal,1,是
test,test/images/nozzle_tip_wrapped_0016.jpg,test/labels/nozzle_tip_wrapped_0016.txt,nozzle_tip_wrapped,0,1,nozzle_abnormal,1,是
test,test/images/nozzle_tip_wrapped_0019.jpg,test/labels/nozzle_tip_wrapped_0019.txt,nozzle_tip_wrapped,0,1,nozzle_abnormal,1,是
test,test/images/nozzle_tip_wrapped_0020.jpg,test/labels/nozzle_tip_wrapped_0020.txt,nozzle_tip_wrapped,0,1,nozzle_abnormal,1,是
test,test/images/nozzle_tip_wrapped_0023.jpg,test/labels/nozzle_tip_wrapped_0023.txt,nozzle_tip_wrapped,0,1,nozzle_abnormal,1,是
test,test/images/nozzle_tip_wrapped_0024.jpg,test/labels/nozzle_tip_wrapped_0024.txt,nozzle_tip_wrapped,0,1,nozzle_abnormal,1,是
test,test/images/nozzle_tip_wrapped_0037.jpg,test/labels/nozzle_tip_wrapped_0037.txt,nozzle_tip_wrapped,0,1,nozzle_abnormal,1,是
test,test/images/nozzle_tip_wrapped_0038.jpg,test/labels/nozzle_tip_wrapped_0038.txt,nozzle_tip_wrapped,0,1,nozzle_abnormal,1,是
test,test/images/nozzle_tip_wrapped_0062.jpg,test/labels/nozzle_tip_wrapped_0062.txt,nozzle_tip_wrapped,0,1,nozzle_abnormal,1,是
test,test/images/nozzle_tip_wrapped_0076.jpg,test/labels/nozzle_tip_wrapped_0076.txt,nozzle_tip_wrapped,0,1,nozzle_abnormal,1,是
test,test/images/nozzle_tip_wrapped_0099.jpg,test/labels/nozzle_tip_wrapped_0099.txt,nozzle_tip_wrapped,0,1,nozzle_abnormal,1,是
test,test/images/nozzle_tip_wrapped_0100.jpg,test/labels/nozzle_tip_wrapped_0100.txt,nozzle_tip_wrapped,0,1,nozzle_abnormal,1,是
test,test/images/nozzle_tip_wrapped_0109.jpg,test/labels/nozzle_tip_wrapped_0109.txt,nozzle_tip_wrapped,0,1,nozzle_abnormal,1,是
test,test/images/nozzle_tip_wrapped_0110.jpg,test/labels/nozzle_tip_wrapped_0110.txt,nozzle_tip_wrapped,0,1,nozzle_abnormal,1,是
test,test/images/nozzle_tip_wrapped_0111.jpg,test/labels/nozzle_tip_wrapped_0111.txt,nozzle_tip_wrapped,0,1,nozzle_abnormal,1,是
test,test/images/nozzle_tip_wrapped_0113.jpg,test/labels/nozzle_tip_wrapped_0113.txt,nozzle_tip_wrapped,0,1,nozzle_abnormal,1,是
test,test/images/nozzle_tip_wrapped_0121.jpg,test/labels/nozzle_tip_wrapped_0121.txt,nozzle_tip_wrapped,0,1,nozzle_abnormal,1,是
test,test/images/nozzle_tip_wrapped_0127.jpg,test/labels/nozzle_tip_wrapped_0127.txt,nozzle_tip_wrapped,0,1,nozzle_abnormal,1,是
test,test/images/nozzle_tip_wrapped_0129.jpg,test/labels/nozzle_tip_wrapped_0129.txt,nozzle_tip_wrapped,0,1,nozzle_abnormal,1,是
test,test/images/nozzle_tip_wrapped_0138.jpg,test/labels/nozzle_tip_wrapped_0138.txt,nozzle_tip_wrapped,0,1,nozzle_abnormal,1,是
test,test/images/nozzle_tip_wrapped_0139.jpg,test/labels/nozzle_tip_wrapped_0139.txt,nozzle_tip_wrapped,0,1,nozzle_abnormal,1,是
test,test/images/nozzle_tip_wrapped_0149.jpg,test/labels/nozzle_tip_wrapped_0149.txt,nozzle_tip_wrapped,0,1,nozzle_abnormal,1,是
test,test/images/nozzle_tip_wrapped_0151.jpg,test/labels/nozzle_tip_wrapped_0151.txt,nozzle_tip_wrapped,0,1,nozzle_abnormal,1,是
test,test/images/nozzle_tip_wrapped_0157.jpg,test/labels/nozzle_tip_wrapped_0157.txt,nozzle_tip_wrapped,0,1,nozzle_abnormal,1,是
test,test/images/nozzle_tip_wrapped_0158.jpg,test/labels/nozzle_tip_wrapped_0158.txt,nozzle_tip_wrapped,0,1,nozzle_abnormal,1,是
test,test/images/nozzle_tip_wrapped_0179.jpg,test/labels/nozzle_tip_wrapped_0179.txt,nozzle_tip_wrapped,0,1,nozzle_abnormal,1,是
test,test/images/nozzle_tip_wrapped_0187.jpg,test/labels/nozzle_tip_wrapped_0187.txt,nozzle_tip_wrapped,0,1,nozzle_abnormal,1,是
test,test/images/nozzle_tip_wrapped_0188.jpg,test/labels/nozzle_tip_wrapped_0188.txt,nozzle_tip_wrapped,0,1,nozzle_abnormal,1,是
test,test/images/nozzle_tip_wrapped_0190.jpg,test/labels/nozzle_tip_wrapped_0190.txt,nozzle_tip_wrapped,0,1,nozzle_abnormal,1,是
test,test/images/nozzle_tip_wrapped_0206.jpg,test/labels/nozzle_tip_wrapped_0206.txt,nozzle_tip_wrapped,0,1,nozzle_abnormal,1,是
test,test/images/nozzle_tip_wrapped_0221.jpg,test/labels/nozzle_tip_wrapped_0221.txt,nozzle_tip_wrapped,0,1,nozzle_abnormal,1,是
test,test/images/nozzle_tip_wrapped_0222.jpg,test/labels/nozzle_tip_wrapped_0222.txt,nozzle_tip_wrapped,0,1,nozzle_abnormal,1,是
test,test/images/nozzle_tip_wrapped_0236.jpg,test/labels/nozzle_tip_wrapped_0236.txt,nozzle_tip_wrapped,0,1,nozzle_abnormal,1,是
test,test/images/nozzle_tip_wrapped_0237.jpg,test/labels/nozzle_tip_wrapped_0237.txt,nozzle_tip_wrapped,0,1,nozzle_abnormal,1,是
test,test/images/nozzle_tip_wrapped_0243.jpg,test/labels/nozzle_tip_wrapped_0243.txt,nozzle_tip_wrapped,0,1,nozzle_abnormal,1,是
test,test/images/nozzle_tip_wrapped_0248.jpg,test/labels/nozzle_tip_wrapped_0248.txt,nozzle_tip_wrapped,0,1,nozzle_abnormal,1,是
test,test/images/nozzle_tip_wrapped_0318.jpg,test/labels/nozzle_tip_wrapped_0318.txt,nozzle_tip_wrapped,0,1,nozzle_abnormal,1,是
test,test/images/nozzle_tip_wrapped_0319.jpg,test/labels/nozzle_tip_wrapped_0319.txt,nozzle_tip_wrapped,0,1,nozzle_abnormal,1,是
test,test/images/nozzle_tip_wrapped_0320.jpg,test/labels/nozzle_tip_wrapped_0320.txt,nozzle_tip_wrapped,0,1,nozzle_abnormal,1,是
test,test/images/nozzle_tip_wrapped_0328.jpg,test/labels/nozzle_tip_wrapped_0328.txt,nozzle_tip_wrapped,0,1,nozzle_abnormal,1,是
test,test/images/nozzle_tip_wrapped_0329.jpg,test/labels/nozzle_tip_wrapped_0329.txt,nozzle_tip_wrapped,0,1,nozzle_abnormal,1,是
test,test/images/nozzle_tip_wrapped_0332.jpg,test/labels/nozzle_tip_wrapped_0332.txt,nozzle_tip_wrapped,0,1,nozzle_abnormal,1,是
test,test/images/nozzle_tip_wrapped_0334.jpg,test/labels/nozzle_tip_wrapped_0334.txt,nozzle_tip_wrapped,0,1,nozzle_abnormal,1,是
test,test/images/nozzle_tip_wrapped_0342.jpg,test/labels/nozzle_tip_wrapped_0342.txt,nozzle_tip_wrapped,0,1,nozzle_abnormal,1,是
test,test/images/nozzle_tip_wrapped_0345.jpg,test/labels/nozzle_tip_wrapped_0345.txt,nozzle_tip_wrapped,0,1,nozzle_abnormal,1,是
test,test/images/nozzle_tip_wrapped_0347.jpg,test/labels/nozzle_tip_wrapped_0347.txt,nozzle_tip_wrapped,0,1,nozzle_abnormal,1,是
test,test/images/nozzle_tip_wrapped_0348.jpg,test/labels/nozzle_tip_wrapped_0348.txt,nozzle_tip_wrapped,0,1,nozzle_abnormal,1,是
test,test/images/nozzle_tip_wrapped_0357.jpg,test/labels/nozzle_tip_wrapped_0357.txt,nozzle_tip_wrapped,0,1,nozzle_abnormal,1,是
test,test/images/nozzle_tip_wrapped_0363.jpg,test/labels/nozzle_tip_wrapped_0363.txt,nozzle_tip_wrapped,0,1,nozzle_abnormal,1,是
test,test/images/nozzle_tip_wrapped_0372.jpg,test/labels/nozzle_tip_wrapped_0372.txt,nozzle_tip_wrapped,0,1,nozzle_abnormal,1,是
test,test/images/nozzle_tip_wrapped_0376.jpg,test/labels/nozzle_tip_wrapped_0376.txt,nozzle_tip_wrapped,0,1,nozzle_abnormal,1,是
test,test/images/nozzle_tip_wrapped_0381.jpg,test/labels/nozzle_tip_wrapped_0381.txt,nozzle_tip_wrapped,0,1,nozzle_abnormal,1,是
test,test/images/nozzle_tip_wrapped_0384.jpg,test/labels/nozzle_tip_wrapped_0384.txt,nozzle_tip_wrapped,0,1,nozzle_abnormal,1,是
test,test/images/nozzle_tip_wrapped_0388.jpg,test/labels/nozzle_tip_wrapped_0388.txt,nozzle_tip_wrapped,0,1,nozzle_abnormal,1,是
test,test/images/nozzle_tip_wrapped_0400.jpg,test/labels/nozzle_tip_wrapped_0400.txt,nozzle_tip_wrapped,0,1,nozzle_abnormal,1,是
test,test/images/nozzle_tip_wrapped_0403.jpg,test/labels/nozzle_tip_wrapped_0403.txt,nozzle_tip_wrapped,0,1,nozzle_abnormal,1,是
test,test/images/nozzle_tip_wrapped_0404.jpg,test/labels/nozzle_tip_wrapped_0404.txt,nozzle_tip_wrapped,0,1,nozzle_abnormal,1,是
test,test/images/nozzle_tip_wrapped_0407.jpg,test/labels/nozzle_tip_wrapped_0407.txt,nozzle_tip_wrapped,0,1,nozzle_abnormal,1,是
test,test/images/nozzle_tip_wrapped_0408.jpg,test/labels/nozzle_tip_wrapped_0408.txt,nozzle_tip_wrapped,0,1,nozzle_abnormal,1,是
test,test/images/nozzle_tip_wrapped_0409.jpg,test/labels/nozzle_tip_wrapped_0409.txt,nozzle_tip_wrapped,0,1,nozzle_abnormal,1,是
test,test/images/nozzle_tip_wrapped_0410.jpg,test/labels/nozzle_tip_wrapped_0410.txt,nozzle_tip_wrapped,0,1,nozzle_abnormal,1,是
test,test/images/nozzle_tip_wrapped_0423.jpg,test/labels/nozzle_tip_wrapped_0423.txt,nozzle_tip_wrapped,0,1,nozzle_abnormal,1,是
test,test/images/nozzle_tip_wrapped_0424.jpg,test/labels/nozzle_tip_wrapped_0424.txt,nozzle_tip_wrapped,0,1,nozzle_abnormal,1,是
test,test/images/nozzle_tip_wrapped_0427.jpg,test/labels/nozzle_tip_wrapped_0427.txt,nozzle_tip_wrapped,0,1,nozzle_abnormal,1,是
test,test/images/nozzle_tip_wrapped_0434.jpg,test/labels/nozzle_tip_wrapped_0434.txt,nozzle_tip_wrapped,0,1,nozzle_abnormal,1,是
test,test/images/nozzle_tip_wrapped_0445.jpg,test/labels/nozzle_tip_wrapped_0445.txt,nozzle_tip_wrapped,0,1,nozzle_abnormal,1,是
test,test/images/nozzle_tip_wrapped_0446.jpg,test/labels/nozzle_tip_wrapped_0446.txt,nozzle_tip_wrapped,0,1,nozzle_abnormal,1,是
test,test/images/nozzle_tip_wrapped_0470.jpg,test/labels/nozzle_tip_wrapped_0470.txt,nozzle_tip_wrapped,0,1,nozzle_abnormal,1,是
test,test/images/nozzle_tip_wrapped_0473.jpg,test/labels/nozzle_tip_wrapped_0473.txt,nozzle_tip_wrapped,0,1,nozzle_abnormal,1,是
test,test/images/nozzle_tip_wrapped_0489.jpg,test/labels/nozzle_tip_wrapped_0489.txt,nozzle_tip_wrapped,0,1,nozzle_abnormal,1,是
test,test/images/nozzle_tip_wrapped_0490.jpg,test/labels/nozzle_tip_wrapped_0490.txt,nozzle_tip_wrapped,0,1,nozzle_abnormal,1,是
test,test/images/nozzle_tip_wrapped_0491.jpg,test/labels/nozzle_tip_wrapped_0491.txt,nozzle_tip_wrapped,0,1,nozzle_abnormal,1,是
test,test/images/nozzle_tip_wrapped_0492.jpg,test/labels/nozzle_tip_wrapped_0492.txt,nozzle_tip_wrapped,0,1,nozzle_abnormal,1,是
test,test/images/nozzle_tip_wrapped_0494.jpg,test/labels/nozzle_tip_wrapped_0494.txt,nozzle_tip_wrapped,0,1,nozzle_abnormal,1,是
test,test/images/nozzle_tip_wrapped_0501.jpg,test/labels/nozzle_tip_wrapped_0501.txt,nozzle_tip_wrapped,0,1,nozzle_abnormal,1,是
test,test/images/nozzle_tip_wrapped_0505.jpg,test/labels/nozzle_tip_wrapped_0505.txt,nozzle_tip_wrapped,0,1,nozzle_abnormal,1,是
test,test/images/nozzle_tip_wrapped_0506.jpg,test/labels/nozzle_tip_wrapped_0506.txt,nozzle_tip_wrapped,0,1,nozzle_abnormal,1,是
test,test/images/nozzle_tip_wrapped_0510.jpg,test/labels/nozzle_tip_wrapped_0510.txt,nozzle_tip_wrapped,0,1,nozzle_abnormal,1,是
test,test/images/nozzle_tip_wrapped_0511.jpg,test/labels/nozzle_tip_wrapped_0511.txt,nozzle_tip_wrapped,0,1,nozzle_abnormal,1,是
test,test/images/nozzle_tip_wrapped_0523.jpg,test/labels/nozzle_tip_wrapped_0523.txt,nozzle_tip_wrapped,0,1,nozzle_abnormal,1,是
test,test/images/nozzle_tip_wrapped_0525.jpg,test/labels/nozzle_tip_wrapped_0525.txt,nozzle_tip_wrapped,0,1,nozzle_abnormal,1,是
test,test/images/nozzle_tip_wrapped_0561.jpg,test/labels/nozzle_tip_wrapped_0561.txt,nozzle_tip_wrapped,0,1,nozzle_abnormal,1,是
test,test/images/nozzle_tip_wrapped_0572.jpg,test/labels/nozzle_tip_wrapped_0572.txt,nozzle_tip_wrapped,0,1,nozzle_abnormal,1,是
test,test/images/nozzle_tip_wrapped_0587.jpg,test/labels/nozzle_tip_wrapped_0587.txt,nozzle_tip_wrapped,0,1,nozzle_abnormal,1,是
test,test/images/nozzle_tip_wrapped_0594.jpg,test/labels/nozzle_tip_wrapped_0594.txt,nozzle_tip_wrapped,0,1,nozzle_abnormal,1,是
test,test/images/nozzle_tip_wrapped_0596.jpg,test/labels/nozzle_tip_wrapped_0596.txt,nozzle_tip_wrapped,0,1,nozzle_abnormal,1,是
test,test/images/nozzle_tip_wrapped_0599.jpg,test/labels/nozzle_tip_wrapped_0599.txt,nozzle_tip_wrapped,0,1,nozzle_abnormal,1,是
test,test/images/nozzle_tip_wrapped_0604.jpg,test/labels/nozzle_tip_wrapped_0604.txt,nozzle_tip_wrapped,0,1,nozzle_abnormal,1,是
test,test/images/nozzle_tip_wrapped_0617.jpg,test/labels/nozzle_tip_wrapped_0617.txt,nozzle_tip_wrapped,0,1,nozzle_abnormal,1,是
test,test/images/nozzle_tip_wrapped_0620.jpg,test/labels/nozzle_tip_wrapped_0620.txt,nozzle_tip_wrapped,0,1,nozzle_abnormal,1,是
test,test/images/nozzle_tip_wrapped_0622.jpg,test/labels/nozzle_tip_wrapped_0622.txt,nozzle_tip_wrapped,0,1,nozzle_abnormal,1,是
test,test/images/nozzle_tip_wrapped_0633.jpg,test/labels/nozzle_tip_wrapped_0633.txt,nozzle_tip_wrapped,0,1,nozzle_abnormal,1,是
test,test/images/nozzle_tip_wrapped_0635.jpg,test/labels/nozzle_tip_wrapped_0635.txt,nozzle_tip_wrapped,0,1,nozzle_abnormal,1,是
test,test/images/nozzle_tip_wrapped_0636.jpg,test/labels/nozzle_tip_wrapped_0636.txt,nozzle_tip_wrapped,0,1,nozzle_abnormal,1,是
test,test/images/nozzle_tip_wrapped_0638.jpg,test/labels/nozzle_tip_wrapped_0638.txt,nozzle_tip_wrapped,0,1,nozzle_abnormal,1,是
test,test/images/nozzle_tip_wrapped_0659.jpg,test/labels/nozzle_tip_wrapped_0659.txt,nozzle_tip_wrapped,0,1,nozzle_abnormal,1,是
test,test/images/nozzle_tip_wrapped_0660.jpg,test/labels/nozzle_tip_wrapped_0660.txt,nozzle_tip_wrapped,0,1,nozzle_abnormal,1,是
test,test/images/nozzle_tip_wrapped_0661.jpg,test/labels/nozzle_tip_wrapped_0661.txt,nozzle_tip_wrapped,0,1,nozzle_abnormal,1,是
test,test/images/nozzle_tip_wrapped_0667.jpg,test/labels/nozzle_tip_wrapped_0667.txt,nozzle_tip_wrapped,0,1,nozzle_abnormal,1,是
test,test/images/nozzle_tip_wrapped_0707.jpg,test/labels/nozzle_tip_wrapped_0707.txt,nozzle_tip_wrapped,0,1,nozzle_abnormal,1,是
test,test/images/nozzle_tip_wrapped_0718.jpg,test/labels/nozzle_tip_wrapped_0718.txt,nozzle_tip_wrapped,0,1,nozzle_abnormal,1,是
test,test/images/nozzle_tip_wrapped_0737.jpg,test/labels/nozzle_tip_wrapped_0737.txt,nozzle_tip_wrapped,0,1,nozzle_abnormal,1,是
test,test/images/nozzle_tip_wrapped_0753.jpg,test/labels/nozzle_tip_wrapped_0753.txt,nozzle_tip_wrapped,0,1,nozzle_abnormal,1,是
test,test/images/nozzle_tip_wrapped_0754.jpg,test/labels/nozzle_tip_wrapped_0754.txt,nozzle_tip_wrapped,0,1,nozzle_abnormal,1,是
test,test/images/nozzle_tip_wrapped_0757.jpg,test/labels/nozzle_tip_wrapped_0757.txt,nozzle_tip_wrapped,0,1,nozzle_abnormal,1,是
test,test/images/nozzle_tip_wrapped_0758.jpg,test/labels/nozzle_tip_wrapped_0758.txt,nozzle_tip_wrapped,0,1,nozzle_abnormal,1,是
test,test/images/nozzle_tip_wrapped_0762.jpg,test/labels/nozzle_tip_wrapped_0762.txt,nozzle_tip_wrapped,0,1,nozzle_abnormal,1,是
test,test/images/nozzle_tip_wrapped_0764.jpg,test/labels/nozzle_tip_wrapped_0764.txt,nozzle_tip_wrapped,0,1,nozzle_abnormal,1,是
test,test/images/nozzle_tip_wrapped_0770.jpg,test/labels/nozzle_tip_wrapped_0770.txt,nozzle_tip_wrapped,0,1,nozzle_abnormal,1,是
test,test/images/nozzle_tip_wrapped_0772.jpg,test/labels/nozzle_tip_wrapped_0772.txt,nozzle_tip_wrapped,0,1,nozzle_abnormal,1,是
test,test/images/nozzle_tip_wrapped_0776.jpg,test/labels/nozzle_tip_wrapped_0776.txt,nozzle_tip_wrapped,0,1,nozzle_abnormal,1,是
test,test/images/nozzle_tip_wrapped_0778.jpg,test/labels/nozzle_tip_wrapped_0778.txt,nozzle_tip_wrapped,0,1,nozzle_abnormal,1,是
test,test/images/nozzle_tip_wrapped_0782.jpg,test/labels/nozzle_tip_wrapped_0782.txt,nozzle_tip_wrapped,0,1,nozzle_abnormal,1,是
test,test/images/nozzle_tip_wrapped_0791.jpg,test/labels/nozzle_tip_wrapped_0791.txt,nozzle_tip_wrapped,0,1,nozzle_abnormal,1,是
test,test/images/nozzle_tip_wrapped_0792.jpg,test/labels/nozzle_tip_wrapped_0792.txt,nozzle_tip_wrapped,0,1,nozzle_abnormal,1,是
test,test/images/nozzle_tip_wrapped_0803.jpg,test/labels/nozzle_tip_wrapped_0803.txt,nozzle_tip_wrapped,0,1,nozzle_abnormal,1,是
test,test/images/nozzle_tip_wrapped_0805.jpg,test/labels/nozzle_tip_wrapped_0805.txt,nozzle_tip_wrapped,0,1,nozzle_abnormal,1,是
test,test/images/nozzle_tip_wrapped_0807.jpg,test/labels/nozzle_tip_wrapped_0807.txt,nozzle_tip_wrapped,0,1,nozzle_abnormal,1,是
test,test/images/nozzle_tip_wrapped_0829.jpg,test/labels/nozzle_tip_wrapped_0829.txt,nozzle_tip_wrapped,0,1,nozzle_abnormal,1,是
test,test/images/nozzle_tip_wrapped_0830.jpg,test/labels/nozzle_tip_wrapped_0830.txt,nozzle_tip_wrapped,0,1,nozzle_abnormal,1,是
test,test/images/nozzle_tip_wrapped_0831.jpg,test/labels/nozzle_tip_wrapped_0831.txt,nozzle_tip_wrapped,0,1,nozzle_abnormal,1,是
test,test/images/nozzle_tip_wrapped_0833.jpg,test/labels/nozzle_tip_wrapped_0833.txt,nozzle_tip_wrapped,0,1,nozzle_abnormal,1,是
test,test/images/nozzle_tip_wrapped_0840.jpg,test/labels/nozzle_tip_wrapped_0840.txt,nozzle_tip_wrapped,0,1,nozzle_abnormal,1,是
test,test/images/nozzle_tip_wrapped_0845.jpg,test/labels/nozzle_tip_wrapped_0845.txt,nozzle_tip_wrapped,0,1,nozzle_abnormal,1,是
test,test/images/nozzle_tip_wrapped_0857.jpg,test/labels/nozzle_tip_wrapped_0857.txt,nozzle_tip_wrapped,0,1,nozzle_abnormal,1,是
test,test/images/nozzle_tip_wrapped_0877.jpg,test/labels/nozzle_tip_wrapped_0877.txt,nozzle_tip_wrapped,0,1,nozzle_abnormal,1,是
test,test/images/nozzle_tip_wrapped_0881.jpg,test/labels/nozzle_tip_wrapped_0881.txt,nozzle_tip_wrapped,0,1,nozzle_abnormal,1,是
test,test/images/nozzle_tip_wrapped_0891.jpg,test/labels/nozzle_tip_wrapped_0891.txt,nozzle_tip_wrapped,0,1,nozzle_abnormal,1,是
test,test/images/nozzle_tip_wrapped_0900.jpg,test/labels/nozzle_tip_wrapped_0900.txt,nozzle_tip_wrapped,0,1,nozzle_abnormal,1,是
test,test/images/nozzle_tip_wrapped_0924.jpg,test/labels/nozzle_tip_wrapped_0924.txt,nozzle_tip_wrapped,0,1,nozzle_abnormal,1,是
test,test/images/nozzle_tip_wrapped_0940.jpg,test/labels/nozzle_tip_wrapped_0940.txt,nozzle_tip_wrapped,0,1,nozzle_abnormal,1,是
test,test/images/nozzle_tip_wrapped_0950.jpg,test/labels/nozzle_tip_wrapped_0950.txt,nozzle_tip_wrapped,0,1,nozzle_abnormal,1,是
test,test/images/nozzle_tip_wrapped_0951.jpg,test/labels/nozzle_tip_wrapped_0951.txt,nozzle_tip_wrapped,0,1,nozzle_abnormal,1,是
test,test/images/nozzle_tip_wrapped_0952.jpg,test/labels/nozzle_tip_wrapped_0952.txt,nozzle_tip_wrapped,0,1,nozzle_abnormal,1,是
test,test/images/nozzle_tip_wrapped_0960.jpg,test/labels/nozzle_tip_wrapped_0960.txt,nozzle_tip_wrapped,0,1,nozzle_abnormal,1,是
test,test/images/nozzle_tip_wrapped_0962.jpg,test/labels/nozzle_tip_wrapped_0962.txt,nozzle_tip_wrapped,0,1,nozzle_abnormal,1,是
test,test/images/nozzle_tip_wrapped_0964.jpg,test/labels/nozzle_tip_wrapped_0964.txt,nozzle_tip_wrapped,0,1,nozzle_abnormal,1,是
test,test/images/nozzle_tip_wrapped_0968.jpg,test/labels/nozzle_tip_wrapped_0968.txt,nozzle_tip_wrapped,0,1,nozzle_abnormal,1,是
test,test/images/nozzle_tip_wrapped_0981.jpg,test/labels/nozzle_tip_wrapped_0981.txt,nozzle_tip_wrapped,0,1,nozzle_abnormal,1,是
test,test/images/nozzle_tip_wrapped_0983.jpg,test/labels/nozzle_tip_wrapped_0983.txt,nozzle_tip_wrapped,0,1,nozzle_abnormal,1,是
test,test/images/nozzle_tip_wrapped_0984.jpg,test/labels/nozzle_tip_wrapped_0984.txt,nozzle_tip_wrapped,0,1,nozzle_abnormal,1,是
test,test/images/nozzle_tip_wrapped_0993.jpg,test/labels/nozzle_tip_wrapped_0993.txt,nozzle_tip_wrapped,0,1,nozzle_abnormal,1,是
test,test/images/nozzle_tip_wrapped_1010.jpg,test/labels/nozzle_tip_wrapped_1010.txt,nozzle_tip_wrapped,0,1,nozzle_abnormal,1,是
test,test/images/nozzle_tip_wrapped_1011.jpg,test/labels/nozzle_tip_wrapped_1011.txt,nozzle_tip_wrapped,0,1,nozzle_abnormal,1,是
test,test/images/nozzle_tip_wrapped_1015.jpg,test/labels/nozzle_tip_wrapped_1015.txt,nozzle_tip_wrapped,0,1,nozzle_abnormal,1,是
test,test/images/nozzle_tip_wrapped_1016.jpg,test/labels/nozzle_tip_wrapped_1016.txt,nozzle_tip_wrapped,0,1,nozzle_abnormal,1,是
test,test/images/nozzle_tip_wrapped_1017.jpg,test/labels/nozzle_tip_wrapped_1017.txt,nozzle_tip_wrapped,0,1,nozzle_abnormal,1,是
test,test/images/nozzle_tip_wrapped_1022.jpg,test/labels/nozzle_tip_wrapped_1022.txt,nozzle_tip_wrapped,0,1,nozzle_abnormal,1,是
test,test/images/nozzle_tip_wrapped_1033.jpg,test/labels/nozzle_tip_wrapped_1033.txt,nozzle_tip_wrapped,0,1,nozzle_abnormal,1,是
test,test/images/nozzle_tip_wrapped_1035.jpg,test/labels/nozzle_tip_wrapped_1035.txt,nozzle_tip_wrapped,0,1,nozzle_abnormal,1,是
test,test/images/nozzle_tip_wrapped_1036.jpg,test/labels/nozzle_tip_wrapped_1036.txt,nozzle_tip_wrapped,0,1,nozzle_abnormal,1,是
test,test/images/nozzle_tip_wrapped_1046.jpg,test/labels/nozzle_tip_wrapped_1046.txt,nozzle_tip_wrapped,0,1,nozzle_abnormal,1,是
test,test/images/nozzle_tip_wrapped_1053.jpg,test/labels/nozzle_tip_wrapped_1053.txt,nozzle_tip_wrapped,0,1,nozzle_abnormal,1,是
test,test/images/nozzle_tip_wrapped_1057.jpg,test/labels/nozzle_tip_wrapped_1057.txt,nozzle_tip_wrapped,0,1,nozzle_abnormal,1,是
test,test/images/nozzle_tip_wrapped_1059.jpg,test/labels/nozzle_tip_wrapped_1059.txt,nozzle_tip_wrapped,0,1,nozzle_abnormal,1,是
test,test/images/nozzle_tip_wrapped_1060.jpg,test/labels/nozzle_tip_wrapped_1060.txt,nozzle_tip_wrapped,0,1,nozzle_abnormal,1,是
test,test/images/nozzle_tip_wrapped_1061.jpg,test/labels/nozzle_tip_wrapped_1061.txt,nozzle_tip_wrapped,0,1,nozzle_abnormal,1,是
test,test/images/nozzle_tip_wrapped_1062.jpg,test/labels/nozzle_tip_wrapped_1062.txt,nozzle_tip_wrapped,0,1,nozzle_abnormal,1,是
test,test/images/nozzle_tip_wrapped_1065.jpg,test/labels/nozzle_tip_wrapped_1065.txt,nozzle_tip_wrapped,0,1,nozzle_abnormal,1,是
test,test/images/nozzle_tip_wrapped_1072.jpg,test/labels/nozzle_tip_wrapped_1072.txt,nozzle_tip_wrapped,0,1,nozzle_abnormal,1,是
test,test/images/nozzle_tip_wrapped_1073.jpg,test/labels/nozzle_tip_wrapped_1073.txt,nozzle_tip_wrapped,0,1,nozzle_abnormal,1,是
test,test/images/nozzle_tip_wrapped_1075.jpg,test/labels/nozzle_tip_wrapped_1075.txt,nozzle_tip_wrapped,0,1,nozzle_abnormal,1,是
test,test/images/nozzle_tip_wrapped_1085.jpg,test/labels/nozzle_tip_wrapped_1085.txt,nozzle_tip_wrapped,0,1,nozzle_abnormal,1,是
test,test/images/nozzle_tip_wrapped_1088.jpg,test/labels/nozzle_tip_wrapped_1088.txt,nozzle_tip_wrapped,0,1,nozzle_abnormal,1,是
test,test/images/nozzle_tip_wrapped_1112.jpg,test/labels/nozzle_tip_wrapped_1112.txt,nozzle_tip_wrapped,0,1,nozzle_abnormal,1,是
test,test/images/nozzle_tip_wrapped_1121.jpg,test/labels/nozzle_tip_wrapped_1121.txt,nozzle_tip_wrapped,0,1,nozzle_abnormal,1,是
test,test/images/nozzle_tip_wrapped_1126.jpg,test/labels/nozzle_tip_wrapped_1126.txt,nozzle_tip_wrapped,0,1,nozzle_abnormal,1,是
test,test/images/nozzle_tip_wrapped_1140.jpg,test/labels/nozzle_tip_wrapped_1140.txt,nozzle_tip_wrapped,0,1,nozzle_abnormal,1,是
test,test/images/nozzle_tip_wrapped_1142.jpg,test/labels/nozzle_tip_wrapped_1142.txt,nozzle_tip_wrapped,0,1,nozzle_abnormal,1,是
test,test/images/nozzle_tip_wrapped_1144.jpg,test/labels/nozzle_tip_wrapped_1144.txt,nozzle_tip_wrapped,0,1,nozzle_abnormal,1,是
test,test/images/nozzle_tip_wrapped_1150.jpg,test/labels/nozzle_tip_wrapped_1150.txt,nozzle_tip_wrapped,0,1,nozzle_abnormal,1,是
test,test/images/nozzle_tip_wrapped_1152.jpg,test/labels/nozzle_tip_wrapped_1152.txt,nozzle_tip_wrapped,0,1,nozzle_abnormal,1,是
test,test/images/nozzle_tip_wrapped_1157.jpg,test/labels/nozzle_tip_wrapped_1157.txt,nozzle_tip_wrapped,0,1,nozzle_abnormal,1,是
test,test/images/nozzle_tip_wrapped_1172.jpg,test/labels/nozzle_tip_wrapped_1172.txt,nozzle_tip_wrapped,0,1,nozzle_abnormal,1,是
test,test/images/nozzle_tip_wrapped_1174.jpg,test/labels/nozzle_tip_wrapped_1174.txt,nozzle_tip_wrapped,0,1,nozzle_abnormal,1,是
test,test/images/nozzle_tip_wrapped_1179.jpg,test/labels/nozzle_tip_wrapped_1179.txt,nozzle_tip_wrapped,0,1,nozzle_abnormal,1,是
test,test/images/nozzle_tip_wrapped_1180.jpg,test/labels/nozzle_tip_wrapped_1180.txt,nozzle_tip_wrapped,0,1,nozzle_abnormal,1,是
test,test/images/nozzle_tip_wrapped_1186.jpg,test/labels/nozzle_tip_wrapped_1186.txt,nozzle_tip_wrapped,0,1,nozzle_abnormal,1,是
test,test/images/nozzle_tip_wrapped_1197.jpg,test/labels/nozzle_tip_wrapped_1197.txt,nozzle_tip_wrapped,0,1,nozzle_abnormal,1,是
test,test/images/nozzle_tip_wrapped_1199.jpg,test/labels/nozzle_tip_wrapped_1199.txt,nozzle_tip_wrapped,0,1,nozzle_abnormal,1,是
test,test/images/nozzle_tip_wrapped_1210.jpg,test/labels/nozzle_tip_wrapped_1210.txt,nozzle_tip_wrapped,0,1,nozzle_abnormal,1,是
test,test/images/nozzle_tip_wrapped_1213.jpg,test/labels/nozzle_tip_wrapped_1213.txt,nozzle_tip_wrapped,0,1,nozzle_abnormal,1,是
test,test/images/nozzle_tip_wrapped_1215.jpg,test/labels/nozzle_tip_wrapped_1215.txt,nozzle_tip_wrapped,0,1,nozzle_abnormal,1,是
test,test/images/nozzle_tip_wrapped_1216.jpg,test/labels/nozzle_tip_wrapped_1216.txt,nozzle_tip_wrapped,0,1,nozzle_abnormal,1,是
test,test/images/nozzle_tip_wrapped_1219.jpg,test/labels/nozzle_tip_wrapped_1219.txt,nozzle_tip_wrapped,0,1,nozzle_abnormal,1,是
test,test/images/nozzle_tip_wrapped_1220.jpg,test/labels/nozzle_tip_wrapped_1220.txt,nozzle_tip_wrapped,0,1,nozzle_abnormal,1,是
test,test/images/nozzle_tip_wrapped_1223.jpg,test/labels/nozzle_tip_wrapped_1223.txt,nozzle_tip_wrapped,0,1,nozzle_abnormal,1,是
test,test/images/nozzle_tip_wrapped_1231.jpg,test/labels/nozzle_tip_wrapped_1231.txt,nozzle_tip_wrapped,0,1,nozzle_abnormal,1,是
test,test/images/nozzle_tip_wrapped_1232.jpg,test/labels/nozzle_tip_wrapped_1232.txt,nozzle_tip_wrapped,0,1,nozzle_abnormal,1,是
test,test/images/nozzle_tip_wrapped_1248.jpg,test/labels/nozzle_tip_wrapped_1248.txt,nozzle_tip_wrapped,0,1,nozzle_abnormal,1,是
test,test/images/nozzle_tip_wrapped_1272.jpg,test/labels/nozzle_tip_wrapped_1272.txt,nozzle_tip_wrapped,0,1,nozzle_abnormal,1,是
test,test/images/nozzle_tip_wrapped_1278.jpg,test/labels/nozzle_tip_wrapped_1278.txt,nozzle_tip_wrapped,0,1,nozzle_abnormal,1,是
test,test/images/nozzle_tip_wrapped_1287.jpg,test/labels/nozzle_tip_wrapped_1287.txt,nozzle_tip_wrapped,0,1,nozzle_abnormal,1,是
test,test/images/nozzle_tip_wrapped_1288.jpg,test/labels/nozzle_tip_wrapped_1288.txt,nozzle_tip_wrapped,0,1,nozzle_abnormal,1,是
test,test/images/nozzle_tip_wrapped_1297.jpg,test/labels/nozzle_tip_wrapped_1297.txt,nozzle_tip_wrapped,0,1,nozzle_abnormal,1,是
test,test/images/nozzle_tip_wrapped_1307.jpg,test/labels/nozzle_tip_wrapped_1307.txt,nozzle_tip_wrapped,0,1,nozzle_abnormal,1,是
test,test/images/nozzle_tip_wrapped_1311.jpg,test/labels/nozzle_tip_wrapped_1311.txt,nozzle_tip_wrapped,0,1,nozzle_abnormal,1,是
