候选编号,图片A划分,图片A,图片B划分,图片B,是否跨划分,pHash汉明距离,pHash相似度,SSIM,SHA256是否相同,人工审核结论,拟保留图片,备注
1,train,train/images/nozzle_no_extrusion_0424.jpg,train,train/images/nozzle_no_extrusion_0433.jpg,否,0,1.000000,0.996778,否,,,
2,val,val/images/nozzle_no_extrusion_0029.jpg,val,val/images/nozzle_no_extrusion_0084.jpg,否,0,1.000000,0.996732,否,,,
3,train,train/images/nozzle_no_extrusion_0508.jpg,train,train/images/nozzle_no_extrusion_0518.jpg,否,0,1.000000,0.995847,否,,,
4,train,train/images/nozzle_no_extrusion_0031.jpg,train,train/images/nozzle_no_extrusion_0086.jpg,否,0,1.000000,0.994418,否,,,
5,train,train/images/nozzle_no_extrusion_0030.jpg,train,train/images/nozzle_no_extrusion_0085.jpg,否,0,1.000000,0.993934,否,,,
6,train,train/images/nozzle_no_extrusion_0026.jpg,train,train/images/nozzle_no_extrusion_0081.jpg,否,0,1.000000,0.993086,否,,,
7,train,train/images/nozzle_no_extrusion_0025.jpg,train,train/images/nozzle_no_extrusion_0080.jpg,否,0,1.000000,0.993018,否,,,
8,train,train/images/nozzle_no_extrusion_0028.jpg,train,train/images/nozzle_no_extrusion_0083.jpg,否,0,1.000000,0.992175,否,,,
9,train,train/images/nozzle_no_extrusion_0027.jpg,train,train/images/nozzle_no_extrusion_0082.jpg,否,0,1.000000,0.991914,否,,,
10,train,train/images/nozzle_no_extrusion_0281.jpg,train,train/images/nozzle_no_extrusion_0319.jpg,否,0,1.000000,0.990653,否,,,
11,train,train/images/nozzle_no_extrusion_0189.jpg,train,train/images/nozzle_no_extrusion_0229.jpg,否,0,1.000000,0.989687,否,,,
12,train,train/images/nozzle_no_extrusion_0182.jpg,train,train/images/nozzle_no_extrusion_0375.jpg,否,2,0.968750,0.987849,否,,,
13,train,train/images/nozzle_no_extrusion_0241.jpg,train,train/images/nozzle_no_extrusion_0355.jpg,否,2,0.968750,0.987321,否,,,
14,train,train/images/nozzle_no_extrusion_0639.jpg,train,train/images/nozzle_no_extrusion_0643.jpg,否,0,1.000000,0.986781,否,,,
15,train,train/images/nozzle_no_extrusion_0021.jpg,train,train/images/nozzle_no_extrusion_0076.jpg,否,0,1.000000,0.986418,否,,,
16,train,train/images/nozzle_no_extrusion_0236.jpg,train,train/images/nozzle_no_extrusion_0281.jpg,否,0,1.000000,0.986107,否,,,
17,train,train/images/nozzle_no_extrusion_0280.jpg,train,train/images/nozzle_no_extrusion_0359.jpg,否,2,0.968750,0.984691,否,,,
18,train,train/images/nozzle_no_extrusion_0509.jpg,train,train/images/nozzle_no_extrusion_0517.jpg,否,0,1.000000,0.984398,否,,,
19,train,train/images/nozzle_no_extrusion_0036.jpg,train,train/images/nozzle_no_extrusion_0077.jpg,否,0,1.000000,0.984271,否,,,
20,train,train/images/nozzle_no_extrusion_0213.jpg,train,train/images/nozzle_no_extrusion_0326.jpg,否,2,0.968750,0.984067,否,,,
21,train,train/images/nozzle_no_extrusion_0873.jpg,train,train/images/nozzle_no_extrusion_0883.jpg,否,0,1.000000,0.983651,否,,,
22,train,train/images/nozzle_no_extrusion_0035.jpg,train,train/images/nozzle_no_extrusion_0078.jpg,否,0,1.000000,0.983613,否,,,
23,train,train/images/nozzle_no_extrusion_0237.jpg,train,train/images/nozzle_no_extrusion_0311.jpg,否,0,1.000000,0.983498,否,,,
24,train,train/images/nozzle_no_extrusion_0035.jpg,train,train/images/nozzle_no_extrusion_0090.jpg,否,0,1.000000,0.983131,否,,,
25,train,train/images/nozzle_no_extrusion_0311.jpg,train,train/images/nozzle_no_extrusion_0359.jpg,否,0,1.000000,0.983070,否,,,
26,train,train/images/nozzle_no_extrusion_0337.jpg,train,train/images/nozzle_no_extrusion_0382.jpg,否,2,0.968750,0.982837,否,,,
27,train,train/images/nozzle_no_extrusion_0389.jpg,train,train/images/nozzle_no_extrusion_0891.jpg,否,0,1.000000,0.982754,否,,,
28,train,train/images/nozzle_no_extrusion_0550.jpg,train,train/images/nozzle_no_extrusion_0556.jpg,否,2,0.968750,0.982520,否,,,
29,test,test/images/nozzle_no_extrusion_0811.jpg,test,test/images/nozzle_no_extrusion_0813.jpg,否,0,1.000000,0.982330,否,,,
30,train,train/images/nozzle_no_extrusion_0023.jpg,train,train/images/nozzle_no_extrusion_0090.jpg,否,0,1.000000,0.981825,否,,,
31,train,train/images/nozzle_no_extrusion_0183.jpg,train,train/images/nozzle_no_extrusion_0380.jpg,否,2,0.968750,0.981718,否,,,
32,train,train/images/nozzle_no_extrusion_0227.jpg,train,train/images/nozzle_no_extrusion_0380.jpg,否,0,1.000000,0.981314,否,,,
33,train,train/images/nozzle_no_extrusion_0280.jpg,train,train/images/nozzle_no_extrusion_0311.jpg,否,2,0.968750,0.981268,否,,,
34,train,train/images/nozzle_no_extrusion_0542.jpg,train,train/images/nozzle_no_extrusion_0544.jpg,否,0,1.000000,0.980838,否,,,
35,train,train/images/nozzle_no_extrusion_0207.jpg,train,train/images/nozzle_no_extrusion_0271.jpg,否,0,1.000000,0.980784,否,,,
36,train,train/images/nozzle_no_extrusion_0207.jpg,train,train/images/nozzle_no_extrusion_0309.jpg,否,0,1.000000,0.980766,否,,,
37,train,train/images/nozzle_no_extrusion_0188.jpg,train,train/images/nozzle_no_extrusion_0259.jpg,否,0,1.000000,0.980707,否,,,
38,train,train/images/nozzle_no_extrusion_0615.jpg,train,train/images/nozzle_no_extrusion_0624.jpg,否,2,0.968750,0.980233,否,,,
39,train,train/images/nozzle_no_extrusion_0893.jpg,train,train/images/nozzle_no_extrusion_0904.jpg,否,0,1.000000,0.980133,否,,,
40,train,train/images/nozzle_no_extrusion_0236.jpg,train,train/images/nozzle_no_extrusion_0319.jpg,否,0,1.000000,0.979583,否,,,
41,train,train/images/nozzle_no_extrusion_0237.jpg,train,train/images/nozzle_no_extrusion_0359.jpg,否,0,1.000000,0.979382,否,,,
42,test,test/images/nozzle_no_extrusion_0475.jpg,test,test/images/nozzle_no_extrusion_0477.jpg,否,0,1.000000,0.979275,否,,,
43,train,train/images/nozzle_no_extrusion_0015.jpg,train,train/images/nozzle_no_extrusion_0071.jpg,否,2,0.968750,0.979005,否,,,
44,train,train/images/nozzle_no_extrusion_0228.jpg,train,train/images/nozzle_no_extrusion_0259.jpg,否,0,1.000000,0.978874,否,,,
45,test,test/images/nozzle_no_extrusion_0704.jpg,test,test/images/nozzle_no_extrusion_0713.jpg,否,0,1.000000,0.978769,否,,,
46,train,train/images/nozzle_no_extrusion_0161.jpg,train,train/images/nozzle_no_extrusion_0169.jpg,否,0,1.000000,0.978728,否,,,
47,train,train/images/nozzle_no_extrusion_0032.jpg,train,train/images/nozzle_no_extrusion_0081.jpg,否,0,1.000000,0.978282,否,,,
48,train,train/images/nozzle_no_extrusion_0512.jpg,train,train/images/nozzle_no_extrusion_0514.jpg,否,0,1.000000,0.978154,否,,,
49,train,train/images/nozzle_no_extrusion_0219.jpg,train,train/images/nozzle_no_extrusion_0256.jpg,否,0,1.000000,0.977716,否,,,
50,test,test/images/nozzle_no_extrusion_0596.jpg,test,test/images/nozzle_no_extrusion_0602.jpg,否,0,1.000000,0.977672,否,,,
51,train,train/images/nozzle_no_extrusion_0269.jpg,train,train/images/nozzle_no_extrusion_0348.jpg,否,0,1.000000,0.977555,否,,,
52,train,train/images/nozzle_no_extrusion_0173.jpg,train,train/images/nozzle_no_extrusion_0178.jpg,否,2,0.968750,0.977401,否,,,
53,train,train/images/nozzle_no_extrusion_0386.jpg,train,train/images/nozzle_no_extrusion_0897.jpg,否,0,1.000000,0.977063,否,,,
54,train,train/images/nozzle_no_extrusion_0271.jpg,train,train/images/nozzle_no_extrusion_0309.jpg,否,0,1.000000,0.977030,否,,,
55,train,train/images/nozzle_no_extrusion_0791.jpg,train,train/images/nozzle_no_extrusion_0799.jpg,否,0,1.000000,0.977026,否,,,
56,train,train/images/nozzle_no_extrusion_0196.jpg,train,train/images/nozzle_no_extrusion_0271.jpg,否,2,0.968750,0.977012,否,,,
57,train,train/images/nozzle_no_extrusion_0031.jpg,train,train/images/nozzle_no_extrusion_0082.jpg,否,2,0.968750,0.976996,否,,,
58,train,train/images/nozzle_no_extrusion_0082.jpg,train,train/images/nozzle_no_extrusion_0086.jpg,否,2,0.968750,0.976917,否,,,
59,train,train/images/nozzle_no_extrusion_0024.jpg,train,train/images/nozzle_no_extrusion_0089.jpg,否,2,0.968750,0.976911,否,,,
60,train,train/images/nozzle_no_extrusion_0030.jpg,train,train/images/nozzle_no_extrusion_0083.jpg,否,0,1.000000,0.976909,否,,,
61,test,test/images/nozzle_no_extrusion_0671.jpg,test,test/images/nozzle_no_extrusion_0677.jpg,否,0,1.000000,0.976908,否,,,
62,train,train/images/nozzle_no_extrusion_0183.jpg,train,train/images/nozzle_no_extrusion_0260.jpg,否,0,1.000000,0.976820,否,,,
63,test,test/images/nozzle_no_extrusion_0417.jpg,test,test/images/nozzle_no_extrusion_0419.jpg,否,0,1.000000,0.976764,否,,,
64,train,train/images/nozzle_no_extrusion_0026.jpg,train,train/images/nozzle_no_extrusion_0032.jpg,否,0,1.000000,0.976656,否,,,
65,test,test/images/nozzle_no_extrusion_0874.jpg,test,test/images/nozzle_no_extrusion_0882.jpg,否,2,0.968750,0.976655,否,,,
66,train,train/images/nozzle_no_extrusion_0188.jpg,train,train/images/nozzle_no_extrusion_0344.jpg,否,2,0.968750,0.976554,否,,,
67,train,train/images/nozzle_no_extrusion_0006.jpg,train,train/images/nozzle_no_extrusion_0017.jpg,否,6,0.906250,0.976340,否,,,
68,train,train/images/nozzle_no_extrusion_0195.jpg,train,train/images/nozzle_no_extrusion_0308.jpg,否,0,1.000000,0.976255,否,,,
69,train,train/images/nozzle_no_extrusion_0221.jpg,train,train/images/nozzle_no_extrusion_0265.jpg,否,2,0.968750,0.976169,否,,,
70,test,test/images/nozzle_tip_wrapped_0620.jpg,test,test/images/nozzle_tip_wrapped_0622.jpg,否,2,0.968750,0.975947,否,,,
71,train,train/images/nozzle_no_extrusion_0162.jpg,train,train/images/nozzle_no_extrusion_0237.jpg,否,0,1.000000,0.975711,否,,,
72,train,train/images/nozzle_no_extrusion_0278.jpg,train,train/images/nozzle_no_extrusion_0354.jpg,否,0,1.000000,0.975708,否,,,
73,train,train/images/nozzle_no_extrusion_0228.jpg,train,train/images/nozzle_no_extrusion_0375.jpg,否,2,0.968750,0.975700,否,,,
74,train,train/images/nozzle_no_extrusion_0216.jpg,train,train/images/nozzle_no_extrusion_0289.jpg,否,2,0.968750,0.975672,否,,,
75,train,train/images/nozzle_no_extrusion_0083.jpg,train,train/images/nozzle_no_extrusion_0085.jpg,否,0,1.000000,0.975653,否,,,
76,train,train/images/nozzle_no_extrusion_0185.jpg,train,train/images/nozzle_no_extrusion_0378.jpg,否,2,0.968750,0.975556,否,,,
77,test,test/images/nozzle_no_extrusion_0725.jpg,test,test/images/nozzle_no_extrusion_0727.jpg,否,2,0.968750,0.975546,否,,,
78,train,train/images/nozzle_no_extrusion_0229.jpg,train,train/images/nozzle_no_extrusion_0337.jpg,否,0,1.000000,0.975486,否,,,
79,val,val/images/nozzle_no_extrusion_0597.jpg,val,val/images/nozzle_no_extrusion_0601.jpg,否,2,0.968750,0.975453,否,,,
80,test,test/images/nozzle_no_extrusion_0649.jpg,test,test/images/nozzle_no_extrusion_0655.jpg,否,0,1.000000,0.975091,否,,,
81,train,train/images/nozzle_no_extrusion_0169.jpg,train,train/images/nozzle_no_extrusion_0319.jpg,否,2,0.968750,0.974841,否,,,
82,train,train/images/nozzle_no_extrusion_0213.jpg,train,train/images/nozzle_no_extrusion_0218.jpg,否,2,0.968750,0.974828,否,,,
83,train,train/images/nozzle_no_extrusion_0724.jpg,train,train/images/nozzle_no_extrusion_0728.jpg,否,0,1.000000,0.974768,否,,,
84,train,train/images/nozzle_no_extrusion_0189.jpg,train,train/images/nozzle_no_extrusion_0337.jpg,否,0,1.000000,0.974706,否,,,
85,train,train/images/nozzle_no_extrusion_0027.jpg,train,train/images/nozzle_no_extrusion_0031.jpg,否,2,0.968750,0.974526,否,,,
86,train,train/images/nozzle_no_extrusion_0252.jpg,train,train/images/nozzle_no_extrusion_0367.jpg,否,0,1.000000,0.974237,否,,,
87,train,train/images/nozzle_no_extrusion_0028.jpg,train,train/images/nozzle_no_extrusion_0030.jpg,否,0,1.000000,0.974222,否,,,
88,train,train/images/nozzle_no_extrusion_0326.jpg,train,train/images/nozzle_no_extrusion_0371.jpg,否,4,0.937500,0.974212,否,,,
89,test,test/images/nozzle_no_extrusion_0810.jpg,test,test/images/nozzle_no_extrusion_0814.jpg,否,2,0.968750,0.973953,否,,,
90,train,train/images/nozzle_no_extrusion_0464.jpg,train,train/images/nozzle_no_extrusion_0465.jpg,否,2,0.968750,0.973916,否,,,
91,train,train/images/nozzle_no_extrusion_0636.jpg,train,train/images/nozzle_no_extrusion_0646.jpg,否,0,1.000000,0.973656,否,,,
92,train,train/images/nozzle_no_extrusion_0259.jpg,train,train/images/nozzle_no_extrusion_0344.jpg,否,2,0.968750,0.973622,否,,,
93,train,train/images/nozzle_no_extrusion_0274.jpg,train,train/images/nozzle_no_extrusion_0279.jpg,否,2,0.968750,0.973609,否,,,
94,val,val/images/nozzle_no_extrusion_0650.jpg,val,val/images/nozzle_no_extrusion_0654.jpg,否,0,1.000000,0.973414,否,,,
95,train,train/images/nozzle_no_extrusion_0005.jpg,train,train/images/nozzle_no_extrusion_0018.jpg,否,4,0.937500,0.973291,否,,,
96,train,train/images/nozzle_no_extrusion_0215.jpg,train,train/images/nozzle_no_extrusion_0252.jpg,否,2,0.968750,0.973030,否,,,
97,test,test/images/nozzle_no_extrusion_0436.jpg,test,test/images/nozzle_no_extrusion_0440.jpg,否,2,0.968750,0.972973,否,,,
98,test,test/images/nozzle_no_extrusion_0673.jpg,test,test/images/nozzle_no_extrusion_0675.jpg,否,0,1.000000,0.972561,否,,,
99,train,train/images/nozzle_no_extrusion_0511.jpg,train,train/images/nozzle_no_extrusion_0515.jpg,否,2,0.968750,0.972346,否,,,
100,test,test/images/nozzle_no_extrusion_0403.jpg,test,test/images/nozzle_no_extrusion_0411.jpg,否,0,1.000000,0.972238,否,,,
101,train,train/images/nozzle_no_extrusion_0837.jpg,train,train/images/nozzle_no_extrusion_0846.jpg,否,2,0.968750,0.972221,否,,,
102,train,train/images/nozzle_no_extrusion_0214.jpg,train,train/images/nozzle_no_extrusion_0292.jpg,否,0,1.000000,0.971407,否,,,
103,train,train/images/nozzle_no_extrusion_0188.jpg,train,train/images/nozzle_no_extrusion_0228.jpg,否,0,1.000000,0.970751,否,,,
104,train,train/images/nozzle_no_extrusion_0172.jpg,train,train/images/nozzle_no_extrusion_0218.jpg,否,2,0.968750,0.970688,否,,,
105,test,test/images/nozzle_no_extrusion_0637.jpg,test,test/images/nozzle_no_extrusion_0645.jpg,否,0,1.000000,0.970367,否,,,
106,train,train/images/nozzle_no_extrusion_0246.jpg,train,train/images/nozzle_no_extrusion_0282.jpg,否,0,1.000000,0.970055,否,,,
107,train,train/images/nozzle_no_extrusion_0201.jpg,train,train/images/nozzle_no_extrusion_0203.jpg,否,0,1.000000,0.969590,否,,,
108,train,train/images/nozzle_no_extrusion_0210.jpg,train,train/images/nozzle_no_extrusion_0323.jpg,否,2,0.968750,0.969345,否,,,
109,train,train/images/nozzle_no_extrusion_0211.jpg,train,train/images/nozzle_no_extrusion_0324.jpg,否,2,0.968750,0.969116,否,,,
110,train,train/images/nozzle_no_extrusion_0163.jpg,train,train/images/nozzle_no_extrusion_0274.jpg,否,2,0.968750,0.968793,否,,,
111,train,train/images/nozzle_no_extrusion_0212.jpg,train,train/images/nozzle_no_extrusion_0325.jpg,否,0,1.000000,0.968318,否,,,
112,val,val/images/nozzle_no_extrusion_0404.jpg,val,val/images/nozzle_no_extrusion_0410.jpg,否,2,0.968750,0.967970,否,,,
113,train,train/images/nozzle_tip_wrapped_0116.jpg,train,train/images/nozzle_tip_wrapped_0118.jpg,否,2,0.968750,0.967544,否,,,
114,train,train/images/nozzle_no_extrusion_0731.jpg,train,train/images/nozzle_no_extrusion_0739.jpg,否,0,1.000000,0.967369,否,,,
115,test,test/images/nozzle_no_extrusion_0875.jpg,test,test/images/nozzle_no_extrusion_0881.jpg,否,0,1.000000,0.966799,否,,,
116,train,train/images/nozzle_no_extrusion_0196.jpg,train,train/images/nozzle_no_extrusion_0282.jpg,否,2,0.968750,0.966205,否,,,
117,train,train/images/nozzle_no_extrusion_0260.jpg,train,train/images/nozzle_no_extrusion_0380.jpg,否,2,0.968750,0.966096,否,,,
118,train,train/images/nozzle_no_extrusion_0027.jpg,train,train/images/nozzle_no_extrusion_0086.jpg,否,2,0.968750,0.966048,否,,,
119,train,train/images/nozzle_no_extrusion_0236.jpg,train,train/images/nozzle_no_extrusion_0351.jpg,否,0,1.000000,0.965873,否,,,
120,train,train/images/nozzle_no_extrusion_0289.jpg,train,train/images/nozzle_no_extrusion_0367.jpg,否,0,1.000000,0.965810,否,,,
121,train,train/images/nozzle_no_extrusion_0190.jpg,train,train/images/nozzle_no_extrusion_0230.jpg,否,2,0.968750,0.965785,否,,,
122,train,train/images/nozzle_no_extrusion_0454.jpg,train,train/images/nozzle_no_extrusion_0455.jpg,否,2,0.968750,0.965742,否,,,
123,train,train/images/nozzle_no_extrusion_0014.jpg,train,train/images/nozzle_no_extrusion_0070.jpg,否,4,0.937500,0.965706,否,,,
124,train,train/images/nozzle_no_extrusion_0010.jpg,train,train/images/nozzle_no_extrusion_0069.jpg,否,2,0.968750,0.965093,否,,,
125,train,train/images/nozzle_no_extrusion_0500.jpg,train,train/images/nozzle_no_extrusion_0503.jpg,否,2,0.968750,0.965047,否,,,
126,train,train/images/nozzle_no_extrusion_0163.jpg,train,train/images/nozzle_no_extrusion_0279.jpg,否,2,0.968750,0.964949,否,,,
127,train,train/images/nozzle_no_extrusion_0169.jpg,train,train/images/nozzle_no_extrusion_0281.jpg,否,2,0.968750,0.964938,否,,,
128,train,train/images/nozzle_no_extrusion_0459.jpg,train,train/images/nozzle_no_extrusion_0469.jpg,否,2,0.968750,0.964725,否,,,
129,train,train/images/nozzle_no_extrusion_0533.jpg,train,train/images/nozzle_no_extrusion_0535.jpg,否,0,1.000000,0.964630,否,,,
130,train,train/images/nozzle_no_extrusion_0008.jpg,train,train/images/nozzle_no_extrusion_0015.jpg,否,2,0.968750,0.964519,否,,,
131,train,train/images/nozzle_no_extrusion_0009.jpg,train,train/images/nozzle_no_extrusion_0070.jpg,否,4,0.937500,0.963957,否,,,
132,train,train/images/nozzle_no_extrusion_0028.jpg,train,train/images/nozzle_no_extrusion_0085.jpg,否,0,1.000000,0.963953,否,,,
133,train,train/images/nozzle_no_extrusion_0178.jpg,train,train/images/nozzle_no_extrusion_0292.jpg,否,2,0.968750,0.963558,否,,,
134,train,train/images/nozzle_no_extrusion_0014.jpg,train,train/images/nozzle_no_extrusion_0066.jpg,否,2,0.968750,0.963155,否,,,
135,train,train/images/nozzle_no_extrusion_0458.jpg,train,train/images/nozzle_no_extrusion_0470.jpg,否,0,1.000000,0.962458,否,,,
136,train,train/images/nozzle_no_extrusion_0817.jpg,train,train/images/nozzle_no_extrusion_0822.jpg,否,0,1.000000,0.962457,否,,,
137,val,val/images/nozzle_no_extrusion_0176.jpg,val,val/images/nozzle_no_extrusion_0331.jpg,否,2,0.968750,0.962433,否,,,
138,train,train/images/nozzle_no_extrusion_0239.jpg,train,train/images/nozzle_no_extrusion_0316.jpg,否,0,1.000000,0.962345,否,,,
139,train,train/images/nozzle_no_extrusion_0184.jpg,train,train/images/nozzle_no_extrusion_0379.jpg,否,2,0.968750,0.962151,否,,,
140,train,train/images/nozzle_no_extrusion_0220.jpg,train,train/images/nozzle_no_extrusion_0257.jpg,否,0,1.000000,0.961962,否,,,
141,train,train/images/nozzle_no_extrusion_0179.jpg,train,train/images/nozzle_no_extrusion_0327.jpg,否,2,0.968750,0.961759,否,,,
142,train,train/images/nozzle_no_extrusion_0559.jpg,train,train/images/nozzle_no_extrusion_0562.jpg,否,2,0.968750,0.961637,否,,,
143,train,train/images/nozzle_no_extrusion_0172.jpg,train,train/images/nozzle_no_extrusion_0213.jpg,否,2,0.968750,0.961391,否,,,
144,train,train/images/nozzle_no_extrusion_0022.jpg,train,train/images/nozzle_no_extrusion_0036.jpg,否,0,1.000000,0.961232,否,,,
145,train,train/images/nozzle_no_extrusion_0182.jpg,train,train/images/nozzle_no_extrusion_0228.jpg,否,2,0.968750,0.961129,否,,,
146,train,train/images/nozzle_no_extrusion_0162.jpg,train,train/images/nozzle_no_extrusion_0359.jpg,否,0,1.000000,0.960879,否,,,
147,train,train/images/nozzle_tip_wrapped_0291.jpg,train,train/images/nozzle_tip_wrapped_0293.jpg,否,2,0.968750,0.960486,否,,,
148,train,train/images/nozzle_no_extrusion_0164.jpg,train,train/images/nozzle_no_extrusion_0316.jpg,否,2,0.968750,0.960315,否,,,
149,train,train/images/nozzle_no_extrusion_0261.jpg,train,train/images/nozzle_no_extrusion_0379.jpg,否,0,1.000000,0.960292,否,,,
150,train,train/images/nozzle_no_extrusion_0156.jpg,train,train/images/nozzle_no_extrusion_0905.jpg,否,0,1.000000,0.959880,否,,,
151,train,train/images/nozzle_no_extrusion_0281.jpg,train,train/images/nozzle_no_extrusion_0351.jpg,否,0,1.000000,0.959611,否,,,
152,test,test/images/nozzle_no_extrusion_0732.jpg,test,test/images/nozzle_no_extrusion_0738.jpg,否,0,1.000000,0.959480,否,,,
153,train,train/images/nozzle_no_extrusion_0078.jpg,train,train/images/nozzle_no_extrusion_0090.jpg,否,0,1.000000,0.959362,否,,,
154,val,val/images/nozzle_no_extrusion_0587.jpg,val,val/images/nozzle_no_extrusion_0591.jpg,否,0,1.000000,0.959143,否,,,
155,train,train/images/nozzle_no_extrusion_0265.jpg,train,train/images/nozzle_no_extrusion_0344.jpg,否,2,0.968750,0.959043,否,,,
156,train,train/images/nozzle_no_extrusion_0161.jpg,train,train/images/nozzle_no_extrusion_0319.jpg,否,2,0.968750,0.958974,否,,,
157,train,train/images/nozzle_no_extrusion_0839.jpg,train,train/images/nozzle_no_extrusion_0844.jpg,否,2,0.968750,0.958807,否,,,
158,train,train/images/nozzle_no_extrusion_0680.jpg,train,train/images/nozzle_no_extrusion_0690.jpg,否,2,0.968750,0.958026,否,,,
159,train,train/images/nozzle_no_extrusion_0887.jpg,train,train/images/nozzle_no_extrusion_0908.jpg,否,2,0.968750,0.957977,否,,,
160,train,train/images/nozzle_no_extrusion_0169.jpg,train,train/images/nozzle_no_extrusion_0236.jpg,否,2,0.968750,0.957784,否,,,
161,test,test/images/nozzle_no_extrusion_0741.jpg,test,test/images/nozzle_no_extrusion_0748.jpg,否,0,1.000000,0.957753,否,,,
162,train,train/images/nozzle_no_extrusion_0152.jpg,train,train/images/nozzle_no_extrusion_0157.jpg,否,0,1.000000,0.957705,否,,,
163,train,train/images/nozzle_no_extrusion_0205.jpg,train,train/images/nozzle_no_extrusion_0280.jpg,否,0,1.000000,0.957616,否,,,
164,train,train/images/nozzle_no_extrusion_0155.jpg,train,train/images/nozzle_no_extrusion_0904.jpg,否,4,0.937500,0.957019,否,,,
165,test,test/images/nozzle_no_extrusion_0569.jpg,test,test/images/nozzle_no_extrusion_0572.jpg,否,2,0.968750,0.956806,否,,,
166,train,train/images/nozzle_no_extrusion_0217.jpg,train,train/images/nozzle_no_extrusion_0287.jpg,否,2,0.968750,0.956498,否,,,
167,train,train/images/nozzle_no_extrusion_0018.jpg,train,train/images/nozzle_no_extrusion_0074.jpg,否,2,0.968750,0.956496,否,,,
168,train,train/images/nozzle_no_extrusion_0861.jpg,train,train/images/nozzle_no_extrusion_0870.jpg,否,0,1.000000,0.956418,否,,,
169,train,train/images/nozzle_no_extrusion_0222.jpg,train,train/images/nozzle_no_extrusion_0264.jpg,否,2,0.968750,0.956352,否,,,
170,train,train/images/nozzle_no_extrusion_0008.jpg,train,train/images/nozzle_no_extrusion_0071.jpg,否,4,0.937500,0.955974,否,,,
171,train,train/images/nozzle_no_extrusion_0287.jpg,train,train/images/nozzle_no_extrusion_0366.jpg,否,0,1.000000,0.955810,否,,,
172,train,train/images/nozzle_no_extrusion_0390.jpg,train,train/images/nozzle_no_extrusion_0893.jpg,否,2,0.968750,0.955775,否,,,
173,train,train/images/nozzle_no_extrusion_0177.jpg,train,train/images/nozzle_no_extrusion_0367.jpg,否,4,0.937500,0.955695,否,,,
174,train,train/images/nozzle_no_extrusion_0219.jpg,train,train/images/nozzle_no_extrusion_0372.jpg,否,0,1.000000,0.955645,否,,,
175,train,train/images/nozzle_no_extrusion_0154.jpg,train,train/images/nozzle_no_extrusion_0390.jpg,否,2,0.968750,0.955532,否,,,
176,train,train/images/nozzle_no_extrusion_0023.jpg,train,train/images/nozzle_no_extrusion_0035.jpg,否,0,1.000000,0.955456,否,,,
177,train,train/images/nozzle_no_extrusion_0174.jpg,train,train/images/nozzle_no_extrusion_0251.jpg,否,0,1.000000,0.955072,否,,,
178,train,train/images/nozzle_no_extrusion_0157.jpg,train,train/images/nozzle_no_extrusion_0906.jpg,否,0,1.000000,0.954667,否,,,
179,train,train/images/nozzle_no_extrusion_0162.jpg,train,train/images/nozzle_no_extrusion_0311.jpg,否,0,1.000000,0.954614,否,,,
180,train,train/images/nozzle_no_extrusion_0017.jpg,train,train/images/nozzle_no_extrusion_0073.jpg,否,4,0.937500,0.954586,否,,,
181,test,test/images/nozzle_no_extrusion_0588.jpg,test,test/images/nozzle_no_extrusion_0590.jpg,否,2,0.968750,0.954325,否,,,
182,train,train/images/nozzle_no_extrusion_0213.jpg,train,train/images/nozzle_no_extrusion_0371.jpg,否,4,0.937500,0.954225,否,,,
183,train,train/images/nozzle_tip_wrapped_0077.jpg,train,train/images/nozzle_tip_wrapped_0079.jpg,否,2,0.968750,0.954163,否,,,
184,train,train/images/nozzle_no_extrusion_0183.jpg,train,train/images/nozzle_no_extrusion_0227.jpg,否,2,0.968750,0.954126,否,,,
185,train,train/images/nozzle_no_extrusion_0259.jpg,train,train/images/nozzle_no_extrusion_0375.jpg,否,2,0.968750,0.953711,否,,,
186,train,train/images/nozzle_no_extrusion_0218.jpg,train,train/images/nozzle_no_extrusion_0326.jpg,否,4,0.937500,0.953520,否,,,
187,train,train/images/nozzle_no_extrusion_0445.jpg,train,train/images/nozzle_no_extrusion_0454.jpg,否,0,1.000000,0.953441,否,,,
188,train,train/images/nozzle_no_extrusion_0237.jpg,train,train/images/nozzle_no_extrusion_0280.jpg,否,2,0.968750,0.953176,否,,,
189,train,train/images/nozzle_no_extrusion_0888.jpg,train,train/images/nozzle_no_extrusion_0897.jpg,否,0,1.000000,0.952819,否,,,
190,train,train/images/nozzle_no_extrusion_0173.jpg,train,train/images/nozzle_no_extrusion_0214.jpg,否,0,1.000000,0.952449,否,,,
191,train,train/images/nozzle_no_extrusion_0206.jpg,train,train/images/nozzle_no_extrusion_0351.jpg,否,2,0.968750,0.952323,否,,,
192,train,train/images/nozzle_no_extrusion_0172.jpg,train,train/images/nozzle_no_extrusion_0326.jpg,否,2,0.968750,0.951849,否,,,
193,train,train/images/nozzle_no_extrusion_0065.jpg,train,train/images/nozzle_no_extrusion_0071.jpg,否,2,0.968750,0.951564,否,,,
194,train,train/images/nozzle_no_extrusion_0173.jpg,train,train/images/nozzle_no_extrusion_0292.jpg,否,0,1.000000,0.951562,否,,,
195,train,train/images/nozzle_no_extrusion_0174.jpg,train,train/images/nozzle_no_extrusion_0215.jpg,否,2,0.968750,0.951519,否,,,
196,train,train/images/nozzle_no_extrusion_0184.jpg,train,train/images/nozzle_no_extrusion_0226.jpg,否,2,0.968750,0.951496,否,,,
197,train,train/images/nozzle_no_extrusion_0009.jpg,train,train/images/nozzle_no_extrusion_0014.jpg,否,0,1.000000,0.951447,否,,,
198,test,test/images/nozzle_no_extrusion_0734.jpg,test,test/images/nozzle_no_extrusion_0736.jpg,否,2,0.968750,0.951330,否,,,
199,train,train/images/nozzle_no_extrusion_0718.jpg,train,train/images/nozzle_no_extrusion_0720.jpg,否,0,1.000000,0.950883,否,,,
200,train,train/images/nozzle_no_extrusion_0203.jpg,train,train/images/nozzle_no_extrusion_0240.jpg,否,0,1.000000,0.950817,否,,,
201,train,train/images/nozzle_no_extrusion_0889.jpg,train,train/images/nozzle_no_extrusion_0906.jpg,否,2,0.968750,0.950575,否,,,
202,train,train/images/nozzle_no_extrusion_0279.jpg,train,train/images/nozzle_no_extrusion_0353.jpg,否,2,0.968750,0.950445,否,,,
203,train,train/images/nozzle_no_extrusion_0205.jpg,train,train/images/nozzle_no_extrusion_0358.jpg,否,2,0.968750,0.950309,否,,,
204,train,train/images/nozzle_no_extrusion_0888.jpg,train,train/images/nozzle_no_extrusion_0907.jpg,否,2,0.968750,0.950087,否,,,
205,test,test/images/nozzle_no_extrusion_0499.jpg,test,test/images/nozzle_no_extrusion_0504.jpg,否,2,0.968750,0.950079,否,,,
206,train,train/images/nozzle_no_extrusion_0189.jpg,train,train/images/nozzle_no_extrusion_0382.jpg,否,2,0.968750,0.949936,否,,,
207,train,train/images/nozzle_no_extrusion_0229.jpg,train,train/images/nozzle_no_extrusion_0382.jpg,否,2,0.968750,0.949911,否,,,
208,val,val/images/nozzle_tip_wrapped_0168.jpg,val,val/images/nozzle_tip_wrapped_0170.jpg,否,6,0.906250,0.949805,否,,,
209,train,train/images/nozzle_no_extrusion_0827.jpg,train,train/images/nozzle_no_extrusion_0831.jpg,否,4,0.937500,0.949519,否,,,
210,train,train/images/nozzle_no_extrusion_0218.jpg,train,train/images/nozzle_no_extrusion_0371.jpg,否,2,0.968750,0.949088,否,,,
211,train,train/images/nozzle_no_extrusion_0178.jpg,train,train/images/nozzle_no_extrusion_0255.jpg,否,2,0.968750,0.948858,否,,,
212,train,train/images/nozzle_no_extrusion_0022.jpg,train,train/images/nozzle_no_extrusion_0077.jpg,否,0,1.000000,0.948748,否,,,
213,test,test/images/nozzle_no_extrusion_0501.jpg,test,test/images/nozzle_no_extrusion_0502.jpg,否,2,0.968750,0.948048,否,,,
214,train,train/images/nozzle_no_extrusion_0608.jpg,train,train/images/nozzle_no_extrusion_0609.jpg,否,4,0.937500,0.947308,否,,,
215,train,train/images/nozzle_no_extrusion_0196.jpg,train,train/images/nozzle_no_extrusion_0207.jpg,否,2,0.968750,0.946896,否,,,
216,train,train/images/nozzle_no_extrusion_0395.jpg,train,train/images/nozzle_no_extrusion_0397.jpg,否,0,1.000000,0.946764,否,,,
217,val,val/images/nozzle_no_extrusion_0825.jpg,val,val/images/nozzle_no_extrusion_0834.jpg,否,2,0.968750,0.945953,否,,,
218,train,train/images/nozzle_no_extrusion_0066.jpg,train,train/images/nozzle_no_extrusion_0070.jpg,否,4,0.937500,0.945844,否,,,
219,train,train/images/nozzle_no_extrusion_0067.jpg,train,train/images/nozzle_no_extrusion_0069.jpg,否,0,1.000000,0.945757,否,,,
220,train,train/images/nozzle_no_extrusion_0228.jpg,train,train/images/nozzle_no_extrusion_0344.jpg,否,2,0.968750,0.945674,否,,,
221,train,train/images/nozzle_no_extrusion_0164.jpg,train,train/images/nozzle_no_extrusion_0239.jpg,否,2,0.968750,0.945019,否,,,
222,train,train/images/nozzle_tip_wrapped_0102.jpg,train,train/images/nozzle_tip_wrapped_0103.jpg,否,4,0.937500,0.945005,否,,,
223,train,train/images/nozzle_no_extrusion_0013.jpg,train,train/images/nozzle_no_extrusion_0067.jpg,否,2,0.968750,0.944970,否,,,
224,train,train/images/nozzle_no_extrusion_0173.jpg,train,train/images/nozzle_no_extrusion_0255.jpg,否,0,1.000000,0.944513,否,,,
225,train,train/images/nozzle_no_extrusion_0681.jpg,train,train/images/nozzle_no_extrusion_0689.jpg,否,4,0.937500,0.944125,否,,,
226,train,train/images/nozzle_no_extrusion_0172.jpg,train,train/images/nozzle_no_extrusion_0371.jpg,否,2,0.968750,0.944090,否,,,
227,train,train/images/nozzle_no_extrusion_0177.jpg,train,train/images/nozzle_no_extrusion_0252.jpg,否,4,0.937500,0.943956,否,,,
228,val,val/images/nozzle_tip_wrapped_0088.jpg,val,val/images/nozzle_tip_wrapped_0089.jpg,否,6,0.906250,0.943102,否,,,
229,train,train/images/nozzle_no_extrusion_0201.jpg,train,train/images/nozzle_no_extrusion_0240.jpg,否,0,1.000000,0.942796,否,,,
230,train,train/images/nozzle_no_extrusion_0260.jpg,train,train/images/nozzle_no_extrusion_0264.jpg,否,4,0.937500,0.942576,否,,,
231,train,train/images/nozzle_no_extrusion_0023.jpg,train,train/images/nozzle_no_extrusion_0078.jpg,否,0,1.000000,0.942396,否,,,
232,train,train/images/nozzle_no_extrusion_0274.jpg,train,train/images/nozzle_no_extrusion_0353.jpg,否,0,1.000000,0.942293,否,,,
233,train,train/images/nozzle_no_extrusion_0386.jpg,train,train/images/nozzle_no_extrusion_0888.jpg,否,0,1.000000,0.942149,否,,,
234,train,train/images/nozzle_no_extrusion_0165.jpg,train,train/images/nozzle_no_extrusion_0240.jpg,否,2,0.968750,0.942068,否,,,
235,train,train/images/nozzle_extrusion_normal_0568.jpg,train,train/images/nozzle_extrusion_normal_0610.jpg,否,4,0.937500,0.941849,否,,,
236,train,train/images/nozzle_no_extrusion_0161.jpg,train,train/images/nozzle_no_extrusion_0236.jpg,否,2,0.968750,0.941604,否,,,
237,train,train/images/nozzle_no_extrusion_0165.jpg,train,train/images/nozzle_no_extrusion_0241.jpg,否,0,1.000000,0.941175,否,,,
238,test,test/images/nozzle_no_extrusion_0118.jpg,test,test/images/nozzle_no_extrusion_0119.jpg,否,2,0.968750,0.940526,否,,,
239,train,train/images/nozzle_no_extrusion_0009.jpg,train,train/images/nozzle_no_extrusion_0066.jpg,否,2,0.968750,0.940095,否,,,
240,train,train/images/nozzle_tip_wrapped_0289.jpg,train,train/images/nozzle_tip_wrapped_0297.jpg,否,4,0.937500,0.939907,否,,,
241,train,train/images/nozzle_no_extrusion_0024.jpg,train,train/images/nozzle_no_extrusion_0079.jpg,否,2,0.968750,0.939699,否,,,
242,train,train/images/nozzle_no_extrusion_0005.jpg,train,train/images/nozzle_no_extrusion_0062.jpg,否,4,0.937500,0.939258,否,,,
243,train,train/images/nozzle_no_extrusion_0251.jpg,train,train/images/nozzle_no_extrusion_0366.jpg,否,2,0.968750,0.938970,否,,,
244,train,train/images/nozzle_no_extrusion_0010.jpg,train,train/images/nozzle_no_extrusion_0067.jpg,否,2,0.968750,0.938440,否,,,
245,train,train/images/nozzle_no_extrusion_0080.jpg,train,train/images/nozzle_no_extrusion_0088.jpg,否,0,1.000000,0.938194,否,,,
246,train,train/images/nozzle_no_extrusion_0165.jpg,train,train/images/nozzle_no_extrusion_0355.jpg,否,2,0.968750,0.938005,否,,,
247,test,test/images/nozzle_no_extrusion_0560.jpg,test,test/images/nozzle_no_extrusion_0561.jpg,否,2,0.968750,0.937918,否,,,
248,train,train/images/nozzle_no_extrusion_0032.jpg,train,train/images/nozzle_no_extrusion_0087.jpg,否,2,0.968750,0.937632,否,,,
249,train,train/images/nozzle_no_extrusion_0595.jpg,train,train/images/nozzle_no_extrusion_0603.jpg,否,2,0.968750,0.937481,否,,,
250,train,train/images/nozzle_no_extrusion_0182.jpg,train,train/images/nozzle_no_extrusion_0259.jpg,否,2,0.968750,0.937261,否,,,
251,test,test/images/nozzle_no_extrusion_0802.jpg,test,test/images/nozzle_no_extrusion_0804.jpg,否,2,0.968750,0.936968,否,,,
252,train,train/images/nozzle_no_extrusion_0151.jpg,train,train/images/nozzle_no_extrusion_0158.jpg,否,0,1.000000,0.936940,否,,,
253,train,train/images/nozzle_no_extrusion_0752.jpg,train,train/images/nozzle_no_extrusion_0754.jpg,否,4,0.937500,0.936886,否,,,
254,train,train/images/nozzle_tip_wrapped_0623.jpg,train,train/images/nozzle_tip_wrapped_0624.jpg,否,4,0.937500,0.936871,否,,,
255,test,test/images/nozzle_no_extrusion_0520.jpg,test,test/images/nozzle_no_extrusion_0528.jpg,否,0,1.000000,0.936809,否,,,
256,train,train/images/nozzle_tip_wrapped_0115.jpg,train,train/images/nozzle_tip_wrapped_0119.jpg,否,6,0.906250,0.936728,否,,,
257,train,train/images/nozzle_no_extrusion_0188.jpg,train,train/images/nozzle_no_extrusion_0375.jpg,否,2,0.968750,0.936727,否,,,
258,val,val/images/nozzle_no_extrusion_0415.jpg,val,val/images/nozzle_no_extrusion_0421.jpg,否,0,1.000000,0.936588,否,,,
259,train,train/images/nozzle_no_extrusion_0007.jpg,train,train/images/nozzle_no_extrusion_0064.jpg,否,2,0.968750,0.936562,否,,,
260,train,train/images/nozzle_no_extrusion_0008.jpg,train,train/images/nozzle_no_extrusion_0065.jpg,否,4,0.937500,0.936298,否,,,
261,train,train/images/nozzle_no_extrusion_0161.jpg,train,train/images/nozzle_no_extrusion_0281.jpg,否,2,0.968750,0.935433,否,,,
262,train,train/images/nozzle_no_extrusion_0006.jpg,train,train/images/nozzle_no_extrusion_0063.jpg,否,4,0.937500,0.934969,否,,,
263,train,train/images/nozzle_no_extrusion_0617.jpg,train,train/images/nozzle_no_extrusion_0622.jpg,否,2,0.968750,0.934770,否,,,
264,train,train/images/nozzle_tip_wrapped_0290.jpg,train,train/images/nozzle_tip_wrapped_0298.jpg,否,4,0.937500,0.934753,否,,,
265,val,val/images/nozzle_no_extrusion_0437.jpg,val,val/images/nozzle_no_extrusion_0439.jpg,否,0,1.000000,0.934690,否,,,
266,train,train/images/nozzle_no_extrusion_0387.jpg,train,train/images/nozzle_no_extrusion_0889.jpg,否,2,0.968750,0.934497,否,,,
267,train,train/images/nozzle_no_extrusion_0204.jpg,train,train/images/nozzle_no_extrusion_0353.jpg,否,4,0.937500,0.934459,否,,,
268,val,val/images/nozzle_extrusion_normal_0654.jpg,val,val/images/nozzle_extrusion_normal_0697.jpg,否,2,0.968750,0.934288,否,,,
269,test,test/images/nozzle_no_extrusion_0541.jpg,test,test/images/nozzle_no_extrusion_0545.jpg,否,0,1.000000,0.933856,否,,,
270,train,train/images/nozzle_no_extrusion_0215.jpg,train,train/images/nozzle_no_extrusion_0251.jpg,否,2,0.968750,0.933821,否,,,
271,train,train/images/nozzle_no_extrusion_0162.jpg,train,train/images/nozzle_no_extrusion_0280.jpg,否,2,0.968750,0.933753,否,,,
272,train,train/images/nozzle_no_extrusion_0182.jpg,train,train/images/nozzle_no_extrusion_0188.jpg,否,2,0.968750,0.933726,否,,,
273,train,train/images/nozzle_no_extrusion_0081.jpg,train,train/images/nozzle_no_extrusion_0087.jpg,否,2,0.968750,0.933615,否,,,
274,train,train/images/nozzle_tip_wrapped_0294.jpg,train,train/images/nozzle_tip_wrapped_0297.jpg,否,4,0.937500,0.932855,否,,,
275,train,train/images/nozzle_no_extrusion_0177.jpg,train,train/images/nozzle_no_extrusion_0289.jpg,否,4,0.937500,0.932786,否,,,
276,train,train/images/nozzle_no_extrusion_0045.jpg,train,train/images/nozzle_no_extrusion_0051.jpg,否,0,1.000000,0.932706,否,,,
277,test,test/images/nozzle_no_extrusion_0840.jpg,test,test/images/nozzle_no_extrusion_0843.jpg,否,2,0.968750,0.932185,否,,,
278,train,train/images/nozzle_no_extrusion_0217.jpg,train,train/images/nozzle_no_extrusion_0292.jpg,否,0,1.000000,0.931524,否,,,
279,train,train/images/nozzle_no_extrusion_0274.jpg,train,train/images/nozzle_no_extrusion_0358.jpg,否,4,0.937500,0.931046,否,,,
280,train,train/images/nozzle_no_extrusion_0319.jpg,train,train/images/nozzle_no_extrusion_0351.jpg,否,0,1.000000,0.931009,否,,,
281,train,train/images/nozzle_no_extrusion_0163.jpg,train,train/images/nozzle_no_extrusion_0353.jpg,否,2,0.968750,0.929912,否,,,
282,train,train/images/nozzle_no_extrusion_0434.jpg,train,train/images/nozzle_no_extrusion_0442.jpg,否,2,0.968750,0.929816,否,,,
283,train,train/images/nozzle_no_extrusion_0448.jpg,train,train/images/nozzle_no_extrusion_0451.jpg,否,0,1.000000,0.929701,否,,,
284,test,test/images/nozzle_no_extrusion_0626.jpg,test,test/images/nozzle_no_extrusion_0634.jpg,否,2,0.968750,0.929357,否,,,
285,train,train/images/nozzle_no_extrusion_0388.jpg,train,train/images/nozzle_no_extrusion_0890.jpg,否,0,1.000000,0.929074,否,,,
286,train,train/images/nozzle_no_extrusion_0297.jpg,train,train/images/nozzle_no_extrusion_0337.jpg,否,4,0.937500,0.928693,否,,,
287,train,train/images/nozzle_no_extrusion_0155.jpg,train,train/images/nozzle_no_extrusion_0893.jpg,否,4,0.937500,0.928627,否,,,
288,train,train/images/nozzle_no_extrusion_0164.jpg,train,train/images/nozzle_no_extrusion_0354.jpg,否,2,0.968750,0.928442,否,,,
289,train,train/images/nozzle_no_extrusion_0670.jpg,train,train/images/nozzle_no_extrusion_0678.jpg,否,4,0.937500,0.928390,否,,,
290,train,train/images/nozzle_no_extrusion_0178.jpg,train,train/images/nozzle_no_extrusion_0214.jpg,否,2,0.968750,0.928348,否,,,
291,train,train/images/nozzle_no_extrusion_0005.jpg,train,train/images/nozzle_no_extrusion_0074.jpg,否,4,0.937500,0.928288,否,,,
292,train,train/images/nozzle_no_extrusion_0021.jpg,train,train/images/nozzle_no_extrusion_0077.jpg,否,2,0.968750,0.928224,否,,,
293,train,train/images/nozzle_no_extrusion_0011.jpg,train,train/images/nozzle_no_extrusion_0068.jpg,否,2,0.968750,0.927968,否,,,
294,val,val/images/nozzle_heavy_contamination_0003.jpg,val,val/images/nozzle_heavy_contamination_0005.jpg,否,6,0.906250,0.927647,否,,,
295,train,train/images/nozzle_no_extrusion_0390.jpg,train,train/images/nozzle_no_extrusion_0892.jpg,否,2,0.968750,0.927605,否,,,
296,train,train/images/nozzle_no_extrusion_0046.jpg,train,train/images/nozzle_no_extrusion_0050.jpg,否,2,0.968750,0.927092,否,,,
297,train,train/images/nozzle_tip_wrapped_0104.jpg,train,train/images/nozzle_tip_wrapped_0105.jpg,否,6,0.906250,0.926839,否,,,
298,test,test/images/nozzle_no_extrusion_0648.jpg,test,test/images/nozzle_no_extrusion_0656.jpg,否,2,0.968750,0.926705,否,,,
299,train,train/images/nozzle_tip_wrapped_0288.jpg,train,train/images/nozzle_tip_wrapped_0295.jpg,否,4,0.937500,0.926644,否,,,
300,train,train/images/nozzle_no_extrusion_0221.jpg,train,train/images/nozzle_no_extrusion_0382.jpg,否,0,1.000000,0.926202,否,,,
301,test,test/images/nozzle_no_extrusion_0498.jpg,test,test/images/nozzle_no_extrusion_0505.jpg,否,2,0.968750,0.925899,否,,,
302,train,train/images/nozzle_tip_wrapped_0021.jpg,train,train/images/nozzle_tip_wrapped_0022.jpg,否,4,0.937500,0.925805,否,,,
303,train,train/images/nozzle_no_extrusion_0006.jpg,train,train/images/nozzle_no_extrusion_0073.jpg,否,6,0.906250,0.925619,否,,,
304,train,train/images/nozzle_tip_wrapped_0294.jpg,train,train/images/nozzle_tip_wrapped_0296.jpg,否,2,0.968750,0.925568,否,,,
305,val,val/images/nozzle_no_extrusion_0416.jpg,val,val/images/nozzle_no_extrusion_0420.jpg,否,0,1.000000,0.925340,否,,,
306,train,train/images/nozzle_no_extrusion_0658.jpg,train,train/images/nozzle_no_extrusion_0668.jpg,否,0,1.000000,0.925300,否,,,
307,train,train/images/nozzle_tip_wrapped_0103.jpg,train,train/images/nozzle_tip_wrapped_0104.jpg,否,4,0.937500,0.925215,否,,,
308,val,val/images/nozzle_no_extrusion_0521.jpg,val,val/images/nozzle_no_extrusion_0526.jpg,否,2,0.968750,0.925151,否,,,
309,train,train/images/nozzle_no_extrusion_0278.jpg,train,train/images/nozzle_no_extrusion_0316.jpg,否,0,1.000000,0.925105,否,,,
310,train,train/images/nozzle_no_extrusion_0185.jpg,train,train/images/nozzle_no_extrusion_0225.jpg,否,2,0.968750,0.924763,否,,,
311,train,train/images/nozzle_no_extrusion_0293.jpg,train,train/images/nozzle_no_extrusion_0327.jpg,否,6,0.906250,0.924666,否,,,
312,train,train/images/nozzle_no_extrusion_0271.jpg,train,train/images/nozzle_no_extrusion_0282.jpg,否,2,0.968750,0.924507,否,,,
313,train,train/images/nozzle_no_extrusion_0266.jpg,train,train/images/nozzle_no_extrusion_0345.jpg,否,2,0.968750,0.924343,否,,,
314,train,train/images/nozzle_no_extrusion_0297.jpg,train,train/images/nozzle_no_extrusion_0382.jpg,否,2,0.968750,0.924313,否,,,
315,train,train/images/nozzle_no_extrusion_0196.jpg,train,train/images/nozzle_no_extrusion_0309.jpg,否,2,0.968750,0.924306,否,,,
316,train,train/images/nozzle_no_extrusion_0007.jpg,train,train/images/nozzle_no_extrusion_0072.jpg,否,2,0.968750,0.924077,否,,,
317,train,train/images/nozzle_no_extrusion_0552.jpg,train,train/images/nozzle_no_extrusion_0554.jpg,否,2,0.968750,0.924009,否,,,
318,train,train/images/nozzle_no_extrusion_0255.jpg,train,train/images/nozzle_no_extrusion_0292.jpg,否,0,1.000000,0.923827,否,,,
319,train,train/images/nozzle_extrusion_normal_1149.jpg,train,train/images/nozzle_extrusion_normal_1175.jpg,否,4,0.937500,0.923188,否,,,
320,train,train/images/nozzle_no_extrusion_0227.jpg,train,train/images/nozzle_no_extrusion_0260.jpg,否,2,0.968750,0.923061,否,,,
321,train,train/images/nozzle_tip_wrapped_0293.jpg,train,train/images/nozzle_tip_wrapped_0297.jpg,否,4,0.937500,0.922685,否,,,
322,train,train/images/nozzle_no_extrusion_0164.jpg,train,train/images/nozzle_no_extrusion_0278.jpg,否,2,0.968750,0.922474,否,,,
323,train,train/images/nozzle_no_extrusion_0023.jpg,train,train/images/nozzle_no_extrusion_0079.jpg,否,2,0.968750,0.922347,否,,,
324,train,train/images/nozzle_no_extrusion_0174.jpg,train,train/images/nozzle_no_extrusion_0252.jpg,否,2,0.968750,0.922006,否,,,
325,train,train/images/nozzle_no_extrusion_0205.jpg,train,train/images/nozzle_no_extrusion_0311.jpg,否,2,0.968750,0.921805,否,,,
326,train,train/images/nozzle_no_extrusion_0159.jpg,train,train/images/nozzle_no_extrusion_0908.jpg,否,0,1.000000,0.921361,否,,,
327,train,train/images/nozzle_no_extrusion_0279.jpg,train,train/images/nozzle_no_extrusion_0358.jpg,否,4,0.937500,0.921154,否,,,
328,train,train/images/nozzle_no_extrusion_0627.jpg,train,train/images/nozzle_no_extrusion_0633.jpg,否,0,1.000000,0.920956,否,,,
329,train,train/images/nozzle_no_extrusion_0482.jpg,train,train/images/nozzle_no_extrusion_0493.jpg,否,2,0.968750,0.920800,否,,,
330,train,train/images/nozzle_no_extrusion_0215.jpg,train,train/images/nozzle_no_extrusion_0367.jpg,否,2,0.968750,0.920431,否,,,
331,train,train/images/nozzle_no_extrusion_0151.jpg,train,train/images/nozzle_no_extrusion_0907.jpg,否,2,0.968750,0.919965,否,,,
332,train,train/images/nozzle_no_extrusion_0150.jpg,train,train/images/nozzle_no_extrusion_0159.jpg,否,2,0.968750,0.919534,否,,,
333,train,train/images/nozzle_no_extrusion_0794.jpg,train,train/images/nozzle_no_extrusion_0796.jpg,否,4,0.937500,0.918930,否,,,
334,train,train/images/nozzle_no_extrusion_0163.jpg,train,train/images/nozzle_no_extrusion_0358.jpg,否,2,0.968750,0.918741,否,,,
335,test,test/images/nozzle_extrusion_normal_1268.jpg,test,test/images/nozzle_extrusion_normal_1295.jpg,否,4,0.937500,0.918035,否,,,
336,train,train/images/nozzle_no_extrusion_0693.jpg,train,train/images/nozzle_no_extrusion_0701.jpg,否,6,0.906250,0.917764,否,,,
337,train,train/images/nozzle_tip_wrapped_0312.jpg,train,train/images/nozzle_tip_wrapped_0313.jpg,否,4,0.937500,0.917452,否,,,
338,train,train/images/nozzle_no_extrusion_0218.jpg,train,train/images/nozzle_no_extrusion_0294.jpg,否,4,0.937500,0.917218,否,,,
339,val,val/images/nozzle_no_extrusion_0759.jpg,val,val/images/nozzle_no_extrusion_0763.jpg,否,2,0.968750,0.917091,否,,,
340,train,train/images/nozzle_tip_wrapped_0073.jpg,train,train/images/nozzle_tip_wrapped_0075.jpg,否,6,0.906250,0.917053,否,,,
341,train,train/images/nozzle_no_extrusion_0154.jpg,train,train/images/nozzle_no_extrusion_0893.jpg,否,2,0.968750,0.916780,否,,,
342,val,val/images/nozzle_no_extrusion_0761.jpg,val,val/images/nozzle_no_extrusion_0762.jpg,否,2,0.968750,0.916592,否,,,
343,train,train/images/nozzle_no_extrusion_0214.jpg,train,train/images/nozzle_no_extrusion_0217.jpg,否,0,1.000000,0.916435,否,,,
344,train,train/images/nozzle_tip_wrapped_0291.jpg,train,train/images/nozzle_tip_wrapped_0297.jpg,否,4,0.937500,0.916426,否,,,
345,train,train/images/nozzle_no_extrusion_0316.jpg,train,train/images/nozzle_no_extrusion_0354.jpg,否,0,1.000000,0.916374,否,,,
346,train,train/images/nozzle_no_extrusion_0390.jpg,train,train/images/nozzle_no_extrusion_0904.jpg,否,2,0.968750,0.916337,否,,,
347,train,train/images/nozzle_no_extrusion_0152.jpg,train,train/images/nozzle_no_extrusion_0388.jpg,否,2,0.968750,0.916289,否,,,
348,train,train/images/nozzle_no_extrusion_0628.jpg,train,train/images/nozzle_no_extrusion_0632.jpg,否,2,0.968750,0.916259,否,,,
349,test,test/images/nozzle_tip_wrapped_0099.jpg,test,test/images/nozzle_tip_wrapped_0100.jpg,否,4,0.937500,0.915978,否,,,
350,train,train/images/nozzle_tip_wrapped_0233.jpg,train,train/images/nozzle_tip_wrapped_0235.jpg,否,4,0.937500,0.915903,否,,,
351,train,train/images/nozzle_no_extrusion_0223.jpg,train,train/images/nozzle_no_extrusion_0261.jpg,否,2,0.968750,0.915810,否,,,
352,train,train/images/nozzle_no_extrusion_0295.jpg,train,train/images/nozzle_no_extrusion_0372.jpg,否,4,0.937500,0.915783,否,,,
353,train,train/images/nozzle_no_extrusion_0018.jpg,train,train/images/nozzle_no_extrusion_0062.jpg,否,2,0.968750,0.915601,否,,,
354,train,train/images/nozzle_no_extrusion_0011.jpg,train,train/images/nozzle_no_extrusion_0013.jpg,否,0,1.000000,0.915577,否,,,
355,train,train/images/nozzle_no_extrusion_0224.jpg,train,train/images/nozzle_no_extrusion_0226.jpg,否,0,1.000000,0.915535,否,,,
356,train,train/images/nozzle_no_extrusion_0266.jpg,train,train/images/nozzle_no_extrusion_0383.jpg,否,4,0.937500,0.915014,否,,,
357,test,test/images/nozzle_no_extrusion_0147.jpg,test,test/images/nozzle_no_extrusion_0912.jpg,否,2,0.968750,0.914882,否,,,
358,val,val/images/nozzle_tip_wrapped_0089.jpg,val,val/images/nozzle_tip_wrapped_0090.jpg,否,4,0.937500,0.914772,否,,,
359,train,train/images/nozzle_no_extrusion_0015.jpg,train,train/images/nozzle_no_extrusion_0065.jpg,否,2,0.968750,0.914151,否,,,
360,test,test/images/nozzle_tip_wrapped_0408.jpg,test,test/images/nozzle_tip_wrapped_0409.jpg,否,4,0.937500,0.913947,否,,,
361,train,train/images/nozzle_tip_wrapped_0097.jpg,train,train/images/nozzle_tip_wrapped_0098.jpg,否,4,0.937500,0.913792,否,,,
362,train,train/images/nozzle_no_extrusion_0188.jpg,train,train/images/nozzle_no_extrusion_0265.jpg,否,0,1.000000,0.913769,否,,,
363,train,train/images/nozzle_extrusion_normal_1176.jpg,train,train/images/nozzle_extrusion_normal_1203.jpg,否,2,0.968750,0.913681,否,,,
364,val,val/images/nozzle_no_extrusion_0106.jpg,val,val/images/nozzle_no_extrusion_0107.jpg,否,4,0.937500,0.913574,否,,,
365,train,train/images/nozzle_no_extrusion_0017.jpg,train,train/images/nozzle_no_extrusion_0063.jpg,否,4,0.937500,0.913140,否,,,
366,train,train/images/nozzle_no_extrusion_0216.jpg,train,train/images/nozzle_no_extrusion_0367.jpg,否,2,0.968750,0.913076,否,,,
367,train,train/images/nozzle_tip_wrapped_0293.jpg,train,train/images/nozzle_tip_wrapped_0298.jpg,否,6,0.906250,0.912868,否,,,
368,train,train/images/nozzle_no_extrusion_0153.jpg,train,train/images/nozzle_no_extrusion_0389.jpg,否,0,1.000000,0.912761,否,,,
369,train,train/images/nozzle_no_extrusion_0226.jpg,train,train/images/nozzle_no_extrusion_0379.jpg,否,0,1.000000,0.912700,否,,,
370,train,train/images/nozzle_no_extrusion_0152.jpg,train,train/images/nozzle_no_extrusion_0906.jpg,否,0,1.000000,0.912590,否,,,
371,train,train/images/nozzle_no_extrusion_0154.jpg,train,train/images/nozzle_no_extrusion_0892.jpg,否,2,0.968750,0.912468,否,,,
372,train,train/images/nozzle_no_extrusion_0025.jpg,train,train/images/nozzle_no_extrusion_0088.jpg,否,0,1.000000,0.912418,否,,,
373,train,train/images/nozzle_tip_wrapped_0350.jpg,train,train/images/nozzle_tip_wrapped_0352.jpg,否,4,0.937500,0.912371,否,,,
374,train,train/images/nozzle_tip_wrapped_0449.jpg,train,train/images/nozzle_tip_wrapped_0451.jpg,否,6,0.906250,0.912363,否,,,
375,train,train/images/nozzle_no_extrusion_0158.jpg,train,train/images/nozzle_no_extrusion_0907.jpg,否,2,0.968750,0.912353,否,,,
376,test,test/images/nozzle_no_extrusion_0578.jpg,test,test/images/nozzle_no_extrusion_0582.jpg,否,2,0.968750,0.912306,否,,,
377,train,train/images/nozzle_no_extrusion_0209.jpg,train,train/images/nozzle_no_extrusion_0423.jpg,否,2,0.968750,0.912105,否,,,
378,val,val/images/nozzle_no_extrusion_0449.jpg,val,val/images/nozzle_no_extrusion_0450.jpg,否,2,0.968750,0.911898,否,,,
379,val,val/images/nozzle_extrusion_normal_0939.jpg,val,val/images/nozzle_extrusion_normal_0959.jpg,否,2,0.968750,0.911840,否,,,
380,train,train/images/nozzle_no_extrusion_0259.jpg,train,train/images/nozzle_no_extrusion_0265.jpg,否,0,1.000000,0.911512,否,,,
381,train,train/images/nozzle_tip_wrapped_0199.jpg,train,train/images/nozzle_tip_wrapped_0200.jpg,否,6,0.906250,0.911334,否,,,
382,test,test/images/nozzle_no_extrusion_0672.jpg,test,test/images/nozzle_no_extrusion_0676.jpg,否,0,1.000000,0.911321,否,,,
383,test,test/images/nozzle_tip_wrapped_0403.jpg,test,test/images/nozzle_tip_wrapped_0404.jpg,否,4,0.937500,0.911167,否,,,
384,test,test/images/nozzle_extrusion_normal_0882.jpg,test,test/images/nozzle_extrusion_normal_0903.jpg,否,2,0.968750,0.911069,否,,,
385,val,val/images/nozzle_no_extrusion_0406.jpg,val,val/images/nozzle_no_extrusion_0408.jpg,否,0,1.000000,0.910622,否,,,
386,train,train/images/nozzle_tip_wrapped_0295.jpg,train,train/images/nozzle_tip_wrapped_0296.jpg,否,4,0.937500,0.910437,否,,,
387,train,train/images/nozzle_no_extrusion_0205.jpg,train,train/images/nozzle_no_extrusion_0359.jpg,否,2,0.968750,0.910341,否,,,
388,train,train/images/nozzle_extrusion_normal_0485.jpg,train,train/images/nozzle_extrusion_normal_0528.jpg,否,2,0.968750,0.910291,否,,,
389,train,train/images/nozzle_extrusion_normal_0955.jpg,train,train/images/nozzle_extrusion_normal_0976.jpg,否,2,0.968750,0.909915,否,,,
390,test,test/images/nozzle_no_extrusion_0877.jpg,test,test/images/nozzle_no_extrusion_0879.jpg,否,2,0.968750,0.909874,否,,,
391,train,train/images/nozzle_no_extrusion_0532.jpg,train,train/images/nozzle_no_extrusion_0536.jpg,否,2,0.968750,0.909728,否,,,
392,train,train/images/nozzle_no_extrusion_0549.jpg,train,train/images/nozzle_no_extrusion_0557.jpg,否,2,0.968750,0.909617,否,,,
393,train,train/images/nozzle_extrusion_normal_0940.jpg,train,train/images/nozzle_extrusion_normal_0960.jpg,否,6,0.906250,0.909505,否,,,
394,train,train/images/nozzle_no_extrusion_0471.jpg,train,train/images/nozzle_no_extrusion_0480.jpg,否,2,0.968750,0.908893,否,,,
395,val,val/images/nozzle_no_extrusion_0759.jpg,val,val/images/nozzle_no_extrusion_0764.jpg,否,0,1.000000,0.908728,否,,,
396,train,train/images/nozzle_no_extrusion_0876.jpg,train,train/images/nozzle_no_extrusion_0880.jpg,否,0,1.000000,0.908720,否,,,
397,train,train/images/nozzle_no_extrusion_0196.jpg,train,train/images/nozzle_no_extrusion_0246.jpg,否,2,0.968750,0.908694,否,,,
398,test,test/images/nozzle_no_extrusion_0629.jpg,test,test/images/nozzle_no_extrusion_0631.jpg,否,2,0.968750,0.908539,否,,,
399,train,train/images/nozzle_no_extrusion_0221.jpg,train,train/images/nozzle_no_extrusion_0344.jpg,否,2,0.968750,0.908292,否,,,
400,train,train/images/nozzle_no_extrusion_0460.jpg,train,train/images/nozzle_no_extrusion_0468.jpg,否,0,1.000000,0.907966,否,,,
401,train,train/images/nozzle_no_extrusion_0457.jpg,train,train/images/nozzle_no_extrusion_0470.jpg,否,2,0.968750,0.907934,否,,,
402,train,train/images/nozzle_tip_wrapped_0289.jpg,train,train/images/nozzle_tip_wrapped_0294.jpg,否,4,0.937500,0.907873,否,,,
403,train,train/images/nozzle_no_extrusion_0169.jpg,train,train/images/nozzle_no_extrusion_0351.jpg,否,2,0.968750,0.907779,否,,,
404,train,train/images/nozzle_no_extrusion_0189.jpg,train,train/images/nozzle_no_extrusion_0297.jpg,否,4,0.937500,0.907724,否,,,
405,test,test/images/nozzle_no_extrusion_0484.jpg,test,test/images/nozzle_no_extrusion_0492.jpg,否,0,1.000000,0.907609,否,,,
406,val,val/images/nozzle_extrusion_normal_0194.jpg,val,val/images/nozzle_extrusion_normal_0220.jpg,否,4,0.937500,0.907454,否,,,
407,train,train/images/nozzle_no_extrusion_0026.jpg,train,train/images/nozzle_no_extrusion_0087.jpg,否,2,0.968750,0.907257,否,,,
408,train,train/images/nozzle_no_extrusion_0256.jpg,train,train/images/nozzle_no_extrusion_0372.jpg,否,0,1.000000,0.907063,否,,,
409,train,train/images/nozzle_tip_wrapped_0289.jpg,train,train/images/nozzle_tip_wrapped_0291.jpg,否,4,0.937500,0.906838,否,,,
410,train,train/images/nozzle_no_extrusion_0445.jpg,train,train/images/nozzle_no_extrusion_0455.jpg,否,2,0.968750,0.906773,否,,,
411,train,train/images/nozzle_no_extrusion_0294.jpg,train,train/images/nozzle_no_extrusion_0326.jpg,否,6,0.906250,0.906598,否,,,
412,train,train/images/nozzle_no_extrusion_0214.jpg,train,train/images/nozzle_no_extrusion_0255.jpg,否,0,1.000000,0.906489,否,,,
413,train,train/images/nozzle_no_extrusion_0021.jpg,train,train/images/nozzle_no_extrusion_0036.jpg,否,2,0.968750,0.906390,否,,,
414,train,train/images/nozzle_no_extrusion_0209.jpg,train,train/images/nozzle_no_extrusion_0363.jpg,否,2,0.968750,0.906231,否,,,
415,test,test/images/nozzle_tip_wrapped_0109.jpg,test,test/images/nozzle_tip_wrapped_0110.jpg,否,6,0.906250,0.906027,否,,,
416,train,train/images/nozzle_no_extrusion_0568.jpg,train,train/images/nozzle_no_extrusion_0573.jpg,否,2,0.968750,0.906019,否,,,
417,train,train/images/nozzle_no_extrusion_0252.jpg,train,train/images/nozzle_no_extrusion_0289.jpg,否,0,1.000000,0.905971,否,,,
418,val,val/images/nozzle_tip_wrapped_0238.jpg,val,val/images/nozzle_tip_wrapped_0239.jpg,否,2,0.968750,0.905945,否,,,
419,test,test/images/nozzle_tip_wrapped_0633.jpg,test,test/images/nozzle_tip_wrapped_0635.jpg,否,4,0.937500,0.905842,否,,,
420,train,train/images/nozzle_no_extrusion_0860.jpg,train,train/images/nozzle_no_extrusion_0871.jpg,否,2,0.968750,0.905806,否,,,
421,train,train/images/nozzle_tip_wrapped_0290.jpg,train,train/images/nozzle_tip_wrapped_0291.jpg,否,6,0.906250,0.905720,否,,,
422,train,train/images/nozzle_tip_wrapped_0180.jpg,train,train/images/nozzle_tip_wrapped_0192.jpg,否,6,0.906250,0.905515,否,,,
423,train,train/images/nozzle_no_extrusion_0150.jpg,train,train/images/nozzle_no_extrusion_0908.jpg,否,2,0.968750,0.905482,否,,,
424,train,train/images/nozzle_no_extrusion_0153.jpg,train,train/images/nozzle_no_extrusion_0905.jpg,否,0,1.000000,0.905174,否,,,
425,train,train/images/nozzle_no_extrusion_0229.jpg,train,train/images/nozzle_no_extrusion_0297.jpg,否,4,0.937500,0.905120,否,,,
426,train,train/images/nozzle_extrusion_normal_0881.jpg,train,train/images/nozzle_extrusion_normal_0902.jpg,否,2,0.968750,0.905042,否,,,
427,train,train/images/nozzle_no_extrusion_0344.jpg,train,train/images/nozzle_no_extrusion_0375.jpg,否,0,1.000000,0.904889,否,,,
428,train,train/images/nozzle_no_extrusion_0295.jpg,train,train/images/nozzle_no_extrusion_0325.jpg,否,4,0.937500,0.904765,否,,,
429,train,train/images/nozzle_no_extrusion_0325.jpg,train,train/images/nozzle_no_extrusion_0372.jpg,否,0,1.000000,0.904658,否,,,
430,train,train/images/nozzle_no_extrusion_0294.jpg,train,train/images/nozzle_no_extrusion_0371.jpg,否,4,0.937500,0.904549,否,,,
431,train,train/images/nozzle_no_extrusion_0485.jpg,train,train/images/nozzle_no_extrusion_0491.jpg,否,0,1.000000,0.904493,否,,,
432,train,train/images/nozzle_tip_wrapped_0107.jpg,train,train/images/nozzle_tip_wrapped_0108.jpg,否,4,0.937500,0.904216,否,,,
433,train,train/images/nozzle_no_extrusion_0246.jpg,train,train/images/nozzle_no_extrusion_0308.jpg,否,0,1.000000,0.904149,否,,,
434,train,train/images/nozzle_tip_wrapped_0419.jpg,train,train/images/nozzle_tip_wrapped_0420.jpg,否,4,0.937500,0.903853,否,,,
435,train,train/images/nozzle_no_extrusion_0184.jpg,train,train/images/nozzle_no_extrusion_0261.jpg,否,2,0.968750,0.903748,否,,,
436,test,test/images/nozzle_extrusion_normal_1186.jpg,test,test/images/nozzle_extrusion_normal_1214.jpg,否,4,0.937500,0.903649,否,,,
437,val,val/images/nozzle_tip_wrapped_1069.jpg,val,val/images/nozzle_tip_wrapped_1082.jpg,否,2,0.968750,0.903531,否,,,
438,train,train/images/nozzle_no_extrusion_0230.jpg,train,train/images/nozzle_no_extrusion_0383.jpg,否,6,0.906250,0.903154,否,,,
439,train,train/images/nozzle_extrusion_normal_1184.jpg,train,train/images/nozzle_extrusion_normal_1212.jpg,否,4,0.937500,0.903031,否,,,
440,train,train/images/nozzle_tip_wrapped_0048.jpg,train,train/images/nozzle_tip_wrapped_0049.jpg,否,6,0.906250,0.902972,否,,,
441,train,train/images/nozzle_no_extrusion_0213.jpg,train,train/images/nozzle_no_extrusion_0294.jpg,否,6,0.906250,0.902695,否,,,
442,val,val/images/nozzle_tip_wrapped_0208.jpg,val,val/images/nozzle_tip_wrapped_0210.jpg,否,6,0.906250,0.902687,否,,,
443,train,train/images/nozzle_extrusion_normal_1164.jpg,train,train/images/nozzle_extrusion_normal_1190.jpg,否,6,0.906250,0.902657,否,,,
444,test,test/images/nozzle_tip_wrapped_0236.jpg,test,test/images/nozzle_tip_wrapped_0237.jpg,否,4,0.937500,0.902553,否,,,
445,train,train/images/nozzle_tip_wrapped_0052.jpg,train,train/images/nozzle_tip_wrapped_0053.jpg,否,2,0.968750,0.902502,否,,,
446,train,train/images/nozzle_no_extrusion_0751.jpg,train,train/images/nozzle_no_extrusion_0755.jpg,否,0,1.000000,0.902475,否,,,
447,train,train/images/nozzle_extrusion_normal_1047.jpg,train,train/images/nozzle_extrusion_normal_1091.jpg,否,4,0.937500,0.902377,否,,,
448,train,train/images/nozzle_tip_wrapped_0051.jpg,train,train/images/nozzle_tip_wrapped_0052.jpg,否,4,0.937500,0.902172,否,,,
449,test,test/images/nozzle_tip_wrapped_1219.jpg,test,test/images/nozzle_tip_wrapped_1231.jpg,否,4,0.937500,0.901960,否,,,
450,val,val/images/nozzle_no_extrusion_0661.jpg,val,val/images/nozzle_no_extrusion_0665.jpg,否,2,0.968750,0.901289,否,,,
451,train,train/images/nozzle_no_extrusion_0286.jpg,train,train/images/nozzle_no_extrusion_0365.jpg,否,2,0.968750,0.901031,否,,,
452,train,train/images/nozzle_no_extrusion_0221.jpg,train,train/images/nozzle_no_extrusion_0297.jpg,否,2,0.968750,0.900992,否,,,
453,train,train/images/nozzle_no_extrusion_0172.jpg,train,train/images/nozzle_no_extrusion_0294.jpg,否,4,0.937500,0.900969,否,,,
454,train,train/images/nozzle_no_extrusion_0257.jpg,train,train/images/nozzle_no_extrusion_0373.jpg,否,4,0.937500,0.900736,否,,,
455,test,test/images/nozzle_no_extrusion_0570.jpg,test,test/images/nozzle_no_extrusion_0571.jpg,否,4,0.937500,0.900682,否,,,
456,train,train/images/nozzle_no_extrusion_0076.jpg,train,train/images/nozzle_no_extrusion_0077.jpg,否,2,0.968750,0.900653,否,,,
457,test,test/images/nozzle_no_extrusion_0580.jpg,test,test/images/nozzle_no_extrusion_0581.jpg,否,0,1.000000,0.900518,否,,,
458,val,val/images/nozzle_extrusion_normal_0847.jpg,val,val/images/nozzle_extrusion_normal_0864.jpg,否,4,0.937500,0.900429,否,,,
459,train,train/images/nozzle_tip_wrapped_0204.jpg,train,train/images/nozzle_tip_wrapped_0205.jpg,否,4,0.937500,0.900216,否,,,
460,train,train/images/nozzle_no_extrusion_0062.jpg,train,train/images/nozzle_no_extrusion_0074.jpg,否,2,0.968750,0.900105,否,,,
461,train,train/images/nozzle_extrusion_normal_0953.jpg,train,train/images/nozzle_extrusion_normal_0974.jpg,否,2,0.968750,0.898992,否,,,
462,train,train/images/nozzle_no_extrusion_0153.jpg,train,train/images/nozzle_no_extrusion_0156.jpg,否,0,1.000000,0.898973,否,,,
463,test,test/images/nozzle_no_extrusion_0770.jpg,test,test/images/nozzle_no_extrusion_0772.jpg,否,2,0.968750,0.898670,否,,,
464,train,train/images/nozzle_no_extrusion_0183.jpg,train,train/images/nozzle_no_extrusion_0264.jpg,否,4,0.937500,0.898535,否,,,
465,val,val/images/nozzle_tip_wrapped_0087.jpg,val,val/images/nozzle_tip_wrapped_0088.jpg,否,4,0.937500,0.898531,否,,,
466,val,val/images/nozzle_no_extrusion_0862.jpg,val,val/images/nozzle_no_extrusion_0868.jpg,否,0,1.000000,0.898354,否,,,
467,test,test/images/nozzle_no_extrusion_0662.jpg,test,test/images/nozzle_no_extrusion_0664.jpg,否,2,0.968750,0.898288,否,,,
468,train,train/images/nozzle_extrusion_normal_0484.jpg,train,train/images/nozzle_extrusion_normal_0527.jpg,否,0,1.000000,0.898032,否,,,
469,train,train/images/nozzle_no_extrusion_0207.jpg,train,train/images/nozzle_no_extrusion_0282.jpg,否,2,0.968750,0.897567,否,,,
470,train,train/images/nozzle_no_extrusion_0249.jpg,train,train/images/nozzle_no_extrusion_0285.jpg,否,2,0.968750,0.897279,否,,,
471,train,train/images/nozzle_extrusion_normal_0960.jpg,train,train/images/nozzle_extrusion_normal_0981.jpg,否,6,0.906250,0.897249,否,,,
472,test,test/images/nozzle_extrusion_normal_0848.jpg,test,test/images/nozzle_extrusion_normal_0865.jpg,否,2,0.968750,0.897227,否,,,
473,train,train/images/nozzle_no_extrusion_0220.jpg,train,train/images/nozzle_no_extrusion_0373.jpg,否,4,0.937500,0.896486,否,,,
474,train,train/images/nozzle_tip_wrapped_0303.jpg,train,train/images/nozzle_tip_wrapped_0310.jpg,否,6,0.906250,0.896464,否,,,
475,train,train/images/nozzle_tip_wrapped_0226.jpg,train,train/images/nozzle_tip_wrapped_0227.jpg,否,4,0.937500,0.896381,否,,,
476,train,train/images/nozzle_no_extrusion_0363.jpg,train,train/images/nozzle_no_extrusion_0423.jpg,否,2,0.968750,0.896251,否,,,
477,train,train/images/nozzle_no_extrusion_0345.jpg,train,train/images/nozzle_no_extrusion_0383.jpg,否,2,0.968750,0.896207,否,,,
478,train,train/images/nozzle_extrusion_normal_0825.jpg,train,train/images/nozzle_extrusion_normal_0843.jpg,否,6,0.906250,0.896083,否,,,
479,train,train/images/nozzle_extrusion_normal_0483.jpg,train,train/images/nozzle_extrusion_normal_0526.jpg,否,4,0.937500,0.896017,否,,,
480,train,train/images/nozzle_tip_wrapped_0299.jpg,train,train/images/nozzle_tip_wrapped_0300.jpg,否,4,0.937500,0.895989,否,,,
481,train,train/images/nozzle_extrusion_normal_0365.jpg,train,train/images/nozzle_extrusion_normal_0405.jpg,否,2,0.968750,0.895861,否,,,
482,train,train/images/nozzle_extrusion_normal_0329.jpg,train,train/images/nozzle_extrusion_normal_0365.jpg,否,2,0.968750,0.895720,否,,,
483,test,test/images/nozzle_tip_wrapped_1060.jpg,test,test/images/nozzle_tip_wrapped_1073.jpg,否,4,0.937500,0.895603,否,,,
484,train,train/images/nozzle_extrusion_normal_1187.jpg,train,train/images/nozzle_extrusion_normal_1215.jpg,否,4,0.937500,0.895591,否,,,
485,train,train/images/nozzle_extrusion_normal_0328.jpg,train,train/images/nozzle_extrusion_normal_0364.jpg,否,2,0.968750,0.895548,否,,,
486,train,train/images/nozzle_no_extrusion_0414.jpg,train,train/images/nozzle_no_extrusion_0422.jpg,否,0,1.000000,0.895437,否,,,
487,test,test/images/nozzle_tip_wrapped_1059.jpg,test,test/images/nozzle_tip_wrapped_1072.jpg,否,6,0.906250,0.895358,否,,,
488,train,train/images/nozzle_no_extrusion_0088.jpg,train,train/images/nozzle_no_extrusion_0089.jpg,否,0,1.000000,0.895314,否,,,
489,train,train/images/nozzle_no_extrusion_0079.jpg,train,train/images/nozzle_no_extrusion_0090.jpg,否,2,0.968750,0.894957,否,,,
490,train,train/images/nozzle_extrusion_normal_1201.jpg,train,train/images/nozzle_extrusion_normal_1229.jpg,否,6,0.906250,0.894917,否,,,
491,train,train/images/nozzle_no_extrusion_0179.jpg,train,train/images/nozzle_no_extrusion_0255.jpg,否,2,0.968750,0.894706,否,,,
492,train,train/images/nozzle_tip_wrapped_0301.jpg,train,train/images/nozzle_tip_wrapped_0302.jpg,否,2,0.968750,0.894595,否,,,
493,train,train/images/nozzle_tip_wrapped_0083.jpg,train,train/images/nozzle_tip_wrapped_0084.jpg,否,2,0.968750,0.894296,否,,,
494,train,train/images/nozzle_tip_wrapped_0225.jpg,train,train/images/nozzle_tip_wrapped_0226.jpg,否,6,0.906250,0.894235,否,,,
495,train,train/images/nozzle_no_extrusion_0307.jpg,train,train/images/nozzle_no_extrusion_0348.jpg,否,2,0.968750,0.893776,否,,,
496,train,train/images/nozzle_tip_wrapped_0293.jpg,train,train/images/nozzle_tip_wrapped_0294.jpg,否,4,0.937500,0.893669,否,,,
497,test,test/images/nozzle_tip_wrapped_0489.jpg,test,test/images/nozzle_tip_wrapped_0491.jpg,否,6,0.906250,0.893641,否,,,
498,train,train/images/nozzle_extrusion_normal_0364.jpg,train,train/images/nozzle_extrusion_normal_0404.jpg,否,2,0.968750,0.893612,否,,,
499,train,train/images/nozzle_tip_wrapped_0069.jpg,train,train/images/nozzle_tip_wrapped_0071.jpg,否,0,1.000000,0.893443,否,,,
500,train,train/images/nozzle_tip_wrapped_0228.jpg,train,train/images/nozzle_tip_wrapped_0229.jpg,否,2,0.968750,0.893361,否,,,
501,train,train/images/nozzle_tip_wrapped_0101.jpg,train,train/images/nozzle_tip_wrapped_0102.jpg,否,4,0.937500,0.893033,否,,,
502,train,train/images/nozzle_tip_wrapped_0291.jpg,train,train/images/nozzle_tip_wrapped_0292.jpg,否,4,0.937500,0.893019,否,,,
503,val,val/images/nozzle_extrusion_normal_0824.jpg,val,val/images/nozzle_extrusion_normal_0842.jpg,否,4,0.937500,0.892896,否,,,
504,train,train/images/nozzle_no_extrusion_0191.jpg,train,train/images/nozzle_no_extrusion_0231.jpg,否,2,0.968750,0.892681,否,,,
505,train,train/images/nozzle_no_extrusion_0225.jpg,train,train/images/nozzle_no_extrusion_0378.jpg,否,2,0.968750,0.892674,否,,,
506,train,train/images/nozzle_extrusion_normal_1258.jpg,train,train/images/nozzle_extrusion_normal_1285.jpg,否,4,0.937500,0.892415,否,,,
507,train,train/images/nozzle_extrusion_normal_0486.jpg,train,train/images/nozzle_extrusion_normal_0529.jpg,否,2,0.968750,0.892369,否,,,
508,train,train/images/nozzle_tip_wrapped_0292.jpg,train,train/images/nozzle_tip_wrapped_0293.jpg,否,6,0.906250,0.892167,否,,,
509,train,train/images/nozzle_no_extrusion_0079.jpg,train,train/images/nozzle_no_extrusion_0089.jpg,否,4,0.937500,0.892114,否,,,
510,test,test/images/nozzle_no_extrusion_0435.jpg,test,test/images/nozzle_no_extrusion_0441.jpg,否,2,0.968750,0.892102,否,,,
511,val,val/images/nozzle_no_extrusion_0393.jpg,val,val/images/nozzle_no_extrusion_0399.jpg,否,0,1.000000,0.892098,否,,,
512,train,train/images/nozzle_no_extrusion_0042.jpg,train,train/images/nozzle_no_extrusion_0055.jpg,否,0,1.000000,0.892092,否,,,
513,train,train/images/nozzle_tip_wrapped_0053.jpg,train,train/images/nozzle_tip_wrapped_0054.jpg,否,4,0.937500,0.892084,否,,,
514,train,train/images/nozzle_tip_wrapped_0637.jpg,train,train/images/nozzle_tip_wrapped_0639.jpg,否,4,0.937500,0.892017,否,,,
515,train,train/images/nozzle_extrusion_normal_1139.jpg,train,train/images/nozzle_extrusion_normal_1164.jpg,否,4,0.937500,0.891952,否,,,
516,train,train/images/nozzle_no_extrusion_0221.jpg,train,train/images/nozzle_no_extrusion_0337.jpg,否,2,0.968750,0.891801,否,,,
517,test,test/images/nozzle_no_extrusion_0539.jpg,test,test/images/nozzle_no_extrusion_0547.jpg,否,2,0.968750,0.891734,否,,,
518,train,train/images/nozzle_no_extrusion_0204.jpg,train,train/images/nozzle_no_extrusion_0239.jpg,否,2,0.968750,0.891665,否,,,
519,train,train/images/nozzle_tip_wrapped_0290.jpg,train,train/images/nozzle_tip_wrapped_0293.jpg,否,6,0.906250,0.891615,否,,,
520,val,val/images/nozzle_tip_wrapped_0207.jpg,val,val/images/nozzle_tip_wrapped_0208.jpg,否,4,0.937500,0.891604,否,,,
521,val,val/images/nozzle_no_extrusion_0598.jpg,val,val/images/nozzle_no_extrusion_0600.jpg,否,2,0.968750,0.891562,否,,,
522,train,train/images/nozzle_tip_wrapped_0296.jpg,train,train/images/nozzle_tip_wrapped_0297.jpg,否,2,0.968750,0.891400,否,,,
523,train,train/images/nozzle_no_extrusion_0423.jpg,train,train/images/nozzle_no_extrusion_0548.jpg,否,2,0.968750,0.891374,否,,,
524,train,train/images/nozzle_no_extrusion_0206.jpg,train,train/images/nozzle_no_extrusion_0281.jpg,否,2,0.968750,0.891178,否,,,
525,train,train/images/nozzle_no_extrusion_0190.jpg,train,train/images/nozzle_no_extrusion_0383.jpg,否,6,0.906250,0.891150,否,,,
526,train,train/images/nozzle_no_extrusion_0809.jpg,train,train/images/nozzle_no_extrusion_0815.jpg,否,0,1.000000,0.890953,否,,,
527,val,val/images/nozzle_tip_wrapped_0240.jpg,val,val/images/nozzle_tip_wrapped_0241.jpg,否,4,0.937500,0.890773,否,,,
528,train,train/images/nozzle_no_extrusion_0800.jpg,train,train/images/nozzle_no_extrusion_0806.jpg,否,2,0.968750,0.890772,否,,,
529,train,train/images/nozzle_no_extrusion_0043.jpg,train,train/images/nozzle_no_extrusion_0054.jpg,否,4,0.937500,0.890657,否,,,
530,train,train/images/nozzle_no_extrusion_0182.jpg,train,train/images/nozzle_no_extrusion_0344.jpg,否,2,0.968750,0.890514,否,,,
531,val,val/images/nozzle_no_extrusion_0428.jpg,val,val/images/nozzle_no_extrusion_0429.jpg,否,0,1.000000,0.890174,否,,,
532,train,train/images/nozzle_tip_wrapped_0300.jpg,train,train/images/nozzle_tip_wrapped_0301.jpg,否,6,0.906250,0.890168,否,,,
533,train,train/images/nozzle_no_extrusion_0177.jpg,train,train/images/nozzle_no_extrusion_0215.jpg,否,2,0.968750,0.890053,否,,,
534,train,train/images/nozzle_no_extrusion_0048.jpg,train,train/images/nozzle_no_extrusion_0049.jpg,否,4,0.937500,0.889761,否,,,
535,test,test/images/nozzle_tip_wrapped_0328.jpg,test,test/images/nozzle_tip_wrapped_0329.jpg,否,6,0.906250,0.889735,否,,,
536,train,train/images/nozzle_no_extrusion_0231.jpg,train,train/images/nozzle_no_extrusion_0816.jpg,否,2,0.968750,0.889667,否,,,
537,train,train/images/nozzle_no_extrusion_0158.jpg,train,train/images/nozzle_no_extrusion_0387.jpg,否,0,1.000000,0.889652,否,,,
538,train,train/images/nozzle_extrusion_normal_0944.jpg,train,train/images/nozzle_extrusion_normal_0964.jpg,否,4,0.937500,0.889583,否,,,
539,train,train/images/nozzle_no_extrusion_0201.jpg,train,train/images/nozzle_no_extrusion_0354.jpg,否,0,1.000000,0.889521,否,,,
540,train,train/images/nozzle_tip_wrapped_0093.jpg,train,train/images/nozzle_tip_wrapped_0094.jpg,否,2,0.968750,0.889354,否,,,
541,train,train/images/nozzle_no_extrusion_0255.jpg,train,train/images/nozzle_no_extrusion_0327.jpg,否,4,0.937500,0.889295,否,,,
542,val,val/images/nozzle_tip_wrapped_0239.jpg,val,val/images/nozzle_tip_wrapped_0240.jpg,否,4,0.937500,0.889189,否,,,
543,train,train/images/nozzle_extrusion_normal_0956.jpg,train,train/images/nozzle_extrusion_normal_0977.jpg,否,4,0.937500,0.889016,否,,,
544,train,train/images/nozzle_extrusion_normal_0363.jpg,train,train/images/nozzle_extrusion_normal_0403.jpg,否,4,0.937500,0.889005,否,,,
545,train,train/images/nozzle_no_extrusion_0230.jpg,train,train/images/nozzle_no_extrusion_0266.jpg,否,6,0.906250,0.888860,否,,,
546,test,test/images/nozzle_tip_wrapped_0110.jpg,test,test/images/nozzle_tip_wrapped_0111.jpg,否,4,0.937500,0.888828,否,,,
547,train,train/images/nozzle_no_extrusion_0363.jpg,train,train/images/nozzle_no_extrusion_0548.jpg,否,2,0.968750,0.888658,否,,,
548,train,train/images/nozzle_no_extrusion_0558.jpg,train,train/images/nozzle_no_extrusion_0758.jpg,否,4,0.937500,0.888423,否,,,
549,train,train/images/nozzle_no_extrusion_0818.jpg,train,train/images/nozzle_no_extrusion_0821.jpg,否,2,0.968750,0.888369,否,,,
550,train,train/images/nozzle_no_extrusion_0177.jpg,train,train/images/nozzle_no_extrusion_0216.jpg,否,2,0.968750,0.888297,否,,,
551,train,train/images/nozzle_no_extrusion_0063.jpg,train,train/images/nozzle_no_extrusion_0073.jpg,否,2,0.968750,0.888282,否,,,
552,val,val/images/nozzle_tip_wrapped_1070.jpg,val,val/images/nozzle_tip_wrapped_1083.jpg,否,6,0.906250,0.888053,否,,,
553,train,train/images/nozzle_no_extrusion_0157.jpg,train,train/images/nozzle_no_extrusion_0889.jpg,否,2,0.968750,0.887936,否,,,
554,train,train/images/nozzle_extrusion_normal_0976.jpg,train,train/images/nozzle_extrusion_normal_0997.jpg,否,6,0.906250,0.887928,否,,,
555,train,train/images/nozzle_no_extrusion_0783.jpg,train,train/images/nozzle_no_extrusion_0788.jpg,否,0,1.000000,0.887908,否,,,
556,train,train/images/nozzle_extrusion_normal_0795.jpg,train,train/images/nozzle_extrusion_normal_0812.jpg,否,2,0.968750,0.887806,否,,,
557,val,val/images/nozzle_tip_wrapped_0475.jpg,val,val/images/nozzle_tip_wrapped_0476.jpg,否,4,0.937500,0.887801,否,,,
558,train,train/images/nozzle_extrusion_normal_0780.jpg,train,train/images/nozzle_extrusion_normal_0795.jpg,否,2,0.968750,0.887528,否,,,
559,train,train/images/nozzle_tip_wrapped_0291.jpg,train,train/images/nozzle_tip_wrapped_0298.jpg,否,6,0.906250,0.887449,否,,,
560,val,val/images/nozzle_no_extrusion_0175.jpg,val,val/images/nozzle_no_extrusion_0176.jpg,否,2,0.968750,0.887310,否,,,
561,train,train/images/nozzle_tip_wrapped_0073.jpg,train,train/images/nozzle_tip_wrapped_0074.jpg,否,6,0.906250,0.887258,否,,,
562,train,train/images/nozzle_tip_wrapped_0094.jpg,train,train/images/nozzle_tip_wrapped_0095.jpg,否,2,0.968750,0.887197,否,,,
563,train,train/images/nozzle_no_extrusion_0485.jpg,train,train/images/nozzle_no_extrusion_0490.jpg,否,2,0.968750,0.887189,否,,,
564,train,train/images/nozzle_tip_wrapped_0276.jpg,train,train/images/nozzle_tip_wrapped_0277.jpg,否,6,0.906250,0.887044,否,,,
565,train,train/images/nozzle_no_extrusion_0044.jpg,train,train/images/nozzle_no_extrusion_0053.jpg,否,2,0.968750,0.886788,否,,,
566,train,train/images/nozzle_extrusion_normal_1092.jpg,train,train/images/nozzle_extrusion_normal_1139.jpg,否,6,0.906250,0.886545,否,,,
567,train,train/images/nozzle_no_extrusion_0201.jpg,train,train/images/nozzle_no_extrusion_0278.jpg,否,0,1.000000,0.886500,否,,,
568,train,train/images/nozzle_no_extrusion_0232.jpg,train,train/images/nozzle_no_extrusion_0306.jpg,否,2,0.968750,0.886295,否,,,
569,train,train/images/nozzle_no_extrusion_0240.jpg,train,train/images/nozzle_no_extrusion_0355.jpg,否,2,0.968750,0.886269,否,,,
570,train,train/images/nozzle_tip_wrapped_0330.jpg,train,train/images/nozzle_tip_wrapped_0331.jpg,否,6,0.906250,0.886215,否,,,
571,train,train/images/nozzle_no_extrusion_0446.jpg,train,train/images/nozzle_no_extrusion_0453.jpg,否,0,1.000000,0.886068,否,,,
572,val,val/images/nozzle_extrusion_normal_0959.jpg,val,val/images/nozzle_extrusion_normal_0980.jpg,否,4,0.937500,0.885946,否,,,
573,train,train/images/nozzle_tip_wrapped_0272.jpg,train,train/images/nozzle_tip_wrapped_0273.jpg,否,6,0.906250,0.885913,否,,,
574,train,train/images/nozzle_no_extrusion_0268.jpg,train,train/images/nozzle_no_extrusion_0306.jpg,否,2,0.968750,0.885809,否,,,
575,train,train/images/nozzle_no_extrusion_0462.jpg,train,train/images/nozzle_no_extrusion_0467.jpg,否,0,1.000000,0.885786,否,,,
576,train,train/images/nozzle_extrusion_normal_1091.jpg,train,train/images/nozzle_extrusion_normal_1163.jpg,否,6,0.906250,0.885663,否,,,
577,train,train/images/nozzle_tip_wrapped_0096.jpg,train,train/images/nozzle_tip_wrapped_0097.jpg,否,2,0.968750,0.885608,否,,,
578,train,train/images/nozzle_tip_wrapped_0289.jpg,train,train/images/nozzle_tip_wrapped_0293.jpg,否,4,0.937500,0.885271,否,,,
579,val,val/images/nozzle_extrusion_normal_1089.jpg,val,val/images/nozzle_extrusion_normal_1136.jpg,否,4,0.937500,0.885249,否,,,
580,train,train/images/nozzle_extrusion_normal_0205.jpg,train,train/images/nozzle_extrusion_normal_0232.jpg,否,6,0.906250,0.885108,否,,,
581,train,train/images/nozzle_extrusion_normal_1091.jpg,train,train/images/nozzle_extrusion_normal_1138.jpg,否,4,0.937500,0.885016,否,,,
582,train,train/images/nozzle_extrusion_normal_0944.jpg,train,train/images/nozzle_extrusion_normal_0985.jpg,否,6,0.906250,0.884947,否,,,
583,train,train/images/nozzle_no_extrusion_0472.jpg,train,train/images/nozzle_no_extrusion_0479.jpg,否,0,1.000000,0.884807,否,,,
584,train,train/images/nozzle_tip_wrapped_0050.jpg,train,train/images/nozzle_tip_wrapped_0051.jpg,否,4,0.937500,0.884699,否,,,
585,train,train/images/nozzle_no_extrusion_0232.jpg,train,train/images/nozzle_no_extrusion_0268.jpg,否,0,1.000000,0.884335,否,,,
586,train,train/images/nozzle_no_extrusion_0210.jpg,train,train/images/nozzle_no_extrusion_0285.jpg,否,4,0.937500,0.884298,否,,,
587,train,train/images/nozzle_tip_wrapped_0291.jpg,train,train/images/nozzle_tip_wrapped_0294.jpg,否,2,0.968750,0.883865,否,,,
588,train,train/images/nozzle_no_extrusion_0211.jpg,train,train/images/nozzle_no_extrusion_0286.jpg,否,6,0.906250,0.883712,否,,,
589,val,val/images/nozzle_no_extrusion_0487.jpg,val,val/images/nozzle_no_extrusion_0489.jpg,否,0,1.000000,0.883667,否,,,
590,train,train/images/nozzle_extrusion_normal_1312.jpg,train,train/images/nozzle_extrusion_normal_1338.jpg,否,6,0.906250,0.883606,否,,,
591,train,train/images/nozzle_no_extrusion_0660.jpg,train,train/images/nozzle_no_extrusion_0667.jpg,否,0,1.000000,0.883374,否,,,
592,train,train/images/nozzle_no_extrusion_0264.jpg,train,train/images/nozzle_no_extrusion_0380.jpg,否,4,0.937500,0.883311,否,,,
593,train,train/images/nozzle_no_extrusion_0519.jpg,train,train/images/nozzle_no_extrusion_0529.jpg,否,2,0.968750,0.883243,否,,,
594,train,train/images/nozzle_tip_wrapped_0085.jpg,train,train/images/nozzle_tip_wrapped_0086.jpg,否,4,0.937500,0.883234,否,,,
595,test,test/images/nozzle_heavy_contamination_0011.jpg,test,test/images/nozzle_tip_wrapped_0038.jpg,否,6,0.906250,0.883121,否,,,
596,train,train/images/nozzle_no_extrusion_0217.jpg,train,train/images/nozzle_no_extrusion_0366.jpg,否,2,0.968750,0.883000,否,,,
597,train,train/images/nozzle_extrusion_normal_1162.jpg,train,train/images/nozzle_extrusion_normal_1187.jpg,否,4,0.937500,0.882871,否,,,
598,train,train/images/nozzle_tip_wrapped_0074.jpg,train,train/images/nozzle_tip_wrapped_0075.jpg,否,2,0.968750,0.882782,否,,,
599,train,train/images/nozzle_extrusion_normal_0961.jpg,train,train/images/nozzle_extrusion_normal_0982.jpg,否,4,0.937500,0.882716,否,,,
600,train,train/images/nozzle_extrusion_normal_0293.jpg,train,train/images/nozzle_extrusion_normal_0326.jpg,否,0,1.000000,0.882624,否,,,
601,train,train/images/nozzle_no_extrusion_0064.jpg,train,train/images/nozzle_no_extrusion_0072.jpg,否,0,1.000000,0.882540,否,,,
602,train,train/images/nozzle_no_extrusion_0150.jpg,train,train/images/nozzle_no_extrusion_0887.jpg,否,4,0.937500,0.882404,否,,,
603,train,train/images/nozzle_extrusion_normal_0426.jpg,train,train/images/nozzle_extrusion_normal_0466.jpg,否,6,0.906250,0.882342,否,,,
604,train,train/images/nozzle_no_extrusion_0151.jpg,train,train/images/nozzle_no_extrusion_0888.jpg,否,0,1.000000,0.882320,否,,,
605,train,train/images/nozzle_extrusion_normal_0762.jpg,train,train/images/nozzle_extrusion_normal_0779.jpg,否,6,0.906250,0.882204,否,,,
606,train,train/images/nozzle_tip_wrapped_0301.jpg,train,train/images/nozzle_tip_wrapped_0303.jpg,否,6,0.906250,0.882123,否,,,
607,train,train/images/nozzle_tip_wrapped_1064.jpg,train,train/images/nozzle_tip_wrapped_1077.jpg,否,6,0.906250,0.882091,否,,,
608,val,val/images/nozzle_extrusion_normal_1177.jpg,val,val/images/nozzle_extrusion_normal_1204.jpg,否,4,0.937500,0.882087,否,,,
609,train,train/images/nozzle_no_extrusion_0249.jpg,train,train/images/nozzle_no_extrusion_0323.jpg,否,4,0.937500,0.882036,否,,,
610,train,train/images/nozzle_tip_wrapped_0092.jpg,train,train/images/nozzle_tip_wrapped_0093.jpg,否,6,0.906250,0.881920,否,,,
611,train,train/images/nozzle_no_extrusion_0323.jpg,train,train/images/nozzle_no_extrusion_0750.jpg,否,2,0.968750,0.881919,否,,,
612,train,train/images/nozzle_extrusion_normal_1259.jpg,train,train/images/nozzle_extrusion_normal_1286.jpg,否,6,0.906250,0.881913,否,,,
613,train,train/images/nozzle_extrusion_normal_0883.jpg,train,train/images/nozzle_extrusion_normal_0904.jpg,否,6,0.906250,0.881911,否,,,
614,train,train/images/nozzle_tip_wrapped_1273.jpg,train,train/images/nozzle_tip_wrapped_1285.jpg,否,4,0.937500,0.881869,否,,,
615,test,test/images/nozzle_tip_wrapped_0409.jpg,test,test/images/nozzle_tip_wrapped_0410.jpg,否,2,0.968750,0.881850,否,,,
616,train,train/images/nozzle_no_extrusion_0285.jpg,train,train/images/nozzle_no_extrusion_0323.jpg,否,4,0.937500,0.881812,否,,,
617,train,train/images/nozzle_no_extrusion_0165.jpg,train,train/images/nozzle_no_extrusion_0203.jpg,否,2,0.968750,0.881648,否,,,
618,train,train/images/nozzle_extrusion_normal_0833.jpg,train,train/images/nozzle_extrusion_normal_0852.jpg,否,2,0.968750,0.881599,否,,,
619,train,train/images/nozzle_no_extrusion_0210.jpg,train,train/images/nozzle_no_extrusion_0249.jpg,否,2,0.968750,0.881587,否,,,
620,train,train/images/nozzle_no_extrusion_0265.jpg,train,train/images/nozzle_no_extrusion_0297.jpg,否,0,1.000000,0.881492,否,,,
621,train,train/images/nozzle_no_extrusion_0156.jpg,train,train/images/nozzle_no_extrusion_0890.jpg,否,2,0.968750,0.881478,否,,,
622,train,train/images/nozzle_extrusion_normal_1033.jpg,train,train/images/nozzle_extrusion_normal_1055.jpg,否,6,0.906250,0.881380,否,,,
623,test,test/images/nozzle_no_extrusion_0717.jpg,test,test/images/nozzle_no_extrusion_0721.jpg,否,0,1.000000,0.881302,否,,,
624,train,train/images/nozzle_extrusion_normal_0303.jpg,train,train/images/nozzle_extrusion_normal_0336.jpg,否,4,0.937500,0.881181,否,,,
625,train,train/images/nozzle_no_extrusion_0062.jpg,train,train/images/nozzle_no_extrusion_0073.jpg,否,4,0.937500,0.881179,否,,,
626,train,train/images/nozzle_tip_wrapped_0301.jpg,train,train/images/nozzle_tip_wrapped_0304.jpg,否,6,0.906250,0.881040,否,,,
627,train,train/images/nozzle_no_extrusion_0232.jpg,train,train/images/nozzle_no_extrusion_0385.jpg,否,2,0.968750,0.880991,否,,,
628,train,train/images/nozzle_tip_wrapped_0448.jpg,train,train/images/nozzle_tip_wrapped_0449.jpg,否,6,0.906250,0.880817,否,,,
629,train,train/images/nozzle_extrusion_normal_1202.jpg,train,train/images/nozzle_extrusion_normal_1258.jpg,否,6,0.906250,0.880732,否,,,
630,train,train/images/nozzle_no_extrusion_0206.jpg,train,train/images/nozzle_no_extrusion_0236.jpg,否,2,0.968750,0.880678,否,,,
631,train,train/images/nozzle_tip_wrapped_0054.jpg,train,train/images/nozzle_tip_wrapped_0055.jpg,否,2,0.968750,0.880617,否,,,
632,train,train/images/nozzle_no_extrusion_0265.jpg,train,train/images/nozzle_no_extrusion_0382.jpg,否,2,0.968750,0.880527,否,,,
633,train,train/images/nozzle_extrusion_normal_0391.jpg,train,train/images/nozzle_extrusion_normal_0431.jpg,否,4,0.937500,0.880462,否,,,
634,train,train/images/nozzle_no_extrusion_0061.jpg,train,train/images/nozzle_no_extrusion_0074.jpg,否,2,0.968750,0.880368,否,,,
635,train,train/images/nozzle_extrusion_normal_0556.jpg,train,train/images/nozzle_extrusion_normal_0598.jpg,否,2,0.968750,0.880287,否,,,
636,train,train/images/nozzle_no_extrusion_0285.jpg,train,train/images/nozzle_no_extrusion_0750.jpg,否,4,0.937500,0.880252,否,,,
637,train,train/images/nozzle_no_extrusion_0181.jpg,train,train/images/nozzle_no_extrusion_0297.jpg,否,6,0.906250,0.880146,否,,,
638,train,train/images/nozzle_extrusion_normal_0958.jpg,train,train/images/nozzle_extrusion_normal_0979.jpg,否,6,0.906250,0.880089,否,,,
639,train,train/images/nozzle_extrusion_normal_0977.jpg,train,train/images/nozzle_extrusion_normal_0998.jpg,否,4,0.937500,0.880068,否,,,
640,val,val/images/nozzle_tip_wrapped_0442.jpg,val,val/images/nozzle_tip_wrapped_0443.jpg,否,6,0.906250,0.880012,否,,,
641,train,train/images/nozzle_extrusion_normal_1070.jpg,train,train/images/nozzle_extrusion_normal_1139.jpg,否,4,0.937500,0.879832,否,,,
642,test,test/images/nozzle_tip_wrapped_0019.jpg,test,test/images/nozzle_tip_wrapped_0023.jpg,否,6,0.906250,0.879684,否,,,
643,train,train/images/nozzle_extrusion_normal_1076.jpg,train,train/images/nozzle_extrusion_normal_1122.jpg,否,6,0.906250,0.879532,否,,,
644,val,val/images/nozzle_tip_wrapped_0477.jpg,val,val/images/nozzle_tip_wrapped_0478.jpg,否,6,0.906250,0.879518,否,,,
645,train,train/images/nozzle_extrusion_normal_1028.jpg,train,train/images/nozzle_extrusion_normal_1070.jpg,否,4,0.937500,0.879472,否,,,
646,train,train/images/nozzle_no_extrusion_0153.jpg,train,train/images/nozzle_no_extrusion_0891.jpg,否,0,1.000000,0.879376,否,,,
647,train,train/images/nozzle_tip_wrapped_0105.jpg,train,train/images/nozzle_tip_wrapped_0106.jpg,否,6,0.906250,0.879253,否,,,
648,train,train/images/nozzle_no_extrusion_0305.jpg,train,train/images/nozzle_no_extrusion_0384.jpg,否,2,0.968750,0.879247,否,,,
649,train,train/images/nozzle_no_extrusion_0161.jpg,train,train/images/nozzle_no_extrusion_0309.jpg,否,2,0.968750,0.879145,否,,,
650,train,train/images/nozzle_no_extrusion_0154.jpg,train,train/images/nozzle_no_extrusion_0904.jpg,否,2,0.968750,0.879040,否,,,
651,train,train/images/nozzle_extrusion_normal_1149.jpg,train,train/images/nozzle_extrusion_normal_1202.jpg,否,2,0.968750,0.878727,否,,,
652,train,train/images/nozzle_tip_wrapped_0081.jpg,train,train/images/nozzle_tip_wrapped_0082.jpg,否,4,0.937500,0.878686,否,,,
653,train,train/images/nozzle_tip_wrapped_0069.jpg,train,train/images/nozzle_tip_wrapped_0070.jpg,否,6,0.906250,0.878627,否,,,
654,train,train/images/nozzle_no_extrusion_0872.jpg,train,train/images/nozzle_no_extrusion_0885.jpg,否,2,0.968750,0.878613,否,,,
655,test,test/images/nozzle_tip_wrapped_1062.jpg,test,test/images/nozzle_tip_wrapped_1075.jpg,否,2,0.968750,0.878459,否,,,
656,train,train/images/nozzle_no_extrusion_0249.jpg,train,train/images/nozzle_no_extrusion_0758.jpg,否,4,0.937500,0.878447,否,,,
657,train,train/images/nozzle_extrusion_normal_0349.jpg,train,train/images/nozzle_extrusion_normal_0387.jpg,否,4,0.937500,0.878446,否,,,
658,train,train/images/nozzle_tip_wrapped_0289.jpg,train,train/images/nozzle_tip_wrapped_0296.jpg,否,4,0.937500,0.878387,否,,,
659,train,train/images/nozzle_no_extrusion_0286.jpg,train,train/images/nozzle_no_extrusion_0324.jpg,否,4,0.937500,0.878325,否,,,
660,train,train/images/nozzle_tip_wrapped_0084.jpg,train,train/images/nozzle_tip_wrapped_0085.jpg,否,2,0.968750,0.878224,否,,,
661,train,train/images/nozzle_no_extrusion_0182.jpg,train,train/images/nozzle_no_extrusion_0222.jpg,否,0,1.000000,0.878067,否,,,
662,train,train/images/nozzle_no_extrusion_0851.jpg,train,train/images/nozzle_no_extrusion_0855.jpg,否,0,1.000000,0.877961,否,,,
663,train,train/images/nozzle_extrusion_normal_0849.jpg,train,train/images/nozzle_extrusion_normal_0866.jpg,否,2,0.968750,0.877939,否,,,
664,train,train/images/nozzle_no_extrusion_0190.jpg,train,train/images/nozzle_no_extrusion_0266.jpg,否,6,0.906250,0.877708,否,,,
665,train,train/images/nozzle_tip_wrapped_0273.jpg,train,train/images/nozzle_tip_wrapped_0274.jpg,否,6,0.906250,0.877666,否,,,
666,train,train/images/nozzle_no_extrusion_0848.jpg,train,train/images/nozzle_no_extrusion_0857.jpg,否,2,0.968750,0.877621,否,,,
667,train,train/images/nozzle_no_extrusion_0036.jpg,train,train/images/nozzle_no_extrusion_0076.jpg,否,2,0.968750,0.877602,否,,,
668,train,train/images/nozzle_tip_wrapped_0191.jpg,train,train/images/nozzle_tip_wrapped_0192.jpg,否,6,0.906250,0.877539,否,,,
669,test,test/images/nozzle_extrusion_normal_0090.jpg,test,test/images/nozzle_extrusion_normal_0108.jpg,否,2,0.968750,0.877437,否,,,
670,train,train/images/nozzle_no_extrusion_0209.jpg,train,train/images/nozzle_no_extrusion_0548.jpg,否,4,0.937500,0.877375,否,,,
671,train,train/images/nozzle_extrusion_normal_0986.jpg,train,train/images/nozzle_extrusion_normal_1006.jpg,否,6,0.906250,0.877348,否,,,
672,train,train/images/nozzle_extrusion_normal_1175.jpg,train,train/images/nozzle_extrusion_normal_1202.jpg,否,4,0.937500,0.877280,否,,,
673,val,val/images/nozzle_no_extrusion_0587.jpg,val,val/images/nozzle_no_extrusion_0592.jpg,否,0,1.000000,0.877219,否,,,
674,val,val/images/nozzle_extrusion_normal_0389.jpg,val,val/images/nozzle_extrusion_normal_0429.jpg,否,2,0.968750,0.877077,否,,,
675,train,train/images/nozzle_extrusion_normal_1117.jpg,train,train/images/nozzle_extrusion_normal_1140.jpg,否,0,1.000000,0.876974,否,,,
676,val,val/images/nozzle_no_extrusion_0661.jpg,val,val/images/nozzle_no_extrusion_0666.jpg,否,0,1.000000,0.876810,否,,,
677,test,test/images/nozzle_extrusion_normal_0345.jpg,test,test/images/nozzle_extrusion_normal_0382.jpg,否,4,0.937500,0.876631,否,,,
678,train,train/images/nozzle_extrusion_normal_0409.jpg,train,train/images/nozzle_extrusion_normal_0448.jpg,否,4,0.937500,0.876597,否,,,
679,train,train/images/nozzle_extrusion_normal_1147.jpg,train,train/images/nozzle_extrusion_normal_1148.jpg,否,6,0.906250,0.876575,否,,,
680,train,train/images/nozzle_extrusion_normal_1159.jpg,train,train/images/nozzle_extrusion_normal_1184.jpg,否,2,0.968750,0.876396,否,,,
681,train,train/images/nozzle_extrusion_normal_0390.jpg,train,train/images/nozzle_extrusion_normal_0430.jpg,否,4,0.937500,0.876396,否,,,
682,train,train/images/nozzle_extrusion_normal_0562.jpg,train,train/images/nozzle_extrusion_normal_0605.jpg,否,0,1.000000,0.876341,否,,,
683,train,train/images/nozzle_extrusion_normal_0351.jpg,train,train/images/nozzle_extrusion_normal_0391.jpg,否,6,0.906250,0.876265,否,,,
684,train,train/images/nozzle_no_extrusion_0306.jpg,train,train/images/nozzle_no_extrusion_0385.jpg,否,4,0.937500,0.876264,否,,,
685,train,train/images/nozzle_tip_wrapped_0371.jpg,train,train/images/nozzle_tip_wrapped_0379.jpg,否,6,0.906250,0.876204,否,,,
686,train,train/images/nozzle_extrusion_normal_0336.jpg,train,train/images/nozzle_extrusion_normal_0372.jpg,否,4,0.937500,0.876161,否,,,
687,val,val/images/nozzle_no_extrusion_0598.jpg,val,val/images/nozzle_no_extrusion_0599.jpg,否,2,0.968750,0.876108,否,,,
688,train,train/images/nozzle_no_extrusion_0239.jpg,train,train/images/nozzle_no_extrusion_0354.jpg,否,0,1.000000,0.876099,否,,,
689,train,train/images/nozzle_no_extrusion_0456.jpg,train,train/images/nozzle_no_extrusion_0613.jpg,否,2,0.968750,0.876093,否,,,
690,train,train/images/nozzle_no_extrusion_0456.jpg,train,train/images/nozzle_no_extrusion_0835.jpg,否,4,0.937500,0.876087,否,,,
691,train,train/images/nozzle_tip_wrapped_0305.jpg,train,train/images/nozzle_tip_wrapped_0307.jpg,否,4,0.937500,0.876024,否,,,
692,train,train/images/nozzle_no_extrusion_0269.jpg,train,train/images/nozzle_no_extrusion_0307.jpg,否,2,0.968750,0.875979,否,,,
693,train,train/images/nozzle_tip_wrapped_0289.jpg,train,train/images/nozzle_tip_wrapped_0290.jpg,否,4,0.937500,0.875858,否,,,
694,train,train/images/nozzle_tip_wrapped_0303.jpg,train,train/images/nozzle_tip_wrapped_0304.jpg,否,0,1.000000,0.875849,否,,,
695,val,val/images/nozzle_no_extrusion_0833.jpg,val,val/images/nozzle_no_extrusion_0834.jpg,否,2,0.968750,0.875836,否,,,
696,train,train/images/nozzle_tip_wrapped_0590.jpg,train,train/images/nozzle_tip_wrapped_0592.jpg,否,4,0.937500,0.875812,否,,,
697,val,val/images/nozzle_tip_wrapped_1082.jpg,val,val/images/nozzle_tip_wrapped_1094.jpg,否,4,0.937500,0.875772,否,,,
698,train,train/images/nozzle_no_extrusion_0155.jpg,train,train/images/nozzle_no_extrusion_0390.jpg,否,4,0.937500,0.875705,否,,,
699,val,val/images/nozzle_no_extrusion_0037.jpg,val,val/images/nozzle_no_extrusion_0092.jpg,否,6,0.906250,0.875692,否,,,
700,val,val/images/nozzle_no_extrusion_0862.jpg,val,val/images/nozzle_no_extrusion_0869.jpg,否,0,1.000000,0.875637,否,,,
701,val,val/images/nozzle_extrusion_normal_1151.jpg,val,val/images/nozzle_extrusion_normal_1177.jpg,否,4,0.937500,0.875636,否,,,
702,train,train/images/nozzle_extrusion_normal_1199.jpg,train,train/images/nozzle_extrusion_normal_1228.jpg,否,4,0.937500,0.875619,否,,,
703,train,train/images/nozzle_tip_wrapped_0996.jpg,train,train/images/nozzle_tip_wrapped_0997.jpg,否,2,0.968750,0.875580,否,,,
704,train,train/images/nozzle_extrusion_normal_1140.jpg,train,train/images/nozzle_extrusion_normal_1165.jpg,否,2,0.968750,0.875510,否,,,
705,test,test/images/nozzle_no_extrusion_0801.jpg,test,test/images/nozzle_no_extrusion_0805.jpg,否,0,1.000000,0.875417,否,,,
706,train,train/images/nozzle_no_extrusion_0251.jpg,train,train/images/nozzle_no_extrusion_0252.jpg,否,2,0.968750,0.875332,否,,,
707,train,train/images/nozzle_extrusion_normal_1009.jpg,train,train/images/nozzle_extrusion_normal_1030.jpg,否,4,0.937500,0.875321,否,,,
708,train,train/images/nozzle_tip_wrapped_0106.jpg,train,train/images/nozzle_tip_wrapped_0107.jpg,否,4,0.937500,0.875262,否,,,
709,train,train/images/nozzle_tip_wrapped_0203.jpg,train,train/images/nozzle_tip_wrapped_0204.jpg,否,4,0.937500,0.875178,否,,,
710,train,train/images/nozzle_extrusion_normal_0448.jpg,train,train/images/nozzle_extrusion_normal_0489.jpg,否,4,0.937500,0.875131,否,,,
711,train,train/images/nozzle_tip_wrapped_0232.jpg,train,train/images/nozzle_tip_wrapped_0233.jpg,否,6,0.906250,0.875085,否,,,
712,train,train/images/nozzle_extrusion_normal_0327.jpg,train,train/images/nozzle_extrusion_normal_0363.jpg,否,2,0.968750,0.875054,否,,,
713,val,val/images/nozzle_extrusion_normal_0366.jpg,val,val/images/nozzle_extrusion_normal_0406.jpg,否,6,0.906250,0.874977,否,,,
714,train,train/images/nozzle_extrusion_normal_0267.jpg,train,train/images/nozzle_extrusion_normal_0298.jpg,否,4,0.937500,0.874918,否,,,
715,train,train/images/nozzle_tip_wrapped_0213.jpg,train,train/images/nozzle_tip_wrapped_0214.jpg,否,6,0.906250,0.874914,否,,,
716,train,train/images/nozzle_extrusion_normal_0862.jpg,train,train/images/nozzle_extrusion_normal_0880.jpg,否,6,0.906250,0.874911,否,,,
717,train,train/images/nozzle_extrusion_normal_1030.jpg,train,train/images/nozzle_extrusion_normal_1050.jpg,否,4,0.937500,0.874896,否,,,
718,train,train/images/nozzle_extrusion_normal_1174.jpg,train,train/images/nozzle_extrusion_normal_1229.jpg,否,6,0.906250,0.874860,否,,,
719,val,val/images/nozzle_extrusion_normal_1183.jpg,val,val/images/nozzle_extrusion_normal_1211.jpg,否,2,0.968750,0.874810,否,,,
720,train,train/images/nozzle_no_extrusion_0013.jpg,train,train/images/nozzle_no_extrusion_0069.jpg,否,2,0.968750,0.874756,否,,,
721,train,train/images/nozzle_no_extrusion_0154.jpg,train,train/images/nozzle_no_extrusion_0155.jpg,否,2,0.968750,0.874746,否,,,
722,val,val/images/nozzle_extrusion_normal_0963.jpg,val,val/images/nozzle_extrusion_normal_0984.jpg,否,4,0.937500,0.874703,否,,,
723,train,train/images/nozzle_no_extrusion_0157.jpg,train,train/images/nozzle_no_extrusion_0388.jpg,否,2,0.968750,0.874686,否,,,
724,train,train/images/nozzle_tip_wrapped_0144.jpg,train,train/images/nozzle_tip_wrapped_0145.jpg,否,4,0.937500,0.874673,否,,,
725,train,train/images/nozzle_extrusion_normal_1019.jpg,train,train/images/nozzle_extrusion_normal_1040.jpg,否,6,0.906250,0.874658,否,,,
726,train,train/images/nozzle_no_extrusion_0828.jpg,train,train/images/nozzle_no_extrusion_0830.jpg,否,2,0.968750,0.874602,否,,,
727,train,train/images/nozzle_tip_wrapped_0227.jpg,train,train/images/nozzle_tip_wrapped_0228.jpg,否,4,0.937500,0.874583,否,,,
728,train,train/images/nozzle_no_extrusion_0474.jpg,train,train/images/nozzle_no_extrusion_0478.jpg,否,2,0.968750,0.874548,否,,,
729,train,train/images/nozzle_tip_wrapped_1051.jpg,train,train/images/nozzle_tip_wrapped_1064.jpg,否,6,0.906250,0.874515,否,,,
730,train,train/images/nozzle_no_extrusion_0323.jpg,train,train/images/nozzle_no_extrusion_0758.jpg,否,2,0.968750,0.874477,否,,,
731,train,train/images/nozzle_no_extrusion_0742.jpg,train,train/images/nozzle_no_extrusion_0747.jpg,否,0,1.000000,0.874401,否,,,
732,train,train/images/nozzle_extrusion_normal_1090.jpg,train,train/images/nozzle_extrusion_normal_1137.jpg,否,6,0.906250,0.874381,否,,,
733,train,train/images/nozzle_tip_wrapped_1227.jpg,train,train/images/nozzle_tip_wrapped_1238.jpg,否,2,0.968750,0.874285,否,,,
734,val,val/images/nozzle_extrusion_normal_0427.jpg,val,val/images/nozzle_extrusion_normal_0467.jpg,否,6,0.906250,0.874282,否,,,
735,train,train/images/nozzle_no_extrusion_0228.jpg,train,train/images/nozzle_no_extrusion_0265.jpg,否,0,1.000000,0.874151,否,,,
736,test,test/images/nozzle_extrusion_normal_1391.jpg,test,test/images/nozzle_extrusion_normal_1414.jpg,否,4,0.937500,0.874142,否,,,
737,val,val/images/nozzle_extrusion_normal_0371.jpg,val,val/images/nozzle_extrusion_normal_0411.jpg,否,2,0.968750,0.874142,否,,,
738,train,train/images/nozzle_extrusion_normal_1123.jpg,train,train/images/nozzle_extrusion_normal_1147.jpg,否,6,0.906250,0.874074,否,,,
739,train,train/images/nozzle_no_extrusion_0204.jpg,train,train/images/nozzle_no_extrusion_0279.jpg,否,2,0.968750,0.874056,否,,,
740,train,train/images/nozzle_no_extrusion_0384.jpg,train,train/images/nozzle_no_extrusion_0454.jpg,否,2,0.968750,0.873980,否,,,
741,train,train/images/nozzle_extrusion_normal_1138.jpg,train,train/images/nozzle_extrusion_normal_1163.jpg,否,6,0.906250,0.873973,否,,,
742,train,train/images/nozzle_extrusion_normal_1267.jpg,train,train/images/nozzle_extrusion_normal_1294.jpg,否,4,0.937500,0.873955,否,,,
743,train,train/images/nozzle_extrusion_normal_1174.jpg,train,train/images/nozzle_extrusion_normal_1200.jpg,否,4,0.937500,0.873764,否,,,
744,train,train/images/nozzle_no_extrusion_0285.jpg,train,train/images/nozzle_no_extrusion_0758.jpg,否,2,0.968750,0.873606,否,,,
745,train,train/images/nozzle_extrusion_normal_0555.jpg,train,train/images/nozzle_extrusion_normal_0597.jpg,否,4,0.937500,0.873577,否,,,
746,train,train/images/nozzle_tip_wrapped_0223.jpg,train,train/images/nozzle_tip_wrapped_0224.jpg,否,4,0.937500,0.873324,否,,,
747,train,train/images/nozzle_extrusion_normal_1099.jpg,train,train/images/nozzle_extrusion_normal_1123.jpg,否,4,0.937500,0.873280,否,,,
748,train,train/images/nozzle_no_extrusion_0210.jpg,train,train/images/nozzle_no_extrusion_0558.jpg,否,2,0.968750,0.873256,否,,,
749,train,train/images/nozzle_extrusion_normal_0809.jpg,train,train/images/nozzle_extrusion_normal_0825.jpg,否,2,0.968750,0.873181,否,,,
750,val,val/images/nozzle_extrusion_normal_0978.jpg,val,val/images/nozzle_extrusion_normal_0999.jpg,否,6,0.906250,0.873087,否,,,
751,train,train/images/nozzle_extrusion_normal_1092.jpg,train,train/images/nozzle_extrusion_normal_1164.jpg,否,4,0.937500,0.873012,否,,,
752,train,train/images/nozzle_no_extrusion_0063.jpg,train,train/images/nozzle_no_extrusion_0072.jpg,否,2,0.968750,0.872966,否,,,
753,train,train/images/nozzle_no_extrusion_0210.jpg,train,train/images/nozzle_no_extrusion_0750.jpg,否,2,0.968750,0.872913,否,,,
754,val,val/images/nozzle_extrusion_normal_0136.jpg,val,val/images/nozzle_extrusion_normal_0179.jpg,否,6,0.906250,0.872797,否,,,
755,train,train/images/nozzle_extrusion_normal_0367.jpg,train,train/images/nozzle_extrusion_normal_0407.jpg,否,6,0.906250,0.872756,否,,,
756,train,train/images/nozzle_tip_wrapped_0077.jpg,train,train/images/nozzle_tip_wrapped_0080.jpg,否,4,0.937500,0.872755,否,,,
757,test,test/images/nozzle_no_extrusion_0135.jpg,test,test/images/nozzle_no_extrusion_0136.jpg,否,4,0.937500,0.872677,否,,,
758,train,train/images/nozzle_no_extrusion_0240.jpg,train,train/images/nozzle_no_extrusion_0241.jpg,否,2,0.968750,0.872617,否,,,
759,train,train/images/nozzle_no_extrusion_0897.jpg,train,train/images/nozzle_no_extrusion_0907.jpg,否,2,0.968750,0.872569,否,,,
760,train,train/images/nozzle_no_extrusion_0323.jpg,train,train/images/nozzle_no_extrusion_0558.jpg,否,2,0.968750,0.872523,否,,,
761,train,train/images/nozzle_extrusion_normal_0956.jpg,train,train/images/nozzle_extrusion_normal_0979.jpg,否,6,0.906250,0.872522,否,,,
762,train,train/images/nozzle_extrusion_normal_0528.jpg,train,train/images/nozzle_extrusion_normal_0571.jpg,否,2,0.968750,0.872511,否,,,
763,train,train/images/nozzle_tip_wrapped_1281.jpg,train,train/images/nozzle_tip_wrapped_1291.jpg,否,4,0.937500,0.872503,否,,,
764,val,val/images/nozzle_extrusion_normal_0931.jpg,val,val/images/nozzle_extrusion_normal_0949.jpg,否,0,1.000000,0.872366,否,,,
765,train,train/images/nozzle_extrusion_normal_1026.jpg,train,train/images/nozzle_extrusion_normal_1068.jpg,否,6,0.906250,0.872238,否,,,
766,train,train/images/nozzle_extrusion_normal_1148.jpg,train,train/images/nozzle_extrusion_normal_1174.jpg,否,2,0.968750,0.872226,否,,,
767,train,train/images/nozzle_extrusion_normal_0357.jpg,train,train/images/nozzle_extrusion_normal_0397.jpg,否,2,0.968750,0.872142,否,,,
768,train,train/images/nozzle_tip_wrapped_0297.jpg,train,train/images/nozzle_tip_wrapped_0298.jpg,否,4,0.937500,0.872117,否,,,
769,val,val/images/nozzle_tip_wrapped_0166.jpg,val,val/images/nozzle_tip_wrapped_0168.jpg,否,6,0.906250,0.872004,否,,,
770,train,train/images/nozzle_extrusion_normal_0407.jpg,train,train/images/nozzle_extrusion_normal_0446.jpg,否,2,0.968750,0.871978,否,,,
771,train,train/images/nozzle_extrusion_normal_0204.jpg,train,train/images/nozzle_extrusion_normal_0230.jpg,否,6,0.906250,0.871880,否,,,
772,train,train/images/nozzle_extrusion_normal_0763.jpg,train,train/images/nozzle_extrusion_normal_0780.jpg,否,4,0.937500,0.871762,否,,,
773,train,train/images/nozzle_no_extrusion_0222.jpg,train,train/images/nozzle_no_extrusion_0375.jpg,否,2,0.968750,0.871723,否,,,
774,train,train/images/nozzle_no_extrusion_0210.jpg,train,train/images/nozzle_no_extrusion_0758.jpg,否,4,0.937500,0.871683,否,,,
775,test,test/images/nozzle_no_extrusion_0577.jpg,test,test/images/nozzle_no_extrusion_0583.jpg,否,2,0.968750,0.871667,否,,,
776,train,train/images/nozzle_extrusion_normal_1099.jpg,train,train/images/nozzle_extrusion_normal_1124.jpg,否,6,0.906250,0.871586,否,,,
777,train,train/images/nozzle_extrusion_normal_0951.jpg,train,train/images/nozzle_extrusion_normal_0972.jpg,否,6,0.906250,0.871559,否,,,
778,train,train/images/nozzle_no_extrusion_0222.jpg,train,train/images/nozzle_no_extrusion_0260.jpg,否,4,0.937500,0.871524,否,,,
779,train,train/images/nozzle_extrusion_normal_0177.jpg,train,train/images/nozzle_extrusion_normal_0201.jpg,否,2,0.968750,0.871513,否,,,
780,train,train/images/nozzle_no_extrusion_0205.jpg,train,train/images/nozzle_no_extrusion_0237.jpg,否,2,0.968750,0.871473,否,,,
781,train,train/images/nozzle_tip_wrapped_0269.jpg,train,train/images/nozzle_tip_wrapped_0270.jpg,否,6,0.906250,0.871393,否,,,
782,train,train/images/nozzle_extrusion_normal_1229.jpg,train,train/images/nozzle_extrusion_normal_1256.jpg,否,4,0.937500,0.871358,否,,,
783,train,train/images/nozzle_extrusion_normal_1147.jpg,train,train/images/nozzle_extrusion_normal_1174.jpg,否,6,0.906250,0.871311,否,,,
784,test,test/images/nozzle_no_extrusion_0865.jpg,test,test/images/nozzle_no_extrusion_0866.jpg,否,0,1.000000,0.871311,否,,,
785,test,test/images/nozzle_no_extrusion_0777.jpg,test,test/images/nozzle_no_extrusion_0781.jpg,否,0,1.000000,0.871275,否,,,
786,train,train/images/nozzle_tip_wrapped_0068.jpg,train,train/images/nozzle_tip_wrapped_0069.jpg,否,4,0.937500,0.871260,否,,,
787,train,train/images/nozzle_extrusion_normal_0495.jpg,train,train/images/nozzle_extrusion_normal_0538.jpg,否,6,0.906250,0.871256,否,,,
788,train,train/images/nozzle_extrusion_normal_0466.jpg,train,train/images/nozzle_extrusion_normal_0508.jpg,否,4,0.937500,0.871242,否,,,
789,train,train/images/nozzle_extrusion_normal_0977.jpg,train,train/images/nozzle_extrusion_normal_1021.jpg,否,4,0.937500,0.871208,否,,,
790,train,train/images/nozzle_tip_wrapped_0082.jpg,train,train/images/nozzle_tip_wrapped_0083.jpg,否,6,0.906250,0.871195,否,,,
791,train,train/images/nozzle_no_extrusion_0257.jpg,train,train/images/nozzle_no_extrusion_0296.jpg,否,6,0.906250,0.871088,否,,,
792,train,train/images/nozzle_extrusion_normal_0852.jpg,train,train/images/nozzle_extrusion_normal_0869.jpg,否,4,0.937500,0.870992,否,,,
793,train,train/images/nozzle_extrusion_normal_1147.jpg,train,train/images/nozzle_extrusion_normal_1173.jpg,否,2,0.968750,0.870873,否,,,
794,train,train/images/nozzle_extrusion_normal_0469.jpg,train,train/images/nozzle_extrusion_normal_0555.jpg,否,6,0.906250,0.870873,否,,,
795,train,train/images/nozzle_extrusion_normal_1123.jpg,train,train/images/nozzle_extrusion_normal_1174.jpg,否,6,0.906250,0.870835,否,,,
796,train,train/images/nozzle_no_extrusion_0188.jpg,train,train/images/nozzle_no_extrusion_0221.jpg,否,2,0.968750,0.870640,否,,,
797,train,train/images/nozzle_extrusion_normal_0340.jpg,train,train/images/nozzle_extrusion_normal_0375.jpg,否,2,0.968750,0.870578,否,,,
798,val,val/images/nozzle_tip_wrapped_0497.jpg,val,val/images/nozzle_tip_wrapped_0498.jpg,否,6,0.906250,0.870549,否,,,
799,train,train/images/nozzle_no_extrusion_0384.jpg,train,train/images/nozzle_no_extrusion_0455.jpg,否,2,0.968750,0.870425,否,,,
800,train,train/images/nozzle_no_extrusion_0178.jpg,train,train/images/nozzle_no_extrusion_0217.jpg,否,2,0.968750,0.870401,否,,,
801,train,train/images/nozzle_extrusion_normal_0880.jpg,train,train/images/nozzle_extrusion_normal_0901.jpg,否,2,0.968750,0.870400,否,,,
802,train,train/images/nozzle_extrusion_normal_0388.jpg,train,train/images/nozzle_extrusion_normal_0428.jpg,否,2,0.968750,0.870265,否,,,
803,train,train/images/nozzle_no_extrusion_0750.jpg,train,train/images/nozzle_no_extrusion_0758.jpg,否,2,0.968750,0.870209,否,,,
804,train,train/images/nozzle_tip_wrapped_0454.jpg,train,train/images/nozzle_tip_wrapped_0455.jpg,否,6,0.906250,0.870185,否,,,
805,train,train/images/nozzle_extrusion_normal_1099.jpg,train,train/images/nozzle_extrusion_normal_1147.jpg,否,4,0.937500,0.870165,否,,,
806,train,train/images/nozzle_no_extrusion_0892.jpg,train,train/images/nozzle_no_extrusion_0893.jpg,否,0,1.000000,0.870161,否,,,
807,train,train/images/nozzle_tip_wrapped_0072.jpg,train,train/images/nozzle_tip_wrapped_0073.jpg,否,2,0.968750,0.870142,否,,,
808,train,train/images/nozzle_extrusion_normal_1068.jpg,train,train/images/nozzle_extrusion_normal_1187.jpg,否,6,0.906250,0.869994,否,,,
809,train,train/images/nozzle_extrusion_normal_0129.jpg,train,train/images/nozzle_extrusion_normal_0149.jpg,否,2,0.968750,0.869893,否,,,
810,train,train/images/nozzle_extrusion_normal_0846.jpg,train,train/images/nozzle_extrusion_normal_0863.jpg,否,4,0.937500,0.869866,否,,,
811,train,train/images/nozzle_extrusion_normal_0413.jpg,train,train/images/nozzle_extrusion_normal_0452.jpg,否,2,0.968750,0.869782,否,,,
812,train,train/images/nozzle_no_extrusion_0890.jpg,train,train/images/nozzle_no_extrusion_0905.jpg,否,2,0.968750,0.869551,否,,,
813,train,train/images/nozzle_no_extrusion_0174.jpg,train,train/images/nozzle_no_extrusion_0177.jpg,否,2,0.968750,0.869409,否,,,
814,train,train/images/nozzle_no_extrusion_0161.jpg,train,train/images/nozzle_no_extrusion_0351.jpg,否,2,0.968750,0.869386,否,,,
815,train,train/images/nozzle_extrusion_normal_0493.jpg,train,train/images/nozzle_extrusion_normal_0537.jpg,否,4,0.937500,0.869370,否,,,
816,train,train/images/nozzle_tip_wrapped_0270.jpg,train,train/images/nozzle_tip_wrapped_0271.jpg,否,4,0.937500,0.869365,否,,,
817,train,train/images/nozzle_extrusion_normal_0972.jpg,train,train/images/nozzle_extrusion_normal_0993.jpg,否,6,0.906250,0.869340,否,,,
818,train,train/images/nozzle_extrusion_normal_1005.jpg,train,train/images/nozzle_extrusion_normal_1026.jpg,否,6,0.906250,0.869327,否,,,
819,train,train/images/nozzle_extrusion_normal_1020.jpg,train,train/images/nozzle_extrusion_normal_1039.jpg,否,0,1.000000,0.869288,否,,,
820,train,train/images/nozzle_no_extrusion_0268.jpg,train,train/images/nozzle_no_extrusion_0385.jpg,否,2,0.968750,0.869256,否,,,
821,train,train/images/nozzle_tip_wrapped_0428.jpg,train,train/images/nozzle_tip_wrapped_0429.jpg,否,6,0.906250,0.869244,否,,,
822,train,train/images/nozzle_no_extrusion_0348.jpg,train,train/images/nozzle_no_extrusion_0872.jpg,否,6,0.906250,0.869029,否,,,
823,train,train/images/nozzle_tip_wrapped_0271.jpg,train,train/images/nozzle_tip_wrapped_0272.jpg,否,2,0.968750,0.869020,否,,,
824,train,train/images/nozzle_extrusion_normal_0351.jpg,train,train/images/nozzle_extrusion_normal_0431.jpg,否,4,0.937500,0.869017,否,,,
825,train,train/images/nozzle_extrusion_normal_0507.jpg,train,train/images/nozzle_extrusion_normal_0551.jpg,否,4,0.937500,0.868824,否,,,
826,train,train/images/nozzle_extrusion_normal_1028.jpg,train,train/images/nozzle_extrusion_normal_1092.jpg,否,4,0.937500,0.868809,否,,,
827,val,val/images/nozzle_tip_wrapped_0314.jpg,val,val/images/nozzle_tip_wrapped_0315.jpg,否,6,0.906250,0.868782,否,,,
828,val,val/images/nozzle_tip_wrapped_0207.jpg,val,val/images/nozzle_tip_wrapped_0211.jpg,否,6,0.906250,0.868698,否,,,
829,train,train/images/nozzle_no_extrusion_0285.jpg,train,train/images/nozzle_no_extrusion_0558.jpg,否,4,0.937500,0.868599,否,,,
830,train,train/images/nozzle_tip_wrapped_0555.jpg,train,train/images/nozzle_tip_wrapped_0556.jpg,否,6,0.906250,0.868582,否,,,
831,train,train/images/nozzle_extrusion_normal_0444.jpg,train,train/images/nozzle_extrusion_normal_0485.jpg,否,2,0.968750,0.868532,否,,,
832,val,val/images/nozzle_extrusion_normal_0184.jpg,val,val/images/nozzle_extrusion_normal_0209.jpg,否,4,0.937500,0.868527,否,,,
833,train,train/images/nozzle_no_extrusion_0223.jpg,train,train/images/nozzle_no_extrusion_0227.jpg,否,0,1.000000,0.868480,否,,,
834,train,train/images/nozzle_no_extrusion_0221.jpg,train,train/images/nozzle_no_extrusion_0259.jpg,否,2,0.968750,0.868463,否,,,
835,train,train/images/nozzle_no_extrusion_0181.jpg,train,train/images/nozzle_no_extrusion_0189.jpg,否,2,0.968750,0.868451,否,,,
836,train,train/images/nozzle_no_extrusion_0558.jpg,train,train/images/nozzle_no_extrusion_0594.jpg,否,4,0.937500,0.868444,否,,,
837,train,train/images/nozzle_extrusion_normal_1149.jpg,train,train/images/nozzle_extrusion_normal_1242.jpg,否,4,0.937500,0.868388,否,,,
838,train,train/images/nozzle_extrusion_normal_0826.jpg,train,train/images/nozzle_extrusion_normal_0844.jpg,否,0,1.000000,0.868379,否,,,
839,train,train/images/nozzle_extrusion_normal_0324.jpg,train,train/images/nozzle_extrusion_normal_0357.jpg,否,6,0.906250,0.868190,否,,,
840,train,train/images/nozzle_no_extrusion_0191.jpg,train,train/images/nozzle_no_extrusion_0816.jpg,否,2,0.968750,0.868074,否,,,
841,train,train/images/nozzle_extrusion_normal_1123.jpg,train,train/images/nozzle_extrusion_normal_1148.jpg,否,6,0.906250,0.868053,否,,,
842,train,train/images/nozzle_extrusion_normal_0563.jpg,train,train/images/nozzle_extrusion_normal_0606.jpg,否,2,0.968750,0.868035,否,,,
843,train,train/images/nozzle_no_extrusion_0282.jpg,train,train/images/nozzle_no_extrusion_0309.jpg,否,2,0.968750,0.868021,否,,,
844,train,train/images/nozzle_no_extrusion_0181.jpg,train,train/images/nozzle_no_extrusion_0229.jpg,否,2,0.968750,0.867794,否,,,
845,train,train/images/nozzle_extrusion_normal_0482.jpg,train,train/images/nozzle_extrusion_normal_0525.jpg,否,2,0.968750,0.867743,否,,,
846,test,test/images/nozzle_tip_wrapped_1053.jpg,test,test/images/nozzle_tip_wrapped_1057.jpg,否,6,0.906250,0.867742,否,,,
847,train,train/images/nozzle_no_extrusion_0280.jpg,train,train/images/nozzle_no_extrusion_0358.jpg,否,2,0.968750,0.867708,否,,,
848,val,val/images/nozzle_extrusion_normal_0352.jpg,val,val/images/nozzle_extrusion_normal_0392.jpg,否,2,0.968750,0.867654,否,,,
849,train,train/images/nozzle_extrusion_normal_1070.jpg,train,train/images/nozzle_extrusion_normal_1116.jpg,否,6,0.906250,0.867616,否,,,
850,val,val/images/nozzle_tip_wrapped_0166.jpg,val,val/images/nozzle_tip_wrapped_0169.jpg,否,4,0.937500,0.867602,否,,,
851,train,train/images/nozzle_extrusion_normal_1068.jpg,train,train/images/nozzle_extrusion_normal_1162.jpg,否,4,0.937500,0.867575,否,,,
852,test,test/images/nozzle_no_extrusion_0852.jpg,test,test/images/nozzle_no_extrusion_0854.jpg,否,2,0.968750,0.867555,否,,,
853,val,val/images/nozzle_extrusion_normal_0032.jpg,val,val/images/nozzle_extrusion_normal_0038.jpg,否,6,0.906250,0.867538,否,,,
854,train,train/images/nozzle_extrusion_normal_1137.jpg,train,train/images/nozzle_extrusion_normal_1188.jpg,否,6,0.906250,0.867526,否,,,
855,train,train/images/nozzle_tip_wrapped_0298.jpg,train,train/images/nozzle_tip_wrapped_0299.jpg,否,2,0.968750,0.867461,否,,,
856,train,train/images/nozzle_no_extrusion_0230.jpg,train,train/images/nozzle_no_extrusion_0345.jpg,否,4,0.937500,0.867435,否,,,
857,train,train/images/nozzle_extrusion_normal_0746.jpg,train,train/images/nozzle_extrusion_normal_0762.jpg,否,4,0.937500,0.867325,否,,,
858,val,val/images/nozzle_extrusion_normal_1178.jpg,val,val/images/nozzle_extrusion_normal_1205.jpg,否,4,0.937500,0.867216,否,,,
859,train,train/images/nozzle_no_extrusion_0256.jpg,train,train/images/nozzle_no_extrusion_0371.jpg,否,4,0.937500,0.867149,否,,,
860,train,train/images/nozzle_no_extrusion_0174.jpg,train,train/images/nozzle_no_extrusion_0366.jpg,否,2,0.968750,0.867095,否,,,
861,val,val/images/nozzle_extrusion_normal_0038.jpg,val,val/images/nozzle_extrusion_normal_0040.jpg,否,4,0.937500,0.867048,否,,,
862,train,train/images/nozzle_tip_wrapped_0302.jpg,train,train/images/nozzle_tip_wrapped_0303.jpg,否,6,0.906250,0.867045,否,,,
863,train,train/images/nozzle_no_extrusion_0558.jpg,train,train/images/nozzle_no_extrusion_0565.jpg,否,4,0.937500,0.866962,否,,,
864,train,train/images/nozzle_extrusion_normal_0989.jpg,train,train/images/nozzle_extrusion_normal_1009.jpg,否,4,0.937500,0.866953,否,,,
865,train,train/images/nozzle_extrusion_normal_1113.jpg,train,train/images/nozzle_extrusion_normal_1187.jpg,否,4,0.937500,0.866902,否,,,
866,train,train/images/nozzle_no_extrusion_0173.jpg,train,train/images/nozzle_no_extrusion_0217.jpg,否,0,1.000000,0.866860,否,,,
867,train,train/images/nozzle_extrusion_normal_0985.jpg,train,train/images/nozzle_extrusion_normal_1069.jpg,否,4,0.937500,0.866834,否,,,
868,train,train/images/nozzle_extrusion_normal_0801.jpg,train,train/images/nozzle_extrusion_normal_0817.jpg,否,6,0.906250,0.866817,否,,,
869,train,train/images/nozzle_extrusion_normal_0398.jpg,train,train/images/nozzle_extrusion_normal_0437.jpg,否,0,1.000000,0.866814,否,,,
870,train,train/images/nozzle_no_extrusion_0149.jpg,train,train/images/nozzle_no_extrusion_0909.jpg,否,4,0.937500,0.866784,否,,,
871,val,val/images/nozzle_extrusion_normal_0330.jpg,val,val/images/nozzle_extrusion_normal_0366.jpg,否,2,0.968750,0.866577,否,,,
872,train,train/images/nozzle_no_extrusion_0384.jpg,train,train/images/nozzle_no_extrusion_0558.jpg,否,4,0.937500,0.866479,否,,,
873,train,train/images/nozzle_tip_wrapped_0397.jpg,train,train/images/nozzle_tip_wrapped_0398.jpg,否,4,0.937500,0.866383,否,,,
874,test,test/images/nozzle_extrusion_normal_0450.jpg,test,test/images/nozzle_extrusion_normal_0492.jpg,否,2,0.968750,0.866323,否,,,
875,train,train/images/nozzle_extrusion_normal_1162.jpg,train,train/images/nozzle_extrusion_normal_1243.jpg,否,6,0.906250,0.866302,否,,,
876,train,train/images/nozzle_extrusion_normal_0386.jpg,train,train/images/nozzle_extrusion_normal_0466.jpg,否,4,0.937500,0.865981,否,,,
877,train,train/images/nozzle_no_extrusion_0268.jpg,train,train/images/nozzle_no_extrusion_0614.jpg,否,0,1.000000,0.865941,否,,,
878,val,val/images/nozzle_extrusion_normal_0761.jpg,val,val/images/nozzle_extrusion_normal_0777.jpg,否,4,0.937500,0.865939,否,,,
879,val,val/images/nozzle_extrusion_normal_0300.jpg,val,val/images/nozzle_extrusion_normal_0334.jpg,否,2,0.968750,0.865936,否,,,
880,train,train/images/nozzle_no_extrusion_0010.jpg,train,train/images/nozzle_no_extrusion_0013.jpg,否,2,0.968750,0.865897,否,,,
881,train,train/images/nozzle_extrusion_normal_0819.jpg,train,train/images/nozzle_extrusion_normal_0837.jpg,否,2,0.968750,0.865895,否,,,
882,train,train/images/nozzle_no_extrusion_0220.jpg,train,train/images/nozzle_no_extrusion_0296.jpg,否,6,0.906250,0.865895,否,,,
883,train,train/images/nozzle_extrusion_normal_0898.jpg,train,train/images/nozzle_extrusion_normal_0919.jpg,否,6,0.906250,0.865850,否,,,
884,train,train/images/nozzle_no_extrusion_0613.jpg,train,train/images/nozzle_no_extrusion_0835.jpg,否,2,0.968750,0.865810,否,,,
885,train,train/images/nozzle_tip_wrapped_0070.jpg,train,train/images/nozzle_tip_wrapped_0071.jpg,否,6,0.906250,0.865797,否,,,
886,train,train/images/nozzle_extrusion_normal_1033.jpg,train,train/images/nozzle_extrusion_normal_1077.jpg,否,4,0.937500,0.865794,否,,,
887,train,train/images/nozzle_extrusion_normal_0993.jpg,train,train/images/nozzle_extrusion_normal_1013.jpg,否,4,0.937500,0.865767,否,,,
888,train,train/images/nozzle_extrusion_normal_0306.jpg,train,train/images/nozzle_extrusion_normal_0339.jpg,否,4,0.937500,0.865716,否,,,
889,train,train/images/nozzle_no_extrusion_0267.jpg,train,train/images/nozzle_no_extrusion_0816.jpg,否,0,1.000000,0.865679,否,,,
890,train,train/images/nozzle_extrusion_normal_1165.jpg,train,train/images/nozzle_extrusion_normal_1191.jpg,否,4,0.937500,0.865616,否,,,
891,train,train/images/nozzle_tip_wrapped_0212.jpg,train,train/images/nozzle_tip_wrapped_0213.jpg,否,4,0.937500,0.865598,否,,,
892,train,train/images/nozzle_extrusion_normal_0356.jpg,train,train/images/nozzle_extrusion_normal_0396.jpg,否,2,0.968750,0.865554,否,,,
893,val,val/images/nozzle_extrusion_normal_0459.jpg,val,val/images/nozzle_extrusion_normal_0500.jpg,否,6,0.906250,0.865546,否,,,
894,val,val/images/nozzle_extrusion_normal_0116.jpg,val,val/images/nozzle_extrusion_normal_0136.jpg,否,6,0.906250,0.865501,否,,,
895,train,train/images/nozzle_tip_wrapped_0283.jpg,train,train/images/nozzle_tip_wrapped_0284.jpg,否,6,0.906250,0.865402,否,,,
896,train,train/images/nozzle_extrusion_normal_0533.jpg,train,train/images/nozzle_extrusion_normal_0576.jpg,否,2,0.968750,0.865379,否,,,
897,val,val/images/nozzle_extrusion_normal_0399.jpg,val,val/images/nozzle_extrusion_normal_0438.jpg,否,2,0.968750,0.865315,否,,,
898,train,train/images/nozzle_tip_wrapped_0191.jpg,train,train/images/nozzle_tip_wrapped_0193.jpg,否,6,0.906250,0.865309,否,,,
899,train,train/images/nozzle_no_extrusion_0249.jpg,train,train/images/nozzle_no_extrusion_0558.jpg,否,4,0.937500,0.865281,否,,,
900,train,train/images/nozzle_extrusion_normal_1162.jpg,train,train/images/nozzle_extrusion_normal_1215.jpg,否,4,0.937500,0.865231,否,,,
901,train,train/images/nozzle_extrusion_normal_0279.jpg,train,train/images/nozzle_extrusion_normal_0310.jpg,否,2,0.968750,0.865222,否,,,
902,train,train/images/nozzle_extrusion_normal_1173.jpg,train,train/images/nozzle_extrusion_normal_1200.jpg,否,6,0.906250,0.865193,否,,,
903,val,val/images/nozzle_tip_wrapped_1083.jpg,val,val/images/nozzle_tip_wrapped_1095.jpg,否,2,0.968750,0.865159,否,,,
904,train,train/images/nozzle_extrusion_normal_1125.jpg,train,train/images/nozzle_extrusion_normal_1149.jpg,否,6,0.906250,0.865154,否,,,
905,train,train/images/nozzle_no_extrusion_0558.jpg,train,train/images/nozzle_no_extrusion_0576.jpg,否,2,0.968750,0.865108,否,,,
906,train,train/images/nozzle_extrusion_normal_0374.jpg,train,train/images/nozzle_extrusion_normal_0414.jpg,否,6,0.906250,0.865007,否,,,
907,train,train/images/nozzle_no_extrusion_0211.jpg,train,train/images/nozzle_no_extrusion_0365.jpg,否,6,0.906250,0.864949,否,,,
908,train,train/images/nozzle_extrusion_normal_0941.jpg,train,train/images/nozzle_extrusion_normal_0961.jpg,否,2,0.968750,0.864931,否,,,
909,train,train/images/nozzle_tip_wrapped_0079.jpg,train,train/images/nozzle_tip_wrapped_0080.jpg,否,4,0.937500,0.864897,否,,,
910,train,train/images/nozzle_no_extrusion_0306.jpg,train,train/images/nozzle_no_extrusion_0457.jpg,否,2,0.968750,0.864849,否,,,
911,train,train/images/nozzle_tip_wrapped_0294.jpg,train,train/images/nozzle_tip_wrapped_0295.jpg,否,4,0.937500,0.864736,否,,,
912,train,train/images/nozzle_extrusion_normal_0348.jpg,train,train/images/nozzle_extrusion_normal_0426.jpg,否,4,0.937500,0.864695,否,,,
913,train,train/images/nozzle_extrusion_normal_1215.jpg,train,train/images/nozzle_extrusion_normal_1243.jpg,否,4,0.937500,0.864658,否,,,
914,val,val/images/nozzle_extrusion_normal_0370.jpg,val,val/images/nozzle_extrusion_normal_0410.jpg,否,4,0.937500,0.864656,否,,,
915,train,train/images/nozzle_extrusion_normal_1099.jpg,train,train/images/nozzle_extrusion_normal_1148.jpg,否,6,0.906250,0.864636,否,,,
916,val,val/images/nozzle_extrusion_normal_0410.jpg,val,val/images/nozzle_extrusion_normal_0449.jpg,否,0,1.000000,0.864629,否,,,
917,train,train/images/nozzle_extrusion_normal_1188.jpg,train,train/images/nozzle_extrusion_normal_1216.jpg,否,6,0.906250,0.864614,否,,,
918,train,train/images/nozzle_tip_wrapped_0233.jpg,train,train/images/nozzle_tip_wrapped_0234.jpg,否,2,0.968750,0.864566,否,,,
919,test,test/images/nozzle_tip_wrapped_0187.jpg,test,test/images/nozzle_tip_wrapped_0190.jpg,否,6,0.906250,0.864562,否,,,
920,train,train/images/nozzle_tip_wrapped_0449.jpg,train,train/images/nozzle_tip_wrapped_0452.jpg,否,6,0.906250,0.864520,否,,,
921,val,val/images/nozzle_tip_wrapped_0171.jpg,val,val/images/nozzle_tip_wrapped_0178.jpg,否,6,0.906250,0.864517,否,,,
922,train,train/images/nozzle_tip_wrapped_0184.jpg,train,train/images/nozzle_tip_wrapped_0193.jpg,否,6,0.906250,0.864509,否,,,
923,train,train/images/nozzle_no_extrusion_0268.jpg,train,train/images/nozzle_no_extrusion_0457.jpg,否,2,0.968750,0.864296,否,,,
924,train,train/images/nozzle_extrusion_normal_1069.jpg,train,train/images/nozzle_extrusion_normal_1138.jpg,否,6,0.906250,0.864238,否,,,
925,train,train/images/nozzle_extrusion_normal_1070.jpg,train,train/images/nozzle_extrusion_normal_1092.jpg,否,6,0.906250,0.864199,否,,,
926,test,test/images/nozzle_tip_wrapped_0831.jpg,test,test/images/nozzle_tip_wrapped_0833.jpg,否,6,0.906250,0.864193,否,,,
927,train,train/images/nozzle_tip_wrapped_0202.jpg,train,train/images/nozzle_tip_wrapped_0203.jpg,否,2,0.968750,0.864151,否,,,
928,train,train/images/nozzle_extrusion_normal_0338.jpg,train,train/images/nozzle_extrusion_normal_0374.jpg,否,4,0.937500,0.864111,否,,,
929,train,train/images/nozzle_tip_wrapped_0398.jpg,train,train/images/nozzle_tip_wrapped_0399.jpg,否,6,0.906250,0.864072,否,,,
930,train,train/images/nozzle_extrusion_normal_1124.jpg,train,train/images/nozzle_extrusion_normal_1148.jpg,否,2,0.968750,0.864072,否,,,
931,train,train/images/nozzle_tip_wrapped_0091.jpg,train,train/images/nozzle_tip_wrapped_0092.jpg,否,6,0.906250,0.863999,否,,,
932,train,train/images/nozzle_extrusion_normal_1311.jpg,train,train/images/nozzle_extrusion_normal_1337.jpg,否,4,0.937500,0.863920,否,,,
933,train,train/images/nozzle_extrusion_normal_0470.jpg,train,train/images/nozzle_extrusion_normal_0556.jpg,否,6,0.906250,0.863911,否,,,
934,train,train/images/nozzle_no_extrusion_0385.jpg,train,train/images/nozzle_no_extrusion_0909.jpg,否,4,0.937500,0.863863,否,,,
935,train,train/images/nozzle_extrusion_normal_1013.jpg,train,train/images/nozzle_extrusion_normal_1055.jpg,否,6,0.906250,0.863775,否,,,
936,train,train/images/nozzle_extrusion_normal_0481.jpg,train,train/images/nozzle_extrusion_normal_0524.jpg,否,2,0.968750,0.863772,否,,,
937,train,train/images/nozzle_tip_wrapped_0290.jpg,train,train/images/nozzle_tip_wrapped_0297.jpg,否,4,0.937500,0.863744,否,,,
938,train,train/images/nozzle_no_extrusion_0042.jpg,train,train/images/nozzle_no_extrusion_0054.jpg,否,2,0.968750,0.863672,否,,,
939,train,train/images/nozzle_extrusion_normal_0964.jpg,train,train/images/nozzle_extrusion_normal_1027.jpg,否,4,0.937500,0.863460,否,,,
940,train,train/images/nozzle_extrusion_normal_0529.jpg,train,train/images/nozzle_extrusion_normal_0572.jpg,否,2,0.968750,0.863403,否,,,
941,val,val/images/nozzle_extrusion_normal_0194.jpg,val,val/images/nozzle_extrusion_normal_0221.jpg,否,4,0.937500,0.863356,否,,,
942,train,train/images/nozzle_no_extrusion_0203.jpg,train,train/images/nozzle_no_extrusion_0278.jpg,否,0,1.000000,0.863267,否,,,
943,train,train/images/nozzle_extrusion_normal_0314.jpg,train,train/images/nozzle_extrusion_normal_0348.jpg,否,4,0.937500,0.863188,否,,,
944,train,train/images/nozzle_extrusion_normal_0397.jpg,train,train/images/nozzle_extrusion_normal_0436.jpg,否,6,0.906250,0.863143,否,,,
945,train,train/images/nozzle_no_extrusion_0346.jpg,train,train/images/nozzle_no_extrusion_0384.jpg,否,2,0.968750,0.863106,否,,,
946,train,train/images/nozzle_extrusion_normal_1175.jpg,train,train/images/nozzle_extrusion_normal_1242.jpg,否,6,0.906250,0.863046,否,,,
947,train,train/images/nozzle_tip_wrapped_0230.jpg,train,train/images/nozzle_tip_wrapped_0231.jpg,否,6,0.906250,0.863043,否,,,
948,train,train/images/nozzle_no_extrusion_0384.jpg,train,train/images/nozzle_no_extrusion_0443.jpg,否,2,0.968750,0.862995,否,,,
949,train,train/images/nozzle_no_extrusion_0249.jpg,train,train/images/nozzle_no_extrusion_0750.jpg,否,2,0.968750,0.862982,否,,,
950,train,train/images/nozzle_extrusion_normal_0305.jpg,train,train/images/nozzle_extrusion_normal_0338.jpg,否,2,0.968750,0.862973,否,,,
951,train,train/images/nozzle_extrusion_normal_0538.jpg,train,train/images/nozzle_extrusion_normal_0582.jpg,否,6,0.906250,0.862947,否,,,
952,test,test/images/nozzle_no_extrusion_0447.jpg,test,test/images/nozzle_no_extrusion_0452.jpg,否,2,0.968750,0.862945,否,,,
953,val,val/images/nozzle_extrusion_normal_0429.jpg,val,val/images/nozzle_extrusion_normal_0511.jpg,否,4,0.937500,0.862902,否,,,
954,test,test/images/nozzle_extrusion_normal_0962.jpg,test,test/images/nozzle_extrusion_normal_0983.jpg,否,6,0.906250,0.862892,否,,,
955,train,train/images/nozzle_extrusion_normal_0403.jpg,train,train/images/nozzle_extrusion_normal_0442.jpg,否,4,0.937500,0.862861,否,,,
956,train,train/images/nozzle_no_extrusion_0426.jpg,train,train/images/nozzle_no_extrusion_0430.jpg,否,0,1.000000,0.862793,否,,,
957,train,train/images/nozzle_extrusion_normal_1056.jpg,train,train/images/nozzle_extrusion_normal_1100.jpg,否,2,0.968750,0.862762,否,,,
958,train,train/images/nozzle_extrusion_normal_0431.jpg,train,train/images/nozzle_extrusion_normal_0513.jpg,否,6,0.906250,0.862678,否,,,
959,train,train/images/nozzle_tip_wrapped_0304.jpg,train,train/images/nozzle_tip_wrapped_0310.jpg,否,6,0.906250,0.862672,否,,,
960,train,train/images/nozzle_extrusion_normal_1027.jpg,train,train/images/nozzle_extrusion_normal_1091.jpg,否,6,0.906250,0.862651,否,,,
961,train,train/images/nozzle_extrusion_normal_0967.jpg,train,train/images/nozzle_extrusion_normal_0988.jpg,否,4,0.937500,0.862591,否,,,
962,train,train/images/nozzle_extrusion_normal_0951.jpg,train,train/images/nozzle_extrusion_normal_0993.jpg,否,6,0.906250,0.862500,否,,,
963,val,val/images/nozzle_extrusion_normal_1061.jpg,val,val/images/nozzle_extrusion_normal_1084.jpg,否,4,0.937500,0.862495,否,,,
964,train,train/images/nozzle_no_extrusion_0841.jpg,train,train/images/nozzle_no_extrusion_0842.jpg,否,0,1.000000,0.862489,否,,,
965,test,test/images/nozzle_tip_wrapped_0037.jpg,test,test/images/nozzle_tip_wrapped_0038.jpg,否,6,0.906250,0.862412,否,,,
966,train,train/images/nozzle_no_extrusion_0239.jpg,train,train/images/nozzle_no_extrusion_0278.jpg,否,0,1.000000,0.862406,否,,,
967,train,train/images/nozzle_extrusion_normal_0178.jpg,train,train/images/nozzle_extrusion_normal_0229.jpg,否,2,0.968750,0.862361,否,,,
968,train,train/images/nozzle_extrusion_normal_1077.jpg,train,train/images/nozzle_extrusion_normal_1148.jpg,否,6,0.906250,0.862320,否,,,
969,train,train/images/nozzle_no_extrusion_0384.jpg,train,train/images/nozzle_no_extrusion_0604.jpg,否,2,0.968750,0.862216,否,,,
970,train,train/images/nozzle_extrusion_normal_1012.jpg,train,train/images/nozzle_extrusion_normal_1076.jpg,否,4,0.937500,0.862215,否,,,
971,train,train/images/nozzle_extrusion_normal_0378.jpg,train,train/images/nozzle_extrusion_normal_0419.jpg,否,2,0.968750,0.862206,否,,,
972,train,train/images/nozzle_extrusion_normal_0337.jpg,train,train/images/nozzle_extrusion_normal_0373.jpg,否,2,0.968750,0.862201,否,,,
973,train,train/images/nozzle_tip_wrapped_0449.jpg,train,train/images/nozzle_tip_wrapped_0450.jpg,否,4,0.937500,0.862181,否,,,
974,train,train/images/nozzle_no_extrusion_0384.jpg,train,train/images/nozzle_no_extrusion_0445.jpg,否,2,0.968750,0.862155,否,,,
975,train,train/images/nozzle_tip_wrapped_1058.jpg,train,train/images/nozzle_tip_wrapped_1071.jpg,否,2,0.968750,0.862139,否,,,
976,val,val/images/nozzle_extrusion_normal_0258.jpg,val,val/images/nozzle_extrusion_normal_0275.jpg,否,6,0.906250,0.862136,否,,,
977,train,train/images/nozzle_extrusion_normal_0845.jpg,train,train/images/nozzle_extrusion_normal_0862.jpg,否,2,0.968750,0.862130,否,,,
978,train,train/images/nozzle_extrusion_normal_1033.jpg,train,train/images/nozzle_extrusion_normal_1099.jpg,否,6,0.906250,0.862100,否,,,
979,train,train/images/nozzle_extrusion_normal_0408.jpg,train,train/images/nozzle_extrusion_normal_0447.jpg,否,0,1.000000,0.862073,否,,,
980,train,train/images/nozzle_no_extrusion_0161.jpg,train,train/images/nozzle_no_extrusion_0207.jpg,否,2,0.968750,0.862057,否,,,
981,test,test/images/nozzle_tip_wrapped_0636.jpg,test,test/images/nozzle_tip_wrapped_0638.jpg,否,4,0.937500,0.862039,否,,,
982,train,train/images/nozzle_no_extrusion_0558.jpg,train,train/images/nozzle_no_extrusion_0750.jpg,否,4,0.937500,0.861910,否,,,
983,train,train/images/nozzle_extrusion_normal_1086.jpg,train,train/images/nozzle_extrusion_normal_1133.jpg,否,6,0.906250,0.861893,否,,,
984,train,train/images/nozzle_extrusion_normal_1077.jpg,train,train/images/nozzle_extrusion_normal_1099.jpg,否,6,0.906250,0.861892,否,,,
985,train,train/images/nozzle_no_extrusion_0232.jpg,train,train/images/nozzle_no_extrusion_0457.jpg,否,2,0.968750,0.861831,否,,,
986,train,train/images/nozzle_extrusion_normal_0956.jpg,train,train/images/nozzle_extrusion_normal_0958.jpg,否,6,0.906250,0.861825,否,,,
987,train,train/images/nozzle_no_extrusion_0551.jpg,train,train/images/nozzle_no_extrusion_0555.jpg,否,2,0.968750,0.861804,否,,,
988,train,train/images/nozzle_extrusion_normal_0948.jpg,train,train/images/nozzle_extrusion_normal_0968.jpg,否,4,0.937500,0.861802,否,,,
989,train,train/images/nozzle_no_extrusion_0483.jpg,train,train/images/nozzle_no_extrusion_0493.jpg,否,2,0.968750,0.861781,否,,,
990,train,train/images/nozzle_no_extrusion_0306.jpg,train,train/images/nozzle_no_extrusion_0614.jpg,否,2,0.968750,0.861772,否,,,
991,train,train/images/nozzle_extrusion_normal_0536.jpg,train,train/images/nozzle_extrusion_normal_0579.jpg,否,4,0.937500,0.861606,否,,,
992,train,train/images/nozzle_tip_wrapped_1225.jpg,train,train/images/nozzle_tip_wrapped_1236.jpg,否,6,0.906250,0.861592,否,,,
993,train,train/images/nozzle_extrusion_normal_1173.jpg,train,train/images/nozzle_extrusion_normal_1174.jpg,否,6,0.906250,0.861558,否,,,
994,train,train/images/nozzle_extrusion_normal_1118.jpg,train,train/images/nozzle_extrusion_normal_1141.jpg,否,6,0.906250,0.861522,否,,,
995,val,val/images/nozzle_extrusion_normal_1158.jpg,val,val/images/nozzle_extrusion_normal_1183.jpg,否,2,0.968750,0.861496,否,,,
996,train,train/images/nozzle_no_extrusion_0457.jpg,train,train/images/nozzle_no_extrusion_0458.jpg,否,2,0.968750,0.861443,否,,,
997,train,train/images/nozzle_tip_wrapped_0305.jpg,train,train/images/nozzle_tip_wrapped_0306.jpg,否,6,0.906250,0.861437,否,,,
998,train,train/images/nozzle_tip_wrapped_0055.jpg,train,train/images/nozzle_tip_wrapped_0056.jpg,否,4,0.937500,0.861429,否,,,
999,test,test/images/nozzle_extrusion_normal_1245.jpg,test,test/images/nozzle_extrusion_normal_1272.jpg,否,2,0.968750,0.861402,否,,,
1000,train,train/images/nozzle_no_extrusion_0348.jpg,train,train/images/nozzle_no_extrusion_0657.jpg,否,4,0.937500,0.861386,否,,,
1001,train,train/images/nozzle_extrusion_normal_0355.jpg,train,train/images/nozzle_extrusion_normal_0395.jpg,否,4,0.937500,0.861379,否,,,
1002,train,train/images/nozzle_extrusion_normal_1123.jpg,train,train/images/nozzle_extrusion_normal_1173.jpg,否,6,0.906250,0.861277,否,,,
1003,train,train/images/nozzle_no_extrusion_0385.jpg,train,train/images/nozzle_no_extrusion_0457.jpg,否,4,0.937500,0.861248,否,,,
1004,train,train/images/nozzle_extrusion_normal_0552.jpg,train,train/images/nozzle_extrusion_normal_0594.jpg,否,6,0.906250,0.861228,否,,,
1005,train,train/images/nozzle_extrusion_normal_1095.jpg,train,train/images/nozzle_extrusion_normal_1118.jpg,否,0,1.000000,0.861195,否,,,
1006,train,train/images/nozzle_tip_wrapped_0072.jpg,train,train/images/nozzle_tip_wrapped_0075.jpg,否,6,0.906250,0.861179,否,,,
1007,train,train/images/nozzle_extrusion_normal_1013.jpg,train,train/images/nozzle_extrusion_normal_1123.jpg,否,6,0.906250,0.861155,否,,,
1008,train,train/images/nozzle_extrusion_normal_1147.jpg,train,train/images/nozzle_extrusion_normal_1200.jpg,否,6,0.906250,0.861151,否,,,
1009,train,train/images/nozzle_extrusion_normal_0117.jpg,train,train/images/nozzle_extrusion_normal_0137.jpg,否,4,0.937500,0.861135,否,,,
1010,train,train/images/nozzle_extrusion_normal_0117.jpg,train,train/images/nozzle_extrusion_normal_0205.jpg,否,6,0.906250,0.861036,否,,,
1011,train,train/images/nozzle_extrusion_normal_0372.jpg,train,train/images/nozzle_extrusion_normal_0412.jpg,否,4,0.937500,0.861032,否,,,
1012,test,test/images/nozzle_extrusion_normal_0341.jpg,test,test/images/nozzle_extrusion_normal_0376.jpg,否,4,0.937500,0.861032,否,,,
1013,train,train/images/nozzle_extrusion_normal_1072.jpg,train,train/images/nozzle_extrusion_normal_1096.jpg,否,6,0.906250,0.860880,否,,,
1014,val,val/images/nozzle_tip_wrapped_0315.jpg,val,val/images/nozzle_tip_wrapped_0316.jpg,否,6,0.906250,0.860793,否,,,
1015,train,train/images/nozzle_no_extrusion_0657.jpg,train,train/images/nozzle_no_extrusion_0872.jpg,否,4,0.937500,0.860717,否,,,
1016,train,train/images/nozzle_extrusion_normal_0998.jpg,train,train/images/nozzle_extrusion_normal_1021.jpg,否,4,0.937500,0.860661,否,,,
1017,train,train/images/nozzle_extrusion_normal_0447.jpg,train,train/images/nozzle_extrusion_normal_0488.jpg,否,2,0.968750,0.860631,否,,,
1018,train,train/images/nozzle_extrusion_normal_1050.jpg,train,train/images/nozzle_extrusion_normal_1072.jpg,否,4,0.937500,0.860622,否,,,
1019,train,train/images/nozzle_no_extrusion_0558.jpg,train,train/images/nozzle_no_extrusion_0575.jpg,否,4,0.937500,0.860593,否,,,
1020,train,train/images/nozzle_extrusion_normal_1068.jpg,train,train/images/nozzle_extrusion_normal_1113.jpg,否,4,0.937500,0.860478,否,,,
1021,train,train/images/nozzle_extrusion_normal_0460.jpg,train,train/images/nozzle_extrusion_normal_0501.jpg,否,4,0.937500,0.860450,否,,,
1022,train,train/images/nozzle_tip_wrapped_1068.jpg,train,train/images/nozzle_tip_wrapped_1081.jpg,否,4,0.937500,0.860425,否,,,
1023,train,train/images/nozzle_no_extrusion_0267.jpg,train,train/images/nozzle_no_extrusion_0346.jpg,否,4,0.937500,0.860420,否,,,
1024,train,train/images/nozzle_extrusion_normal_1116.jpg,train,train/images/nozzle_extrusion_normal_1139.jpg,否,4,0.937500,0.860416,否,,,
1025,test,test/images/nozzle_extrusion_normal_0045.jpg,test,test/images/nozzle_extrusion_normal_0050.jpg,否,6,0.906250,0.860361,否,,,
1026,train,train/images/nozzle_tip_wrapped_0049.jpg,train,train/images/nozzle_tip_wrapped_0050.jpg,否,4,0.937500,0.860313,否,,,
1027,train,train/images/nozzle_tip_wrapped_0258.jpg,train,train/images/nozzle_tip_wrapped_0259.jpg,否,4,0.937500,0.860271,否,,,
1028,train,train/images/nozzle_extrusion_normal_0941.jpg,train,train/images/nozzle_extrusion_normal_0982.jpg,否,4,0.937500,0.860256,否,,,
1029,train,train/images/nozzle_no_extrusion_0189.jpg,train,train/images/nozzle_no_extrusion_0221.jpg,否,2,0.968750,0.860223,否,,,
1030,train,train/images/nozzle_extrusion_normal_0968.jpg,train,train/images/nozzle_extrusion_normal_0989.jpg,否,4,0.937500,0.860205,否,,,
1031,train,train/images/nozzle_extrusion_normal_0937.jpg,train,train/images/nozzle_extrusion_normal_1000.jpg,否,6,0.906250,0.860170,否,,,
1032,val,val/images/nozzle_extrusion_normal_0561.jpg,val,val/images/nozzle_extrusion_normal_0604.jpg,否,4,0.937500,0.860137,否,,,
1033,train,train/images/nozzle_extrusion_normal_0373.jpg,train,train/images/nozzle_extrusion_normal_0413.jpg,否,4,0.937500,0.860121,否,,,
1034,train,train/images/nozzle_no_extrusion_0231.jpg,train,train/images/nozzle_no_extrusion_0267.jpg,否,2,0.968750,0.860002,否,,,
1035,train,train/images/nozzle_extrusion_normal_0373.jpg,train,train/images/nozzle_extrusion_normal_0414.jpg,否,6,0.906250,0.859975,否,,,
1036,train,train/images/nozzle_extrusion_normal_1006.jpg,train,train/images/nozzle_extrusion_normal_1047.jpg,否,4,0.937500,0.859959,否,,,
1037,train,train/images/nozzle_no_extrusion_0246.jpg,train,train/images/nozzle_no_extrusion_0271.jpg,否,2,0.968750,0.859913,否,,,
1038,train,train/images/nozzle_extrusion_normal_0809.jpg,train,train/images/nozzle_extrusion_normal_0827.jpg,否,4,0.937500,0.859895,否,,,
1039,train,train/images/nozzle_no_extrusion_0287.jpg,train,train/images/nozzle_no_extrusion_0292.jpg,否,2,0.968750,0.859890,否,,,
1040,train,train/images/nozzle_extrusion_normal_0626.jpg,train,train/images/nozzle_extrusion_normal_0668.jpg,否,6,0.906250,0.859883,否,,,
1041,train,train/images/nozzle_no_extrusion_0752.jpg,train,train/images/nozzle_no_extrusion_0753.jpg,否,4,0.937500,0.859848,否,,,
1042,train,train/images/nozzle_no_extrusion_0324.jpg,train,train/images/nozzle_no_extrusion_0365.jpg,否,4,0.937500,0.859828,否,,,
1043,train,train/images/nozzle_extrusion_normal_0304.jpg,train,train/images/nozzle_extrusion_normal_0337.jpg,否,2,0.968750,0.859812,否,,,
1044,test,test/images/nozzle_tip_wrapped_1220.jpg,test,test/images/nozzle_tip_wrapped_1232.jpg,否,6,0.906250,0.859765,否,,,
1045,train,train/images/nozzle_no_extrusion_0214.jpg,train,train/images/nozzle_no_extrusion_0287.jpg,否,2,0.968750,0.859710,否,,,
1046,train,train/images/nozzle_extrusion_normal_0414.jpg,train,train/images/nozzle_extrusion_normal_0453.jpg,否,6,0.906250,0.859680,否,,,
1047,train,train/images/nozzle_extrusion_normal_1375.jpg,train,train/images/nozzle_extrusion_normal_1400.jpg,否,4,0.937500,0.859602,否,,,
1048,train,train/images/nozzle_extrusion_normal_0955.jpg,train,train/images/nozzle_extrusion_normal_1022.jpg,否,6,0.906250,0.859589,否,,,
1049,train,train/images/nozzle_extrusion_normal_0329.jpg,train,train/images/nozzle_extrusion_normal_0405.jpg,否,4,0.937500,0.859567,否,,,
1050,train,train/images/nozzle_no_extrusion_0385.jpg,train,train/images/nozzle_no_extrusion_0413.jpg,否,4,0.937500,0.859508,否,,,
1051,val,val/images/nozzle_extrusion_normal_0952.jpg,val,val/images/nozzle_extrusion_normal_0973.jpg,否,2,0.968750,0.859478,否,,,
1052,train,train/images/nozzle_extrusion_normal_0899.jpg,train,train/images/nozzle_extrusion_normal_0901.jpg,否,6,0.906250,0.859471,否,,,
1053,train,train/images/nozzle_extrusion_normal_0887.jpg,train,train/images/nozzle_extrusion_normal_0908.jpg,否,4,0.937500,0.859424,否,,,
1054,train,train/images/nozzle_extrusion_normal_0489.jpg,train,train/images/nozzle_extrusion_normal_0533.jpg,否,4,0.937500,0.859384,否,,,
1055,val,val/images/nozzle_tip_wrapped_0443.jpg,val,val/images/nozzle_tip_wrapped_0444.jpg,否,6,0.906250,0.859377,否,,,
1056,train,train/images/nozzle_extrusion_normal_0327.jpg,train,train/images/nozzle_extrusion_normal_0403.jpg,否,6,0.906250,0.859337,否,,,
1057,val,val/images/nozzle_extrusion_normal_0313.jpg,val,val/images/nozzle_extrusion_normal_0347.jpg,否,2,0.968750,0.859318,否,,,
1058,train,train/images/nozzle_no_extrusion_0181.jpg,train,train/images/nozzle_no_extrusion_0337.jpg,否,2,0.968750,0.859295,否,,,
1059,test,test/images/nozzle_tip_wrapped_0319.jpg,test,test/images/nozzle_tip_wrapped_0320.jpg,否,4,0.937500,0.859283,否,,,
1060,train,train/images/nozzle_extrusion_normal_0537.jpg,train,train/images/nozzle_extrusion_normal_0580.jpg,否,6,0.906250,0.859230,否,,,
1061,val,val/images/nozzle_tip_wrapped_0476.jpg,val,val/images/nozzle_tip_wrapped_0477.jpg,否,4,0.937500,0.859225,否,,,
1062,train,train/images/nozzle_extrusion_normal_1048.jpg,train,train/images/nozzle_extrusion_normal_1116.jpg,否,6,0.906250,0.859214,否,,,
1063,train,train/images/nozzle_no_extrusion_0384.jpg,train,train/images/nozzle_no_extrusion_0594.jpg,否,2,0.968750,0.859158,否,,,
1064,train,train/images/nozzle_extrusion_normal_0992.jpg,train,train/images/nozzle_extrusion_normal_1076.jpg,否,2,0.968750,0.859117,否,,,
1065,train,train/images/nozzle_extrusion_normal_0851.jpg,train,train/images/nozzle_extrusion_normal_0868.jpg,否,2,0.968750,0.859110,否,,,
1066,train,train/images/nozzle_extrusion_normal_0328.jpg,train,train/images/nozzle_extrusion_normal_0404.jpg,否,4,0.937500,0.859107,否,,,
1067,train,train/images/nozzle_extrusion_normal_0844.jpg,train,train/images/nozzle_extrusion_normal_0863.jpg,否,2,0.968750,0.859099,否,,,
1068,train,train/images/nozzle_no_extrusion_0663.jpg,train,train/images/nozzle_no_extrusion_0914.jpg,否,2,0.968750,0.859067,否,,,
1069,test,test/images/nozzle_extrusion_normal_0546.jpg,test,test/images/nozzle_extrusion_normal_0588.jpg,否,6,0.906250,0.859059,否,,,
1070,train,train/images/nozzle_extrusion_normal_0496.jpg,train,train/images/nozzle_extrusion_normal_0539.jpg,否,0,1.000000,0.858999,否,,,
1071,train,train/images/nozzle_extrusion_normal_1099.jpg,train,train/images/nozzle_extrusion_normal_1174.jpg,否,6,0.906250,0.858945,否,,,
1072,train,train/images/nozzle_extrusion_normal_1054.jpg,train,train/images/nozzle_extrusion_normal_1123.jpg,否,6,0.906250,0.858925,否,,,
1073,train,train/images/nozzle_extrusion_normal_0833.jpg,train,train/images/nozzle_extrusion_normal_0869.jpg,否,2,0.968750,0.858888,否,,,
1074,train,train/images/nozzle_extrusion_normal_0265.jpg,train,train/images/nozzle_extrusion_normal_0296.jpg,否,2,0.968750,0.858871,否,,,
1075,train,train/images/nozzle_tip_wrapped_0278.jpg,train,train/images/nozzle_tip_wrapped_0279.jpg,否,2,0.968750,0.858828,否,,,
1076,train,train/images/nozzle_extrusion_normal_1124.jpg,train,train/images/nozzle_extrusion_normal_1174.jpg,否,4,0.937500,0.858792,否,,,
1077,train,train/images/nozzle_no_extrusion_0306.jpg,train,train/images/nozzle_no_extrusion_0470.jpg,否,2,0.968750,0.858792,否,,,
1078,train,train/images/nozzle_extrusion_normal_0461.jpg,train,train/images/nozzle_extrusion_normal_0502.jpg,否,2,0.968750,0.858765,否,,,
1079,train,train/images/nozzle_tip_wrapped_0274.jpg,train,train/images/nozzle_tip_wrapped_0275.jpg,否,4,0.937500,0.858757,否,,,
1080,train,train/images/nozzle_extrusion_normal_0543.jpg,train,train/images/nozzle_extrusion_normal_0585.jpg,否,4,0.937500,0.858678,否,,,
1081,train,train/images/nozzle_no_extrusion_0594.jpg,train,train/images/nozzle_no_extrusion_0595.jpg,否,2,0.968750,0.858663,否,,,
1082,val,val/images/nozzle_tip_wrapped_0177.jpg,val,val/images/nozzle_tip_wrapped_0178.jpg,否,6,0.906250,0.858641,否,,,
1083,train,train/images/nozzle_tip_wrapped_0254.jpg,train,train/images/nozzle_tip_wrapped_0256.jpg,否,4,0.937500,0.858583,否,,,
1084,test,test/images/nozzle_extrusion_normal_0534.jpg,test,test/images/nozzle_extrusion_normal_0577.jpg,否,4,0.937500,0.858531,否,,,
1085,val,val/images/nozzle_extrusion_normal_0939.jpg,val,val/images/nozzle_extrusion_normal_0980.jpg,否,6,0.906250,0.858480,否,,,
1086,train,train/images/nozzle_no_extrusion_0174.jpg,train,train/images/nozzle_no_extrusion_0367.jpg,否,2,0.968750,0.858476,否,,,
1087,test,test/images/nozzle_extrusion_normal_0425.jpg,test,test/images/nozzle_extrusion_normal_0465.jpg,否,6,0.906250,0.858351,否,,,
1088,train,train/images/nozzle_extrusion_normal_0993.jpg,train,train/images/nozzle_extrusion_normal_1055.jpg,否,4,0.937500,0.858347,否,,,
1089,train,train/images/nozzle_extrusion_normal_1148.jpg,train,train/images/nozzle_extrusion_normal_1173.jpg,否,6,0.906250,0.858333,否,,,
1090,val,val/images/nozzle_extrusion_normal_0299.jpg,val,val/images/nozzle_extrusion_normal_0333.jpg,否,6,0.906250,0.858329,否,,,
1091,train,train/images/nozzle_extrusion_normal_0396.jpg,train,train/images/nozzle_extrusion_normal_0435.jpg,否,4,0.937500,0.858321,否,,,
1092,train,train/images/nozzle_extrusion_normal_0369.jpg,train,train/images/nozzle_extrusion_normal_0409.jpg,否,4,0.937500,0.858271,否,,,
1093,val,val/images/nozzle_extrusion_normal_0420.jpg,val,val/images/nozzle_extrusion_normal_0459.jpg,否,6,0.906250,0.858192,否,,,
1094,train,train/images/nozzle_extrusion_normal_0972.jpg,train,train/images/nozzle_extrusion_normal_1013.jpg,否,6,0.906250,0.858188,否,,,
1095,train,train/images/nozzle_extrusion_normal_0308.jpg,train,train/images/nozzle_extrusion_normal_0342.jpg,否,6,0.906250,0.858160,否,,,
1096,val,val/images/nozzle_extrusion_normal_0394.jpg,val,val/images/nozzle_extrusion_normal_0433.jpg,否,2,0.968750,0.858107,否,,,
1097,val,val/images/nozzle_tip_wrapped_0207.jpg,val,val/images/nozzle_tip_wrapped_0210.jpg,否,4,0.937500,0.858102,否,,,
1098,train,train/images/nozzle_no_extrusion_0221.jpg,train,train/images/nozzle_no_extrusion_0229.jpg,否,2,0.968750,0.858096,否,,,
1099,train,train/images/nozzle_extrusion_normal_1005.jpg,train,train/images/nozzle_extrusion_normal_1046.jpg,否,4,0.937500,0.858057,否,,,
1100,train,train/images/nozzle_extrusion_normal_1113.jpg,train,train/images/nozzle_extrusion_normal_1162.jpg,否,2,0.968750,0.858012,否,,,
1101,train,train/images/nozzle_extrusion_normal_0442.jpg,train,train/images/nozzle_extrusion_normal_0483.jpg,否,4,0.937500,0.857989,否,,,
1102,train,train/images/nozzle_extrusion_normal_0907.jpg,train,train/images/nozzle_extrusion_normal_0944.jpg,否,4,0.937500,0.857955,否,,,
1103,train,train/images/nozzle_extrusion_normal_0446.jpg,train,train/images/nozzle_extrusion_normal_0487.jpg,否,2,0.968750,0.857906,否,,,
1104,train,train/images/nozzle_no_extrusion_0231.jpg,train,train/images/nozzle_no_extrusion_0595.jpg,否,4,0.937500,0.857838,否,,,
1105,train,train/images/nozzle_extrusion_normal_0837.jpg,train,train/images/nozzle_extrusion_normal_0855.jpg,否,2,0.968750,0.857817,否,,,
1106,train,train/images/nozzle_extrusion_normal_0513.jpg,train,train/images/nozzle_extrusion_normal_0556.jpg,否,4,0.937500,0.857810,否,,,
1107,train,train/images/nozzle_extrusion_normal_0816.jpg,train,train/images/nozzle_extrusion_normal_0833.jpg,否,4,0.937500,0.857730,否,,,
1108,train,train/images/nozzle_no_extrusion_0586.jpg,train,train/images/nozzle_no_extrusion_0593.jpg,否,0,1.000000,0.857726,否,,,
1109,train,train/images/nozzle_no_extrusion_0384.jpg,train,train/images/nozzle_no_extrusion_0442.jpg,否,2,0.968750,0.857682,否,,,
1110,val,val/images/nozzle_extrusion_normal_0097.jpg,val,val/images/nozzle_extrusion_normal_0115.jpg,否,2,0.968750,0.857664,否,,,
1111,train,train/images/nozzle_extrusion_normal_1054.jpg,train,train/images/nozzle_extrusion_normal_1091.jpg,否,6,0.906250,0.857560,否,,,
1112,train,train/images/nozzle_no_extrusion_0495.jpg,train,train/images/nozzle_no_extrusion_0886.jpg,否,4,0.937500,0.857539,否,,,
1113,train,train/images/nozzle_extrusion_normal_0512.jpg,train,train/images/nozzle_extrusion_normal_0555.jpg,否,6,0.906250,0.857490,否,,,
1114,train,train/images/nozzle_extrusion_normal_0975.jpg,train,train/images/nozzle_extrusion_normal_0996.jpg,否,2,0.968750,0.857480,否,,,
1115,val,val/images/nozzle_extrusion_normal_0354.jpg,val,val/images/nozzle_extrusion_normal_0394.jpg,否,0,1.000000,0.857449,否,,,
1116,train,train/images/nozzle_extrusion_normal_1019.jpg,train,train/images/nozzle_extrusion_normal_1038.jpg,否,6,0.906250,0.857435,否,,,
1117,train,train/images/nozzle_tip_wrapped_0046.jpg,train,train/images/nozzle_tip_wrapped_0049.jpg,否,6,0.906250,0.857381,否,,,
1118,train,train/images/nozzle_extrusion_normal_1039.jpg,train,train/images/nozzle_extrusion_normal_1062.jpg,否,2,0.968750,0.857371,否,,,
1119,train,train/images/nozzle_extrusion_normal_0539.jpg,train,train/images/nozzle_extrusion_normal_0582.jpg,否,2,0.968750,0.857350,否,,,
1120,train,train/images/nozzle_tip_wrapped_0257.jpg,train,train/images/nozzle_tip_wrapped_0258.jpg,否,4,0.937500,0.857344,否,,,
1121,train,train/images/nozzle_extrusion_normal_0298.jpg,train,train/images/nozzle_extrusion_normal_0332.jpg,否,4,0.937500,0.857291,否,,,
1122,train,train/images/nozzle_extrusion_normal_0955.jpg,train,train/images/nozzle_extrusion_normal_0997.jpg,否,6,0.906250,0.857271,否,,,
1123,train,train/images/nozzle_extrusion_normal_0945.jpg,train,train/images/nozzle_extrusion_normal_0965.jpg,否,2,0.968750,0.857207,否,,,
1124,train,train/images/nozzle_extrusion_normal_0368.jpg,train,train/images/nozzle_extrusion_normal_0408.jpg,否,2,0.968750,0.857207,否,,,
1125,train,train/images/nozzle_extrusion_normal_1322.jpg,train,train/images/nozzle_extrusion_normal_1348.jpg,否,4,0.937500,0.857036,否,,,
1126,train,train/images/nozzle_extrusion_normal_1174.jpg,train,train/images/nozzle_extrusion_normal_1228.jpg,否,6,0.906250,0.857019,否,,,
1127,train,train/images/nozzle_no_extrusion_0152.jpg,train,train/images/nozzle_no_extrusion_0889.jpg,否,2,0.968750,0.857004,否,,,
1128,train,train/images/nozzle_extrusion_normal_0988.jpg,train,train/images/nozzle_extrusion_normal_1008.jpg,否,6,0.906250,0.856967,否,,,
1129,val,val/images/nozzle_heavy_contamination_0018.jpg,val,val/images/nozzle_heavy_contamination_0019.jpg,否,6,0.906250,0.856908,否,,,
1130,train,train/images/nozzle_extrusion_normal_0445.jpg,train,train/images/nozzle_extrusion_normal_0486.jpg,否,4,0.937500,0.856836,否,,,
1131,train,train/images/nozzle_extrusion_normal_1125.jpg,train,train/images/nozzle_extrusion_normal_1175.jpg,否,6,0.906250,0.856826,否,,,
1132,train,train/images/nozzle_no_extrusion_0684.jpg,train,train/images/nozzle_no_extrusion_0686.jpg,否,2,0.968750,0.856825,否,,,
1133,train,train/images/nozzle_extrusion_normal_0550.jpg,train,train/images/nozzle_extrusion_normal_0592.jpg,否,6,0.906250,0.856765,否,,,
1134,train,train/images/nozzle_tip_wrapped_0046.jpg,train,train/images/nozzle_tip_wrapped_0047.jpg,否,6,0.906250,0.856731,否,,,
1135,train,train/images/nozzle_no_extrusion_0793.jpg,train,train/images/nozzle_no_extrusion_0797.jpg,否,2,0.968750,0.856714,否,,,
1136,train,train/images/nozzle_extrusion_normal_1028.jpg,train,train/images/nozzle_extrusion_normal_1139.jpg,否,6,0.906250,0.856643,否,,,
1137,train,train/images/nozzle_no_extrusion_0190.jpg,train,train/images/nozzle_no_extrusion_0345.jpg,否,4,0.937500,0.856629,否,,,
1138,test,test/images/nozzle_extrusion_normal_1002.jpg,test,test/images/nozzle_extrusion_normal_1043.jpg,否,4,0.937500,0.856614,否,,,
1139,train,train/images/nozzle_no_extrusion_0012.jpg,train,train/images/nozzle_no_extrusion_0068.jpg,否,2,0.968750,0.856530,否,,,
1140,train,train/images/nozzle_tip_wrapped_0302.jpg,train,train/images/nozzle_tip_wrapped_0304.jpg,否,6,0.906250,0.856451,否,,,
1141,train,train/images/nozzle_no_extrusion_0307.jpg,train,train/images/nozzle_no_extrusion_0669.jpg,否,4,0.937500,0.856448,否,,,
1142,train,train/images/nozzle_tip_wrapped_0430.jpg,train,train/images/nozzle_tip_wrapped_0431.jpg,否,6,0.906250,0.856401,否,,,
1143,train,train/images/nozzle_no_extrusion_0208.jpg,train,train/images/nozzle_no_extrusion_0283.jpg,否,0,1.000000,0.856390,否,,,
1144,train,train/images/nozzle_extrusion_normal_0400.jpg,train,train/images/nozzle_extrusion_normal_0439.jpg,否,4,0.937500,0.856307,否,,,
1145,train,train/images/nozzle_extrusion_normal_1090.jpg,train,train/images/nozzle_extrusion_normal_1162.jpg,否,6,0.906250,0.856272,否,,,
1146,train,train/images/nozzle_extrusion_normal_1038.jpg,train,train/images/nozzle_extrusion_normal_1040.jpg,否,4,0.937500,0.856251,否,,,
1147,train,train/images/nozzle_extrusion_normal_1026.jpg,train,train/images/nozzle_extrusion_normal_1046.jpg,否,6,0.906250,0.856223,否,,,
1148,val,val/images/nozzle_extrusion_normal_0777.jpg,val,val/images/nozzle_extrusion_normal_0793.jpg,否,4,0.937500,0.856204,否,,,
1149,train,train/images/nozzle_extrusion_normal_1014.jpg,train,train/images/nozzle_extrusion_normal_1056.jpg,否,6,0.906250,0.856191,否,,,
1150,test,test/images/nozzle_tip_wrapped_0505.jpg,test,test/images/nozzle_tip_wrapped_0506.jpg,否,4,0.937500,0.856159,否,,,
1151,train,train/images/nozzle_extrusion_normal_0453.jpg,train,train/images/nozzle_extrusion_normal_0495.jpg,否,4,0.937500,0.856082,否,,,
1152,train,train/images/nozzle_extrusion_normal_1023.jpg,train,train/images/nozzle_extrusion_normal_1065.jpg,否,6,0.906250,0.856001,否,,,
1153,val,val/images/nozzle_extrusion_normal_0282.jpg,val,val/images/nozzle_extrusion_normal_0313.jpg,否,4,0.937500,0.855987,否,,,
1154,train,train/images/nozzle_no_extrusion_0265.jpg,train,train/images/nozzle_no_extrusion_0337.jpg,否,4,0.937500,0.855961,否,,,
1155,train,train/images/nozzle_tip_wrapped_1286.jpg,train,train/images/nozzle_tip_wrapped_1296.jpg,否,6,0.906250,0.855956,否,,,
1156,train,train/images/nozzle_extrusion_normal_1200.jpg,train,train/images/nozzle_extrusion_normal_1229.jpg,否,4,0.937500,0.855951,否,,,
1157,train,train/images/nozzle_no_extrusion_0684.jpg,train,train/images/nozzle_no_extrusion_0687.jpg,否,2,0.968750,0.855950,否,,,
1158,train,train/images/nozzle_tip_wrapped_0078.jpg,train,train/images/nozzle_tip_wrapped_0079.jpg,否,6,0.906250,0.855876,否,,,
1159,train,train/images/nozzle_no_extrusion_0391.jpg,train,train/images/nozzle_no_extrusion_0398.jpg,否,4,0.937500,0.855814,否,,,
1160,train,train/images/nozzle_tip_wrapped_0294.jpg,train,train/images/nozzle_tip_wrapped_0298.jpg,否,6,0.906250,0.855758,否,,,
1161,train,train/images/nozzle_tip_wrapped_0396.jpg,train,train/images/nozzle_tip_wrapped_0397.jpg,否,4,0.937500,0.855744,否,,,
1162,val,val/images/nozzle_extrusion_normal_1197.jpg,val,val/images/nozzle_extrusion_normal_1226.jpg,否,4,0.937500,0.855713,否,,,
1163,test,test/images/nozzle_extrusion_normal_0558.jpg,test,test/images/nozzle_extrusion_normal_0600.jpg,否,4,0.937500,0.855675,否,,,
1164,train,train/images/nozzle_no_extrusion_0423.jpg,train,train/images/nozzle_no_extrusion_0456.jpg,否,4,0.937500,0.855672,否,,,
1165,train,train/images/nozzle_extrusion_normal_0936.jpg,train,train/images/nozzle_extrusion_normal_0955.jpg,否,4,0.937500,0.855665,否,,,
1166,train,train/images/nozzle_no_extrusion_0457.jpg,train,train/images/nozzle_no_extrusion_0614.jpg,否,2,0.968750,0.855656,否,,,
1167,train,train/images/nozzle_extrusion_normal_0937.jpg,train,train/images/nozzle_extrusion_normal_0956.jpg,否,4,0.937500,0.855651,否,,,
1168,train,train/images/nozzle_extrusion_normal_1077.jpg,train,train/images/nozzle_extrusion_normal_1124.jpg,否,6,0.906250,0.855607,否,,,
1169,train,train/images/nozzle_tip_wrapped_0224.jpg,train,train/images/nozzle_tip_wrapped_0225.jpg,否,6,0.906250,0.855601,否,,,
1170,train,train/images/nozzle_no_extrusion_0191.jpg,train,train/images/nozzle_no_extrusion_0267.jpg,否,2,0.968750,0.855600,否,,,
1171,train,train/images/nozzle_extrusion_normal_0358.jpg,train,train/images/nozzle_extrusion_normal_0398.jpg,否,4,0.937500,0.855589,否,,,
1172,train,train/images/nozzle_no_extrusion_0022.jpg,train,train/images/nozzle_no_extrusion_0078.jpg,否,2,0.968750,0.855532,否,,,
1173,train,train/images/nozzle_extrusion_normal_0430.jpg,train,train/images/nozzle_extrusion_normal_0469.jpg,否,4,0.937500,0.855522,否,,,
1174,train,train/images/nozzle_extrusion_normal_1026.jpg,train,train/images/nozzle_extrusion_normal_1137.jpg,否,4,0.937500,0.855492,否,,,
1175,train,train/images/nozzle_no_extrusion_0494.jpg,train,train/images/nozzle_no_extrusion_0495.jpg,否,4,0.937500,0.855443,否,,,
1176,test,test/images/nozzle_tip_wrapped_0754.jpg,test,test/images/nozzle_tip_wrapped_0757.jpg,否,4,0.937500,0.855412,否,,,
1177,train,train/images/nozzle_no_extrusion_0307.jpg,train,train/images/nozzle_no_extrusion_0872.jpg,否,6,0.906250,0.855398,否,,,
1178,train,train/images/nozzle_no_extrusion_0723.jpg,train,train/images/nozzle_no_extrusion_0729.jpg,否,0,1.000000,0.855364,否,,,
1179,train,train/images/nozzle_no_extrusion_0454.jpg,train,train/images/nozzle_no_extrusion_0604.jpg,否,4,0.937500,0.855293,否,,,
1180,train,train/images/nozzle_extrusion_normal_1458.jpg,train,train/images/nozzle_extrusion_normal_1478.jpg,否,2,0.968750,0.855289,否,,,
1181,train,train/images/nozzle_no_extrusion_0206.jpg,train,train/images/nozzle_no_extrusion_0319.jpg,否,2,0.968750,0.855279,否,,,
1182,train,train/images/nozzle_extrusion_normal_0415.jpg,train,train/images/nozzle_extrusion_normal_0453.jpg,否,6,0.906250,0.855224,否,,,
1183,train,train/images/nozzle_extrusion_normal_0531.jpg,train,train/images/nozzle_extrusion_normal_0574.jpg,否,2,0.968750,0.855216,否,,,
1184,train,train/images/nozzle_no_extrusion_0232.jpg,train,train/images/nozzle_no_extrusion_0614.jpg,否,0,1.000000,0.855198,否,,,
1185,train,train/images/nozzle_no_extrusion_0463.jpg,train,train/images/nozzle_no_extrusion_0466.jpg,否,2,0.968750,0.855189,否,,,
1186,test,test/images/nozzle_extrusion_normal_0280.jpg,test,test/images/nozzle_extrusion_normal_0311.jpg,否,2,0.968750,0.855123,否,,,
1187,train,train/images/nozzle_extrusion_normal_1047.jpg,train,train/images/nozzle_extrusion_normal_1115.jpg,否,4,0.937500,0.855042,否,,,
1188,train,train/images/nozzle_extrusion_normal_1068.jpg,train,train/images/nozzle_extrusion_normal_1137.jpg,否,6,0.906250,0.854979,否,,,
1189,train,train/images/nozzle_no_extrusion_0769.jpg,train,train/images/nozzle_no_extrusion_0773.jpg,否,0,1.000000,0.854918,否,,,
1190,val,val/images/nozzle_extrusion_normal_0729.jpg,val,val/images/nozzle_extrusion_normal_0743.jpg,否,6,0.906250,0.854874,否,,,
1191,train,train/images/nozzle_no_extrusion_0348.jpg,train,train/images/nozzle_no_extrusion_0669.jpg,否,4,0.937500,0.854827,否,,,
1192,train,train/images/nozzle_extrusion_normal_0887.jpg,train,train/images/nozzle_extrusion_normal_0945.jpg,否,2,0.968750,0.854776,否,,,
1193,train,train/images/nozzle_no_extrusion_0482.jpg,train,train/images/nozzle_no_extrusion_0494.jpg,否,4,0.937500,0.854732,否,,,
1194,train,train/images/nozzle_extrusion_normal_1006.jpg,train,train/images/nozzle_extrusion_normal_1115.jpg,否,4,0.937500,0.854709,否,,,
1195,train,train/images/nozzle_no_extrusion_0471.jpg,train,train/images/nozzle_no_extrusion_0495.jpg,否,4,0.937500,0.854632,否,,,
1196,train,train/images/nozzle_no_extrusion_0386.jpg,train,train/images/nozzle_no_extrusion_0907.jpg,否,2,0.968750,0.854626,否,,,
1197,train,train/images/nozzle_extrusion_normal_1070.jpg,train,train/images/nozzle_extrusion_normal_1164.jpg,否,2,0.968750,0.854580,否,,,
1198,test,test/images/nozzle_tip_wrapped_0659.jpg,test,test/images/nozzle_tip_wrapped_0661.jpg,否,4,0.937500,0.854561,否,,,
1199,train,train/images/nozzle_no_extrusion_0829.jpg,train,train/images/nozzle_no_extrusion_0830.jpg,否,2,0.968750,0.854555,否,,,
1200,val,val/images/nozzle_extrusion_normal_1152.jpg,val,val/images/nozzle_extrusion_normal_1178.jpg,否,4,0.937500,0.854541,否,,,
1201,val,val/images/nozzle_extrusion_normal_0184.jpg,val,val/images/nozzle_extrusion_normal_0185.jpg,否,4,0.937500,0.854541,否,,,
1202,train,train/images/nozzle_tip_wrapped_0050.jpg,train,train/images/nozzle_tip_wrapped_0052.jpg,否,6,0.906250,0.854450,否,,,
1203,train,train/images/nozzle_extrusion_normal_0627.jpg,train,train/images/nozzle_extrusion_normal_0669.jpg,否,4,0.937500,0.854436,否,,,
1204,train,train/images/nozzle_extrusion_normal_1040.jpg,train,train/images/nozzle_extrusion_normal_1063.jpg,否,4,0.937500,0.854384,否,,,
1205,train,train/images/nozzle_extrusion_normal_0314.jpg,train,train/images/nozzle_extrusion_normal_0386.jpg,否,2,0.968750,0.854355,否,,,
1206,train,train/images/nozzle_no_extrusion_0558.jpg,train,train/images/nozzle_no_extrusion_0595.jpg,否,4,0.937500,0.854314,否,,,
1207,train,train/images/nozzle_extrusion_normal_0353.jpg,train,train/images/nozzle_extrusion_normal_0393.jpg,否,4,0.937500,0.854300,否,,,
1208,train,train/images/nozzle_no_extrusion_0269.jpg,train,train/images/nozzle_no_extrusion_0872.jpg,否,6,0.906250,0.854258,否,,,
1209,val,val/images/nozzle_extrusion_normal_0722.jpg,val,val/images/nozzle_extrusion_normal_0735.jpg,否,4,0.937500,0.854253,否,,,
1210,val,val/images/nozzle_extrusion_normal_0853.jpg,val,val/images/nozzle_extrusion_normal_0870.jpg,否,2,0.968750,0.854221,否,,,
1211,train,train/images/nozzle_tip_wrapped_0057.jpg,train,train/images/nozzle_tip_wrapped_0058.jpg,否,2,0.968750,0.854140,否,,,
1212,test,test/images/nozzle_extrusion_normal_1514.jpg,test,test/images/nozzle_extrusion_normal_1516.jpg,否,4,0.937500,0.854100,否,,,
1213,val,val/images/nozzle_extrusion_normal_0532.jpg,val,val/images/nozzle_extrusion_normal_0575.jpg,否,6,0.906250,0.854099,否,,,
1214,val,val/images/nozzle_extrusion_normal_0359.jpg,val,val/images/nozzle_extrusion_normal_0399.jpg,否,4,0.937500,0.854051,否,,,
1215,train,train/images/nozzle_extrusion_normal_0944.jpg,train,train/images/nozzle_extrusion_normal_1027.jpg,否,6,0.906250,0.854046,否,,,
1216,val,val/images/nozzle_extrusion_normal_0115.jpg,val,val/images/nozzle_extrusion_normal_0202.jpg,否,6,0.906250,0.854031,否,,,
1217,train,train/images/nozzle_no_extrusion_0212.jpg,train,train/images/nozzle_no_extrusion_0372.jpg,否,0,1.000000,0.853973,否,,,
1218,train,train/images/nozzle_no_extrusion_0043.jpg,train,train/images/nozzle_no_extrusion_0053.jpg,否,2,0.968750,0.853957,否,,,
1219,train,train/images/nozzle_extrusion_normal_0303.jpg,train,train/images/nozzle_extrusion_normal_0372.jpg,否,4,0.937500,0.853947,否,,,
1220,train,train/images/nozzle_extrusion_normal_0938.jpg,train,train/images/nozzle_extrusion_normal_0979.jpg,否,6,0.906250,0.853941,否,,,
1221,val,val/images/nozzle_no_extrusion_0175.jpg,val,val/images/nozzle_no_extrusion_0331.jpg,否,2,0.968750,0.853840,否,,,
1222,train,train/images/nozzle_no_extrusion_0231.jpg,train,train/images/nozzle_no_extrusion_0345.jpg,否,4,0.937500,0.853827,否,,,
1223,train,train/images/nozzle_extrusion_normal_1148.jpg,train,train/images/nozzle_extrusion_normal_1200.jpg,否,4,0.937500,0.853750,否,,,
1224,train,train/images/nozzle_extrusion_normal_0992.jpg,train,train/images/nozzle_extrusion_normal_1012.jpg,否,6,0.906250,0.853721,否,,,
1225,train,train/images/nozzle_extrusion_normal_0979.jpg,train,train/images/nozzle_extrusion_normal_1021.jpg,否,6,0.906250,0.853664,否,,,
1226,train,train/images/nozzle_tip_wrapped_0234.jpg,train,train/images/nozzle_tip_wrapped_0235.jpg,否,2,0.968750,0.853632,否,,,
1227,train,train/images/nozzle_extrusion_normal_0947.jpg,train,train/images/nozzle_extrusion_normal_0967.jpg,否,4,0.937500,0.853617,否,,,
1228,val,val/images/nozzle_extrusion_normal_1045.jpg,val,val/images/nozzle_extrusion_normal_1089.jpg,否,6,0.906250,0.853616,否,,,
1229,train,train/images/nozzle_no_extrusion_0442.jpg,train,train/images/nozzle_no_extrusion_0443.jpg,否,2,0.968750,0.853510,否,,,
1230,train,train/images/nozzle_no_extrusion_0297.jpg,train,train/images/nozzle_no_extrusion_0344.jpg,否,2,0.968750,0.853477,否,,,
1231,val,val/images/nozzle_extrusion_normal_0081.jpg,val,val/images/nozzle_extrusion_normal_0099.jpg,否,4,0.937500,0.853441,否,,,
1232,train,train/images/nozzle_no_extrusion_0306.jpg,train,train/images/nozzle_no_extrusion_0495.jpg,否,4,0.937500,0.853381,否,,,
1233,test,test/images/nozzle_extrusion_normal_0856.jpg,test,test/images/nozzle_extrusion_normal_0893.jpg,否,6,0.906250,0.853381,否,,,
1234,test,test/images/nozzle_tip_wrapped_0983.jpg,test,test/images/nozzle_tip_wrapped_0984.jpg,否,4,0.937500,0.853302,否,,,
1235,train,train/images/nozzle_extrusion_normal_0332.jpg,train,train/images/nozzle_extrusion_normal_0368.jpg,否,4,0.937500,0.853271,否,,,
1236,train,train/images/nozzle_no_extrusion_0205.jpg,train,train/images/nozzle_no_extrusion_0274.jpg,否,4,0.937500,0.853257,否,,,
1237,test,test/images/nozzle_no_extrusion_0767.jpg,test,test/images/nozzle_no_extrusion_0775.jpg,否,2,0.968750,0.853212,否,,,
1238,train,train/images/nozzle_no_extrusion_0159.jpg,train,train/images/nozzle_no_extrusion_0386.jpg,否,2,0.968750,0.853190,否,,,
1239,val,val/images/nozzle_extrusion_normal_0519.jpg,val,val/images/nozzle_extrusion_normal_0561.jpg,否,6,0.906250,0.853165,否,,,
1240,val,val/images/nozzle_extrusion_normal_0872.jpg,val,val/images/nozzle_extrusion_normal_0890.jpg,否,6,0.906250,0.853128,否,,,
1241,train,train/images/nozzle_tip_wrapped_0267.jpg,train,train/images/nozzle_tip_wrapped_0268.jpg,否,6,0.906250,0.853112,否,,,
1242,train,train/images/nozzle_extrusion_normal_0203.jpg,train,train/images/nozzle_extrusion_normal_0229.jpg,否,2,0.968750,0.853086,否,,,
1243,train,train/images/nozzle_no_extrusion_0558.jpg,train,train/images/nozzle_no_extrusion_0584.jpg,否,4,0.937500,0.853084,否,,,
1244,train,train/images/nozzle_extrusion_normal_0992.jpg,train,train/images/nozzle_extrusion_normal_1122.jpg,否,4,0.937500,0.853061,否,,,
1245,train,train/images/nozzle_extrusion_normal_1091.jpg,train,train/images/nozzle_extrusion_normal_1115.jpg,否,6,0.906250,0.853023,否,,,
1246,val,val/images/nozzle_extrusion_normal_0335.jpg,val,val/images/nozzle_extrusion_normal_0411.jpg,否,4,0.937500,0.853017,否,,,
1247,val,val/images/nozzle_extrusion_normal_0033.jpg,val,val/images/nozzle_extrusion_normal_0037.jpg,否,6,0.906250,0.852952,否,,,
1248,val,val/images/nozzle_extrusion_normal_0037.jpg,val,val/images/nozzle_extrusion_normal_0041.jpg,否,6,0.906250,0.852952,否,,,
1249,test,test/images/nozzle_extrusion_normal_0503.jpg,test,test/images/nozzle_extrusion_normal_0547.jpg,否,4,0.937500,0.852940,否,,,
1250,train,train/images/nozzle_no_extrusion_0162.jpg,train,train/images/nozzle_no_extrusion_0205.jpg,否,2,0.968750,0.852939,否,,,
1251,test,test/images/nozzle_tip_wrapped_0345.jpg,test,test/images/nozzle_tip_wrapped_0347.jpg,否,4,0.937500,0.852850,否,,,
1252,train,train/images/nozzle_extrusion_normal_0971.jpg,train,train/images/nozzle_extrusion_normal_0992.jpg,否,4,0.937500,0.852848,否,,,
1253,val,val/images/nozzle_extrusion_normal_1218.jpg,val,val/images/nozzle_extrusion_normal_1227.jpg,否,2,0.968750,0.852814,否,,,
1254,train,train/images/nozzle_extrusion_normal_0811.jpg,train,train/images/nozzle_extrusion_normal_0828.jpg,否,2,0.968750,0.852744,否,,,
1255,val,val/images/nozzle_extrusion_normal_0269.jpg,val,val/images/nozzle_extrusion_normal_0300.jpg,否,4,0.937500,0.852705,否,,,
1256,train,train/images/nozzle_no_extrusion_0231.jpg,train,train/images/nozzle_no_extrusion_0266.jpg,否,4,0.937500,0.852694,否,,,
1257,val,val/images/nozzle_extrusion_normal_1437.jpg,val,val/images/nozzle_extrusion_normal_1457.jpg,否,6,0.906250,0.852669,否,,,
1258,train,train/images/nozzle_extrusion_normal_1157.jpg,train,train/images/nozzle_extrusion_normal_1182.jpg,否,4,0.937500,0.852641,否,,,
1259,train,train/images/nozzle_no_extrusion_0162.jpg,train,train/images/nozzle_no_extrusion_0206.jpg,否,4,0.937500,0.852638,否,,,
1260,train,train/images/nozzle_no_extrusion_0204.jpg,train,train/images/nozzle_no_extrusion_0316.jpg,否,2,0.968750,0.852637,否,,,
1261,val,val/images/nozzle_extrusion_normal_1219.jpg,val,val/images/nozzle_extrusion_normal_1226.jpg,否,6,0.906250,0.852533,否,,,
1262,train,train/images/nozzle_no_extrusion_0849.jpg,train,train/images/nozzle_no_extrusion_0857.jpg,否,0,1.000000,0.852530,否,,,
1263,train,train/images/nozzle_no_extrusion_0346.jpg,train,train/images/nozzle_no_extrusion_0604.jpg,否,2,0.968750,0.852468,否,,,
1264,test,test/images/nozzle_extrusion_normal_0754.jpg,test,test/images/nozzle_extrusion_normal_0771.jpg,否,4,0.937500,0.852453,否,,,
1265,val,val/images/nozzle_extrusion_normal_0891.jpg,val,val/images/nozzle_extrusion_normal_0931.jpg,否,6,0.906250,0.852447,否,,,
1266,train,train/images/nozzle_no_extrusion_0222.jpg,train,train/images/nozzle_no_extrusion_0228.jpg,否,2,0.968750,0.852439,否,,,
1267,test,test/images/nozzle_extrusion_normal_0036.jpg,test,test/images/nozzle_extrusion_normal_0042.jpg,否,6,0.906250,0.852438,否,,,
1268,train,train/images/nozzle_extrusion_normal_0455.jpg,train,train/images/nozzle_extrusion_normal_0497.jpg,否,6,0.906250,0.852435,否,,,
1269,train,train/images/nozzle_extrusion_normal_0156.jpg,train,train/images/nozzle_extrusion_normal_0203.jpg,否,4,0.937500,0.852388,否,,,
1270,train,train/images/nozzle_tip_wrapped_0067.jpg,train,train/images/nozzle_tip_wrapped_0069.jpg,否,6,0.906250,0.852314,否,,,
1271,train,train/images/nozzle_extrusion_normal_1374.jpg,train,train/images/nozzle_extrusion_normal_1399.jpg,否,6,0.906250,0.852307,否,,,
1272,train,train/images/nozzle_extrusion_normal_1285.jpg,train,train/images/nozzle_extrusion_normal_1311.jpg,否,4,0.937500,0.852297,否,,,
1273,train,train/images/nozzle_tip_wrapped_0378.jpg,train,train/images/nozzle_tip_wrapped_0379.jpg,否,6,0.906250,0.852250,否,,,
1274,train,train/images/nozzle_extrusion_normal_1047.jpg,train,train/images/nozzle_extrusion_normal_1054.jpg,否,4,0.937500,0.852245,否,,,
1275,train,train/images/nozzle_extrusion_normal_0339.jpg,train,train/images/nozzle_extrusion_normal_0416.jpg,否,6,0.906250,0.852244,否,,,
1276,train,train/images/nozzle_extrusion_normal_0977.jpg,train,train/images/nozzle_extrusion_normal_0979.jpg,否,6,0.906250,0.852240,否,,,
1277,train,train/images/nozzle_extrusion_normal_0451.jpg,train,train/images/nozzle_extrusion_normal_0493.jpg,否,2,0.968750,0.852220,否,,,
1278,train,train/images/nozzle_extrusion_normal_1046.jpg,train,train/images/nozzle_extrusion_normal_1114.jpg,否,4,0.937500,0.852187,否,,,
1279,train,train/images/nozzle_no_extrusion_0307.jpg,train,train/images/nozzle_no_extrusion_0657.jpg,否,4,0.937500,0.852162,否,,,
1280,train,train/images/nozzle_extrusion_normal_1027.jpg,train,train/images/nozzle_extrusion_normal_1138.jpg,否,6,0.906250,0.852131,否,,,
1281,train,train/images/nozzle_no_extrusion_0265.jpg,train,train/images/nozzle_no_extrusion_0375.jpg,否,2,0.968750,0.852099,否,,,
1282,train,train/images/nozzle_extrusion_normal_0458.jpg,train,train/images/nozzle_extrusion_normal_0499.jpg,否,4,0.937500,0.852033,否,,,
1283,train,train/images/nozzle_extrusion_normal_0908.jpg,train,train/images/nozzle_extrusion_normal_0965.jpg,否,4,0.937500,0.851991,否,,,
1284,train,train/images/nozzle_no_extrusion_0180.jpg,train,train/images/nozzle_no_extrusion_0220.jpg,否,2,0.968750,0.851974,否,,,
1285,train,train/images/nozzle_extrusion_normal_0950.jpg,train,train/images/nozzle_extrusion_normal_1012.jpg,否,4,0.937500,0.851936,否,,,
1286,train,train/images/nozzle_extrusion_normal_0879.jpg,train,train/images/nozzle_extrusion_normal_0898.jpg,否,6,0.906250,0.851930,否,,,
1287,train,train/images/nozzle_tip_wrapped_0619.jpg,train,train/images/nozzle_tip_wrapped_0637.jpg,否,6,0.906250,0.851878,否,,,
1288,train,train/images/nozzle_extrusion_normal_1257.jpg,train,train/images/nozzle_extrusion_normal_1284.jpg,否,4,0.937500,0.851850,否,,,
1289,val,val/images/nozzle_tip_wrapped_0496.jpg,val,val/images/nozzle_tip_wrapped_0497.jpg,否,6,0.906250,0.851837,否,,,
1290,train,train/images/nozzle_extrusion_normal_1068.jpg,train,train/images/nozzle_extrusion_normal_1090.jpg,否,6,0.906250,0.851810,否,,,
1291,train,train/images/nozzle_extrusion_normal_0904.jpg,train,train/images/nozzle_extrusion_normal_0941.jpg,否,4,0.937500,0.851792,否,,,
1292,val,val/images/nozzle_extrusion_normal_0210.jpg,val,val/images/nozzle_extrusion_normal_0237.jpg,否,6,0.906250,0.851777,否,,,
1293,train,train/images/nozzle_no_extrusion_0606.jpg,train,train/images/nozzle_no_extrusion_0610.jpg,否,2,0.968750,0.851686,否,,,
1294,test,test/images/nozzle_tip_wrapped_1075.jpg,test,test/images/nozzle_tip_wrapped_1088.jpg,否,6,0.906250,0.851672,否,,,
1295,train,train/images/nozzle_tip_wrapped_0321.jpg,train,train/images/nozzle_tip_wrapped_0323.jpg,否,6,0.906250,0.851650,否,,,
1296,train,train/images/nozzle_tip_wrapped_1117.jpg,train,train/images/nozzle_tip_wrapped_1130.jpg,否,6,0.906250,0.851647,否,,,
1297,train,train/images/nozzle_extrusion_normal_0431.jpg,train,train/images/nozzle_extrusion_normal_0470.jpg,否,4,0.937500,0.851639,否,,,
1298,train,train/images/nozzle_extrusion_normal_0454.jpg,train,train/images/nozzle_extrusion_normal_0496.jpg,否,6,0.906250,0.851605,否,,,
1299,train,train/images/nozzle_extrusion_normal_0337.jpg,train,train/images/nozzle_extrusion_normal_0414.jpg,否,6,0.906250,0.851566,否,,,
1300,train,train/images/nozzle_extrusion_normal_1051.jpg,train,train/images/nozzle_extrusion_normal_1073.jpg,否,4,0.937500,0.851539,否,,,
1301,train,train/images/nozzle_extrusion_normal_0535.jpg,train,train/images/nozzle_extrusion_normal_0578.jpg,否,4,0.937500,0.851520,否,,,
1302,train,train/images/nozzle_no_extrusion_0044.jpg,train,train/images/nozzle_no_extrusion_0052.jpg,否,0,1.000000,0.851417,否,,,
1303,val,val/images/nozzle_extrusion_normal_0943.jpg,val,val/images/nozzle_extrusion_normal_0984.jpg,否,2,0.968750,0.851401,否,,,
1304,val,val/images/nozzle_extrusion_normal_0743.jpg,val,val/images/nozzle_extrusion_normal_0758.jpg,否,2,0.968750,0.851383,否,,,
1305,train,train/images/nozzle_extrusion_normal_1038.jpg,train,train/images/nozzle_extrusion_normal_1063.jpg,否,6,0.906250,0.851379,否,,,
1306,train,train/images/nozzle_tip_wrapped_0101.jpg,train,train/images/nozzle_tip_wrapped_0103.jpg,否,6,0.906250,0.851364,否,,,
1307,test,test/images/nozzle_tip_wrapped_0445.jpg,test,test/images/nozzle_tip_wrapped_0446.jpg,否,6,0.906250,0.851351,否,,,
1308,train,train/images/nozzle_no_extrusion_0192.jpg,train,train/images/nozzle_no_extrusion_0232.jpg,否,2,0.968750,0.851299,否,,,
1309,train,train/images/nozzle_extrusion_normal_0386.jpg,train,train/images/nozzle_extrusion_normal_0508.jpg,否,6,0.906250,0.851284,否,,,
1310,train,train/images/nozzle_tip_wrapped_0102.jpg,train,train/images/nozzle_tip_wrapped_0104.jpg,否,4,0.937500,0.851272,否,,,
1311,train,train/images/nozzle_extrusion_normal_1141.jpg,train,train/images/nozzle_extrusion_normal_1167.jpg,否,4,0.937500,0.851250,否,,,
1312,train,train/images/nozzle_no_extrusion_0180.jpg,train,train/images/nozzle_no_extrusion_0257.jpg,否,2,0.968750,0.851246,否,,,
1313,train,train/images/nozzle_no_extrusion_0155.jpg,train,train/images/nozzle_no_extrusion_0891.jpg,否,4,0.937500,0.851168,否,,,
1314,test,test/images/nozzle_tip_wrapped_0318.jpg,test,test/images/nozzle_tip_wrapped_0319.jpg,否,6,0.906250,0.851061,否,,,
1315,train,train/images/nozzle_no_extrusion_0384.jpg,train,train/images/nozzle_no_extrusion_0434.jpg,否,4,0.937500,0.851027,否,,,
1316,train,train/images/nozzle_no_extrusion_0269.jpg,train,train/images/nozzle_no_extrusion_0657.jpg,否,4,0.937500,0.851013,否,,,
1317,train,train/images/nozzle_extrusion_normal_1072.jpg,train,train/images/nozzle_extrusion_normal_1074.jpg,否,6,0.906250,0.850976,否,,,
1318,train,train/images/nozzle_extrusion_normal_0779.jpg,train,train/images/nozzle_extrusion_normal_0811.jpg,否,4,0.937500,0.850907,否,,,
1319,train,train/images/nozzle_no_extrusion_0251.jpg,train,train/images/nozzle_no_extrusion_0287.jpg,否,2,0.968750,0.850863,否,,,
1320,train,train/images/nozzle_extrusion_normal_1376.jpg,train,train/images/nozzle_extrusion_normal_1401.jpg,否,4,0.937500,0.850847,否,,,
1321,train,train/images/nozzle_extrusion_normal_0538.jpg,train,train/images/nozzle_extrusion_normal_0581.jpg,否,6,0.906250,0.850843,否,,,
1322,train,train/images/nozzle_no_extrusion_0584.jpg,train,train/images/nozzle_no_extrusion_0594.jpg,否,4,0.937500,0.850818,否,,,
1323,test,test/images/nozzle_no_extrusion_0523.jpg,test,test/images/nozzle_no_extrusion_0524.jpg,否,4,0.937500,0.850815,否,,,
1324,train,train/images/nozzle_extrusion_normal_0305.jpg,train,train/images/nozzle_extrusion_normal_0374.jpg,否,4,0.937500,0.850804,否,,,
1325,train,train/images/nozzle_extrusion_normal_0296.jpg,train,train/images/nozzle_extrusion_normal_0329.jpg,否,6,0.906250,0.850789,否,,,
1326,train,train/images/nozzle_extrusion_normal_1321.jpg,train,train/images/nozzle_extrusion_normal_1347.jpg,否,4,0.937500,0.850771,否,,,
1327,train,train/images/nozzle_no_extrusion_0223.jpg,train,train/images/nozzle_no_extrusion_0379.jpg,否,2,0.968750,0.850748,否,,,
1328,train,train/images/nozzle_no_extrusion_0636.jpg,train,train/images/nozzle_no_extrusion_0886.jpg,否,6,0.906250,0.850731,否,,,
1329,train,train/images/nozzle_extrusion_normal_1199.jpg,train,train/images/nozzle_extrusion_normal_1216.jpg,否,6,0.906250,0.850701,否,,,
1330,train,train/images/nozzle_extrusion_normal_0353.jpg,train,train/images/nozzle_extrusion_normal_0432.jpg,否,4,0.937500,0.850670,否,,,
1331,train,train/images/nozzle_no_extrusion_0455.jpg,train,train/images/nozzle_no_extrusion_0604.jpg,否,4,0.937500,0.850613,否,,,
1332,train,train/images/nozzle_tip_wrapped_0431.jpg,train,train/images/nozzle_tip_wrapped_0432.jpg,否,4,0.937500,0.850575,否,,,
1333,train,train/images/nozzle_extrusion_normal_0879.jpg,train,train/images/nozzle_extrusion_normal_0902.jpg,否,6,0.906250,0.850572,否,,,
1334,train,train/images/nozzle_extrusion_normal_1048.jpg,train,train/images/nozzle_extrusion_normal_1070.jpg,否,4,0.937500,0.850531,否,,,
1335,train,train/images/nozzle_extrusion_normal_1062.jpg,train,train/images/nozzle_extrusion_normal_1083.jpg,否,6,0.906250,0.850493,否,,,
1336,val,val/images/nozzle_extrusion_normal_1415.jpg,val,val/images/nozzle_extrusion_normal_1437.jpg,否,6,0.906250,0.850476,否,,,
1337,test,test/images/nozzle_tip_wrapped_0157.jpg,test,test/images/nozzle_tip_wrapped_0158.jpg,否,6,0.906250,0.850430,否,,,
1338,train,train/images/nozzle_extrusion_normal_0468.jpg,train,train/images/nozzle_extrusion_normal_0510.jpg,否,2,0.968750,0.850314,否,,,
1339,train,train/images/nozzle_tip_wrapped_0058.jpg,train,train/images/nozzle_tip_wrapped_0059.jpg,否,4,0.937500,0.850310,否,,,
1340,train,train/images/nozzle_extrusion_normal_0781.jpg,train,train/images/nozzle_extrusion_normal_0796.jpg,否,2,0.968750,0.850294,否,,,
1341,train,train/images/nozzle_tip_wrapped_0250.jpg,train,train/images/nozzle_tip_wrapped_0251.jpg,否,6,0.906250,0.850254,否,,,
1342,train,train/images/nozzle_extrusion_normal_0938.jpg,train,train/images/nozzle_extrusion_normal_0957.jpg,否,4,0.937500,0.850242,否,,,
1343,train,train/images/nozzle_no_extrusion_0191.jpg,train,train/images/nozzle_no_extrusion_0595.jpg,否,4,0.937500,0.850232,否,,,
1344,train,train/images/nozzle_no_extrusion_0553.jpg,train,train/images/nozzle_no_extrusion_0554.jpg,否,0,1.000000,0.850198,否,,,
1345,train,train/images/nozzle_tip_wrapped_1226.jpg,train,train/images/nozzle_tip_wrapped_1237.jpg,否,4,0.937500,0.850192,否,,,
1346,train,train/images/nozzle_tip_wrapped_0451.jpg,train,train/images/nozzle_tip_wrapped_0452.jpg,否,6,0.906250,0.850188,否,,,
1347,train,train/images/nozzle_no_extrusion_0306.jpg,train,train/images/nozzle_no_extrusion_0471.jpg,否,2,0.968750,0.850180,否,,,
1348,val,val/images/nozzle_no_extrusion_0107.jpg,val,val/images/nozzle_no_extrusion_0109.jpg,否,4,0.937500,0.850028,否,,,
