数据划分,图片路径,标签路径,文件名,文件名前缀,图像宽度,图像高度,目标框数量,平均亮度,亮度标准差,过曝像素比例,欠曝像素比例,模糊度分数,红通道均值,绿通道均值,蓝通道均值,SHA256
train,D:\ruanjianxiazai\pycharm2026\datasets\dataset_2_abnormal_binary_clean_v3\train\images\nozzle_tip_wrapped_1315.jpg,D:\ruanjianxiazai\pycharm2026\datasets\dataset_2_abnormal_binary_clean_v3\train\labels\nozzle_tip_wrapped_1315.txt,nozzle_tip_wrapped_1315.jpg,nozzle_tip_wrapped,660,1172,1,145.5780029296875,101.21761322021484,0.37749250180990795,0.08677474402730376,6.514714241027832,144.73606112317717,146.751763367463,141.74237640914262,a8f371077e11b2f4c8f0b2e3b3b1c1e1ea67d42e4bafa7414c15c1626fe530de
train,D:\ruanjianxiazai\pycharm2026\datasets\dataset_2_abnormal_binary_clean_v3\train\images\nozzle_tip_wrapped_1316.jpg,D:\ruanjianxiazai\pycharm2026\datasets\dataset_2_abnormal_binary_clean_v3\train\labels\nozzle_tip_wrapped_1316.txt,nozzle_tip_wrapped_1316.jpg,nozzle_tip_wrapped,660,1172,1,165.3297576904297,101.05416870117188,0.4776101458268694,0.09648619298789947,7.343080997467041,164.05226884889854,166.86827231357947,160.7582622298066,65778d6408ac1b5b13dd86e107b25aaa74aa626c2af766bfc50c86034f1005af
train,D:\ruanjianxiazai\pycharm2026\datasets\dataset_2_abnormal_binary_clean_v3\train\images\nozzle_tip_wrapped_1309.jpg,D:\ruanjianxiazai\pycharm2026\datasets\dataset_2_abnormal_binary_clean_v3\train\labels\nozzle_tip_wrapped_1309.txt,nozzle_tip_wrapped_1309.jpg,nozzle_tip_wrapped,660,1172,1,86.81462097167969,78.7463150024414,0.12382614541317613,0.12246612886544628,17.486326217651367,87.98872944461682,89.58644249663874,69.46270038266626,86fd778d4cf0098e008bd55a99c9d577a757e6c264da8e273ddbddc408835207
val,D:\ruanjianxiazai\pycharm2026\datasets\dataset_2_abnormal_binary_clean_v3\val\images\nozzle_tip_wrapped_1298.jpg,D:\ruanjianxiazai\pycharm2026\datasets\dataset_2_abnormal_binary_clean_v3\val\labels\nozzle_tip_wrapped_1298.txt,nozzle_tip_wrapped_1298.jpg,nozzle_tip_wrapped,660,1172,1,107.63174438476562,79.735595703125,0.11305202192574207,0.09213207156893163,17.515323638916016,106.69105259075396,111.25935463853553,91.41978100113765,3c5c532f20c42b4433283cf835572a0123c8401593f59ce09261d206c1af75b3
train,D:\ruanjianxiazai\pycharm2026\datasets\dataset_2_abnormal_binary_clean_v3\train\images\nozzle_tip_wrapped_1308.jpg,D:\ruanjianxiazai\pycharm2026\datasets\dataset_2_abnormal_binary_clean_v3\train\labels\nozzle_tip_wrapped_1308.txt,nozzle_tip_wrapped_1308.jpg,nozzle_tip_wrapped,660,1172,1,95.60950469970703,77.5478744506836,0.12006670803599132,0.08550522287723653,18.117530822753906,97.47159737304789,98.13432619712484,77.72481771641328,0b95ce5cf08c66656742fc4912c4c1a8849b71ab5d7416db56a8f6061cf75168
val,D:\ruanjianxiazai\pycharm2026\datasets\dataset_2_abnormal_binary_clean_v3\val\images\nozzle_tip_wrapped_1314.jpg,D:\ruanjianxiazai\pycharm2026\datasets\dataset_2_abnormal_binary_clean_v3\val\labels\nozzle_tip_wrapped_1314.txt,nozzle_tip_wrapped_1314.jpg,nozzle_tip_wrapped,660,1172,1,131.2386932373047,101.93092346191406,0.317013134760575,0.08786585996483608,18.231910705566406,130.37515125659323,132.78667519908987,125.53280975281828,cc88c5aeaafb61548619803bf6110db084a770583499e54ed018d1e1271e5ef6
train,D:\ruanjianxiazai\pycharm2026\datasets\dataset_2_abnormal_binary_clean_v3\train\images\nozzle_tip_wrapped_1304.jpg,D:\ruanjianxiazai\pycharm2026\datasets\dataset_2_abnormal_binary_clean_v3\train\labels\nozzle_tip_wrapped_1304.txt,nozzle_tip_wrapped_1304.jpg,nozzle_tip_wrapped,660,1172,1,99.4078369140625,87.28270721435547,0.1575330954597166,0.10555900299927604,18.510801315307617,102.18929439445651,100.95982262902058,84.12097554038681,9965e0b0453f67188b2910ccb93a65473af2d553f64c578a97f130d2bcadda09
train,D:\ruanjianxiazai\pycharm2026\datasets\dataset_2_abnormal_binary_clean_v3\train\images\nozzle_tip_wrapped_1300.jpg,D:\ruanjianxiazai\pycharm2026\datasets\dataset_2_abnormal_binary_clean_v3\train\labels\nozzle_tip_wrapped_1300.txt,nozzle_tip_wrapped_1300.jpg,nozzle_tip_wrapped,660,1172,1,85.4439697265625,78.28365325927734,0.1148903712896887,0.13099984486503258,18.64023780822754,86.26886311924707,88.47954028337988,67.64992243251629,46395fd1853d1ca68c7749d3ab746d02a8a7d30be78f4b565a52334243537a17
train,D:\ruanjianxiazai\pycharm2026\datasets\dataset_2_abnormal_binary_clean_v3\train\images\nozzle_tip_wrapped_1299.jpg,D:\ruanjianxiazai\pycharm2026\datasets\dataset_2_abnormal_binary_clean_v3\train\labels\nozzle_tip_wrapped_1299.txt,nozzle_tip_wrapped_1299.jpg,nozzle_tip_wrapped,660,1172,1,89.06864929199219,76.67550659179688,0.11698727893267143,0.10267349260523322,18.761993408203125,90.30476005791705,91.87893913538112,71.35609421863688,a71ac94e67d0e3cb0b3411bb610b23d76f42e85d16327ecf0c7d023b6bcaacdf
val,D:\ruanjianxiazai\pycharm2026\datasets\dataset_2_abnormal_binary_clean_v3\val\images\nozzle_tip_wrapped_1302.jpg,D:\ruanjianxiazai\pycharm2026\datasets\dataset_2_abnormal_binary_clean_v3\val\labels\nozzle_tip_wrapped_1302.txt,nozzle_tip_wrapped_1302.jpg,nozzle_tip_wrapped,660,1172,1,87.1771240234375,80.5177993774414,0.11255688282138794,0.1384411521356914,19.042722702026367,88.90329015410073,89.5218068052539,70.57650351639259,143e8b01c2b3934a99c91a38518ed34acbb023f539b746463d3042e7294466f9
train,D:\ruanjianxiazai\pycharm2026\datasets\dataset_2_abnormal_binary_clean_v3\train\images\nozzle_tip_wrapped_1303.jpg,D:\ruanjianxiazai\pycharm2026\datasets\dataset_2_abnormal_binary_clean_v3\train\labels\nozzle_tip_wrapped_1303.txt,nozzle_tip_wrapped_1303.jpg,nozzle_tip_wrapped,660,1172,1,96.05194091796875,77.10203552246094,0.1162736580825318,0.1182063812183266,19.670568466186523,99.12534646809391,97.8020128762023,78.97977686420519,b431e3d3ba923d284e427d06f2ad936afed21c6cd25d6661ed9ba2b17abf79f9
train,D:\ruanjianxiazai\pycharm2026\datasets\dataset_2_abnormal_binary_clean_v3\train\images\nozzle_tip_wrapped_1301.jpg,D:\ruanjianxiazai\pycharm2026\datasets\dataset_2_abnormal_binary_clean_v3\train\labels\nozzle_tip_wrapped_1301.txt,nozzle_tip_wrapped_1301.jpg,nozzle_tip_wrapped,660,1172,1,84.32890319824219,76.95977020263672,0.10889957596442239,0.13221248319371187,20.01600456237793,86.04073714965354,86.81720188230427,67.02646990381632,2d48c850250743787744a7117de0dc410ade421c9b9e19c2936b6e2cdace56a4
train,D:\ruanjianxiazai\pycharm2026\datasets\dataset_2_abnormal_binary_clean_v3\train\images\nozzle_tip_wrapped_1306.jpg,D:\ruanjianxiazai\pycharm2026\datasets\dataset_2_abnormal_binary_clean_v3\train\labels\nozzle_tip_wrapped_1306.txt,nozzle_tip_wrapped_1306.jpg,nozzle_tip_wrapped,660,1172,1,114.20203399658203,88.74417114257812,0.19800134450305099,0.08649808666873514,21.641693115234375,117.5921954183473,115.18816320198573,100.23279036094736,530d3d0ade0cf586716b5b4cee84d2b81053bf0d9e1b80d94fcc58cca2038631
train,D:\ruanjianxiazai\pycharm2026\datasets\dataset_2_abnormal_binary_clean_v3\train\images\nozzle_tip_wrapped_1296.jpg,D:\ruanjianxiazai\pycharm2026\datasets\dataset_2_abnormal_binary_clean_v3\train\labels\nozzle_tip_wrapped_1296.txt,nozzle_tip_wrapped_1296.jpg,nozzle_tip_wrapped,660,1172,1,125.29234313964844,94.15931701660156,0.21660073430551247,0.08039481849208811,21.80615997314453,126.02527665735857,127.47156246768022,112.14909763160617,f7e89807b55f0730aa86c5c9f99db4dcea004f8d3b9af59b4772fca8c40f1012
train,D:\ruanjianxiazai\pycharm2026\datasets\dataset_2_abnormal_binary_clean_v3\train\images\nozzle_tip_wrapped_1291.jpg,D:\ruanjianxiazai\pycharm2026\datasets\dataset_2_abnormal_binary_clean_v3\train\labels\nozzle_tip_wrapped_1291.txt,nozzle_tip_wrapped_1291.jpg,nozzle_tip_wrapped,660,1172,1,83.37556457519531,77.6149673461914,0.10074981900920467,0.1403144068673079,22.37037467956543,86.63702166718379,84.75603992139828,67.71308692729342,d7a1a085be784db47aa82fbc6eac13502c14efe473dd57ebf1cb72adfbaf2bdf
train,D:\ruanjianxiazai\pycharm2026\datasets\dataset_2_abnormal_binary_clean_v3\train\images\nozzle_tip_wrapped_1264.jpg,D:\ruanjianxiazai\pycharm2026\datasets\dataset_2_abnormal_binary_clean_v3\train\labels\nozzle_tip_wrapped_1264.txt,nozzle_tip_wrapped_1264.jpg,nozzle_tip_wrapped,660,1172,1,128.5463409423828,88.58079528808594,0.2385523321956769,0.061990640190298894,22.538280487060547,128.55621056986246,130.98260807736062,115.97574723342642,d52ff41bd61783273cf32e6bd3ae45a89efc9315581a87cecb452e861e97a98a
train,D:\ruanjianxiazai\pycharm2026\datasets\dataset_2_abnormal_binary_clean_v3\train\images\nozzle_tip_wrapped_1293.jpg,D:\ruanjianxiazai\pycharm2026\datasets\dataset_2_abnormal_binary_clean_v3\train\labels\nozzle_tip_wrapped_1293.txt,nozzle_tip_wrapped_1293.jpg,nozzle_tip_wrapped,660,1172,1,102.93295288085938,87.44164276123047,0.15628813734615782,0.10126434998448651,23.262903213500977,105.7809817457855,104.36808873720136,88.07338271796463,568a7a1f5182411dca5341a16c48e8f5d2717057401ad8359ce81a5f79cb95b2
train,D:\ruanjianxiazai\pycharm2026\datasets\dataset_2_abnormal_binary_clean_v3\train\images\nozzle_tip_wrapped_1262.jpg,D:\ruanjianxiazai\pycharm2026\datasets\dataset_2_abnormal_binary_clean_v3\train\labels\nozzle_tip_wrapped_1262.txt,nozzle_tip_wrapped_1262.jpg,nozzle_tip_wrapped,660,1172,1,118.2233657836914,83.43791198730469,0.18395387320301995,0.06197771227634709,23.827999114990234,118.24119867618161,120.98367204467887,103.96336746302616,521e9e4045ac080ffdbdc8ad42ecc91b720d55ea7dfb00db2ccbe8aaaae971f6
train,D:\ruanjianxiazai\pycharm2026\datasets\dataset_2_abnormal_binary_clean_v3\train\images\nozzle_tip_wrapped_1289.jpg,D:\ruanjianxiazai\pycharm2026\datasets\dataset_2_abnormal_binary_clean_v3\train\labels\nozzle_tip_wrapped_1289.txt,nozzle_tip_wrapped_1289.jpg,nozzle_tip_wrapped,660,1172,1,84.77705383300781,72.3112564086914,0.0942341503774951,0.10478332816216775,23.873083114624023,87.67487718481746,86.48316009928638,68.39159427034853,1e15d802cebf8a9de65805bd0106b249c78611633633f6028a59bb13638d71f3
val,D:\ruanjianxiazai\pycharm2026\datasets\dataset_2_abnormal_binary_clean_v3\val\images\nozzle_tip_wrapped_1305.jpg,D:\ruanjianxiazai\pycharm2026\datasets\dataset_2_abnormal_binary_clean_v3\val\labels\nozzle_tip_wrapped_1305.txt,nozzle_tip_wrapped_1305.jpg,nozzle_tip_wrapped,660,1172,1,106.34085083007812,85.48735809326172,0.16435515565208397,0.08718843727376151,24.665159225463867,110.19657798117696,107.26417157927396,91.47359990691902,70b5039f6aca326e03f057c2e01e89697e4caa2c77b1eb617cc3bc16213deb25
train,D:\ruanjianxiazai\pycharm2026\datasets\dataset_2_abnormal_binary_clean_v3\train\images\nozzle_tip_wrapped_1283.jpg,D:\ruanjianxiazai\pycharm2026\datasets\dataset_2_abnormal_binary_clean_v3\train\labels\nozzle_tip_wrapped_1283.txt,nozzle_tip_wrapped_1283.jpg,nozzle_tip_wrapped,660,1172,1,107.62020111083984,86.74894714355469,0.1616932981694074,0.08956975902368394,24.723052978515625,110.5492243251629,109.28534233116144,91.36404488571723,37be04e2e143d386801c76cba5fe21d8afb3ae07bed45c62a623c1e5ffc47ef6
train,D:\ruanjianxiazai\pycharm2026\datasets\dataset_2_abnormal_binary_clean_v3\train\images\nozzle_tip_wrapped_1242.jpg,D:\ruanjianxiazai\pycharm2026\datasets\dataset_2_abnormal_binary_clean_v3\train\labels\nozzle_tip_wrapped_1242.txt,nozzle_tip_wrapped_1242.jpg,nozzle_tip_wrapped,660,1172,1,143.4586639404297,90.74478912353516,0.28923621884372736,0.054466594270348535,25.20990562438965,144.09220188230427,145.34988235598303,132.05878322473885,73b460d65b5018a7e3a740f2a8ecd9ef36c7cd43f944f336306fd3e5577e7160
train,D:\ruanjianxiazai\pycharm2026\datasets\dataset_2_abnormal_binary_clean_v3\train\images\nozzle_tip_wrapped_1281.jpg,D:\ruanjianxiazai\pycharm2026\datasets\dataset_2_abnormal_binary_clean_v3\train\labels\nozzle_tip_wrapped_1281.txt,nozzle_tip_wrapped_1281.jpg,nozzle_tip_wrapped,660,1172,1,83.82257080078125,75.75194549560547,0.08846830075499018,0.12978720653635328,25.37282371520996,85.94789016444307,86.10252223601199,66.50848458992657,dafd069f1be4aa948a0c4c2e9b2ce89754741a9d89fb32173d15df7c61a63f69
train,D:\ruanjianxiazai\pycharm2026\datasets\dataset_2_abnormal_binary_clean_v3\train\images\nozzle_tip_wrapped_1191.jpg,D:\ruanjianxiazai\pycharm2026\datasets\dataset_2_abnormal_binary_clean_v3\train\labels\nozzle_tip_wrapped_1191.txt,nozzle_tip_wrapped_1191.jpg,nozzle_tip_wrapped,660,1172,1,131.35104370117188,83.88233184814453,0.19636854897093806,0.050638638949219154,25.42133903503418,131.73821620643292,133.97381192470783,116.83103862860689,66c4afb14b9ab69e8ed56af1841c58bd65ba6437e6e4a7307ad35ba849a8fd71
train,D:\ruanjianxiazai\pycharm2026\datasets\dataset_2_abnormal_binary_clean_v3\train\images\nozzle_tip_wrapped_1294.jpg,D:\ruanjianxiazai\pycharm2026\datasets\dataset_2_abnormal_binary_clean_v3\train\labels\nozzle_tip_wrapped_1294.txt,nozzle_tip_wrapped_1294.jpg,nozzle_tip_wrapped,660,1172,1,103.47085571289062,84.84418487548828,0.15546462922742788,0.08766806288137347,25.745786666870117,107.16879847967732,104.306222204985,89.47064070741546,811436e75ab895843b64c50d770690e7a89f3c431127b1cffb112d31bad5aafb
train,D:\ruanjianxiazai\pycharm2026\datasets\dataset_2_abnormal_binary_clean_v3\train\images\nozzle_tip_wrapped_1292.jpg,D:\ruanjianxiazai\pycharm2026\datasets\dataset_2_abnormal_binary_clean_v3\train\labels\nozzle_tip_wrapped_1292.txt,nozzle_tip_wrapped_1292.jpg,nozzle_tip_wrapped,660,1172,1,92.35497283935547,75.27937316894531,0.10328498293515358,0.12165167028648258,25.793548583984375,95.85174009721791,93.74821206950047,76.00957958423828,1f4b8ce3519f2ae1540e7ae4e1861fab225d542a48fd78aca4151ce42e48c7f2
train,D:\ruanjianxiazai\pycharm2026\datasets\dataset_2_abnormal_binary_clean_v3\train\images\nozzle_tip_wrapped_1245.jpg,D:\ruanjianxiazai\pycharm2026\datasets\dataset_2_abnormal_binary_clean_v3\train\labels\nozzle_tip_wrapped_1245.txt,nozzle_tip_wrapped_1245.jpg,nozzle_tip_wrapped,660,1172,1,95.0647201538086,69.27374267578125,0.07806391560657772,0.06312958940945289,26.02887725830078,98.7258028234564,97.22240278208709,74.35223911469646,b096727059e5ad89ed8e517803623ae230ac55ccf38a159b27eb4230af3e47e0
val,D:\ruanjianxiazai\pycharm2026\datasets\dataset_2_abnormal_binary_clean_v3\val\images\nozzle_tip_wrapped_1270.jpg,D:\ruanjianxiazai\pycharm2026\datasets\dataset_2_abnormal_binary_clean_v3\val\labels\nozzle_tip_wrapped_1270.txt,nozzle_tip_wrapped_1270.jpg,nozzle_tip_wrapped,660,1172,1,107.0975112915039,72.54875183105469,0.09388638949219154,0.07278415554866066,26.122455596923828,106.67853707725722,110.59684171062158,90.1778441410694,464410ca44b0eefd15c98e2d8947e26de066e4add85e69cfc90be5b54ec1a14a
train,D:\ruanjianxiazai\pycharm2026\datasets\dataset_2_abnormal_binary_clean_v3\train\images\nozzle_tip_wrapped_1271.jpg,D:\ruanjianxiazai\pycharm2026\datasets\dataset_2_abnormal_binary_clean_v3\train\labels\nozzle_tip_wrapped_1271.txt,nozzle_tip_wrapped_1271.jpg,nozzle_tip_wrapped,660,1172,1,115.82917785644531,86.33162689208984,0.19097760885303547,0.06892388044265177,26.25004005432129,115.42291343468818,118.69970782914469,102.1139220705347,0fad30283a82203f4f692ef81842596028d8b9d55f7eeb9102e300e028bac191
train,D:\ruanjianxiazai\pycharm2026\datasets\dataset_2_abnormal_binary_clean_v3\train\images\nozzle_tip_wrapped_1254.jpg,D:\ruanjianxiazai\pycharm2026\datasets\dataset_2_abnormal_binary_clean_v3\train\labels\nozzle_tip_wrapped_1254.txt,nozzle_tip_wrapped_1254.jpg,nozzle_tip_wrapped,660,1172,1,133.92727661132812,90.08889770507812,0.23684584755403867,0.06283354017995656,26.396038055419922,132.778811149033,137.06107017271694,120.80320095149446,5b78a13edf7875096560803c1aea342495f846a1c93c3335cb494dabe889905c
train,D:\ruanjianxiazai\pycharm2026\datasets\dataset_2_abnormal_binary_clean_v3\train\images\nozzle_tip_wrapped_1256.jpg,D:\ruanjianxiazai\pycharm2026\datasets\dataset_2_abnormal_binary_clean_v3\train\labels\nozzle_tip_wrapped_1256.txt,nozzle_tip_wrapped_1256.jpg,nozzle_tip_wrapped,660,1172,1,106.57244110107422,75.33373260498047,0.1049126073016858,0.06875064639569758,26.429807662963867,106.46778751680628,109.79722049850037,90.24202864825732,9886a79c4f775cce9e9d85aea999aea372485d4716c64cc5f65cd311539f55cf
train,D:\ruanjianxiazai\pycharm2026\datasets\dataset_2_abnormal_binary_clean_v3\train\images\nozzle_tip_wrapped_1237.jpg,D:\ruanjianxiazai\pycharm2026\datasets\dataset_2_abnormal_binary_clean_v3\train\labels\nozzle_tip_wrapped_1237.txt,nozzle_tip_wrapped_1237.jpg,nozzle_tip_wrapped,660,1172,1,103.78893280029297,75.91057586669922,0.09339125038783742,0.06341271072499742,26.43975257873535,105.65378529320509,106.403058744441,85.43736296411211,a5e456601e0082d7bbb7addefe56f84816900ea46f6a649bee017b7e6ce07d4c
train,D:\ruanjianxiazai\pycharm2026\datasets\dataset_2_abnormal_binary_clean_v3\train\images\nozzle_tip_wrapped_1276.jpg,D:\ruanjianxiazai\pycharm2026\datasets\dataset_2_abnormal_binary_clean_v3\train\labels\nozzle_tip_wrapped_1276.txt,nozzle_tip_wrapped_1276.jpg,nozzle_tip_wrapped,660,1172,1,116.78581237792969,82.78483581542969,0.1268008584134864,0.07315001551349674,26.751296997070312,115.21532345640708,120.19007911883338,103.37578084600268,2f087f18ee5155ac6506519eb4d0329c87f527a2ee306abc599a40883b099dd8
train,D:\ruanjianxiazai\pycharm2026\datasets\dataset_2_abnormal_binary_clean_v3\train\images\nozzle_tip_wrapped_1275.jpg,D:\ruanjianxiazai\pycharm2026\datasets\dataset_2_abnormal_binary_clean_v3\train\labels\nozzle_tip_wrapped_1275.txt,nozzle_tip_wrapped_1275.jpg,nozzle_tip_wrapped,660,1172,1,101.1780014038086,73.05187225341797,0.09695547626434999,0.06798531388975075,26.946197509765625,101.59504990174786,104.45284801944358,83.22170984589927,45f5218f57c1da427306ef21c8495b5f237bb2045c21215fa872528d2e37f8f7
train,D:\ruanjianxiazai\pycharm2026\datasets\dataset_2_abnormal_binary_clean_v3\train\images\nozzle_tip_wrapped_1286.jpg,D:\ruanjianxiazai\pycharm2026\datasets\dataset_2_abnormal_binary_clean_v3\train\labels\nozzle_tip_wrapped_1286.txt,nozzle_tip_wrapped_1286.jpg,nozzle_tip_wrapped,660,1172,1,128.61190795898438,95.13605499267578,0.24315725514530975,0.08120281311407591,27.020374298095703,129.91884889854174,130.22952347709173,116.85454286896267,3578d7b41c1127204f65ba681d999d06af48038623eda26187ec0b4e4d97d859
val,D:\ruanjianxiazai\pycharm2026\datasets\dataset_2_abnormal_binary_clean_v3\val\images\nozzle_tip_wrapped_1253.jpg,D:\ruanjianxiazai\pycharm2026\datasets\dataset_2_abnormal_binary_clean_v3\val\labels\nozzle_tip_wrapped_1253.txt,nozzle_tip_wrapped_1253.jpg,nozzle_tip_wrapped,660,1172,1,114.47911071777344,81.0947036743164,0.16456975902368393,0.06348898541731306,27.14359474182129,115.41777071051816,117.12144223808046,98.41142051918503,b1ae939abefc4195bab1437fc038ae6db6a82bdecffde10b947f05d5f5589594
val,D:\ruanjianxiazai\pycharm2026\datasets\dataset_2_abnormal_binary_clean_v3\val\images\nozzle_tip_wrapped_1260.jpg,D:\ruanjianxiazai\pycharm2026\datasets\dataset_2_abnormal_binary_clean_v3\val\labels\nozzle_tip_wrapped_1260.txt,nozzle_tip_wrapped_1260.jpg,nozzle_tip_wrapped,660,1172,1,102.62184143066406,75.08936309814453,0.10239295687247905,0.067492760368187,27.33272361755371,103.54344942600062,105.61402678663771,84.79748293515358,fe5738364201405222bd137955848dd84cf03c5b1f9efc5a933bd9a450e947b8
val,D:\ruanjianxiazai\pycharm2026\datasets\dataset_2_abnormal_binary_clean_v3\val\images\nozzle_tip_wrapped_1282.jpg,D:\ruanjianxiazai\pycharm2026\datasets\dataset_2_abnormal_binary_clean_v3\val\labels\nozzle_tip_wrapped_1282.txt,nozzle_tip_wrapped_1282.jpg,nozzle_tip_wrapped,660,1172,1,96.73198699951172,74.48497772216797,0.09863998345227014,0.10398179749715586,27.487470626831055,100.34971558589307,98.41090081704417,78.59875762746923,c02aa5b69405f38e3a526b01139b7ceffd29f6da434bd16b91f9aa7e173daa2f
train,D:\ruanjianxiazai\pycharm2026\datasets\dataset_2_abnormal_binary_clean_v3\train\images\nozzle_tip_wrapped_1259.jpg,D:\ruanjianxiazai\pycharm2026\datasets\dataset_2_abnormal_binary_clean_v3\train\labels\nozzle_tip_wrapped_1259.txt,nozzle_tip_wrapped_1259.jpg,nozzle_tip_wrapped,660,1172,1,107.54908752441406,76.55330657958984,0.08793954907436136,0.06595304581652704,27.49693489074707,107.93671269004034,111.06389233633261,88.43437144482367,f24ce3dff320da2e95ef67a727a638c5ee6862b502f81545d529e838359daf65
train,D:\ruanjianxiazai\pycharm2026\datasets\dataset_2_abnormal_binary_clean_v3\train\images\nozzle_tip_wrapped_1269.jpg,D:\ruanjianxiazai\pycharm2026\datasets\dataset_2_abnormal_binary_clean_v3\train\labels\nozzle_tip_wrapped_1269.txt,nozzle_tip_wrapped_1269.jpg,nozzle_tip_wrapped,660,1172,1,99.92664337158203,76.51091766357422,0.10915167028648258,0.07595795842382873,27.560306549072266,100.69892181197642,102.84963414003516,82.85022365291137,8678cc15bc26e225d996cf19eafab96cad90f293d986bc183f614d3cff29fe24
val,D:\ruanjianxiazai\pycharm2026\datasets\dataset_2_abnormal_binary_clean_v3\val\images\nozzle_tip_wrapped_1295.jpg,D:\ruanjianxiazai\pycharm2026\datasets\dataset_2_abnormal_binary_clean_v3\val\labels\nozzle_tip_wrapped_1295.txt,nozzle_tip_wrapped_1295.jpg,nozzle_tip_wrapped,660,1172,1,105.49679565429688,83.86750793457031,0.16305719309132277,0.08554659220188231,28.273914337158203,109.4317341503775,106.3491402937222,90.78730478849933,dba65c7e59548e8db6a46d80539b84e488d7a0aa9d4b95c1fd97c5fc8dd859f2
train,D:\ruanjianxiazai\pycharm2026\datasets\dataset_2_abnormal_binary_clean_v3\train\images\nozzle_tip_wrapped_1178.jpg,D:\ruanjianxiazai\pycharm2026\datasets\dataset_2_abnormal_binary_clean_v3\train\labels\nozzle_tip_wrapped_1178.txt,nozzle_tip_wrapped_1178.jpg,nozzle_tip_wrapped,660,1172,1,123.85475158691406,82.79505157470703,0.17434067638845796,0.06315932361154204,28.37601089477539,123.67750542972387,126.92477246871445,108.51170493329197,2d36c58a0851e55f418f1a342dabaa6d0f086e392aef189b03959a85b78bc4ae
val,D:\ruanjianxiazai\pycharm2026\datasets\dataset_2_abnormal_binary_clean_v3\val\images\nozzle_tip_wrapped_1244.jpg,D:\ruanjianxiazai\pycharm2026\datasets\dataset_2_abnormal_binary_clean_v3\val\labels\nozzle_tip_wrapped_1244.txt,nozzle_tip_wrapped_1244.jpg,nozzle_tip_wrapped,660,1172,1,108.55619049072266,72.08191680908203,0.09398334884683007,0.058784517530251316,28.58016586303711,111.4442574206226,110.86670674319991,89.08460156169201,675118a163ad3ef19b995d39e73753609683c6e79ed3388c232c401cf59a5616
val,D:\ruanjianxiazai\pycharm2026\datasets\dataset_2_abnormal_binary_clean_v3\val\images\nozzle_tip_wrapped_1268.jpg,D:\ruanjianxiazai\pycharm2026\datasets\dataset_2_abnormal_binary_clean_v3\val\labels\nozzle_tip_wrapped_1268.txt,nozzle_tip_wrapped_1268.jpg,nozzle_tip_wrapped,660,1172,1,97.79528045654297,72.55650329589844,0.09037904643706691,0.07396188850967007,28.612234115600586,98.48978565518668,100.93932671424139,79.78462224635433,fee9928e6991dc66a3cb1f0ca07ccead0954506e29d845b90779ab3dd20a2c81
train,D:\ruanjianxiazai\pycharm2026\datasets\dataset_2_abnormal_binary_clean_v3\train\images\nozzle_tip_wrapped_1229.jpg,D:\ruanjianxiazai\pycharm2026\datasets\dataset_2_abnormal_binary_clean_v3\train\labels\nozzle_tip_wrapped_1229.txt,nozzle_tip_wrapped_1229.jpg,nozzle_tip_wrapped,660,1172,1,121.59657287597656,82.14215087890625,0.17101949529423932,0.06043024097631606,28.73092269897461,123.37334393422277,123.85660357844658,105.29930577102078,8ddbec4d0c15179b75eb4181aad98284539613fc9ecae94b339174586b4d161f
train,D:\ruanjianxiazai\pycharm2026\datasets\dataset_2_abnormal_binary_clean_v3\train\images\nozzle_tip_wrapped_1280.jpg,D:\ruanjianxiazai\pycharm2026\datasets\dataset_2_abnormal_binary_clean_v3\train\labels\nozzle_tip_wrapped_1280.txt,nozzle_tip_wrapped_1280.jpg,nozzle_tip_wrapped,660,1172,1,81.90436553955078,72.7564926147461,0.08694539249146757,0.12173440893577413,28.785322189331055,84.01033069603889,84.31447667804323,63.97097036922122,3ab0cc4459a6300ec38f6f1d8a43a470ade1cd5e4da1364a3325719f705efa84
train,D:\ruanjianxiazai\pycharm2026\datasets\dataset_2_abnormal_binary_clean_v3\train\images\nozzle_tip_wrapped_1284.jpg,D:\ruanjianxiazai\pycharm2026\datasets\dataset_2_abnormal_binary_clean_v3\train\labels\nozzle_tip_wrapped_1284.txt,nozzle_tip_wrapped_1284.jpg,nozzle_tip_wrapped,660,1172,1,106.4925308227539,84.30241394042969,0.15747362705553833,0.083395387320302,28.92335319519043,110.33204571310374,107.56146705967525,90.91816501189368,5cfafe3322bf80780be52d3ab0cff110e5474c82713fb0554d452c67f35f7a68
train,D:\ruanjianxiazai\pycharm2026\datasets\dataset_2_abnormal_binary_clean_v3\train\images\nozzle_tip_wrapped_1277.jpg,D:\ruanjianxiazai\pycharm2026\datasets\dataset_2_abnormal_binary_clean_v3\train\labels\nozzle_tip_wrapped_1277.txt,nozzle_tip_wrapped_1277.jpg,nozzle_tip_wrapped,660,1172,1,91.61883544921875,71.6449203491211,0.09106551866790774,0.07861464474092461,28.936595916748047,92.34357999793153,94.64765099803496,74.12214939497363,79a3f1f89d098f41daf2bba7e4a6644ce6ab23461fa9bbd229919ee5f714f97b
train,D:\ruanjianxiazai\pycharm2026\datasets\dataset_2_abnormal_binary_clean_v3\train\images\nozzle_tip_wrapped_1238.jpg,D:\ruanjianxiazai\pycharm2026\datasets\dataset_2_abnormal_binary_clean_v3\train\labels\nozzle_tip_wrapped_1238.txt,nozzle_tip_wrapped_1238.jpg,nozzle_tip_wrapped,660,1172,1,105.23585510253906,72.2572021484375,0.08988649291550316,0.06164675767918089,29.15506935119629,107.57203045816527,107.57471429310166,87.06529242941359,a78e46771901116cda44c0cc050c4066cdc101f7ea80122923b444ca4bf8010b
train,D:\ruanjianxiazai\pycharm2026\datasets\dataset_2_abnormal_binary_clean_v3\train\images\nozzle_tip_wrapped_1243.jpg,D:\ruanjianxiazai\pycharm2026\datasets\dataset_2_abnormal_binary_clean_v3\train\labels\nozzle_tip_wrapped_1243.txt,nozzle_tip_wrapped_1243.jpg,nozzle_tip_wrapped,660,1172,1,106.44248962402344,69.21710968017578,0.08165270451959872,0.05446530147895336,29.23993492126465,108.9115071362085,109.03860404385148,86.5991131451029,656c706c0923812b6b7f9a49acefa2ca6a8635f6f9114dddf92988e05e82bd84
train,D:\ruanjianxiazai\pycharm2026\datasets\dataset_2_abnormal_binary_clean_v3\train\images\nozzle_tip_wrapped_1251.jpg,D:\ruanjianxiazai\pycharm2026\datasets\dataset_2_abnormal_binary_clean_v3\train\labels\nozzle_tip_wrapped_1251.txt,nozzle_tip_wrapped_1251.jpg,nozzle_tip_wrapped,660,1172,1,115.54228973388672,86.89730834960938,0.18854457544730582,0.07068466232288757,29.411134719848633,115.82887837418554,118.20888535525907,101.06005791705451,c3553922efecafe7f72b1f8a9ee02102317ccae474216f2fa8650b8ee99310ea
train,D:\ruanjianxiazai\pycharm2026\datasets\dataset_2_abnormal_binary_clean_v3\train\images\nozzle_tip_wrapped_1261.jpg,D:\ruanjianxiazai\pycharm2026\datasets\dataset_2_abnormal_binary_clean_v3\train\labels\nozzle_tip_wrapped_1261.txt,nozzle_tip_wrapped_1261.jpg,nozzle_tip_wrapped,660,1172,1,116.34734344482422,82.46310424804688,0.1556352776915917,0.06262281518254215,29.494848251342773,116.31962586617024,119.4911779915193,100.23203149239839,e24358a52a858f529d30f4e6c4ef07f9a640f312f6f637ba9d96957d64abf0e9
val,D:\ruanjianxiazai\pycharm2026\datasets\dataset_2_abnormal_binary_clean_v3\val\images\nozzle_tip_wrapped_1203.jpg,D:\ruanjianxiazai\pycharm2026\datasets\dataset_2_abnormal_binary_clean_v3\val\labels\nozzle_tip_wrapped_1203.txt,nozzle_tip_wrapped_1203.jpg,nozzle_tip_wrapped,660,1172,1,127.8016128540039,84.4112319946289,0.19982935153583617,0.054714810218223185,29.651309967041016,130.93268047367877,129.2304193815286,112.23235856862136,f82daf776f0496980d76c6fc6dfd0e95b2f30f601e557ec40d0e1325a9d75b4d
train,D:\ruanjianxiazai\pycharm2026\datasets\dataset_2_abnormal_binary_clean_v3\train\images\nozzle_tip_wrapped_1250.jpg,D:\ruanjianxiazai\pycharm2026\datasets\dataset_2_abnormal_binary_clean_v3\train\labels\nozzle_tip_wrapped_1250.txt,nozzle_tip_wrapped_1250.jpg,nozzle_tip_wrapped,660,1172,1,99.91707611083984,73.12325286865234,0.08685101871961941,0.07923906298479677,29.71536636352539,101.35022106732858,102.91476755610715,80.72272339435308,c67ca3d41bf110a243e4b368f55953093fb9f3e1ffca78c830d86a0b5acb4baf
train,D:\ruanjianxiazai\pycharm2026\datasets\dataset_2_abnormal_binary_clean_v3\train\images\nozzle_tip_wrapped_1222.jpg,D:\ruanjianxiazai\pycharm2026\datasets\dataset_2_abnormal_binary_clean_v3\train\labels\nozzle_tip_wrapped_1222.txt,nozzle_tip_wrapped_1222.jpg,nozzle_tip_wrapped,660,1172,1,95.74725341796875,68.43911743164062,0.06621548246974868,0.06282578343158549,29.972675323486328,97.57359085737926,98.53497905677939,76.60263988002896,12d9e4fcde63c39c3bef3ffbc888f0a7491fbae119aeb3db0272d10584f0234a
train,D:\ruanjianxiazai\pycharm2026\datasets\dataset_2_abnormal_binary_clean_v3\train\images\nozzle_tip_wrapped_1234.jpg,D:\ruanjianxiazai\pycharm2026\datasets\dataset_2_abnormal_binary_clean_v3\train\labels\nozzle_tip_wrapped_1234.txt,nozzle_tip_wrapped_1234.jpg,nozzle_tip_wrapped,660,1172,1,85.60047149658203,67.31309509277344,0.06849338090805668,0.08673078911986762,30.0272159576416,87.70491390009308,88.14234538214913,66.99245397662634,6346d74999dc827100d76bc912562686ad528415679b6c86c1023ceddf84f867
train,D:\ruanjianxiazai\pycharm2026\datasets\dataset_2_abnormal_binary_clean_v3\train\images\nozzle_tip_wrapped_1236.jpg,D:\ruanjianxiazai\pycharm2026\datasets\dataset_2_abnormal_binary_clean_v3\train\labels\nozzle_tip_wrapped_1236.txt,nozzle_tip_wrapped_1236.jpg,nozzle_tip_wrapped,660,1172,1,99.89555358886719,69.45587158203125,0.07853707725721377,0.06358982314613713,30.03508186340332,102.28642051918503,102.53378839590444,80.0399123487434,7dcfba23402ef07602848d7ab48bcd439012731894f70b91cad79b319caec937
train,D:\ruanjianxiazai\pycharm2026\datasets\dataset_2_abnormal_binary_clean_v3\train\images\nozzle_tip_wrapped_1239.jpg,D:\ruanjianxiazai\pycharm2026\datasets\dataset_2_abnormal_binary_clean_v3\train\labels\nozzle_tip_wrapped_1239.txt,nozzle_tip_wrapped_1239.jpg,nozzle_tip_wrapped,660,1172,1,124.61997985839844,84.99311828613281,0.20030251318647224,0.06116842486296411,30.141956329345703,125.31654772985831,127.05548014272416,110.25208397972904,8c5c15216f48e2f3b85a5a5e84e7e39b6982a1f735a42e910594a192e0522d66
train,D:\ruanjianxiazai\pycharm2026\datasets\dataset_2_abnormal_binary_clean_v3\train\images\nozzle_tip_wrapped_1273.jpg,D:\ruanjianxiazai\pycharm2026\datasets\dataset_2_abnormal_binary_clean_v3\train\labels\nozzle_tip_wrapped_1273.txt,nozzle_tip_wrapped_1273.jpg,nozzle_tip_wrapped,660,1172,1,112.35376739501953,81.83216857910156,0.16633441927810527,0.06815596235391458,30.33839225769043,112.96163382976523,115.03755171165581,96.94046437066915,3b04b26b99c4f27b1d04f4ea1aa22d6d07bb460555ef42fa75587b96b28fac2c
train,D:\ruanjianxiazai\pycharm2026\datasets\dataset_2_abnormal_binary_clean_v3\train\images\nozzle_tip_wrapped_1240.jpg,D:\ruanjianxiazai\pycharm2026\datasets\dataset_2_abnormal_binary_clean_v3\train\labels\nozzle_tip_wrapped_1240.txt,nozzle_tip_wrapped_1240.jpg,nozzle_tip_wrapped,660,1172,1,125.78467559814453,82.234375,0.1829920364050057,0.056210569862447,30.355575561523438,127.82616480504706,127.73261066294343,110.4001628917158,da2ddc2fce49e24cbc69aeb287f5d6bc9c4f19a3d5eda0c02bc937d76ec3035e
train,D:\ruanjianxiazai\pycharm2026\datasets\dataset_2_abnormal_binary_clean_v3\train\images\nozzle_tip_wrapped_1249.jpg,D:\ruanjianxiazai\pycharm2026\datasets\dataset_2_abnormal_binary_clean_v3\train\labels\nozzle_tip_wrapped_1249.txt,nozzle_tip_wrapped_1249.jpg,nozzle_tip_wrapped,660,1172,1,92.80274963378906,73.52584075927734,0.0874935360430241,0.08578446581859552,30.43666648864746,94.97678405212535,95.47941876098872,73.31806158858207,f15ffafa4eb35687e1a47a522cc95303263d63467f875b877cbbff8eb1c271d4
train,D:\ruanjianxiazai\pycharm2026\datasets\dataset_2_abnormal_binary_clean_v3\train\images\nozzle_tip_wrapped_1255.jpg,D:\ruanjianxiazai\pycharm2026\datasets\dataset_2_abnormal_binary_clean_v3\train\labels\nozzle_tip_wrapped_1255.txt,nozzle_tip_wrapped_1255.jpg,nozzle_tip_wrapped,660,1172,1,96.5150146484375,69.43296813964844,0.08035086358465197,0.06602544213465715,30.50420570373535,97.0862382355983,99.91334031440687,77.51858387630573,b32fc96fe19a4e670c3bb2258277f9c8487d3c4cdf14b859431feb73e8f3a9f1
train,D:\ruanjianxiazai\pycharm2026\datasets\dataset_2_abnormal_binary_clean_v3\train\images\nozzle_tip_wrapped_1233.jpg,D:\ruanjianxiazai\pycharm2026\datasets\dataset_2_abnormal_binary_clean_v3\train\labels\nozzle_tip_wrapped_1233.txt,nozzle_tip_wrapped_1233.jpg,nozzle_tip_wrapped,660,1172,1,100.0989990234375,69.81954956054688,0.07878787878787878,0.0689355155652084,30.661649703979492,99.96165710001034,103.72779372220498,81.7739554245527,8a49ad28cd19a4708cf097a2c4a26a38d72bb527fce910c572b553cd25531a66
train,D:\ruanjianxiazai\pycharm2026\datasets\dataset_2_abnormal_binary_clean_v3\train\images\nozzle_tip_wrapped_1228.jpg,D:\ruanjianxiazai\pycharm2026\datasets\dataset_2_abnormal_binary_clean_v3\train\labels\nozzle_tip_wrapped_1228.txt,nozzle_tip_wrapped_1228.jpg,nozzle_tip_wrapped,660,1172,1,122.40430450439453,84.31995391845703,0.1912064329299824,0.06108180783948702,30.676963806152344,123.54872530768435,124.96566992450099,106.21402290826352,288fc11768da75750b2163ae2ca3ee2958a61dbfdf538e7ebb1ae7fdfa434ac0
train,D:\ruanjianxiazai\pycharm2026\datasets\dataset_2_abnormal_binary_clean_v3\train\images\nozzle_tip_wrapped_1265.jpg,D:\ruanjianxiazai\pycharm2026\datasets\dataset_2_abnormal_binary_clean_v3\train\labels\nozzle_tip_wrapped_1265.txt,nozzle_tip_wrapped_1265.jpg,nozzle_tip_wrapped,660,1172,1,101.44099426269531,72.23587799072266,0.09181533767711242,0.06313476057503362,30.70357894897461,101.96424656117489,104.5127921708553,84.25142465611749,a6b5800facd16d87406dbd63240454c742a644d1d0a532dbdc3153c57e59e02a
val,D:\ruanjianxiazai\pycharm2026\datasets\dataset_2_abnormal_binary_clean_v3\val\images\nozzle_tip_wrapped_1266.jpg,D:\ruanjianxiazai\pycharm2026\datasets\dataset_2_abnormal_binary_clean_v3\val\labels\nozzle_tip_wrapped_1266.txt,nozzle_tip_wrapped_1266.jpg,nozzle_tip_wrapped,660,1172,1,89.60546112060547,71.09911346435547,0.08766289171579274,0.08304504085220808,30.739973068237305,90.65232702451132,92.51394663357121,71.88357249974145,b51359333949758224676334bf28ffebd7a55c262db323281fd506d42a74ed4e
train,D:\ruanjianxiazai\pycharm2026\datasets\dataset_2_abnormal_binary_clean_v3\train\images\nozzle_tip_wrapped_1313.jpg,D:\ruanjianxiazai\pycharm2026\datasets\dataset_2_abnormal_binary_clean_v3\train\labels\nozzle_tip_wrapped_1313.txt,nozzle_tip_wrapped_1313.jpg,nozzle_tip_wrapped,660,1172,1,114.30625915527344,88.47261047363281,0.2174656117488882,0.08275545557968766,30.761934280395508,114.64699426000621,116.5879046437067,101.66441074568208,3542e99972fd6b320cda485b3baf8c6f6d778b927f4b53d9767544de8d4ba3ca
train,D:\ruanjianxiazai\pycharm2026\datasets\dataset_2_abnormal_binary_clean_v3\train\images\nozzle_tip_wrapped_1161.jpg,D:\ruanjianxiazai\pycharm2026\datasets\dataset_2_abnormal_binary_clean_v3\train\labels\nozzle_tip_wrapped_1161.txt,nozzle_tip_wrapped_1161.jpg,nozzle_tip_wrapped,660,1172,1,91.12960815429688,70.716552734375,0.06780949426000621,0.08698159065053263,30.812870025634766,94.33803909401179,93.79248758920261,69.00285965456614,a9bce48be4a86a06d83398279133809e40274a6ae849118d0317c95948204ac5
train,D:\ruanjianxiazai\pycharm2026\datasets\dataset_2_abnormal_binary_clean_v3\train\images\nozzle_tip_wrapped_1225.jpg,D:\ruanjianxiazai\pycharm2026\datasets\dataset_2_abnormal_binary_clean_v3\train\labels\nozzle_tip_wrapped_1225.txt,nozzle_tip_wrapped_1225.jpg,nozzle_tip_wrapped,660,1172,1,90.68385314941406,68.2426528930664,0.06683602233943531,0.07716284000413694,30.951805114746094,95.45576067845693,92.47499095046024,68.94526450511945,05c94394433ed3dee2a276f87382bf18cf9191b3faddd80046074d969bfedc20
train,D:\ruanjianxiazai\pycharm2026\datasets\dataset_2_abnormal_binary_clean_v3\train\images\nozzle_tip_wrapped_1285.jpg,D:\ruanjianxiazai\pycharm2026\datasets\dataset_2_abnormal_binary_clean_v3\train\labels\nozzle_tip_wrapped_1285.txt,nozzle_tip_wrapped_1285.jpg,nozzle_tip_wrapped,660,1172,1,106.22611236572266,82.81279754638672,0.15771925742062262,0.08206639776605647,31.222787857055664,110.4285926672872,107.29379847967732,89.70627133105802,0a7348baf1dc25038d402857147a53d4d7e55edcccae19524d0d6a8b50e7ec97
train,D:\ruanjianxiazai\pycharm2026\datasets\dataset_2_abnormal_binary_clean_v3\train\images\nozzle_tip_wrapped_1175.jpg,D:\ruanjianxiazai\pycharm2026\datasets\dataset_2_abnormal_binary_clean_v3\train\labels\nozzle_tip_wrapped_1175.txt,nozzle_tip_wrapped_1175.jpg,nozzle_tip_wrapped,660,1172,1,95.34899139404297,71.59242248535156,0.0786482573171993,0.07078032888613094,31.23154640197754,98.55104328265591,97.68528286275726,74.92098200434378,3d15f4d05ffd1940f012c0ff7051e3ce041f64c56890794d3960905dc82d6711
train,D:\ruanjianxiazai\pycharm2026\datasets\dataset_2_abnormal_binary_clean_v3\train\images\nozzle_tip_wrapped_1177.jpg,D:\ruanjianxiazai\pycharm2026\datasets\dataset_2_abnormal_binary_clean_v3\train\labels\nozzle_tip_wrapped_1177.txt,nozzle_tip_wrapped_1177.jpg,nozzle_tip_wrapped,660,1172,1,115.41024017333984,81.86660766601562,0.15100708449684558,0.06618704105905471,31.99915313720703,115.64830773606371,118.65352156376048,98.08558020477815,f8d84740f7d0e40e2a9e3130c5a4cb0dd506e339906a229b005fae82a3355298
val,D:\ruanjianxiazai\pycharm2026\datasets\dataset_2_abnormal_binary_clean_v3\val\images\nozzle_tip_wrapped_1168.jpg,D:\ruanjianxiazai\pycharm2026\datasets\dataset_2_abnormal_binary_clean_v3\val\labels\nozzle_tip_wrapped_1168.txt,nozzle_tip_wrapped_1168.jpg,nozzle_tip_wrapped,660,1172,1,115.01732635498047,79.52075958251953,0.0934920881166615,0.0673789947254111,32.10087203979492,115.39737951184198,118.22778725824801,97.4893797186886,2081dcdac3c930a10c8a5c7153156606baac38344459b21549f6d63818b71fd1
train,D:\ruanjianxiazai\pycharm2026\datasets\dataset_2_abnormal_binary_clean_v3\train\images\nozzle_tip_wrapped_1226.jpg,D:\ruanjianxiazai\pycharm2026\datasets\dataset_2_abnormal_binary_clean_v3\train\labels\nozzle_tip_wrapped_1226.txt,nozzle_tip_wrapped_1226.jpg,nozzle_tip_wrapped,660,1172,1,100.76406860351562,74.70222473144531,0.09717137242734512,0.06453743923880442,32.16693115234375,105.5969955527976,102.30608387630572,80.14802590753956,a8c2008e33e212e5dfab13ac601c75d76f192bfd4ca731e3c542743e955f5db3
val,D:\ruanjianxiazai\pycharm2026\datasets\dataset_2_abnormal_binary_clean_v3\val\images\nozzle_tip_wrapped_1171.jpg,D:\ruanjianxiazai\pycharm2026\datasets\dataset_2_abnormal_binary_clean_v3\val\labels\nozzle_tip_wrapped_1171.txt,nozzle_tip_wrapped_1171.jpg,nozzle_tip_wrapped,660,1172,1,91.12883758544922,67.6722412109375,0.06860068259385665,0.07168657565415244,32.2788200378418,94.45113377805357,93.48458992656946,70.28516263315751,57d85224714ae19e25e5e18dcb0e5d1cc2b730068c4a1575d8724efb01b2b11b
train,D:\ruanjianxiazai\pycharm2026\datasets\dataset_2_abnormal_binary_clean_v3\train\images\nozzle_tip_wrapped_1257.jpg,D:\ruanjianxiazai\pycharm2026\datasets\dataset_2_abnormal_binary_clean_v3\train\labels\nozzle_tip_wrapped_1257.txt,nozzle_tip_wrapped_1257.jpg,nozzle_tip_wrapped,660,1172,1,90.16449737548828,70.3841323852539,0.08237925328369014,0.08192031233840108,32.365516662597656,91.06690712586617,93.25543230944255,71.88204959147792,fc3c44344e265ac61effd24535de369c098a1d4b3fe0d30f6de1f5638118d2e6
train,D:\ruanjianxiazai\pycharm2026\datasets\dataset_2_abnormal_binary_clean_v3\train\images\nozzle_tip_wrapped_1165.jpg,D:\ruanjianxiazai\pycharm2026\datasets\dataset_2_abnormal_binary_clean_v3\train\labels\nozzle_tip_wrapped_1165.txt,nozzle_tip_wrapped_1165.jpg,nozzle_tip_wrapped,660,1172,1,113.03324127197266,80.46759033203125,0.14238933705657256,0.07285008790981487,32.587158203125,114.33340314406867,115.73359964836074,95.71906738028751,5c9ac7dfe723b8cea51a5626d4a7e945b19d669a6da7bf31434c418e1f720c8b
train,D:\ruanjianxiazai\pycharm2026\datasets\dataset_2_abnormal_binary_clean_v3\train\images\nozzle_tip_wrapped_1227.jpg,D:\ruanjianxiazai\pycharm2026\datasets\dataset_2_abnormal_binary_clean_v3\train\labels\nozzle_tip_wrapped_1227.txt,nozzle_tip_wrapped_1227.jpg,nozzle_tip_wrapped,660,1172,1,102.3877944946289,71.34913635253906,0.08366299513910436,0.06508687558175613,32.83234405517578,107.65374263108905,103.85044213465716,81.04489605957183,e5c571e2cbf0583f785736de35a788de7527d4a4211b015e3507f682634f34d1
val,D:\ruanjianxiazai\pycharm2026\datasets\dataset_2_abnormal_binary_clean_v3\val\images\nozzle_tip_wrapped_1252.jpg,D:\ruanjianxiazai\pycharm2026\datasets\dataset_2_abnormal_binary_clean_v3\val\labels\nozzle_tip_wrapped_1252.txt,nozzle_tip_wrapped_1252.jpg,nozzle_tip_wrapped,660,1172,1,112.966552734375,80.4658203125,0.1445121005274589,0.06939574930189264,32.87124252319336,113.37257601613403,115.80969852104664,97.26197771227635,02fb67604d959b8272950dea448a69f19b6919ad3531130524bac71129c43f1f
train,D:\ruanjianxiazai\pycharm2026\datasets\dataset_2_abnormal_binary_clean_v3\train\images\nozzle_tip_wrapped_1206.jpg,D:\ruanjianxiazai\pycharm2026\datasets\dataset_2_abnormal_binary_clean_v3\train\labels\nozzle_tip_wrapped_1206.txt,nozzle_tip_wrapped_1206.jpg,nozzle_tip_wrapped,660,1172,1,139.7841796875,88.83576202392578,0.2729276553935257,0.05348407281001138,32.94453430175781,141.5060308718585,141.44543127520944,126.7138419174682,f7648f5095921a0a051c064816604c5b010791815f855dce563e3b71f2c3acaf
train,D:\ruanjianxiazai\pycharm2026\datasets\dataset_2_abnormal_binary_clean_v3\train\images\nozzle_tip_wrapped_1169.jpg,D:\ruanjianxiazai\pycharm2026\datasets\dataset_2_abnormal_binary_clean_v3\train\labels\nozzle_tip_wrapped_1169.txt,nozzle_tip_wrapped_1169.jpg,nozzle_tip_wrapped,660,1172,1,95.3667221069336,70.8643569946289,0.07847760885303548,0.06892388044265177,32.9903678894043,97.3524136415348,98.04535112214293,76.3662271175923,90bc970f18960e209a8c5ca2ce50f4852f0d306db8d55c16601f720bde70d373
train,D:\ruanjianxiazai\pycharm2026\datasets\dataset_2_abnormal_binary_clean_v3\train\images\nozzle_tip_wrapped_1214.jpg,D:\ruanjianxiazai\pycharm2026\datasets\dataset_2_abnormal_binary_clean_v3\train\labels\nozzle_tip_wrapped_1214.txt,nozzle_tip_wrapped_1214.jpg,nozzle_tip_wrapped,660,1172,1,101.76778411865234,72.80680847167969,0.08555434895025339,0.0630817561278312,33.109527587890625,104.5036482573172,104.33188928534491,81.38916123694281,bec0dd3283452cb0087af118695c3b663a9705caefdc72c07e6da69b0ff3e6c1
train,D:\ruanjianxiazai\pycharm2026\datasets\dataset_2_abnormal_binary_clean_v3\train\images\nozzle_tip_wrapped_1246.jpg,D:\ruanjianxiazai\pycharm2026\datasets\dataset_2_abnormal_binary_clean_v3\train\labels\nozzle_tip_wrapped_1246.txt,nozzle_tip_wrapped_1246.jpg,nozzle_tip_wrapped,660,1172,1,87.84973907470703,69.7208023071289,0.07615963388147688,0.08602492501809908,33.29401397705078,91.27700253387114,90.28772623849416,66.30728358672044,ccf14efcdfb070264e274668e9eb77bf9a633aaab8488adfe295fa133db62d85
train,D:\ruanjianxiazai\pycharm2026\datasets\dataset_2_abnormal_binary_clean_v3\train\images\nozzle_tip_wrapped_1189.jpg,D:\ruanjianxiazai\pycharm2026\datasets\dataset_2_abnormal_binary_clean_v3\train\labels\nozzle_tip_wrapped_1189.txt,nozzle_tip_wrapped_1189.jpg,nozzle_tip_wrapped,660,1172,1,103.92204284667969,71.57527160644531,0.08052668321439653,0.054880287516806285,33.39760208129883,106.12827851897818,106.78899317406143,83.37301815079118,aa2beb48b5dc7401c554b94b2f69dc96527dcf2a16904ff1dc066501ca1f7375
train,D:\ruanjianxiazai\pycharm2026\datasets\dataset_2_abnormal_binary_clean_v3\train\images\nozzle_tip_wrapped_1187.jpg,D:\ruanjianxiazai\pycharm2026\datasets\dataset_2_abnormal_binary_clean_v3\train\labels\nozzle_tip_wrapped_1187.txt,nozzle_tip_wrapped_1187.jpg,nozzle_tip_wrapped,660,1172,1,96.67378997802734,67.62092590332031,0.06927034853656014,0.07299488054607509,33.48934555053711,100.07768900610198,99.46454261040438,73.37622298065985,d71cf6b0259a67d9f65d7e490e9e50fa0612d9f7d7bdbec0da367747c7dd288a
train,D:\ruanjianxiazai\pycharm2026\datasets\dataset_2_abnormal_binary_clean_v3\train\images\nozzle_tip_wrapped_1158.jpg,D:\ruanjianxiazai\pycharm2026\datasets\dataset_2_abnormal_binary_clean_v3\train\labels\nozzle_tip_wrapped_1158.txt,nozzle_tip_wrapped_1158.jpg,nozzle_tip_wrapped,660,1172,1,89.60041046142578,69.37162780761719,0.06798143551556521,0.08735132898955425,33.584449768066406,92.68402626952115,92.2718326610818,67.75712328058745,e11a2f95553d07a8b8d2e3605b4b9c261db43727225be99edca6e08993f52bb5
val,D:\ruanjianxiazai\pycharm2026\datasets\dataset_2_abnormal_binary_clean_v3\val\images\nozzle_tip_wrapped_1176.jpg,D:\ruanjianxiazai\pycharm2026\datasets\dataset_2_abnormal_binary_clean_v3\val\labels\nozzle_tip_wrapped_1176.txt,nozzle_tip_wrapped_1176.jpg,nozzle_tip_wrapped,660,1172,1,98.12482452392578,70.862060546875,0.07429284310683629,0.06807063812183266,33.620933532714844,100.05467085531079,101.05063734615783,77.99776476367774,53875a6ae11cd36adb6b69f1f495af7b1e6c52a33e6d9d897abb34b90b07f926
train,D:\ruanjianxiazai\pycharm2026\datasets\dataset_2_abnormal_binary_clean_v3\train\images\nozzle_tip_wrapped_1170.jpg,D:\ruanjianxiazai\pycharm2026\datasets\dataset_2_abnormal_binary_clean_v3\train\labels\nozzle_tip_wrapped_1170.txt,nozzle_tip_wrapped_1170.jpg,nozzle_tip_wrapped,660,1172,1,94.01671600341797,72.39470672607422,0.08260807736063709,0.07331032164649912,33.90792465209961,97.46212638328679,96.18592020891509,73.81055176336746,185b63edef58d7b95048b7cb9f8064448edc5c50e947acb76303b1bc1d461742
train,D:\ruanjianxiazai\pycharm2026\datasets\dataset_2_abnormal_binary_clean_v3\train\images\nozzle_tip_wrapped_1200.jpg,D:\ruanjianxiazai\pycharm2026\datasets\dataset_2_abnormal_binary_clean_v3\train\labels\nozzle_tip_wrapped_1200.txt,nozzle_tip_wrapped_1200.jpg,nozzle_tip_wrapped,660,1172,1,90.3939208984375,66.18922424316406,0.05870048608956459,0.06939316371910229,34.117156982421875,92.7286508429,93.06327050367153,70.52561019753853,bf788a54314ec7d98be6d33df8e87fadfded2b5da8366990e1285743498f8a7f
val,D:\ruanjianxiazai\pycharm2026\datasets\dataset_2_abnormal_binary_clean_v3\val\images\nozzle_tip_wrapped_1194.jpg,D:\ruanjianxiazai\pycharm2026\datasets\dataset_2_abnormal_binary_clean_v3\val\labels\nozzle_tip_wrapped_1194.txt,nozzle_tip_wrapped_1194.jpg,nozzle_tip_wrapped,660,1172,1,136.40328979492188,87.28902435302734,0.24468533457441308,0.05132252559726962,34.1473274230957,135.96511919536664,139.2264246561175,123.01557167235495,2912d77acf8c411a2f2c8d2b912b69832ccd8d898dd9dac8f78ae693d8eadc8c
train,D:\ruanjianxiazai\pycharm2026\datasets\dataset_2_abnormal_binary_clean_v3\train\images\nozzle_tip_wrapped_1241.jpg,D:\ruanjianxiazai\pycharm2026\datasets\dataset_2_abnormal_binary_clean_v3\train\labels\nozzle_tip_wrapped_1241.txt,nozzle_tip_wrapped_1241.jpg,nozzle_tip_wrapped,660,1172,1,116.72354125976562,78.62246704101562,0.15525519702140864,0.05491519288447616,34.22403335571289,119.45279242941359,118.63258609990692,99.73520658806495,ece3058ca4588c596cc4e7bfbfa7d4b21cd280222df8e98f3628f83037e6d434
train,D:\ruanjianxiazai\pycharm2026\datasets\dataset_2_abnormal_binary_clean_v3\train\images\nozzle_tip_wrapped_1188.jpg,D:\ruanjianxiazai\pycharm2026\datasets\dataset_2_abnormal_binary_clean_v3\train\labels\nozzle_tip_wrapped_1188.txt,nozzle_tip_wrapped_1188.jpg,nozzle_tip_wrapped,660,1172,1,108.61211395263672,72.89228057861328,0.07419588375219774,0.058449684558899574,34.32122039794922,110.22018564484435,112.02409763160617,86.82591658909918,bc5e904f5fd4443ed78e7883bbf18fc578b6e44f3a918d205288801d02f70f91
val,D:\ruanjianxiazai\pycharm2026\datasets\dataset_2_abnormal_binary_clean_v3\val\images\nozzle_tip_wrapped_1082.jpg,D:\ruanjianxiazai\pycharm2026\datasets\dataset_2_abnormal_binary_clean_v3\val\labels\nozzle_tip_wrapped_1082.txt,nozzle_tip_wrapped_1082.jpg,nozzle_tip_wrapped,660,1172,1,101.55476379394531,67.25942993164062,0.058174319991726134,0.0680279760057917,34.59425735473633,105.01541653738752,104.27105052228772,78.49177655393525,45513fb3014b01c9596be902801920a0532ac8aa749d3989b47fe0362b632481
train,D:\ruanjianxiazai\pycharm2026\datasets\dataset_2_abnormal_binary_clean_v3\train\images\nozzle_tip_wrapped_1217.jpg,D:\ruanjianxiazai\pycharm2026\datasets\dataset_2_abnormal_binary_clean_v3\train\labels\nozzle_tip_wrapped_1217.txt,nozzle_tip_wrapped_1217.jpg,nozzle_tip_wrapped,660,1172,1,120.64987182617188,81.16078186035156,0.16453485365601406,0.06120074464784363,34.599666595458984,122.19143137863274,123.05028441410694,104.24660254421346,094100628eaa794da915d61a208a518b1233d9878f3f9a31f556d7c31f31f483
train,D:\ruanjianxiazai\pycharm2026\datasets\dataset_2_abnormal_binary_clean_v3\train\images\nozzle_tip_wrapped_1162.jpg,D:\ruanjianxiazai\pycharm2026\datasets\dataset_2_abnormal_binary_clean_v3\train\labels\nozzle_tip_wrapped_1162.txt,nozzle_tip_wrapped_1162.jpg,nozzle_tip_wrapped,660,1172,1,90.96202087402344,70.55018615722656,0.07298970938049436,0.08387630571930914,34.760955810546875,94.48944435825835,93.29301634088324,69.70749819009205,79b3e8cf2c6cbaeb18d20a672f04bd11efb6c138e3dd2600cf80afd2a2fb7179
train,D:\ruanjianxiazai\pycharm2026\datasets\dataset_2_abnormal_binary_clean_v3\train\images\nozzle_tip_wrapped_1267.jpg,D:\ruanjianxiazai\pycharm2026\datasets\dataset_2_abnormal_binary_clean_v3\train\labels\nozzle_tip_wrapped_1267.txt,nozzle_tip_wrapped_1267.jpg,nozzle_tip_wrapped,660,1172,1,97.9115219116211,73.74336242675781,0.09843830799462198,0.0760988726859034,35.08076477050781,98.39636725617954,101.17005765849622,79.8614799875892,68991a161dfe1ed3e54b57dcc823dc2ab917bb558be8a2d120218eb0a8dcd63a
train,D:\ruanjianxiazai\pycharm2026\datasets\dataset_2_abnormal_binary_clean_v3\train\images\nozzle_tip_wrapped_1196.jpg,D:\ruanjianxiazai\pycharm2026\datasets\dataset_2_abnormal_binary_clean_v3\train\labels\nozzle_tip_wrapped_1196.txt,nozzle_tip_wrapped_1196.jpg,nozzle_tip_wrapped,660,1172,1,112.00593566894531,71.81855773925781,0.06924578550005171,0.053778829248112524,35.097084045410156,111.6558472954804,115.67778079429104,94.01746819733168,2ad7d17fa213274e42e6ecc7c73795a2ba5e2aa044294a5b52aadd41eabff691
val,D:\ruanjianxiazai\pycharm2026\datasets\dataset_2_abnormal_binary_clean_v3\val\images\nozzle_tip_wrapped_1193.jpg,D:\ruanjianxiazai\pycharm2026\datasets\dataset_2_abnormal_binary_clean_v3\val\labels\nozzle_tip_wrapped_1193.txt,nozzle_tip_wrapped_1193.jpg,nozzle_tip_wrapped,660,1172,1,118.69702911376953,77.86787414550781,0.15022753128555177,0.05048738235598304,35.106361389160156,119.8465417830179,121.45251835763781,101.49381657875685,4cd5283eab74ed0bf57962cb20f11786b8cb4c0aff7ee7fcfba89157d5ad0f11
train,D:\ruanjianxiazai\pycharm2026\datasets\dataset_2_abnormal_binary_clean_v3\train\images\nozzle_tip_wrapped_1221.jpg,D:\ruanjianxiazai\pycharm2026\datasets\dataset_2_abnormal_binary_clean_v3\train\labels\nozzle_tip_wrapped_1221.txt,nozzle_tip_wrapped_1221.jpg,nozzle_tip_wrapped,660,1172,1,103.85611724853516,69.0033950805664,0.06594141069397041,0.06165710001034233,35.18439865112305,105.24401437584031,106.91084264143137,84.48700873926983,3ead3df417287a606e85fa91306841f729b83f8aea0e907dee65a2a6c3790c55
val,D:\ruanjianxiazai\pycharm2026\datasets\dataset_2_abnormal_binary_clean_v3\val\images\nozzle_tip_wrapped_1167.jpg,D:\ruanjianxiazai\pycharm2026\datasets\dataset_2_abnormal_binary_clean_v3\val\labels\nozzle_tip_wrapped_1167.txt,nozzle_tip_wrapped_1167.jpg,nozzle_tip_wrapped,660,1172,1,126.79884338378906,85.81924438476562,0.21243536043024097,0.06510756024407902,35.296966552734375,127.8008855621057,129.3342576791809,111.1154798841659,7af34028703730650ca731658df3eef777d2fccb02eac68b1103cc54c2adca84
train,D:\ruanjianxiazai\pycharm2026\datasets\dataset_2_abnormal_binary_clean_v3\train\images\nozzle_tip_wrapped_1151.jpg,D:\ruanjianxiazai\pycharm2026\datasets\dataset_2_abnormal_binary_clean_v3\train\labels\nozzle_tip_wrapped_1151.txt,nozzle_tip_wrapped_1151.jpg,nozzle_tip_wrapped,660,1172,1,124.00275421142578,84.01966857910156,0.16629563553624988,0.06713336436032681,35.37070846557617,124.3992217395801,126.96234098665839,107.72345123590857,d263e456ffffd7bcabbaba7e910208913a949a9f48be7327769b4912453e23c5
train,D:\ruanjianxiazai\pycharm2026\datasets\dataset_2_abnormal_binary_clean_v3\train\images\nozzle_tip_wrapped_1147.jpg,D:\ruanjianxiazai\pycharm2026\datasets\dataset_2_abnormal_binary_clean_v3\train\labels\nozzle_tip_wrapped_1147.txt,nozzle_tip_wrapped_1147.jpg,nozzle_tip_wrapped,660,1172,1,104.27427673339844,71.73407745361328,0.08351820250284414,0.07010549177784672,35.510948181152344,105.40958734098666,107.80103423311614,83.13692729341193,084d69688b60cee9ebc4308805ad4cf8e1711a56b10e05f893d0aba9e5992830
train,D:\ruanjianxiazai\pycharm2026\datasets\dataset_2_abnormal_binary_clean_v3\train\images\nozzle_tip_wrapped_1209.jpg,D:\ruanjianxiazai\pycharm2026\datasets\dataset_2_abnormal_binary_clean_v3\train\labels\nozzle_tip_wrapped_1209.txt,nozzle_tip_wrapped_1209.jpg,nozzle_tip_wrapped,660,1172,1,92.61927032470703,72.298828125,0.08622918605853759,0.07676466025442134,35.579776763916016,95.37801478953357,94.70283250594684,74.65510781880236,200460a7cb1f729905c7b69b1f75933e699bff2c2f965bd097c3e22268548060
train,D:\ruanjianxiazai\pycharm2026\datasets\dataset_2_abnormal_binary_clean_v3\train\images\nozzle_tip_wrapped_1164.jpg,D:\ruanjianxiazai\pycharm2026\datasets\dataset_2_abnormal_binary_clean_v3\train\labels\nozzle_tip_wrapped_1164.txt,nozzle_tip_wrapped_1164.jpg,nozzle_tip_wrapped,660,1172,1,118.11486053466797,84.85259246826172,0.16298867514737822,0.07390888406246768,35.64849853515625,119.11258532423209,120.81820250284414,101.5781919019547,44dbd20e1cd26300e89678c8b1fb77b6e85ba45c7f9e0e65d03dad0c62c325d4
train,D:\ruanjianxiazai\pycharm2026\datasets\dataset_2_abnormal_binary_clean_v3\train\images\nozzle_tip_wrapped_1077.jpg,D:\ruanjianxiazai\pycharm2026\datasets\dataset_2_abnormal_binary_clean_v3\train\labels\nozzle_tip_wrapped_1077.txt,nozzle_tip_wrapped_1077.jpg,nozzle_tip_wrapped,660,1172,1,103.90157318115234,70.40213012695312,0.037352621780949426,0.06172949632847244,35.89826583862305,107.69490252352881,106.15875478332816,82.32976005791706,fc24dee5b10d8d9423ae9a4734520095f22459a594a222e27993ca9632b132f2
val,D:\ruanjianxiazai\pycharm2026\datasets\dataset_2_abnormal_binary_clean_v3\val\images\nozzle_tip_wrapped_1094.jpg,D:\ruanjianxiazai\pycharm2026\datasets\dataset_2_abnormal_binary_clean_v3\val\labels\nozzle_tip_wrapped_1094.txt,nozzle_tip_wrapped_1094.jpg,nozzle_tip_wrapped,660,1172,1,102.42739868164062,68.8795166015625,0.06372298065984072,0.07468326610818078,35.934078216552734,102.90856862136725,106.10735856862136,82.21671708553107,43cff84b341c6618fc372bbccdba5920d4b04bfc8bb0dc3d76b217708e28b4db
train,D:\ruanjianxiazai\pycharm2026\datasets\dataset_2_abnormal_binary_clean_v3\train\images\nozzle_tip_wrapped_1064.jpg,D:\ruanjianxiazai\pycharm2026\datasets\dataset_2_abnormal_binary_clean_v3\train\labels\nozzle_tip_wrapped_1064.txt,nozzle_tip_wrapped_1064.jpg,nozzle_tip_wrapped,660,1172,1,106.51600646972656,73.31362915039062,0.059500723963181304,0.060955114282759335,35.968753814697266,112.37280484021099,107.7664973109939,84.71577076222981,1450e50c5c4b7243ef85d9a05d778a879b7b076a312a16312d9c2e3be4b8259e
val,D:\ruanjianxiazai\pycharm2026\datasets\dataset_2_abnormal_binary_clean_v3\val\images\nozzle_no_extrusion_0102.jpg,D:\ruanjianxiazai\pycharm2026\datasets\dataset_2_abnormal_binary_clean_v3\val\labels\nozzle_no_extrusion_0102.txt,nozzle_no_extrusion_0102.jpg,nozzle_no_extrusion,660,1172,1,107.1349868774414,68.98165893554688,0.054086513600165476,0.06685541421036302,36.39788055419922,109.36334807115524,108.15106267452684,96.05870436446375,46db6adae87f3d6f0977dd91f3e73f553df6de3aa81c2f083400ff371dae2880
train,D:\ruanjianxiazai\pycharm2026\datasets\dataset_2_abnormal_binary_clean_v3\train\images\nozzle_tip_wrapped_1071.jpg,D:\ruanjianxiazai\pycharm2026\datasets\dataset_2_abnormal_binary_clean_v3\train\labels\nozzle_tip_wrapped_1071.txt,nozzle_tip_wrapped_1071.jpg,nozzle_tip_wrapped,660,1172,1,104.38235473632812,71.42587280273438,0.07585841348639984,0.06093572241183163,36.4710578918457,108.52786094735754,106.61237201365188,82.02683188540698,68152796af94b4d0c1e5b536ac3c2d730a6973da833cac0116282d32f608f548
train,D:\ruanjianxiazai\pycharm2026\datasets\dataset_2_abnormal_binary_clean_v3\train\images\nozzle_tip_wrapped_1084.jpg,D:\ruanjianxiazai\pycharm2026\datasets\dataset_2_abnormal_binary_clean_v3\train\labels\nozzle_tip_wrapped_1084.txt,nozzle_tip_wrapped_1084.jpg,nozzle_tip_wrapped,660,1172,1,97.59121704101562,66.5805435180664,0.04808537594373772,0.06324076946943841,36.54652404785156,101.56459690764298,100.22775881683731,73.59394068673079,7e710e6d695a1f04769bfe8cad16096337fbce49bf11eb4960473fa97a68da98
train,D:\ruanjianxiazai\pycharm2026\datasets\dataset_2_abnormal_binary_clean_v3\train\images\nozzle_tip_wrapped_1155.jpg,D:\ruanjianxiazai\pycharm2026\datasets\dataset_2_abnormal_binary_clean_v3\train\labels\nozzle_tip_wrapped_1155.txt,nozzle_tip_wrapped_1155.jpg,nozzle_tip_wrapped,660,1172,1,108.05545806884766,72.13856506347656,0.07457984279656635,0.06598148722722101,36.83011245727539,109.25455708966801,111.21224402730375,88.65579946219879,8df93ba6567435547de9da5f76f235898ab3470fe77bc98579a1ceb2d5ee4da6
train,D:\ruanjianxiazai\pycharm2026\datasets\dataset_2_abnormal_binary_clean_v3\train\images\nozzle_tip_wrapped_1202.jpg,D:\ruanjianxiazai\pycharm2026\datasets\dataset_2_abnormal_binary_clean_v3\train\labels\nozzle_tip_wrapped_1202.txt,nozzle_tip_wrapped_1202.jpg,nozzle_tip_wrapped,660,1172,1,105.30094146728516,72.22403717041016,0.08265591064225876,0.06123306443272314,37.07084274291992,109.77122634191747,106.80851303133727,85.81356526010963,a49c9381ed98d4807674d8684d8ef5827b93a97743d7b376b276d4ad9d8156ea
val,D:\ruanjianxiazai\pycharm2026\datasets\dataset_2_abnormal_binary_clean_v3\val\images\nozzle_tip_wrapped_1070.jpg,D:\ruanjianxiazai\pycharm2026\datasets\dataset_2_abnormal_binary_clean_v3\val\labels\nozzle_tip_wrapped_1070.txt,nozzle_tip_wrapped_1070.jpg,nozzle_tip_wrapped,660,1172,1,96.7339096069336,62.139041900634766,0.037006153687041056,0.06184972592822422,37.10901641845703,101.51079351535836,99.05582273244389,72.2493561898852,bb19deda3744eb5b8e4ea789cf74a082065ea19e700b11fac5eb74705d8dd31c
train,D:\ruanjianxiazai\pycharm2026\datasets\dataset_2_abnormal_binary_clean_v3\train\images\nozzle_tip_wrapped_1183.jpg,D:\ruanjianxiazai\pycharm2026\datasets\dataset_2_abnormal_binary_clean_v3\train\labels\nozzle_tip_wrapped_1183.txt,nozzle_tip_wrapped_1183.jpg,nozzle_tip_wrapped,660,1172,1,98.5428695678711,69.37296295166016,0.07165167028648257,0.06312829661805772,37.26629638671875,100.96675328369014,101.44437765022236,77.24528389699039,60b3c8b3835f29db23941ac76ce29112e6967cbb04cb99e6f8ed6a863a5434ba
train,D:\ruanjianxiazai\pycharm2026\datasets\dataset_2_abnormal_binary_clean_v3\train\images\nozzle_tip_wrapped_1212.jpg,D:\ruanjianxiazai\pycharm2026\datasets\dataset_2_abnormal_binary_clean_v3\train\labels\nozzle_tip_wrapped_1212.txt,nozzle_tip_wrapped_1212.jpg,nozzle_tip_wrapped,660,1172,1,106.20924377441406,73.0406265258789,0.10318673078911987,0.06855414210363016,37.35186767578125,108.59021744751267,108.98936291240045,85.64930577102079,256674dc8ae18a91ddddce0eafe17f0058486cbdd7455cc720b182d30dc0462c
train,D:\ruanjianxiazai\pycharm2026\datasets\dataset_2_abnormal_binary_clean_v3\train\images\nozzle_tip_wrapped_1078.jpg,D:\ruanjianxiazai\pycharm2026\datasets\dataset_2_abnormal_binary_clean_v3\train\labels\nozzle_tip_wrapped_1078.txt,nozzle_tip_wrapped_1078.jpg,nozzle_tip_wrapped,660,1172,1,91.10028839111328,61.138427734375,0.03675535215637605,0.06282319784879511,37.35215377807617,95.44657798117696,93.4454390319578,67.62531414830903,32f13cd43c922486dc5ad90176e548273e2249982327122c27e80799688b5e54
train,D:\ruanjianxiazai\pycharm2026\datasets\dataset_2_abnormal_binary_clean_v3\train\images\nozzle_tip_wrapped_1149.jpg,D:\ruanjianxiazai\pycharm2026\datasets\dataset_2_abnormal_binary_clean_v3\train\labels\nozzle_tip_wrapped_1149.txt,nozzle_tip_wrapped_1149.jpg,nozzle_tip_wrapped,660,1172,1,98.61540222167969,70.86497497558594,0.07720550212017789,0.06725230116868341,37.40460968017578,100.51214060399214,101.74611774744027,77.52010290619505,a1f3fa27bb3d67af4dee5a945491bcc2854d075cf465388953f2379b3b26fad2
train,D:\ruanjianxiazai\pycharm2026\datasets\dataset_2_abnormal_binary_clean_v3\train\images\nozzle_tip_wrapped_1190.jpg,D:\ruanjianxiazai\pycharm2026\datasets\dataset_2_abnormal_binary_clean_v3\train\labels\nozzle_tip_wrapped_1190.txt,nozzle_tip_wrapped_1190.jpg,nozzle_tip_wrapped,660,1172,1,115.13539123535156,75.9974594116211,0.12242734512359085,0.05181895749301892,37.46719741821289,115.82451003206123,118.30304710931844,97.0172484227945,af95c81eefb9383954a6080693b16829ce2a10cb7757791c52189d112928547c
train,D:\ruanjianxiazai\pycharm2026\datasets\dataset_2_abnormal_binary_clean_v3\train\images\nozzle_tip_wrapped_1076.jpg,D:\ruanjianxiazai\pycharm2026\datasets\dataset_2_abnormal_binary_clean_v3\train\labels\nozzle_tip_wrapped_1076.txt,nozzle_tip_wrapped_1076.jpg,nozzle_tip_wrapped,660,1172,1,123.06309509277344,86.78626251220703,0.20306779398076327,0.06117876719412556,37.54696273803711,126.22611309339125,125.01851923673595,104.698390474713,264d0e0f97e6f56acce16667f1818ddfeb7e22f14615bd37bb27583a36ae6fd2
val,D:\ruanjianxiazai\pycharm2026\datasets\dataset_2_abnormal_binary_clean_v3\val\images\nozzle_tip_wrapped_1069.jpg,D:\ruanjianxiazai\pycharm2026\datasets\dataset_2_abnormal_binary_clean_v3\val\labels\nozzle_tip_wrapped_1069.txt,nozzle_tip_wrapped_1069.jpg,nozzle_tip_wrapped,660,1172,1,108.3969497680664,68.48014831542969,0.06613274382045713,0.06391172820353708,37.563514709472656,112.77866377081394,110.78401980556417,84.6131994001448,dafb28065cc2b71b2218e9e8a2036b13401fc7901654c40baa90a874ba856682
train,D:\ruanjianxiazai\pycharm2026\datasets\dataset_2_abnormal_binary_clean_v3\train\images\nozzle_tip_wrapped_1185.jpg,D:\ruanjianxiazai\pycharm2026\datasets\dataset_2_abnormal_binary_clean_v3\train\labels\nozzle_tip_wrapped_1185.txt,nozzle_tip_wrapped_1185.jpg,nozzle_tip_wrapped,660,1172,1,89.0531005859375,66.04322814941406,0.05193660150998035,0.08238959561485158,37.70948028564453,92.32550289585272,91.89548040128246,65.83459251215224,26c756588985ffd6795ebf2af631a4d047e2ef17ae8bfe5384a874391369dcc9
train,D:\ruanjianxiazai\pycharm2026\datasets\dataset_2_abnormal_binary_clean_v3\train\images\nozzle_tip_wrapped_1160.jpg,D:\ruanjianxiazai\pycharm2026\datasets\dataset_2_abnormal_binary_clean_v3\train\labels\nozzle_tip_wrapped_1160.txt,nozzle_tip_wrapped_1160.jpg,nozzle_tip_wrapped,660,1172,1,98.60100555419922,73.10409545898438,0.0845731202813114,0.08158418657565415,37.74014663696289,101.51414443065467,101.35734176233323,76.7674617333747,b26d69d3801acf0d7ee080136c37abc78255ae22421d8dc9597d013fa7f54261
train,D:\ruanjianxiazai\pycharm2026\datasets\dataset_2_abnormal_binary_clean_v3\train\images\nozzle_tip_wrapped_1201.jpg,D:\ruanjianxiazai\pycharm2026\datasets\dataset_2_abnormal_binary_clean_v3\train\labels\nozzle_tip_wrapped_1201.txt,nozzle_tip_wrapped_1201.jpg,nozzle_tip_wrapped,660,1172,1,100.56019592285156,72.65365600585938,0.08806753542248423,0.0637708139414624,37.826988220214844,105.16027639880029,102.10068388664806,80.56294730582273,f07283eb51171a884550944465f22a4e48d0745672919417cb114f03493e40d6
train,D:\ruanjianxiazai\pycharm2026\datasets\dataset_2_abnormal_binary_clean_v3\train\images\nozzle_tip_wrapped_1097.jpg,D:\ruanjianxiazai\pycharm2026\datasets\dataset_2_abnormal_binary_clean_v3\train\labels\nozzle_tip_wrapped_1097.txt,nozzle_tip_wrapped_1097.jpg,nozzle_tip_wrapped,660,1172,1,120.61297607421875,84.1768569946289,0.1475979935877547,0.0676310890474713,37.98180389404297,119.79968068052538,123.99335763781156,105.34004421346572,0be1c1fc0a1fe9638210a80f0d04b15f73eaf73e6aaf47335fc21fef7bfd613b
train,D:\ruanjianxiazai\pycharm2026\datasets\dataset_2_abnormal_binary_clean_v3\train\images\nozzle_tip_wrapped_1274.jpg,D:\ruanjianxiazai\pycharm2026\datasets\dataset_2_abnormal_binary_clean_v3\train\labels\nozzle_tip_wrapped_1274.txt,nozzle_tip_wrapped_1274.jpg,nozzle_tip_wrapped,660,1172,1,130.34228515625,91.57584381103516,0.22867669872789326,0.06795816527045195,38.12783432006836,129.3204700589513,133.24806210569864,118.0601393629124,6c4774f0437e65346c751af14ec97a9fc2e55cd0475b7c53d4b8f93dd198e7b0
train,D:\ruanjianxiazai\pycharm2026\datasets\dataset_2_abnormal_binary_clean_v3\train\images\nozzle_tip_wrapped_1148.jpg,D:\ruanjianxiazai\pycharm2026\datasets\dataset_2_abnormal_binary_clean_v3\train\labels\nozzle_tip_wrapped_1148.txt,nozzle_tip_wrapped_1148.jpg,nozzle_tip_wrapped,660,1172,1,101.32097625732422,71.2157211303711,0.07619324645775158,0.0674656117488882,38.238365173339844,103.00153842176026,104.73207156893163,79.3490898748578,bb627a83c94eeb5061d57d72097cd68fb44cd433879cac2ff38b271d82750f23
train,D:\ruanjianxiazai\pycharm2026\datasets\dataset_2_abnormal_binary_clean_v3\train\images\nozzle_tip_wrapped_1181.jpg,D:\ruanjianxiazai\pycharm2026\datasets\dataset_2_abnormal_binary_clean_v3\train\labels\nozzle_tip_wrapped_1181.txt,nozzle_tip_wrapped_1181.jpg,nozzle_tip_wrapped,660,1172,1,134.95281982421875,85.63467407226562,0.2319190195470059,0.05576843520529527,38.25068283081055,133.60901592719,138.67928560347502,119.2891883855621,2ec94d137025a42af3a80dc7b2b69bef3a1965941d5cc6390cf7af1a5c45438d
val,D:\ruanjianxiazai\pycharm2026\datasets\dataset_2_abnormal_binary_clean_v3\val\images\nozzle_tip_wrapped_1290.jpg,D:\ruanjianxiazai\pycharm2026\datasets\dataset_2_abnormal_binary_clean_v3\val\labels\nozzle_tip_wrapped_1290.txt,nozzle_tip_wrapped_1290.jpg,nozzle_tip_wrapped,660,1172,1,83.48578643798828,75.58719635009766,0.09231435515565209,0.12560373358154928,38.30654525756836,85.70598562415968,85.46241209018513,67.48477479573896,30b0c881da839a43047e4961448edd09f9e0f57a1ef822781da506954a9fd081
train,D:\ruanjianxiazai\pycharm2026\datasets\dataset_2_abnormal_binary_clean_v3\train\images\nozzle_tip_wrapped_1163.jpg,D:\ruanjianxiazai\pycharm2026\datasets\dataset_2_abnormal_binary_clean_v3\train\labels\nozzle_tip_wrapped_1163.txt,nozzle_tip_wrapped_1163.jpg,nozzle_tip_wrapped,660,1172,1,92.39393615722656,70.40011596679688,0.06810554348950254,0.08136441203847347,38.32518768310547,95.92116816630468,94.7289184507188,71.11953924914675,75e5cfa580717dd0aa099169f52e810531d68fdc96775c27b4e58b14ea024cc8
train,D:\ruanjianxiazai\pycharm2026\datasets\dataset_2_abnormal_binary_clean_v3\train\images\nozzle_tip_wrapped_1154.jpg,D:\ruanjianxiazai\pycharm2026\datasets\dataset_2_abnormal_binary_clean_v3\train\labels\nozzle_tip_wrapped_1154.txt,nozzle_tip_wrapped_1154.jpg,nozzle_tip_wrapped,660,1172,1,130.05059814453125,87.40277862548828,0.22464836074051092,0.06527950149963802,38.59706115722656,130.4192354431689,132.93687558175614,114.22208216982108,12e28f53166cd92f7cebe6776c0f2f0e15d40e4b9e26969e99a37327111e42b6
train,D:\ruanjianxiazai\pycharm2026\datasets\dataset_2_abnormal_binary_clean_v3\train\images\nozzle_tip_wrapped_1195.jpg,D:\ruanjianxiazai\pycharm2026\datasets\dataset_2_abnormal_binary_clean_v3\train\labels\nozzle_tip_wrapped_1195.txt,nozzle_tip_wrapped_1195.jpg,nozzle_tip_wrapped,660,1172,1,101.81645202636719,65.33167266845703,0.06580049643189576,0.05273942496638742,38.702884674072266,103.14044239321544,104.94751784052126,82.2218598097011,65046d1c886948e04f1fba1ac1719c41eb9d1eb1cfd5f74e924324aa36575cf1
train,D:\ruanjianxiazai\pycharm2026\datasets\dataset_2_abnormal_binary_clean_v3\train\images\nozzle_tip_wrapped_1080.jpg,D:\ruanjianxiazai\pycharm2026\datasets\dataset_2_abnormal_binary_clean_v3\train\labels\nozzle_tip_wrapped_1080.txt,nozzle_tip_wrapped_1080.jpg,nozzle_tip_wrapped,660,1172,1,105.79359436035156,69.69866943359375,0.06767633674630262,0.06830075499017478,38.82970428466797,108.95062441824388,108.51199322577308,83.51607327541628,25422d71dc7ae5a1ae2e4afe1c64d44ff186b03b096a0eec1ab17de19c6bad1a
train,D:\ruanjianxiazai\pycharm2026\datasets\dataset_2_abnormal_binary_clean_v3\train\images\nozzle_tip_wrapped_1204.jpg,D:\ruanjianxiazai\pycharm2026\datasets\dataset_2_abnormal_binary_clean_v3\train\labels\nozzle_tip_wrapped_1204.txt,nozzle_tip_wrapped_1204.jpg,nozzle_tip_wrapped,660,1172,1,120.74305725097656,79.26200866699219,0.16034491674423415,0.054164081083876305,38.975040435791016,125.17721325886855,121.92227738132175,103.04105905471093,df5f7f554ef59dcb34f1b6ca9793b1ae3ddb66e4e7ffb2e0fd2f4a2389e8effc
train,D:\ruanjianxiazai\pycharm2026\datasets\dataset_2_abnormal_binary_clean_v3\train\images\nozzle_tip_wrapped_1156.jpg,D:\ruanjianxiazai\pycharm2026\datasets\dataset_2_abnormal_binary_clean_v3\train\labels\nozzle_tip_wrapped_1156.txt,nozzle_tip_wrapped_1156.jpg,nozzle_tip_wrapped,660,1172,1,97.17440032958984,73.17682647705078,0.08588142517323405,0.06840288551039404,39.05898666381836,98.91511919536664,100.1005869272934,77.54154643706691,5f5f098ecbbbff309f68f423cf4de44ed5f69741dc4bce5fee58c5f6ac7cf5a1
train,D:\ruanjianxiazai\pycharm2026\datasets\dataset_2_abnormal_binary_clean_v3\train\images\nozzle_tip_wrapped_1044.jpg,D:\ruanjianxiazai\pycharm2026\datasets\dataset_2_abnormal_binary_clean_v3\train\labels\nozzle_tip_wrapped_1044.txt,nozzle_tip_wrapped_1044.jpg,nozzle_tip_wrapped,660,1172,1,104.45996856689453,65.76825714111328,0.04277588168373151,0.06511014582686937,39.3603630065918,111.40636699762126,105.67184429620437,80.00071491364153,5c843e4cb007f3c6941ebf743dd3b9d4b6efde5f3a7dab5a4d22f23ab40bfb64
train,D:\ruanjianxiazai\pycharm2026\datasets\dataset_2_abnormal_binary_clean_v3\train\images\nozzle_extrusion_normal_0953.jpg,D:\ruanjianxiazai\pycharm2026\datasets\dataset_2_abnormal_binary_clean_v3\train\labels\nozzle_extrusion_normal_0953.txt,nozzle_extrusion_normal_0953.jpg,nozzle_extrusion_normal,660,1172,1,140.4126434326172,88.1145248413086,0.26137010032061225,0.052935929258454854,39.39583969116211,140.1942302720033,143.14274614748163,126.92792687971868,68a51a556b69a8487ddf1065a0de5ca0ced4b93a4784f3f4c2c1a42f6f809823
train,D:\ruanjianxiazai\pycharm2026\datasets\dataset_2_abnormal_binary_clean_v3\train\images\nozzle_tip_wrapped_1105.jpg,D:\ruanjianxiazai\pycharm2026\datasets\dataset_2_abnormal_binary_clean_v3\train\labels\nozzle_tip_wrapped_1105.txt,nozzle_tip_wrapped_1105.jpg,nozzle_tip_wrapped,660,1172,1,98.09355926513672,68.28777313232422,0.059130985624159686,0.0693324025235288,39.56730651855469,103.19402471817148,99.89266987278933,75.45187325473162,ab6fe9c341180155048e0d630fb9215f3272a51990c94206a5c12060e02be523
train,D:\ruanjianxiazai\pycharm2026\datasets\dataset_2_abnormal_binary_clean_v3\train\images\nozzle_tip_wrapped_1063.jpg,D:\ruanjianxiazai\pycharm2026\datasets\dataset_2_abnormal_binary_clean_v3\train\labels\nozzle_tip_wrapped_1063.txt,nozzle_tip_wrapped_1063.jpg,nozzle_tip_wrapped,660,1172,1,117.8262939453125,86.04950714111328,0.18945211500672252,0.06076378115627262,39.656795501708984,122.7952515772055,118.91852311511015,99.16949658703072,df6eb8a10a96f1a381378e8132708d282bcc4e3681de8c8dcab618f656393433
train,D:\ruanjianxiazai\pycharm2026\datasets\dataset_2_abnormal_binary_clean_v3\train\images\nozzle_tip_wrapped_1066.jpg,D:\ruanjianxiazai\pycharm2026\datasets\dataset_2_abnormal_binary_clean_v3\train\labels\nozzle_tip_wrapped_1066.txt,nozzle_tip_wrapped_1066.jpg,nozzle_tip_wrapped,660,1172,1,95.37755584716797,61.984596252441406,0.03609344296204364,0.0630028958527252,39.761749267578125,101.46311019753853,96.9723420208915,71.20446400868755,11fab807f6bc0d2ff0878e4d76652005436dccb6aee288d93508101c90785dc9
train,D:\ruanjianxiazai\pycharm2026\datasets\dataset_2_abnormal_binary_clean_v3\train\images\nozzle_tip_wrapped_1207.jpg,D:\ruanjianxiazai\pycharm2026\datasets\dataset_2_abnormal_binary_clean_v3\train\labels\nozzle_tip_wrapped_1207.txt,nozzle_tip_wrapped_1207.jpg,nozzle_tip_wrapped,660,1172,1,99.99163055419922,67.19612121582031,0.07330127210673286,0.05653376771124211,40.01802062988281,102.90841607198263,102.16479470472645,81.15138457958423,fb88f4afd1617cd7110d936d70c7f78e43047bf130e443c29f6c7fb9c1c6a4d1
val,D:\ruanjianxiazai\pycharm2026\datasets\dataset_2_abnormal_binary_clean_v3\val\images\nozzle_tip_wrapped_1095.jpg,D:\ruanjianxiazai\pycharm2026\datasets\dataset_2_abnormal_binary_clean_v3\val\labels\nozzle_tip_wrapped_1095.txt,nozzle_tip_wrapped_1095.jpg,nozzle_tip_wrapped,660,1172,1,90.3084945678711,63.61563491821289,0.04088452787258248,0.07160383700486089,40.12621307373047,91.4243005998552,93.82140474713,69.29344425483504,7bb55e016e866cc292a2039c86924542a764955db12412e1a52bb4229053e051
train,D:\ruanjianxiazai\pycharm2026\datasets\dataset_2_abnormal_binary_clean_v3\train\images\nozzle_tip_wrapped_1279.jpg,D:\ruanjianxiazai\pycharm2026\datasets\dataset_2_abnormal_binary_clean_v3\train\labels\nozzle_tip_wrapped_1279.txt,nozzle_tip_wrapped_1279.jpg,nozzle_tip_wrapped,660,1172,1,89.10272216796875,74.42041778564453,0.09317147585065674,0.10366506360533664,40.238468170166016,89.53606112317716,92.25381890578136,71.74065053263006,9b4df5a5b52d5e62a065f2210fbbfe9a3c2c39d93dfbda0ac64ec32f26ab3ac7
train,D:\ruanjianxiazai\pycharm2026\datasets\dataset_2_abnormal_binary_clean_v3\train\images\nozzle_tip_wrapped_1086.jpg,D:\ruanjianxiazai\pycharm2026\datasets\dataset_2_abnormal_binary_clean_v3\train\labels\nozzle_tip_wrapped_1086.txt,nozzle_tip_wrapped_1086.jpg,nozzle_tip_wrapped,660,1172,1,116.3213882446289,79.62584686279297,0.1438101147998759,0.06313993174061433,40.322105407714844,119.62692496638742,118.55528622401489,96.14896835246664,ba0ad8bc2b93cca72b7d1bbf2b5c09f5236d8d39c578aa2269027e68abc9a259
train,D:\ruanjianxiazai\pycharm2026\datasets\dataset_2_abnormal_binary_clean_v3\train\images\nozzle_tip_wrapped_1032.jpg,D:\ruanjianxiazai\pycharm2026\datasets\dataset_2_abnormal_binary_clean_v3\train\labels\nozzle_tip_wrapped_1032.txt,nozzle_tip_wrapped_1032.jpg,nozzle_tip_wrapped,660,1172,1,102.67749786376953,70.08262634277344,0.028952063295066707,0.07060580204778157,40.46373748779297,107.85375426621161,103.83616713207157,83.13513548453821,9fdd75be350dfb16accb930397c588d9d12d4d6b0af759f8d32fedd11e35d86b
train,D:\ruanjianxiazai\pycharm2026\datasets\dataset_2_abnormal_binary_clean_v3\train\images\nozzle_tip_wrapped_1056.jpg,D:\ruanjianxiazai\pycharm2026\datasets\dataset_2_abnormal_binary_clean_v3\train\labels\nozzle_tip_wrapped_1056.txt,nozzle_tip_wrapped_1056.jpg,nozzle_tip_wrapped,660,1172,1,101.46988677978516,67.96121978759766,0.055137553004447205,0.07120048608956459,40.47755813598633,105.02589461164547,104.224247595408,77.9604884165891,eeae0aeb10c7a09a51ac6b05580e209f1ed5b11f2d45ac95adad12242375697e
val,D:\ruanjianxiazai\pycharm2026\datasets\dataset_2_abnormal_binary_clean_v3\val\images\nozzle_tip_wrapped_1184.jpg,D:\ruanjianxiazai\pycharm2026\datasets\dataset_2_abnormal_binary_clean_v3\val\labels\nozzle_tip_wrapped_1184.txt,nozzle_tip_wrapped_1184.jpg,nozzle_tip_wrapped,660,1172,1,84.92266082763672,64.53321838378906,0.05089461164546489,0.08691824387216879,40.51028060913086,88.50640190298893,87.54472023994208,62.021824904333435,5aedfb5d4fbe9d28ebc0d518728aa576db43a4895e3d8e14edf1cc8f400b6dce
train,D:\ruanjianxiazai\pycharm2026\datasets\dataset_2_abnormal_binary_clean_v3\train\images\nozzle_extrusion_normal_0250.jpg,D:\ruanjianxiazai\pycharm2026\datasets\dataset_2_abnormal_binary_clean_v3\train\labels\nozzle_extrusion_normal_0250.txt,nozzle_extrusion_normal_0250.jpg,nozzle_extrusion_normal,660,1172,1,122.4034652709961,63.617393493652344,0.048513289895542454,0.01640035163925949,40.639305114746094,126.07499353604302,125.6493018926466,96.06042636260213,e793839e26d9df6b12e9b54e65c798a996beec0be2d12be25a75a92bdf05e23c
train,D:\ruanjianxiazai\pycharm2026\datasets\dataset_2_abnormal_binary_clean_v3\train\images\nozzle_tip_wrapped_1208.jpg,D:\ruanjianxiazai\pycharm2026\datasets\dataset_2_abnormal_binary_clean_v3\train\labels\nozzle_tip_wrapped_1208.txt,nozzle_tip_wrapped_1208.jpg,nozzle_tip_wrapped,660,1172,1,99.97268676757812,68.7072525024414,0.07693530871858517,0.060487123797704004,40.70063781738281,102.8394572861723,102.1044265177371,81.47694306546695,284cd4eedc51689b20566611a5d8957d50cc1a9ff7d3654833687df7cfb8fd1c
train,D:\ruanjianxiazai\pycharm2026\datasets\dataset_2_abnormal_binary_clean_v3\train\images\nozzle_no_extrusion_0914.jpg,D:\ruanjianxiazai\pycharm2026\datasets\dataset_2_abnormal_binary_clean_v3\train\labels\nozzle_no_extrusion_0914.txt,nozzle_no_extrusion_0914.jpg,nozzle_no_extrusion,654,1106,1,110.29277801513672,62.242218017578125,0.03935442484972156,0.028822491718787153,40.7075309753418,116.39579220377037,111.83384071315206,86.35076397299136,2aa185080b794ece5ad9888cd091da3d8e4aeaab133d9b94ee5669c0c4081ed6
train,D:\ruanjianxiazai\pycharm2026\datasets\dataset_2_abnormal_binary_clean_v3\train\images\nozzle_tip_wrapped_1182.jpg,D:\ruanjianxiazai\pycharm2026\datasets\dataset_2_abnormal_binary_clean_v3\train\labels\nozzle_tip_wrapped_1182.txt,nozzle_tip_wrapped_1182.jpg,nozzle_tip_wrapped,660,1172,1,98.62989044189453,68.12784576416016,0.06816113351949529,0.06085427655393526,40.83480453491211,100.71538292481125,101.806006308822,76.80594684041783,368b419893917ea9d1487b008eedb90d8eb61f7954fa3222b3a5348c27121c14
train,D:\ruanjianxiazai\pycharm2026\datasets\dataset_2_abnormal_binary_clean_v3\train\images\nozzle_tip_wrapped_1096.jpg,D:\ruanjianxiazai\pycharm2026\datasets\dataset_2_abnormal_binary_clean_v3\train\labels\nozzle_tip_wrapped_1096.txt,nozzle_tip_wrapped_1096.jpg,nozzle_tip_wrapped,660,1172,1,97.1360855102539,68.2553939819336,0.04345976833178199,0.06793360223394353,40.85201644897461,98.0850074981901,100.6554180887372,76.52584031440686,d508060cad1644ce2d9e45b187bf6792818e75ade4f6a748e7a6b63a1ba36a7f
train,D:\ruanjianxiazai\pycharm2026\datasets\dataset_2_abnormal_binary_clean_v3\train\images\nozzle_tip_wrapped_1143.jpg,D:\ruanjianxiazai\pycharm2026\datasets\dataset_2_abnormal_binary_clean_v3\train\labels\nozzle_tip_wrapped_1143.txt,nozzle_tip_wrapped_1143.jpg,nozzle_tip_wrapped,660,1172,1,99.71800231933594,72.87747192382812,0.08034827800186162,0.06386906608749612,40.956809997558594,101.31946426724583,102.60862938256282,80.63342770710518,5abd8a7431e3e513143c65f7fca4904e53e5d019ac40dc6c70d35f1ae1f9332f
train,D:\ruanjianxiazai\pycharm2026\datasets\dataset_2_abnormal_binary_clean_v3\train\images\nozzle_tip_wrapped_1043.jpg,D:\ruanjianxiazai\pycharm2026\datasets\dataset_2_abnormal_binary_clean_v3\train\labels\nozzle_tip_wrapped_1043.txt,nozzle_tip_wrapped_1043.jpg,nozzle_tip_wrapped,660,1172,1,110.00592803955078,71.61827850341797,0.08064174164856759,0.06675974764711966,40.998023986816406,117.00441488261454,111.01391948495191,86.4599234667494,9f87e0c3fe786b0444ee7ca2b267254d65737cba9190ed46d17256bd60e8045b
train,D:\ruanjianxiazai\pycharm2026\datasets\dataset_2_abnormal_binary_clean_v3\train\images\nozzle_tip_wrapped_1263.jpg,D:\ruanjianxiazai\pycharm2026\datasets\dataset_2_abnormal_binary_clean_v3\train\labels\nozzle_tip_wrapped_1263.txt,nozzle_tip_wrapped_1263.jpg,nozzle_tip_wrapped,660,1172,1,112.65744018554688,79.13719940185547,0.14714422380804634,0.06176569448753749,40.99968719482422,113.36311149032991,115.47984926052332,96.27364515461785,098ac88b0b37ad74fdc9077bcb2cfbd9478d2bd21b78d41d5f3fde985ffb97cd
train,D:\ruanjianxiazai\pycharm2026\datasets\dataset_2_abnormal_binary_clean_v3\train\images\nozzle_tip_wrapped_1079.jpg,D:\ruanjianxiazai\pycharm2026\datasets\dataset_2_abnormal_binary_clean_v3\train\labels\nozzle_tip_wrapped_1079.txt,nozzle_tip_wrapped_1079.jpg,nozzle_tip_wrapped,660,1172,1,88.60900115966797,61.579627990722656,0.036173596028544835,0.06597114489605957,41.076175689697266,92.6231758713414,91.19417338918193,64.76926517737098,1b5273375adadbfa832d872d61e5ab0fb04cedbcd284dbdad23fda1d6278361e
train,D:\ruanjianxiazai\pycharm2026\datasets\dataset_2_abnormal_binary_clean_v3\train\images\nozzle_tip_wrapped_1029.jpg,D:\ruanjianxiazai\pycharm2026\datasets\dataset_2_abnormal_binary_clean_v3\train\labels\nozzle_tip_wrapped_1029.txt,nozzle_tip_wrapped_1029.jpg,nozzle_tip_wrapped,660,1172,1,97.20361328125,68.12781524658203,0.02841038370048609,0.08501396214706795,41.248661041259766,101.57377572654876,98.85964939497363,77.2144314303444,ef82ca81c0c0d2736e0006ffdf494672ae76473a1a5724d5df0a6a9d38e6733c
train,D:\ruanjianxiazai\pycharm2026\datasets\dataset_2_abnormal_binary_clean_v3\train\images\nozzle_tip_wrapped_1145.jpg,D:\ruanjianxiazai\pycharm2026\datasets\dataset_2_abnormal_binary_clean_v3\train\labels\nozzle_tip_wrapped_1145.txt,nozzle_tip_wrapped_1145.jpg,nozzle_tip_wrapped,660,1172,1,98.43046569824219,70.54232788085938,0.06575007756748372,0.07200460233736684,41.36321258544922,99.29340805667597,101.78581549281208,78.88997310993898,ec2fb5f32e7f9d7b7b998a3e8a3e5bc3a60f29a9625c7076b705668bd3d633bb
train,D:\ruanjianxiazai\pycharm2026\datasets\dataset_2_abnormal_binary_clean_v3\train\images\nozzle_tip_wrapped_1031.jpg,D:\ruanjianxiazai\pycharm2026\datasets\dataset_2_abnormal_binary_clean_v3\train\labels\nozzle_tip_wrapped_1031.txt,nozzle_tip_wrapped_1031.jpg,nozzle_tip_wrapped,660,1172,1,102.74352264404297,68.57936096191406,0.047091219360843935,0.0749806081290723,41.36649703979492,108.2017995656221,103.87742269107457,82.58895439031957,1257be104d721aed6ed1847bfe4f93f4e9701af7770cd9eb748bb5c94bffb412
val,D:\ruanjianxiazai\pycharm2026\datasets\dataset_2_abnormal_binary_clean_v3\val\images\nozzle_tip_wrapped_1247.jpg,D:\ruanjianxiazai\pycharm2026\datasets\dataset_2_abnormal_binary_clean_v3\val\labels\nozzle_tip_wrapped_1247.txt,nozzle_tip_wrapped_1247.jpg,nozzle_tip_wrapped,660,1172,1,91.6427993774414,72.3068618774414,0.08393965249767298,0.0883674630261661,41.64439010620117,94.81994260006205,94.20542972385975,70.11444823663254,3449d296eac26d07a49bb6ca74313a8c90d4b954fb8cd3be146b622475ad0613
train,D:\ruanjianxiazai\pycharm2026\datasets\dataset_2_abnormal_binary_clean_v3\train\images\nozzle_tip_wrapped_1127.jpg,D:\ruanjianxiazai\pycharm2026\datasets\dataset_2_abnormal_binary_clean_v3\train\labels\nozzle_tip_wrapped_1127.txt,nozzle_tip_wrapped_1127.jpg,nozzle_tip_wrapped,660,1172,1,126.6822738647461,82.96244049072266,0.18610507808460028,0.059181404488571725,41.811222076416016,127.84097890164443,129.21970989761093,110.5775209432206,166e535347c74556b9dd0852bd83420729f07580ab4612109f324690f38b8775
train,D:\ruanjianxiazai\pycharm2026\datasets\dataset_2_abnormal_binary_clean_v3\train\images\nozzle_extrusion_normal_0960.jpg,D:\ruanjianxiazai\pycharm2026\datasets\dataset_2_abnormal_binary_clean_v3\train\labels\nozzle_extrusion_normal_0960.txt,nozzle_extrusion_normal_0960.jpg,nozzle_extrusion_normal,660,1172,1,112.36790466308594,86.71987915039062,0.18217499224325162,0.0745824283793567,41.898250579833984,113.89449787982211,114.57943815285965,96.97657591271073,902dc58577b07cb82e602e248d18980948119b54bebf951012239661d08a5015
train,D:\ruanjianxiazai\pycharm2026\datasets\dataset_2_abnormal_binary_clean_v3\train\images\nozzle_no_extrusion_0104.jpg,D:\ruanjianxiazai\pycharm2026\datasets\dataset_2_abnormal_binary_clean_v3\train\labels\nozzle_no_extrusion_0104.txt,nozzle_no_extrusion_0104.jpg,nozzle_no_extrusion,660,1172,1,101.40213012695312,70.6281509399414,0.04744156582893784,0.06632536973833902,41.947364807128906,102.18818647223084,102.78720912193609,92.2086074051091,bac1476359d5d809f97c8c8cc437c37cf69343b928e4cdafb79e899d22a526e1
train,D:\ruanjianxiazai\pycharm2026\datasets\dataset_2_abnormal_binary_clean_v3\train\images\nozzle_tip_wrapped_1198.jpg,D:\ruanjianxiazai\pycharm2026\datasets\dataset_2_abnormal_binary_clean_v3\train\labels\nozzle_tip_wrapped_1198.txt,nozzle_tip_wrapped_1198.jpg,nozzle_tip_wrapped,660,1172,1,90.85218048095703,66.35162353515625,0.058525959251215225,0.06766987278932672,41.95771789550781,91.87650480918398,94.04052901023891,71.7484189161237,a07e6298731ec0556c179cefc57edd3206a223be53dd9b5fd18540ac5c048b3a
val,D:\ruanjianxiazai\pycharm2026\datasets\dataset_2_abnormal_binary_clean_v3\val\images\nozzle_tip_wrapped_1037.jpg,D:\ruanjianxiazai\pycharm2026\datasets\dataset_2_abnormal_binary_clean_v3\val\labels\nozzle_tip_wrapped_1037.txt,nozzle_tip_wrapped_1037.jpg,nozzle_tip_wrapped,660,1172,1,111.6615982055664,80.97496795654297,0.15418735132898956,0.06376305719309132,41.97111511230469,117.88904617850864,112.31460466439135,91.96564277588169,74eecba7208ac46ee99e9df3fa0a4a85f831e8e89d9255e27ae5a161113413f1
val,D:\ruanjianxiazai\pycharm2026\datasets\dataset_2_abnormal_binary_clean_v3\val\images\nozzle_tip_wrapped_1083.jpg,D:\ruanjianxiazai\pycharm2026\datasets\dataset_2_abnormal_binary_clean_v3\val\labels\nozzle_tip_wrapped_1083.txt,nozzle_tip_wrapped_1083.jpg,nozzle_tip_wrapped,660,1172,1,95.34845733642578,62.69382095336914,0.03906169200537801,0.06394146240562623,42.12456130981445,99.5602738132175,98.06760781880236,70.30046540490227,4cfe02566b377a031c2663eb63eabaaa8c37c577ac8e9199402f0895ebc84415
val,D:\ruanjianxiazai\pycharm2026\datasets\dataset_2_abnormal_binary_clean_v3\val\images\nozzle_extrusion_normal_0896.jpg,D:\ruanjianxiazai\pycharm2026\datasets\dataset_2_abnormal_binary_clean_v3\val\labels\nozzle_extrusion_normal_0896.txt,nozzle_extrusion_normal_0896.jpg,nozzle_extrusion_normal,660,1172,1,134.22775268554688,88.91512298583984,0.25751887475436963,0.055149188127003826,42.23093795776367,134.21473523632227,136.78386337780535,121.10015513496742,10af2446ea9d4bfe17db841397b76d9d6c1385062085e8ec5ccf0f9e77e0cf40
val,D:\ruanjianxiazai\pycharm2026\datasets\dataset_2_abnormal_binary_clean_v3\val\images\nozzle_extrusion_normal_0877.jpg,D:\ruanjianxiazai\pycharm2026\datasets\dataset_2_abnormal_binary_clean_v3\val\labels\nozzle_extrusion_normal_0877.txt,nozzle_extrusion_normal_0877.jpg,nozzle_extrusion_normal,660,1172,1,135.2312774658203,87.57279968261719,0.23468171475850658,0.06006179542868963,42.25898361206055,135.15869660771537,138.06594658185955,120.82535681042506,bf081f881022e93407c451e9b84d7e6a14e79f3701d1f124ce41f670d5350f9e
train,D:\ruanjianxiazai\pycharm2026\datasets\dataset_2_abnormal_binary_clean_v3\train\images\nozzle_tip_wrapped_1049.jpg,D:\ruanjianxiazai\pycharm2026\datasets\dataset_2_abnormal_binary_clean_v3\train\labels\nozzle_tip_wrapped_1049.txt,nozzle_tip_wrapped_1049.jpg,nozzle_tip_wrapped,660,1172,1,109.56165313720703,76.91948699951172,0.12741751990898748,0.0661547212741752,42.26934814453125,115.87283069603889,110.88231332092253,86.20842124314821,145851236b3ba40d7b5af20cabf5d423cb887571eb48707445ad4e542d635ed0
train,D:\ruanjianxiazai\pycharm2026\datasets\dataset_2_abnormal_binary_clean_v3\train\images\nozzle_tip_wrapped_1120.jpg,D:\ruanjianxiazai\pycharm2026\datasets\dataset_2_abnormal_binary_clean_v3\train\labels\nozzle_tip_wrapped_1120.txt,nozzle_tip_wrapped_1120.jpg,nozzle_tip_wrapped,660,1172,1,109.41586303710938,73.47856140136719,0.0897313579480815,0.07327670907022443,42.274940490722656,110.58984383079947,112.63939393939394,89.73815156686317,c6081652106a70c266aacfea78d9d50fee772025569b60597c36a77ff9de287b
train,D:\ruanjianxiazai\pycharm2026\datasets\dataset_2_abnormal_binary_clean_v3\train\images\nozzle_tip_wrapped_1100.jpg,D:\ruanjianxiazai\pycharm2026\datasets\dataset_2_abnormal_binary_clean_v3\train\labels\nozzle_tip_wrapped_1100.txt,nozzle_tip_wrapped_1100.jpg,nozzle_tip_wrapped,660,1172,1,116.83977508544922,77.2634048461914,0.13732547316165064,0.05833721170751888,42.31531524658203,120.6113739786948,118.96685153583618,95.99542222566967,4ecf6ec7c8df4265fcd21eead28e0dc3456f0a45abe123bce5ad9d495b287f55
train,D:\ruanjianxiazai\pycharm2026\datasets\dataset_2_abnormal_binary_clean_v3\train\images\nozzle_extrusion_normal_0974.jpg,D:\ruanjianxiazai\pycharm2026\datasets\dataset_2_abnormal_binary_clean_v3\train\labels\nozzle_extrusion_normal_0974.txt,nozzle_extrusion_normal_0974.jpg,nozzle_extrusion_normal,660,1172,1,140.45608520507812,87.77140808105469,0.25941669252249455,0.051981849208811666,42.432064056396484,140.44528906815597,142.9843339538732,127.4658522080877,78c05b894fa4dd08f808f164b272727d34b971cf948d3ad47fa1e7dd58c215ac
train,D:\ruanjianxiazai\pycharm2026\datasets\dataset_2_abnormal_binary_clean_v3\train\images\nozzle_no_extrusion_0103.jpg,D:\ruanjianxiazai\pycharm2026\datasets\dataset_2_abnormal_binary_clean_v3\train\labels\nozzle_no_extrusion_0103.txt,nozzle_no_extrusion_0103.jpg,nozzle_no_extrusion,660,1172,1,102.8671646118164,67.74815368652344,0.047179129175716206,0.0657436136105078,42.555274963378906,104.57889518047368,103.93783612576274,92.86428146654256,31a71599bf4e6b7a6ff007ae0721d6276fd87004e0a8049544719b416083ac40
train,D:\ruanjianxiazai\pycharm2026\datasets\dataset_2_abnormal_binary_clean_v3\train\images\nozzle_tip_wrapped_1114.jpg,D:\ruanjianxiazai\pycharm2026\datasets\dataset_2_abnormal_binary_clean_v3\train\labels\nozzle_tip_wrapped_1114.txt,nozzle_tip_wrapped_1114.jpg,nozzle_tip_wrapped,660,1172,1,124.28144836425781,85.1127700805664,0.19613196814562003,0.061512307374082115,42.5981559753418,125.91069655600373,126.79689600786017,107.05591581342435,8b8f9ed8c10001cde64e80e058e0f6d87dbe68661d6e7dcafd1bb6eff1fbf1ac
train,D:\ruanjianxiazai\pycharm2026\datasets\dataset_2_abnormal_binary_clean_v3\train\images\nozzle_tip_wrapped_1107.jpg,D:\ruanjianxiazai\pycharm2026\datasets\dataset_2_abnormal_binary_clean_v3\train\labels\nozzle_tip_wrapped_1107.txt,nozzle_tip_wrapped_1107.jpg,nozzle_tip_wrapped,660,1172,1,106.2953872680664,71.67357635498047,0.08409220188230428,0.07152626952115007,42.61638641357422,111.60577102078808,107.64014763677733,85.44282371496536,0eaa49fc5b61f683ff6d6b2e70fe245a355a8e5b19f690ff1ebdd2fc9c55576a
val,D:\ruanjianxiazai\pycharm2026\datasets\dataset_2_abnormal_binary_clean_v3\val\images\nozzle_tip_wrapped_1101.jpg,D:\ruanjianxiazai\pycharm2026\datasets\dataset_2_abnormal_binary_clean_v3\val\labels\nozzle_tip_wrapped_1101.txt,nozzle_tip_wrapped_1101.jpg,nozzle_tip_wrapped,660,1172,1,127.85983276367188,86.79521179199219,0.22463284724376875,0.056829816940738444,42.73576354980469,131.27622556624263,129.52110740510912,110.34500465404902,6248e06b247ca67018037a73a7af79998a65f42af824bfd51d7db39cf00bcfb8
train,D:\ruanjianxiazai\pycharm2026\datasets\dataset_2_abnormal_binary_clean_v3\train\images\nozzle_tip_wrapped_1192.jpg,D:\ruanjianxiazai\pycharm2026\datasets\dataset_2_abnormal_binary_clean_v3\train\labels\nozzle_tip_wrapped_1192.txt,nozzle_tip_wrapped_1192.jpg,nozzle_tip_wrapped,660,1172,1,118.87179565429688,76.62738037109375,0.14035577619195366,0.05032836901437584,42.78791046142578,119.8098187506464,121.83638302823456,101.14662322887578,c446a78e320972a4fcb9dedda4b21b1aca14502f52f4a9efcf4cfc69b7038fd2
train,D:\ruanjianxiazai\pycharm2026\datasets\dataset_2_abnormal_binary_clean_v3\train\images\nozzle_extrusion_normal_0917.jpg,D:\ruanjianxiazai\pycharm2026\datasets\dataset_2_abnormal_binary_clean_v3\train\labels\nozzle_extrusion_normal_0917.txt,nozzle_extrusion_normal_0917.jpg,nozzle_extrusion_normal,660,1172,1,134.39634704589844,89.83137512207031,0.25278725824800913,0.0593947150687765,42.799678802490234,134.5445030509877,136.91806934533045,121.02323533974558,55705ff44cb30f8c029d006f304d84e96e2d2ec72f4d056b0aacc1f3ae97f73f
train,D:\ruanjianxiazai\pycharm2026\datasets\dataset_2_abnormal_binary_clean_v3\train\images\nozzle_no_extrusion_0096.jpg,D:\ruanjianxiazai\pycharm2026\datasets\dataset_2_abnormal_binary_clean_v3\train\labels\nozzle_no_extrusion_0096.txt,nozzle_no_extrusion_0096.jpg,nozzle_no_extrusion,660,1172,1,103.3937759399414,65.64372253417969,0.05264763677732961,0.06133131657875685,42.92215347290039,104.85849751784052,105.0858387630572,90.83929568724791,d3b3c32f7114bb4b771eb875dd701a6165e8386ef502a2b578faa4bee24635e4
train,D:\ruanjianxiazai\pycharm2026\datasets\dataset_2_abnormal_binary_clean_v3\train\images\nozzle_extrusion_normal_1024.jpg,D:\ruanjianxiazai\pycharm2026\datasets\dataset_2_abnormal_binary_clean_v3\train\labels\nozzle_extrusion_normal_1024.txt,nozzle_extrusion_normal_1024.jpg,nozzle_extrusion_normal,660,1172,1,128.34963989257812,87.15251159667969,0.21846752508015307,0.0639892956872479,42.93885803222656,129.2760200124108,130.7463763057193,113.57877107249975,6575056fa544ad798ef1cba626136de3eb76a57ae6baaf972ee934e7535e5e8f
train,D:\ruanjianxiazai\pycharm2026\datasets\dataset_2_abnormal_binary_clean_v3\train\images\nozzle_tip_wrapped_1098.jpg,D:\ruanjianxiazai\pycharm2026\datasets\dataset_2_abnormal_binary_clean_v3\train\labels\nozzle_tip_wrapped_1098.txt,nozzle_tip_wrapped_1098.jpg,nozzle_tip_wrapped,660,1172,1,122.05467224121094,81.02735900878906,0.16096674940531597,0.06589487020374392,42.94845962524414,123.83802745888923,124.67236529113663,103.89824568207673,cb2142e0157ab1c8c9ae525d8500f76a093667ec44c742b5f5f4bc7b1bbd9789
train,D:\ruanjianxiazai\pycharm2026\datasets\dataset_2_abnormal_binary_clean_v3\train\images\nozzle_tip_wrapped_1068.jpg,D:\ruanjianxiazai\pycharm2026\datasets\dataset_2_abnormal_binary_clean_v3\train\labels\nozzle_tip_wrapped_1068.txt,nozzle_tip_wrapped_1068.jpg,nozzle_tip_wrapped,660,1172,1,104.0512466430664,73.01109313964844,0.08132562829661806,0.0672406660461268,43.08123016357422,109.73236115420416,105.42443634295171,82.07985831006309,c8e23edbfda75a0f7af98ece652f8021520421698a5790983abd87a54c279daa
train,D:\ruanjianxiazai\pycharm2026\datasets\dataset_2_abnormal_binary_clean_v3\train\images\nozzle_tip_wrapped_1092.jpg,D:\ruanjianxiazai\pycharm2026\datasets\dataset_2_abnormal_binary_clean_v3\train\labels\nozzle_tip_wrapped_1092.txt,nozzle_tip_wrapped_1092.jpg,nozzle_tip_wrapped,660,1172,1,98.02039337158203,67.39064025878906,0.053259127107249976,0.07502197745371807,43.122379302978516,99.67841038370048,101.50571801634088,75.72547962560762,1f8a114dcb79e9c7483c9bd10076710723ff8c5d5f49d5b0bc76b48ffcc2afde
train,D:\ruanjianxiazai\pycharm2026\datasets\dataset_2_abnormal_binary_clean_v3\train\images\nozzle_tip_wrapped_1134.jpg,D:\ruanjianxiazai\pycharm2026\datasets\dataset_2_abnormal_binary_clean_v3\train\labels\nozzle_tip_wrapped_1134.txt,nozzle_tip_wrapped_1134.jpg,nozzle_tip_wrapped,660,1172,1,103.91099548339844,69.32456970214844,0.07359473575343882,0.06787284103837005,43.176849365234375,107.5380882200848,106.49400791188334,81.09740536766988,714e8824c450f83e3d625dca1a42cbd66d3e9eee65aba670bdd0f9108e21822b
train,D:\ruanjianxiazai\pycharm2026\datasets\dataset_2_abnormal_binary_clean_v3\train\images\nozzle_extrusion_normal_0934.jpg,D:\ruanjianxiazai\pycharm2026\datasets\dataset_2_abnormal_binary_clean_v3\train\labels\nozzle_extrusion_normal_0934.txt,nozzle_extrusion_normal_0934.jpg,nozzle_extrusion_normal,660,1172,1,141.8694305419922,86.69127655029297,0.2507136208501396,0.05502637294446168,43.414669036865234,142.3736309339125,144.11197124831938,128.9997608335919,693277cbfb09f01f9392078ddb259ec170d199cdc00f63bd7aa5874b1b17ca64
train,D:\ruanjianxiazai\pycharm2026\datasets\dataset_2_abnormal_binary_clean_v3\train\images\nozzle_tip_wrapped_1050.jpg,D:\ruanjianxiazai\pycharm2026\datasets\dataset_2_abnormal_binary_clean_v3\train\labels\nozzle_tip_wrapped_1050.txt,nozzle_tip_wrapped_1050.jpg,nozzle_tip_wrapped,660,1172,1,116.98206329345703,84.49495697021484,0.18316139207777432,0.06391948495190816,43.624229431152344,122.92141767504395,118.02159866583928,96.05121651670287,9c7991fb8381e7b3f0da6c58ca719580c82925410895f8158adbaee718855cde
train,D:\ruanjianxiazai\pycharm2026\datasets\dataset_2_abnormal_binary_clean_v3\train\images\nozzle_tip_wrapped_1230.jpg,D:\ruanjianxiazai\pycharm2026\datasets\dataset_2_abnormal_binary_clean_v3\train\labels\nozzle_tip_wrapped_1230.txt,nozzle_tip_wrapped_1230.jpg,nozzle_tip_wrapped,660,1172,1,112.30358123779297,78.38673400878906,0.144663357120695,0.05958734098665839,43.666526794433594,114.09782811045609,114.94459354638535,93.99863610507809,8b42ab474838bb50cf8f4d2c31816fee23c221147e916cff4aa32a75a4ca2769
train,D:\ruanjianxiazai\pycharm2026\datasets\dataset_2_abnormal_binary_clean_v3\train\images\nozzle_tip_wrapped_1040.jpg,D:\ruanjianxiazai\pycharm2026\datasets\dataset_2_abnormal_binary_clean_v3\train\labels\nozzle_tip_wrapped_1040.txt,nozzle_tip_wrapped_1040.jpg,nozzle_tip_wrapped,660,1172,1,100.2582778930664,63.25204086303711,0.030366377081394145,0.06456458785810322,43.742794036865234,107.03043101665115,101.43289766263315,76.448014272417,1c8aa427b0a32c2081b97b9205c151a9e883e80eecc3db05091a9e1785e28866
train,D:\ruanjianxiazai\pycharm2026\datasets\dataset_2_abnormal_binary_clean_v3\train\images\nozzle_extrusion_normal_1014.jpg,D:\ruanjianxiazai\pycharm2026\datasets\dataset_2_abnormal_binary_clean_v3\train\labels\nozzle_extrusion_normal_1014.txt,nozzle_extrusion_normal_1014.jpg,nozzle_extrusion_normal,660,1172,1,129.99110412597656,78.04135131835938,0.13404436860068258,0.05597528182852415,43.80896759033203,130.0099532009515,133.4276618574827,112.24633493639466,f4b737a0ee382342a6b80bb1afb1fcc41a8ee171e95c5209baeb92610a57e81e
train,D:\ruanjianxiazai\pycharm2026\datasets\dataset_2_abnormal_binary_clean_v3\train\images\nozzle_tip_wrapped_1058.jpg,D:\ruanjianxiazai\pycharm2026\datasets\dataset_2_abnormal_binary_clean_v3\train\labels\nozzle_tip_wrapped_1058.txt,nozzle_tip_wrapped_1058.jpg,nozzle_tip_wrapped,660,1172,1,108.07916259765625,73.76882934570312,0.08137733995242527,0.062490950460233737,43.862998962402344,113.28064562002275,109.80571930913227,85.54617850863585,d9d7eb81fc3fcb282e5b55e15aa286f1306b4d0a9bcc0c7b563bc8ebefdaca73
train,D:\ruanjianxiazai\pycharm2026\datasets\dataset_2_abnormal_binary_clean_v3\train\images\nozzle_extrusion_normal_0941.jpg,D:\ruanjianxiazai\pycharm2026\datasets\dataset_2_abnormal_binary_clean_v3\train\labels\nozzle_extrusion_normal_0941.txt,nozzle_extrusion_normal_0941.jpg,nozzle_extrusion_normal,660,1172,1,119.49520874023438,87.44564056396484,0.18389699038163201,0.07289921398283174,43.97258758544922,121.72101820250285,121.48596028544834,103.40669407384425,7b79351179cb61f15a5f7b4427d6a96987ab7a689ee86f26a7ec67182e54c779
train,D:\ruanjianxiazai\pycharm2026\datasets\dataset_2_abnormal_binary_clean_v3\train\images\nozzle_tip_wrapped_1125.jpg,D:\ruanjianxiazai\pycharm2026\datasets\dataset_2_abnormal_binary_clean_v3\train\labels\nozzle_tip_wrapped_1125.txt,nozzle_tip_wrapped_1125.jpg,nozzle_tip_wrapped,660,1172,1,116.05389404296875,79.01724243164062,0.13408703071672354,0.06197900506774227,44.032318115234375,117.11253619815906,118.97475049126074,98.23756463956975,6b77fd90fab14e60fb2ad8a87851e32d266c6e42fb4624dc17f393c3a6f9add1
train,D:\ruanjianxiazai\pycharm2026\datasets\dataset_2_abnormal_binary_clean_v3\train\images\nozzle_extrusion_normal_0883.jpg,D:\ruanjianxiazai\pycharm2026\datasets\dataset_2_abnormal_binary_clean_v3\train\labels\nozzle_extrusion_normal_0883.txt,nozzle_extrusion_normal_0883.jpg,nozzle_extrusion_normal,660,1172,1,110.00326538085938,85.01924133300781,0.11829041265901334,0.08086539455993381,44.0338249206543,109.27584807115524,113.9420868238701,91.62955191850243,c911318706617d1dbf71afc84ecf397b654d642e7052fc6ca4ca7760991074ff
train,D:\ruanjianxiazai\pycharm2026\datasets\dataset_2_abnormal_binary_clean_v3\train\images\nozzle_extrusion_normal_1079.jpg,D:\ruanjianxiazai\pycharm2026\datasets\dataset_2_abnormal_binary_clean_v3\train\labels\nozzle_extrusion_normal_1079.txt,nozzle_extrusion_normal_1079.jpg,nozzle_extrusion_normal,660,1172,1,136.1180419921875,85.77592468261719,0.23025261143861828,0.05502378736167132,44.10922622680664,136.7930279760058,138.49993406763883,122.08293256800083,4191831c7218fed411379532fd60284650b935cda50c06c334af7fda473d7155
val,D:\ruanjianxiazai\pycharm2026\datasets\dataset_2_abnormal_binary_clean_v3\val\images\nozzle_tip_wrapped_1111.jpg,D:\ruanjianxiazai\pycharm2026\datasets\dataset_2_abnormal_binary_clean_v3\val\labels\nozzle_tip_wrapped_1111.txt,nozzle_tip_wrapped_1111.jpg,nozzle_tip_wrapped,660,1172,1,127.54817199707031,83.35083770751953,0.17295092563863895,0.06256851794394457,44.21979522705078,129.87106991415865,129.78641664081084,109.9307141379667,28c111b51d846e17f2cbf411461be79f80fbc702d2d770183308b672293d2c46
train,D:\ruanjianxiazai\pycharm2026\datasets\dataset_2_abnormal_binary_clean_v3\train\images\nozzle_tip_wrapped_1045.jpg,D:\ruanjianxiazai\pycharm2026\datasets\dataset_2_abnormal_binary_clean_v3\train\labels\nozzle_tip_wrapped_1045.txt,nozzle_tip_wrapped_1045.jpg,nozzle_tip_wrapped,660,1172,1,108.5899887084961,73.71375274658203,0.07308279036094736,0.06473652911366222,44.25865936279297,114.72674785396629,110.16840934946737,84.36686834212432,c7f9b718ad97915409d64a89633c09810a99b007dbe4a3d90a9e4cd09d6831e3
train,D:\ruanjianxiazai\pycharm2026\datasets\dataset_2_abnormal_binary_clean_v3\train\images\nozzle_extrusion_normal_1517.jpg,D:\ruanjianxiazai\pycharm2026\datasets\dataset_2_abnormal_binary_clean_v3\train\labels\nozzle_extrusion_normal_1517.txt,nozzle_extrusion_normal_1517.jpg,nozzle_extrusion_normal,660,1172,1,94.01539611816406,72.40006256103516,0.07043515358361775,0.08953356086461889,44.2702522277832,94.91222851380701,96.82652032268074,77.18835194952942,5fbb507c3b67b78df1903e23a232539a3d6af47e176e28229eadac7cb0283ae4
train,D:\ruanjianxiazai\pycharm2026\datasets\dataset_2_abnormal_binary_clean_v3\train\images\nozzle_extrusion_normal_1056.jpg,D:\ruanjianxiazai\pycharm2026\datasets\dataset_2_abnormal_binary_clean_v3\train\labels\nozzle_extrusion_normal_1056.txt,nozzle_extrusion_normal_1056.jpg,nozzle_extrusion_normal,660,1172,1,136.82424926757812,82.42174530029297,0.19623797704002482,0.05665916847657462,44.47233581542969,137.4442923259903,139.45701468611026,121.64139259489089,61a96644beed2f28b2e3c30b44280dec7e71b25b35f7bc0fd5b8abec73219215
val,D:\ruanjianxiazai\pycharm2026\datasets\dataset_2_abnormal_binary_clean_v3\val\images\nozzle_extrusion_normal_1035.jpg,D:\ruanjianxiazai\pycharm2026\datasets\dataset_2_abnormal_binary_clean_v3\val\labels\nozzle_extrusion_normal_1035.txt,nozzle_extrusion_normal_1035.jpg,nozzle_extrusion_normal,660,1172,1,137.0877685546875,86.66031646728516,0.24314432723135795,0.05758609990691902,44.57957458496094,137.96672484227946,139.3827515772055,122.96503128555176,a377b31c2953178a54e715319791599d7af2a478fbc67c3b51a3a61d9b074c99
train,D:\ruanjianxiazai\pycharm2026\datasets\dataset_2_abnormal_binary_clean_v3\train\images\nozzle_extrusion_normal_0894.jpg,D:\ruanjianxiazai\pycharm2026\datasets\dataset_2_abnormal_binary_clean_v3\train\labels\nozzle_extrusion_normal_0894.txt,nozzle_extrusion_normal_0894.jpg,nozzle_extrusion_normal,660,1172,1,117.3328857421875,67.73729705810547,0.07040929775571414,0.054963026166097835,44.64051818847656,118.0557671424139,120.57469231564795,98.74443841141793,a10271a23e5b0a9e93a2ab47a08f836a45082d332ccea78aa4107d927e5de34a
train,D:\ruanjianxiazai\pycharm2026\datasets\dataset_2_abnormal_binary_clean_v3\train\images\nozzle_extrusion_normal_1033.jpg,D:\ruanjianxiazai\pycharm2026\datasets\dataset_2_abnormal_binary_clean_v3\train\labels\nozzle_extrusion_normal_1033.txt,nozzle_extrusion_normal_1033.jpg,nozzle_extrusion_normal,660,1172,1,117.5229263305664,73.14273071289062,0.08537594373771848,0.06189626641845072,44.66519546508789,119.47530639156066,120.29362395283897,98.1353798221119,9f83285a7e00fddfa0d059d1d692797bf32c464314d3385162f70afdd27fa26e
