数据划分,图片路径,标签路径,文件名,文件名前缀,图像宽度,图像高度,目标框数量,平均亮度,亮度标准差,过曝像素比例,欠曝像素比例,模糊度分数,红通道均值,绿通道均值,蓝通道均值,SHA256
train,D:\ruanjianxiazai\pycharm2026\datasets\dataset_2_abnormal_binary_clean_v3\train\images\nozzle_tip_wrapped_1316.jpg,D:\ruanjianxiazai\pycharm2026\datasets\dataset_2_abnormal_binary_clean_v3\train\labels\nozzle_tip_wrapped_1316.txt,nozzle_tip_wrapped_1316.jpg,nozzle_tip_wrapped,660,1172,1,165.3297576904297,101.05416870117188,0.4776101458268694,0.09648619298789947,7.343080997467041,164.05226884889854,166.86827231357947,160.7582622298066,65778d6408ac1b5b13dd86e107b25aaa74aa626c2af766bfc50c86034f1005af
train,D:\ruanjianxiazai\pycharm2026\datasets\dataset_2_abnormal_binary_clean_v3\train\images\nozzle_tip_wrapped_1315.jpg,D:\ruanjianxiazai\pycharm2026\datasets\dataset_2_abnormal_binary_clean_v3\train\labels\nozzle_tip_wrapped_1315.txt,nozzle_tip_wrapped_1315.jpg,nozzle_tip_wrapped,660,1172,1,145.5780029296875,101.21761322021484,0.37749250180990795,0.08677474402730376,6.514714241027832,144.73606112317717,146.751763367463,141.74237640914262,a8f371077e11b2f4c8f0b2e3b3b1c1e1ea67d42e4bafa7414c15c1626fe530de
val,D:\ruanjianxiazai\pycharm2026\datasets\dataset_2_abnormal_binary_clean_v3\val\images\nozzle_tip_wrapped_1314.jpg,D:\ruanjianxiazai\pycharm2026\datasets\dataset_2_abnormal_binary_clean_v3\val\labels\nozzle_tip_wrapped_1314.txt,nozzle_tip_wrapped_1314.jpg,nozzle_tip_wrapped,660,1172,1,131.2386932373047,101.93092346191406,0.317013134760575,0.08786585996483608,18.231910705566406,130.37515125659323,132.78667519908987,125.53280975281828,cc88c5aeaafb61548619803bf6110db084a770583499e54ed018d1e1271e5ef6
train,D:\ruanjianxiazai\pycharm2026\datasets\dataset_2_abnormal_binary_clean_v3\train\images\nozzle_extrusion_normal_0240.jpg,D:\ruanjianxiazai\pycharm2026\datasets\dataset_2_abnormal_binary_clean_v3\train\labels\nozzle_extrusion_normal_0240.txt,nozzle_extrusion_normal_0240.jpg,nozzle_extrusion_normal,660,1172,1,133.94288635253906,93.16809844970703,0.2895723446064743,0.06699503568104251,70.90755462646484,135.23346261247286,135.3322978074258,123.40334703692213,947b72f6327e1342b33bbddf1914c926ee0dd6e1169d397a9fd814543dec3040
train,D:\ruanjianxiazai\pycharm2026\datasets\dataset_2_abnormal_binary_clean_v3\train\images\nozzle_tip_wrapped_1242.jpg,D:\ruanjianxiazai\pycharm2026\datasets\dataset_2_abnormal_binary_clean_v3\train\labels\nozzle_tip_wrapped_1242.txt,nozzle_tip_wrapped_1242.jpg,nozzle_tip_wrapped,660,1172,1,143.4586639404297,90.74478912353516,0.28923621884372736,0.054466594270348535,25.20990562438965,144.09220188230427,145.34988235598303,132.05878322473885,73b460d65b5018a7e3a740f2a8ecd9ef36c7cd43f944f336306fd3e5577e7160
train,D:\ruanjianxiazai\pycharm2026\datasets\dataset_2_abnormal_binary_clean_v3\train\images\nozzle_tip_wrapped_1206.jpg,D:\ruanjianxiazai\pycharm2026\datasets\dataset_2_abnormal_binary_clean_v3\train\labels\nozzle_tip_wrapped_1206.txt,nozzle_tip_wrapped_1206.jpg,nozzle_tip_wrapped,660,1172,1,139.7841796875,88.83576202392578,0.2729276553935257,0.05348407281001138,32.94453430175781,141.5060308718585,141.44543127520944,126.7138419174682,f7648f5095921a0a051c064816604c5b010791815f855dce563e3b71f2c3acaf
train,D:\ruanjianxiazai\pycharm2026\datasets\dataset_2_abnormal_binary_clean_v3\train\images\nozzle_extrusion_normal_0995.jpg,D:\ruanjianxiazai\pycharm2026\datasets\dataset_2_abnormal_binary_clean_v3\train\labels\nozzle_extrusion_normal_0995.txt,nozzle_extrusion_normal_0995.jpg,nozzle_extrusion_normal,660,1172,1,144.1368408203125,87.36823272705078,0.2706096804219671,0.054224842279449785,49.72344207763672,143.5849764711966,147.22165296307787,129.7001628917158,300bbf9defe92b30aa009d2853cbfb1411af1dbc021722d89ec3082159edb4bf
train,D:\ruanjianxiazai\pycharm2026\datasets\dataset_2_abnormal_binary_clean_v3\train\images\nozzle_extrusion_normal_1125.jpg,D:\ruanjianxiazai\pycharm2026\datasets\dataset_2_abnormal_binary_clean_v3\train\labels\nozzle_extrusion_normal_1125.txt,nozzle_extrusion_normal_1125.jpg,nozzle_extrusion_normal,660,1172,1,146.16053771972656,87.06648254394531,0.2702735546592202,0.056972023994208296,57.4615478515625,145.9662801220395,148.5942548350398,134.13860921501706,ec9e90222500eb1c0301077b4f13296d60bb7030d057f7aff19a31e508663d5a
train,D:\ruanjianxiazai\pycharm2026\datasets\dataset_2_abnormal_binary_clean_v3\train\images\nozzle_extrusion_normal_0214.jpg,D:\ruanjianxiazai\pycharm2026\datasets\dataset_2_abnormal_binary_clean_v3\train\labels\nozzle_extrusion_normal_0214.txt,nozzle_extrusion_normal_0214.jpg,nozzle_extrusion_normal,660,1172,1,129.3052215576172,91.13323211669922,0.26866790774640603,0.0699555279760058,75.88201141357422,130.20567147585066,131.11655290102388,117.61673389181922,ed0b4d49f95505d8f9cfb591781a633f67c28b059da1aebfce01ad6062f6d5ba
train,D:\ruanjianxiazai\pycharm2026\datasets\dataset_2_abnormal_binary_clean_v3\train\images\nozzle_extrusion_normal_1057.jpg,D:\ruanjianxiazai\pycharm2026\datasets\dataset_2_abnormal_binary_clean_v3\train\labels\nozzle_extrusion_normal_1057.txt,nozzle_extrusion_normal_1057.jpg,nozzle_extrusion_normal,660,1172,1,143.59230041503906,86.72224426269531,0.2682387010032061,0.05586927293411935,47.55786895751953,144.17017013134762,145.95722928948186,129.8991687351329,f8245dcf66f19160dd0c900a8317db770c51ee13b9c6d4107eeb033a8f481c40
val,D:\ruanjianxiazai\pycharm2026\datasets\dataset_2_abnormal_binary_clean_v3\val\images\nozzle_extrusion_normal_1101.jpg,D:\ruanjianxiazai\pycharm2026\datasets\dataset_2_abnormal_binary_clean_v3\val\labels\nozzle_extrusion_normal_1101.txt,nozzle_extrusion_normal_1101.jpg,nozzle_extrusion_normal,660,1172,1,141.21739196777344,87.18510437011719,0.2635730168579998,0.05734305512462509,46.1915397644043,141.40946194022132,143.53121703381942,128.79923983865964,6ed1a26f8eb37505179502adf21a3776e4296cd2d728fd55669b571b787ea721
train,D:\ruanjianxiazai\pycharm2026\datasets\dataset_2_abnormal_binary_clean_v3\train\images\nozzle_extrusion_normal_0953.jpg,D:\ruanjianxiazai\pycharm2026\datasets\dataset_2_abnormal_binary_clean_v3\train\labels\nozzle_extrusion_normal_0953.txt,nozzle_extrusion_normal_0953.jpg,nozzle_extrusion_normal,660,1172,1,140.4126434326172,88.1145248413086,0.26137010032061225,0.052935929258454854,39.39583969116211,140.1942302720033,143.14274614748163,126.92792687971868,68a51a556b69a8487ddf1065a0de5ca0ced4b93a4784f3f4c2c1a42f6f809823
train,D:\ruanjianxiazai\pycharm2026\datasets\dataset_2_abnormal_binary_clean_v3\train\images\nozzle_extrusion_normal_0974.jpg,D:\ruanjianxiazai\pycharm2026\datasets\dataset_2_abnormal_binary_clean_v3\train\labels\nozzle_extrusion_normal_0974.txt,nozzle_extrusion_normal_0974.jpg,nozzle_extrusion_normal,660,1172,1,140.45608520507812,87.77140808105469,0.25941669252249455,0.051981849208811666,42.432064056396484,140.44528906815597,142.9843339538732,127.4658522080877,78c05b894fa4dd08f808f164b272727d34b971cf948d3ad47fa1e7dd58c215ac
train,D:\ruanjianxiazai\pycharm2026\datasets\dataset_2_abnormal_binary_clean_v3\train\images\nozzle_extrusion_normal_1269.jpg,D:\ruanjianxiazai\pycharm2026\datasets\dataset_2_abnormal_binary_clean_v3\train\labels\nozzle_extrusion_normal_1269.txt,nozzle_extrusion_normal_1269.jpg,nozzle_extrusion_normal,660,1172,1,139.42977905273438,87.4046630859375,0.2590883235081187,0.06294213465715172,52.54140090942383,137.90716723549488,142.64794187609888,126.85251189368084,99230fe9826c458bfbfc152bdacdfa51ffb77f9905577afc10a2e72e140ba5de
train,D:\ruanjianxiazai\pycharm2026\datasets\dataset_2_abnormal_binary_clean_v3\train\images\nozzle_extrusion_normal_0239.jpg,D:\ruanjianxiazai\pycharm2026\datasets\dataset_2_abnormal_binary_clean_v3\train\labels\nozzle_extrusion_normal_0239.txt,nozzle_extrusion_normal_0239.jpg,nozzle_extrusion_normal,660,1172,1,128.08741760253906,90.71219635009766,0.2590391974351019,0.06299384631295894,72.48229217529297,129.68053961112835,129.559977763988,116.32646473265073,8e1f6adea9d00f5dd78c26350285f9741bed272aa786f8e13e3f88446c466fc2
val,D:\ruanjianxiazai\pycharm2026\datasets\dataset_2_abnormal_binary_clean_v3\val\images\nozzle_extrusion_normal_0896.jpg,D:\ruanjianxiazai\pycharm2026\datasets\dataset_2_abnormal_binary_clean_v3\val\labels\nozzle_extrusion_normal_0896.txt,nozzle_extrusion_normal_0896.jpg,nozzle_extrusion_normal,660,1172,1,134.22775268554688,88.91512298583984,0.25751887475436963,0.055149188127003826,42.23093795776367,134.21473523632227,136.78386337780535,121.10015513496742,10af2446ea9d4bfe17db841397b76d9d6c1385062085e8ec5ccf0f9e77e0cf40
train,D:\ruanjianxiazai\pycharm2026\datasets\dataset_2_abnormal_binary_clean_v3\train\images\nozzle_extrusion_normal_1078.jpg,D:\ruanjianxiazai\pycharm2026\datasets\dataset_2_abnormal_binary_clean_v3\train\labels\nozzle_extrusion_normal_1078.txt,nozzle_extrusion_normal_1078.jpg,nozzle_extrusion_normal,660,1172,1,146.1893310546875,86.30037689208984,0.25497853966284,0.05541162478022546,51.20871353149414,145.58305926155757,149.08666485675872,132.8606487227221,ee400c17b7ce584d3dec56c9642baeea97dff54f77017ffd6b5cfc127ee25dd1
train,D:\ruanjianxiazai\pycharm2026\datasets\dataset_2_abnormal_binary_clean_v3\train\images\nozzle_extrusion_normal_1175.jpg,D:\ruanjianxiazai\pycharm2026\datasets\dataset_2_abnormal_binary_clean_v3\train\labels\nozzle_extrusion_normal_1175.txt,nozzle_extrusion_normal_1175.jpg,nozzle_extrusion_normal,660,1172,1,143.57676696777344,86.7437744140625,0.2533354017995656,0.06189368083566036,57.4796257019043,143.03047884993276,146.14487149653533,131.78601846106113,1175639fe9c09df11ef6da4c7365c195e8f502c178ee24d11fa2735d348c1553
train,D:\ruanjianxiazai\pycharm2026\datasets\dataset_2_abnormal_binary_clean_v3\train\images\nozzle_extrusion_normal_0917.jpg,D:\ruanjianxiazai\pycharm2026\datasets\dataset_2_abnormal_binary_clean_v3\train\labels\nozzle_extrusion_normal_0917.txt,nozzle_extrusion_normal_0917.jpg,nozzle_extrusion_normal,660,1172,1,134.39634704589844,89.83137512207031,0.25278725824800913,0.0593947150687765,42.799678802490234,134.5445030509877,136.91806934533045,121.02323533974558,55705ff44cb30f8c029d006f304d84e96e2d2ec72f4d056b0aacc1f3ae97f73f
train,D:\ruanjianxiazai\pycharm2026\datasets\dataset_2_abnormal_binary_clean_v3\train\images\nozzle_extrusion_normal_1149.jpg,D:\ruanjianxiazai\pycharm2026\datasets\dataset_2_abnormal_binary_clean_v3\train\labels\nozzle_extrusion_normal_1149.txt,nozzle_extrusion_normal_1149.jpg,nozzle_extrusion_normal,660,1172,1,143.55789184570312,87.04181671142578,0.25213439859344294,0.0630365084289999,60.02656936645508,142.11201003206122,146.58286792843106,131.77425405936498,5482f46fb63df957f5bb612c3698233f18aa82ea0caae078e58d5fa8b3b82005
train,D:\ruanjianxiazai\pycharm2026\datasets\dataset_2_abnormal_binary_clean_v3\train\images\nozzle_extrusion_normal_0241.jpg,D:\ruanjianxiazai\pycharm2026\datasets\dataset_2_abnormal_binary_clean_v3\train\labels\nozzle_extrusion_normal_0241.txt,nozzle_extrusion_normal_0241.jpg,nozzle_extrusion_normal,660,1172,1,123.87028503417969,95.04963684082031,0.2520865653118213,0.09904721274175199,102.69892120361328,125.19429749715586,125.49788499327748,112.01684895025339,dbc41922f981a8b5c32989dc728262764204129141ffd401f2cdd3dec5a6db80
train,D:\ruanjianxiazai\pycharm2026\datasets\dataset_2_abnormal_binary_clean_v3\train\images\nozzle_extrusion_normal_0213.jpg,D:\ruanjianxiazai\pycharm2026\datasets\dataset_2_abnormal_binary_clean_v3\train\labels\nozzle_extrusion_normal_0213.txt,nozzle_extrusion_normal_0213.jpg,nozzle_extrusion_normal,660,1172,1,127.73705291748047,90.00529479980469,0.2514117282035371,0.06508946116454649,68.03274536132812,128.98029398076326,129.5248345227014,115.27064070741545,e84d669da40c6f13dbde4b8dc137cd4be5107a440320a07fa2e28cc12cf2b026
train,D:\ruanjianxiazai\pycharm2026\datasets\dataset_2_abnormal_binary_clean_v3\train\images\nozzle_extrusion_normal_0934.jpg,D:\ruanjianxiazai\pycharm2026\datasets\dataset_2_abnormal_binary_clean_v3\train\labels\nozzle_extrusion_normal_0934.txt,nozzle_extrusion_normal_0934.jpg,nozzle_extrusion_normal,660,1172,1,141.8694305419922,86.69127655029297,0.2507136208501396,0.05502637294446168,43.414669036865234,142.3736309339125,144.11197124831938,128.9997608335919,693277cbfb09f01f9392078ddb259ec170d199cdc00f63bd7aa5874b1b17ca64
train,D:\ruanjianxiazai\pycharm2026\datasets\dataset_2_abnormal_binary_clean_v3\train\images\nozzle_extrusion_normal_1323.jpg,D:\ruanjianxiazai\pycharm2026\datasets\dataset_2_abnormal_binary_clean_v3\train\labels\nozzle_extrusion_normal_1323.txt,nozzle_extrusion_normal_1323.jpg,nozzle_extrusion_normal,660,1172,1,137.5370330810547,87.87265014648438,0.2504822111904023,0.0663408832350812,58.18764114379883,136.31554710931843,140.62645180473677,124.83287051401386,f3e05a5e75f86fc044d972d8402065e93a2435765d1bdd34cdc6c327f8ed8eab
train,D:\ruanjianxiazai\pycharm2026\datasets\dataset_2_abnormal_binary_clean_v3\train\images\nozzle_extrusion_normal_1297.jpg,D:\ruanjianxiazai\pycharm2026\datasets\dataset_2_abnormal_binary_clean_v3\train\labels\nozzle_extrusion_normal_1297.txt,nozzle_extrusion_normal_1297.jpg,nozzle_extrusion_normal,660,1172,1,142.42430114746094,88.20036315917969,0.24789662840004137,0.06661236942806908,58.76813507080078,139.11084781259697,146.17739037128968,131.78969645258042,1d4620bdb7554ea6d2f12e1333d6559d9b9a8f56a3ff37fbece729d8fb84e06a
val,D:\ruanjianxiazai\pycharm2026\datasets\dataset_2_abnormal_binary_clean_v3\val\images\nozzle_tip_wrapped_1194.jpg,D:\ruanjianxiazai\pycharm2026\datasets\dataset_2_abnormal_binary_clean_v3\val\labels\nozzle_tip_wrapped_1194.txt,nozzle_tip_wrapped_1194.jpg,nozzle_tip_wrapped,660,1172,1,136.40328979492188,87.28902435302734,0.24468533457441308,0.05132252559726962,34.1473274230957,135.96511919536664,139.2264246561175,123.01557167235495,2912d77acf8c411a2f2c8d2b912b69832ccd8d898dd9dac8f78ae693d8eadc8c
train,D:\ruanjianxiazai\pycharm2026\datasets\dataset_2_abnormal_binary_clean_v3\train\images\nozzle_extrusion_normal_1270.jpg,D:\ruanjianxiazai\pycharm2026\datasets\dataset_2_abnormal_binary_clean_v3\train\labels\nozzle_extrusion_normal_1270.txt,nozzle_extrusion_normal_1270.jpg,nozzle_extrusion_normal,660,1172,1,141.61572265625,87.18424987792969,0.24354250698107355,0.062858103216465,55.322296142578125,139.048223704623,145.30773994208295,129.33904747130003,98821679b9bfbc976ccb7f3d8f343c6f79108a005fa90b316859c919ad1efef6
train,D:\ruanjianxiazai\pycharm2026\datasets\dataset_2_abnormal_binary_clean_v3\train\images\nozzle_tip_wrapped_1286.jpg,D:\ruanjianxiazai\pycharm2026\datasets\dataset_2_abnormal_binary_clean_v3\train\labels\nozzle_tip_wrapped_1286.txt,nozzle_tip_wrapped_1286.jpg,nozzle_tip_wrapped,660,1172,1,128.61190795898438,95.13605499267578,0.24315725514530975,0.08120281311407591,27.020374298095703,129.91884889854174,130.22952347709173,116.85454286896267,3578d7b41c1127204f65ba681d999d06af48038623eda26187ec0b4e4d97d859
val,D:\ruanjianxiazai\pycharm2026\datasets\dataset_2_abnormal_binary_clean_v3\val\images\nozzle_extrusion_normal_1035.jpg,D:\ruanjianxiazai\pycharm2026\datasets\dataset_2_abnormal_binary_clean_v3\val\labels\nozzle_extrusion_normal_1035.txt,nozzle_extrusion_normal_1035.jpg,nozzle_extrusion_normal,660,1172,1,137.0877685546875,86.66031646728516,0.24314432723135795,0.05758609990691902,44.57957458496094,137.96672484227946,139.3827515772055,122.96503128555176,a377b31c2953178a54e715319791599d7af2a478fbc67c3b51a3a61d9b074c99
train,D:\ruanjianxiazai\pycharm2026\datasets\dataset_2_abnormal_binary_clean_v3\train\images\nozzle_extrusion_normal_1202.jpg,D:\ruanjianxiazai\pycharm2026\datasets\dataset_2_abnormal_binary_clean_v3\train\labels\nozzle_extrusion_normal_1202.txt,nozzle_extrusion_normal_1202.jpg,nozzle_extrusion_normal,660,1172,1,139.9156036376953,86.59687805175781,0.2417364774020064,0.06693944565104974,48.424346923828125,140.137234977764,142.12831083876307,127.94077851897818,4f7598fa5038766acdc2b626e475b2acc116579f669838c45ce55694025325ff
train,D:\ruanjianxiazai\pycharm2026\datasets\dataset_2_abnormal_binary_clean_v3\train\images\nozzle_extrusion_normal_1242.jpg,D:\ruanjianxiazai\pycharm2026\datasets\dataset_2_abnormal_binary_clean_v3\train\labels\nozzle_extrusion_normal_1242.txt,nozzle_extrusion_normal_1242.jpg,nozzle_extrusion_normal,660,1172,1,140.1741485595703,88.25385284423828,0.24159039197435103,0.06617669872789327,55.127925872802734,137.6007808460027,143.89988494156583,127.73910823249561,652497e24c97208addd09020b003253f1228f826edba58b1e18aa2917196160f
train,D:\ruanjianxiazai\pycharm2026\datasets\dataset_2_abnormal_binary_clean_v3\train\images\nozzle_tip_wrapped_1141.jpg,D:\ruanjianxiazai\pycharm2026\datasets\dataset_2_abnormal_binary_clean_v3\train\labels\nozzle_tip_wrapped_1141.txt,nozzle_tip_wrapped_1141.jpg,nozzle_tip_wrapped,660,1172,1,133.19769287109375,88.76103210449219,0.24152187403040645,0.058074775054297235,55.11833190917969,134.04728772365291,135.78976238494155,117.62230194435826,3387bc50d710ada2190c4da5405fc2d629f2870416004ade9b548ac304a3385d
train,D:\ruanjianxiazai\pycharm2026\datasets\dataset_2_abnormal_binary_clean_v3\train\images\nozzle_extrusion_normal_1376.jpg,D:\ruanjianxiazai\pycharm2026\datasets\dataset_2_abnormal_binary_clean_v3\train\labels\nozzle_extrusion_normal_1376.txt,nozzle_extrusion_normal_1376.jpg,nozzle_extrusion_normal,660,1172,1,137.92701721191406,86.84880828857422,0.23986710104457545,0.06722773813217499,64.01297760009766,135.47622556624262,141.53364618885098,125.78382847243769,7fff063d55460a9fd1f644334ac91a06ceaaee2a75bea8a97fd3af0894ea8f01
val,D:\ruanjianxiazai\pycharm2026\datasets\dataset_2_abnormal_binary_clean_v3\val\images\nozzle_extrusion_normal_1349.jpg,D:\ruanjianxiazai\pycharm2026\datasets\dataset_2_abnormal_binary_clean_v3\val\labels\nozzle_extrusion_normal_1349.txt,nozzle_extrusion_normal_1349.jpg,nozzle_extrusion_normal,660,1172,1,135.35365295410156,86.96820831298828,0.23986451546178508,0.06755610714655083,58.27088165283203,134.25443298169407,138.2491118523115,123.3274950873927,2c0432a4ce108eac5595138f6ae5734fe2ed4f26e5ac4a5987f5c3c503c0430a
train,D:\ruanjianxiazai\pycharm2026\datasets\dataset_2_abnormal_binary_clean_v3\train\images\nozzle_extrusion_normal_1324.jpg,D:\ruanjianxiazai\pycharm2026\datasets\dataset_2_abnormal_binary_clean_v3\train\labels\nozzle_extrusion_normal_1324.txt,nozzle_extrusion_normal_1324.jpg,nozzle_extrusion_normal,660,1172,1,142.0846405029297,87.54261016845703,0.23962405626228153,0.06664210363015824,59.122379302978516,139.42703356086463,145.7241932981694,130.31424656117488,53f11b480ceae95d6998fd7c4dee1dee8e9bffb7e4df6bc16ee8d853f68ffe9a
train,D:\ruanjianxiazai\pycharm2026\datasets\dataset_2_abnormal_binary_clean_v3\train\images\nozzle_tip_wrapped_1264.jpg,D:\ruanjianxiazai\pycharm2026\datasets\dataset_2_abnormal_binary_clean_v3\train\labels\nozzle_tip_wrapped_1264.txt,nozzle_tip_wrapped_1264.jpg,nozzle_tip_wrapped,660,1172,1,128.5463409423828,88.58079528808594,0.2385523321956769,0.061990640190298894,22.538280487060547,128.55621056986246,130.98260807736062,115.97574723342642,d52ff41bd61783273cf32e6bd3ae45a89efc9315581a87cecb452e861e97a98a
train,D:\ruanjianxiazai\pycharm2026\datasets\dataset_2_abnormal_binary_clean_v3\train\images\nozzle_extrusion_normal_1296.jpg,D:\ruanjianxiazai\pycharm2026\datasets\dataset_2_abnormal_binary_clean_v3\train\labels\nozzle_extrusion_normal_1296.txt,nozzle_extrusion_normal_1296.jpg,nozzle_extrusion_normal,660,1172,1,135.228271484375,87.17693328857422,0.237951184196918,0.06609266728720653,52.45347595214844,133.20278079429104,138.43019185024303,124.0535409556314,dbd4ca6a0f17273274b85973dbff0a471f371a49b88d031ae4985c5d3dd96f3c
train,D:\ruanjianxiazai\pycharm2026\datasets\dataset_2_abnormal_binary_clean_v3\train\images\nozzle_tip_wrapped_1254.jpg,D:\ruanjianxiazai\pycharm2026\datasets\dataset_2_abnormal_binary_clean_v3\train\labels\nozzle_tip_wrapped_1254.txt,nozzle_tip_wrapped_1254.jpg,nozzle_tip_wrapped,660,1172,1,133.92727661132812,90.08889770507812,0.23684584755403867,0.06283354017995656,26.396038055419922,132.778811149033,137.06107017271694,120.80320095149446,5b78a13edf7875096560803c1aea342495f846a1c93c3335cb494dabe889905c
train,D:\ruanjianxiazai\pycharm2026\datasets\dataset_2_abnormal_binary_clean_v3\train\images\nozzle_extrusion_normal_0859.jpg,D:\ruanjianxiazai\pycharm2026\datasets\dataset_2_abnormal_binary_clean_v3\train\labels\nozzle_extrusion_normal_0859.txt,nozzle_extrusion_normal_0859.jpg,nozzle_extrusion_normal,660,1172,1,131.7198486328125,88.25780487060547,0.23523115110145826,0.053518978177681246,45.018802642822266,133.5548570172717,133.52767090702244,117.59807374082118,ee1a50a6782ce26fcb7317823fa75e552ba38d7b13dde9a0d64134a74b0f4414
train,D:\ruanjianxiazai\pycharm2026\datasets\dataset_2_abnormal_binary_clean_v3\train\images\nozzle_extrusion_normal_1176.jpg,D:\ruanjianxiazai\pycharm2026\datasets\dataset_2_abnormal_binary_clean_v3\train\labels\nozzle_extrusion_normal_1176.txt,nozzle_extrusion_normal_1176.jpg,nozzle_extrusion_normal,660,1172,1,134.95594787597656,85.94237518310547,0.23488209742475955,0.060635794808149755,48.33353042602539,135.48475411107663,137.15360818078395,122.25282992036405,341130328165fdcc7d78f20536d3ed794049df764013799ad5a5cccd1eaa0657
val,D:\ruanjianxiazai\pycharm2026\datasets\dataset_2_abnormal_binary_clean_v3\val\images\nozzle_extrusion_normal_0877.jpg,D:\ruanjianxiazai\pycharm2026\datasets\dataset_2_abnormal_binary_clean_v3\val\labels\nozzle_extrusion_normal_0877.txt,nozzle_extrusion_normal_0877.jpg,nozzle_extrusion_normal,660,1172,1,135.2312774658203,87.57279968261719,0.23468171475850658,0.06006179542868963,42.25898361206055,135.15869660771537,138.06594658185955,120.82535681042506,bf081f881022e93407c451e9b84d7e6a14e79f3701d1f124ce41f670d5350f9e
train,D:\ruanjianxiazai\pycharm2026\datasets\dataset_2_abnormal_binary_clean_v3\train\images\nozzle_extrusion_normal_1135.jpg,D:\ruanjianxiazai\pycharm2026\datasets\dataset_2_abnormal_binary_clean_v3\train\labels\nozzle_extrusion_normal_1135.txt,nozzle_extrusion_normal_1135.jpg,nozzle_extrusion_normal,660,1172,1,132.3542938232422,88.78852081298828,0.23436498086668736,0.06945651049746612,55.254974365234375,129.5628180266832,136.10598045299412,120.35781233840108,8f7da9615b3ae5f05b9ea9699b56576d5b7791c61066760cadab4b1fccd29696
train,D:\ruanjianxiazai\pycharm2026\datasets\dataset_2_abnormal_binary_clean_v3\train\images\nozzle_tip_wrapped_1181.jpg,D:\ruanjianxiazai\pycharm2026\datasets\dataset_2_abnormal_binary_clean_v3\train\labels\nozzle_tip_wrapped_1181.txt,nozzle_tip_wrapped_1181.jpg,nozzle_tip_wrapped,660,1172,1,134.95281982421875,85.63467407226562,0.2319190195470059,0.05576843520529527,38.25068283081055,133.60901592719,138.67928560347502,119.2891883855621,2ec94d137025a42af3a80dc7b2b69bef3a1965941d5cc6390cf7af1a5c45438d
train,D:\ruanjianxiazai\pycharm2026\datasets\dataset_2_abnormal_binary_clean_v3\train\images\nozzle_extrusion_normal_1351.jpg,D:\ruanjianxiazai\pycharm2026\datasets\dataset_2_abnormal_binary_clean_v3\train\labels\nozzle_extrusion_normal_1351.txt,nozzle_extrusion_normal_1351.jpg,nozzle_extrusion_normal,660,1172,1,140.9718475341797,87.79802703857422,0.23110197538525185,0.06764660254421347,59.91890335083008,138.5481719929672,144.2929723859758,130.22790102389078,19a79ec0421ca4012a7365f8c936b13769bac004a4f634ce097675fb703a60d9
train,D:\ruanjianxiazai\pycharm2026\datasets\dataset_2_abnormal_binary_clean_v3\train\images\nozzle_extrusion_normal_1079.jpg,D:\ruanjianxiazai\pycharm2026\datasets\dataset_2_abnormal_binary_clean_v3\train\labels\nozzle_extrusion_normal_1079.txt,nozzle_extrusion_normal_1079.jpg,nozzle_extrusion_normal,660,1172,1,136.1180419921875,85.77592468261719,0.23025261143861828,0.05502378736167132,44.10922622680664,136.7930279760058,138.49993406763883,122.08293256800083,4191831c7218fed411379532fd60284650b935cda50c06c334af7fda473d7155
train,D:\ruanjianxiazai\pycharm2026\datasets\dataset_2_abnormal_binary_clean_v3\train\images\nozzle_extrusion_normal_1112.jpg,D:\ruanjianxiazai\pycharm2026\datasets\dataset_2_abnormal_binary_clean_v3\train\labels\nozzle_extrusion_normal_1112.txt,nozzle_extrusion_normal_1112.jpg,nozzle_extrusion_normal,660,1172,1,135.25784301757812,87.08238220214844,0.22937868445547627,0.06386906608749612,48.68109130859375,134.13513160616404,138.74628063915605,120.23995888923363,c462df399e8503ef2261f19c0434d80709d2dd8220c3b2e2225f7f31298b1609
val,D:\ruanjianxiazai\pycharm2026\datasets\dataset_2_abnormal_binary_clean_v3\val\images\nozzle_extrusion_normal_1160.jpg,D:\ruanjianxiazai\pycharm2026\datasets\dataset_2_abnormal_binary_clean_v3\val\labels\nozzle_extrusion_normal_1160.txt,nozzle_extrusion_normal_1160.jpg,nozzle_extrusion_normal,660,1172,1,129.56845092773438,87.99785614013672,0.22926233322991002,0.06772417002792429,54.918296813964844,129.55194952942392,132.0441501189368,116.86427500258559,1c69d4c6c79af03d17ac2bee75274a4a1d31bdc5bda32686c67e0b3ee4afe447
train,D:\ruanjianxiazai\pycharm2026\datasets\dataset_2_abnormal_binary_clean_v3\train\images\nozzle_tip_wrapped_1274.jpg,D:\ruanjianxiazai\pycharm2026\datasets\dataset_2_abnormal_binary_clean_v3\train\labels\nozzle_tip_wrapped_1274.txt,nozzle_tip_wrapped_1274.jpg,nozzle_tip_wrapped,660,1172,1,130.34228515625,91.57584381103516,0.22867669872789326,0.06795816527045195,38.12783432006836,129.3204700589513,133.24806210569864,118.0601393629124,6c4774f0437e65346c751af14ec97a9fc2e55cd0475b7c53d4b8f93dd198e7b0
train,D:\ruanjianxiazai\pycharm2026\datasets\dataset_2_abnormal_binary_clean_v3\train\images\nozzle_extrusion_normal_0841.jpg,D:\ruanjianxiazai\pycharm2026\datasets\dataset_2_abnormal_binary_clean_v3\train\labels\nozzle_extrusion_normal_0841.txt,nozzle_extrusion_normal_0841.jpg,nozzle_extrusion_normal,660,1172,1,133.41770935058594,86.72954559326172,0.2279061950563657,0.0557270658806495,51.20084762573242,134.0343636880753,135.84064665425586,119.32429801427242,19c09836a570d9e4848f53664848dba5d8f0378f25aa4dafb70d310fa9c5ce16
train,D:\ruanjianxiazai\pycharm2026\datasets\dataset_2_abnormal_binary_clean_v3\train\images\nozzle_extrusion_normal_1088.jpg,D:\ruanjianxiazai\pycharm2026\datasets\dataset_2_abnormal_binary_clean_v3\train\labels\nozzle_extrusion_normal_1088.txt,nozzle_extrusion_normal_1088.jpg,nozzle_extrusion_normal,660,1172,1,132.64700317382812,87.8082275390625,0.22772520426104043,0.06552125349053677,45.05813980102539,130.31815466956252,136.32356112317717,119.82376409142621,b6517b6de02497e7a20537927ebcbce87c1ed25ac748ee9b64f36d2b6df7d132
train,D:\ruanjianxiazai\pycharm2026\datasets\dataset_2_abnormal_binary_clean_v3\train\images\nozzle_extrusion_normal_0935.jpg,D:\ruanjianxiazai\pycharm2026\datasets\dataset_2_abnormal_binary_clean_v3\train\labels\nozzle_extrusion_normal_0935.txt,nozzle_extrusion_normal_0935.jpg,nozzle_extrusion_normal,660,1172,1,126.82901763916016,87.55974578857422,0.2266741648567587,0.05579687661598924,46.02992630004883,128.61884114179335,128.43471662012618,113.86670803599131,8f525c18fa07377a06226fee91d6e97ab7bc3a09e792e78842ace97cbd198d61
val,D:\ruanjianxiazai\pycharm2026\datasets\dataset_2_abnormal_binary_clean_v3\val\images\nozzle_tip_wrapped_0402.jpg,D:\ruanjianxiazai\pycharm2026\datasets\dataset_2_abnormal_binary_clean_v3\val\labels\nozzle_tip_wrapped_0402.txt,nozzle_tip_wrapped_0402.jpg,nozzle_tip_wrapped,670,858,1,164.0102996826172,78.73192596435547,0.226667362488258,0.014146052952023102,199.31224060058594,151.1712538705076,168.4794541279616,174.67241763211914,cd24a9f91ec504b9e6a464ec938f3ccac5ab6b5dd7ad05dc8ac879f76085cebb
train,D:\ruanjianxiazai\pycharm2026\datasets\dataset_2_abnormal_binary_clean_v3\train\images\nozzle_extrusion_normal_1377.jpg,D:\ruanjianxiazai\pycharm2026\datasets\dataset_2_abnormal_binary_clean_v3\train\labels\nozzle_extrusion_normal_1377.txt,nozzle_extrusion_normal_1377.jpg,nozzle_extrusion_normal,660,1172,1,140.1549072265625,86.9362564086914,0.22629925535215636,0.06980814975695522,59.98753356933594,136.78373668424862,143.93697900506774,129.52241183162684,bb96ff96537704f6702508082de60076f46685348236020f3be68834e4d56b4e
train,D:\ruanjianxiazai\pycharm2026\datasets\dataset_2_abnormal_binary_clean_v3\train\images\nozzle_extrusion_normal_1402.jpg,D:\ruanjianxiazai\pycharm2026\datasets\dataset_2_abnormal_binary_clean_v3\train\labels\nozzle_extrusion_normal_1402.txt,nozzle_extrusion_normal_1402.jpg,nozzle_extrusion_normal,660,1172,1,138.7458953857422,86.54930114746094,0.22629408418657565,0.07394120384734719,62.4145622253418,137.45023399524254,141.63533974557865,127.26632278415555,03dbb23f7d7d4d8226b9debf8847bd5212f5caf0757e6157463ec6af70452a45
train,D:\ruanjianxiazai\pycharm2026\datasets\dataset_2_abnormal_binary_clean_v3\train\images\nozzle_extrusion_normal_1161.jpg,D:\ruanjianxiazai\pycharm2026\datasets\dataset_2_abnormal_binary_clean_v3\train\labels\nozzle_extrusion_normal_1161.txt,nozzle_extrusion_normal_1161.jpg,nozzle_extrusion_normal,660,1172,1,136.0978240966797,87.3933334350586,0.22540722928948184,0.06637578860275106,54.48249435424805,135.01371780949427,139.15789119867617,123.184712741752,ce9a7db128fc356a1f8e712c94695ddd96b40ad16d869fb6270d33225d0af941
train,D:\ruanjianxiazai\pycharm2026\datasets\dataset_2_abnormal_binary_clean_v3\train\images\nozzle_tip_wrapped_1154.jpg,D:\ruanjianxiazai\pycharm2026\datasets\dataset_2_abnormal_binary_clean_v3\train\labels\nozzle_tip_wrapped_1154.txt,nozzle_tip_wrapped_1154.jpg,nozzle_tip_wrapped,660,1172,1,130.05059814453125,87.40277862548828,0.22464836074051092,0.06527950149963802,38.59706115722656,130.4192354431689,132.93687558175614,114.22208216982108,12e28f53166cd92f7cebe6776c0f2f0e15d40e4b9e26969e99a37327111e42b6
val,D:\ruanjianxiazai\pycharm2026\datasets\dataset_2_abnormal_binary_clean_v3\val\images\nozzle_tip_wrapped_1101.jpg,D:\ruanjianxiazai\pycharm2026\datasets\dataset_2_abnormal_binary_clean_v3\val\labels\nozzle_tip_wrapped_1101.txt,nozzle_tip_wrapped_1101.jpg,nozzle_tip_wrapped,660,1172,1,127.85983276367188,86.79521179199219,0.22463284724376875,0.056829816940738444,42.73576354980469,131.27622556624263,129.52110740510912,110.34500465404902,6248e06b247ca67018037a73a7af79998a65f42af824bfd51d7db39cf00bcfb8
train,D:\ruanjianxiazai\pycharm2026\datasets\dataset_2_abnormal_binary_clean_v3\train\images\nozzle_extrusion_normal_1150.jpg,D:\ruanjianxiazai\pycharm2026\datasets\dataset_2_abnormal_binary_clean_v3\train\labels\nozzle_extrusion_normal_1150.txt,nozzle_extrusion_normal_1150.jpg,nozzle_extrusion_normal,660,1172,1,133.15838623046875,85.79456329345703,0.2242126900403351,0.0621095769986555,48.861900329589844,132.90835660357845,135.77595537284103,120.33601199710415,39aaf02331d568f7f2e024934845494dbb864169817f6daacb27519af8bcfe36
train,D:\ruanjianxiazai\pycharm2026\datasets\dataset_2_abnormal_binary_clean_v3\train\images\nozzle_extrusion_normal_0823.jpg,D:\ruanjianxiazai\pycharm2026\datasets\dataset_2_abnormal_binary_clean_v3\train\labels\nozzle_extrusion_normal_0823.txt,nozzle_extrusion_normal_0823.jpg,nozzle_extrusion_normal,660,1172,1,130.85806274414062,86.94216918945312,0.22359085737925327,0.05435412141896784,52.82314682006836,132.60465404902266,132.93270374392387,115.59465042920674,24b9ac558f98b46a91e2735b9a5f0548d1ef1243cf13ea59fb619e8efc923db9
val,D:\ruanjianxiazai\pycharm2026\datasets\dataset_2_abnormal_binary_clean_v3\val\images\nozzle_extrusion_normal_0842.jpg,D:\ruanjianxiazai\pycharm2026\datasets\dataset_2_abnormal_binary_clean_v3\val\labels\nozzle_extrusion_normal_0842.txt,nozzle_extrusion_normal_0842.jpg,nozzle_extrusion_normal,660,1172,1,122.23795318603516,88.23605346679688,0.22249974144172097,0.056096804219671115,48.620361328125,123.48944952942394,124.148014272417,109.12047005895128,aec9315f28e1bf3f7084c45455473bfd8c2ee28c5de472eda11039ba70d51142
train,D:\ruanjianxiazai\pycharm2026\datasets\dataset_2_abnormal_binary_clean_v3\train\images\nozzle_extrusion_normal_1401.jpg,D:\ruanjianxiazai\pycharm2026\datasets\dataset_2_abnormal_binary_clean_v3\train\labels\nozzle_extrusion_normal_1401.txt,nozzle_extrusion_normal_1401.jpg,nozzle_extrusion_normal,660,1172,1,132.90011596679688,86.63273620605469,0.2213064949839694,0.0751124728513807,59.11307144165039,132.08816578756853,135.70592098458994,120.58221377598511,d36576d21ae5570e0c076146dc77f93a9ce07ff76e388ef3777c2d8e5e77b27b
train,D:\ruanjianxiazai\pycharm2026\datasets\dataset_2_abnormal_binary_clean_v3\train\images\nozzle_extrusion_normal_0165.jpg,D:\ruanjianxiazai\pycharm2026\datasets\dataset_2_abnormal_binary_clean_v3\train\labels\nozzle_extrusion_normal_0165.txt,nozzle_extrusion_normal_0165.jpg,nozzle_extrusion_normal,660,1172,1,122.77973175048828,86.4022216796875,0.22089409452890682,0.06315415244596131,76.20635223388672,125.17215585893061,124.07079325680009,109.85694228979212,b3d4bafd8b3b52db0359dfb2c8a80c1377d20226ac7053beafee882eb474bdac
train,D:\ruanjianxiazai\pycharm2026\datasets\dataset_2_abnormal_binary_clean_v3\train\images\nozzle_extrusion_normal_0215.jpg,D:\ruanjianxiazai\pycharm2026\datasets\dataset_2_abnormal_binary_clean_v3\train\labels\nozzle_extrusion_normal_0215.txt,nozzle_extrusion_normal_0215.jpg,nozzle_extrusion_normal,660,1172,1,117.10520935058594,92.69158172607422,0.21934403764608543,0.10355646912814148,98.33475494384766,117.03405212534905,119.33154928120798,105.8282487847761,d034b88adc3aff87550d80b0f5e325477dba083ebaa0df49fb31669cdf8f3b90
val,D:\ruanjianxiazai\pycharm2026\datasets\dataset_2_abnormal_binary_clean_v3\val\images\nozzle_extrusion_normal_1016.jpg,D:\ruanjianxiazai\pycharm2026\datasets\dataset_2_abnormal_binary_clean_v3\val\labels\nozzle_extrusion_normal_1016.txt,nozzle_extrusion_normal_1016.jpg,nozzle_extrusion_normal,660,1172,1,132.50233459472656,84.72918701171875,0.21875193918709276,0.05368186989347399,48.12135314941406,133.65615885820665,134.74281466542558,117.93938747543696,b3b89fbe94346a117513f8a3403a8fae9e89e8719e43f1a6ce02081287f901b1
train,D:\ruanjianxiazai\pycharm2026\datasets\dataset_2_abnormal_binary_clean_v3\train\images\nozzle_extrusion_normal_1126.jpg,D:\ruanjianxiazai\pycharm2026\datasets\dataset_2_abnormal_binary_clean_v3\train\labels\nozzle_extrusion_normal_1126.txt,nozzle_extrusion_normal_1126.jpg,nozzle_extrusion_normal,660,1172,1,133.71620178222656,84.61531829833984,0.218617488881994,0.05728617230323715,50.70966339111328,134.66299643189575,135.7942328575861,120.53298040128244,719a519e046777ef664d70f76e1be6bb37df0346c74e7f3cc710fb566efc32c1
train,D:\ruanjianxiazai\pycharm2026\datasets\dataset_2_abnormal_binary_clean_v3\train\images\nozzle_extrusion_normal_1024.jpg,D:\ruanjianxiazai\pycharm2026\datasets\dataset_2_abnormal_binary_clean_v3\train\labels\nozzle_extrusion_normal_1024.txt,nozzle_extrusion_normal_1024.jpg,nozzle_extrusion_normal,660,1172,1,128.34963989257812,87.15251159667969,0.21846752508015307,0.0639892956872479,42.93885803222656,129.2760200124108,130.7463763057193,113.57877107249975,6575056fa544ad798ef1cba626136de3eb76a57ae6baaf972ee934e7535e5e8f
train,D:\ruanjianxiazai\pycharm2026\datasets\dataset_2_abnormal_binary_clean_v3\train\images\nozzle_extrusion_normal_1100.jpg,D:\ruanjianxiazai\pycharm2026\datasets\dataset_2_abnormal_binary_clean_v3\train\labels\nozzle_extrusion_normal_1100.txt,nozzle_extrusion_normal_1100.jpg,nozzle_extrusion_normal,660,1172,1,137.70848083496094,85.22197723388672,0.21820896680111698,0.06132485262178095,46.99555206298828,136.83048272830695,140.81342822422175,124.02332195676905,f12d8345e397e4a6d33c71447df5d7dbd74396fa6ffcc74ffd18337925049937
train,D:\ruanjianxiazai\pycharm2026\datasets\dataset_2_abnormal_binary_clean_v3\train\images\nozzle_extrusion_normal_0860.jpg,D:\ruanjianxiazai\pycharm2026\datasets\dataset_2_abnormal_binary_clean_v3\train\labels\nozzle_extrusion_normal_0860.txt,nozzle_extrusion_normal_0860.jpg,nozzle_extrusion_normal,660,1172,1,120.2083969116211,87.23924255371094,0.21809132278415555,0.05389647326507395,51.05093765258789,122.8402639880029,121.59571439652498,106.16195832040542,f882972bba40cf5c75e498ad46600b4bc47024d9787a5dadc9837d25a7abc91a
val,D:\ruanjianxiazai\pycharm2026\datasets\dataset_2_abnormal_binary_clean_v3\val\images\nozzle_extrusion_normal_1378.jpg,D:\ruanjianxiazai\pycharm2026\datasets\dataset_2_abnormal_binary_clean_v3\val\labels\nozzle_extrusion_normal_1378.txt,nozzle_extrusion_normal_1378.jpg,nozzle_extrusion_normal,660,1172,1,138.92347717285156,88.08282470703125,0.21807710207880857,0.06999172613507085,57.028526306152344,135.43482004343778,142.8014466335712,128.10525519702142,370ddc7cd013bb62dca58abc5ab96228b944b693458cbf4353182f48f8b1707f
train,D:\ruanjianxiazai\pycharm2026\datasets\dataset_2_abnormal_binary_clean_v3\train\images\nozzle_tip_wrapped_1313.jpg,D:\ruanjianxiazai\pycharm2026\datasets\dataset_2_abnormal_binary_clean_v3\train\labels\nozzle_tip_wrapped_1313.txt,nozzle_tip_wrapped_1313.jpg,nozzle_tip_wrapped,660,1172,1,114.30625915527344,88.47261047363281,0.2174656117488882,0.08275545557968766,30.761934280395508,114.64699426000621,116.5879046437067,101.66441074568208,3542e99972fd6b320cda485b3baf8c6f6d778b927f4b53d9767544de8d4ba3ca
train,D:\ruanjianxiazai\pycharm2026\datasets\dataset_2_abnormal_binary_clean_v3\train\images\nozzle_extrusion_normal_0189.jpg,D:\ruanjianxiazai\pycharm2026\datasets\dataset_2_abnormal_binary_clean_v3\train\labels\nozzle_extrusion_normal_0189.txt,nozzle_extrusion_normal_0189.jpg,nozzle_extrusion_normal,660,1172,1,118.0145492553711,90.10641479492188,0.21739709380494363,0.08471403454338608,89.79488372802734,118.14357611955735,120.65488545868239,104.0809002999276,c9508d548692929e87582e16508547d191185a9ca5c2572966886f6543954274
train,D:\ruanjianxiazai\pycharm2026\datasets\dataset_2_abnormal_binary_clean_v3\train\images\nozzle_tip_wrapped_1296.jpg,D:\ruanjianxiazai\pycharm2026\datasets\dataset_2_abnormal_binary_clean_v3\train\labels\nozzle_tip_wrapped_1296.txt,nozzle_tip_wrapped_1296.jpg,nozzle_tip_wrapped,660,1172,1,125.29234313964844,94.15931701660156,0.21660073430551247,0.08039481849208811,21.80615997314453,126.02527665735857,127.47156246768022,112.14909763160617,f7e89807b55f0730aa86c5c9f99db4dcea004f8d3b9af59b4772fca8c40f1012
train,D:\ruanjianxiazai\pycharm2026\datasets\dataset_2_abnormal_binary_clean_v3\train\images\nozzle_tip_wrapped_1089.jpg,D:\ruanjianxiazai\pycharm2026\datasets\dataset_2_abnormal_binary_clean_v3\train\labels\nozzle_tip_wrapped_1089.txt,nozzle_tip_wrapped_1089.jpg,nozzle_tip_wrapped,660,1172,1,125.57874298095703,87.65493774414062,0.21585479367049332,0.05717369945185645,48.083377838134766,129.22464318957492,127.40705088426931,106.602250749819,ee91a00f6295c691a36b343f5bfaba4ebf04a3fc793c1f2f28366bb5c8019547
train,D:\ruanjianxiazai\pycharm2026\datasets\dataset_2_abnormal_binary_clean_v3\train\images\nozzle_extrusion_normal_1447.jpg,D:\ruanjianxiazai\pycharm2026\datasets\dataset_2_abnormal_binary_clean_v3\train\labels\nozzle_extrusion_normal_1447.txt,nozzle_extrusion_normal_1447.jpg,nozzle_extrusion_normal,660,1172,1,135.5826416015625,85.52200317382812,0.21580178922329094,0.06926776295376978,59.73062515258789,134.28205993380908,138.61648438307995,123.37226703899059,b97084b4c78918ce7839142748f14bf3482c71b51075b17e004e0bf5b769ccaf
train,D:\ruanjianxiazai\pycharm2026\datasets\dataset_2_abnormal_binary_clean_v3\train\images\nozzle_extrusion_normal_1203.jpg,D:\ruanjianxiazai\pycharm2026\datasets\dataset_2_abnormal_binary_clean_v3\train\labels\nozzle_extrusion_normal_1203.txt,nozzle_extrusion_normal_1203.jpg,nozzle_extrusion_normal,660,1172,1,130.59127807617188,85.49649047851562,0.21573197848795117,0.06615342848278002,48.120147705078125,131.68277484745062,132.63308641017684,117.21501577205503,5fa76ffd3690cc0450a8fdf43eba8713a51a1f68fa99df3aa56a5b0f3830a50e
val,D:\ruanjianxiazai\pycharm2026\datasets\dataset_2_abnormal_binary_clean_v3\val\images\nozzle_extrusion_normal_0824.jpg,D:\ruanjianxiazai\pycharm2026\datasets\dataset_2_abnormal_binary_clean_v3\val\labels\nozzle_extrusion_normal_0824.txt,nozzle_extrusion_normal_0824.jpg,nozzle_extrusion_normal,660,1172,1,121.09306335449219,87.81522369384766,0.2156647533354018,0.05448469334988106,48.27014923095703,123.08954002482159,122.8124185541421,107.00357715379046,9bba9b3b123a57cb7ad995e7ebe8d98c04959fd5b7365555f88ae616dcee9fbf
train,D:\ruanjianxiazai\pycharm2026\datasets\dataset_2_abnormal_binary_clean_v3\train\images\nozzle_extrusion_normal_1425.jpg,D:\ruanjianxiazai\pycharm2026\datasets\dataset_2_abnormal_binary_clean_v3\train\labels\nozzle_extrusion_normal_1425.txt,nozzle_extrusion_normal_1425.jpg,nozzle_extrusion_normal,660,1172,1,135.6282196044922,86.13426971435547,0.21292791395180474,0.07412736580825317,63.56897735595703,134.1005106526011,138.69968714448237,123.81964267245837,b10c24af44620bb51409ebdf5d43931b371514442cab50c729928cfdbf5b4521
val,D:\ruanjianxiazai\pycharm2026\datasets\dataset_2_abnormal_binary_clean_v3\val\images\nozzle_tip_wrapped_1167.jpg,D:\ruanjianxiazai\pycharm2026\datasets\dataset_2_abnormal_binary_clean_v3\val\labels\nozzle_tip_wrapped_1167.txt,nozzle_tip_wrapped_1167.jpg,nozzle_tip_wrapped,660,1172,1,126.79884338378906,85.81924438476562,0.21243536043024097,0.06510756024407902,35.296966552734375,127.8008855621057,129.3342576791809,111.1154798841659,7af34028703730650ca731658df3eef777d2fccb02eac68b1103cc54c2adca84
train,D:\ruanjianxiazai\pycharm2026\datasets\dataset_2_abnormal_binary_clean_v3\train\images\nozzle_extrusion_normal_1185.jpg,D:\ruanjianxiazai\pycharm2026\datasets\dataset_2_abnormal_binary_clean_v3\train\labels\nozzle_extrusion_normal_1185.txt,nozzle_extrusion_normal_1185.jpg,nozzle_extrusion_normal,660,1172,1,127.15568542480469,86.80305480957031,0.2122414417209639,0.07029811769572862,48.106929779052734,125.20115704829868,130.76122013651877,113.71654255869272,3a71311adbf0f92bf2725d4fb8a58326ba43b2414077a0ae08b1d2fc6dc6f373
train,D:\ruanjianxiazai\pycharm2026\datasets\dataset_2_abnormal_binary_clean_v3\train\images\nozzle_extrusion_normal_0187.jpg,D:\ruanjianxiazai\pycharm2026\datasets\dataset_2_abnormal_binary_clean_v3\train\labels\nozzle_extrusion_normal_0187.txt,nozzle_extrusion_normal_0187.jpg,nozzle_extrusion_normal,660,1172,1,125.48709106445312,83.82077026367188,0.21040955631399316,0.04647197228255249,63.372825622558594,126.83001344503052,127.87826041989865,109.65245113248527,0c2b1aa56bdf4a91c68dc435862083bbd130a635d6d34ccbbeb9ef69d5024556
train,D:\ruanjianxiazai\pycharm2026\datasets\dataset_2_abnormal_binary_clean_v3\train\images\nozzle_extrusion_normal_1375.jpg,D:\ruanjianxiazai\pycharm2026\datasets\dataset_2_abnormal_binary_clean_v3\train\labels\nozzle_extrusion_normal_1375.txt,nozzle_extrusion_normal_1375.jpg,nozzle_extrusion_normal,660,1172,1,129.82412719726562,85.24784851074219,0.20997776398800289,0.06983788395904438,58.769344329833984,128.37917571620645,133.09091167649188,116.79260652601096,f03f4b7d634b10e670431876b2e7f9ebfcb8e0a1c7465c1e9dae064f6375e9dd
train,D:\ruanjianxiazai\pycharm2026\datasets\dataset_2_abnormal_binary_clean_v3\train\images\nozzle_extrusion_normal_1322.jpg,D:\ruanjianxiazai\pycharm2026\datasets\dataset_2_abnormal_binary_clean_v3\train\labels\nozzle_extrusion_normal_1322.txt,nozzle_extrusion_normal_1322.jpg,nozzle_extrusion_normal,660,1172,1,129.2577362060547,84.95034790039062,0.20904178301789222,0.0667106215741028,55.48735046386719,128.8523890784983,132.12472204985005,115.55832169821078,3d4fc660baccec2fc6fa740b30ccde971f2ead1b76a366013527ff89e01d4cb6
train,D:\ruanjianxiazai\pycharm2026\datasets\dataset_2_abnormal_binary_clean_v3\train\images\nozzle_extrusion_normal_1446.jpg,D:\ruanjianxiazai\pycharm2026\datasets\dataset_2_abnormal_binary_clean_v3\train\labels\nozzle_extrusion_normal_1446.txt,nozzle_extrusion_normal_1446.jpg,nozzle_extrusion_normal,660,1172,1,133.5774688720703,85.14826965332031,0.2090249767297549,0.06904281725100837,61.492889404296875,132.54161495501086,136.59583591891612,120.75223911469645,336e4fc2e5b2f626227a98cad8f73f634a2cb0288d60350d5bbd105292d0cb5d
train,D:\ruanjianxiazai\pycharm2026\datasets\dataset_2_abnormal_binary_clean_v3\train\images\nozzle_extrusion_normal_0792.jpg,D:\ruanjianxiazai\pycharm2026\datasets\dataset_2_abnormal_binary_clean_v3\train\labels\nozzle_extrusion_normal_0792.txt,nozzle_extrusion_normal_0792.jpg,nozzle_extrusion_normal,660,1172,1,120.91561889648438,87.53266906738281,0.2085285448340056,0.05716852828627573,53.613460540771484,121.71642879304996,123.37863920777744,106.1329661805771,7a24b3a577a244cc228d898070fd8485b04bd701f20a0beba1b1c56c8164b577
train,D:\ruanjianxiazai\pycharm2026\datasets\dataset_2_abnormal_binary_clean_v3\train\images\nozzle_extrusion_normal_1066.jpg,D:\ruanjianxiazai\pycharm2026\datasets\dataset_2_abnormal_binary_clean_v3\train\labels\nozzle_extrusion_normal_1066.txt,nozzle_extrusion_normal_1066.jpg,nozzle_extrusion_normal,660,1172,1,125.89981079101562,87.7376937866211,0.20795066708035992,0.06785991312441825,49.50979995727539,125.18937584031441,129.1019327231358,111.27530122039508,3fd1e1a180a1668285621134c0fb3d6eb7b1c90be2e271ce5938d321755b1c06
val,D:\ruanjianxiazai\pycharm2026\datasets\dataset_2_abnormal_binary_clean_v3\val\images\nozzle_extrusion_normal_0895.jpg,D:\ruanjianxiazai\pycharm2026\datasets\dataset_2_abnormal_binary_clean_v3\val\labels\nozzle_extrusion_normal_0895.txt,nozzle_extrusion_normal_0895.jpg,nozzle_extrusion_normal,660,1172,1,139.2443084716797,83.61416625976562,0.20743096493949736,0.05488545868238701,46.9178466796875,138.67932568000828,142.61378374185543,123.37621522391147,f0e555d9a439edc9d1981a837a246a35eae73ca2015fdc5ba84eda972895e1ae
train,D:\ruanjianxiazai\pycharm2026\datasets\dataset_2_abnormal_binary_clean_v3\train\images\nozzle_extrusion_normal_1044.jpg,D:\ruanjianxiazai\pycharm2026\datasets\dataset_2_abnormal_binary_clean_v3\train\labels\nozzle_extrusion_normal_1044.txt,nozzle_extrusion_normal_1044.jpg,nozzle_extrusion_normal,660,1172,1,132.5438995361328,85.92555236816406,0.20651954700589512,0.06410047574723343,50.166099548339844,131.58818776502224,136.18530613300237,116.30041369324645,1355bf42a767a94f03eb7622016a51c092c68a665f9c2c4a30e0c39f674004e8
train,D:\ruanjianxiazai\pycharm2026\datasets\dataset_2_abnormal_binary_clean_v3\train\images\nozzle_extrusion_normal_1445.jpg,D:\ruanjianxiazai\pycharm2026\datasets\dataset_2_abnormal_binary_clean_v3\train\labels\nozzle_extrusion_normal_1445.txt,nozzle_extrusion_normal_1445.jpg,nozzle_extrusion_normal,660,1172,1,130.84912109375,84.46807861328125,0.20591452063295065,0.06897688488985418,59.04705810546875,130.39397171372428,133.69726833178197,117.37741751990899,9ed9244508d4b97c48f19d0091ea1dd02c6ab6a1573d7e60b19833b85b8a85a4
train,D:\ruanjianxiazai\pycharm2026\datasets\dataset_2_abnormal_binary_clean_v3\train\images\nozzle_extrusion_normal_1424.jpg,D:\ruanjianxiazai\pycharm2026\datasets\dataset_2_abnormal_binary_clean_v3\train\labels\nozzle_extrusion_normal_1424.txt,nozzle_extrusion_normal_1424.jpg,nozzle_extrusion_normal,660,1172,1,130.47885131835938,85.7226333618164,0.20542067431999173,0.07432387010032061,61.74940490722656,129.50024950873927,133.43163719102284,117.84135122556624,9641988b90bf033bb64064f9322c03d6cd31496aa9f67d3958d7a7f4b7098ee9
train,D:\ruanjianxiazai\pycharm2026\datasets\dataset_2_abnormal_binary_clean_v3\train\images\nozzle_extrusion_normal_1258.jpg,D:\ruanjianxiazai\pycharm2026\datasets\dataset_2_abnormal_binary_clean_v3\train\labels\nozzle_extrusion_normal_1258.txt,nozzle_extrusion_normal_1258.jpg,nozzle_extrusion_normal,660,1172,1,131.2747039794922,86.75601959228516,0.2052888095976833,0.07763729444616817,54.271888732910156,130.80900817044161,133.78193970420932,119.58584264143138,25edb1a34e89687997067469a7bc798573200986dd81d21d3d9a6682b026dd23
train,D:\ruanjianxiazai\pycharm2026\datasets\dataset_2_abnormal_binary_clean_v3\train\images\nozzle_extrusion_normal_0808.jpg,D:\ruanjianxiazai\pycharm2026\datasets\dataset_2_abnormal_binary_clean_v3\train\labels\nozzle_extrusion_normal_0808.txt,nozzle_extrusion_normal_0808.jpg,nozzle_extrusion_normal,660,1172,1,117.96388244628906,87.21776580810547,0.20495397662633158,0.0574878477608853,53.601783752441406,119.54924371703382,119.70527329610094,104.83905005688283,2b671babe4fb640444c0092ae897a806db3b25d2f4979618b13d483030ceb63e
val,D:\ruanjianxiazai\pycharm2026\datasets\dataset_2_abnormal_binary_clean_v3\val\images\nozzle_tip_wrapped_0999.jpg,D:\ruanjianxiazai\pycharm2026\datasets\dataset_2_abnormal_binary_clean_v3\val\labels\nozzle_tip_wrapped_0999.txt,nozzle_tip_wrapped_0999.jpg,nozzle_tip_wrapped,690,940,1,97.23359680175781,98.32992553710938,0.2047594819611471,0.20356614246068455,260.70941162109375,97.0390949737897,97.54365864939871,96.14717082947888,a65896977be24f3fec1515aae16a8692eee18a743bdbcb9d2bdc8b648a10d6b5
train,D:\ruanjianxiazai\pycharm2026\datasets\dataset_2_abnormal_binary_clean_v3\train\images\nozzle_tip_wrapped_1001.jpg,D:\ruanjianxiazai\pycharm2026\datasets\dataset_2_abnormal_binary_clean_v3\train\labels\nozzle_tip_wrapped_1001.txt,nozzle_tip_wrapped_1001.jpg,nozzle_tip_wrapped,690,940,1,97.29718017578125,98.39462280273438,0.20451125501079248,0.20397934011717545,246.35910034179688,96.34760561208758,97.91552728954672,96.60381128584643,69d7aabb47e91daf1e5aac9cebf7ce4ad6d6904ca831d3b9f5438ea6dafefd7c
train,D:\ruanjianxiazai\pycharm2026\datasets\dataset_2_abnormal_binary_clean_v3\train\images\nozzle_tip_wrapped_1000.jpg,D:\ruanjianxiazai\pycharm2026\datasets\dataset_2_abnormal_binary_clean_v3\train\labels\nozzle_tip_wrapped_1000.txt,nozzle_tip_wrapped_1000.jpg,nozzle_tip_wrapped,690,940,1,97.20589447021484,98.28034973144531,0.20388837496145545,0.20511100832562443,270.8078308105469,96.80921677459143,97.61334412580943,96.14831945729263,5140596894b68759f5146c4c620238cfc9bef3c162c569b489632f50e85f7d17
train,D:\ruanjianxiazai\pycharm2026\datasets\dataset_2_abnormal_binary_clean_v3\train\images\nozzle_extrusion_normal_1448.jpg,D:\ruanjianxiazai\pycharm2026\datasets\dataset_2_abnormal_binary_clean_v3\train\labels\nozzle_extrusion_normal_1448.txt,nozzle_extrusion_normal_1448.jpg,nozzle_extrusion_normal,660,1172,1,132.85765075683594,85.9555435180664,0.20369738339021615,0.06980685696556004,56.446861267089844,131.5729379977247,135.7640022236012,121.26200098252146,c31f83c91a4c39a0826eca29d722e07130dbd11bb531b248d9af52d46bc6fc81
train,D:\ruanjianxiazai\pycharm2026\datasets\dataset_2_abnormal_binary_clean_v3\train\images\nozzle_tip_wrapped_1076.jpg,D:\ruanjianxiazai\pycharm2026\datasets\dataset_2_abnormal_binary_clean_v3\train\labels\nozzle_tip_wrapped_1076.txt,nozzle_tip_wrapped_1076.jpg,nozzle_tip_wrapped,660,1172,1,123.06309509277344,86.78626251220703,0.20306779398076327,0.06117876719412556,37.54696273803711,126.22611309339125,125.01851923673595,104.698390474713,264d0e0f97e6f56acce16667f1818ddfeb7e22f14615bd37bb27583a36ae6fd2
train,D:\ruanjianxiazai\pycharm2026\datasets\dataset_2_abnormal_binary_clean_v3\train\images\nozzle_extrusion_normal_0897.jpg,D:\ruanjianxiazai\pycharm2026\datasets\dataset_2_abnormal_binary_clean_v3\train\labels\nozzle_extrusion_normal_0897.txt,nozzle_extrusion_normal_0897.jpg,nozzle_extrusion_normal,660,1172,1,120.69886016845703,86.11096954345703,0.20295790671217293,0.05612136725617954,50.36139678955078,121.92421915399731,122.7634941565829,106.85391198676182,1e4502f5a16f54fa9d88c1a081b8800e771e7ad1b182b6100530d839d7d82952
val,D:\ruanjianxiazai\pycharm2026\datasets\dataset_2_abnormal_binary_clean_v3\val\images\nozzle_extrusion_normal_1058.jpg,D:\ruanjianxiazai\pycharm2026\datasets\dataset_2_abnormal_binary_clean_v3\val\labels\nozzle_extrusion_normal_1058.txt,nozzle_extrusion_normal_1058.jpg,nozzle_extrusion_normal,660,1172,1,129.78131103515625,83.77177429199219,0.20283767711242115,0.05500827386492915,46.64718246459961,131.75660745682077,131.6400972179129,115.02930370255456,cdc0d868bb8a814b438bc9d1c506d53ac25793725d321c8d3a2a1f7892d369ea
train,D:\ruanjianxiazai\pycharm2026\datasets\dataset_2_abnormal_binary_clean_v3\train\images\nozzle_extrusion_normal_0982.jpg,D:\ruanjianxiazai\pycharm2026\datasets\dataset_2_abnormal_binary_clean_v3\train\labels\nozzle_extrusion_normal_0982.txt,nozzle_extrusion_normal_0982.jpg,nozzle_extrusion_normal,660,1172,1,121.66101837158203,87.8555908203125,0.20276528079429104,0.07039766263315751,54.65546798706055,123.22032526631503,123.97463801840935,105.65826998655497,4a1480a12481ef68aed45be62e5f64bd151451366b1a8d0fc093429156b63080
train,D:\ruanjianxiazai\pycharm2026\datasets\dataset_2_abnormal_binary_clean_v3\train\images\nozzle_tip_wrapped_1002.jpg,D:\ruanjianxiazai\pycharm2026\datasets\dataset_2_abnormal_binary_clean_v3\train\labels\nozzle_tip_wrapped_1002.txt,nozzle_tip_wrapped_1002.jpg,nozzle_tip_wrapped,690,940,1,95.56010437011719,97.98075866699219,0.20208911501695961,0.2062041319765649,234.76156616210938,94.26762719703977,96.29760407030527,95.15245143385754,c000f451b558ebde023d867aa54f5c8487196d236de03570c570446ca20f27b9
val,D:\ruanjianxiazai\pycharm2026\datasets\dataset_2_abnormal_binary_clean_v3\val\images\nozzle_extrusion_normal_1467.jpg,D:\ruanjianxiazai\pycharm2026\datasets\dataset_2_abnormal_binary_clean_v3\val\labels\nozzle_extrusion_normal_1467.txt,nozzle_extrusion_normal_1467.jpg,nozzle_extrusion_normal,660,1172,1,131.6634521484375,84.887451171875,0.20184222773813218,0.06851535836177475,56.323524475097656,130.66565053263005,134.68041033198884,118.74568854069707,1c6de1ab912870b935d55e812b436dd4946003aa79101fc952bda980297005dc
train,D:\ruanjianxiazai\pycharm2026\datasets\dataset_2_abnormal_binary_clean_v3\train\images\nozzle_extrusion_normal_0918.jpg,D:\ruanjianxiazai\pycharm2026\datasets\dataset_2_abnormal_binary_clean_v3\train\labels\nozzle_extrusion_normal_0918.txt,nozzle_extrusion_normal_0918.jpg,nozzle_extrusion_normal,660,1172,1,118.48747253417969,86.85980224609375,0.20162374599234667,0.060569862446995554,51.7110710144043,120.0134385665529,120.32968378322474,104.99917390629848,fe9d2a87401d3bca4679454841649fc9e0d0fcfd8a4ebc0b9aca3a861c38eb2f
train,D:\ruanjianxiazai\pycharm2026\datasets\dataset_2_abnormal_binary_clean_v3\train\images\nozzle_tip_wrapped_0998.jpg,D:\ruanjianxiazai\pycharm2026\datasets\dataset_2_abnormal_binary_clean_v3\train\labels\nozzle_tip_wrapped_0998.txt,nozzle_tip_wrapped_0998.jpg,nozzle_tip_wrapped,690,940,1,96.1516342163086,97.68347930908203,0.20053345667591735,0.20357076780758557,239.71620178222656,96.31704131976565,96.34959605303732,94.69849522047487,25a4225f83d2ba46aa2ffc20de67b37b150ad22fa3019dccd6152cd015cf5585
train,D:\ruanjianxiazai\pycharm2026\datasets\dataset_2_abnormal_binary_clean_v3\train\images\nozzle_extrusion_normal_1325.jpg,D:\ruanjianxiazai\pycharm2026\datasets\dataset_2_abnormal_binary_clean_v3\train\labels\nozzle_extrusion_normal_1325.txt,nozzle_extrusion_normal_1325.jpg,nozzle_extrusion_normal,660,1172,1,136.66891479492188,86.42724609375,0.20044601303133727,0.06726522908263523,68.22978210449219,133.83108258351433,140.61342822422174,123.8012617644017,6b15a87d135dee9f4248d177bf07f048922b06ba56090b829cde348d0d813812
train,D:\ruanjianxiazai\pycharm2026\datasets\dataset_2_abnormal_binary_clean_v3\train\images\nozzle_tip_wrapped_1239.jpg,D:\ruanjianxiazai\pycharm2026\datasets\dataset_2_abnormal_binary_clean_v3\train\labels\nozzle_tip_wrapped_1239.txt,nozzle_tip_wrapped_1239.jpg,nozzle_tip_wrapped,660,1172,1,124.61997985839844,84.99311828613281,0.20030251318647224,0.06116842486296411,30.141956329345703,125.31654772985831,127.05548014272416,110.25208397972904,8c5c15216f48e2f3b85a5a5e84e7e39b6982a1f735a42e910594a192e0522d66
val,D:\ruanjianxiazai\pycharm2026\datasets\dataset_2_abnormal_binary_clean_v3\val\images\nozzle_tip_wrapped_1203.jpg,D:\ruanjianxiazai\pycharm2026\datasets\dataset_2_abnormal_binary_clean_v3\val\labels\nozzle_tip_wrapped_1203.txt,nozzle_tip_wrapped_1203.jpg,nozzle_tip_wrapped,660,1172,1,127.8016128540039,84.4112319946289,0.19982935153583617,0.054714810218223185,29.651309967041016,130.93268047367877,129.2304193815286,112.23235856862136,f82daf776f0496980d76c6fc6dfd0e95b2f30f601e557ec40d0e1325a9d75b4d
train,D:\ruanjianxiazai\pycharm2026\datasets\dataset_2_abnormal_binary_clean_v3\train\images\nozzle_tip_wrapped_0997.jpg,D:\ruanjianxiazai\pycharm2026\datasets\dataset_2_abnormal_binary_clean_v3\train\labels\nozzle_tip_wrapped_0997.txt,nozzle_tip_wrapped_0997.jpg,nozzle_tip_wrapped,690,940,1,95.87202453613281,97.03274536132812,0.1994017884674684,0.19089423373419673,258.0648193359375,96.890420906568,95.77239592969472,93.71388220783226,4e2f02923bea491f1d99417e42354f2fbdd6574354cf0dc46508d25fa6ef434b
train,D:\ruanjianxiazai\pycharm2026\datasets\dataset_2_abnormal_binary_clean_v3\train\images\nozzle_extrusion_normal_1213.jpg,D:\ruanjianxiazai\pycharm2026\datasets\dataset_2_abnormal_binary_clean_v3\train\labels\nozzle_extrusion_normal_1213.txt,nozzle_extrusion_normal_1213.jpg,nozzle_extrusion_normal,660,1172,1,122.87123107910156,86.96549987792969,0.19922044678870618,0.0836203330230634,50.5379524230957,120.72865472127418,126.36169846933498,110.51763367463026,ac1218222d2c68dd7cbacf7c33e92bf90713a398ee448801ab0cbde83df5c1de
train,D:\ruanjianxiazai\pycharm2026\datasets\dataset_2_abnormal_binary_clean_v3\train\images\nozzle_extrusion_normal_0996.jpg,D:\ruanjianxiazai\pycharm2026\datasets\dataset_2_abnormal_binary_clean_v3\train\labels\nozzle_extrusion_normal_0996.txt,nozzle_extrusion_normal_0996.jpg,nozzle_extrusion_normal,660,1172,1,127.35218811035156,84.18311309814453,0.19913770813941462,0.052951442755197024,47.122894287109375,128.40046023373668,129.82456045092565,111.87191669252249,1b37f86886993cd3308214cd5c71b69e24a175928cd60e00141339d39c1bef4b
train,D:\ruanjianxiazai\pycharm2026\datasets\dataset_2_abnormal_binary_clean_v3\train\images\nozzle_tip_wrapped_1003.jpg,D:\ruanjianxiazai\pycharm2026\datasets\dataset_2_abnormal_binary_clean_v3\train\labels\nozzle_tip_wrapped_1003.txt,nozzle_tip_wrapped_1003.jpg,nozzle_tip_wrapped,690,940,1,94.40187072753906,97.12217712402344,0.19892846130126426,0.19115787850755472,236.48602294921875,92.7181868640148,95.29960838729572,94.19530681467776,47616061b752ab4145acd55a170b038ac532c4f852b433e7779f3528e7486002
train,D:\ruanjianxiazai\pycharm2026\datasets\dataset_2_abnormal_binary_clean_v3\train\images\nozzle_tip_wrapped_1004.jpg,D:\ruanjianxiazai\pycharm2026\datasets\dataset_2_abnormal_binary_clean_v3\train\labels\nozzle_tip_wrapped_1004.txt,nozzle_tip_wrapped_1004.jpg,nozzle_tip_wrapped,690,940,1,94.25862121582031,96.4297103881836,0.1985198889916744,0.18262719703977798,253.46298217773438,92.6204702436016,95.09482269503546,94.2495359235276,4379ff8a53efa7974b12d2144de27cde320714e148ad3213b23507c1f8c3c271
train,D:\ruanjianxiazai\pycharm2026\datasets\dataset_2_abnormal_binary_clean_v3\train\images\nozzle_tip_wrapped_0939.jpg,D:\ruanjianxiazai\pycharm2026\datasets\dataset_2_abnormal_binary_clean_v3\train\labels\nozzle_tip_wrapped_0939.txt,nozzle_tip_wrapped_0939.jpg,nozzle_tip_wrapped,690,940,1,89.33468627929688,97.16242980957031,0.19803576934936787,0.2753330249768733,173.08355712890625,89.7577135368486,89.27842429848906,88.51480111008325,60c58b2633a5002e8aaa75e05f3a9f794d10b9d3252b2a38f80c95e705494c82
train,D:\ruanjianxiazai\pycharm2026\datasets\dataset_2_abnormal_binary_clean_v3\train\images\nozzle_tip_wrapped_1306.jpg,D:\ruanjianxiazai\pycharm2026\datasets\dataset_2_abnormal_binary_clean_v3\train\labels\nozzle_tip_wrapped_1306.txt,nozzle_tip_wrapped_1306.jpg,nozzle_tip_wrapped,660,1172,1,114.20203399658203,88.74417114257812,0.19800134450305099,0.08649808666873514,21.641693115234375,117.5921954183473,115.18816320198573,100.23279036094736,530d3d0ade0cf586716b5b4cee84d2b81053bf0d9e1b80d94fcc58cca2038631
train,D:\ruanjianxiazai\pycharm2026\datasets\dataset_2_abnormal_binary_clean_v3\train\images\nozzle_extrusion_normal_1348.jpg,D:\ruanjianxiazai\pycharm2026\datasets\dataset_2_abnormal_binary_clean_v3\train\labels\nozzle_extrusion_normal_1348.txt,nozzle_extrusion_normal_1348.jpg,nozzle_extrusion_normal,660,1172,1,127.12997436523438,84.3006591796875,0.19768848898541733,0.06775390423001344,51.56032180786133,126.44756567380287,129.9903182852415,114.19146499120902,2f6a808089b3bd86b1d40d24ed9fd12e661f229bee138adec2d427e5ac0ef271
train,D:\ruanjianxiazai\pycharm2026\datasets\dataset_2_abnormal_binary_clean_v3\train\images\nozzle_tip_wrapped_0996.jpg,D:\ruanjianxiazai\pycharm2026\datasets\dataset_2_abnormal_binary_clean_v3\train\labels\nozzle_tip_wrapped_0996.txt,nozzle_tip_wrapped_0996.jpg,nozzle_tip_wrapped,690,940,1,96.44856262207031,96.68423461914062,0.19762102991057662,0.18841658957755164,282.99658203125,97.34672217082948,96.43114091890224,94.18261023743447,c5a454cc9570c3e116f3a9882f14b3f50cc90840fa80f13c32f0e4187bd7fed7
train,D:\ruanjianxiazai\pycharm2026\datasets\dataset_2_abnormal_binary_clean_v3\train\images\nozzle_extrusion_normal_1400.jpg,D:\ruanjianxiazai\pycharm2026\datasets\dataset_2_abnormal_binary_clean_v3\train\labels\nozzle_extrusion_normal_1400.txt,nozzle_extrusion_normal_1400.jpg,nozzle_extrusion_normal,660,1172,1,125.63407135009766,85.31338500976562,0.1975436963491571,0.07505171165580722,54.30580520629883,125.33190221325887,128.38856008894405,112.24304607508532,fd53492cf9f2d7ed1111b5374c1953831e46d12f12142c64879827cbd261cdf5
train,D:\ruanjianxiazai\pycharm2026\datasets\dataset_2_abnormal_binary_clean_v3\train\images\nozzle_extrusion_normal_1466.jpg,D:\ruanjianxiazai\pycharm2026\datasets\dataset_2_abnormal_binary_clean_v3\train\labels\nozzle_extrusion_normal_1466.txt,nozzle_extrusion_normal_1466.jpg,nozzle_extrusion_normal,660,1172,1,129.38699340820312,84.30137634277344,0.1965779811769573,0.06862783121315545,58.630157470703125,128.4931068362809,132.41851923673596,116.12204467887062,f65112b30017581bfa74c6235ee6e19dda0f1dc2f103fec14fd2c29f823aaa09
train,D:\ruanjianxiazai\pycharm2026\datasets\dataset_2_abnormal_binary_clean_v3\train\images\nozzle_tip_wrapped_1191.jpg,D:\ruanjianxiazai\pycharm2026\datasets\dataset_2_abnormal_binary_clean_v3\train\labels\nozzle_tip_wrapped_1191.txt,nozzle_tip_wrapped_1191.jpg,nozzle_tip_wrapped,660,1172,1,131.35104370117188,83.88233184814453,0.19636854897093806,0.050638638949219154,25.42133903503418,131.73821620643292,133.97381192470783,116.83103862860689,66c4afb14b9ab69e8ed56af1841c58bd65ba6437e6e4a7307ad35ba849a8fd71
train,D:\ruanjianxiazai\pycharm2026\datasets\dataset_2_abnormal_binary_clean_v3\train\images\nozzle_extrusion_normal_1056.jpg,D:\ruanjianxiazai\pycharm2026\datasets\dataset_2_abnormal_binary_clean_v3\train\labels\nozzle_extrusion_normal_1056.txt,nozzle_extrusion_normal_1056.jpg,nozzle_extrusion_normal,660,1172,1,136.82424926757812,82.42174530029297,0.19623797704002482,0.05665916847657462,44.47233581542969,137.4442923259903,139.45701468611026,121.64139259489089,61a96644beed2f28b2e3c30b44280dec7e71b25b35f7bc0fd5b8abec73219215
train,D:\ruanjianxiazai\pycharm2026\datasets\dataset_2_abnormal_binary_clean_v3\train\images\nozzle_extrusion_normal_0791.jpg,D:\ruanjianxiazai\pycharm2026\datasets\dataset_2_abnormal_binary_clean_v3\train\labels\nozzle_extrusion_normal_0791.txt,nozzle_extrusion_normal_0791.jpg,nozzle_extrusion_normal,660,1172,1,128.43309020996094,85.29752349853516,0.19614618885096702,0.05703924914675768,59.02692794799805,129.0339008687558,131.29160978384527,112.13835453511221,3aad4e1250c1886ce58e018a7955d7476fa7209d8e9cd7459ee6dd9558fa8cdb
train,D:\ruanjianxiazai\pycharm2026\datasets\dataset_2_abnormal_binary_clean_v3\train\images\nozzle_tip_wrapped_1114.jpg,D:\ruanjianxiazai\pycharm2026\datasets\dataset_2_abnormal_binary_clean_v3\train\labels\nozzle_tip_wrapped_1114.txt,nozzle_tip_wrapped_1114.jpg,nozzle_tip_wrapped,660,1172,1,124.28144836425781,85.1127700805664,0.19613196814562003,0.061512307374082115,42.5981559753418,125.91069655600373,126.79689600786017,107.05591581342435,8b8f9ed8c10001cde64e80e058e0f6d87dbe68661d6e7dcafd1bb6eff1fbf1ac
train,D:\ruanjianxiazai\pycharm2026\datasets\dataset_2_abnormal_binary_clean_v3\train\images\nozzle_extrusion_normal_0166.jpg,D:\ruanjianxiazai\pycharm2026\datasets\dataset_2_abnormal_binary_clean_v3\train\labels\nozzle_extrusion_normal_0166.txt,nozzle_extrusion_normal_0166.jpg,nozzle_extrusion_normal,660,1172,1,112.6866683959961,87.49970245361328,0.1960220808770297,0.0885587961526528,89.07691955566406,114.39954881580309,114.22750284414107,100.25988726859035,12d6ac745fe9ba978788775269bb9f8283abee8733658846e5edacc17af2a728
train,D:\ruanjianxiazai\pycharm2026\datasets\dataset_2_abnormal_binary_clean_v3\train\images\nozzle_extrusion_normal_1102.jpg,D:\ruanjianxiazai\pycharm2026\datasets\dataset_2_abnormal_binary_clean_v3\train\labels\nozzle_extrusion_normal_1102.txt,nozzle_extrusion_normal_1102.jpg,nozzle_extrusion_normal,660,1172,1,128.37277221679688,83.94802856445312,0.19585401799565622,0.057034077981176955,49.384422302246094,129.27770193401594,130.59327877753645,114.56568673078912,31492ef3b8c09a5438187d0dbdff5b8500e4431c004ef3ff43687d2b4123dd65
train,D:\ruanjianxiazai\pycharm2026\datasets\dataset_2_abnormal_binary_clean_v3\train\images\nozzle_extrusion_normal_0760.jpg,D:\ruanjianxiazai\pycharm2026\datasets\dataset_2_abnormal_binary_clean_v3\train\labels\nozzle_extrusion_normal_0760.txt,nozzle_extrusion_normal_0760.jpg,nozzle_extrusion_normal,660,1172,1,119.47333526611328,85.64327239990234,0.19564070741545145,0.048044006619091945,60.412315368652344,120.89363817354432,121.90325266315027,103.23592538008067,160e07ee633a217496ee4adc7e1fffe6b3c512666cbbfd6ebc2f5dbe774114f7
train,D:\ruanjianxiazai\pycharm2026\datasets\dataset_2_abnormal_binary_clean_v3\train\images\nozzle_tip_wrapped_0941.jpg,D:\ruanjianxiazai\pycharm2026\datasets\dataset_2_abnormal_binary_clean_v3\train\labels\nozzle_tip_wrapped_0941.txt,nozzle_tip_wrapped_0941.jpg,nozzle_tip_wrapped,690,940,1,87.73615264892578,97.3287582397461,0.19563058896083874,0.2960746222633364,186.58346557617188,87.63260252852297,87.80237897008942,87.66665587419057,4cafa69ce40d3915a61cc09caf776fd78e622ebf353858fa7fec3a2d5a237ba7
train,D:\ruanjianxiazai\pycharm2026\datasets\dataset_2_abnormal_binary_clean_v3\train\images\nozzle_extrusion_normal_0759.jpg,D:\ruanjianxiazai\pycharm2026\datasets\dataset_2_abnormal_binary_clean_v3\train\labels\nozzle_extrusion_normal_0759.txt,nozzle_extrusion_normal_0759.jpg,nozzle_extrusion_normal,660,1172,1,123.91175079345703,85.37039184570312,0.19499560450925638,0.048071155238390735,60.21644592285156,125.36775519702141,126.4989541317613,106.7710569862447,cf0f47580fce738eadbea08ae5ecfe573e9dfcdd982a745880318949da186198
train,D:\ruanjianxiazai\pycharm2026\datasets\dataset_2_abnormal_binary_clean_v3\train\images\nozzle_extrusion_normal_0144.jpg,D:\ruanjianxiazai\pycharm2026\datasets\dataset_2_abnormal_binary_clean_v3\train\labels\nozzle_extrusion_normal_0144.txt,nozzle_extrusion_normal_0144.jpg,nozzle_extrusion_normal,660,1172,1,118.31818389892578,84.53497314453125,0.19391095252869997,0.06475204261040439,72.63594818115234,119.4588517426828,120.5826429827283,103.6663098562416,ead3c7a15cf7f809d73f6c61de846c2739eb57f0c12dc8447fd8a3214cb0245f
train,D:\ruanjianxiazai\pycharm2026\datasets\dataset_2_abnormal_binary_clean_v3\train\images\nozzle_tip_wrapped_1005.jpg,D:\ruanjianxiazai\pycharm2026\datasets\dataset_2_abnormal_binary_clean_v3\train\labels\nozzle_tip_wrapped_1005.txt,nozzle_tip_wrapped_1005.jpg,nozzle_tip_wrapped,690,940,1,94.06269836425781,95.29298400878906,0.1938744989207524,0.1896777674992291,260.40057373046875,93.07878353376503,94.64512796793093,93.64405334566759,aa15c05350b2a8cf5d46e2a710566988551bd9a8a28cddac053bd58306bba078
train,D:\ruanjianxiazai\pycharm2026\datasets\dataset_2_abnormal_binary_clean_v3\train\images\nozzle_extrusion_normal_0776.jpg,D:\ruanjianxiazai\pycharm2026\datasets\dataset_2_abnormal_binary_clean_v3\train\labels\nozzle_extrusion_normal_0776.txt,nozzle_extrusion_normal_0776.jpg,nozzle_extrusion_normal,660,1172,1,122.90867614746094,86.30597686767578,0.19385406970731203,0.057253852518357636,49.12712478637695,124.2451985727583,125.38570819112628,106.64878089771435,bf993899170320726429dfe84c3c9e5229a0daa8101c50247d70deedfd43f471
val,D:\ruanjianxiazai\pycharm2026\datasets\dataset_2_abnormal_binary_clean_v3\val\images\nozzle_extrusion_normal_0238.jpg,D:\ruanjianxiazai\pycharm2026\datasets\dataset_2_abnormal_binary_clean_v3\val\labels\nozzle_extrusion_normal_0238.txt,nozzle_extrusion_normal_0238.jpg,nozzle_extrusion_normal,660,1172,1,122.86112213134766,82.26608276367188,0.19385148412452166,0.04985779294653015,85.2048568725586,125.18750258558279,124.91284258971972,106.19504085220808,7d39718c776096fc4a0bee20c07982b9ee3b38ec9a53ede169fc31b5d1840f50
val,D:\ruanjianxiazai\pycharm2026\datasets\dataset_2_abnormal_binary_clean_v3\val\images\nozzle_tip_wrapped_0995.jpg,D:\ruanjianxiazai\pycharm2026\datasets\dataset_2_abnormal_binary_clean_v3\val\labels\nozzle_tip_wrapped_0995.txt,nozzle_tip_wrapped_0995.jpg,nozzle_tip_wrapped,690,940,1,95.89502716064453,96.19436645507812,0.19376657415972864,0.189386370644465,259.23175048828125,96.20370336108542,96.07477181621955,94.15992599444958,4006504bdadb09e98c78b225e58a22d42962024a74a13e520d74769a36082b61
val,D:\ruanjianxiazai\pycharm2026\datasets\dataset_2_abnormal_binary_clean_v3\val\images\nozzle_extrusion_normal_0793.jpg,D:\ruanjianxiazai\pycharm2026\datasets\dataset_2_abnormal_binary_clean_v3\val\labels\nozzle_extrusion_normal_0793.txt,nozzle_extrusion_normal_0793.jpg,nozzle_extrusion_normal,660,1172,1,115.34648895263672,86.54739379882812,0.19366532216361568,0.05715818595511428,61.622039794921875,116.34545713103734,117.66317483710829,100.79740795325266,6875f4fd75763d886dd5ff4cfdcaf5d7e6073b90549f21bff622dbae51131ab7
train,D:\ruanjianxiazai\pycharm2026\datasets\dataset_2_abnormal_binary_clean_v3\train\images\nozzle_tip_wrapped_1006.jpg,D:\ruanjianxiazai\pycharm2026\datasets\dataset_2_abnormal_binary_clean_v3\train\labels\nozzle_tip_wrapped_1006.txt,nozzle_tip_wrapped_1006.jpg,nozzle_tip_wrapped,690,940,1,94.05360412597656,94.81248474121094,0.19364168979340118,0.21204131976564908,258.6156005859375,94.08565679925995,94.2163691026827,93.13141843971631,e1a0d994d0401e14538d3e80fc06071fb3f68e0d2189b45e51e9f0ccdd91c765
train,D:\ruanjianxiazai\pycharm2026\datasets\dataset_2_abnormal_binary_clean_v3\train\images\nozzle_extrusion_normal_1259.jpg,D:\ruanjianxiazai\pycharm2026\datasets\dataset_2_abnormal_binary_clean_v3\train\labels\nozzle_extrusion_normal_1259.txt,nozzle_extrusion_normal_1259.jpg,nozzle_extrusion_normal,660,1172,1,126.51122283935547,84.45448303222656,0.1934520115834109,0.0755623642569035,53.239845275878906,126.81955993380907,128.86693815285966,113.57250749819009,3531bf9cc96d294da985d1925669bcbf113fa30e0f1bf938b89efae00c110b66
train,D:\ruanjianxiazai\pycharm2026\datasets\dataset_2_abnormal_binary_clean_v3\train\images\nozzle_extrusion_normal_1468.jpg,D:\ruanjianxiazai\pycharm2026\datasets\dataset_2_abnormal_binary_clean_v3\train\labels\nozzle_extrusion_normal_1468.txt,nozzle_extrusion_normal_1468.jpg,nozzle_extrusion_normal,660,1172,1,129.86587524414062,84.78843688964844,0.19287154824697486,0.06905962353914573,57.385929107666016,128.66903247491985,132.84710026890062,117.65442134657151,aa3ec69c878077a1ef6bd929548775d3d71d0b6d865f75a91fb64e6e57ef5391
train,D:\ruanjianxiazai\pycharm2026\datasets\dataset_2_abnormal_binary_clean_v3\train\images\nozzle_extrusion_normal_0975.jpg,D:\ruanjianxiazai\pycharm2026\datasets\dataset_2_abnormal_binary_clean_v3\train\labels\nozzle_extrusion_normal_0975.txt,nozzle_extrusion_normal_0975.jpg,nozzle_extrusion_normal,660,1172,1,123.3855209350586,84.75255584716797,0.1926828007032785,0.053481487227221014,46.067955017089844,125.2222075705864,125.20397791912298,109.20473420208916,328397da7c8b695d00d77d98cc1f96b2c8bae67e945c89b9797ee6354e902459
train,D:\ruanjianxiazai\pycharm2026\datasets\dataset_2_abnormal_binary_clean_v3\train\images\nozzle_tip_wrapped_1007.jpg,D:\ruanjianxiazai\pycharm2026\datasets\dataset_2_abnormal_binary_clean_v3\train\labels\nozzle_tip_wrapped_1007.txt,nozzle_tip_wrapped_1007.jpg,nozzle_tip_wrapped,690,940,1,93.09664154052734,94.97683715820312,0.19189793401171754,0.22047024360160344,314.0615234375,93.21323003391922,93.24200431699045,92.04242830712303,87165ffb36bf28fd6dab98ed5f216cfeab729b93c18909ef9e1ebde0d9f83fef
train,D:\ruanjianxiazai\pycharm2026\datasets\dataset_2_abnormal_binary_clean_v3\train\images\nozzle_extrusion_normal_0825.jpg,D:\ruanjianxiazai\pycharm2026\datasets\dataset_2_abnormal_binary_clean_v3\train\labels\nozzle_extrusion_normal_0825.txt,nozzle_extrusion_normal_0825.jpg,nozzle_extrusion_normal,660,1172,1,114.67839813232422,85.67315673828125,0.19186058537594375,0.05508584134863998,58.971378326416016,117.04841374495811,116.26286198159065,100.30374004550626,25e75bb1b27ebd0fa3570828e0c83fa04318ff6025da27d5b815b1885f6c4408
train,D:\ruanjianxiazai\pycharm2026\datasets\dataset_2_abnormal_binary_clean_v3\train\images\nozzle_extrusion_normal_1243.jpg,D:\ruanjianxiazai\pycharm2026\datasets\dataset_2_abnormal_binary_clean_v3\train\labels\nozzle_extrusion_normal_1243.txt,nozzle_extrusion_normal_1243.jpg,nozzle_extrusion_normal,660,1172,1,132.99073791503906,84.75318145751953,0.19166278829248112,0.06654385148412452,52.30038070678711,130.18932929982418,137.08955295273554,119.2332867928431,31de27d84a133fd32f6ba0ee425abe880e6321c200ef8ef28dcb1baf832bab35
val,D:\ruanjianxiazai\pycharm2026\datasets\dataset_2_abnormal_binary_clean_v3\val\images\nozzle_tip_wrapped_0994.jpg,D:\ruanjianxiazai\pycharm2026\datasets\dataset_2_abnormal_binary_clean_v3\val\labels\nozzle_tip_wrapped_0994.txt,nozzle_tip_wrapped_0994.jpg,nozzle_tip_wrapped,690,940,1,94.89007568359375,95.82966613769531,0.1916281221091582,0.19018038852913968,271.15966796875,94.85965001541783,95.20051803885292,93.371324390996,4baf894f0f298a78c6ae88b40658c688aacf2172dec265c00b4378270bef5a29
train,D:\ruanjianxiazai\pycharm2026\datasets\dataset_2_abnormal_binary_clean_v3\train\images\nozzle_extrusion_normal_1465.jpg,D:\ruanjianxiazai\pycharm2026\datasets\dataset_2_abnormal_binary_clean_v3\train\labels\nozzle_extrusion_normal_1465.txt,nozzle_extrusion_normal_1465.jpg,nozzle_extrusion_normal,660,1172,1,127.52422332763672,83.4642105102539,0.19136803185437998,0.06963491571000104,54.46443176269531,127.1517426828007,130.4402096907643,113.48637656427759,9e85c11ff818d087a101706102ae80d3f13f36f25bd02c2313e6afbe8c49f527
train,D:\ruanjianxiazai\pycharm2026\datasets\dataset_2_abnormal_binary_clean_v3\train\images\nozzle_tip_wrapped_1228.jpg,D:\ruanjianxiazai\pycharm2026\datasets\dataset_2_abnormal_binary_clean_v3\train\labels\nozzle_tip_wrapped_1228.txt,nozzle_tip_wrapped_1228.jpg,nozzle_tip_wrapped,660,1172,1,122.40430450439453,84.31995391845703,0.1912064329299824,0.06108180783948702,30.676963806152344,123.54872530768435,124.96566992450099,106.21402290826352,288fc11768da75750b2163ae2ca3ee2958a61dbfdf538e7ebb1ae7fdfa434ac0
train,D:\ruanjianxiazai\pycharm2026\datasets\dataset_2_abnormal_binary_clean_v3\train\images\nozzle_extrusion_normal_1426.jpg,D:\ruanjianxiazai\pycharm2026\datasets\dataset_2_abnormal_binary_clean_v3\train\labels\nozzle_extrusion_normal_1426.txt,nozzle_extrusion_normal_1426.jpg,nozzle_extrusion_normal,660,1172,1,131.81834411621094,86.46814727783203,0.19109913124418243,0.07723652911366222,60.465362548828125,129.86400998034958,134.88664934326198,121.14537956355362,dac1d2ab596eea63cf9126f414818d40707eb18ff8dc88b86d18861eb4c93bad
train,D:\ruanjianxiazai\pycharm2026\datasets\dataset_2_abnormal_binary_clean_v3\train\images\nozzle_tip_wrapped_1271.jpg,D:\ruanjianxiazai\pycharm2026\datasets\dataset_2_abnormal_binary_clean_v3\train\labels\nozzle_tip_wrapped_1271.txt,nozzle_tip_wrapped_1271.jpg,nozzle_tip_wrapped,660,1172,1,115.82917785644531,86.33162689208984,0.19097760885303547,0.06892388044265177,26.25004005432129,115.42291343468818,118.69970782914469,102.1139220705347,0fad30283a82203f4f692ef81842596028d8b9d55f7eeb9102e300e028bac191
train,D:\ruanjianxiazai\pycharm2026\datasets\dataset_2_abnormal_binary_clean_v3\train\images\nozzle_extrusion_normal_0923.jpg,D:\ruanjianxiazai\pycharm2026\datasets\dataset_2_abnormal_binary_clean_v3\train\labels\nozzle_extrusion_normal_0923.txt,nozzle_extrusion_normal_0923.jpg,nozzle_extrusion_normal,660,1172,1,114.40650177001953,88.75332641601562,0.19015539352570068,0.0774899162271176,46.66813278198242,116.84288706174372,115.97595408004965,99.93511479987589,558b0ce7ca78e486d7c1c94cedd72e1bc3bb5ab4a56782e956424428138cd542
train,D:\ruanjianxiazai\pycharm2026\datasets\dataset_2_abnormal_binary_clean_v3\train\images\nozzle_extrusion_normal_0843.jpg,D:\ruanjianxiazai\pycharm2026\datasets\dataset_2_abnormal_binary_clean_v3\train\labels\nozzle_extrusion_normal_0843.txt,nozzle_extrusion_normal_0843.jpg,nozzle_extrusion_normal,660,1172,1,114.51445007324219,85.46482849121094,0.18993949736270554,0.05672251525493846,54.087345123291016,116.24644353087186,116.27867799151929,100.88777536456718,96f0369118c3d605134b81fdb34bb0dbad4b029b3129ac401ad620674785c94c
train,D:\ruanjianxiazai\pycharm2026\datasets\dataset_2_abnormal_binary_clean_v3\train\images\nozzle_extrusion_normal_1087.jpg,D:\ruanjianxiazai\pycharm2026\datasets\dataset_2_abnormal_binary_clean_v3\train\labels\nozzle_extrusion_normal_1087.txt,nozzle_extrusion_normal_1087.jpg,nozzle_extrusion_normal,660,1172,1,119.99026489257812,86.0445327758789,0.1898968352466646,0.07143965249767298,49.22712326049805,119.2241157306857,122.95066190919434,106.75615110145827,326d48976da3bc310a38b1d62c01da12135501b472c61bfda711505f8aa97c3f
train,D:\ruanjianxiazai\pycharm2026\datasets\dataset_2_abnormal_binary_clean_v3\train\images\nozzle_extrusion_normal_0961.jpg,D:\ruanjianxiazai\pycharm2026\datasets\dataset_2_abnormal_binary_clean_v3\train\labels\nozzle_extrusion_normal_0961.txt,nozzle_extrusion_normal_0961.jpg,nozzle_extrusion_normal,660,1172,1,121.44783020019531,87.46888732910156,0.18987485779294652,0.07200460233736684,45.381439208984375,122.27675690350605,124.27225023270245,104.73024744027303,8c77a754c22435aa245d733794596ad6ab6a29dafa9d8f0d16f1f4a210abe35e
train,D:\ruanjianxiazai\pycharm2026\datasets\dataset_2_abnormal_binary_clean_v3\train\images\nozzle_tip_wrapped_1063.jpg,D:\ruanjianxiazai\pycharm2026\datasets\dataset_2_abnormal_binary_clean_v3\train\labels\nozzle_tip_wrapped_1063.txt,nozzle_tip_wrapped_1063.jpg,nozzle_tip_wrapped,660,1172,1,117.8262939453125,86.04950714111328,0.18945211500672252,0.06076378115627262,39.656795501708984,122.7952515772055,118.91852311511015,99.16949658703072,df6eb8a10a96f1a381378e8132708d282bcc4e3681de8c8dcab618f656393433
train,D:\ruanjianxiazai\pycharm2026\datasets\dataset_2_abnormal_binary_clean_v3\train\images\nozzle_extrusion_normal_1230.jpg,D:\ruanjianxiazai\pycharm2026\datasets\dataset_2_abnormal_binary_clean_v3\train\labels\nozzle_extrusion_normal_1230.txt,nozzle_extrusion_normal_1230.jpg,nozzle_extrusion_normal,660,1172,1,130.13414001464844,87.11309051513672,0.18940169614231048,0.07893525700692937,51.508907318115234,130.09278751680628,132.51268099079533,117.99524382045713,09c1f89ee93fd240110e5d69fae14ec9d070d963dd2be4b6d4204d0865446062
val,D:\ruanjianxiazai\pycharm2026\datasets\dataset_2_abnormal_binary_clean_v3\val\images\nozzle_tip_wrapped_1008.jpg,D:\ruanjianxiazai\pycharm2026\datasets\dataset_2_abnormal_binary_clean_v3\val\labels\nozzle_tip_wrapped_1008.txt,nozzle_tip_wrapped_1008.jpg,nozzle_tip_wrapped,690,940,1,91.85313415527344,94.93133544921875,0.18887758248535308,0.22665741597286462,305.11566162109375,91.84005087881592,92.0454440333025,90.8972679617638,a8720e4c31879ca351297a4d93057b6894f97a31b741bd513757f01609d7228e
train,D:\ruanjianxiazai\pycharm2026\datasets\dataset_2_abnormal_binary_clean_v3\train\images\nozzle_tip_wrapped_1251.jpg,D:\ruanjianxiazai\pycharm2026\datasets\dataset_2_abnormal_binary_clean_v3\train\labels\nozzle_tip_wrapped_1251.txt,nozzle_tip_wrapped_1251.jpg,nozzle_tip_wrapped,660,1172,1,115.54228973388672,86.89730834960938,0.18854457544730582,0.07068466232288757,29.411134719848633,115.82887837418554,118.20888535525907,101.06005791705451,c3553922efecafe7f72b1f8a9ee02102317ccae474216f2fa8650b8ee99310ea
train,D:\ruanjianxiazai\pycharm2026\datasets\dataset_2_abnormal_binary_clean_v3\train\images\nozzle_extrusion_normal_0673.jpg,D:\ruanjianxiazai\pycharm2026\datasets\dataset_2_abnormal_binary_clean_v3\train\labels\nozzle_extrusion_normal_0673.txt,nozzle_extrusion_normal_0673.jpg,nozzle_extrusion_normal,660,1172,1,119.53025817871094,85.980224609375,0.1885057917054504,0.051900403350915295,74.78669738769531,119.81232030199607,122.1262320301996,105.42321724066605,9d063f07776d4acc8a7937486ee0afce7dab8316c8039e190ad937b0d76f446b
train,D:\ruanjianxiazai\pycharm2026\datasets\dataset_2_abnormal_binary_clean_v3\train\images\nozzle_extrusion_normal_1124.jpg,D:\ruanjianxiazai\pycharm2026\datasets\dataset_2_abnormal_binary_clean_v3\train\labels\nozzle_extrusion_normal_1124.txt,nozzle_extrusion_normal_1124.jpg,nozzle_extrusion_normal,660,1172,1,132.63235473632812,83.02395629882812,0.18782836901437583,0.06050005171165581,50.23390579223633,131.9799358775468,135.74909246044058,118.29518176647017,961f85b4742f22a58ccf17bb671c8e9e38747403ae05ee9de9230c4f651e9c60
train,D:\ruanjianxiazai\pycharm2026\datasets\dataset_2_abnormal_binary_clean_v3\train\images\nozzle_tip_wrapped_0942.jpg,D:\ruanjianxiazai\pycharm2026\datasets\dataset_2_abnormal_binary_clean_v3\train\labels\nozzle_tip_wrapped_0942.txt,nozzle_tip_wrapped_0942.jpg,nozzle_tip_wrapped,690,940,1,84.15403747558594,96.21944427490234,0.18764107308048103,0.2808387295713845,179.8728485107422,83.62825778600062,84.43462380511872,84.0881791551033,9ec2fe8415c6252e6c750b7f0474eaf31bdd56a9db461ca7826818abf27949ed
train,D:\ruanjianxiazai\pycharm2026\datasets\dataset_2_abnormal_binary_clean_v3\train\images\nozzle_tip_wrapped_0992.jpg,D:\ruanjianxiazai\pycharm2026\datasets\dataset_2_abnormal_binary_clean_v3\train\labels\nozzle_tip_wrapped_0992.txt,nozzle_tip_wrapped_0992.jpg,nozzle_tip_wrapped,690,940,1,93.43869018554688,95.07789611816406,0.1872895467160037,0.1884427998766574,233.41505432128906,93.79879586802343,93.59898242368178,91.66885137218625,cb6364b35f1899b56d60d2eae3e77828e2567801581f31aa0c5d366d5c813160
val,D:\ruanjianxiazai\pycharm2026\datasets\dataset_2_abnormal_binary_clean_v3\val\images\nozzle_extrusion_normal_1134.jpg,D:\ruanjianxiazai\pycharm2026\datasets\dataset_2_abnormal_binary_clean_v3\val\labels\nozzle_extrusion_normal_1134.txt,nozzle_extrusion_normal_1134.jpg,nozzle_extrusion_normal,660,1172,1,120.76040649414062,85.38612365722656,0.18686653221636157,0.07693272313579481,57.62628936767578,119.05847295480402,124.0368820457131,108.35331083876305,ccd575e4e18a84801b83c4a17cf4ac678e9746eb483186bbd75a2444798fd4ff
train,D:\ruanjianxiazai\pycharm2026\datasets\dataset_2_abnormal_binary_clean_v3\train\images\nozzle_extrusion_normal_1423.jpg,D:\ruanjianxiazai\pycharm2026\datasets\dataset_2_abnormal_binary_clean_v3\train\labels\nozzle_extrusion_normal_1423.txt,nozzle_extrusion_normal_1423.jpg,nozzle_extrusion_normal,660,1172,1,124.04007720947266,84.42758178710938,0.18682128451753025,0.07584936394663357,54.61846160888672,123.9348704623022,126.74016315027407,110.41285422484228,917a356cb432312a6b74757eb11fd8b2884e0b3b98c3339ccab702f6e51b9067
train,D:\ruanjianxiazai\pycharm2026\datasets\dataset_2_abnormal_binary_clean_v3\train\images\nozzle_extrusion_normal_1404.jpg,D:\ruanjianxiazai\pycharm2026\datasets\dataset_2_abnormal_binary_clean_v3\train\labels\nozzle_extrusion_normal_1404.txt,nozzle_extrusion_normal_1404.jpg,nozzle_extrusion_normal,660,1172,1,128.46426391601562,87.8246841430664,0.18669329816940738,0.07846597373047885,54.00682830810547,127.05822473885614,131.32953899058847,117.39850165477299,5c857dae9733974721af928619292b7279e290eeb16f5bf4e38d41c3f4ba5367
val,D:\ruanjianxiazai\pycharm2026\datasets\dataset_2_abnormal_binary_clean_v3\val\images\nozzle_no_extrusion_0110.jpg,D:\ruanjianxiazai\pycharm2026\datasets\dataset_2_abnormal_binary_clean_v3\val\labels\nozzle_no_extrusion_0110.txt,nozzle_no_extrusion_0110.jpg,nozzle_no_extrusion,660,1172,1,106.65699005126953,93.0908203125,0.18617359602854483,0.09962121212121212,54.12936019897461,107.74891793360223,108.23349234667494,95.67535163925949,a0e90e962a988e88df8f854b53000416ff50a089d5eefaa5b59139a09a6b08b0
train,D:\ruanjianxiazai\pycharm2026\datasets\dataset_2_abnormal_binary_clean_v3\train\images\nozzle_tip_wrapped_1127.jpg,D:\ruanjianxiazai\pycharm2026\datasets\dataset_2_abnormal_binary_clean_v3\train\labels\nozzle_tip_wrapped_1127.txt,nozzle_tip_wrapped_1127.jpg,nozzle_tip_wrapped,660,1172,1,126.6822738647461,82.96244049072266,0.18610507808460028,0.059181404488571725,41.811222076416016,127.84097890164443,129.21970989761093,110.5775209432206,166e535347c74556b9dd0852bd83420729f07580ab4612109f324690f38b8775
train,D:\ruanjianxiazai\pycharm2026\datasets\dataset_2_abnormal_binary_clean_v3\train\images\nozzle_extrusion_normal_1444.jpg,D:\ruanjianxiazai\pycharm2026\datasets\dataset_2_abnormal_binary_clean_v3\train\labels\nozzle_extrusion_normal_1444.txt,nozzle_extrusion_normal_1444.jpg,nozzle_extrusion_normal,660,1172,1,125.67276763916016,82.94800567626953,0.1856926776295377,0.07015720343365395,55.178550720214844,125.74571568931637,128.3661417933602,111.61288913020995,a40ee1e4229856876598f9fa700a8a504c642f7ac454b77013941e6c70b99c8b
train,D:\ruanjianxiazai\pycharm2026\datasets\dataset_2_abnormal_binary_clean_v3\train\images\nozzle_tip_wrapped_0991.jpg,D:\ruanjianxiazai\pycharm2026\datasets\dataset_2_abnormal_binary_clean_v3\train\labels\nozzle_tip_wrapped_0991.txt,nozzle_tip_wrapped_0991.jpg,nozzle_tip_wrapped,690,940,1,93.26432037353516,94.8467025756836,0.18506629663891458,0.18799568300955904,240.52920532226562,94.20503700277521,93.20185938945421,91.11847826086957,f1b24349d21a69ac9067bef5e105b34f05914dd40140a4e1b90cb981392b62a8
train,D:\ruanjianxiazai\pycharm2026\datasets\dataset_2_abnormal_binary_clean_v3\train\images\nozzle_tip_wrapped_0979.jpg,D:\ruanjianxiazai\pycharm2026\datasets\dataset_2_abnormal_binary_clean_v3\train\labels\nozzle_tip_wrapped_0979.txt,nozzle_tip_wrapped_0979.jpg,nozzle_tip_wrapped,690,940,1,89.5369644165039,93.60137176513672,0.1840826395312982,0.20685938945420906,298.3877258300781,91.88648473635523,89.0009327782917,86.13478877582486,65077166bb04ba50bdd6968de18680186624d425a53f17496018e0d2659dd247
train,D:\ruanjianxiazai\pycharm2026\datasets\dataset_2_abnormal_binary_clean_v3\train\images\nozzle_tip_wrapped_1262.jpg,D:\ruanjianxiazai\pycharm2026\datasets\dataset_2_abnormal_binary_clean_v3\train\labels\nozzle_tip_wrapped_1262.txt,nozzle_tip_wrapped_1262.jpg,nozzle_tip_wrapped,660,1172,1,118.2233657836914,83.43791198730469,0.18395387320301995,0.06197771227634709,23.827999114990234,118.24119867618161,120.98367204467887,103.96336746302616,521e9e4045ac080ffdbdc8ad42ecc91b720d55ea7dfb00db2ccbe8aaaae971f6
train,D:\ruanjianxiazai\pycharm2026\datasets\dataset_2_abnormal_binary_clean_v3\train\images\nozzle_extrusion_normal_0941.jpg,D:\ruanjianxiazai\pycharm2026\datasets\dataset_2_abnormal_binary_clean_v3\train\labels\nozzle_extrusion_normal_0941.txt,nozzle_extrusion_normal_0941.jpg,nozzle_extrusion_normal,660,1172,1,119.49520874023438,87.44564056396484,0.18389699038163201,0.07289921398283174,43.97258758544922,121.72101820250285,121.48596028544834,103.40669407384425,7b79351179cb61f15a5f7b4427d6a96987ab7a689ee86f26a7ec67182e54c779
train,D:\ruanjianxiazai\pycharm2026\datasets\dataset_2_abnormal_binary_clean_v3\train\images\nozzle_tip_wrapped_1009.jpg,D:\ruanjianxiazai\pycharm2026\datasets\dataset_2_abnormal_binary_clean_v3\train\labels\nozzle_tip_wrapped_1009.txt,nozzle_tip_wrapped_1009.jpg,nozzle_tip_wrapped,690,940,1,90.99897003173828,94.3141098022461,0.1837326549491212,0.22359851988899168,294.1330261230469,91.23419210607462,91.1040888066605,89.84065834104224,3d8e40ce806f05f9f22809df45c4ccf2389fcadec275bdc1652490d61260544c
train,D:\ruanjianxiazai\pycharm2026\datasets\dataset_2_abnormal_binary_clean_v3\train\images\nozzle_extrusion_normal_0916.jpg,D:\ruanjianxiazai\pycharm2026\datasets\dataset_2_abnormal_binary_clean_v3\train\labels\nozzle_extrusion_normal_0916.txt,nozzle_extrusion_normal_0916.jpg,nozzle_extrusion_normal,660,1172,1,135.63632202148438,83.74589538574219,0.18349881063191642,0.05919045402833799,45.270931243896484,135.51404359292584,138.8901282449064,119.2027626952115,c1b3547ae7d8d3142a2fc97fdc1364f80b84585a08e4f5c022b1f2fb6e25f4b9
train,D:\ruanjianxiazai\pycharm2026\datasets\dataset_2_abnormal_binary_clean_v3\train\images\nozzle_extrusion_normal_0940.jpg,D:\ruanjianxiazai\pycharm2026\datasets\dataset_2_abnormal_binary_clean_v3\train\labels\nozzle_extrusion_normal_0940.txt,nozzle_extrusion_normal_0940.jpg,nozzle_extrusion_normal,660,1172,1,111.3255386352539,87.00959777832031,0.1834690764298273,0.07731021822318751,50.50849914550781,114.1658276450512,112.75772830696039,96.50126564277588,92482558a7611a48c2dc1f66c63ea8a5c64a7ae5c8b2b8e4bd7d855e14cc8ae8
val,D:\ruanjianxiazai\pycharm2026\datasets\dataset_2_abnormal_binary_clean_v3\val\images\nozzle_tip_wrapped_0974.jpg,D:\ruanjianxiazai\pycharm2026\datasets\dataset_2_abnormal_binary_clean_v3\val\labels\nozzle_tip_wrapped_0974.txt,nozzle_tip_wrapped_0974.jpg,nozzle_tip_wrapped,690,940,1,88.40682983398438,95.27774047851562,0.18317607153869875,0.2561763798951588,281.172607421875,88.73086339808819,88.47380974406414,87.21213382670366,f658945bbc87fb59243ddab910c8b20a872a8dc2621a838bf86702867380a9de
train,D:\ruanjianxiazai\pycharm2026\datasets\dataset_2_abnormal_binary_clean_v3\train\images\nozzle_tip_wrapped_1050.jpg,D:\ruanjianxiazai\pycharm2026\datasets\dataset_2_abnormal_binary_clean_v3\train\labels\nozzle_tip_wrapped_1050.txt,nozzle_tip_wrapped_1050.jpg,nozzle_tip_wrapped,660,1172,1,116.98206329345703,84.49495697021484,0.18316139207777432,0.06391948495190816,43.624229431152344,122.92141767504395,118.02159866583928,96.05121651670287,9c7991fb8381e7b3f0da6c58ca719580c82925410895f8158adbaee718855cde
train,D:\ruanjianxiazai\pycharm2026\datasets\dataset_2_abnormal_binary_clean_v3\train\images\nozzle_extrusion_normal_0163.jpg,D:\ruanjianxiazai\pycharm2026\datasets\dataset_2_abnormal_binary_clean_v3\train\labels\nozzle_extrusion_normal_0163.txt,nozzle_extrusion_normal_0163.jpg,nozzle_extrusion_normal,660,1172,1,122.35034942626953,80.52393341064453,0.18311872996173337,0.044508222153273345,62.089900970458984,125.58809726962457,123.64926569448754,107.17011583410901,c578eab87fdd53c6a7d2be8074a62dcbfcf81c001210b1c0796ca1f12b7d646a
train,D:\ruanjianxiazai\pycharm2026\datasets\dataset_2_abnormal_binary_clean_v3\train\images\nozzle_tip_wrapped_1240.jpg,D:\ruanjianxiazai\pycharm2026\datasets\dataset_2_abnormal_binary_clean_v3\train\labels\nozzle_tip_wrapped_1240.txt,nozzle_tip_wrapped_1240.jpg,nozzle_tip_wrapped,660,1172,1,125.78467559814453,82.234375,0.1829920364050057,0.056210569862447,30.355575561523438,127.82616480504706,127.73261066294343,110.4001628917158,da2ddc2fce49e24cbc69aeb287f5d6bc9c4f19a3d5eda0c02bc937d76ec3035e
val,D:\ruanjianxiazai\pycharm2026\datasets\dataset_2_abnormal_binary_clean_v3\val\images\nozzle_extrusion_normal_1484.jpg,D:\ruanjianxiazai\pycharm2026\datasets\dataset_2_abnormal_binary_clean_v3\val\labels\nozzle_extrusion_normal_1484.txt,nozzle_extrusion_normal_1484.jpg,nozzle_extrusion_normal,660,1172,1,123.91820526123047,84.33773803710938,0.1826856448443479,0.07450227531285551,58.59481430053711,125.01371263832868,126.15263729444617,109.53951804736788,056b6d5eab1ccf2b57740380f817808a9bc35b17f3f84a66a852e81fc3a3292e
train,D:\ruanjianxiazai\pycharm2026\datasets\dataset_2_abnormal_binary_clean_v3\train\images\nozzle_extrusion_normal_1427.jpg,D:\ruanjianxiazai\pycharm2026\datasets\dataset_2_abnormal_binary_clean_v3\train\labels\nozzle_extrusion_normal_1427.txt,nozzle_extrusion_normal_1427.jpg,nozzle_extrusion_normal,660,1172,1,127.94163513183594,87.13685607910156,0.18255378012203952,0.07887837418554142,53.71369934082031,126.05444073844245,130.99204286896267,117.18456148515875,5632d8c93309b00dc54626d41c492155f0c869d2c70d2f6b9f5cf4f854cf22db
train,D:\ruanjianxiazai\pycharm2026\datasets\dataset_2_abnormal_binary_clean_v3\train\images\nozzle_tip_wrapped_0978.jpg,D:\ruanjianxiazai\pycharm2026\datasets\dataset_2_abnormal_binary_clean_v3\train\labels\nozzle_tip_wrapped_0978.txt,nozzle_tip_wrapped_0978.jpg,nozzle_tip_wrapped,690,940,1,90.10919952392578,92.68169403076172,0.18251927227875425,0.1970736971939562,290.9705810546875,92.87300647548567,89.44988744989207,86.25515726179464,a06b3579601ecc490b3275cc8a72673876591d50166d5199901938fb6338792e
train,D:\ruanjianxiazai\pycharm2026\datasets\dataset_2_abnormal_binary_clean_v3\train\images\nozzle_tip_wrapped_0980.jpg,D:\ruanjianxiazai\pycharm2026\datasets\dataset_2_abnormal_binary_clean_v3\train\labels\nozzle_tip_wrapped_0980.txt,nozzle_tip_wrapped_0980.jpg,nozzle_tip_wrapped,690,940,1,89.16791534423828,93.87862396240234,0.1824113475177305,0.2096978106691335,307.1448974609375,91.29310206598828,88.64788159111933,86.27143539932162,03451f6ca81fb275bb5eac725bc4bbf450e1bab6e7b756f442119258ab48d071
train,D:\ruanjianxiazai\pycharm2026\datasets\dataset_2_abnormal_binary_clean_v3\train\images\nozzle_extrusion_normal_0632.jpg,D:\ruanjianxiazai\pycharm2026\datasets\dataset_2_abnormal_binary_clean_v3\train\labels\nozzle_extrusion_normal_0632.txt,nozzle_extrusion_normal_0632.jpg,nozzle_extrusion_normal,660,1172,1,114.27310180664062,87.23141479492188,0.18237149653531906,0.05526295376977971,75.9616928100586,115.9016922639363,116.16505972696245,100.2597890164443,93d811688a1d611125536a092da6c9c7483c7d233d8d72acdcd62c259f8625da
train,D:\ruanjianxiazai\pycharm2026\datasets\dataset_2_abnormal_binary_clean_v3\train\images\nozzle_tip_wrapped_0973.jpg,D:\ruanjianxiazai\pycharm2026\datasets\dataset_2_abnormal_binary_clean_v3\train\labels\nozzle_tip_wrapped_0973.txt,nozzle_tip_wrapped_0973.jpg,nozzle_tip_wrapped,690,940,1,86.62910461425781,95.33208465576172,0.18228337958680235,0.2828831329016343,264.75592041015625,86.90928615479494,86.73753931544866,85.33587264878199,5944a78406c8d2416b3a19f58e9039dea4227a2b36c7e3a67316136e055d1696
train,D:\ruanjianxiazai\pycharm2026\datasets\dataset_2_abnormal_binary_clean_v3\train\images\nozzle_extrusion_normal_1271.jpg,D:\ruanjianxiazai\pycharm2026\datasets\dataset_2_abnormal_binary_clean_v3\train\labels\nozzle_extrusion_normal_1271.txt,nozzle_extrusion_normal_1271.jpg,nozzle_extrusion_normal,660,1172,1,132.11279296875,83.43402862548828,0.18224221739580101,0.06313734615782397,58.06291961669922,129.65154617850862,136.03630028958528,118.36532216361567,8e03ee7925cf474d7ae8d278fd542ec38004d689930d6c03716ac0ea53c5695a
train,D:\ruanjianxiazai\pycharm2026\datasets\dataset_2_abnormal_binary_clean_v3\train\images\nozzle_extrusion_normal_0960.jpg,D:\ruanjianxiazai\pycharm2026\datasets\dataset_2_abnormal_binary_clean_v3\train\labels\nozzle_extrusion_normal_0960.txt,nozzle_extrusion_normal_0960.jpg,nozzle_extrusion_normal,660,1172,1,112.36790466308594,86.71987915039062,0.18217499224325162,0.0745824283793567,41.898250579833984,113.89449787982211,114.57943815285965,96.97657591271073,902dc58577b07cb82e602e248d18980948119b54bebf951012239661d08a5015
train,D:\ruanjianxiazai\pycharm2026\datasets\dataset_2_abnormal_binary_clean_v3\train\images\nozzle_tip_wrapped_0938.jpg,D:\ruanjianxiazai\pycharm2026\datasets\dataset_2_abnormal_binary_clean_v3\train\labels\nozzle_tip_wrapped_0938.txt,nozzle_tip_wrapped_0938.jpg,nozzle_tip_wrapped,690,940,1,86.58129119873047,95.0539779663086,0.1816404563675609,0.2705982115325316,196.75985717773438,87.05394387912426,86.70538236201048,84.70265649090348,2d8c20b4d147c3aad877376977a75b0675a951101d55c44b0547dfaa26dd2173
train,D:\ruanjianxiazai\pycharm2026\datasets\dataset_2_abnormal_binary_clean_v3\train\images\nozzle_extrusion_normal_0694.jpg,D:\ruanjianxiazai\pycharm2026\datasets\dataset_2_abnormal_binary_clean_v3\train\labels\nozzle_extrusion_normal_0694.txt,nozzle_extrusion_normal_0694.jpg,nozzle_extrusion_normal,660,1172,1,115.0649185180664,84.64028930664062,0.18156738028751682,0.04615653118212845,66.2330322265625,116.6369117799152,117.64744156582894,97.6441009928638,ad4a4a7f34a7e62e24a791cd63c0acb2d85de1f5f5cbd34f6a222f566215127b
val,D:\ruanjianxiazai\pycharm2026\datasets\dataset_2_abnormal_binary_clean_v3\val\images\nozzle_extrusion_normal_0973.jpg,D:\ruanjianxiazai\pycharm2026\datasets\dataset_2_abnormal_binary_clean_v3\val\labels\nozzle_extrusion_normal_0973.txt,nozzle_extrusion_normal_0973.jpg,nozzle_extrusion_normal,660,1172,1,137.2998504638672,82.34404754638672,0.18139414624056263,0.05204002482159479,49.74213409423828,135.6828291446892,141.01417028648257,122.41571129382562,b2d7ff2d9a7a1605f4d047b27fbe3497f69bebea0332844c639b6038376689d4
train,D:\ruanjianxiazai\pycharm2026\datasets\dataset_2_abnormal_binary_clean_v3\train\images\nozzle_extrusion_normal_0143.jpg,D:\ruanjianxiazai\pycharm2026\datasets\dataset_2_abnormal_binary_clean_v3\train\labels\nozzle_extrusion_normal_0143.txt,nozzle_extrusion_normal_0143.jpg,nozzle_extrusion_normal,660,1172,1,121.09754943847656,81.22413635253906,0.18131140759127107,0.04705502120177888,67.00069427490234,123.16239657668838,123.31706743199918,104.25354612679698,c5016c872454b3ee8c5bde863605e4faede197bdd47a5788077acee9c9cb8b8e
train,D:\ruanjianxiazai\pycharm2026\datasets\dataset_2_abnormal_binary_clean_v3\train\images\nozzle_extrusion_normal_0745.jpg,D:\ruanjianxiazai\pycharm2026\datasets\dataset_2_abnormal_binary_clean_v3\train\labels\nozzle_extrusion_normal_0745.txt,nozzle_extrusion_normal_0745.jpg,nozzle_extrusion_normal,660,1172,1,119.58483123779297,84.50789642333984,0.18088090805667598,0.04992501809907953,69.56703186035156,121.3105427138277,122.09046695625194,102.15672897921192,9a94d285f3774e1cd6853db0212b425fc61d186fd34b7a5bcd5f15477a3f846d
val,D:\ruanjianxiazai\pycharm2026\datasets\dataset_2_abnormal_binary_clean_v3\val\images\nozzle_tip_wrapped_0990.jpg,D:\ruanjianxiazai\pycharm2026\datasets\dataset_2_abnormal_binary_clean_v3\val\labels\nozzle_tip_wrapped_0990.txt,nozzle_tip_wrapped_0990.jpg,nozzle_tip_wrapped,690,940,1,92.25117492675781,93.70048522949219,0.18055658341042244,0.18160345359235275,221.14781188964844,94.02379586802344,91.94382362010484,89.18437711995067,f4ae9d5cd19c1e746df67a0be1a27bf609195366f6e6f8742c63c18fd7205358
train,D:\ruanjianxiazai\pycharm2026\datasets\dataset_2_abnormal_binary_clean_v3\train\images\nozzle_tip_wrapped_0977.jpg,D:\ruanjianxiazai\pycharm2026\datasets\dataset_2_abnormal_binary_clean_v3\train\labels\nozzle_tip_wrapped_0977.txt,nozzle_tip_wrapped_0977.jpg,nozzle_tip_wrapped,690,940,1,90.77973175048828,91.94274139404297,0.18043478260869567,0.19403792784458834,261.64453125,93.7877459142769,90.09439253777367,86.41901634289238,22b9634a11e0682cbe0376a2c61f3f69579298ca2c4e64b5f79bde82aa21bdd0
train,D:\ruanjianxiazai\pycharm2026\datasets\dataset_2_abnormal_binary_clean_v3\train\images\nozzle_tip_wrapped_1124.jpg,D:\ruanjianxiazai\pycharm2026\datasets\dataset_2_abnormal_binary_clean_v3\train\labels\nozzle_tip_wrapped_1124.txt,nozzle_tip_wrapped_1124.jpg,nozzle_tip_wrapped,660,1172,1,126.15254974365234,85.95474243164062,0.1803883545351122,0.06211474816423622,46.89744186401367,126.92987770193402,128.70462431482056,110.97254498914056,048dd58ce83e2cacdf367c6641ac87acd2bd4e6289f323ee6f7e588a392432b6
val,D:\ruanjianxiazai\pycharm2026\datasets\dataset_2_abnormal_binary_clean_v3\val\images\nozzle_tip_wrapped_0008.jpg,D:\ruanjianxiazai\pycharm2026\datasets\dataset_2_abnormal_binary_clean_v3\val\labels\nozzle_tip_wrapped_0008.txt,nozzle_tip_wrapped_0008.jpg,nozzle_tip_wrapped,670,858,1,133.4838104248047,83.4042739868164,0.1798698813624187,0.062279511533242876,289.6041564941406,127.6915996938385,136.85860035486903,131.29816129144487,fb674c7c12ee6fcba68145d729529cbfd008078080ddd1ea68b355e8d9a86eee
train,D:\ruanjianxiazai\pycharm2026\datasets\dataset_2_abnormal_binary_clean_v3\train\images\nozzle_tip_wrapped_0972.jpg,D:\ruanjianxiazai\pycharm2026\datasets\dataset_2_abnormal_binary_clean_v3\train\labels\nozzle_tip_wrapped_0972.txt,nozzle_tip_wrapped_0972.jpg,nozzle_tip_wrapped,690,940,1,82.42341613769531,95.00715637207031,0.17958217699660808,0.3128630897317299,253.85568237304688,82.67483657107617,82.57411964230651,80.98804810360777,3be51a49fd90d425e5c6e6ca9ca67ced9a97b29eefd168edaed8a39c5e5d1d2c
val,D:\ruanjianxiazai\pycharm2026\datasets\dataset_2_abnormal_binary_clean_v3\val\images\nozzle_extrusion_normal_0237.jpg,D:\ruanjianxiazai\pycharm2026\datasets\dataset_2_abnormal_binary_clean_v3\val\labels\nozzle_extrusion_normal_0237.txt,nozzle_extrusion_normal_0237.jpg,nozzle_extrusion_normal,660,1172,1,124.43942260742188,79.54036712646484,0.17951054917778467,0.04037387527148619,82.33618927001953,126.70084160719826,126.78045428689627,106.45428689626642,df34e4320a875e134ec31ea522dda404b9518d43493e40ca249ef0f32dcb3456
train,D:\ruanjianxiazai\pycharm2026\datasets\dataset_2_abnormal_binary_clean_v3\train\images\nozzle_extrusion_normal_1232.jpg,D:\ruanjianxiazai\pycharm2026\datasets\dataset_2_abnormal_binary_clean_v3\train\labels\nozzle_extrusion_normal_1232.txt,nozzle_extrusion_normal_1232.jpg,nozzle_extrusion_normal,660,1172,1,122.07686614990234,84.1942367553711,0.17944461681663046,0.07747698831316578,49.92673110961914,122.49141327955321,124.47395025338712,108.64674216568415,675123fcf75d7bd434ccd0b291b942bf478d92a2fb0e5fb99f9926269711a37d
val,D:\ruanjianxiazai\pycharm2026\datasets\dataset_2_abnormal_binary_clean_v3\val\images\nozzle_tip_wrapped_0975.jpg,D:\ruanjianxiazai\pycharm2026\datasets\dataset_2_abnormal_binary_clean_v3\val\labels\nozzle_tip_wrapped_0975.txt,nozzle_tip_wrapped_0975.jpg,nozzle_tip_wrapped,690,940,1,85.51129913330078,95.462890625,0.1792445266728338,0.2909081097748998,258.4319763183594,85.91175609004009,85.55394387912426,84.2413536848597,302135f3dc4773a72b55ca3813139d246b8ea6957304c29a87cc8e4b8d08ba63
train,D:\ruanjianxiazai\pycharm2026\datasets\dataset_2_abnormal_binary_clean_v3\train\images\nozzle_extrusion_normal_0674.jpg,D:\ruanjianxiazai\pycharm2026\datasets\dataset_2_abnormal_binary_clean_v3\train\labels\nozzle_extrusion_normal_0674.txt,nozzle_extrusion_normal_0674.jpg,nozzle_extrusion_normal,660,1172,1,116.4068374633789,86.94247436523438,0.1789921398283173,0.05545945806184714,73.07614135742188,116.54246949012307,118.83880054814355,103.52849829351536,688790fa07a286e43738bae5c4600e8a15de8487ae84a9057a2a3ea976bbca56
train,D:\ruanjianxiazai\pycharm2026\datasets\dataset_2_abnormal_binary_clean_v3\train\images\nozzle_extrusion_normal_1023.jpg,D:\ruanjianxiazai\pycharm2026\datasets\dataset_2_abnormal_binary_clean_v3\train\labels\nozzle_extrusion_normal_1023.txt,nozzle_extrusion_normal_1023.jpg,nozzle_extrusion_normal,660,1172,1,114.3683853149414,85.85245513916016,0.17855259075395594,0.0733982314613714,44.73568344116211,117.12264711966077,116.01137527148619,98.68455502120177,93866c433eec07e6d6ba83817c87a915a1a2871bbf633dba032586b7e6cc9aa3
train,D:\ruanjianxiazai\pycharm2026\datasets\dataset_2_abnormal_binary_clean_v3\train\images\nozzle_tip_wrapped_0976.jpg,D:\ruanjianxiazai\pycharm2026\datasets\dataset_2_abnormal_binary_clean_v3\train\labels\nozzle_tip_wrapped_0976.txt,nozzle_tip_wrapped_0976.jpg,nozzle_tip_wrapped,690,940,1,87.85813903808594,93.02336883544922,0.1783009559050262,0.2271631205673759,253.11839294433594,90.27886833179156,87.36068300955905,84.07026518655566,f88844b44bcb74c37940c37b080a2050bf76ba92f709a78db790880af1bd9399
train,D:\ruanjianxiazai\pycharm2026\datasets\dataset_2_abnormal_binary_clean_v3\train\images\nozzle_tip_wrapped_0515.jpg,D:\ruanjianxiazai\pycharm2026\datasets\dataset_2_abnormal_binary_clean_v3\train\labels\nozzle_tip_wrapped_0515.txt,nozzle_tip_wrapped_0515.jpg,nozzle_tip_wrapped,670,858,1,135.3101348876953,84.95867156982422,0.17807640121072957,0.03342379014020805,194.4958038330078,131.0334811954215,136.30238318895036,141.4179730717044,e24ca69bf7b82dfe96147d2d798190c0673ba98abd1cd2299b117f9163e3b87d
train,D:\ruanjianxiazai\pycharm2026\datasets\dataset_2_abnormal_binary_clean_v3\train\images\nozzle_tip_wrapped_0989.jpg,D:\ruanjianxiazai\pycharm2026\datasets\dataset_2_abnormal_binary_clean_v3\train\labels\nozzle_tip_wrapped_0989.txt,nozzle_tip_wrapped_0989.jpg,nozzle_tip_wrapped,690,940,1,90.949462890625,92.78563690185547,0.17800801726796175,0.1800832562442183,280.9756164550781,93.64345821769966,90.3840579710145,86.7950370027752,26bdaa9d5ee83c328e614e296dc23d48761565c7408c707eb4ae1d4fd5d2d4ad
val,D:\ruanjianxiazai\pycharm2026\datasets\dataset_2_abnormal_binary_clean_v3\val\images\nozzle_tip_wrapped_0943.jpg,D:\ruanjianxiazai\pycharm2026\datasets\dataset_2_abnormal_binary_clean_v3\val\labels\nozzle_tip_wrapped_0943.txt,nozzle_tip_wrapped_0943.jpg,nozzle_tip_wrapped,690,940,1,84.57474517822266,93.92936706542969,0.17789238359543633,0.2462750539623805,161.21922302246094,84.67827937095282,84.57194418748072,84.31765494912118,0bd459713d509ffb92b4f53b2638c1e8766a0556708e0ec87f53d12a4cb3b3ad
