数据划分,图片路径,随机种子
train,D:\ruanjianxiazai\pycharm2026\datasets\dataset_2_abnormal_binary_clean_v3\train\images\nozzle_tip_wrapped_0838.jpg,20260822
train,D:\ruanjianxiazai\pycharm2026\datasets\dataset_2_abnormal_binary_clean_v3\train\images\nozzle_extrusion_normal_1024.jpg,20260822
train,D:\ruanjianxiazai\pycharm2026\datasets\dataset_2_abnormal_binary_clean_v3\train\images\nozzle_extrusion_normal_0386.jpg,20260822
train,D:\ruanjianxiazai\pycharm2026\datasets\dataset_2_abnormal_binary_clean_v3\train\images\nozzle_no_extrusion_0751.jpg,20260822
train,D:\ruanjianxiazai\pycharm2026\datasets\dataset_2_abnormal_binary_clean_v3\train\images\nozzle_no_extrusion_0259.jpg,20260822
train,D:\ruanjianxiazai\pycharm2026\datasets\dataset_2_abnormal_binary_clean_v3\train\images\nozzle_no_extrusion_0830.jpg,20260822
train,D:\ruanjianxiazai\pycharm2026\datasets\dataset_2_abnormal_binary_clean_v3\train\images\nozzle_extrusion_normal_0679.jpg,20260822
train,D:\ruanjianxiazai\pycharm2026\datasets\dataset_2_abnormal_binary_clean_v3\train\images\nozzle_extrusion_normal_1011.jpg,20260822
train,D:\ruanjianxiazai\pycharm2026\datasets\dataset_2_abnormal_binary_clean_v3\train\images\nozzle_tip_wrapped_0586.jpg,20260822
train,D:\ruanjianxiazai\pycharm2026\datasets\dataset_2_abnormal_binary_clean_v3\train\images\nozzle_tip_wrapped_0748.jpg,20260822
train,D:\ruanjianxiazai\pycharm2026\datasets\dataset_2_abnormal_binary_clean_v3\train\images\nozzle_no_extrusion_0149.jpg,20260822
train,D:\ruanjianxiazai\pycharm2026\datasets\dataset_2_abnormal_binary_clean_v3\train\images\nozzle_tip_wrapped_0245.jpg,20260822
train,D:\ruanjianxiazai\pycharm2026\datasets\dataset_2_abnormal_binary_clean_v3\train\images\nozzle_extrusion_normal_0968.jpg,20260822
train,D:\ruanjianxiazai\pycharm2026\datasets\dataset_2_abnormal_binary_clean_v3\train\images\nozzle_tip_wrapped_1086.jpg,20260822
train,D:\ruanjianxiazai\pycharm2026\datasets\dataset_2_abnormal_binary_clean_v3\train\images\nozzle_tip_wrapped_1233.jpg,20260822
train,D:\ruanjianxiazai\pycharm2026\datasets\dataset_2_abnormal_binary_clean_v3\train\images\nozzle_extrusion_normal_0252.jpg,20260822
train,D:\ruanjianxiazai\pycharm2026\datasets\dataset_2_abnormal_binary_clean_v3\train\images\nozzle_extrusion_normal_0836.jpg,20260822
train,D:\ruanjianxiazai\pycharm2026\datasets\dataset_2_abnormal_binary_clean_v3\train\images\nozzle_no_extrusion_0004.jpg,20260822
train,D:\ruanjianxiazai\pycharm2026\datasets\dataset_2_abnormal_binary_clean_v3\train\images\nozzle_tip_wrapped_1145.jpg,20260822
train,D:\ruanjianxiazai\pycharm2026\datasets\dataset_2_abnormal_binary_clean_v3\train\images\nozzle_no_extrusion_0424.jpg,20260822
train,D:\ruanjianxiazai\pycharm2026\datasets\dataset_2_abnormal_binary_clean_v3\train\images\nozzle_no_extrusion_0060.jpg,20260822
train,D:\ruanjianxiazai\pycharm2026\datasets\dataset_2_abnormal_binary_clean_v3\train\images\nozzle_tip_wrapped_0313.jpg,20260822
train,D:\ruanjianxiazai\pycharm2026\datasets\dataset_2_abnormal_binary_clean_v3\train\images\nozzle_extrusion_normal_0806.jpg,20260822
train,D:\ruanjianxiazai\pycharm2026\datasets\dataset_2_abnormal_binary_clean_v3\train\images\nozzle_tip_wrapped_1054.jpg,20260822
train,D:\ruanjianxiazai\pycharm2026\datasets\dataset_2_abnormal_binary_clean_v3\train\images\nozzle_extrusion_normal_1172.jpg,20260822
train,D:\ruanjianxiazai\pycharm2026\datasets\dataset_2_abnormal_binary_clean_v3\train\images\nozzle_no_extrusion_0379.jpg,20260822
train,D:\ruanjianxiazai\pycharm2026\datasets\dataset_2_abnormal_binary_clean_v3\train\images\nozzle_tip_wrapped_1212.jpg,20260822
train,D:\ruanjianxiazai\pycharm2026\datasets\dataset_2_abnormal_binary_clean_v3\train\images\nozzle_extrusion_normal_1081.jpg,20260822
train,D:\ruanjianxiazai\pycharm2026\datasets\dataset_2_abnormal_binary_clean_v3\train\images\nozzle_tip_wrapped_1159.jpg,20260822
train,D:\ruanjianxiazai\pycharm2026\datasets\dataset_2_abnormal_binary_clean_v3\train\images\nozzle_no_extrusion_0856.jpg,20260822
train,D:\ruanjianxiazai\pycharm2026\datasets\dataset_2_abnormal_binary_clean_v3\train\images\nozzle_no_extrusion_0503.jpg,20260822
train,D:\ruanjianxiazai\pycharm2026\datasets\dataset_2_abnormal_binary_clean_v3\train\images\nozzle_extrusion_normal_1282.jpg,20260822
train,D:\ruanjianxiazai\pycharm2026\datasets\dataset_2_abnormal_binary_clean_v3\train\images\nozzle_tip_wrapped_0922.jpg,20260822
train,D:\ruanjianxiazai\pycharm2026\datasets\dataset_2_abnormal_binary_clean_v3\train\images\nozzle_no_extrusion_0005.jpg,20260822
train,D:\ruanjianxiazai\pycharm2026\datasets\dataset_2_abnormal_binary_clean_v3\train\images\nozzle_no_extrusion_0071.jpg,20260822
train,D:\ruanjianxiazai\pycharm2026\datasets\dataset_2_abnormal_binary_clean_v3\train\images\nozzle_extrusion_normal_0985.jpg,20260822
train,D:\ruanjianxiazai\pycharm2026\datasets\dataset_2_abnormal_binary_clean_v3\train\images\nozzle_extrusion_normal_0362.jpg,20260822
train,D:\ruanjianxiazai\pycharm2026\datasets\dataset_2_abnormal_binary_clean_v3\train\images\nozzle_tip_wrapped_0256.jpg,20260822
train,D:\ruanjianxiazai\pycharm2026\datasets\dataset_2_abnormal_binary_clean_v3\train\images\nozzle_tip_wrapped_0067.jpg,20260822
train,D:\ruanjianxiazai\pycharm2026\datasets\dataset_2_abnormal_binary_clean_v3\train\images\nozzle_tip_wrapped_1250.jpg,20260822
train,D:\ruanjianxiazai\pycharm2026\datasets\dataset_2_abnormal_binary_clean_v3\train\images\nozzle_no_extrusion_0610.jpg,20260822
train,D:\ruanjianxiazai\pycharm2026\datasets\dataset_2_abnormal_binary_clean_v3\train\images\nozzle_tip_wrapped_0714.jpg,20260822
train,D:\ruanjianxiazai\pycharm2026\datasets\dataset_2_abnormal_binary_clean_v3\train\images\nozzle_tip_wrapped_0186.jpg,20260822
train,D:\ruanjianxiazai\pycharm2026\datasets\dataset_2_abnormal_binary_clean_v3\train\images\nozzle_extrusion_normal_0497.jpg,20260822
train,D:\ruanjianxiazai\pycharm2026\datasets\dataset_2_abnormal_binary_clean_v3\train\images\nozzle_tip_wrapped_0861.jpg,20260822
train,D:\ruanjianxiazai\pycharm2026\datasets\dataset_2_abnormal_binary_clean_v3\train\images\nozzle_extrusion_normal_1181.jpg,20260822
train,D:\ruanjianxiazai\pycharm2026\datasets\dataset_2_abnormal_binary_clean_v3\train\images\nozzle_tip_wrapped_1206.jpg,20260822
train,D:\ruanjianxiazai\pycharm2026\datasets\dataset_2_abnormal_binary_clean_v3\train\images\nozzle_no_extrusion_0742.jpg,20260822
train,D:\ruanjianxiazai\pycharm2026\datasets\dataset_2_abnormal_binary_clean_v3\train\images\nozzle_tip_wrapped_0775.jpg,20260822
train,D:\ruanjianxiazai\pycharm2026\datasets\dataset_2_abnormal_binary_clean_v3\train\images\nozzle_extrusion_normal_1334.jpg,20260822
train,D:\ruanjianxiazai\pycharm2026\datasets\dataset_2_abnormal_binary_clean_v3\train\images\nozzle_tip_wrapped_0547.jpg,20260822
train,D:\ruanjianxiazai\pycharm2026\datasets\dataset_2_abnormal_binary_clean_v3\train\images\nozzle_tip_wrapped_0146.jpg,20260822
train,D:\ruanjianxiazai\pycharm2026\datasets\dataset_2_abnormal_binary_clean_v3\train\images\nozzle_no_extrusion_0574.jpg,20260822
train,D:\ruanjianxiazai\pycharm2026\datasets\dataset_2_abnormal_binary_clean_v3\train\images\nozzle_extrusion_normal_1305.jpg,20260822
train,D:\ruanjianxiazai\pycharm2026\datasets\dataset_2_abnormal_binary_clean_v3\train\images\nozzle_extrusion_normal_1173.jpg,20260822
train,D:\ruanjianxiazai\pycharm2026\datasets\dataset_2_abnormal_binary_clean_v3\train\images\nozzle_tip_wrapped_0096.jpg,20260822
train,D:\ruanjianxiazai\pycharm2026\datasets\dataset_2_abnormal_binary_clean_v3\train\images\nozzle_extrusion_normal_0675.jpg,20260822
train,D:\ruanjianxiazai\pycharm2026\datasets\dataset_2_abnormal_binary_clean_v3\train\images\nozzle_no_extrusion_0752.jpg,20260822
train,D:\ruanjianxiazai\pycharm2026\datasets\dataset_2_abnormal_binary_clean_v3\train\images\nozzle_tip_wrapped_0148.jpg,20260822
train,D:\ruanjianxiazai\pycharm2026\datasets\dataset_2_abnormal_binary_clean_v3\train\images\nozzle_no_extrusion_0048.jpg,20260822
train,D:\ruanjianxiazai\pycharm2026\datasets\dataset_2_abnormal_binary_clean_v3\train\images\nozzle_tip_wrapped_1251.jpg,20260822
train,D:\ruanjianxiazai\pycharm2026\datasets\dataset_2_abnormal_binary_clean_v3\train\images\nozzle_tip_wrapped_0084.jpg,20260822
train,D:\ruanjianxiazai\pycharm2026\datasets\dataset_2_abnormal_binary_clean_v3\train\images\nozzle_tip_wrapped_0387.jpg,20260822
train,D:\ruanjianxiazai\pycharm2026\datasets\dataset_2_abnormal_binary_clean_v3\train\images\nozzle_extrusion_normal_0396.jpg,20260822
train,D:\ruanjianxiazai\pycharm2026\datasets\dataset_2_abnormal_binary_clean_v3\train\images\nozzle_extrusion_normal_1396.jpg,20260822
train,D:\ruanjianxiazai\pycharm2026\datasets\dataset_2_abnormal_binary_clean_v3\train\images\nozzle_tip_wrapped_1102.jpg,20260822
train,D:\ruanjianxiazai\pycharm2026\datasets\dataset_2_abnormal_binary_clean_v3\train\images\nozzle_tip_wrapped_0049.jpg,20260822
train,D:\ruanjianxiazai\pycharm2026\datasets\dataset_2_abnormal_binary_clean_v3\train\images\nozzle_tip_wrapped_1100.jpg,20260822
train,D:\ruanjianxiazai\pycharm2026\datasets\dataset_2_abnormal_binary_clean_v3\train\images\nozzle_extrusion_normal_0608.jpg,20260822
train,D:\ruanjianxiazai\pycharm2026\datasets\dataset_2_abnormal_binary_clean_v3\train\images\nozzle_tip_wrapped_0156.jpg,20260822
train,D:\ruanjianxiazai\pycharm2026\datasets\dataset_2_abnormal_binary_clean_v3\train\images\nozzle_tip_wrapped_0258.jpg,20260822
train,D:\ruanjianxiazai\pycharm2026\datasets\dataset_2_abnormal_binary_clean_v3\train\images\nozzle_extrusion_normal_1146.jpg,20260822
train,D:\ruanjianxiazai\pycharm2026\datasets\dataset_2_abnormal_binary_clean_v3\train\images\nozzle_extrusion_normal_0788.jpg,20260822
train,D:\ruanjianxiazai\pycharm2026\datasets\dataset_2_abnormal_binary_clean_v3\train\images\nozzle_no_extrusion_0169.jpg,20260822
train,D:\ruanjianxiazai\pycharm2026\datasets\dataset_2_abnormal_binary_clean_v3\train\images\nozzle_no_extrusion_0548.jpg,20260822
train,D:\ruanjianxiazai\pycharm2026\datasets\dataset_2_abnormal_binary_clean_v3\train\images\nozzle_tip_wrapped_0912.jpg,20260822
train,D:\ruanjianxiazai\pycharm2026\datasets\dataset_2_abnormal_binary_clean_v3\train\images\nozzle_tip_wrapped_0832.jpg,20260822
train,D:\ruanjianxiazai\pycharm2026\datasets\dataset_2_abnormal_binary_clean_v3\train\images\nozzle_tip_wrapped_0532.jpg,20260822
train,D:\ruanjianxiazai\pycharm2026\datasets\dataset_2_abnormal_binary_clean_v3\train\images\nozzle_tip_wrapped_0580.jpg,20260822
train,D:\ruanjianxiazai\pycharm2026\datasets\dataset_2_abnormal_binary_clean_v3\train\images\nozzle_extrusion_normal_0887.jpg,20260822
train,D:\ruanjianxiazai\pycharm2026\datasets\dataset_2_abnormal_binary_clean_v3\train\images\nozzle_tip_wrapped_0750.jpg,20260822
train,D:\ruanjianxiazai\pycharm2026\datasets\dataset_2_abnormal_binary_clean_v3\train\images\nozzle_extrusion_normal_1199.jpg,20260822
train,D:\ruanjianxiazai\pycharm2026\datasets\dataset_2_abnormal_binary_clean_v3\train\images\nozzle_no_extrusion_0030.jpg,20260822
train,D:\ruanjianxiazai\pycharm2026\datasets\dataset_2_abnormal_binary_clean_v3\train\images\nozzle_extrusion_normal_0694.jpg,20260822
train,D:\ruanjianxiazai\pycharm2026\datasets\dataset_2_abnormal_binary_clean_v3\train\images\nozzle_extrusion_normal_0796.jpg,20260822
train,D:\ruanjianxiazai\pycharm2026\datasets\dataset_2_abnormal_binary_clean_v3\train\images\nozzle_extrusion_normal_0186.jpg,20260822
train,D:\ruanjianxiazai\pycharm2026\datasets\dataset_2_abnormal_binary_clean_v3\train\images\nozzle_extrusion_normal_1374.jpg,20260822
train,D:\ruanjianxiazai\pycharm2026\datasets\dataset_2_abnormal_binary_clean_v3\train\images\nozzle_tip_wrapped_1211.jpg,20260822
train,D:\ruanjianxiazai\pycharm2026\datasets\dataset_2_abnormal_binary_clean_v3\train\images\nozzle_no_extrusion_0179.jpg,20260822
train,D:\ruanjianxiazai\pycharm2026\datasets\dataset_2_abnormal_binary_clean_v3\train\images\nozzle_no_extrusion_0806.jpg,20260822
train,D:\ruanjianxiazai\pycharm2026\datasets\dataset_2_abnormal_binary_clean_v3\train\images\nozzle_extrusion_normal_1388.jpg,20260822
train,D:\ruanjianxiazai\pycharm2026\datasets\dataset_2_abnormal_binary_clean_v3\train\images\nozzle_tip_wrapped_0672.jpg,20260822
train,D:\ruanjianxiazai\pycharm2026\datasets\dataset_2_abnormal_binary_clean_v3\train\images\nozzle_extrusion_normal_0815.jpg,20260822
train,D:\ruanjianxiazai\pycharm2026\datasets\dataset_2_abnormal_binary_clean_v3\train\images\nozzle_tip_wrapped_0786.jpg,20260822
train,D:\ruanjianxiazai\pycharm2026\datasets\dataset_2_abnormal_binary_clean_v3\train\images\nozzle_tip_wrapped_0917.jpg,20260822
train,D:\ruanjianxiazai\pycharm2026\datasets\dataset_2_abnormal_binary_clean_v3\train\images\nozzle_tip_wrapped_0780.jpg,20260822
train,D:\ruanjianxiazai\pycharm2026\datasets\dataset_2_abnormal_binary_clean_v3\train\images\nozzle_tip_wrapped_0075.jpg,20260822
train,D:\ruanjianxiazai\pycharm2026\datasets\dataset_2_abnormal_binary_clean_v3\train\images\nozzle_tip_wrapped_0191.jpg,20260822
train,D:\ruanjianxiazai\pycharm2026\datasets\dataset_2_abnormal_binary_clean_v3\train\images\nozzle_tip_wrapped_0605.jpg,20260822
train,D:\ruanjianxiazai\pycharm2026\datasets\dataset_2_abnormal_binary_clean_v3\train\images\nozzle_extrusion_normal_0236.jpg,20260822
train,D:\ruanjianxiazai\pycharm2026\datasets\dataset_2_abnormal_binary_clean_v3\train\images\nozzle_tip_wrapped_1284.jpg,20260822
train,D:\ruanjianxiazai\pycharm2026\datasets\dataset_2_abnormal_binary_clean_v3\train\images\nozzle_extrusion_normal_1171.jpg,20260822
train,D:\ruanjianxiazai\pycharm2026\datasets\dataset_2_abnormal_binary_clean_v3\train\images\nozzle_extrusion_normal_0408.jpg,20260822
train,D:\ruanjianxiazai\pycharm2026\datasets\dataset_2_abnormal_binary_clean_v3\train\images\nozzle_extrusion_normal_0552.jpg,20260822
train,D:\ruanjianxiazai\pycharm2026\datasets\dataset_2_abnormal_binary_clean_v3\train\images\nozzle_tip_wrapped_0815.jpg,20260822
train,D:\ruanjianxiazai\pycharm2026\datasets\dataset_2_abnormal_binary_clean_v3\train\images\nozzle_extrusion_normal_0559.jpg,20260822
train,D:\ruanjianxiazai\pycharm2026\datasets\dataset_2_abnormal_binary_clean_v3\train\images\nozzle_tip_wrapped_1091.jpg,20260822
train,D:\ruanjianxiazai\pycharm2026\datasets\dataset_2_abnormal_binary_clean_v3\train\images\nozzle_extrusion_normal_1366.jpg,20260822
train,D:\ruanjianxiazai\pycharm2026\datasets\dataset_2_abnormal_binary_clean_v3\train\images\nozzle_extrusion_normal_1030.jpg,20260822
train,D:\ruanjianxiazai\pycharm2026\datasets\dataset_2_abnormal_binary_clean_v3\train\images\nozzle_extrusion_normal_1343.jpg,20260822
train,D:\ruanjianxiazai\pycharm2026\datasets\dataset_2_abnormal_binary_clean_v3\train\images\nozzle_extrusion_normal_1420.jpg,20260822
train,D:\ruanjianxiazai\pycharm2026\datasets\dataset_2_abnormal_binary_clean_v3\train\images\nozzle_tip_wrapped_1276.jpg,20260822
train,D:\ruanjianxiazai\pycharm2026\datasets\dataset_2_abnormal_binary_clean_v3\train\images\nozzle_extrusion_normal_0058.jpg,20260822
train,D:\ruanjianxiazai\pycharm2026\datasets\dataset_2_abnormal_binary_clean_v3\train\images\nozzle_no_extrusion_0605.jpg,20260822
train,D:\ruanjianxiazai\pycharm2026\datasets\dataset_2_abnormal_binary_clean_v3\train\images\nozzle_extrusion_normal_1139.jpg,20260822
train,D:\ruanjianxiazai\pycharm2026\datasets\dataset_2_abnormal_binary_clean_v3\train\images\nozzle_no_extrusion_0297.jpg,20260822
train,D:\ruanjianxiazai\pycharm2026\datasets\dataset_2_abnormal_binary_clean_v3\train\images\nozzle_extrusion_normal_1472.jpg,20260822
train,D:\ruanjianxiazai\pycharm2026\datasets\dataset_2_abnormal_binary_clean_v3\train\images\nozzle_extrusion_normal_1078.jpg,20260822
train,D:\ruanjianxiazai\pycharm2026\datasets\dataset_2_abnormal_binary_clean_v3\train\images\nozzle_no_extrusion_0390.jpg,20260822
train,D:\ruanjianxiazai\pycharm2026\datasets\dataset_2_abnormal_binary_clean_v3\train\images\nozzle_tip_wrapped_0873.jpg,20260822
train,D:\ruanjianxiazai\pycharm2026\datasets\dataset_2_abnormal_binary_clean_v3\train\images\nozzle_tip_wrapped_0887.jpg,20260822
train,D:\ruanjianxiazai\pycharm2026\datasets\dataset_2_abnormal_binary_clean_v3\train\images\nozzle_tip_wrapped_0925.jpg,20260822
train,D:\ruanjianxiazai\pycharm2026\datasets\dataset_2_abnormal_binary_clean_v3\train\images\nozzle_extrusion_normal_0723.jpg,20260822
train,D:\ruanjianxiazai\pycharm2026\datasets\dataset_2_abnormal_binary_clean_v3\train\images\nozzle_extrusion_normal_1515.jpg,20260822
train,D:\ruanjianxiazai\pycharm2026\datasets\dataset_2_abnormal_binary_clean_v3\train\images\nozzle_tip_wrapped_0212.jpg,20260822
train,D:\ruanjianxiazai\pycharm2026\datasets\dataset_2_abnormal_binary_clean_v3\train\images\nozzle_extrusion_normal_1170.jpg,20260822
train,D:\ruanjianxiazai\pycharm2026\datasets\dataset_2_abnormal_binary_clean_v3\train\images\nozzle_extrusion_normal_0140.jpg,20260822
train,D:\ruanjianxiazai\pycharm2026\datasets\dataset_2_abnormal_binary_clean_v3\train\images\nozzle_tip_wrapped_0886.jpg,20260822
train,D:\ruanjianxiazai\pycharm2026\datasets\dataset_2_abnormal_binary_clean_v3\train\images\nozzle_no_extrusion_0769.jpg,20260822
train,D:\ruanjianxiazai\pycharm2026\datasets\dataset_2_abnormal_binary_clean_v3\train\images\nozzle_tip_wrapped_0961.jpg,20260822
train,D:\ruanjianxiazai\pycharm2026\datasets\dataset_2_abnormal_binary_clean_v3\train\images\nozzle_extrusion_normal_0413.jpg,20260822
train,D:\ruanjianxiazai\pycharm2026\datasets\dataset_2_abnormal_binary_clean_v3\train\images\nozzle_tip_wrapped_0307.jpg,20260822
train,D:\ruanjianxiazai\pycharm2026\datasets\dataset_2_abnormal_binary_clean_v3\train\images\nozzle_extrusion_normal_0740.jpg,20260822
train,D:\ruanjianxiazai\pycharm2026\datasets\dataset_2_abnormal_binary_clean_v3\train\images\nozzle_extrusion_normal_0886.jpg,20260822
train,D:\ruanjianxiazai\pycharm2026\datasets\dataset_2_abnormal_binary_clean_v3\train\images\nozzle_tip_wrapped_0440.jpg,20260822
train,D:\ruanjianxiazai\pycharm2026\datasets\dataset_2_abnormal_binary_clean_v3\train\images\nozzle_extrusion_normal_0006.jpg,20260822
train,D:\ruanjianxiazai\pycharm2026\datasets\dataset_2_abnormal_binary_clean_v3\train\images\nozzle_extrusion_normal_0526.jpg,20260822
train,D:\ruanjianxiazai\pycharm2026\datasets\dataset_2_abnormal_binary_clean_v3\train\images\nozzle_tip_wrapped_0730.jpg,20260822
train,D:\ruanjianxiazai\pycharm2026\datasets\dataset_2_abnormal_binary_clean_v3\train\images\nozzle_no_extrusion_0017.jpg,20260822
train,D:\ruanjianxiazai\pycharm2026\datasets\dataset_2_abnormal_binary_clean_v3\train\images\nozzle_tip_wrapped_0508.jpg,20260822
train,D:\ruanjianxiazai\pycharm2026\datasets\dataset_2_abnormal_binary_clean_v3\train\images\nozzle_no_extrusion_0796.jpg,20260822
train,D:\ruanjianxiazai\pycharm2026\datasets\dataset_2_abnormal_binary_clean_v3\train\images\nozzle_extrusion_normal_0841.jpg,20260822
train,D:\ruanjianxiazai\pycharm2026\datasets\dataset_2_abnormal_binary_clean_v3\train\images\nozzle_extrusion_normal_0691.jpg,20260822
train,D:\ruanjianxiazai\pycharm2026\datasets\dataset_2_abnormal_binary_clean_v3\train\images\nozzle_no_extrusion_0162.jpg,20260822
train,D:\ruanjianxiazai\pycharm2026\datasets\dataset_2_abnormal_binary_clean_v3\train\images\nozzle_tip_wrapped_0697.jpg,20260822
train,D:\ruanjianxiazai\pycharm2026\datasets\dataset_2_abnormal_binary_clean_v3\train\images\nozzle_tip_wrapped_0533.jpg,20260822
train,D:\ruanjianxiazai\pycharm2026\datasets\dataset_2_abnormal_binary_clean_v3\train\images\nozzle_extrusion_normal_0798.jpg,20260822
train,D:\ruanjianxiazai\pycharm2026\datasets\dataset_2_abnormal_binary_clean_v3\train\images\nozzle_no_extrusion_0049.jpg,20260822
train,D:\ruanjianxiazai\pycharm2026\datasets\dataset_2_abnormal_binary_clean_v3\train\images\nozzle_tip_wrapped_0203.jpg,20260822
train,D:\ruanjianxiazai\pycharm2026\datasets\dataset_2_abnormal_binary_clean_v3\train\images\nozzle_extrusion_normal_0174.jpg,20260822
train,D:\ruanjianxiazai\pycharm2026\datasets\dataset_2_abnormal_binary_clean_v3\train\images\nozzle_extrusion_normal_0208.jpg,20260822
train,D:\ruanjianxiazai\pycharm2026\datasets\dataset_2_abnormal_binary_clean_v3\train\images\nozzle_extrusion_normal_1053.jpg,20260822
train,D:\ruanjianxiazai\pycharm2026\datasets\dataset_2_abnormal_binary_clean_v3\train\images\nozzle_tip_wrapped_0731.jpg,20260822
train,D:\ruanjianxiazai\pycharm2026\datasets\dataset_2_abnormal_binary_clean_v3\train\images\nozzle_extrusion_normal_0361.jpg,20260822
train,D:\ruanjianxiazai\pycharm2026\datasets\dataset_2_abnormal_binary_clean_v3\train\images\nozzle_tip_wrapped_1293.jpg,20260822
train,D:\ruanjianxiazai\pycharm2026\datasets\dataset_2_abnormal_binary_clean_v3\train\images\nozzle_extrusion_normal_0550.jpg,20260822
train,D:\ruanjianxiazai\pycharm2026\datasets\dataset_2_abnormal_binary_clean_v3\train\images\nozzle_tip_wrapped_1028.jpg,20260822
train,D:\ruanjianxiazai\pycharm2026\datasets\dataset_2_abnormal_binary_clean_v3\train\images\nozzle_tip_wrapped_0904.jpg,20260822
train,D:\ruanjianxiazai\pycharm2026\datasets\dataset_2_abnormal_binary_clean_v3\train\images\nozzle_no_extrusion_0518.jpg,20260822
train,D:\ruanjianxiazai\pycharm2026\datasets\dataset_2_abnormal_binary_clean_v3\train\images\nozzle_extrusion_normal_0329.jpg,20260822
train,D:\ruanjianxiazai\pycharm2026\datasets\dataset_2_abnormal_binary_clean_v3\train\images\nozzle_tip_wrapped_0051.jpg,20260822
train,D:\ruanjianxiazai\pycharm2026\datasets\dataset_2_abnormal_binary_clean_v3\train\images\nozzle_tip_wrapped_0885.jpg,20260822
train,D:\ruanjianxiazai\pycharm2026\datasets\dataset_2_abnormal_binary_clean_v3\train\images\nozzle_extrusion_normal_0574.jpg,20260822
train,D:\ruanjianxiazai\pycharm2026\datasets\dataset_2_abnormal_binary_clean_v3\train\images\nozzle_tip_wrapped_1182.jpg,20260822
train,D:\ruanjianxiazai\pycharm2026\datasets\dataset_2_abnormal_binary_clean_v3\train\images\nozzle_no_extrusion_0348.jpg,20260822
train,D:\ruanjianxiazai\pycharm2026\datasets\dataset_2_abnormal_binary_clean_v3\train\images\nozzle_no_extrusion_0760.jpg,20260822
train,D:\ruanjianxiazai\pycharm2026\datasets\dataset_2_abnormal_binary_clean_v3\train\images\nozzle_extrusion_normal_1440.jpg,20260822
train,D:\ruanjianxiazai\pycharm2026\datasets\dataset_2_abnormal_binary_clean_v3\train\images\nozzle_heavy_contamination_0009.jpg,20260822
train,D:\ruanjianxiazai\pycharm2026\datasets\dataset_2_abnormal_binary_clean_v3\train\images\nozzle_tip_wrapped_1201.jpg,20260822
train,D:\ruanjianxiazai\pycharm2026\datasets\dataset_2_abnormal_binary_clean_v3\train\images\nozzle_tip_wrapped_0544.jpg,20260822
train,D:\ruanjianxiazai\pycharm2026\datasets\dataset_2_abnormal_binary_clean_v3\train\images\nozzle_no_extrusion_0514.jpg,20260822
train,D:\ruanjianxiazai\pycharm2026\datasets\dataset_2_abnormal_binary_clean_v3\train\images\nozzle_tip_wrapped_0628.jpg,20260822
train,D:\ruanjianxiazai\pycharm2026\datasets\dataset_2_abnormal_binary_clean_v3\train\images\nozzle_extrusion_normal_1019.jpg,20260822
train,D:\ruanjianxiazai\pycharm2026\datasets\dataset_2_abnormal_binary_clean_v3\train\images\nozzle_extrusion_normal_1119.jpg,20260822
train,D:\ruanjianxiazai\pycharm2026\datasets\dataset_2_abnormal_binary_clean_v3\train\images\nozzle_tip_wrapped_0546.jpg,20260822
train,D:\ruanjianxiazai\pycharm2026\datasets\dataset_2_abnormal_binary_clean_v3\train\images\nozzle_no_extrusion_0031.jpg,20260822
train,D:\ruanjianxiazai\pycharm2026\datasets\dataset_2_abnormal_binary_clean_v3\train\images\nozzle_tip_wrapped_1147.jpg,20260822
train,D:\ruanjianxiazai\pycharm2026\datasets\dataset_2_abnormal_binary_clean_v3\train\images\nozzle_extrusion_normal_0861.jpg,20260822
train,D:\ruanjianxiazai\pycharm2026\datasets\dataset_2_abnormal_binary_clean_v3\train\images\nozzle_no_extrusion_0714.jpg,20260822
train,D:\ruanjianxiazai\pycharm2026\datasets\dataset_2_abnormal_binary_clean_v3\train\images\nozzle_extrusion_normal_1125.jpg,20260822
train,D:\ruanjianxiazai\pycharm2026\datasets\dataset_2_abnormal_binary_clean_v3\train\images\nozzle_extrusion_normal_0069.jpg,20260822
train,D:\ruanjianxiazai\pycharm2026\datasets\dataset_2_abnormal_binary_clean_v3\train\images\nozzle_tip_wrapped_1063.jpg,20260822
train,D:\ruanjianxiazai\pycharm2026\datasets\dataset_2_abnormal_binary_clean_v3\train\images\nozzle_extrusion_normal_0160.jpg,20260822
train,D:\ruanjianxiazai\pycharm2026\datasets\dataset_2_abnormal_binary_clean_v3\train\images\nozzle_tip_wrapped_1067.jpg,20260822
train,D:\ruanjianxiazai\pycharm2026\datasets\dataset_2_abnormal_binary_clean_v3\train\images\nozzle_extrusion_normal_1465.jpg,20260822
train,D:\ruanjianxiazai\pycharm2026\datasets\dataset_2_abnormal_binary_clean_v3\train\images\nozzle_heavy_contamination_0017.jpg,20260822
train,D:\ruanjianxiazai\pycharm2026\datasets\dataset_2_abnormal_binary_clean_v3\train\images\nozzle_tip_wrapped_0527.jpg,20260822
train,D:\ruanjianxiazai\pycharm2026\datasets\dataset_2_abnormal_binary_clean_v3\train\images\nozzle_no_extrusion_0216.jpg,20260822
train,D:\ruanjianxiazai\pycharm2026\datasets\dataset_2_abnormal_binary_clean_v3\train\images\nozzle_no_extrusion_0472.jpg,20260822
train,D:\ruanjianxiazai\pycharm2026\datasets\dataset_2_abnormal_binary_clean_v3\train\images\nozzle_extrusion_normal_1300.jpg,20260822
train,D:\ruanjianxiazai\pycharm2026\datasets\dataset_2_abnormal_binary_clean_v3\train\images\nozzle_extrusion_normal_0268.jpg,20260822
train,D:\ruanjianxiazai\pycharm2026\datasets\dataset_2_abnormal_binary_clean_v3\train\images\nozzle_tip_wrapped_0324.jpg,20260822
train,D:\ruanjianxiazai\pycharm2026\datasets\dataset_2_abnormal_binary_clean_v3\train\images\nozzle_no_extrusion_0696.jpg,20260822
train,D:\ruanjianxiazai\pycharm2026\datasets\dataset_2_abnormal_binary_clean_v3\train\images\nozzle_extrusion_normal_0120.jpg,20260822
train,D:\ruanjianxiazai\pycharm2026\datasets\dataset_2_abnormal_binary_clean_v3\train\images\nozzle_tip_wrapped_0716.jpg,20260822
train,D:\ruanjianxiazai\pycharm2026\datasets\dataset_2_abnormal_binary_clean_v3\train\images\nozzle_tip_wrapped_1227.jpg,20260822
train,D:\ruanjianxiazai\pycharm2026\datasets\dataset_2_abnormal_binary_clean_v3\train\images\nozzle_no_extrusion_0483.jpg,20260822
train,D:\ruanjianxiazai\pycharm2026\datasets\dataset_2_abnormal_binary_clean_v3\train\images\nozzle_extrusion_normal_1307.jpg,20260822
train,D:\ruanjianxiazai\pycharm2026\datasets\dataset_2_abnormal_binary_clean_v3\train\images\nozzle_tip_wrapped_0438.jpg,20260822
train,D:\ruanjianxiazai\pycharm2026\datasets\dataset_2_abnormal_binary_clean_v3\train\images\nozzle_no_extrusion_0035.jpg,20260822
train,D:\ruanjianxiazai\pycharm2026\datasets\dataset_2_abnormal_binary_clean_v3\train\images\nozzle_extrusion_normal_1292.jpg,20260822
train,D:\ruanjianxiazai\pycharm2026\datasets\dataset_2_abnormal_binary_clean_v3\train\images\nozzle_extrusion_normal_1046.jpg,20260822
train,D:\ruanjianxiazai\pycharm2026\datasets\dataset_2_abnormal_binary_clean_v3\train\images\nozzle_tip_wrapped_1151.jpg,20260822
train,D:\ruanjianxiazai\pycharm2026\datasets\dataset_2_abnormal_binary_clean_v3\train\images\nozzle_no_extrusion_0733.jpg,20260822
train,D:\ruanjianxiazai\pycharm2026\datasets\dataset_2_abnormal_binary_clean_v3\train\images\nozzle_extrusion_normal_0716.jpg,20260822
train,D:\ruanjianxiazai\pycharm2026\datasets\dataset_2_abnormal_binary_clean_v3\train\images\nozzle_no_extrusion_0189.jpg,20260822
train,D:\ruanjianxiazai\pycharm2026\datasets\dataset_2_abnormal_binary_clean_v3\train\images\nozzle_no_extrusion_0540.jpg,20260822
train,D:\ruanjianxiazai\pycharm2026\datasets\dataset_2_abnormal_binary_clean_v3\train\images\nozzle_extrusion_normal_0479.jpg,20260822
train,D:\ruanjianxiazai\pycharm2026\datasets\dataset_2_abnormal_binary_clean_v3\train\images\nozzle_tip_wrapped_1280.jpg,20260822
train,D:\ruanjianxiazai\pycharm2026\datasets\dataset_2_abnormal_binary_clean_v3\train\images\nozzle_no_extrusion_0155.jpg,20260822
train,D:\ruanjianxiazai\pycharm2026\datasets\dataset_2_abnormal_binary_clean_v3\train\images\nozzle_extrusion_normal_1507.jpg,20260822
train,D:\ruanjianxiazai\pycharm2026\datasets\dataset_2_abnormal_binary_clean_v3\train\images\nozzle_extrusion_normal_1311.jpg,20260822
train,D:\ruanjianxiazai\pycharm2026\datasets\dataset_2_abnormal_binary_clean_v3\train\images\nozzle_no_extrusion_0893.jpg,20260822
train,D:\ruanjianxiazai\pycharm2026\datasets\dataset_2_abnormal_binary_clean_v3\train\images\nozzle_no_extrusion_0798.jpg,20260822
train,D:\ruanjianxiazai\pycharm2026\datasets\dataset_2_abnormal_binary_clean_v3\train\images\nozzle_extrusion_normal_0460.jpg,20260822
train,D:\ruanjianxiazai\pycharm2026\datasets\dataset_2_abnormal_binary_clean_v3\train\images\nozzle_extrusion_normal_1076.jpg,20260822
train,D:\ruanjianxiazai\pycharm2026\datasets\dataset_2_abnormal_binary_clean_v3\train\images\nozzle_extrusion_normal_0570.jpg,20260822
train,D:\ruanjianxiazai\pycharm2026\datasets\dataset_2_abnormal_binary_clean_v3\train\images\nozzle_extrusion_normal_0155.jpg,20260822
train,D:\ruanjianxiazai\pycharm2026\datasets\dataset_2_abnormal_binary_clean_v3\train\images\nozzle_heavy_contamination_0001.jpg,20260822
train,D:\ruanjianxiazai\pycharm2026\datasets\dataset_2_abnormal_binary_clean_v3\train\images\nozzle_extrusion_normal_0512.jpg,20260822
train,D:\ruanjianxiazai\pycharm2026\datasets\dataset_2_abnormal_binary_clean_v3\train\images\nozzle_no_extrusion_0855.jpg,20260822
train,D:\ruanjianxiazai\pycharm2026\datasets\dataset_2_abnormal_binary_clean_v3\train\images\nozzle_no_extrusion_0549.jpg,20260822
train,D:\ruanjianxiazai\pycharm2026\datasets\dataset_2_abnormal_binary_clean_v3\train\images\nozzle_extrusion_normal_1406.jpg,20260822
train,D:\ruanjianxiazai\pycharm2026\datasets\dataset_2_abnormal_binary_clean_v3\train\images\nozzle_extrusion_normal_0129.jpg,20260822
train,D:\ruanjianxiazai\pycharm2026\datasets\dataset_2_abnormal_binary_clean_v3\train\images\nozzle_extrusion_normal_0322.jpg,20260822
train,D:\ruanjianxiazai\pycharm2026\datasets\dataset_2_abnormal_binary_clean_v3\train\images\nozzle_tip_wrapped_0796.jpg,20260822
train,D:\ruanjianxiazai\pycharm2026\datasets\dataset_2_abnormal_binary_clean_v3\train\images\nozzle_extrusion_normal_0732.jpg,20260822
train,D:\ruanjianxiazai\pycharm2026\datasets\dataset_2_abnormal_binary_clean_v3\train\images\nozzle_extrusion_normal_0667.jpg,20260822
train,D:\ruanjianxiazai\pycharm2026\datasets\dataset_2_abnormal_binary_clean_v3\train\images\nozzle_tip_wrapped_0395.jpg,20260822
train,D:\ruanjianxiazai\pycharm2026\datasets\dataset_2_abnormal_binary_clean_v3\train\images\nozzle_no_extrusion_0080.jpg,20260822
train,D:\ruanjianxiazai\pycharm2026\datasets\dataset_2_abnormal_binary_clean_v3\train\images\nozzle_no_extrusion_0776.jpg,20260822
train,D:\ruanjianxiazai\pycharm2026\datasets\dataset_2_abnormal_binary_clean_v3\train\images\nozzle_no_extrusion_0413.jpg,20260822
train,D:\ruanjianxiazai\pycharm2026\datasets\dataset_2_abnormal_binary_clean_v3\train\images\nozzle_extrusion_normal_0360.jpg,20260822
train,D:\ruanjianxiazai\pycharm2026\datasets\dataset_2_abnormal_binary_clean_v3\train\images\nozzle_extrusion_normal_0586.jpg,20260822
train,D:\ruanjianxiazai\pycharm2026\datasets\dataset_2_abnormal_binary_clean_v3\train\images\nozzle_tip_wrapped_0125.jpg,20260822
train,D:\ruanjianxiazai\pycharm2026\datasets\dataset_2_abnormal_binary_clean_v3\train\images\nozzle_no_extrusion_0880.jpg,20260822
train,D:\ruanjianxiazai\pycharm2026\datasets\dataset_2_abnormal_binary_clean_v3\train\images\nozzle_tip_wrapped_0611.jpg,20260822
train,D:\ruanjianxiazai\pycharm2026\datasets\dataset_2_abnormal_binary_clean_v3\train\images\nozzle_no_extrusion_0389.jpg,20260822
train,D:\ruanjianxiazai\pycharm2026\datasets\dataset_2_abnormal_binary_clean_v3\train\images\nozzle_tip_wrapped_0872.jpg,20260822
train,D:\ruanjianxiazai\pycharm2026\datasets\dataset_2_abnormal_binary_clean_v3\train\images\nozzle_heavy_contamination_0014.jpg,20260822
train,D:\ruanjianxiazai\pycharm2026\datasets\dataset_2_abnormal_binary_clean_v3\train\images\nozzle_extrusion_normal_0018.jpg,20260822
train,D:\ruanjianxiazai\pycharm2026\datasets\dataset_2_abnormal_binary_clean_v3\train\images\nozzle_tip_wrapped_0727.jpg,20260822
train,D:\ruanjianxiazai\pycharm2026\datasets\dataset_2_abnormal_binary_clean_v3\train\images\nozzle_extrusion_normal_1500.jpg,20260822
train,D:\ruanjianxiazai\pycharm2026\datasets\dataset_2_abnormal_binary_clean_v3\train\images\nozzle_extrusion_normal_0966.jpg,20260822
train,D:\ruanjianxiazai\pycharm2026\datasets\dataset_2_abnormal_binary_clean_v3\train\images\nozzle_tip_wrapped_0105.jpg,20260822
train,D:\ruanjianxiazai\pycharm2026\datasets\dataset_2_abnormal_binary_clean_v3\train\images\nozzle_extrusion_normal_0381.jpg,20260822
train,D:\ruanjianxiazai\pycharm2026\datasets\dataset_2_abnormal_binary_clean_v3\train\images\nozzle_no_extrusion_0211.jpg,20260822
train,D:\ruanjianxiazai\pycharm2026\datasets\dataset_2_abnormal_binary_clean_v3\train\images\nozzle_tip_wrapped_1283.jpg,20260822
train,D:\ruanjianxiazai\pycharm2026\datasets\dataset_2_abnormal_binary_clean_v3\train\images\nozzle_extrusion_normal_1014.jpg,20260822
train,D:\ruanjianxiazai\pycharm2026\datasets\dataset_2_abnormal_binary_clean_v3\train\images\nozzle_extrusion_normal_0823.jpg,20260822
train,D:\ruanjianxiazai\pycharm2026\datasets\dataset_2_abnormal_binary_clean_v3\train\images\nozzle_extrusion_normal_1185.jpg,20260822
train,D:\ruanjianxiazai\pycharm2026\datasets\dataset_2_abnormal_binary_clean_v3\train\images\nozzle_no_extrusion_0114.jpg,20260822
train,D:\ruanjianxiazai\pycharm2026\datasets\dataset_2_abnormal_binary_clean_v3\train\images\nozzle_extrusion_normal_1087.jpg,20260822
train,D:\ruanjianxiazai\pycharm2026\datasets\dataset_2_abnormal_binary_clean_v3\train\images\nozzle_no_extrusion_0025.jpg,20260822
train,D:\ruanjianxiazai\pycharm2026\datasets\dataset_2_abnormal_binary_clean_v3\train\images\nozzle_tip_wrapped_1306.jpg,20260822
train,D:\ruanjianxiazai\pycharm2026\datasets\dataset_2_abnormal_binary_clean_v3\train\images\nozzle_extrusion_normal_0495.jpg,20260822
train,D:\ruanjianxiazai\pycharm2026\datasets\dataset_2_abnormal_binary_clean_v3\train\images\nozzle_no_extrusion_0859.jpg,20260822
train,D:\ruanjianxiazai\pycharm2026\datasets\dataset_2_abnormal_binary_clean_v3\train\images\nozzle_extrusion_normal_1215.jpg,20260822
train,D:\ruanjianxiazai\pycharm2026\datasets\dataset_2_abnormal_binary_clean_v3\train\images\nozzle_no_extrusion_0871.jpg,20260822
train,D:\ruanjianxiazai\pycharm2026\datasets\dataset_2_abnormal_binary_clean_v3\train\images\nozzle_tip_wrapped_0481.jpg,20260822
train,D:\ruanjianxiazai\pycharm2026\datasets\dataset_2_abnormal_binary_clean_v3\train\images\nozzle_extrusion_normal_1202.jpg,20260822
train,D:\ruanjianxiazai\pycharm2026\datasets\dataset_2_abnormal_binary_clean_v3\train\images\nozzle_no_extrusion_0103.jpg,20260822
train,D:\ruanjianxiazai\pycharm2026\datasets\dataset_2_abnormal_binary_clean_v3\train\images\nozzle_tip_wrapped_0897.jpg,20260822
train,D:\ruanjianxiazai\pycharm2026\datasets\dataset_2_abnormal_binary_clean_v3\train\images\nozzle_tip_wrapped_1274.jpg,20260822
train,D:\ruanjianxiazai\pycharm2026\datasets\dataset_2_abnormal_binary_clean_v3\train\images\nozzle_no_extrusion_0619.jpg,20260822
train,D:\ruanjianxiazai\pycharm2026\datasets\dataset_2_abnormal_binary_clean_v3\train\images\nozzle_tip_wrapped_1264.jpg,20260822
train,D:\ruanjianxiazai\pycharm2026\datasets\dataset_2_abnormal_binary_clean_v3\train\images\nozzle_no_extrusion_0405.jpg,20260822
train,D:\ruanjianxiazai\pycharm2026\datasets\dataset_2_abnormal_binary_clean_v3\train\images\nozzle_extrusion_normal_1351.jpg,20260822
train,D:\ruanjianxiazai\pycharm2026\datasets\dataset_2_abnormal_binary_clean_v3\train\images\nozzle_tip_wrapped_1001.jpg,20260822
train,D:\ruanjianxiazai\pycharm2026\datasets\dataset_2_abnormal_binary_clean_v3\train\images\nozzle_no_extrusion_0067.jpg,20260822
train,D:\ruanjianxiazai\pycharm2026\datasets\dataset_2_abnormal_binary_clean_v3\train\images\nozzle_tip_wrapped_0262.jpg,20260822
train,D:\ruanjianxiazai\pycharm2026\datasets\dataset_2_abnormal_binary_clean_v3\train\images\nozzle_extrusion_normal_0970.jpg,20260822
train,D:\ruanjianxiazai\pycharm2026\datasets\dataset_2_abnormal_binary_clean_v3\train\images\nozzle_tip_wrapped_1043.jpg,20260822
train,D:\ruanjianxiazai\pycharm2026\datasets\dataset_2_abnormal_binary_clean_v3\train\images\nozzle_no_extrusion_0546.jpg,20260822
train,D:\ruanjianxiazai\pycharm2026\datasets\dataset_2_abnormal_binary_clean_v3\train\images\nozzle_tip_wrapped_0513.jpg,20260822
train,D:\ruanjianxiazai\pycharm2026\datasets\dataset_2_abnormal_binary_clean_v3\train\images\nozzle_tip_wrapped_1291.jpg,20260822
train,D:\ruanjianxiazai\pycharm2026\datasets\dataset_2_abnormal_binary_clean_v3\train\images\nozzle_extrusion_normal_0118.jpg,20260822
train,D:\ruanjianxiazai\pycharm2026\datasets\dataset_2_abnormal_binary_clean_v3\train\images\nozzle_extrusion_normal_0805.jpg,20260822
train,D:\ruanjianxiazai\pycharm2026\datasets\dataset_2_abnormal_binary_clean_v3\train\images\nozzle_tip_wrapped_0690.jpg,20260822
train,D:\ruanjianxiazai\pycharm2026\datasets\dataset_2_abnormal_binary_clean_v3\train\images\nozzle_extrusion_normal_0965.jpg,20260822
train,D:\ruanjianxiazai\pycharm2026\datasets\dataset_2_abnormal_binary_clean_v3\train\images\nozzle_extrusion_normal_0242.jpg,20260822
train,D:\ruanjianxiazai\pycharm2026\datasets\dataset_2_abnormal_binary_clean_v3\train\images\nozzle_no_extrusion_0127.jpg,20260822
train,D:\ruanjianxiazai\pycharm2026\datasets\dataset_2_abnormal_binary_clean_v3\train\images\nozzle_extrusion_normal_1009.jpg,20260822
train,D:\ruanjianxiazai\pycharm2026\datasets\dataset_2_abnormal_binary_clean_v3\train\images\nozzle_tip_wrapped_1246.jpg,20260822
train,D:\ruanjianxiazai\pycharm2026\datasets\dataset_2_abnormal_binary_clean_v3\train\images\nozzle_no_extrusion_0230.jpg,20260822
train,D:\ruanjianxiazai\pycharm2026\datasets\dataset_2_abnormal_binary_clean_v3\train\images\nozzle_tip_wrapped_0901.jpg,20260822
train,D:\ruanjianxiazai\pycharm2026\datasets\dataset_2_abnormal_binary_clean_v3\train\images\nozzle_extrusion_normal_1354.jpg,20260822
train,D:\ruanjianxiazai\pycharm2026\datasets\dataset_2_abnormal_binary_clean_v3\train\images\nozzle_extrusion_normal_0200.jpg,20260822
train,D:\ruanjianxiazai\pycharm2026\datasets\dataset_2_abnormal_binary_clean_v3\train\images\nozzle_extrusion_normal_1112.jpg,20260822
train,D:\ruanjianxiazai\pycharm2026\datasets\dataset_2_abnormal_binary_clean_v3\train\images\nozzle_no_extrusion_0446.jpg,20260822
train,D:\ruanjianxiazai\pycharm2026\datasets\dataset_2_abnormal_binary_clean_v3\train\images\nozzle_extrusion_normal_0832.jpg,20260822
train,D:\ruanjianxiazai\pycharm2026\datasets\dataset_2_abnormal_binary_clean_v3\train\images\nozzle_extrusion_normal_1502.jpg,20260822
train,D:\ruanjianxiazai\pycharm2026\datasets\dataset_2_abnormal_binary_clean_v3\train\images\nozzle_extrusion_normal_1167.jpg,20260822
train,D:\ruanjianxiazai\pycharm2026\datasets\dataset_2_abnormal_binary_clean_v3\train\images\nozzle_tip_wrapped_1303.jpg,20260822
train,D:\ruanjianxiazai\pycharm2026\datasets\dataset_2_abnormal_binary_clean_v3\train\images\nozzle_tip_wrapped_0431.jpg,20260822
train,D:\ruanjianxiazai\pycharm2026\datasets\dataset_2_abnormal_binary_clean_v3\train\images\nozzle_extrusion_normal_1390.jpg,20260822
train,D:\ruanjianxiazai\pycharm2026\datasets\dataset_2_abnormal_binary_clean_v3\train\images\nozzle_extrusion_normal_0945.jpg,20260822
train,D:\ruanjianxiazai\pycharm2026\datasets\dataset_2_abnormal_binary_clean_v3\train\images\nozzle_tip_wrapped_0286.jpg,20260822
train,D:\ruanjianxiazai\pycharm2026\datasets\dataset_2_abnormal_binary_clean_v3\train\images\nozzle_tip_wrapped_0949.jpg,20260822
train,D:\ruanjianxiazai\pycharm2026\datasets\dataset_2_abnormal_binary_clean_v3\train\images\nozzle_tip_wrapped_0104.jpg,20260822
train,D:\ruanjianxiazai\pycharm2026\datasets\dataset_2_abnormal_binary_clean_v3\train\images\nozzle_extrusion_normal_0833.jpg,20260822
train,D:\ruanjianxiazai\pycharm2026\datasets\dataset_2_abnormal_binary_clean_v3\train\images\nozzle_no_extrusion_0579.jpg,20260822
train,D:\ruanjianxiazai\pycharm2026\datasets\dataset_2_abnormal_binary_clean_v3\train\images\nozzle_tip_wrapped_0691.jpg,20260822
train,D:\ruanjianxiazai\pycharm2026\datasets\dataset_2_abnormal_binary_clean_v3\train\images\nozzle_tip_wrapped_0167.jpg,20260822
train,D:\ruanjianxiazai\pycharm2026\datasets\dataset_2_abnormal_binary_clean_v3\train\images\nozzle_no_extrusion_0266.jpg,20260822
train,D:\ruanjianxiazai\pycharm2026\datasets\dataset_2_abnormal_binary_clean_v3\train\images\nozzle_extrusion_normal_0816.jpg,20260822
train,D:\ruanjianxiazai\pycharm2026\datasets\dataset_2_abnormal_binary_clean_v3\train\images\nozzle_extrusion_normal_0128.jpg,20260822
train,D:\ruanjianxiazai\pycharm2026\datasets\dataset_2_abnormal_binary_clean_v3\train\images\nozzle_no_extrusion_0280.jpg,20260822
train,D:\ruanjianxiazai\pycharm2026\datasets\dataset_2_abnormal_binary_clean_v3\train\images\nozzle_extrusion_normal_0784.jpg,20260822
train,D:\ruanjianxiazai\pycharm2026\datasets\dataset_2_abnormal_binary_clean_v3\train\images\nozzle_no_extrusion_0842.jpg,20260822
train,D:\ruanjianxiazai\pycharm2026\datasets\dataset_2_abnormal_binary_clean_v3\train\images\nozzle_tip_wrapped_1105.jpg,20260822
train,D:\ruanjianxiazai\pycharm2026\datasets\dataset_2_abnormal_binary_clean_v3\train\images\nozzle_tip_wrapped_0467.jpg,20260822
train,D:\ruanjianxiazai\pycharm2026\datasets\dataset_2_abnormal_binary_clean_v3\train\images\nozzle_extrusion_normal_0767.jpg,20260822
train,D:\ruanjianxiazai\pycharm2026\datasets\dataset_2_abnormal_binary_clean_v3\train\images\nozzle_tip_wrapped_0327.jpg,20260822
train,D:\ruanjianxiazai\pycharm2026\datasets\dataset_2_abnormal_binary_clean_v3\train\images\nozzle_no_extrusion_0423.jpg,20260822
train,D:\ruanjianxiazai\pycharm2026\datasets\dataset_2_abnormal_binary_clean_v3\train\images\nozzle_extrusion_normal_0246.jpg,20260822
train,D:\ruanjianxiazai\pycharm2026\datasets\dataset_2_abnormal_binary_clean_v3\train\images\nozzle_no_extrusion_0531.jpg,20260822
train,D:\ruanjianxiazai\pycharm2026\datasets\dataset_2_abnormal_binary_clean_v3\train\images\nozzle_tip_wrapped_0483.jpg,20260822
train,D:\ruanjianxiazai\pycharm2026\datasets\dataset_2_abnormal_binary_clean_v3\train\images\nozzle_no_extrusion_0296.jpg,20260822
train,D:\ruanjianxiazai\pycharm2026\datasets\dataset_2_abnormal_binary_clean_v3\train\images\nozzle_tip_wrapped_0878.jpg,20260822
train,D:\ruanjianxiazai\pycharm2026\datasets\dataset_2_abnormal_binary_clean_v3\train\images\nozzle_extrusion_normal_1114.jpg,20260822
train,D:\ruanjianxiazai\pycharm2026\datasets\dataset_2_abnormal_binary_clean_v3\train\images\nozzle_extrusion_normal_0264.jpg,20260822
train,D:\ruanjianxiazai\pycharm2026\datasets\dataset_2_abnormal_binary_clean_v3\train\images\nozzle_no_extrusion_0509.jpg,20260822
train,D:\ruanjianxiazai\pycharm2026\datasets\dataset_2_abnormal_binary_clean_v3\train\images\nozzle_tip_wrapped_0651.jpg,20260822
train,D:\ruanjianxiazai\pycharm2026\datasets\dataset_2_abnormal_binary_clean_v3\train\images\nozzle_no_extrusion_0729.jpg,20260822
train,D:\ruanjianxiazai\pycharm2026\datasets\dataset_2_abnormal_binary_clean_v3\train\images\nozzle_extrusion_normal_0462.jpg,20260822
train,D:\ruanjianxiazai\pycharm2026\datasets\dataset_2_abnormal_binary_clean_v3\train\images\nozzle_extrusion_normal_1092.jpg,20260822
train,D:\ruanjianxiazai\pycharm2026\datasets\dataset_2_abnormal_binary_clean_v3\train\images\nozzle_tip_wrapped_1093.jpg,20260822
train,D:\ruanjianxiazai\pycharm2026\datasets\dataset_2_abnormal_binary_clean_v3\train\images\nozzle_extrusion_normal_0714.jpg,20260822
train,D:\ruanjianxiazai\pycharm2026\datasets\dataset_2_abnormal_binary_clean_v3\train\images\nozzle_extrusion_normal_0595.jpg,20260822
train,D:\ruanjianxiazai\pycharm2026\datasets\dataset_2_abnormal_binary_clean_v3\train\images\nozzle_tip_wrapped_0466.jpg,20260822
train,D:\ruanjianxiazai\pycharm2026\datasets\dataset_2_abnormal_binary_clean_v3\train\images\nozzle_extrusion_normal_0935.jpg,20260822
train,D:\ruanjianxiazai\pycharm2026\datasets\dataset_2_abnormal_binary_clean_v3\train\images\nozzle_extrusion_normal_1190.jpg,20260822
train,D:\ruanjianxiazai\pycharm2026\datasets\dataset_2_abnormal_binary_clean_v3\train\images\nozzle_extrusion_normal_0060.jpg,20260822
train,D:\ruanjianxiazai\pycharm2026\datasets\dataset_2_abnormal_binary_clean_v3\train\images\nozzle_extrusion_normal_0698.jpg,20260822
train,D:\ruanjianxiazai\pycharm2026\datasets\dataset_2_abnormal_binary_clean_v3\train\images\nozzle_tip_wrapped_0093.jpg,20260822
train,D:\ruanjianxiazai\pycharm2026\datasets\dataset_2_abnormal_binary_clean_v3\train\images\nozzle_extrusion_normal_0507.jpg,20260822
train,D:\ruanjianxiazai\pycharm2026\datasets\dataset_2_abnormal_binary_clean_v3\train\images\nozzle_extrusion_normal_1159.jpg,20260822
train,D:\ruanjianxiazai\pycharm2026\datasets\dataset_2_abnormal_binary_clean_v3\train\images\nozzle_tip_wrapped_0452.jpg,20260822
train,D:\ruanjianxiazai\pycharm2026\datasets\dataset_2_abnormal_binary_clean_v3\train\images\nozzle_tip_wrapped_0973.jpg,20260822
train,D:\ruanjianxiazai\pycharm2026\datasets\dataset_2_abnormal_binary_clean_v3\train\images\nozzle_tip_wrapped_0436.jpg,20260822
train,D:\ruanjianxiazai\pycharm2026\datasets\dataset_2_abnormal_binary_clean_v3\train\images\nozzle_extrusion_normal_0052.jpg,20260822
train,D:\ruanjianxiazai\pycharm2026\datasets\dataset_2_abnormal_binary_clean_v3\train\images\nozzle_extrusion_normal_0409.jpg,20260822
train,D:\ruanjianxiazai\pycharm2026\datasets\dataset_2_abnormal_binary_clean_v3\train\images\nozzle_tip_wrapped_0986.jpg,20260822
train,D:\ruanjianxiazai\pycharm2026\datasets\dataset_2_abnormal_binary_clean_v3\train\images\nozzle_no_extrusion_0185.jpg,20260822
train,D:\ruanjianxiazai\pycharm2026\datasets\dataset_2_abnormal_binary_clean_v3\train\images\nozzle_no_extrusion_0036.jpg,20260822
train,D:\ruanjianxiazai\pycharm2026\datasets\dataset_2_abnormal_binary_clean_v3\train\images\nozzle_extrusion_normal_0092.jpg,20260822
train,D:\ruanjianxiazai\pycharm2026\datasets\dataset_2_abnormal_binary_clean_v3\train\images\nozzle_no_extrusion_0324.jpg,20260822
train,D:\ruanjianxiazai\pycharm2026\datasets\dataset_2_abnormal_binary_clean_v3\train\images\nozzle_tip_wrapped_0673.jpg,20260822
train,D:\ruanjianxiazai\pycharm2026\datasets\dataset_2_abnormal_binary_clean_v3\train\images\nozzle_extrusion_normal_0034.jpg,20260822
train,D:\ruanjianxiazai\pycharm2026\datasets\dataset_2_abnormal_binary_clean_v3\train\images\nozzle_tip_wrapped_0652.jpg,20260822
train,D:\ruanjianxiazai\pycharm2026\datasets\dataset_2_abnormal_binary_clean_v3\train\images\nozzle_extrusion_normal_1168.jpg,20260822
train,D:\ruanjianxiazai\pycharm2026\datasets\dataset_2_abnormal_binary_clean_v3\train\images\nozzle_no_extrusion_0152.jpg,20260822
train,D:\ruanjianxiazai\pycharm2026\datasets\dataset_2_abnormal_binary_clean_v3\train\images\nozzle_tip_wrapped_1169.jpg,20260822
train,D:\ruanjianxiazai\pycharm2026\datasets\dataset_2_abnormal_binary_clean_v3\train\images\nozzle_extrusion_normal_0193.jpg,20260822
train,D:\ruanjianxiazai\pycharm2026\datasets\dataset_2_abnormal_binary_clean_v3\train\images\nozzle_extrusion_normal_0678.jpg,20260822
train,D:\ruanjianxiazai\pycharm2026\datasets\dataset_2_abnormal_binary_clean_v3\train\images\nozzle_no_extrusion_0758.jpg,20260822
train,D:\ruanjianxiazai\pycharm2026\datasets\dataset_2_abnormal_binary_clean_v3\train\images\nozzle_tip_wrapped_0905.jpg,20260822
train,D:\ruanjianxiazai\pycharm2026\datasets\dataset_2_abnormal_binary_clean_v3\train\images\nozzle_no_extrusion_0098.jpg,20260822
train,D:\ruanjianxiazai\pycharm2026\datasets\dataset_2_abnormal_binary_clean_v3\train\images\nozzle_extrusion_normal_1184.jpg,20260822
train,D:\ruanjianxiazai\pycharm2026\datasets\dataset_2_abnormal_binary_clean_v3\train\images\nozzle_tip_wrapped_1189.jpg,20260822
train,D:\ruanjianxiazai\pycharm2026\datasets\dataset_2_abnormal_binary_clean_v3\train\images\nozzle_no_extrusion_0252.jpg,20260822
train,D:\ruanjianxiazai\pycharm2026\datasets\dataset_2_abnormal_binary_clean_v3\train\images\nozzle_tip_wrapped_0954.jpg,20260822
train,D:\ruanjianxiazai\pycharm2026\datasets\dataset_2_abnormal_binary_clean_v3\train\images\nozzle_extrusion_normal_1157.jpg,20260822
train,D:\ruanjianxiazai\pycharm2026\datasets\dataset_2_abnormal_binary_clean_v3\train\images\nozzle_tip_wrapped_0848.jpg,20260822
train,D:\ruanjianxiazai\pycharm2026\datasets\dataset_2_abnormal_binary_clean_v3\train\images\nozzle_no_extrusion_0914.jpg,20260822
train,D:\ruanjianxiazai\pycharm2026\datasets\dataset_2_abnormal_binary_clean_v3\train\images\nozzle_tip_wrapped_1027.jpg,20260822
train,D:\ruanjianxiazai\pycharm2026\datasets\dataset_2_abnormal_binary_clean_v3\train\images\nozzle_no_extrusion_0614.jpg,20260822
train,D:\ruanjianxiazai\pycharm2026\datasets\dataset_2_abnormal_binary_clean_v3\train\images\nozzle_tip_wrapped_0439.jpg,20260822
train,D:\ruanjianxiazai\pycharm2026\datasets\dataset_2_abnormal_binary_clean_v3\train\images\nozzle_no_extrusion_0099.jpg,20260822
train,D:\ruanjianxiazai\pycharm2026\datasets\dataset_2_abnormal_binary_clean_v3\train\images\nozzle_tip_wrapped_0675.jpg,20260822
train,D:\ruanjianxiazai\pycharm2026\datasets\dataset_2_abnormal_binary_clean_v3\train\images\nozzle_tip_wrapped_0412.jpg,20260822
train,D:\ruanjianxiazai\pycharm2026\datasets\dataset_2_abnormal_binary_clean_v3\train\images\nozzle_tip_wrapped_0789.jpg,20260822
train,D:\ruanjianxiazai\pycharm2026\datasets\dataset_2_abnormal_binary_clean_v3\train\images\nozzle_extrusion_normal_0328.jpg,20260822
train,D:\ruanjianxiazai\pycharm2026\datasets\dataset_2_abnormal_binary_clean_v3\train\images\nozzle_extrusion_normal_1099.jpg,20260822
train,D:\ruanjianxiazai\pycharm2026\datasets\dataset_2_abnormal_binary_clean_v3\train\images\nozzle_extrusion_normal_0146.jpg,20260822
train,D:\ruanjianxiazai\pycharm2026\datasets\dataset_2_abnormal_binary_clean_v3\train\images\nozzle_tip_wrapped_0597.jpg,20260822
train,D:\ruanjianxiazai\pycharm2026\datasets\dataset_2_abnormal_binary_clean_v3\train\images\nozzle_extrusion_normal_0391.jpg,20260822
train,D:\ruanjianxiazai\pycharm2026\datasets\dataset_2_abnormal_binary_clean_v3\train\images\nozzle_extrusion_normal_1510.jpg,20260822
train,D:\ruanjianxiazai\pycharm2026\datasets\dataset_2_abnormal_binary_clean_v3\train\images\nozzle_tip_wrapped_0644.jpg,20260822
train,D:\ruanjianxiazai\pycharm2026\datasets\dataset_2_abnormal_binary_clean_v3\train\images\nozzle_extrusion_normal_1207.jpg,20260822
train,D:\ruanjianxiazai\pycharm2026\datasets\dataset_2_abnormal_binary_clean_v3\train\images\nozzle_no_extrusion_0190.jpg,20260822
train,D:\ruanjianxiazai\pycharm2026\datasets\dataset_2_abnormal_binary_clean_v3\train\images\nozzle_tip_wrapped_0551.jpg,20260822
train,D:\ruanjianxiazai\pycharm2026\datasets\dataset_2_abnormal_binary_clean_v3\train\images\nozzle_extrusion_normal_0749.jpg,20260822
train,D:\ruanjianxiazai\pycharm2026\datasets\dataset_2_abnormal_binary_clean_v3\train\images\nozzle_tip_wrapped_0642.jpg,20260822
train,D:\ruanjianxiazai\pycharm2026\datasets\dataset_2_abnormal_binary_clean_v3\train\images\nozzle_no_extrusion_0693.jpg,20260822
train,D:\ruanjianxiazai\pycharm2026\datasets\dataset_2_abnormal_binary_clean_v3\train\images\nozzle_no_extrusion_0687.jpg,20260822
train,D:\ruanjianxiazai\pycharm2026\datasets\dataset_2_abnormal_binary_clean_v3\train\images\nozzle_tip_wrapped_0058.jpg,20260822
train,D:\ruanjianxiazai\pycharm2026\datasets\dataset_2_abnormal_binary_clean_v3\train\images\nozzle_tip_wrapped_0039.jpg,20260822
train,D:\ruanjianxiazai\pycharm2026\datasets\dataset_2_abnormal_binary_clean_v3\train\images\nozzle_extrusion_normal_0219.jpg,20260822
train,D:\ruanjianxiazai\pycharm2026\datasets\dataset_2_abnormal_binary_clean_v3\train\images\nozzle_extrusion_normal_0745.jpg,20260822
train,D:\ruanjianxiazai\pycharm2026\datasets\dataset_2_abnormal_binary_clean_v3\train\images\nozzle_tip_wrapped_0685.jpg,20260822
train,D:\ruanjianxiazai\pycharm2026\datasets\dataset_2_abnormal_binary_clean_v3\train\images\nozzle_tip_wrapped_0079.jpg,20260822
train,D:\ruanjianxiazai\pycharm2026\datasets\dataset_2_abnormal_binary_clean_v3\train\images\nozzle_no_extrusion_0867.jpg,20260822
train,D:\ruanjianxiazai\pycharm2026\datasets\dataset_2_abnormal_binary_clean_v3\train\images\nozzle_tip_wrapped_0418.jpg,20260822
train,D:\ruanjianxiazai\pycharm2026\datasets\dataset_2_abnormal_binary_clean_v3\train\images\nozzle_tip_wrapped_0305.jpg,20260822
train,D:\ruanjianxiazai\pycharm2026\datasets\dataset_2_abnormal_binary_clean_v3\train\images\nozzle_tip_wrapped_1076.jpg,20260822
train,D:\ruanjianxiazai\pycharm2026\datasets\dataset_2_abnormal_binary_clean_v3\train\images\nozzle_no_extrusion_0887.jpg,20260822
train,D:\ruanjianxiazai\pycharm2026\datasets\dataset_2_abnormal_binary_clean_v3\train\images\nozzle_tip_wrapped_0997.jpg,20260822
train,D:\ruanjianxiazai\pycharm2026\datasets\dataset_2_abnormal_binary_clean_v3\train\images\nozzle_no_extrusion_0151.jpg,20260822
train,D:\ruanjianxiazai\pycharm2026\datasets\dataset_2_abnormal_binary_clean_v3\train\images\nozzle_tip_wrapped_1118.jpg,20260822
train,D:\ruanjianxiazai\pycharm2026\datasets\dataset_2_abnormal_binary_clean_v3\train\images\nozzle_extrusion_normal_0295.jpg,20260822
train,D:\ruanjianxiazai\pycharm2026\datasets\dataset_2_abnormal_binary_clean_v3\train\images\nozzle_tip_wrapped_0695.jpg,20260822
train,D:\ruanjianxiazai\pycharm2026\datasets\dataset_2_abnormal_binary_clean_v3\train\images\nozzle_extrusion_normal_1216.jpg,20260822
train,D:\ruanjianxiazai\pycharm2026\datasets\dataset_2_abnormal_binary_clean_v3\train\images\nozzle_tip_wrapped_1106.jpg,20260822
train,D:\ruanjianxiazai\pycharm2026\datasets\dataset_2_abnormal_binary_clean_v3\train\images\nozzle_tip_wrapped_0694.jpg,20260822
train,D:\ruanjianxiazai\pycharm2026\datasets\dataset_2_abnormal_binary_clean_v3\train\images\nozzle_tip_wrapped_0706.jpg,20260822
train,D:\ruanjianxiazai\pycharm2026\datasets\dataset_2_abnormal_binary_clean_v3\train\images\nozzle_tip_wrapped_0459.jpg,20260822
train,D:\ruanjianxiazai\pycharm2026\datasets\dataset_2_abnormal_binary_clean_v3\train\images\nozzle_extrusion_normal_0231.jpg,20260822
train,D:\ruanjianxiazai\pycharm2026\datasets\dataset_2_abnormal_binary_clean_v3\train\images\nozzle_extrusion_normal_1337.jpg,20260822
train,D:\ruanjianxiazai\pycharm2026\datasets\dataset_2_abnormal_binary_clean_v3\train\images\nozzle_tip_wrapped_0132.jpg,20260822
train,D:\ruanjianxiazai\pycharm2026\datasets\dataset_2_abnormal_binary_clean_v3\train\images\nozzle_tip_wrapped_1300.jpg,20260822
train,D:\ruanjianxiazai\pycharm2026\datasets\dataset_2_abnormal_binary_clean_v3\train\images\nozzle_tip_wrapped_0330.jpg,20260822
train,D:\ruanjianxiazai\pycharm2026\datasets\dataset_2_abnormal_binary_clean_v3\train\images\nozzle_extrusion_normal_1237.jpg,20260822
train,D:\ruanjianxiazai\pycharm2026\datasets\dataset_2_abnormal_binary_clean_v3\train\images\nozzle_tip_wrapped_1089.jpg,20260822
train,D:\ruanjianxiazai\pycharm2026\datasets\dataset_2_abnormal_binary_clean_v3\train\images\nozzle_tip_wrapped_0350.jpg,20260822
train,D:\ruanjianxiazai\pycharm2026\datasets\dataset_2_abnormal_binary_clean_v3\train\images\nozzle_extrusion_normal_0199.jpg,20260822
train,D:\ruanjianxiazai\pycharm2026\datasets\dataset_2_abnormal_binary_clean_v3\train\images\nozzle_no_extrusion_0576.jpg,20260822
train,D:\ruanjianxiazai\pycharm2026\datasets\dataset_2_abnormal_binary_clean_v3\train\images\nozzle_no_extrusion_0846.jpg,20260822
train,D:\ruanjianxiazai\pycharm2026\datasets\dataset_2_abnormal_binary_clean_v3\train\images\nozzle_extrusion_normal_0584.jpg,20260822
train,D:\ruanjianxiazai\pycharm2026\datasets\dataset_2_abnormal_binary_clean_v3\train\images\nozzle_extrusion_normal_0132.jpg,20260822
train,D:\ruanjianxiazai\pycharm2026\datasets\dataset_2_abnormal_binary_clean_v3\train\images\nozzle_extrusion_normal_0355.jpg,20260822
train,D:\ruanjianxiazai\pycharm2026\datasets\dataset_2_abnormal_binary_clean_v3\train\images\nozzle_no_extrusion_0001.jpg,20260822
train,D:\ruanjianxiazai\pycharm2026\datasets\dataset_2_abnormal_binary_clean_v3\train\images\nozzle_extrusion_normal_0817.jpg,20260822
train,D:\ruanjianxiazai\pycharm2026\datasets\dataset_2_abnormal_binary_clean_v3\train\images\nozzle_extrusion_normal_1041.jpg,20260822
train,D:\ruanjianxiazai\pycharm2026\datasets\dataset_2_abnormal_binary_clean_v3\train\images\nozzle_tip_wrapped_0145.jpg,20260822
train,D:\ruanjianxiazai\pycharm2026\datasets\dataset_2_abnormal_binary_clean_v3\train\images\nozzle_tip_wrapped_0184.jpg,20260822
train,D:\ruanjianxiazai\pycharm2026\datasets\dataset_2_abnormal_binary_clean_v3\train\images\nozzle_no_extrusion_0525.jpg,20260822
train,D:\ruanjianxiazai\pycharm2026\datasets\dataset_2_abnormal_binary_clean_v3\train\images\nozzle_extrusion_normal_1193.jpg,20260822
train,D:\ruanjianxiazai\pycharm2026\datasets\dataset_2_abnormal_binary_clean_v3\train\images\nozzle_tip_wrapped_0273.jpg,20260822
train,D:\ruanjianxiazai\pycharm2026\datasets\dataset_2_abnormal_binary_clean_v3\train\images\nozzle_extrusion_normal_1338.jpg,20260822
train,D:\ruanjianxiazai\pycharm2026\datasets\dataset_2_abnormal_binary_clean_v3\train\images\nozzle_tip_wrapped_1214.jpg,20260822
train,D:\ruanjianxiazai\pycharm2026\datasets\dataset_2_abnormal_binary_clean_v3\train\images\nozzle_extrusion_normal_1229.jpg,20260822
train,D:\ruanjianxiazai\pycharm2026\datasets\dataset_2_abnormal_binary_clean_v3\train\images\nozzle_extrusion_normal_0942.jpg,20260822
train,D:\ruanjianxiazai\pycharm2026\datasets\dataset_2_abnormal_binary_clean_v3\train\images\nozzle_tip_wrapped_1107.jpg,20260822
train,D:\ruanjianxiazai\pycharm2026\datasets\dataset_2_abnormal_binary_clean_v3\train\images\nozzle_extrusion_normal_1161.jpg,20260822
train,D:\ruanjianxiazai\pycharm2026\datasets\dataset_2_abnormal_binary_clean_v3\train\images\nozzle_no_extrusion_0791.jpg,20260822
train,D:\ruanjianxiazai\pycharm2026\datasets\dataset_2_abnormal_binary_clean_v3\train\images\nozzle_tip_wrapped_0557.jpg,20260822
train,D:\ruanjianxiazai\pycharm2026\datasets\dataset_2_abnormal_binary_clean_v3\train\images\nozzle_tip_wrapped_0847.jpg,20260822
train,D:\ruanjianxiazai\pycharm2026\datasets\dataset_2_abnormal_binary_clean_v3\train\images\nozzle_no_extrusion_0409.jpg,20260822
train,D:\ruanjianxiazai\pycharm2026\datasets\dataset_2_abnormal_binary_clean_v3\train\images\nozzle_no_extrusion_0108.jpg,20260822
train,D:\ruanjianxiazai\pycharm2026\datasets\dataset_2_abnormal_binary_clean_v3\train\images\nozzle_tip_wrapped_0517.jpg,20260822
train,D:\ruanjianxiazai\pycharm2026\datasets\dataset_2_abnormal_binary_clean_v3\train\images\nozzle_tip_wrapped_0787.jpg,20260822
train,D:\ruanjianxiazai\pycharm2026\datasets\dataset_2_abnormal_binary_clean_v3\train\images\nozzle_no_extrusion_0878.jpg,20260822
train,D:\ruanjianxiazai\pycharm2026\datasets\dataset_2_abnormal_binary_clean_v3\train\images\nozzle_tip_wrapped_0233.jpg,20260822
train,D:\ruanjianxiazai\pycharm2026\datasets\dataset_2_abnormal_binary_clean_v3\train\images\nozzle_tip_wrapped_1079.jpg,20260822
train,D:\ruanjianxiazai\pycharm2026\datasets\dataset_2_abnormal_binary_clean_v3\train\images\nozzle_no_extrusion_0192.jpg,20260822
train,D:\ruanjianxiazai\pycharm2026\datasets\dataset_2_abnormal_binary_clean_v3\train\images\nozzle_extrusion_normal_0176.jpg,20260822
train,D:\ruanjianxiazai\pycharm2026\datasets\dataset_2_abnormal_binary_clean_v3\train\images\nozzle_no_extrusion_0011.jpg,20260822
train,D:\ruanjianxiazai\pycharm2026\datasets\dataset_2_abnormal_binary_clean_v3\train\images\nozzle_extrusion_normal_1469.jpg,20260822
train,D:\ruanjianxiazai\pycharm2026\datasets\dataset_2_abnormal_binary_clean_v3\train\images\nozzle_slight_contamination_0005.jpg,20260822
train,D:\ruanjianxiazai\pycharm2026\datasets\dataset_2_abnormal_binary_clean_v3\train\images\nozzle_tip_wrapped_0723.jpg,20260822
train,D:\ruanjianxiazai\pycharm2026\datasets\dataset_2_abnormal_binary_clean_v3\train\images\nozzle_tip_wrapped_1139.jpg,20260822
train,D:\ruanjianxiazai\pycharm2026\datasets\dataset_2_abnormal_binary_clean_v3\train\images\nozzle_extrusion_normal_0809.jpg,20260822
train,D:\ruanjianxiazai\pycharm2026\datasets\dataset_2_abnormal_binary_clean_v3\train\images\nozzle_tip_wrapped_0267.jpg,20260822
train,D:\ruanjianxiazai\pycharm2026\datasets\dataset_2_abnormal_binary_clean_v3\train\images\nozzle_extrusion_normal_0135.jpg,20260822
train,D:\ruanjianxiazai\pycharm2026\datasets\dataset_2_abnormal_binary_clean_v3\train\images\nozzle_extrusion_normal_0273.jpg,20260822
train,D:\ruanjianxiazai\pycharm2026\datasets\dataset_2_abnormal_binary_clean_v3\train\images\nozzle_extrusion_normal_1012.jpg,20260822
train,D:\ruanjianxiazai\pycharm2026\datasets\dataset_2_abnormal_binary_clean_v3\train\images\nozzle_tip_wrapped_0068.jpg,20260822
train,D:\ruanjianxiazai\pycharm2026\datasets\dataset_2_abnormal_binary_clean_v3\train\images\nozzle_extrusion_normal_0725.jpg,20260822
train,D:\ruanjianxiazai\pycharm2026\datasets\dataset_2_abnormal_binary_clean_v3\train\images\nozzle_tip_wrapped_0082.jpg,20260822
train,D:\ruanjianxiazai\pycharm2026\datasets\dataset_2_abnormal_binary_clean_v3\train\images\nozzle_no_extrusion_0797.jpg,20260822
train,D:\ruanjianxiazai\pycharm2026\datasets\dataset_2_abnormal_binary_clean_v3\train\images\nozzle_tip_wrapped_0741.jpg,20260822
train,D:\ruanjianxiazai\pycharm2026\datasets\dataset_2_abnormal_binary_clean_v3\train\images\nozzle_tip_wrapped_0613.jpg,20260822
train,D:\ruanjianxiazai\pycharm2026\datasets\dataset_2_abnormal_binary_clean_v3\train\images\nozzle_no_extrusion_0703.jpg,20260822
train,D:\ruanjianxiazai\pycharm2026\datasets\dataset_2_abnormal_binary_clean_v3\train\images\nozzle_extrusion_normal_1401.jpg,20260822
train,D:\ruanjianxiazai\pycharm2026\datasets\dataset_2_abnormal_binary_clean_v3\train\images\nozzle_extrusion_normal_0742.jpg,20260822
train,D:\ruanjianxiazai\pycharm2026\datasets\dataset_2_abnormal_binary_clean_v3\train\images\nozzle_tip_wrapped_1115.jpg,20260822
train,D:\ruanjianxiazai\pycharm2026\datasets\dataset_2_abnormal_binary_clean_v3\train\images\nozzle_tip_wrapped_1165.jpg,20260822
train,D:\ruanjianxiazai\pycharm2026\datasets\dataset_2_abnormal_binary_clean_v3\train\images\nozzle_extrusion_normal_1377.jpg,20260822
train,D:\ruanjianxiazai\pycharm2026\datasets\dataset_2_abnormal_binary_clean_v3\train\images\nozzle_no_extrusion_0660.jpg,20260822
train,D:\ruanjianxiazai\pycharm2026\datasets\dataset_2_abnormal_binary_clean_v3\train\images\nozzle_no_extrusion_0256.jpg,20260822
train,D:\ruanjianxiazai\pycharm2026\datasets\dataset_2_abnormal_binary_clean_v3\train\images\nozzle_no_extrusion_0221.jpg,20260822
train,D:\ruanjianxiazai\pycharm2026\datasets\dataset_2_abnormal_binary_clean_v3\train\images\nozzle_clean_0006.jpg,20260822
train,D:\ruanjianxiazai\pycharm2026\datasets\dataset_2_abnormal_binary_clean_v3\train\images\nozzle_extrusion_normal_0757.jpg,20260822
train,D:\ruanjianxiazai\pycharm2026\datasets\dataset_2_abnormal_binary_clean_v3\train\images\nozzle_tip_wrapped_0250.jpg,20260822
train,D:\ruanjianxiazai\pycharm2026\datasets\dataset_2_abnormal_binary_clean_v3\train\images\nozzle_extrusion_normal_1020.jpg,20260822
train,D:\ruanjianxiazai\pycharm2026\datasets\dataset_2_abnormal_binary_clean_v3\train\images\nozzle_extrusion_normal_1443.jpg,20260822
train,D:\ruanjianxiazai\pycharm2026\datasets\dataset_2_abnormal_binary_clean_v3\train\images\nozzle_extrusion_normal_1417.jpg,20260822
train,D:\ruanjianxiazai\pycharm2026\datasets\dataset_2_abnormal_binary_clean_v3\train\images\nozzle_extrusion_normal_0445.jpg,20260822
train,D:\ruanjianxiazai\pycharm2026\datasets\dataset_2_abnormal_binary_clean_v3\train\images\nozzle_tip_wrapped_0287.jpg,20260822
train,D:\ruanjianxiazai\pycharm2026\datasets\dataset_2_abnormal_binary_clean_v3\train\images\nozzle_no_extrusion_0055.jpg,20260822
train,D:\ruanjianxiazai\pycharm2026\datasets\dataset_2_abnormal_binary_clean_v3\train\images\nozzle_no_extrusion_0128.jpg,20260822
train,D:\ruanjianxiazai\pycharm2026\datasets\dataset_2_abnormal_binary_clean_v3\train\images\nozzle_extrusion_normal_0883.jpg,20260822
train,D:\ruanjianxiazai\pycharm2026\datasets\dataset_2_abnormal_binary_clean_v3\train\images\nozzle_extrusion_normal_0490.jpg,20260822
train,D:\ruanjianxiazai\pycharm2026\datasets\dataset_2_abnormal_binary_clean_v3\train\images\nozzle_no_extrusion_0308.jpg,20260822
train,D:\ruanjianxiazai\pycharm2026\datasets\dataset_2_abnormal_binary_clean_v3\train\images\nozzle_no_extrusion_0271.jpg,20260822
train,D:\ruanjianxiazai\pycharm2026\datasets\dataset_2_abnormal_binary_clean_v3\train\images\nozzle_extrusion_normal_0863.jpg,20260822
train,D:\ruanjianxiazai\pycharm2026\datasets\dataset_2_abnormal_binary_clean_v3\train\images\nozzle_no_extrusion_0215.jpg,20260822
train,D:\ruanjianxiazai\pycharm2026\datasets\dataset_2_abnormal_binary_clean_v3\train\images\nozzle_extrusion_normal_0437.jpg,20260822
train,D:\ruanjianxiazai\pycharm2026\datasets\dataset_2_abnormal_binary_clean_v3\train\images\nozzle_no_extrusion_0747.jpg,20260822
train,D:\ruanjianxiazai\pycharm2026\datasets\dataset_2_abnormal_binary_clean_v3\train\images\nozzle_tip_wrapped_0266.jpg,20260822
train,D:\ruanjianxiazai\pycharm2026\datasets\dataset_2_abnormal_binary_clean_v3\train\images\nozzle_tip_wrapped_1308.jpg,20260822
train,D:\ruanjianxiazai\pycharm2026\datasets\dataset_2_abnormal_binary_clean_v3\train\images\nozzle_extrusion_normal_0266.jpg,20260822
train,D:\ruanjianxiazai\pycharm2026\datasets\dataset_2_abnormal_binary_clean_v3\train\images\nozzle_tip_wrapped_0631.jpg,20260822
train,D:\ruanjianxiazai\pycharm2026\datasets\dataset_2_abnormal_binary_clean_v3\train\images\nozzle_tip_wrapped_0285.jpg,20260822
train,D:\ruanjianxiazai\pycharm2026\datasets\dataset_2_abnormal_binary_clean_v3\train\images\nozzle_extrusion_normal_0759.jpg,20260822
train,D:\ruanjianxiazai\pycharm2026\datasets\dataset_2_abnormal_binary_clean_v3\train\images\nozzle_no_extrusion_0659.jpg,20260822
train,D:\ruanjianxiazai\pycharm2026\datasets\dataset_2_abnormal_binary_clean_v3\train\images\nozzle_tip_wrapped_0377.jpg,20260822
train,D:\ruanjianxiazai\pycharm2026\datasets\dataset_2_abnormal_binary_clean_v3\train\images\nozzle_extrusion_normal_0811.jpg,20260822
val,D:\ruanjianxiazai\pycharm2026\datasets\dataset_2_abnormal_binary_clean_v3\val\images\nozzle_tip_wrapped_1282.jpg,20260822
val,D:\ruanjianxiazai\pycharm2026\datasets\dataset_2_abnormal_binary_clean_v3\val\images\nozzle_extrusion_normal_0761.jpg,20260822
val,D:\ruanjianxiazai\pycharm2026\datasets\dataset_2_abnormal_binary_clean_v3\val\images\nozzle_tip_wrapped_0542.jpg,20260822
val,D:\ruanjianxiazai\pycharm2026\datasets\dataset_2_abnormal_binary_clean_v3\val\images\nozzle_extrusion_normal_1408.jpg,20260822
val,D:\ruanjianxiazai\pycharm2026\datasets\dataset_2_abnormal_binary_clean_v3\val\images\nozzle_tip_wrapped_0479.jpg,20260822
val,D:\ruanjianxiazai\pycharm2026\datasets\dataset_2_abnormal_binary_clean_v3\val\images\nozzle_tip_wrapped_1042.jpg,20260822
val,D:\ruanjianxiazai\pycharm2026\datasets\dataset_2_abnormal_binary_clean_v3\val\images\nozzle_extrusion_normal_0290.jpg,20260822
val,D:\ruanjianxiazai\pycharm2026\datasets\dataset_2_abnormal_binary_clean_v3\val\images\nozzle_tip_wrapped_0042.jpg,20260822
val,D:\ruanjianxiazai\pycharm2026\datasets\dataset_2_abnormal_binary_clean_v3\val\images\nozzle_extrusion_normal_0727.jpg,20260822
val,D:\ruanjianxiazai\pycharm2026\datasets\dataset_2_abnormal_binary_clean_v3\val\images\nozzle_tip_wrapped_1270.jpg,20260822
val,D:\ruanjianxiazai\pycharm2026\datasets\dataset_2_abnormal_binary_clean_v3\val\images\nozzle_no_extrusion_0834.jpg,20260822
val,D:\ruanjianxiazai\pycharm2026\datasets\dataset_2_abnormal_binary_clean_v3\val\images\nozzle_extrusion_normal_1476.jpg,20260822
val,D:\ruanjianxiazai\pycharm2026\datasets\dataset_2_abnormal_binary_clean_v3\val\images\nozzle_tip_wrapped_0175.jpg,20260822
val,D:\ruanjianxiazai\pycharm2026\datasets\dataset_2_abnormal_binary_clean_v3\val\images\nozzle_tip_wrapped_0087.jpg,20260822
val,D:\ruanjianxiazai\pycharm2026\datasets\dataset_2_abnormal_binary_clean_v3\val\images\nozzle_extrusion_normal_1205.jpg,20260822
val,D:\ruanjianxiazai\pycharm2026\datasets\dataset_2_abnormal_binary_clean_v3\val\images\nozzle_tip_wrapped_1137.jpg,20260822
val,D:\ruanjianxiazai\pycharm2026\datasets\dataset_2_abnormal_binary_clean_v3\val\images\nozzle_no_extrusion_0100.jpg,20260822
val,D:\ruanjianxiazai\pycharm2026\datasets\dataset_2_abnormal_binary_clean_v3\val\images\nozzle_extrusion_normal_1233.jpg,20260822
val,D:\ruanjianxiazai\pycharm2026\datasets\dataset_2_abnormal_binary_clean_v3\val\images\nozzle_tip_wrapped_0507.jpg,20260822
val,D:\ruanjianxiazai\pycharm2026\datasets\dataset_2_abnormal_binary_clean_v3\val\images\nozzle_no_extrusion_0650.jpg,20260822
val,D:\ruanjianxiazai\pycharm2026\datasets\dataset_2_abnormal_binary_clean_v3\val\images\nozzle_tip_wrapped_1037.jpg,20260822
val,D:\ruanjianxiazai\pycharm2026\datasets\dataset_2_abnormal_binary_clean_v3\val\images\nozzle_tip_wrapped_0999.jpg,20260822
val,D:\ruanjianxiazai\pycharm2026\datasets\dataset_2_abnormal_binary_clean_v3\val\images\nozzle_extrusion_normal_0037.jpg,20260822
val,D:\ruanjianxiazai\pycharm2026\datasets\dataset_2_abnormal_binary_clean_v3\val\images\nozzle_tip_wrapped_0632.jpg,20260822
val,D:\ruanjianxiazai\pycharm2026\datasets\dataset_2_abnormal_binary_clean_v3\val\images\nozzle_no_extrusion_0437.jpg,20260822
val,D:\ruanjianxiazai\pycharm2026\datasets\dataset_2_abnormal_binary_clean_v3\val\images\nozzle_extrusion_normal_1107.jpg,20260822
val,D:\ruanjianxiazai\pycharm2026\datasets\dataset_2_abnormal_binary_clean_v3\val\images\nozzle_tip_wrapped_0478.jpg,20260822
val,D:\ruanjianxiazai\pycharm2026\datasets\dataset_2_abnormal_binary_clean_v3\val\images\nozzle_extrusion_normal_1001.jpg,20260822
val,D:\ruanjianxiazai\pycharm2026\datasets\dataset_2_abnormal_binary_clean_v3\val\images\nozzle_tip_wrapped_1193.jpg,20260822
val,D:\ruanjianxiazai\pycharm2026\datasets\dataset_2_abnormal_binary_clean_v3\val\images\nozzle_extrusion_normal_0575.jpg,20260822
val,D:\ruanjianxiazai\pycharm2026\datasets\dataset_2_abnormal_binary_clean_v3\val\images\nozzle_extrusion_normal_0258.jpg,20260822
val,D:\ruanjianxiazai\pycharm2026\datasets\dataset_2_abnormal_binary_clean_v3\val\images\nozzle_no_extrusion_0420.jpg,20260822
val,D:\ruanjianxiazai\pycharm2026\datasets\dataset_2_abnormal_binary_clean_v3\val\images\nozzle_tip_wrapped_0315.jpg,20260822
val,D:\ruanjianxiazai\pycharm2026\datasets\dataset_2_abnormal_binary_clean_v3\val\images\nozzle_extrusion_normal_0561.jpg,20260822
val,D:\ruanjianxiazai\pycharm2026\datasets\dataset_2_abnormal_binary_clean_v3\val\images\nozzle_tip_wrapped_0785.jpg,20260822
val,D:\ruanjianxiazai\pycharm2026\datasets\dataset_2_abnormal_binary_clean_v3\val\images\nozzle_tip_wrapped_0826.jpg,20260822
val,D:\ruanjianxiazai\pycharm2026\datasets\dataset_2_abnormal_binary_clean_v3\val\images\nozzle_extrusion_normal_0344.jpg,20260822
val,D:\ruanjianxiazai\pycharm2026\datasets\dataset_2_abnormal_binary_clean_v3\val\images\nozzle_no_extrusion_0497.jpg,20260822
val,D:\ruanjianxiazai\pycharm2026\datasets\dataset_2_abnormal_binary_clean_v3\val\images\nozzle_extrusion_normal_1309.jpg,20260822
val,D:\ruanjianxiazai\pycharm2026\datasets\dataset_2_abnormal_binary_clean_v3\val\images\nozzle_no_extrusion_0812.jpg,20260822
val,D:\ruanjianxiazai\pycharm2026\datasets\dataset_2_abnormal_binary_clean_v3\val\images\nozzle_tip_wrapped_0185.jpg,20260822
val,D:\ruanjianxiazai\pycharm2026\datasets\dataset_2_abnormal_binary_clean_v3\val\images\nozzle_extrusion_normal_0370.jpg,20260822
val,D:\ruanjianxiazai\pycharm2026\datasets\dataset_2_abnormal_binary_clean_v3\val\images\nozzle_tip_wrapped_0496.jpg,20260822
val,D:\ruanjianxiazai\pycharm2026\datasets\dataset_2_abnormal_binary_clean_v3\val\images\nozzle_extrusion_normal_0406.jpg,20260822
val,D:\ruanjianxiazai\pycharm2026\datasets\dataset_2_abnormal_binary_clean_v3\val\images\nozzle_tip_wrapped_0064.jpg,20260822
val,D:\ruanjianxiazai\pycharm2026\datasets\dataset_2_abnormal_binary_clean_v3\val\images\nozzle_tip_wrapped_0217.jpg,20260822
val,D:\ruanjianxiazai\pycharm2026\datasets\dataset_2_abnormal_binary_clean_v3\val\images\nozzle_extrusion_normal_0766.jpg,20260822
val,D:\ruanjianxiazai\pycharm2026\datasets\dataset_2_abnormal_binary_clean_v3\val\images\nozzle_tip_wrapped_0124.jpg,20260822
val,D:\ruanjianxiazai\pycharm2026\datasets\dataset_2_abnormal_binary_clean_v3\val\images\nozzle_tip_wrapped_0471.jpg,20260822
val,D:\ruanjianxiazai\pycharm2026\datasets\dataset_2_abnormal_binary_clean_v3\val\images\nozzle_heavy_contamination_0018.jpg,20260822
val,D:\ruanjianxiazai\pycharm2026\datasets\dataset_2_abnormal_binary_clean_v3\val\images\nozzle_tip_wrapped_0650.jpg,20260822
val,D:\ruanjianxiazai\pycharm2026\datasets\dataset_2_abnormal_binary_clean_v3\val\images\nozzle_tip_wrapped_0281.jpg,20260822
val,D:\ruanjianxiazai\pycharm2026\datasets\dataset_2_abnormal_binary_clean_v3\val\images\nozzle_tip_wrapped_0715.jpg,20260822
val,D:\ruanjianxiazai\pycharm2026\datasets\dataset_2_abnormal_binary_clean_v3\val\images\nozzle_extrusion_normal_1341.jpg,20260822
val,D:\ruanjianxiazai\pycharm2026\datasets\dataset_2_abnormal_binary_clean_v3\val\images\nozzle_extrusion_normal_1457.jpg,20260822
val,D:\ruanjianxiazai\pycharm2026\datasets\dataset_2_abnormal_binary_clean_v3\val\images\nozzle_extrusion_normal_0333.jpg,20260822
val,D:\ruanjianxiazai\pycharm2026\datasets\dataset_2_abnormal_binary_clean_v3\val\images\nozzle_extrusion_normal_0433.jpg,20260822
val,D:\ruanjianxiazai\pycharm2026\datasets\dataset_2_abnormal_binary_clean_v3\val\images\nozzle_extrusion_normal_0969.jpg,20260822
val,D:\ruanjianxiazai\pycharm2026\datasets\dataset_2_abnormal_binary_clean_v3\val\images\nozzle_extrusion_normal_0399.jpg,20260822
val,D:\ruanjianxiazai\pycharm2026\datasets\dataset_2_abnormal_binary_clean_v3\val\images\nozzle_extrusion_normal_0136.jpg,20260822
val,D:\ruanjianxiazai\pycharm2026\datasets\dataset_2_abnormal_binary_clean_v3\val\images\nozzle_tip_wrapped_1095.jpg,20260822
val,D:\ruanjianxiazai\pycharm2026\datasets\dataset_2_abnormal_binary_clean_v3\val\images\nozzle_tip_wrapped_1038.jpg,20260822
val,D:\ruanjianxiazai\pycharm2026\datasets\dataset_2_abnormal_binary_clean_v3\val\images\nozzle_tip_wrapped_1070.jpg,20260822
val,D:\ruanjianxiazai\pycharm2026\datasets\dataset_2_abnormal_binary_clean_v3\val\images\nozzle_extrusion_normal_0700.jpg,20260822
val,D:\ruanjianxiazai\pycharm2026\datasets\dataset_2_abnormal_binary_clean_v3\val\images\nozzle_tip_wrapped_1290.jpg,20260822
val,D:\ruanjianxiazai\pycharm2026\datasets\dataset_2_abnormal_binary_clean_v3\val\images\nozzle_tip_wrapped_0147.jpg,20260822
val,D:\ruanjianxiazai\pycharm2026\datasets\dataset_2_abnormal_binary_clean_v3\val\images\nozzle_extrusion_normal_0033.jpg,20260822
val,D:\ruanjianxiazai\pycharm2026\datasets\dataset_2_abnormal_binary_clean_v3\val\images\nozzle_extrusion_normal_1301.jpg,20260822
val,D:\ruanjianxiazai\pycharm2026\datasets\dataset_2_abnormal_binary_clean_v3\val\images\nozzle_tip_wrapped_0130.jpg,20260822
val,D:\ruanjianxiazai\pycharm2026\datasets\dataset_2_abnormal_binary_clean_v3\val\images\nozzle_tip_wrapped_0444.jpg,20260822
val,D:\ruanjianxiazai\pycharm2026\datasets\dataset_2_abnormal_binary_clean_v3\val\images\nozzle_tip_wrapped_0994.jpg,20260822
val,D:\ruanjianxiazai\pycharm2026\datasets\dataset_2_abnormal_binary_clean_v3\val\images\nozzle_extrusion_normal_1064.jpg,20260822
val,D:\ruanjianxiazai\pycharm2026\datasets\dataset_2_abnormal_binary_clean_v3\val\images\nozzle_extrusion_normal_1473.jpg,20260822
val,D:\ruanjianxiazai\pycharm2026\datasets\dataset_2_abnormal_binary_clean_v3\val\images\nozzle_tip_wrapped_0935.jpg,20260822
val,D:\ruanjianxiazai\pycharm2026\datasets\dataset_2_abnormal_binary_clean_v3\val\images\nozzle_tip_wrapped_0995.jpg,20260822
val,D:\ruanjianxiazai\pycharm2026\datasets\dataset_2_abnormal_binary_clean_v3\val\images\nozzle_tip_wrapped_0655.jpg,20260822
val,D:\ruanjianxiazai\pycharm2026\datasets\dataset_2_abnormal_binary_clean_v3\val\images\nozzle_extrusion_normal_0288.jpg,20260822
val,D:\ruanjianxiazai\pycharm2026\datasets\dataset_2_abnormal_binary_clean_v3\val\images\nozzle_no_extrusion_0176.jpg,20260822
val,D:\ruanjianxiazai\pycharm2026\datasets\dataset_2_abnormal_binary_clean_v3\val\images\nozzle_tip_wrapped_0316.jpg,20260822
val,D:\ruanjianxiazai\pycharm2026\datasets\dataset_2_abnormal_binary_clean_v3\val\images\nozzle_extrusion_normal_0778.jpg,20260822
val,D:\ruanjianxiazai\pycharm2026\datasets\dataset_2_abnormal_binary_clean_v3\val\images\nozzle_extrusion_normal_0323.jpg,20260822
val,D:\ruanjianxiazai\pycharm2026\datasets\dataset_2_abnormal_binary_clean_v3\val\images\nozzle_tip_wrapped_0769.jpg,20260822
val,D:\ruanjianxiazai\pycharm2026\datasets\dataset_2_abnormal_binary_clean_v3\val\images\nozzle_tip_wrapped_0488.jpg,20260822
val,D:\ruanjianxiazai\pycharm2026\datasets\dataset_2_abnormal_binary_clean_v3\val\images\nozzle_extrusion_normal_1183.jpg,20260822
val,D:\ruanjianxiazai\pycharm2026\datasets\dataset_2_abnormal_binary_clean_v3\val\images\nozzle_no_extrusion_0399.jpg,20260822
val,D:\ruanjianxiazai\pycharm2026\datasets\dataset_2_abnormal_binary_clean_v3\val\images\nozzle_no_extrusion_0429.jpg,20260822
val,D:\ruanjianxiazai\pycharm2026\datasets\dataset_2_abnormal_binary_clean_v3\val\images\nozzle_extrusion_normal_1058.jpg,20260822
val,D:\ruanjianxiazai\pycharm2026\datasets\dataset_2_abnormal_binary_clean_v3\val\images\nozzle_extrusion_normal_1442.jpg,20260822
val,D:\ruanjianxiazai\pycharm2026\datasets\dataset_2_abnormal_binary_clean_v3\val\images\nozzle_no_extrusion_0832.jpg,20260822
val,D:\ruanjianxiazai\pycharm2026\datasets\dataset_2_abnormal_binary_clean_v3\val\images\nozzle_extrusion_normal_0896.jpg,20260822
val,D:\ruanjianxiazai\pycharm2026\datasets\dataset_2_abnormal_binary_clean_v3\val\images\nozzle_extrusion_normal_0316.jpg,20260822
val,D:\ruanjianxiazai\pycharm2026\datasets\dataset_2_abnormal_binary_clean_v3\val\images\nozzle_no_extrusion_0825.jpg,20260822
val,D:\ruanjianxiazai\pycharm2026\datasets\dataset_2_abnormal_binary_clean_v3\val\images\nozzle_no_extrusion_0102.jpg,20260822
val,D:\ruanjianxiazai\pycharm2026\datasets\dataset_2_abnormal_binary_clean_v3\val\images\nozzle_no_extrusion_0406.jpg,20260822
val,D:\ruanjianxiazai\pycharm2026\datasets\dataset_2_abnormal_binary_clean_v3\val\images\nozzle_extrusion_normal_0184.jpg,20260822
val,D:\ruanjianxiazai\pycharm2026\datasets\dataset_2_abnormal_binary_clean_v3\val\images\nozzle_tip_wrapped_0654.jpg,20260822
val,D:\ruanjianxiazai\pycharm2026\datasets\dataset_2_abnormal_binary_clean_v3\val\images\nozzle_tip_wrapped_0183.jpg,20260822
val,D:\ruanjianxiazai\pycharm2026\datasets\dataset_2_abnormal_binary_clean_v3\val\images\nozzle_tip_wrapped_0893.jpg,20260822
val,D:\ruanjianxiazai\pycharm2026\datasets\dataset_2_abnormal_binary_clean_v3\val\images\nozzle_tip_wrapped_0239.jpg,20260822
val,D:\ruanjianxiazai\pycharm2026\datasets\dataset_2_abnormal_binary_clean_v3\val\images\nozzle_tip_wrapped_0391.jpg,20260822
val,D:\ruanjianxiazai\pycharm2026\datasets\dataset_2_abnormal_binary_clean_v3\val\images\nozzle_tip_wrapped_0207.jpg,20260822
val,D:\ruanjianxiazai\pycharm2026\datasets\dataset_2_abnormal_binary_clean_v3\val\images\nozzle_extrusion_normal_1273.jpg,20260822
val,D:\ruanjianxiazai\pycharm2026\datasets\dataset_2_abnormal_binary_clean_v3\val\images\nozzle_tip_wrapped_0756.jpg,20260822
val,D:\ruanjianxiazai\pycharm2026\datasets\dataset_2_abnormal_binary_clean_v3\val\images\nozzle_extrusion_normal_1151.jpg,20260822
val,D:\ruanjianxiazai\pycharm2026\datasets\dataset_2_abnormal_binary_clean_v3\val\images\nozzle_tip_wrapped_0746.jpg,20260822
val,D:\ruanjianxiazai\pycharm2026\datasets\dataset_2_abnormal_binary_clean_v3\val\images\nozzle_tip_wrapped_0458.jpg,20260822
val,D:\ruanjianxiazai\pycharm2026\datasets\dataset_2_abnormal_binary_clean_v3\val\images\nozzle_no_extrusion_0037.jpg,20260822
val,D:\ruanjianxiazai\pycharm2026\datasets\dataset_2_abnormal_binary_clean_v3\val\images\nozzle_no_extrusion_0665.jpg,20260822
val,D:\ruanjianxiazai\pycharm2026\datasets\dataset_2_abnormal_binary_clean_v3\val\images\nozzle_extrusion_normal_0167.jpg,20260822
val,D:\ruanjianxiazai\pycharm2026\datasets\dataset_2_abnormal_binary_clean_v3\val\images\nozzle_extrusion_normal_0210.jpg,20260822
val,D:\ruanjianxiazai\pycharm2026\datasets\dataset_2_abnormal_binary_clean_v3\val\images\nozzle_extrusion_normal_1197.jpg,20260822
val,D:\ruanjianxiazai\pycharm2026\datasets\dataset_2_abnormal_binary_clean_v3\val\images\nozzle_tip_wrapped_0160.jpg,20260822
val,D:\ruanjianxiazai\pycharm2026\datasets\dataset_2_abnormal_binary_clean_v3\val\images\nozzle_extrusion_normal_1134.jpg,20260822
val,D:\ruanjianxiazai\pycharm2026\datasets\dataset_2_abnormal_binary_clean_v3\val\images\nozzle_tip_wrapped_0443.jpg,20260822
val,D:\ruanjianxiazai\pycharm2026\datasets\dataset_2_abnormal_binary_clean_v3\val\images\nozzle_tip_wrapped_0089.jpg,20260822
val,D:\ruanjianxiazai\pycharm2026\datasets\dataset_2_abnormal_binary_clean_v3\val\images\nozzle_extrusion_normal_1421.jpg,20260822
val,D:\ruanjianxiazai\pycharm2026\datasets\dataset_2_abnormal_binary_clean_v3\val\images\nozzle_tip_wrapped_0211.jpg,20260822
val,D:\ruanjianxiazai\pycharm2026\datasets\dataset_2_abnormal_binary_clean_v3\val\images\nozzle_extrusion_normal_0963.jpg,20260822
val,D:\ruanjianxiazai\pycharm2026\datasets\dataset_2_abnormal_binary_clean_v3\val\images\nozzle_no_extrusion_0869.jpg,20260822
val,D:\ruanjianxiazai\pycharm2026\datasets\dataset_2_abnormal_binary_clean_v3\val\images\nozzle_tip_wrapped_0442.jpg,20260822
val,D:\ruanjianxiazai\pycharm2026\datasets\dataset_2_abnormal_binary_clean_v3\val\images\nozzle_tip_wrapped_0566.jpg,20260822
val,D:\ruanjianxiazai\pycharm2026\datasets\dataset_2_abnormal_binary_clean_v3\val\images\nozzle_no_extrusion_0763.jpg,20260822
val,D:\ruanjianxiazai\pycharm2026\datasets\dataset_2_abnormal_binary_clean_v3\val\images\nozzle_extrusion_normal_0729.jpg,20260822
val,D:\ruanjianxiazai\pycharm2026\datasets\dataset_2_abnormal_binary_clean_v3\val\images\nozzle_extrusion_normal_0389.jpg,20260822
val,D:\ruanjianxiazai\pycharm2026\datasets\dataset_2_abnormal_binary_clean_v3\val\images\nozzle_tip_wrapped_0516.jpg,20260822
val,D:\ruanjianxiazai\pycharm2026\datasets\dataset_2_abnormal_binary_clean_v3\val\images\nozzle_extrusion_normal_1317.jpg,20260822
val,D:\ruanjianxiazai\pycharm2026\datasets\dataset_2_abnormal_binary_clean_v3\val\images\nozzle_extrusion_normal_1489.jpg,20260822
val,D:\ruanjianxiazai\pycharm2026\datasets\dataset_2_abnormal_binary_clean_v3\val\images\nozzle_tip_wrapped_0975.jpg,20260822
val,D:\ruanjianxiazai\pycharm2026\datasets\dataset_2_abnormal_binary_clean_v3\val\images\nozzle_tip_wrapped_1176.jpg,20260822
val,D:\ruanjianxiazai\pycharm2026\datasets\dataset_2_abnormal_binary_clean_v3\val\images\nozzle_tip_wrapped_0593.jpg,20260822
val,D:\ruanjianxiazai\pycharm2026\datasets\dataset_2_abnormal_binary_clean_v3\val\images\nozzle_tip_wrapped_0240.jpg,20260822
val,D:\ruanjianxiazai\pycharm2026\datasets\dataset_2_abnormal_binary_clean_v3\val\images\nozzle_extrusion_normal_0706.jpg,20260822
val,D:\ruanjianxiazai\pycharm2026\datasets\dataset_2_abnormal_binary_clean_v3\val\images\nozzle_tip_wrapped_1109.jpg,20260822
val,D:\ruanjianxiazai\pycharm2026\datasets\dataset_2_abnormal_binary_clean_v3\val\images\nozzle_extrusion_normal_0081.jpg,20260822
val,D:\ruanjianxiazai\pycharm2026\datasets\dataset_2_abnormal_binary_clean_v3\val\images\nozzle_tip_wrapped_0678.jpg,20260822
val,D:\ruanjianxiazai\pycharm2026\datasets\dataset_2_abnormal_binary_clean_v3\val\images\nozzle_extrusion_normal_1160.jpg,20260822
val,D:\ruanjianxiazai\pycharm2026\datasets\dataset_2_abnormal_binary_clean_v3\val\images\nozzle_no_extrusion_0521.jpg,20260822
val,D:\ruanjianxiazai\pycharm2026\datasets\dataset_2_abnormal_binary_clean_v3\val\images\nozzle_extrusion_normal_1035.jpg,20260822
val,D:\ruanjianxiazai\pycharm2026\datasets\dataset_2_abnormal_binary_clean_v3\val\images\nozzle_no_extrusion_0428.jpg,20260822
val,D:\ruanjianxiazai\pycharm2026\datasets\dataset_2_abnormal_binary_clean_v3\val\images\nozzle_tip_wrapped_0869.jpg,20260822
val,D:\ruanjianxiazai\pycharm2026\datasets\dataset_2_abnormal_binary_clean_v3\val\images\nozzle_extrusion_normal_1496.jpg,20260822
val,D:\ruanjianxiazai\pycharm2026\datasets\dataset_2_abnormal_binary_clean_v3\val\images\nozzle_extrusion_normal_0041.jpg,20260822
val,D:\ruanjianxiazai\pycharm2026\datasets\dataset_2_abnormal_binary_clean_v3\val\images\nozzle_tip_wrapped_0447.jpg,20260822
val,D:\ruanjianxiazai\pycharm2026\datasets\dataset_2_abnormal_binary_clean_v3\val\images\nozzle_tip_wrapped_0261.jpg,20260822
val,D:\ruanjianxiazai\pycharm2026\datasets\dataset_2_abnormal_binary_clean_v3\val\images\nozzle_extrusion_normal_0032.jpg,20260822
val,D:\ruanjianxiazai\pycharm2026\datasets\dataset_2_abnormal_binary_clean_v3\val\images\nozzle_extrusion_normal_1004.jpg,20260822
val,D:\ruanjianxiazai\pycharm2026\datasets\dataset_2_abnormal_binary_clean_v3\val\images\nozzle_tip_wrapped_0168.jpg,20260822
val,D:\ruanjianxiazai\pycharm2026\datasets\dataset_2_abnormal_binary_clean_v3\val\images\nozzle_extrusion_normal_0440.jpg,20260822
val,D:\ruanjianxiazai\pycharm2026\datasets\dataset_2_abnormal_binary_clean_v3\val\images\nozzle_tip_wrapped_0612.jpg,20260822
val,D:\ruanjianxiazai\pycharm2026\datasets\dataset_2_abnormal_binary_clean_v3\val\images\nozzle_no_extrusion_0109.jpg,20260822
val,D:\ruanjianxiazai\pycharm2026\datasets\dataset_2_abnormal_binary_clean_v3\val\images\nozzle_no_extrusion_0599.jpg,20260822
val,D:\ruanjianxiazai\pycharm2026\datasets\dataset_2_abnormal_binary_clean_v3\val\images\nozzle_extrusion_normal_1288.jpg,20260822
val,D:\ruanjianxiazai\pycharm2026\datasets\dataset_2_abnormal_binary_clean_v3\val\images\nozzle_extrusion_normal_0697.jpg,20260822
val,D:\ruanjianxiazai\pycharm2026\datasets\dataset_2_abnormal_binary_clean_v3\val\images\nozzle_extrusion_normal_0474.jpg,20260822
val,D:\ruanjianxiazai\pycharm2026\datasets\dataset_2_abnormal_binary_clean_v3\val\images\nozzle_tip_wrapped_0249.jpg,20260822
val,D:\ruanjianxiazai\pycharm2026\datasets\dataset_2_abnormal_binary_clean_v3\val\images\nozzle_extrusion_normal_1335.jpg,20260822
val,D:\ruanjianxiazai\pycharm2026\datasets\dataset_2_abnormal_binary_clean_v3\val\images\nozzle_extrusion_normal_0424.jpg,20260822
val,D:\ruanjianxiazai\pycharm2026\datasets\dataset_2_abnormal_binary_clean_v3\val\images\nozzle_tip_wrapped_0171.jpg,20260822
val,D:\ruanjianxiazai\pycharm2026\datasets\dataset_2_abnormal_binary_clean_v3\val\images\nozzle_tip_wrapped_0520.jpg,20260822
val,D:\ruanjianxiazai\pycharm2026\datasets\dataset_2_abnormal_binary_clean_v3\val\images\nozzle_extrusion_normal_1280.jpg,20260822
val,D:\ruanjianxiazai\pycharm2026\datasets\dataset_2_abnormal_binary_clean_v3\val\images\nozzle_extrusion_normal_0059.jpg,20260822
val,D:\ruanjianxiazai\pycharm2026\datasets\dataset_2_abnormal_binary_clean_v3\val\images\nozzle_heavy_contamination_0016.jpg,20260822
val,D:\ruanjianxiazai\pycharm2026\datasets\dataset_2_abnormal_binary_clean_v3\val\images\nozzle_extrusion_normal_0256.jpg,20260822
val,D:\ruanjianxiazai\pycharm2026\datasets\dataset_2_abnormal_binary_clean_v3\val\images\nozzle_no_extrusion_0408.jpg,20260822
val,D:\ruanjianxiazai\pycharm2026\datasets\dataset_2_abnormal_binary_clean_v3\val\images\nozzle_tip_wrapped_0836.jpg,20260822
val,D:\ruanjianxiazai\pycharm2026\datasets\dataset_2_abnormal_binary_clean_v3\val\images\nozzle_tip_wrapped_1252.jpg,20260822
val,D:\ruanjianxiazai\pycharm2026\datasets\dataset_2_abnormal_binary_clean_v3\val\images\nozzle_no_extrusion_0786.jpg,20260822
val,D:\ruanjianxiazai\pycharm2026\datasets\dataset_2_abnormal_binary_clean_v3\val\images\nozzle_tip_wrapped_0210.jpg,20260822
val,D:\ruanjianxiazai\pycharm2026\datasets\dataset_2_abnormal_binary_clean_v3\val\images\nozzle_no_extrusion_0597.jpg,20260822
val,D:\ruanjianxiazai\pycharm2026\datasets\dataset_2_abnormal_binary_clean_v3\val\images\nozzle_extrusion_normal_0467.jpg,20260822
val,D:\ruanjianxiazai\pycharm2026\datasets\dataset_2_abnormal_binary_clean_v3\val\images\nozzle_extrusion_normal_0330.jpg,20260822
val,D:\ruanjianxiazai\pycharm2026\datasets\dataset_2_abnormal_binary_clean_v3\val\images\nozzle_tip_wrapped_0860.jpg,20260822
val,D:\ruanjianxiazai\pycharm2026\datasets\dataset_2_abnormal_binary_clean_v3\val\images\nozzle_extrusion_normal_0743.jpg,20260822
val,D:\ruanjianxiazai\pycharm2026\datasets\dataset_2_abnormal_binary_clean_v3\val\images\nozzle_no_extrusion_0107.jpg,20260822
val,D:\ruanjianxiazai\pycharm2026\datasets\dataset_2_abnormal_binary_clean_v3\val\images\nozzle_heavy_contamination_0019.jpg,20260822
val,D:\ruanjianxiazai\pycharm2026\datasets\dataset_2_abnormal_binary_clean_v3\val\images\nozzle_tip_wrapped_0475.jpg,20260822
val,D:\ruanjianxiazai\pycharm2026\datasets\dataset_2_abnormal_binary_clean_v3\val\images\nozzle_extrusion_normal_0494.jpg,20260822
val,D:\ruanjianxiazai\pycharm2026\datasets\dataset_2_abnormal_binary_clean_v3\val\images\nozzle_no_extrusion_0450.jpg,20260822
val,D:\ruanjianxiazai\pycharm2026\datasets\dataset_2_abnormal_binary_clean_v3\val\images\nozzle_tip_wrapped_1116.jpg,20260822
val,D:\ruanjianxiazai\pycharm2026\datasets\dataset_2_abnormal_binary_clean_v3\val\images\nozzle_tip_wrapped_0088.jpg,20260822
val,D:\ruanjianxiazai\pycharm2026\datasets\dataset_2_abnormal_binary_clean_v3\val\images\nozzle_tip_wrapped_0414.jpg,20260822
val,D:\ruanjianxiazai\pycharm2026\datasets\dataset_2_abnormal_binary_clean_v3\val\images\nozzle_extrusion_normal_0410.jpg,20260822
val,D:\ruanjianxiazai\pycharm2026\datasets\dataset_2_abnormal_binary_clean_v3\val\images\nozzle_extrusion_normal_0211.jpg,20260822
val,D:\ruanjianxiazai\pycharm2026\datasets\dataset_2_abnormal_binary_clean_v3\val\images\nozzle_extrusion_normal_0420.jpg,20260822
val,D:\ruanjianxiazai\pycharm2026\datasets\dataset_2_abnormal_binary_clean_v3\val\images\nozzle_no_extrusion_0764.jpg,20260822
val,D:\ruanjianxiazai\pycharm2026\datasets\dataset_2_abnormal_binary_clean_v3\val\images\nozzle_extrusion_normal_0959.jpg,20260822
val,D:\ruanjianxiazai\pycharm2026\datasets\dataset_2_abnormal_binary_clean_v3\val\images\nozzle_no_extrusion_0331.jpg,20260822
val,D:\ruanjianxiazai\pycharm2026\datasets\dataset_2_abnormal_binary_clean_v3\val\images\nozzle_extrusion_normal_0647.jpg,20260822
val,D:\ruanjianxiazai\pycharm2026\datasets\dataset_2_abnormal_binary_clean_v3\val\images\nozzle_extrusion_normal_0209.jpg,20260822
val,D:\ruanjianxiazai\pycharm2026\datasets\dataset_2_abnormal_binary_clean_v3\val\images\nozzle_tip_wrapped_0017.jpg,20260822
val,D:\ruanjianxiazai\pycharm2026\datasets\dataset_2_abnormal_binary_clean_v3\val\images\nozzle_extrusion_normal_0354.jpg,20260822
val,D:\ruanjianxiazai\pycharm2026\datasets\dataset_2_abnormal_binary_clean_v3\val\images\nozzle_extrusion_normal_0115.jpg,20260822
val,D:\ruanjianxiazai\pycharm2026\datasets\dataset_2_abnormal_binary_clean_v3\val\images\nozzle_no_extrusion_0416.jpg,20260822
val,D:\ruanjianxiazai\pycharm2026\datasets\dataset_2_abnormal_binary_clean_v3\val\images\nozzle_tip_wrapped_1083.jpg,20260822
val,D:\ruanjianxiazai\pycharm2026\datasets\dataset_2_abnormal_binary_clean_v3\val\images\nozzle_tip_wrapped_0990.jpg,20260822
val,D:\ruanjianxiazai\pycharm2026\datasets\dataset_2_abnormal_binary_clean_v3\val\images\nozzle_extrusion_normal_1152.jpg,20260822
val,D:\ruanjianxiazai\pycharm2026\datasets\dataset_2_abnormal_binary_clean_v3\val\images\nozzle_tip_wrapped_1101.jpg,20260822
val,D:\ruanjianxiazai\pycharm2026\datasets\dataset_2_abnormal_binary_clean_v3\val\images\nozzle_tip_wrapped_0658.jpg,20260822
val,D:\ruanjianxiazai\pycharm2026\datasets\dataset_2_abnormal_binary_clean_v3\val\images\nozzle_tip_wrapped_0581.jpg,20260822
val,D:\ruanjianxiazai\pycharm2026\datasets\dataset_2_abnormal_binary_clean_v3\val\images\nozzle_extrusion_normal_0532.jpg,20260822
val,D:\ruanjianxiazai\pycharm2026\datasets\dataset_2_abnormal_binary_clean_v3\val\images\nozzle_no_extrusion_0587.jpg,20260822
val,D:\ruanjianxiazai\pycharm2026\datasets\dataset_2_abnormal_binary_clean_v3\val\images\nozzle_tip_wrapped_0854.jpg,20260822
val,D:\ruanjianxiazai\pycharm2026\datasets\dataset_2_abnormal_binary_clean_v3\val\images\nozzle_tip_wrapped_1014.jpg,20260822
val,D:\ruanjianxiazai\pycharm2026\datasets\dataset_2_abnormal_binary_clean_v3\val\images\nozzle_tip_wrapped_0927.jpg,20260822
val,D:\ruanjianxiazai\pycharm2026\datasets\dataset_2_abnormal_binary_clean_v3\val\images\nozzle_extrusion_normal_0888.jpg,20260822
val,D:\ruanjianxiazai\pycharm2026\datasets\dataset_2_abnormal_binary_clean_v3\val\images\nozzle_extrusion_normal_0596.jpg,20260822
val,D:\ruanjianxiazai\pycharm2026\datasets\dataset_2_abnormal_binary_clean_v3\val\images\nozzle_tip_wrapped_0844.jpg,20260822
val,D:\ruanjianxiazai\pycharm2026\datasets\dataset_2_abnormal_binary_clean_v3\val\images\nozzle_tip_wrapped_0142.jpg,20260822
val,D:\ruanjianxiazai\pycharm2026\datasets\dataset_2_abnormal_binary_clean_v3\val\images\nozzle_tip_wrapped_0657.jpg,20260822
val,D:\ruanjianxiazai\pycharm2026\datasets\dataset_2_abnormal_binary_clean_v3\val\images\nozzle_tip_wrapped_0137.jpg,20260822
val,D:\ruanjianxiazai\pycharm2026\datasets\dataset_2_abnormal_binary_clean_v3\val\images\nozzle_no_extrusion_0140.jpg,20260822
val,D:\ruanjianxiazai\pycharm2026\datasets\dataset_2_abnormal_binary_clean_v3\val\images\nozzle_extrusion_normal_1177.jpg,20260822
val,D:\ruanjianxiazai\pycharm2026\datasets\dataset_2_abnormal_binary_clean_v3\val\images\nozzle_extrusion_normal_1339.jpg,20260822
val,D:\ruanjianxiazai\pycharm2026\datasets\dataset_2_abnormal_binary_clean_v3\val\images\nozzle_extrusion_normal_0873.jpg,20260822
val,D:\ruanjianxiazai\pycharm2026\datasets\dataset_2_abnormal_binary_clean_v3\val\images\nozzle_extrusion_normal_0057.jpg,20260822
val,D:\ruanjianxiazai\pycharm2026\datasets\dataset_2_abnormal_binary_clean_v3\val\images\nozzle_tip_wrapped_0219.jpg,20260822
val,D:\ruanjianxiazai\pycharm2026\datasets\dataset_2_abnormal_binary_clean_v3\val\images\nozzle_no_extrusion_0106.jpg,20260822
val,D:\ruanjianxiazai\pycharm2026\datasets\dataset_2_abnormal_binary_clean_v3\val\images\nozzle_tip_wrapped_0943.jpg,20260822
val,D:\ruanjianxiazai\pycharm2026\datasets\dataset_2_abnormal_binary_clean_v3\val\images\nozzle_extrusion_normal_0750.jpg,20260822
val,D:\ruanjianxiazai\pycharm2026\datasets\dataset_2_abnormal_binary_clean_v3\val\images\nozzle_extrusion_normal_0195.jpg,20260822
val,D:\ruanjianxiazai\pycharm2026\datasets\dataset_2_abnormal_binary_clean_v3\val\images\nozzle_extrusion_normal_1349.jpg,20260822
val,D:\ruanjianxiazai\pycharm2026\datasets\dataset_2_abnormal_binary_clean_v3\val\images\nozzle_extrusion_normal_1485.jpg,20260822
val,D:\ruanjianxiazai\pycharm2026\datasets\dataset_2_abnormal_binary_clean_v3\val\images\nozzle_extrusion_normal_0221.jpg,20260822
val,D:\ruanjianxiazai\pycharm2026\datasets\dataset_2_abnormal_binary_clean_v3\val\images\nozzle_extrusion_normal_0172.jpg,20260822
val,D:\ruanjianxiazai\pycharm2026\datasets\dataset_2_abnormal_binary_clean_v3\val\images\nozzle_extrusion_normal_0924.jpg,20260822
val,D:\ruanjianxiazai\pycharm2026\datasets\dataset_2_abnormal_binary_clean_v3\val\images\nozzle_extrusion_normal_0614.jpg,20260822
val,D:\ruanjianxiazai\pycharm2026\datasets\dataset_2_abnormal_binary_clean_v3\val\images\nozzle_tip_wrapped_0958.jpg,20260822
val,D:\ruanjianxiazai\pycharm2026\datasets\dataset_2_abnormal_binary_clean_v3\val\images\nozzle_tip_wrapped_0241.jpg,20260822
val,D:\ruanjianxiazai\pycharm2026\datasets\dataset_2_abnormal_binary_clean_v3\val\images\nozzle_extrusion_normal_0889.jpg,20260822
val,D:\ruanjianxiazai\pycharm2026\datasets\dataset_2_abnormal_binary_clean_v3\val\images\nozzle_extrusion_normal_0557.jpg,20260822
val,D:\ruanjianxiazai\pycharm2026\datasets\dataset_2_abnormal_binary_clean_v3\val\images\nozzle_tip_wrapped_0890.jpg,20260822
val,D:\ruanjianxiazai\pycharm2026\datasets\dataset_2_abnormal_binary_clean_v3\val\images\nozzle_extrusion_normal_1291.jpg,20260822
val,D:\ruanjianxiazai\pycharm2026\datasets\dataset_2_abnormal_binary_clean_v3\val\images\nozzle_extrusion_normal_0777.jpg,20260822
val,D:\ruanjianxiazai\pycharm2026\datasets\dataset_2_abnormal_binary_clean_v3\val\images\nozzle_extrusion_normal_0892.jpg,20260822
val,D:\ruanjianxiazai\pycharm2026\datasets\dataset_2_abnormal_binary_clean_v3\val\images\nozzle_tip_wrapped_1302.jpg,20260822
val,D:\ruanjianxiazai\pycharm2026\datasets\dataset_2_abnormal_binary_clean_v3\val\images\nozzle_extrusion_normal_0103.jpg,20260822
val,D:\ruanjianxiazai\pycharm2026\datasets\dataset_2_abnormal_binary_clean_v3\val\images\nozzle_extrusion_normal_0194.jpg,20260822
val,D:\ruanjianxiazai\pycharm2026\datasets\dataset_2_abnormal_binary_clean_v3\val\images\nozzle_extrusion_normal_1136.jpg,20260822
val,D:\ruanjianxiazai\pycharm2026\datasets\dataset_2_abnormal_binary_clean_v3\val\images\nozzle_extrusion_normal_0709.jpg,20260822
val,D:\ruanjianxiazai\pycharm2026\datasets\dataset_2_abnormal_binary_clean_v3\val\images\nozzle_tip_wrapped_0026.jpg,20260822
val,D:\ruanjianxiazai\pycharm2026\datasets\dataset_2_abnormal_binary_clean_v3\val\images\nozzle_extrusion_normal_1016.jpg,20260822
val,D:\ruanjianxiazai\pycharm2026\datasets\dataset_2_abnormal_binary_clean_v3\val\images\nozzle_extrusion_normal_0900.jpg,20260822
val,D:\ruanjianxiazai\pycharm2026\datasets\dataset_2_abnormal_binary_clean_v3\val\images\nozzle_tip_wrapped_1020.jpg,20260822
val,D:\ruanjianxiazai\pycharm2026\datasets\dataset_2_abnormal_binary_clean_v3\val\images\nozzle_extrusion_normal_0065.jpg,20260822
val,D:\ruanjianxiazai\pycharm2026\datasets\dataset_2_abnormal_binary_clean_v3\val\images\nozzle_extrusion_normal_0583.jpg,20260822
val,D:\ruanjianxiazai\pycharm2026\datasets\dataset_2_abnormal_binary_clean_v3\val\images\nozzle_tip_wrapped_1111.jpg,20260822
val,D:\ruanjianxiazai\pycharm2026\datasets\dataset_2_abnormal_binary_clean_v3\val\images\nozzle_extrusion_normal_0519.jpg,20260822
val,D:\ruanjianxiazai\pycharm2026\datasets\dataset_2_abnormal_binary_clean_v3\val\images\nozzle_tip_wrapped_0837.jpg,20260822
val,D:\ruanjianxiazai\pycharm2026\datasets\dataset_2_abnormal_binary_clean_v3\val\images\nozzle_extrusion_normal_0259.jpg,20260822
val,D:\ruanjianxiazai\pycharm2026\datasets\dataset_2_abnormal_binary_clean_v3\val\images\nozzle_extrusion_normal_0105.jpg,20260822
val,D:\ruanjianxiazai\pycharm2026\datasets\dataset_2_abnormal_binary_clean_v3\val\images\nozzle_no_extrusion_0863.jpg,20260822
val,D:\ruanjianxiazai\pycharm2026\datasets\dataset_2_abnormal_binary_clean_v3\val\images\nozzle_extrusion_normal_1484.jpg,20260822
val,D:\ruanjianxiazai\pycharm2026\datasets\dataset_2_abnormal_binary_clean_v3\val\images\nozzle_extrusion_normal_0335.jpg,20260822
val,D:\ruanjianxiazai\pycharm2026\datasets\dataset_2_abnormal_binary_clean_v3\val\images\nozzle_extrusion_normal_0104.jpg,20260822
val,D:\ruanjianxiazai\pycharm2026\datasets\dataset_2_abnormal_binary_clean_v3\val\images\nozzle_tip_wrapped_0198.jpg,20260822
val,D:\ruanjianxiazai\pycharm2026\datasets\dataset_2_abnormal_binary_clean_v3\val\images\nozzle_tip_wrapped_0166.jpg,20260822
val,D:\ruanjianxiazai\pycharm2026\datasets\dataset_2_abnormal_binary_clean_v3\val\images\nozzle_tip_wrapped_0568.jpg,20260822
val,D:\ruanjianxiazai\pycharm2026\datasets\dataset_2_abnormal_binary_clean_v3\val\images\nozzle_extrusion_normal_1397.jpg,20260822
val,D:\ruanjianxiazai\pycharm2026\datasets\dataset_2_abnormal_binary_clean_v3\val\images\nozzle_tip_wrapped_1167.jpg,20260822
val,D:\ruanjianxiazai\pycharm2026\datasets\dataset_2_abnormal_binary_clean_v3\val\images\nozzle_tip_wrapped_0361.jpg,20260822
val,D:\ruanjianxiazai\pycharm2026\datasets\dataset_2_abnormal_binary_clean_v3\val\images\nozzle_tip_wrapped_0314.jpg,20260822
val,D:\ruanjianxiazai\pycharm2026\datasets\dataset_2_abnormal_binary_clean_v3\val\images\nozzle_extrusion_normal_0853.jpg,20260822
val,D:\ruanjianxiazai\pycharm2026\datasets\dataset_2_abnormal_binary_clean_v3\val\images\nozzle_extrusion_normal_0198.jpg,20260822
val,D:\ruanjianxiazai\pycharm2026\datasets\dataset_2_abnormal_binary_clean_v3\val\images\nozzle_tip_wrapped_1244.jpg,20260822
val,D:\ruanjianxiazai\pycharm2026\datasets\dataset_2_abnormal_binary_clean_v3\val\images\nozzle_extrusion_normal_0999.jpg,20260822
val,D:\ruanjianxiazai\pycharm2026\datasets\dataset_2_abnormal_binary_clean_v3\val\images\nozzle_extrusion_normal_0573.jpg,20260822
val,D:\ruanjianxiazai\pycharm2026\datasets\dataset_2_abnormal_binary_clean_v3\val\images\nozzle_tip_wrapped_0834.jpg,20260822
val,D:\ruanjianxiazai\pycharm2026\datasets\dataset_2_abnormal_binary_clean_v3\val\images\nozzle_extrusion_normal_0076.jpg,20260822
val,D:\ruanjianxiazai\pycharm2026\datasets\dataset_2_abnormal_binary_clean_v3\val\images\nozzle_extrusion_normal_1467.jpg,20260822
val,D:\ruanjianxiazai\pycharm2026\datasets\dataset_2_abnormal_binary_clean_v3\val\images\nozzle_extrusion_normal_0719.jpg,20260822
val,D:\ruanjianxiazai\pycharm2026\datasets\dataset_2_abnormal_binary_clean_v3\val\images\nozzle_extrusion_normal_0079.jpg,20260822
val,D:\ruanjianxiazai\pycharm2026\datasets\dataset_2_abnormal_binary_clean_v3\val\images\nozzle_extrusion_normal_0394.jpg,20260822
val,D:\ruanjianxiazai\pycharm2026\datasets\dataset_2_abnormal_binary_clean_v3\val\images\nozzle_no_extrusion_0193.jpg,20260822
val,D:\ruanjianxiazai\pycharm2026\datasets\dataset_2_abnormal_binary_clean_v3\val\images\nozzle_tip_wrapped_0469.jpg,20260822
val,D:\ruanjianxiazai\pycharm2026\datasets\dataset_2_abnormal_binary_clean_v3\val\images\nozzle_extrusion_normal_0720.jpg,20260822
val,D:\ruanjianxiazai\pycharm2026\datasets\dataset_2_abnormal_binary_clean_v3\val\images\nozzle_extrusion_normal_0624.jpg,20260822
val,D:\ruanjianxiazai\pycharm2026\datasets\dataset_2_abnormal_binary_clean_v3\val\images\nozzle_extrusion_normal_0237.jpg,20260822
val,D:\ruanjianxiazai\pycharm2026\datasets\dataset_2_abnormal_binary_clean_v3\val\images\nozzle_no_extrusion_0404.jpg,20260822
val,D:\ruanjianxiazai\pycharm2026\datasets\dataset_2_abnormal_binary_clean_v3\val\images\nozzle_extrusion_normal_0366.jpg,20260822
val,D:\ruanjianxiazai\pycharm2026\datasets\dataset_2_abnormal_binary_clean_v3\val\images\nozzle_tip_wrapped_0472.jpg,20260822
val,D:\ruanjianxiazai\pycharm2026\datasets\dataset_2_abnormal_binary_clean_v3\val\images\nozzle_extrusion_normal_1452.jpg,20260822
val,D:\ruanjianxiazai\pycharm2026\datasets\dataset_2_abnormal_binary_clean_v3\val\images\nozzle_tip_wrapped_0008.jpg,20260822
val,D:\ruanjianxiazai\pycharm2026\datasets\dataset_2_abnormal_binary_clean_v3\val\images\nozzle_heavy_contamination_0006.jpg,20260822
val,D:\ruanjianxiazai\pycharm2026\datasets\dataset_2_abnormal_binary_clean_v3\val\images\nozzle_extrusion_normal_0783.jpg,20260822
val,D:\ruanjianxiazai\pycharm2026\datasets\dataset_2_abnormal_binary_clean_v3\val\images\nozzle_tip_wrapped_1305.jpg,20260822
val,D:\ruanjianxiazai\pycharm2026\datasets\dataset_2_abnormal_binary_clean_v3\val\images\nozzle_extrusion_normal_0943.jpg,20260822
val,D:\ruanjianxiazai\pycharm2026\datasets\dataset_2_abnormal_binary_clean_v3\val\images\nozzle_extrusion_normal_0325.jpg,20260822
val,D:\ruanjianxiazai\pycharm2026\datasets\dataset_2_abnormal_binary_clean_v3\val\images\nozzle_extrusion_normal_0973.jpg,20260822
val,D:\ruanjianxiazai\pycharm2026\datasets\dataset_2_abnormal_binary_clean_v3\val\images\nozzle_tip_wrapped_0367.jpg,20260822
val,D:\ruanjianxiazai\pycharm2026\datasets\dataset_2_abnormal_binary_clean_v3\val\images\nozzle_tip_wrapped_0974.jpg,20260822
val,D:\ruanjianxiazai\pycharm2026\datasets\dataset_2_abnormal_binary_clean_v3\val\images\nozzle_extrusion_normal_1045.jpg,20260822
val,D:\ruanjianxiazai\pycharm2026\datasets\dataset_2_abnormal_binary_clean_v3\val\images\nozzle_extrusion_normal_0670.jpg,20260822
val,D:\ruanjianxiazai\pycharm2026\datasets\dataset_2_abnormal_binary_clean_v3\val\images\nozzle_no_extrusion_0591.jpg,20260822
val,D:\ruanjianxiazai\pycharm2026\datasets\dataset_2_abnormal_binary_clean_v3\val\images\nozzle_extrusion_normal_0313.jpg,20260822
val,D:\ruanjianxiazai\pycharm2026\datasets\dataset_2_abnormal_binary_clean_v3\val\images\nozzle_extrusion_normal_1493.jpg,20260822
val,D:\ruanjianxiazai\pycharm2026\datasets\dataset_2_abnormal_binary_clean_v3\val\images\nozzle_extrusion_normal_0734.jpg,20260822
val,D:\ruanjianxiazai\pycharm2026\datasets\dataset_2_abnormal_binary_clean_v3\val\images\nozzle_extrusion_normal_1276.jpg,20260822
val,D:\ruanjianxiazai\pycharm2026\datasets\dataset_2_abnormal_binary_clean_v3\val\images\nozzle_extrusion_normal_0220.jpg,20260822
val,D:\ruanjianxiazai\pycharm2026\datasets\dataset_2_abnormal_binary_clean_v3\val\images\nozzle_no_extrusion_0038.jpg,20260822
val,D:\ruanjianxiazai\pycharm2026\datasets\dataset_2_abnormal_binary_clean_v3\val\images\nozzle_no_extrusion_0120.jpg,20260822
val,D:\ruanjianxiazai\pycharm2026\datasets\dataset_2_abnormal_binary_clean_v3\val\images\nozzle_extrusion_normal_0027.jpg,20260822
val,D:\ruanjianxiazai\pycharm2026\datasets\dataset_2_abnormal_binary_clean_v3\val\images\nozzle_tip_wrapped_0499.jpg,20260822
val,D:\ruanjianxiazai\pycharm2026\datasets\dataset_2_abnormal_binary_clean_v3\val\images\nozzle_extrusion_normal_0735.jpg,20260822
val,D:\ruanjianxiazai\pycharm2026\datasets\dataset_2_abnormal_binary_clean_v3\val\images\nozzle_extrusion_normal_0564.jpg,20260822
val,D:\ruanjianxiazai\pycharm2026\datasets\dataset_2_abnormal_binary_clean_v3\val\images\nozzle_extrusion_normal_0274.jpg,20260822
val,D:\ruanjianxiazai\pycharm2026\datasets\dataset_2_abnormal_binary_clean_v3\val\images\nozzle_extrusion_normal_0870.jpg,20260822
val,D:\ruanjianxiazai\pycharm2026\datasets\dataset_2_abnormal_binary_clean_v3\val\images\nozzle_extrusion_normal_0890.jpg,20260822
val,D:\ruanjianxiazai\pycharm2026\datasets\dataset_2_abnormal_binary_clean_v3\val\images\nozzle_tip_wrapped_0765.jpg,20260822
val,D:\ruanjianxiazai\pycharm2026\datasets\dataset_2_abnormal_binary_clean_v3\val\images\nozzle_extrusion_normal_0604.jpg,20260822
val,D:\ruanjianxiazai\pycharm2026\datasets\dataset_2_abnormal_binary_clean_v3\val\images\nozzle_no_extrusion_0175.jpg,20260822
val,D:\ruanjianxiazai\pycharm2026\datasets\dataset_2_abnormal_binary_clean_v3\val\images\nozzle_tip_wrapped_0476.jpg,20260822
val,D:\ruanjianxiazai\pycharm2026\datasets\dataset_2_abnormal_binary_clean_v3\val\images\nozzle_extrusion_normal_1435.jpg,20260822
val,D:\ruanjianxiazai\pycharm2026\datasets\dataset_2_abnormal_binary_clean_v3\val\images\nozzle_tip_wrapped_1082.jpg,20260822
val,D:\ruanjianxiazai\pycharm2026\datasets\dataset_2_abnormal_binary_clean_v3\val\images\nozzle_extrusion_normal_0269.jpg,20260822
val,D:\ruanjianxiazai\pycharm2026\datasets\dataset_2_abnormal_binary_clean_v3\val\images\nozzle_no_extrusion_0142.jpg,20260822
val,D:\ruanjianxiazai\pycharm2026\datasets\dataset_2_abnormal_binary_clean_v3\val\images\nozzle_no_extrusion_0862.jpg,20260822
val,D:\ruanjianxiazai\pycharm2026\datasets\dataset_2_abnormal_binary_clean_v3\val\images\nozzle_tip_wrapped_0370.jpg,20260822
val,D:\ruanjianxiazai\pycharm2026\datasets\dataset_2_abnormal_binary_clean_v3\val\images\nozzle_tip_wrapped_0524.jpg,20260822
val,D:\ruanjianxiazai\pycharm2026\datasets\dataset_2_abnormal_binary_clean_v3\val\images\nozzle_no_extrusion_0766.jpg,20260822
val,D:\ruanjianxiazai\pycharm2026\datasets\dataset_2_abnormal_binary_clean_v3\val\images\nozzle_tip_wrapped_1041.jpg,20260822
val,D:\ruanjianxiazai\pycharm2026\datasets\dataset_2_abnormal_binary_clean_v3\val\images\nozzle_extrusion_normal_0119.jpg,20260822
val,D:\ruanjianxiazai\pycharm2026\datasets\dataset_2_abnormal_binary_clean_v3\val\images\nozzle_extrusion_normal_0359.jpg,20260822
val,D:\ruanjianxiazai\pycharm2026\datasets\dataset_2_abnormal_binary_clean_v3\val\images\nozzle_extrusion_normal_1437.jpg,20260822
val,D:\ruanjianxiazai\pycharm2026\datasets\dataset_2_abnormal_binary_clean_v3\val\images\nozzle_extrusion_normal_0635.jpg,20260822
val,D:\ruanjianxiazai\pycharm2026\datasets\dataset_2_abnormal_binary_clean_v3\val\images\nozzle_extrusion_normal_0522.jpg,20260822
val,D:\ruanjianxiazai\pycharm2026\datasets\dataset_2_abnormal_binary_clean_v3\val\images\nozzle_extrusion_normal_0116.jpg,20260822
val,D:\ruanjianxiazai\pycharm2026\datasets\dataset_2_abnormal_binary_clean_v3\val\images\nozzle_extrusion_normal_0641.jpg,20260822
val,D:\ruanjianxiazai\pycharm2026\datasets\dataset_2_abnormal_binary_clean_v3\val\images\nozzle_extrusion_normal_0793.jpg,20260822
val,D:\ruanjianxiazai\pycharm2026\datasets\dataset_2_abnormal_binary_clean_v3\val\images\nozzle_tip_wrapped_0402.jpg,20260822
val,D:\ruanjianxiazai\pycharm2026\datasets\dataset_2_abnormal_binary_clean_v3\val\images\nozzle_extrusion_normal_0511.jpg,20260822
val,D:\ruanjianxiazai\pycharm2026\datasets\dataset_2_abnormal_binary_clean_v3\val\images\nozzle_extrusion_normal_0864.jpg,20260822
val,D:\ruanjianxiazai\pycharm2026\datasets\dataset_2_abnormal_binary_clean_v3\val\images\nozzle_heavy_contamination_0010.jpg,20260822
val,D:\ruanjianxiazai\pycharm2026\datasets\dataset_2_abnormal_binary_clean_v3\val\images\nozzle_extrusion_normal_0010.jpg,20260822
val,D:\ruanjianxiazai\pycharm2026\datasets\dataset_2_abnormal_binary_clean_v3\val\images\nozzle_extrusion_normal_1084.jpg,20260822
val,D:\ruanjianxiazai\pycharm2026\datasets\dataset_2_abnormal_binary_clean_v3\val\images\nozzle_extrusion_normal_0038.jpg,20260822
val,D:\ruanjianxiazai\pycharm2026\datasets\dataset_2_abnormal_binary_clean_v3\val\images\nozzle_no_extrusion_0084.jpg,20260822
val,D:\ruanjianxiazai\pycharm2026\datasets\dataset_2_abnormal_binary_clean_v3\val\images\nozzle_no_extrusion_0654.jpg,20260822
val,D:\ruanjianxiazai\pycharm2026\datasets\dataset_2_abnormal_binary_clean_v3\val\images\nozzle_tip_wrapped_0411.jpg,20260822
val,D:\ruanjianxiazai\pycharm2026\datasets\dataset_2_abnormal_binary_clean_v3\val\images\nozzle_tip_wrapped_0819.jpg,20260822
val,D:\ruanjianxiazai\pycharm2026\datasets\dataset_2_abnormal_binary_clean_v3\val\images\nozzle_extrusion_normal_0835.jpg,20260822
val,D:\ruanjianxiazai\pycharm2026\datasets\dataset_2_abnormal_binary_clean_v3\val\images\nozzle_extrusion_normal_0275.jpg,20260822
val,D:\ruanjianxiazai\pycharm2026\datasets\dataset_2_abnormal_binary_clean_v3\val\images\nozzle_tip_wrapped_1008.jpg,20260822
val,D:\ruanjianxiazai\pycharm2026\datasets\dataset_2_abnormal_binary_clean_v3\val\images\nozzle_tip_wrapped_0029.jpg,20260822
val,D:\ruanjianxiazai\pycharm2026\datasets\dataset_2_abnormal_binary_clean_v3\val\images\nozzle_no_extrusion_0833.jpg,20260822
val,D:\ruanjianxiazai\pycharm2026\datasets\dataset_2_abnormal_binary_clean_v3\val\images\nozzle_tip_wrapped_0512.jpg,20260822
val,D:\ruanjianxiazai\pycharm2026\datasets\dataset_2_abnormal_binary_clean_v3\val\images\nozzle_tip_wrapped_0864.jpg,20260822
val,D:\ruanjianxiazai\pycharm2026\datasets\dataset_2_abnormal_binary_clean_v3\val\images\nozzle_tip_wrapped_0131.jpg,20260822
val,D:\ruanjianxiazai\pycharm2026\datasets\dataset_2_abnormal_binary_clean_v3\val\images\nozzle_tip_wrapped_0338.jpg,20260822
val,D:\ruanjianxiazai\pycharm2026\datasets\dataset_2_abnormal_binary_clean_v3\val\images\nozzle_extrusion_normal_0660.jpg,20260822
val,D:\ruanjianxiazai\pycharm2026\datasets\dataset_2_abnormal_binary_clean_v3\val\images\nozzle_extrusion_normal_0459.jpg,20260822
val,D:\ruanjianxiazai\pycharm2026\datasets\dataset_2_abnormal_binary_clean_v3\val\images\nozzle_no_extrusion_0392.jpg,20260822
val,D:\ruanjianxiazai\pycharm2026\datasets\dataset_2_abnormal_binary_clean_v3\val\images\nozzle_tip_wrapped_1253.jpg,20260822
val,D:\ruanjianxiazai\pycharm2026\datasets\dataset_2_abnormal_binary_clean_v3\val\images\nozzle_tip_wrapped_1295.jpg,20260822
val,D:\ruanjianxiazai\pycharm2026\datasets\dataset_2_abnormal_binary_clean_v3\val\images\nozzle_extrusion_normal_1093.jpg,20260822
val,D:\ruanjianxiazai\pycharm2026\datasets\dataset_2_abnormal_binary_clean_v3\val\images\nozzle_extrusion_normal_0371.jpg,20260822
val,D:\ruanjianxiazai\pycharm2026\datasets\dataset_2_abnormal_binary_clean_v3\val\images\nozzle_no_extrusion_0711.jpg,20260822
val,D:\ruanjianxiazai\pycharm2026\datasets\dataset_2_abnormal_binary_clean_v3\val\images\nozzle_extrusion_normal_0891.jpg,20260822
val,D:\ruanjianxiazai\pycharm2026\datasets\dataset_2_abnormal_binary_clean_v3\val\images\nozzle_no_extrusion_0674.jpg,20260822
val,D:\ruanjianxiazai\pycharm2026\datasets\dataset_2_abnormal_binary_clean_v3\val\images\nozzle_extrusion_normal_0021.jpg,20260822
val,D:\ruanjianxiazai\pycharm2026\datasets\dataset_2_abnormal_binary_clean_v3\val\images\nozzle_no_extrusion_0439.jpg,20260822
val,D:\ruanjianxiazai\pycharm2026\datasets\dataset_2_abnormal_binary_clean_v3\val\images\nozzle_slight_contamination_0002.jpg,20260822
val,D:\ruanjianxiazai\pycharm2026\datasets\dataset_2_abnormal_binary_clean_v3\val\images\nozzle_tip_wrapped_1268.jpg,20260822
val,D:\ruanjianxiazai\pycharm2026\datasets\dataset_2_abnormal_binary_clean_v3\val\images\nozzle_tip_wrapped_0503.jpg,20260822
val,D:\ruanjianxiazai\pycharm2026\datasets\dataset_2_abnormal_binary_clean_v3\val\images\nozzle_no_extrusion_0400.jpg,20260822
val,D:\ruanjianxiazai\pycharm2026\datasets\dataset_2_abnormal_binary_clean_v3\val\images\nozzle_tip_wrapped_0090.jpg,20260822
val,D:\ruanjianxiazai\pycharm2026\datasets\dataset_2_abnormal_binary_clean_v3\val\images\nozzle_extrusion_normal_1108.jpg,20260822
val,D:\ruanjianxiazai\pycharm2026\datasets\dataset_2_abnormal_binary_clean_v3\val\images\nozzle_tip_wrapped_0401.jpg,20260822
val,D:\ruanjianxiazai\pycharm2026\datasets\dataset_2_abnormal_binary_clean_v3\val\images\nozzle_tip_wrapped_0385.jpg,20260822
val,D:\ruanjianxiazai\pycharm2026\datasets\dataset_2_abnormal_binary_clean_v3\val\images\nozzle_extrusion_normal_0640.jpg,20260822
val,D:\ruanjianxiazai\pycharm2026\datasets\dataset_2_abnormal_binary_clean_v3\val\images\nozzle_extrusion_normal_1089.jpg,20260822
val,D:\ruanjianxiazai\pycharm2026\datasets\dataset_2_abnormal_binary_clean_v3\val\images\nozzle_tip_wrapped_0477.jpg,20260822
val,D:\ruanjianxiazai\pycharm2026\datasets\dataset_2_abnormal_binary_clean_v3\val\images\nozzle_extrusion_normal_0722.jpg,20260822
val,D:\ruanjianxiazai\pycharm2026\datasets\dataset_2_abnormal_binary_clean_v3\val\images\nozzle_extrusion_normal_0500.jpg,20260822
val,D:\ruanjianxiazai\pycharm2026\datasets\dataset_2_abnormal_binary_clean_v3\val\images\nozzle_extrusion_normal_0429.jpg,20260822
val,D:\ruanjianxiazai\pycharm2026\datasets\dataset_2_abnormal_binary_clean_v3\val\images\nozzle_no_extrusion_0489.jpg,20260822
val,D:\ruanjianxiazai\pycharm2026\datasets\dataset_2_abnormal_binary_clean_v3\val\images\nozzle_extrusion_normal_0949.jpg,20260822
val,D:\ruanjianxiazai\pycharm2026\datasets\dataset_2_abnormal_binary_clean_v3\val\images\nozzle_tip_wrapped_0484.jpg,20260822
val,D:\ruanjianxiazai\pycharm2026\datasets\dataset_2_abnormal_binary_clean_v3\val\images\nozzle_extrusion_normal_1433.jpg,20260822
val,D:\ruanjianxiazai\pycharm2026\datasets\dataset_2_abnormal_binary_clean_v3\val\images\nozzle_tip_wrapped_0664.jpg,20260822
val,D:\ruanjianxiazai\pycharm2026\datasets\dataset_2_abnormal_binary_clean_v3\val\images\nozzle_extrusion_normal_1101.jpg,20260822
val,D:\ruanjianxiazai\pycharm2026\datasets\dataset_2_abnormal_binary_clean_v3\val\images\nozzle_extrusion_normal_1415.jpg,20260822
val,D:\ruanjianxiazai\pycharm2026\datasets\dataset_2_abnormal_binary_clean_v3\val\images\nozzle_extrusion_normal_0095.jpg,20260822
val,D:\ruanjianxiazai\pycharm2026\datasets\dataset_2_abnormal_binary_clean_v3\val\images\nozzle_tip_wrapped_0862.jpg,20260822
val,D:\ruanjianxiazai\pycharm2026\datasets\dataset_2_abnormal_binary_clean_v3\val\images\nozzle_extrusion_normal_0824.jpg,20260822
val,D:\ruanjianxiazai\pycharm2026\datasets\dataset_2_abnormal_binary_clean_v3\val\images\nozzle_extrusion_normal_0411.jpg,20260822
val,D:\ruanjianxiazai\pycharm2026\datasets\dataset_2_abnormal_binary_clean_v3\val\images\nozzle_tip_wrapped_0745.jpg,20260822
val,D:\ruanjianxiazai\pycharm2026\datasets\dataset_2_abnormal_binary_clean_v3\val\images\nozzle_extrusion_normal_0877.jpg,20260822
val,D:\ruanjianxiazai\pycharm2026\datasets\dataset_2_abnormal_binary_clean_v3\val\images\nozzle_tip_wrapped_0003.jpg,20260822
val,D:\ruanjianxiazai\pycharm2026\datasets\dataset_2_abnormal_binary_clean_v3\val\images\nozzle_extrusion_normal_0097.jpg,20260822
val,D:\ruanjianxiazai\pycharm2026\datasets\dataset_2_abnormal_binary_clean_v3\val\images\nozzle_extrusion_normal_0449.jpg,20260822
val,D:\ruanjianxiazai\pycharm2026\datasets\dataset_2_abnormal_binary_clean_v3\val\images\nozzle_no_extrusion_0661.jpg,20260822
val,D:\ruanjianxiazai\pycharm2026\datasets\dataset_2_abnormal_binary_clean_v3\val\images\nozzle_extrusion_normal_0202.jpg,20260822
val,D:\ruanjianxiazai\pycharm2026\datasets\dataset_2_abnormal_binary_clean_v3\val\images\nozzle_tip_wrapped_0457.jpg,20260822
val,D:\ruanjianxiazai\pycharm2026\datasets\dataset_2_abnormal_binary_clean_v3\val\images\nozzle_tip_wrapped_0734.jpg,20260822
val,D:\ruanjianxiazai\pycharm2026\datasets\dataset_2_abnormal_binary_clean_v3\val\images\nozzle_extrusion_normal_1218.jpg,20260822
val,D:\ruanjianxiazai\pycharm2026\datasets\dataset_2_abnormal_binary_clean_v3\val\images\nozzle_extrusion_normal_0185.jpg,20260822
val,D:\ruanjianxiazai\pycharm2026\datasets\dataset_2_abnormal_binary_clean_v3\val\images\nozzle_extrusion_normal_0980.jpg,20260822
val,D:\ruanjianxiazai\pycharm2026\datasets\dataset_2_abnormal_binary_clean_v3\val\images\nozzle_extrusion_normal_0251.jpg,20260822
val,D:\ruanjianxiazai\pycharm2026\datasets\dataset_2_abnormal_binary_clean_v3\val\images\nozzle_no_extrusion_0762.jpg,20260822
val,D:\ruanjianxiazai\pycharm2026\datasets\dataset_2_abnormal_binary_clean_v3\val\images\nozzle_extrusion_normal_0438.jpg,20260822
val,D:\ruanjianxiazai\pycharm2026\datasets\dataset_2_abnormal_binary_clean_v3\val\images\nozzle_extrusion_normal_1430.jpg,20260822
val,D:\ruanjianxiazai\pycharm2026\datasets\dataset_2_abnormal_binary_clean_v3\val\images\nozzle_extrusion_normal_1211.jpg,20260822
val,D:\ruanjianxiazai\pycharm2026\datasets\dataset_2_abnormal_binary_clean_v3\val\images\nozzle_extrusion_normal_0179.jpg,20260822
val,D:\ruanjianxiazai\pycharm2026\datasets\dataset_2_abnormal_binary_clean_v3\val\images\nozzle_extrusion_normal_1378.jpg,20260822
val,D:\ruanjianxiazai\pycharm2026\datasets\dataset_2_abnormal_binary_clean_v3\val\images\nozzle_no_extrusion_0029.jpg,20260822
val,D:\ruanjianxiazai\pycharm2026\datasets\dataset_2_abnormal_binary_clean_v3\val\images\nozzle_extrusion_normal_1336.jpg,20260822
val,D:\ruanjianxiazai\pycharm2026\datasets\dataset_2_abnormal_binary_clean_v3\val\images\nozzle_no_extrusion_0683.jpg,20260822
val,D:\ruanjianxiazai\pycharm2026\datasets\dataset_2_abnormal_binary_clean_v3\val\images\nozzle_no_extrusion_0421.jpg,20260822
val,D:\ruanjianxiazai\pycharm2026\datasets\dataset_2_abnormal_binary_clean_v3\val\images\nozzle_no_extrusion_0759.jpg,20260822
val,D:\ruanjianxiazai\pycharm2026\datasets\dataset_2_abnormal_binary_clean_v3\val\images\nozzle_tip_wrapped_0456.jpg,20260822
val,D:\ruanjianxiazai\pycharm2026\datasets\dataset_2_abnormal_binary_clean_v3\val\images\nozzle_no_extrusion_0780.jpg,20260822
val,D:\ruanjianxiazai\pycharm2026\datasets\dataset_2_abnormal_binary_clean_v3\val\images\nozzle_extrusion_normal_0695.jpg,20260822
val,D:\ruanjianxiazai\pycharm2026\datasets\dataset_2_abnormal_binary_clean_v3\val\images\nozzle_extrusion_normal_0751.jpg,20260822
val,D:\ruanjianxiazai\pycharm2026\datasets\dataset_2_abnormal_binary_clean_v3\val\images\nozzle_no_extrusion_0092.jpg,20260822
val,D:\ruanjianxiazai\pycharm2026\datasets\dataset_2_abnormal_binary_clean_v3\val\images\nozzle_extrusion_normal_0317.jpg,20260822
val,D:\ruanjianxiazai\pycharm2026\datasets\dataset_2_abnormal_binary_clean_v3\val\images\nozzle_extrusion_normal_0939.jpg,20260822
val,D:\ruanjianxiazai\pycharm2026\datasets\dataset_2_abnormal_binary_clean_v3\val\images\nozzle_tip_wrapped_0468.jpg,20260822
val,D:\ruanjianxiazai\pycharm2026\datasets\dataset_2_abnormal_binary_clean_v3\val\images\nozzle_tip_wrapped_0282.jpg,20260822
val,D:\ruanjianxiazai\pycharm2026\datasets\dataset_2_abnormal_binary_clean_v3\val\images\nozzle_no_extrusion_0716.jpg,20260822
val,D:\ruanjianxiazai\pycharm2026\datasets\dataset_2_abnormal_binary_clean_v3\val\images\nozzle_tip_wrapped_0821.jpg,20260822
val,D:\ruanjianxiazai\pycharm2026\datasets\dataset_2_abnormal_binary_clean_v3\val\images\nozzle_extrusion_normal_0131.jpg,20260822
val,D:\ruanjianxiazai\pycharm2026\datasets\dataset_2_abnormal_binary_clean_v3\val\images\nozzle_tip_wrapped_1184.jpg,20260822
val,D:\ruanjianxiazai\pycharm2026\datasets\dataset_2_abnormal_binary_clean_v3\val\images\nozzle_tip_wrapped_0208.jpg,20260822
val,D:\ruanjianxiazai\pycharm2026\datasets\dataset_2_abnormal_binary_clean_v3\val\images\nozzle_extrusion_normal_1204.jpg,20260822
val,D:\ruanjianxiazai\pycharm2026\datasets\dataset_2_abnormal_binary_clean_v3\val\images\nozzle_tip_wrapped_0498.jpg,20260822
val,D:\ruanjianxiazai\pycharm2026\datasets\dataset_2_abnormal_binary_clean_v3\val\images\nozzle_extrusion_normal_0238.jpg,20260822
val,D:\ruanjianxiazai\pycharm2026\datasets\dataset_2_abnormal_binary_clean_v3\val\images\nozzle_extrusion_normal_1010.jpg,20260822
val,D:\ruanjianxiazai\pycharm2026\datasets\dataset_2_abnormal_binary_clean_v3\val\images\nozzle_no_extrusion_0396.jpg,20260822
val,D:\ruanjianxiazai\pycharm2026\datasets\dataset_2_abnormal_binary_clean_v3\val\images\nozzle_extrusion_normal_0952.jpg,20260822
val,D:\ruanjianxiazai\pycharm2026\datasets\dataset_2_abnormal_binary_clean_v3\val\images\nozzle_no_extrusion_0868.jpg,20260822
val,D:\ruanjianxiazai\pycharm2026\datasets\dataset_2_abnormal_binary_clean_v3\val\images\nozzle_tip_wrapped_0339.jpg,20260822
val,D:\ruanjianxiazai\pycharm2026\datasets\dataset_2_abnormal_binary_clean_v3\val\images\nozzle_extrusion_normal_0654.jpg,20260822
val,D:\ruanjianxiazai\pycharm2026\datasets\dataset_2_abnormal_binary_clean_v3\val\images\nozzle_extrusion_normal_0173.jpg,20260822
val,D:\ruanjianxiazai\pycharm2026\datasets\dataset_2_abnormal_binary_clean_v3\val\images\nozzle_extrusion_normal_0872.jpg,20260822
val,D:\ruanjianxiazai\pycharm2026\datasets\dataset_2_abnormal_binary_clean_v3\val\images\nozzle_no_extrusion_0785.jpg,20260822
val,D:\ruanjianxiazai\pycharm2026\datasets\dataset_2_abnormal_binary_clean_v3\val\images\nozzle_no_extrusion_0449.jpg,20260822
val,D:\ruanjianxiazai\pycharm2026\datasets\dataset_2_abnormal_binary_clean_v3\val\images\nozzle_extrusion_normal_0471.jpg,20260822
val,D:\ruanjianxiazai\pycharm2026\datasets\dataset_2_abnormal_binary_clean_v3\val\images\nozzle_extrusion_normal_0040.jpg,20260822
val,D:\ruanjianxiazai\pycharm2026\datasets\dataset_2_abnormal_binary_clean_v3\val\images\nozzle_tip_wrapped_0162.jpg,20260822
val,D:\ruanjianxiazai\pycharm2026\datasets\dataset_2_abnormal_binary_clean_v3\val\images\nozzle_extrusion_normal_0035.jpg,20260822
val,D:\ruanjianxiazai\pycharm2026\datasets\dataset_2_abnormal_binary_clean_v3\val\images\nozzle_tip_wrapped_0585.jpg,20260822
val,D:\ruanjianxiazai\pycharm2026\datasets\dataset_2_abnormal_binary_clean_v3\val\images\nozzle_extrusion_normal_0645.jpg,20260822
val,D:\ruanjianxiazai\pycharm2026\datasets\dataset_2_abnormal_binary_clean_v3\val\images\nozzle_no_extrusion_0393.jpg,20260822
val,D:\ruanjianxiazai\pycharm2026\datasets\dataset_2_abnormal_binary_clean_v3\val\images\nozzle_extrusion_normal_0549.jpg,20260822
val,D:\ruanjianxiazai\pycharm2026\datasets\dataset_2_abnormal_binary_clean_v3\val\images\nozzle_extrusion_normal_0261.jpg,20260822
val,D:\ruanjianxiazai\pycharm2026\datasets\dataset_2_abnormal_binary_clean_v3\val\images\nozzle_tip_wrapped_0686.jpg,20260822
val,D:\ruanjianxiazai\pycharm2026\datasets\dataset_2_abnormal_binary_clean_v3\val\images\nozzle_tip_wrapped_1247.jpg,20260822
val,D:\ruanjianxiazai\pycharm2026\datasets\dataset_2_abnormal_binary_clean_v3\val\images\nozzle_extrusion_normal_1410.jpg,20260822
val,D:\ruanjianxiazai\pycharm2026\datasets\dataset_2_abnormal_binary_clean_v3\val\images\nozzle_extrusion_normal_0243.jpg,20260822
val,D:\ruanjianxiazai\pycharm2026\datasets\dataset_2_abnormal_binary_clean_v3\val\images\nozzle_no_extrusion_0410.jpg,20260822
val,D:\ruanjianxiazai\pycharm2026\datasets\dataset_2_abnormal_binary_clean_v3\val\images\nozzle_extrusion_normal_0030.jpg,20260822
val,D:\ruanjianxiazai\pycharm2026\datasets\dataset_2_abnormal_binary_clean_v3\val\images\nozzle_tip_wrapped_0852.jpg,20260822
val,D:\ruanjianxiazai\pycharm2026\datasets\dataset_2_abnormal_binary_clean_v3\val\images\nozzle_no_extrusion_0824.jpg,20260822
val,D:\ruanjianxiazai\pycharm2026\datasets\dataset_2_abnormal_binary_clean_v3\val\images\nozzle_extrusion_normal_1511.jpg,20260822
val,D:\ruanjianxiazai\pycharm2026\datasets\dataset_2_abnormal_binary_clean_v3\val\images\nozzle_extrusion_normal_0271.jpg,20260822
val,D:\ruanjianxiazai\pycharm2026\datasets\dataset_2_abnormal_binary_clean_v3\val\images\nozzle_tip_wrapped_0170.jpg,20260822
val,D:\ruanjianxiazai\pycharm2026\datasets\dataset_2_abnormal_binary_clean_v3\val\images\nozzle_tip_wrapped_0238.jpg,20260822
val,D:\ruanjianxiazai\pycharm2026\datasets\dataset_2_abnormal_binary_clean_v3\val\images\nozzle_extrusion_normal_0842.jpg,20260822
val,D:\ruanjianxiazai\pycharm2026\datasets\dataset_2_abnormal_binary_clean_v3\val\images\nozzle_tip_wrapped_0497.jpg,20260822
val,D:\ruanjianxiazai\pycharm2026\datasets\dataset_2_abnormal_binary_clean_v3\val\images\nozzle_tip_wrapped_0918.jpg,20260822
val,D:\ruanjianxiazai\pycharm2026\datasets\dataset_2_abnormal_binary_clean_v3\val\images\nozzle_tip_wrapped_0141.jpg,20260822
val,D:\ruanjianxiazai\pycharm2026\datasets\dataset_2_abnormal_binary_clean_v3\val\images\nozzle_no_extrusion_0110.jpg,20260822
val,D:\ruanjianxiazai\pycharm2026\datasets\dataset_2_abnormal_binary_clean_v3\val\images\nozzle_extrusion_normal_0895.jpg,20260822
val,D:\ruanjianxiazai\pycharm2026\datasets\dataset_2_abnormal_binary_clean_v3\val\images\nozzle_extrusion_normal_0560.jpg,20260822
val,D:\ruanjianxiazai\pycharm2026\datasets\dataset_2_abnormal_binary_clean_v3\val\images\nozzle_tip_wrapped_0744.jpg,20260822
val,D:\ruanjianxiazai\pycharm2026\datasets\dataset_2_abnormal_binary_clean_v3\val\images\nozzle_tip_wrapped_1194.jpg,20260822
val,D:\ruanjianxiazai\pycharm2026\datasets\dataset_2_abnormal_binary_clean_v3\val\images\nozzle_tip_wrapped_1094.jpg,20260822
val,D:\ruanjianxiazai\pycharm2026\datasets\dataset_2_abnormal_binary_clean_v3\val\images\nozzle_extrusion_normal_1178.jpg,20260822
val,D:\ruanjianxiazai\pycharm2026\datasets\dataset_2_abnormal_binary_clean_v3\val\images\nozzle_extrusion_normal_1128.jpg,20260822
val,D:\ruanjianxiazai\pycharm2026\datasets\dataset_2_abnormal_binary_clean_v3\val\images\nozzle_no_extrusion_0600.jpg,20260822
val,D:\ruanjianxiazai\pycharm2026\datasets\dataset_2_abnormal_binary_clean_v3\val\images\nozzle_extrusion_normal_1158.jpg,20260822
val,D:\ruanjianxiazai\pycharm2026\datasets\dataset_2_abnormal_binary_clean_v3\val\images\nozzle_tip_wrapped_0522.jpg,20260822
val,D:\ruanjianxiazai\pycharm2026\datasets\dataset_2_abnormal_binary_clean_v3\val\images\nozzle_tip_wrapped_1260.jpg,20260822
val,D:\ruanjianxiazai\pycharm2026\datasets\dataset_2_abnormal_binary_clean_v3\val\images\nozzle_extrusion_normal_0931.jpg,20260822
val,D:\ruanjianxiazai\pycharm2026\datasets\dataset_2_abnormal_binary_clean_v3\val\images\nozzle_tip_wrapped_1314.jpg,20260822
val,D:\ruanjianxiazai\pycharm2026\datasets\dataset_2_abnormal_binary_clean_v3\val\images\nozzle_tip_wrapped_0117.jpg,20260822
val,D:\ruanjianxiazai\pycharm2026\datasets\dataset_2_abnormal_binary_clean_v3\val\images\nozzle_tip_wrapped_1123.jpg,20260822
val,D:\ruanjianxiazai\pycharm2026\datasets\dataset_2_abnormal_binary_clean_v3\val\images\nozzle_tip_wrapped_1298.jpg,20260822
val,D:\ruanjianxiazai\pycharm2026\datasets\dataset_2_abnormal_binary_clean_v3\val\images\nozzle_extrusion_normal_0639.jpg,20260822
val,D:\ruanjianxiazai\pycharm2026\datasets\dataset_2_abnormal_binary_clean_v3\val\images\nozzle_no_extrusion_0526.jpg,20260822
val,D:\ruanjianxiazai\pycharm2026\datasets\dataset_2_abnormal_binary_clean_v3\val\images\nozzle_tip_wrapped_0853.jpg,20260822
val,D:\ruanjianxiazai\pycharm2026\datasets\dataset_2_abnormal_binary_clean_v3\val\images\nozzle_extrusion_normal_0334.jpg,20260822
val,D:\ruanjianxiazai\pycharm2026\datasets\dataset_2_abnormal_binary_clean_v3\val\images\nozzle_extrusion_normal_1454.jpg,20260822
val,D:\ruanjianxiazai\pycharm2026\datasets\dataset_2_abnormal_binary_clean_v3\val\images\nozzle_heavy_contamination_0005.jpg,20260822
val,D:\ruanjianxiazai\pycharm2026\datasets\dataset_2_abnormal_binary_clean_v3\val\images\nozzle_tip_wrapped_1171.jpg,20260822
val,D:\ruanjianxiazai\pycharm2026\datasets\dataset_2_abnormal_binary_clean_v3\val\images\nozzle_no_extrusion_0125.jpg,20260822
val,D:\ruanjianxiazai\pycharm2026\datasets\dataset_2_abnormal_binary_clean_v3\val\images\nozzle_no_extrusion_0778.jpg,20260822
val,D:\ruanjianxiazai\pycharm2026\datasets\dataset_2_abnormal_binary_clean_v3\val\images\nozzle_extrusion_normal_0112.jpg,20260822
val,D:\ruanjianxiazai\pycharm2026\datasets\dataset_2_abnormal_binary_clean_v3\val\images\nozzle_no_extrusion_0607.jpg,20260822
val,D:\ruanjianxiazai\pycharm2026\datasets\dataset_2_abnormal_binary_clean_v3\val\images\nozzle_no_extrusion_0601.jpg,20260822
val,D:\ruanjianxiazai\pycharm2026\datasets\dataset_2_abnormal_binary_clean_v3\val\images\nozzle_slight_contamination_0004.jpg,20260822
val,D:\ruanjianxiazai\pycharm2026\datasets\dataset_2_abnormal_binary_clean_v3\val\images\nozzle_tip_wrapped_0687.jpg,20260822
val,D:\ruanjianxiazai\pycharm2026\datasets\dataset_2_abnormal_binary_clean_v3\val\images\nozzle_extrusion_normal_0422.jpg,20260822
val,D:\ruanjianxiazai\pycharm2026\datasets\dataset_2_abnormal_binary_clean_v3\val\images\nozzle_extrusion_normal_0218.jpg,20260822
val,D:\ruanjianxiazai\pycharm2026\datasets\dataset_2_abnormal_binary_clean_v3\val\images\nozzle_tip_wrapped_0899.jpg,20260822
val,D:\ruanjianxiazai\pycharm2026\datasets\dataset_2_abnormal_binary_clean_v3\val\images\nozzle_extrusion_normal_1384.jpg,20260822
val,D:\ruanjianxiazai\pycharm2026\datasets\dataset_2_abnormal_binary_clean_v3\val\images\nozzle_no_extrusion_0666.jpg,20260822
val,D:\ruanjianxiazai\pycharm2026\datasets\dataset_2_abnormal_binary_clean_v3\val\images\nozzle_tip_wrapped_0956.jpg,20260822
val,D:\ruanjianxiazai\pycharm2026\datasets\dataset_2_abnormal_binary_clean_v3\val\images\nozzle_tip_wrapped_1122.jpg,20260822
val,D:\ruanjianxiazai\pycharm2026\datasets\dataset_2_abnormal_binary_clean_v3\val\images\nozzle_tip_wrapped_0177.jpg,20260822
