重复组编号,SHA256,数据划分,图片路径,是否跨集合,重复组所在集合
1,7be849698def405a1cdd3f760f1565b59ffc3184d2ba3a6b75adc82b13c6efbc,train,/mnt/d/ruanjianxiazai/pycharm2026/datasets/dataset_2/train/images/nozzle_clean_0001.jpg,False,train
1,7be849698def405a1cdd3f760f1565b59ffc3184d2ba3a6b75adc82b13c6efbc,train,/mnt/d/ruanjianxiazai/pycharm2026/datasets/dataset_2/train/images/nozzle_no_extrusion_0001.jpg,False,train
2,810f558200e57aff68dbfc9e137ec12ac917963b13889d1ffddf58815623a439,train,/mnt/d/ruanjianxiazai/pycharm2026/datasets/dataset_2/train/images/nozzle_clean_0002.jpg,False,train
2,810f558200e57aff68dbfc9e137ec12ac917963b13889d1ffddf58815623a439,train,/mnt/d/ruanjianxiazai/pycharm2026/datasets/dataset_2/train/images/nozzle_no_extrusion_0002.jpg,False,train
3,df165b5d7199194ceba2322361d6d122f7b377fab5e6c7576c194a6ec1ff4bc0,train,/mnt/d/ruanjianxiazai/pycharm2026/datasets/dataset_2/train/images/nozzle_clean_0011.jpg,False,train
3,df165b5d7199194ceba2322361d6d122f7b377fab5e6c7576c194a6ec1ff4bc0,train,/mnt/d/ruanjianxiazai/pycharm2026/datasets/dataset_2/train/images/nozzle_no_extrusion_0004.jpg,False,train
4,1b2931e1b78cda45eb81e4277564991a583acb58b1083f3c8440dfdc5e5c0870,train,/mnt/d/ruanjianxiazai/pycharm2026/datasets/dataset_2/train/images/nozzle_clean_0012.jpg,True,"test,train"
4,1b2931e1b78cda45eb81e4277564991a583acb58b1083f3c8440dfdc5e5c0870,test,/mnt/d/ruanjianxiazai/pycharm2026/datasets/dataset_2/test/images/nozzle_no_extrusion_0005.jpg,True,"test,train"
5,43037cde9373a3814e6d6db9aa59f5f32062f8cd124d4df63a4f91bc9b4b77b3,train,/mnt/d/ruanjianxiazai/pycharm2026/datasets/dataset_2/train/images/nozzle_clean_0014.jpg,False,train
5,43037cde9373a3814e6d6db9aa59f5f32062f8cd124d4df63a4f91bc9b4b77b3,train,/mnt/d/ruanjianxiazai/pycharm2026/datasets/dataset_2/train/images/nozzle_no_extrusion_0007.jpg,False,train
6,855c6f4d0c4918597b7556d786ee8addd498cdc1bc3dabcc3a7ca162523c0844,train,/mnt/d/ruanjianxiazai/pycharm2026/datasets/dataset_2/train/images/nozzle_clean_0015.jpg,False,train
6,855c6f4d0c4918597b7556d786ee8addd498cdc1bc3dabcc3a7ca162523c0844,train,/mnt/d/ruanjianxiazai/pycharm2026/datasets/dataset_2/train/images/nozzle_no_extrusion_0008.jpg,False,train
7,4d2d76aa321da2ced366dc26749016dacf958bd069ca159eeba9e173a52cb6c4,train,/mnt/d/ruanjianxiazai/pycharm2026/datasets/dataset_2/train/images/nozzle_clean_0016.jpg,False,train
7,4d2d76aa321da2ced366dc26749016dacf958bd069ca159eeba9e173a52cb6c4,train,/mnt/d/ruanjianxiazai/pycharm2026/datasets/dataset_2/train/images/nozzle_no_extrusion_0009.jpg,False,train
8,f290b4fd42b2f3ae1792bcb9fb89e994fe327956cb954c30b8dd0f22c871c69b,train,/mnt/d/ruanjianxiazai/pycharm2026/datasets/dataset_2/train/images/nozzle_clean_0018.jpg,False,train
8,f290b4fd42b2f3ae1792bcb9fb89e994fe327956cb954c30b8dd0f22c871c69b,train,/mnt/d/ruanjianxiazai/pycharm2026/datasets/dataset_2/train/images/nozzle_no_extrusion_0011.jpg,False,train
9,526bd18e9397c7bb54ccf097ccaf3784faf7b88534631d3d9ea8f4fb8b271dc0,train,/mnt/d/ruanjianxiazai/pycharm2026/datasets/dataset_2/train/images/nozzle_clean_0019.jpg,True,"train,val"
9,526bd18e9397c7bb54ccf097ccaf3784faf7b88534631d3d9ea8f4fb8b271dc0,val,/mnt/d/ruanjianxiazai/pycharm2026/datasets/dataset_2/val/images/nozzle_no_extrusion_0012.jpg,True,"train,val"
10,c40112b9635ea14c494ce352d10735fec253c49d306290fc973353690291843a,train,/mnt/d/ruanjianxiazai/pycharm2026/datasets/dataset_2/train/images/nozzle_clean_0020.jpg,False,train
10,c40112b9635ea14c494ce352d10735fec253c49d306290fc973353690291843a,train,/mnt/d/ruanjianxiazai/pycharm2026/datasets/dataset_2/train/images/nozzle_no_extrusion_0013.jpg,False,train
11,27fa6df92baf397a575679da3d087e88ddaae8ed4a4b556d68a7bc542ba5d670,train,/mnt/d/ruanjianxiazai/pycharm2026/datasets/dataset_2/train/images/nozzle_clean_0021.jpg,False,train
11,27fa6df92baf397a575679da3d087e88ddaae8ed4a4b556d68a7bc542ba5d670,train,/mnt/d/ruanjianxiazai/pycharm2026/datasets/dataset_2/train/images/nozzle_no_extrusion_0014.jpg,False,train
12,fdf26f3e6e544b1eee68b112af75fc1a0954df0229f25de7100c950d82971b2b,train,/mnt/d/ruanjianxiazai/pycharm2026/datasets/dataset_2/train/images/nozzle_clean_0022.jpg,False,train
12,fdf26f3e6e544b1eee68b112af75fc1a0954df0229f25de7100c950d82971b2b,train,/mnt/d/ruanjianxiazai/pycharm2026/datasets/dataset_2/train/images/nozzle_no_extrusion_0015.jpg,False,train
13,ffac57060b2b357216b7db50f1a146aeb6c5233faf8167906e5e9b6711ab3033,train,/mnt/d/ruanjianxiazai/pycharm2026/datasets/dataset_2/train/images/nozzle_clean_0023.jpg,False,train
13,ffac57060b2b357216b7db50f1a146aeb6c5233faf8167906e5e9b6711ab3033,train,/mnt/d/ruanjianxiazai/pycharm2026/datasets/dataset_2/train/images/nozzle_no_extrusion_0016.jpg,False,train
14,1a3e8b86cc4eacc9e6a21925dd03ab16cd1ef977bf03093d0bcbaf2ba512675a,train,/mnt/d/ruanjianxiazai/pycharm2026/datasets/dataset_2/train/images/nozzle_clean_0024.jpg,False,train
14,1a3e8b86cc4eacc9e6a21925dd03ab16cd1ef977bf03093d0bcbaf2ba512675a,train,/mnt/d/ruanjianxiazai/pycharm2026/datasets/dataset_2/train/images/nozzle_no_extrusion_0017.jpg,False,train
15,060fb68f0cf3658be624ee12236b4f1dfff6f03c39d87b8ef2a94fa233f7636e,train,/mnt/d/ruanjianxiazai/pycharm2026/datasets/dataset_2/train/images/nozzle_clean_0025.jpg,True,"test,train"
15,060fb68f0cf3658be624ee12236b4f1dfff6f03c39d87b8ef2a94fa233f7636e,test,/mnt/d/ruanjianxiazai/pycharm2026/datasets/dataset_2/test/images/nozzle_no_extrusion_0018.jpg,True,"test,train"
16,37636971f840f72f05328acba565dac923d5ba4b239aa4e225e2b9b2c1c32a4d,train,/mnt/d/ruanjianxiazai/pycharm2026/datasets/dataset_2/train/images/nozzle_clean_0027.jpg,False,train
16,37636971f840f72f05328acba565dac923d5ba4b239aa4e225e2b9b2c1c32a4d,train,/mnt/d/ruanjianxiazai/pycharm2026/datasets/dataset_2/train/images/nozzle_no_extrusion_0020.jpg,False,train
17,b2d2fd8481a96f83e6622c2b8a94169dbc074656628380b7ca46ad3e702c2fd7,train,/mnt/d/ruanjianxiazai/pycharm2026/datasets/dataset_2/train/images/nozzle_clean_0028.jpg,False,train
17,b2d2fd8481a96f83e6622c2b8a94169dbc074656628380b7ca46ad3e702c2fd7,train,/mnt/d/ruanjianxiazai/pycharm2026/datasets/dataset_2/train/images/nozzle_no_extrusion_0021.jpg,False,train
18,07b683be5723e4b4ad1164b4d67d5e1449da470a0bba3967ed2b64dbe8b50295,train,/mnt/d/ruanjianxiazai/pycharm2026/datasets/dataset_2/train/images/nozzle_clean_0030.jpg,True,"train,val"
18,07b683be5723e4b4ad1164b4d67d5e1449da470a0bba3967ed2b64dbe8b50295,val,/mnt/d/ruanjianxiazai/pycharm2026/datasets/dataset_2/val/images/nozzle_no_extrusion_0023.jpg,True,"train,val"
19,a8bedfa43a686ab04ef5e2ac0840c4f204cd6f5ad6da8a547713eeb670affad2,train,/mnt/d/ruanjianxiazai/pycharm2026/datasets/dataset_2/train/images/nozzle_clean_0031.jpg,False,train
19,a8bedfa43a686ab04ef5e2ac0840c4f204cd6f5ad6da8a547713eeb670affad2,train,/mnt/d/ruanjianxiazai/pycharm2026/datasets/dataset_2/train/images/nozzle_no_extrusion_0024.jpg,False,train
20,4106fbf8a9ebd489e7778a35f1a41398a97fba6e82f198d6aaa56689b8c6a219,train,/mnt/d/ruanjianxiazai/pycharm2026/datasets/dataset_2/train/images/nozzle_clean_0032.jpg,False,train
20,4106fbf8a9ebd489e7778a35f1a41398a97fba6e82f198d6aaa56689b8c6a219,train,/mnt/d/ruanjianxiazai/pycharm2026/datasets/dataset_2/train/images/nozzle_no_extrusion_0025.jpg,False,train
21,337004ee8c2959901353ae84a7f91decaa218721fd2c4834d2e321228677dc0e,train,/mnt/d/ruanjianxiazai/pycharm2026/datasets/dataset_2/train/images/nozzle_clean_0034.jpg,False,train
21,337004ee8c2959901353ae84a7f91decaa218721fd2c4834d2e321228677dc0e,train,/mnt/d/ruanjianxiazai/pycharm2026/datasets/dataset_2/train/images/nozzle_no_extrusion_0027.jpg,False,train
22,76816a43c5fcf7d670721cbba4a921b5f499fd192513c003307e8965637e93e6,train,/mnt/d/ruanjianxiazai/pycharm2026/datasets/dataset_2/train/images/nozzle_clean_0035.jpg,False,train
22,76816a43c5fcf7d670721cbba4a921b5f499fd192513c003307e8965637e93e6,train,/mnt/d/ruanjianxiazai/pycharm2026/datasets/dataset_2/train/images/nozzle_no_extrusion_0028.jpg,False,train
23,253c6aca2bb0d1b1f763d29af08f111fb0aabafc13e29ec7aa885b769d4428af,train,/mnt/d/ruanjianxiazai/pycharm2026/datasets/dataset_2/train/images/nozzle_clean_0036.jpg,True,"test,train"
23,253c6aca2bb0d1b1f763d29af08f111fb0aabafc13e29ec7aa885b769d4428af,test,/mnt/d/ruanjianxiazai/pycharm2026/datasets/dataset_2/test/images/nozzle_no_extrusion_0029.jpg,True,"test,train"
24,658741e8b820ff7ef455d7f4dfca2d611475d7e1303f82e71eaccfbf0233dd06,train,/mnt/d/ruanjianxiazai/pycharm2026/datasets/dataset_2/train/images/nozzle_clean_0037.jpg,False,train
24,658741e8b820ff7ef455d7f4dfca2d611475d7e1303f82e71eaccfbf0233dd06,train,/mnt/d/ruanjianxiazai/pycharm2026/datasets/dataset_2/train/images/nozzle_no_extrusion_0030.jpg,False,train
25,7cd403f25dd0f83d163edb73b086914c2d07a2a0e4f8d44812b5266ec49f0255,train,/mnt/d/ruanjianxiazai/pycharm2026/datasets/dataset_2/train/images/nozzle_clean_0039.jpg,False,train
25,7cd403f25dd0f83d163edb73b086914c2d07a2a0e4f8d44812b5266ec49f0255,train,/mnt/d/ruanjianxiazai/pycharm2026/datasets/dataset_2/train/images/nozzle_no_extrusion_0032.jpg,False,train
26,0d50a7c4685b96bfb62e8261beed51318813291b0f9b8eee532f0fe822ae3a86,train,/mnt/d/ruanjianxiazai/pycharm2026/datasets/dataset_2/train/images/nozzle_clean_0040.jpg,True,"train,val"
26,0d50a7c4685b96bfb62e8261beed51318813291b0f9b8eee532f0fe822ae3a86,val,/mnt/d/ruanjianxiazai/pycharm2026/datasets/dataset_2/val/images/nozzle_no_extrusion_0033.jpg,True,"train,val"
27,45c25b39cd8d6ed571e4def9391ebd2d5ce6e22471829a1cd8774aeff14112f2,train,/mnt/d/ruanjianxiazai/pycharm2026/datasets/dataset_2/train/images/nozzle_clean_0042.jpg,False,train
27,45c25b39cd8d6ed571e4def9391ebd2d5ce6e22471829a1cd8774aeff14112f2,train,/mnt/d/ruanjianxiazai/pycharm2026/datasets/dataset_2/train/images/nozzle_no_extrusion_0035.jpg,False,train
28,79d49c090cd366c3c74f65d7baa91380ac143fda520d9d055770fb03d8eebaf7,train,/mnt/d/ruanjianxiazai/pycharm2026/datasets/dataset_2/train/images/nozzle_clean_0043.jpg,True,"train,val"
28,79d49c090cd366c3c74f65d7baa91380ac143fda520d9d055770fb03d8eebaf7,val,/mnt/d/ruanjianxiazai/pycharm2026/datasets/dataset_2/val/images/nozzle_no_extrusion_0036.jpg,True,"train,val"
29,400709f5c02cbf9b3492c208d0daf1dfb596e99961364c961ec693353d27bf61,train,/mnt/d/ruanjianxiazai/pycharm2026/datasets/dataset_2/train/images/nozzle_clean_0044.jpg,True,"train,val"
29,400709f5c02cbf9b3492c208d0daf1dfb596e99961364c961ec693353d27bf61,val,/mnt/d/ruanjianxiazai/pycharm2026/datasets/dataset_2/val/images/nozzle_no_extrusion_0037.jpg,True,"train,val"
30,80383ae707c498163c604c0016565d2361c95fba22125e2e22928b4f6929d81a,train,/mnt/d/ruanjianxiazai/pycharm2026/datasets/dataset_2/train/images/nozzle_clean_0046.jpg,True,"test,train"
30,80383ae707c498163c604c0016565d2361c95fba22125e2e22928b4f6929d81a,test,/mnt/d/ruanjianxiazai/pycharm2026/datasets/dataset_2/test/images/nozzle_no_extrusion_0039.jpg,True,"test,train"
31,6f9a92fcb385401dc73f8743877e304989f1c62c3338685bf3bd38654911499d,train,/mnt/d/ruanjianxiazai/pycharm2026/datasets/dataset_2/train/images/nozzle_clean_0047.jpg,True,"test,train"
31,6f9a92fcb385401dc73f8743877e304989f1c62c3338685bf3bd38654911499d,test,/mnt/d/ruanjianxiazai/pycharm2026/datasets/dataset_2/test/images/nozzle_no_extrusion_0040.jpg,True,"test,train"
32,66bc456e912474d4c62f732c347c77fd379af600eb0bc9f1b7453789502fe1b6,train,/mnt/d/ruanjianxiazai/pycharm2026/datasets/dataset_2/train/images/nozzle_clean_0049.jpg,False,train
32,66bc456e912474d4c62f732c347c77fd379af600eb0bc9f1b7453789502fe1b6,train,/mnt/d/ruanjianxiazai/pycharm2026/datasets/dataset_2/train/images/nozzle_no_extrusion_0042.jpg,False,train
33,465e5a4f11c68838565f2a6efc2a17f67e408ff944f81a755aa6f885a892846a,train,/mnt/d/ruanjianxiazai/pycharm2026/datasets/dataset_2/train/images/nozzle_clean_0051.jpg,False,train
33,465e5a4f11c68838565f2a6efc2a17f67e408ff944f81a755aa6f885a892846a,train,/mnt/d/ruanjianxiazai/pycharm2026/datasets/dataset_2/train/images/nozzle_no_extrusion_0044.jpg,False,train
34,df88b7694bfe3a0835f2cdbeb4bd4bbd5c83e15413f55babcf31494b9ee59ebb,train,/mnt/d/ruanjianxiazai/pycharm2026/datasets/dataset_2/train/images/nozzle_clean_0052.jpg,False,train
34,df88b7694bfe3a0835f2cdbeb4bd4bbd5c83e15413f55babcf31494b9ee59ebb,train,/mnt/d/ruanjianxiazai/pycharm2026/datasets/dataset_2/train/images/nozzle_no_extrusion_0045.jpg,False,train
35,6d5c23f9768d41ea84ce610ff2325ce775765b0b53ca930af1b145daad17b098,train,/mnt/d/ruanjianxiazai/pycharm2026/datasets/dataset_2/train/images/nozzle_clean_0054.jpg,False,train
35,6d5c23f9768d41ea84ce610ff2325ce775765b0b53ca930af1b145daad17b098,train,/mnt/d/ruanjianxiazai/pycharm2026/datasets/dataset_2/train/images/nozzle_no_extrusion_0047.jpg,False,train
36,cf94f58aecbca3054b7403f2f9b1534dfe6c0319c6d12d89c09454141c448a0f,train,/mnt/d/ruanjianxiazai/pycharm2026/datasets/dataset_2/train/images/nozzle_clean_0055.jpg,False,train
36,cf94f58aecbca3054b7403f2f9b1534dfe6c0319c6d12d89c09454141c448a0f,train,/mnt/d/ruanjianxiazai/pycharm2026/datasets/dataset_2/train/images/nozzle_no_extrusion_0048.jpg,False,train
37,ec6a9a3a521f50600390e310f7288f5f2334a9850774dd1c0658d1a1396dadfd,train,/mnt/d/ruanjianxiazai/pycharm2026/datasets/dataset_2/train/images/nozzle_clean_0059.jpg,False,train
37,ec6a9a3a521f50600390e310f7288f5f2334a9850774dd1c0658d1a1396dadfd,train,/mnt/d/ruanjianxiazai/pycharm2026/datasets/dataset_2/train/images/nozzle_no_extrusion_0052.jpg,False,train
38,fd9485d56f7618449b585cc70840e779451195301ea6a82d695226d0aa7cea39,train,/mnt/d/ruanjianxiazai/pycharm2026/datasets/dataset_2/train/images/nozzle_clean_0060.jpg,False,train
38,fd9485d56f7618449b585cc70840e779451195301ea6a82d695226d0aa7cea39,train,/mnt/d/ruanjianxiazai/pycharm2026/datasets/dataset_2/train/images/nozzle_no_extrusion_0053.jpg,False,train
39,a44ee62f241f65846275e9fffd5f29c005fd2b7afd434f78312fa0d546e439c1,train,/mnt/d/ruanjianxiazai/pycharm2026/datasets/dataset_2/train/images/nozzle_clean_0061.jpg,False,train
39,a44ee62f241f65846275e9fffd5f29c005fd2b7afd434f78312fa0d546e439c1,train,/mnt/d/ruanjianxiazai/pycharm2026/datasets/dataset_2/train/images/nozzle_no_extrusion_0054.jpg,False,train
40,8b30199bfc778351821e4744d61050bef4aa0bbbf8b9810557681e7989d02bab,train,/mnt/d/ruanjianxiazai/pycharm2026/datasets/dataset_2/train/images/nozzle_clean_0063.jpg,False,train
40,8b30199bfc778351821e4744d61050bef4aa0bbbf8b9810557681e7989d02bab,train,/mnt/d/ruanjianxiazai/pycharm2026/datasets/dataset_2/train/images/nozzle_no_extrusion_0056.jpg,False,train
41,0780be859f884f8cf0eaec1ff6ca87711bc44cdf7d2e2ab0ebb86e62a7010f71,train,/mnt/d/ruanjianxiazai/pycharm2026/datasets/dataset_2/train/images/nozzle_clean_0065.jpg,False,train
41,0780be859f884f8cf0eaec1ff6ca87711bc44cdf7d2e2ab0ebb86e62a7010f71,train,/mnt/d/ruanjianxiazai/pycharm2026/datasets/dataset_2/train/images/nozzle_no_extrusion_0058.jpg,False,train
42,d6de4fd6917d12a095915cf82ba7567d8b0fec48e09df14057189c9575978b43,train,/mnt/d/ruanjianxiazai/pycharm2026/datasets/dataset_2/train/images/nozzle_clean_0066.jpg,True,"test,train"
42,d6de4fd6917d12a095915cf82ba7567d8b0fec48e09df14057189c9575978b43,test,/mnt/d/ruanjianxiazai/pycharm2026/datasets/dataset_2/test/images/nozzle_no_extrusion_0059.jpg,True,"test,train"
43,3d8a24d6445fe0073aa838216b305c4b805866465208747416b644b01bbd3003,train,/mnt/d/ruanjianxiazai/pycharm2026/datasets/dataset_2/train/images/nozzle_clean_0067.jpg,False,train
43,3d8a24d6445fe0073aa838216b305c4b805866465208747416b644b01bbd3003,train,/mnt/d/ruanjianxiazai/pycharm2026/datasets/dataset_2/train/images/nozzle_no_extrusion_0060.jpg,False,train
44,4871c399b0f9eb181f51f2ead368ae7c1a8dfdd0f75c0e3e7d49f4d0a2d8831f,train,/mnt/d/ruanjianxiazai/pycharm2026/datasets/dataset_2/train/images/nozzle_clean_0068.jpg,True,"train,val"
44,4871c399b0f9eb181f51f2ead368ae7c1a8dfdd0f75c0e3e7d49f4d0a2d8831f,val,/mnt/d/ruanjianxiazai/pycharm2026/datasets/dataset_2/val/images/nozzle_no_extrusion_0061.jpg,True,"train,val"
45,e911a3fcbb0b93fb4e2050a095fc825e30b51c7ccfd2c4fa043ecfec4559b0ab,train,/mnt/d/ruanjianxiazai/pycharm2026/datasets/dataset_2/train/images/nozzle_clean_0069.jpg,True,"test,train"
45,e911a3fcbb0b93fb4e2050a095fc825e30b51c7ccfd2c4fa043ecfec4559b0ab,test,/mnt/d/ruanjianxiazai/pycharm2026/datasets/dataset_2/test/images/nozzle_no_extrusion_0062.jpg,True,"test,train"
46,2ca02547f6e28bc6f0dbe6eadc34a9db5564b0e2621ef80b6907ea7e2948c35e,train,/mnt/d/ruanjianxiazai/pycharm2026/datasets/dataset_2/train/images/nozzle_clean_0071.jpg,False,train
46,2ca02547f6e28bc6f0dbe6eadc34a9db5564b0e2621ef80b6907ea7e2948c35e,train,/mnt/d/ruanjianxiazai/pycharm2026/datasets/dataset_2/train/images/nozzle_no_extrusion_0064.jpg,False,train
47,9ddda03212d278e4162231ab0acaeedec41a72dde930c403f944cc5d4064cc81,train,/mnt/d/ruanjianxiazai/pycharm2026/datasets/dataset_2/train/images/nozzle_clean_0072.jpg,True,"test,train"
47,9ddda03212d278e4162231ab0acaeedec41a72dde930c403f944cc5d4064cc81,test,/mnt/d/ruanjianxiazai/pycharm2026/datasets/dataset_2/test/images/nozzle_no_extrusion_0065.jpg,True,"test,train"
48,79cf78ad1bfeb6ad0e778a26151dafa5da1fad58f4fe396396ec76ca94f4792d,train,/mnt/d/ruanjianxiazai/pycharm2026/datasets/dataset_2/train/images/nozzle_clean_0073.jpg,False,train
48,79cf78ad1bfeb6ad0e778a26151dafa5da1fad58f4fe396396ec76ca94f4792d,train,/mnt/d/ruanjianxiazai/pycharm2026/datasets/dataset_2/train/images/nozzle_no_extrusion_0066.jpg,False,train
49,a7a48c167d32b9f65dbe30fd4f1327c7931d73ee3aee155e4bc56e8681ead493,train,/mnt/d/ruanjianxiazai/pycharm2026/datasets/dataset_2/train/images/nozzle_clean_0074.jpg,False,train
49,a7a48c167d32b9f65dbe30fd4f1327c7931d73ee3aee155e4bc56e8681ead493,train,/mnt/d/ruanjianxiazai/pycharm2026/datasets/dataset_2/train/images/nozzle_no_extrusion_0067.jpg,False,train
50,0224468a521dda6b2a66d66dddb637af7f46f7a41f6a31166de7cc520904d426,train,/mnt/d/ruanjianxiazai/pycharm2026/datasets/dataset_2/train/images/nozzle_clean_0075.jpg,False,train
50,0224468a521dda6b2a66d66dddb637af7f46f7a41f6a31166de7cc520904d426,train,/mnt/d/ruanjianxiazai/pycharm2026/datasets/dataset_2/train/images/nozzle_no_extrusion_0068.jpg,False,train
51,780826bc90302f1eeed7725676276f135a1bf358d39676d8618cf14b218d8c63,train,/mnt/d/ruanjianxiazai/pycharm2026/datasets/dataset_2/train/images/nozzle_clean_0077.jpg,False,train
51,780826bc90302f1eeed7725676276f135a1bf358d39676d8618cf14b218d8c63,train,/mnt/d/ruanjianxiazai/pycharm2026/datasets/dataset_2/train/images/nozzle_no_extrusion_0070.jpg,False,train
52,6ac0c3f0c6698e6bca9256f8cc46662e4ba3ec7100f462844d71a511a1d4b65b,train,/mnt/d/ruanjianxiazai/pycharm2026/datasets/dataset_2/train/images/nozzle_clean_0078.jpg,False,train
52,6ac0c3f0c6698e6bca9256f8cc46662e4ba3ec7100f462844d71a511a1d4b65b,train,/mnt/d/ruanjianxiazai/pycharm2026/datasets/dataset_2/train/images/nozzle_no_extrusion_0071.jpg,False,train
53,6df5836f7ae86387da82959899b2c4f20fe570193d14062899c4925b800df78e,train,/mnt/d/ruanjianxiazai/pycharm2026/datasets/dataset_2/train/images/nozzle_clean_0080.jpg,True,"test,train"
53,6df5836f7ae86387da82959899b2c4f20fe570193d14062899c4925b800df78e,test,/mnt/d/ruanjianxiazai/pycharm2026/datasets/dataset_2/test/images/nozzle_no_extrusion_0073.jpg,True,"test,train"
54,745330902dcfc85aef761e560f3e8d28e4d1a59f629c8b558a0cf8ece38a41cc,train,/mnt/d/ruanjianxiazai/pycharm2026/datasets/dataset_2/train/images/nozzle_clean_0081.jpg,False,train
54,745330902dcfc85aef761e560f3e8d28e4d1a59f629c8b558a0cf8ece38a41cc,train,/mnt/d/ruanjianxiazai/pycharm2026/datasets/dataset_2/train/images/nozzle_no_extrusion_0074.jpg,False,train
55,e06339f358d10bd45b66ca0e3d2bfc3b1abfeeee4c72885b59f180aad441fb4c,train,/mnt/d/ruanjianxiazai/pycharm2026/datasets/dataset_2/train/images/nozzle_clean_0082.jpg,False,train
55,e06339f358d10bd45b66ca0e3d2bfc3b1abfeeee4c72885b59f180aad441fb4c,train,/mnt/d/ruanjianxiazai/pycharm2026/datasets/dataset_2/train/images/nozzle_no_extrusion_0075.jpg,False,train
56,84735a9556f7c706942b734ecd8381677accc6439a3a6245dc16b645829d618c,train,/mnt/d/ruanjianxiazai/pycharm2026/datasets/dataset_2/train/images/nozzle_clean_0083.jpg,False,train
56,84735a9556f7c706942b734ecd8381677accc6439a3a6245dc16b645829d618c,train,/mnt/d/ruanjianxiazai/pycharm2026/datasets/dataset_2/train/images/nozzle_no_extrusion_0076.jpg,False,train
57,627b5a3b09f6ce446dbfa0059ef09d2fb084b1f268ae64475c28298d7cabf091,train,/mnt/d/ruanjianxiazai/pycharm2026/datasets/dataset_2/train/images/nozzle_clean_0085.jpg,True,"train,val"
57,627b5a3b09f6ce446dbfa0059ef09d2fb084b1f268ae64475c28298d7cabf091,val,/mnt/d/ruanjianxiazai/pycharm2026/datasets/dataset_2/val/images/nozzle_no_extrusion_0078.jpg,True,"train,val"
58,b1b081bbbcc2f867be7bc50705c4c68ddda691f39db364376ed8b41d1ba6fdb1,train,/mnt/d/ruanjianxiazai/pycharm2026/datasets/dataset_2/train/images/nozzle_clean_0086.jpg,False,train
58,b1b081bbbcc2f867be7bc50705c4c68ddda691f39db364376ed8b41d1ba6fdb1,train,/mnt/d/ruanjianxiazai/pycharm2026/datasets/dataset_2/train/images/nozzle_no_extrusion_0079.jpg,False,train
59,2760e11f967af51fdc4ef76e47f3bd794687a31d14a45efa45e87e6566e4cba7,train,/mnt/d/ruanjianxiazai/pycharm2026/datasets/dataset_2/train/images/nozzle_clean_0088.jpg,False,train
59,2760e11f967af51fdc4ef76e47f3bd794687a31d14a45efa45e87e6566e4cba7,train,/mnt/d/ruanjianxiazai/pycharm2026/datasets/dataset_2/train/images/nozzle_no_extrusion_0081.jpg,False,train
60,301686e0c880eb9c47b2ec5b011931c77b360c54ee59dc1997e6980cd57246f0,train,/mnt/d/ruanjianxiazai/pycharm2026/datasets/dataset_2/train/images/nozzle_clean_0090.jpg,True,"train,val"
60,301686e0c880eb9c47b2ec5b011931c77b360c54ee59dc1997e6980cd57246f0,val,/mnt/d/ruanjianxiazai/pycharm2026/datasets/dataset_2/val/images/nozzle_no_extrusion_0083.jpg,True,"train,val"
61,7fb5c2d43a87ed5eda169ee4d0bfb20d7f3d528e50057df5f85548cb8514bbd4,train,/mnt/d/ruanjianxiazai/pycharm2026/datasets/dataset_2/train/images/nozzle_clean_0091.jpg,False,train
61,7fb5c2d43a87ed5eda169ee4d0bfb20d7f3d528e50057df5f85548cb8514bbd4,train,/mnt/d/ruanjianxiazai/pycharm2026/datasets/dataset_2/train/images/nozzle_no_extrusion_0084.jpg,False,train
62,01a752b8310b4842ac6150acb35900c7c08094edf01af4b0be0f5eecdbd7d38c,train,/mnt/d/ruanjianxiazai/pycharm2026/datasets/dataset_2/train/images/nozzle_clean_0092.jpg,False,train
62,01a752b8310b4842ac6150acb35900c7c08094edf01af4b0be0f5eecdbd7d38c,train,/mnt/d/ruanjianxiazai/pycharm2026/datasets/dataset_2/train/images/nozzle_no_extrusion_0085.jpg,False,train
63,936ff3ecabec9eaff78a2782c45d813f2af20507af9dc387e475642c8cafda28,train,/mnt/d/ruanjianxiazai/pycharm2026/datasets/dataset_2/train/images/nozzle_clean_0093.jpg,False,train
63,936ff3ecabec9eaff78a2782c45d813f2af20507af9dc387e475642c8cafda28,train,/mnt/d/ruanjianxiazai/pycharm2026/datasets/dataset_2/train/images/nozzle_no_extrusion_0086.jpg,False,train
64,60f47cb6371fe0c123d48a93d2641004f16340f322bc1e1225287fb158b17689,train,/mnt/d/ruanjianxiazai/pycharm2026/datasets/dataset_2/train/images/nozzle_clean_0095.jpg,True,"test,train"
64,60f47cb6371fe0c123d48a93d2641004f16340f322bc1e1225287fb158b17689,test,/mnt/d/ruanjianxiazai/pycharm2026/datasets/dataset_2/test/images/nozzle_no_extrusion_0088.jpg,True,"test,train"
65,d04471475e07fab9528db800aa0317d7f14439cd64c9ce82cffed27de4e8b053,train,/mnt/d/ruanjianxiazai/pycharm2026/datasets/dataset_2/train/images/nozzle_clean_0096.jpg,False,train
65,d04471475e07fab9528db800aa0317d7f14439cd64c9ce82cffed27de4e8b053,train,/mnt/d/ruanjianxiazai/pycharm2026/datasets/dataset_2/train/images/nozzle_no_extrusion_0089.jpg,False,train
66,d093d9248cbb01c272d42da2219221b310a43fc0ce6f07f7c8d23b14ced2b799,train,/mnt/d/ruanjianxiazai/pycharm2026/datasets/dataset_2/train/images/nozzle_clean_0097.jpg,True,"train,val"
66,d093d9248cbb01c272d42da2219221b310a43fc0ce6f07f7c8d23b14ced2b799,val,/mnt/d/ruanjianxiazai/pycharm2026/datasets/dataset_2/val/images/nozzle_no_extrusion_0090.jpg,True,"train,val"
67,2871b7fb2c283cf5eaa19267f76795f76caf3e51d80ce64b4ec56ffd84feed94,train,/mnt/d/ruanjianxiazai/pycharm2026/datasets/dataset_2/train/images/nozzle_clean_0098.jpg,False,train
67,2871b7fb2c283cf5eaa19267f76795f76caf3e51d80ce64b4ec56ffd84feed94,train,/mnt/d/ruanjianxiazai/pycharm2026/datasets/dataset_2/train/images/nozzle_no_extrusion_0091.jpg,False,train
68,663539fae65d98a582ac5ead71692b141462d4d529b5046d25b8f15b8a0eee16,train,/mnt/d/ruanjianxiazai/pycharm2026/datasets/dataset_2/train/images/nozzle_clean_0099.jpg,True,"train,val"
68,663539fae65d98a582ac5ead71692b141462d4d529b5046d25b8f15b8a0eee16,val,/mnt/d/ruanjianxiazai/pycharm2026/datasets/dataset_2/val/images/nozzle_no_extrusion_0092.jpg,True,"train,val"
69,e51eeef16ad5815c8303d227c469ff324181e2c26db259afcdbfcd13200930e4,train,/mnt/d/ruanjianxiazai/pycharm2026/datasets/dataset_2/train/images/nozzle_clean_0100.jpg,True,"test,train"
69,e51eeef16ad5815c8303d227c469ff324181e2c26db259afcdbfcd13200930e4,test,/mnt/d/ruanjianxiazai/pycharm2026/datasets/dataset_2/test/images/nozzle_no_extrusion_0093.jpg,True,"test,train"
70,9303a941695f162dc57a0a7f96cfc1fac3100f4832f418fd88580039e23b83ca,train,/mnt/d/ruanjianxiazai/pycharm2026/datasets/dataset_2/train/images/nozzle_clean_0101.jpg,False,train
70,9303a941695f162dc57a0a7f96cfc1fac3100f4832f418fd88580039e23b83ca,train,/mnt/d/ruanjianxiazai/pycharm2026/datasets/dataset_2/train/images/nozzle_no_extrusion_0094.jpg,False,train
71,84a71d7f077e151a164dcf6747b120e5db7babaa8834fb6f64e88150d22101b5,train,/mnt/d/ruanjianxiazai/pycharm2026/datasets/dataset_2/train/images/nozzle_clean_0104.jpg,False,train
71,84a71d7f077e151a164dcf6747b120e5db7babaa8834fb6f64e88150d22101b5,train,/mnt/d/ruanjianxiazai/pycharm2026/datasets/dataset_2/train/images/nozzle_no_extrusion_0097.jpg,False,train
72,f24586f84c280b22e2007bcbc8503bfa260120915e5b2bee6499f4c951b5405c,train,/mnt/d/ruanjianxiazai/pycharm2026/datasets/dataset_2/train/images/nozzle_clean_0106.jpg,False,train
72,f24586f84c280b22e2007bcbc8503bfa260120915e5b2bee6499f4c951b5405c,train,/mnt/d/ruanjianxiazai/pycharm2026/datasets/dataset_2/train/images/nozzle_no_extrusion_0099.jpg,False,train
73,3276de467deb9a034ec08f51474210691e900d51d34fd2fbf783b6b0daae88b0,train,/mnt/d/ruanjianxiazai/pycharm2026/datasets/dataset_2/train/images/nozzle_clean_0107.jpg,True,"train,val"
73,3276de467deb9a034ec08f51474210691e900d51d34fd2fbf783b6b0daae88b0,val,/mnt/d/ruanjianxiazai/pycharm2026/datasets/dataset_2/val/images/nozzle_no_extrusion_0100.jpg,True,"train,val"
74,9425f3a338616d42db4aef9576b4a76c80ac1384b9e66a6e46195e2676567fe8,train,/mnt/d/ruanjianxiazai/pycharm2026/datasets/dataset_2/train/images/nozzle_clean_0108.jpg,True,"train,val"
74,9425f3a338616d42db4aef9576b4a76c80ac1384b9e66a6e46195e2676567fe8,val,/mnt/d/ruanjianxiazai/pycharm2026/datasets/dataset_2/val/images/nozzle_no_extrusion_0101.jpg,True,"train,val"
75,46db6adae87f3d6f0977dd91f3e73f553df6de3aa81c2f083400ff371dae2880,train,/mnt/d/ruanjianxiazai/pycharm2026/datasets/dataset_2/train/images/nozzle_clean_0109.jpg,True,"train,val"
75,46db6adae87f3d6f0977dd91f3e73f553df6de3aa81c2f083400ff371dae2880,val,/mnt/d/ruanjianxiazai/pycharm2026/datasets/dataset_2/val/images/nozzle_no_extrusion_0102.jpg,True,"train,val"
76,31a71599bf4e6b7a6ff007ae0721d6276fd87004e0a8049544719b416083ac40,train,/mnt/d/ruanjianxiazai/pycharm2026/datasets/dataset_2/train/images/nozzle_clean_0110.jpg,False,train
76,31a71599bf4e6b7a6ff007ae0721d6276fd87004e0a8049544719b416083ac40,train,/mnt/d/ruanjianxiazai/pycharm2026/datasets/dataset_2/train/images/nozzle_no_extrusion_0103.jpg,False,train
77,bac1476359d5d809f97c8c8cc437c37cf69343b928e4cdafb79e899d22a526e1,train,/mnt/d/ruanjianxiazai/pycharm2026/datasets/dataset_2/train/images/nozzle_clean_0111.jpg,False,train
77,bac1476359d5d809f97c8c8cc437c37cf69343b928e4cdafb79e899d22a526e1,train,/mnt/d/ruanjianxiazai/pycharm2026/datasets/dataset_2/train/images/nozzle_no_extrusion_0104.jpg,False,train
78,6dc67a8e849da976982c09f502081f4fe8f918cc94c843afed7ac64c6c8cc1b1,train,/mnt/d/ruanjianxiazai/pycharm2026/datasets/dataset_2/train/images/nozzle_clean_0112.jpg,False,train
78,6dc67a8e849da976982c09f502081f4fe8f918cc94c843afed7ac64c6c8cc1b1,train,/mnt/d/ruanjianxiazai/pycharm2026/datasets/dataset_2/train/images/nozzle_no_extrusion_0105.jpg,False,train
79,e46f287595486e245e912d29c66cfe5a4bf6d4e70f821317e9ecdda86daba9dc,train,/mnt/d/ruanjianxiazai/pycharm2026/datasets/dataset_2/train/images/nozzle_clean_0113.jpg,False,train
79,e46f287595486e245e912d29c66cfe5a4bf6d4e70f821317e9ecdda86daba9dc,train,/mnt/d/ruanjianxiazai/pycharm2026/datasets/dataset_2/train/images/nozzle_no_extrusion_0106.jpg,False,train
80,0d8714f2090651307e01c8afb442f814e000658ff2786504e7cc9ef12190d133,train,/mnt/d/ruanjianxiazai/pycharm2026/datasets/dataset_2/train/images/nozzle_clean_0114.jpg,True,"train,val"
80,0d8714f2090651307e01c8afb442f814e000658ff2786504e7cc9ef12190d133,val,/mnt/d/ruanjianxiazai/pycharm2026/datasets/dataset_2/val/images/nozzle_no_extrusion_0107.jpg,True,"train,val"
81,4ee73628c95a5bcafbdd3a0578c07b69965e3dca1f89a78062a8813066be2fb5,train,/mnt/d/ruanjianxiazai/pycharm2026/datasets/dataset_2/train/images/nozzle_clean_0115.jpg,False,train
81,4ee73628c95a5bcafbdd3a0578c07b69965e3dca1f89a78062a8813066be2fb5,train,/mnt/d/ruanjianxiazai/pycharm2026/datasets/dataset_2/train/images/nozzle_no_extrusion_0108.jpg,False,train
82,cf187dbf710760a168fcc4d921df5c21df2c291029f90090b75f2e1ef40b373f,train,/mnt/d/ruanjianxiazai/pycharm2026/datasets/dataset_2/train/images/nozzle_clean_0116.jpg,True,"test,train"
82,cf187dbf710760a168fcc4d921df5c21df2c291029f90090b75f2e1ef40b373f,test,/mnt/d/ruanjianxiazai/pycharm2026/datasets/dataset_2/test/images/nozzle_no_extrusion_0109.jpg,True,"test,train"
83,c19870f48bdbca12cf265e0abe6f5f3c02620f3c8ee07deb521950f3192dfb45,train,/mnt/d/ruanjianxiazai/pycharm2026/datasets/dataset_2/train/images/nozzle_clean_0119.jpg,False,train
83,c19870f48bdbca12cf265e0abe6f5f3c02620f3c8ee07deb521950f3192dfb45,train,/mnt/d/ruanjianxiazai/pycharm2026/datasets/dataset_2/train/images/nozzle_no_extrusion_0112.jpg,False,train
84,82249e1d6a2f35ab9e7ad7e4287166e1028c3aaf40842c22bd4e792d4f90f7f0,train,/mnt/d/ruanjianxiazai/pycharm2026/datasets/dataset_2/train/images/nozzle_clean_0121.jpg,False,train
84,82249e1d6a2f35ab9e7ad7e4287166e1028c3aaf40842c22bd4e792d4f90f7f0,train,/mnt/d/ruanjianxiazai/pycharm2026/datasets/dataset_2/train/images/nozzle_no_extrusion_0114.jpg,False,train
85,623910dff4345ea53ff67f5559709a7cd95268001712c94c412c93484382699d,train,/mnt/d/ruanjianxiazai/pycharm2026/datasets/dataset_2/train/images/nozzle_clean_0122.jpg,False,train
85,623910dff4345ea53ff67f5559709a7cd95268001712c94c412c93484382699d,train,/mnt/d/ruanjianxiazai/pycharm2026/datasets/dataset_2/train/images/nozzle_no_extrusion_0115.jpg,False,train
86,948b1f674a6eb440b60673eb929c3aa3e6ebad6e56e6334cd08033c7729087fd,train,/mnt/d/ruanjianxiazai/pycharm2026/datasets/dataset_2/train/images/nozzle_clean_0123.jpg,False,train
86,948b1f674a6eb440b60673eb929c3aa3e6ebad6e56e6334cd08033c7729087fd,train,/mnt/d/ruanjianxiazai/pycharm2026/datasets/dataset_2/train/images/nozzle_no_extrusion_0116.jpg,False,train
87,539bc8fa83b0ded40abb8ef233fe0a2af3e84b85b61d8f2d2251802a2ad95269,train,/mnt/d/ruanjianxiazai/pycharm2026/datasets/dataset_2/train/images/nozzle_clean_0124.jpg,True,"test,train"
87,539bc8fa83b0ded40abb8ef233fe0a2af3e84b85b61d8f2d2251802a2ad95269,test,/mnt/d/ruanjianxiazai/pycharm2026/datasets/dataset_2/test/images/nozzle_no_extrusion_0117.jpg,True,"test,train"
88,2f48687af51b57188c526996496844d7079d121f79badfb3f7cdc2849260bef2,train,/mnt/d/ruanjianxiazai/pycharm2026/datasets/dataset_2/train/images/nozzle_clean_0125.jpg,True,"train,val"
88,2f48687af51b57188c526996496844d7079d121f79badfb3f7cdc2849260bef2,val,/mnt/d/ruanjianxiazai/pycharm2026/datasets/dataset_2/val/images/nozzle_no_extrusion_0118.jpg,True,"train,val"
89,b9204164f7335d5be8c18f2d4cf8a16fcc942a450b16062b2126420ef80354c0,train,/mnt/d/ruanjianxiazai/pycharm2026/datasets/dataset_2/train/images/nozzle_clean_0126.jpg,False,train
89,b9204164f7335d5be8c18f2d4cf8a16fcc942a450b16062b2126420ef80354c0,train,/mnt/d/ruanjianxiazai/pycharm2026/datasets/dataset_2/train/images/nozzle_no_extrusion_0119.jpg,False,train
90,222146154f28435f956379e367171116fe2c33e5efb4158a1976ceede9990e43,train,/mnt/d/ruanjianxiazai/pycharm2026/datasets/dataset_2/train/images/nozzle_clean_0127.jpg,True,"train,val"
90,222146154f28435f956379e367171116fe2c33e5efb4158a1976ceede9990e43,val,/mnt/d/ruanjianxiazai/pycharm2026/datasets/dataset_2/val/images/nozzle_no_extrusion_0120.jpg,True,"train,val"
91,4231e259c0ff71c586303e11fbf1165a74506e94468d3086ea4cd77e8d333abe,train,/mnt/d/ruanjianxiazai/pycharm2026/datasets/dataset_2/train/images/nozzle_clean_0128.jpg,False,train
91,4231e259c0ff71c586303e11fbf1165a74506e94468d3086ea4cd77e8d333abe,train,/mnt/d/ruanjianxiazai/pycharm2026/datasets/dataset_2/train/images/nozzle_no_extrusion_0121.jpg,False,train
92,bc927d1b0a848ee295debe0a39ee7b5ec20d12be0b6919d9e184261ddb5a35df,train,/mnt/d/ruanjianxiazai/pycharm2026/datasets/dataset_2/train/images/nozzle_clean_0129.jpg,False,train
92,bc927d1b0a848ee295debe0a39ee7b5ec20d12be0b6919d9e184261ddb5a35df,train,/mnt/d/ruanjianxiazai/pycharm2026/datasets/dataset_2/train/images/nozzle_no_extrusion_0122.jpg,False,train
93,5c2009fa4140550fd2a0c90f5cd54c25f77e29e2c888546e59965dd417100e4e,train,/mnt/d/ruanjianxiazai/pycharm2026/datasets/dataset_2/train/images/nozzle_clean_0130.jpg,False,train
93,5c2009fa4140550fd2a0c90f5cd54c25f77e29e2c888546e59965dd417100e4e,train,/mnt/d/ruanjianxiazai/pycharm2026/datasets/dataset_2/train/images/nozzle_no_extrusion_0123.jpg,False,train
94,4cebc9ce492a1e0bca1ffd1076b72d8d1570c3483039eddb3c64c148b7697b88,train,/mnt/d/ruanjianxiazai/pycharm2026/datasets/dataset_2/train/images/nozzle_clean_0131.jpg,True,"test,train"
94,4cebc9ce492a1e0bca1ffd1076b72d8d1570c3483039eddb3c64c148b7697b88,test,/mnt/d/ruanjianxiazai/pycharm2026/datasets/dataset_2/test/images/nozzle_no_extrusion_0124.jpg,True,"test,train"
95,793d3ed970c383481f596ba238ddc8264358ac5300f4f493f6c02547255f34be,train,/mnt/d/ruanjianxiazai/pycharm2026/datasets/dataset_2/train/images/nozzle_clean_0132.jpg,True,"train,val"
95,793d3ed970c383481f596ba238ddc8264358ac5300f4f493f6c02547255f34be,val,/mnt/d/ruanjianxiazai/pycharm2026/datasets/dataset_2/val/images/nozzle_no_extrusion_0125.jpg,True,"train,val"
96,3a98cbe1203cfc60712dd8612aba17aed3ce3ba25f47855b1dd7814fdb340508,train,/mnt/d/ruanjianxiazai/pycharm2026/datasets/dataset_2/train/images/nozzle_clean_0135.jpg,False,train
96,3a98cbe1203cfc60712dd8612aba17aed3ce3ba25f47855b1dd7814fdb340508,train,/mnt/d/ruanjianxiazai/pycharm2026/datasets/dataset_2/train/images/nozzle_no_extrusion_0128.jpg,False,train
97,c1d6f4b718fb7b1c4f465b1dc36eb72064fda6cae6a4858c739a62b7d35bb6c6,train,/mnt/d/ruanjianxiazai/pycharm2026/datasets/dataset_2/train/images/nozzle_clean_0137.jpg,True,"test,train"
97,c1d6f4b718fb7b1c4f465b1dc36eb72064fda6cae6a4858c739a62b7d35bb6c6,test,/mnt/d/ruanjianxiazai/pycharm2026/datasets/dataset_2/test/images/nozzle_no_extrusion_0130.jpg,True,"test,train"
98,3b62707db0b5cf043ea97eccbc2cd2f8d7fcf90066d87e1919c8b702490cc068,train,/mnt/d/ruanjianxiazai/pycharm2026/datasets/dataset_2/train/images/nozzle_clean_0138.jpg,True,"test,train"
98,3b62707db0b5cf043ea97eccbc2cd2f8d7fcf90066d87e1919c8b702490cc068,test,/mnt/d/ruanjianxiazai/pycharm2026/datasets/dataset_2/test/images/nozzle_no_extrusion_0131.jpg,True,"test,train"
99,618c043ed68df5406367dfc7722154de1e78407c23b65c51befb864a668fc7bc,train,/mnt/d/ruanjianxiazai/pycharm2026/datasets/dataset_2/train/images/nozzle_clean_0139.jpg,False,train
99,618c043ed68df5406367dfc7722154de1e78407c23b65c51befb864a668fc7bc,train,/mnt/d/ruanjianxiazai/pycharm2026/datasets/dataset_2/train/images/nozzle_no_extrusion_0132.jpg,False,train
100,c7fc4d1903432ba96a9a2ade2be157c4d59cb8e5ef051bb982dadb02bc990dfc,train,/mnt/d/ruanjianxiazai/pycharm2026/datasets/dataset_2/train/images/nozzle_clean_0140.jpg,False,train
100,c7fc4d1903432ba96a9a2ade2be157c4d59cb8e5ef051bb982dadb02bc990dfc,train,/mnt/d/ruanjianxiazai/pycharm2026/datasets/dataset_2/train/images/nozzle_no_extrusion_0133.jpg,False,train
101,5454bf5d0d8e8925a2f98eed0122a2e918e9f062ded35133195261b3a2d48e90,train,/mnt/d/ruanjianxiazai/pycharm2026/datasets/dataset_2/train/images/nozzle_clean_0141.jpg,False,train
101,5454bf5d0d8e8925a2f98eed0122a2e918e9f062ded35133195261b3a2d48e90,train,/mnt/d/ruanjianxiazai/pycharm2026/datasets/dataset_2/train/images/nozzle_no_extrusion_0134.jpg,False,train
102,9f5a672cb01ce7183b5b2ffa3f1270c167802765a366768351df498eaa099073,train,/mnt/d/ruanjianxiazai/pycharm2026/datasets/dataset_2/train/images/nozzle_clean_0142.jpg,True,"train,val"
102,9f5a672cb01ce7183b5b2ffa3f1270c167802765a366768351df498eaa099073,val,/mnt/d/ruanjianxiazai/pycharm2026/datasets/dataset_2/val/images/nozzle_no_extrusion_0135.jpg,True,"train,val"
103,61e97e3fea69e67847bc23897f802bade350fde7293565b0dcdade978995fa5a,train,/mnt/d/ruanjianxiazai/pycharm2026/datasets/dataset_2/train/images/nozzle_clean_0143.jpg,False,train
103,61e97e3fea69e67847bc23897f802bade350fde7293565b0dcdade978995fa5a,train,/mnt/d/ruanjianxiazai/pycharm2026/datasets/dataset_2/train/images/nozzle_no_extrusion_0136.jpg,False,train
104,625a5c70a6fe21ea049be0b0b4f96b04ab08e0d43cae76533db26829159450c9,train,/mnt/d/ruanjianxiazai/pycharm2026/datasets/dataset_2/train/images/nozzle_clean_0144.jpg,False,train
104,625a5c70a6fe21ea049be0b0b4f96b04ab08e0d43cae76533db26829159450c9,train,/mnt/d/ruanjianxiazai/pycharm2026/datasets/dataset_2/train/images/nozzle_no_extrusion_0137.jpg,False,train
105,a4ff009b59f4a1c04d47e62164a1da9f8d0a0bacf6dd43892d98547b6814128b,train,/mnt/d/ruanjianxiazai/pycharm2026/datasets/dataset_2/train/images/nozzle_clean_0145.jpg,False,train
105,a4ff009b59f4a1c04d47e62164a1da9f8d0a0bacf6dd43892d98547b6814128b,train,/mnt/d/ruanjianxiazai/pycharm2026/datasets/dataset_2/train/images/nozzle_no_extrusion_0138.jpg,False,train
106,e600b65f4df55ebb6ffa6ec520e1b280e5353059ce46858ecb32b23f447997e0,train,/mnt/d/ruanjianxiazai/pycharm2026/datasets/dataset_2/train/images/nozzle_clean_0146.jpg,True,"test,train"
106,e600b65f4df55ebb6ffa6ec520e1b280e5353059ce46858ecb32b23f447997e0,test,/mnt/d/ruanjianxiazai/pycharm2026/datasets/dataset_2/test/images/nozzle_no_extrusion_0139.jpg,True,"test,train"
107,56256843cbddd19f6b66bae1a2807b01f70fba76940de00fb88f62d3f57cb5ce,train,/mnt/d/ruanjianxiazai/pycharm2026/datasets/dataset_2/train/images/nozzle_clean_0148.jpg,False,train
107,56256843cbddd19f6b66bae1a2807b01f70fba76940de00fb88f62d3f57cb5ce,train,/mnt/d/ruanjianxiazai/pycharm2026/datasets/dataset_2/train/images/nozzle_no_extrusion_0141.jpg,False,train
108,bac41e2f3a43ed98b81e9998b9944a20dacf3e1e4feb571c862124c5e4794595,train,/mnt/d/ruanjianxiazai/pycharm2026/datasets/dataset_2/train/images/nozzle_clean_0149.jpg,True,"train,val"
108,bac41e2f3a43ed98b81e9998b9944a20dacf3e1e4feb571c862124c5e4794595,val,/mnt/d/ruanjianxiazai/pycharm2026/datasets/dataset_2/val/images/nozzle_no_extrusion_0142.jpg,True,"train,val"
109,a0616b3e8f016afd28fdb5cf85d7c7615c4c99444f3657f79c341ec2f1e1efe5,train,/mnt/d/ruanjianxiazai/pycharm2026/datasets/dataset_2/train/images/nozzle_clean_0153.jpg,False,train
109,a0616b3e8f016afd28fdb5cf85d7c7615c4c99444f3657f79c341ec2f1e1efe5,train,/mnt/d/ruanjianxiazai/pycharm2026/datasets/dataset_2/train/images/nozzle_no_extrusion_0146.jpg,False,train
110,f9ac3be19b683a84dfc6bba88063a3a1ae68b3512ef16ca988bf8dd60f165449,train,/mnt/d/ruanjianxiazai/pycharm2026/datasets/dataset_2/train/images/nozzle_clean_0154.jpg,True,"train,val"
110,f9ac3be19b683a84dfc6bba88063a3a1ae68b3512ef16ca988bf8dd60f165449,val,/mnt/d/ruanjianxiazai/pycharm2026/datasets/dataset_2/val/images/nozzle_no_extrusion_0147.jpg,True,"train,val"
111,a1680f611b939841f82bac6a7268e17a31721ede70e3df3aaaf4dcc7a00aadbf,train,/mnt/d/ruanjianxiazai/pycharm2026/datasets/dataset_2/train/images/nozzle_clean_0155.jpg,False,train
111,a1680f611b939841f82bac6a7268e17a31721ede70e3df3aaaf4dcc7a00aadbf,train,/mnt/d/ruanjianxiazai/pycharm2026/datasets/dataset_2/train/images/nozzle_no_extrusion_0148.jpg,False,train
112,e3b6588e1d4811907506c132f472aa1c9d337e002d8e877f73da4df4718bf79c,train,/mnt/d/ruanjianxiazai/pycharm2026/datasets/dataset_2/train/images/nozzle_clean_0156.jpg,False,train
112,e3b6588e1d4811907506c132f472aa1c9d337e002d8e877f73da4df4718bf79c,train,/mnt/d/ruanjianxiazai/pycharm2026/datasets/dataset_2/train/images/nozzle_no_extrusion_0149.jpg,False,train
113,cd73fa0dfa787695eddabbd0e4ba1c7a4dcc45c7f3ca3e6728a5817dc74804c0,train,/mnt/d/ruanjianxiazai/pycharm2026/datasets/dataset_2/train/images/nozzle_clean_0157.jpg,False,train
113,cd73fa0dfa787695eddabbd0e4ba1c7a4dcc45c7f3ca3e6728a5817dc74804c0,train,/mnt/d/ruanjianxiazai/pycharm2026/datasets/dataset_2/train/images/nozzle_no_extrusion_0150.jpg,False,train
114,76d421ad4c5f2be75a8b264f0b825e9b50b137af10444b134b2a34cb481293a9,train,/mnt/d/ruanjianxiazai/pycharm2026/datasets/dataset_2/train/images/nozzle_clean_0162.jpg,True,"train,val"
114,76d421ad4c5f2be75a8b264f0b825e9b50b137af10444b134b2a34cb481293a9,val,/mnt/d/ruanjianxiazai/pycharm2026/datasets/dataset_2/val/images/nozzle_no_extrusion_0155.jpg,True,"train,val"
115,2ac1bae53d18d3ff323d787a9124dc4b7a3b3deb696a28fee05b94b7da21c0b0,train,/mnt/d/ruanjianxiazai/pycharm2026/datasets/dataset_2/train/images/nozzle_clean_0165.jpg,False,train
115,2ac1bae53d18d3ff323d787a9124dc4b7a3b3deb696a28fee05b94b7da21c0b0,train,/mnt/d/ruanjianxiazai/pycharm2026/datasets/dataset_2/train/images/nozzle_no_extrusion_0158.jpg,False,train
116,1544d20041d9c8148c0de997fa7bf72223934c0e9f5af8b4fa7ecb3ef695d7cc,train,/mnt/d/ruanjianxiazai/pycharm2026/datasets/dataset_2/train/images/nozzle_clean_0167.jpg,False,train
116,1544d20041d9c8148c0de997fa7bf72223934c0e9f5af8b4fa7ecb3ef695d7cc,train,/mnt/d/ruanjianxiazai/pycharm2026/datasets/dataset_2/train/images/nozzle_no_extrusion_0160.jpg,False,train
117,df6b789b38a8c4d42d066996865c3749be8cdfe7a6df20fe03f9e07bd92e2e37,train,/mnt/d/ruanjianxiazai/pycharm2026/datasets/dataset_2/train/images/nozzle_clean_0168.jpg,False,train
117,df6b789b38a8c4d42d066996865c3749be8cdfe7a6df20fe03f9e07bd92e2e37,train,/mnt/d/ruanjianxiazai/pycharm2026/datasets/dataset_2/train/images/nozzle_no_extrusion_0161.jpg,False,train
118,008a1f0eb6e245116c460bf06ffbc91187eb4421608cf2fbbb02ca3c3f8f3e59,train,/mnt/d/ruanjianxiazai/pycharm2026/datasets/dataset_2/train/images/nozzle_clean_0169.jpg,False,train
118,008a1f0eb6e245116c460bf06ffbc91187eb4421608cf2fbbb02ca3c3f8f3e59,train,/mnt/d/ruanjianxiazai/pycharm2026/datasets/dataset_2/train/images/nozzle_no_extrusion_0162.jpg,False,train
119,0c8855479edf1d986496e23eaf9e221f7b61777894d6f614e429dbed18d791fe,train,/mnt/d/ruanjianxiazai/pycharm2026/datasets/dataset_2/train/images/nozzle_clean_0170.jpg,False,train
119,0c8855479edf1d986496e23eaf9e221f7b61777894d6f614e429dbed18d791fe,train,/mnt/d/ruanjianxiazai/pycharm2026/datasets/dataset_2/train/images/nozzle_no_extrusion_0163.jpg,False,train
120,635534d410d1a8c8c222095414771e16dc84ccacc02b0a4ce97e0888c34a1a51,train,/mnt/d/ruanjianxiazai/pycharm2026/datasets/dataset_2/train/images/nozzle_clean_0171.jpg,False,train
120,635534d410d1a8c8c222095414771e16dc84ccacc02b0a4ce97e0888c34a1a51,train,/mnt/d/ruanjianxiazai/pycharm2026/datasets/dataset_2/train/images/nozzle_no_extrusion_0164.jpg,False,train
121,7def8d2e97f03d64cc3091380a0e7ab322e6019b52c68badf0370ce33139e981,train,/mnt/d/ruanjianxiazai/pycharm2026/datasets/dataset_2/train/images/nozzle_clean_0173.jpg,False,train
121,7def8d2e97f03d64cc3091380a0e7ab322e6019b52c68badf0370ce33139e981,train,/mnt/d/ruanjianxiazai/pycharm2026/datasets/dataset_2/train/images/nozzle_no_extrusion_0166.jpg,False,train
122,028cae37a490855d84a0fc0a34e472f916943a42d15fa03ee9e460cd37634cdc,train,/mnt/d/ruanjianxiazai/pycharm2026/datasets/dataset_2/train/images/nozzle_clean_0174.jpg,False,train
122,028cae37a490855d84a0fc0a34e472f916943a42d15fa03ee9e460cd37634cdc,train,/mnt/d/ruanjianxiazai/pycharm2026/datasets/dataset_2/train/images/nozzle_no_extrusion_0167.jpg,False,train
123,6d30b2facd5622ec9982a10ffcf101b38a58dd6f9296887a98e94015e2f1bc37,train,/mnt/d/ruanjianxiazai/pycharm2026/datasets/dataset_2/train/images/nozzle_clean_0175.jpg,True,"train,val"
123,6d30b2facd5622ec9982a10ffcf101b38a58dd6f9296887a98e94015e2f1bc37,val,/mnt/d/ruanjianxiazai/pycharm2026/datasets/dataset_2/val/images/nozzle_no_extrusion_0168.jpg,True,"train,val"
124,5172dd6d42f8c07a83809c838a6508cb946add05a5e8ab4518309f03f2f17d4e,train,/mnt/d/ruanjianxiazai/pycharm2026/datasets/dataset_2/train/images/nozzle_clean_0176.jpg,False,train
124,5172dd6d42f8c07a83809c838a6508cb946add05a5e8ab4518309f03f2f17d4e,train,/mnt/d/ruanjianxiazai/pycharm2026/datasets/dataset_2/train/images/nozzle_no_extrusion_0169.jpg,False,train
125,eb297c77b5107012bfd08b0637fb86369a614740a865c9d1e1cf317f38a99d70,train,/mnt/d/ruanjianxiazai/pycharm2026/datasets/dataset_2/train/images/nozzle_clean_0177.jpg,False,train
125,eb297c77b5107012bfd08b0637fb86369a614740a865c9d1e1cf317f38a99d70,train,/mnt/d/ruanjianxiazai/pycharm2026/datasets/dataset_2/train/images/nozzle_no_extrusion_0170.jpg,False,train
126,75479250e9ff863c0cce29e2d70cb1264187525be1ea0be52c234ea41c4f3fe5,train,/mnt/d/ruanjianxiazai/pycharm2026/datasets/dataset_2/train/images/nozzle_clean_0179.jpg,False,train
126,75479250e9ff863c0cce29e2d70cb1264187525be1ea0be52c234ea41c4f3fe5,train,/mnt/d/ruanjianxiazai/pycharm2026/datasets/dataset_2/train/images/nozzle_no_extrusion_0172.jpg,False,train
127,29ac3acee7ff83abc5e8d0cb1f66448467519d50cd441991227747239fc3665f,train,/mnt/d/ruanjianxiazai/pycharm2026/datasets/dataset_2/train/images/nozzle_clean_0180.jpg,False,train
127,29ac3acee7ff83abc5e8d0cb1f66448467519d50cd441991227747239fc3665f,train,/mnt/d/ruanjianxiazai/pycharm2026/datasets/dataset_2/train/images/nozzle_no_extrusion_0173.jpg,False,train
128,80afd96d70a6a8f5238865f82578775d87fd767843657d9daa434ed799a12779,train,/mnt/d/ruanjianxiazai/pycharm2026/datasets/dataset_2/train/images/nozzle_clean_0181.jpg,False,train
128,80afd96d70a6a8f5238865f82578775d87fd767843657d9daa434ed799a12779,train,/mnt/d/ruanjianxiazai/pycharm2026/datasets/dataset_2/train/images/nozzle_no_extrusion_0174.jpg,False,train
129,62a43efee2b4791f25e1cc9e359c163711eddeb916bedc74e5e8c4c064ce9902,train,/mnt/d/ruanjianxiazai/pycharm2026/datasets/dataset_2/train/images/nozzle_clean_0182.jpg,False,train
129,62a43efee2b4791f25e1cc9e359c163711eddeb916bedc74e5e8c4c064ce9902,train,/mnt/d/ruanjianxiazai/pycharm2026/datasets/dataset_2/train/images/nozzle_no_extrusion_0175.jpg,False,train
130,e75cea2a7a12d25a61d4bc5829be5787fb1076f44486d20acc383b8d994e2da9,train,/mnt/d/ruanjianxiazai/pycharm2026/datasets/dataset_2/train/images/nozzle_clean_0183.jpg,False,train
130,e75cea2a7a12d25a61d4bc5829be5787fb1076f44486d20acc383b8d994e2da9,train,/mnt/d/ruanjianxiazai/pycharm2026/datasets/dataset_2/train/images/nozzle_no_extrusion_0176.jpg,False,train
131,fc26fdb23edd26819e190cbebb73662bfb18f5ab89738c86c4cc76f98ff10e9a,train,/mnt/d/ruanjianxiazai/pycharm2026/datasets/dataset_2/train/images/nozzle_clean_0184.jpg,False,train
131,fc26fdb23edd26819e190cbebb73662bfb18f5ab89738c86c4cc76f98ff10e9a,train,/mnt/d/ruanjianxiazai/pycharm2026/datasets/dataset_2/train/images/nozzle_no_extrusion_0177.jpg,False,train
132,68debcbf226cb9f4b6db02f2b33ecf5cd7c8be4d2bfd605ef37a84e79fb0da1e,train,/mnt/d/ruanjianxiazai/pycharm2026/datasets/dataset_2/train/images/nozzle_clean_0187.jpg,False,train
132,68debcbf226cb9f4b6db02f2b33ecf5cd7c8be4d2bfd605ef37a84e79fb0da1e,train,/mnt/d/ruanjianxiazai/pycharm2026/datasets/dataset_2/train/images/nozzle_no_extrusion_0180.jpg,False,train
133,6eb01dd7fdce81cf1cdbf974695a4befa153e29d51673d4618fe3d15eef1bd5c,train,/mnt/d/ruanjianxiazai/pycharm2026/datasets/dataset_2/train/images/nozzle_clean_0189.jpg,False,train
133,6eb01dd7fdce81cf1cdbf974695a4befa153e29d51673d4618fe3d15eef1bd5c,train,/mnt/d/ruanjianxiazai/pycharm2026/datasets/dataset_2/train/images/nozzle_no_extrusion_0182.jpg,False,train
134,f9cc1b76e1e6b5ac3107eb4ff76c868e78cef5bb3e9f830ef8b4dcef566cd4ff,train,/mnt/d/ruanjianxiazai/pycharm2026/datasets/dataset_2/train/images/nozzle_clean_0190.jpg,False,train
134,f9cc1b76e1e6b5ac3107eb4ff76c868e78cef5bb3e9f830ef8b4dcef566cd4ff,train,/mnt/d/ruanjianxiazai/pycharm2026/datasets/dataset_2/train/images/nozzle_no_extrusion_0183.jpg,False,train
135,78cb114473a82a36f8e6bb74645c13522cda5b31ba80465b0d3030805f426c3f,train,/mnt/d/ruanjianxiazai/pycharm2026/datasets/dataset_2/train/images/nozzle_clean_0191.jpg,False,train
135,78cb114473a82a36f8e6bb74645c13522cda5b31ba80465b0d3030805f426c3f,train,/mnt/d/ruanjianxiazai/pycharm2026/datasets/dataset_2/train/images/nozzle_no_extrusion_0184.jpg,False,train
136,277a91cfbf8267f8b336e1d908c277cf6c1d48270ffff96886793f9347e05de7,train,/mnt/d/ruanjianxiazai/pycharm2026/datasets/dataset_2/train/images/nozzle_clean_0192.jpg,True,"test,train"
136,277a91cfbf8267f8b336e1d908c277cf6c1d48270ffff96886793f9347e05de7,test,/mnt/d/ruanjianxiazai/pycharm2026/datasets/dataset_2/test/images/nozzle_no_extrusion_0185.jpg,True,"test,train"
137,abb43b622b46880b92cb96a83d8891802320d32f51bd3821b6f9840a836175a2,train,/mnt/d/ruanjianxiazai/pycharm2026/datasets/dataset_2/train/images/nozzle_clean_0194.jpg,True,"train,val"
137,abb43b622b46880b92cb96a83d8891802320d32f51bd3821b6f9840a836175a2,val,/mnt/d/ruanjianxiazai/pycharm2026/datasets/dataset_2/val/images/nozzle_no_extrusion_0187.jpg,True,"train,val"
138,d95a0910242f76ee6cb43b4f5fa8c981b4cd1a4fb73c4af3ef32b7c5431635d9,train,/mnt/d/ruanjianxiazai/pycharm2026/datasets/dataset_2/train/images/nozzle_clean_0195.jpg,False,train
138,d95a0910242f76ee6cb43b4f5fa8c981b4cd1a4fb73c4af3ef32b7c5431635d9,train,/mnt/d/ruanjianxiazai/pycharm2026/datasets/dataset_2/train/images/nozzle_no_extrusion_0188.jpg,False,train
139,fb0a7a743cc9411bf11edfe6707fd8872534986d1b47e656b912e8519b17655e,train,/mnt/d/ruanjianxiazai/pycharm2026/datasets/dataset_2/train/images/nozzle_clean_0196.jpg,False,train
139,fb0a7a743cc9411bf11edfe6707fd8872534986d1b47e656b912e8519b17655e,train,/mnt/d/ruanjianxiazai/pycharm2026/datasets/dataset_2/train/images/nozzle_no_extrusion_0189.jpg,False,train
140,597a2f20c8895309464099ef0845b9c62562f40ccc0b08c44489eb554f0f16bb,train,/mnt/d/ruanjianxiazai/pycharm2026/datasets/dataset_2/train/images/nozzle_clean_0197.jpg,False,train
140,597a2f20c8895309464099ef0845b9c62562f40ccc0b08c44489eb554f0f16bb,train,/mnt/d/ruanjianxiazai/pycharm2026/datasets/dataset_2/train/images/nozzle_no_extrusion_0190.jpg,False,train
141,106c2553c45ab781900d4bfa5e3c2e6ba4ad7e6673f6e8402abd9ec7583c795b,train,/mnt/d/ruanjianxiazai/pycharm2026/datasets/dataset_2/train/images/nozzle_clean_0198.jpg,False,train
141,106c2553c45ab781900d4bfa5e3c2e6ba4ad7e6673f6e8402abd9ec7583c795b,train,/mnt/d/ruanjianxiazai/pycharm2026/datasets/dataset_2/train/images/nozzle_no_extrusion_0191.jpg,False,train
142,71722210dae1c3a7d1114918752849dc09e3913c1965a68c96b42aedfd5e524e,train,/mnt/d/ruanjianxiazai/pycharm2026/datasets/dataset_2/train/images/nozzle_clean_0199.jpg,True,"train,val"
142,71722210dae1c3a7d1114918752849dc09e3913c1965a68c96b42aedfd5e524e,val,/mnt/d/ruanjianxiazai/pycharm2026/datasets/dataset_2/val/images/nozzle_no_extrusion_0192.jpg,True,"train,val"
143,dcb8969d57c6ffc69466d62186bd36089ea9b4e139deee23c58c0b11886fe5f2,train,/mnt/d/ruanjianxiazai/pycharm2026/datasets/dataset_2/train/images/nozzle_clean_0201.jpg,False,train
143,dcb8969d57c6ffc69466d62186bd36089ea9b4e139deee23c58c0b11886fe5f2,train,/mnt/d/ruanjianxiazai/pycharm2026/datasets/dataset_2/train/images/nozzle_no_extrusion_0194.jpg,False,train
144,d05d76edd7ad21c0e3314bf3862135194322321c8e5ea257245510ca0a590246,train,/mnt/d/ruanjianxiazai/pycharm2026/datasets/dataset_2/train/images/nozzle_clean_0202.jpg,True,"test,train"
144,d05d76edd7ad21c0e3314bf3862135194322321c8e5ea257245510ca0a590246,test,/mnt/d/ruanjianxiazai/pycharm2026/datasets/dataset_2/test/images/nozzle_no_extrusion_0195.jpg,True,"test,train"
145,8e1182614a94f5680598ed003e7c55f07a99c3be5eaa7c3ffe46855b8baa8d13,train,/mnt/d/ruanjianxiazai/pycharm2026/datasets/dataset_2/train/images/nozzle_clean_0205.jpg,False,train
145,8e1182614a94f5680598ed003e7c55f07a99c3be5eaa7c3ffe46855b8baa8d13,train,/mnt/d/ruanjianxiazai/pycharm2026/datasets/dataset_2/train/images/nozzle_no_extrusion_0198.jpg,False,train
146,618e78c4e3cc82d1a54379af2d81007c955c80cd1593a0e0f47bad5deec89ca5,train,/mnt/d/ruanjianxiazai/pycharm2026/datasets/dataset_2/train/images/nozzle_clean_0206.jpg,True,"train,val"
146,618e78c4e3cc82d1a54379af2d81007c955c80cd1593a0e0f47bad5deec89ca5,val,/mnt/d/ruanjianxiazai/pycharm2026/datasets/dataset_2/val/images/nozzle_no_extrusion_0199.jpg,True,"train,val"
147,dddb5de308df9fba4ca59415674a9bdabe97cb2b3aad0a70c2b07c9aa7db3d26,train,/mnt/d/ruanjianxiazai/pycharm2026/datasets/dataset_2/train/images/nozzle_clean_0208.jpg,True,"train,val"
147,dddb5de308df9fba4ca59415674a9bdabe97cb2b3aad0a70c2b07c9aa7db3d26,val,/mnt/d/ruanjianxiazai/pycharm2026/datasets/dataset_2/val/images/nozzle_no_extrusion_0201.jpg,True,"train,val"
148,41d3a9f51ba80be7f5d134836626316923ad51b772984ea6fceffbcc4ec08bed,train,/mnt/d/ruanjianxiazai/pycharm2026/datasets/dataset_2/train/images/nozzle_clean_0209.jpg,False,train
148,41d3a9f51ba80be7f5d134836626316923ad51b772984ea6fceffbcc4ec08bed,train,/mnt/d/ruanjianxiazai/pycharm2026/datasets/dataset_2/train/images/nozzle_no_extrusion_0202.jpg,False,train
149,e05a9105111cbadbe2f42223a767149b3a9ab79c04bae8e5c1610addbaf4b9f5,train,/mnt/d/ruanjianxiazai/pycharm2026/datasets/dataset_2/train/images/nozzle_clean_0212.jpg,False,train
149,e05a9105111cbadbe2f42223a767149b3a9ab79c04bae8e5c1610addbaf4b9f5,train,/mnt/d/ruanjianxiazai/pycharm2026/datasets/dataset_2/train/images/nozzle_no_extrusion_0205.jpg,False,train
150,471f9c95865e32d14202aad94f38f79b5a50dced9eabc78a1667cb34d4292174,train,/mnt/d/ruanjianxiazai/pycharm2026/datasets/dataset_2/train/images/nozzle_clean_0213.jpg,False,train
150,471f9c95865e32d14202aad94f38f79b5a50dced9eabc78a1667cb34d4292174,train,/mnt/d/ruanjianxiazai/pycharm2026/datasets/dataset_2/train/images/nozzle_no_extrusion_0206.jpg,False,train
151,648e180d1f4e870345e1bab0305ef127f9247a676f4d25a6aa3a33080e9b4a83,train,/mnt/d/ruanjianxiazai/pycharm2026/datasets/dataset_2/train/images/nozzle_clean_0214.jpg,False,train
151,648e180d1f4e870345e1bab0305ef127f9247a676f4d25a6aa3a33080e9b4a83,train,/mnt/d/ruanjianxiazai/pycharm2026/datasets/dataset_2/train/images/nozzle_no_extrusion_0207.jpg,False,train
152,29ccd19390e191c7c392a2ca49c30da422ce2d434f962f885a8e0353ac5413dc,train,/mnt/d/ruanjianxiazai/pycharm2026/datasets/dataset_2/train/images/nozzle_clean_0215.jpg,True,"train,val"
152,29ccd19390e191c7c392a2ca49c30da422ce2d434f962f885a8e0353ac5413dc,val,/mnt/d/ruanjianxiazai/pycharm2026/datasets/dataset_2/val/images/nozzle_no_extrusion_0208.jpg,True,"train,val"
153,eec9948e26ee024a2369da97f80b5c60966bdcf8991bbf2f97f1f9fd1617c4c2,train,/mnt/d/ruanjianxiazai/pycharm2026/datasets/dataset_2/train/images/nozzle_clean_0216.jpg,False,train
153,eec9948e26ee024a2369da97f80b5c60966bdcf8991bbf2f97f1f9fd1617c4c2,train,/mnt/d/ruanjianxiazai/pycharm2026/datasets/dataset_2/train/images/nozzle_no_extrusion_0209.jpg,False,train
154,0551eb7f12e3ffe4a09997edd1e763af17f786b0db15cb26642007f1c62bad6b,train,/mnt/d/ruanjianxiazai/pycharm2026/datasets/dataset_2/train/images/nozzle_clean_0218.jpg,False,train
154,0551eb7f12e3ffe4a09997edd1e763af17f786b0db15cb26642007f1c62bad6b,train,/mnt/d/ruanjianxiazai/pycharm2026/datasets/dataset_2/train/images/nozzle_no_extrusion_0211.jpg,False,train
155,31687c8e2bcf49f50480d089a8129ebdf26af8edf8ad25f4ece54c19cb31301a,train,/mnt/d/ruanjianxiazai/pycharm2026/datasets/dataset_2/train/images/nozzle_clean_0221.jpg,False,train
155,31687c8e2bcf49f50480d089a8129ebdf26af8edf8ad25f4ece54c19cb31301a,train,/mnt/d/ruanjianxiazai/pycharm2026/datasets/dataset_2/train/images/nozzle_no_extrusion_0214.jpg,False,train
156,9bdddde51c55f19a05ab59e217e54246ac67a5fc1372b458ae5766ce56039a20,train,/mnt/d/ruanjianxiazai/pycharm2026/datasets/dataset_2/train/images/nozzle_clean_0224.jpg,True,"test,train"
156,9bdddde51c55f19a05ab59e217e54246ac67a5fc1372b458ae5766ce56039a20,test,/mnt/d/ruanjianxiazai/pycharm2026/datasets/dataset_2/test/images/nozzle_no_extrusion_0217.jpg,True,"test,train"
157,7fc71f6e343bb408b35802561f8f9c141c00a2926f59399d6617837695548308,train,/mnt/d/ruanjianxiazai/pycharm2026/datasets/dataset_2/train/images/nozzle_clean_0225.jpg,False,train
157,7fc71f6e343bb408b35802561f8f9c141c00a2926f59399d6617837695548308,train,/mnt/d/ruanjianxiazai/pycharm2026/datasets/dataset_2/train/images/nozzle_no_extrusion_0218.jpg,False,train
158,9365791730062e37c63ee2c5d4fbb0bc895c7776fd5b5270ba7c2b352667821d,train,/mnt/d/ruanjianxiazai/pycharm2026/datasets/dataset_2/train/images/nozzle_clean_0227.jpg,False,train
158,9365791730062e37c63ee2c5d4fbb0bc895c7776fd5b5270ba7c2b352667821d,train,/mnt/d/ruanjianxiazai/pycharm2026/datasets/dataset_2/train/images/nozzle_no_extrusion_0220.jpg,False,train
159,e6c99e8dbb27afaff89f3ea0f07575f5808a49e79ed5d6fd1e5abc643874eab9,train,/mnt/d/ruanjianxiazai/pycharm2026/datasets/dataset_2/train/images/nozzle_clean_0228.jpg,True,"test,train"
159,e6c99e8dbb27afaff89f3ea0f07575f5808a49e79ed5d6fd1e5abc643874eab9,test,/mnt/d/ruanjianxiazai/pycharm2026/datasets/dataset_2/test/images/nozzle_no_extrusion_0221.jpg,True,"test,train"
160,11c6d8a830be0045d32926658fc786cd138a428afcaf28fc937658b31c1d604f,train,/mnt/d/ruanjianxiazai/pycharm2026/datasets/dataset_2/train/images/nozzle_clean_0230.jpg,False,train
160,11c6d8a830be0045d32926658fc786cd138a428afcaf28fc937658b31c1d604f,train,/mnt/d/ruanjianxiazai/pycharm2026/datasets/dataset_2/train/images/nozzle_no_extrusion_0223.jpg,False,train
161,bfc1f137dbb5f7cf19779c54c737e37cd0e03e35585ada9bf756a7e99280d153,train,/mnt/d/ruanjianxiazai/pycharm2026/datasets/dataset_2/train/images/nozzle_clean_0231.jpg,False,train
161,bfc1f137dbb5f7cf19779c54c737e37cd0e03e35585ada9bf756a7e99280d153,train,/mnt/d/ruanjianxiazai/pycharm2026/datasets/dataset_2/train/images/nozzle_no_extrusion_0224.jpg,False,train
162,71b7a1a37f82faed3ca9384b04e8cec25dba4c10a832733ae2167927cc294869,train,/mnt/d/ruanjianxiazai/pycharm2026/datasets/dataset_2/train/images/nozzle_clean_0232.jpg,False,train
162,71b7a1a37f82faed3ca9384b04e8cec25dba4c10a832733ae2167927cc294869,train,/mnt/d/ruanjianxiazai/pycharm2026/datasets/dataset_2/train/images/nozzle_no_extrusion_0225.jpg,False,train
163,991c23f42a7baea332db3c45f0230fcf6cd2f0f14bfdf4cd87e1420334892704,train,/mnt/d/ruanjianxiazai/pycharm2026/datasets/dataset_2/train/images/nozzle_clean_0233.jpg,False,train
163,991c23f42a7baea332db3c45f0230fcf6cd2f0f14bfdf4cd87e1420334892704,train,/mnt/d/ruanjianxiazai/pycharm2026/datasets/dataset_2/train/images/nozzle_no_extrusion_0226.jpg,False,train
164,6364d0dd77d75da568a5ef55fd02c6af197ad0d5cf3084f47341c78b8aa4d985,train,/mnt/d/ruanjianxiazai/pycharm2026/datasets/dataset_2/train/images/nozzle_clean_0234.jpg,False,train
164,6364d0dd77d75da568a5ef55fd02c6af197ad0d5cf3084f47341c78b8aa4d985,train,/mnt/d/ruanjianxiazai/pycharm2026/datasets/dataset_2/train/images/nozzle_no_extrusion_0227.jpg,False,train
165,aeebb33be8cf365560ed04079133b19f2b4552c8f77acae9465befaa0cd7dd4b,train,/mnt/d/ruanjianxiazai/pycharm2026/datasets/dataset_2/train/images/nozzle_clean_0235.jpg,False,train
165,aeebb33be8cf365560ed04079133b19f2b4552c8f77acae9465befaa0cd7dd4b,train,/mnt/d/ruanjianxiazai/pycharm2026/datasets/dataset_2/train/images/nozzle_no_extrusion_0228.jpg,False,train
166,14ac6760ee06364459291c0e4c9c260339cec7a1c69788fc5070cf110c58c627,train,/mnt/d/ruanjianxiazai/pycharm2026/datasets/dataset_2/train/images/nozzle_clean_0236.jpg,True,"test,train"
166,14ac6760ee06364459291c0e4c9c260339cec7a1c69788fc5070cf110c58c627,test,/mnt/d/ruanjianxiazai/pycharm2026/datasets/dataset_2/test/images/nozzle_no_extrusion_0229.jpg,True,"test,train"
167,7abf40855a1a18af7075f946bf9bcac21c225d9bfcb02506077e1d6832cae4a1,train,/mnt/d/ruanjianxiazai/pycharm2026/datasets/dataset_2/train/images/nozzle_clean_0238.jpg,False,train
167,7abf40855a1a18af7075f946bf9bcac21c225d9bfcb02506077e1d6832cae4a1,train,/mnt/d/ruanjianxiazai/pycharm2026/datasets/dataset_2/train/images/nozzle_no_extrusion_0231.jpg,False,train
168,242e921a9baf1e554bff9352735b8bb00d0600dce20925085e9e4ab5c0cb9216,train,/mnt/d/ruanjianxiazai/pycharm2026/datasets/dataset_2/train/images/nozzle_clean_0239.jpg,False,train
168,242e921a9baf1e554bff9352735b8bb00d0600dce20925085e9e4ab5c0cb9216,train,/mnt/d/ruanjianxiazai/pycharm2026/datasets/dataset_2/train/images/nozzle_no_extrusion_0232.jpg,False,train
169,119056ca3c8674773cee4a0976ab2b9dfc17ae025016febd3d2745a5a6f31a93,train,/mnt/d/ruanjianxiazai/pycharm2026/datasets/dataset_2/train/images/nozzle_clean_0240.jpg,True,"train,val"
169,119056ca3c8674773cee4a0976ab2b9dfc17ae025016febd3d2745a5a6f31a93,val,/mnt/d/ruanjianxiazai/pycharm2026/datasets/dataset_2/val/images/nozzle_no_extrusion_0233.jpg,True,"train,val"
170,91d5219cad8452f949b13961a429d02ad37f624ffdd20cc57095b1a638be1da6,train,/mnt/d/ruanjianxiazai/pycharm2026/datasets/dataset_2/train/images/nozzle_clean_0241.jpg,False,train
170,91d5219cad8452f949b13961a429d02ad37f624ffdd20cc57095b1a638be1da6,train,/mnt/d/ruanjianxiazai/pycharm2026/datasets/dataset_2/train/images/nozzle_no_extrusion_0234.jpg,False,train
171,bb1b8d37aa057ea5035b03725ea437dfa2b8e01ea8b964073c7c2527f636dc0c,train,/mnt/d/ruanjianxiazai/pycharm2026/datasets/dataset_2/train/images/nozzle_clean_0242.jpg,False,train
171,bb1b8d37aa057ea5035b03725ea437dfa2b8e01ea8b964073c7c2527f636dc0c,train,/mnt/d/ruanjianxiazai/pycharm2026/datasets/dataset_2/train/images/nozzle_no_extrusion_0235.jpg,False,train
172,016e8e9f1f49b103fa6f69975bdc6605cca9403dbedcc4f6973bb1c579c8efd0,train,/mnt/d/ruanjianxiazai/pycharm2026/datasets/dataset_2/train/images/nozzle_clean_0243.jpg,True,"train,val"
172,016e8e9f1f49b103fa6f69975bdc6605cca9403dbedcc4f6973bb1c579c8efd0,val,/mnt/d/ruanjianxiazai/pycharm2026/datasets/dataset_2/val/images/nozzle_no_extrusion_0236.jpg,True,"train,val"
173,72716daec1fa4dba8d5a122957e4665b49f4d831b7151b39abf92038dc56d8f2,train,/mnt/d/ruanjianxiazai/pycharm2026/datasets/dataset_2/train/images/nozzle_clean_0245.jpg,False,train
173,72716daec1fa4dba8d5a122957e4665b49f4d831b7151b39abf92038dc56d8f2,train,/mnt/d/ruanjianxiazai/pycharm2026/datasets/dataset_2/train/images/nozzle_no_extrusion_0238.jpg,False,train
174,ff3a63b4116442bb54323169bd1b31256d523a06dc386b1001437d90a075147f,train,/mnt/d/ruanjianxiazai/pycharm2026/datasets/dataset_2/train/images/nozzle_clean_0247.jpg,True,"train,val"
174,ff3a63b4116442bb54323169bd1b31256d523a06dc386b1001437d90a075147f,val,/mnt/d/ruanjianxiazai/pycharm2026/datasets/dataset_2/val/images/nozzle_no_extrusion_0240.jpg,True,"train,val"
175,77b1b329ff9fd2177ee489c0d0b9fa11afed05df4b916c4e490fe84202db2707,train,/mnt/d/ruanjianxiazai/pycharm2026/datasets/dataset_2/train/images/nozzle_clean_0249.jpg,False,train
175,77b1b329ff9fd2177ee489c0d0b9fa11afed05df4b916c4e490fe84202db2707,train,/mnt/d/ruanjianxiazai/pycharm2026/datasets/dataset_2/train/images/nozzle_no_extrusion_0242.jpg,False,train
176,9af485ba42ed1b5cb4a2ce484c6ddf4d8367063b2b931340bfab3d98214bf680,train,/mnt/d/ruanjianxiazai/pycharm2026/datasets/dataset_2/train/images/nozzle_clean_0250.jpg,True,"train,val"
176,9af485ba42ed1b5cb4a2ce484c6ddf4d8367063b2b931340bfab3d98214bf680,val,/mnt/d/ruanjianxiazai/pycharm2026/datasets/dataset_2/val/images/nozzle_no_extrusion_0243.jpg,True,"train,val"
177,f1584ae7ad5926c96daae4c6b5902aa845c0d4f89ba9a6bb5578f64e0ba2b359,train,/mnt/d/ruanjianxiazai/pycharm2026/datasets/dataset_2/train/images/nozzle_clean_0251.jpg,True,"test,train"
177,f1584ae7ad5926c96daae4c6b5902aa845c0d4f89ba9a6bb5578f64e0ba2b359,test,/mnt/d/ruanjianxiazai/pycharm2026/datasets/dataset_2/test/images/nozzle_no_extrusion_0244.jpg,True,"test,train"
178,19b614e06201fe5880bd82062774bcf621f4f5fe8c5ea8b0a2cd152761ebf1e5,train,/mnt/d/ruanjianxiazai/pycharm2026/datasets/dataset_2/train/images/nozzle_clean_0252.jpg,True,"train,val"
178,19b614e06201fe5880bd82062774bcf621f4f5fe8c5ea8b0a2cd152761ebf1e5,val,/mnt/d/ruanjianxiazai/pycharm2026/datasets/dataset_2/val/images/nozzle_no_extrusion_0245.jpg,True,"train,val"
179,48a4dd1b98f84eccf05e0dab994089eb9b0bb695f54a77d38fe3b387f5cf6330,train,/mnt/d/ruanjianxiazai/pycharm2026/datasets/dataset_2/train/images/nozzle_clean_0253.jpg,True,"test,train"
179,48a4dd1b98f84eccf05e0dab994089eb9b0bb695f54a77d38fe3b387f5cf6330,test,/mnt/d/ruanjianxiazai/pycharm2026/datasets/dataset_2/test/images/nozzle_no_extrusion_0246.jpg,True,"test,train"
180,22731f3700f61f6b72c1fa20d1b57b3b1151361a2fe11396f6b9161c44f7e178,train,/mnt/d/ruanjianxiazai/pycharm2026/datasets/dataset_2/train/images/nozzle_clean_0255.jpg,True,"train,val"
180,22731f3700f61f6b72c1fa20d1b57b3b1151361a2fe11396f6b9161c44f7e178,val,/mnt/d/ruanjianxiazai/pycharm2026/datasets/dataset_2/val/images/nozzle_no_extrusion_0248.jpg,True,"train,val"
181,919edb08657ce7ba110dc9961ecb0e94f8e90ee90b58c2eb8f43fd46b1da234e,train,/mnt/d/ruanjianxiazai/pycharm2026/datasets/dataset_2/train/images/nozzle_clean_0256.jpg,False,train
181,919edb08657ce7ba110dc9961ecb0e94f8e90ee90b58c2eb8f43fd46b1da234e,train,/mnt/d/ruanjianxiazai/pycharm2026/datasets/dataset_2/train/images/nozzle_no_extrusion_0249.jpg,False,train
182,5298dc3d14a7006586e7ef7707e9a7c5d8d853cee8a03bfa0571d73607a14868,train,/mnt/d/ruanjianxiazai/pycharm2026/datasets/dataset_2/train/images/nozzle_clean_0259.jpg,True,"test,train"
182,5298dc3d14a7006586e7ef7707e9a7c5d8d853cee8a03bfa0571d73607a14868,test,/mnt/d/ruanjianxiazai/pycharm2026/datasets/dataset_2/test/images/nozzle_no_extrusion_0252.jpg,True,"test,train"
183,f38447ca1047e319231b33fac7f930886438c49b52b03e8eb31c77d6f7a00ac6,train,/mnt/d/ruanjianxiazai/pycharm2026/datasets/dataset_2/train/images/nozzle_clean_0261.jpg,True,"train,val"
183,f38447ca1047e319231b33fac7f930886438c49b52b03e8eb31c77d6f7a00ac6,val,/mnt/d/ruanjianxiazai/pycharm2026/datasets/dataset_2/val/images/nozzle_no_extrusion_0254.jpg,True,"train,val"
184,da772869f91943c46880581d082330effe2baef04ae688239013209d68368de6,train,/mnt/d/ruanjianxiazai/pycharm2026/datasets/dataset_2/train/images/nozzle_clean_0263.jpg,False,train
184,da772869f91943c46880581d082330effe2baef04ae688239013209d68368de6,train,/mnt/d/ruanjianxiazai/pycharm2026/datasets/dataset_2/train/images/nozzle_no_extrusion_0256.jpg,False,train
185,4186ac1fa56785005237e7a5c52e8e12df074b028fabd0f04717f13f89c83e3c,train,/mnt/d/ruanjianxiazai/pycharm2026/datasets/dataset_2/train/images/nozzle_clean_0264.jpg,False,train
185,4186ac1fa56785005237e7a5c52e8e12df074b028fabd0f04717f13f89c83e3c,train,/mnt/d/ruanjianxiazai/pycharm2026/datasets/dataset_2/train/images/nozzle_no_extrusion_0257.jpg,False,train
186,56228d60b84e113dda1c719463a12a2495ec55180d907e125a765f3fbaa214cf,train,/mnt/d/ruanjianxiazai/pycharm2026/datasets/dataset_2/train/images/nozzle_clean_0265.jpg,True,"train,val"
186,56228d60b84e113dda1c719463a12a2495ec55180d907e125a765f3fbaa214cf,val,/mnt/d/ruanjianxiazai/pycharm2026/datasets/dataset_2/val/images/nozzle_no_extrusion_0258.jpg,True,"train,val"
187,e655db88ecefb2ddff251582fce31aaed4f09ec1a4d51763002a8f6f2ec67466,train,/mnt/d/ruanjianxiazai/pycharm2026/datasets/dataset_2/train/images/nozzle_clean_0266.jpg,True,"test,train"
187,e655db88ecefb2ddff251582fce31aaed4f09ec1a4d51763002a8f6f2ec67466,test,/mnt/d/ruanjianxiazai/pycharm2026/datasets/dataset_2/test/images/nozzle_no_extrusion_0259.jpg,True,"test,train"
188,b1db8f2b0b0f6f06a6ac848c22501ec75c05f83b35aa5e6bb7c55359a8c58365,train,/mnt/d/ruanjianxiazai/pycharm2026/datasets/dataset_2/train/images/nozzle_clean_0268.jpg,True,"test,train"
188,b1db8f2b0b0f6f06a6ac848c22501ec75c05f83b35aa5e6bb7c55359a8c58365,test,/mnt/d/ruanjianxiazai/pycharm2026/datasets/dataset_2/test/images/nozzle_no_extrusion_0261.jpg,True,"test,train"
189,01dd78172c16cd935d82fd3c5a1486fe5c4f7c99ed932d7b3698ad1e017f1119,train,/mnt/d/ruanjianxiazai/pycharm2026/datasets/dataset_2/train/images/nozzle_clean_0269.jpg,False,train
189,01dd78172c16cd935d82fd3c5a1486fe5c4f7c99ed932d7b3698ad1e017f1119,train,/mnt/d/ruanjianxiazai/pycharm2026/datasets/dataset_2/train/images/nozzle_no_extrusion_0262.jpg,False,train
190,499d24500e93f0d50e549904208da28c56092329edeea804b4243687d3b89701,train,/mnt/d/ruanjianxiazai/pycharm2026/datasets/dataset_2/train/images/nozzle_clean_0270.jpg,False,train
190,499d24500e93f0d50e549904208da28c56092329edeea804b4243687d3b89701,train,/mnt/d/ruanjianxiazai/pycharm2026/datasets/dataset_2/train/images/nozzle_no_extrusion_0263.jpg,False,train
191,9d445a5247b18a64a4fab751e9247b0d5f2b36f2079cfb74574e4ff530e0663e,train,/mnt/d/ruanjianxiazai/pycharm2026/datasets/dataset_2/train/images/nozzle_clean_0271.jpg,False,train
191,9d445a5247b18a64a4fab751e9247b0d5f2b36f2079cfb74574e4ff530e0663e,train,/mnt/d/ruanjianxiazai/pycharm2026/datasets/dataset_2/train/images/nozzle_no_extrusion_0264.jpg,False,train
192,9630782a22108844c5233cb2dd04fc0a1a4ec3da53e1abb94913f6efa4c792ca,train,/mnt/d/ruanjianxiazai/pycharm2026/datasets/dataset_2/train/images/nozzle_clean_0272.jpg,False,train
192,9630782a22108844c5233cb2dd04fc0a1a4ec3da53e1abb94913f6efa4c792ca,train,/mnt/d/ruanjianxiazai/pycharm2026/datasets/dataset_2/train/images/nozzle_no_extrusion_0265.jpg,False,train
193,98190f064bc1eb3a14fbc7b71adc17da625b5ac32beda6026e8e9ee0983e4ee0,train,/mnt/d/ruanjianxiazai/pycharm2026/datasets/dataset_2/train/images/nozzle_clean_0273.jpg,False,train
193,98190f064bc1eb3a14fbc7b71adc17da625b5ac32beda6026e8e9ee0983e4ee0,train,/mnt/d/ruanjianxiazai/pycharm2026/datasets/dataset_2/train/images/nozzle_no_extrusion_0266.jpg,False,train
194,6c518324e94cb1c23b430646290de3df8349e3abd09bf975ae88d83afe40356d,train,/mnt/d/ruanjianxiazai/pycharm2026/datasets/dataset_2/train/images/nozzle_clean_0274.jpg,False,train
194,6c518324e94cb1c23b430646290de3df8349e3abd09bf975ae88d83afe40356d,train,/mnt/d/ruanjianxiazai/pycharm2026/datasets/dataset_2/train/images/nozzle_no_extrusion_0267.jpg,False,train
195,c093e573a1df07e30ee944e284c0ff1baec41eb3a1b85219246d5c673776ef63,train,/mnt/d/ruanjianxiazai/pycharm2026/datasets/dataset_2/train/images/nozzle_clean_0275.jpg,False,train
195,c093e573a1df07e30ee944e284c0ff1baec41eb3a1b85219246d5c673776ef63,train,/mnt/d/ruanjianxiazai/pycharm2026/datasets/dataset_2/train/images/nozzle_no_extrusion_0268.jpg,False,train
196,5cb64794dcdf8877ee2fe91bbd63d18c318636e9ef6bf70acb30336c3a0f6491,train,/mnt/d/ruanjianxiazai/pycharm2026/datasets/dataset_2/train/images/nozzle_clean_0276.jpg,False,train
196,5cb64794dcdf8877ee2fe91bbd63d18c318636e9ef6bf70acb30336c3a0f6491,train,/mnt/d/ruanjianxiazai/pycharm2026/datasets/dataset_2/train/images/nozzle_no_extrusion_0269.jpg,False,train
197,d1493ea1fbf20718874de4112965dc8a1b3199a2767da4ff4e9ca69a77cd0355,train,/mnt/d/ruanjianxiazai/pycharm2026/datasets/dataset_2/train/images/nozzle_clean_0277.jpg,False,train
197,d1493ea1fbf20718874de4112965dc8a1b3199a2767da4ff4e9ca69a77cd0355,train,/mnt/d/ruanjianxiazai/pycharm2026/datasets/dataset_2/train/images/nozzle_no_extrusion_0270.jpg,False,train
198,e7f543b9a9f20680ecff06052e8352eedc254ba949fcc5b603e3a79a90d5ec64,train,/mnt/d/ruanjianxiazai/pycharm2026/datasets/dataset_2/train/images/nozzle_clean_0278.jpg,True,"train,val"
198,e7f543b9a9f20680ecff06052e8352eedc254ba949fcc5b603e3a79a90d5ec64,val,/mnt/d/ruanjianxiazai/pycharm2026/datasets/dataset_2/val/images/nozzle_no_extrusion_0271.jpg,True,"train,val"
199,81b90242dcd83c478fb38d677e4854f8094ce341b51990d712ad24e801fe48f0,train,/mnt/d/ruanjianxiazai/pycharm2026/datasets/dataset_2/train/images/nozzle_clean_0279.jpg,True,"test,train"
199,81b90242dcd83c478fb38d677e4854f8094ce341b51990d712ad24e801fe48f0,test,/mnt/d/ruanjianxiazai/pycharm2026/datasets/dataset_2/test/images/nozzle_no_extrusion_0272.jpg,True,"test,train"
200,71199c8872f98307dc32837af450b3478b77553bfaa1846275661f240c25217d,train,/mnt/d/ruanjianxiazai/pycharm2026/datasets/dataset_2/train/images/nozzle_clean_0282.jpg,False,train
200,71199c8872f98307dc32837af450b3478b77553bfaa1846275661f240c25217d,train,/mnt/d/ruanjianxiazai/pycharm2026/datasets/dataset_2/train/images/nozzle_no_extrusion_0275.jpg,False,train
201,7eab39cee64bc300db3846d0e976c2458d2a8a9e2a7985971e82e66f68cfcbb9,train,/mnt/d/ruanjianxiazai/pycharm2026/datasets/dataset_2/train/images/nozzle_clean_0283.jpg,True,"test,train"
201,7eab39cee64bc300db3846d0e976c2458d2a8a9e2a7985971e82e66f68cfcbb9,test,/mnt/d/ruanjianxiazai/pycharm2026/datasets/dataset_2/test/images/nozzle_no_extrusion_0276.jpg,True,"test,train"
202,0c63cde011ac43cd44333309cddfb659a3a89b08e6d2d89a9a1e57bb30e34ca5,train,/mnt/d/ruanjianxiazai/pycharm2026/datasets/dataset_2/train/images/nozzle_clean_0284.jpg,False,train
202,0c63cde011ac43cd44333309cddfb659a3a89b08e6d2d89a9a1e57bb30e34ca5,train,/mnt/d/ruanjianxiazai/pycharm2026/datasets/dataset_2/train/images/nozzle_no_extrusion_0277.jpg,False,train
203,a9749836bd482d1061528e8188070f9df27d8b080b3c2f50957d939e3384e937,train,/mnt/d/ruanjianxiazai/pycharm2026/datasets/dataset_2/train/images/nozzle_clean_0286.jpg,False,train
203,a9749836bd482d1061528e8188070f9df27d8b080b3c2f50957d939e3384e937,train,/mnt/d/ruanjianxiazai/pycharm2026/datasets/dataset_2/train/images/nozzle_no_extrusion_0279.jpg,False,train
204,b433c7f303b9bc67791b37b7fe0a68e4d5481c656f53a79a2dc87e627b069608,train,/mnt/d/ruanjianxiazai/pycharm2026/datasets/dataset_2/train/images/nozzle_clean_0287.jpg,False,train
204,b433c7f303b9bc67791b37b7fe0a68e4d5481c656f53a79a2dc87e627b069608,train,/mnt/d/ruanjianxiazai/pycharm2026/datasets/dataset_2/train/images/nozzle_no_extrusion_0280.jpg,False,train
205,bbbd3caedf547a91502dfff9d09d7f78df46ad12d42a6b339bdcb1bb2f900219,train,/mnt/d/ruanjianxiazai/pycharm2026/datasets/dataset_2/train/images/nozzle_clean_0288.jpg,False,train
205,bbbd3caedf547a91502dfff9d09d7f78df46ad12d42a6b339bdcb1bb2f900219,train,/mnt/d/ruanjianxiazai/pycharm2026/datasets/dataset_2/train/images/nozzle_no_extrusion_0281.jpg,False,train
206,9163bbb489666e42d85159fe2443e06cb89253620b5df45cc60256768096f3c8,train,/mnt/d/ruanjianxiazai/pycharm2026/datasets/dataset_2/train/images/nozzle_clean_0289.jpg,False,train
206,9163bbb489666e42d85159fe2443e06cb89253620b5df45cc60256768096f3c8,train,/mnt/d/ruanjianxiazai/pycharm2026/datasets/dataset_2/train/images/nozzle_no_extrusion_0282.jpg,False,train
207,2b599921d2c79c719b845160dd69f0cdc092e0cb96d67fc6a769b66a93ea7a07,train,/mnt/d/ruanjianxiazai/pycharm2026/datasets/dataset_2/train/images/nozzle_clean_0290.jpg,False,train
207,2b599921d2c79c719b845160dd69f0cdc092e0cb96d67fc6a769b66a93ea7a07,train,/mnt/d/ruanjianxiazai/pycharm2026/datasets/dataset_2/train/images/nozzle_no_extrusion_0283.jpg,False,train
208,2066d4d1b34afea7bc301d53de5f3496f6ef099cc653f293f4359b1ec880a513,train,/mnt/d/ruanjianxiazai/pycharm2026/datasets/dataset_2/train/images/nozzle_clean_0293.jpg,True,"train,val"
208,2066d4d1b34afea7bc301d53de5f3496f6ef099cc653f293f4359b1ec880a513,val,/mnt/d/ruanjianxiazai/pycharm2026/datasets/dataset_2/val/images/nozzle_no_extrusion_0286.jpg,True,"train,val"
209,796092072f8eb1a58e34506f4a0d48e12d6d3661043a0a8f87a6836c6e7fee55,train,/mnt/d/ruanjianxiazai/pycharm2026/datasets/dataset_2/train/images/nozzle_clean_0294.jpg,False,train
209,796092072f8eb1a58e34506f4a0d48e12d6d3661043a0a8f87a6836c6e7fee55,train,/mnt/d/ruanjianxiazai/pycharm2026/datasets/dataset_2/train/images/nozzle_no_extrusion_0287.jpg,False,train
210,da172777e97c1c00b31fe5e2d24d1640e7e537ed450ba3cf16a87cb0160e1d6b,train,/mnt/d/ruanjianxiazai/pycharm2026/datasets/dataset_2/train/images/nozzle_clean_0296.jpg,False,train
210,da172777e97c1c00b31fe5e2d24d1640e7e537ed450ba3cf16a87cb0160e1d6b,train,/mnt/d/ruanjianxiazai/pycharm2026/datasets/dataset_2/train/images/nozzle_no_extrusion_0289.jpg,False,train
211,2954738924a43edd670e3bc3505f08f23c3fdfd90de4badde57adda8ab74eca8,train,/mnt/d/ruanjianxiazai/pycharm2026/datasets/dataset_2/train/images/nozzle_clean_0297.jpg,False,train
211,2954738924a43edd670e3bc3505f08f23c3fdfd90de4badde57adda8ab74eca8,train,/mnt/d/ruanjianxiazai/pycharm2026/datasets/dataset_2/train/images/nozzle_no_extrusion_0290.jpg,False,train
212,109048c8bdf293f68c2b16fe07b477eee5c047653ba73bb93ecba44f43561487,train,/mnt/d/ruanjianxiazai/pycharm2026/datasets/dataset_2/train/images/nozzle_clean_0298.jpg,True,"test,train"
212,109048c8bdf293f68c2b16fe07b477eee5c047653ba73bb93ecba44f43561487,test,/mnt/d/ruanjianxiazai/pycharm2026/datasets/dataset_2/test/images/nozzle_no_extrusion_0291.jpg,True,"test,train"
213,8980e49fe7cf099ea3c2faab478e78bfd6a162863a0736b26e53a7368c8ac9b2,train,/mnt/d/ruanjianxiazai/pycharm2026/datasets/dataset_2/train/images/nozzle_clean_0299.jpg,False,train
213,8980e49fe7cf099ea3c2faab478e78bfd6a162863a0736b26e53a7368c8ac9b2,train,/mnt/d/ruanjianxiazai/pycharm2026/datasets/dataset_2/train/images/nozzle_no_extrusion_0292.jpg,False,train
214,27ef2e1ad5d4d5dc543018de2d60db0cef9e7cf454255c2fca690d7535764349,train,/mnt/d/ruanjianxiazai/pycharm2026/datasets/dataset_2/train/images/nozzle_clean_0300.jpg,True,"test,train"
214,27ef2e1ad5d4d5dc543018de2d60db0cef9e7cf454255c2fca690d7535764349,test,/mnt/d/ruanjianxiazai/pycharm2026/datasets/dataset_2/test/images/nozzle_no_extrusion_0293.jpg,True,"test,train"
215,bb31f7ee85c2173a468e3141164c53ec6b1e0a50a01478ac93f3988486f88894,train,/mnt/d/ruanjianxiazai/pycharm2026/datasets/dataset_2/train/images/nozzle_clean_0301.jpg,False,train
215,bb31f7ee85c2173a468e3141164c53ec6b1e0a50a01478ac93f3988486f88894,train,/mnt/d/ruanjianxiazai/pycharm2026/datasets/dataset_2/train/images/nozzle_no_extrusion_0294.jpg,False,train
216,65345a8223db4d000241a5a0582c8e791376b7cafd550345387ce73fbc94b7b0,train,/mnt/d/ruanjianxiazai/pycharm2026/datasets/dataset_2/train/images/nozzle_clean_0304.jpg,True,"test,train"
216,65345a8223db4d000241a5a0582c8e791376b7cafd550345387ce73fbc94b7b0,test,/mnt/d/ruanjianxiazai/pycharm2026/datasets/dataset_2/test/images/nozzle_no_extrusion_0297.jpg,True,"test,train"
217,028adaa133808bead8faaffdd5a6c4f85d0d4e0bd14c65b6d1fb0ac46ca4b252,train,/mnt/d/ruanjianxiazai/pycharm2026/datasets/dataset_2/train/images/nozzle_clean_0305.jpg,False,train
217,028adaa133808bead8faaffdd5a6c4f85d0d4e0bd14c65b6d1fb0ac46ca4b252,train,/mnt/d/ruanjianxiazai/pycharm2026/datasets/dataset_2/train/images/nozzle_no_extrusion_0298.jpg,False,train
218,0640f34eed4d162e65a41e999dffc5dce4580426e69b658953cabbbbb574711a,train,/mnt/d/ruanjianxiazai/pycharm2026/datasets/dataset_2/train/images/nozzle_clean_0309.jpg,True,"train,val"
218,0640f34eed4d162e65a41e999dffc5dce4580426e69b658953cabbbbb574711a,val,/mnt/d/ruanjianxiazai/pycharm2026/datasets/dataset_2/val/images/nozzle_no_extrusion_0302.jpg,True,"train,val"
219,c1f5ee0992690a74a68426c760f3e931204105f2e3239650cbeb1e85b8a60212,train,/mnt/d/ruanjianxiazai/pycharm2026/datasets/dataset_2/train/images/nozzle_clean_0310.jpg,False,train
219,c1f5ee0992690a74a68426c760f3e931204105f2e3239650cbeb1e85b8a60212,train,/mnt/d/ruanjianxiazai/pycharm2026/datasets/dataset_2/train/images/nozzle_no_extrusion_0303.jpg,False,train
220,bed44762f5891870cf2d6f561c38d99e804b0644be1b6f81260b9e46b8ab9398,train,/mnt/d/ruanjianxiazai/pycharm2026/datasets/dataset_2/train/images/nozzle_clean_0311.jpg,True,"test,train"
220,bed44762f5891870cf2d6f561c38d99e804b0644be1b6f81260b9e46b8ab9398,test,/mnt/d/ruanjianxiazai/pycharm2026/datasets/dataset_2/test/images/nozzle_no_extrusion_0304.jpg,True,"test,train"
221,6a5edf1869ee72983b628291ced502351e78afd225d2af802067925de5176b00,train,/mnt/d/ruanjianxiazai/pycharm2026/datasets/dataset_2/train/images/nozzle_clean_0312.jpg,False,train
221,6a5edf1869ee72983b628291ced502351e78afd225d2af802067925de5176b00,train,/mnt/d/ruanjianxiazai/pycharm2026/datasets/dataset_2/train/images/nozzle_no_extrusion_0305.jpg,False,train
222,69c4dbefb307389841438494b043c91ff1937a7313febbe31dc778494ab4196f,train,/mnt/d/ruanjianxiazai/pycharm2026/datasets/dataset_2/train/images/nozzle_clean_0314.jpg,False,train
222,69c4dbefb307389841438494b043c91ff1937a7313febbe31dc778494ab4196f,train,/mnt/d/ruanjianxiazai/pycharm2026/datasets/dataset_2/train/images/nozzle_no_extrusion_0307.jpg,False,train
223,ac9c80abf657e04a5202b0adde6cfb0e250876ad1936447c15f3f9c6c4688a6c,train,/mnt/d/ruanjianxiazai/pycharm2026/datasets/dataset_2/train/images/nozzle_clean_0315.jpg,False,train
223,ac9c80abf657e04a5202b0adde6cfb0e250876ad1936447c15f3f9c6c4688a6c,train,/mnt/d/ruanjianxiazai/pycharm2026/datasets/dataset_2/train/images/nozzle_no_extrusion_0308.jpg,False,train
224,1cd62dbbd89b60cb3ddaebd5634f00d7a052a072c6e32d28b7079afcab825575,train,/mnt/d/ruanjianxiazai/pycharm2026/datasets/dataset_2/train/images/nozzle_clean_0316.jpg,True,"test,train"
224,1cd62dbbd89b60cb3ddaebd5634f00d7a052a072c6e32d28b7079afcab825575,test,/mnt/d/ruanjianxiazai/pycharm2026/datasets/dataset_2/test/images/nozzle_no_extrusion_0309.jpg,True,"test,train"
225,ed6fcd5a9b8343082e6fe77b50c5aa748603307a8745bbebee322a4ef459b244,train,/mnt/d/ruanjianxiazai/pycharm2026/datasets/dataset_2/train/images/nozzle_clean_0318.jpg,False,train
225,ed6fcd5a9b8343082e6fe77b50c5aa748603307a8745bbebee322a4ef459b244,train,/mnt/d/ruanjianxiazai/pycharm2026/datasets/dataset_2/train/images/nozzle_no_extrusion_0311.jpg,False,train
226,ed2df5d5c502b56bce19bc681ee48a9d59e47066aa5c9fc334812a0e4000dd22,train,/mnt/d/ruanjianxiazai/pycharm2026/datasets/dataset_2/train/images/nozzle_clean_0319.jpg,False,train
226,ed2df5d5c502b56bce19bc681ee48a9d59e47066aa5c9fc334812a0e4000dd22,train,/mnt/d/ruanjianxiazai/pycharm2026/datasets/dataset_2/train/images/nozzle_no_extrusion_0312.jpg,False,train
227,9515404b9a5ee0f4fd601ae3dd5b1d93c58649d6e9bca554d58351dcfc3afbf1,train,/mnt/d/ruanjianxiazai/pycharm2026/datasets/dataset_2/train/images/nozzle_clean_0320.jpg,False,train
227,9515404b9a5ee0f4fd601ae3dd5b1d93c58649d6e9bca554d58351dcfc3afbf1,train,/mnt/d/ruanjianxiazai/pycharm2026/datasets/dataset_2/train/images/nozzle_no_extrusion_0313.jpg,False,train
228,5a7954ddce048881d8377b60d2a5912bf9c6f57f9be5867caa13e90e74998a6e,train,/mnt/d/ruanjianxiazai/pycharm2026/datasets/dataset_2/train/images/nozzle_clean_0321.jpg,False,train
228,5a7954ddce048881d8377b60d2a5912bf9c6f57f9be5867caa13e90e74998a6e,train,/mnt/d/ruanjianxiazai/pycharm2026/datasets/dataset_2/train/images/nozzle_no_extrusion_0314.jpg,False,train
229,859a9b20410de8191d2948f303478fb1bce02abdcbf09f4b7eba7e672f3e5ba0,train,/mnt/d/ruanjianxiazai/pycharm2026/datasets/dataset_2/train/images/nozzle_clean_0322.jpg,True,"train,val"
229,859a9b20410de8191d2948f303478fb1bce02abdcbf09f4b7eba7e672f3e5ba0,val,/mnt/d/ruanjianxiazai/pycharm2026/datasets/dataset_2/val/images/nozzle_no_extrusion_0315.jpg,True,"train,val"
230,2eb0bfc01815f775c4211a2a71188d8adbf23e66f5c73e29df2bf9e23199b92d,train,/mnt/d/ruanjianxiazai/pycharm2026/datasets/dataset_2/train/images/nozzle_clean_0324.jpg,False,train
230,2eb0bfc01815f775c4211a2a71188d8adbf23e66f5c73e29df2bf9e23199b92d,train,/mnt/d/ruanjianxiazai/pycharm2026/datasets/dataset_2/train/images/nozzle_no_extrusion_0317.jpg,False,train
231,3a9a5ff089270321dcd71628bfd99203288e57dc7fed1103b0d5d275d1e62eda,train,/mnt/d/ruanjianxiazai/pycharm2026/datasets/dataset_2/train/images/nozzle_clean_0327.jpg,False,train
231,3a9a5ff089270321dcd71628bfd99203288e57dc7fed1103b0d5d275d1e62eda,train,/mnt/d/ruanjianxiazai/pycharm2026/datasets/dataset_2/train/images/nozzle_no_extrusion_0320.jpg,False,train
232,73fe53bbbd27ed622ad5ed65caa8d5407994a52c6b9e2722685b553acbd1dc8f,train,/mnt/d/ruanjianxiazai/pycharm2026/datasets/dataset_2/train/images/nozzle_clean_0330.jpg,False,train
232,73fe53bbbd27ed622ad5ed65caa8d5407994a52c6b9e2722685b553acbd1dc8f,train,/mnt/d/ruanjianxiazai/pycharm2026/datasets/dataset_2/train/images/nozzle_no_extrusion_0323.jpg,False,train
233,550344ae56dbbda4ebf4e6dc1f3f3dbba93102d1fc43a7327ecafbbd31f571a6,train,/mnt/d/ruanjianxiazai/pycharm2026/datasets/dataset_2/train/images/nozzle_clean_0331.jpg,False,train
233,550344ae56dbbda4ebf4e6dc1f3f3dbba93102d1fc43a7327ecafbbd31f571a6,train,/mnt/d/ruanjianxiazai/pycharm2026/datasets/dataset_2/train/images/nozzle_no_extrusion_0324.jpg,False,train
234,f7b57de4ac878e62d32db8af80f4ce5e9156491494e31e3cf559373909a001a6,train,/mnt/d/ruanjianxiazai/pycharm2026/datasets/dataset_2/train/images/nozzle_clean_0333.jpg,True,"test,train"
234,f7b57de4ac878e62d32db8af80f4ce5e9156491494e31e3cf559373909a001a6,test,/mnt/d/ruanjianxiazai/pycharm2026/datasets/dataset_2/test/images/nozzle_no_extrusion_0326.jpg,True,"test,train"
235,3cbc14a496dd1d069a9155f48e116efc46b570fe8e107f2960801b2faacc29e3,train,/mnt/d/ruanjianxiazai/pycharm2026/datasets/dataset_2/train/images/nozzle_clean_0334.jpg,True,"test,train"
235,3cbc14a496dd1d069a9155f48e116efc46b570fe8e107f2960801b2faacc29e3,test,/mnt/d/ruanjianxiazai/pycharm2026/datasets/dataset_2/test/images/nozzle_no_extrusion_0327.jpg,True,"test,train"
236,5722b6ad43b1c7b4064a3fdca87b3ea87eb0b208a861f7f7c40cbcbb2fc763d6,train,/mnt/d/ruanjianxiazai/pycharm2026/datasets/dataset_2/train/images/nozzle_clean_0335.jpg,True,"train,val"
236,5722b6ad43b1c7b4064a3fdca87b3ea87eb0b208a861f7f7c40cbcbb2fc763d6,val,/mnt/d/ruanjianxiazai/pycharm2026/datasets/dataset_2/val/images/nozzle_no_extrusion_0328.jpg,True,"train,val"
237,2f686360c83a8345f290661bb379427b7c97e16d111b96afe05d80b93e511bc2,train,/mnt/d/ruanjianxiazai/pycharm2026/datasets/dataset_2/train/images/nozzle_clean_0337.jpg,False,train
237,2f686360c83a8345f290661bb379427b7c97e16d111b96afe05d80b93e511bc2,train,/mnt/d/ruanjianxiazai/pycharm2026/datasets/dataset_2/train/images/nozzle_no_extrusion_0330.jpg,False,train
238,99375eae7701138bbcc6ba49a70f70581ec115aa2f558e137adfe908c3289a47,train,/mnt/d/ruanjianxiazai/pycharm2026/datasets/dataset_2/train/images/nozzle_clean_0338.jpg,False,train
238,99375eae7701138bbcc6ba49a70f70581ec115aa2f558e137adfe908c3289a47,train,/mnt/d/ruanjianxiazai/pycharm2026/datasets/dataset_2/train/images/nozzle_no_extrusion_0331.jpg,False,train
239,09f193ab21658ffd173280bb59e800006e6c13277718c1f878a5eb7f82e7099c,train,/mnt/d/ruanjianxiazai/pycharm2026/datasets/dataset_2/train/images/nozzle_clean_0339.jpg,True,"train,val"
239,09f193ab21658ffd173280bb59e800006e6c13277718c1f878a5eb7f82e7099c,val,/mnt/d/ruanjianxiazai/pycharm2026/datasets/dataset_2/val/images/nozzle_no_extrusion_0332.jpg,True,"train,val"
240,cf4f477d672b2050893b52e253daaa47cbc1cd3b5144cc7867b167d924ad72b7,train,/mnt/d/ruanjianxiazai/pycharm2026/datasets/dataset_2/train/images/nozzle_clean_0340.jpg,False,train
240,cf4f477d672b2050893b52e253daaa47cbc1cd3b5144cc7867b167d924ad72b7,train,/mnt/d/ruanjianxiazai/pycharm2026/datasets/dataset_2/train/images/nozzle_no_extrusion_0333.jpg,False,train
241,bd86d94519e4885b50cb4f7426e1cc90626a511e1cfd7b0e354ea63d6f04dcf7,train,/mnt/d/ruanjianxiazai/pycharm2026/datasets/dataset_2/train/images/nozzle_clean_0341.jpg,False,train
241,bd86d94519e4885b50cb4f7426e1cc90626a511e1cfd7b0e354ea63d6f04dcf7,train,/mnt/d/ruanjianxiazai/pycharm2026/datasets/dataset_2/train/images/nozzle_no_extrusion_0334.jpg,False,train
242,0a4bac4810671f5c88f835477e305f6ab22597b1fbc1aba95a29cdc8fa3f5233,train,/mnt/d/ruanjianxiazai/pycharm2026/datasets/dataset_2/train/images/nozzle_clean_0343.jpg,False,train
242,0a4bac4810671f5c88f835477e305f6ab22597b1fbc1aba95a29cdc8fa3f5233,train,/mnt/d/ruanjianxiazai/pycharm2026/datasets/dataset_2/train/images/nozzle_no_extrusion_0336.jpg,False,train
243,ab5f963dfa8711cea02e9ce382b2c9d54bf42095896b0d4fb4bf1c7dfbc8b21c,train,/mnt/d/ruanjianxiazai/pycharm2026/datasets/dataset_2/train/images/nozzle_clean_0344.jpg,False,train
243,ab5f963dfa8711cea02e9ce382b2c9d54bf42095896b0d4fb4bf1c7dfbc8b21c,train,/mnt/d/ruanjianxiazai/pycharm2026/datasets/dataset_2/train/images/nozzle_no_extrusion_0337.jpg,False,train
244,f22cf0cf98f68fe9b2242871232ab374c5074da709857575940232a1c7bfd2ca,train,/mnt/d/ruanjianxiazai/pycharm2026/datasets/dataset_2/train/images/nozzle_clean_0345.jpg,True,"train,val"
244,f22cf0cf98f68fe9b2242871232ab374c5074da709857575940232a1c7bfd2ca,val,/mnt/d/ruanjianxiazai/pycharm2026/datasets/dataset_2/val/images/nozzle_no_extrusion_0338.jpg,True,"train,val"
245,f39399df05ae24c9f4a26f06855ad334073ea90eae01b6834b7e9b3617376199,train,/mnt/d/ruanjianxiazai/pycharm2026/datasets/dataset_2/train/images/nozzle_clean_0346.jpg,False,train
245,f39399df05ae24c9f4a26f06855ad334073ea90eae01b6834b7e9b3617376199,train,/mnt/d/ruanjianxiazai/pycharm2026/datasets/dataset_2/train/images/nozzle_no_extrusion_0339.jpg,False,train
246,047c84b73087de32f250777a291179f50650d8e0fde1e6bff45de71a423fc304,train,/mnt/d/ruanjianxiazai/pycharm2026/datasets/dataset_2/train/images/nozzle_clean_0347.jpg,False,train
246,047c84b73087de32f250777a291179f50650d8e0fde1e6bff45de71a423fc304,train,/mnt/d/ruanjianxiazai/pycharm2026/datasets/dataset_2/train/images/nozzle_no_extrusion_0340.jpg,False,train
247,4310ca36bc3fb498c9c33458993615d232eba7632c4c77a9fc842b19d51b7231,train,/mnt/d/ruanjianxiazai/pycharm2026/datasets/dataset_2/train/images/nozzle_clean_0349.jpg,False,train
247,4310ca36bc3fb498c9c33458993615d232eba7632c4c77a9fc842b19d51b7231,train,/mnt/d/ruanjianxiazai/pycharm2026/datasets/dataset_2/train/images/nozzle_no_extrusion_0342.jpg,False,train
248,ee7e0b5e46c749aa1de6857a0cd4714cd1191c38487599bec568b77bb3d9673a,train,/mnt/d/ruanjianxiazai/pycharm2026/datasets/dataset_2/train/images/nozzle_clean_0351.jpg,False,train
248,ee7e0b5e46c749aa1de6857a0cd4714cd1191c38487599bec568b77bb3d9673a,train,/mnt/d/ruanjianxiazai/pycharm2026/datasets/dataset_2/train/images/nozzle_no_extrusion_0344.jpg,False,train
249,8a712670acf644e186d3461b0c8ac9a11328ca45041a66c2339da4aab3beda8c,train,/mnt/d/ruanjianxiazai/pycharm2026/datasets/dataset_2/train/images/nozzle_clean_0352.jpg,False,train
249,8a712670acf644e186d3461b0c8ac9a11328ca45041a66c2339da4aab3beda8c,train,/mnt/d/ruanjianxiazai/pycharm2026/datasets/dataset_2/train/images/nozzle_no_extrusion_0345.jpg,False,train
250,087922557aae7c986636870b613efbe5e98da98515d651da148c01d7567f7f49,train,/mnt/d/ruanjianxiazai/pycharm2026/datasets/dataset_2/train/images/nozzle_clean_0353.jpg,False,train
250,087922557aae7c986636870b613efbe5e98da98515d651da148c01d7567f7f49,train,/mnt/d/ruanjianxiazai/pycharm2026/datasets/dataset_2/train/images/nozzle_no_extrusion_0346.jpg,False,train
251,38843d5a597252a0d6c7472752616ea49baa37a221a8d901b209cdbe05534271,train,/mnt/d/ruanjianxiazai/pycharm2026/datasets/dataset_2/train/images/nozzle_clean_0356.jpg,True,"train,val"
251,38843d5a597252a0d6c7472752616ea49baa37a221a8d901b209cdbe05534271,val,/mnt/d/ruanjianxiazai/pycharm2026/datasets/dataset_2/val/images/nozzle_no_extrusion_0349.jpg,True,"train,val"
252,272e1ec92267a514f51087be9d8a9b086b95780827c61edb64ad268a787107f8,train,/mnt/d/ruanjianxiazai/pycharm2026/datasets/dataset_2/train/images/nozzle_clean_0357.jpg,False,train
252,272e1ec92267a514f51087be9d8a9b086b95780827c61edb64ad268a787107f8,train,/mnt/d/ruanjianxiazai/pycharm2026/datasets/dataset_2/train/images/nozzle_no_extrusion_0350.jpg,False,train
253,5e28778c2e3e08e6b38fb95d1d66907c2faa97a5d98473db6634cf21804d16d3,train,/mnt/d/ruanjianxiazai/pycharm2026/datasets/dataset_2/train/images/nozzle_clean_0358.jpg,True,"train,val"
253,5e28778c2e3e08e6b38fb95d1d66907c2faa97a5d98473db6634cf21804d16d3,val,/mnt/d/ruanjianxiazai/pycharm2026/datasets/dataset_2/val/images/nozzle_no_extrusion_0351.jpg,True,"train,val"
254,3fddf9a416a3f09ba3a7fb49b7e7e65a4c26b2fad6b2ed8ee88b4e4b956582b9,train,/mnt/d/ruanjianxiazai/pycharm2026/datasets/dataset_2/train/images/nozzle_clean_0359.jpg,False,train
254,3fddf9a416a3f09ba3a7fb49b7e7e65a4c26b2fad6b2ed8ee88b4e4b956582b9,train,/mnt/d/ruanjianxiazai/pycharm2026/datasets/dataset_2/train/images/nozzle_no_extrusion_0352.jpg,False,train
255,f8c8ed609bd719578c82514a5a5b554111fb51559338e23d7bae871db563e95b,train,/mnt/d/ruanjianxiazai/pycharm2026/datasets/dataset_2/train/images/nozzle_clean_0362.jpg,True,"train,val"
255,f8c8ed609bd719578c82514a5a5b554111fb51559338e23d7bae871db563e95b,val,/mnt/d/ruanjianxiazai/pycharm2026/datasets/dataset_2/val/images/nozzle_no_extrusion_0355.jpg,True,"train,val"
256,f9da6fcb269ad3f0ad3d3e92299a426e0219848f66203fb5ca486914cb22389b,train,/mnt/d/ruanjianxiazai/pycharm2026/datasets/dataset_2/train/images/nozzle_clean_0364.jpg,True,"test,train"
256,f9da6fcb269ad3f0ad3d3e92299a426e0219848f66203fb5ca486914cb22389b,test,/mnt/d/ruanjianxiazai/pycharm2026/datasets/dataset_2/test/images/nozzle_no_extrusion_0357.jpg,True,"test,train"
257,235fd8319f438ea86e0e6cd448847b4593f5ae76a80dc4a842ad81b122ebb9cf,train,/mnt/d/ruanjianxiazai/pycharm2026/datasets/dataset_2/train/images/nozzle_clean_0365.jpg,False,train
257,235fd8319f438ea86e0e6cd448847b4593f5ae76a80dc4a842ad81b122ebb9cf,train,/mnt/d/ruanjianxiazai/pycharm2026/datasets/dataset_2/train/images/nozzle_no_extrusion_0358.jpg,False,train
258,e973ad747d2f5b102ef86dd40b28bfddd46620b3190c914190515283e5ea9fa9,train,/mnt/d/ruanjianxiazai/pycharm2026/datasets/dataset_2/train/images/nozzle_clean_0366.jpg,False,train
258,e973ad747d2f5b102ef86dd40b28bfddd46620b3190c914190515283e5ea9fa9,train,/mnt/d/ruanjianxiazai/pycharm2026/datasets/dataset_2/train/images/nozzle_no_extrusion_0359.jpg,False,train
259,f48f4ee4c0bf6b94f496180de744baf153e51d6c1e608661d161873bb23783d5,train,/mnt/d/ruanjianxiazai/pycharm2026/datasets/dataset_2/train/images/nozzle_clean_0367.jpg,True,"train,val"
259,f48f4ee4c0bf6b94f496180de744baf153e51d6c1e608661d161873bb23783d5,val,/mnt/d/ruanjianxiazai/pycharm2026/datasets/dataset_2/val/images/nozzle_no_extrusion_0360.jpg,True,"train,val"
260,06787eea1099a9da6392773a436904f34d7ac2db7e3700dd7ec41539da207de3,train,/mnt/d/ruanjianxiazai/pycharm2026/datasets/dataset_2/train/images/nozzle_clean_0368.jpg,False,train
260,06787eea1099a9da6392773a436904f34d7ac2db7e3700dd7ec41539da207de3,train,/mnt/d/ruanjianxiazai/pycharm2026/datasets/dataset_2/train/images/nozzle_no_extrusion_0361.jpg,False,train
261,664b5c9d74e22a33eee9270d895b0744d55b17114e638a2268c6a752b48e5e63,train,/mnt/d/ruanjianxiazai/pycharm2026/datasets/dataset_2/train/images/nozzle_clean_0371.jpg,False,train
261,664b5c9d74e22a33eee9270d895b0744d55b17114e638a2268c6a752b48e5e63,train,/mnt/d/ruanjianxiazai/pycharm2026/datasets/dataset_2/train/images/nozzle_no_extrusion_0364.jpg,False,train
262,bedcd81884efb6bfee7f5ad9cff1514d7db042b420a703dfebc6f22b9e197718,train,/mnt/d/ruanjianxiazai/pycharm2026/datasets/dataset_2/train/images/nozzle_clean_0372.jpg,False,train
262,bedcd81884efb6bfee7f5ad9cff1514d7db042b420a703dfebc6f22b9e197718,train,/mnt/d/ruanjianxiazai/pycharm2026/datasets/dataset_2/train/images/nozzle_no_extrusion_0365.jpg,False,train
263,16adf7e1e329721fd2abbb44012b23e3c50cfed0cb12a2c5fef517682515744f,train,/mnt/d/ruanjianxiazai/pycharm2026/datasets/dataset_2/train/images/nozzle_clean_0376.jpg,False,train
263,16adf7e1e329721fd2abbb44012b23e3c50cfed0cb12a2c5fef517682515744f,train,/mnt/d/ruanjianxiazai/pycharm2026/datasets/dataset_2/train/images/nozzle_no_extrusion_0369.jpg,False,train
264,8e7df4a49b90b0243666d5b296f14579a56e83626fb10544587bb7f007f559a6,train,/mnt/d/ruanjianxiazai/pycharm2026/datasets/dataset_2/train/images/nozzle_clean_0377.jpg,False,train
264,8e7df4a49b90b0243666d5b296f14579a56e83626fb10544587bb7f007f559a6,train,/mnt/d/ruanjianxiazai/pycharm2026/datasets/dataset_2/train/images/nozzle_no_extrusion_0370.jpg,False,train
265,6cc97915af8f020c3d84d26976f1d1c9e51fc9b232e925ab4b0f0cf46041e54e,train,/mnt/d/ruanjianxiazai/pycharm2026/datasets/dataset_2/train/images/nozzle_clean_0379.jpg,False,train
265,6cc97915af8f020c3d84d26976f1d1c9e51fc9b232e925ab4b0f0cf46041e54e,train,/mnt/d/ruanjianxiazai/pycharm2026/datasets/dataset_2/train/images/nozzle_no_extrusion_0372.jpg,False,train
266,b71d0a7d0721d1bf211600813811b11985c02605a1e053aa598237269a800205,train,/mnt/d/ruanjianxiazai/pycharm2026/datasets/dataset_2/train/images/nozzle_clean_0380.jpg,True,"test,train"
266,b71d0a7d0721d1bf211600813811b11985c02605a1e053aa598237269a800205,test,/mnt/d/ruanjianxiazai/pycharm2026/datasets/dataset_2/test/images/nozzle_no_extrusion_0373.jpg,True,"test,train"
267,d4af8732becfccea301b29024bd2bb8896a00496787a2d8331602bcf7ef5ba31,train,/mnt/d/ruanjianxiazai/pycharm2026/datasets/dataset_2/train/images/nozzle_clean_0382.jpg,False,train
267,d4af8732becfccea301b29024bd2bb8896a00496787a2d8331602bcf7ef5ba31,train,/mnt/d/ruanjianxiazai/pycharm2026/datasets/dataset_2/train/images/nozzle_no_extrusion_0375.jpg,False,train
268,c8130c48b05fcac2c9a29eca9c7a76d227f34fb3a9c230c8153b8d0dd8273788,train,/mnt/d/ruanjianxiazai/pycharm2026/datasets/dataset_2/train/images/nozzle_clean_0383.jpg,False,train
268,c8130c48b05fcac2c9a29eca9c7a76d227f34fb3a9c230c8153b8d0dd8273788,train,/mnt/d/ruanjianxiazai/pycharm2026/datasets/dataset_2/train/images/nozzle_no_extrusion_0376.jpg,False,train
269,fdcd1ba535790dbb6f96ffca4f6ec41de28614803160773371d885ce50541687,train,/mnt/d/ruanjianxiazai/pycharm2026/datasets/dataset_2/train/images/nozzle_clean_0384.jpg,True,"train,val"
269,fdcd1ba535790dbb6f96ffca4f6ec41de28614803160773371d885ce50541687,val,/mnt/d/ruanjianxiazai/pycharm2026/datasets/dataset_2/val/images/nozzle_no_extrusion_0377.jpg,True,"train,val"
270,c40ae9ec78b3e327724aa8390546937b0d8c4e18739f37f28298064acb2791f7,train,/mnt/d/ruanjianxiazai/pycharm2026/datasets/dataset_2/train/images/nozzle_clean_0386.jpg,False,train
270,c40ae9ec78b3e327724aa8390546937b0d8c4e18739f37f28298064acb2791f7,train,/mnt/d/ruanjianxiazai/pycharm2026/datasets/dataset_2/train/images/nozzle_no_extrusion_0379.jpg,False,train
271,cf628535623f3d6a2de342820444dc0ee1c97839b86d440934563704dac8dae8,train,/mnt/d/ruanjianxiazai/pycharm2026/datasets/dataset_2/train/images/nozzle_clean_0387.jpg,False,train
271,cf628535623f3d6a2de342820444dc0ee1c97839b86d440934563704dac8dae8,train,/mnt/d/ruanjianxiazai/pycharm2026/datasets/dataset_2/train/images/nozzle_no_extrusion_0380.jpg,False,train
272,30b6688dcac395ce99f19f13e0b4c447a813a208dfbca36aed978787da38df07,train,/mnt/d/ruanjianxiazai/pycharm2026/datasets/dataset_2/train/images/nozzle_clean_0388.jpg,True,"train,val"
272,30b6688dcac395ce99f19f13e0b4c447a813a208dfbca36aed978787da38df07,val,/mnt/d/ruanjianxiazai/pycharm2026/datasets/dataset_2/val/images/nozzle_no_extrusion_0381.jpg,True,"train,val"
273,4939c49d1e535c29d6e2c84c06589b14c5b970c3b4a5fce3b7d5606b80adb4f1,train,/mnt/d/ruanjianxiazai/pycharm2026/datasets/dataset_2/train/images/nozzle_clean_0389.jpg,True,"train,val"
273,4939c49d1e535c29d6e2c84c06589b14c5b970c3b4a5fce3b7d5606b80adb4f1,val,/mnt/d/ruanjianxiazai/pycharm2026/datasets/dataset_2/val/images/nozzle_no_extrusion_0382.jpg,True,"train,val"
274,63cb41d74fd0023bba1482f6b50828550f21709b31e2a965ec25ae4f6cba32b1,train,/mnt/d/ruanjianxiazai/pycharm2026/datasets/dataset_2/train/images/nozzle_clean_0390.jpg,False,train
274,63cb41d74fd0023bba1482f6b50828550f21709b31e2a965ec25ae4f6cba32b1,train,/mnt/d/ruanjianxiazai/pycharm2026/datasets/dataset_2/train/images/nozzle_no_extrusion_0383.jpg,False,train
275,6f2a30d17bf7c4a26d0ba4e03ecd84330be7334e9828c620ab83f980c6c5d313,train,/mnt/d/ruanjianxiazai/pycharm2026/datasets/dataset_2/train/images/nozzle_clean_0391.jpg,True,"test,train"
275,6f2a30d17bf7c4a26d0ba4e03ecd84330be7334e9828c620ab83f980c6c5d313,test,/mnt/d/ruanjianxiazai/pycharm2026/datasets/dataset_2/test/images/nozzle_no_extrusion_0384.jpg,True,"test,train"
276,7b570df9804c9297e5b0e3db8713a074b42d269848ae52b83390c1369e7e160a,train,/mnt/d/ruanjianxiazai/pycharm2026/datasets/dataset_2/train/images/nozzle_clean_0392.jpg,False,train
276,7b570df9804c9297e5b0e3db8713a074b42d269848ae52b83390c1369e7e160a,train,/mnt/d/ruanjianxiazai/pycharm2026/datasets/dataset_2/train/images/nozzle_no_extrusion_0385.jpg,False,train
277,4263afc9a8a1cfb62268890f456ea5d3b9ccf9694230cd6524c3f3911df08b63,train,/mnt/d/ruanjianxiazai/pycharm2026/datasets/dataset_2/train/images/nozzle_clean_0393.jpg,False,train
277,4263afc9a8a1cfb62268890f456ea5d3b9ccf9694230cd6524c3f3911df08b63,train,/mnt/d/ruanjianxiazai/pycharm2026/datasets/dataset_2/train/images/nozzle_no_extrusion_0386.jpg,False,train
278,b4ff7bddaaab2b293cdad7bd328412b6cbdcd19ddb826661d011662c13d5da69,train,/mnt/d/ruanjianxiazai/pycharm2026/datasets/dataset_2/train/images/nozzle_clean_0394.jpg,False,train
278,b4ff7bddaaab2b293cdad7bd328412b6cbdcd19ddb826661d011662c13d5da69,train,/mnt/d/ruanjianxiazai/pycharm2026/datasets/dataset_2/train/images/nozzle_no_extrusion_0387.jpg,False,train
279,5762a306b0a452cba7b1778563a6c5ab761803b1e1e4a50cef92615cf785b755,train,/mnt/d/ruanjianxiazai/pycharm2026/datasets/dataset_2/train/images/nozzle_clean_0395.jpg,False,train
279,5762a306b0a452cba7b1778563a6c5ab761803b1e1e4a50cef92615cf785b755,train,/mnt/d/ruanjianxiazai/pycharm2026/datasets/dataset_2/train/images/nozzle_no_extrusion_0388.jpg,False,train
280,76fb1559889b78c76f0d2849fc07a426fd85f9dcc1cd3720e58fb49612d102f5,train,/mnt/d/ruanjianxiazai/pycharm2026/datasets/dataset_2/train/images/nozzle_clean_0396.jpg,False,train
280,76fb1559889b78c76f0d2849fc07a426fd85f9dcc1cd3720e58fb49612d102f5,train,/mnt/d/ruanjianxiazai/pycharm2026/datasets/dataset_2/train/images/nozzle_no_extrusion_0389.jpg,False,train
281,2025cd8410dc2a51da8155c18c0ff03020f0414c7df0518423f52b334dc87a6e,train,/mnt/d/ruanjianxiazai/pycharm2026/datasets/dataset_2/train/images/nozzle_clean_0399.jpg,True,"train,val"
281,2025cd8410dc2a51da8155c18c0ff03020f0414c7df0518423f52b334dc87a6e,val,/mnt/d/ruanjianxiazai/pycharm2026/datasets/dataset_2/val/images/nozzle_no_extrusion_0392.jpg,True,"train,val"
282,558af53938c0e1a4fb0057970fe2ac45f5d326a8fb751fce6b040ffc4fbf711c,train,/mnt/d/ruanjianxiazai/pycharm2026/datasets/dataset_2/train/images/nozzle_clean_0400.jpg,False,train
282,558af53938c0e1a4fb0057970fe2ac45f5d326a8fb751fce6b040ffc4fbf711c,train,/mnt/d/ruanjianxiazai/pycharm2026/datasets/dataset_2/train/images/nozzle_no_extrusion_0393.jpg,False,train
283,80234fd3d131063ca0652408dc0531e67d265a962fcaf09844766726d3378ad7,train,/mnt/d/ruanjianxiazai/pycharm2026/datasets/dataset_2/train/images/nozzle_clean_0401.jpg,False,train
283,80234fd3d131063ca0652408dc0531e67d265a962fcaf09844766726d3378ad7,train,/mnt/d/ruanjianxiazai/pycharm2026/datasets/dataset_2/train/images/nozzle_no_extrusion_0394.jpg,False,train
284,b7cc3074aca32e461051985586e5f1c67a71f0d35d49eb10d6abf33538b970da,train,/mnt/d/ruanjianxiazai/pycharm2026/datasets/dataset_2/train/images/nozzle_clean_0402.jpg,False,train
284,b7cc3074aca32e461051985586e5f1c67a71f0d35d49eb10d6abf33538b970da,train,/mnt/d/ruanjianxiazai/pycharm2026/datasets/dataset_2/train/images/nozzle_no_extrusion_0395.jpg,False,train
285,13aa16141a433a60e16c97b8d2c6103643c994150b7b2d93e6a6ea98e7948e47,train,/mnt/d/ruanjianxiazai/pycharm2026/datasets/dataset_2/train/images/nozzle_clean_0404.jpg,False,train
285,13aa16141a433a60e16c97b8d2c6103643c994150b7b2d93e6a6ea98e7948e47,train,/mnt/d/ruanjianxiazai/pycharm2026/datasets/dataset_2/train/images/nozzle_no_extrusion_0397.jpg,False,train
286,4b08990989cf9dc7a21b4b6af98bc072cdddda6b6451e94ac5ad9971d07bfa45,train,/mnt/d/ruanjianxiazai/pycharm2026/datasets/dataset_2/train/images/nozzle_clean_0407.jpg,True,"train,val"
286,4b08990989cf9dc7a21b4b6af98bc072cdddda6b6451e94ac5ad9971d07bfa45,val,/mnt/d/ruanjianxiazai/pycharm2026/datasets/dataset_2/val/images/nozzle_no_extrusion_0400.jpg,True,"train,val"
287,b5c6f1707f6b3de59105899e5d72f63ef8ffa1d13a7caeadbd4e9f97d062c089,train,/mnt/d/ruanjianxiazai/pycharm2026/datasets/dataset_2/train/images/nozzle_clean_0409.jpg,False,train
287,b5c6f1707f6b3de59105899e5d72f63ef8ffa1d13a7caeadbd4e9f97d062c089,train,/mnt/d/ruanjianxiazai/pycharm2026/datasets/dataset_2/train/images/nozzle_no_extrusion_0402.jpg,False,train
288,1bf6f75f4144927712fa909fd3a72eb2e5cc22630a849ecc556e2acd2c16bc02,train,/mnt/d/ruanjianxiazai/pycharm2026/datasets/dataset_2/train/images/nozzle_clean_0412.jpg,False,train
288,1bf6f75f4144927712fa909fd3a72eb2e5cc22630a849ecc556e2acd2c16bc02,train,/mnt/d/ruanjianxiazai/pycharm2026/datasets/dataset_2/train/images/nozzle_no_extrusion_0405.jpg,False,train
289,3f36e441397100d1b990a7446faf70cc616b769460853fad3785c8d017b23197,train,/mnt/d/ruanjianxiazai/pycharm2026/datasets/dataset_2/train/images/nozzle_clean_0413.jpg,True,"test,train"
289,3f36e441397100d1b990a7446faf70cc616b769460853fad3785c8d017b23197,test,/mnt/d/ruanjianxiazai/pycharm2026/datasets/dataset_2/test/images/nozzle_no_extrusion_0406.jpg,True,"test,train"
290,3a3eb64c35ac25090edeb0a0671dec51c0c1d439e6c6271b82750b8f5da6fb24,train,/mnt/d/ruanjianxiazai/pycharm2026/datasets/dataset_2/train/images/nozzle_clean_0415.jpg,False,train
290,3a3eb64c35ac25090edeb0a0671dec51c0c1d439e6c6271b82750b8f5da6fb24,train,/mnt/d/ruanjianxiazai/pycharm2026/datasets/dataset_2/train/images/nozzle_no_extrusion_0408.jpg,False,train
291,8804591628e2df1f0eb24cbd7d456734dc182ab800f4897057620956b5433f09,train,/mnt/d/ruanjianxiazai/pycharm2026/datasets/dataset_2/train/images/nozzle_clean_0417.jpg,False,train
291,8804591628e2df1f0eb24cbd7d456734dc182ab800f4897057620956b5433f09,train,/mnt/d/ruanjianxiazai/pycharm2026/datasets/dataset_2/train/images/nozzle_no_extrusion_0410.jpg,False,train
292,de6255f264c930ac264c7ee491cf47936b6bf7ddbe9271de1dbf01ad96d4300f,train,/mnt/d/ruanjianxiazai/pycharm2026/datasets/dataset_2/train/images/nozzle_clean_0418.jpg,True,"train,val"
292,de6255f264c930ac264c7ee491cf47936b6bf7ddbe9271de1dbf01ad96d4300f,val,/mnt/d/ruanjianxiazai/pycharm2026/datasets/dataset_2/val/images/nozzle_no_extrusion_0411.jpg,True,"train,val"
293,9310570f22aadcace801e9310141799bf9d800b88061daa4f4041d2f1ab58e05,train,/mnt/d/ruanjianxiazai/pycharm2026/datasets/dataset_2/train/images/nozzle_clean_0419.jpg,True,"test,train"
293,9310570f22aadcace801e9310141799bf9d800b88061daa4f4041d2f1ab58e05,test,/mnt/d/ruanjianxiazai/pycharm2026/datasets/dataset_2/test/images/nozzle_no_extrusion_0412.jpg,True,"test,train"
294,e461bb68a155d04460658b5411148a739afce17668304d804ecf1e6f7522967d,train,/mnt/d/ruanjianxiazai/pycharm2026/datasets/dataset_2/train/images/nozzle_clean_0421.jpg,False,train
294,e461bb68a155d04460658b5411148a739afce17668304d804ecf1e6f7522967d,train,/mnt/d/ruanjianxiazai/pycharm2026/datasets/dataset_2/train/images/nozzle_no_extrusion_0414.jpg,False,train
295,7be332ac6ffef5e66e781165ab0d268966cd0a7420c6050bb0e230cb4120233d,train,/mnt/d/ruanjianxiazai/pycharm2026/datasets/dataset_2/train/images/nozzle_clean_0422.jpg,False,train
295,7be332ac6ffef5e66e781165ab0d268966cd0a7420c6050bb0e230cb4120233d,train,/mnt/d/ruanjianxiazai/pycharm2026/datasets/dataset_2/train/images/nozzle_no_extrusion_0415.jpg,False,train
296,7be16db1c097b8e08189784b753a29f5875c0d9c3f6719617792514f2acf9387,train,/mnt/d/ruanjianxiazai/pycharm2026/datasets/dataset_2/train/images/nozzle_clean_0423.jpg,True,"test,train"
296,7be16db1c097b8e08189784b753a29f5875c0d9c3f6719617792514f2acf9387,test,/mnt/d/ruanjianxiazai/pycharm2026/datasets/dataset_2/test/images/nozzle_no_extrusion_0416.jpg,True,"test,train"
297,2d808c6e6f41ff9ca626c8bbc8081b043b7521aee470cd35aec31ef7c465ce49,train,/mnt/d/ruanjianxiazai/pycharm2026/datasets/dataset_2/train/images/nozzle_clean_0424.jpg,False,train
297,2d808c6e6f41ff9ca626c8bbc8081b043b7521aee470cd35aec31ef7c465ce49,train,/mnt/d/ruanjianxiazai/pycharm2026/datasets/dataset_2/train/images/nozzle_no_extrusion_0417.jpg,False,train
298,5945d464e53e63ca2173bcb8ed0c087d61f21e1a5d9691f31ae74bf098e62fc3,train,/mnt/d/ruanjianxiazai/pycharm2026/datasets/dataset_2/train/images/nozzle_clean_0425.jpg,True,"test,train"
298,5945d464e53e63ca2173bcb8ed0c087d61f21e1a5d9691f31ae74bf098e62fc3,test,/mnt/d/ruanjianxiazai/pycharm2026/datasets/dataset_2/test/images/nozzle_no_extrusion_0418.jpg,True,"test,train"
299,0983a5a3681ddfeebe5a55752612627dabc6ab8a3d3aee54a062d168b0f3e86d,train,/mnt/d/ruanjianxiazai/pycharm2026/datasets/dataset_2/train/images/nozzle_clean_0427.jpg,False,train
299,0983a5a3681ddfeebe5a55752612627dabc6ab8a3d3aee54a062d168b0f3e86d,train,/mnt/d/ruanjianxiazai/pycharm2026/datasets/dataset_2/train/images/nozzle_no_extrusion_0420.jpg,False,train
300,fac52727c205ebe54d4750f95e80689fea24cab08ae1fabd35bb1ba43b93eb66,train,/mnt/d/ruanjianxiazai/pycharm2026/datasets/dataset_2/train/images/nozzle_clean_0429.jpg,False,train
300,fac52727c205ebe54d4750f95e80689fea24cab08ae1fabd35bb1ba43b93eb66,train,/mnt/d/ruanjianxiazai/pycharm2026/datasets/dataset_2/train/images/nozzle_no_extrusion_0422.jpg,False,train
301,4e27880d68604f29bc50ae0eff76df4450de4aaefb6521a3455b8cc90775648f,train,/mnt/d/ruanjianxiazai/pycharm2026/datasets/dataset_2/train/images/nozzle_clean_0430.jpg,True,"train,val"
301,4e27880d68604f29bc50ae0eff76df4450de4aaefb6521a3455b8cc90775648f,val,/mnt/d/ruanjianxiazai/pycharm2026/datasets/dataset_2/val/images/nozzle_no_extrusion_0423.jpg,True,"train,val"
302,1952430aa39237e1d05402f67c25c24ca4b7c1e91f90473341ac92a35e2714bf,train,/mnt/d/ruanjianxiazai/pycharm2026/datasets/dataset_2/train/images/nozzle_clean_0431.jpg,False,train
302,1952430aa39237e1d05402f67c25c24ca4b7c1e91f90473341ac92a35e2714bf,train,/mnt/d/ruanjianxiazai/pycharm2026/datasets/dataset_2/train/images/nozzle_no_extrusion_0424.jpg,False,train
303,1799d1c7085c7c804d74552c8adba682e5a244838ab980fe225431ccdbe9ca88,train,/mnt/d/ruanjianxiazai/pycharm2026/datasets/dataset_2/train/images/nozzle_clean_0432.jpg,False,train
303,1799d1c7085c7c804d74552c8adba682e5a244838ab980fe225431ccdbe9ca88,train,/mnt/d/ruanjianxiazai/pycharm2026/datasets/dataset_2/train/images/nozzle_no_extrusion_0425.jpg,False,train
304,be961db339d425b44fa194de13f79005b1fb332158c6ce1a59bd6a1e9dd6b318,train,/mnt/d/ruanjianxiazai/pycharm2026/datasets/dataset_2/train/images/nozzle_clean_0433.jpg,False,train
304,be961db339d425b44fa194de13f79005b1fb332158c6ce1a59bd6a1e9dd6b318,train,/mnt/d/ruanjianxiazai/pycharm2026/datasets/dataset_2/train/images/nozzle_no_extrusion_0426.jpg,False,train
305,cf21ae07c2b7072711662c55c64af0b596ee9606e77f035acca295cb7a4cc663,train,/mnt/d/ruanjianxiazai/pycharm2026/datasets/dataset_2/train/images/nozzle_clean_0434.jpg,False,train
305,cf21ae07c2b7072711662c55c64af0b596ee9606e77f035acca295cb7a4cc663,train,/mnt/d/ruanjianxiazai/pycharm2026/datasets/dataset_2/train/images/nozzle_no_extrusion_0427.jpg,False,train
306,ae8bb64b2278ce695a366238131819976c43054dc469985f5dbfe75a995a8ed7,train,/mnt/d/ruanjianxiazai/pycharm2026/datasets/dataset_2/train/images/nozzle_clean_0435.jpg,True,"train,val"
306,ae8bb64b2278ce695a366238131819976c43054dc469985f5dbfe75a995a8ed7,val,/mnt/d/ruanjianxiazai/pycharm2026/datasets/dataset_2/val/images/nozzle_no_extrusion_0428.jpg,True,"train,val"
307,9f204e2864b440216c85051b8bab49fc6b8c442514814ef2523f10d48987bafc,train,/mnt/d/ruanjianxiazai/pycharm2026/datasets/dataset_2/train/images/nozzle_clean_0437.jpg,False,train
307,9f204e2864b440216c85051b8bab49fc6b8c442514814ef2523f10d48987bafc,train,/mnt/d/ruanjianxiazai/pycharm2026/datasets/dataset_2/train/images/nozzle_no_extrusion_0430.jpg,False,train
308,4d199390ef7709b5b5f3079b7489cc0d2cf38a390a9451ccad48481d0e4e83cd,train,/mnt/d/ruanjianxiazai/pycharm2026/datasets/dataset_2/train/images/nozzle_clean_0438.jpg,False,train
308,4d199390ef7709b5b5f3079b7489cc0d2cf38a390a9451ccad48481d0e4e83cd,train,/mnt/d/ruanjianxiazai/pycharm2026/datasets/dataset_2/train/images/nozzle_no_extrusion_0431.jpg,False,train
309,15d25e5eeb37bf516add4ef8d0a0840c43fa70810e58c0383ba9cddd4d94608f,train,/mnt/d/ruanjianxiazai/pycharm2026/datasets/dataset_2/train/images/nozzle_clean_0439.jpg,False,train
309,15d25e5eeb37bf516add4ef8d0a0840c43fa70810e58c0383ba9cddd4d94608f,train,/mnt/d/ruanjianxiazai/pycharm2026/datasets/dataset_2/train/images/nozzle_no_extrusion_0432.jpg,False,train
310,bce455a7f7ea056022eb335254d0a0711b6bd9a8da34b7c8b5ace0af3aeee8aa,train,/mnt/d/ruanjianxiazai/pycharm2026/datasets/dataset_2/train/images/nozzle_clean_0440.jpg,False,train
310,bce455a7f7ea056022eb335254d0a0711b6bd9a8da34b7c8b5ace0af3aeee8aa,train,/mnt/d/ruanjianxiazai/pycharm2026/datasets/dataset_2/train/images/nozzle_no_extrusion_0433.jpg,False,train
311,5cd5d7d933e5fc4ae3f6ba3fe12f73930f28b1c8d03fc9c70ae830a234f6dcf5,train,/mnt/d/ruanjianxiazai/pycharm2026/datasets/dataset_2/train/images/nozzle_clean_0441.jpg,False,train
311,5cd5d7d933e5fc4ae3f6ba3fe12f73930f28b1c8d03fc9c70ae830a234f6dcf5,train,/mnt/d/ruanjianxiazai/pycharm2026/datasets/dataset_2/train/images/nozzle_no_extrusion_0434.jpg,False,train
312,ac7b078537ab3e8c7ba8c04bf89caacad5414c02e4aadca649f22edb4a75b077,train,/mnt/d/ruanjianxiazai/pycharm2026/datasets/dataset_2/train/images/nozzle_clean_0442.jpg,True,"train,val"
312,ac7b078537ab3e8c7ba8c04bf89caacad5414c02e4aadca649f22edb4a75b077,val,/mnt/d/ruanjianxiazai/pycharm2026/datasets/dataset_2/val/images/nozzle_no_extrusion_0435.jpg,True,"train,val"
313,c39e9e3a12d8687bec79a74b48823cd5925f94e46f480cb963697c40dd26db6c,train,/mnt/d/ruanjianxiazai/pycharm2026/datasets/dataset_2/train/images/nozzle_clean_0444.jpg,True,"test,train"
313,c39e9e3a12d8687bec79a74b48823cd5925f94e46f480cb963697c40dd26db6c,test,/mnt/d/ruanjianxiazai/pycharm2026/datasets/dataset_2/test/images/nozzle_no_extrusion_0437.jpg,True,"test,train"
314,c8821e36d1f9ba9f6a0ecca11552ffd0e860a22f69f1876464e8712ee9753487,train,/mnt/d/ruanjianxiazai/pycharm2026/datasets/dataset_2/train/images/nozzle_clean_0445.jpg,False,train
314,c8821e36d1f9ba9f6a0ecca11552ffd0e860a22f69f1876464e8712ee9753487,train,/mnt/d/ruanjianxiazai/pycharm2026/datasets/dataset_2/train/images/nozzle_no_extrusion_0438.jpg,False,train
315,f294f8a2bfdfe94ca6bd7e07e6ce7f92b17296483ad1818c21b5871e20123b20,train,/mnt/d/ruanjianxiazai/pycharm2026/datasets/dataset_2/train/images/nozzle_clean_0446.jpg,False,train
315,f294f8a2bfdfe94ca6bd7e07e6ce7f92b17296483ad1818c21b5871e20123b20,train,/mnt/d/ruanjianxiazai/pycharm2026/datasets/dataset_2/train/images/nozzle_no_extrusion_0439.jpg,False,train
316,f55007de354cc79c1f82c39a2a7c817344c6be80e58c25b07af76490404d1b65,train,/mnt/d/ruanjianxiazai/pycharm2026/datasets/dataset_2/train/images/nozzle_clean_0447.jpg,True,"train,val"
316,f55007de354cc79c1f82c39a2a7c817344c6be80e58c25b07af76490404d1b65,val,/mnt/d/ruanjianxiazai/pycharm2026/datasets/dataset_2/val/images/nozzle_no_extrusion_0440.jpg,True,"train,val"
317,1bc6d3f5d1471533c1c5505d7127c0b9edf132e4c46f6ba9dfbf85527a83a99b,train,/mnt/d/ruanjianxiazai/pycharm2026/datasets/dataset_2/train/images/nozzle_clean_0448.jpg,False,train
317,1bc6d3f5d1471533c1c5505d7127c0b9edf132e4c46f6ba9dfbf85527a83a99b,train,/mnt/d/ruanjianxiazai/pycharm2026/datasets/dataset_2/train/images/nozzle_no_extrusion_0441.jpg,False,train
318,4ed5ac912c6f7afd6cee415f94ea9eb9bd050e7bdc6c2742f7dd73197dd16584,train,/mnt/d/ruanjianxiazai/pycharm2026/datasets/dataset_2/train/images/nozzle_clean_0449.jpg,True,"test,train"
318,4ed5ac912c6f7afd6cee415f94ea9eb9bd050e7bdc6c2742f7dd73197dd16584,test,/mnt/d/ruanjianxiazai/pycharm2026/datasets/dataset_2/test/images/nozzle_no_extrusion_0442.jpg,True,"test,train"
319,ef57287944e0e590aa483217001ea4bc3a831cc572e0be703b545ab49f52c19a,train,/mnt/d/ruanjianxiazai/pycharm2026/datasets/dataset_2/train/images/nozzle_clean_0450.jpg,False,train
319,ef57287944e0e590aa483217001ea4bc3a831cc572e0be703b545ab49f52c19a,train,/mnt/d/ruanjianxiazai/pycharm2026/datasets/dataset_2/train/images/nozzle_no_extrusion_0443.jpg,False,train
320,dc5414700522ded1d9c53d155d0a4cc21dc9b4a2ecee92fd77a6280fa91fa963,train,/mnt/d/ruanjianxiazai/pycharm2026/datasets/dataset_2/train/images/nozzle_clean_0451.jpg,False,train
320,dc5414700522ded1d9c53d155d0a4cc21dc9b4a2ecee92fd77a6280fa91fa963,train,/mnt/d/ruanjianxiazai/pycharm2026/datasets/dataset_2/train/images/nozzle_no_extrusion_0444.jpg,False,train
321,83d6bd57137262e3cc99f0fb2adab55d787a53a7720f244726521e2f2c920e08,train,/mnt/d/ruanjianxiazai/pycharm2026/datasets/dataset_2/train/images/nozzle_clean_0452.jpg,False,train
321,83d6bd57137262e3cc99f0fb2adab55d787a53a7720f244726521e2f2c920e08,train,/mnt/d/ruanjianxiazai/pycharm2026/datasets/dataset_2/train/images/nozzle_no_extrusion_0445.jpg,False,train
322,969a456aecd00dc014f51abefe87d8e09ae991b895d4cdee22e8b696dcb36e34,train,/mnt/d/ruanjianxiazai/pycharm2026/datasets/dataset_2/train/images/nozzle_clean_0453.jpg,False,train
322,969a456aecd00dc014f51abefe87d8e09ae991b895d4cdee22e8b696dcb36e34,train,/mnt/d/ruanjianxiazai/pycharm2026/datasets/dataset_2/train/images/nozzle_no_extrusion_0446.jpg,False,train
323,2c0841482094699f95bc32244c38d2cca51db915c22b7613ea256f36bc8bca3c,train,/mnt/d/ruanjianxiazai/pycharm2026/datasets/dataset_2/train/images/nozzle_clean_0454.jpg,True,"train,val"
323,2c0841482094699f95bc32244c38d2cca51db915c22b7613ea256f36bc8bca3c,val,/mnt/d/ruanjianxiazai/pycharm2026/datasets/dataset_2/val/images/nozzle_no_extrusion_0447.jpg,True,"train,val"
324,96c91be4dfc10682b7eafc8b340906d42da4da62339326a9dd4f6e00e7c511b2,train,/mnt/d/ruanjianxiazai/pycharm2026/datasets/dataset_2/train/images/nozzle_clean_0455.jpg,False,train
324,96c91be4dfc10682b7eafc8b340906d42da4da62339326a9dd4f6e00e7c511b2,train,/mnt/d/ruanjianxiazai/pycharm2026/datasets/dataset_2/train/images/nozzle_no_extrusion_0448.jpg,False,train
325,a77183a8a3324e79716f81cd8dd5115839e7afc3616543546b1c9f7b0fd035af,train,/mnt/d/ruanjianxiazai/pycharm2026/datasets/dataset_2/train/images/nozzle_clean_0456.jpg,False,train
325,a77183a8a3324e79716f81cd8dd5115839e7afc3616543546b1c9f7b0fd035af,train,/mnt/d/ruanjianxiazai/pycharm2026/datasets/dataset_2/train/images/nozzle_no_extrusion_0449.jpg,False,train
326,c5a68d816f878612469fc8ce2061029d87bc7363b41cdf2b7ea0eea6c17b2f43,train,/mnt/d/ruanjianxiazai/pycharm2026/datasets/dataset_2/train/images/nozzle_clean_0457.jpg,True,"test,train"
326,c5a68d816f878612469fc8ce2061029d87bc7363b41cdf2b7ea0eea6c17b2f43,test,/mnt/d/ruanjianxiazai/pycharm2026/datasets/dataset_2/test/images/nozzle_no_extrusion_0450.jpg,True,"test,train"
327,4c2cd6c4f79ee577bb50be2b226a380c9d8cece61ed61985b74fe50b284b6589,train,/mnt/d/ruanjianxiazai/pycharm2026/datasets/dataset_2/train/images/nozzle_clean_0459.jpg,False,train
327,4c2cd6c4f79ee577bb50be2b226a380c9d8cece61ed61985b74fe50b284b6589,train,/mnt/d/ruanjianxiazai/pycharm2026/datasets/dataset_2/train/images/nozzle_no_extrusion_0452.jpg,False,train
328,fad3681be5674eecf15001e560e799fea26f308b5d2008daffdff72f3a97cd9a,train,/mnt/d/ruanjianxiazai/pycharm2026/datasets/dataset_2/train/images/nozzle_clean_0460.jpg,False,train
328,fad3681be5674eecf15001e560e799fea26f308b5d2008daffdff72f3a97cd9a,train,/mnt/d/ruanjianxiazai/pycharm2026/datasets/dataset_2/train/images/nozzle_no_extrusion_0453.jpg,False,train
329,42b72099c9149a6412f5fb6a764aba0c4bdb878c0b74a41a284cfce80be023fb,train,/mnt/d/ruanjianxiazai/pycharm2026/datasets/dataset_2/train/images/nozzle_clean_0461.jpg,False,train
329,42b72099c9149a6412f5fb6a764aba0c4bdb878c0b74a41a284cfce80be023fb,train,/mnt/d/ruanjianxiazai/pycharm2026/datasets/dataset_2/train/images/nozzle_no_extrusion_0454.jpg,False,train
330,dca98388145b7782b121e2322af80f7c37e2b2be8b2a9d17264b67f4a9e386a6,train,/mnt/d/ruanjianxiazai/pycharm2026/datasets/dataset_2/train/images/nozzle_clean_0462.jpg,True,"test,train"
330,dca98388145b7782b121e2322af80f7c37e2b2be8b2a9d17264b67f4a9e386a6,test,/mnt/d/ruanjianxiazai/pycharm2026/datasets/dataset_2/test/images/nozzle_no_extrusion_0455.jpg,True,"test,train"
331,9b2d6d33e97f78bffe29d66cb8307bfb2d445dae2fe6cc99aadc78b89c841be6,train,/mnt/d/ruanjianxiazai/pycharm2026/datasets/dataset_2/train/images/nozzle_clean_0463.jpg,False,train
331,9b2d6d33e97f78bffe29d66cb8307bfb2d445dae2fe6cc99aadc78b89c841be6,train,/mnt/d/ruanjianxiazai/pycharm2026/datasets/dataset_2/train/images/nozzle_no_extrusion_0456.jpg,False,train
332,821f6190a1391b4df436ddd448926bb9188ae072e198a38e01ca7fa9e5b12788,train,/mnt/d/ruanjianxiazai/pycharm2026/datasets/dataset_2/train/images/nozzle_clean_0466.jpg,False,train
332,821f6190a1391b4df436ddd448926bb9188ae072e198a38e01ca7fa9e5b12788,train,/mnt/d/ruanjianxiazai/pycharm2026/datasets/dataset_2/train/images/nozzle_no_extrusion_0459.jpg,False,train
333,cc9d68674101e4fbb3e3242fdec02d4c5020db50bfbe3bf07d485f1237e39321,train,/mnt/d/ruanjianxiazai/pycharm2026/datasets/dataset_2/train/images/nozzle_clean_0469.jpg,False,train
333,cc9d68674101e4fbb3e3242fdec02d4c5020db50bfbe3bf07d485f1237e39321,train,/mnt/d/ruanjianxiazai/pycharm2026/datasets/dataset_2/train/images/nozzle_no_extrusion_0462.jpg,False,train
334,712e98c91020a3cc09dc3be9b9b95272c88c08600ef3aa504224f95c7c0ca196,train,/mnt/d/ruanjianxiazai/pycharm2026/datasets/dataset_2/train/images/nozzle_clean_0472.jpg,False,train
334,712e98c91020a3cc09dc3be9b9b95272c88c08600ef3aa504224f95c7c0ca196,train,/mnt/d/ruanjianxiazai/pycharm2026/datasets/dataset_2/train/images/nozzle_no_extrusion_0465.jpg,False,train
335,43348c495fa178b907ae02600487ef31c36b09de7bcb3b5862fd9b7b4a5a8ae5,train,/mnt/d/ruanjianxiazai/pycharm2026/datasets/dataset_2/train/images/nozzle_clean_0473.jpg,False,train
335,43348c495fa178b907ae02600487ef31c36b09de7bcb3b5862fd9b7b4a5a8ae5,train,/mnt/d/ruanjianxiazai/pycharm2026/datasets/dataset_2/train/images/nozzle_no_extrusion_0466.jpg,False,train
336,3add29ab6b3a4d017ae090cafbb6bcf178ecabbbe36a3410e191b194ae8a6dac,train,/mnt/d/ruanjianxiazai/pycharm2026/datasets/dataset_2/train/images/nozzle_clean_0476.jpg,False,train
336,3add29ab6b3a4d017ae090cafbb6bcf178ecabbbe36a3410e191b194ae8a6dac,train,/mnt/d/ruanjianxiazai/pycharm2026/datasets/dataset_2/train/images/nozzle_no_extrusion_0469.jpg,False,train
337,9e866deaa71061f8b2b71071660fd9ac9ad187ede5ae388247572d2ae693f1af,train,/mnt/d/ruanjianxiazai/pycharm2026/datasets/dataset_2/train/images/nozzle_clean_0478.jpg,True,"test,train"
337,9e866deaa71061f8b2b71071660fd9ac9ad187ede5ae388247572d2ae693f1af,test,/mnt/d/ruanjianxiazai/pycharm2026/datasets/dataset_2/test/images/nozzle_no_extrusion_0471.jpg,True,"test,train"
338,5d84746d36a59507deebcbc73f63ae0040e2a7b761b01274ce33bfb547a14462,train,/mnt/d/ruanjianxiazai/pycharm2026/datasets/dataset_2/train/images/nozzle_clean_0483.jpg,False,train
338,5d84746d36a59507deebcbc73f63ae0040e2a7b761b01274ce33bfb547a14462,train,/mnt/d/ruanjianxiazai/pycharm2026/datasets/dataset_2/train/images/nozzle_no_extrusion_0476.jpg,False,train
339,e1fdb76c3bf5ccc79be171437cabbfdc24fb676a79cd9b9e6d94632707a3b805,train,/mnt/d/ruanjianxiazai/pycharm2026/datasets/dataset_2/train/images/nozzle_clean_0484.jpg,False,train
339,e1fdb76c3bf5ccc79be171437cabbfdc24fb676a79cd9b9e6d94632707a3b805,train,/mnt/d/ruanjianxiazai/pycharm2026/datasets/dataset_2/train/images/nozzle_no_extrusion_0477.jpg,False,train
340,8f20ef171ad516cc14b07d68e52f44b95ed4fceb55cd8aa30c47af1d09588694,train,/mnt/d/ruanjianxiazai/pycharm2026/datasets/dataset_2/train/images/nozzle_clean_0486.jpg,False,train
340,8f20ef171ad516cc14b07d68e52f44b95ed4fceb55cd8aa30c47af1d09588694,train,/mnt/d/ruanjianxiazai/pycharm2026/datasets/dataset_2/train/images/nozzle_no_extrusion_0479.jpg,False,train
341,fc0f60856e0d9b6f10b78c7147f5819423f237d24b73c322b88622326bf5fc84,train,/mnt/d/ruanjianxiazai/pycharm2026/datasets/dataset_2/train/images/nozzle_clean_0487.jpg,True,"test,train"
341,fc0f60856e0d9b6f10b78c7147f5819423f237d24b73c322b88622326bf5fc84,test,/mnt/d/ruanjianxiazai/pycharm2026/datasets/dataset_2/test/images/nozzle_no_extrusion_0480.jpg,True,"test,train"
342,5a951a6b37e8e371d90ac22af4dbbc784e923d3d8b2bb1643bf2996dd3e9a6a4,train,/mnt/d/ruanjianxiazai/pycharm2026/datasets/dataset_2/train/images/nozzle_clean_0488.jpg,False,train
342,5a951a6b37e8e371d90ac22af4dbbc784e923d3d8b2bb1643bf2996dd3e9a6a4,train,/mnt/d/ruanjianxiazai/pycharm2026/datasets/dataset_2/train/images/nozzle_no_extrusion_0481.jpg,False,train
343,bf3fb92f3f8272f0ab17b83130a9a64d89c4ae1513901632ca79023a8713e7d1,train,/mnt/d/ruanjianxiazai/pycharm2026/datasets/dataset_2/train/images/nozzle_clean_0490.jpg,True,"train,val"
343,bf3fb92f3f8272f0ab17b83130a9a64d89c4ae1513901632ca79023a8713e7d1,val,/mnt/d/ruanjianxiazai/pycharm2026/datasets/dataset_2/val/images/nozzle_no_extrusion_0483.jpg,True,"train,val"
344,def814b23d656310a45b408b421558530a6a1bcb588b9165718a7b51fb026036,train,/mnt/d/ruanjianxiazai/pycharm2026/datasets/dataset_2/train/images/nozzle_clean_0491.jpg,False,train
344,def814b23d656310a45b408b421558530a6a1bcb588b9165718a7b51fb026036,train,/mnt/d/ruanjianxiazai/pycharm2026/datasets/dataset_2/train/images/nozzle_no_extrusion_0484.jpg,False,train
345,dbe06462e072e7ef6206a0e16e0f83ae970b8e0252b4b5ce9d3402e6cd8aec87,train,/mnt/d/ruanjianxiazai/pycharm2026/datasets/dataset_2/train/images/nozzle_clean_0492.jpg,False,train
345,dbe06462e072e7ef6206a0e16e0f83ae970b8e0252b4b5ce9d3402e6cd8aec87,train,/mnt/d/ruanjianxiazai/pycharm2026/datasets/dataset_2/train/images/nozzle_no_extrusion_0485.jpg,False,train
346,6ceb93b10c1fe85aae509278d2642d44e84d8dd274854be8e5f5b0c6ee8770c3,train,/mnt/d/ruanjianxiazai/pycharm2026/datasets/dataset_2/train/images/nozzle_clean_0493.jpg,False,train
346,6ceb93b10c1fe85aae509278d2642d44e84d8dd274854be8e5f5b0c6ee8770c3,train,/mnt/d/ruanjianxiazai/pycharm2026/datasets/dataset_2/train/images/nozzle_no_extrusion_0486.jpg,False,train
347,2147f0ce80053ced2d7c7684f77aee456068be999099a52594779eb841a62091,train,/mnt/d/ruanjianxiazai/pycharm2026/datasets/dataset_2/train/images/nozzle_clean_0495.jpg,False,train
347,2147f0ce80053ced2d7c7684f77aee456068be999099a52594779eb841a62091,train,/mnt/d/ruanjianxiazai/pycharm2026/datasets/dataset_2/train/images/nozzle_no_extrusion_0488.jpg,False,train
348,cb2e55ced87c4d61e0b0c14feb405962bd9e23c7334b5095c424175e8935bf50,train,/mnt/d/ruanjianxiazai/pycharm2026/datasets/dataset_2/train/images/nozzle_clean_0498.jpg,False,train
348,cb2e55ced87c4d61e0b0c14feb405962bd9e23c7334b5095c424175e8935bf50,train,/mnt/d/ruanjianxiazai/pycharm2026/datasets/dataset_2/train/images/nozzle_no_extrusion_0491.jpg,False,train
349,7f469084e3610ab37ea03a5d56da8f548e276cbd18e376ef128c7547a12765fb,train,/mnt/d/ruanjianxiazai/pycharm2026/datasets/dataset_2/train/images/nozzle_clean_0501.jpg,True,"train,val"
349,7f469084e3610ab37ea03a5d56da8f548e276cbd18e376ef128c7547a12765fb,val,/mnt/d/ruanjianxiazai/pycharm2026/datasets/dataset_2/val/images/nozzle_no_extrusion_0494.jpg,True,"train,val"
350,a23c5ba74f22557ecfa651bc73c5005fc445665081b4161a356405c56304621d,train,/mnt/d/ruanjianxiazai/pycharm2026/datasets/dataset_2/train/images/nozzle_clean_0502.jpg,False,train
350,a23c5ba74f22557ecfa651bc73c5005fc445665081b4161a356405c56304621d,train,/mnt/d/ruanjianxiazai/pycharm2026/datasets/dataset_2/train/images/nozzle_no_extrusion_0495.jpg,False,train
351,2f021d9ddf919c82471ea87a15286f00c61c950c0fcdee1ae424ef78d49bc344,train,/mnt/d/ruanjianxiazai/pycharm2026/datasets/dataset_2/train/images/nozzle_clean_0503.jpg,False,train
351,2f021d9ddf919c82471ea87a15286f00c61c950c0fcdee1ae424ef78d49bc344,train,/mnt/d/ruanjianxiazai/pycharm2026/datasets/dataset_2/train/images/nozzle_no_extrusion_0496.jpg,False,train
352,84fbe61a23247fafadd4ceecd63f6b8afe532cfb392f646e47642b43143ed5ca,train,/mnt/d/ruanjianxiazai/pycharm2026/datasets/dataset_2/train/images/nozzle_clean_0504.jpg,False,train
352,84fbe61a23247fafadd4ceecd63f6b8afe532cfb392f646e47642b43143ed5ca,train,/mnt/d/ruanjianxiazai/pycharm2026/datasets/dataset_2/train/images/nozzle_no_extrusion_0497.jpg,False,train
353,02f15293d754a020b92b8a38cc0beee09787870f8172b5743f165500152d866f,train,/mnt/d/ruanjianxiazai/pycharm2026/datasets/dataset_2/train/images/nozzle_clean_0505.jpg,False,train
353,02f15293d754a020b92b8a38cc0beee09787870f8172b5743f165500152d866f,train,/mnt/d/ruanjianxiazai/pycharm2026/datasets/dataset_2/train/images/nozzle_no_extrusion_0498.jpg,False,train
354,c60cb9c495bfaa633d86a36c0162dbaa72f0befad6d661bc5d4fe83e62a83aca,train,/mnt/d/ruanjianxiazai/pycharm2026/datasets/dataset_2/train/images/nozzle_clean_0507.jpg,False,train
354,c60cb9c495bfaa633d86a36c0162dbaa72f0befad6d661bc5d4fe83e62a83aca,train,/mnt/d/ruanjianxiazai/pycharm2026/datasets/dataset_2/train/images/nozzle_no_extrusion_0500.jpg,False,train
355,68450c90778f51e1127548c62865506f60b2443e3cfcfc7129c5199f1fa8c3bb,train,/mnt/d/ruanjianxiazai/pycharm2026/datasets/dataset_2/train/images/nozzle_clean_0508.jpg,False,train
355,68450c90778f51e1127548c62865506f60b2443e3cfcfc7129c5199f1fa8c3bb,train,/mnt/d/ruanjianxiazai/pycharm2026/datasets/dataset_2/train/images/nozzle_no_extrusion_0501.jpg,False,train
356,806975c3fb27379e995193602cda963158bcb62f97f965d046f6a3615589ebc4,train,/mnt/d/ruanjianxiazai/pycharm2026/datasets/dataset_2/train/images/nozzle_clean_0511.jpg,False,train
356,806975c3fb27379e995193602cda963158bcb62f97f965d046f6a3615589ebc4,train,/mnt/d/ruanjianxiazai/pycharm2026/datasets/dataset_2/train/images/nozzle_no_extrusion_0504.jpg,False,train
357,48d0b9b8220fb30e065bba175a31445cf01a5ce6050411db8ef7126894f270b8,train,/mnt/d/ruanjianxiazai/pycharm2026/datasets/dataset_2/train/images/nozzle_clean_0512.jpg,True,"test,train"
357,48d0b9b8220fb30e065bba175a31445cf01a5ce6050411db8ef7126894f270b8,test,/mnt/d/ruanjianxiazai/pycharm2026/datasets/dataset_2/test/images/nozzle_no_extrusion_0505.jpg,True,"test,train"
358,ed153071e7d7736b4831df037d22252873ac278af4157c69c7325724a5270332,train,/mnt/d/ruanjianxiazai/pycharm2026/datasets/dataset_2/train/images/nozzle_clean_0513.jpg,True,"train,val"
358,ed153071e7d7736b4831df037d22252873ac278af4157c69c7325724a5270332,val,/mnt/d/ruanjianxiazai/pycharm2026/datasets/dataset_2/val/images/nozzle_no_extrusion_0506.jpg,True,"train,val"
359,48502746934f51d90a6206fd972c0dd415aac0e36a00526221f9b19df0b8e68e,train,/mnt/d/ruanjianxiazai/pycharm2026/datasets/dataset_2/train/images/nozzle_clean_0514.jpg,True,"test,train"
359,48502746934f51d90a6206fd972c0dd415aac0e36a00526221f9b19df0b8e68e,test,/mnt/d/ruanjianxiazai/pycharm2026/datasets/dataset_2/test/images/nozzle_no_extrusion_0507.jpg,True,"test,train"
360,5753b7a2514d2dac5c78d11f252326c23696bdd921c8432bf145256a08fd92ba,train,/mnt/d/ruanjianxiazai/pycharm2026/datasets/dataset_2/train/images/nozzle_clean_0516.jpg,False,train
360,5753b7a2514d2dac5c78d11f252326c23696bdd921c8432bf145256a08fd92ba,train,/mnt/d/ruanjianxiazai/pycharm2026/datasets/dataset_2/train/images/nozzle_no_extrusion_0509.jpg,False,train
361,62322e8410e4aedbf1a31576298ea27bf1e6dd9b3197e20c75c41a43eaca35f2,train,/mnt/d/ruanjianxiazai/pycharm2026/datasets/dataset_2/train/images/nozzle_clean_0519.jpg,False,train
361,62322e8410e4aedbf1a31576298ea27bf1e6dd9b3197e20c75c41a43eaca35f2,train,/mnt/d/ruanjianxiazai/pycharm2026/datasets/dataset_2/train/images/nozzle_no_extrusion_0512.jpg,False,train
362,477f357b3aafebe63041e639e1ef295212d5139abbea204676e4061ea8bbc592,train,/mnt/d/ruanjianxiazai/pycharm2026/datasets/dataset_2/train/images/nozzle_clean_0521.jpg,False,train
362,477f357b3aafebe63041e639e1ef295212d5139abbea204676e4061ea8bbc592,train,/mnt/d/ruanjianxiazai/pycharm2026/datasets/dataset_2/train/images/nozzle_no_extrusion_0514.jpg,False,train
363,b9767cece02627c1c19578242e1fe1758122ddc6e84932c0585e6b62566d8e3b,train,/mnt/d/ruanjianxiazai/pycharm2026/datasets/dataset_2/train/images/nozzle_clean_0522.jpg,False,train
363,b9767cece02627c1c19578242e1fe1758122ddc6e84932c0585e6b62566d8e3b,train,/mnt/d/ruanjianxiazai/pycharm2026/datasets/dataset_2/train/images/nozzle_no_extrusion_0515.jpg,False,train
364,443842cd89774c6b2aca746ff3705a362a668dd65726bf03e9f20dccbca0233e,train,/mnt/d/ruanjianxiazai/pycharm2026/datasets/dataset_2/train/images/nozzle_clean_0523.jpg,True,"train,val"
364,443842cd89774c6b2aca746ff3705a362a668dd65726bf03e9f20dccbca0233e,val,/mnt/d/ruanjianxiazai/pycharm2026/datasets/dataset_2/val/images/nozzle_no_extrusion_0516.jpg,True,"train,val"
365,b08e5623cd745079beba533bf9d954ca492113782198b9da58743f3c118bf337,train,/mnt/d/ruanjianxiazai/pycharm2026/datasets/dataset_2/train/images/nozzle_clean_0525.jpg,False,train
365,b08e5623cd745079beba533bf9d954ca492113782198b9da58743f3c118bf337,train,/mnt/d/ruanjianxiazai/pycharm2026/datasets/dataset_2/train/images/nozzle_no_extrusion_0518.jpg,False,train
366,731842abec2930a26c25bb6823e9a17335c5aad8ca66b884cfd1ee9997006ae0,train,/mnt/d/ruanjianxiazai/pycharm2026/datasets/dataset_2/train/images/nozzle_clean_0527.jpg,False,train
366,731842abec2930a26c25bb6823e9a17335c5aad8ca66b884cfd1ee9997006ae0,train,/mnt/d/ruanjianxiazai/pycharm2026/datasets/dataset_2/train/images/nozzle_no_extrusion_0520.jpg,False,train
367,b001f420629858533a07a6733a719fe32a0d327fbbfca87ad311156f5c3e137f,train,/mnt/d/ruanjianxiazai/pycharm2026/datasets/dataset_2/train/images/nozzle_clean_0528.jpg,False,train
367,b001f420629858533a07a6733a719fe32a0d327fbbfca87ad311156f5c3e137f,train,/mnt/d/ruanjianxiazai/pycharm2026/datasets/dataset_2/train/images/nozzle_no_extrusion_0521.jpg,False,train
368,7412cb1b13b02e93fc55418c1215ff6a4ae2c0c26d536df3eb81022d3a66d1a5,train,/mnt/d/ruanjianxiazai/pycharm2026/datasets/dataset_2/train/images/nozzle_clean_0529.jpg,False,train
368,7412cb1b13b02e93fc55418c1215ff6a4ae2c0c26d536df3eb81022d3a66d1a5,train,/mnt/d/ruanjianxiazai/pycharm2026/datasets/dataset_2/train/images/nozzle_no_extrusion_0522.jpg,False,train
369,e60f5cf7202f7e0e08c924f7396490fde8a7b986ce2d7139c510575b9ef1930a,train,/mnt/d/ruanjianxiazai/pycharm2026/datasets/dataset_2/train/images/nozzle_clean_0530.jpg,True,"test,train"
369,e60f5cf7202f7e0e08c924f7396490fde8a7b986ce2d7139c510575b9ef1930a,test,/mnt/d/ruanjianxiazai/pycharm2026/datasets/dataset_2/test/images/nozzle_no_extrusion_0523.jpg,True,"test,train"
370,f1d936996a22c0dd9f7a7f7d879389dca5caee99f5ae44a2db8d35e6f9e5848f,train,/mnt/d/ruanjianxiazai/pycharm2026/datasets/dataset_2/train/images/nozzle_clean_0531.jpg,False,train
370,f1d936996a22c0dd9f7a7f7d879389dca5caee99f5ae44a2db8d35e6f9e5848f,train,/mnt/d/ruanjianxiazai/pycharm2026/datasets/dataset_2/train/images/nozzle_no_extrusion_0524.jpg,False,train
371,c89a02b38db52dfe3a410ff2db083a5ab24314d11c710222f23e9f2bf16f7f67,train,/mnt/d/ruanjianxiazai/pycharm2026/datasets/dataset_2/train/images/nozzle_clean_0532.jpg,False,train
371,c89a02b38db52dfe3a410ff2db083a5ab24314d11c710222f23e9f2bf16f7f67,train,/mnt/d/ruanjianxiazai/pycharm2026/datasets/dataset_2/train/images/nozzle_no_extrusion_0525.jpg,False,train
372,263e8b2d1002fc455b80059bcef0498c8fb69769c24ebda796455a04e295d2f4,train,/mnt/d/ruanjianxiazai/pycharm2026/datasets/dataset_2/train/images/nozzle_clean_0533.jpg,False,train
372,263e8b2d1002fc455b80059bcef0498c8fb69769c24ebda796455a04e295d2f4,train,/mnt/d/ruanjianxiazai/pycharm2026/datasets/dataset_2/train/images/nozzle_no_extrusion_0526.jpg,False,train
373,250f334383f488f90023310757b3402b5002a61475d5065c5ece2511441b49cc,train,/mnt/d/ruanjianxiazai/pycharm2026/datasets/dataset_2/train/images/nozzle_clean_0534.jpg,True,"test,train"
373,250f334383f488f90023310757b3402b5002a61475d5065c5ece2511441b49cc,test,/mnt/d/ruanjianxiazai/pycharm2026/datasets/dataset_2/test/images/nozzle_no_extrusion_0527.jpg,True,"test,train"
374,3123303f9b9c7cb406bbb358201035a3b476649193a1fae578da8c0300218ecf,train,/mnt/d/ruanjianxiazai/pycharm2026/datasets/dataset_2/train/images/nozzle_clean_0535.jpg,True,"test,train"
374,3123303f9b9c7cb406bbb358201035a3b476649193a1fae578da8c0300218ecf,test,/mnt/d/ruanjianxiazai/pycharm2026/datasets/dataset_2/test/images/nozzle_no_extrusion_0528.jpg,True,"test,train"
375,586a4c7fab3eeac3531b5365b092f33eea866bbbe5dbd39e50b3410218a6720d,train,/mnt/d/ruanjianxiazai/pycharm2026/datasets/dataset_2/train/images/nozzle_clean_0537.jpg,False,train
375,586a4c7fab3eeac3531b5365b092f33eea866bbbe5dbd39e50b3410218a6720d,train,/mnt/d/ruanjianxiazai/pycharm2026/datasets/dataset_2/train/images/nozzle_no_extrusion_0530.jpg,False,train
376,0254d40429801587ba02790d837758195f7ac4e44bb903923afaca9743926258,train,/mnt/d/ruanjianxiazai/pycharm2026/datasets/dataset_2/train/images/nozzle_clean_0539.jpg,False,train
376,0254d40429801587ba02790d837758195f7ac4e44bb903923afaca9743926258,train,/mnt/d/ruanjianxiazai/pycharm2026/datasets/dataset_2/train/images/nozzle_no_extrusion_0532.jpg,False,train
377,501cbf99fc88301b5648fbf287165b4f3c8f186e4fef8c6218e04b6af0fc98ce,train,/mnt/d/ruanjianxiazai/pycharm2026/datasets/dataset_2/train/images/nozzle_clean_0540.jpg,False,train
377,501cbf99fc88301b5648fbf287165b4f3c8f186e4fef8c6218e04b6af0fc98ce,train,/mnt/d/ruanjianxiazai/pycharm2026/datasets/dataset_2/train/images/nozzle_no_extrusion_0533.jpg,False,train
378,07cf3e5bbe2aa6878a63cd667232c0a946a0214fa9d6a83b90f86c9b4b01949b,train,/mnt/d/ruanjianxiazai/pycharm2026/datasets/dataset_2/train/images/nozzle_clean_0543.jpg,False,train
378,07cf3e5bbe2aa6878a63cd667232c0a946a0214fa9d6a83b90f86c9b4b01949b,train,/mnt/d/ruanjianxiazai/pycharm2026/datasets/dataset_2/train/images/nozzle_no_extrusion_0536.jpg,False,train
379,dc91a3c40c80f29e2ba226084677ff0e930b77d2cb821a2886472719f40db525,train,/mnt/d/ruanjianxiazai/pycharm2026/datasets/dataset_2/train/images/nozzle_clean_0544.jpg,False,train
379,dc91a3c40c80f29e2ba226084677ff0e930b77d2cb821a2886472719f40db525,train,/mnt/d/ruanjianxiazai/pycharm2026/datasets/dataset_2/train/images/nozzle_no_extrusion_0537.jpg,False,train
380,30398a597b615a7e574b560401698b39163e325cfc77e1e52dc0a52751af27f4,train,/mnt/d/ruanjianxiazai/pycharm2026/datasets/dataset_2/train/images/nozzle_clean_0545.jpg,False,train
380,30398a597b615a7e574b560401698b39163e325cfc77e1e52dc0a52751af27f4,train,/mnt/d/ruanjianxiazai/pycharm2026/datasets/dataset_2/train/images/nozzle_no_extrusion_0538.jpg,False,train
381,9471802bb3882a34bc8bf2265816d85b5f8dfdfd2fc9e232fc79714d514cccf7,train,/mnt/d/ruanjianxiazai/pycharm2026/datasets/dataset_2/train/images/nozzle_clean_0546.jpg,True,"train,val"
381,9471802bb3882a34bc8bf2265816d85b5f8dfdfd2fc9e232fc79714d514cccf7,val,/mnt/d/ruanjianxiazai/pycharm2026/datasets/dataset_2/val/images/nozzle_no_extrusion_0539.jpg,True,"train,val"
382,aa98c173abf113f238c993f250b24b3b11f208b3c29fa5ecba10cd83faefad04,train,/mnt/d/ruanjianxiazai/pycharm2026/datasets/dataset_2/train/images/nozzle_clean_0547.jpg,False,train
382,aa98c173abf113f238c993f250b24b3b11f208b3c29fa5ecba10cd83faefad04,train,/mnt/d/ruanjianxiazai/pycharm2026/datasets/dataset_2/train/images/nozzle_no_extrusion_0540.jpg,False,train
383,e809c52c8eb7d916fa6636fafc904f79e6b6836f95e8136872805f928b7d721d,train,/mnt/d/ruanjianxiazai/pycharm2026/datasets/dataset_2/train/images/nozzle_clean_0548.jpg,False,train
383,e809c52c8eb7d916fa6636fafc904f79e6b6836f95e8136872805f928b7d721d,train,/mnt/d/ruanjianxiazai/pycharm2026/datasets/dataset_2/train/images/nozzle_no_extrusion_0541.jpg,False,train
384,6d7fb9869229c6e6d3fb01efdba1c9cbbae2eb092b5c3f6133534425813a9b8d,train,/mnt/d/ruanjianxiazai/pycharm2026/datasets/dataset_2/train/images/nozzle_clean_0549.jpg,False,train
384,6d7fb9869229c6e6d3fb01efdba1c9cbbae2eb092b5c3f6133534425813a9b8d,train,/mnt/d/ruanjianxiazai/pycharm2026/datasets/dataset_2/train/images/nozzle_no_extrusion_0542.jpg,False,train
385,baf0780c025804a499029274c1c37dc7c11f661bf3523086b30a86c726700f4c,train,/mnt/d/ruanjianxiazai/pycharm2026/datasets/dataset_2/train/images/nozzle_clean_0550.jpg,False,train
385,baf0780c025804a499029274c1c37dc7c11f661bf3523086b30a86c726700f4c,train,/mnt/d/ruanjianxiazai/pycharm2026/datasets/dataset_2/train/images/nozzle_no_extrusion_0543.jpg,False,train
386,0071e54ce5e231b9970b0ab23d91aa22c437b7c2c3a2ac7f407fe01e71ed2d17,train,/mnt/d/ruanjianxiazai/pycharm2026/datasets/dataset_2/train/images/nozzle_clean_0551.jpg,False,train
386,0071e54ce5e231b9970b0ab23d91aa22c437b7c2c3a2ac7f407fe01e71ed2d17,train,/mnt/d/ruanjianxiazai/pycharm2026/datasets/dataset_2/train/images/nozzle_no_extrusion_0544.jpg,False,train
387,24679c4c854738a2b7bf99a13f56661451ea872c4fc576ec5f4fc192ace1f09f,train,/mnt/d/ruanjianxiazai/pycharm2026/datasets/dataset_2/train/images/nozzle_clean_0553.jpg,False,train
387,24679c4c854738a2b7bf99a13f56661451ea872c4fc576ec5f4fc192ace1f09f,train,/mnt/d/ruanjianxiazai/pycharm2026/datasets/dataset_2/train/images/nozzle_no_extrusion_0546.jpg,False,train
388,170e6a17f4f908ee27aece032c04314237295726ff1507a157da9da45cbb9285,train,/mnt/d/ruanjianxiazai/pycharm2026/datasets/dataset_2/train/images/nozzle_clean_0554.jpg,False,train
388,170e6a17f4f908ee27aece032c04314237295726ff1507a157da9da45cbb9285,train,/mnt/d/ruanjianxiazai/pycharm2026/datasets/dataset_2/train/images/nozzle_no_extrusion_0547.jpg,False,train
389,a9eb25a5c85f767cd4b7ddc7ac74e42b10a17463cc6cf5b4cce6781b6215d97d,train,/mnt/d/ruanjianxiazai/pycharm2026/datasets/dataset_2/train/images/nozzle_clean_0557.jpg,False,train
389,a9eb25a5c85f767cd4b7ddc7ac74e42b10a17463cc6cf5b4cce6781b6215d97d,train,/mnt/d/ruanjianxiazai/pycharm2026/datasets/dataset_2/train/images/nozzle_no_extrusion_0550.jpg,False,train
390,ab145d9494d153c6367e01a8250ea31f4b9424596d8016a7efed7e8ae02aa685,train,/mnt/d/ruanjianxiazai/pycharm2026/datasets/dataset_2/train/images/nozzle_clean_0558.jpg,False,train
390,ab145d9494d153c6367e01a8250ea31f4b9424596d8016a7efed7e8ae02aa685,train,/mnt/d/ruanjianxiazai/pycharm2026/datasets/dataset_2/train/images/nozzle_no_extrusion_0551.jpg,False,train
391,e1cc29c3448c4f33634272c0e358c69467faf45aa8575c4ead1bf4316cf3120a,train,/mnt/d/ruanjianxiazai/pycharm2026/datasets/dataset_2/train/images/nozzle_clean_0565.jpg,False,train
391,e1cc29c3448c4f33634272c0e358c69467faf45aa8575c4ead1bf4316cf3120a,train,/mnt/d/ruanjianxiazai/pycharm2026/datasets/dataset_2/train/images/nozzle_no_extrusion_0558.jpg,False,train
392,4e6c9db100d279e09f1d6e0266cc47dd59c6f23609181b36fbd7d584913c4ca2,train,/mnt/d/ruanjianxiazai/pycharm2026/datasets/dataset_2/train/images/nozzle_clean_0567.jpg,False,train
392,4e6c9db100d279e09f1d6e0266cc47dd59c6f23609181b36fbd7d584913c4ca2,train,/mnt/d/ruanjianxiazai/pycharm2026/datasets/dataset_2/train/images/nozzle_no_extrusion_0560.jpg,False,train
393,b1baee87ca92a4aaf820b970bce8b634b575f9545504848e4d81fc48e7e6424d,train,/mnt/d/ruanjianxiazai/pycharm2026/datasets/dataset_2/train/images/nozzle_clean_0570.jpg,False,train
393,b1baee87ca92a4aaf820b970bce8b634b575f9545504848e4d81fc48e7e6424d,train,/mnt/d/ruanjianxiazai/pycharm2026/datasets/dataset_2/train/images/nozzle_no_extrusion_0563.jpg,False,train
394,23a4786294c6c622a1c7bd0af7d6d2711370b582618e2f97b091ad4a68cb0b3e,train,/mnt/d/ruanjianxiazai/pycharm2026/datasets/dataset_2/train/images/nozzle_clean_0571.jpg,True,"test,train"
394,23a4786294c6c622a1c7bd0af7d6d2711370b582618e2f97b091ad4a68cb0b3e,test,/mnt/d/ruanjianxiazai/pycharm2026/datasets/dataset_2/test/images/nozzle_no_extrusion_0564.jpg,True,"test,train"
395,24c949e93b1e6034bcd87bcf06de64aaa1e129952885d928dd14a709b4c17d03,train,/mnt/d/ruanjianxiazai/pycharm2026/datasets/dataset_2/train/images/nozzle_clean_0574.jpg,True,"test,train"
395,24c949e93b1e6034bcd87bcf06de64aaa1e129952885d928dd14a709b4c17d03,test,/mnt/d/ruanjianxiazai/pycharm2026/datasets/dataset_2/test/images/nozzle_no_extrusion_0567.jpg,True,"test,train"
396,2cdd4810c6f125c66c4b3d50ed104d792f56b828169f494b69b09233e5a4dace,train,/mnt/d/ruanjianxiazai/pycharm2026/datasets/dataset_2/train/images/nozzle_clean_0575.jpg,False,train
396,2cdd4810c6f125c66c4b3d50ed104d792f56b828169f494b69b09233e5a4dace,train,/mnt/d/ruanjianxiazai/pycharm2026/datasets/dataset_2/train/images/nozzle_no_extrusion_0568.jpg,False,train
397,0c943c29d758d9479257836899a3c8bad9f928b428609ba13cd4cd46153b6681,train,/mnt/d/ruanjianxiazai/pycharm2026/datasets/dataset_2/train/images/nozzle_clean_0577.jpg,False,train
397,0c943c29d758d9479257836899a3c8bad9f928b428609ba13cd4cd46153b6681,train,/mnt/d/ruanjianxiazai/pycharm2026/datasets/dataset_2/train/images/nozzle_no_extrusion_0570.jpg,False,train
398,32d2c46bd8c971bc6afbfe7c8840bb0eb37c81318c3518f767903695b70bb801,train,/mnt/d/ruanjianxiazai/pycharm2026/datasets/dataset_2/train/images/nozzle_clean_0578.jpg,True,"train,val"
398,32d2c46bd8c971bc6afbfe7c8840bb0eb37c81318c3518f767903695b70bb801,val,/mnt/d/ruanjianxiazai/pycharm2026/datasets/dataset_2/val/images/nozzle_no_extrusion_0571.jpg,True,"train,val"
399,9a8e2c24d2dd7470ec7380d4221d3983f49bf34e57fbd0bdedc56c4a50bf0a7a,train,/mnt/d/ruanjianxiazai/pycharm2026/datasets/dataset_2/train/images/nozzle_clean_0579.jpg,True,"test,train"
399,9a8e2c24d2dd7470ec7380d4221d3983f49bf34e57fbd0bdedc56c4a50bf0a7a,test,/mnt/d/ruanjianxiazai/pycharm2026/datasets/dataset_2/test/images/nozzle_no_extrusion_0572.jpg,True,"test,train"
400,049968d2946be6bebff020ba2908f7ae80087ba3773eb6f144f3d8d50ce2c03d,train,/mnt/d/ruanjianxiazai/pycharm2026/datasets/dataset_2/train/images/nozzle_clean_0583.jpg,False,train
400,049968d2946be6bebff020ba2908f7ae80087ba3773eb6f144f3d8d50ce2c03d,train,/mnt/d/ruanjianxiazai/pycharm2026/datasets/dataset_2/train/images/nozzle_no_extrusion_0576.jpg,False,train
401,555afd3c0cf4c45ebaf8f222f9ef225671761fa597c63c6f9b78ce8e79763887,train,/mnt/d/ruanjianxiazai/pycharm2026/datasets/dataset_2/train/images/nozzle_clean_0585.jpg,False,train
401,555afd3c0cf4c45ebaf8f222f9ef225671761fa597c63c6f9b78ce8e79763887,train,/mnt/d/ruanjianxiazai/pycharm2026/datasets/dataset_2/train/images/nozzle_no_extrusion_0578.jpg,False,train
402,b65b49a18eb8f0036e2b330d25bdcc35784f1ad545e90ce90755a0239d1fe9e9,train,/mnt/d/ruanjianxiazai/pycharm2026/datasets/dataset_2/train/images/nozzle_clean_0587.jpg,True,"train,val"
402,b65b49a18eb8f0036e2b330d25bdcc35784f1ad545e90ce90755a0239d1fe9e9,val,/mnt/d/ruanjianxiazai/pycharm2026/datasets/dataset_2/val/images/nozzle_no_extrusion_0580.jpg,True,"train,val"
403,63403c23c1dc8a0a20346b44bfe22925fc7c99785bd3c7e4f78c9fbff3f7eea6,train,/mnt/d/ruanjianxiazai/pycharm2026/datasets/dataset_2/train/images/nozzle_clean_0588.jpg,False,train
403,63403c23c1dc8a0a20346b44bfe22925fc7c99785bd3c7e4f78c9fbff3f7eea6,train,/mnt/d/ruanjianxiazai/pycharm2026/datasets/dataset_2/train/images/nozzle_no_extrusion_0581.jpg,False,train
404,e7fcb535b0d8e8c819e5f5826a2e5d68e996959e33b6d6cdfa04ef1263f6f189,train,/mnt/d/ruanjianxiazai/pycharm2026/datasets/dataset_2/train/images/nozzle_clean_0589.jpg,True,"train,val"
404,e7fcb535b0d8e8c819e5f5826a2e5d68e996959e33b6d6cdfa04ef1263f6f189,val,/mnt/d/ruanjianxiazai/pycharm2026/datasets/dataset_2/val/images/nozzle_no_extrusion_0582.jpg,True,"train,val"
405,347d02782a6807e3c2aed8b6a082144ce9fed165b4029f7b5ec980018280c14a,train,/mnt/d/ruanjianxiazai/pycharm2026/datasets/dataset_2/train/images/nozzle_clean_0591.jpg,False,train
405,347d02782a6807e3c2aed8b6a082144ce9fed165b4029f7b5ec980018280c14a,train,/mnt/d/ruanjianxiazai/pycharm2026/datasets/dataset_2/train/images/nozzle_no_extrusion_0584.jpg,False,train
406,d52e6b4d9865998c8828a74db354060a91f3ebe6523d500c37a99452b3196db5,train,/mnt/d/ruanjianxiazai/pycharm2026/datasets/dataset_2/train/images/nozzle_clean_0593.jpg,False,train
406,d52e6b4d9865998c8828a74db354060a91f3ebe6523d500c37a99452b3196db5,train,/mnt/d/ruanjianxiazai/pycharm2026/datasets/dataset_2/train/images/nozzle_no_extrusion_0586.jpg,False,train
407,43cc2b5e8cb9757bea0a8cc27ea68d69aa8a3c7c9e6b66671eb74770f7cf2bbf,train,/mnt/d/ruanjianxiazai/pycharm2026/datasets/dataset_2/train/images/nozzle_clean_0595.jpg,False,train
407,43cc2b5e8cb9757bea0a8cc27ea68d69aa8a3c7c9e6b66671eb74770f7cf2bbf,train,/mnt/d/ruanjianxiazai/pycharm2026/datasets/dataset_2/train/images/nozzle_no_extrusion_0588.jpg,False,train
408,670c02bc13ceea15d0cdb2abb6972f006c47b84aaaa1c3d59cfd50b23be283e1,train,/mnt/d/ruanjianxiazai/pycharm2026/datasets/dataset_2/train/images/nozzle_clean_0597.jpg,True,"train,val"
408,670c02bc13ceea15d0cdb2abb6972f006c47b84aaaa1c3d59cfd50b23be283e1,val,/mnt/d/ruanjianxiazai/pycharm2026/datasets/dataset_2/val/images/nozzle_no_extrusion_0590.jpg,True,"train,val"
409,a64c649096c13754d00d0585dca204146c45136ebc55c416402669e91a819618,train,/mnt/d/ruanjianxiazai/pycharm2026/datasets/dataset_2/train/images/nozzle_clean_0598.jpg,False,train
409,a64c649096c13754d00d0585dca204146c45136ebc55c416402669e91a819618,train,/mnt/d/ruanjianxiazai/pycharm2026/datasets/dataset_2/train/images/nozzle_no_extrusion_0591.jpg,False,train
410,02c2511d449b51464c1f501431289cc9b457380324dfd240b397e3b9220116e6,train,/mnt/d/ruanjianxiazai/pycharm2026/datasets/dataset_2/train/images/nozzle_clean_0599.jpg,True,"train,val"
410,02c2511d449b51464c1f501431289cc9b457380324dfd240b397e3b9220116e6,val,/mnt/d/ruanjianxiazai/pycharm2026/datasets/dataset_2/val/images/nozzle_no_extrusion_0592.jpg,True,"train,val"
411,2265e604207f0df5e595989a6fde68be51d1ae020c54238638453c717ad7961c,train,/mnt/d/ruanjianxiazai/pycharm2026/datasets/dataset_2/train/images/nozzle_clean_0601.jpg,False,train
411,2265e604207f0df5e595989a6fde68be51d1ae020c54238638453c717ad7961c,train,/mnt/d/ruanjianxiazai/pycharm2026/datasets/dataset_2/train/images/nozzle_no_extrusion_0594.jpg,False,train
412,b21597f6a702be205294766f665392b8218817c50f92c2af3ef22489138718d9,train,/mnt/d/ruanjianxiazai/pycharm2026/datasets/dataset_2/train/images/nozzle_clean_0602.jpg,True,"test,train"
412,b21597f6a702be205294766f665392b8218817c50f92c2af3ef22489138718d9,test,/mnt/d/ruanjianxiazai/pycharm2026/datasets/dataset_2/test/images/nozzle_no_extrusion_0595.jpg,True,"test,train"
413,85dce4563c69bf6ace0754437b096aff2a66876c49f86a09efcd4c9fbd938ab0,train,/mnt/d/ruanjianxiazai/pycharm2026/datasets/dataset_2/train/images/nozzle_clean_0603.jpg,True,"train,val"
413,85dce4563c69bf6ace0754437b096aff2a66876c49f86a09efcd4c9fbd938ab0,val,/mnt/d/ruanjianxiazai/pycharm2026/datasets/dataset_2/val/images/nozzle_no_extrusion_0596.jpg,True,"train,val"
414,663f282e7f8ab66a48e8d80fe5e419ddee552a510ff6a33ae0e32f5ee9663deb,train,/mnt/d/ruanjianxiazai/pycharm2026/datasets/dataset_2/train/images/nozzle_clean_0604.jpg,True,"train,val"
414,663f282e7f8ab66a48e8d80fe5e419ddee552a510ff6a33ae0e32f5ee9663deb,val,/mnt/d/ruanjianxiazai/pycharm2026/datasets/dataset_2/val/images/nozzle_no_extrusion_0597.jpg,True,"train,val"
415,761a2f18f66f19c9682bbd819995951efdabeb54e6fa1cd79702cc54afc902e8,train,/mnt/d/ruanjianxiazai/pycharm2026/datasets/dataset_2/train/images/nozzle_clean_0605.jpg,True,"train,val"
415,761a2f18f66f19c9682bbd819995951efdabeb54e6fa1cd79702cc54afc902e8,val,/mnt/d/ruanjianxiazai/pycharm2026/datasets/dataset_2/val/images/nozzle_no_extrusion_0598.jpg,True,"train,val"
416,006ba347e668bdf8477ca2c62b8ad892d8972336039270d554a991991ddf5de2,train,/mnt/d/ruanjianxiazai/pycharm2026/datasets/dataset_2/train/images/nozzle_clean_0606.jpg,True,"test,train"
416,006ba347e668bdf8477ca2c62b8ad892d8972336039270d554a991991ddf5de2,test,/mnt/d/ruanjianxiazai/pycharm2026/datasets/dataset_2/test/images/nozzle_no_extrusion_0599.jpg,True,"test,train"
417,eac652f18cdf955bba2c0766de6b2c9f2c237b9deb03316f811b70b4d16f7836,train,/mnt/d/ruanjianxiazai/pycharm2026/datasets/dataset_2/train/images/nozzle_clean_0607.jpg,False,train
417,eac652f18cdf955bba2c0766de6b2c9f2c237b9deb03316f811b70b4d16f7836,train,/mnt/d/ruanjianxiazai/pycharm2026/datasets/dataset_2/train/images/nozzle_no_extrusion_0600.jpg,False,train
418,c294032ce301ee838cc8940d647157ad88b2df93bf44af34597a0043c181120e,train,/mnt/d/ruanjianxiazai/pycharm2026/datasets/dataset_2/train/images/nozzle_clean_0609.jpg,False,train
418,c294032ce301ee838cc8940d647157ad88b2df93bf44af34597a0043c181120e,train,/mnt/d/ruanjianxiazai/pycharm2026/datasets/dataset_2/train/images/nozzle_no_extrusion_0602.jpg,False,train
419,b55727fd523669095dc41490d128f2c9250d97fa8044c78f45a2f5120a0cf289,train,/mnt/d/ruanjianxiazai/pycharm2026/datasets/dataset_2/train/images/nozzle_clean_0612.jpg,False,train
419,b55727fd523669095dc41490d128f2c9250d97fa8044c78f45a2f5120a0cf289,train,/mnt/d/ruanjianxiazai/pycharm2026/datasets/dataset_2/train/images/nozzle_no_extrusion_0605.jpg,False,train
420,dac8b88e8b7b19934d9c08e11474ab2e49e42a3dec423aa3226d86580df8805c,train,/mnt/d/ruanjianxiazai/pycharm2026/datasets/dataset_2/train/images/nozzle_clean_0613.jpg,False,train
420,dac8b88e8b7b19934d9c08e11474ab2e49e42a3dec423aa3226d86580df8805c,train,/mnt/d/ruanjianxiazai/pycharm2026/datasets/dataset_2/train/images/nozzle_no_extrusion_0606.jpg,False,train
421,09661d7d2e87a7cbff34e14fe82f1455863ba628c49664dd68074a1e843ab23f,train,/mnt/d/ruanjianxiazai/pycharm2026/datasets/dataset_2/train/images/nozzle_clean_0614.jpg,True,"train,val"
421,09661d7d2e87a7cbff34e14fe82f1455863ba628c49664dd68074a1e843ab23f,val,/mnt/d/ruanjianxiazai/pycharm2026/datasets/dataset_2/val/images/nozzle_no_extrusion_0607.jpg,True,"train,val"
422,fe73f512793d9c4404c67c79c961a7de4b698d3994ea7d38d4a9eb2c07eb0a1b,train,/mnt/d/ruanjianxiazai/pycharm2026/datasets/dataset_2/train/images/nozzle_clean_0615.jpg,False,train
422,fe73f512793d9c4404c67c79c961a7de4b698d3994ea7d38d4a9eb2c07eb0a1b,train,/mnt/d/ruanjianxiazai/pycharm2026/datasets/dataset_2/train/images/nozzle_no_extrusion_0608.jpg,False,train
423,1179ef562e5aa35a5b08f082ea186d129c7e5d7cd5a649124c1dbe4a25375c1f,train,/mnt/d/ruanjianxiazai/pycharm2026/datasets/dataset_2/train/images/nozzle_clean_0618.jpg,False,train
423,1179ef562e5aa35a5b08f082ea186d129c7e5d7cd5a649124c1dbe4a25375c1f,train,/mnt/d/ruanjianxiazai/pycharm2026/datasets/dataset_2/train/images/nozzle_no_extrusion_0611.jpg,False,train
424,04053bcb36cfde3096c16be67fc52f06550e29ad58adb620a2e7b9407d20a2dc,train,/mnt/d/ruanjianxiazai/pycharm2026/datasets/dataset_2/train/images/nozzle_clean_0619.jpg,False,train
424,04053bcb36cfde3096c16be67fc52f06550e29ad58adb620a2e7b9407d20a2dc,train,/mnt/d/ruanjianxiazai/pycharm2026/datasets/dataset_2/train/images/nozzle_no_extrusion_0612.jpg,False,train
425,44cb65b8ca9af9280291138dd8f0354f6175460f5a5cdbca75ed8a542c4d56e8,train,/mnt/d/ruanjianxiazai/pycharm2026/datasets/dataset_2/train/images/nozzle_clean_0620.jpg,True,"test,train"
425,44cb65b8ca9af9280291138dd8f0354f6175460f5a5cdbca75ed8a542c4d56e8,test,/mnt/d/ruanjianxiazai/pycharm2026/datasets/dataset_2/test/images/nozzle_no_extrusion_0613.jpg,True,"test,train"
426,c5a3d688c37f892ef7a3071f618295e184c721940d99b1e4c79c2fc61d2074b5,train,/mnt/d/ruanjianxiazai/pycharm2026/datasets/dataset_2/train/images/nozzle_clean_0624.jpg,False,train
426,c5a3d688c37f892ef7a3071f618295e184c721940d99b1e4c79c2fc61d2074b5,train,/mnt/d/ruanjianxiazai/pycharm2026/datasets/dataset_2/train/images/nozzle_no_extrusion_0617.jpg,False,train
427,e9067061738c3feb74e9f37f031d29bf0be77a2a61de9670e7d1061ec7b5c149,train,/mnt/d/ruanjianxiazai/pycharm2026/datasets/dataset_2/train/images/nozzle_clean_0625.jpg,False,train
427,e9067061738c3feb74e9f37f031d29bf0be77a2a61de9670e7d1061ec7b5c149,train,/mnt/d/ruanjianxiazai/pycharm2026/datasets/dataset_2/train/images/nozzle_no_extrusion_0618.jpg,False,train
428,558c32101f1a44f3d9ee1fbac14cd4982e54de207b1cb3f381d4b2ae3db65609,train,/mnt/d/ruanjianxiazai/pycharm2026/datasets/dataset_2/train/images/nozzle_clean_0627.jpg,False,train
428,558c32101f1a44f3d9ee1fbac14cd4982e54de207b1cb3f381d4b2ae3db65609,train,/mnt/d/ruanjianxiazai/pycharm2026/datasets/dataset_2/train/images/nozzle_no_extrusion_0620.jpg,False,train
429,678479a272ff921b9f27e644cb439f5e57813927676348ef9c01d62879374522,train,/mnt/d/ruanjianxiazai/pycharm2026/datasets/dataset_2/train/images/nozzle_clean_0628.jpg,False,train
429,678479a272ff921b9f27e644cb439f5e57813927676348ef9c01d62879374522,train,/mnt/d/ruanjianxiazai/pycharm2026/datasets/dataset_2/train/images/nozzle_no_extrusion_0621.jpg,False,train
430,44094cbc1657f3652d7aeaa0d3bcb3ba07a0b37055f5c1ecb6b5ba8960c00f2d,train,/mnt/d/ruanjianxiazai/pycharm2026/datasets/dataset_2/train/images/nozzle_clean_0629.jpg,False,train
430,44094cbc1657f3652d7aeaa0d3bcb3ba07a0b37055f5c1ecb6b5ba8960c00f2d,train,/mnt/d/ruanjianxiazai/pycharm2026/datasets/dataset_2/train/images/nozzle_no_extrusion_0622.jpg,False,train
431,946d7451ddf4ac00663b84d08b73960351e99e848fc23ed43d19affcfa0fd791,train,/mnt/d/ruanjianxiazai/pycharm2026/datasets/dataset_2/train/images/nozzle_clean_0631.jpg,False,train
431,946d7451ddf4ac00663b84d08b73960351e99e848fc23ed43d19affcfa0fd791,train,/mnt/d/ruanjianxiazai/pycharm2026/datasets/dataset_2/train/images/nozzle_no_extrusion_0624.jpg,False,train
432,172cc3226c597b3c229c7e54e98c68f4ef025245d66f703db56c76b403e84505,train,/mnt/d/ruanjianxiazai/pycharm2026/datasets/dataset_2/train/images/nozzle_clean_0633.jpg,False,train
432,172cc3226c597b3c229c7e54e98c68f4ef025245d66f703db56c76b403e84505,train,/mnt/d/ruanjianxiazai/pycharm2026/datasets/dataset_2/train/images/nozzle_no_extrusion_0626.jpg,False,train
433,eb40da233602d4f189064bd6f04872c85a4c6e3cbb65e74d614530732dc4d067,train,/mnt/d/ruanjianxiazai/pycharm2026/datasets/dataset_2/train/images/nozzle_clean_0635.jpg,False,train
433,eb40da233602d4f189064bd6f04872c85a4c6e3cbb65e74d614530732dc4d067,train,/mnt/d/ruanjianxiazai/pycharm2026/datasets/dataset_2/train/images/nozzle_no_extrusion_0628.jpg,False,train
434,ea2908994ed58d30323b54461a235d2c22a58012b55fa520013b33fb8d959913,train,/mnt/d/ruanjianxiazai/pycharm2026/datasets/dataset_2/train/images/nozzle_clean_0636.jpg,True,"train,val"
434,ea2908994ed58d30323b54461a235d2c22a58012b55fa520013b33fb8d959913,val,/mnt/d/ruanjianxiazai/pycharm2026/datasets/dataset_2/val/images/nozzle_no_extrusion_0629.jpg,True,"train,val"
435,2256284b9d94813887fca0f687fc85d1cf435f6b55d241ca09aafbe7613ad0a3,train,/mnt/d/ruanjianxiazai/pycharm2026/datasets/dataset_2/train/images/nozzle_clean_0637.jpg,False,train
435,2256284b9d94813887fca0f687fc85d1cf435f6b55d241ca09aafbe7613ad0a3,train,/mnt/d/ruanjianxiazai/pycharm2026/datasets/dataset_2/train/images/nozzle_no_extrusion_0630.jpg,False,train
436,73668035adf419c1269c033f050d523ed885425101ffaee2c0d0dde61fdbec41,train,/mnt/d/ruanjianxiazai/pycharm2026/datasets/dataset_2/train/images/nozzle_clean_0638.jpg,False,train
436,73668035adf419c1269c033f050d523ed885425101ffaee2c0d0dde61fdbec41,train,/mnt/d/ruanjianxiazai/pycharm2026/datasets/dataset_2/train/images/nozzle_no_extrusion_0631.jpg,False,train
437,2efe776e6704ed2dde48c11d71d7a32f772ff7368c6d139b27a85f433358faf6,train,/mnt/d/ruanjianxiazai/pycharm2026/datasets/dataset_2/train/images/nozzle_clean_0639.jpg,False,train
437,2efe776e6704ed2dde48c11d71d7a32f772ff7368c6d139b27a85f433358faf6,train,/mnt/d/ruanjianxiazai/pycharm2026/datasets/dataset_2/train/images/nozzle_no_extrusion_0632.jpg,False,train
438,82a1ab06fedab5a374192338d2a772162aea41d7550358d4b184593f7300e60d,train,/mnt/d/ruanjianxiazai/pycharm2026/datasets/dataset_2/train/images/nozzle_clean_0640.jpg,False,train
438,82a1ab06fedab5a374192338d2a772162aea41d7550358d4b184593f7300e60d,train,/mnt/d/ruanjianxiazai/pycharm2026/datasets/dataset_2/train/images/nozzle_no_extrusion_0633.jpg,False,train
439,562faf680e76d85d9d79865bc1174f8cb3b70a15cdc450bc73406004e65184c4,train,/mnt/d/ruanjianxiazai/pycharm2026/datasets/dataset_2/train/images/nozzle_clean_0642.jpg,False,train
439,562faf680e76d85d9d79865bc1174f8cb3b70a15cdc450bc73406004e65184c4,train,/mnt/d/ruanjianxiazai/pycharm2026/datasets/dataset_2/train/images/nozzle_no_extrusion_0635.jpg,False,train
440,a51dbdc0de5b9449dd837882e2612aadab68c0300d8abf9d9177904f81f25d03,train,/mnt/d/ruanjianxiazai/pycharm2026/datasets/dataset_2/train/images/nozzle_clean_0644.jpg,True,"train,val"
440,a51dbdc0de5b9449dd837882e2612aadab68c0300d8abf9d9177904f81f25d03,val,/mnt/d/ruanjianxiazai/pycharm2026/datasets/dataset_2/val/images/nozzle_no_extrusion_0637.jpg,True,"train,val"
441,014c0281fd75579367596bdce03c0e3458d35e299dcd5062ea59e07ceb7a6ca3,train,/mnt/d/ruanjianxiazai/pycharm2026/datasets/dataset_2/train/images/nozzle_clean_0646.jpg,False,train
441,014c0281fd75579367596bdce03c0e3458d35e299dcd5062ea59e07ceb7a6ca3,train,/mnt/d/ruanjianxiazai/pycharm2026/datasets/dataset_2/train/images/nozzle_no_extrusion_0639.jpg,False,train
442,ff609c3ce2901d98f3a34597f78d062405b1cb3fe8bbd553ffd410ee9649457d,train,/mnt/d/ruanjianxiazai/pycharm2026/datasets/dataset_2/train/images/nozzle_clean_0649.jpg,False,train
442,ff609c3ce2901d98f3a34597f78d062405b1cb3fe8bbd553ffd410ee9649457d,train,/mnt/d/ruanjianxiazai/pycharm2026/datasets/dataset_2/train/images/nozzle_no_extrusion_0642.jpg,False,train
443,5481e850d6a2b243d095e2bf953dd08b950d86369f9b538376d41836aafb728e,train,/mnt/d/ruanjianxiazai/pycharm2026/datasets/dataset_2/train/images/nozzle_clean_0650.jpg,False,train
443,5481e850d6a2b243d095e2bf953dd08b950d86369f9b538376d41836aafb728e,train,/mnt/d/ruanjianxiazai/pycharm2026/datasets/dataset_2/train/images/nozzle_no_extrusion_0643.jpg,False,train
444,f19fddad71f9b119dda4865a87c3346fe10a646dbe89f190925ce2e5b60e5e67,train,/mnt/d/ruanjianxiazai/pycharm2026/datasets/dataset_2/train/images/nozzle_clean_0651.jpg,True,"test,train"
444,f19fddad71f9b119dda4865a87c3346fe10a646dbe89f190925ce2e5b60e5e67,test,/mnt/d/ruanjianxiazai/pycharm2026/datasets/dataset_2/test/images/nozzle_no_extrusion_0644.jpg,True,"test,train"
445,4d94a277475ff5cf66f68447e30fbf1842e0493b821e63bad2d7f12dfc0fbb07,train,/mnt/d/ruanjianxiazai/pycharm2026/datasets/dataset_2/train/images/nozzle_clean_0652.jpg,True,"test,train"
445,4d94a277475ff5cf66f68447e30fbf1842e0493b821e63bad2d7f12dfc0fbb07,test,/mnt/d/ruanjianxiazai/pycharm2026/datasets/dataset_2/test/images/nozzle_no_extrusion_0645.jpg,True,"test,train"
446,550d495219f44a4fbd3b7517b103b25e555e300124e389fadfef9ad3dc10f1ff,train,/mnt/d/ruanjianxiazai/pycharm2026/datasets/dataset_2/train/images/nozzle_clean_0654.jpg,False,train
446,550d495219f44a4fbd3b7517b103b25e555e300124e389fadfef9ad3dc10f1ff,train,/mnt/d/ruanjianxiazai/pycharm2026/datasets/dataset_2/train/images/nozzle_no_extrusion_0647.jpg,False,train
447,b42a4ae8017bb266a6ee0363ec6b3dd4ca9ae2965b626ddb55b1e55f26a0a2b4,train,/mnt/d/ruanjianxiazai/pycharm2026/datasets/dataset_2/train/images/nozzle_clean_0655.jpg,True,"test,train"
447,b42a4ae8017bb266a6ee0363ec6b3dd4ca9ae2965b626ddb55b1e55f26a0a2b4,test,/mnt/d/ruanjianxiazai/pycharm2026/datasets/dataset_2/test/images/nozzle_no_extrusion_0648.jpg,True,"test,train"
448,b359551ec3e39a8d9b186a6fd4aedc836583daa831034a541bbdb5578163d075,train,/mnt/d/ruanjianxiazai/pycharm2026/datasets/dataset_2/train/images/nozzle_clean_0657.jpg,True,"train,val"
448,b359551ec3e39a8d9b186a6fd4aedc836583daa831034a541bbdb5578163d075,val,/mnt/d/ruanjianxiazai/pycharm2026/datasets/dataset_2/val/images/nozzle_no_extrusion_0650.jpg,True,"train,val"
449,1acf9fa3d2083e00dec2ad9c262e5900c5f8833659fb7d9d33d2eb0a0064042a,train,/mnt/d/ruanjianxiazai/pycharm2026/datasets/dataset_2/train/images/nozzle_clean_0659.jpg,True,"test,train"
449,1acf9fa3d2083e00dec2ad9c262e5900c5f8833659fb7d9d33d2eb0a0064042a,test,/mnt/d/ruanjianxiazai/pycharm2026/datasets/dataset_2/test/images/nozzle_no_extrusion_0652.jpg,True,"test,train"
450,ac4af0a949993ee187af1ee507f41b1317534d609fc7c0f346acc5cd51de9bd8,train,/mnt/d/ruanjianxiazai/pycharm2026/datasets/dataset_2/train/images/nozzle_clean_0661.jpg,True,"train,val"
450,ac4af0a949993ee187af1ee507f41b1317534d609fc7c0f346acc5cd51de9bd8,val,/mnt/d/ruanjianxiazai/pycharm2026/datasets/dataset_2/val/images/nozzle_no_extrusion_0654.jpg,True,"train,val"
451,70f5361bf81bea175551a502ce4a286e282342e84354d0ab0e26b25ef9a9c160,train,/mnt/d/ruanjianxiazai/pycharm2026/datasets/dataset_2/train/images/nozzle_clean_0662.jpg,True,"train,val"
451,70f5361bf81bea175551a502ce4a286e282342e84354d0ab0e26b25ef9a9c160,val,/mnt/d/ruanjianxiazai/pycharm2026/datasets/dataset_2/val/images/nozzle_no_extrusion_0655.jpg,True,"train,val"
452,4f1ebd78d54a221435d964cb91976b3cd2602cc5c5ae2dc5eeaaf2e0520bf4fb,train,/mnt/d/ruanjianxiazai/pycharm2026/datasets/dataset_2/train/images/nozzle_clean_0663.jpg,True,"test,train"
452,4f1ebd78d54a221435d964cb91976b3cd2602cc5c5ae2dc5eeaaf2e0520bf4fb,test,/mnt/d/ruanjianxiazai/pycharm2026/datasets/dataset_2/test/images/nozzle_no_extrusion_0656.jpg,True,"test,train"
453,55d188bc9c7ff1081495220462638a06407dca8ff54e0f8a7581e65427950dd6,train,/mnt/d/ruanjianxiazai/pycharm2026/datasets/dataset_2/train/images/nozzle_clean_0664.jpg,False,train
453,55d188bc9c7ff1081495220462638a06407dca8ff54e0f8a7581e65427950dd6,train,/mnt/d/ruanjianxiazai/pycharm2026/datasets/dataset_2/train/images/nozzle_no_extrusion_0657.jpg,False,train
454,3baa56de67c3b82b1b587cf548b502cb8d3e7cdae8d3def10ecea44329fcd8a4,train,/mnt/d/ruanjianxiazai/pycharm2026/datasets/dataset_2/train/images/nozzle_clean_0665.jpg,False,train
454,3baa56de67c3b82b1b587cf548b502cb8d3e7cdae8d3def10ecea44329fcd8a4,train,/mnt/d/ruanjianxiazai/pycharm2026/datasets/dataset_2/train/images/nozzle_no_extrusion_0658.jpg,False,train
455,a1cc049bebdfc3d604d73b428f63e8bebb1cbce35cc9a833b82a3b609b17757e,train,/mnt/d/ruanjianxiazai/pycharm2026/datasets/dataset_2/train/images/nozzle_clean_0666.jpg,False,train
455,a1cc049bebdfc3d604d73b428f63e8bebb1cbce35cc9a833b82a3b609b17757e,train,/mnt/d/ruanjianxiazai/pycharm2026/datasets/dataset_2/train/images/nozzle_no_extrusion_0659.jpg,False,train
456,07068b0634b588c5406704552b318eea41e041f745745b695fd42619470aa9b1,train,/mnt/d/ruanjianxiazai/pycharm2026/datasets/dataset_2/train/images/nozzle_clean_0667.jpg,False,train
456,07068b0634b588c5406704552b318eea41e041f745745b695fd42619470aa9b1,train,/mnt/d/ruanjianxiazai/pycharm2026/datasets/dataset_2/train/images/nozzle_no_extrusion_0660.jpg,False,train
457,0050475ce9815a3a0b56512f9f44c89ee3e7aeefbb8db56db5a9e125f3679727,train,/mnt/d/ruanjianxiazai/pycharm2026/datasets/dataset_2/train/images/nozzle_clean_0668.jpg,True,"train,val"
457,0050475ce9815a3a0b56512f9f44c89ee3e7aeefbb8db56db5a9e125f3679727,val,/mnt/d/ruanjianxiazai/pycharm2026/datasets/dataset_2/val/images/nozzle_no_extrusion_0661.jpg,True,"train,val"
458,ddbc609a500a7de05ef8ebc039d5d305c85e9707693dca388fbf887a9cf1b34d,train,/mnt/d/ruanjianxiazai/pycharm2026/datasets/dataset_2/train/images/nozzle_clean_0669.jpg,False,train
458,ddbc609a500a7de05ef8ebc039d5d305c85e9707693dca388fbf887a9cf1b34d,train,/mnt/d/ruanjianxiazai/pycharm2026/datasets/dataset_2/train/images/nozzle_no_extrusion_0662.jpg,False,train
459,f250c82d6f7b53e6dba3c01b995954480bfbea8354d509ff711f1c076b70f4cc,train,/mnt/d/ruanjianxiazai/pycharm2026/datasets/dataset_2/train/images/nozzle_clean_0672.jpg,True,"train,val"
459,f250c82d6f7b53e6dba3c01b995954480bfbea8354d509ff711f1c076b70f4cc,val,/mnt/d/ruanjianxiazai/pycharm2026/datasets/dataset_2/val/images/nozzle_no_extrusion_0665.jpg,True,"train,val"
460,ed7fa4f3890caba7e4ba02d91a44ec6011cc50bba7f25864b3078cd8177a3ef7,train,/mnt/d/ruanjianxiazai/pycharm2026/datasets/dataset_2/train/images/nozzle_clean_0674.jpg,False,train
460,ed7fa4f3890caba7e4ba02d91a44ec6011cc50bba7f25864b3078cd8177a3ef7,train,/mnt/d/ruanjianxiazai/pycharm2026/datasets/dataset_2/train/images/nozzle_no_extrusion_0667.jpg,False,train
461,ce64d76722223b6bcbe05b5d07ee82bb438ee104cb084280e75cd3c47e671014,train,/mnt/d/ruanjianxiazai/pycharm2026/datasets/dataset_2/train/images/nozzle_clean_0675.jpg,False,train
461,ce64d76722223b6bcbe05b5d07ee82bb438ee104cb084280e75cd3c47e671014,train,/mnt/d/ruanjianxiazai/pycharm2026/datasets/dataset_2/train/images/nozzle_no_extrusion_0668.jpg,False,train
462,7ede988a226cce539ceaea98a9f3ffc5d329db1b3da39d36a1f1c28b6f77c2ad,train,/mnt/d/ruanjianxiazai/pycharm2026/datasets/dataset_2/train/images/nozzle_clean_0676.jpg,False,train
462,7ede988a226cce539ceaea98a9f3ffc5d329db1b3da39d36a1f1c28b6f77c2ad,train,/mnt/d/ruanjianxiazai/pycharm2026/datasets/dataset_2/train/images/nozzle_no_extrusion_0669.jpg,False,train
463,c070bbae4eef97bc176d3a650954c6dd54664489b32060be203cfcae06d765a0,train,/mnt/d/ruanjianxiazai/pycharm2026/datasets/dataset_2/train/images/nozzle_clean_0677.jpg,False,train
463,c070bbae4eef97bc176d3a650954c6dd54664489b32060be203cfcae06d765a0,train,/mnt/d/ruanjianxiazai/pycharm2026/datasets/dataset_2/train/images/nozzle_no_extrusion_0670.jpg,False,train
464,f76fd736eafc9894bc4e3c2bcf7a9a3f59751ddcee8acdb36a572d146e3cff68,train,/mnt/d/ruanjianxiazai/pycharm2026/datasets/dataset_2/train/images/nozzle_clean_0678.jpg,True,"train,val"
464,f76fd736eafc9894bc4e3c2bcf7a9a3f59751ddcee8acdb36a572d146e3cff68,val,/mnt/d/ruanjianxiazai/pycharm2026/datasets/dataset_2/val/images/nozzle_no_extrusion_0671.jpg,True,"train,val"
465,e78da49c12c687e5afa8ba315f52ed2ab3116cf5563f411785e17df68cf9b4c0,train,/mnt/d/ruanjianxiazai/pycharm2026/datasets/dataset_2/train/images/nozzle_clean_0680.jpg,True,"test,train"
465,e78da49c12c687e5afa8ba315f52ed2ab3116cf5563f411785e17df68cf9b4c0,test,/mnt/d/ruanjianxiazai/pycharm2026/datasets/dataset_2/test/images/nozzle_no_extrusion_0673.jpg,True,"test,train"
466,b2d775b8610dcea7efb6ee113bc3bb955158e15c718d7ba422941faae7671125,train,/mnt/d/ruanjianxiazai/pycharm2026/datasets/dataset_2/train/images/nozzle_clean_0682.jpg,False,train
466,b2d775b8610dcea7efb6ee113bc3bb955158e15c718d7ba422941faae7671125,train,/mnt/d/ruanjianxiazai/pycharm2026/datasets/dataset_2/train/images/nozzle_no_extrusion_0675.jpg,False,train
467,e87ffb8d54a5f89428d46c89c173f5dc14e56218667a3c42e8068050f472b15e,train,/mnt/d/ruanjianxiazai/pycharm2026/datasets/dataset_2/train/images/nozzle_clean_0683.jpg,False,train
467,e87ffb8d54a5f89428d46c89c173f5dc14e56218667a3c42e8068050f472b15e,train,/mnt/d/ruanjianxiazai/pycharm2026/datasets/dataset_2/train/images/nozzle_no_extrusion_0676.jpg,False,train
468,a7a96548eaf2e0c979b00792d1563ee6708554aa60f4f9889e270f56356da7a7,train,/mnt/d/ruanjianxiazai/pycharm2026/datasets/dataset_2/train/images/nozzle_clean_0684.jpg,True,"test,train"
468,a7a96548eaf2e0c979b00792d1563ee6708554aa60f4f9889e270f56356da7a7,test,/mnt/d/ruanjianxiazai/pycharm2026/datasets/dataset_2/test/images/nozzle_no_extrusion_0677.jpg,True,"test,train"
469,7f885114b51bed9a5f8c6246452b237ff1f4dc67c77a57740c70c518c5c56b11,train,/mnt/d/ruanjianxiazai/pycharm2026/datasets/dataset_2/train/images/nozzle_clean_0685.jpg,False,train
469,7f885114b51bed9a5f8c6246452b237ff1f4dc67c77a57740c70c518c5c56b11,train,/mnt/d/ruanjianxiazai/pycharm2026/datasets/dataset_2/train/images/nozzle_no_extrusion_0678.jpg,False,train
470,27a8f7aa7ebb6e377762cb84acba67c3da62fb5583b5b7bd1beccf93c88d5600,train,/mnt/d/ruanjianxiazai/pycharm2026/datasets/dataset_2/train/images/nozzle_clean_0686.jpg,False,train
470,27a8f7aa7ebb6e377762cb84acba67c3da62fb5583b5b7bd1beccf93c88d5600,train,/mnt/d/ruanjianxiazai/pycharm2026/datasets/dataset_2/train/images/nozzle_no_extrusion_0679.jpg,False,train
471,5b95a532ac90eae9976d5ca5380923d964d20a7c6c199a1877bdbc03882d8ff8,train,/mnt/d/ruanjianxiazai/pycharm2026/datasets/dataset_2/train/images/nozzle_clean_0688.jpg,False,train
471,5b95a532ac90eae9976d5ca5380923d964d20a7c6c199a1877bdbc03882d8ff8,train,/mnt/d/ruanjianxiazai/pycharm2026/datasets/dataset_2/train/images/nozzle_no_extrusion_0681.jpg,False,train
472,36603fcf97f13d7e2c5fccea0086777d9fbaa8fc6f13bfd52c2ce5e3f90ebba4,train,/mnt/d/ruanjianxiazai/pycharm2026/datasets/dataset_2/train/images/nozzle_clean_0689.jpg,False,train
472,36603fcf97f13d7e2c5fccea0086777d9fbaa8fc6f13bfd52c2ce5e3f90ebba4,train,/mnt/d/ruanjianxiazai/pycharm2026/datasets/dataset_2/train/images/nozzle_no_extrusion_0682.jpg,False,train
473,5581b6219fb7654cffad0e52be8e149b952789a3ad1c1b490f47a6bf6ffecdd2,train,/mnt/d/ruanjianxiazai/pycharm2026/datasets/dataset_2/train/images/nozzle_clean_0690.jpg,True,"train,val"
473,5581b6219fb7654cffad0e52be8e149b952789a3ad1c1b490f47a6bf6ffecdd2,val,/mnt/d/ruanjianxiazai/pycharm2026/datasets/dataset_2/val/images/nozzle_no_extrusion_0683.jpg,True,"train,val"
474,d2d678ee6fcd74fb56bae400491348303676d4efb7245f37e20da7be5738b9ac,train,/mnt/d/ruanjianxiazai/pycharm2026/datasets/dataset_2/train/images/nozzle_clean_0691.jpg,False,train
474,d2d678ee6fcd74fb56bae400491348303676d4efb7245f37e20da7be5738b9ac,train,/mnt/d/ruanjianxiazai/pycharm2026/datasets/dataset_2/train/images/nozzle_no_extrusion_0684.jpg,False,train
475,8433b76b2fcdfc1636076cbacfa173fcc748250b63fd128f9f2a13284c1935a1,train,/mnt/d/ruanjianxiazai/pycharm2026/datasets/dataset_2/train/images/nozzle_clean_0692.jpg,True,"test,train"
475,8433b76b2fcdfc1636076cbacfa173fcc748250b63fd128f9f2a13284c1935a1,test,/mnt/d/ruanjianxiazai/pycharm2026/datasets/dataset_2/test/images/nozzle_no_extrusion_0685.jpg,True,"test,train"
476,390e0fef3fc0fd8aed36e8b8b86d1b8c1eb9bb0ba5b9bf4aa8c08555db6ac12e,train,/mnt/d/ruanjianxiazai/pycharm2026/datasets/dataset_2/train/images/nozzle_clean_0693.jpg,False,train
476,390e0fef3fc0fd8aed36e8b8b86d1b8c1eb9bb0ba5b9bf4aa8c08555db6ac12e,train,/mnt/d/ruanjianxiazai/pycharm2026/datasets/dataset_2/train/images/nozzle_no_extrusion_0686.jpg,False,train
477,9e2f8bffd8940e0088b9577c88c19217c8c3524a81ea77b28fe7a53ced0039a5,train,/mnt/d/ruanjianxiazai/pycharm2026/datasets/dataset_2/train/images/nozzle_clean_0695.jpg,False,train
477,9e2f8bffd8940e0088b9577c88c19217c8c3524a81ea77b28fe7a53ced0039a5,train,/mnt/d/ruanjianxiazai/pycharm2026/datasets/dataset_2/train/images/nozzle_no_extrusion_0688.jpg,False,train
478,3a688d80dbb3cbc19d942e8e2f1170d41e821c9db0dd382ccbd79ce965dbaa0f,train,/mnt/d/ruanjianxiazai/pycharm2026/datasets/dataset_2/train/images/nozzle_clean_0697.jpg,False,train
478,3a688d80dbb3cbc19d942e8e2f1170d41e821c9db0dd382ccbd79ce965dbaa0f,train,/mnt/d/ruanjianxiazai/pycharm2026/datasets/dataset_2/train/images/nozzle_no_extrusion_0690.jpg,False,train
479,03373554e8ba60b4e7f244e3803a866a94be4a10eb44ebb509d096e0a5a6b527,train,/mnt/d/ruanjianxiazai/pycharm2026/datasets/dataset_2/train/images/nozzle_clean_0698.jpg,False,train
479,03373554e8ba60b4e7f244e3803a866a94be4a10eb44ebb509d096e0a5a6b527,train,/mnt/d/ruanjianxiazai/pycharm2026/datasets/dataset_2/train/images/nozzle_no_extrusion_0691.jpg,False,train
480,89673fb3609e6fe1cf9cb11874b5b43fcd250b1028db05acd18c24e392a0b0a9,train,/mnt/d/ruanjianxiazai/pycharm2026/datasets/dataset_2/train/images/nozzle_clean_0699.jpg,True,"test,train"
480,89673fb3609e6fe1cf9cb11874b5b43fcd250b1028db05acd18c24e392a0b0a9,test,/mnt/d/ruanjianxiazai/pycharm2026/datasets/dataset_2/test/images/nozzle_no_extrusion_0692.jpg,True,"test,train"
481,ba46e74c270532401c46bc1805f4fda5da96ba905d28e0a6e3df41becdf1e3b3,train,/mnt/d/ruanjianxiazai/pycharm2026/datasets/dataset_2/train/images/nozzle_clean_0700.jpg,False,train
481,ba46e74c270532401c46bc1805f4fda5da96ba905d28e0a6e3df41becdf1e3b3,train,/mnt/d/ruanjianxiazai/pycharm2026/datasets/dataset_2/train/images/nozzle_no_extrusion_0693.jpg,False,train
482,2f64d295d7b3d940a9b4e14185bb5f053cec5600bd6ff0f845b32c1d51ac408b,train,/mnt/d/ruanjianxiazai/pycharm2026/datasets/dataset_2/train/images/nozzle_clean_0702.jpg,True,"test,train"
482,2f64d295d7b3d940a9b4e14185bb5f053cec5600bd6ff0f845b32c1d51ac408b,test,/mnt/d/ruanjianxiazai/pycharm2026/datasets/dataset_2/test/images/nozzle_no_extrusion_0695.jpg,True,"test,train"
483,53224ab51d80df351b26f60c780a1fa8cbea2e6d45ddec95f3696d7253dfb696,train,/mnt/d/ruanjianxiazai/pycharm2026/datasets/dataset_2/train/images/nozzle_clean_0703.jpg,False,train
483,53224ab51d80df351b26f60c780a1fa8cbea2e6d45ddec95f3696d7253dfb696,train,/mnt/d/ruanjianxiazai/pycharm2026/datasets/dataset_2/train/images/nozzle_no_extrusion_0696.jpg,False,train
484,6558c1371a8c57acc08eb389c09718ae2236b776e29ff8ec3dbf1d6620a70e6b,train,/mnt/d/ruanjianxiazai/pycharm2026/datasets/dataset_2/train/images/nozzle_clean_0704.jpg,False,train
484,6558c1371a8c57acc08eb389c09718ae2236b776e29ff8ec3dbf1d6620a70e6b,train,/mnt/d/ruanjianxiazai/pycharm2026/datasets/dataset_2/train/images/nozzle_no_extrusion_0697.jpg,False,train
485,7bec2b8240342d16fbd296c21fda379a197f5515cda8f9dfc4f6d67a7b15178d,train,/mnt/d/ruanjianxiazai/pycharm2026/datasets/dataset_2/train/images/nozzle_clean_0705.jpg,False,train
485,7bec2b8240342d16fbd296c21fda379a197f5515cda8f9dfc4f6d67a7b15178d,train,/mnt/d/ruanjianxiazai/pycharm2026/datasets/dataset_2/train/images/nozzle_no_extrusion_0698.jpg,False,train
486,0335e2e3474c7eb1f923b715fd88a755a34d08cb8178a5cb0683e32e194aa411,train,/mnt/d/ruanjianxiazai/pycharm2026/datasets/dataset_2/train/images/nozzle_clean_0706.jpg,False,train
486,0335e2e3474c7eb1f923b715fd88a755a34d08cb8178a5cb0683e32e194aa411,train,/mnt/d/ruanjianxiazai/pycharm2026/datasets/dataset_2/train/images/nozzle_no_extrusion_0699.jpg,False,train
487,5307f4ca3b63cb1390534ac96edbc9d4702965f690ca8369b7d25a3940281bf3,train,/mnt/d/ruanjianxiazai/pycharm2026/datasets/dataset_2/train/images/nozzle_clean_0707.jpg,False,train
487,5307f4ca3b63cb1390534ac96edbc9d4702965f690ca8369b7d25a3940281bf3,train,/mnt/d/ruanjianxiazai/pycharm2026/datasets/dataset_2/train/images/nozzle_no_extrusion_0700.jpg,False,train
488,2632f3ac10955aaaef6d1d35b40ce829264b8090e62f3a09c3731b688885e207,train,/mnt/d/ruanjianxiazai/pycharm2026/datasets/dataset_2/train/images/nozzle_clean_0708.jpg,False,train
488,2632f3ac10955aaaef6d1d35b40ce829264b8090e62f3a09c3731b688885e207,train,/mnt/d/ruanjianxiazai/pycharm2026/datasets/dataset_2/train/images/nozzle_no_extrusion_0701.jpg,False,train
489,33a7f4b96041c1879b3c980e58d6f1d28de1d5961daa03b339cc4d3635399ad8,train,/mnt/d/ruanjianxiazai/pycharm2026/datasets/dataset_2/train/images/nozzle_clean_0709.jpg,False,train
489,33a7f4b96041c1879b3c980e58d6f1d28de1d5961daa03b339cc4d3635399ad8,train,/mnt/d/ruanjianxiazai/pycharm2026/datasets/dataset_2/train/images/nozzle_no_extrusion_0702.jpg,False,train
490,f056f472d6e2a0509036a9799eadda3f4091de48f1d5cc441cae077dd896f73a,train,/mnt/d/ruanjianxiazai/pycharm2026/datasets/dataset_2/train/images/nozzle_clean_0710.jpg,False,train
490,f056f472d6e2a0509036a9799eadda3f4091de48f1d5cc441cae077dd896f73a,train,/mnt/d/ruanjianxiazai/pycharm2026/datasets/dataset_2/train/images/nozzle_no_extrusion_0703.jpg,False,train
491,fc394f687d535e1160d78d678a484f623d7e69728fa70256384be52e6be8f347,train,/mnt/d/ruanjianxiazai/pycharm2026/datasets/dataset_2/train/images/nozzle_clean_0713.jpg,False,train
491,fc394f687d535e1160d78d678a484f623d7e69728fa70256384be52e6be8f347,train,/mnt/d/ruanjianxiazai/pycharm2026/datasets/dataset_2/train/images/nozzle_no_extrusion_0706.jpg,False,train
492,f00e012b6e3bdad3bdd2e724f1be665c96600f88ffed914c9d8818225da308ae,train,/mnt/d/ruanjianxiazai/pycharm2026/datasets/dataset_2/train/images/nozzle_clean_0714.jpg,False,train
492,f00e012b6e3bdad3bdd2e724f1be665c96600f88ffed914c9d8818225da308ae,train,/mnt/d/ruanjianxiazai/pycharm2026/datasets/dataset_2/train/images/nozzle_no_extrusion_0707.jpg,False,train
493,79c0f77a1e774a11741a6ab6a3fc12b595f9f8956438da14d504d8f2d55f337c,train,/mnt/d/ruanjianxiazai/pycharm2026/datasets/dataset_2/train/images/nozzle_clean_0715.jpg,False,train
493,79c0f77a1e774a11741a6ab6a3fc12b595f9f8956438da14d504d8f2d55f337c,train,/mnt/d/ruanjianxiazai/pycharm2026/datasets/dataset_2/train/images/nozzle_no_extrusion_0708.jpg,False,train
494,a5c9bfc0c439bfd9f5097e416ec963dde09d7249de9f2435cd4ef7f4dee29f1f,train,/mnt/d/ruanjianxiazai/pycharm2026/datasets/dataset_2/train/images/nozzle_clean_0716.jpg,False,train
494,a5c9bfc0c439bfd9f5097e416ec963dde09d7249de9f2435cd4ef7f4dee29f1f,train,/mnt/d/ruanjianxiazai/pycharm2026/datasets/dataset_2/train/images/nozzle_no_extrusion_0709.jpg,False,train
495,bd33af7fe4982b7d1ac9e0895d07d36d011ad28c6104ddf71d07891a96f3ac40,train,/mnt/d/ruanjianxiazai/pycharm2026/datasets/dataset_2/train/images/nozzle_clean_0718.jpg,False,train
495,bd33af7fe4982b7d1ac9e0895d07d36d011ad28c6104ddf71d07891a96f3ac40,train,/mnt/d/ruanjianxiazai/pycharm2026/datasets/dataset_2/train/images/nozzle_no_extrusion_0711.jpg,False,train
496,4a972e6b95c8adec6a35a91a32c34aadf660a3f092c8688247e961d62005cc05,train,/mnt/d/ruanjianxiazai/pycharm2026/datasets/dataset_2/train/images/nozzle_clean_0720.jpg,False,train
496,4a972e6b95c8adec6a35a91a32c34aadf660a3f092c8688247e961d62005cc05,train,/mnt/d/ruanjianxiazai/pycharm2026/datasets/dataset_2/train/images/nozzle_no_extrusion_0713.jpg,False,train
497,375502e27b49840c5e3e08ca7daa0d52dcc5fa76fcaf7e20ce56c6198f6704ca,train,/mnt/d/ruanjianxiazai/pycharm2026/datasets/dataset_2/train/images/nozzle_clean_0722.jpg,False,train
497,375502e27b49840c5e3e08ca7daa0d52dcc5fa76fcaf7e20ce56c6198f6704ca,train,/mnt/d/ruanjianxiazai/pycharm2026/datasets/dataset_2/train/images/nozzle_no_extrusion_0715.jpg,False,train
498,30490b29b3b2fb9414b0b133ff33b9252d8c0eef2c9065a17131fede6a4f202e,train,/mnt/d/ruanjianxiazai/pycharm2026/datasets/dataset_2/train/images/nozzle_clean_0723.jpg,True,"train,val"
498,30490b29b3b2fb9414b0b133ff33b9252d8c0eef2c9065a17131fede6a4f202e,val,/mnt/d/ruanjianxiazai/pycharm2026/datasets/dataset_2/val/images/nozzle_no_extrusion_0716.jpg,True,"train,val"
499,6dd2660b2d29193d14bcba77a7449331f3db48fa3b1bf63ddc178ddab76608af,train,/mnt/d/ruanjianxiazai/pycharm2026/datasets/dataset_2/train/images/nozzle_clean_0724.jpg,True,"train,val"
499,6dd2660b2d29193d14bcba77a7449331f3db48fa3b1bf63ddc178ddab76608af,val,/mnt/d/ruanjianxiazai/pycharm2026/datasets/dataset_2/val/images/nozzle_no_extrusion_0717.jpg,True,"train,val"
500,297f7be7c1456dca1087712d0bf842f28d6f7630cadbe4c53e26d2354fc2278d,train,/mnt/d/ruanjianxiazai/pycharm2026/datasets/dataset_2/train/images/nozzle_clean_0725.jpg,False,train
500,297f7be7c1456dca1087712d0bf842f28d6f7630cadbe4c53e26d2354fc2278d,train,/mnt/d/ruanjianxiazai/pycharm2026/datasets/dataset_2/train/images/nozzle_no_extrusion_0718.jpg,False,train
501,1c20e61a4c1968b091d8e1fce934b28eec709279339aed84e6b66a636471fe18,train,/mnt/d/ruanjianxiazai/pycharm2026/datasets/dataset_2/train/images/nozzle_clean_0726.jpg,False,train
501,1c20e61a4c1968b091d8e1fce934b28eec709279339aed84e6b66a636471fe18,train,/mnt/d/ruanjianxiazai/pycharm2026/datasets/dataset_2/train/images/nozzle_no_extrusion_0719.jpg,False,train
502,7c5ac3ad57e7f63d00fc30e5896c396ac1fe0fcb5bd45657d98f301e1db3ccdd,train,/mnt/d/ruanjianxiazai/pycharm2026/datasets/dataset_2/train/images/nozzle_clean_0727.jpg,False,train
502,7c5ac3ad57e7f63d00fc30e5896c396ac1fe0fcb5bd45657d98f301e1db3ccdd,train,/mnt/d/ruanjianxiazai/pycharm2026/datasets/dataset_2/train/images/nozzle_no_extrusion_0720.jpg,False,train
503,6ebf5c42376ce8cb10d586012d24fc73242a2ee3386ff4b43da7d6df81a61de3,train,/mnt/d/ruanjianxiazai/pycharm2026/datasets/dataset_2/train/images/nozzle_clean_0728.jpg,False,train
503,6ebf5c42376ce8cb10d586012d24fc73242a2ee3386ff4b43da7d6df81a61de3,train,/mnt/d/ruanjianxiazai/pycharm2026/datasets/dataset_2/train/images/nozzle_no_extrusion_0721.jpg,False,train
504,731edc37722f3cecd0dd3ffce818c90aa4d4034fbdbfaf4a3da18c0637640f07,train,/mnt/d/ruanjianxiazai/pycharm2026/datasets/dataset_2/train/images/nozzle_clean_0729.jpg,False,train
504,731edc37722f3cecd0dd3ffce818c90aa4d4034fbdbfaf4a3da18c0637640f07,train,/mnt/d/ruanjianxiazai/pycharm2026/datasets/dataset_2/train/images/nozzle_no_extrusion_0722.jpg,False,train
505,e0105196e0c2dfd63d9703eebda00db92e8dcaea49f8e4dafac9d2128bcd7a08,train,/mnt/d/ruanjianxiazai/pycharm2026/datasets/dataset_2/train/images/nozzle_clean_0730.jpg,False,train
505,e0105196e0c2dfd63d9703eebda00db92e8dcaea49f8e4dafac9d2128bcd7a08,train,/mnt/d/ruanjianxiazai/pycharm2026/datasets/dataset_2/train/images/nozzle_no_extrusion_0723.jpg,False,train
506,bdd086e711c2f4407cc864cdfd552f370f5d54d2605fbe9370265e51f4a93c9e,train,/mnt/d/ruanjianxiazai/pycharm2026/datasets/dataset_2/train/images/nozzle_clean_0731.jpg,False,train
506,bdd086e711c2f4407cc864cdfd552f370f5d54d2605fbe9370265e51f4a93c9e,train,/mnt/d/ruanjianxiazai/pycharm2026/datasets/dataset_2/train/images/nozzle_no_extrusion_0724.jpg,False,train
507,bfd863ff65cf4a5cbf845328d2e04d87a6b0a933213a57661c43e271053f410d,train,/mnt/d/ruanjianxiazai/pycharm2026/datasets/dataset_2/train/images/nozzle_clean_0732.jpg,True,"test,train"
507,bfd863ff65cf4a5cbf845328d2e04d87a6b0a933213a57661c43e271053f410d,test,/mnt/d/ruanjianxiazai/pycharm2026/datasets/dataset_2/test/images/nozzle_no_extrusion_0725.jpg,True,"test,train"
508,6749582f0e5689297f5cd408480a236b0d9012336634d5eada82ef8d0bb4b250,train,/mnt/d/ruanjianxiazai/pycharm2026/datasets/dataset_2/train/images/nozzle_clean_0733.jpg,False,train
508,6749582f0e5689297f5cd408480a236b0d9012336634d5eada82ef8d0bb4b250,train,/mnt/d/ruanjianxiazai/pycharm2026/datasets/dataset_2/train/images/nozzle_no_extrusion_0726.jpg,False,train
509,8a372c238ea87fbed8ef741ab3a7783e25f7e001b315f60f10db3e5483a3f01d,train,/mnt/d/ruanjianxiazai/pycharm2026/datasets/dataset_2/train/images/nozzle_clean_0735.jpg,False,train
509,8a372c238ea87fbed8ef741ab3a7783e25f7e001b315f60f10db3e5483a3f01d,train,/mnt/d/ruanjianxiazai/pycharm2026/datasets/dataset_2/train/images/nozzle_no_extrusion_0728.jpg,False,train
510,94bedec594ff3506d0321baa73e0ff6c31f556884817330def42fbbadc13d35a,train,/mnt/d/ruanjianxiazai/pycharm2026/datasets/dataset_2/train/images/nozzle_clean_0736.jpg,False,train
510,94bedec594ff3506d0321baa73e0ff6c31f556884817330def42fbbadc13d35a,train,/mnt/d/ruanjianxiazai/pycharm2026/datasets/dataset_2/train/images/nozzle_no_extrusion_0729.jpg,False,train
511,7fc15a50fafbbd7470b0564ee143bf1071c757b43926f2c17caf3aa37b6d697f,train,/mnt/d/ruanjianxiazai/pycharm2026/datasets/dataset_2/train/images/nozzle_clean_0738.jpg,False,train
511,7fc15a50fafbbd7470b0564ee143bf1071c757b43926f2c17caf3aa37b6d697f,train,/mnt/d/ruanjianxiazai/pycharm2026/datasets/dataset_2/train/images/nozzle_no_extrusion_0731.jpg,False,train
512,3938919d96e6c3cb281b5c130674c862e9731ad8de9a8e843d084da41199d2ed,train,/mnt/d/ruanjianxiazai/pycharm2026/datasets/dataset_2/train/images/nozzle_clean_0739.jpg,False,train
512,3938919d96e6c3cb281b5c130674c862e9731ad8de9a8e843d084da41199d2ed,train,/mnt/d/ruanjianxiazai/pycharm2026/datasets/dataset_2/train/images/nozzle_no_extrusion_0732.jpg,False,train
513,d6dbab01e191ba27b95a037ef065cf772955edd1fa79dd27e9a55be29f8eb4a0,train,/mnt/d/ruanjianxiazai/pycharm2026/datasets/dataset_2/train/images/nozzle_clean_0740.jpg,False,train
513,d6dbab01e191ba27b95a037ef065cf772955edd1fa79dd27e9a55be29f8eb4a0,train,/mnt/d/ruanjianxiazai/pycharm2026/datasets/dataset_2/train/images/nozzle_no_extrusion_0733.jpg,False,train
514,879d56394b526555ef3759d7b4ab08357e284aab9ac6db7d1c51db6db47f602f,train,/mnt/d/ruanjianxiazai/pycharm2026/datasets/dataset_2/train/images/nozzle_clean_0741.jpg,True,"test,train"
514,879d56394b526555ef3759d7b4ab08357e284aab9ac6db7d1c51db6db47f602f,test,/mnt/d/ruanjianxiazai/pycharm2026/datasets/dataset_2/test/images/nozzle_no_extrusion_0734.jpg,True,"test,train"
515,39c05ebb407576c9b599ee25a7742331a898abadc9b7c9f3dd4eb73feddda0b7,train,/mnt/d/ruanjianxiazai/pycharm2026/datasets/dataset_2/train/images/nozzle_clean_0742.jpg,False,train
515,39c05ebb407576c9b599ee25a7742331a898abadc9b7c9f3dd4eb73feddda0b7,train,/mnt/d/ruanjianxiazai/pycharm2026/datasets/dataset_2/train/images/nozzle_no_extrusion_0735.jpg,False,train
516,7c0eaf8681185300b0ebc413b8ba6779a9d9bfb301f3b71e5ca74fbeac299622,train,/mnt/d/ruanjianxiazai/pycharm2026/datasets/dataset_2/train/images/nozzle_clean_0745.jpg,True,"test,train"
516,7c0eaf8681185300b0ebc413b8ba6779a9d9bfb301f3b71e5ca74fbeac299622,test,/mnt/d/ruanjianxiazai/pycharm2026/datasets/dataset_2/test/images/nozzle_no_extrusion_0738.jpg,True,"test,train"
517,35ab83a981229e3efb5c1da9d473679967419898b9821740d9d9a4e3f35411f5,train,/mnt/d/ruanjianxiazai/pycharm2026/datasets/dataset_2/train/images/nozzle_clean_0746.jpg,False,train
517,35ab83a981229e3efb5c1da9d473679967419898b9821740d9d9a4e3f35411f5,train,/mnt/d/ruanjianxiazai/pycharm2026/datasets/dataset_2/train/images/nozzle_no_extrusion_0739.jpg,False,train
518,c750624bcca25f7aad81862217eb0c9d83855bb45d5eea5d042431e18672cefd,train,/mnt/d/ruanjianxiazai/pycharm2026/datasets/dataset_2/train/images/nozzle_clean_0747.jpg,False,train
518,c750624bcca25f7aad81862217eb0c9d83855bb45d5eea5d042431e18672cefd,train,/mnt/d/ruanjianxiazai/pycharm2026/datasets/dataset_2/train/images/nozzle_no_extrusion_0740.jpg,False,train
519,3f56e3bc66e1aa93166f432d393e6080d1193e1817774cf5c9eea1ac6e129fc9,train,/mnt/d/ruanjianxiazai/pycharm2026/datasets/dataset_2/train/images/nozzle_clean_0748.jpg,True,"train,val"
519,3f56e3bc66e1aa93166f432d393e6080d1193e1817774cf5c9eea1ac6e129fc9,val,/mnt/d/ruanjianxiazai/pycharm2026/datasets/dataset_2/val/images/nozzle_no_extrusion_0741.jpg,True,"train,val"
520,af03d9228d3944a288fa08210108600237978aa32b2df2f8657426b3623a4b9d,train,/mnt/d/ruanjianxiazai/pycharm2026/datasets/dataset_2/train/images/nozzle_clean_0749.jpg,False,train
520,af03d9228d3944a288fa08210108600237978aa32b2df2f8657426b3623a4b9d,train,/mnt/d/ruanjianxiazai/pycharm2026/datasets/dataset_2/train/images/nozzle_no_extrusion_0742.jpg,False,train
521,30e31a8e49bcb5d4465f29b560826c61fb112cb1484b3f42b98f764fe0cd1d3b,train,/mnt/d/ruanjianxiazai/pycharm2026/datasets/dataset_2/train/images/nozzle_clean_0750.jpg,False,train
521,30e31a8e49bcb5d4465f29b560826c61fb112cb1484b3f42b98f764fe0cd1d3b,train,/mnt/d/ruanjianxiazai/pycharm2026/datasets/dataset_2/train/images/nozzle_no_extrusion_0743.jpg,False,train
522,86e865da9bd0cb15ccddbe3edd2c25aafb16b6aa901fc1ecac703575ddf9ddaf,train,/mnt/d/ruanjianxiazai/pycharm2026/datasets/dataset_2/train/images/nozzle_clean_0751.jpg,False,train
522,86e865da9bd0cb15ccddbe3edd2c25aafb16b6aa901fc1ecac703575ddf9ddaf,train,/mnt/d/ruanjianxiazai/pycharm2026/datasets/dataset_2/train/images/nozzle_no_extrusion_0744.jpg,False,train
523,eab793b38e6825eb2e774a32b496d7b88474c8799bd86fa3eb8174cad8dd4ffb,train,/mnt/d/ruanjianxiazai/pycharm2026/datasets/dataset_2/train/images/nozzle_clean_0752.jpg,False,train
523,eab793b38e6825eb2e774a32b496d7b88474c8799bd86fa3eb8174cad8dd4ffb,train,/mnt/d/ruanjianxiazai/pycharm2026/datasets/dataset_2/train/images/nozzle_no_extrusion_0745.jpg,False,train
524,0d254964679046d0d98723cadcb51f4401e76b3208c13016dd0661a5f202c1b4,train,/mnt/d/ruanjianxiazai/pycharm2026/datasets/dataset_2/train/images/nozzle_clean_0753.jpg,False,train
524,0d254964679046d0d98723cadcb51f4401e76b3208c13016dd0661a5f202c1b4,train,/mnt/d/ruanjianxiazai/pycharm2026/datasets/dataset_2/train/images/nozzle_no_extrusion_0746.jpg,False,train
525,fc6e2ee417420851ff67568873a0dcb7bcd7965702d571495a93113b5f90bcb0,train,/mnt/d/ruanjianxiazai/pycharm2026/datasets/dataset_2/train/images/nozzle_clean_0754.jpg,False,train
525,fc6e2ee417420851ff67568873a0dcb7bcd7965702d571495a93113b5f90bcb0,train,/mnt/d/ruanjianxiazai/pycharm2026/datasets/dataset_2/train/images/nozzle_no_extrusion_0747.jpg,False,train
526,8de8ef45ba6e6b95c1634db38834ec1317e406cdbfad5aa1be84689e14b64ede,train,/mnt/d/ruanjianxiazai/pycharm2026/datasets/dataset_2/train/images/nozzle_clean_0757.jpg,False,train
526,8de8ef45ba6e6b95c1634db38834ec1317e406cdbfad5aa1be84689e14b64ede,train,/mnt/d/ruanjianxiazai/pycharm2026/datasets/dataset_2/train/images/nozzle_no_extrusion_0750.jpg,False,train
527,88c592ddc1a23a760910eafbbd706cc8230304c4f5647237e354ea05d93117ec,train,/mnt/d/ruanjianxiazai/pycharm2026/datasets/dataset_2/train/images/nozzle_clean_0760.jpg,False,train
527,88c592ddc1a23a760910eafbbd706cc8230304c4f5647237e354ea05d93117ec,train,/mnt/d/ruanjianxiazai/pycharm2026/datasets/dataset_2/train/images/nozzle_no_extrusion_0753.jpg,False,train
528,7a929e315e80f3ae7e226156f18114bc0afdeb238df731118dcb8778e7cc725a,train,/mnt/d/ruanjianxiazai/pycharm2026/datasets/dataset_2/train/images/nozzle_clean_0761.jpg,False,train
528,7a929e315e80f3ae7e226156f18114bc0afdeb238df731118dcb8778e7cc725a,train,/mnt/d/ruanjianxiazai/pycharm2026/datasets/dataset_2/train/images/nozzle_no_extrusion_0754.jpg,False,train
529,cc12f448e5764bac39001552542e6feedf7e3c627532d6bb4b1a910ef9da61cb,train,/mnt/d/ruanjianxiazai/pycharm2026/datasets/dataset_2/train/images/nozzle_clean_0762.jpg,False,train
529,cc12f448e5764bac39001552542e6feedf7e3c627532d6bb4b1a910ef9da61cb,train,/mnt/d/ruanjianxiazai/pycharm2026/datasets/dataset_2/train/images/nozzle_no_extrusion_0755.jpg,False,train
530,273866af3641b1797397c00b875ea8eaad04047d0e01957087019137d18f1bcb,train,/mnt/d/ruanjianxiazai/pycharm2026/datasets/dataset_2/train/images/nozzle_clean_0763.jpg,False,train
530,273866af3641b1797397c00b875ea8eaad04047d0e01957087019137d18f1bcb,train,/mnt/d/ruanjianxiazai/pycharm2026/datasets/dataset_2/train/images/nozzle_no_extrusion_0756.jpg,False,train
531,3e6554b3d9d3d3a54efe1e488a4f558f1740d33602590b4c1e605fab341bae68,train,/mnt/d/ruanjianxiazai/pycharm2026/datasets/dataset_2/train/images/nozzle_clean_0766.jpg,False,train
531,3e6554b3d9d3d3a54efe1e488a4f558f1740d33602590b4c1e605fab341bae68,train,/mnt/d/ruanjianxiazai/pycharm2026/datasets/dataset_2/train/images/nozzle_no_extrusion_0759.jpg,False,train
532,deca5822f62de81523aefcd8e26ce89f4fa40f1566e87a0147bb1ec3966838a1,train,/mnt/d/ruanjianxiazai/pycharm2026/datasets/dataset_2/train/images/nozzle_clean_0769.jpg,True,"train,val"
532,deca5822f62de81523aefcd8e26ce89f4fa40f1566e87a0147bb1ec3966838a1,val,/mnt/d/ruanjianxiazai/pycharm2026/datasets/dataset_2/val/images/nozzle_no_extrusion_0762.jpg,True,"train,val"
533,4cc4ca449c4f3939757460f97c320b6a346ab02fe314e803cd8814000bafc24d,train,/mnt/d/ruanjianxiazai/pycharm2026/datasets/dataset_2/train/images/nozzle_clean_0770.jpg,True,"train,val"
533,4cc4ca449c4f3939757460f97c320b6a346ab02fe314e803cd8814000bafc24d,val,/mnt/d/ruanjianxiazai/pycharm2026/datasets/dataset_2/val/images/nozzle_no_extrusion_0763.jpg,True,"train,val"
534,7fa82b20b4b55565885c45c5146abb7c78b7f032cdfd7b2ebf409d0416a05bbb,train,/mnt/d/ruanjianxiazai/pycharm2026/datasets/dataset_2/train/images/nozzle_clean_0771.jpg,False,train
534,7fa82b20b4b55565885c45c5146abb7c78b7f032cdfd7b2ebf409d0416a05bbb,train,/mnt/d/ruanjianxiazai/pycharm2026/datasets/dataset_2/train/images/nozzle_no_extrusion_0764.jpg,False,train
535,8698f19e36592422333b40e8390bbdbc27f23493bc8e8846b597c7520e38dc20,train,/mnt/d/ruanjianxiazai/pycharm2026/datasets/dataset_2/train/images/nozzle_clean_0773.jpg,True,"train,val"
535,8698f19e36592422333b40e8390bbdbc27f23493bc8e8846b597c7520e38dc20,val,/mnt/d/ruanjianxiazai/pycharm2026/datasets/dataset_2/val/images/nozzle_no_extrusion_0766.jpg,True,"train,val"
536,4fbea6c9eb6e4eeab7c20b6a115e2d1aea2b18daaca7e3bcace235ca33d31684,train,/mnt/d/ruanjianxiazai/pycharm2026/datasets/dataset_2/train/images/nozzle_clean_0774.jpg,True,"test,train"
536,4fbea6c9eb6e4eeab7c20b6a115e2d1aea2b18daaca7e3bcace235ca33d31684,test,/mnt/d/ruanjianxiazai/pycharm2026/datasets/dataset_2/test/images/nozzle_no_extrusion_0767.jpg,True,"test,train"
537,f0f4d0330806226a1f2d1033cb58aef2c7cdbe84e8580189c775a660bad93ad3,train,/mnt/d/ruanjianxiazai/pycharm2026/datasets/dataset_2/train/images/nozzle_clean_0775.jpg,False,train
537,f0f4d0330806226a1f2d1033cb58aef2c7cdbe84e8580189c775a660bad93ad3,train,/mnt/d/ruanjianxiazai/pycharm2026/datasets/dataset_2/train/images/nozzle_no_extrusion_0768.jpg,False,train
538,c34008363715b8aee2619387bb658e0bf1b8a9c9139498d930483143baf69d37,train,/mnt/d/ruanjianxiazai/pycharm2026/datasets/dataset_2/train/images/nozzle_clean_0776.jpg,False,train
538,c34008363715b8aee2619387bb658e0bf1b8a9c9139498d930483143baf69d37,train,/mnt/d/ruanjianxiazai/pycharm2026/datasets/dataset_2/train/images/nozzle_no_extrusion_0769.jpg,False,train
539,956ba671e9ab683b7f8babffb376dc9a9350d18e82ab4f5c921fadc0f8de4671,train,/mnt/d/ruanjianxiazai/pycharm2026/datasets/dataset_2/train/images/nozzle_clean_0779.jpg,False,train
539,956ba671e9ab683b7f8babffb376dc9a9350d18e82ab4f5c921fadc0f8de4671,train,/mnt/d/ruanjianxiazai/pycharm2026/datasets/dataset_2/train/images/nozzle_no_extrusion_0772.jpg,False,train
540,254246f658bd1b1bb957ff24b2aac7b6b5e172dc972659da6d5248d385f44c07,train,/mnt/d/ruanjianxiazai/pycharm2026/datasets/dataset_2/train/images/nozzle_clean_0781.jpg,False,train
540,254246f658bd1b1bb957ff24b2aac7b6b5e172dc972659da6d5248d385f44c07,train,/mnt/d/ruanjianxiazai/pycharm2026/datasets/dataset_2/train/images/nozzle_no_extrusion_0774.jpg,False,train
541,c1ce03725b81a767faa2b6da293e7a038496d659ba2fa874db53570c4479754b,train,/mnt/d/ruanjianxiazai/pycharm2026/datasets/dataset_2/train/images/nozzle_clean_0783.jpg,False,train
541,c1ce03725b81a767faa2b6da293e7a038496d659ba2fa874db53570c4479754b,train,/mnt/d/ruanjianxiazai/pycharm2026/datasets/dataset_2/train/images/nozzle_no_extrusion_0776.jpg,False,train
542,edaa31c64b4769b32656b1eedabdc1c339512bab2263c420db7f8167375982f5,train,/mnt/d/ruanjianxiazai/pycharm2026/datasets/dataset_2/train/images/nozzle_clean_0785.jpg,True,"train,val"
542,edaa31c64b4769b32656b1eedabdc1c339512bab2263c420db7f8167375982f5,val,/mnt/d/ruanjianxiazai/pycharm2026/datasets/dataset_2/val/images/nozzle_no_extrusion_0778.jpg,True,"train,val"
543,36094a86a3450c03575d14ff106d6d3fcd7fb3e84364fb5b3f911bcb7ea5a228,train,/mnt/d/ruanjianxiazai/pycharm2026/datasets/dataset_2/train/images/nozzle_clean_0786.jpg,False,train
543,36094a86a3450c03575d14ff106d6d3fcd7fb3e84364fb5b3f911bcb7ea5a228,train,/mnt/d/ruanjianxiazai/pycharm2026/datasets/dataset_2/train/images/nozzle_no_extrusion_0779.jpg,False,train
544,f1b4960a35dfcc0da43a7619f819cd8759c778009f021a3c30104f5661c829e1,train,/mnt/d/ruanjianxiazai/pycharm2026/datasets/dataset_2/train/images/nozzle_clean_0787.jpg,True,"train,val"
544,f1b4960a35dfcc0da43a7619f819cd8759c778009f021a3c30104f5661c829e1,val,/mnt/d/ruanjianxiazai/pycharm2026/datasets/dataset_2/val/images/nozzle_no_extrusion_0780.jpg,True,"train,val"
545,f3b05800b1869889b11227e0343f9f98c81a4c6dd2691774ea2548d3a9d9b731,train,/mnt/d/ruanjianxiazai/pycharm2026/datasets/dataset_2/train/images/nozzle_clean_0789.jpg,True,"test,train"
545,f3b05800b1869889b11227e0343f9f98c81a4c6dd2691774ea2548d3a9d9b731,test,/mnt/d/ruanjianxiazai/pycharm2026/datasets/dataset_2/test/images/nozzle_no_extrusion_0782.jpg,True,"test,train"
546,fe694ed71912188048cf9b472198fa1e6f05d98fb7fcdc9c36812d28cbca474f,train,/mnt/d/ruanjianxiazai/pycharm2026/datasets/dataset_2/train/images/nozzle_clean_0790.jpg,False,train
546,fe694ed71912188048cf9b472198fa1e6f05d98fb7fcdc9c36812d28cbca474f,train,/mnt/d/ruanjianxiazai/pycharm2026/datasets/dataset_2/train/images/nozzle_no_extrusion_0783.jpg,False,train
547,6aa1fa0be2e12ded916a8f0e2edb474bf9c5ddf74e8fc5f3f3b04e27eefbd727,train,/mnt/d/ruanjianxiazai/pycharm2026/datasets/dataset_2/train/images/nozzle_clean_0791.jpg,False,train
547,6aa1fa0be2e12ded916a8f0e2edb474bf9c5ddf74e8fc5f3f3b04e27eefbd727,train,/mnt/d/ruanjianxiazai/pycharm2026/datasets/dataset_2/train/images/nozzle_no_extrusion_0784.jpg,False,train
548,80a9974edadca9055ab9fe50ca5097f8cfe7ccb7746861f775be36b859a4b7f9,train,/mnt/d/ruanjianxiazai/pycharm2026/datasets/dataset_2/train/images/nozzle_clean_0793.jpg,True,"train,val"
548,80a9974edadca9055ab9fe50ca5097f8cfe7ccb7746861f775be36b859a4b7f9,val,/mnt/d/ruanjianxiazai/pycharm2026/datasets/dataset_2/val/images/nozzle_no_extrusion_0786.jpg,True,"train,val"
549,ad27014053b7c59b598fed81669de52ba7e2231f0dfe82710b11e778348b7480,train,/mnt/d/ruanjianxiazai/pycharm2026/datasets/dataset_2/train/images/nozzle_clean_0796.jpg,True,"test,train"
549,ad27014053b7c59b598fed81669de52ba7e2231f0dfe82710b11e778348b7480,test,/mnt/d/ruanjianxiazai/pycharm2026/datasets/dataset_2/test/images/nozzle_no_extrusion_0789.jpg,True,"test,train"
550,dfbe922d88d9e64a6deeafac4a61293d744bf5dbeaf0fc6a60ce3c86bebb1a0e,train,/mnt/d/ruanjianxiazai/pycharm2026/datasets/dataset_2/train/images/nozzle_clean_0797.jpg,False,train
550,dfbe922d88d9e64a6deeafac4a61293d744bf5dbeaf0fc6a60ce3c86bebb1a0e,train,/mnt/d/ruanjianxiazai/pycharm2026/datasets/dataset_2/train/images/nozzle_no_extrusion_0790.jpg,False,train
551,eaa51165895c88af9733e1e791a93e8e50fcdc3de531d9aa346198f9595da01f,train,/mnt/d/ruanjianxiazai/pycharm2026/datasets/dataset_2/train/images/nozzle_clean_0798.jpg,False,train
551,eaa51165895c88af9733e1e791a93e8e50fcdc3de531d9aa346198f9595da01f,train,/mnt/d/ruanjianxiazai/pycharm2026/datasets/dataset_2/train/images/nozzle_no_extrusion_0791.jpg,False,train
552,4440b42f629f60de295bb5e73ce3616b543c680f166ad43eb62d683610ee07d1,train,/mnt/d/ruanjianxiazai/pycharm2026/datasets/dataset_2/train/images/nozzle_clean_0799.jpg,False,train
552,4440b42f629f60de295bb5e73ce3616b543c680f166ad43eb62d683610ee07d1,train,/mnt/d/ruanjianxiazai/pycharm2026/datasets/dataset_2/train/images/nozzle_no_extrusion_0792.jpg,False,train
553,456f3a4dd325ae6c0f93089d6566691a1092817c5c95434a0b5cc53481bcbd7e,train,/mnt/d/ruanjianxiazai/pycharm2026/datasets/dataset_2/train/images/nozzle_clean_0800.jpg,False,train
553,456f3a4dd325ae6c0f93089d6566691a1092817c5c95434a0b5cc53481bcbd7e,train,/mnt/d/ruanjianxiazai/pycharm2026/datasets/dataset_2/train/images/nozzle_no_extrusion_0793.jpg,False,train
554,e6ef1f2d1fe3e2517cd563dd92cb487d42d4c443439320fc5a87bd4f2bf62dc2,train,/mnt/d/ruanjianxiazai/pycharm2026/datasets/dataset_2/train/images/nozzle_clean_0801.jpg,False,train
554,e6ef1f2d1fe3e2517cd563dd92cb487d42d4c443439320fc5a87bd4f2bf62dc2,train,/mnt/d/ruanjianxiazai/pycharm2026/datasets/dataset_2/train/images/nozzle_no_extrusion_0794.jpg,False,train
555,660823ac385d73e95f2643eccf37ae741f39b4ed8fd7faa69bdb55db64646c34,train,/mnt/d/ruanjianxiazai/pycharm2026/datasets/dataset_2/train/images/nozzle_clean_0803.jpg,False,train
555,660823ac385d73e95f2643eccf37ae741f39b4ed8fd7faa69bdb55db64646c34,train,/mnt/d/ruanjianxiazai/pycharm2026/datasets/dataset_2/train/images/nozzle_no_extrusion_0796.jpg,False,train
556,b7ecef22bea3ff5f8621727d17963787c127830af7343a9f26880c9785e490cc,train,/mnt/d/ruanjianxiazai/pycharm2026/datasets/dataset_2/train/images/nozzle_clean_0804.jpg,False,train
556,b7ecef22bea3ff5f8621727d17963787c127830af7343a9f26880c9785e490cc,train,/mnt/d/ruanjianxiazai/pycharm2026/datasets/dataset_2/train/images/nozzle_no_extrusion_0797.jpg,False,train
557,e55b1cd788818671b670f6b6dc825b51aace2dfff5a662ad6d74ca33657a1863,train,/mnt/d/ruanjianxiazai/pycharm2026/datasets/dataset_2/train/images/nozzle_clean_0805.jpg,False,train
557,e55b1cd788818671b670f6b6dc825b51aace2dfff5a662ad6d74ca33657a1863,train,/mnt/d/ruanjianxiazai/pycharm2026/datasets/dataset_2/train/images/nozzle_no_extrusion_0798.jpg,False,train
558,1a8be6b1ec4bcc139fa2e6c8ec96bc77fc6502a90b666a4107079f36d9c86554,train,/mnt/d/ruanjianxiazai/pycharm2026/datasets/dataset_2/train/images/nozzle_clean_0807.jpg,False,train
558,1a8be6b1ec4bcc139fa2e6c8ec96bc77fc6502a90b666a4107079f36d9c86554,train,/mnt/d/ruanjianxiazai/pycharm2026/datasets/dataset_2/train/images/nozzle_no_extrusion_0800.jpg,False,train
559,41f79e9251af429ce22ecbeace7514f3dd595b1feedcd37e4abc787f7e6a04fa,train,/mnt/d/ruanjianxiazai/pycharm2026/datasets/dataset_2/train/images/nozzle_clean_0808.jpg,True,"train,val"
559,41f79e9251af429ce22ecbeace7514f3dd595b1feedcd37e4abc787f7e6a04fa,val,/mnt/d/ruanjianxiazai/pycharm2026/datasets/dataset_2/val/images/nozzle_no_extrusion_0801.jpg,True,"train,val"
560,f7edeb255bbf9ef2cf3fb521ee223d14625745ab95679035b82429b9eebc169d,train,/mnt/d/ruanjianxiazai/pycharm2026/datasets/dataset_2/train/images/nozzle_clean_0809.jpg,False,train
560,f7edeb255bbf9ef2cf3fb521ee223d14625745ab95679035b82429b9eebc169d,train,/mnt/d/ruanjianxiazai/pycharm2026/datasets/dataset_2/train/images/nozzle_no_extrusion_0802.jpg,False,train
561,a5e4b812ba66706eff2d2de7587ee4e69188b8ab1c53a8d42e97c4b3d879d700,train,/mnt/d/ruanjianxiazai/pycharm2026/datasets/dataset_2/train/images/nozzle_clean_0811.jpg,True,"test,train"
561,a5e4b812ba66706eff2d2de7587ee4e69188b8ab1c53a8d42e97c4b3d879d700,test,/mnt/d/ruanjianxiazai/pycharm2026/datasets/dataset_2/test/images/nozzle_no_extrusion_0804.jpg,True,"test,train"
562,62db3947ca5f010ab86fd814f4e6831dbbf8e629f05e08f631eaac7a53ac9fe0,train,/mnt/d/ruanjianxiazai/pycharm2026/datasets/dataset_2/train/images/nozzle_clean_0812.jpg,False,train
562,62db3947ca5f010ab86fd814f4e6831dbbf8e629f05e08f631eaac7a53ac9fe0,train,/mnt/d/ruanjianxiazai/pycharm2026/datasets/dataset_2/train/images/nozzle_no_extrusion_0805.jpg,False,train
563,367ac48eca00616290085f73c99b25ed136f8ca6d1234c8b851dd1a01408aacd,train,/mnt/d/ruanjianxiazai/pycharm2026/datasets/dataset_2/train/images/nozzle_clean_0813.jpg,False,train
563,367ac48eca00616290085f73c99b25ed136f8ca6d1234c8b851dd1a01408aacd,train,/mnt/d/ruanjianxiazai/pycharm2026/datasets/dataset_2/train/images/nozzle_no_extrusion_0806.jpg,False,train
564,348ab32eb5858329a8bdcf026eeba34161c2a7fce87cb257a092f6f29fe763d2,train,/mnt/d/ruanjianxiazai/pycharm2026/datasets/dataset_2/train/images/nozzle_clean_0814.jpg,True,"test,train"
564,348ab32eb5858329a8bdcf026eeba34161c2a7fce87cb257a092f6f29fe763d2,test,/mnt/d/ruanjianxiazai/pycharm2026/datasets/dataset_2/test/images/nozzle_no_extrusion_0807.jpg,True,"test,train"
565,8b9c55ea142a20b5d901eb937413c7a4d32976060f57d30b6a28c6640c48f2d9,train,/mnt/d/ruanjianxiazai/pycharm2026/datasets/dataset_2/train/images/nozzle_clean_0816.jpg,False,train
565,8b9c55ea142a20b5d901eb937413c7a4d32976060f57d30b6a28c6640c48f2d9,train,/mnt/d/ruanjianxiazai/pycharm2026/datasets/dataset_2/train/images/nozzle_no_extrusion_0809.jpg,False,train
566,b16a44dcffcd97760ca3bd8cccca04acf9ddc2e7f734fc7813cd5196296ddcb8,train,/mnt/d/ruanjianxiazai/pycharm2026/datasets/dataset_2/train/images/nozzle_clean_0817.jpg,False,train
566,b16a44dcffcd97760ca3bd8cccca04acf9ddc2e7f734fc7813cd5196296ddcb8,train,/mnt/d/ruanjianxiazai/pycharm2026/datasets/dataset_2/train/images/nozzle_no_extrusion_0810.jpg,False,train
567,3e0440c8b97e1ecfcd62b0a841e3b001bc61d056f8475edbad7531b7b6f96fc7,train,/mnt/d/ruanjianxiazai/pycharm2026/datasets/dataset_2/train/images/nozzle_clean_0818.jpg,True,"test,train"
567,3e0440c8b97e1ecfcd62b0a841e3b001bc61d056f8475edbad7531b7b6f96fc7,test,/mnt/d/ruanjianxiazai/pycharm2026/datasets/dataset_2/test/images/nozzle_no_extrusion_0811.jpg,True,"test,train"
568,6b5f6eeb890921ae0db671b991c3f3265dab81b184cfa8554731bd44aa1613dd,train,/mnt/d/ruanjianxiazai/pycharm2026/datasets/dataset_2/train/images/nozzle_clean_0820.jpg,True,"test,train"
568,6b5f6eeb890921ae0db671b991c3f3265dab81b184cfa8554731bd44aa1613dd,test,/mnt/d/ruanjianxiazai/pycharm2026/datasets/dataset_2/test/images/nozzle_no_extrusion_0813.jpg,True,"test,train"
569,8391f464f4332ce80bbcec9ab8e08222464d66da65ab8621b56f5cf3b89046ed,train,/mnt/d/ruanjianxiazai/pycharm2026/datasets/dataset_2/train/images/nozzle_clean_0821.jpg,True,"test,train"
569,8391f464f4332ce80bbcec9ab8e08222464d66da65ab8621b56f5cf3b89046ed,test,/mnt/d/ruanjianxiazai/pycharm2026/datasets/dataset_2/test/images/nozzle_no_extrusion_0814.jpg,True,"test,train"
570,4cc4a43bc6f2c61718463900fabd57148b8568233ec66568ddcce427d953984f,train,/mnt/d/ruanjianxiazai/pycharm2026/datasets/dataset_2/train/images/nozzle_clean_0823.jpg,False,train
570,4cc4a43bc6f2c61718463900fabd57148b8568233ec66568ddcce427d953984f,train,/mnt/d/ruanjianxiazai/pycharm2026/datasets/dataset_2/train/images/nozzle_no_extrusion_0816.jpg,False,train
571,ef3b947f17d588181600d55b10d13d03f260b5283ecb56213c6f64d72c3e89e2,train,/mnt/d/ruanjianxiazai/pycharm2026/datasets/dataset_2/train/images/nozzle_clean_0824.jpg,False,train
571,ef3b947f17d588181600d55b10d13d03f260b5283ecb56213c6f64d72c3e89e2,train,/mnt/d/ruanjianxiazai/pycharm2026/datasets/dataset_2/train/images/nozzle_no_extrusion_0817.jpg,False,train
572,f336120d74b6360fc4c54d925677d6c65a2b8b5b7aff6e60a6eccf6b9ba01cee,train,/mnt/d/ruanjianxiazai/pycharm2026/datasets/dataset_2/train/images/nozzle_clean_0825.jpg,False,train
572,f336120d74b6360fc4c54d925677d6c65a2b8b5b7aff6e60a6eccf6b9ba01cee,train,/mnt/d/ruanjianxiazai/pycharm2026/datasets/dataset_2/train/images/nozzle_no_extrusion_0818.jpg,False,train
573,40c393af147b39cb4c018c7734566bc162b00bb3aed14043693da97222266866,train,/mnt/d/ruanjianxiazai/pycharm2026/datasets/dataset_2/train/images/nozzle_clean_0826.jpg,False,train
573,40c393af147b39cb4c018c7734566bc162b00bb3aed14043693da97222266866,train,/mnt/d/ruanjianxiazai/pycharm2026/datasets/dataset_2/train/images/nozzle_no_extrusion_0819.jpg,False,train
574,d34073f19e9ab3677bbe5a274cdd573bdf736bd87c95558e5e0307d6feb30df6,train,/mnt/d/ruanjianxiazai/pycharm2026/datasets/dataset_2/train/images/nozzle_clean_0828.jpg,False,train
574,d34073f19e9ab3677bbe5a274cdd573bdf736bd87c95558e5e0307d6feb30df6,train,/mnt/d/ruanjianxiazai/pycharm2026/datasets/dataset_2/train/images/nozzle_no_extrusion_0821.jpg,False,train
575,7c87ba69e5bd274eb0ff137c4d5756b7040e70149192eeb0c2161ebb91e3059c,train,/mnt/d/ruanjianxiazai/pycharm2026/datasets/dataset_2/train/images/nozzle_clean_0829.jpg,False,train
575,7c87ba69e5bd274eb0ff137c4d5756b7040e70149192eeb0c2161ebb91e3059c,train,/mnt/d/ruanjianxiazai/pycharm2026/datasets/dataset_2/train/images/nozzle_no_extrusion_0822.jpg,False,train
576,719be9da2e2f1d016971a1e09618f5b2b7edf7113389b9ab15b081a74cf48ce4,train,/mnt/d/ruanjianxiazai/pycharm2026/datasets/dataset_2/train/images/nozzle_clean_0830.jpg,False,train
576,719be9da2e2f1d016971a1e09618f5b2b7edf7113389b9ab15b081a74cf48ce4,train,/mnt/d/ruanjianxiazai/pycharm2026/datasets/dataset_2/train/images/nozzle_no_extrusion_0823.jpg,False,train
577,25086fdf7090ad87c332cb612b0080aa4d85198f8b5ce59f0150ae3e55bd49ef,train,/mnt/d/ruanjianxiazai/pycharm2026/datasets/dataset_2/train/images/nozzle_clean_0831.jpg,True,"train,val"
577,25086fdf7090ad87c332cb612b0080aa4d85198f8b5ce59f0150ae3e55bd49ef,val,/mnt/d/ruanjianxiazai/pycharm2026/datasets/dataset_2/val/images/nozzle_no_extrusion_0824.jpg,True,"train,val"
578,4d29cf0b61259455fe1e0736f4878c3dffe705a6e70c7b60a004c3e353aa4c82,train,/mnt/d/ruanjianxiazai/pycharm2026/datasets/dataset_2/train/images/nozzle_clean_0832.jpg,True,"test,train"
578,4d29cf0b61259455fe1e0736f4878c3dffe705a6e70c7b60a004c3e353aa4c82,test,/mnt/d/ruanjianxiazai/pycharm2026/datasets/dataset_2/test/images/nozzle_no_extrusion_0825.jpg,True,"test,train"
579,c9d9dd649ff31666194f84202e60cfee43e408fa6fc48dc3467860eabef18100,train,/mnt/d/ruanjianxiazai/pycharm2026/datasets/dataset_2/train/images/nozzle_clean_0835.jpg,False,train
579,c9d9dd649ff31666194f84202e60cfee43e408fa6fc48dc3467860eabef18100,train,/mnt/d/ruanjianxiazai/pycharm2026/datasets/dataset_2/train/images/nozzle_no_extrusion_0828.jpg,False,train
580,fafb4c736ee12dadb02a35b8c8f474dd0e8d7b8c3ad9fa991c7bb221325d43ec,train,/mnt/d/ruanjianxiazai/pycharm2026/datasets/dataset_2/train/images/nozzle_clean_0836.jpg,False,train
580,fafb4c736ee12dadb02a35b8c8f474dd0e8d7b8c3ad9fa991c7bb221325d43ec,train,/mnt/d/ruanjianxiazai/pycharm2026/datasets/dataset_2/train/images/nozzle_no_extrusion_0829.jpg,False,train
581,37022ae031f0637f42be12f6303f767f34dc92d39847ff108d5dc5613263945b,train,/mnt/d/ruanjianxiazai/pycharm2026/datasets/dataset_2/train/images/nozzle_clean_0838.jpg,False,train
581,37022ae031f0637f42be12f6303f767f34dc92d39847ff108d5dc5613263945b,train,/mnt/d/ruanjianxiazai/pycharm2026/datasets/dataset_2/train/images/nozzle_no_extrusion_0831.jpg,False,train
582,7b071cf6479c31ecba122139013a8adab89926147cd593c30d578180d9740fe0,train,/mnt/d/ruanjianxiazai/pycharm2026/datasets/dataset_2/train/images/nozzle_clean_0841.jpg,True,"train,val"
582,7b071cf6479c31ecba122139013a8adab89926147cd593c30d578180d9740fe0,val,/mnt/d/ruanjianxiazai/pycharm2026/datasets/dataset_2/val/images/nozzle_no_extrusion_0834.jpg,True,"train,val"
583,764710ec67261ea6c955b28d1b9fc1fdffc79eb9a2a1cfb8c3fd11586157aeda,train,/mnt/d/ruanjianxiazai/pycharm2026/datasets/dataset_2/train/images/nozzle_clean_0843.jpg,True,"test,train"
583,764710ec67261ea6c955b28d1b9fc1fdffc79eb9a2a1cfb8c3fd11586157aeda,test,/mnt/d/ruanjianxiazai/pycharm2026/datasets/dataset_2/test/images/nozzle_no_extrusion_0836.jpg,True,"test,train"
584,100980f5c8a910f6da93fdb6398545987a764d5604efe7fbeac862f5905e4e7f,train,/mnt/d/ruanjianxiazai/pycharm2026/datasets/dataset_2/train/images/nozzle_clean_0844.jpg,False,train
584,100980f5c8a910f6da93fdb6398545987a764d5604efe7fbeac862f5905e4e7f,train,/mnt/d/ruanjianxiazai/pycharm2026/datasets/dataset_2/train/images/nozzle_no_extrusion_0837.jpg,False,train
585,59f39bfb5ed50e4d3b7fcb0b3f94631cb53ddfe473cfcc47e2f5483b7e300ab0,train,/mnt/d/ruanjianxiazai/pycharm2026/datasets/dataset_2/train/images/nozzle_clean_0845.jpg,True,"test,train"
585,59f39bfb5ed50e4d3b7fcb0b3f94631cb53ddfe473cfcc47e2f5483b7e300ab0,test,/mnt/d/ruanjianxiazai/pycharm2026/datasets/dataset_2/test/images/nozzle_no_extrusion_0838.jpg,True,"test,train"
586,c77b7f66a2a354247c07a79bb0619bdfe6b1b62319c8447ad8865f5a806bf605,train,/mnt/d/ruanjianxiazai/pycharm2026/datasets/dataset_2/train/images/nozzle_clean_0846.jpg,False,train
586,c77b7f66a2a354247c07a79bb0619bdfe6b1b62319c8447ad8865f5a806bf605,train,/mnt/d/ruanjianxiazai/pycharm2026/datasets/dataset_2/train/images/nozzle_no_extrusion_0839.jpg,False,train
587,b8411590d960e09b4bd4474a1eb9c24fd6e37478a664cd4c52856e9a68e12522,train,/mnt/d/ruanjianxiazai/pycharm2026/datasets/dataset_2/train/images/nozzle_clean_0847.jpg,False,train
587,b8411590d960e09b4bd4474a1eb9c24fd6e37478a664cd4c52856e9a68e12522,train,/mnt/d/ruanjianxiazai/pycharm2026/datasets/dataset_2/train/images/nozzle_no_extrusion_0840.jpg,False,train
588,c2d23e1f541c2a47ae4e60574363114b005d23947b9ea4a93265e5e868beff5b,train,/mnt/d/ruanjianxiazai/pycharm2026/datasets/dataset_2/train/images/nozzle_clean_0849.jpg,False,train
588,c2d23e1f541c2a47ae4e60574363114b005d23947b9ea4a93265e5e868beff5b,train,/mnt/d/ruanjianxiazai/pycharm2026/datasets/dataset_2/train/images/nozzle_no_extrusion_0842.jpg,False,train
589,6a5e5a2ec9ff882a6320a3090602e2755a8bf32e3d5b7e78c507b2389afb0182,train,/mnt/d/ruanjianxiazai/pycharm2026/datasets/dataset_2/train/images/nozzle_clean_0850.jpg,True,"train,val"
589,6a5e5a2ec9ff882a6320a3090602e2755a8bf32e3d5b7e78c507b2389afb0182,val,/mnt/d/ruanjianxiazai/pycharm2026/datasets/dataset_2/val/images/nozzle_no_extrusion_0843.jpg,True,"train,val"
590,c4414dca444237097fb439616130baae584819d34e52f0a552349d8b283c5be5,train,/mnt/d/ruanjianxiazai/pycharm2026/datasets/dataset_2/train/images/nozzle_clean_0852.jpg,False,train
590,c4414dca444237097fb439616130baae584819d34e52f0a552349d8b283c5be5,train,/mnt/d/ruanjianxiazai/pycharm2026/datasets/dataset_2/train/images/nozzle_no_extrusion_0845.jpg,False,train
591,c81f81cb1b68680665383707a7b4c59231e8981ae7c7e795c1080b4a87947c1a,train,/mnt/d/ruanjianxiazai/pycharm2026/datasets/dataset_2/train/images/nozzle_clean_0853.jpg,False,train
591,c81f81cb1b68680665383707a7b4c59231e8981ae7c7e795c1080b4a87947c1a,train,/mnt/d/ruanjianxiazai/pycharm2026/datasets/dataset_2/train/images/nozzle_no_extrusion_0846.jpg,False,train
592,ee4bb8f56f614962f192a0b39ec17cc955e7e1ffc360405d6ee98cb5bd17991a,train,/mnt/d/ruanjianxiazai/pycharm2026/datasets/dataset_2/train/images/nozzle_clean_0854.jpg,True,"test,train"
592,ee4bb8f56f614962f192a0b39ec17cc955e7e1ffc360405d6ee98cb5bd17991a,test,/mnt/d/ruanjianxiazai/pycharm2026/datasets/dataset_2/test/images/nozzle_no_extrusion_0847.jpg,True,"test,train"
593,1c93125988fc4a860fb0248f4e1a1411a1b9c6a88cbbce762324e9b023193d38,train,/mnt/d/ruanjianxiazai/pycharm2026/datasets/dataset_2/train/images/nozzle_clean_0855.jpg,False,train
593,1c93125988fc4a860fb0248f4e1a1411a1b9c6a88cbbce762324e9b023193d38,train,/mnt/d/ruanjianxiazai/pycharm2026/datasets/dataset_2/train/images/nozzle_no_extrusion_0848.jpg,False,train
594,071e1e6eb569d3feaf00b188621838b92d9c20645722749e4d48265f20b534d3,train,/mnt/d/ruanjianxiazai/pycharm2026/datasets/dataset_2/train/images/nozzle_clean_0856.jpg,False,train
594,071e1e6eb569d3feaf00b188621838b92d9c20645722749e4d48265f20b534d3,train,/mnt/d/ruanjianxiazai/pycharm2026/datasets/dataset_2/train/images/nozzle_no_extrusion_0849.jpg,False,train
595,d09ea2e07c3ba65d3218dd88652c644fc18dc9e2c8b81ee58818a10001ece48f,train,/mnt/d/ruanjianxiazai/pycharm2026/datasets/dataset_2/train/images/nozzle_clean_0857.jpg,True,"test,train"
595,d09ea2e07c3ba65d3218dd88652c644fc18dc9e2c8b81ee58818a10001ece48f,test,/mnt/d/ruanjianxiazai/pycharm2026/datasets/dataset_2/test/images/nozzle_no_extrusion_0850.jpg,True,"test,train"
596,bf0e0bdb66ac41dfcc127798fadc4edd03d7f1651b6a49ff0aa1c62792d334cd,train,/mnt/d/ruanjianxiazai/pycharm2026/datasets/dataset_2/train/images/nozzle_clean_0858.jpg,False,train
596,bf0e0bdb66ac41dfcc127798fadc4edd03d7f1651b6a49ff0aa1c62792d334cd,train,/mnt/d/ruanjianxiazai/pycharm2026/datasets/dataset_2/train/images/nozzle_no_extrusion_0851.jpg,False,train
597,a12bf60219cd9dacbbdca3a1ba84cd74ac0adec1e92adee8a785f31418a233f0,train,/mnt/d/ruanjianxiazai/pycharm2026/datasets/dataset_2/train/images/nozzle_clean_0859.jpg,True,"test,train"
597,a12bf60219cd9dacbbdca3a1ba84cd74ac0adec1e92adee8a785f31418a233f0,test,/mnt/d/ruanjianxiazai/pycharm2026/datasets/dataset_2/test/images/nozzle_no_extrusion_0852.jpg,True,"test,train"
598,defeb2fee83178cea03db3b9a821d877d4b4886340ccad57f9ab2641b73f7d03,train,/mnt/d/ruanjianxiazai/pycharm2026/datasets/dataset_2/train/images/nozzle_clean_0860.jpg,False,train
598,defeb2fee83178cea03db3b9a821d877d4b4886340ccad57f9ab2641b73f7d03,train,/mnt/d/ruanjianxiazai/pycharm2026/datasets/dataset_2/train/images/nozzle_no_extrusion_0853.jpg,False,train
599,9a15a50bcd36eb17eb8fd90fcfe286a09799e729e6659b5fbd286eace692cdfa,train,/mnt/d/ruanjianxiazai/pycharm2026/datasets/dataset_2/train/images/nozzle_clean_0861.jpg,False,train
599,9a15a50bcd36eb17eb8fd90fcfe286a09799e729e6659b5fbd286eace692cdfa,train,/mnt/d/ruanjianxiazai/pycharm2026/datasets/dataset_2/train/images/nozzle_no_extrusion_0854.jpg,False,train
600,c4d8ec5e8c636b60f53782d0ba2a8ec18b4441dd786ab387a1863f159a85aa36,train,/mnt/d/ruanjianxiazai/pycharm2026/datasets/dataset_2/train/images/nozzle_clean_0862.jpg,False,train
600,c4d8ec5e8c636b60f53782d0ba2a8ec18b4441dd786ab387a1863f159a85aa36,train,/mnt/d/ruanjianxiazai/pycharm2026/datasets/dataset_2/train/images/nozzle_no_extrusion_0855.jpg,False,train
601,60c332a4eb6c26e74a8d7c039d544d3eab9d3fc11dcdd87d60e135144a4cad2d,train,/mnt/d/ruanjianxiazai/pycharm2026/datasets/dataset_2/train/images/nozzle_clean_0863.jpg,False,train
601,60c332a4eb6c26e74a8d7c039d544d3eab9d3fc11dcdd87d60e135144a4cad2d,train,/mnt/d/ruanjianxiazai/pycharm2026/datasets/dataset_2/train/images/nozzle_no_extrusion_0856.jpg,False,train
602,1827b1335716eb5401f85222371053fc0d0cfcf7023c3d627b2bae33f4bbf01b,train,/mnt/d/ruanjianxiazai/pycharm2026/datasets/dataset_2/train/images/nozzle_clean_0865.jpg,False,train
602,1827b1335716eb5401f85222371053fc0d0cfcf7023c3d627b2bae33f4bbf01b,train,/mnt/d/ruanjianxiazai/pycharm2026/datasets/dataset_2/train/images/nozzle_no_extrusion_0858.jpg,False,train
603,801f94725c2a115d7e700c93c45d01e4df1d683916f058f8a294fd9eaa422775,train,/mnt/d/ruanjianxiazai/pycharm2026/datasets/dataset_2/train/images/nozzle_clean_0866.jpg,False,train
603,801f94725c2a115d7e700c93c45d01e4df1d683916f058f8a294fd9eaa422775,train,/mnt/d/ruanjianxiazai/pycharm2026/datasets/dataset_2/train/images/nozzle_no_extrusion_0859.jpg,False,train
604,ace6058209f1a2e37cc377b37b393bde3c12d7ccffcdc02a816af8bb634a4554,train,/mnt/d/ruanjianxiazai/pycharm2026/datasets/dataset_2/train/images/nozzle_clean_0867.jpg,False,train
604,ace6058209f1a2e37cc377b37b393bde3c12d7ccffcdc02a816af8bb634a4554,train,/mnt/d/ruanjianxiazai/pycharm2026/datasets/dataset_2/train/images/nozzle_no_extrusion_0860.jpg,False,train
605,90c1e7bdd184e6b149b534404b3a798be2424eb8e6a868e9a2ad511acd7077bf,train,/mnt/d/ruanjianxiazai/pycharm2026/datasets/dataset_2/train/images/nozzle_clean_0869.jpg,True,"train,val"
605,90c1e7bdd184e6b149b534404b3a798be2424eb8e6a868e9a2ad511acd7077bf,val,/mnt/d/ruanjianxiazai/pycharm2026/datasets/dataset_2/val/images/nozzle_no_extrusion_0862.jpg,True,"train,val"
606,547a1b3a3fc59f656bb24e3e80715304476b66cb0dfd4307ed5d4c487d396f42,train,/mnt/d/ruanjianxiazai/pycharm2026/datasets/dataset_2/train/images/nozzle_clean_0870.jpg,True,"train,val"
606,547a1b3a3fc59f656bb24e3e80715304476b66cb0dfd4307ed5d4c487d396f42,val,/mnt/d/ruanjianxiazai/pycharm2026/datasets/dataset_2/val/images/nozzle_no_extrusion_0863.jpg,True,"train,val"
607,bd61f9b02c2ce29ee4adc64460595f4360ff1cbd4a4df0d59060a0a68d1628b1,train,/mnt/d/ruanjianxiazai/pycharm2026/datasets/dataset_2/train/images/nozzle_clean_0872.jpg,False,train
607,bd61f9b02c2ce29ee4adc64460595f4360ff1cbd4a4df0d59060a0a68d1628b1,train,/mnt/d/ruanjianxiazai/pycharm2026/datasets/dataset_2/train/images/nozzle_no_extrusion_0865.jpg,False,train
608,b1ac734b670c9b5b4385bf08393f2e0fa8198a16025041adc5de574efe4f576f,train,/mnt/d/ruanjianxiazai/pycharm2026/datasets/dataset_2/train/images/nozzle_clean_0874.jpg,False,train
608,b1ac734b670c9b5b4385bf08393f2e0fa8198a16025041adc5de574efe4f576f,train,/mnt/d/ruanjianxiazai/pycharm2026/datasets/dataset_2/train/images/nozzle_no_extrusion_0867.jpg,False,train
609,a10d52580d84c392902b68ecd87c6969f8bf876da2a6542df07d9ee9b1215eeb,train,/mnt/d/ruanjianxiazai/pycharm2026/datasets/dataset_2/train/images/nozzle_clean_0875.jpg,False,train
609,a10d52580d84c392902b68ecd87c6969f8bf876da2a6542df07d9ee9b1215eeb,train,/mnt/d/ruanjianxiazai/pycharm2026/datasets/dataset_2/train/images/nozzle_no_extrusion_0868.jpg,False,train
610,8547a2751250fdfb521532376ee8afa67b56eb05b650debb07c7ef2f9363abee,train,/mnt/d/ruanjianxiazai/pycharm2026/datasets/dataset_2/train/images/nozzle_clean_0877.jpg,False,train
610,8547a2751250fdfb521532376ee8afa67b56eb05b650debb07c7ef2f9363abee,train,/mnt/d/ruanjianxiazai/pycharm2026/datasets/dataset_2/train/images/nozzle_no_extrusion_0870.jpg,False,train
611,fa922223a4a4a22c500f5a1d1a4ed86d587b026a7b1f788bceb765827a904720,train,/mnt/d/ruanjianxiazai/pycharm2026/datasets/dataset_2/train/images/nozzle_clean_0878.jpg,False,train
611,fa922223a4a4a22c500f5a1d1a4ed86d587b026a7b1f788bceb765827a904720,train,/mnt/d/ruanjianxiazai/pycharm2026/datasets/dataset_2/train/images/nozzle_no_extrusion_0871.jpg,False,train
612,87a011e5c602da270a28238bd18fbc00ef4b08ab54b900f71bec9263b6092d76,train,/mnt/d/ruanjianxiazai/pycharm2026/datasets/dataset_2/train/images/nozzle_clean_0879.jpg,True,"train,val"
612,87a011e5c602da270a28238bd18fbc00ef4b08ab54b900f71bec9263b6092d76,val,/mnt/d/ruanjianxiazai/pycharm2026/datasets/dataset_2/val/images/nozzle_no_extrusion_0872.jpg,True,"train,val"
613,fe11993a689dde561888ebed862310a4d069129b58f32f54aaed5f94ed3cef39,train,/mnt/d/ruanjianxiazai/pycharm2026/datasets/dataset_2/train/images/nozzle_clean_0880.jpg,False,train
613,fe11993a689dde561888ebed862310a4d069129b58f32f54aaed5f94ed3cef39,train,/mnt/d/ruanjianxiazai/pycharm2026/datasets/dataset_2/train/images/nozzle_no_extrusion_0873.jpg,False,train
614,840dcde196109f1198448a77f5b75f1d4b76a2124326f823788486d26794f4e8,train,/mnt/d/ruanjianxiazai/pycharm2026/datasets/dataset_2/train/images/nozzle_clean_0881.jpg,True,"test,train"
614,840dcde196109f1198448a77f5b75f1d4b76a2124326f823788486d26794f4e8,test,/mnt/d/ruanjianxiazai/pycharm2026/datasets/dataset_2/test/images/nozzle_no_extrusion_0874.jpg,True,"test,train"
615,8e337dfece38e82df8fb877be63b8adfd2565396b8e5ba2ad6362f492838afed,train,/mnt/d/ruanjianxiazai/pycharm2026/datasets/dataset_2/train/images/nozzle_clean_0882.jpg,True,"train,val"
615,8e337dfece38e82df8fb877be63b8adfd2565396b8e5ba2ad6362f492838afed,val,/mnt/d/ruanjianxiazai/pycharm2026/datasets/dataset_2/val/images/nozzle_no_extrusion_0875.jpg,True,"train,val"
616,9e8af9c8df90dca03185a0b5e3aa941604bfc5dbc5cc9fe6ab0bd5f65a3f12de,train,/mnt/d/ruanjianxiazai/pycharm2026/datasets/dataset_2/train/images/nozzle_clean_0883.jpg,False,train
616,9e8af9c8df90dca03185a0b5e3aa941604bfc5dbc5cc9fe6ab0bd5f65a3f12de,train,/mnt/d/ruanjianxiazai/pycharm2026/datasets/dataset_2/train/images/nozzle_no_extrusion_0876.jpg,False,train
617,754552a58a3e56134ff8e00b53777b0c8eb33c5b1005c7d84a02237c5e2b6163,train,/mnt/d/ruanjianxiazai/pycharm2026/datasets/dataset_2/train/images/nozzle_clean_0887.jpg,False,train
617,754552a58a3e56134ff8e00b53777b0c8eb33c5b1005c7d84a02237c5e2b6163,train,/mnt/d/ruanjianxiazai/pycharm2026/datasets/dataset_2/train/images/nozzle_no_extrusion_0880.jpg,False,train
618,31de2eb6274cdc7afbf9de4f99221072ae00d5441dbb3147f542f57c62558db4,train,/mnt/d/ruanjianxiazai/pycharm2026/datasets/dataset_2/train/images/nozzle_clean_0890.jpg,False,train
618,31de2eb6274cdc7afbf9de4f99221072ae00d5441dbb3147f542f57c62558db4,train,/mnt/d/ruanjianxiazai/pycharm2026/datasets/dataset_2/train/images/nozzle_no_extrusion_0883.jpg,False,train
619,b4312b0cd62a023812013be961dcee8d6b5677529845e8998ea8f67414d0dff9,train,/mnt/d/ruanjianxiazai/pycharm2026/datasets/dataset_2/train/images/nozzle_clean_0891.jpg,False,train
619,b4312b0cd62a023812013be961dcee8d6b5677529845e8998ea8f67414d0dff9,train,/mnt/d/ruanjianxiazai/pycharm2026/datasets/dataset_2/train/images/nozzle_no_extrusion_0884.jpg,False,train
620,8fc2d293201c4e56bcd531359d9628dbbe2250e1d7cc5948eb1c557b698a56dc,train,/mnt/d/ruanjianxiazai/pycharm2026/datasets/dataset_2/train/images/nozzle_clean_0892.jpg,True,"test,train"
620,8fc2d293201c4e56bcd531359d9628dbbe2250e1d7cc5948eb1c557b698a56dc,test,/mnt/d/ruanjianxiazai/pycharm2026/datasets/dataset_2/test/images/nozzle_no_extrusion_0885.jpg,True,"test,train"
621,31145d76f74266d248e4260a973f0ff20495d2dee7aacdcb1c3145e477479e85,train,/mnt/d/ruanjianxiazai/pycharm2026/datasets/dataset_2/train/images/nozzle_clean_0893.jpg,False,train
621,31145d76f74266d248e4260a973f0ff20495d2dee7aacdcb1c3145e477479e85,train,/mnt/d/ruanjianxiazai/pycharm2026/datasets/dataset_2/train/images/nozzle_no_extrusion_0886.jpg,False,train
622,3a63f68403725fc63130f240fff487d6fcf6d2f4ed332d810ddcd3e8e0db6c4b,train,/mnt/d/ruanjianxiazai/pycharm2026/datasets/dataset_2/train/images/nozzle_clean_0894.jpg,False,train
622,3a63f68403725fc63130f240fff487d6fcf6d2f4ed332d810ddcd3e8e0db6c4b,train,/mnt/d/ruanjianxiazai/pycharm2026/datasets/dataset_2/train/images/nozzle_no_extrusion_0887.jpg,False,train
623,77caaf1089679c1f02daeda5a3540847d4f59f17e09c4ff4b9c7093d170a0ebf,train,/mnt/d/ruanjianxiazai/pycharm2026/datasets/dataset_2/train/images/nozzle_clean_0896.jpg,False,train
623,77caaf1089679c1f02daeda5a3540847d4f59f17e09c4ff4b9c7093d170a0ebf,train,/mnt/d/ruanjianxiazai/pycharm2026/datasets/dataset_2/train/images/nozzle_no_extrusion_0889.jpg,False,train
624,777232859f5774f49c854e225c850af70536e9bedda95cf6aa68a9f019d04bf7,train,/mnt/d/ruanjianxiazai/pycharm2026/datasets/dataset_2/train/images/nozzle_clean_0899.jpg,False,train
624,777232859f5774f49c854e225c850af70536e9bedda95cf6aa68a9f019d04bf7,train,/mnt/d/ruanjianxiazai/pycharm2026/datasets/dataset_2/train/images/nozzle_no_extrusion_0892.jpg,False,train
625,ce88106df3f8af43777624a1ff973e8cbe8b004360e5c3929dafcee51575223e,train,/mnt/d/ruanjianxiazai/pycharm2026/datasets/dataset_2/train/images/nozzle_clean_0900.jpg,False,train
625,ce88106df3f8af43777624a1ff973e8cbe8b004360e5c3929dafcee51575223e,train,/mnt/d/ruanjianxiazai/pycharm2026/datasets/dataset_2/train/images/nozzle_no_extrusion_0893.jpg,False,train
626,be6bd42ed7b045b2fff7044df3fdc1c6af852c3a9a3268ed431cd2e2a9328458,train,/mnt/d/ruanjianxiazai/pycharm2026/datasets/dataset_2/train/images/nozzle_clean_0901.jpg,False,train
626,be6bd42ed7b045b2fff7044df3fdc1c6af852c3a9a3268ed431cd2e2a9328458,train,/mnt/d/ruanjianxiazai/pycharm2026/datasets/dataset_2/train/images/nozzle_no_extrusion_0894.jpg,False,train
627,cf1e87e2f966d264878ff31ee8f20930a201372e80da9630a31f0ae959b110cf,train,/mnt/d/ruanjianxiazai/pycharm2026/datasets/dataset_2/train/images/nozzle_clean_0902.jpg,False,train
627,cf1e87e2f966d264878ff31ee8f20930a201372e80da9630a31f0ae959b110cf,train,/mnt/d/ruanjianxiazai/pycharm2026/datasets/dataset_2/train/images/nozzle_no_extrusion_0895.jpg,False,train
628,ceb43b13f7b3b97cd2bfada3bf89ce3d63261480c08ccbcedc2fc9ca000e6994,train,/mnt/d/ruanjianxiazai/pycharm2026/datasets/dataset_2/train/images/nozzle_clean_0903.jpg,False,train
628,ceb43b13f7b3b97cd2bfada3bf89ce3d63261480c08ccbcedc2fc9ca000e6994,train,/mnt/d/ruanjianxiazai/pycharm2026/datasets/dataset_2/train/images/nozzle_no_extrusion_0896.jpg,False,train
629,7a61c2fc6946a15244030afea3e2649c8a404a3ffcf2a3970a4e5c4fc0e3ee1e,train,/mnt/d/ruanjianxiazai/pycharm2026/datasets/dataset_2/train/images/nozzle_clean_0904.jpg,False,train
629,7a61c2fc6946a15244030afea3e2649c8a404a3ffcf2a3970a4e5c4fc0e3ee1e,train,/mnt/d/ruanjianxiazai/pycharm2026/datasets/dataset_2/train/images/nozzle_no_extrusion_0897.jpg,False,train
630,07e18f8b6c23c93703bd5ce75cfc06d0703d47b21b89a3d3212d77a848b9b8f8,train,/mnt/d/ruanjianxiazai/pycharm2026/datasets/dataset_2/train/images/nozzle_clean_0905.jpg,False,train
630,07e18f8b6c23c93703bd5ce75cfc06d0703d47b21b89a3d3212d77a848b9b8f8,train,/mnt/d/ruanjianxiazai/pycharm2026/datasets/dataset_2/train/images/nozzle_no_extrusion_0898.jpg,False,train
631,41da6f1af2cc750f08d55e4830da50cd2f2c759e648b719c3516c9e723ff58f2,train,/mnt/d/ruanjianxiazai/pycharm2026/datasets/dataset_2/train/images/nozzle_clean_0908.jpg,True,"train,val"
631,41da6f1af2cc750f08d55e4830da50cd2f2c759e648b719c3516c9e723ff58f2,val,/mnt/d/ruanjianxiazai/pycharm2026/datasets/dataset_2/val/images/nozzle_no_extrusion_0901.jpg,True,"train,val"
632,52358f8ea52889680c9826c905df54aa60c8b26d33d75fb5536baef064df438a,train,/mnt/d/ruanjianxiazai/pycharm2026/datasets/dataset_2/train/images/nozzle_clean_0909.jpg,False,train
632,52358f8ea52889680c9826c905df54aa60c8b26d33d75fb5536baef064df438a,train,/mnt/d/ruanjianxiazai/pycharm2026/datasets/dataset_2/train/images/nozzle_no_extrusion_0902.jpg,False,train
633,d060a31a1c85f49865a02396df4ef7554c8d00df9ff7cbf9b9f19a0c62d073d1,train,/mnt/d/ruanjianxiazai/pycharm2026/datasets/dataset_2/train/images/nozzle_clean_0910.jpg,False,train
633,d060a31a1c85f49865a02396df4ef7554c8d00df9ff7cbf9b9f19a0c62d073d1,train,/mnt/d/ruanjianxiazai/pycharm2026/datasets/dataset_2/train/images/nozzle_no_extrusion_0903.jpg,False,train
634,d6e3de1d419bd8122ba31461804ef2581f38b10bdf17a9195475fb62aeed7672,train,/mnt/d/ruanjianxiazai/pycharm2026/datasets/dataset_2/train/images/nozzle_clean_0911.jpg,True,"train,val"
634,d6e3de1d419bd8122ba31461804ef2581f38b10bdf17a9195475fb62aeed7672,val,/mnt/d/ruanjianxiazai/pycharm2026/datasets/dataset_2/val/images/nozzle_no_extrusion_0904.jpg,True,"train,val"
635,20f0e7ac022a7415a151fd6165a18e28acda49dc09d2fd20315b25fa596b82ab,train,/mnt/d/ruanjianxiazai/pycharm2026/datasets/dataset_2/train/images/nozzle_clean_0914.jpg,True,"test,train"
635,20f0e7ac022a7415a151fd6165a18e28acda49dc09d2fd20315b25fa596b82ab,test,/mnt/d/ruanjianxiazai/pycharm2026/datasets/dataset_2/test/images/nozzle_no_extrusion_0907.jpg,True,"test,train"
636,959d73a6f7aa2b423fc3dc8aeec72dac051988ba7fdee991c46b567e90cbeaab,train,/mnt/d/ruanjianxiazai/pycharm2026/datasets/dataset_2/train/images/nozzle_clean_0915.jpg,True,"train,val"
636,959d73a6f7aa2b423fc3dc8aeec72dac051988ba7fdee991c46b567e90cbeaab,val,/mnt/d/ruanjianxiazai/pycharm2026/datasets/dataset_2/val/images/nozzle_no_extrusion_0908.jpg,True,"train,val"
637,aa9e7d948a6e820b37f0c32507326b9ff7cd137cc50fcb2cc5875b4c694bd8fa,train,/mnt/d/ruanjianxiazai/pycharm2026/datasets/dataset_2/train/images/nozzle_clean_0917.jpg,False,train
637,aa9e7d948a6e820b37f0c32507326b9ff7cd137cc50fcb2cc5875b4c694bd8fa,train,/mnt/d/ruanjianxiazai/pycharm2026/datasets/dataset_2/train/images/nozzle_no_extrusion_0910.jpg,False,train
638,2cf5b942dfe4c663f4476665527d6a6157d51d1400b199b53763f49bd444fad3,train,/mnt/d/ruanjianxiazai/pycharm2026/datasets/dataset_2/train/images/nozzle_clean_0918.jpg,False,train
638,2cf5b942dfe4c663f4476665527d6a6157d51d1400b199b53763f49bd444fad3,train,/mnt/d/ruanjianxiazai/pycharm2026/datasets/dataset_2/train/images/nozzle_no_extrusion_0911.jpg,False,train
639,e9e20b55d3668d980b42dc2e1d2bba0d3e050a549558cdc3efa9473eda9c5c8c,train,/mnt/d/ruanjianxiazai/pycharm2026/datasets/dataset_2/train/images/nozzle_clean_0919.jpg,True,"test,train"
639,e9e20b55d3668d980b42dc2e1d2bba0d3e050a549558cdc3efa9473eda9c5c8c,test,/mnt/d/ruanjianxiazai/pycharm2026/datasets/dataset_2/test/images/nozzle_no_extrusion_0912.jpg,True,"test,train"
640,2aa185080b794ece5ad9888cd091da3d8e4aeaab133d9b94ee5669c0c4081ed6,train,/mnt/d/ruanjianxiazai/pycharm2026/datasets/dataset_2/train/images/nozzle_clean_0921.jpg,False,train
640,2aa185080b794ece5ad9888cd091da3d8e4aeaab133d9b94ee5669c0c4081ed6,train,/mnt/d/ruanjianxiazai/pycharm2026/datasets/dataset_2/train/images/nozzle_no_extrusion_0914.jpg,False,train
641,97a8cc1c9c12b6384380a454bd5a4d89d31e54a3de9ffd7ebca468570366504f,train,/mnt/d/ruanjianxiazai/pycharm2026/datasets/dataset_2/train/images/nozzle_extrusion_normal_0001.jpg,False,train
641,97a8cc1c9c12b6384380a454bd5a4d89d31e54a3de9ffd7ebca468570366504f,train,/mnt/d/ruanjianxiazai/pycharm2026/datasets/dataset_2/train/images/nozzle_slight_contamination_0007.jpg,False,train
642,9975345b402686753323226bf7ebbed4c72eb2c47ff886fa386c2d6236493ad2,train,/mnt/d/ruanjianxiazai/pycharm2026/datasets/dataset_2/train/images/nozzle_extrusion_normal_0002.jpg,True,"test,train"
642,9975345b402686753323226bf7ebbed4c72eb2c47ff886fa386c2d6236493ad2,test,/mnt/d/ruanjianxiazai/pycharm2026/datasets/dataset_2/test/images/nozzle_slight_contamination_0008.jpg,True,"test,train"
643,e49c1357a0db8058d1a8e131f6a7e0eaa9e4198775a2951db4e90b134413fd5f,train,/mnt/d/ruanjianxiazai/pycharm2026/datasets/dataset_2/train/images/nozzle_no_extrusion_0003.jpg,True,"train,val"
643,e49c1357a0db8058d1a8e131f6a7e0eaa9e4198775a2951db4e90b134413fd5f,val,/mnt/d/ruanjianxiazai/pycharm2026/datasets/dataset_2/val/images/nozzle_clean_0010.jpg,True,"train,val"
644,34fb4596bffc2891c599f873d3fe546a7b6cd50a55250e5e31f244b2633470a7,train,/mnt/d/ruanjianxiazai/pycharm2026/datasets/dataset_2/train/images/nozzle_no_extrusion_0006.jpg,True,"test,train"
644,34fb4596bffc2891c599f873d3fe546a7b6cd50a55250e5e31f244b2633470a7,test,/mnt/d/ruanjianxiazai/pycharm2026/datasets/dataset_2/test/images/nozzle_clean_0013.jpg,True,"test,train"
645,c1fac5ae6789f8eb07ad5596dda538d6281627f051c885475571c2fe2d43cb73,train,/mnt/d/ruanjianxiazai/pycharm2026/datasets/dataset_2/train/images/nozzle_no_extrusion_0019.jpg,True,"test,train"
645,c1fac5ae6789f8eb07ad5596dda538d6281627f051c885475571c2fe2d43cb73,test,/mnt/d/ruanjianxiazai/pycharm2026/datasets/dataset_2/test/images/nozzle_clean_0026.jpg,True,"test,train"
646,35267e2a9e1e0e3f010d14fac86bc2c201f334d4e521f51cf60c7319ddb0fa0c,train,/mnt/d/ruanjianxiazai/pycharm2026/datasets/dataset_2/train/images/nozzle_no_extrusion_0022.jpg,True,"test,train"
646,35267e2a9e1e0e3f010d14fac86bc2c201f334d4e521f51cf60c7319ddb0fa0c,test,/mnt/d/ruanjianxiazai/pycharm2026/datasets/dataset_2/test/images/nozzle_clean_0029.jpg,True,"test,train"
647,2de340f94828c299ec7f82b21994684c99f12e95462f90ae769e1b6da7387a57,train,/mnt/d/ruanjianxiazai/pycharm2026/datasets/dataset_2/train/images/nozzle_no_extrusion_0031.jpg,True,"train,val"
647,2de340f94828c299ec7f82b21994684c99f12e95462f90ae769e1b6da7387a57,val,/mnt/d/ruanjianxiazai/pycharm2026/datasets/dataset_2/val/images/nozzle_clean_0038.jpg,True,"train,val"
648,98348f006e87b38328a78fb0b3633fcf340c10d2bebd5b0bd829e6899e01173b,train,/mnt/d/ruanjianxiazai/pycharm2026/datasets/dataset_2/train/images/nozzle_no_extrusion_0034.jpg,True,"test,train"
648,98348f006e87b38328a78fb0b3633fcf340c10d2bebd5b0bd829e6899e01173b,test,/mnt/d/ruanjianxiazai/pycharm2026/datasets/dataset_2/test/images/nozzle_clean_0041.jpg,True,"test,train"
649,27aa79094957726ce86b1b6393bc7f813abc91ab15dcce98789e05fd212ec45b,train,/mnt/d/ruanjianxiazai/pycharm2026/datasets/dataset_2/train/images/nozzle_no_extrusion_0041.jpg,True,"test,train"
649,27aa79094957726ce86b1b6393bc7f813abc91ab15dcce98789e05fd212ec45b,test,/mnt/d/ruanjianxiazai/pycharm2026/datasets/dataset_2/test/images/nozzle_clean_0048.jpg,True,"test,train"
650,26586829008c24f08e5e2d3683b204925ff980e825c00b2625c1d549beb152b6,train,/mnt/d/ruanjianxiazai/pycharm2026/datasets/dataset_2/train/images/nozzle_no_extrusion_0043.jpg,True,"train,val"
650,26586829008c24f08e5e2d3683b204925ff980e825c00b2625c1d549beb152b6,val,/mnt/d/ruanjianxiazai/pycharm2026/datasets/dataset_2/val/images/nozzle_clean_0050.jpg,True,"train,val"
651,a999432145101b035e12fc50cd69ca3854c42f9a7b9664f13038e83fbe9bdee1,train,/mnt/d/ruanjianxiazai/pycharm2026/datasets/dataset_2/train/images/nozzle_no_extrusion_0046.jpg,True,"test,train"
651,a999432145101b035e12fc50cd69ca3854c42f9a7b9664f13038e83fbe9bdee1,test,/mnt/d/ruanjianxiazai/pycharm2026/datasets/dataset_2/test/images/nozzle_clean_0053.jpg,True,"test,train"
652,ff689b7a82b453ff31f9153d7c54c744973b7e816f4385ab73a28d6f8dd72c7f,train,/mnt/d/ruanjianxiazai/pycharm2026/datasets/dataset_2/train/images/nozzle_no_extrusion_0049.jpg,True,"train,val"
652,ff689b7a82b453ff31f9153d7c54c744973b7e816f4385ab73a28d6f8dd72c7f,val,/mnt/d/ruanjianxiazai/pycharm2026/datasets/dataset_2/val/images/nozzle_clean_0056.jpg,True,"train,val"
653,75a1cf7e98d012d214e28d6d91624deb653e36769c265d793fc2ddafa0496d5b,train,/mnt/d/ruanjianxiazai/pycharm2026/datasets/dataset_2/train/images/nozzle_no_extrusion_0050.jpg,True,"train,val"
653,75a1cf7e98d012d214e28d6d91624deb653e36769c265d793fc2ddafa0496d5b,val,/mnt/d/ruanjianxiazai/pycharm2026/datasets/dataset_2/val/images/nozzle_clean_0057.jpg,True,"train,val"
654,b98d081646077a969c00d61692ea12b6b32d805a0183bec026fe9ab47c734657,train,/mnt/d/ruanjianxiazai/pycharm2026/datasets/dataset_2/train/images/nozzle_no_extrusion_0051.jpg,True,"test,train"
654,b98d081646077a969c00d61692ea12b6b32d805a0183bec026fe9ab47c734657,test,/mnt/d/ruanjianxiazai/pycharm2026/datasets/dataset_2/test/images/nozzle_clean_0058.jpg,True,"test,train"
655,15be111ec4d6dc4fa02f6d4ae7c8be198c40a084a2ad35c45bf60831843be2de,train,/mnt/d/ruanjianxiazai/pycharm2026/datasets/dataset_2/train/images/nozzle_no_extrusion_0055.jpg,True,"train,val"
655,15be111ec4d6dc4fa02f6d4ae7c8be198c40a084a2ad35c45bf60831843be2de,val,/mnt/d/ruanjianxiazai/pycharm2026/datasets/dataset_2/val/images/nozzle_clean_0062.jpg,True,"train,val"
656,002287fdf186e087cd7ad5846fc465d879f19a90a14c009f46be51ffb82b01e5,train,/mnt/d/ruanjianxiazai/pycharm2026/datasets/dataset_2/train/images/nozzle_no_extrusion_0057.jpg,True,"test,train"
656,002287fdf186e087cd7ad5846fc465d879f19a90a14c009f46be51ffb82b01e5,test,/mnt/d/ruanjianxiazai/pycharm2026/datasets/dataset_2/test/images/nozzle_clean_0064.jpg,True,"test,train"
657,913efb9268855edfec8d5cd2dea590766798f93a7f5d827e12e656797b99e2b4,train,/mnt/d/ruanjianxiazai/pycharm2026/datasets/dataset_2/train/images/nozzle_no_extrusion_0063.jpg,True,"test,train"
657,913efb9268855edfec8d5cd2dea590766798f93a7f5d827e12e656797b99e2b4,test,/mnt/d/ruanjianxiazai/pycharm2026/datasets/dataset_2/test/images/nozzle_clean_0070.jpg,True,"test,train"
658,812424e96f2d048c483b4df8d7e01ed48f533a59694e74b8fc504d0901fd74e8,train,/mnt/d/ruanjianxiazai/pycharm2026/datasets/dataset_2/train/images/nozzle_no_extrusion_0072.jpg,True,"test,train"
658,812424e96f2d048c483b4df8d7e01ed48f533a59694e74b8fc504d0901fd74e8,test,/mnt/d/ruanjianxiazai/pycharm2026/datasets/dataset_2/test/images/nozzle_clean_0079.jpg,True,"test,train"
659,302f0ab4e957cfea47aa31fad9f77c0c0b5893e74b01fc89308f9adf9f5598a3,train,/mnt/d/ruanjianxiazai/pycharm2026/datasets/dataset_2/train/images/nozzle_no_extrusion_0080.jpg,True,"train,val"
659,302f0ab4e957cfea47aa31fad9f77c0c0b5893e74b01fc89308f9adf9f5598a3,val,/mnt/d/ruanjianxiazai/pycharm2026/datasets/dataset_2/val/images/nozzle_clean_0087.jpg,True,"train,val"
660,127df856744233e6f68d8d26e38af79ed71838729a4794f6be2c88fb88362c25,train,/mnt/d/ruanjianxiazai/pycharm2026/datasets/dataset_2/train/images/nozzle_no_extrusion_0087.jpg,True,"test,train"
660,127df856744233e6f68d8d26e38af79ed71838729a4794f6be2c88fb88362c25,test,/mnt/d/ruanjianxiazai/pycharm2026/datasets/dataset_2/test/images/nozzle_clean_0094.jpg,True,"test,train"
661,d3b3c32f7114bb4b771eb875dd701a6165e8386ef502a2b578faa4bee24635e4,train,/mnt/d/ruanjianxiazai/pycharm2026/datasets/dataset_2/train/images/nozzle_no_extrusion_0096.jpg,True,"test,train"
661,d3b3c32f7114bb4b771eb875dd701a6165e8386ef502a2b578faa4bee24635e4,test,/mnt/d/ruanjianxiazai/pycharm2026/datasets/dataset_2/test/images/nozzle_clean_0103.jpg,True,"test,train"
662,a944e514004bfc9fdb34175a762e13b51bfd063f8481d2fb3da0b41ed8cecd1e,train,/mnt/d/ruanjianxiazai/pycharm2026/datasets/dataset_2/train/images/nozzle_no_extrusion_0098.jpg,True,"train,val"
662,a944e514004bfc9fdb34175a762e13b51bfd063f8481d2fb3da0b41ed8cecd1e,val,/mnt/d/ruanjianxiazai/pycharm2026/datasets/dataset_2/val/images/nozzle_clean_0105.jpg,True,"train,val"
663,0a2fc121f82e987206e596f61ddc12f585f0bee8a94b212a4cd5d46c847963a3,train,/mnt/d/ruanjianxiazai/pycharm2026/datasets/dataset_2/train/images/nozzle_no_extrusion_0126.jpg,True,"train,val"
663,0a2fc121f82e987206e596f61ddc12f585f0bee8a94b212a4cd5d46c847963a3,val,/mnt/d/ruanjianxiazai/pycharm2026/datasets/dataset_2/val/images/nozzle_clean_0133.jpg,True,"train,val"
664,686e33ece6933848e20fb2b3b79aa37fc2a9d481a0c08f444e89b07d8336074e,train,/mnt/d/ruanjianxiazai/pycharm2026/datasets/dataset_2/train/images/nozzle_no_extrusion_0127.jpg,True,"train,val"
664,686e33ece6933848e20fb2b3b79aa37fc2a9d481a0c08f444e89b07d8336074e,val,/mnt/d/ruanjianxiazai/pycharm2026/datasets/dataset_2/val/images/nozzle_clean_0134.jpg,True,"train,val"
665,5db1d387493cdf531369c4e5163ad0293fcbafa6a1e92aba968d18a5c6e20ebd,train,/mnt/d/ruanjianxiazai/pycharm2026/datasets/dataset_2/train/images/nozzle_no_extrusion_0129.jpg,True,"train,val"
665,5db1d387493cdf531369c4e5163ad0293fcbafa6a1e92aba968d18a5c6e20ebd,val,/mnt/d/ruanjianxiazai/pycharm2026/datasets/dataset_2/val/images/nozzle_clean_0136.jpg,True,"train,val"
666,bcfe51fe1f1ad1f826fb7f85842d48f25c993cdc4c9d38bb054513959dcf35fe,train,/mnt/d/ruanjianxiazai/pycharm2026/datasets/dataset_2/train/images/nozzle_no_extrusion_0144.jpg,True,"train,val"
666,bcfe51fe1f1ad1f826fb7f85842d48f25c993cdc4c9d38bb054513959dcf35fe,val,/mnt/d/ruanjianxiazai/pycharm2026/datasets/dataset_2/val/images/nozzle_clean_0151.jpg,True,"train,val"
667,bf49526dd0098a4a4db20628a5819d99e6b2b808ab063745dde8afbb1ec331a1,train,/mnt/d/ruanjianxiazai/pycharm2026/datasets/dataset_2/train/images/nozzle_no_extrusion_0145.jpg,True,"train,val"
667,bf49526dd0098a4a4db20628a5819d99e6b2b808ab063745dde8afbb1ec331a1,val,/mnt/d/ruanjianxiazai/pycharm2026/datasets/dataset_2/val/images/nozzle_clean_0152.jpg,True,"train,val"
668,0cbb4eb6b3da4358b96b5592cf862bfa5e952ad0f9ad0753c346ecbf9b4e3208,train,/mnt/d/ruanjianxiazai/pycharm2026/datasets/dataset_2/train/images/nozzle_no_extrusion_0151.jpg,True,"test,train"
668,0cbb4eb6b3da4358b96b5592cf862bfa5e952ad0f9ad0753c346ecbf9b4e3208,test,/mnt/d/ruanjianxiazai/pycharm2026/datasets/dataset_2/test/images/nozzle_clean_0158.jpg,True,"test,train"
669,c444e870254e5a817a1307f7a680073f1a3acf309b3e73d0c474193ead485a66,train,/mnt/d/ruanjianxiazai/pycharm2026/datasets/dataset_2/train/images/nozzle_no_extrusion_0153.jpg,True,"test,train"
669,c444e870254e5a817a1307f7a680073f1a3acf309b3e73d0c474193ead485a66,test,/mnt/d/ruanjianxiazai/pycharm2026/datasets/dataset_2/test/images/nozzle_clean_0160.jpg,True,"test,train"
670,ee0525d6acb9561e4a915ec2dfc1ad1685e9bd6d7e8f0730e25f758adc0dfea8,train,/mnt/d/ruanjianxiazai/pycharm2026/datasets/dataset_2/train/images/nozzle_no_extrusion_0154.jpg,True,"train,val"
670,ee0525d6acb9561e4a915ec2dfc1ad1685e9bd6d7e8f0730e25f758adc0dfea8,val,/mnt/d/ruanjianxiazai/pycharm2026/datasets/dataset_2/val/images/nozzle_clean_0161.jpg,True,"train,val"
671,e2a2214f40d74653cf22edf8467861af6e8414453eb6b2f870aa3ce1aef9c713,train,/mnt/d/ruanjianxiazai/pycharm2026/datasets/dataset_2/train/images/nozzle_no_extrusion_0156.jpg,True,"train,val"
671,e2a2214f40d74653cf22edf8467861af6e8414453eb6b2f870aa3ce1aef9c713,val,/mnt/d/ruanjianxiazai/pycharm2026/datasets/dataset_2/val/images/nozzle_clean_0163.jpg,True,"train,val"
672,a4bad261bffdbc29d485cb6a04660bcc810a69e8ae616fa22540efcd7a095451,train,/mnt/d/ruanjianxiazai/pycharm2026/datasets/dataset_2/train/images/nozzle_no_extrusion_0165.jpg,True,"test,train"
672,a4bad261bffdbc29d485cb6a04660bcc810a69e8ae616fa22540efcd7a095451,test,/mnt/d/ruanjianxiazai/pycharm2026/datasets/dataset_2/test/images/nozzle_clean_0172.jpg,True,"test,train"
673,cc72879a5113247bf4c436620a73c97d23daa669e9190b935fcb035b496acf5a,train,/mnt/d/ruanjianxiazai/pycharm2026/datasets/dataset_2/train/images/nozzle_no_extrusion_0171.jpg,True,"train,val"
673,cc72879a5113247bf4c436620a73c97d23daa669e9190b935fcb035b496acf5a,val,/mnt/d/ruanjianxiazai/pycharm2026/datasets/dataset_2/val/images/nozzle_clean_0178.jpg,True,"train,val"
674,822b3005d724c41a850aad5a852cad5dd4eacd0d9cd2b2e6217971f3f8b93f94,train,/mnt/d/ruanjianxiazai/pycharm2026/datasets/dataset_2/train/images/nozzle_no_extrusion_0178.jpg,True,"train,val"
674,822b3005d724c41a850aad5a852cad5dd4eacd0d9cd2b2e6217971f3f8b93f94,val,/mnt/d/ruanjianxiazai/pycharm2026/datasets/dataset_2/val/images/nozzle_clean_0185.jpg,True,"train,val"
675,4a753e85922b1bdb55b4c1d78ab761c4ce8e3c2f3236b767f9e894c0e01dc448,train,/mnt/d/ruanjianxiazai/pycharm2026/datasets/dataset_2/train/images/nozzle_no_extrusion_0186.jpg,True,"test,train"
675,4a753e85922b1bdb55b4c1d78ab761c4ce8e3c2f3236b767f9e894c0e01dc448,test,/mnt/d/ruanjianxiazai/pycharm2026/datasets/dataset_2/test/images/nozzle_clean_0193.jpg,True,"test,train"
676,fa7ea1f2b6d70125e46fccf58260a3cbd2554f8d31dcbe87023cc842bfb50f5a,train,/mnt/d/ruanjianxiazai/pycharm2026/datasets/dataset_2/train/images/nozzle_no_extrusion_0197.jpg,True,"test,train"
676,fa7ea1f2b6d70125e46fccf58260a3cbd2554f8d31dcbe87023cc842bfb50f5a,test,/mnt/d/ruanjianxiazai/pycharm2026/datasets/dataset_2/test/images/nozzle_clean_0204.jpg,True,"test,train"
677,ef2eba7bcc3760f6eaf1f5c0d4bcdc21ec6145ff14752dad5540d3a5b78e026c,train,/mnt/d/ruanjianxiazai/pycharm2026/datasets/dataset_2/train/images/nozzle_no_extrusion_0200.jpg,True,"train,val"
677,ef2eba7bcc3760f6eaf1f5c0d4bcdc21ec6145ff14752dad5540d3a5b78e026c,val,/mnt/d/ruanjianxiazai/pycharm2026/datasets/dataset_2/val/images/nozzle_clean_0207.jpg,True,"train,val"
678,5d2429bd88f43c53f7c2a8ded1ceff2d1e5123907400924bd47d389c7aaed020,train,/mnt/d/ruanjianxiazai/pycharm2026/datasets/dataset_2/train/images/nozzle_no_extrusion_0203.jpg,True,"test,train"
678,5d2429bd88f43c53f7c2a8ded1ceff2d1e5123907400924bd47d389c7aaed020,test,/mnt/d/ruanjianxiazai/pycharm2026/datasets/dataset_2/test/images/nozzle_clean_0210.jpg,True,"test,train"
679,552247594181506ae3eafb6ba46d53c997823289a41045c5776374baad050780,train,/mnt/d/ruanjianxiazai/pycharm2026/datasets/dataset_2/train/images/nozzle_no_extrusion_0213.jpg,True,"test,train"
679,552247594181506ae3eafb6ba46d53c997823289a41045c5776374baad050780,test,/mnt/d/ruanjianxiazai/pycharm2026/datasets/dataset_2/test/images/nozzle_clean_0220.jpg,True,"test,train"
680,4f06939aa837bb8f2580fbb8c4e6386e9fc1f7b7cc92ea08d92a987d2fa34f6e,train,/mnt/d/ruanjianxiazai/pycharm2026/datasets/dataset_2/train/images/nozzle_no_extrusion_0215.jpg,True,"test,train"
680,4f06939aa837bb8f2580fbb8c4e6386e9fc1f7b7cc92ea08d92a987d2fa34f6e,test,/mnt/d/ruanjianxiazai/pycharm2026/datasets/dataset_2/test/images/nozzle_clean_0222.jpg,True,"test,train"
681,44fb1f707ce4bd77d013979c7012bb4adf2be54aa31014699de63d47e061faf0,train,/mnt/d/ruanjianxiazai/pycharm2026/datasets/dataset_2/train/images/nozzle_no_extrusion_0216.jpg,True,"train,val"
681,44fb1f707ce4bd77d013979c7012bb4adf2be54aa31014699de63d47e061faf0,val,/mnt/d/ruanjianxiazai/pycharm2026/datasets/dataset_2/val/images/nozzle_clean_0223.jpg,True,"train,val"
682,c1c53ca5c17f48e245b178afc3391ca5da665fefc92a31dbc58c5247c2181239,train,/mnt/d/ruanjianxiazai/pycharm2026/datasets/dataset_2/train/images/nozzle_no_extrusion_0219.jpg,True,"test,train"
682,c1c53ca5c17f48e245b178afc3391ca5da665fefc92a31dbc58c5247c2181239,test,/mnt/d/ruanjianxiazai/pycharm2026/datasets/dataset_2/test/images/nozzle_clean_0226.jpg,True,"test,train"
683,9c47ea812653a9d131a13455e5a71b510ebe6b2757b344e82608f05b6ef3c86d,train,/mnt/d/ruanjianxiazai/pycharm2026/datasets/dataset_2/train/images/nozzle_no_extrusion_0230.jpg,True,"test,train"
683,9c47ea812653a9d131a13455e5a71b510ebe6b2757b344e82608f05b6ef3c86d,test,/mnt/d/ruanjianxiazai/pycharm2026/datasets/dataset_2/test/images/nozzle_clean_0237.jpg,True,"test,train"
684,f554cfbaf468afbf48fba654b5669dfc25de15a0609572525b1b5b0ee9e95351,train,/mnt/d/ruanjianxiazai/pycharm2026/datasets/dataset_2/train/images/nozzle_no_extrusion_0237.jpg,True,"test,train"
684,f554cfbaf468afbf48fba654b5669dfc25de15a0609572525b1b5b0ee9e95351,test,/mnt/d/ruanjianxiazai/pycharm2026/datasets/dataset_2/test/images/nozzle_clean_0244.jpg,True,"test,train"
685,4a91b9765b08c4540583794a8fca6f9c103a1f93146d204359493b33bfcd2e60,train,/mnt/d/ruanjianxiazai/pycharm2026/datasets/dataset_2/train/images/nozzle_no_extrusion_0239.jpg,True,"train,val"
685,4a91b9765b08c4540583794a8fca6f9c103a1f93146d204359493b33bfcd2e60,val,/mnt/d/ruanjianxiazai/pycharm2026/datasets/dataset_2/val/images/nozzle_clean_0246.jpg,True,"train,val"
686,1f64494c3285182ed965d01e85ba64c83f8b4589677b7d4d2abbe71f863c4a47,train,/mnt/d/ruanjianxiazai/pycharm2026/datasets/dataset_2/train/images/nozzle_no_extrusion_0241.jpg,True,"train,val"
686,1f64494c3285182ed965d01e85ba64c83f8b4589677b7d4d2abbe71f863c4a47,val,/mnt/d/ruanjianxiazai/pycharm2026/datasets/dataset_2/val/images/nozzle_clean_0248.jpg,True,"train,val"
687,383eb32f23192c6bd82e211d2c2ea33fcd173040268a1be8290e01010ee278c8,train,/mnt/d/ruanjianxiazai/pycharm2026/datasets/dataset_2/train/images/nozzle_no_extrusion_0247.jpg,True,"test,train"
687,383eb32f23192c6bd82e211d2c2ea33fcd173040268a1be8290e01010ee278c8,test,/mnt/d/ruanjianxiazai/pycharm2026/datasets/dataset_2/test/images/nozzle_clean_0254.jpg,True,"test,train"
688,bce98f3a587b6d7261c8472b5c06167d2a5f1dc35263f600224b7d8e6ee94c21,train,/mnt/d/ruanjianxiazai/pycharm2026/datasets/dataset_2/train/images/nozzle_no_extrusion_0251.jpg,True,"train,val"
688,bce98f3a587b6d7261c8472b5c06167d2a5f1dc35263f600224b7d8e6ee94c21,val,/mnt/d/ruanjianxiazai/pycharm2026/datasets/dataset_2/val/images/nozzle_clean_0258.jpg,True,"train,val"
689,57adb6ae8f95c3a265414adb1f91c0b8511f87dd8770d24e1bcb4391e4ccf8ce,train,/mnt/d/ruanjianxiazai/pycharm2026/datasets/dataset_2/train/images/nozzle_no_extrusion_0255.jpg,True,"test,train"
689,57adb6ae8f95c3a265414adb1f91c0b8511f87dd8770d24e1bcb4391e4ccf8ce,test,/mnt/d/ruanjianxiazai/pycharm2026/datasets/dataset_2/test/images/nozzle_clean_0262.jpg,True,"test,train"
690,045a6d01e059061f8a388b0d1935a8a1b300df4c0d06df40b50a5627641c83a8,train,/mnt/d/ruanjianxiazai/pycharm2026/datasets/dataset_2/train/images/nozzle_no_extrusion_0260.jpg,True,"train,val"
690,045a6d01e059061f8a388b0d1935a8a1b300df4c0d06df40b50a5627641c83a8,val,/mnt/d/ruanjianxiazai/pycharm2026/datasets/dataset_2/val/images/nozzle_clean_0267.jpg,True,"train,val"
691,166dc3c5b76376fc8ffd8569f4052d3ed4831fca77d3a71abc6c6e9f501be8de,train,/mnt/d/ruanjianxiazai/pycharm2026/datasets/dataset_2/train/images/nozzle_no_extrusion_0273.jpg,True,"train,val"
691,166dc3c5b76376fc8ffd8569f4052d3ed4831fca77d3a71abc6c6e9f501be8de,val,/mnt/d/ruanjianxiazai/pycharm2026/datasets/dataset_2/val/images/nozzle_clean_0280.jpg,True,"train,val"
692,df4dbbb0671d29670fe890144d230fba7213640a4b93087d61bf8073a13af466,train,/mnt/d/ruanjianxiazai/pycharm2026/datasets/dataset_2/train/images/nozzle_no_extrusion_0274.jpg,True,"train,val"
692,df4dbbb0671d29670fe890144d230fba7213640a4b93087d61bf8073a13af466,val,/mnt/d/ruanjianxiazai/pycharm2026/datasets/dataset_2/val/images/nozzle_clean_0281.jpg,True,"train,val"
693,db179be542f96f34f67ae00d6dc0102732ea8a4c0c0ee79385bc9b32d9dd64c3,train,/mnt/d/ruanjianxiazai/pycharm2026/datasets/dataset_2/train/images/nozzle_no_extrusion_0278.jpg,True,"train,val"
693,db179be542f96f34f67ae00d6dc0102732ea8a4c0c0ee79385bc9b32d9dd64c3,val,/mnt/d/ruanjianxiazai/pycharm2026/datasets/dataset_2/val/images/nozzle_clean_0285.jpg,True,"train,val"
694,faf4b5acd3b6c88261d876bb567cfacae5fa9de02d69727e27fca43510f8fd6d,train,/mnt/d/ruanjianxiazai/pycharm2026/datasets/dataset_2/train/images/nozzle_no_extrusion_0288.jpg,True,"test,train"
694,faf4b5acd3b6c88261d876bb567cfacae5fa9de02d69727e27fca43510f8fd6d,test,/mnt/d/ruanjianxiazai/pycharm2026/datasets/dataset_2/test/images/nozzle_clean_0295.jpg,True,"test,train"
695,e7336e4c232b601b95d1373c4e72955abee6dd9542c800350fcf186195ebb4fe,train,/mnt/d/ruanjianxiazai/pycharm2026/datasets/dataset_2/train/images/nozzle_no_extrusion_0296.jpg,True,"train,val"
695,e7336e4c232b601b95d1373c4e72955abee6dd9542c800350fcf186195ebb4fe,val,/mnt/d/ruanjianxiazai/pycharm2026/datasets/dataset_2/val/images/nozzle_clean_0303.jpg,True,"train,val"
696,877e43573cb9820d60a734c2d5ef820282c0b00bbe96c5a1ffbbc49581bf91de,train,/mnt/d/ruanjianxiazai/pycharm2026/datasets/dataset_2/train/images/nozzle_no_extrusion_0299.jpg,True,"train,val"
696,877e43573cb9820d60a734c2d5ef820282c0b00bbe96c5a1ffbbc49581bf91de,val,/mnt/d/ruanjianxiazai/pycharm2026/datasets/dataset_2/val/images/nozzle_clean_0306.jpg,True,"train,val"
697,db5d3edb63122d7d176a9f5d0a1caf849440c69b2332a91786868eeb0668d5b1,train,/mnt/d/ruanjianxiazai/pycharm2026/datasets/dataset_2/train/images/nozzle_no_extrusion_0300.jpg,True,"train,val"
697,db5d3edb63122d7d176a9f5d0a1caf849440c69b2332a91786868eeb0668d5b1,val,/mnt/d/ruanjianxiazai/pycharm2026/datasets/dataset_2/val/images/nozzle_clean_0307.jpg,True,"train,val"
698,c8fcb6b362f6768e80388d9ba1ab26311132f72ff28d79ccf62a6a0b0e3c779d,train,/mnt/d/ruanjianxiazai/pycharm2026/datasets/dataset_2/train/images/nozzle_no_extrusion_0306.jpg,True,"test,train"
698,c8fcb6b362f6768e80388d9ba1ab26311132f72ff28d79ccf62a6a0b0e3c779d,test,/mnt/d/ruanjianxiazai/pycharm2026/datasets/dataset_2/test/images/nozzle_clean_0313.jpg,True,"test,train"
699,5796e10b63d6b7859cbaa7692a0b2bde44370b3e78b94b38478f1c8fd4dcc150,train,/mnt/d/ruanjianxiazai/pycharm2026/datasets/dataset_2/train/images/nozzle_no_extrusion_0318.jpg,True,"test,train"
699,5796e10b63d6b7859cbaa7692a0b2bde44370b3e78b94b38478f1c8fd4dcc150,test,/mnt/d/ruanjianxiazai/pycharm2026/datasets/dataset_2/test/images/nozzle_clean_0325.jpg,True,"test,train"
700,66c115daa3fb58dd6fcd7f41a929f7f32263ec335479c64f9c25023ed25779f4,train,/mnt/d/ruanjianxiazai/pycharm2026/datasets/dataset_2/train/images/nozzle_no_extrusion_0321.jpg,True,"train,val"
700,66c115daa3fb58dd6fcd7f41a929f7f32263ec335479c64f9c25023ed25779f4,val,/mnt/d/ruanjianxiazai/pycharm2026/datasets/dataset_2/val/images/nozzle_clean_0328.jpg,True,"train,val"
701,5b41b164c72bd12519dc50ad63eff14ce3b8933bb25c45da8d39e5da48ec274a,train,/mnt/d/ruanjianxiazai/pycharm2026/datasets/dataset_2/train/images/nozzle_no_extrusion_0322.jpg,True,"test,train"
701,5b41b164c72bd12519dc50ad63eff14ce3b8933bb25c45da8d39e5da48ec274a,test,/mnt/d/ruanjianxiazai/pycharm2026/datasets/dataset_2/test/images/nozzle_clean_0329.jpg,True,"test,train"
702,b8226e3c36a67785a85edfd7a99e16abd84aa63bba3ba6e439f864472aa000e2,train,/mnt/d/ruanjianxiazai/pycharm2026/datasets/dataset_2/train/images/nozzle_no_extrusion_0325.jpg,True,"train,val"
702,b8226e3c36a67785a85edfd7a99e16abd84aa63bba3ba6e439f864472aa000e2,val,/mnt/d/ruanjianxiazai/pycharm2026/datasets/dataset_2/val/images/nozzle_clean_0332.jpg,True,"train,val"
703,394646db65b39c43a4cd8ceab68290388a0a93ded011ba6f98542f89fe3b395b,train,/mnt/d/ruanjianxiazai/pycharm2026/datasets/dataset_2/train/images/nozzle_no_extrusion_0329.jpg,True,"test,train"
703,394646db65b39c43a4cd8ceab68290388a0a93ded011ba6f98542f89fe3b395b,test,/mnt/d/ruanjianxiazai/pycharm2026/datasets/dataset_2/test/images/nozzle_clean_0336.jpg,True,"test,train"
704,2895efec38a2af17415ce2f78eb2c4016b89d5b89d0c659e12874281c780dac4,train,/mnt/d/ruanjianxiazai/pycharm2026/datasets/dataset_2/train/images/nozzle_no_extrusion_0341.jpg,True,"train,val"
704,2895efec38a2af17415ce2f78eb2c4016b89d5b89d0c659e12874281c780dac4,val,/mnt/d/ruanjianxiazai/pycharm2026/datasets/dataset_2/val/images/nozzle_clean_0348.jpg,True,"train,val"
705,1fadc0279e545f1505226710a095a56ea811099555640fca14b08a510ddfaee6,train,/mnt/d/ruanjianxiazai/pycharm2026/datasets/dataset_2/train/images/nozzle_no_extrusion_0347.jpg,True,"test,train"
705,1fadc0279e545f1505226710a095a56ea811099555640fca14b08a510ddfaee6,test,/mnt/d/ruanjianxiazai/pycharm2026/datasets/dataset_2/test/images/nozzle_clean_0354.jpg,True,"test,train"
706,f1b5c6becae98d83ce76b915ad8751d22602a0598898978b08f544503c3dd1d4,train,/mnt/d/ruanjianxiazai/pycharm2026/datasets/dataset_2/train/images/nozzle_no_extrusion_0353.jpg,True,"train,val"
706,f1b5c6becae98d83ce76b915ad8751d22602a0598898978b08f544503c3dd1d4,val,/mnt/d/ruanjianxiazai/pycharm2026/datasets/dataset_2/val/images/nozzle_clean_0360.jpg,True,"train,val"
707,6f7b2792f03e178ffb734b0f78713dda9886e57db07098b957aa162e8b6355b8,train,/mnt/d/ruanjianxiazai/pycharm2026/datasets/dataset_2/train/images/nozzle_no_extrusion_0354.jpg,True,"test,train"
707,6f7b2792f03e178ffb734b0f78713dda9886e57db07098b957aa162e8b6355b8,test,/mnt/d/ruanjianxiazai/pycharm2026/datasets/dataset_2/test/images/nozzle_clean_0361.jpg,True,"test,train"
708,5fdc0f25f9952af88cb535f951ee1f478e09a806e44de8cb0629a423b2105a2f,train,/mnt/d/ruanjianxiazai/pycharm2026/datasets/dataset_2/train/images/nozzle_no_extrusion_0356.jpg,True,"test,train"
708,5fdc0f25f9952af88cb535f951ee1f478e09a806e44de8cb0629a423b2105a2f,test,/mnt/d/ruanjianxiazai/pycharm2026/datasets/dataset_2/test/images/nozzle_clean_0363.jpg,True,"test,train"
709,04196ad1342da313238e4c126db1259905c4e03c8a5e62bf198cbb1dbd5a939e,train,/mnt/d/ruanjianxiazai/pycharm2026/datasets/dataset_2/train/images/nozzle_no_extrusion_0362.jpg,True,"train,val"
709,04196ad1342da313238e4c126db1259905c4e03c8a5e62bf198cbb1dbd5a939e,val,/mnt/d/ruanjianxiazai/pycharm2026/datasets/dataset_2/val/images/nozzle_clean_0369.jpg,True,"train,val"
710,aaebe3d4f362ecc03730026b8ca220888d34b3c53a50c21ec6a0d3ae9e6f05c7,train,/mnt/d/ruanjianxiazai/pycharm2026/datasets/dataset_2/train/images/nozzle_no_extrusion_0374.jpg,True,"test,train"
710,aaebe3d4f362ecc03730026b8ca220888d34b3c53a50c21ec6a0d3ae9e6f05c7,test,/mnt/d/ruanjianxiazai/pycharm2026/datasets/dataset_2/test/images/nozzle_clean_0381.jpg,True,"test,train"
711,a71cbaae7dbe90d00251640acfebf9101d8c9eb213a19aeb82df1b43b28e87eb,train,/mnt/d/ruanjianxiazai/pycharm2026/datasets/dataset_2/train/images/nozzle_no_extrusion_0378.jpg,True,"test,train"
711,a71cbaae7dbe90d00251640acfebf9101d8c9eb213a19aeb82df1b43b28e87eb,test,/mnt/d/ruanjianxiazai/pycharm2026/datasets/dataset_2/test/images/nozzle_clean_0385.jpg,True,"test,train"
712,51a5a05b65532945758d1f705ed713aa8a4c3ef0dc602e84219c096340668c9e,train,/mnt/d/ruanjianxiazai/pycharm2026/datasets/dataset_2/train/images/nozzle_no_extrusion_0390.jpg,True,"train,val"
712,51a5a05b65532945758d1f705ed713aa8a4c3ef0dc602e84219c096340668c9e,val,/mnt/d/ruanjianxiazai/pycharm2026/datasets/dataset_2/val/images/nozzle_clean_0397.jpg,True,"train,val"
713,86e3047ecdb56b5713dbb954bd06638fcbef3fe55d3c583189ca7e86b15bb947,train,/mnt/d/ruanjianxiazai/pycharm2026/datasets/dataset_2/train/images/nozzle_no_extrusion_0391.jpg,True,"train,val"
713,86e3047ecdb56b5713dbb954bd06638fcbef3fe55d3c583189ca7e86b15bb947,val,/mnt/d/ruanjianxiazai/pycharm2026/datasets/dataset_2/val/images/nozzle_clean_0398.jpg,True,"train,val"
714,a0e41f3804badd18c56d6cbc671b59eb5dcdb6825bd79415317c25f01195e6c7,train,/mnt/d/ruanjianxiazai/pycharm2026/datasets/dataset_2/train/images/nozzle_no_extrusion_0398.jpg,True,"train,val"
714,a0e41f3804badd18c56d6cbc671b59eb5dcdb6825bd79415317c25f01195e6c7,val,/mnt/d/ruanjianxiazai/pycharm2026/datasets/dataset_2/val/images/nozzle_clean_0405.jpg,True,"train,val"
715,20c04300c615a20ebdf6b24d6fbe570ef95bc9126d28e4dd39b15865490c1841,train,/mnt/d/ruanjianxiazai/pycharm2026/datasets/dataset_2/train/images/nozzle_no_extrusion_0401.jpg,True,"train,val"
715,20c04300c615a20ebdf6b24d6fbe570ef95bc9126d28e4dd39b15865490c1841,val,/mnt/d/ruanjianxiazai/pycharm2026/datasets/dataset_2/val/images/nozzle_clean_0408.jpg,True,"train,val"
716,3c3386b022f8f37fa8ac528977b026b8d2d937ecbd15b0f9267bb377022b2806,train,/mnt/d/ruanjianxiazai/pycharm2026/datasets/dataset_2/train/images/nozzle_no_extrusion_0403.jpg,True,"test,train"
716,3c3386b022f8f37fa8ac528977b026b8d2d937ecbd15b0f9267bb377022b2806,test,/mnt/d/ruanjianxiazai/pycharm2026/datasets/dataset_2/test/images/nozzle_clean_0410.jpg,True,"test,train"
717,951646486d4eda8f2af0c84d10049f06d6025c92e814acdfc3b99cffc3f501d5,train,/mnt/d/ruanjianxiazai/pycharm2026/datasets/dataset_2/train/images/nozzle_no_extrusion_0407.jpg,True,"test,train"
717,951646486d4eda8f2af0c84d10049f06d6025c92e814acdfc3b99cffc3f501d5,test,/mnt/d/ruanjianxiazai/pycharm2026/datasets/dataset_2/test/images/nozzle_clean_0414.jpg,True,"test,train"
718,cea797cf141f0d0aba3d54bca9b0ad214743aadb4c4381dbdd8c9fbb34ef5d94,train,/mnt/d/ruanjianxiazai/pycharm2026/datasets/dataset_2/train/images/nozzle_no_extrusion_0409.jpg,True,"test,train"
718,cea797cf141f0d0aba3d54bca9b0ad214743aadb4c4381dbdd8c9fbb34ef5d94,test,/mnt/d/ruanjianxiazai/pycharm2026/datasets/dataset_2/test/images/nozzle_clean_0416.jpg,True,"test,train"
719,727735d91141e969b52a69f334e0c535ec7a84db9d8740ded33a67bfe385ccee,train,/mnt/d/ruanjianxiazai/pycharm2026/datasets/dataset_2/train/images/nozzle_no_extrusion_0413.jpg,True,"train,val"
719,727735d91141e969b52a69f334e0c535ec7a84db9d8740ded33a67bfe385ccee,val,/mnt/d/ruanjianxiazai/pycharm2026/datasets/dataset_2/val/images/nozzle_clean_0420.jpg,True,"train,val"
720,f03816ef443704e7d1c7583b696c084792be1699548115c7168afc3feb8a4b45,train,/mnt/d/ruanjianxiazai/pycharm2026/datasets/dataset_2/train/images/nozzle_no_extrusion_0436.jpg,True,"test,train"
720,f03816ef443704e7d1c7583b696c084792be1699548115c7168afc3feb8a4b45,test,/mnt/d/ruanjianxiazai/pycharm2026/datasets/dataset_2/test/images/nozzle_clean_0443.jpg,True,"test,train"
721,f408d3f8df5f89f7b806d2eb9503df116ebed6615485e5722a421ee554e1da35,train,/mnt/d/ruanjianxiazai/pycharm2026/datasets/dataset_2/train/images/nozzle_no_extrusion_0451.jpg,True,"test,train"
721,f408d3f8df5f89f7b806d2eb9503df116ebed6615485e5722a421ee554e1da35,test,/mnt/d/ruanjianxiazai/pycharm2026/datasets/dataset_2/test/images/nozzle_clean_0458.jpg,True,"test,train"
722,3d5d97b26bf527344355605b44e611b057b8468d9e2e64ba3feb5d84b37792c6,train,/mnt/d/ruanjianxiazai/pycharm2026/datasets/dataset_2/train/images/nozzle_no_extrusion_0457.jpg,True,"train,val"
722,3d5d97b26bf527344355605b44e611b057b8468d9e2e64ba3feb5d84b37792c6,val,/mnt/d/ruanjianxiazai/pycharm2026/datasets/dataset_2/val/images/nozzle_clean_0464.jpg,True,"train,val"
723,0368dee02d83a96766599dcc2c46e6efb9dd37a9828f380bae55ad02c13cd67b,train,/mnt/d/ruanjianxiazai/pycharm2026/datasets/dataset_2/train/images/nozzle_no_extrusion_0458.jpg,True,"test,train"
723,0368dee02d83a96766599dcc2c46e6efb9dd37a9828f380bae55ad02c13cd67b,test,/mnt/d/ruanjianxiazai/pycharm2026/datasets/dataset_2/test/images/nozzle_clean_0465.jpg,True,"test,train"
724,15f4a88e9be9e6349029f642c02ba9f6ea7fb84ccadde5beaec463fd3664a8db,train,/mnt/d/ruanjianxiazai/pycharm2026/datasets/dataset_2/train/images/nozzle_no_extrusion_0460.jpg,True,"train,val"
724,15f4a88e9be9e6349029f642c02ba9f6ea7fb84ccadde5beaec463fd3664a8db,val,/mnt/d/ruanjianxiazai/pycharm2026/datasets/dataset_2/val/images/nozzle_clean_0467.jpg,True,"train,val"
725,06ebea79a8fca81b5b41520dd95a861b2486051c800fc4a9ca82e9c3d20d0ecd,train,/mnt/d/ruanjianxiazai/pycharm2026/datasets/dataset_2/train/images/nozzle_no_extrusion_0461.jpg,True,"test,train"
725,06ebea79a8fca81b5b41520dd95a861b2486051c800fc4a9ca82e9c3d20d0ecd,test,/mnt/d/ruanjianxiazai/pycharm2026/datasets/dataset_2/test/images/nozzle_clean_0468.jpg,True,"test,train"
726,d7f6ba42b0abe73d49ffb17fce39ad03e59e88fe4fe1d7f6e8c9dcb1d483949c,train,/mnt/d/ruanjianxiazai/pycharm2026/datasets/dataset_2/train/images/nozzle_no_extrusion_0463.jpg,True,"train,val"
726,d7f6ba42b0abe73d49ffb17fce39ad03e59e88fe4fe1d7f6e8c9dcb1d483949c,val,/mnt/d/ruanjianxiazai/pycharm2026/datasets/dataset_2/val/images/nozzle_clean_0470.jpg,True,"train,val"
727,f1a44849dc7b2b590104b15655a976d3cbdd0918eeed60ca3fe04a1701a288e8,train,/mnt/d/ruanjianxiazai/pycharm2026/datasets/dataset_2/train/images/nozzle_no_extrusion_0464.jpg,True,"train,val"
727,f1a44849dc7b2b590104b15655a976d3cbdd0918eeed60ca3fe04a1701a288e8,val,/mnt/d/ruanjianxiazai/pycharm2026/datasets/dataset_2/val/images/nozzle_clean_0471.jpg,True,"train,val"
728,60029b52ae62646fd51132fcbdf751e8bf9725812fbd11b062d4cc37dc5e3313,train,/mnt/d/ruanjianxiazai/pycharm2026/datasets/dataset_2/train/images/nozzle_no_extrusion_0467.jpg,True,"test,train"
728,60029b52ae62646fd51132fcbdf751e8bf9725812fbd11b062d4cc37dc5e3313,test,/mnt/d/ruanjianxiazai/pycharm2026/datasets/dataset_2/test/images/nozzle_clean_0474.jpg,True,"test,train"
729,c68ba9baed7c98bca9de1a6daa2b2f2abc678ba3a848d7ed867b23dd187f0888,train,/mnt/d/ruanjianxiazai/pycharm2026/datasets/dataset_2/train/images/nozzle_no_extrusion_0468.jpg,True,"train,val"
729,c68ba9baed7c98bca9de1a6daa2b2f2abc678ba3a848d7ed867b23dd187f0888,val,/mnt/d/ruanjianxiazai/pycharm2026/datasets/dataset_2/val/images/nozzle_clean_0475.jpg,True,"train,val"
730,d5ee1afd735361a7200024ab067b907f1b17c00957cb245cec95e584ce2b117c,train,/mnt/d/ruanjianxiazai/pycharm2026/datasets/dataset_2/train/images/nozzle_no_extrusion_0470.jpg,True,"train,val"
730,d5ee1afd735361a7200024ab067b907f1b17c00957cb245cec95e584ce2b117c,val,/mnt/d/ruanjianxiazai/pycharm2026/datasets/dataset_2/val/images/nozzle_clean_0477.jpg,True,"train,val"
731,ff472b9fbde6e8b9c64eb688574c3c7bbac1410ec182cd540f2ed5610be9f2bc,train,/mnt/d/ruanjianxiazai/pycharm2026/datasets/dataset_2/train/images/nozzle_no_extrusion_0472.jpg,True,"test,train"
731,ff472b9fbde6e8b9c64eb688574c3c7bbac1410ec182cd540f2ed5610be9f2bc,test,/mnt/d/ruanjianxiazai/pycharm2026/datasets/dataset_2/test/images/nozzle_clean_0479.jpg,True,"test,train"
732,4323aec88e33377566a620f5db5e4d56373ad05ecd481344fdc1a4ca6ee01f96,train,/mnt/d/ruanjianxiazai/pycharm2026/datasets/dataset_2/train/images/nozzle_no_extrusion_0473.jpg,True,"test,train"
732,4323aec88e33377566a620f5db5e4d56373ad05ecd481344fdc1a4ca6ee01f96,test,/mnt/d/ruanjianxiazai/pycharm2026/datasets/dataset_2/test/images/nozzle_clean_0480.jpg,True,"test,train"
733,5ebac29274d2cefb5b0c60a20b3345db9993b99d726e94ae97e7db86f59835da,train,/mnt/d/ruanjianxiazai/pycharm2026/datasets/dataset_2/train/images/nozzle_no_extrusion_0474.jpg,True,"train,val"
733,5ebac29274d2cefb5b0c60a20b3345db9993b99d726e94ae97e7db86f59835da,val,/mnt/d/ruanjianxiazai/pycharm2026/datasets/dataset_2/val/images/nozzle_clean_0481.jpg,True,"train,val"
734,985c645f39c9b5408058382344e5a55e8b1a9a88379eceb4298c869be8be9b92,train,/mnt/d/ruanjianxiazai/pycharm2026/datasets/dataset_2/train/images/nozzle_no_extrusion_0478.jpg,True,"train,val"
734,985c645f39c9b5408058382344e5a55e8b1a9a88379eceb4298c869be8be9b92,val,/mnt/d/ruanjianxiazai/pycharm2026/datasets/dataset_2/val/images/nozzle_clean_0485.jpg,True,"train,val"
735,bc8175d89484f8f143d19c178a7264ac93bc241d0724b9801513facd61e3ec44,train,/mnt/d/ruanjianxiazai/pycharm2026/datasets/dataset_2/train/images/nozzle_no_extrusion_0482.jpg,True,"train,val"
735,bc8175d89484f8f143d19c178a7264ac93bc241d0724b9801513facd61e3ec44,val,/mnt/d/ruanjianxiazai/pycharm2026/datasets/dataset_2/val/images/nozzle_clean_0489.jpg,True,"train,val"
736,176c0f9550a3a603a1f17bb9e9924410a1ac6761215d66fe4b864afa24a56564,train,/mnt/d/ruanjianxiazai/pycharm2026/datasets/dataset_2/train/images/nozzle_no_extrusion_0487.jpg,True,"train,val"
736,176c0f9550a3a603a1f17bb9e9924410a1ac6761215d66fe4b864afa24a56564,val,/mnt/d/ruanjianxiazai/pycharm2026/datasets/dataset_2/val/images/nozzle_clean_0494.jpg,True,"train,val"
737,aaa79b4560ecf31556f3a788efd48b763f8a9fd80a8220a6076c9a96986a2be7,train,/mnt/d/ruanjianxiazai/pycharm2026/datasets/dataset_2/train/images/nozzle_no_extrusion_0490.jpg,True,"train,val"
737,aaa79b4560ecf31556f3a788efd48b763f8a9fd80a8220a6076c9a96986a2be7,val,/mnt/d/ruanjianxiazai/pycharm2026/datasets/dataset_2/val/images/nozzle_clean_0497.jpg,True,"train,val"
738,5f706d2e6abbdeeb34c323b64d15aae9de6f0ab88d089e84e95cc6e2f4c88208,train,/mnt/d/ruanjianxiazai/pycharm2026/datasets/dataset_2/train/images/nozzle_no_extrusion_0493.jpg,True,"train,val"
738,5f706d2e6abbdeeb34c323b64d15aae9de6f0ab88d089e84e95cc6e2f4c88208,val,/mnt/d/ruanjianxiazai/pycharm2026/datasets/dataset_2/val/images/nozzle_clean_0500.jpg,True,"train,val"
739,fe7bf3861897a170113f17e2e1226da1698d45aae34dd7748a75ae6dd86678a8,train,/mnt/d/ruanjianxiazai/pycharm2026/datasets/dataset_2/train/images/nozzle_no_extrusion_0503.jpg,True,"test,train"
739,fe7bf3861897a170113f17e2e1226da1698d45aae34dd7748a75ae6dd86678a8,test,/mnt/d/ruanjianxiazai/pycharm2026/datasets/dataset_2/test/images/nozzle_clean_0510.jpg,True,"test,train"
740,b2608e185e3715ed5531f20814cf16d49d3f60f1ea05ab998304e422f2e079bd,train,/mnt/d/ruanjianxiazai/pycharm2026/datasets/dataset_2/train/images/nozzle_no_extrusion_0508.jpg,True,"train,val"
740,b2608e185e3715ed5531f20814cf16d49d3f60f1ea05ab998304e422f2e079bd,val,/mnt/d/ruanjianxiazai/pycharm2026/datasets/dataset_2/val/images/nozzle_clean_0515.jpg,True,"train,val"
741,c4f1f24d958a44ead7b55d2ff791a32ff532d7aef343125e1713154acd7c2910,train,/mnt/d/ruanjianxiazai/pycharm2026/datasets/dataset_2/train/images/nozzle_no_extrusion_0510.jpg,True,"train,val"
741,c4f1f24d958a44ead7b55d2ff791a32ff532d7aef343125e1713154acd7c2910,val,/mnt/d/ruanjianxiazai/pycharm2026/datasets/dataset_2/val/images/nozzle_clean_0517.jpg,True,"train,val"
742,244eb864f33a05f08ec0b1a50d1097290983bd291234b87605629a841c574d9c,train,/mnt/d/ruanjianxiazai/pycharm2026/datasets/dataset_2/train/images/nozzle_no_extrusion_0511.jpg,True,"train,val"
742,244eb864f33a05f08ec0b1a50d1097290983bd291234b87605629a841c574d9c,val,/mnt/d/ruanjianxiazai/pycharm2026/datasets/dataset_2/val/images/nozzle_clean_0518.jpg,True,"train,val"
743,22d0b08a1de804a737e6f8a92ae3cf87d10f05144a9e80eea03abaef981328bd,train,/mnt/d/ruanjianxiazai/pycharm2026/datasets/dataset_2/train/images/nozzle_no_extrusion_0517.jpg,True,"test,train"
743,22d0b08a1de804a737e6f8a92ae3cf87d10f05144a9e80eea03abaef981328bd,test,/mnt/d/ruanjianxiazai/pycharm2026/datasets/dataset_2/test/images/nozzle_clean_0524.jpg,True,"test,train"
744,ddc3a3b49d08c6d804849d61e08d1de9dac58638c437eafe0f704cdb7b3752d2,train,/mnt/d/ruanjianxiazai/pycharm2026/datasets/dataset_2/train/images/nozzle_no_extrusion_0519.jpg,True,"test,train"
744,ddc3a3b49d08c6d804849d61e08d1de9dac58638c437eafe0f704cdb7b3752d2,test,/mnt/d/ruanjianxiazai/pycharm2026/datasets/dataset_2/test/images/nozzle_clean_0526.jpg,True,"test,train"
745,99741c4766722e9aec23df5e42a6c1658ddc10af86efac233daec4dcab5a92d8,train,/mnt/d/ruanjianxiazai/pycharm2026/datasets/dataset_2/train/images/nozzle_no_extrusion_0529.jpg,True,"train,val"
745,99741c4766722e9aec23df5e42a6c1658ddc10af86efac233daec4dcab5a92d8,val,/mnt/d/ruanjianxiazai/pycharm2026/datasets/dataset_2/val/images/nozzle_clean_0536.jpg,True,"train,val"
746,f5ed479d2139c1ddfac13a678d4da70f9e73031c6172cf82689e6f6705b5f522,train,/mnt/d/ruanjianxiazai/pycharm2026/datasets/dataset_2/train/images/nozzle_no_extrusion_0531.jpg,True,"train,val"
746,f5ed479d2139c1ddfac13a678d4da70f9e73031c6172cf82689e6f6705b5f522,val,/mnt/d/ruanjianxiazai/pycharm2026/datasets/dataset_2/val/images/nozzle_clean_0538.jpg,True,"train,val"
747,ebc617c2cb58400969149a2693d6f681ccb3e48724a63fd73223a4d2fa0e19dc,train,/mnt/d/ruanjianxiazai/pycharm2026/datasets/dataset_2/train/images/nozzle_no_extrusion_0535.jpg,True,"test,train"
747,ebc617c2cb58400969149a2693d6f681ccb3e48724a63fd73223a4d2fa0e19dc,test,/mnt/d/ruanjianxiazai/pycharm2026/datasets/dataset_2/test/images/nozzle_clean_0542.jpg,True,"test,train"
748,ec9404b60313e3da0eb9ec4a7eba2dfaaee22fa42e2ad07744097c82e29441f7,train,/mnt/d/ruanjianxiazai/pycharm2026/datasets/dataset_2/train/images/nozzle_no_extrusion_0549.jpg,True,"test,train"
748,ec9404b60313e3da0eb9ec4a7eba2dfaaee22fa42e2ad07744097c82e29441f7,test,/mnt/d/ruanjianxiazai/pycharm2026/datasets/dataset_2/test/images/nozzle_clean_0556.jpg,True,"test,train"
749,0d350928a8261865089d1c7a5c948df5899a4c7119b22de1479d8df2e107cc37,train,/mnt/d/ruanjianxiazai/pycharm2026/datasets/dataset_2/train/images/nozzle_no_extrusion_0552.jpg,True,"train,val"
749,0d350928a8261865089d1c7a5c948df5899a4c7119b22de1479d8df2e107cc37,val,/mnt/d/ruanjianxiazai/pycharm2026/datasets/dataset_2/val/images/nozzle_clean_0559.jpg,True,"train,val"
750,4a4e38cc6febe9994d9865b4ed27b0b1c30e4b46b99bbbba90a6c4b779398482,train,/mnt/d/ruanjianxiazai/pycharm2026/datasets/dataset_2/train/images/nozzle_no_extrusion_0553.jpg,True,"train,val"
750,4a4e38cc6febe9994d9865b4ed27b0b1c30e4b46b99bbbba90a6c4b779398482,val,/mnt/d/ruanjianxiazai/pycharm2026/datasets/dataset_2/val/images/nozzle_clean_0560.jpg,True,"train,val"
751,14403c465771b72a2c319cf8b63ee1b8dc1784a8f39156f4d77dc0e673dad29a,train,/mnt/d/ruanjianxiazai/pycharm2026/datasets/dataset_2/train/images/nozzle_no_extrusion_0554.jpg,True,"test,train"
751,14403c465771b72a2c319cf8b63ee1b8dc1784a8f39156f4d77dc0e673dad29a,test,/mnt/d/ruanjianxiazai/pycharm2026/datasets/dataset_2/test/images/nozzle_clean_0561.jpg,True,"test,train"
752,8d0b1616353838c79ce8acf63f9ded594126490c8d14f392caf14179e2d470c2,train,/mnt/d/ruanjianxiazai/pycharm2026/datasets/dataset_2/train/images/nozzle_no_extrusion_0555.jpg,True,"test,train"
752,8d0b1616353838c79ce8acf63f9ded594126490c8d14f392caf14179e2d470c2,test,/mnt/d/ruanjianxiazai/pycharm2026/datasets/dataset_2/test/images/nozzle_clean_0562.jpg,True,"test,train"
753,0108a6b1b85ed0f591d0da4e1aa6beab1636cfb09403a6555cca0111761f9788,train,/mnt/d/ruanjianxiazai/pycharm2026/datasets/dataset_2/train/images/nozzle_no_extrusion_0556.jpg,True,"test,train"
753,0108a6b1b85ed0f591d0da4e1aa6beab1636cfb09403a6555cca0111761f9788,test,/mnt/d/ruanjianxiazai/pycharm2026/datasets/dataset_2/test/images/nozzle_clean_0563.jpg,True,"test,train"
754,4a094ef895147df82cc0ed745994818b116bce31cb422cdc442978b8f1af81c3,train,/mnt/d/ruanjianxiazai/pycharm2026/datasets/dataset_2/train/images/nozzle_no_extrusion_0557.jpg,True,"test,train"
754,4a094ef895147df82cc0ed745994818b116bce31cb422cdc442978b8f1af81c3,test,/mnt/d/ruanjianxiazai/pycharm2026/datasets/dataset_2/test/images/nozzle_clean_0564.jpg,True,"test,train"
755,c2466b5be45fdc26962db64c72ec13561433e546dff62a546a13d33a8e304d3a,train,/mnt/d/ruanjianxiazai/pycharm2026/datasets/dataset_2/train/images/nozzle_no_extrusion_0559.jpg,True,"test,train"
755,c2466b5be45fdc26962db64c72ec13561433e546dff62a546a13d33a8e304d3a,test,/mnt/d/ruanjianxiazai/pycharm2026/datasets/dataset_2/test/images/nozzle_clean_0566.jpg,True,"test,train"
756,e75f39433d46156027f778a909617c1ab240f4b736166cb08f77073f2f39f15c,train,/mnt/d/ruanjianxiazai/pycharm2026/datasets/dataset_2/train/images/nozzle_no_extrusion_0562.jpg,True,"test,train"
756,e75f39433d46156027f778a909617c1ab240f4b736166cb08f77073f2f39f15c,test,/mnt/d/ruanjianxiazai/pycharm2026/datasets/dataset_2/test/images/nozzle_clean_0569.jpg,True,"test,train"
757,bb9f1e36f4277c996524419ac0026496b29758266d026c6470f59c6b331c030d,train,/mnt/d/ruanjianxiazai/pycharm2026/datasets/dataset_2/train/images/nozzle_no_extrusion_0566.jpg,True,"test,train"
757,bb9f1e36f4277c996524419ac0026496b29758266d026c6470f59c6b331c030d,test,/mnt/d/ruanjianxiazai/pycharm2026/datasets/dataset_2/test/images/nozzle_clean_0573.jpg,True,"test,train"
758,d912b314226fb50d2672f5ac19526f49006020f000a1269786cc2f6081764eb1,train,/mnt/d/ruanjianxiazai/pycharm2026/datasets/dataset_2/train/images/nozzle_no_extrusion_0569.jpg,True,"train,val"
758,d912b314226fb50d2672f5ac19526f49006020f000a1269786cc2f6081764eb1,val,/mnt/d/ruanjianxiazai/pycharm2026/datasets/dataset_2/val/images/nozzle_clean_0576.jpg,True,"train,val"
759,5524402e88aa913b6aff3817a3c02e0502cf471b779818bfcac1dd092cb2b614,train,/mnt/d/ruanjianxiazai/pycharm2026/datasets/dataset_2/train/images/nozzle_no_extrusion_0573.jpg,True,"test,train"
759,5524402e88aa913b6aff3817a3c02e0502cf471b779818bfcac1dd092cb2b614,test,/mnt/d/ruanjianxiazai/pycharm2026/datasets/dataset_2/test/images/nozzle_clean_0580.jpg,True,"test,train"
760,ab9935a2a3614e15233029ded2d17fa929e4178afc7aac36bd3703b8f6a7290f,train,/mnt/d/ruanjianxiazai/pycharm2026/datasets/dataset_2/train/images/nozzle_no_extrusion_0574.jpg,True,"test,train"
760,ab9935a2a3614e15233029ded2d17fa929e4178afc7aac36bd3703b8f6a7290f,test,/mnt/d/ruanjianxiazai/pycharm2026/datasets/dataset_2/test/images/nozzle_clean_0581.jpg,True,"test,train"
761,b30a6c4ecfde151bfed5341fcb3c1074516574ec21dda52ae45cac6354b5fea8,train,/mnt/d/ruanjianxiazai/pycharm2026/datasets/dataset_2/train/images/nozzle_no_extrusion_0577.jpg,True,"test,train"
761,b30a6c4ecfde151bfed5341fcb3c1074516574ec21dda52ae45cac6354b5fea8,test,/mnt/d/ruanjianxiazai/pycharm2026/datasets/dataset_2/test/images/nozzle_clean_0584.jpg,True,"test,train"
762,f5ca829d8eeac75645e40dfde37388a33e130a48bf328162b326a8582b602453,train,/mnt/d/ruanjianxiazai/pycharm2026/datasets/dataset_2/train/images/nozzle_no_extrusion_0579.jpg,True,"train,val"
762,f5ca829d8eeac75645e40dfde37388a33e130a48bf328162b326a8582b602453,val,/mnt/d/ruanjianxiazai/pycharm2026/datasets/dataset_2/val/images/nozzle_clean_0586.jpg,True,"train,val"
763,1f8b6031b79a01430d77bc6505940fddcfac99236d62e489897a8aac0cc9754c,train,/mnt/d/ruanjianxiazai/pycharm2026/datasets/dataset_2/train/images/nozzle_no_extrusion_0585.jpg,True,"train,val"
763,1f8b6031b79a01430d77bc6505940fddcfac99236d62e489897a8aac0cc9754c,val,/mnt/d/ruanjianxiazai/pycharm2026/datasets/dataset_2/val/images/nozzle_clean_0592.jpg,True,"train,val"
764,b926303389d79c3d97692dd30b926ec239a8a34adf03450706dc372c2064f4c6,train,/mnt/d/ruanjianxiazai/pycharm2026/datasets/dataset_2/train/images/nozzle_no_extrusion_0587.jpg,True,"test,train"
764,b926303389d79c3d97692dd30b926ec239a8a34adf03450706dc372c2064f4c6,test,/mnt/d/ruanjianxiazai/pycharm2026/datasets/dataset_2/test/images/nozzle_clean_0594.jpg,True,"test,train"
765,14438c3cae875d664bf9474b17cd5e5f500c0f955f6a7940a1f60ec93b1c6916,train,/mnt/d/ruanjianxiazai/pycharm2026/datasets/dataset_2/train/images/nozzle_no_extrusion_0589.jpg,True,"test,train"
765,14438c3cae875d664bf9474b17cd5e5f500c0f955f6a7940a1f60ec93b1c6916,test,/mnt/d/ruanjianxiazai/pycharm2026/datasets/dataset_2/test/images/nozzle_clean_0596.jpg,True,"test,train"
766,2572f5b9655525d62dbb86bd759dfa6d2a474ef04af90345fea8b7f053a3c095,train,/mnt/d/ruanjianxiazai/pycharm2026/datasets/dataset_2/train/images/nozzle_no_extrusion_0593.jpg,True,"test,train"
766,2572f5b9655525d62dbb86bd759dfa6d2a474ef04af90345fea8b7f053a3c095,test,/mnt/d/ruanjianxiazai/pycharm2026/datasets/dataset_2/test/images/nozzle_clean_0600.jpg,True,"test,train"
767,6d6b2725f380de925e1497d9a94151668d61ace28b2f3970b46aa7fd4f191021,train,/mnt/d/ruanjianxiazai/pycharm2026/datasets/dataset_2/train/images/nozzle_no_extrusion_0604.jpg,True,"train,val"
767,6d6b2725f380de925e1497d9a94151668d61ace28b2f3970b46aa7fd4f191021,val,/mnt/d/ruanjianxiazai/pycharm2026/datasets/dataset_2/val/images/nozzle_clean_0611.jpg,True,"train,val"
768,d94cb7cffd601bfb6ab4316c3c7552291332042eb1a4d84917f0b9c5d75d514e,train,/mnt/d/ruanjianxiazai/pycharm2026/datasets/dataset_2/train/images/nozzle_no_extrusion_0609.jpg,True,"test,train"
768,d94cb7cffd601bfb6ab4316c3c7552291332042eb1a4d84917f0b9c5d75d514e,test,/mnt/d/ruanjianxiazai/pycharm2026/datasets/dataset_2/test/images/nozzle_clean_0616.jpg,True,"test,train"
769,7d5bb6e49f5f77a8b623d7bfe5e6efa14138e213259574938ee4fd2ad234e12a,train,/mnt/d/ruanjianxiazai/pycharm2026/datasets/dataset_2/train/images/nozzle_no_extrusion_0610.jpg,True,"test,train"
769,7d5bb6e49f5f77a8b623d7bfe5e6efa14138e213259574938ee4fd2ad234e12a,test,/mnt/d/ruanjianxiazai/pycharm2026/datasets/dataset_2/test/images/nozzle_clean_0617.jpg,True,"test,train"
770,97e9f5bde94ca86be61661c473cdf1b8b7e287a385604c552527c0835de90132,train,/mnt/d/ruanjianxiazai/pycharm2026/datasets/dataset_2/train/images/nozzle_no_extrusion_0615.jpg,True,"test,train"
770,97e9f5bde94ca86be61661c473cdf1b8b7e287a385604c552527c0835de90132,test,/mnt/d/ruanjianxiazai/pycharm2026/datasets/dataset_2/test/images/nozzle_clean_0622.jpg,True,"test,train"
771,602741559e2ca8d412c8b36f0e49d7d264742bde104b731e60f13e975a72afe6,train,/mnt/d/ruanjianxiazai/pycharm2026/datasets/dataset_2/train/images/nozzle_no_extrusion_0616.jpg,True,"train,val"
771,602741559e2ca8d412c8b36f0e49d7d264742bde104b731e60f13e975a72afe6,val,/mnt/d/ruanjianxiazai/pycharm2026/datasets/dataset_2/val/images/nozzle_clean_0623.jpg,True,"train,val"
772,3f5b94d549f1b244f0db0fdb3df3f599f614bc6661cabe2853fddff01761554b,train,/mnt/d/ruanjianxiazai/pycharm2026/datasets/dataset_2/train/images/nozzle_no_extrusion_0619.jpg,True,"test,train"
772,3f5b94d549f1b244f0db0fdb3df3f599f614bc6661cabe2853fddff01761554b,test,/mnt/d/ruanjianxiazai/pycharm2026/datasets/dataset_2/test/images/nozzle_clean_0626.jpg,True,"test,train"
773,bca6e5734974764a4566127672d1ae9a0fc1d08aa0ba1fc929f1ce96687eb6e0,train,/mnt/d/ruanjianxiazai/pycharm2026/datasets/dataset_2/train/images/nozzle_no_extrusion_0625.jpg,True,"train,val"
773,bca6e5734974764a4566127672d1ae9a0fc1d08aa0ba1fc929f1ce96687eb6e0,val,/mnt/d/ruanjianxiazai/pycharm2026/datasets/dataset_2/val/images/nozzle_clean_0632.jpg,True,"train,val"
774,342f966cc22a11ce2aa25007a84e4d913c713266101d189bbb4994f3ac201cc8,train,/mnt/d/ruanjianxiazai/pycharm2026/datasets/dataset_2/train/images/nozzle_no_extrusion_0627.jpg,True,"test,train"
774,342f966cc22a11ce2aa25007a84e4d913c713266101d189bbb4994f3ac201cc8,test,/mnt/d/ruanjianxiazai/pycharm2026/datasets/dataset_2/test/images/nozzle_clean_0634.jpg,True,"test,train"
775,966eec47536e5fd868e156877317083020bfa896ce8af8b6bec3d9a45eb325a2,train,/mnt/d/ruanjianxiazai/pycharm2026/datasets/dataset_2/train/images/nozzle_no_extrusion_0636.jpg,True,"train,val"
775,966eec47536e5fd868e156877317083020bfa896ce8af8b6bec3d9a45eb325a2,val,/mnt/d/ruanjianxiazai/pycharm2026/datasets/dataset_2/val/images/nozzle_clean_0643.jpg,True,"train,val"
776,1a2f1573f9bd4e56e9e0624288c3fe6d1f8722fafd239f85afc474717ed9908b,train,/mnt/d/ruanjianxiazai/pycharm2026/datasets/dataset_2/train/images/nozzle_no_extrusion_0641.jpg,True,"train,val"
776,1a2f1573f9bd4e56e9e0624288c3fe6d1f8722fafd239f85afc474717ed9908b,val,/mnt/d/ruanjianxiazai/pycharm2026/datasets/dataset_2/val/images/nozzle_clean_0648.jpg,True,"train,val"
777,c5f85545be57fffc553a00a821ce7b96cb8930853251d3cbff5d40b30a08cc95,train,/mnt/d/ruanjianxiazai/pycharm2026/datasets/dataset_2/train/images/nozzle_no_extrusion_0646.jpg,True,"test,train"
777,c5f85545be57fffc553a00a821ce7b96cb8930853251d3cbff5d40b30a08cc95,test,/mnt/d/ruanjianxiazai/pycharm2026/datasets/dataset_2/test/images/nozzle_clean_0653.jpg,True,"test,train"
778,5677e0c6f96764cfdaf0f3611098fa6aeeb9106d37cfb61a278639dcf8558a4f,train,/mnt/d/ruanjianxiazai/pycharm2026/datasets/dataset_2/train/images/nozzle_no_extrusion_0649.jpg,True,"test,train"
778,5677e0c6f96764cfdaf0f3611098fa6aeeb9106d37cfb61a278639dcf8558a4f,test,/mnt/d/ruanjianxiazai/pycharm2026/datasets/dataset_2/test/images/nozzle_clean_0656.jpg,True,"test,train"
779,423192817667f7a3fea84fe33719676888365a76fb2ffe6e0f71ce8e34c11481,train,/mnt/d/ruanjianxiazai/pycharm2026/datasets/dataset_2/train/images/nozzle_no_extrusion_0651.jpg,True,"train,val"
779,423192817667f7a3fea84fe33719676888365a76fb2ffe6e0f71ce8e34c11481,val,/mnt/d/ruanjianxiazai/pycharm2026/datasets/dataset_2/val/images/nozzle_clean_0658.jpg,True,"train,val"
780,3276c4bd9af56d3e2fd5ddfec528faa7d56ede39010d913efe456cdb1a313412,train,/mnt/d/ruanjianxiazai/pycharm2026/datasets/dataset_2/train/images/nozzle_no_extrusion_0663.jpg,True,"test,train"
780,3276c4bd9af56d3e2fd5ddfec528faa7d56ede39010d913efe456cdb1a313412,test,/mnt/d/ruanjianxiazai/pycharm2026/datasets/dataset_2/test/images/nozzle_clean_0670.jpg,True,"test,train"
781,f4732f158109a893476bf67b6115fd8df92e4b3e4ee1d8b6851249c004f437b7,train,/mnt/d/ruanjianxiazai/pycharm2026/datasets/dataset_2/train/images/nozzle_no_extrusion_0680.jpg,True,"test,train"
781,f4732f158109a893476bf67b6115fd8df92e4b3e4ee1d8b6851249c004f437b7,test,/mnt/d/ruanjianxiazai/pycharm2026/datasets/dataset_2/test/images/nozzle_clean_0687.jpg,True,"test,train"
782,9bb04f0d54a7f9f97a4fbe103b005de44ab3b44c673bba3ed3ac171212cb4345,train,/mnt/d/ruanjianxiazai/pycharm2026/datasets/dataset_2/train/images/nozzle_no_extrusion_0687.jpg,True,"test,train"
782,9bb04f0d54a7f9f97a4fbe103b005de44ab3b44c673bba3ed3ac171212cb4345,test,/mnt/d/ruanjianxiazai/pycharm2026/datasets/dataset_2/test/images/nozzle_clean_0694.jpg,True,"test,train"
783,3b6fa151a1a45c72aad7782ca31f40c461886755237837b663c57fcb60dd4b04,train,/mnt/d/ruanjianxiazai/pycharm2026/datasets/dataset_2/train/images/nozzle_no_extrusion_0689.jpg,True,"train,val"
783,3b6fa151a1a45c72aad7782ca31f40c461886755237837b663c57fcb60dd4b04,val,/mnt/d/ruanjianxiazai/pycharm2026/datasets/dataset_2/val/images/nozzle_clean_0696.jpg,True,"train,val"
784,9a2969de2729e4c48080180355dae1c2c1d28d1c48bf4ded872aa3110dc55d72,train,/mnt/d/ruanjianxiazai/pycharm2026/datasets/dataset_2/train/images/nozzle_no_extrusion_0694.jpg,True,"test,train"
784,9a2969de2729e4c48080180355dae1c2c1d28d1c48bf4ded872aa3110dc55d72,test,/mnt/d/ruanjianxiazai/pycharm2026/datasets/dataset_2/test/images/nozzle_clean_0701.jpg,True,"test,train"
785,a8d3c46301ced70c96e0fa7a8c8c88e454e07051d4ee637a2f6cc3509e69a0c7,train,/mnt/d/ruanjianxiazai/pycharm2026/datasets/dataset_2/train/images/nozzle_no_extrusion_0705.jpg,True,"test,train"
785,a8d3c46301ced70c96e0fa7a8c8c88e454e07051d4ee637a2f6cc3509e69a0c7,test,/mnt/d/ruanjianxiazai/pycharm2026/datasets/dataset_2/test/images/nozzle_clean_0712.jpg,True,"test,train"
786,5af51c258022d7da0715bcdd146cef327ec24ec86cb4dd136b9240219f07dafb,train,/mnt/d/ruanjianxiazai/pycharm2026/datasets/dataset_2/train/images/nozzle_no_extrusion_0710.jpg,True,"train,val"
786,5af51c258022d7da0715bcdd146cef327ec24ec86cb4dd136b9240219f07dafb,val,/mnt/d/ruanjianxiazai/pycharm2026/datasets/dataset_2/val/images/nozzle_clean_0717.jpg,True,"train,val"
787,d9872e9f310615fadca5e7dff844eadc586ee9bb0f66acf7ade0c4d6d97f7e9c,train,/mnt/d/ruanjianxiazai/pycharm2026/datasets/dataset_2/train/images/nozzle_no_extrusion_0714.jpg,True,"test,train"
787,d9872e9f310615fadca5e7dff844eadc586ee9bb0f66acf7ade0c4d6d97f7e9c,test,/mnt/d/ruanjianxiazai/pycharm2026/datasets/dataset_2/test/images/nozzle_clean_0721.jpg,True,"test,train"
788,fc119406b262cbf78ee6c2a1edfc9cb5379d532857f9b1a86d89f9fef88d9668,train,/mnt/d/ruanjianxiazai/pycharm2026/datasets/dataset_2/train/images/nozzle_no_extrusion_0736.jpg,True,"train,val"
788,fc119406b262cbf78ee6c2a1edfc9cb5379d532857f9b1a86d89f9fef88d9668,val,/mnt/d/ruanjianxiazai/pycharm2026/datasets/dataset_2/val/images/nozzle_clean_0743.jpg,True,"train,val"
789,41bdef76b0d2939bd6b1f71c3836219d4867abe14ef8db9dfea1ce18f1ec6461,train,/mnt/d/ruanjianxiazai/pycharm2026/datasets/dataset_2/train/images/nozzle_no_extrusion_0737.jpg,True,"test,train"
789,41bdef76b0d2939bd6b1f71c3836219d4867abe14ef8db9dfea1ce18f1ec6461,test,/mnt/d/ruanjianxiazai/pycharm2026/datasets/dataset_2/test/images/nozzle_clean_0744.jpg,True,"test,train"
790,1c9cf587c3781e8d3ba8874acb9f8ebccb828447d8b88fbba45bfd90e1a7f23d,train,/mnt/d/ruanjianxiazai/pycharm2026/datasets/dataset_2/train/images/nozzle_no_extrusion_0748.jpg,True,"train,val"
790,1c9cf587c3781e8d3ba8874acb9f8ebccb828447d8b88fbba45bfd90e1a7f23d,val,/mnt/d/ruanjianxiazai/pycharm2026/datasets/dataset_2/val/images/nozzle_clean_0755.jpg,True,"train,val"
791,9cedc2ec2bd31956b60df75b3ff6bdb7c93aef5bc795ef65c70f87442e36da67,train,/mnt/d/ruanjianxiazai/pycharm2026/datasets/dataset_2/train/images/nozzle_no_extrusion_0749.jpg,True,"test,train"
791,9cedc2ec2bd31956b60df75b3ff6bdb7c93aef5bc795ef65c70f87442e36da67,test,/mnt/d/ruanjianxiazai/pycharm2026/datasets/dataset_2/test/images/nozzle_clean_0756.jpg,True,"test,train"
792,007a1b122929f6fc1b1b255102300e8d11644e595d3203ee9b7a477a13d00a77,train,/mnt/d/ruanjianxiazai/pycharm2026/datasets/dataset_2/train/images/nozzle_no_extrusion_0751.jpg,True,"train,val"
792,007a1b122929f6fc1b1b255102300e8d11644e595d3203ee9b7a477a13d00a77,val,/mnt/d/ruanjianxiazai/pycharm2026/datasets/dataset_2/val/images/nozzle_clean_0758.jpg,True,"train,val"
793,a2b336704c770dc640d5558c0739b9f549e09d398025ddbf0110251a69d3d738,train,/mnt/d/ruanjianxiazai/pycharm2026/datasets/dataset_2/train/images/nozzle_no_extrusion_0752.jpg,True,"test,train"
793,a2b336704c770dc640d5558c0739b9f549e09d398025ddbf0110251a69d3d738,test,/mnt/d/ruanjianxiazai/pycharm2026/datasets/dataset_2/test/images/nozzle_clean_0759.jpg,True,"test,train"
794,1dec5f017ecf29028688cca4790602ee9e1ab867e3af1c48dcab6d2bda79b983,train,/mnt/d/ruanjianxiazai/pycharm2026/datasets/dataset_2/train/images/nozzle_no_extrusion_0757.jpg,True,"test,train"
794,1dec5f017ecf29028688cca4790602ee9e1ab867e3af1c48dcab6d2bda79b983,test,/mnt/d/ruanjianxiazai/pycharm2026/datasets/dataset_2/test/images/nozzle_clean_0764.jpg,True,"test,train"
795,880b04a3d801092aae7a66242c1cc06ae602b5a785d62838b62a8e7793014c52,train,/mnt/d/ruanjianxiazai/pycharm2026/datasets/dataset_2/train/images/nozzle_no_extrusion_0758.jpg,True,"test,train"
795,880b04a3d801092aae7a66242c1cc06ae602b5a785d62838b62a8e7793014c52,test,/mnt/d/ruanjianxiazai/pycharm2026/datasets/dataset_2/test/images/nozzle_clean_0765.jpg,True,"test,train"
796,42150878c78d168b130e06ad1324078384811549d2b30c7d8edfd052f15f32c7,train,/mnt/d/ruanjianxiazai/pycharm2026/datasets/dataset_2/train/images/nozzle_no_extrusion_0760.jpg,True,"test,train"
796,42150878c78d168b130e06ad1324078384811549d2b30c7d8edfd052f15f32c7,test,/mnt/d/ruanjianxiazai/pycharm2026/datasets/dataset_2/test/images/nozzle_clean_0767.jpg,True,"test,train"
797,690358ed622d019a070ea82ab4c2c608aa127078441ce307962adaf41c2c861c,train,/mnt/d/ruanjianxiazai/pycharm2026/datasets/dataset_2/train/images/nozzle_no_extrusion_0765.jpg,True,"test,train"
797,690358ed622d019a070ea82ab4c2c608aa127078441ce307962adaf41c2c861c,test,/mnt/d/ruanjianxiazai/pycharm2026/datasets/dataset_2/test/images/nozzle_clean_0772.jpg,True,"test,train"
798,f47fd0b0b8a30477d4bddbf40766096246d600012fcf471dd1236bde9826c4b9,train,/mnt/d/ruanjianxiazai/pycharm2026/datasets/dataset_2/train/images/nozzle_no_extrusion_0771.jpg,True,"train,val"
798,f47fd0b0b8a30477d4bddbf40766096246d600012fcf471dd1236bde9826c4b9,val,/mnt/d/ruanjianxiazai/pycharm2026/datasets/dataset_2/val/images/nozzle_clean_0778.jpg,True,"train,val"
799,5fceb82237382ea79ac796410fea9cf05ef76e2b31288e8a111df7acb3bfe077,train,/mnt/d/ruanjianxiazai/pycharm2026/datasets/dataset_2/train/images/nozzle_no_extrusion_0773.jpg,True,"train,val"
799,5fceb82237382ea79ac796410fea9cf05ef76e2b31288e8a111df7acb3bfe077,val,/mnt/d/ruanjianxiazai/pycharm2026/datasets/dataset_2/val/images/nozzle_clean_0780.jpg,True,"train,val"
800,c6592e0241f063e34da9641226edf92ffb1bc9ccc79ff0b20c98ec96452df7fd,train,/mnt/d/ruanjianxiazai/pycharm2026/datasets/dataset_2/train/images/nozzle_no_extrusion_0777.jpg,True,"train,val"
800,c6592e0241f063e34da9641226edf92ffb1bc9ccc79ff0b20c98ec96452df7fd,val,/mnt/d/ruanjianxiazai/pycharm2026/datasets/dataset_2/val/images/nozzle_clean_0784.jpg,True,"train,val"
801,2db23d449b6ba1de25cfa176e321786fd63f4aaf3cf562ffbb11bb69a3c8f74b,train,/mnt/d/ruanjianxiazai/pycharm2026/datasets/dataset_2/train/images/nozzle_no_extrusion_0788.jpg,True,"train,val"
801,2db23d449b6ba1de25cfa176e321786fd63f4aaf3cf562ffbb11bb69a3c8f74b,val,/mnt/d/ruanjianxiazai/pycharm2026/datasets/dataset_2/val/images/nozzle_clean_0795.jpg,True,"train,val"
802,2e32b926c03237e1dd361b714c963303f6136af300bdd5d55f109ab3ff7f163e,train,/mnt/d/ruanjianxiazai/pycharm2026/datasets/dataset_2/train/images/nozzle_no_extrusion_0795.jpg,True,"test,train"
802,2e32b926c03237e1dd361b714c963303f6136af300bdd5d55f109ab3ff7f163e,test,/mnt/d/ruanjianxiazai/pycharm2026/datasets/dataset_2/test/images/nozzle_clean_0802.jpg,True,"test,train"
803,bed3212cf4a967b278a0a41efd147262ebaf9e8563acbf0957012629cb8bd2ec,train,/mnt/d/ruanjianxiazai/pycharm2026/datasets/dataset_2/train/images/nozzle_no_extrusion_0799.jpg,True,"test,train"
803,bed3212cf4a967b278a0a41efd147262ebaf9e8563acbf0957012629cb8bd2ec,test,/mnt/d/ruanjianxiazai/pycharm2026/datasets/dataset_2/test/images/nozzle_clean_0806.jpg,True,"test,train"
804,a789f8bf4f0b7e1d940227d92dcaf0ec2101c71ad4ee38eddc3a12f28332e887,train,/mnt/d/ruanjianxiazai/pycharm2026/datasets/dataset_2/train/images/nozzle_no_extrusion_0803.jpg,True,"train,val"
804,a789f8bf4f0b7e1d940227d92dcaf0ec2101c71ad4ee38eddc3a12f28332e887,val,/mnt/d/ruanjianxiazai/pycharm2026/datasets/dataset_2/val/images/nozzle_clean_0810.jpg,True,"train,val"
805,9ff9f430a2f56a7e6d2a11b5b4bcb83b11996479409640c6cad23ddaea5b6e26,train,/mnt/d/ruanjianxiazai/pycharm2026/datasets/dataset_2/train/images/nozzle_no_extrusion_0815.jpg,True,"train,val"
805,9ff9f430a2f56a7e6d2a11b5b4bcb83b11996479409640c6cad23ddaea5b6e26,val,/mnt/d/ruanjianxiazai/pycharm2026/datasets/dataset_2/val/images/nozzle_clean_0822.jpg,True,"train,val"
806,df6f4f69d62d36ac85b9908d2230a8a81cc8819d5135991ffdd1798cbe5e11e9,train,/mnt/d/ruanjianxiazai/pycharm2026/datasets/dataset_2/train/images/nozzle_no_extrusion_0820.jpg,True,"test,train"
806,df6f4f69d62d36ac85b9908d2230a8a81cc8819d5135991ffdd1798cbe5e11e9,test,/mnt/d/ruanjianxiazai/pycharm2026/datasets/dataset_2/test/images/nozzle_clean_0827.jpg,True,"test,train"
807,5ff74796fbb6bf6aad8f272521a2bdef57d3c2d15d039ce162473868828f5e22,train,/mnt/d/ruanjianxiazai/pycharm2026/datasets/dataset_2/train/images/nozzle_no_extrusion_0827.jpg,True,"test,train"
807,5ff74796fbb6bf6aad8f272521a2bdef57d3c2d15d039ce162473868828f5e22,test,/mnt/d/ruanjianxiazai/pycharm2026/datasets/dataset_2/test/images/nozzle_clean_0834.jpg,True,"test,train"
808,3b56602a6c112bd90dca3de5a1d0fc939aeeb10c488d2c79336ea873c6a1b8c6,train,/mnt/d/ruanjianxiazai/pycharm2026/datasets/dataset_2/train/images/nozzle_no_extrusion_0830.jpg,True,"test,train"
808,3b56602a6c112bd90dca3de5a1d0fc939aeeb10c488d2c79336ea873c6a1b8c6,test,/mnt/d/ruanjianxiazai/pycharm2026/datasets/dataset_2/test/images/nozzle_clean_0837.jpg,True,"test,train"
809,9c809ce5f32bfb06f6fdeec344408c1607eafce52e267a85ee742f2f3a65a6b8,train,/mnt/d/ruanjianxiazai/pycharm2026/datasets/dataset_2/train/images/nozzle_no_extrusion_0833.jpg,True,"train,val"
809,9c809ce5f32bfb06f6fdeec344408c1607eafce52e267a85ee742f2f3a65a6b8,val,/mnt/d/ruanjianxiazai/pycharm2026/datasets/dataset_2/val/images/nozzle_clean_0840.jpg,True,"train,val"
810,aaccf14612eb87fa7bf263f68691ff90f50dbfd52ef52c7a73f5a4baabcdc244,train,/mnt/d/ruanjianxiazai/pycharm2026/datasets/dataset_2/train/images/nozzle_no_extrusion_0841.jpg,True,"test,train"
810,aaccf14612eb87fa7bf263f68691ff90f50dbfd52ef52c7a73f5a4baabcdc244,test,/mnt/d/ruanjianxiazai/pycharm2026/datasets/dataset_2/test/images/nozzle_clean_0848.jpg,True,"test,train"
811,1c7e2360f4ea39f5b5b17056dea25cef457ef826c12f78df184b4e500483e824,train,/mnt/d/ruanjianxiazai/pycharm2026/datasets/dataset_2/train/images/nozzle_no_extrusion_0844.jpg,True,"train,val"
811,1c7e2360f4ea39f5b5b17056dea25cef457ef826c12f78df184b4e500483e824,val,/mnt/d/ruanjianxiazai/pycharm2026/datasets/dataset_2/val/images/nozzle_clean_0851.jpg,True,"train,val"
812,b8c0ff7fc13428d4cf7a7ee8fbe456ea9d426970fe5fb38e8a3cb91a508ec0a1,train,/mnt/d/ruanjianxiazai/pycharm2026/datasets/dataset_2/train/images/nozzle_no_extrusion_0857.jpg,True,"test,train"
812,b8c0ff7fc13428d4cf7a7ee8fbe456ea9d426970fe5fb38e8a3cb91a508ec0a1,test,/mnt/d/ruanjianxiazai/pycharm2026/datasets/dataset_2/test/images/nozzle_clean_0864.jpg,True,"test,train"
813,d07ebd68c140713b2cf7d2ade3f3161a9e34bd9bc641846fa44a7079d734b769,train,/mnt/d/ruanjianxiazai/pycharm2026/datasets/dataset_2/train/images/nozzle_no_extrusion_0861.jpg,True,"test,train"
813,d07ebd68c140713b2cf7d2ade3f3161a9e34bd9bc641846fa44a7079d734b769,test,/mnt/d/ruanjianxiazai/pycharm2026/datasets/dataset_2/test/images/nozzle_clean_0868.jpg,True,"test,train"
814,ec92a1abb801ca1a1c29ad54be2f830d527fe5acd20389d4558d8a26af32268a,train,/mnt/d/ruanjianxiazai/pycharm2026/datasets/dataset_2/train/images/nozzle_no_extrusion_0864.jpg,True,"test,train"
814,ec92a1abb801ca1a1c29ad54be2f830d527fe5acd20389d4558d8a26af32268a,test,/mnt/d/ruanjianxiazai/pycharm2026/datasets/dataset_2/test/images/nozzle_clean_0871.jpg,True,"test,train"
815,cf9ba4448f848762aa4b3a0635662beeee6b28bd93017ab1e759a028d70db548,train,/mnt/d/ruanjianxiazai/pycharm2026/datasets/dataset_2/train/images/nozzle_no_extrusion_0877.jpg,True,"train,val"
815,cf9ba4448f848762aa4b3a0635662beeee6b28bd93017ab1e759a028d70db548,val,/mnt/d/ruanjianxiazai/pycharm2026/datasets/dataset_2/val/images/nozzle_clean_0884.jpg,True,"train,val"
816,c922e61d06411b921bc8da785f687a27c2556e4df023e6568b27b646a7e40ccb,train,/mnt/d/ruanjianxiazai/pycharm2026/datasets/dataset_2/train/images/nozzle_no_extrusion_0878.jpg,True,"test,train"
816,c922e61d06411b921bc8da785f687a27c2556e4df023e6568b27b646a7e40ccb,test,/mnt/d/ruanjianxiazai/pycharm2026/datasets/dataset_2/test/images/nozzle_clean_0885.jpg,True,"test,train"
817,c32d0c9ae3522783127b6190e8296fc2aa7b3f7728e7f88011bbb42ccf07a870,train,/mnt/d/ruanjianxiazai/pycharm2026/datasets/dataset_2/train/images/nozzle_no_extrusion_0881.jpg,True,"test,train"
817,c32d0c9ae3522783127b6190e8296fc2aa7b3f7728e7f88011bbb42ccf07a870,test,/mnt/d/ruanjianxiazai/pycharm2026/datasets/dataset_2/test/images/nozzle_clean_0888.jpg,True,"test,train"
818,993fe31dd1c8d6c3072c3aab4f8563098d8244b4c8893545c7e3b4da90a00a43,train,/mnt/d/ruanjianxiazai/pycharm2026/datasets/dataset_2/train/images/nozzle_no_extrusion_0882.jpg,True,"train,val"
818,993fe31dd1c8d6c3072c3aab4f8563098d8244b4c8893545c7e3b4da90a00a43,val,/mnt/d/ruanjianxiazai/pycharm2026/datasets/dataset_2/val/images/nozzle_clean_0889.jpg,True,"train,val"
819,67ebadd4a5ee98347712226d6a85ee095d1c0ca06ef28d27a74b3a8181995ca3,train,/mnt/d/ruanjianxiazai/pycharm2026/datasets/dataset_2/train/images/nozzle_no_extrusion_0888.jpg,True,"test,train"
819,67ebadd4a5ee98347712226d6a85ee095d1c0ca06ef28d27a74b3a8181995ca3,test,/mnt/d/ruanjianxiazai/pycharm2026/datasets/dataset_2/test/images/nozzle_clean_0895.jpg,True,"test,train"
820,65d332cc444ae264ee938556951a2890534bf80ae592cc2b802bbd6b25dc7518,train,/mnt/d/ruanjianxiazai/pycharm2026/datasets/dataset_2/train/images/nozzle_no_extrusion_0890.jpg,True,"train,val"
820,65d332cc444ae264ee938556951a2890534bf80ae592cc2b802bbd6b25dc7518,val,/mnt/d/ruanjianxiazai/pycharm2026/datasets/dataset_2/val/images/nozzle_clean_0897.jpg,True,"train,val"
821,92eda012f3c86fcdcae501983898ddc9afe8934e18736933652be49e3530ef0f,train,/mnt/d/ruanjianxiazai/pycharm2026/datasets/dataset_2/train/images/nozzle_no_extrusion_0891.jpg,True,"test,train"
821,92eda012f3c86fcdcae501983898ddc9afe8934e18736933652be49e3530ef0f,test,/mnt/d/ruanjianxiazai/pycharm2026/datasets/dataset_2/test/images/nozzle_clean_0898.jpg,True,"test,train"
822,d3311206266e131803e6e1eac6ee81c60b904665eb4bca83ff5b360a924532de,train,/mnt/d/ruanjianxiazai/pycharm2026/datasets/dataset_2/train/images/nozzle_no_extrusion_0899.jpg,True,"train,val"
822,d3311206266e131803e6e1eac6ee81c60b904665eb4bca83ff5b360a924532de,val,/mnt/d/ruanjianxiazai/pycharm2026/datasets/dataset_2/val/images/nozzle_clean_0906.jpg,True,"train,val"
823,6c7cd1c45859091ba713f6188dd66684a17bfcb044d167b683e265888f07beb2,train,/mnt/d/ruanjianxiazai/pycharm2026/datasets/dataset_2/train/images/nozzle_no_extrusion_0905.jpg,True,"test,train"
823,6c7cd1c45859091ba713f6188dd66684a17bfcb044d167b683e265888f07beb2,test,/mnt/d/ruanjianxiazai/pycharm2026/datasets/dataset_2/test/images/nozzle_clean_0912.jpg,True,"test,train"
824,2c7c7771d763dc922eb85c7dc6a1045a66286adf3b6af86c00c75a460b369c72,train,/mnt/d/ruanjianxiazai/pycharm2026/datasets/dataset_2/train/images/nozzle_no_extrusion_0906.jpg,True,"test,train"
824,2c7c7771d763dc922eb85c7dc6a1045a66286adf3b6af86c00c75a460b369c72,test,/mnt/d/ruanjianxiazai/pycharm2026/datasets/dataset_2/test/images/nozzle_clean_0913.jpg,True,"test,train"
825,01e268f8004b32e3cf572dfcacf639281ba0e107a759f7d708177a6de95f6112,train,/mnt/d/ruanjianxiazai/pycharm2026/datasets/dataset_2/train/images/nozzle_no_extrusion_0909.jpg,True,"test,train"
825,01e268f8004b32e3cf572dfcacf639281ba0e107a759f7d708177a6de95f6112,test,/mnt/d/ruanjianxiazai/pycharm2026/datasets/dataset_2/test/images/nozzle_clean_0916.jpg,True,"test,train"
826,74c239b05fd4dea12d0ce500a61ae8d34f645b501f1f7f2ef7f06266e5383a13,train,/mnt/d/ruanjianxiazai/pycharm2026/datasets/dataset_2/train/images/nozzle_no_extrusion_0913.jpg,True,"train,val"
826,74c239b05fd4dea12d0ce500a61ae8d34f645b501f1f7f2ef7f06266e5383a13,val,/mnt/d/ruanjianxiazai/pycharm2026/datasets/dataset_2/val/images/nozzle_clean_0920.jpg,True,"train,val"
827,3312083c372fe8a61e38f26677422f5e4ca8549d80d23980dafd5d69808cba1d,val,/mnt/d/ruanjianxiazai/pycharm2026/datasets/dataset_2/val/images/nozzle_clean_0033.jpg,False,val
827,3312083c372fe8a61e38f26677422f5e4ca8549d80d23980dafd5d69808cba1d,val,/mnt/d/ruanjianxiazai/pycharm2026/datasets/dataset_2/val/images/nozzle_no_extrusion_0026.jpg,False,val
828,09fcbbcf2709b0052196fb1cce699c727ead893d62e3e2f9eda3ea7b130c133f,val,/mnt/d/ruanjianxiazai/pycharm2026/datasets/dataset_2/val/images/nozzle_clean_0084.jpg,False,val
828,09fcbbcf2709b0052196fb1cce699c727ead893d62e3e2f9eda3ea7b130c133f,val,/mnt/d/ruanjianxiazai/pycharm2026/datasets/dataset_2/val/images/nozzle_no_extrusion_0077.jpg,False,val
829,11efba24fee2bc24f9c5298ec108d492ba38714d1b939179676336d0e2591ae7,val,/mnt/d/ruanjianxiazai/pycharm2026/datasets/dataset_2/val/images/nozzle_clean_0089.jpg,True,"test,val"
829,11efba24fee2bc24f9c5298ec108d492ba38714d1b939179676336d0e2591ae7,test,/mnt/d/ruanjianxiazai/pycharm2026/datasets/dataset_2/test/images/nozzle_no_extrusion_0082.jpg,True,"test,val"
830,933da0bae778012be6219115b839a4fbd69f0dd7641f03d00db19fccaa95b2de,val,/mnt/d/ruanjianxiazai/pycharm2026/datasets/dataset_2/val/images/nozzle_clean_0102.jpg,True,"test,val"
830,933da0bae778012be6219115b839a4fbd69f0dd7641f03d00db19fccaa95b2de,test,/mnt/d/ruanjianxiazai/pycharm2026/datasets/dataset_2/test/images/nozzle_no_extrusion_0095.jpg,True,"test,val"
831,74e95defe7ce741e3714a6d19bd0acab3004c624329ca9e2189d5a08771f5309,val,/mnt/d/ruanjianxiazai/pycharm2026/datasets/dataset_2/val/images/nozzle_clean_0118.jpg,True,"test,val"
831,74e95defe7ce741e3714a6d19bd0acab3004c624329ca9e2189d5a08771f5309,test,/mnt/d/ruanjianxiazai/pycharm2026/datasets/dataset_2/test/images/nozzle_no_extrusion_0111.jpg,True,"test,val"
832,2ed9667aa6dacb920d92fd9c14b211f2bf064c4a12e2964bd5a31703d1a383d4,val,/mnt/d/ruanjianxiazai/pycharm2026/datasets/dataset_2/val/images/nozzle_clean_0147.jpg,False,val
832,2ed9667aa6dacb920d92fd9c14b211f2bf064c4a12e2964bd5a31703d1a383d4,val,/mnt/d/ruanjianxiazai/pycharm2026/datasets/dataset_2/val/images/nozzle_no_extrusion_0140.jpg,False,val
833,524be4a13a88cea01b96b914108a81fc2cfd231c325cbea40e7e026bd9e5745e,val,/mnt/d/ruanjianxiazai/pycharm2026/datasets/dataset_2/val/images/nozzle_clean_0150.jpg,True,"test,val"
833,524be4a13a88cea01b96b914108a81fc2cfd231c325cbea40e7e026bd9e5745e,test,/mnt/d/ruanjianxiazai/pycharm2026/datasets/dataset_2/test/images/nozzle_no_extrusion_0143.jpg,True,"test,val"
834,b9c413662598d0ebdeab07430e0aacff087e873ef11154d5479f5ff4b2d353e8,val,/mnt/d/ruanjianxiazai/pycharm2026/datasets/dataset_2/val/images/nozzle_clean_0164.jpg,False,val
834,b9c413662598d0ebdeab07430e0aacff087e873ef11154d5479f5ff4b2d353e8,val,/mnt/d/ruanjianxiazai/pycharm2026/datasets/dataset_2/val/images/nozzle_no_extrusion_0157.jpg,False,val
835,bce6d58c6263bc36b16fe203369be47936c01dc9a36a0bf12f28fa1fc2b4d454,val,/mnt/d/ruanjianxiazai/pycharm2026/datasets/dataset_2/val/images/nozzle_clean_0186.jpg,True,"test,val"
835,bce6d58c6263bc36b16fe203369be47936c01dc9a36a0bf12f28fa1fc2b4d454,test,/mnt/d/ruanjianxiazai/pycharm2026/datasets/dataset_2/test/images/nozzle_no_extrusion_0179.jpg,True,"test,val"
836,4479e919783a7cc0293f7b7beb6b6c362d88856d0cec083d3bf0253b3d196a54,val,/mnt/d/ruanjianxiazai/pycharm2026/datasets/dataset_2/val/images/nozzle_clean_0188.jpg,False,val
836,4479e919783a7cc0293f7b7beb6b6c362d88856d0cec083d3bf0253b3d196a54,val,/mnt/d/ruanjianxiazai/pycharm2026/datasets/dataset_2/val/images/nozzle_no_extrusion_0181.jpg,False,val
837,b0d819a34c6059d116ba1462e31959fc9a495d993a1bf09bbf2525352c2818f9,val,/mnt/d/ruanjianxiazai/pycharm2026/datasets/dataset_2/val/images/nozzle_clean_0211.jpg,True,"test,val"
837,b0d819a34c6059d116ba1462e31959fc9a495d993a1bf09bbf2525352c2818f9,test,/mnt/d/ruanjianxiazai/pycharm2026/datasets/dataset_2/test/images/nozzle_no_extrusion_0204.jpg,True,"test,val"
838,c71fe651457c75a1c7fe8df9361a8e92dc2b8e84364739864713ba91df55af6b,val,/mnt/d/ruanjianxiazai/pycharm2026/datasets/dataset_2/val/images/nozzle_clean_0219.jpg,True,"test,val"
838,c71fe651457c75a1c7fe8df9361a8e92dc2b8e84364739864713ba91df55af6b,test,/mnt/d/ruanjianxiazai/pycharm2026/datasets/dataset_2/test/images/nozzle_no_extrusion_0212.jpg,True,"test,val"
839,51279a631a1b23bc961cbb0c3e150bc932db2fa31b8997a3acc03bb631ba00b5,val,/mnt/d/ruanjianxiazai/pycharm2026/datasets/dataset_2/val/images/nozzle_clean_0229.jpg,False,val
839,51279a631a1b23bc961cbb0c3e150bc932db2fa31b8997a3acc03bb631ba00b5,val,/mnt/d/ruanjianxiazai/pycharm2026/datasets/dataset_2/val/images/nozzle_no_extrusion_0222.jpg,False,val
840,e5b6cf23245d2a1d175881c0de3e8774f08d7745b4adad91f2c825cc4eedd0b2,val,/mnt/d/ruanjianxiazai/pycharm2026/datasets/dataset_2/val/images/nozzle_clean_0291.jpg,False,val
840,e5b6cf23245d2a1d175881c0de3e8774f08d7745b4adad91f2c825cc4eedd0b2,val,/mnt/d/ruanjianxiazai/pycharm2026/datasets/dataset_2/val/images/nozzle_no_extrusion_0284.jpg,False,val
841,11b826958fbeaf1f5178e9e27d83b89f69516da4117a2362328107a2f9478d7f,val,/mnt/d/ruanjianxiazai/pycharm2026/datasets/dataset_2/val/images/nozzle_clean_0292.jpg,True,"test,val"
841,11b826958fbeaf1f5178e9e27d83b89f69516da4117a2362328107a2f9478d7f,test,/mnt/d/ruanjianxiazai/pycharm2026/datasets/dataset_2/test/images/nozzle_no_extrusion_0285.jpg,True,"test,val"
842,1d82c47a5d963d1a0fab13f5f62d27957e7414a57557feaaa879a83ac588d1ec,val,/mnt/d/ruanjianxiazai/pycharm2026/datasets/dataset_2/val/images/nozzle_clean_0302.jpg,False,val
842,1d82c47a5d963d1a0fab13f5f62d27957e7414a57557feaaa879a83ac588d1ec,val,/mnt/d/ruanjianxiazai/pycharm2026/datasets/dataset_2/val/images/nozzle_no_extrusion_0295.jpg,False,val
843,5ed29d6293a7a22365cfcd7c1de9a70c24dba095a83a95323fc4762eb389b6c7,val,/mnt/d/ruanjianxiazai/pycharm2026/datasets/dataset_2/val/images/nozzle_clean_0308.jpg,False,val
843,5ed29d6293a7a22365cfcd7c1de9a70c24dba095a83a95323fc4762eb389b6c7,val,/mnt/d/ruanjianxiazai/pycharm2026/datasets/dataset_2/val/images/nozzle_no_extrusion_0301.jpg,False,val
844,8b07eedab4d17c735a815dc68b7249883a0ee35e618a8e8c393ff2f68d172a34,val,/mnt/d/ruanjianxiazai/pycharm2026/datasets/dataset_2/val/images/nozzle_clean_0323.jpg,False,val
844,8b07eedab4d17c735a815dc68b7249883a0ee35e618a8e8c393ff2f68d172a34,val,/mnt/d/ruanjianxiazai/pycharm2026/datasets/dataset_2/val/images/nozzle_no_extrusion_0316.jpg,False,val
845,daa12ee04c300cd817d92d390ebc05610f6bfc1a6c9fb6b809fd23a5a121c734,val,/mnt/d/ruanjianxiazai/pycharm2026/datasets/dataset_2/val/images/nozzle_clean_0370.jpg,False,val
845,daa12ee04c300cd817d92d390ebc05610f6bfc1a6c9fb6b809fd23a5a121c734,val,/mnt/d/ruanjianxiazai/pycharm2026/datasets/dataset_2/val/images/nozzle_no_extrusion_0363.jpg,False,val
846,876276c305562b3daa219ce7f2ad3583aa5ef1041fac250d3c388a29612fbf35,val,/mnt/d/ruanjianxiazai/pycharm2026/datasets/dataset_2/val/images/nozzle_clean_0373.jpg,False,val
846,876276c305562b3daa219ce7f2ad3583aa5ef1041fac250d3c388a29612fbf35,val,/mnt/d/ruanjianxiazai/pycharm2026/datasets/dataset_2/val/images/nozzle_no_extrusion_0366.jpg,False,val
847,6c63fc973c329ab7babb682e95d08ac4844c706e3c104f746d0b1236c2c68f6a,val,/mnt/d/ruanjianxiazai/pycharm2026/datasets/dataset_2/val/images/nozzle_clean_0374.jpg,False,val
847,6c63fc973c329ab7babb682e95d08ac4844c706e3c104f746d0b1236c2c68f6a,val,/mnt/d/ruanjianxiazai/pycharm2026/datasets/dataset_2/val/images/nozzle_no_extrusion_0367.jpg,False,val
848,406733fe9c287a2d9aed54d98deb45a1f8dab92fbe38d6229b9ed49d6cdc0180,val,/mnt/d/ruanjianxiazai/pycharm2026/datasets/dataset_2/val/images/nozzle_clean_0403.jpg,False,val
848,406733fe9c287a2d9aed54d98deb45a1f8dab92fbe38d6229b9ed49d6cdc0180,val,/mnt/d/ruanjianxiazai/pycharm2026/datasets/dataset_2/val/images/nozzle_no_extrusion_0396.jpg,False,val
849,ee6bb86a2ff3f1f4965098c9acd183b4c7d01375645579da6ea0dfc4a110c4ce,val,/mnt/d/ruanjianxiazai/pycharm2026/datasets/dataset_2/val/images/nozzle_clean_0406.jpg,True,"test,val"
849,ee6bb86a2ff3f1f4965098c9acd183b4c7d01375645579da6ea0dfc4a110c4ce,test,/mnt/d/ruanjianxiazai/pycharm2026/datasets/dataset_2/test/images/nozzle_no_extrusion_0399.jpg,True,"test,val"
850,d1c1542e33ccc53eba4d33ce567dfc9ff71384d9eec4b2ca659b9dcd1accbe94,val,/mnt/d/ruanjianxiazai/pycharm2026/datasets/dataset_2/val/images/nozzle_clean_0428.jpg,True,"test,val"
850,d1c1542e33ccc53eba4d33ce567dfc9ff71384d9eec4b2ca659b9dcd1accbe94,test,/mnt/d/ruanjianxiazai/pycharm2026/datasets/dataset_2/test/images/nozzle_no_extrusion_0421.jpg,True,"test,val"
851,45864e9f1247039f00c473ae17f8adae40056d5b1bc73a887ef8a986f1b9eeee,val,/mnt/d/ruanjianxiazai/pycharm2026/datasets/dataset_2/val/images/nozzle_clean_0436.jpg,False,val
851,45864e9f1247039f00c473ae17f8adae40056d5b1bc73a887ef8a986f1b9eeee,val,/mnt/d/ruanjianxiazai/pycharm2026/datasets/dataset_2/val/images/nozzle_no_extrusion_0429.jpg,False,val
852,2977799238b816026be0cf552cb190e11e66d1c5526fa4a9257a203f4d1546e4,val,/mnt/d/ruanjianxiazai/pycharm2026/datasets/dataset_2/val/images/nozzle_clean_0506.jpg,False,val
852,2977799238b816026be0cf552cb190e11e66d1c5526fa4a9257a203f4d1546e4,val,/mnt/d/ruanjianxiazai/pycharm2026/datasets/dataset_2/val/images/nozzle_no_extrusion_0499.jpg,False,val
853,5a4c9fa996e3ae1765dbb0558348e89850ae180ba01b0350c072f1f1020bac48,val,/mnt/d/ruanjianxiazai/pycharm2026/datasets/dataset_2/val/images/nozzle_clean_0509.jpg,True,"test,val"
853,5a4c9fa996e3ae1765dbb0558348e89850ae180ba01b0350c072f1f1020bac48,test,/mnt/d/ruanjianxiazai/pycharm2026/datasets/dataset_2/test/images/nozzle_no_extrusion_0502.jpg,True,"test,val"
854,98d4af5a108230a8b50e920650f6f57f7845a88389895563fab23b2e1678a69f,val,/mnt/d/ruanjianxiazai/pycharm2026/datasets/dataset_2/val/images/nozzle_clean_0541.jpg,True,"test,val"
854,98d4af5a108230a8b50e920650f6f57f7845a88389895563fab23b2e1678a69f,test,/mnt/d/ruanjianxiazai/pycharm2026/datasets/dataset_2/test/images/nozzle_no_extrusion_0534.jpg,True,"test,val"
855,15539559a9963dd0f4894774a64c32da2457ab936b6603dc7bc2352c808d1a20,val,/mnt/d/ruanjianxiazai/pycharm2026/datasets/dataset_2/val/images/nozzle_clean_0555.jpg,False,val
855,15539559a9963dd0f4894774a64c32da2457ab936b6603dc7bc2352c808d1a20,val,/mnt/d/ruanjianxiazai/pycharm2026/datasets/dataset_2/val/images/nozzle_no_extrusion_0548.jpg,False,val
856,0d900066509172944a0766b90c79dfb2c44a85e560203f2c87153aa58f68455d,val,/mnt/d/ruanjianxiazai/pycharm2026/datasets/dataset_2/val/images/nozzle_clean_0572.jpg,False,val
856,0d900066509172944a0766b90c79dfb2c44a85e560203f2c87153aa58f68455d,val,/mnt/d/ruanjianxiazai/pycharm2026/datasets/dataset_2/val/images/nozzle_no_extrusion_0565.jpg,False,val
857,a5f8fe769adba3f5b82f6e688e7acd203c4c0ff7c0c5037f7c7064e82e39bf10,val,/mnt/d/ruanjianxiazai/pycharm2026/datasets/dataset_2/val/images/nozzle_clean_0582.jpg,True,"test,val"
857,a5f8fe769adba3f5b82f6e688e7acd203c4c0ff7c0c5037f7c7064e82e39bf10,test,/mnt/d/ruanjianxiazai/pycharm2026/datasets/dataset_2/test/images/nozzle_no_extrusion_0575.jpg,True,"test,val"
858,550b45a0efa94ee9938f3c1703f5501efc06c55190206ed85d2d0796532edaa4,val,/mnt/d/ruanjianxiazai/pycharm2026/datasets/dataset_2/val/images/nozzle_clean_0590.jpg,False,val
858,550b45a0efa94ee9938f3c1703f5501efc06c55190206ed85d2d0796532edaa4,val,/mnt/d/ruanjianxiazai/pycharm2026/datasets/dataset_2/val/images/nozzle_no_extrusion_0583.jpg,False,val
859,7578cba4138725fec88f9afee46addcddabde412beabcc596312657bb5d97399,val,/mnt/d/ruanjianxiazai/pycharm2026/datasets/dataset_2/val/images/nozzle_clean_0608.jpg,False,val
859,7578cba4138725fec88f9afee46addcddabde412beabcc596312657bb5d97399,val,/mnt/d/ruanjianxiazai/pycharm2026/datasets/dataset_2/val/images/nozzle_no_extrusion_0601.jpg,False,val
860,940049d731d3d8c4910d8a85ee6a20cd23fe2f744c74b423a4187b030c216ac5,val,/mnt/d/ruanjianxiazai/pycharm2026/datasets/dataset_2/val/images/nozzle_clean_0610.jpg,True,"test,val"
860,940049d731d3d8c4910d8a85ee6a20cd23fe2f744c74b423a4187b030c216ac5,test,/mnt/d/ruanjianxiazai/pycharm2026/datasets/dataset_2/test/images/nozzle_no_extrusion_0603.jpg,True,"test,val"
861,577035b008ec222837a8d755d10f0139fda372943e19326a4382164481e92e8f,val,/mnt/d/ruanjianxiazai/pycharm2026/datasets/dataset_2/val/images/nozzle_clean_0621.jpg,True,"test,val"
861,577035b008ec222837a8d755d10f0139fda372943e19326a4382164481e92e8f,test,/mnt/d/ruanjianxiazai/pycharm2026/datasets/dataset_2/test/images/nozzle_no_extrusion_0614.jpg,True,"test,val"
862,523b3aa86d0692dd8b52ebe81662b92061492ebf4c50ba1c9cf99fd2d7239078,val,/mnt/d/ruanjianxiazai/pycharm2026/datasets/dataset_2/val/images/nozzle_clean_0630.jpg,False,val
862,523b3aa86d0692dd8b52ebe81662b92061492ebf4c50ba1c9cf99fd2d7239078,val,/mnt/d/ruanjianxiazai/pycharm2026/datasets/dataset_2/val/images/nozzle_no_extrusion_0623.jpg,False,val
863,5b1aa4287e48b8da6bac60faa99d578c66dd77ac933776c13ec14c9e6dbcc3e7,val,/mnt/d/ruanjianxiazai/pycharm2026/datasets/dataset_2/val/images/nozzle_clean_0641.jpg,False,val
863,5b1aa4287e48b8da6bac60faa99d578c66dd77ac933776c13ec14c9e6dbcc3e7,val,/mnt/d/ruanjianxiazai/pycharm2026/datasets/dataset_2/val/images/nozzle_no_extrusion_0634.jpg,False,val
864,0cae1126a044e25521cb4b499106066b526d9964a0f4a2b6226e9b30c1c6806f,val,/mnt/d/ruanjianxiazai/pycharm2026/datasets/dataset_2/val/images/nozzle_clean_0647.jpg,True,"test,val"
864,0cae1126a044e25521cb4b499106066b526d9964a0f4a2b6226e9b30c1c6806f,test,/mnt/d/ruanjianxiazai/pycharm2026/datasets/dataset_2/test/images/nozzle_no_extrusion_0640.jpg,True,"test,val"
865,a00598403c545b71f824adba9d22de07f91862debbc4395faf440ea72c0e9fe4,val,/mnt/d/ruanjianxiazai/pycharm2026/datasets/dataset_2/val/images/nozzle_clean_0673.jpg,True,"test,val"
865,a00598403c545b71f824adba9d22de07f91862debbc4395faf440ea72c0e9fe4,test,/mnt/d/ruanjianxiazai/pycharm2026/datasets/dataset_2/test/images/nozzle_no_extrusion_0666.jpg,True,"test,val"
866,f7147ff4a1644e7cd23aa2439aa1319eccdef27d661685a8523d11d834593f21,val,/mnt/d/ruanjianxiazai/pycharm2026/datasets/dataset_2/val/images/nozzle_clean_0679.jpg,False,val
866,f7147ff4a1644e7cd23aa2439aa1319eccdef27d661685a8523d11d834593f21,val,/mnt/d/ruanjianxiazai/pycharm2026/datasets/dataset_2/val/images/nozzle_no_extrusion_0672.jpg,False,val
867,efdf479f1c32cb6a630af895d48dd2578e651cf87a878ab5b3f04c03af30448f,val,/mnt/d/ruanjianxiazai/pycharm2026/datasets/dataset_2/val/images/nozzle_clean_0681.jpg,False,val
867,efdf479f1c32cb6a630af895d48dd2578e651cf87a878ab5b3f04c03af30448f,val,/mnt/d/ruanjianxiazai/pycharm2026/datasets/dataset_2/val/images/nozzle_no_extrusion_0674.jpg,False,val
868,331b5174b3eeeaa3560e0702d1dbb02e905029038be7e8bd13e4e8ef6eaec380,val,/mnt/d/ruanjianxiazai/pycharm2026/datasets/dataset_2/val/images/nozzle_clean_0711.jpg,False,val
868,331b5174b3eeeaa3560e0702d1dbb02e905029038be7e8bd13e4e8ef6eaec380,val,/mnt/d/ruanjianxiazai/pycharm2026/datasets/dataset_2/val/images/nozzle_no_extrusion_0704.jpg,False,val
869,abede49b17f7f821860658d14b76c17e6fa1af44e10797965aa56e7b3a94989a,val,/mnt/d/ruanjianxiazai/pycharm2026/datasets/dataset_2/val/images/nozzle_clean_0719.jpg,True,"test,val"
869,abede49b17f7f821860658d14b76c17e6fa1af44e10797965aa56e7b3a94989a,test,/mnt/d/ruanjianxiazai/pycharm2026/datasets/dataset_2/test/images/nozzle_no_extrusion_0712.jpg,True,"test,val"
870,3441b4f9b2c9de6ac7ac450b7fdea1c440a7c5cf67cd77c451a18db57fa835d3,val,/mnt/d/ruanjianxiazai/pycharm2026/datasets/dataset_2/val/images/nozzle_clean_0734.jpg,False,val
870,3441b4f9b2c9de6ac7ac450b7fdea1c440a7c5cf67cd77c451a18db57fa835d3,val,/mnt/d/ruanjianxiazai/pycharm2026/datasets/dataset_2/val/images/nozzle_no_extrusion_0727.jpg,False,val
871,9948d5025187772870ebab2464c5bcb55cd4e2c3674c64e12c3b19c42b86490f,val,/mnt/d/ruanjianxiazai/pycharm2026/datasets/dataset_2/val/images/nozzle_clean_0737.jpg,True,"test,val"
871,9948d5025187772870ebab2464c5bcb55cd4e2c3674c64e12c3b19c42b86490f,test,/mnt/d/ruanjianxiazai/pycharm2026/datasets/dataset_2/test/images/nozzle_no_extrusion_0730.jpg,True,"test,val"
872,7ace41db52578a3ecdba771ed931188c213ab0a822f94858b01df0e9f724c80a,val,/mnt/d/ruanjianxiazai/pycharm2026/datasets/dataset_2/val/images/nozzle_clean_0768.jpg,False,val
872,7ace41db52578a3ecdba771ed931188c213ab0a822f94858b01df0e9f724c80a,val,/mnt/d/ruanjianxiazai/pycharm2026/datasets/dataset_2/val/images/nozzle_no_extrusion_0761.jpg,False,val
873,4580c17c6f5d59d62f45dc07c4bf25fc055b59bf3015056aa1b8cc46a0214ec3,val,/mnt/d/ruanjianxiazai/pycharm2026/datasets/dataset_2/val/images/nozzle_clean_0777.jpg,False,val
873,4580c17c6f5d59d62f45dc07c4bf25fc055b59bf3015056aa1b8cc46a0214ec3,val,/mnt/d/ruanjianxiazai/pycharm2026/datasets/dataset_2/val/images/nozzle_no_extrusion_0770.jpg,False,val
874,a795f3272a07c728efe0a9dbd02be8dac1c57eaa022bbbbf5678ecffb08de93f,val,/mnt/d/ruanjianxiazai/pycharm2026/datasets/dataset_2/val/images/nozzle_clean_0788.jpg,True,"test,val"
874,a795f3272a07c728efe0a9dbd02be8dac1c57eaa022bbbbf5678ecffb08de93f,test,/mnt/d/ruanjianxiazai/pycharm2026/datasets/dataset_2/test/images/nozzle_no_extrusion_0781.jpg,True,"test,val"
875,6e71a7c6bd3023b1b362acad4ebd97aeb07b7f98feb2896b0d7939beb0ba970f,val,/mnt/d/ruanjianxiazai/pycharm2026/datasets/dataset_2/val/images/nozzle_clean_0815.jpg,True,"test,val"
875,6e71a7c6bd3023b1b362acad4ebd97aeb07b7f98feb2896b0d7939beb0ba970f,test,/mnt/d/ruanjianxiazai/pycharm2026/datasets/dataset_2/test/images/nozzle_no_extrusion_0808.jpg,True,"test,val"
876,7bcd8d4d72a39cd092aaee8b99fe14a43ff0ebbbdb92566b24c2b64b179de055,val,/mnt/d/ruanjianxiazai/pycharm2026/datasets/dataset_2/val/images/nozzle_clean_0833.jpg,True,"test,val"
876,7bcd8d4d72a39cd092aaee8b99fe14a43ff0ebbbdb92566b24c2b64b179de055,test,/mnt/d/ruanjianxiazai/pycharm2026/datasets/dataset_2/test/images/nozzle_no_extrusion_0826.jpg,True,"test,val"
877,0e141e486e5a1a80048b4de15bca164499883615dc2a611e02b3e10dd7225030,val,/mnt/d/ruanjianxiazai/pycharm2026/datasets/dataset_2/val/images/nozzle_clean_0886.jpg,True,"test,val"
877,0e141e486e5a1a80048b4de15bca164499883615dc2a611e02b3e10dd7225030,test,/mnt/d/ruanjianxiazai/pycharm2026/datasets/dataset_2/test/images/nozzle_no_extrusion_0879.jpg,True,"test,val"
878,f4b5a25c83db1cc0abb6c55eca1206d806e7c734d8f24890448b2b1e0b93ec7a,val,/mnt/d/ruanjianxiazai/pycharm2026/datasets/dataset_2/val/images/nozzle_no_extrusion_0038.jpg,True,"test,val"
878,f4b5a25c83db1cc0abb6c55eca1206d806e7c734d8f24890448b2b1e0b93ec7a,test,/mnt/d/ruanjianxiazai/pycharm2026/datasets/dataset_2/test/images/nozzle_clean_0045.jpg,True,"test,val"
879,0cacc95dda1ded031d986d494f1ba5a8b4bbc51834f2a4783d287e8f1780b1bc,val,/mnt/d/ruanjianxiazai/pycharm2026/datasets/dataset_2/val/images/nozzle_no_extrusion_0069.jpg,True,"test,val"
879,0cacc95dda1ded031d986d494f1ba5a8b4bbc51834f2a4783d287e8f1780b1bc,test,/mnt/d/ruanjianxiazai/pycharm2026/datasets/dataset_2/test/images/nozzle_clean_0076.jpg,True,"test,val"
880,a0e90e962a988e88df8f854b53000416ff50a089d5eefaa5b59139a09a6b08b0,val,/mnt/d/ruanjianxiazai/pycharm2026/datasets/dataset_2/val/images/nozzle_no_extrusion_0110.jpg,True,"test,val"
880,a0e90e962a988e88df8f854b53000416ff50a089d5eefaa5b59139a09a6b08b0,test,/mnt/d/ruanjianxiazai/pycharm2026/datasets/dataset_2/test/images/nozzle_clean_0117.jpg,True,"test,val"
881,6ed894ede5d15ea9bbd46675f1404b3727c15d2e56ff1fee81c0824bb1874ad4,val,/mnt/d/ruanjianxiazai/pycharm2026/datasets/dataset_2/val/images/nozzle_no_extrusion_0152.jpg,True,"test,val"
881,6ed894ede5d15ea9bbd46675f1404b3727c15d2e56ff1fee81c0824bb1874ad4,test,/mnt/d/ruanjianxiazai/pycharm2026/datasets/dataset_2/test/images/nozzle_clean_0159.jpg,True,"test,val"
882,e3a236edaa27d7a6784483b5ab00c2a58c73fe40f09dc9bce98d93be2116d159,val,/mnt/d/ruanjianxiazai/pycharm2026/datasets/dataset_2/val/images/nozzle_no_extrusion_0193.jpg,True,"test,val"
882,e3a236edaa27d7a6784483b5ab00c2a58c73fe40f09dc9bce98d93be2116d159,test,/mnt/d/ruanjianxiazai/pycharm2026/datasets/dataset_2/test/images/nozzle_clean_0200.jpg,True,"test,val"
883,adea9e6cd9c9b98a41aa5eea199d3dac807a0388b4a9a624a612400dc6abf872,val,/mnt/d/ruanjianxiazai/pycharm2026/datasets/dataset_2/val/images/nozzle_no_extrusion_0210.jpg,True,"test,val"
883,adea9e6cd9c9b98a41aa5eea199d3dac807a0388b4a9a624a612400dc6abf872,test,/mnt/d/ruanjianxiazai/pycharm2026/datasets/dataset_2/test/images/nozzle_clean_0217.jpg,True,"test,val"
884,caa89010a336c446804f06ceb8d9b87c61098ed8c24c5c1ff411c694b1df4765,val,/mnt/d/ruanjianxiazai/pycharm2026/datasets/dataset_2/val/images/nozzle_no_extrusion_0253.jpg,True,"test,val"
884,caa89010a336c446804f06ceb8d9b87c61098ed8c24c5c1ff411c694b1df4765,test,/mnt/d/ruanjianxiazai/pycharm2026/datasets/dataset_2/test/images/nozzle_clean_0260.jpg,True,"test,val"
885,a98c2fdc7d61339cf123eb3a67d5173a7be37f8a21883be1edaec806eac80d91,val,/mnt/d/ruanjianxiazai/pycharm2026/datasets/dataset_2/val/images/nozzle_no_extrusion_0310.jpg,True,"test,val"
885,a98c2fdc7d61339cf123eb3a67d5173a7be37f8a21883be1edaec806eac80d91,test,/mnt/d/ruanjianxiazai/pycharm2026/datasets/dataset_2/test/images/nozzle_clean_0317.jpg,True,"test,val"
886,27f453711be50400005cbc7d9a1c15fd3144103de693fa3ff42e6a93729710cf,val,/mnt/d/ruanjianxiazai/pycharm2026/datasets/dataset_2/val/images/nozzle_no_extrusion_0343.jpg,True,"test,val"
886,27f453711be50400005cbc7d9a1c15fd3144103de693fa3ff42e6a93729710cf,test,/mnt/d/ruanjianxiazai/pycharm2026/datasets/dataset_2/test/images/nozzle_clean_0350.jpg,True,"test,val"
887,64ad92fb000ed1aa8580ed29c0c5b4013177667b2213044ac067c7f1db4b8e14,val,/mnt/d/ruanjianxiazai/pycharm2026/datasets/dataset_2/val/images/nozzle_no_extrusion_0419.jpg,True,"test,val"
887,64ad92fb000ed1aa8580ed29c0c5b4013177667b2213044ac067c7f1db4b8e14,test,/mnt/d/ruanjianxiazai/pycharm2026/datasets/dataset_2/test/images/nozzle_clean_0426.jpg,True,"test,val"
888,173abe965763af18a5b06a44f79e9f8f2e89cc3e4960cb0b5dd3891b712fca61,val,/mnt/d/ruanjianxiazai/pycharm2026/datasets/dataset_2/val/images/nozzle_no_extrusion_0475.jpg,True,"test,val"
888,173abe965763af18a5b06a44f79e9f8f2e89cc3e4960cb0b5dd3891b712fca61,test,/mnt/d/ruanjianxiazai/pycharm2026/datasets/dataset_2/test/images/nozzle_clean_0482.jpg,True,"test,val"
889,c615720ccf1f63fc5110b264107ab9f8aa49f7600259a5014fe6ee793b79da36,val,/mnt/d/ruanjianxiazai/pycharm2026/datasets/dataset_2/val/images/nozzle_no_extrusion_0492.jpg,True,"test,val"
889,c615720ccf1f63fc5110b264107ab9f8aa49f7600259a5014fe6ee793b79da36,test,/mnt/d/ruanjianxiazai/pycharm2026/datasets/dataset_2/test/images/nozzle_clean_0499.jpg,True,"test,val"
890,7a71fe1a2c4c5960851491d5326cfcdd6436600b023c07cc047f340f41107fe1,val,/mnt/d/ruanjianxiazai/pycharm2026/datasets/dataset_2/val/images/nozzle_no_extrusion_0638.jpg,True,"test,val"
890,7a71fe1a2c4c5960851491d5326cfcdd6436600b023c07cc047f340f41107fe1,test,/mnt/d/ruanjianxiazai/pycharm2026/datasets/dataset_2/test/images/nozzle_clean_0645.jpg,True,"test,val"
891,5d965b9d2dce420f9387df2c59a1a83f3bfb1d3beb0ca4f18cb5eb1cb19cfe8d,val,/mnt/d/ruanjianxiazai/pycharm2026/datasets/dataset_2/val/images/nozzle_no_extrusion_0664.jpg,True,"test,val"
891,5d965b9d2dce420f9387df2c59a1a83f3bfb1d3beb0ca4f18cb5eb1cb19cfe8d,test,/mnt/d/ruanjianxiazai/pycharm2026/datasets/dataset_2/test/images/nozzle_clean_0671.jpg,True,"test,val"
892,9e1f8a12dc03c31adf19983478cab95a71a7a7573ca1edac2cd4b666ffdf5981,val,/mnt/d/ruanjianxiazai/pycharm2026/datasets/dataset_2/val/images/nozzle_no_extrusion_0775.jpg,True,"test,val"
892,9e1f8a12dc03c31adf19983478cab95a71a7a7573ca1edac2cd4b666ffdf5981,test,/mnt/d/ruanjianxiazai/pycharm2026/datasets/dataset_2/test/images/nozzle_clean_0782.jpg,True,"test,val"
893,a3c14cc0cdb01beea0db52140b6ea3178073744b7db2bb623b38a203c3e7b59e,val,/mnt/d/ruanjianxiazai/pycharm2026/datasets/dataset_2/val/images/nozzle_no_extrusion_0785.jpg,True,"test,val"
893,a3c14cc0cdb01beea0db52140b6ea3178073744b7db2bb623b38a203c3e7b59e,test,/mnt/d/ruanjianxiazai/pycharm2026/datasets/dataset_2/test/images/nozzle_clean_0792.jpg,True,"test,val"
894,c4c13eb0a4aa908fa0de77c5b473bd4a72421de53dc254523025e5b9cc43ba4d,val,/mnt/d/ruanjianxiazai/pycharm2026/datasets/dataset_2/val/images/nozzle_no_extrusion_0812.jpg,True,"test,val"
894,c4c13eb0a4aa908fa0de77c5b473bd4a72421de53dc254523025e5b9cc43ba4d,test,/mnt/d/ruanjianxiazai/pycharm2026/datasets/dataset_2/test/images/nozzle_clean_0819.jpg,True,"test,val"
895,a4e1bcc470e8ae33b616cbafb700a376f173895069a777283180106fea5b293b,val,/mnt/d/ruanjianxiazai/pycharm2026/datasets/dataset_2/val/images/nozzle_no_extrusion_0832.jpg,True,"test,val"
895,a4e1bcc470e8ae33b616cbafb700a376f173895069a777283180106fea5b293b,test,/mnt/d/ruanjianxiazai/pycharm2026/datasets/dataset_2/test/images/nozzle_clean_0839.jpg,True,"test,val"
896,3117df5843b45b3019885e5be41878db7b662fa94d6d6aa5f91765568f047bc4,val,/mnt/d/ruanjianxiazai/pycharm2026/datasets/dataset_2/val/images/nozzle_no_extrusion_0835.jpg,True,"test,val"
896,3117df5843b45b3019885e5be41878db7b662fa94d6d6aa5f91765568f047bc4,test,/mnt/d/ruanjianxiazai/pycharm2026/datasets/dataset_2/test/images/nozzle_clean_0842.jpg,True,"test,val"
897,8614307d65dacc65d5cb8ff9c1e5b7767c5a0279eb8048642844fb39b788ab54,val,/mnt/d/ruanjianxiazai/pycharm2026/datasets/dataset_2/val/images/nozzle_no_extrusion_0900.jpg,True,"test,val"
897,8614307d65dacc65d5cb8ff9c1e5b7767c5a0279eb8048642844fb39b788ab54,test,/mnt/d/ruanjianxiazai/pycharm2026/datasets/dataset_2/test/images/nozzle_clean_0907.jpg,True,"test,val"
898,f491199062931d0cdf214ae2383b9d5d887598fd6bb43f267bc49a33a7c9b7f2,test,/mnt/d/ruanjianxiazai/pycharm2026/datasets/dataset_2/test/images/nozzle_clean_0017.jpg,False,test
898,f491199062931d0cdf214ae2383b9d5d887598fd6bb43f267bc49a33a7c9b7f2,test,/mnt/d/ruanjianxiazai/pycharm2026/datasets/dataset_2/test/images/nozzle_no_extrusion_0010.jpg,False,test
899,e107031ba6e600302431d9aa44e0d441273479213327e16d50447a98760898be,test,/mnt/d/ruanjianxiazai/pycharm2026/datasets/dataset_2/test/images/nozzle_clean_0120.jpg,False,test
899,e107031ba6e600302431d9aa44e0d441273479213327e16d50447a98760898be,test,/mnt/d/ruanjianxiazai/pycharm2026/datasets/dataset_2/test/images/nozzle_no_extrusion_0113.jpg,False,test
900,8ce518a7305fea9825b6b54b0a94de3e16ef78bd6ccbf7ca01baa00a44f31bc2,test,/mnt/d/ruanjianxiazai/pycharm2026/datasets/dataset_2/test/images/nozzle_clean_0166.jpg,False,test
900,8ce518a7305fea9825b6b54b0a94de3e16ef78bd6ccbf7ca01baa00a44f31bc2,test,/mnt/d/ruanjianxiazai/pycharm2026/datasets/dataset_2/test/images/nozzle_no_extrusion_0159.jpg,False,test
901,d3839d496b6e20a7c3656e12a279b736844b5d0827f1326cb9ff0f0ce95752f6,test,/mnt/d/ruanjianxiazai/pycharm2026/datasets/dataset_2/test/images/nozzle_clean_0203.jpg,False,test
901,d3839d496b6e20a7c3656e12a279b736844b5d0827f1326cb9ff0f0ce95752f6,test,/mnt/d/ruanjianxiazai/pycharm2026/datasets/dataset_2/test/images/nozzle_no_extrusion_0196.jpg,False,test
902,1c976117abfd89f27686aa94815f8a1d960f31e6ce838ae82f0748da242da3f2,test,/mnt/d/ruanjianxiazai/pycharm2026/datasets/dataset_2/test/images/nozzle_clean_0257.jpg,False,test
902,1c976117abfd89f27686aa94815f8a1d960f31e6ce838ae82f0748da242da3f2,test,/mnt/d/ruanjianxiazai/pycharm2026/datasets/dataset_2/test/images/nozzle_no_extrusion_0250.jpg,False,test
903,198dcd07d2ce53466aa900bd87f71429d14af533475cb2af446237ec3efda77f,test,/mnt/d/ruanjianxiazai/pycharm2026/datasets/dataset_2/test/images/nozzle_clean_0326.jpg,False,test
903,198dcd07d2ce53466aa900bd87f71429d14af533475cb2af446237ec3efda77f,test,/mnt/d/ruanjianxiazai/pycharm2026/datasets/dataset_2/test/images/nozzle_no_extrusion_0319.jpg,False,test
904,b705abf296f47c1aca53fea77bf5f6a480a145f85338f9f060128c2e2e7726f4,test,/mnt/d/ruanjianxiazai/pycharm2026/datasets/dataset_2/test/images/nozzle_clean_0342.jpg,False,test
904,b705abf296f47c1aca53fea77bf5f6a480a145f85338f9f060128c2e2e7726f4,test,/mnt/d/ruanjianxiazai/pycharm2026/datasets/dataset_2/test/images/nozzle_no_extrusion_0335.jpg,False,test
905,e213d64561ee32db2bf096031c6d21f4a99ced33af552a89ff5a92c2697ffc3f,test,/mnt/d/ruanjianxiazai/pycharm2026/datasets/dataset_2/test/images/nozzle_clean_0355.jpg,False,test
905,e213d64561ee32db2bf096031c6d21f4a99ced33af552a89ff5a92c2697ffc3f,test,/mnt/d/ruanjianxiazai/pycharm2026/datasets/dataset_2/test/images/nozzle_no_extrusion_0348.jpg,False,test
906,3e18c28fed9cf1d389cbf408f32b678421a3bc7cc03f31330652beef3728e587,test,/mnt/d/ruanjianxiazai/pycharm2026/datasets/dataset_2/test/images/nozzle_clean_0375.jpg,False,test
906,3e18c28fed9cf1d389cbf408f32b678421a3bc7cc03f31330652beef3728e587,test,/mnt/d/ruanjianxiazai/pycharm2026/datasets/dataset_2/test/images/nozzle_no_extrusion_0368.jpg,False,test
907,4c080aa59814a5b65c6851e8fd23fe6ab81d6cce789081cc612c5756b7640bbb,test,/mnt/d/ruanjianxiazai/pycharm2026/datasets/dataset_2/test/images/nozzle_clean_0378.jpg,False,test
907,4c080aa59814a5b65c6851e8fd23fe6ab81d6cce789081cc612c5756b7640bbb,test,/mnt/d/ruanjianxiazai/pycharm2026/datasets/dataset_2/test/images/nozzle_no_extrusion_0371.jpg,False,test
908,9e511d58fd132c3e8e078b82204e81833b1129ed23a58f12675aab824e38ede5,test,/mnt/d/ruanjianxiazai/pycharm2026/datasets/dataset_2/test/images/nozzle_clean_0411.jpg,False,test
908,9e511d58fd132c3e8e078b82204e81833b1129ed23a58f12675aab824e38ede5,test,/mnt/d/ruanjianxiazai/pycharm2026/datasets/dataset_2/test/images/nozzle_no_extrusion_0404.jpg,False,test
909,bbf1a0e9525269e5fd96f2e81f0af9c64687dff0030b818e5f2b25c3be07e03b,test,/mnt/d/ruanjianxiazai/pycharm2026/datasets/dataset_2/test/images/nozzle_clean_0496.jpg,False,test
909,bbf1a0e9525269e5fd96f2e81f0af9c64687dff0030b818e5f2b25c3be07e03b,test,/mnt/d/ruanjianxiazai/pycharm2026/datasets/dataset_2/test/images/nozzle_no_extrusion_0489.jpg,False,test
910,e1f84558ff838a9232e92b2574c78f2e184fce00ff4936194ed0ebc1fa11c3d4,test,/mnt/d/ruanjianxiazai/pycharm2026/datasets/dataset_2/test/images/nozzle_clean_0520.jpg,False,test
910,e1f84558ff838a9232e92b2574c78f2e184fce00ff4936194ed0ebc1fa11c3d4,test,/mnt/d/ruanjianxiazai/pycharm2026/datasets/dataset_2/test/images/nozzle_no_extrusion_0513.jpg,False,test
911,f31e136bd099445a3b2c797a554c662ba57bb6fec087d059ed30ab312d8d6872,test,/mnt/d/ruanjianxiazai/pycharm2026/datasets/dataset_2/test/images/nozzle_clean_0552.jpg,False,test
911,f31e136bd099445a3b2c797a554c662ba57bb6fec087d059ed30ab312d8d6872,test,/mnt/d/ruanjianxiazai/pycharm2026/datasets/dataset_2/test/images/nozzle_no_extrusion_0545.jpg,False,test
912,f0d89c7d411129172fe9b2737dfc87b0ce84df381f92f9d703e812fc1795f85c,test,/mnt/d/ruanjianxiazai/pycharm2026/datasets/dataset_2/test/images/nozzle_clean_0568.jpg,False,test
912,f0d89c7d411129172fe9b2737dfc87b0ce84df381f92f9d703e812fc1795f85c,test,/mnt/d/ruanjianxiazai/pycharm2026/datasets/dataset_2/test/images/nozzle_no_extrusion_0561.jpg,False,test
913,562f880b4afc0506fd1b80285dda57fab930c2713f25d8c1eba6687201505f53,test,/mnt/d/ruanjianxiazai/pycharm2026/datasets/dataset_2/test/images/nozzle_clean_0660.jpg,False,test
913,562f880b4afc0506fd1b80285dda57fab930c2713f25d8c1eba6687201505f53,test,/mnt/d/ruanjianxiazai/pycharm2026/datasets/dataset_2/test/images/nozzle_no_extrusion_0653.jpg,False,test
914,edb6457973218a5979cf7c13ec8df1a5fe2a9d386e6f46d7a034a0b4cc4e9715,test,/mnt/d/ruanjianxiazai/pycharm2026/datasets/dataset_2/test/images/nozzle_clean_0794.jpg,False,test
914,edb6457973218a5979cf7c13ec8df1a5fe2a9d386e6f46d7a034a0b4cc4e9715,test,/mnt/d/ruanjianxiazai/pycharm2026/datasets/dataset_2/test/images/nozzle_no_extrusion_0787.jpg,False,test
915,9a6a18076c97ee6840e0dd0a51ab75bbe00b664a79a0adda8e4b864e5f3c20b8,test,/mnt/d/ruanjianxiazai/pycharm2026/datasets/dataset_2/test/images/nozzle_clean_0873.jpg,False,test
915,9a6a18076c97ee6840e0dd0a51ab75bbe00b664a79a0adda8e4b864e5f3c20b8,test,/mnt/d/ruanjianxiazai/pycharm2026/datasets/dataset_2/test/images/nozzle_no_extrusion_0866.jpg,False,test
916,f896d602a6604b8b817ead3927893a188aa9737dde653c957c498e17f78df9b1,test,/mnt/d/ruanjianxiazai/pycharm2026/datasets/dataset_2/test/images/nozzle_clean_0876.jpg,False,test
916,f896d602a6604b8b817ead3927893a188aa9737dde653c957c498e17f78df9b1,test,/mnt/d/ruanjianxiazai/pycharm2026/datasets/dataset_2/test/images/nozzle_no_extrusion_0869.jpg,False,test
