数据划分,图片路径,随机种子
train,/mnt/d/ruanjianxiazai/pycharm2026/datasets/dataset_2/train/images/nozzle_tip_wrapped_0420.jpg,20260822
train,/mnt/d/ruanjianxiazai/pycharm2026/datasets/dataset_2/train/images/nozzle_no_extrusion_0757.jpg,20260822
train,/mnt/d/ruanjianxiazai/pycharm2026/datasets/dataset_2/train/images/nozzle_extrusion_normal_0087.jpg,20260822
train,/mnt/d/ruanjianxiazai/pycharm2026/datasets/dataset_2/train/images/nozzle_clean_0351.jpg,20260822
train,/mnt/d/ruanjianxiazai/pycharm2026/datasets/dataset_2/train/images/nozzle_tip_wrapped_0811.jpg,20260822
train,/mnt/d/ruanjianxiazai/pycharm2026/datasets/dataset_2/train/images/nozzle_tip_wrapped_1155.jpg,20260822
train,/mnt/d/ruanjianxiazai/pycharm2026/datasets/dataset_2/train/images/nozzle_tip_wrapped_1099.jpg,20260822
train,/mnt/d/ruanjianxiazai/pycharm2026/datasets/dataset_2/train/images/nozzle_extrusion_normal_1312.jpg,20260822
train,/mnt/d/ruanjianxiazai/pycharm2026/datasets/dataset_2/train/images/nozzle_extrusion_normal_0893.jpg,20260822
train,/mnt/d/ruanjianxiazai/pycharm2026/datasets/dataset_2/train/images/nozzle_extrusion_normal_1381.jpg,20260822
train,/mnt/d/ruanjianxiazai/pycharm2026/datasets/dataset_2/train/images/nozzle_clean_0672.jpg,20260822
train,/mnt/d/ruanjianxiazai/pycharm2026/datasets/dataset_2/train/images/nozzle_extrusion_normal_0072.jpg,20260822
train,/mnt/d/ruanjianxiazai/pycharm2026/datasets/dataset_2/train/images/nozzle_no_extrusion_0501.jpg,20260822
train,/mnt/d/ruanjianxiazai/pycharm2026/datasets/dataset_2/train/images/nozzle_no_extrusion_0686.jpg,20260822
train,/mnt/d/ruanjianxiazai/pycharm2026/datasets/dataset_2/train/images/nozzle_extrusion_normal_0764.jpg,20260822
train,/mnt/d/ruanjianxiazai/pycharm2026/datasets/dataset_2/train/images/nozzle_no_extrusion_0158.jpg,20260822
train,/mnt/d/ruanjianxiazai/pycharm2026/datasets/dataset_2/train/images/nozzle_extrusion_normal_0025.jpg,20260822
train,/mnt/d/ruanjianxiazai/pycharm2026/datasets/dataset_2/train/images/nozzle_tip_wrapped_0093.jpg,20260822
train,/mnt/d/ruanjianxiazai/pycharm2026/datasets/dataset_2/train/images/nozzle_tip_wrapped_0250.jpg,20260822
train,/mnt/d/ruanjianxiazai/pycharm2026/datasets/dataset_2/train/images/nozzle_clean_0227.jpg,20260822
train,/mnt/d/ruanjianxiazai/pycharm2026/datasets/dataset_2/train/images/nozzle_clean_0820.jpg,20260822
train,/mnt/d/ruanjianxiazai/pycharm2026/datasets/dataset_2/train/images/nozzle_tip_wrapped_1217.jpg,20260822
train,/mnt/d/ruanjianxiazai/pycharm2026/datasets/dataset_2/train/images/nozzle_tip_wrapped_1110.jpg,20260822
train,/mnt/d/ruanjianxiazai/pycharm2026/datasets/dataset_2/train/images/nozzle_extrusion_normal_0613.jpg,20260822
train,/mnt/d/ruanjianxiazai/pycharm2026/datasets/dataset_2/train/images/nozzle_tip_wrapped_0158.jpg,20260822
train,/mnt/d/ruanjianxiazai/pycharm2026/datasets/dataset_2/train/images/nozzle_extrusion_normal_1027.jpg,20260822
train,/mnt/d/ruanjianxiazai/pycharm2026/datasets/dataset_2/train/images/nozzle_extrusion_normal_0680.jpg,20260822
train,/mnt/d/ruanjianxiazai/pycharm2026/datasets/dataset_2/train/images/nozzle_tip_wrapped_0889.jpg,20260822
train,/mnt/d/ruanjianxiazai/pycharm2026/datasets/dataset_2/train/images/nozzle_no_extrusion_0249.jpg,20260822
train,/mnt/d/ruanjianxiazai/pycharm2026/datasets/dataset_2/train/images/nozzle_clean_0793.jpg,20260822
train,/mnt/d/ruanjianxiazai/pycharm2026/datasets/dataset_2/train/images/nozzle_tip_wrapped_0066.jpg,20260822
train,/mnt/d/ruanjianxiazai/pycharm2026/datasets/dataset_2/train/images/nozzle_extrusion_normal_0255.jpg,20260822
train,/mnt/d/ruanjianxiazai/pycharm2026/datasets/dataset_2/train/images/nozzle_extrusion_normal_0987.jpg,20260822
train,/mnt/d/ruanjianxiazai/pycharm2026/datasets/dataset_2/train/images/nozzle_tip_wrapped_0231.jpg,20260822
train,/mnt/d/ruanjianxiazai/pycharm2026/datasets/dataset_2/train/images/nozzle_extrusion_normal_0153.jpg,20260822
train,/mnt/d/ruanjianxiazai/pycharm2026/datasets/dataset_2/train/images/nozzle_tip_wrapped_0172.jpg,20260822
train,/mnt/d/ruanjianxiazai/pycharm2026/datasets/dataset_2/train/images/nozzle_extrusion_normal_1399.jpg,20260822
train,/mnt/d/ruanjianxiazai/pycharm2026/datasets/dataset_2/train/images/nozzle_extrusion_normal_1116.jpg,20260822
train,/mnt/d/ruanjianxiazai/pycharm2026/datasets/dataset_2/train/images/nozzle_extrusion_normal_0373.jpg,20260822
train,/mnt/d/ruanjianxiazai/pycharm2026/datasets/dataset_2/train/images/nozzle_no_extrusion_0857.jpg,20260822
train,/mnt/d/ruanjianxiazai/pycharm2026/datasets/dataset_2/train/images/nozzle_tip_wrapped_0454.jpg,20260822
train,/mnt/d/ruanjianxiazai/pycharm2026/datasets/dataset_2/train/images/nozzle_extrusion_normal_0615.jpg,20260822
train,/mnt/d/ruanjianxiazai/pycharm2026/datasets/dataset_2/train/images/nozzle_extrusion_normal_0691.jpg,20260822
train,/mnt/d/ruanjianxiazai/pycharm2026/datasets/dataset_2/train/images/nozzle_extrusion_normal_0043.jpg,20260822
train,/mnt/d/ruanjianxiazai/pycharm2026/datasets/dataset_2/train/images/nozzle_clean_0324.jpg,20260822
train,/mnt/d/ruanjianxiazai/pycharm2026/datasets/dataset_2/train/images/nozzle_no_extrusion_0169.jpg,20260822
train,/mnt/d/ruanjianxiazai/pycharm2026/datasets/dataset_2/train/images/nozzle_heavy_contamination_0004.jpg,20260822
train,/mnt/d/ruanjianxiazai/pycharm2026/datasets/dataset_2/train/images/nozzle_tip_wrapped_1170.jpg,20260822
train,/mnt/d/ruanjianxiazai/pycharm2026/datasets/dataset_2/train/images/nozzle_tip_wrapped_0265.jpg,20260822
train,/mnt/d/ruanjianxiazai/pycharm2026/datasets/dataset_2/train/images/nozzle_tip_wrapped_0646.jpg,20260822
train,/mnt/d/ruanjianxiazai/pycharm2026/datasets/dataset_2/train/images/nozzle_extrusion_normal_1190.jpg,20260822
train,/mnt/d/ruanjianxiazai/pycharm2026/datasets/dataset_2/train/images/nozzle_no_extrusion_0639.jpg,20260822
train,/mnt/d/ruanjianxiazai/pycharm2026/datasets/dataset_2/train/images/nozzle_no_extrusion_0096.jpg,20260822
train,/mnt/d/ruanjianxiazai/pycharm2026/datasets/dataset_2/train/images/nozzle_clean_0460.jpg,20260822
train,/mnt/d/ruanjianxiazai/pycharm2026/datasets/dataset_2/train/images/nozzle_tip_wrapped_0784.jpg,20260822
train,/mnt/d/ruanjianxiazai/pycharm2026/datasets/dataset_2/train/images/nozzle_no_extrusion_0783.jpg,20260822
train,/mnt/d/ruanjianxiazai/pycharm2026/datasets/dataset_2/train/images/nozzle_extrusion_normal_0267.jpg,20260822
train,/mnt/d/ruanjianxiazai/pycharm2026/datasets/dataset_2/train/images/nozzle_tip_wrapped_0224.jpg,20260822
train,/mnt/d/ruanjianxiazai/pycharm2026/datasets/dataset_2/train/images/nozzle_extrusion_normal_1300.jpg,20260822
train,/mnt/d/ruanjianxiazai/pycharm2026/datasets/dataset_2/train/images/nozzle_no_extrusion_0705.jpg,20260822
train,/mnt/d/ruanjianxiazai/pycharm2026/datasets/dataset_2/train/images/nozzle_extrusion_normal_0432.jpg,20260822
train,/mnt/d/ruanjianxiazai/pycharm2026/datasets/dataset_2/train/images/nozzle_no_extrusion_0462.jpg,20260822
train,/mnt/d/ruanjianxiazai/pycharm2026/datasets/dataset_2/train/images/nozzle_no_extrusion_0063.jpg,20260822
train,/mnt/d/ruanjianxiazai/pycharm2026/datasets/dataset_2/train/images/nozzle_extrusion_normal_1172.jpg,20260822
train,/mnt/d/ruanjianxiazai/pycharm2026/datasets/dataset_2/train/images/nozzle_tip_wrapped_0733.jpg,20260822
train,/mnt/d/ruanjianxiazai/pycharm2026/datasets/dataset_2/train/images/nozzle_extrusion_normal_0396.jpg,20260822
train,/mnt/d/ruanjianxiazai/pycharm2026/datasets/dataset_2/train/images/nozzle_extrusion_normal_0260.jpg,20260822
train,/mnt/d/ruanjianxiazai/pycharm2026/datasets/dataset_2/train/images/nozzle_no_extrusion_0019.jpg,20260822
train,/mnt/d/ruanjianxiazai/pycharm2026/datasets/dataset_2/train/images/nozzle_clean_0666.jpg,20260822
train,/mnt/d/ruanjianxiazai/pycharm2026/datasets/dataset_2/train/images/nozzle_extrusion_normal_1313.jpg,20260822
train,/mnt/d/ruanjianxiazai/pycharm2026/datasets/dataset_2/train/images/nozzle_no_extrusion_0064.jpg,20260822
train,/mnt/d/ruanjianxiazai/pycharm2026/datasets/dataset_2/train/images/nozzle_extrusion_normal_0667.jpg,20260822
train,/mnt/d/ruanjianxiazai/pycharm2026/datasets/dataset_2/train/images/nozzle_tip_wrapped_1237.jpg,20260822
train,/mnt/d/ruanjianxiazai/pycharm2026/datasets/dataset_2/train/images/nozzle_no_extrusion_0008.jpg,20260822
train,/mnt/d/ruanjianxiazai/pycharm2026/datasets/dataset_2/train/images/nozzle_no_extrusion_0321.jpg,20260822
train,/mnt/d/ruanjianxiazai/pycharm2026/datasets/dataset_2/train/images/nozzle_clean_0362.jpg,20260822
train,/mnt/d/ruanjianxiazai/pycharm2026/datasets/dataset_2/train/images/nozzle_extrusion_normal_0489.jpg,20260822
train,/mnt/d/ruanjianxiazai/pycharm2026/datasets/dataset_2/train/images/nozzle_tip_wrapped_0108.jpg,20260822
train,/mnt/d/ruanjianxiazai/pycharm2026/datasets/dataset_2/train/images/nozzle_extrusion_normal_1500.jpg,20260822
train,/mnt/d/ruanjianxiazai/pycharm2026/datasets/dataset_2/train/images/nozzle_tip_wrapped_0107.jpg,20260822
train,/mnt/d/ruanjianxiazai/pycharm2026/datasets/dataset_2/train/images/nozzle_clean_0597.jpg,20260822
train,/mnt/d/ruanjianxiazai/pycharm2026/datasets/dataset_2/train/images/nozzle_no_extrusion_0071.jpg,20260822
train,/mnt/d/ruanjianxiazai/pycharm2026/datasets/dataset_2/train/images/nozzle_no_extrusion_0171.jpg,20260822
train,/mnt/d/ruanjianxiazai/pycharm2026/datasets/dataset_2/train/images/nozzle_extrusion_normal_0228.jpg,20260822
train,/mnt/d/ruanjianxiazai/pycharm2026/datasets/dataset_2/train/images/nozzle_clean_0771.jpg,20260822
train,/mnt/d/ruanjianxiazai/pycharm2026/datasets/dataset_2/train/images/nozzle_extrusion_normal_0788.jpg,20260822
train,/mnt/d/ruanjianxiazai/pycharm2026/datasets/dataset_2/train/images/nozzle_extrusion_normal_1151.jpg,20260822
train,/mnt/d/ruanjianxiazai/pycharm2026/datasets/dataset_2/train/images/nozzle_no_extrusion_0845.jpg,20260822
train,/mnt/d/ruanjianxiazai/pycharm2026/datasets/dataset_2/train/images/nozzle_no_extrusion_0755.jpg,20260822
train,/mnt/d/ruanjianxiazai/pycharm2026/datasets/dataset_2/train/images/nozzle_no_extrusion_0445.jpg,20260822
train,/mnt/d/ruanjianxiazai/pycharm2026/datasets/dataset_2/train/images/nozzle_no_extrusion_0496.jpg,20260822
train,/mnt/d/ruanjianxiazai/pycharm2026/datasets/dataset_2/train/images/nozzle_tip_wrapped_0564.jpg,20260822
train,/mnt/d/ruanjianxiazai/pycharm2026/datasets/dataset_2/train/images/nozzle_clean_0863.jpg,20260822
train,/mnt/d/ruanjianxiazai/pycharm2026/datasets/dataset_2/train/images/nozzle_no_extrusion_0688.jpg,20260822
train,/mnt/d/ruanjianxiazai/pycharm2026/datasets/dataset_2/train/images/nozzle_extrusion_normal_0289.jpg,20260822
train,/mnt/d/ruanjianxiazai/pycharm2026/datasets/dataset_2/train/images/nozzle_extrusion_normal_0652.jpg,20260822
train,/mnt/d/ruanjianxiazai/pycharm2026/datasets/dataset_2/train/images/nozzle_clean_0690.jpg,20260822
train,/mnt/d/ruanjianxiazai/pycharm2026/datasets/dataset_2/train/images/nozzle_clean_0783.jpg,20260822
train,/mnt/d/ruanjianxiazai/pycharm2026/datasets/dataset_2/train/images/nozzle_clean_0157.jpg,20260822
train,/mnt/d/ruanjianxiazai/pycharm2026/datasets/dataset_2/train/images/nozzle_extrusion_normal_0463.jpg,20260822
train,/mnt/d/ruanjianxiazai/pycharm2026/datasets/dataset_2/train/images/nozzle_tip_wrapped_0645.jpg,20260822
train,/mnt/d/ruanjianxiazai/pycharm2026/datasets/dataset_2/train/images/nozzle_tip_wrapped_1198.jpg,20260822
train,/mnt/d/ruanjianxiazai/pycharm2026/datasets/dataset_2/train/images/nozzle_tip_wrapped_0957.jpg,20260822
train,/mnt/d/ruanjianxiazai/pycharm2026/datasets/dataset_2/train/images/nozzle_extrusion_normal_0797.jpg,20260822
train,/mnt/d/ruanjianxiazai/pycharm2026/datasets/dataset_2/train/images/nozzle_extrusion_normal_1366.jpg,20260822
train,/mnt/d/ruanjianxiazai/pycharm2026/datasets/dataset_2/train/images/nozzle_tip_wrapped_1052.jpg,20260822
train,/mnt/d/ruanjianxiazai/pycharm2026/datasets/dataset_2/train/images/nozzle_extrusion_normal_0481.jpg,20260822
train,/mnt/d/ruanjianxiazai/pycharm2026/datasets/dataset_2/train/images/nozzle_no_extrusion_0585.jpg,20260822
train,/mnt/d/ruanjianxiazai/pycharm2026/datasets/dataset_2/train/images/nozzle_tip_wrapped_0839.jpg,20260822
train,/mnt/d/ruanjianxiazai/pycharm2026/datasets/dataset_2/train/images/nozzle_clean_0803.jpg,20260822
train,/mnt/d/ruanjianxiazai/pycharm2026/datasets/dataset_2/train/images/nozzle_no_extrusion_0711.jpg,20260822
train,/mnt/d/ruanjianxiazai/pycharm2026/datasets/dataset_2/train/images/nozzle_no_extrusion_0853.jpg,20260822
train,/mnt/d/ruanjianxiazai/pycharm2026/datasets/dataset_2/train/images/nozzle_no_extrusion_0708.jpg,20260822
train,/mnt/d/ruanjianxiazai/pycharm2026/datasets/dataset_2/train/images/nozzle_heavy_contamination_0019.jpg,20260822
train,/mnt/d/ruanjianxiazai/pycharm2026/datasets/dataset_2/train/images/nozzle_tip_wrapped_0692.jpg,20260822
train,/mnt/d/ruanjianxiazai/pycharm2026/datasets/dataset_2/train/images/nozzle_tip_wrapped_1095.jpg,20260822
train,/mnt/d/ruanjianxiazai/pycharm2026/datasets/dataset_2/train/images/nozzle_no_extrusion_0098.jpg,20260822
train,/mnt/d/ruanjianxiazai/pycharm2026/datasets/dataset_2/train/images/nozzle_no_extrusion_0520.jpg,20260822
train,/mnt/d/ruanjianxiazai/pycharm2026/datasets/dataset_2/train/images/nozzle_clean_0208.jpg,20260822
train,/mnt/d/ruanjianxiazai/pycharm2026/datasets/dataset_2/train/images/nozzle_tip_wrapped_1275.jpg,20260822
train,/mnt/d/ruanjianxiazai/pycharm2026/datasets/dataset_2/train/images/nozzle_extrusion_normal_0254.jpg,20260822
train,/mnt/d/ruanjianxiazai/pycharm2026/datasets/dataset_2/train/images/nozzle_tip_wrapped_0264.jpg,20260822
train,/mnt/d/ruanjianxiazai/pycharm2026/datasets/dataset_2/train/images/nozzle_clean_0377.jpg,20260822
train,/mnt/d/ruanjianxiazai/pycharm2026/datasets/dataset_2/train/images/nozzle_tip_wrapped_1289.jpg,20260822
train,/mnt/d/ruanjianxiazai/pycharm2026/datasets/dataset_2/train/images/nozzle_clean_0529.jpg,20260822
train,/mnt/d/ruanjianxiazai/pycharm2026/datasets/dataset_2/train/images/nozzle_no_extrusion_0744.jpg,20260822
train,/mnt/d/ruanjianxiazai/pycharm2026/datasets/dataset_2/train/images/nozzle_clean_0534.jpg,20260822
train,/mnt/d/ruanjianxiazai/pycharm2026/datasets/dataset_2/train/images/nozzle_tip_wrapped_0097.jpg,20260822
train,/mnt/d/ruanjianxiazai/pycharm2026/datasets/dataset_2/train/images/nozzle_extrusion_normal_0454.jpg,20260822
train,/mnt/d/ruanjianxiazai/pycharm2026/datasets/dataset_2/train/images/nozzle_extrusion_normal_0092.jpg,20260822
train,/mnt/d/ruanjianxiazai/pycharm2026/datasets/dataset_2/train/images/nozzle_extrusion_normal_0439.jpg,20260822
train,/mnt/d/ruanjianxiazai/pycharm2026/datasets/dataset_2/train/images/nozzle_extrusion_normal_0508.jpg,20260822
train,/mnt/d/ruanjianxiazai/pycharm2026/datasets/dataset_2/train/images/nozzle_tip_wrapped_1265.jpg,20260822
train,/mnt/d/ruanjianxiazai/pycharm2026/datasets/dataset_2/train/images/nozzle_clean_0049.jpg,20260822
train,/mnt/d/ruanjianxiazai/pycharm2026/datasets/dataset_2/train/images/nozzle_extrusion_normal_1185.jpg,20260822
train,/mnt/d/ruanjianxiazai/pycharm2026/datasets/dataset_2/train/images/nozzle_extrusion_normal_0217.jpg,20260822
train,/mnt/d/ruanjianxiazai/pycharm2026/datasets/dataset_2/train/images/nozzle_extrusion_normal_0931.jpg,20260822
train,/mnt/d/ruanjianxiazai/pycharm2026/datasets/dataset_2/train/images/nozzle_tip_wrapped_0252.jpg,20260822
train,/mnt/d/ruanjianxiazai/pycharm2026/datasets/dataset_2/train/images/nozzle_extrusion_normal_0556.jpg,20260822
train,/mnt/d/ruanjianxiazai/pycharm2026/datasets/dataset_2/train/images/nozzle_tip_wrapped_0703.jpg,20260822
train,/mnt/d/ruanjianxiazai/pycharm2026/datasets/dataset_2/train/images/nozzle_extrusion_normal_0148.jpg,20260822
train,/mnt/d/ruanjianxiazai/pycharm2026/datasets/dataset_2/train/images/nozzle_extrusion_normal_1000.jpg,20260822
train,/mnt/d/ruanjianxiazai/pycharm2026/datasets/dataset_2/train/images/nozzle_tip_wrapped_0954.jpg,20260822
train,/mnt/d/ruanjianxiazai/pycharm2026/datasets/dataset_2/train/images/nozzle_no_extrusion_0796.jpg,20260822
train,/mnt/d/ruanjianxiazai/pycharm2026/datasets/dataset_2/train/images/nozzle_no_extrusion_0816.jpg,20260822
train,/mnt/d/ruanjianxiazai/pycharm2026/datasets/dataset_2/train/images/nozzle_no_extrusion_0859.jpg,20260822
train,/mnt/d/ruanjianxiazai/pycharm2026/datasets/dataset_2/train/images/nozzle_clean_0708.jpg,20260822
train,/mnt/d/ruanjianxiazai/pycharm2026/datasets/dataset_2/train/images/nozzle_extrusion_normal_0594.jpg,20260822
train,/mnt/d/ruanjianxiazai/pycharm2026/datasets/dataset_2/train/images/nozzle_no_extrusion_0123.jpg,20260822
train,/mnt/d/ruanjianxiazai/pycharm2026/datasets/dataset_2/train/images/nozzle_extrusion_normal_0253.jpg,20260822
train,/mnt/d/ruanjianxiazai/pycharm2026/datasets/dataset_2/train/images/nozzle_tip_wrapped_0553.jpg,20260822
train,/mnt/d/ruanjianxiazai/pycharm2026/datasets/dataset_2/train/images/nozzle_clean_0114.jpg,20260822
train,/mnt/d/ruanjianxiazai/pycharm2026/datasets/dataset_2/train/images/nozzle_tip_wrapped_0644.jpg,20260822
train,/mnt/d/ruanjianxiazai/pycharm2026/datasets/dataset_2/train/images/nozzle_tip_wrapped_0760.jpg,20260822
train,/mnt/d/ruanjianxiazai/pycharm2026/datasets/dataset_2/train/images/nozzle_tip_wrapped_0486.jpg,20260822
train,/mnt/d/ruanjianxiazai/pycharm2026/datasets/dataset_2/train/images/nozzle_no_extrusion_0815.jpg,20260822
train,/mnt/d/ruanjianxiazai/pycharm2026/datasets/dataset_2/train/images/nozzle_tip_wrapped_0916.jpg,20260822
train,/mnt/d/ruanjianxiazai/pycharm2026/datasets/dataset_2/train/images/nozzle_tip_wrapped_0582.jpg,20260822
train,/mnt/d/ruanjianxiazai/pycharm2026/datasets/dataset_2/train/images/nozzle_extrusion_normal_1325.jpg,20260822
train,/mnt/d/ruanjianxiazai/pycharm2026/datasets/dataset_2/train/images/nozzle_no_extrusion_0894.jpg,20260822
train,/mnt/d/ruanjianxiazai/pycharm2026/datasets/dataset_2/train/images/nozzle_tip_wrapped_0665.jpg,20260822
train,/mnt/d/ruanjianxiazai/pycharm2026/datasets/dataset_2/train/images/nozzle_clean_0382.jpg,20260822
train,/mnt/d/ruanjianxiazai/pycharm2026/datasets/dataset_2/train/images/nozzle_no_extrusion_0237.jpg,20260822
train,/mnt/d/ruanjianxiazai/pycharm2026/datasets/dataset_2/train/images/nozzle_clean_0725.jpg,20260822
train,/mnt/d/ruanjianxiazai/pycharm2026/datasets/dataset_2/train/images/nozzle_clean_0862.jpg,20260822
train,/mnt/d/ruanjianxiazai/pycharm2026/datasets/dataset_2/train/images/nozzle_no_extrusion_0376.jpg,20260822
train,/mnt/d/ruanjianxiazai/pycharm2026/datasets/dataset_2/train/images/nozzle_tip_wrapped_0858.jpg,20260822
train,/mnt/d/ruanjianxiazai/pycharm2026/datasets/dataset_2/train/images/nozzle_clean_0009.jpg,20260822
train,/mnt/d/ruanjianxiazai/pycharm2026/datasets/dataset_2/train/images/nozzle_clean_0502.jpg,20260822
train,/mnt/d/ruanjianxiazai/pycharm2026/datasets/dataset_2/train/images/nozzle_no_extrusion_0667.jpg,20260822
train,/mnt/d/ruanjianxiazai/pycharm2026/datasets/dataset_2/train/images/nozzle_tip_wrapped_0262.jpg,20260822
train,/mnt/d/ruanjianxiazai/pycharm2026/datasets/dataset_2/train/images/nozzle_extrusion_normal_0627.jpg,20260822
train,/mnt/d/ruanjianxiazai/pycharm2026/datasets/dataset_2/train/images/nozzle_no_extrusion_0425.jpg,20260822
train,/mnt/d/ruanjianxiazai/pycharm2026/datasets/dataset_2/train/images/nozzle_extrusion_normal_1351.jpg,20260822
train,/mnt/d/ruanjianxiazai/pycharm2026/datasets/dataset_2/train/images/nozzle_tip_wrapped_0641.jpg,20260822
train,/mnt/d/ruanjianxiazai/pycharm2026/datasets/dataset_2/train/images/nozzle_clean_0826.jpg,20260822
train,/mnt/d/ruanjianxiazai/pycharm2026/datasets/dataset_2/train/images/nozzle_clean_0688.jpg,20260822
train,/mnt/d/ruanjianxiazai/pycharm2026/datasets/dataset_2/train/images/nozzle_extrusion_normal_0784.jpg,20260822
train,/mnt/d/ruanjianxiazai/pycharm2026/datasets/dataset_2/train/images/nozzle_no_extrusion_0619.jpg,20260822
train,/mnt/d/ruanjianxiazai/pycharm2026/datasets/dataset_2/train/images/nozzle_no_extrusion_0446.jpg,20260822
train,/mnt/d/ruanjianxiazai/pycharm2026/datasets/dataset_2/train/images/nozzle_tip_wrapped_0319.jpg,20260822
train,/mnt/d/ruanjianxiazai/pycharm2026/datasets/dataset_2/train/images/nozzle_tip_wrapped_1258.jpg,20260822
train,/mnt/d/ruanjianxiazai/pycharm2026/datasets/dataset_2/train/images/nozzle_clean_0786.jpg,20260822
train,/mnt/d/ruanjianxiazai/pycharm2026/datasets/dataset_2/train/images/nozzle_extrusion_normal_0668.jpg,20260822
train,/mnt/d/ruanjianxiazai/pycharm2026/datasets/dataset_2/train/images/nozzle_tip_wrapped_0275.jpg,20260822
train,/mnt/d/ruanjianxiazai/pycharm2026/datasets/dataset_2/train/images/nozzle_tip_wrapped_0812.jpg,20260822
train,/mnt/d/ruanjianxiazai/pycharm2026/datasets/dataset_2/train/images/nozzle_tip_wrapped_0923.jpg,20260822
train,/mnt/d/ruanjianxiazai/pycharm2026/datasets/dataset_2/train/images/nozzle_no_extrusion_0116.jpg,20260822
train,/mnt/d/ruanjianxiazai/pycharm2026/datasets/dataset_2/train/images/nozzle_clean_0145.jpg,20260822
train,/mnt/d/ruanjianxiazai/pycharm2026/datasets/dataset_2/train/images/nozzle_clean_0182.jpg,20260822
train,/mnt/d/ruanjianxiazai/pycharm2026/datasets/dataset_2/train/images/nozzle_extrusion_normal_0122.jpg,20260822
train,/mnt/d/ruanjianxiazai/pycharm2026/datasets/dataset_2/train/images/nozzle_no_extrusion_0668.jpg,20260822
train,/mnt/d/ruanjianxiazai/pycharm2026/datasets/dataset_2/train/images/nozzle_clean_0322.jpg,20260822
train,/mnt/d/ruanjianxiazai/pycharm2026/datasets/dataset_2/train/images/nozzle_tip_wrapped_0311.jpg,20260822
train,/mnt/d/ruanjianxiazai/pycharm2026/datasets/dataset_2/train/images/nozzle_tip_wrapped_1286.jpg,20260822
train,/mnt/d/ruanjianxiazai/pycharm2026/datasets/dataset_2/train/images/nozzle_clean_0527.jpg,20260822
train,/mnt/d/ruanjianxiazai/pycharm2026/datasets/dataset_2/train/images/nozzle_tip_wrapped_0040.jpg,20260822
train,/mnt/d/ruanjianxiazai/pycharm2026/datasets/dataset_2/train/images/nozzle_no_extrusion_0831.jpg,20260822
train,/mnt/d/ruanjianxiazai/pycharm2026/datasets/dataset_2/train/images/nozzle_extrusion_normal_1129.jpg,20260822
train,/mnt/d/ruanjianxiazai/pycharm2026/datasets/dataset_2/train/images/nozzle_clean_0294.jpg,20260822
train,/mnt/d/ruanjianxiazai/pycharm2026/datasets/dataset_2/train/images/nozzle_extrusion_normal_1503.jpg,20260822
train,/mnt/d/ruanjianxiazai/pycharm2026/datasets/dataset_2/train/images/nozzle_no_extrusion_0810.jpg,20260822
train,/mnt/d/ruanjianxiazai/pycharm2026/datasets/dataset_2/train/images/nozzle_clean_0548.jpg,20260822
train,/mnt/d/ruanjianxiazai/pycharm2026/datasets/dataset_2/train/images/nozzle_tip_wrapped_1159.jpg,20260822
train,/mnt/d/ruanjianxiazai/pycharm2026/datasets/dataset_2/train/images/nozzle_extrusion_normal_0959.jpg,20260822
train,/mnt/d/ruanjianxiazai/pycharm2026/datasets/dataset_2/train/images/nozzle_tip_wrapped_0349.jpg,20260822
train,/mnt/d/ruanjianxiazai/pycharm2026/datasets/dataset_2/train/images/nozzle_extrusion_normal_1322.jpg,20260822
train,/mnt/d/ruanjianxiazai/pycharm2026/datasets/dataset_2/train/images/nozzle_extrusion_normal_0524.jpg,20260822
train,/mnt/d/ruanjianxiazai/pycharm2026/datasets/dataset_2/train/images/nozzle_extrusion_normal_0604.jpg,20260822
train,/mnt/d/ruanjianxiazai/pycharm2026/datasets/dataset_2/train/images/nozzle_tip_wrapped_1185.jpg,20260822
train,/mnt/d/ruanjianxiazai/pycharm2026/datasets/dataset_2/train/images/nozzle_tip_wrapped_0453.jpg,20260822
train,/mnt/d/ruanjianxiazai/pycharm2026/datasets/dataset_2/train/images/nozzle_no_extrusion_0459.jpg,20260822
train,/mnt/d/ruanjianxiazai/pycharm2026/datasets/dataset_2/train/images/nozzle_extrusion_normal_1124.jpg,20260822
train,/mnt/d/ruanjianxiazai/pycharm2026/datasets/dataset_2/train/images/nozzle_no_extrusion_0544.jpg,20260822
train,/mnt/d/ruanjianxiazai/pycharm2026/datasets/dataset_2/train/images/nozzle_extrusion_normal_0081.jpg,20260822
train,/mnt/d/ruanjianxiazai/pycharm2026/datasets/dataset_2/train/images/nozzle_tip_wrapped_0774.jpg,20260822
train,/mnt/d/ruanjianxiazai/pycharm2026/datasets/dataset_2/train/images/nozzle_extrusion_normal_0192.jpg,20260822
train,/mnt/d/ruanjianxiazai/pycharm2026/datasets/dataset_2/train/images/nozzle_no_extrusion_0461.jpg,20260822
train,/mnt/d/ruanjianxiazai/pycharm2026/datasets/dataset_2/train/images/nozzle_extrusion_normal_0653.jpg,20260822
train,/mnt/d/ruanjianxiazai/pycharm2026/datasets/dataset_2/train/images/nozzle_tip_wrapped_1117.jpg,20260822
train,/mnt/d/ruanjianxiazai/pycharm2026/datasets/dataset_2/train/images/nozzle_clean_0849.jpg,20260822
train,/mnt/d/ruanjianxiazai/pycharm2026/datasets/dataset_2/train/images/nozzle_tip_wrapped_0992.jpg,20260822
train,/mnt/d/ruanjianxiazai/pycharm2026/datasets/dataset_2/train/images/nozzle_extrusion_normal_1275.jpg,20260822
train,/mnt/d/ruanjianxiazai/pycharm2026/datasets/dataset_2/train/images/nozzle_extrusion_normal_0200.jpg,20260822
train,/mnt/d/ruanjianxiazai/pycharm2026/datasets/dataset_2/train/images/nozzle_clean_0060.jpg,20260822
train,/mnt/d/ruanjianxiazai/pycharm2026/datasets/dataset_2/train/images/nozzle_tip_wrapped_1007.jpg,20260822
train,/mnt/d/ruanjianxiazai/pycharm2026/datasets/dataset_2/train/images/nozzle_clean_0137.jpg,20260822
train,/mnt/d/ruanjianxiazai/pycharm2026/datasets/dataset_2/train/images/nozzle_tip_wrapped_1018.jpg,20260822
train,/mnt/d/ruanjianxiazai/pycharm2026/datasets/dataset_2/train/images/nozzle_extrusion_normal_0550.jpg,20260822
train,/mnt/d/ruanjianxiazai/pycharm2026/datasets/dataset_2/train/images/nozzle_tip_wrapped_0191.jpg,20260822
train,/mnt/d/ruanjianxiazai/pycharm2026/datasets/dataset_2/train/images/nozzle_extrusion_normal_0608.jpg,20260822
train,/mnt/d/ruanjianxiazai/pycharm2026/datasets/dataset_2/train/images/nozzle_no_extrusion_0438.jpg,20260822
train,/mnt/d/ruanjianxiazai/pycharm2026/datasets/dataset_2/train/images/nozzle_extrusion_normal_0841.jpg,20260822
train,/mnt/d/ruanjianxiazai/pycharm2026/datasets/dataset_2/train/images/nozzle_extrusion_normal_1081.jpg,20260822
train,/mnt/d/ruanjianxiazai/pycharm2026/datasets/dataset_2/train/images/nozzle_extrusion_normal_0392.jpg,20260822
train,/mnt/d/ruanjianxiazai/pycharm2026/datasets/dataset_2/train/images/nozzle_clean_0240.jpg,20260822
train,/mnt/d/ruanjianxiazai/pycharm2026/datasets/dataset_2/train/images/nozzle_tip_wrapped_0801.jpg,20260822
train,/mnt/d/ruanjianxiazai/pycharm2026/datasets/dataset_2/train/images/nozzle_no_extrusion_0260.jpg,20260822
train,/mnt/d/ruanjianxiazai/pycharm2026/datasets/dataset_2/train/images/nozzle_tip_wrapped_0586.jpg,20260822
train,/mnt/d/ruanjianxiazai/pycharm2026/datasets/dataset_2/train/images/nozzle_extrusion_normal_1258.jpg,20260822
train,/mnt/d/ruanjianxiazai/pycharm2026/datasets/dataset_2/train/images/nozzle_clean_0097.jpg,20260822
train,/mnt/d/ruanjianxiazai/pycharm2026/datasets/dataset_2/train/images/nozzle_no_extrusion_0641.jpg,20260822
train,/mnt/d/ruanjianxiazai/pycharm2026/datasets/dataset_2/train/images/nozzle_tip_wrapped_1211.jpg,20260822
train,/mnt/d/ruanjianxiazai/pycharm2026/datasets/dataset_2/train/images/nozzle_extrusion_normal_1094.jpg,20260822
train,/mnt/d/ruanjianxiazai/pycharm2026/datasets/dataset_2/train/images/nozzle_tip_wrapped_0233.jpg,20260822
train,/mnt/d/ruanjianxiazai/pycharm2026/datasets/dataset_2/train/images/nozzle_tip_wrapped_0465.jpg,20260822
train,/mnt/d/ruanjianxiazai/pycharm2026/datasets/dataset_2/train/images/nozzle_tip_wrapped_0403.jpg,20260822
train,/mnt/d/ruanjianxiazai/pycharm2026/datasets/dataset_2/train/images/nozzle_extrusion_normal_0400.jpg,20260822
train,/mnt/d/ruanjianxiazai/pycharm2026/datasets/dataset_2/train/images/nozzle_tip_wrapped_0313.jpg,20260822
train,/mnt/d/ruanjianxiazai/pycharm2026/datasets/dataset_2/train/images/nozzle_no_extrusion_0374.jpg,20260822
train,/mnt/d/ruanjianxiazai/pycharm2026/datasets/dataset_2/train/images/nozzle_extrusion_normal_0656.jpg,20260822
train,/mnt/d/ruanjianxiazai/pycharm2026/datasets/dataset_2/train/images/nozzle_extrusion_normal_0381.jpg,20260822
train,/mnt/d/ruanjianxiazai/pycharm2026/datasets/dataset_2/train/images/nozzle_extrusion_normal_0114.jpg,20260822
train,/mnt/d/ruanjianxiazai/pycharm2026/datasets/dataset_2/train/images/nozzle_tip_wrapped_1125.jpg,20260822
train,/mnt/d/ruanjianxiazai/pycharm2026/datasets/dataset_2/train/images/nozzle_extrusion_normal_1294.jpg,20260822
train,/mnt/d/ruanjianxiazai/pycharm2026/datasets/dataset_2/train/images/nozzle_clean_0704.jpg,20260822
train,/mnt/d/ruanjianxiazai/pycharm2026/datasets/dataset_2/train/images/nozzle_extrusion_normal_0809.jpg,20260822
train,/mnt/d/ruanjianxiazai/pycharm2026/datasets/dataset_2/train/images/nozzle_extrusion_normal_1146.jpg,20260822
train,/mnt/d/ruanjianxiazai/pycharm2026/datasets/dataset_2/train/images/nozzle_tip_wrapped_0096.jpg,20260822
train,/mnt/d/ruanjianxiazai/pycharm2026/datasets/dataset_2/train/images/nozzle_clean_0444.jpg,20260822
train,/mnt/d/ruanjianxiazai/pycharm2026/datasets/dataset_2/train/images/nozzle_tip_wrapped_1271.jpg,20260822
train,/mnt/d/ruanjianxiazai/pycharm2026/datasets/dataset_2/train/images/nozzle_extrusion_normal_0774.jpg,20260822
train,/mnt/d/ruanjianxiazai/pycharm2026/datasets/dataset_2/train/images/nozzle_tip_wrapped_0320.jpg,20260822
train,/mnt/d/ruanjianxiazai/pycharm2026/datasets/dataset_2/train/images/nozzle_extrusion_normal_0587.jpg,20260822
train,/mnt/d/ruanjianxiazai/pycharm2026/datasets/dataset_2/train/images/nozzle_extrusion_normal_0404.jpg,20260822
train,/mnt/d/ruanjianxiazai/pycharm2026/datasets/dataset_2/train/images/nozzle_tip_wrapped_0640.jpg,20260822
train,/mnt/d/ruanjianxiazai/pycharm2026/datasets/dataset_2/train/images/nozzle_extrusion_normal_1434.jpg,20260822
train,/mnt/d/ruanjianxiazai/pycharm2026/datasets/dataset_2/train/images/nozzle_extrusion_normal_1354.jpg,20260822
train,/mnt/d/ruanjianxiazai/pycharm2026/datasets/dataset_2/train/images/nozzle_clean_0427.jpg,20260822
train,/mnt/d/ruanjianxiazai/pycharm2026/datasets/dataset_2/train/images/nozzle_extrusion_normal_0146.jpg,20260822
train,/mnt/d/ruanjianxiazai/pycharm2026/datasets/dataset_2/train/images/nozzle_clean_0545.jpg,20260822
train,/mnt/d/ruanjianxiazai/pycharm2026/datasets/dataset_2/train/images/nozzle_tip_wrapped_0828.jpg,20260822
train,/mnt/d/ruanjianxiazai/pycharm2026/datasets/dataset_2/train/images/nozzle_clean_0129.jpg,20260822
train,/mnt/d/ruanjianxiazai/pycharm2026/datasets/dataset_2/train/images/nozzle_extrusion_normal_0599.jpg,20260822
train,/mnt/d/ruanjianxiazai/pycharm2026/datasets/dataset_2/train/images/nozzle_clean_0484.jpg,20260822
train,/mnt/d/ruanjianxiazai/pycharm2026/datasets/dataset_2/train/images/nozzle_tip_wrapped_0399.jpg,20260822
train,/mnt/d/ruanjianxiazai/pycharm2026/datasets/dataset_2/train/images/nozzle_extrusion_normal_1398.jpg,20260822
train,/mnt/d/ruanjianxiazai/pycharm2026/datasets/dataset_2/train/images/nozzle_tip_wrapped_0135.jpg,20260822
train,/mnt/d/ruanjianxiazai/pycharm2026/datasets/dataset_2/train/images/nozzle_extrusion_normal_1152.jpg,20260822
train,/mnt/d/ruanjianxiazai/pycharm2026/datasets/dataset_2/train/images/nozzle_tip_wrapped_0203.jpg,20260822
train,/mnt/d/ruanjianxiazai/pycharm2026/datasets/dataset_2/train/images/nozzle_extrusion_normal_0499.jpg,20260822
train,/mnt/d/ruanjianxiazai/pycharm2026/datasets/dataset_2/train/images/nozzle_clean_0106.jpg,20260822
train,/mnt/d/ruanjianxiazai/pycharm2026/datasets/dataset_2/train/images/nozzle_clean_0287.jpg,20260822
train,/mnt/d/ruanjianxiazai/pycharm2026/datasets/dataset_2/train/images/nozzle_no_extrusion_0722.jpg,20260822
train,/mnt/d/ruanjianxiazai/pycharm2026/datasets/dataset_2/train/images/nozzle_tip_wrapped_0618.jpg,20260822
train,/mnt/d/ruanjianxiazai/pycharm2026/datasets/dataset_2/train/images/nozzle_clean_0716.jpg,20260822
train,/mnt/d/ruanjianxiazai/pycharm2026/datasets/dataset_2/train/images/nozzle_clean_0659.jpg,20260822
train,/mnt/d/ruanjianxiazai/pycharm2026/datasets/dataset_2/train/images/nozzle_no_extrusion_0330.jpg,20260822
train,/mnt/d/ruanjianxiazai/pycharm2026/datasets/dataset_2/train/images/nozzle_extrusion_normal_0704.jpg,20260822
train,/mnt/d/ruanjianxiazai/pycharm2026/datasets/dataset_2/train/images/nozzle_extrusion_normal_1330.jpg,20260822
train,/mnt/d/ruanjianxiazai/pycharm2026/datasets/dataset_2/train/images/nozzle_extrusion_normal_1023.jpg,20260822
train,/mnt/d/ruanjianxiazai/pycharm2026/datasets/dataset_2/train/images/nozzle_tip_wrapped_0301.jpg,20260822
train,/mnt/d/ruanjianxiazai/pycharm2026/datasets/dataset_2/train/images/nozzle_clean_0321.jpg,20260822
train,/mnt/d/ruanjianxiazai/pycharm2026/datasets/dataset_2/train/images/nozzle_tip_wrapped_0814.jpg,20260822
train,/mnt/d/ruanjianxiazai/pycharm2026/datasets/dataset_2/train/images/nozzle_clean_0567.jpg,20260822
train,/mnt/d/ruanjianxiazai/pycharm2026/datasets/dataset_2/train/images/nozzle_no_extrusion_0048.jpg,20260822
train,/mnt/d/ruanjianxiazai/pycharm2026/datasets/dataset_2/train/images/nozzle_extrusion_normal_1418.jpg,20260822
train,/mnt/d/ruanjianxiazai/pycharm2026/datasets/dataset_2/train/images/nozzle_tip_wrapped_0218.jpg,20260822
train,/mnt/d/ruanjianxiazai/pycharm2026/datasets/dataset_2/train/images/nozzle_no_extrusion_0529.jpg,20260822
train,/mnt/d/ruanjianxiazai/pycharm2026/datasets/dataset_2/train/images/nozzle_extrusion_normal_0996.jpg,20260822
train,/mnt/d/ruanjianxiazai/pycharm2026/datasets/dataset_2/train/images/nozzle_tip_wrapped_0623.jpg,20260822
train,/mnt/d/ruanjianxiazai/pycharm2026/datasets/dataset_2/train/images/nozzle_no_extrusion_0795.jpg,20260822
train,/mnt/d/ruanjianxiazai/pycharm2026/datasets/dataset_2/train/images/nozzle_extrusion_normal_0606.jpg,20260822
train,/mnt/d/ruanjianxiazai/pycharm2026/datasets/dataset_2/train/images/nozzle_clean_0021.jpg,20260822
train,/mnt/d/ruanjianxiazai/pycharm2026/datasets/dataset_2/train/images/nozzle_no_extrusion_0660.jpg,20260822
train,/mnt/d/ruanjianxiazai/pycharm2026/datasets/dataset_2/train/images/nozzle_extrusion_normal_0580.jpg,20260822
train,/mnt/d/ruanjianxiazai/pycharm2026/datasets/dataset_2/train/images/nozzle_extrusion_normal_0020.jpg,20260822
train,/mnt/d/ruanjianxiazai/pycharm2026/datasets/dataset_2/train/images/nozzle_no_extrusion_0028.jpg,20260822
train,/mnt/d/ruanjianxiazai/pycharm2026/datasets/dataset_2/train/images/nozzle_clean_0346.jpg,20260822
train,/mnt/d/ruanjianxiazai/pycharm2026/datasets/dataset_2/train/images/nozzle_extrusion_normal_0836.jpg,20260822
train,/mnt/d/ruanjianxiazai/pycharm2026/datasets/dataset_2/train/images/nozzle_tip_wrapped_0483.jpg,20260822
train,/mnt/d/ruanjianxiazai/pycharm2026/datasets/dataset_2/train/images/nozzle_tip_wrapped_1274.jpg,20260822
train,/mnt/d/ruanjianxiazai/pycharm2026/datasets/dataset_2/train/images/nozzle_extrusion_normal_0080.jpg,20260822
train,/mnt/d/ruanjianxiazai/pycharm2026/datasets/dataset_2/train/images/nozzle_clean_0811.jpg,20260822
train,/mnt/d/ruanjianxiazai/pycharm2026/datasets/dataset_2/train/images/nozzle_extrusion_normal_0270.jpg,20260822
train,/mnt/d/ruanjianxiazai/pycharm2026/datasets/dataset_2/train/images/nozzle_extrusion_normal_0737.jpg,20260822
train,/mnt/d/ruanjianxiazai/pycharm2026/datasets/dataset_2/train/images/nozzle_tip_wrapped_0663.jpg,20260822
train,/mnt/d/ruanjianxiazai/pycharm2026/datasets/dataset_2/train/images/nozzle_extrusion_normal_0157.jpg,20260822
train,/mnt/d/ruanjianxiazai/pycharm2026/datasets/dataset_2/train/images/nozzle_extrusion_normal_0644.jpg,20260822
train,/mnt/d/ruanjianxiazai/pycharm2026/datasets/dataset_2/train/images/nozzle_tip_wrapped_1300.jpg,20260822
train,/mnt/d/ruanjianxiazai/pycharm2026/datasets/dataset_2/train/images/nozzle_clean_0457.jpg,20260822
train,/mnt/d/ruanjianxiazai/pycharm2026/datasets/dataset_2/train/images/nozzle_extrusion_normal_1402.jpg,20260822
train,/mnt/d/ruanjianxiazai/pycharm2026/datasets/dataset_2/train/images/nozzle_extrusion_normal_0307.jpg,20260822
train,/mnt/d/ruanjianxiazai/pycharm2026/datasets/dataset_2/train/images/nozzle_extrusion_normal_1411.jpg,20260822
train,/mnt/d/ruanjianxiazai/pycharm2026/datasets/dataset_2/train/images/nozzle_tip_wrapped_0949.jpg,20260822
train,/mnt/d/ruanjianxiazai/pycharm2026/datasets/dataset_2/train/images/nozzle_tip_wrapped_1245.jpg,20260822
train,/mnt/d/ruanjianxiazai/pycharm2026/datasets/dataset_2/train/images/nozzle_no_extrusion_0407.jpg,20260822
train,/mnt/d/ruanjianxiazai/pycharm2026/datasets/dataset_2/train/images/nozzle_extrusion_normal_0294.jpg,20260822
train,/mnt/d/ruanjianxiazai/pycharm2026/datasets/dataset_2/train/images/nozzle_extrusion_normal_0730.jpg,20260822
train,/mnt/d/ruanjianxiazai/pycharm2026/datasets/dataset_2/train/images/nozzle_no_extrusion_0823.jpg,20260822
train,/mnt/d/ruanjianxiazai/pycharm2026/datasets/dataset_2/train/images/nozzle_tip_wrapped_1263.jpg,20260822
train,/mnt/d/ruanjianxiazai/pycharm2026/datasets/dataset_2/train/images/nozzle_extrusion_normal_1199.jpg,20260822
train,/mnt/d/ruanjianxiazai/pycharm2026/datasets/dataset_2/train/images/nozzle_tip_wrapped_1255.jpg,20260822
train,/mnt/d/ruanjianxiazai/pycharm2026/datasets/dataset_2/train/images/nozzle_extrusion_normal_1020.jpg,20260822
train,/mnt/d/ruanjianxiazai/pycharm2026/datasets/dataset_2/train/images/nozzle_extrusion_normal_0447.jpg,20260822
train,/mnt/d/ruanjianxiazai/pycharm2026/datasets/dataset_2/train/images/nozzle_tip_wrapped_0033.jpg,20260822
train,/mnt/d/ruanjianxiazai/pycharm2026/datasets/dataset_2/train/images/nozzle_tip_wrapped_0937.jpg,20260822
train,/mnt/d/ruanjianxiazai/pycharm2026/datasets/dataset_2/train/images/nozzle_extrusion_normal_0687.jpg,20260822
train,/mnt/d/ruanjianxiazai/pycharm2026/datasets/dataset_2/train/images/nozzle_tip_wrapped_0602.jpg,20260822
train,/mnt/d/ruanjianxiazai/pycharm2026/datasets/dataset_2/train/images/nozzle_no_extrusion_0174.jpg,20260822
train,/mnt/d/ruanjianxiazai/pycharm2026/datasets/dataset_2/train/images/nozzle_tip_wrapped_0202.jpg,20260822
train,/mnt/d/ruanjianxiazai/pycharm2026/datasets/dataset_2/train/images/nozzle_tip_wrapped_0004.jpg,20260822
train,/mnt/d/ruanjianxiazai/pycharm2026/datasets/dataset_2/train/images/nozzle_extrusion_normal_0028.jpg,20260822
train,/mnt/d/ruanjianxiazai/pycharm2026/datasets/dataset_2/train/images/nozzle_tip_wrapped_0987.jpg,20260822
train,/mnt/d/ruanjianxiazai/pycharm2026/datasets/dataset_2/train/images/nozzle_tip_wrapped_0449.jpg,20260822
train,/mnt/d/ruanjianxiazai/pycharm2026/datasets/dataset_2/train/images/nozzle_extrusion_normal_1150.jpg,20260822
train,/mnt/d/ruanjianxiazai/pycharm2026/datasets/dataset_2/train/images/nozzle_no_extrusion_0427.jpg,20260822
train,/mnt/d/ruanjianxiazai/pycharm2026/datasets/dataset_2/train/images/nozzle_tip_wrapped_1281.jpg,20260822
train,/mnt/d/ruanjianxiazai/pycharm2026/datasets/dataset_2/train/images/nozzle_clean_0096.jpg,20260822
train,/mnt/d/ruanjianxiazai/pycharm2026/datasets/dataset_2/train/images/nozzle_no_extrusion_0889.jpg,20260822
train,/mnt/d/ruanjianxiazai/pycharm2026/datasets/dataset_2/train/images/nozzle_clean_0791.jpg,20260822
train,/mnt/d/ruanjianxiazai/pycharm2026/datasets/dataset_2/train/images/nozzle_no_extrusion_0610.jpg,20260822
train,/mnt/d/ruanjianxiazai/pycharm2026/datasets/dataset_2/train/images/nozzle_tip_wrapped_0289.jpg,20260822
train,/mnt/d/ruanjianxiazai/pycharm2026/datasets/dataset_2/train/images/nozzle_extrusion_normal_0019.jpg,20260822
train,/mnt/d/ruanjianxiazai/pycharm2026/datasets/dataset_2/train/images/nozzle_clean_0214.jpg,20260822
train,/mnt/d/ruanjianxiazai/pycharm2026/datasets/dataset_2/train/images/nozzle_extrusion_normal_0745.jpg,20260822
train,/mnt/d/ruanjianxiazai/pycharm2026/datasets/dataset_2/train/images/nozzle_extrusion_normal_0071.jpg,20260822
train,/mnt/d/ruanjianxiazai/pycharm2026/datasets/dataset_2/train/images/nozzle_tip_wrapped_1234.jpg,20260822
train,/mnt/d/ruanjianxiazai/pycharm2026/datasets/dataset_2/train/images/nozzle_tip_wrapped_0651.jpg,20260822
train,/mnt/d/ruanjianxiazai/pycharm2026/datasets/dataset_2/train/images/nozzle_extrusion_normal_0859.jpg,20260822
train,/mnt/d/ruanjianxiazai/pycharm2026/datasets/dataset_2/train/images/nozzle_tip_wrapped_0155.jpg,20260822
train,/mnt/d/ruanjianxiazai/pycharm2026/datasets/dataset_2/train/images/nozzle_no_extrusion_0828.jpg,20260822
train,/mnt/d/ruanjianxiazai/pycharm2026/datasets/dataset_2/train/images/nozzle_extrusion_normal_0449.jpg,20260822
train,/mnt/d/ruanjianxiazai/pycharm2026/datasets/dataset_2/train/images/nozzle_clean_0174.jpg,20260822
train,/mnt/d/ruanjianxiazai/pycharm2026/datasets/dataset_2/train/images/nozzle_extrusion_normal_0181.jpg,20260822
train,/mnt/d/ruanjianxiazai/pycharm2026/datasets/dataset_2/train/images/nozzle_extrusion_normal_1048.jpg,20260822
train,/mnt/d/ruanjianxiazai/pycharm2026/datasets/dataset_2/train/images/nozzle_clean_0817.jpg,20260822
train,/mnt/d/ruanjianxiazai/pycharm2026/datasets/dataset_2/train/images/nozzle_extrusion_normal_0581.jpg,20260822
train,/mnt/d/ruanjianxiazai/pycharm2026/datasets/dataset_2/train/images/nozzle_extrusion_normal_0248.jpg,20260822
train,/mnt/d/ruanjianxiazai/pycharm2026/datasets/dataset_2/train/images/nozzle_tip_wrapped_1296.jpg,20260822
train,/mnt/d/ruanjianxiazai/pycharm2026/datasets/dataset_2/train/images/nozzle_no_extrusion_0362.jpg,20260822
train,/mnt/d/ruanjianxiazai/pycharm2026/datasets/dataset_2/train/images/nozzle_extrusion_normal_0483.jpg,20260822
train,/mnt/d/ruanjianxiazai/pycharm2026/datasets/dataset_2/train/images/nozzle_extrusion_normal_0001.jpg,20260822
train,/mnt/d/ruanjianxiazai/pycharm2026/datasets/dataset_2/train/images/nozzle_tip_wrapped_0392.jpg,20260822
train,/mnt/d/ruanjianxiazai/pycharm2026/datasets/dataset_2/train/images/nozzle_no_extrusion_0207.jpg,20260822
train,/mnt/d/ruanjianxiazai/pycharm2026/datasets/dataset_2/train/images/nozzle_tip_wrapped_0886.jpg,20260822
train,/mnt/d/ruanjianxiazai/pycharm2026/datasets/dataset_2/train/images/nozzle_no_extrusion_0027.jpg,20260822
train,/mnt/d/ruanjianxiazai/pycharm2026/datasets/dataset_2/train/images/nozzle_clean_0818.jpg,20260822
train,/mnt/d/ruanjianxiazai/pycharm2026/datasets/dataset_2/train/images/nozzle_extrusion_normal_1175.jpg,20260822
train,/mnt/d/ruanjianxiazai/pycharm2026/datasets/dataset_2/train/images/nozzle_tip_wrapped_0300.jpg,20260822
train,/mnt/d/ruanjianxiazai/pycharm2026/datasets/dataset_2/train/images/nozzle_no_extrusion_0611.jpg,20260822
train,/mnt/d/ruanjianxiazai/pycharm2026/datasets/dataset_2/train/images/nozzle_no_extrusion_0080.jpg,20260822
train,/mnt/d/ruanjianxiazai/pycharm2026/datasets/dataset_2/train/images/nozzle_tip_wrapped_0034.jpg,20260822
train,/mnt/d/ruanjianxiazai/pycharm2026/datasets/dataset_2/train/images/nozzle_extrusion_normal_0902.jpg,20260822
train,/mnt/d/ruanjianxiazai/pycharm2026/datasets/dataset_2/train/images/nozzle_clean_0804.jpg,20260822
train,/mnt/d/ruanjianxiazai/pycharm2026/datasets/dataset_2/train/images/nozzle_clean_0104.jpg,20260822
train,/mnt/d/ruanjianxiazai/pycharm2026/datasets/dataset_2/train/images/nozzle_tip_wrapped_0226.jpg,20260822
train,/mnt/d/ruanjianxiazai/pycharm2026/datasets/dataset_2/train/images/nozzle_extrusion_normal_0913.jpg,20260822
train,/mnt/d/ruanjianxiazai/pycharm2026/datasets/dataset_2/train/images/nozzle_clean_0763.jpg,20260822
train,/mnt/d/ruanjianxiazai/pycharm2026/datasets/dataset_2/train/images/nozzle_no_extrusion_0892.jpg,20260822
train,/mnt/d/ruanjianxiazai/pycharm2026/datasets/dataset_2/train/images/nozzle_extrusion_normal_1389.jpg,20260822
train,/mnt/d/ruanjianxiazai/pycharm2026/datasets/dataset_2/train/images/nozzle_tip_wrapped_1060.jpg,20260822
train,/mnt/d/ruanjianxiazai/pycharm2026/datasets/dataset_2/train/images/nozzle_no_extrusion_0402.jpg,20260822
train,/mnt/d/ruanjianxiazai/pycharm2026/datasets/dataset_2/train/images/nozzle_clean_0747.jpg,20260822
train,/mnt/d/ruanjianxiazai/pycharm2026/datasets/dataset_2/train/images/nozzle_no_extrusion_0264.jpg,20260822
train,/mnt/d/ruanjianxiazai/pycharm2026/datasets/dataset_2/train/images/nozzle_extrusion_normal_1026.jpg,20260822
train,/mnt/d/ruanjianxiazai/pycharm2026/datasets/dataset_2/train/images/nozzle_tip_wrapped_0539.jpg,20260822
train,/mnt/d/ruanjianxiazai/pycharm2026/datasets/dataset_2/train/images/nozzle_clean_0218.jpg,20260822
train,/mnt/d/ruanjianxiazai/pycharm2026/datasets/dataset_2/train/images/nozzle_extrusion_normal_1137.jpg,20260822
train,/mnt/d/ruanjianxiazai/pycharm2026/datasets/dataset_2/train/images/nozzle_no_extrusion_0409.jpg,20260822
train,/mnt/d/ruanjianxiazai/pycharm2026/datasets/dataset_2/train/images/nozzle_extrusion_normal_0930.jpg,20260822
train,/mnt/d/ruanjianxiazai/pycharm2026/datasets/dataset_2/train/images/nozzle_tip_wrapped_0780.jpg,20260822
train,/mnt/d/ruanjianxiazai/pycharm2026/datasets/dataset_2/train/images/nozzle_no_extrusion_0837.jpg,20260822
train,/mnt/d/ruanjianxiazai/pycharm2026/datasets/dataset_2/train/images/nozzle_extrusion_normal_0184.jpg,20260822
train,/mnt/d/ruanjianxiazai/pycharm2026/datasets/dataset_2/train/images/nozzle_clean_0235.jpg,20260822
train,/mnt/d/ruanjianxiazai/pycharm2026/datasets/dataset_2/train/images/nozzle_tip_wrapped_0605.jpg,20260822
train,/mnt/d/ruanjianxiazai/pycharm2026/datasets/dataset_2/train/images/nozzle_extrusion_normal_1119.jpg,20260822
train,/mnt/d/ruanjianxiazai/pycharm2026/datasets/dataset_2/train/images/nozzle_no_extrusion_0566.jpg,20260822
train,/mnt/d/ruanjianxiazai/pycharm2026/datasets/dataset_2/train/images/nozzle_extrusion_normal_1292.jpg,20260822
train,/mnt/d/ruanjianxiazai/pycharm2026/datasets/dataset_2/train/images/nozzle_clean_0430.jpg,20260822
train,/mnt/d/ruanjianxiazai/pycharm2026/datasets/dataset_2/train/images/nozzle_extrusion_normal_0161.jpg,20260822
train,/mnt/d/ruanjianxiazai/pycharm2026/datasets/dataset_2/train/images/nozzle_tip_wrapped_1048.jpg,20260822
train,/mnt/d/ruanjianxiazai/pycharm2026/datasets/dataset_2/train/images/nozzle_tip_wrapped_0526.jpg,20260822
train,/mnt/d/ruanjianxiazai/pycharm2026/datasets/dataset_2/train/images/nozzle_clean_0702.jpg,20260822
train,/mnt/d/ruanjianxiazai/pycharm2026/datasets/dataset_2/train/images/nozzle_clean_0579.jpg,20260822
train,/mnt/d/ruanjianxiazai/pycharm2026/datasets/dataset_2/train/images/nozzle_no_extrusion_0401.jpg,20260822
train,/mnt/d/ruanjianxiazai/pycharm2026/datasets/dataset_2/train/images/nozzle_clean_0910.jpg,20260822
train,/mnt/d/ruanjianxiazai/pycharm2026/datasets/dataset_2/train/images/nozzle_extrusion_normal_0277.jpg,20260822
train,/mnt/d/ruanjianxiazai/pycharm2026/datasets/dataset_2/train/images/nozzle_clean_0051.jpg,20260822
train,/mnt/d/ruanjianxiazai/pycharm2026/datasets/dataset_2/train/images/nozzle_clean_0692.jpg,20260822
train,/mnt/d/ruanjianxiazai/pycharm2026/datasets/dataset_2/train/images/nozzle_no_extrusion_0015.jpg,20260822
train,/mnt/d/ruanjianxiazai/pycharm2026/datasets/dataset_2/train/images/nozzle_no_extrusion_0769.jpg,20260822
train,/mnt/d/ruanjianxiazai/pycharm2026/datasets/dataset_2/train/images/nozzle_clean_0473.jpg,20260822
train,/mnt/d/ruanjianxiazai/pycharm2026/datasets/dataset_2/train/images/nozzle_extrusion_normal_0240.jpg,20260822
train,/mnt/d/ruanjianxiazai/pycharm2026/datasets/dataset_2/train/images/nozzle_no_extrusion_0386.jpg,20260822
train,/mnt/d/ruanjianxiazai/pycharm2026/datasets/dataset_2/train/images/nozzle_tip_wrapped_0909.jpg,20260822
train,/mnt/d/ruanjianxiazai/pycharm2026/datasets/dataset_2/train/images/nozzle_no_extrusion_0370.jpg,20260822
train,/mnt/d/ruanjianxiazai/pycharm2026/datasets/dataset_2/train/images/nozzle_clean_0042.jpg,20260822
train,/mnt/d/ruanjianxiazai/pycharm2026/datasets/dataset_2/train/images/nozzle_clean_0379.jpg,20260822
train,/mnt/d/ruanjianxiazai/pycharm2026/datasets/dataset_2/train/images/nozzle_tip_wrapped_0256.jpg,20260822
train,/mnt/d/ruanjianxiazai/pycharm2026/datasets/dataset_2/train/images/nozzle_tip_wrapped_0920.jpg,20260822
train,/mnt/d/ruanjianxiazai/pycharm2026/datasets/dataset_2/train/images/nozzle_extrusion_normal_0806.jpg,20260822
train,/mnt/d/ruanjianxiazai/pycharm2026/datasets/dataset_2/train/images/nozzle_extrusion_normal_0657.jpg,20260822
train,/mnt/d/ruanjianxiazai/pycharm2026/datasets/dataset_2/train/images/nozzle_tip_wrapped_0213.jpg,20260822
train,/mnt/d/ruanjianxiazai/pycharm2026/datasets/dataset_2/train/images/nozzle_clean_0078.jpg,20260822
train,/mnt/d/ruanjianxiazai/pycharm2026/datasets/dataset_2/train/images/nozzle_tip_wrapped_0544.jpg,20260822
train,/mnt/d/ruanjianxiazai/pycharm2026/datasets/dataset_2/train/images/nozzle_extrusion_normal_0947.jpg,20260822
train,/mnt/d/ruanjianxiazai/pycharm2026/datasets/dataset_2/train/images/nozzle_no_extrusion_0586.jpg,20260822
train,/mnt/d/ruanjianxiazai/pycharm2026/datasets/dataset_2/train/images/nozzle_clean_0031.jpg,20260822
train,/mnt/d/ruanjianxiazai/pycharm2026/datasets/dataset_2/train/images/nozzle_no_extrusion_0568.jpg,20260822
train,/mnt/d/ruanjianxiazai/pycharm2026/datasets/dataset_2/train/images/nozzle_tip_wrapped_1044.jpg,20260822
train,/mnt/d/ruanjianxiazai/pycharm2026/datasets/dataset_2/train/images/nozzle_extrusion_normal_0250.jpg,20260822
train,/mnt/d/ruanjianxiazai/pycharm2026/datasets/dataset_2/train/images/nozzle_extrusion_normal_0769.jpg,20260822
train,/mnt/d/ruanjianxiazai/pycharm2026/datasets/dataset_2/train/images/nozzle_tip_wrapped_0295.jpg,20260822
train,/mnt/d/ruanjianxiazai/pycharm2026/datasets/dataset_2/train/images/nozzle_tip_wrapped_1156.jpg,20260822
train,/mnt/d/ruanjianxiazai/pycharm2026/datasets/dataset_2/train/images/nozzle_tip_wrapped_0818.jpg,20260822
train,/mnt/d/ruanjianxiazai/pycharm2026/datasets/dataset_2/train/images/nozzle_tip_wrapped_1146.jpg,20260822
train,/mnt/d/ruanjianxiazai/pycharm2026/datasets/dataset_2/train/images/nozzle_clean_0169.jpg,20260822
train,/mnt/d/ruanjianxiazai/pycharm2026/datasets/dataset_2/train/images/nozzle_clean_0669.jpg,20260822
train,/mnt/d/ruanjianxiazai/pycharm2026/datasets/dataset_2/train/images/nozzle_extrusion_normal_1321.jpg,20260822
train,/mnt/d/ruanjianxiazai/pycharm2026/datasets/dataset_2/train/images/nozzle_tip_wrapped_0220.jpg,20260822
train,/mnt/d/ruanjianxiazai/pycharm2026/datasets/dataset_2/train/images/nozzle_tip_wrapped_0912.jpg,20260822
train,/mnt/d/ruanjianxiazai/pycharm2026/datasets/dataset_2/train/images/nozzle_extrusion_normal_0728.jpg,20260822
train,/mnt/d/ruanjianxiazai/pycharm2026/datasets/dataset_2/train/images/nozzle_extrusion_normal_0269.jpg,20260822
train,/mnt/d/ruanjianxiazai/pycharm2026/datasets/dataset_2/train/images/nozzle_tip_wrapped_0299.jpg,20260822
train,/mnt/d/ruanjianxiazai/pycharm2026/datasets/dataset_2/train/images/nozzle_tip_wrapped_0754.jpg,20260822
train,/mnt/d/ruanjianxiazai/pycharm2026/datasets/dataset_2/train/images/nozzle_tip_wrapped_1165.jpg,20260822
train,/mnt/d/ruanjianxiazai/pycharm2026/datasets/dataset_2/train/images/nozzle_tip_wrapped_0104.jpg,20260822
train,/mnt/d/ruanjianxiazai/pycharm2026/datasets/dataset_2/train/images/nozzle_extrusion_normal_0881.jpg,20260822
train,/mnt/d/ruanjianxiazai/pycharm2026/datasets/dataset_2/train/images/nozzle_tip_wrapped_0888.jpg,20260822
train,/mnt/d/ruanjianxiazai/pycharm2026/datasets/dataset_2/train/images/nozzle_extrusion_normal_0239.jpg,20260822
train,/mnt/d/ruanjianxiazai/pycharm2026/datasets/dataset_2/train/images/nozzle_tip_wrapped_0739.jpg,20260822
train,/mnt/d/ruanjianxiazai/pycharm2026/datasets/dataset_2/train/images/nozzle_extrusion_normal_1448.jpg,20260822
train,/mnt/d/ruanjianxiazai/pycharm2026/datasets/dataset_2/train/images/nozzle_tip_wrapped_0969.jpg,20260822
train,/mnt/d/ruanjianxiazai/pycharm2026/datasets/dataset_2/train/images/nozzle_extrusion_normal_1194.jpg,20260822
train,/mnt/d/ruanjianxiazai/pycharm2026/datasets/dataset_2/train/images/nozzle_no_extrusion_0375.jpg,20260822
train,/mnt/d/ruanjianxiazai/pycharm2026/datasets/dataset_2/train/images/nozzle_extrusion_normal_0729.jpg,20260822
train,/mnt/d/ruanjianxiazai/pycharm2026/datasets/dataset_2/train/images/nozzle_no_extrusion_0588.jpg,20260822
train,/mnt/d/ruanjianxiazai/pycharm2026/datasets/dataset_2/train/images/nozzle_no_extrusion_0340.jpg,20260822
train,/mnt/d/ruanjianxiazai/pycharm2026/datasets/dataset_2/train/images/nozzle_tip_wrapped_0294.jpg,20260822
train,/mnt/d/ruanjianxiazai/pycharm2026/datasets/dataset_2/train/images/nozzle_tip_wrapped_0677.jpg,20260822
train,/mnt/d/ruanjianxiazai/pycharm2026/datasets/dataset_2/train/images/nozzle_clean_0293.jpg,20260822
train,/mnt/d/ruanjianxiazai/pycharm2026/datasets/dataset_2/train/images/nozzle_extrusion_normal_0170.jpg,20260822
train,/mnt/d/ruanjianxiazai/pycharm2026/datasets/dataset_2/train/images/nozzle_clean_0123.jpg,20260822
train,/mnt/d/ruanjianxiazai/pycharm2026/datasets/dataset_2/train/images/nozzle_no_extrusion_0512.jpg,20260822
train,/mnt/d/ruanjianxiazai/pycharm2026/datasets/dataset_2/train/images/nozzle_clean_0357.jpg,20260822
train,/mnt/d/ruanjianxiazai/pycharm2026/datasets/dataset_2/train/images/nozzle_no_extrusion_0827.jpg,20260822
train,/mnt/d/ruanjianxiazai/pycharm2026/datasets/dataset_2/train/images/nozzle_extrusion_normal_0591.jpg,20260822
train,/mnt/d/ruanjianxiazai/pycharm2026/datasets/dataset_2/train/images/nozzle_no_extrusion_0557.jpg,20260822
train,/mnt/d/ruanjianxiazai/pycharm2026/datasets/dataset_2/train/images/nozzle_extrusion_normal_0298.jpg,20260822
train,/mnt/d/ruanjianxiazai/pycharm2026/datasets/dataset_2/train/images/nozzle_extrusion_normal_0810.jpg,20260822
train,/mnt/d/ruanjianxiazai/pycharm2026/datasets/dataset_2/train/images/nozzle_no_extrusion_0466.jpg,20260822
train,/mnt/d/ruanjianxiazai/pycharm2026/datasets/dataset_2/train/images/nozzle_clean_0733.jpg,20260822
train,/mnt/d/ruanjianxiazai/pycharm2026/datasets/dataset_2/train/images/nozzle_no_extrusion_0555.jpg,20260822
train,/mnt/d/ruanjianxiazai/pycharm2026/datasets/dataset_2/train/images/nozzle_tip_wrapped_0570.jpg,20260822
train,/mnt/d/ruanjianxiazai/pycharm2026/datasets/dataset_2/train/images/nozzle_extrusion_normal_1256.jpg,20260822
train,/mnt/d/ruanjianxiazai/pycharm2026/datasets/dataset_2/train/images/nozzle_tip_wrapped_0173.jpg,20260822
train,/mnt/d/ruanjianxiazai/pycharm2026/datasets/dataset_2/train/images/nozzle_extrusion_normal_1246.jpg,20260822
train,/mnt/d/ruanjianxiazai/pycharm2026/datasets/dataset_2/train/images/nozzle_extrusion_normal_1513.jpg,20260822
train,/mnt/d/ruanjianxiazai/pycharm2026/datasets/dataset_2/train/images/nozzle_extrusion_normal_1487.jpg,20260822
train,/mnt/d/ruanjianxiazai/pycharm2026/datasets/dataset_2/train/images/nozzle_tip_wrapped_0611.jpg,20260822
train,/mnt/d/ruanjianxiazai/pycharm2026/datasets/dataset_2/train/images/nozzle_clean_0191.jpg,20260822
train,/mnt/d/ruanjianxiazai/pycharm2026/datasets/dataset_2/train/images/nozzle_tip_wrapped_0136.jpg,20260822
train,/mnt/d/ruanjianxiazai/pycharm2026/datasets/dataset_2/train/images/nozzle_tip_wrapped_0437.jpg,20260822
train,/mnt/d/ruanjianxiazai/pycharm2026/datasets/dataset_2/train/images/nozzle_clean_0729.jpg,20260822
train,/mnt/d/ruanjianxiazai/pycharm2026/datasets/dataset_2/train/images/nozzle_tip_wrapped_0312.jpg,20260822
train,/mnt/d/ruanjianxiazai/pycharm2026/datasets/dataset_2/train/images/nozzle_no_extrusion_0606.jpg,20260822
train,/mnt/d/ruanjianxiazai/pycharm2026/datasets/dataset_2/train/images/nozzle_no_extrusion_0002.jpg,20260822
train,/mnt/d/ruanjianxiazai/pycharm2026/datasets/dataset_2/train/images/nozzle_extrusion_normal_1407.jpg,20260822
train,/mnt/d/ruanjianxiazai/pycharm2026/datasets/dataset_2/train/images/nozzle_no_extrusion_0346.jpg,20260822
val,/mnt/d/ruanjianxiazai/pycharm2026/datasets/dataset_2/val/images/nozzle_tip_wrapped_0162.jpg,20260822
val,/mnt/d/ruanjianxiazai/pycharm2026/datasets/dataset_2/val/images/nozzle_extrusion_normal_0059.jpg,20260822
val,/mnt/d/ruanjianxiazai/pycharm2026/datasets/dataset_2/val/images/nozzle_no_extrusion_0440.jpg,20260822
val,/mnt/d/ruanjianxiazai/pycharm2026/datasets/dataset_2/val/images/nozzle_extrusion_normal_0640.jpg,20260822
val,/mnt/d/ruanjianxiazai/pycharm2026/datasets/dataset_2/val/images/nozzle_no_extrusion_0363.jpg,20260822
val,/mnt/d/ruanjianxiazai/pycharm2026/datasets/dataset_2/val/images/nozzle_no_extrusion_0904.jpg,20260822
val,/mnt/d/ruanjianxiazai/pycharm2026/datasets/dataset_2/val/images/nozzle_clean_0464.jpg,20260822
val,/mnt/d/ruanjianxiazai/pycharm2026/datasets/dataset_2/val/images/nozzle_tip_wrapped_0479.jpg,20260822
val,/mnt/d/ruanjianxiazai/pycharm2026/datasets/dataset_2/val/images/nozzle_extrusion_normal_1493.jpg,20260822
val,/mnt/d/ruanjianxiazai/pycharm2026/datasets/dataset_2/val/images/nozzle_tip_wrapped_0302.jpg,20260822
val,/mnt/d/ruanjianxiazai/pycharm2026/datasets/dataset_2/val/images/nozzle_extrusion_normal_0030.jpg,20260822
val,/mnt/d/ruanjianxiazai/pycharm2026/datasets/dataset_2/val/images/nozzle_tip_wrapped_1268.jpg,20260822
val,/mnt/d/ruanjianxiazai/pycharm2026/datasets/dataset_2/val/images/nozzle_extrusion_normal_1430.jpg,20260822
val,/mnt/d/ruanjianxiazai/pycharm2026/datasets/dataset_2/val/images/nozzle_extrusion_normal_0751.jpg,20260822
val,/mnt/d/ruanjianxiazai/pycharm2026/datasets/dataset_2/val/images/nozzle_no_extrusion_0100.jpg,20260822
val,/mnt/d/ruanjianxiazai/pycharm2026/datasets/dataset_2/val/images/nozzle_extrusion_normal_1496.jpg,20260822
val,/mnt/d/ruanjianxiazai/pycharm2026/datasets/dataset_2/val/images/nozzle_extrusion_normal_0445.jpg,20260822
val,/mnt/d/ruanjianxiazai/pycharm2026/datasets/dataset_2/val/images/nozzle_tip_wrapped_0048.jpg,20260822
val,/mnt/d/ruanjianxiazai/pycharm2026/datasets/dataset_2/val/images/nozzle_tip_wrapped_0185.jpg,20260822
val,/mnt/d/ruanjianxiazai/pycharm2026/datasets/dataset_2/val/images/nozzle_extrusion_normal_0890.jpg,20260822
val,/mnt/d/ruanjianxiazai/pycharm2026/datasets/dataset_2/val/images/nozzle_extrusion_normal_0494.jpg,20260822
val,/mnt/d/ruanjianxiazai/pycharm2026/datasets/dataset_2/val/images/nozzle_no_extrusion_0400.jpg,20260822
val,/mnt/d/ruanjianxiazai/pycharm2026/datasets/dataset_2/val/images/nozzle_tip_wrapped_0499.jpg,20260822
val,/mnt/d/ruanjianxiazai/pycharm2026/datasets/dataset_2/val/images/nozzle_extrusion_normal_1227.jpg,20260822
val,/mnt/d/ruanjianxiazai/pycharm2026/datasets/dataset_2/val/images/nozzle_tip_wrapped_1053.jpg,20260822
val,/mnt/d/ruanjianxiazai/pycharm2026/datasets/dataset_2/val/images/nozzle_no_extrusion_0875.jpg,20260822
val,/mnt/d/ruanjianxiazai/pycharm2026/datasets/dataset_2/val/images/nozzle_no_extrusion_0843.jpg,20260822
val,/mnt/d/ruanjianxiazai/pycharm2026/datasets/dataset_2/val/images/nozzle_clean_0087.jpg,20260822
val,/mnt/d/ruanjianxiazai/pycharm2026/datasets/dataset_2/val/images/nozzle_no_extrusion_0539.jpg,20260822
val,/mnt/d/ruanjianxiazai/pycharm2026/datasets/dataset_2/val/images/nozzle_extrusion_normal_1062.jpg,20260822
val,/mnt/d/ruanjianxiazai/pycharm2026/datasets/dataset_2/val/images/nozzle_extrusion_normal_0344.jpg,20260822
val,/mnt/d/ruanjianxiazai/pycharm2026/datasets/dataset_2/val/images/nozzle_no_extrusion_0360.jpg,20260822
val,/mnt/d/ruanjianxiazai/pycharm2026/datasets/dataset_2/val/images/nozzle_extrusion_normal_0290.jpg,20260822
val,/mnt/d/ruanjianxiazai/pycharm2026/datasets/dataset_2/val/images/nozzle_tip_wrapped_1176.jpg,20260822
val,/mnt/d/ruanjianxiazai/pycharm2026/datasets/dataset_2/val/images/nozzle_clean_0768.jpg,20260822
val,/mnt/d/ruanjianxiazai/pycharm2026/datasets/dataset_2/val/images/nozzle_clean_0397.jpg,20260822
val,/mnt/d/ruanjianxiazai/pycharm2026/datasets/dataset_2/val/images/nozzle_extrusion_normal_1035.jpg,20260822
val,/mnt/d/ruanjianxiazai/pycharm2026/datasets/dataset_2/val/images/nozzle_tip_wrapped_0512.jpg,20260822
val,/mnt/d/ruanjianxiazai/pycharm2026/datasets/dataset_2/val/images/nozzle_no_extrusion_0208.jpg,20260822
val,/mnt/d/ruanjianxiazai/pycharm2026/datasets/dataset_2/val/images/nozzle_clean_0743.jpg,20260822
val,/mnt/d/ruanjianxiazai/pycharm2026/datasets/dataset_2/val/images/nozzle_tip_wrapped_0491.jpg,20260822
val,/mnt/d/ruanjianxiazai/pycharm2026/datasets/dataset_2/val/images/nozzle_no_extrusion_0655.jpg,20260822
val,/mnt/d/ruanjianxiazai/pycharm2026/datasets/dataset_2/val/images/nozzle_no_extrusion_0665.jpg,20260822
val,/mnt/d/ruanjianxiazai/pycharm2026/datasets/dataset_2/val/images/nozzle_clean_0509.jpg,20260822
val,/mnt/d/ruanjianxiazai/pycharm2026/datasets/dataset_2/val/images/nozzle_extrusion_normal_1107.jpg,20260822
val,/mnt/d/ruanjianxiazai/pycharm2026/datasets/dataset_2/val/images/nozzle_extrusion_normal_0573.jpg,20260822
val,/mnt/d/ruanjianxiazai/pycharm2026/datasets/dataset_2/val/images/nozzle_extrusion_normal_0195.jpg,20260822
val,/mnt/d/ruanjianxiazai/pycharm2026/datasets/dataset_2/val/images/nozzle_extrusion_normal_0257.jpg,20260822
val,/mnt/d/ruanjianxiazai/pycharm2026/datasets/dataset_2/val/images/nozzle_extrusion_normal_1039.jpg,20260822
val,/mnt/d/ruanjianxiazai/pycharm2026/datasets/dataset_2/val/images/nozzle_tip_wrapped_0124.jpg,20260822
val,/mnt/d/ruanjianxiazai/pycharm2026/datasets/dataset_2/val/images/nozzle_no_extrusion_0596.jpg,20260822
val,/mnt/d/ruanjianxiazai/pycharm2026/datasets/dataset_2/val/images/nozzle_no_extrusion_0812.jpg,20260822
val,/mnt/d/ruanjianxiazai/pycharm2026/datasets/dataset_2/val/images/nozzle_extrusion_normal_0065.jpg,20260822
val,/mnt/d/ruanjianxiazai/pycharm2026/datasets/dataset_2/val/images/nozzle_extrusion_normal_0323.jpg,20260822
val,/mnt/d/ruanjianxiazai/pycharm2026/datasets/dataset_2/val/images/nozzle_extrusion_normal_1516.jpg,20260822
val,/mnt/d/ruanjianxiazai/pycharm2026/datasets/dataset_2/val/images/nozzle_extrusion_normal_0251.jpg,20260822
val,/mnt/d/ruanjianxiazai/pycharm2026/datasets/dataset_2/val/images/nozzle_clean_0408.jpg,20260822
val,/mnt/d/ruanjianxiazai/pycharm2026/datasets/dataset_2/val/images/nozzle_clean_0717.jpg,20260822
val,/mnt/d/ruanjianxiazai/pycharm2026/datasets/dataset_2/val/images/nozzle_no_extrusion_0516.jpg,20260822
val,/mnt/d/ruanjianxiazai/pycharm2026/datasets/dataset_2/val/images/nozzle_extrusion_normal_0877.jpg,20260822
val,/mnt/d/ruanjianxiazai/pycharm2026/datasets/dataset_2/val/images/nozzle_extrusion_normal_0105.jpg,20260822
val,/mnt/d/ruanjianxiazai/pycharm2026/datasets/dataset_2/val/images/nozzle_clean_0118.jpg,20260822
val,/mnt/d/ruanjianxiazai/pycharm2026/datasets/dataset_2/val/images/nozzle_no_extrusion_0494.jpg,20260822
val,/mnt/d/ruanjianxiazai/pycharm2026/datasets/dataset_2/val/images/nozzle_no_extrusion_0142.jpg,20260822
val,/mnt/d/ruanjianxiazai/pycharm2026/datasets/dataset_2/val/images/nozzle_no_extrusion_0834.jpg,20260822
val,/mnt/d/ruanjianxiazai/pycharm2026/datasets/dataset_2/val/images/nozzle_clean_0822.jpg,20260822
val,/mnt/d/ruanjianxiazai/pycharm2026/datasets/dataset_2/val/images/nozzle_tip_wrapped_0401.jpg,20260822
val,/mnt/d/ruanjianxiazai/pycharm2026/datasets/dataset_2/val/images/nozzle_extrusion_normal_1083.jpg,20260822
val,/mnt/d/ruanjianxiazai/pycharm2026/datasets/dataset_2/val/images/nozzle_extrusion_normal_0036.jpg,20260822
val,/mnt/d/ruanjianxiazai/pycharm2026/datasets/dataset_2/val/images/nozzle_no_extrusion_0316.jpg,20260822
val,/mnt/d/ruanjianxiazai/pycharm2026/datasets/dataset_2/val/images/nozzle_tip_wrapped_0469.jpg,20260822
val,/mnt/d/ruanjianxiazai/pycharm2026/datasets/dataset_2/val/images/nozzle_tip_wrapped_0568.jpg,20260822
val,/mnt/d/ruanjianxiazai/pycharm2026/datasets/dataset_2/val/images/nozzle_no_extrusion_0120.jpg,20260822
val,/mnt/d/ruanjianxiazai/pycharm2026/datasets/dataset_2/val/images/nozzle_no_extrusion_0770.jpg,20260822
val,/mnt/d/ruanjianxiazai/pycharm2026/datasets/dataset_2/val/images/nozzle_extrusion_normal_1397.jpg,20260822
val,/mnt/d/ruanjianxiazai/pycharm2026/datasets/dataset_2/val/images/nozzle_extrusion_normal_0021.jpg,20260822
val,/mnt/d/ruanjianxiazai/pycharm2026/datasets/dataset_2/val/images/nozzle_tip_wrapped_0210.jpg,20260822
val,/mnt/d/ruanjianxiazai/pycharm2026/datasets/dataset_2/val/images/nozzle_tip_wrapped_0484.jpg,20260822
val,/mnt/d/ruanjianxiazai/pycharm2026/datasets/dataset_2/val/images/nozzle_clean_0500.jpg,20260822
val,/mnt/d/ruanjianxiazai/pycharm2026/datasets/dataset_2/val/images/nozzle_tip_wrapped_0893.jpg,20260822
val,/mnt/d/ruanjianxiazai/pycharm2026/datasets/dataset_2/val/images/nozzle_no_extrusion_0419.jpg,20260822
val,/mnt/d/ruanjianxiazai/pycharm2026/datasets/dataset_2/val/images/nozzle_tip_wrapped_0834.jpg,20260822
val,/mnt/d/ruanjianxiazai/pycharm2026/datasets/dataset_2/val/images/nozzle_no_extrusion_0245.jpg,20260822
val,/mnt/d/ruanjianxiazai/pycharm2026/datasets/dataset_2/val/images/nozzle_tip_wrapped_0391.jpg,20260822
val,/mnt/d/ruanjianxiazai/pycharm2026/datasets/dataset_2/val/images/nozzle_tip_wrapped_0147.jpg,20260822
val,/mnt/d/ruanjianxiazai/pycharm2026/datasets/dataset_2/val/images/nozzle_clean_0467.jpg,20260822
val,/mnt/d/ruanjianxiazai/pycharm2026/datasets/dataset_2/val/images/nozzle_clean_0576.jpg,20260822
val,/mnt/d/ruanjianxiazai/pycharm2026/datasets/dataset_2/val/images/nozzle_no_extrusion_0328.jpg,20260822
val,/mnt/d/ruanjianxiazai/pycharm2026/datasets/dataset_2/val/images/nozzle_no_extrusion_0236.jpg,20260822
val,/mnt/d/ruanjianxiazai/pycharm2026/datasets/dataset_2/val/images/nozzle_no_extrusion_0674.jpg,20260822
val,/mnt/d/ruanjianxiazai/pycharm2026/datasets/dataset_2/val/images/nozzle_tip_wrapped_1231.jpg,20260822
val,/mnt/d/ruanjianxiazai/pycharm2026/datasets/dataset_2/val/images/nozzle_extrusion_normal_0949.jpg,20260822
val,/mnt/d/ruanjianxiazai/pycharm2026/datasets/dataset_2/val/images/nozzle_extrusion_normal_0209.jpg,20260822
val,/mnt/d/ruanjianxiazai/pycharm2026/datasets/dataset_2/val/images/nozzle_no_extrusion_0548.jpg,20260822
val,/mnt/d/ruanjianxiazai/pycharm2026/datasets/dataset_2/val/images/nozzle_tip_wrapped_1290.jpg,20260822
val,/mnt/d/ruanjianxiazai/pycharm2026/datasets/dataset_2/val/images/nozzle_extrusion_normal_0888.jpg,20260822
val,/mnt/d/ruanjianxiazai/pycharm2026/datasets/dataset_2/val/images/nozzle_no_extrusion_0411.jpg,20260822
val,/mnt/d/ruanjianxiazai/pycharm2026/datasets/dataset_2/val/images/nozzle_clean_0280.jpg,20260822
val,/mnt/d/ruanjianxiazai/pycharm2026/datasets/dataset_2/val/images/nozzle_tip_wrapped_0769.jpg,20260822
val,/mnt/d/ruanjianxiazai/pycharm2026/datasets/dataset_2/val/images/nozzle_no_extrusion_0286.jpg,20260822
val,/mnt/d/ruanjianxiazai/pycharm2026/datasets/dataset_2/val/images/nozzle_no_extrusion_0102.jpg,20260822
val,/mnt/d/ruanjianxiazai/pycharm2026/datasets/dataset_2/val/images/nozzle_tip_wrapped_0869.jpg,20260822
val,/mnt/d/ruanjianxiazai/pycharm2026/datasets/dataset_2/val/images/nozzle_tip_wrapped_0017.jpg,20260822
val,/mnt/d/ruanjianxiazai/pycharm2026/datasets/dataset_2/val/images/nozzle_clean_0164.jpg,20260822
val,/mnt/d/ruanjianxiazai/pycharm2026/datasets/dataset_2/val/images/nozzle_clean_0105.jpg,20260822
val,/mnt/d/ruanjianxiazai/pycharm2026/datasets/dataset_2/val/images/nozzle_no_extrusion_0078.jpg,20260822
val,/mnt/d/ruanjianxiazai/pycharm2026/datasets/dataset_2/val/images/nozzle_extrusion_normal_0338.jpg,20260822
val,/mnt/d/ruanjianxiazai/pycharm2026/datasets/dataset_2/val/images/nozzle_tip_wrapped_0743.jpg,20260822
val,/mnt/d/ruanjianxiazai/pycharm2026/datasets/dataset_2/val/images/nozzle_tip_wrapped_0261.jpg,20260822
val,/mnt/d/ruanjianxiazai/pycharm2026/datasets/dataset_2/val/images/nozzle_no_extrusion_0475.jpg,20260822
val,/mnt/d/ruanjianxiazai/pycharm2026/datasets/dataset_2/val/images/nozzle_extrusion_normal_0872.jpg,20260822
val,/mnt/d/ruanjianxiazai/pycharm2026/datasets/dataset_2/val/images/nozzle_extrusion_normal_0424.jpg,20260822
val,/mnt/d/ruanjianxiazai/pycharm2026/datasets/dataset_2/val/images/nozzle_no_extrusion_0447.jpg,20260822
val,/mnt/d/ruanjianxiazai/pycharm2026/datasets/dataset_2/val/images/nozzle_no_extrusion_0565.jpg,20260822
val,/mnt/d/ruanjianxiazai/pycharm2026/datasets/dataset_2/val/images/nozzle_extrusion_normal_0296.jpg,20260822
val,/mnt/d/ruanjianxiazai/pycharm2026/datasets/dataset_2/val/images/nozzle_tip_wrapped_0612.jpg,20260822
val,/mnt/d/ruanjianxiazai/pycharm2026/datasets/dataset_2/val/images/nozzle_no_extrusion_0435.jpg,20260822
val,/mnt/d/ruanjianxiazai/pycharm2026/datasets/dataset_2/val/images/nozzle_clean_0211.jpg,20260822
val,/mnt/d/ruanjianxiazai/pycharm2026/datasets/dataset_2/val/images/nozzle_tip_wrapped_0079.jpg,20260822
val,/mnt/d/ruanjianxiazai/pycharm2026/datasets/dataset_2/val/images/nozzle_clean_0679.jpg,20260822
val,/mnt/d/ruanjianxiazai/pycharm2026/datasets/dataset_2/val/images/nozzle_tip_wrapped_0844.jpg,20260822
val,/mnt/d/ruanjianxiazai/pycharm2026/datasets/dataset_2/val/images/nozzle_tip_wrapped_1302.jpg,20260822
val,/mnt/d/ruanjianxiazai/pycharm2026/datasets/dataset_2/val/images/nozzle_extrusion_normal_0397.jpg,20260822
val,/mnt/d/ruanjianxiazai/pycharm2026/datasets/dataset_2/val/images/nozzle_extrusion_normal_0050.jpg,20260822
val,/mnt/d/ruanjianxiazai/pycharm2026/datasets/dataset_2/val/images/nozzle_tip_wrapped_0860.jpg,20260822
val,/mnt/d/ruanjianxiazai/pycharm2026/datasets/dataset_2/val/images/nozzle_extrusion_normal_0980.jpg,20260822
val,/mnt/d/ruanjianxiazai/pycharm2026/datasets/dataset_2/val/images/nozzle_tip_wrapped_0225.jpg,20260822
val,/mnt/d/ruanjianxiazai/pycharm2026/datasets/dataset_2/val/images/nozzle_tip_wrapped_0130.jpg,20260822
val,/mnt/d/ruanjianxiazai/pycharm2026/datasets/dataset_2/val/images/nozzle_extrusion_normal_0438.jpg,20260822
val,/mnt/d/ruanjianxiazai/pycharm2026/datasets/dataset_2/val/images/nozzle_tip_wrapped_0581.jpg,20260822
val,/mnt/d/ruanjianxiazai/pycharm2026/datasets/dataset_2/val/images/nozzle_extrusion_normal_0259.jpg,20260822
val,/mnt/d/ruanjianxiazai/pycharm2026/datasets/dataset_2/val/images/nozzle_clean_0590.jpg,20260822
val,/mnt/d/ruanjianxiazai/pycharm2026/datasets/dataset_2/val/images/nozzle_extrusion_normal_0275.jpg,20260822
val,/mnt/d/ruanjianxiazai/pycharm2026/datasets/dataset_2/val/images/nozzle_tip_wrapped_1253.jpg,20260822
val,/mnt/d/ruanjianxiazai/pycharm2026/datasets/dataset_2/val/images/nozzle_extrusion_normal_0765.jpg,20260822
val,/mnt/d/ruanjianxiazai/pycharm2026/datasets/dataset_2/val/images/nozzle_clean_0572.jpg,20260822
val,/mnt/d/ruanjianxiazai/pycharm2026/datasets/dataset_2/val/images/nozzle_extrusion_normal_0152.jpg,20260822
val,/mnt/d/ruanjianxiazai/pycharm2026/datasets/dataset_2/val/images/nozzle_clean_0373.jpg,20260822
val,/mnt/d/ruanjianxiazai/pycharm2026/datasets/dataset_2/val/images/nozzle_tip_wrapped_0447.jpg,20260822
val,/mnt/d/ruanjianxiazai/pycharm2026/datasets/dataset_2/val/images/nozzle_extrusion_normal_1055.jpg,20260822
val,/mnt/d/ruanjianxiazai/pycharm2026/datasets/dataset_2/val/images/nozzle_no_extrusion_0253.jpg,20260822
val,/mnt/d/ruanjianxiazai/pycharm2026/datasets/dataset_2/val/images/nozzle_extrusion_normal_0624.jpg,20260822
val,/mnt/d/ruanjianxiazai/pycharm2026/datasets/dataset_2/val/images/nozzle_tip_wrapped_0734.jpg,20260822
val,/mnt/d/ruanjianxiazai/pycharm2026/datasets/dataset_2/val/images/nozzle_tip_wrapped_1042.jpg,20260822
val,/mnt/d/ruanjianxiazai/pycharm2026/datasets/dataset_2/val/images/nozzle_tip_wrapped_0836.jpg,20260822
val,/mnt/d/ruanjianxiazai/pycharm2026/datasets/dataset_2/val/images/nozzle_tip_wrapped_0958.jpg,20260822
val,/mnt/d/ruanjianxiazai/pycharm2026/datasets/dataset_2/val/images/nozzle_no_extrusion_0592.jpg,20260822
val,/mnt/d/ruanjianxiazai/pycharm2026/datasets/dataset_2/val/images/nozzle_extrusion_normal_1301.jpg,20260822
val,/mnt/d/ruanjianxiazai/pycharm2026/datasets/dataset_2/val/images/nozzle_extrusion_normal_0641.jpg,20260822
val,/mnt/d/ruanjianxiazai/pycharm2026/datasets/dataset_2/val/images/nozzle_extrusion_normal_0522.jpg,20260822
val,/mnt/d/ruanjianxiazai/pycharm2026/datasets/dataset_2/val/images/nozzle_tip_wrapped_0756.jpg,20260822
val,/mnt/d/ruanjianxiazai/pycharm2026/datasets/dataset_2/val/images/nozzle_tip_wrapped_0411.jpg,20260822
val,/mnt/d/ruanjianxiazai/pycharm2026/datasets/dataset_2/val/images/nozzle_no_extrusion_0295.jpg,20260822
val,/mnt/d/ruanjianxiazai/pycharm2026/datasets/dataset_2/val/images/nozzle_no_extrusion_0583.jpg,20260822
val,/mnt/d/ruanjianxiazai/pycharm2026/datasets/dataset_2/val/images/nozzle_extrusion_normal_1285.jpg,20260822
val,/mnt/d/ruanjianxiazai/pycharm2026/datasets/dataset_2/val/images/nozzle_clean_0207.jpg,20260822
val,/mnt/d/ruanjianxiazai/pycharm2026/datasets/dataset_2/val/images/nozzle_tip_wrapped_0488.jpg,20260822
val,/mnt/d/ruanjianxiazai/pycharm2026/datasets/dataset_2/val/images/nozzle_extrusion_normal_0997.jpg,20260822
val,/mnt/d/ruanjianxiazai/pycharm2026/datasets/dataset_2/val/images/nozzle_clean_0518.jpg,20260822
val,/mnt/d/ruanjianxiazai/pycharm2026/datasets/dataset_2/val/images/nozzle_no_extrusion_0598.jpg,20260822
val,/mnt/d/ruanjianxiazai/pycharm2026/datasets/dataset_2/val/images/nozzle_no_extrusion_0900.jpg,20260822
val,/mnt/d/ruanjianxiazai/pycharm2026/datasets/dataset_2/val/images/nozzle_clean_0621.jpg,20260822
val,/mnt/d/ruanjianxiazai/pycharm2026/datasets/dataset_2/val/images/nozzle_clean_0471.jpg,20260822
val,/mnt/d/ruanjianxiazai/pycharm2026/datasets/dataset_2/val/images/nozzle_extrusion_normal_1433.jpg,20260822
val,/mnt/d/ruanjianxiazai/pycharm2026/datasets/dataset_2/val/images/nozzle_extrusion_normal_0670.jpg,20260822
val,/mnt/d/ruanjianxiazai/pycharm2026/datasets/dataset_2/val/images/nozzle_tip_wrapped_0117.jpg,20260822
val,/mnt/d/ruanjianxiazai/pycharm2026/datasets/dataset_2/val/images/nozzle_tip_wrapped_0505.jpg,20260822
val,/mnt/d/ruanjianxiazai/pycharm2026/datasets/dataset_2/val/images/nozzle_extrusion_normal_1317.jpg,20260822
val,/mnt/d/ruanjianxiazai/pycharm2026/datasets/dataset_2/val/images/nozzle_extrusion_normal_0560.jpg,20260822
val,/mnt/d/ruanjianxiazai/pycharm2026/datasets/dataset_2/val/images/nozzle_tip_wrapped_0890.jpg,20260822
val,/mnt/d/ruanjianxiazai/pycharm2026/datasets/dataset_2/val/images/nozzle_no_extrusion_0492.jpg,20260822
val,/mnt/d/ruanjianxiazai/pycharm2026/datasets/dataset_2/val/images/nozzle_tip_wrapped_1109.jpg,20260822
val,/mnt/d/ruanjianxiazai/pycharm2026/datasets/dataset_2/val/images/nozzle_extrusion_normal_1378.jpg,20260822
val,/mnt/d/ruanjianxiazai/pycharm2026/datasets/dataset_2/val/images/nozzle_clean_0833.jpg,20260822
val,/mnt/d/ruanjianxiazai/pycharm2026/datasets/dataset_2/val/images/nozzle_clean_0308.jpg,20260822
val,/mnt/d/ruanjianxiazai/pycharm2026/datasets/dataset_2/val/images/nozzle_clean_0515.jpg,20260822
val,/mnt/d/ruanjianxiazai/pycharm2026/datasets/dataset_2/val/images/nozzle_no_extrusion_0240.jpg,20260822
val,/mnt/d/ruanjianxiazai/pycharm2026/datasets/dataset_2/val/images/nozzle_tip_wrapped_1184.jpg,20260822
val,/mnt/d/ruanjianxiazai/pycharm2026/datasets/dataset_2/val/images/nozzle_tip_wrapped_0344.jpg,20260822
val,/mnt/d/ruanjianxiazai/pycharm2026/datasets/dataset_2/val/images/nozzle_tip_wrapped_1244.jpg,20260822
val,/mnt/d/ruanjianxiazai/pycharm2026/datasets/dataset_2/val/images/nozzle_extrusion_normal_1421.jpg,20260822
val,/mnt/d/ruanjianxiazai/pycharm2026/datasets/dataset_2/val/images/nozzle_tip_wrapped_0785.jpg,20260822
val,/mnt/d/ruanjianxiazai/pycharm2026/datasets/dataset_2/val/images/nozzle_clean_0223.jpg,20260822
val,/mnt/d/ruanjianxiazai/pycharm2026/datasets/dataset_2/val/images/nozzle_extrusion_normal_0635.jpg,20260822
val,/mnt/d/ruanjianxiazai/pycharm2026/datasets/dataset_2/val/images/nozzle_no_extrusion_0069.jpg,20260822
val,/mnt/d/ruanjianxiazai/pycharm2026/datasets/dataset_2/val/images/nozzle_extrusion_normal_0471.jpg,20260822
val,/mnt/d/ruanjianxiazai/pycharm2026/datasets/dataset_2/val/images/nozzle_tip_wrapped_0852.jpg,20260822
val,/mnt/d/ruanjianxiazai/pycharm2026/datasets/dataset_2/val/images/nozzle_clean_0737.jpg,20260822
val,/mnt/d/ruanjianxiazai/pycharm2026/datasets/dataset_2/val/images/nozzle_clean_0348.jpg,20260822
val,/mnt/d/ruanjianxiazai/pycharm2026/datasets/dataset_2/val/images/nozzle_tip_wrapped_0282.jpg,20260822
val,/mnt/d/ruanjianxiazai/pycharm2026/datasets/dataset_2/val/images/nozzle_no_extrusion_0863.jpg,20260822
val,/mnt/d/ruanjianxiazai/pycharm2026/datasets/dataset_2/val/images/nozzle_extrusion_normal_0095.jpg,20260822
val,/mnt/d/ruanjianxiazai/pycharm2026/datasets/dataset_2/val/images/nozzle_clean_0328.jpg,20260822
val,/mnt/d/ruanjianxiazai/pycharm2026/datasets/dataset_2/val/images/nozzle_tip_wrapped_0361.jpg,20260822
val,/mnt/d/ruanjianxiazai/pycharm2026/datasets/dataset_2/val/images/nozzle_extrusion_normal_0900.jpg,20260822
val,/mnt/d/ruanjianxiazai/pycharm2026/datasets/dataset_2/val/images/nozzle_extrusion_normal_1335.jpg,20260822
val,/mnt/d/ruanjianxiazai/pycharm2026/datasets/dataset_2/val/images/nozzle_extrusion_normal_0305.jpg,20260822
val,/mnt/d/ruanjianxiazai/pycharm2026/datasets/dataset_2/val/images/nozzle_no_extrusion_0775.jpg,20260822
val,/mnt/d/ruanjianxiazai/pycharm2026/datasets/dataset_2/val/images/nozzle_extrusion_normal_0639.jpg,20260822
val,/mnt/d/ruanjianxiazai/pycharm2026/datasets/dataset_2/val/images/nozzle_no_extrusion_0483.jpg,20260822
val,/mnt/d/ruanjianxiazai/pycharm2026/datasets/dataset_2/val/images/nozzle_no_extrusion_0763.jpg,20260822
val,/mnt/d/ruanjianxiazai/pycharm2026/datasets/dataset_2/val/images/nozzle_no_extrusion_0077.jpg,20260822
val,/mnt/d/ruanjianxiazai/pycharm2026/datasets/dataset_2/val/images/nozzle_tip_wrapped_0456.jpg,20260822
val,/mnt/d/ruanjianxiazai/pycharm2026/datasets/dataset_2/val/images/nozzle_no_extrusion_0580.jpg,20260822
val,/mnt/d/ruanjianxiazai/pycharm2026/datasets/dataset_2/val/images/nozzle_tip_wrapped_0935.jpg,20260822
val,/mnt/d/ruanjianxiazai/pycharm2026/datasets/dataset_2/val/images/nozzle_tip_wrapped_1116.jpg,20260822
val,/mnt/d/ruanjianxiazai/pycharm2026/datasets/dataset_2/val/images/nozzle_tip_wrapped_0522.jpg,20260822
val,/mnt/d/ruanjianxiazai/pycharm2026/datasets/dataset_2/val/images/nozzle_clean_0632.jpg,20260822
val,/mnt/d/ruanjianxiazai/pycharm2026/datasets/dataset_2/val/images/nozzle_extrusion_normal_0131.jpg,20260822
val,/mnt/d/ruanjianxiazai/pycharm2026/datasets/dataset_2/val/images/nozzle_no_extrusion_0429.jpg,20260822
val,/mnt/d/ruanjianxiazai/pycharm2026/datasets/dataset_2/val/images/nozzle_extrusion_normal_1219.jpg,20260822
val,/mnt/d/ruanjianxiazai/pycharm2026/datasets/dataset_2/val/images/nozzle_clean_0302.jpg,20260822
val,/mnt/d/ruanjianxiazai/pycharm2026/datasets/dataset_2/val/images/nozzle_tip_wrapped_1203.jpg,20260822
val,/mnt/d/ruanjianxiazai/pycharm2026/datasets/dataset_2/val/images/nozzle_extrusion_normal_0288.jpg,20260822
val,/mnt/d/ruanjianxiazai/pycharm2026/datasets/dataset_2/val/images/nozzle_tip_wrapped_0442.jpg,20260822
val,/mnt/d/ruanjianxiazai/pycharm2026/datasets/dataset_2/val/images/nozzle_heavy_contamination_0006.jpg,20260822
val,/mnt/d/ruanjianxiazai/pycharm2026/datasets/dataset_2/val/images/nozzle_clean_0758.jpg,20260822
val,/mnt/d/ruanjianxiazai/pycharm2026/datasets/dataset_2/val/images/nozzle_heavy_contamination_0016.jpg,20260822
val,/mnt/d/ruanjianxiazai/pycharm2026/datasets/dataset_2/val/images/nozzle_tip_wrapped_0067.jpg,20260822
val,/mnt/d/ruanjianxiazai/pycharm2026/datasets/dataset_2/val/images/nozzle_no_extrusion_0349.jpg,20260822
val,/mnt/d/ruanjianxiazai/pycharm2026/datasets/dataset_2/val/images/nozzle_clean_0147.jpg,20260822
val,/mnt/d/ruanjianxiazai/pycharm2026/datasets/dataset_2/val/images/nozzle_extrusion_normal_0734.jpg,20260822
val,/mnt/d/ruanjianxiazai/pycharm2026/datasets/dataset_2/val/images/nozzle_tip_wrapped_0999.jpg,20260822
val,/mnt/d/ruanjianxiazai/pycharm2026/datasets/dataset_2/val/images/nozzle_extrusion_normal_0010.jpg,20260822
val,/mnt/d/ruanjianxiazai/pycharm2026/datasets/dataset_2/val/images/nozzle_clean_0150.jpg,20260822
val,/mnt/d/ruanjianxiazai/pycharm2026/datasets/dataset_2/val/images/nozzle_tip_wrapped_0370.jpg,20260822
val,/mnt/d/ruanjianxiazai/pycharm2026/datasets/dataset_2/val/images/nozzle_no_extrusion_0762.jpg,20260822
val,/mnt/d/ruanjianxiazai/pycharm2026/datasets/dataset_2/val/images/nozzle_clean_0784.jpg,20260822
val,/mnt/d/ruanjianxiazai/pycharm2026/datasets/dataset_2/val/images/nozzle_no_extrusion_0671.jpg,20260822
val,/mnt/d/ruanjianxiazai/pycharm2026/datasets/dataset_2/val/images/nozzle_tip_wrapped_0686.jpg,20260822
val,/mnt/d/ruanjianxiazai/pycharm2026/datasets/dataset_2/val/images/nozzle_tip_wrapped_0746.jpg,20260822
val,/mnt/d/ruanjianxiazai/pycharm2026/datasets/dataset_2/val/images/nozzle_extrusion_normal_1004.jpg,20260822
val,/mnt/d/ruanjianxiazai/pycharm2026/datasets/dataset_2/val/images/nozzle_clean_0788.jpg,20260822
val,/mnt/d/ruanjianxiazai/pycharm2026/datasets/dataset_2/val/images/nozzle_no_extrusion_0601.jpg,20260822
val,/mnt/d/ruanjianxiazai/pycharm2026/datasets/dataset_2/val/images/nozzle_slight_contamination_0002.jpg,20260822
val,/mnt/d/ruanjianxiazai/pycharm2026/datasets/dataset_2/val/images/nozzle_no_extrusion_0862.jpg,20260822
val,/mnt/d/ruanjianxiazai/pycharm2026/datasets/dataset_2/val/images/nozzle_extrusion_normal_0998.jpg,20260822
val,/mnt/d/ruanjianxiazai/pycharm2026/datasets/dataset_2/val/images/nozzle_tip_wrapped_0819.jpg,20260822
val,/mnt/d/ruanjianxiazai/pycharm2026/datasets/dataset_2/val/images/nozzle_clean_0538.jpg,20260822
val,/mnt/d/ruanjianxiazai/pycharm2026/datasets/dataset_2/val/images/nozzle_extrusion_normal_0033.jpg,20260822
val,/mnt/d/ruanjianxiazai/pycharm2026/datasets/dataset_2/val/images/nozzle_extrusion_normal_1233.jpg,20260822
val,/mnt/d/ruanjianxiazai/pycharm2026/datasets/dataset_2/val/images/nozzle_extrusion_normal_0719.jpg,20260822
val,/mnt/d/ruanjianxiazai/pycharm2026/datasets/dataset_2/val/images/nozzle_extrusion_normal_0403.jpg,20260822
val,/mnt/d/ruanjianxiazai/pycharm2026/datasets/dataset_2/val/images/nozzle_no_extrusion_0155.jpg,20260822
val,/mnt/d/ruanjianxiazai/pycharm2026/datasets/dataset_2/val/images/nozzle_extrusion_normal_0835.jpg,20260822
val,/mnt/d/ruanjianxiazai/pycharm2026/datasets/dataset_2/val/images/nozzle_no_extrusion_0140.jpg,20260822
val,/mnt/d/ruanjianxiazai/pycharm2026/datasets/dataset_2/val/images/nozzle_tip_wrapped_0137.jpg,20260822
val,/mnt/d/ruanjianxiazai/pycharm2026/datasets/dataset_2/val/images/nozzle_extrusion_normal_0103.jpg,20260822
val,/mnt/d/ruanjianxiazai/pycharm2026/datasets/dataset_2/val/images/nozzle_tip_wrapped_0180.jpg,20260822
val,/mnt/d/ruanjianxiazai/pycharm2026/datasets/dataset_2/val/images/nozzle_tip_wrapped_1305.jpg,20260822
val,/mnt/d/ruanjianxiazai/pycharm2026/datasets/dataset_2/val/images/nozzle_tip_wrapped_0565.jpg,20260822
val,/mnt/d/ruanjianxiazai/pycharm2026/datasets/dataset_2/val/images/nozzle_clean_0489.jpg,20260822
val,/mnt/d/ruanjianxiazai/pycharm2026/datasets/dataset_2/val/images/nozzle_no_extrusion_0302.jpg,20260822
val,/mnt/d/ruanjianxiazai/pycharm2026/datasets/dataset_2/val/images/nozzle_extrusion_normal_0271.jpg,20260822
val,/mnt/d/ruanjianxiazai/pycharm2026/datasets/dataset_2/val/images/nozzle_extrusion_normal_0778.jpg,20260822
val,/mnt/d/ruanjianxiazai/pycharm2026/datasets/dataset_2/val/images/nozzle_tip_wrapped_0338.jpg,20260822
val,/mnt/d/ruanjianxiazai/pycharm2026/datasets/dataset_2/val/images/nozzle_clean_0559.jpg,20260822
val,/mnt/d/ruanjianxiazai/pycharm2026/datasets/dataset_2/val/images/nozzle_extrusion_normal_0950.jpg,20260822
val,/mnt/d/ruanjianxiazai/pycharm2026/datasets/dataset_2/val/images/nozzle_extrusion_normal_0316.jpg,20260822
val,/mnt/d/ruanjianxiazai/pycharm2026/datasets/dataset_2/val/images/nozzle_clean_0886.jpg,20260822
val,/mnt/d/ruanjianxiazai/pycharm2026/datasets/dataset_2/val/images/nozzle_extrusion_normal_1511.jpg,20260822
val,/mnt/d/ruanjianxiazai/pycharm2026/datasets/dataset_2/val/images/nozzle_clean_0291.jpg,20260822
val,/mnt/d/ruanjianxiazai/pycharm2026/datasets/dataset_2/val/images/nozzle_extrusion_normal_0944.jpg,20260822
val,/mnt/d/ruanjianxiazai/pycharm2026/datasets/dataset_2/val/images/nozzle_tip_wrapped_0650.jpg,20260822
val,/mnt/d/ruanjianxiazai/pycharm2026/datasets/dataset_2/val/images/nozzle_clean_0475.jpg,20260822
val,/mnt/d/ruanjianxiazai/pycharm2026/datasets/dataset_2/val/images/nozzle_tip_wrapped_0715.jpg,20260822
val,/mnt/d/ruanjianxiazai/pycharm2026/datasets/dataset_2/val/images/nozzle_tip_wrapped_1270.jpg,20260822
val,/mnt/d/ruanjianxiazai/pycharm2026/datasets/dataset_2/val/images/nozzle_clean_0611.jpg,20260822
val,/mnt/d/ruanjianxiazai/pycharm2026/datasets/dataset_2/val/images/nozzle_tip_wrapped_1171.jpg,20260822
val,/mnt/d/ruanjianxiazai/pycharm2026/datasets/dataset_2/val/images/nozzle_extrusion_normal_0892.jpg,20260822
val,/mnt/d/ruanjianxiazai/pycharm2026/datasets/dataset_2/val/images/nozzle_clean_0062.jpg,20260822
val,/mnt/d/ruanjianxiazai/pycharm2026/datasets/dataset_2/val/images/nozzle_tip_wrapped_0183.jpg,20260822
val,/mnt/d/ruanjianxiazai/pycharm2026/datasets/dataset_2/val/images/nozzle_extrusion_normal_0967.jpg,20260822
val,/mnt/d/ruanjianxiazai/pycharm2026/datasets/dataset_2/val/images/nozzle_extrusion_normal_0596.jpg,20260822
val,/mnt/d/ruanjianxiazai/pycharm2026/datasets/dataset_2/val/images/nozzle_clean_0780.jpg,20260822
val,/mnt/d/ruanjianxiazai/pycharm2026/datasets/dataset_2/val/images/nozzle_no_extrusion_0590.jpg,20260822
val,/mnt/d/ruanjianxiazai/pycharm2026/datasets/dataset_2/val/images/nozzle_extrusion_normal_1339.jpg,20260822
val,/mnt/d/ruanjianxiazai/pycharm2026/datasets/dataset_2/val/images/nozzle_no_extrusion_0637.jpg,20260822
val,/mnt/d/ruanjianxiazai/pycharm2026/datasets/dataset_2/val/images/nozzle_extrusion_normal_0647.jpg,20260822
val,/mnt/d/ruanjianxiazai/pycharm2026/datasets/dataset_2/val/images/nozzle_extrusion_normal_0598.jpg,20260822
val,/mnt/d/ruanjianxiazai/pycharm2026/datasets/dataset_2/val/images/nozzle_extrusion_normal_1010.jpg,20260822
val,/mnt/d/ruanjianxiazai/pycharm2026/datasets/dataset_2/val/images/nozzle_no_extrusion_0683.jpg,20260822
val,/mnt/d/ruanjianxiazai/pycharm2026/datasets/dataset_2/val/images/nozzle_extrusion_normal_0583.jpg,20260822
val,/mnt/d/ruanjianxiazai/pycharm2026/datasets/dataset_2/val/images/nozzle_no_extrusion_0717.jpg,20260822
val,/mnt/d/ruanjianxiazai/pycharm2026/datasets/dataset_2/val/images/nozzle_clean_0586.jpg,20260822
val,/mnt/d/ruanjianxiazai/pycharm2026/datasets/dataset_2/val/images/nozzle_tip_wrapped_0281.jpg,20260822
val,/mnt/d/ruanjianxiazai/pycharm2026/datasets/dataset_2/val/images/nozzle_no_extrusion_0499.jpg,20260822
val,/mnt/d/ruanjianxiazai/pycharm2026/datasets/dataset_2/val/images/nozzle_no_extrusion_0248.jpg,20260822
val,/mnt/d/ruanjianxiazai/pycharm2026/datasets/dataset_2/val/images/nozzle_tip_wrapped_0196.jpg,20260822
val,/mnt/d/ruanjianxiazai/pycharm2026/datasets/dataset_2/val/images/nozzle_tip_wrapped_0037.jpg,20260822
val,/mnt/d/ruanjianxiazai/pycharm2026/datasets/dataset_2/val/images/nozzle_clean_0403.jpg,20260822
val,/mnt/d/ruanjianxiazai/pycharm2026/datasets/dataset_2/val/images/nozzle_extrusion_normal_0172.jpg,20260822
val,/mnt/d/ruanjianxiazai/pycharm2026/datasets/dataset_2/val/images/nozzle_no_extrusion_0351.jpg,20260822
val,/mnt/d/ruanjianxiazai/pycharm2026/datasets/dataset_2/val/images/nozzle_extrusion_normal_0706.jpg,20260822
val,/mnt/d/ruanjianxiazai/pycharm2026/datasets/dataset_2/val/images/nozzle_extrusion_normal_0474.jpg,20260822
val,/mnt/d/ruanjianxiazai/pycharm2026/datasets/dataset_2/val/images/nozzle_tip_wrapped_1038.jpg,20260822
val,/mnt/d/ruanjianxiazai/pycharm2026/datasets/dataset_2/val/images/nozzle_tip_wrapped_1247.jpg,20260822
val,/mnt/d/ruanjianxiazai/pycharm2026/datasets/dataset_2/val/images/nozzle_extrusion_normal_1101.jpg,20260822
val,/mnt/d/ruanjianxiazai/pycharm2026/datasets/dataset_2/val/images/nozzle_tip_wrapped_0995.jpg,20260822
val,/mnt/d/ruanjianxiazai/pycharm2026/datasets/dataset_2/val/images/nozzle_tip_wrapped_1167.jpg,20260822
val,/mnt/d/ruanjianxiazai/pycharm2026/datasets/dataset_2/val/images/nozzle_extrusion_normal_1467.jpg,20260822
val,/mnt/d/ruanjianxiazai/pycharm2026/datasets/dataset_2/val/images/nozzle_clean_0050.jpg,20260822
val,/mnt/d/ruanjianxiazai/pycharm2026/datasets/dataset_2/val/images/nozzle_no_extrusion_0147.jpg,20260822
val,/mnt/d/ruanjianxiazai/pycharm2026/datasets/dataset_2/val/images/nozzle_clean_0152.jpg,20260822
val,/mnt/d/ruanjianxiazai/pycharm2026/datasets/dataset_2/val/images/nozzle_extrusion_normal_0194.jpg,20260822
val,/mnt/d/ruanjianxiazai/pycharm2026/datasets/dataset_2/val/images/nozzle_tip_wrapped_0141.jpg,20260822
val,/mnt/d/ruanjianxiazai/pycharm2026/datasets/dataset_2/val/images/nozzle_tip_wrapped_0577.jpg,20260822
val,/mnt/d/ruanjianxiazai/pycharm2026/datasets/dataset_2/val/images/nozzle_no_extrusion_0650.jpg,20260822
val,/mnt/d/ruanjianxiazai/pycharm2026/datasets/dataset_2/val/images/nozzle_extrusion_normal_1128.jpg,20260822
val,/mnt/d/ruanjianxiazai/pycharm2026/datasets/dataset_2/val/images/nozzle_clean_0795.jpg,20260822
val,/mnt/d/ruanjianxiazai/pycharm2026/datasets/dataset_2/val/images/nozzle_clean_0541.jpg,20260822
val,/mnt/d/ruanjianxiazai/pycharm2026/datasets/dataset_2/val/images/nozzle_tip_wrapped_1123.jpg,20260822
val,/mnt/d/ruanjianxiazai/pycharm2026/datasets/dataset_2/val/images/nozzle_extrusion_normal_1309.jpg,20260822
val,/mnt/d/ruanjianxiazai/pycharm2026/datasets/dataset_2/val/images/nozzle_tip_wrapped_0664.jpg,20260822
val,/mnt/d/ruanjianxiazai/pycharm2026/datasets/dataset_2/val/images/nozzle_tip_wrapped_0864.jpg,20260822
val,/mnt/d/ruanjianxiazai/pycharm2026/datasets/dataset_2/val/images/nozzle_tip_wrapped_0408.jpg,20260822
val,/mnt/d/ruanjianxiazai/pycharm2026/datasets/dataset_2/val/images/nozzle_clean_0102.jpg,20260822
val,/mnt/d/ruanjianxiazai/pycharm2026/datasets/dataset_2/val/images/nozzle_extrusion_normal_0783.jpg,20260822
val,/mnt/d/ruanjianxiazai/pycharm2026/datasets/dataset_2/val/images/nozzle_extrusion_normal_0376.jpg,20260822
val,/mnt/d/ruanjianxiazai/pycharm2026/datasets/dataset_2/val/images/nozzle_extrusion_normal_1204.jpg,20260822
val,/mnt/d/ruanjianxiazai/pycharm2026/datasets/dataset_2/val/images/nozzle_no_extrusion_0233.jpg,20260822
val,/mnt/d/ruanjianxiazai/pycharm2026/datasets/dataset_2/val/images/nozzle_tip_wrapped_0654.jpg,20260822
val,/mnt/d/ruanjianxiazai/pycharm2026/datasets/dataset_2/val/images/nozzle_tip_wrapped_0975.jpg,20260822
val,/mnt/d/ruanjianxiazai/pycharm2026/datasets/dataset_2/val/images/nozzle_extrusion_normal_0202.jpg,20260822
val,/mnt/d/ruanjianxiazai/pycharm2026/datasets/dataset_2/val/images/nozzle_tip_wrapped_0781.jpg,20260822
val,/mnt/d/ruanjianxiazai/pycharm2026/datasets/dataset_2/val/images/nozzle_extrusion_normal_1341.jpg,20260822
val,/mnt/d/ruanjianxiazai/pycharm2026/datasets/dataset_2/val/images/nozzle_clean_0470.jpg,20260822
val,/mnt/d/ruanjianxiazai/pycharm2026/datasets/dataset_2/val/images/nozzle_clean_0056.jpg,20260822
val,/mnt/d/ruanjianxiazai/pycharm2026/datasets/dataset_2/val/images/nozzle_no_extrusion_0061.jpg,20260822
val,/mnt/d/ruanjianxiazai/pycharm2026/datasets/dataset_2/val/images/nozzle_tip_wrapped_0318.jpg,20260822
val,/mnt/d/ruanjianxiazai/pycharm2026/datasets/dataset_2/val/images/nozzle_extrusion_normal_0938.jpg,20260822
val,/mnt/d/ruanjianxiazai/pycharm2026/datasets/dataset_2/val/images/nozzle_extrusion_normal_1349.jpg,20260822
val,/mnt/d/ruanjianxiazai/pycharm2026/datasets/dataset_2/val/images/nozzle_extrusion_normal_0577.jpg,20260822
val,/mnt/d/ruanjianxiazai/pycharm2026/datasets/dataset_2/val/images/nozzle_extrusion_normal_1489.jpg,20260822
val,/mnt/d/ruanjianxiazai/pycharm2026/datasets/dataset_2/val/images/nozzle_extrusion_normal_0780.jpg,20260822
val,/mnt/d/ruanjianxiazai/pycharm2026/datasets/dataset_2/val/images/nozzle_tip_wrapped_0042.jpg,20260822
val,/mnt/d/ruanjianxiazai/pycharm2026/datasets/dataset_2/val/images/nozzle_no_extrusion_0012.jpg,20260822
val,/mnt/d/ruanjianxiazai/pycharm2026/datasets/dataset_2/val/images/nozzle_slight_contamination_0004.jpg,20260822
val,/mnt/d/ruanjianxiazai/pycharm2026/datasets/dataset_2/val/images/nozzle_extrusion_normal_0727.jpg,20260822
val,/mnt/d/ruanjianxiazai/pycharm2026/datasets/dataset_2/val/images/nozzle_no_extrusion_0101.jpg,20260822
val,/mnt/d/ruanjianxiazai/pycharm2026/datasets/dataset_2/val/images/nozzle_no_extrusion_0222.jpg,20260822
val,/mnt/d/ruanjianxiazai/pycharm2026/datasets/dataset_2/val/images/nozzle_extrusion_normal_0908.jpg,20260822
val,/mnt/d/ruanjianxiazai/pycharm2026/datasets/dataset_2/val/images/nozzle_extrusion_normal_0440.jpg,20260822
val,/mnt/d/ruanjianxiazai/pycharm2026/datasets/dataset_2/val/images/nozzle_extrusion_normal_0317.jpg,20260822
val,/mnt/d/ruanjianxiazai/pycharm2026/datasets/dataset_2/val/images/nozzle_tip_wrapped_0029.jpg,20260822
val,/mnt/d/ruanjianxiazai/pycharm2026/datasets/dataset_2/val/images/nozzle_no_extrusion_0727.jpg,20260822
val,/mnt/d/ruanjianxiazai/pycharm2026/datasets/dataset_2/val/images/nozzle_extrusion_normal_0003.jpg,20260822
val,/mnt/d/ruanjianxiazai/pycharm2026/datasets/dataset_2/val/images/nozzle_no_extrusion_0343.jpg,20260822
val,/mnt/d/ruanjianxiazai/pycharm2026/datasets/dataset_2/val/images/nozzle_tip_wrapped_1088.jpg,20260822
val,/mnt/d/ruanjianxiazai/pycharm2026/datasets/dataset_2/val/images/nozzle_extrusion_normal_1186.jpg,20260822
val,/mnt/d/ruanjianxiazai/pycharm2026/datasets/dataset_2/val/images/nozzle_tip_wrapped_0658.jpg,20260822
val,/mnt/d/ruanjianxiazai/pycharm2026/datasets/dataset_2/val/images/nozzle_no_extrusion_0392.jpg,20260822
val,/mnt/d/ruanjianxiazai/pycharm2026/datasets/dataset_2/val/images/nozzle_tip_wrapped_0862.jpg,20260822
val,/mnt/d/ruanjianxiazai/pycharm2026/datasets/dataset_2/val/images/nozzle_extrusion_normal_1113.jpg,20260822
val,/mnt/d/ruanjianxiazai/pycharm2026/datasets/dataset_2/val/images/nozzle_no_extrusion_0908.jpg,20260822
val,/mnt/d/ruanjianxiazai/pycharm2026/datasets/dataset_2/val/images/nozzle_no_extrusion_0038.jpg,20260822
val,/mnt/d/ruanjianxiazai/pycharm2026/datasets/dataset_2/val/images/nozzle_extrusion_normal_1435.jpg,20260822
val,/mnt/d/ruanjianxiazai/pycharm2026/datasets/dataset_2/val/images/nozzle_extrusion_normal_0614.jpg,20260822
val,/mnt/d/ruanjianxiazai/pycharm2026/datasets/dataset_2/val/images/nozzle_clean_0292.jpg,20260822
val,/mnt/d/ruanjianxiazai/pycharm2026/datasets/dataset_2/val/images/nozzle_extrusion_normal_1276.jpg,20260822
val,/mnt/d/ruanjianxiazai/pycharm2026/datasets/dataset_2/val/images/nozzle_extrusion_normal_0351.jpg,20260822
val,/mnt/d/ruanjianxiazai/pycharm2026/datasets/dataset_2/val/images/nozzle_extrusion_normal_1093.jpg,20260822
val,/mnt/d/ruanjianxiazai/pycharm2026/datasets/dataset_2/val/images/nozzle_clean_0555.jpg,20260822
val,/mnt/d/ruanjianxiazai/pycharm2026/datasets/dataset_2/val/images/nozzle_extrusion_normal_0280.jpg,20260822
val,/mnt/d/ruanjianxiazai/pycharm2026/datasets/dataset_2/val/images/nozzle_tip_wrapped_0339.jpg,20260822
val,/mnt/d/ruanjianxiazai/pycharm2026/datasets/dataset_2/val/images/nozzle_no_extrusion_0258.jpg,20260822
val,/mnt/d/ruanjianxiazai/pycharm2026/datasets/dataset_2/val/images/nozzle_clean_0506.jpg,20260822
val,/mnt/d/ruanjianxiazai/pycharm2026/datasets/dataset_2/val/images/nozzle_no_extrusion_0118.jpg,20260822
val,/mnt/d/ruanjianxiazai/pycharm2026/datasets/dataset_2/val/images/nozzle_clean_0658.jpg,20260822
val,/mnt/d/ruanjianxiazai/pycharm2026/datasets/dataset_2/val/images/nozzle_extrusion_normal_0660.jpg,20260822
val,/mnt/d/ruanjianxiazai/pycharm2026/datasets/dataset_2/val/images/nozzle_extrusion_normal_1160.jpg,20260822
val,/mnt/d/ruanjianxiazai/pycharm2026/datasets/dataset_2/val/images/nozzle_extrusion_normal_1117.jpg,20260822
val,/mnt/d/ruanjianxiazai/pycharm2026/datasets/dataset_2/val/images/nozzle_no_extrusion_0210.jpg,20260822
val,/mnt/d/ruanjianxiazai/pycharm2026/datasets/dataset_2/val/images/nozzle_extrusion_normal_1280.jpg,20260822
val,/mnt/d/ruanjianxiazai/pycharm2026/datasets/dataset_2/val/images/nozzle_extrusion_normal_0325.jpg,20260822
val,/mnt/d/ruanjianxiazai/pycharm2026/datasets/dataset_2/val/images/nozzle_extrusion_normal_0027.jpg,20260822
val,/mnt/d/ruanjianxiazai/pycharm2026/datasets/dataset_2/val/images/nozzle_clean_0151.jpg,20260822
val,/mnt/d/ruanjianxiazai/pycharm2026/datasets/dataset_2/val/images/nozzle_clean_0485.jpg,20260822
val,/mnt/d/ruanjianxiazai/pycharm2026/datasets/dataset_2/val/images/nozzle_tip_wrapped_0402.jpg,20260822
val,/mnt/d/ruanjianxiazai/pycharm2026/datasets/dataset_2/val/images/nozzle_extrusion_normal_1439.jpg,20260822
val,/mnt/d/ruanjianxiazai/pycharm2026/datasets/dataset_2/val/images/nozzle_extrusion_normal_1454.jpg,20260822
val,/mnt/d/ruanjianxiazai/pycharm2026/datasets/dataset_2/val/images/nozzle_clean_0623.jpg,20260822
val,/mnt/d/ruanjianxiazai/pycharm2026/datasets/dataset_2/val/images/nozzle_no_extrusion_0607.jpg,20260822
val,/mnt/d/ruanjianxiazai/pycharm2026/datasets/dataset_2/val/images/nozzle_extrusion_normal_1410.jpg,20260822
val,/mnt/d/ruanjianxiazai/pycharm2026/datasets/dataset_2/val/images/nozzle_tip_wrapped_0990.jpg,20260822
val,/mnt/d/ruanjianxiazai/pycharm2026/datasets/dataset_2/val/images/nozzle_no_extrusion_0801.jpg,20260822
val,/mnt/d/ruanjianxiazai/pycharm2026/datasets/dataset_2/val/images/nozzle_extrusion_normal_0843.jpg,20260822
val,/mnt/d/ruanjianxiazai/pycharm2026/datasets/dataset_2/val/images/nozzle_no_extrusion_0301.jpg,20260822
val,/mnt/d/ruanjianxiazai/pycharm2026/datasets/dataset_2/val/images/nozzle_no_extrusion_0423.jpg,20260822
val,/mnt/d/ruanjianxiazai/pycharm2026/datasets/dataset_2/val/images/nozzle_extrusion_normal_1134.jpg,20260822
val,/mnt/d/ruanjianxiazai/pycharm2026/datasets/dataset_2/val/images/nozzle_clean_0057.jpg,20260822
val,/mnt/d/ruanjianxiazai/pycharm2026/datasets/dataset_2/val/images/nozzle_tip_wrapped_1020.jpg,20260822
val,/mnt/d/ruanjianxiazai/pycharm2026/datasets/dataset_2/val/images/nozzle_extrusion_normal_1442.jpg,20260822
val,/mnt/d/ruanjianxiazai/pycharm2026/datasets/dataset_2/val/images/nozzle_extrusion_normal_1452.jpg,20260822
val,/mnt/d/ruanjianxiazai/pycharm2026/datasets/dataset_2/val/images/nozzle_tip_wrapped_1168.jpg,20260822
val,/mnt/d/ruanjianxiazai/pycharm2026/datasets/dataset_2/val/images/nozzle_clean_0497.jpg,20260822
val,/mnt/d/ruanjianxiazai/pycharm2026/datasets/dataset_2/val/images/nozzle_tip_wrapped_0178.jpg,20260822
val,/mnt/d/ruanjianxiazai/pycharm2026/datasets/dataset_2/val/images/nozzle_tip_wrapped_0458.jpg,20260822
val,/mnt/d/ruanjianxiazai/pycharm2026/datasets/dataset_2/val/images/nozzle_clean_0405.jpg,20260822
val,/mnt/d/ruanjianxiazai/pycharm2026/datasets/dataset_2/val/images/nozzle_tip_wrapped_0659.jpg,20260822
val,/mnt/d/ruanjianxiazai/pycharm2026/datasets/dataset_2/val/images/nozzle_clean_0219.jpg,20260822
val,/mnt/d/ruanjianxiazai/pycharm2026/datasets/dataset_2/val/images/nozzle_extrusion_normal_0367.jpg,20260822
val,/mnt/d/ruanjianxiazai/pycharm2026/datasets/dataset_2/val/images/nozzle_tip_wrapped_1314.jpg,20260822
val,/mnt/d/ruanjianxiazai/pycharm2026/datasets/dataset_2/val/images/nozzle_extrusion_normal_0709.jpg,20260822
val,/mnt/d/ruanjianxiazai/pycharm2026/datasets/dataset_2/val/images/nozzle_no_extrusion_0284.jpg,20260822
val,/mnt/d/ruanjianxiazai/pycharm2026/datasets/dataset_2/val/images/nozzle_tip_wrapped_0943.jpg,20260822
val,/mnt/d/ruanjianxiazai/pycharm2026/datasets/dataset_2/val/images/nozzle_clean_0777.jpg,20260822
val,/mnt/d/ruanjianxiazai/pycharm2026/datasets/dataset_2/val/images/nozzle_extrusion_normal_1291.jpg,20260822
val,/mnt/d/ruanjianxiazai/pycharm2026/datasets/dataset_2/val/images/nozzle_tip_wrapped_0994.jpg,20260822
val,/mnt/d/ruanjianxiazai/pycharm2026/datasets/dataset_2/val/images/nozzle_tip_wrapped_0520.jpg,20260822
val,/mnt/d/ruanjianxiazai/pycharm2026/datasets/dataset_2/val/images/nozzle_no_extrusion_0786.jpg,20260822
val,/mnt/d/ruanjianxiazai/pycharm2026/datasets/dataset_2/val/images/nozzle_clean_0306.jpg,20260822
val,/mnt/d/ruanjianxiazai/pycharm2026/datasets/dataset_2/val/images/nozzle_tip_wrapped_0175.jpg,20260822
val,/mnt/d/ruanjianxiazai/pycharm2026/datasets/dataset_2/val/images/nozzle_tip_wrapped_0142.jpg,20260822
val,/mnt/d/ruanjianxiazai/pycharm2026/datasets/dataset_2/val/images/nozzle_extrusion_normal_0750.jpg,20260822
val,/mnt/d/ruanjianxiazai/pycharm2026/datasets/dataset_2/val/images/nozzle_clean_0406.jpg,20260822
val,/mnt/d/ruanjianxiazai/pycharm2026/datasets/dataset_2/val/images/nozzle_no_extrusion_0310.jpg,20260822
val,/mnt/d/ruanjianxiazai/pycharm2026/datasets/dataset_2/val/images/nozzle_clean_0186.jpg,20260822
val,/mnt/d/ruanjianxiazai/pycharm2026/datasets/dataset_2/val/images/nozzle_extrusion_normal_0218.jpg,20260822
val,/mnt/d/ruanjianxiazai/pycharm2026/datasets/dataset_2/val/images/nozzle_tip_wrapped_0217.jpg,20260822
val,/mnt/d/ruanjianxiazai/pycharm2026/datasets/dataset_2/val/images/nozzle_extrusion_normal_0407.jpg,20260822
val,/mnt/d/ruanjianxiazai/pycharm2026/datasets/dataset_2/val/images/nozzle_clean_0610.jpg,20260822
val,/mnt/d/ruanjianxiazai/pycharm2026/datasets/dataset_2/val/images/nozzle_extrusion_normal_1288.jpg,20260822
val,/mnt/d/ruanjianxiazai/pycharm2026/datasets/dataset_2/val/images/nozzle_clean_0229.jpg,20260822
val,/mnt/d/ruanjianxiazai/pycharm2026/datasets/dataset_2/val/images/nozzle_tip_wrapped_0241.jpg,20260822
val,/mnt/d/ruanjianxiazai/pycharm2026/datasets/dataset_2/val/images/nozzle_tip_wrapped_1008.jpg,20260822
val,/mnt/d/ruanjianxiazai/pycharm2026/datasets/dataset_2/val/images/nozzle_no_extrusion_0766.jpg,20260822
val,/mnt/d/ruanjianxiazai/pycharm2026/datasets/dataset_2/val/images/nozzle_tip_wrapped_0956.jpg,20260822
val,/mnt/d/ruanjianxiazai/pycharm2026/datasets/dataset_2/val/images/nozzle_no_extrusion_0396.jpg,20260822
val,/mnt/d/ruanjianxiazai/pycharm2026/datasets/dataset_2/val/images/nozzle_clean_0285.jpg,20260822
val,/mnt/d/ruanjianxiazai/pycharm2026/datasets/dataset_2/val/images/nozzle_extrusion_normal_0237.jpg,20260822
val,/mnt/d/ruanjianxiazai/pycharm2026/datasets/dataset_2/val/images/nozzle_tip_wrapped_0414.jpg,20260822
val,/mnt/d/ruanjianxiazai/pycharm2026/datasets/dataset_2/val/images/nozzle_extrusion_normal_0329.jpg,20260822
val,/mnt/d/ruanjianxiazai/pycharm2026/datasets/dataset_2/val/images/nozzle_no_extrusion_0623.jpg,20260822
val,/mnt/d/ruanjianxiazai/pycharm2026/datasets/dataset_2/val/images/nozzle_tip_wrapped_0524.jpg,20260822
val,/mnt/d/ruanjianxiazai/pycharm2026/datasets/dataset_2/val/images/nozzle_no_extrusion_0023.jpg,20260822
val,/mnt/d/ruanjianxiazai/pycharm2026/datasets/dataset_2/val/images/nozzle_extrusion_normal_1484.jpg,20260822
val,/mnt/d/ruanjianxiazai/pycharm2026/datasets/dataset_2/val/images/nozzle_extrusion_normal_1002.jpg,20260822
val,/mnt/d/ruanjianxiazai/pycharm2026/datasets/dataset_2/val/images/nozzle_clean_0851.jpg,20260822
val,/mnt/d/ruanjianxiazai/pycharm2026/datasets/dataset_2/val/images/nozzle_tip_wrapped_0385.jpg,20260822
val,/mnt/d/ruanjianxiazai/pycharm2026/datasets/dataset_2/val/images/nozzle_clean_0374.jpg,20260822
val,/mnt/d/ruanjianxiazai/pycharm2026/datasets/dataset_2/val/images/nozzle_extrusion_normal_0971.jpg,20260822
val,/mnt/d/ruanjianxiazai/pycharm2026/datasets/dataset_2/val/images/nozzle_extrusion_normal_1096.jpg,20260822
val,/mnt/d/ruanjianxiazai/pycharm2026/datasets/dataset_2/val/images/nozzle_no_extrusion_0110.jpg,20260822
val,/mnt/d/ruanjianxiazai/pycharm2026/datasets/dataset_2/val/images/nozzle_clean_0089.jpg,20260822
val,/mnt/d/ruanjianxiazai/pycharm2026/datasets/dataset_2/val/images/nozzle_extrusion_normal_0547.jpg,20260822
val,/mnt/d/ruanjianxiazai/pycharm2026/datasets/dataset_2/val/images/nozzle_tip_wrapped_0003.jpg,20260822
val,/mnt/d/ruanjianxiazai/pycharm2026/datasets/dataset_2/val/images/nozzle_extrusion_normal_0564.jpg,20260822
val,/mnt/d/ruanjianxiazai/pycharm2026/datasets/dataset_2/val/images/nozzle_extrusion_normal_1494.jpg,20260822
val,/mnt/d/ruanjianxiazai/pycharm2026/datasets/dataset_2/val/images/nozzle_no_extrusion_0157.jpg,20260822
val,/mnt/d/ruanjianxiazai/pycharm2026/datasets/dataset_2/val/images/nozzle_tip_wrapped_1101.jpg,20260822
val,/mnt/d/ruanjianxiazai/pycharm2026/datasets/dataset_2/val/images/nozzle_no_extrusion_0107.jpg,20260822
val,/mnt/d/ruanjianxiazai/pycharm2026/datasets/dataset_2/val/images/nozzle_clean_0647.jpg,20260822
val,/mnt/d/ruanjianxiazai/pycharm2026/datasets/dataset_2/val/images/nozzle_no_extrusion_0638.jpg,20260822
val,/mnt/d/ruanjianxiazai/pycharm2026/datasets/dataset_2/val/images/nozzle_no_extrusion_0125.jpg,20260822
val,/mnt/d/ruanjianxiazai/pycharm2026/datasets/dataset_2/val/images/nozzle_clean_0303.jpg,20260822
val,/mnt/d/ruanjianxiazai/pycharm2026/datasets/dataset_2/val/images/nozzle_clean_0246.jpg,20260822
val,/mnt/d/ruanjianxiazai/pycharm2026/datasets/dataset_2/val/images/nozzle_clean_0734.jpg,20260822
val,/mnt/d/ruanjianxiazai/pycharm2026/datasets/dataset_2/val/images/nozzle_tip_wrapped_1137.jpg,20260822
val,/mnt/d/ruanjianxiazai/pycharm2026/datasets/dataset_2/val/images/nozzle_no_extrusion_0571.jpg,20260822
val,/mnt/d/ruanjianxiazai/pycharm2026/datasets/dataset_2/val/images/nozzle_extrusion_normal_0969.jpg,20260822
val,/mnt/d/ruanjianxiazai/pycharm2026/datasets/dataset_2/val/images/nozzle_clean_0267.jpg,20260822
val,/mnt/d/ruanjianxiazai/pycharm2026/datasets/dataset_2/val/images/nozzle_no_extrusion_0780.jpg,20260822
val,/mnt/d/ruanjianxiazai/pycharm2026/datasets/dataset_2/val/images/nozzle_extrusion_normal_0076.jpg,20260822
val,/mnt/d/ruanjianxiazai/pycharm2026/datasets/dataset_2/val/images/nozzle_no_extrusion_0582.jpg,20260822
val,/mnt/d/ruanjianxiazai/pycharm2026/datasets/dataset_2/val/images/nozzle_tip_wrapped_0854.jpg,20260822
val,/mnt/d/ruanjianxiazai/pycharm2026/datasets/dataset_2/val/images/nozzle_tip_wrapped_0472.jpg,20260822
val,/mnt/d/ruanjianxiazai/pycharm2026/datasets/dataset_2/val/images/nozzle_no_extrusion_0199.jpg,20260822
val,/mnt/d/ruanjianxiazai/pycharm2026/datasets/dataset_2/val/images/nozzle_extrusion_normal_1108.jpg,20260822
val,/mnt/d/ruanjianxiazai/pycharm2026/datasets/dataset_2/val/images/nozzle_clean_0778.jpg,20260822
val,/mnt/d/ruanjianxiazai/pycharm2026/datasets/dataset_2/val/images/nozzle_extrusion_normal_0258.jpg,20260822
val,/mnt/d/ruanjianxiazai/pycharm2026/datasets/dataset_2/val/images/nozzle_no_extrusion_0382.jpg,20260822
val,/mnt/d/ruanjianxiazai/pycharm2026/datasets/dataset_2/val/images/nozzle_clean_0897.jpg,20260822
val,/mnt/d/ruanjianxiazai/pycharm2026/datasets/dataset_2/val/images/nozzle_clean_0332.jpg,20260822
val,/mnt/d/ruanjianxiazai/pycharm2026/datasets/dataset_2/val/images/nozzle_no_extrusion_0090.jpg,20260822
val,/mnt/d/ruanjianxiazai/pycharm2026/datasets/dataset_2/val/images/nozzle_extrusion_normal_0557.jpg,20260822
val,/mnt/d/ruanjianxiazai/pycharm2026/datasets/dataset_2/val/images/nozzle_extrusion_normal_0173.jpg,20260822
val,/mnt/d/ruanjianxiazai/pycharm2026/datasets/dataset_2/val/images/nozzle_clean_0641.jpg,20260822
val,/mnt/d/ruanjianxiazai/pycharm2026/datasets/dataset_2/val/images/nozzle_tip_wrapped_0019.jpg,20260822
val,/mnt/d/ruanjianxiazai/pycharm2026/datasets/dataset_2/val/images/nozzle_tip_wrapped_0655.jpg,20260822
val,/mnt/d/ruanjianxiazai/pycharm2026/datasets/dataset_2/val/images/nozzle_tip_wrapped_1260.jpg,20260822
val,/mnt/d/ruanjianxiazai/pycharm2026/datasets/dataset_2/val/images/nozzle_extrusion_normal_0108.jpg,20260822
val,/mnt/d/ruanjianxiazai/pycharm2026/datasets/dataset_2/val/images/nozzle_tip_wrapped_0249.jpg,20260822
val,/mnt/d/ruanjianxiazai/pycharm2026/datasets/dataset_2/val/images/nozzle_extrusion_normal_0238.jpg,20260822
val,/mnt/d/ruanjianxiazai/pycharm2026/datasets/dataset_2/val/images/nozzle_extrusion_normal_0040.jpg,20260822
val,/mnt/d/ruanjianxiazai/pycharm2026/datasets/dataset_2/val/images/nozzle_extrusion_normal_1336.jpg,20260822
val,/mnt/d/ruanjianxiazai/pycharm2026/datasets/dataset_2/val/images/nozzle_tip_wrapped_0765.jpg,20260822
val,/mnt/d/ruanjianxiazai/pycharm2026/datasets/dataset_2/val/images/nozzle_tip_wrapped_0519.jpg,20260822
val,/mnt/d/ruanjianxiazai/pycharm2026/datasets/dataset_2/val/images/nozzle_extrusion_normal_0492.jpg,20260822
val,/mnt/d/ruanjianxiazai/pycharm2026/datasets/dataset_2/val/images/nozzle_extrusion_normal_0198.jpg,20260822
val,/mnt/d/ruanjianxiazai/pycharm2026/datasets/dataset_2/val/images/nozzle_tip_wrapped_0198.jpg,20260822
val,/mnt/d/ruanjianxiazai/pycharm2026/datasets/dataset_2/val/images/nozzle_extrusion_normal_0466.jpg,20260822
val,/mnt/d/ruanjianxiazai/pycharm2026/datasets/dataset_2/val/images/nozzle_extrusion_normal_0167.jpg,20260822
val,/mnt/d/ruanjianxiazai/pycharm2026/datasets/dataset_2/val/images/nozzle_tip_wrapped_1111.jpg,20260822
val,/mnt/d/ruanjianxiazai/pycharm2026/datasets/dataset_2/val/images/nozzle_clean_0161.jpg,20260822
val,/mnt/d/ruanjianxiazai/pycharm2026/datasets/dataset_2/val/images/nozzle_tip_wrapped_1122.jpg,20260822
val,/mnt/d/ruanjianxiazai/pycharm2026/datasets/dataset_2/val/images/nozzle_no_extrusion_0192.jpg,20260822
val,/mnt/d/ruanjianxiazai/pycharm2026/datasets/dataset_2/val/images/nozzle_extrusion_normal_1485.jpg,20260822
val,/mnt/d/ruanjianxiazai/pycharm2026/datasets/dataset_2/val/images/nozzle_tip_wrapped_0687.jpg,20260822
val,/mnt/d/ruanjianxiazai/pycharm2026/datasets/dataset_2/val/images/nozzle_extrusion_normal_0771.jpg,20260822
