相似簇编号,原数据划分,图片,原类别,拟修正类别,处理决定,对应代表帧,清晰度,平均亮度,过曝比例,欠曝比例,质量分,拟数据划分,处理理由,人工审核
1,test,test/images/nozzle_no_extrusion_0195.jpg,1,1,拟保留,test/images/nozzle_no_extrusion_0195.jpg,1670.914551,135.611221,0.074544,0.007270,7.064627,train,保留有效视觉差异或作为高质量代表帧,
1,test,test/images/nozzle_no_extrusion_0196.jpg,1,1,拟保留,test/images/nozzle_no_extrusion_0196.jpg,1852.278687,133.020721,0.070747,0.007053,7.219917,train,保留有效视觉差异或作为高质量代表帧,
1,test,test/images/nozzle_no_extrusion_0204.jpg,1,1,拟保留,test/images/nozzle_no_extrusion_0204.jpg,2218.557129,114.336372,0.058594,0.008898,7.297992,train,保留有效视觉差异或作为高质量代表帧,
1,test,test/images/nozzle_no_extrusion_0244.jpg,1,1,拟删除,train/images/nozzle_no_extrusion_0280.jpg,2118.601074,119.383247,0.059353,0.008789,7.328708,删除,与质量更好的代表帧同时满足整图、目标区域和框IoU阈值,
1,test,test/images/nozzle_no_extrusion_0246.jpg,1,1,拟保留,test/images/nozzle_no_extrusion_0246.jpg,1783.720215,126.106339,0.063911,0.008898,7.247902,train,保留有效视觉差异或作为高质量代表帧,
1,test,test/images/nozzle_no_extrusion_0272.jpg,1,1,拟删除,val/images/nozzle_no_extrusion_0351.jpg,2018.388428,129.870544,0.066081,0.006944,7.369192,删除,与质量更好的代表帧同时满足整图、目标区域和框IoU阈值,
1,test,test/images/nozzle_no_extrusion_0276.jpg,1,1,拟删除,val/images/nozzle_no_extrusion_0240.jpg,2440.140381,126.220055,0.069444,0.006402,7.551272,删除,与质量更好的代表帧同时满足整图、目标区域和框IoU阈值,
1,test,test/images/nozzle_no_extrusion_0309.jpg,1,1,拟保留,test/images/nozzle_no_extrusion_0309.jpg,1926.171631,131.833435,0.068359,0.006944,7.284944,train,保留有效视觉差异或作为高质量代表帧,
1,test,test/images/nozzle_no_extrusion_0319.jpg,1,1,拟保留,test/images/nozzle_no_extrusion_0319.jpg,1957.521973,122.624565,0.060655,0.009115,7.295759,train,保留有效视觉差异或作为高质量代表帧,
1,test,test/images/nozzle_no_extrusion_0357.jpg,1,1,拟删除,train/images/nozzle_no_extrusion_0278.jpg,2313.730225,114.233612,0.059136,0.008355,7.337830,删除,与质量更好的代表帧同时满足整图、目标区域和框IoU阈值,
1,train,train/images/nozzle_no_extrusion_0161.jpg,1,1,拟保留,train/images/nozzle_no_extrusion_0161.jpg,1942.272949,123.516495,0.060438,0.009332,7.302096,train,保留有效视觉差异或作为高质量代表帧,
1,train,train/images/nozzle_no_extrusion_0162.jpg,1,1,拟保留,train/images/nozzle_no_extrusion_0162.jpg,2057.872314,121.101997,0.059136,0.009223,7.326277,train,保留有效视觉差异或作为高质量代表帧,
1,train,train/images/nozzle_no_extrusion_0163.jpg,1,1,拟保留,train/images/nozzle_no_extrusion_0163.jpg,2230.341309,119.317924,0.060330,0.009223,7.375265,train,保留有效视觉差异或作为高质量代表帧,
1,train,train/images/nozzle_no_extrusion_0164.jpg,1,1,拟保留,train/images/nozzle_no_extrusion_0164.jpg,2312.310059,118.896049,0.062283,0.009006,7.399324,train,保留有效视觉差异或作为高质量代表帧,
1,train,train/images/nozzle_no_extrusion_0165.jpg,1,1,拟保留,train/images/nozzle_no_extrusion_0165.jpg,2413.554199,119.397675,0.063585,0.009006,7.446091,train,保留有效视觉差异或作为高质量代表帧,
1,train,train/images/nozzle_no_extrusion_0166.jpg,1,1,拟删除,train/images/nozzle_no_extrusion_0164.jpg,2276.060303,119.302628,0.063260,0.008138,7.388689,删除,与质量更好的代表帧同时满足整图、目标区域和框IoU阈值,
1,train,train/images/nozzle_no_extrusion_0167.jpg,1,1,拟删除,train/images/nozzle_no_extrusion_0163.jpg,2183.597168,119.969727,0.061089,0.008572,7.363301,删除,与质量更好的代表帧同时满足整图、目标区域和框IoU阈值,
1,train,train/images/nozzle_no_extrusion_0169.jpg,1,1,拟保留,train/images/nozzle_no_extrusion_0169.jpg,1930.474365,123.270836,0.060547,0.008355,7.293795,train,保留有效视觉差异或作为高质量代表帧,
1,train,train/images/nozzle_no_extrusion_0197.jpg,1,1,拟删除,val/images/nozzle_no_extrusion_0236.jpg,1987.277222,130.256409,0.065972,0.007053,7.347745,删除,与质量更好的代表帧同时满足整图、目标区域和框IoU阈值,
1,train,train/images/nozzle_no_extrusion_0198.jpg,1,1,拟删除,train/images/nozzle_no_extrusion_0237.jpg,2080.861572,128.228836,0.065538,0.006727,7.427373,删除,与质量更好的代表帧同时满足整图、目标区域和框IoU阈值,
1,train,train/images/nozzle_no_extrusion_0200.jpg,1,1,拟删除,train/images/nozzle_no_extrusion_0239.jpg,2358.327393,126.099068,0.068251,0.006944,7.517788,删除,与质量更好的代表帧同时满足整图、目标区域和框IoU阈值,
1,train,train/images/nozzle_no_extrusion_0202.jpg,1,1,拟删除,val/images/nozzle_no_extrusion_0355.jpg,2495.766357,121.719727,0.067274,0.006836,7.509128,删除,与质量更好的代表帧同时满足整图、目标区域和框IoU阈值,
1,train,train/images/nozzle_no_extrusion_0203.jpg,1,1,拟保留,train/images/nozzle_no_extrusion_0203.jpg,2381.553711,114.730797,0.060004,0.008681,7.371223,train,保留有效视觉差异或作为高质量代表帧,
1,train,train/images/nozzle_no_extrusion_0205.jpg,1,1,拟保留,train/images/nozzle_no_extrusion_0205.jpg,2147.515625,118.941193,0.059896,0.008464,7.334374,train,保留有效视觉差异或作为高质量代表帧,
1,train,train/images/nozzle_no_extrusion_0206.jpg,1,1,拟保留,train/images/nozzle_no_extrusion_0206.jpg,2002.159180,121.719398,0.060113,0.008681,7.306647,train,保留有效视觉差异或作为高质量代表帧,
1,train,train/images/nozzle_no_extrusion_0207.jpg,1,1,拟保留,train/images/nozzle_no_extrusion_0207.jpg,1843.772095,124.500107,0.061198,0.008681,7.264470,train,保留有效视觉差异或作为高质量代表帧,
1,train,train/images/nozzle_no_extrusion_0234.jpg,1,1,拟删除,test/images/nozzle_no_extrusion_0195.jpg,1581.753662,135.305984,0.075738,0.006944,7.011663,删除,与质量更好的代表帧同时满足整图、目标区域和框IoU阈值,
1,train,train/images/nozzle_no_extrusion_0235.jpg,1,1,拟删除,val/images/nozzle_no_extrusion_0271.jpg,1849.566650,132.888245,0.070530,0.006944,7.221391,删除,与质量更好的代表帧同时满足整图、目标区域和框IoU阈值,
1,train,train/images/nozzle_no_extrusion_0237.jpg,1,1,拟保留,train/images/nozzle_no_extrusion_0237.jpg,2123.571289,128.163193,0.065538,0.006619,7.448923,train,保留有效视觉差异或作为高质量代表帧,
1,train,train/images/nozzle_no_extrusion_0238.jpg,1,1,拟删除,train/images/nozzle_no_extrusion_0274.jpg,2236.276367,126.587891,0.067383,0.006727,7.475347,删除,与质量更好的代表帧同时满足整图、目标区域和框IoU阈值,
1,train,train/images/nozzle_no_extrusion_0239.jpg,1,1,拟保留,train/images/nozzle_no_extrusion_0239.jpg,2377.683838,126.131729,0.068576,0.006510,7.526361,train,保留有效视觉差异或作为高质量代表帧,
1,train,train/images/nozzle_no_extrusion_0241.jpg,1,1,拟保留,train/images/nozzle_no_extrusion_0241.jpg,2482.346191,115.911240,0.062717,0.007053,7.426218,train,保留有效视觉差异或作为高质量代表帧,
1,train,train/images/nozzle_no_extrusion_0242.jpg,1,1,拟删除,train/images/nozzle_no_extrusion_0278.jpg,2319.152100,114.393555,0.059462,0.008355,7.341692,删除,与质量更好的代表帧同时满足整图、目标区域和框IoU阈值,
1,train,train/images/nozzle_no_extrusion_0270.jpg,1,1,拟删除,test/images/nozzle_no_extrusion_0195.jpg,1574.523071,135.615555,0.076606,0.007378,6.998775,删除,与质量更好的代表帧同时满足整图、目标区域和框IoU阈值,
1,train,train/images/nozzle_no_extrusion_0273.jpg,1,1,拟删除,train/images/nozzle_no_extrusion_0237.jpg,2109.853760,128.418518,0.065321,0.006727,7.438890,删除,与质量更好的代表帧同时满足整图、目标区域和框IoU阈值,
1,train,train/images/nozzle_no_extrusion_0274.jpg,1,1,拟保留,train/images/nozzle_no_extrusion_0274.jpg,2239.139893,126.609375,0.066515,0.006727,7.479566,train,保留有效视觉差异或作为高质量代表帧,
1,train,train/images/nozzle_no_extrusion_0275.jpg,1,1,拟删除,train/images/nozzle_no_extrusion_0239.jpg,2367.357910,126.224068,0.068034,0.006293,7.525515,删除,与质量更好的代表帧同时满足整图、目标区域和框IoU阈值,
1,train,train/images/nozzle_no_extrusion_0277.jpg,1,1,拟删除,train/images/nozzle_no_extrusion_0241.jpg,2472.390381,115.435547,0.062391,0.007270,7.415311,删除,与质量更好的代表帧同时满足整图、目标区域和框IoU阈值,
1,train,train/images/nozzle_no_extrusion_0278.jpg,1,1,拟保留,train/images/nozzle_no_extrusion_0278.jpg,2328.697510,114.289062,0.059245,0.008355,7.344816,train,保留有效视觉差异或作为高质量代表帧,
1,train,train/images/nozzle_no_extrusion_0279.jpg,1,1,拟保留,train/images/nozzle_no_extrusion_0279.jpg,2164.331787,114.844185,0.057400,0.008247,7.286076,train,保留有效视觉差异或作为高质量代表帧,
1,train,train/images/nozzle_no_extrusion_0280.jpg,1,1,拟保留,train/images/nozzle_no_extrusion_0280.jpg,2129.519531,119.818687,0.059353,0.008355,7.341518,train,保留有效视觉差异或作为高质量代表帧,
1,train,train/images/nozzle_no_extrusion_0281.jpg,1,1,拟保留,train/images/nozzle_no_extrusion_0281.jpg,1970.348633,122.528969,0.059462,0.008247,7.306110,train,保留有效视觉差异或作为高质量代表帧,
1,train,train/images/nozzle_no_extrusion_0282.jpg,1,1,拟保留,train/images/nozzle_no_extrusion_0282.jpg,1821.235352,125.672958,0.062283,0.008572,7.267466,train,保留有效视觉差异或作为高质量代表帧,
1,train,train/images/nozzle_no_extrusion_0308.jpg,1,1,拟保留,train/images/nozzle_no_extrusion_0308.jpg,1628.393921,134.562073,0.074436,0.007161,7.055801,train,保留有效视觉差异或作为高质量代表帧,
1,train,train/images/nozzle_no_extrusion_0311.jpg,1,1,拟保留,train/images/nozzle_no_extrusion_0311.jpg,2166.252197,127.658203,0.065647,0.006727,7.465480,train,保留有效视觉差异或作为高质量代表帧,
1,train,train/images/nozzle_no_extrusion_0312.jpg,1,1,拟删除,train/images/nozzle_no_extrusion_0353.jpg,2255.202637,126.127388,0.066840,0.006619,7.478420,删除,与质量更好的代表帧同时满足整图、目标区域和框IoU阈值,
1,train,train/images/nozzle_no_extrusion_0313.jpg,1,1,拟删除,train/images/nozzle_no_extrusion_0354.jpg,2403.597412,126.028755,0.069010,0.006510,7.534285,删除,与质量更好的代表帧同时满足整图、目标区域和框IoU阈值,
1,train,train/images/nozzle_no_extrusion_0314.jpg,1,1,拟删除,val/images/nozzle_no_extrusion_0355.jpg,2494.677002,126.853844,0.070964,0.006293,7.578929,删除,与质量更好的代表帧同时满足整图、目标区域和框IoU阈值,
1,train,train/images/nozzle_no_extrusion_0317.jpg,1,1,拟删除,train/images/nozzle_no_extrusion_0279.jpg,2138.244141,114.746857,0.057183,0.008464,7.272651,删除,与质量更好的代表帧同时满足整图、目标区域和框IoU阈值,
1,train,train/images/nozzle_no_extrusion_0318.jpg,1,1,拟删除,train/images/nozzle_no_extrusion_0311.jpg,2098.960205,119.366318,0.058485,0.008247,7.322824,删除,与质量更好的代表帧同时满足整图、目标区域和框IoU阈值,
1,train,train/images/nozzle_no_extrusion_0320.jpg,1,1,拟删除,test/images/nozzle_no_extrusion_0246.jpg,1778.673950,126.203560,0.063911,0.009223,7.245938,删除,与质量更好的代表帧同时满足整图、目标区域和框IoU阈值,
1,train,train/images/nozzle_no_extrusion_0350.jpg,1,1,拟删除,test/images/nozzle_no_extrusion_0309.jpg,1886.715210,132.231995,0.068685,0.006510,7.257922,删除,与质量更好的代表帧同时满足整图、目标区域和框IoU阈值,
1,train,train/images/nozzle_no_extrusion_0352.jpg,1,1,拟删除,train/images/nozzle_no_extrusion_0311.jpg,2164.744141,127.665581,0.065647,0.006510,7.465333,删除,与质量更好的代表帧同时满足整图、目标区域和框IoU阈值,
1,train,train/images/nozzle_no_extrusion_0353.jpg,1,1,拟保留,train/images/nozzle_no_extrusion_0353.jpg,2264.407959,126.477867,0.067166,0.006293,7.487643,train,保留有效视觉差异或作为高质量代表帧,
1,train,train/images/nozzle_no_extrusion_0354.jpg,1,1,拟保留,train/images/nozzle_no_extrusion_0354.jpg,2433.372314,125.882919,0.068359,0.006185,7.546917,train,保留有效视觉差异或作为高质量代表帧,
1,train,train/images/nozzle_no_extrusion_0356.jpg,1,1,拟删除,train/images/nozzle_no_extrusion_0241.jpg,2413.209961,114.850693,0.060221,0.008247,7.386512,删除,与质量更好的代表帧同时满足整图、目标区域和框IoU阈值,
1,train,train/images/nozzle_no_extrusion_0358.jpg,1,1,拟保留,train/images/nozzle_no_extrusion_0358.jpg,2118.480713,114.745880,0.056966,0.008681,7.263571,train,保留有效视觉差异或作为高质量代表帧,
1,train,train/images/nozzle_no_extrusion_0359.jpg,1,1,拟保留,train/images/nozzle_no_extrusion_0359.jpg,2081.189209,120.223846,0.060113,0.008681,7.321973,train,保留有效视觉差异或作为高质量代表帧,
1,train,train/images/nozzle_no_extrusion_0361.jpg,1,1,拟删除,train/images/nozzle_no_extrusion_0282.jpg,1797.807129,125.942711,0.062934,0.008681,7.256571,删除,与质量更好的代表帧同时满足整图、目标区域和框IoU阈值,
1,val,val/images/nozzle_no_extrusion_0168.jpg,1,1,拟删除,train/images/nozzle_no_extrusion_0162.jpg,2041.760742,121.468102,0.060113,0.008572,7.322514,删除,与质量更好的代表帧同时满足整图、目标区域和框IoU阈值,
1,val,val/images/nozzle_no_extrusion_0199.jpg,1,1,拟删除,train/images/nozzle_no_extrusion_0274.jpg,2225.773682,126.919380,0.067166,0.006836,7.476255,删除,与质量更好的代表帧同时满足整图、目标区域和框IoU阈值,
1,val,val/images/nozzle_no_extrusion_0201.jpg,1,1,拟保留,val/images/nozzle_no_extrusion_0201.jpg,2469.416016,126.315323,0.069336,0.006727,7.564356,train,保留有效视觉差异或作为高质量代表帧,
1,val,val/images/nozzle_no_extrusion_0236.jpg,1,1,拟保留,val/images/nozzle_no_extrusion_0236.jpg,2006.641968,130.294708,0.066623,0.006727,7.355537,train,保留有效视觉差异或作为高质量代表帧,
1,val,val/images/nozzle_no_extrusion_0240.jpg,1,1,拟保留,val/images/nozzle_no_extrusion_0240.jpg,2436.988281,126.571289,0.070638,0.006510,7.551670,train,保留有效视觉差异或作为高质量代表帧,
1,val,val/images/nozzle_no_extrusion_0243.jpg,1,1,拟删除,train/images/nozzle_no_extrusion_0279.jpg,2160.867920,114.790146,0.057834,0.008464,7.281894,删除,与质量更好的代表帧同时满足整图、目标区域和框IoU阈值,
1,val,val/images/nozzle_no_extrusion_0245.jpg,1,1,拟删除,val/images/nozzle_no_extrusion_0236.jpg,1963.231812,122.595703,0.060764,0.008898,7.298328,删除,与质量更好的代表帧同时满足整图、目标区域和框IoU阈值,
1,val,val/images/nozzle_no_extrusion_0271.jpg,1,1,拟保留,val/images/nozzle_no_extrusion_0271.jpg,1865.399902,132.644104,0.069661,0.006944,7.236329,train,保留有效视觉差异或作为高质量代表帧,
1,val,val/images/nozzle_no_extrusion_0310.jpg,1,1,拟删除,val/images/nozzle_no_extrusion_0351.jpg,2019.897217,129.900070,0.065647,0.006836,7.370996,删除,与质量更好的代表帧同时满足整图、目标区域和框IoU阈值,
1,val,val/images/nozzle_no_extrusion_0315.jpg,1,1,拟删除,train/images/nozzle_no_extrusion_0241.jpg,2479.479736,114.472549,0.060764,0.008572,7.405405,删除,与质量更好的代表帧同时满足整图、目标区域和框IoU阈值,
1,val,val/images/nozzle_no_extrusion_0316.jpg,1,1,拟保留,val/images/nozzle_no_extrusion_0316.jpg,2291.151611,114.316513,0.059353,0.008464,7.328455,train,保留有效视觉差异或作为高质量代表帧,
1,val,val/images/nozzle_no_extrusion_0349.jpg,1,1,拟删除,train/images/nozzle_no_extrusion_0308.jpg,1613.210083,134.848206,0.074653,0.006944,7.041751,删除,与质量更好的代表帧同时满足整图、目标区域和框IoU阈值,
1,val,val/images/nozzle_no_extrusion_0351.jpg,1,1,拟保留,val/images/nozzle_no_extrusion_0351.jpg,2028.660767,129.593536,0.065430,0.006510,7.381415,train,保留有效视觉差异或作为高质量代表帧,
1,val,val/images/nozzle_no_extrusion_0355.jpg,1,1,拟保留,val/images/nozzle_no_extrusion_0355.jpg,2516.848389,126.753036,0.072157,0.006076,7.583052,train,保留有效视觉差异或作为高质量代表帧,
1,val,val/images/nozzle_no_extrusion_0360.jpg,1,1,拟删除,test/images/nozzle_no_extrusion_0319.jpg,1952.895020,122.615234,0.060221,0.008681,7.295418,删除,与质量更好的代表帧同时满足整图、目标区域和框IoU阈值,
2,test,test/images/nozzle_extrusion_normal_0907.jpg,1,1,拟保留,test/images/nozzle_extrusion_normal_0907.jpg,1721.835938,114.307404,0.104167,0.032335,6.860610,train,保留有效视觉差异或作为高质量代表帧,
2,test,test/images/nozzle_extrusion_normal_0964.jpg,1,1,拟保留,test/images/nozzle_extrusion_normal_0964.jpg,1569.578491,113.906250,0.100477,0.032010,6.773533,train,保留有效视觉差异或作为高质量代表帧,
2,test,test/images/nozzle_extrusion_normal_0986.jpg,1,1,拟保留,test/images/nozzle_extrusion_normal_0986.jpg,1630.582886,109.030922,0.073025,0.036133,6.809573,train,保留有效视觉差异或作为高质量代表帧,
2,test,test/images/nozzle_extrusion_normal_1005.jpg,1,1,拟保留,test/images/nozzle_extrusion_normal_1005.jpg,1621.098877,117.978081,0.112739,0.028537,6.839593,train,保留有效视觉差异或作为高质量代表帧,
2,test,test/images/nozzle_extrusion_normal_1033.jpg,1,1,拟保留,test/images/nozzle_extrusion_normal_1033.jpg,1540.468384,125.248810,0.131402,0.025282,6.852733,train,保留有效视觉差异或作为高质量代表帧,
2,test,test/images/nozzle_extrusion_normal_1068.jpg,1,1,拟保留,test/images/nozzle_extrusion_normal_1068.jpg,1568.300781,123.223198,0.114041,0.027995,6.885636,train,保留有效视觉差异或作为高质量代表帧,
2,test,test/images/nozzle_extrusion_normal_1069.jpg,1,1,拟保留,test/images/nozzle_extrusion_normal_1069.jpg,1608.477539,115.783531,0.097548,0.031576,6.836988,train,保留有效视觉差异或作为高质量代表帧,
2,test,test/images/nozzle_extrusion_normal_1077.jpg,1,1,拟保留,test/images/nozzle_extrusion_normal_1077.jpg,1574.019775,129.026917,0.137153,0.020833,6.892853,train,保留有效视觉差异或作为高质量代表帧,
2,test,test/images/nozzle_extrusion_normal_1099.jpg,1,1,拟保留,test/images/nozzle_extrusion_normal_1099.jpg,1621.076050,124.932617,0.126302,0.026259,6.912111,train,保留有效视觉差异或作为高质量代表帧,
2,test,test/images/nozzle_extrusion_normal_1115.jpg,1,1,拟保留,test/images/nozzle_extrusion_normal_1115.jpg,1574.868652,115.038849,0.106554,0.032227,6.775929,train,保留有效视觉差异或作为高质量代表帧,
2,test,test/images/nozzle_extrusion_normal_1123.jpg,1,1,拟保留,test/images/nozzle_extrusion_normal_1123.jpg,1544.117798,124.894859,0.127062,0.025065,6.863023,train,保留有效视觉差异或作为高质量代表帧,
2,test,test/images/nozzle_extrusion_normal_1138.jpg,1,1,拟保留,test/images/nozzle_extrusion_normal_1138.jpg,1556.379517,117.312065,0.105143,0.030599,6.807133,train,保留有效视觉差异或作为高质量代表帧,
2,test,test/images/nozzle_extrusion_normal_1215.jpg,1,1,拟保留,test/images/nozzle_extrusion_normal_1215.jpg,1578.748901,121.849609,0.101128,0.033312,6.898913,train,保留有效视觉差异或作为高质量代表帧,
2,test,test/images/nozzle_extrusion_normal_1216.jpg,1,1,拟保留,test/images/nozzle_extrusion_normal_1216.jpg,1658.733521,112.343857,0.079861,0.034505,6.861191,train,保留有效视觉差异或作为高质量代表帧,
2,train,train/images/nozzle_extrusion_normal_0951.jpg,1,1,拟保留,train/images/nozzle_extrusion_normal_0951.jpg,1583.750000,126.086151,0.137478,0.023220,6.879402,train,保留有效视觉差异或作为高质量代表帧,
2,train,train/images/nozzle_extrusion_normal_0972.jpg,1,1,拟保留,train/images/nozzle_extrusion_normal_0972.jpg,1599.897705,126.902130,0.137153,0.022352,6.905002,train,保留有效视觉差异或作为高质量代表帧,
2,train,train/images/nozzle_extrusion_normal_0985.jpg,1,1,拟保留,train/images/nozzle_extrusion_normal_0985.jpg,1549.596558,114.848740,0.104275,0.031684,6.764713,train,保留有效视觉差异或作为高质量代表帧,
2,train,train/images/nozzle_extrusion_normal_0993.jpg,1,1,拟保留,train/images/nozzle_extrusion_normal_0993.jpg,1626.787231,127.292427,0.137804,0.023220,6.924069,train,保留有效视觉差异或作为高质量代表帧,
2,train,train/images/nozzle_extrusion_normal_1026.jpg,1,1,拟保留,train/images/nozzle_extrusion_normal_1026.jpg,1581.510864,124.124237,0.130100,0.026910,6.862090,train,保留有效视觉差异或作为高质量代表帧,
2,train,train/images/nozzle_extrusion_normal_1027.jpg,1,1,拟保留,train/images/nozzle_extrusion_normal_1027.jpg,1564.607544,121.987305,0.127387,0.027561,6.824798,train,保留有效视觉差异或作为高质量代表帧,
2,train,train/images/nozzle_extrusion_normal_1046.jpg,1,1,拟保留,train/images/nozzle_extrusion_normal_1046.jpg,1638.292725,125.137260,0.127713,0.025716,6.922720,train,保留有效视觉差异或作为高质量代表帧,
2,train,train/images/nozzle_extrusion_normal_1047.jpg,1,1,拟保留,train/images/nozzle_extrusion_normal_1047.jpg,1503.586182,115.776695,0.096680,0.031793,6.771660,train,保留有效视觉差异或作为高质量代表帧,
2,train,train/images/nozzle_extrusion_normal_1054.jpg,1,1,拟保留,train/images/nozzle_extrusion_normal_1054.jpg,1528.004883,120.995552,0.117947,0.026801,6.815484,train,保留有效视觉差异或作为高质量代表帧,
2,train,train/images/nozzle_extrusion_normal_1090.jpg,1,1,拟保留,train/images/nozzle_extrusion_normal_1090.jpg,1636.091431,119.705620,0.110135,0.028103,6.884466,train,保留有效视觉差异或作为高质量代表帧,
2,train,train/images/nozzle_extrusion_normal_1091.jpg,1,1,拟保留,train/images/nozzle_extrusion_normal_1091.jpg,1545.398071,118.279297,0.106879,0.028754,6.813651,train,保留有效视觉差异或作为高质量代表帧,
2,train,train/images/nozzle_extrusion_normal_1114.jpg,1,1,拟保留,train/images/nozzle_extrusion_normal_1114.jpg,1568.767822,121.819336,0.125109,0.027344,6.832097,train,保留有效视觉差异或作为高质量代表帧,
2,train,train/images/nozzle_extrusion_normal_1124.jpg,1,1,拟保留,train/images/nozzle_extrusion_normal_1124.jpg,1547.207520,127.288734,0.129340,0.022135,6.901448,train,保留有效视觉差异或作为高质量代表帧,
2,train,train/images/nozzle_extrusion_normal_1137.jpg,1,1,拟保留,train/images/nozzle_extrusion_normal_1137.jpg,1568.311646,122.661133,0.118490,0.028320,6.862863,train,保留有效视觉差异或作为高质量代表帧,
2,train,train/images/nozzle_extrusion_normal_1147.jpg,1,1,拟保留,train/images/nozzle_extrusion_normal_1147.jpg,1565.428223,121.330620,0.116319,0.028320,6.846745,train,保留有效视觉差异或作为高质量代表帧,
2,train,train/images/nozzle_extrusion_normal_1148.jpg,1,1,拟保留,train/images/nozzle_extrusion_normal_1148.jpg,1540.123413,123.176544,0.122504,0.027018,6.843351,train,保留有效视觉差异或作为高质量代表帧,
2,train,train/images/nozzle_extrusion_normal_1162.jpg,1,1,拟保留,train/images/nozzle_extrusion_normal_1162.jpg,1535.259644,124.136391,0.125217,0.028754,6.843577,train,保留有效视觉差异或作为高质量代表帧,
2,train,train/images/nozzle_extrusion_normal_1173.jpg,1,1,拟保留,train/images/nozzle_extrusion_normal_1173.jpg,1614.845337,115.964081,0.098741,0.033095,6.837139,train,保留有效视觉差异或作为高质量代表帧,
2,train,train/images/nozzle_extrusion_normal_1174.jpg,1,1,拟保留,train/images/nozzle_extrusion_normal_1174.jpg,1575.926636,118.650497,0.108724,0.032010,6.826956,train,保留有效视觉差异或作为高质量代表帧,
2,train,train/images/nozzle_extrusion_normal_1187.jpg,1,1,拟保留,train/images/nozzle_extrusion_normal_1187.jpg,1558.848755,125.897026,0.115017,0.027235,6.919963,train,保留有效视觉差异或作为高质量代表帧,
2,train,train/images/nozzle_extrusion_normal_1188.jpg,1,1,拟保留,train/images/nozzle_extrusion_normal_1188.jpg,1598.853638,117.621742,0.101237,0.029839,6.852117,train,保留有效视觉差异或作为高质量代表帧,
2,train,train/images/nozzle_extrusion_normal_1199.jpg,1,1,拟保留,train/images/nozzle_extrusion_normal_1199.jpg,1591.242432,110.735352,0.086697,0.036133,6.770782,train,保留有效视觉差异或作为高质量代表帧,
2,train,train/images/nozzle_extrusion_normal_1200.jpg,1,1,拟保留,train/images/nozzle_extrusion_normal_1200.jpg,1695.605591,116.411674,0.100043,0.033203,6.888781,train,保留有效视觉差异或作为高质量代表帧,
2,train,train/images/nozzle_extrusion_normal_1201.jpg,1,1,拟保留,train/images/nozzle_extrusion_normal_1201.jpg,1611.002686,121.646812,0.124566,0.030599,6.851068,train,保留有效视觉差异或作为高质量代表帧,
2,train,train/images/nozzle_extrusion_normal_1228.jpg,1,1,拟保留,train/images/nozzle_extrusion_normal_1228.jpg,1679.797852,111.658096,0.088433,0.037326,6.831729,train,保留有效视觉差异或作为高质量代表帧,
2,train,train/images/nozzle_extrusion_normal_1229.jpg,1,1,拟保留,train/images/nozzle_extrusion_normal_1229.jpg,1623.562866,116.400391,0.103733,0.035156,6.830240,train,保留有效视觉差异或作为高质量代表帧,
2,train,train/images/nozzle_extrusion_normal_1243.jpg,1,1,拟保留,train/images/nozzle_extrusion_normal_1243.jpg,1618.323730,127.506187,0.133138,0.027669,6.927295,train,保留有效视觉差异或作为高质量代表帧,
2,train,train/images/nozzle_extrusion_normal_1256.jpg,1,1,拟保留,train/images/nozzle_extrusion_normal_1256.jpg,1786.880371,108.165367,0.072917,0.042969,6.874182,train,保留有效视觉差异或作为高质量代表帧,
2,val,val/images/nozzle_extrusion_normal_0944.jpg,1,1,拟保留,val/images/nozzle_extrusion_normal_0944.jpg,1636.777222,113.697266,0.109809,0.031901,6.784386,train,保留有效视觉差异或作为高质量代表帧,
2,val,val/images/nozzle_extrusion_normal_1006.jpg,1,1,拟保留,val/images/nozzle_extrusion_normal_1006.jpg,1625.559570,108.484268,0.077474,0.036675,6.783516,train,保留有效视觉差异或作为高质量代表帧,
2,val,val/images/nozzle_extrusion_normal_1013.jpg,1,1,拟保留,val/images/nozzle_extrusion_normal_1013.jpg,1622.610474,127.930557,0.137261,0.023329,6.932881,train,保留有效视觉差异或作为高质量代表帧,
2,val,val/images/nozzle_extrusion_normal_1055.jpg,1,1,拟保留,val/images/nozzle_extrusion_normal_1055.jpg,1555.753784,124.998047,0.130751,0.024197,6.862806,train,保留有效视觉差异或作为高质量代表帧,
2,val,val/images/nozzle_extrusion_normal_1113.jpg,1,1,拟保留,val/images/nozzle_extrusion_normal_1113.jpg,1580.047485,125.253471,0.128255,0.027561,6.883041,train,保留有效视觉差异或作为高质量代表帧,
2,val,val/images/nozzle_extrusion_normal_1163.jpg,1,1,拟保留,val/images/nozzle_extrusion_normal_1163.jpg,1622.618164,117.355141,0.104058,0.030165,6.853582,train,保留有效视觉差异或作为高质量代表帧,
3,test,test/images/nozzle_no_extrusion_0221.jpg,1,1,拟保留,test/images/nozzle_no_extrusion_0221.jpg,1763.638794,119.890625,0.062500,0.009766,7.141961,train,保留有效视觉差异或作为高质量代表帧,
3,test,test/images/nozzle_no_extrusion_0229.jpg,1,1,拟保留,test/images/nozzle_no_extrusion_0229.jpg,1771.256714,121.599396,0.064887,0.009657,7.166024,train,保留有效视觉差异或作为高质量代表帧,
3,test,test/images/nozzle_no_extrusion_0259.jpg,1,1,拟保留,test/images/nozzle_no_extrusion_0259.jpg,1895.368042,119.477753,0.062066,0.009440,7.209458,train,保留有效视觉差异或作为高质量代表帧,
3,test,test/images/nozzle_no_extrusion_0261.jpg,1,1,拟保留,test/images/nozzle_no_extrusion_0261.jpg,2220.640869,117.517578,0.060981,0.009657,7.339957,train,保留有效视觉差异或作为高质量代表帧,
3,test,test/images/nozzle_no_extrusion_0297.jpg,1,1,拟保留,test/images/nozzle_no_extrusion_0297.jpg,1204.139160,121.723305,0.064670,0.009766,6.782735,train,保留有效视觉差异或作为高质量代表帧,
3,train,train/images/nozzle_no_extrusion_0182.jpg,1,1,拟保留,train/images/nozzle_no_extrusion_0182.jpg,1928.682251,118.907440,0.061523,0.009983,7.218504,train,保留有效视觉差异或作为高质量代表帧,
3,train,train/images/nozzle_no_extrusion_0183.jpg,1,1,拟保留,train/images/nozzle_no_extrusion_0183.jpg,2141.526367,117.848419,0.061523,0.010308,7.305936,train,保留有效视觉差异或作为高质量代表帧,
3,train,train/images/nozzle_no_extrusion_0184.jpg,1,1,拟保留,train/images/nozzle_no_extrusion_0184.jpg,2212.209229,117.715714,0.061740,0.010200,7.335886,train,保留有效视觉差异或作为高质量代表帧,
3,train,train/images/nozzle_no_extrusion_0186.jpg,1,1,拟删除,train/images/nozzle_no_extrusion_0184.jpg,2204.766846,117.743599,0.062826,0.009115,7.331869,删除,与质量更好的代表帧同时满足整图、目标区域和框IoU阈值,
3,train,train/images/nozzle_no_extrusion_0188.jpg,1,1,拟保留,train/images/nozzle_no_extrusion_0188.jpg,1888.446533,119.553169,0.061415,0.009006,7.209801,train,保留有效视觉差异或作为高质量代表帧,
3,train,train/images/nozzle_no_extrusion_0189.jpg,1,1,拟保留,train/images/nozzle_no_extrusion_0189.jpg,1758.492310,121.800346,0.064996,0.009332,7.162261,train,保留有效视觉差异或作为高质量代表帧,
3,train,train/images/nozzle_no_extrusion_0223.jpg,1,1,拟保留,train/images/nozzle_no_extrusion_0223.jpg,2219.347168,117.323891,0.060872,0.009549,7.336890,train,保留有效视觉差异或作为高质量代表帧,
3,train,train/images/nozzle_no_extrusion_0224.jpg,1,1,拟保留,train/images/nozzle_no_extrusion_0224.jpg,2191.755371,117.297958,0.062826,0.009766,7.317687,train,保留有效视觉差异或作为高质量代表帧,
3,train,train/images/nozzle_no_extrusion_0226.jpg,1,1,拟保留,train/images/nozzle_no_extrusion_0226.jpg,2159.902832,117.323570,0.062717,0.009874,7.303563,train,保留有效视觉差异或作为高质量代表帧,
3,train,train/images/nozzle_no_extrusion_0227.jpg,1,1,拟保留,train/images/nozzle_no_extrusion_0227.jpg,2118.013916,117.821075,0.061849,0.009549,7.295016,train,保留有效视觉差异或作为高质量代表帧,
3,train,train/images/nozzle_no_extrusion_0228.jpg,1,1,拟保留,train/images/nozzle_no_extrusion_0228.jpg,1902.254883,119.142143,0.061849,0.009549,7.208273,train,保留有效视觉差异或作为高质量代表帧,
3,train,train/images/nozzle_no_extrusion_0260.jpg,1,1,拟保留,train/images/nozzle_no_extrusion_0260.jpg,2091.554199,118.107529,0.061849,0.009440,7.287144,train,保留有效视觉差异或作为高质量代表帧,
3,train,train/images/nozzle_no_extrusion_0263.jpg,1,1,拟删除,test/images/nozzle_no_extrusion_0261.jpg,2179.446045,117.720917,0.061849,0.009549,7.322030,删除,与质量更好的代表帧同时满足整图、目标区域和框IoU阈值,
3,train,train/images/nozzle_no_extrusion_0264.jpg,1,1,拟保留,train/images/nozzle_no_extrusion_0264.jpg,2013.771118,118.266273,0.061849,0.009766,7.251093,train,保留有效视觉差异或作为高质量代表帧,
3,train,train/images/nozzle_no_extrusion_0265.jpg,1,1,拟保留,train/images/nozzle_no_extrusion_0265.jpg,1834.769165,120.224823,0.062500,0.009766,7.186700,train,保留有效视觉差异或作为高质量代表帧,
3,train,train/images/nozzle_no_extrusion_0298.jpg,1,1,拟删除,train/images/nozzle_no_extrusion_0183.jpg,2120.838379,117.606880,0.061523,0.009657,7.293761,删除,与质量更好的代表帧同时满足整图、目标区域和框IoU阈值,
3,train,train/images/nozzle_no_extrusion_0299.jpg,1,1,拟删除,test/images/nozzle_no_extrusion_0261.jpg,2217.587891,117.095490,0.061415,0.009766,7.330467,删除,与质量更好的代表帧同时满足整图、目标区域和框IoU阈值,
3,train,train/images/nozzle_no_extrusion_0303.jpg,1,1,拟删除,test/images/nozzle_no_extrusion_0259.jpg,1882.162109,118.807404,0.061957,0.009332,7.192538,删除,与质量更好的代表帧同时满足整图、目标区域和框IoU阈值,
3,train,train/images/nozzle_no_extrusion_0337.jpg,1,1,拟保留,train/images/nozzle_no_extrusion_0337.jpg,1627.389648,120.118706,0.062934,0.009332,7.064736,train,保留有效视觉差异或作为高质量代表帧,
3,train,train/images/nozzle_no_extrusion_0339.jpg,1,1,拟删除,train/images/nozzle_no_extrusion_0183.jpg,2133.433350,117.308922,0.061523,0.009115,7.296109,删除,与质量更好的代表帧同时满足整图、目标区域和框IoU阈值,
3,train,train/images/nozzle_no_extrusion_0340.jpg,1,1,拟删除,train/images/nozzle_no_extrusion_0379.jpg,2173.107178,116.807076,0.061415,0.009983,7.305274,删除,与质量更好的代表帧同时满足整图、目标区域和框IoU阈值,
3,train,train/images/nozzle_no_extrusion_0342.jpg,1,1,拟删除,train/images/nozzle_no_extrusion_0379.jpg,2196.302734,117.033638,0.061849,0.009223,7.319643,删除,与质量更好的代表帧同时满足整图、目标区域和框IoU阈值,
3,train,train/images/nozzle_no_extrusion_0344.jpg,1,1,拟保留,train/images/nozzle_no_extrusion_0344.jpg,1885.682495,119.185547,0.062066,0.009223,7.200205,train,保留有效视觉差异或作为高质量代表帧,
3,train,train/images/nozzle_no_extrusion_0374.jpg,1,1,拟删除,val/images/nozzle_no_extrusion_0382.jpg,1667.656128,120.449005,0.063911,0.009766,7.090527,删除,与质量更好的代表帧同时满足整图、目标区域和框IoU阈值,
3,train,train/images/nozzle_no_extrusion_0375.jpg,1,1,拟保留,train/images/nozzle_no_extrusion_0375.jpg,1907.626953,118.574112,0.061632,0.009766,7.202433,train,保留有效视觉差异或作为高质量代表帧,
3,train,train/images/nozzle_no_extrusion_0376.jpg,1,1,拟删除,train/images/nozzle_no_extrusion_0183.jpg,2127.729004,117.455185,0.061632,0.009549,7.294525,删除,与质量更好的代表帧同时满足整图、目标区域和框IoU阈值,
3,train,train/images/nozzle_no_extrusion_0379.jpg,1,1,拟保留,train/images/nozzle_no_extrusion_0379.jpg,2202.246582,117.041885,0.062391,0.009549,7.320195,train,保留有效视觉差异或作为高质量代表帧,
3,train,train/images/nozzle_no_extrusion_0380.jpg,1,1,拟保留,train/images/nozzle_no_extrusion_0380.jpg,2152.046631,117.530708,0.062174,0.009766,7.305002,train,保留有效视觉差异或作为高质量代表帧,
3,val,val/images/nozzle_no_extrusion_0181.jpg,1,1,拟保留,val/images/nozzle_no_extrusion_0181.jpg,1157.352417,125.528534,0.067057,0.010091,6.794783,train,保留有效视觉差异或作为高质量代表帧,
3,val,val/images/nozzle_no_extrusion_0187.jpg,1,1,拟删除,train/images/nozzle_no_extrusion_0183.jpg,2124.357666,118.257164,0.062391,0.009115,7.304060,删除,与质量更好的代表帧同时满足整图、目标区域和框IoU阈值,
3,val,val/images/nozzle_no_extrusion_0222.jpg,1,1,拟保留,val/images/nozzle_no_extrusion_0222.jpg,1985.960815,118.326820,0.061415,0.009440,7.240093,train,保留有效视觉差异或作为高质量代表帧,
3,val,val/images/nozzle_no_extrusion_0258.jpg,1,1,拟删除,test/images/nozzle_no_extrusion_0229.jpg,1653.076294,121.645615,0.064887,0.009440,7.098169,删除,与质量更好的代表帧同时满足整图、目标区域和框IoU阈值,
3,val,val/images/nozzle_no_extrusion_0301.jpg,1,1,拟删除,train/images/nozzle_no_extrusion_0379.jpg,2188.527832,116.894318,0.062500,0.009115,7.312186,删除,与质量更好的代表帧同时满足整图、目标区域和框IoU阈值,
3,val,val/images/nozzle_no_extrusion_0302.jpg,1,1,拟删除,train/images/nozzle_no_extrusion_0260.jpg,2059.016113,117.602646,0.062174,0.009115,7.263258,删除,与质量更好的代表帧同时满足整图、目标区域和框IoU阈值,
3,val,val/images/nozzle_no_extrusion_0338.jpg,1,1,拟删除,train/images/nozzle_no_extrusion_0228.jpg,1908.497925,118.498154,0.061415,0.009115,7.203655,删除,与质量更好的代表帧同时满足整图、目标区域和框IoU阈值,
3,val,val/images/nozzle_no_extrusion_0343.jpg,1,1,拟删除,train/images/nozzle_no_extrusion_0260.jpg,2083.717041,117.863281,0.061306,0.009223,7.281637,删除,与质量更好的代表帧同时满足整图、目标区域和框IoU阈值,
3,val,val/images/nozzle_no_extrusion_0377.jpg,1,1,拟删除,test/images/nozzle_no_extrusion_0261.jpg,2201.509521,117.102104,0.061198,0.009657,7.324165,删除,与质量更好的代表帧同时满足整图、目标区域和框IoU阈值,
3,val,val/images/nozzle_no_extrusion_0381.jpg,1,1,拟删除,train/images/nozzle_no_extrusion_0228.jpg,1914.780884,118.713760,0.062066,0.009766,7.207054,删除,与质量更好的代表帧同时满足整图、目标区域和框IoU阈值,
3,val,val/images/nozzle_no_extrusion_0382.jpg,1,1,拟保留,val/images/nozzle_no_extrusion_0382.jpg,1841.122437,120.381187,0.064236,0.009983,7.186956,train,保留有效视觉差异或作为高质量代表帧,
4,test,test/images/nozzle_no_extrusion_0285.jpg,1,1,拟保留,test/images/nozzle_no_extrusion_0285.jpg,1029.281372,116.238281,0.064996,0.008464,6.541896,train,保留有效视觉差异或作为高质量代表帧,
4,test,test/images/nozzle_no_extrusion_0304.jpg,1,1,拟删除,train/images/nozzle_no_extrusion_0345.jpg,1087.536987,111.827477,0.059353,0.009115,6.543605,删除,与质量更好的代表帧同时满足整图、目标区域和框IoU阈值,
4,test,test/images/nozzle_no_extrusion_0384.jpg,1,1,拟保留,test/images/nozzle_no_extrusion_0384.jpg,984.908691,112.414062,0.064996,0.009006,6.437034,train,保留有效视觉差异或作为高质量代表帧,
4,test,test/images/nozzle_no_extrusion_0442.jpg,1,1,拟保留,test/images/nozzle_no_extrusion_0442.jpg,1532.758911,106.266495,0.060004,0.011393,6.793091,train,保留有效视觉差异或作为高质量代表帧,
4,test,test/images/nozzle_no_extrusion_0455.jpg,1,1,拟保留,test/images/nozzle_no_extrusion_0455.jpg,1347.696899,118.365128,0.071289,0.005968,6.830546,train,保留有效视觉差异或作为高质量代表帧,
4,test,test/images/nozzle_no_extrusion_0575.jpg,1,1,拟保留,test/images/nozzle_no_extrusion_0575.jpg,1470.184692,110.737091,0.060004,0.011502,6.821074,train,保留有效视觉差异或作为高质量代表帧,
4,test,test/images/nozzle_no_extrusion_0595.jpg,1,1,拟保留,test/images/nozzle_no_extrusion_0595.jpg,1365.050171,114.580948,0.065321,0.009006,6.796030,train,保留有效视觉差异或作为高质量代表帧,
4,test,test/images/nozzle_no_extrusion_0603.jpg,1,1,拟保留,test/images/nozzle_no_extrusion_0603.jpg,1503.198242,110.960831,0.062066,0.010200,6.843181,train,保留有效视觉差异或作为高质量代表帧,
4,train,train/images/nozzle_no_extrusion_0190.jpg,1,1,拟保留,train/images/nozzle_no_extrusion_0190.jpg,1199.085205,115.861221,0.060764,0.009332,6.699525,train,保留有效视觉差异或作为高质量代表帧,
4,train,train/images/nozzle_no_extrusion_0191.jpg,1,1,拟保留,train/images/nozzle_no_extrusion_0191.jpg,1022.181641,116.112091,0.063802,0.008464,6.536590,train,保留有效视觉差异或作为高质量代表帧,
4,train,train/images/nozzle_no_extrusion_0230.jpg,1,1,拟保留,train/images/nozzle_no_extrusion_0230.jpg,1187.542114,115.630966,0.060438,0.009766,6.686370,train,保留有效视觉差异或作为高质量代表帧,
4,train,train/images/nozzle_no_extrusion_0231.jpg,1,1,拟保留,train/images/nozzle_no_extrusion_0231.jpg,1018.161072,116.527130,0.063585,0.008898,6.538921,train,保留有效视觉差异或作为高质量代表帧,
4,train,train/images/nozzle_no_extrusion_0249.jpg,1,1,拟保留,train/images/nozzle_no_extrusion_0249.jpg,1051.351196,117.131943,0.064670,0.008464,6.578031,train,保留有效视觉差异或作为高质量代表帧,
4,train,train/images/nozzle_no_extrusion_0266.jpg,1,1,拟保留,train/images/nozzle_no_extrusion_0266.jpg,1098.610718,114.196182,0.059462,0.009766,6.589110,train,保留有效视觉差异或作为高质量代表帧,
4,train,train/images/nozzle_no_extrusion_0267.jpg,1,1,拟保留,train/images/nozzle_no_extrusion_0267.jpg,994.913513,113.281357,0.064019,0.008898,6.463829,train,保留有效视觉差异或作为高质量代表帧,
4,train,train/images/nozzle_no_extrusion_0305.jpg,1,1,拟保留,train/images/nozzle_no_extrusion_0305.jpg,985.463806,112.844833,0.064345,0.008789,6.446715,train,保留有效视觉差异或作为高质量代表帧,
4,train,train/images/nozzle_no_extrusion_0323.jpg,1,1,拟保留,train/images/nozzle_no_extrusion_0323.jpg,1034.389771,113.970810,0.065213,0.008138,6.511413,train,保留有效视觉差异或作为高质量代表帧,
4,train,train/images/nozzle_no_extrusion_0345.jpg,1,1,拟保留,train/images/nozzle_no_extrusion_0345.jpg,1088.687866,113.122398,0.059245,0.009657,6.564135,train,保留有效视觉差异或作为高质量代表帧,
4,train,train/images/nozzle_no_extrusion_0346.jpg,1,1,拟保留,train/images/nozzle_no_extrusion_0346.jpg,1027.891479,112.501625,0.064345,0.008681,6.483680,train,保留有效视觉差异或作为高质量代表帧,
4,train,train/images/nozzle_no_extrusion_0364.jpg,1,1,拟删除,train/images/nozzle_no_extrusion_0249.jpg,1043.090942,116.299042,0.064779,0.008898,6.555943,删除,与质量更好的代表帧同时满足整图、目标区域和框IoU阈值,
4,train,train/images/nozzle_no_extrusion_0383.jpg,1,1,拟保留,train/images/nozzle_no_extrusion_0383.jpg,1117.280396,116.260307,0.060004,0.009874,6.636353,train,保留有效视觉差异或作为高质量代表帧,
4,train,train/images/nozzle_no_extrusion_0434.jpg,1,1,拟保留,train/images/nozzle_no_extrusion_0434.jpg,1594.548950,113.784943,0.065321,0.008355,6.940189,train,保留有效视觉差异或作为高质量代表帧,
4,train,train/images/nozzle_no_extrusion_0443.jpg,1,1,拟保留,train/images/nozzle_no_extrusion_0443.jpg,1443.173950,111.685654,0.063368,0.009766,6.810746,train,保留有效视觉差异或作为高质量代表帧,
4,train,train/images/nozzle_no_extrusion_0444.jpg,1,1,拟删除,test/images/nozzle_no_extrusion_0455.jpg,1346.164551,113.100586,0.066732,0.007704,6.757351,删除,与质量更好的代表帧同时满足整图、目标区域和框IoU阈值,
4,train,train/images/nozzle_no_extrusion_0445.jpg,1,1,拟保留,train/images/nozzle_no_extrusion_0445.jpg,1446.816040,119.037544,0.071289,0.006076,6.911753,train,保留有效视觉差异或作为高质量代表帧,
4,train,train/images/nozzle_no_extrusion_0454.jpg,1,1,拟保留,train/images/nozzle_no_extrusion_0454.jpg,1380.520630,110.509117,0.064779,0.009006,6.745297,train,保留有效视觉差异或作为高质量代表帧,
4,train,train/images/nozzle_no_extrusion_0558.jpg,1,1,拟保留,train/images/nozzle_no_extrusion_0558.jpg,920.608398,117.268555,0.065213,0.008138,6.446528,train,保留有效视觉差异或作为高质量代表帧,
4,train,train/images/nozzle_no_extrusion_0566.jpg,1,1,拟删除,train/images/nozzle_no_extrusion_0576.jpg,1351.716187,117.412323,0.065321,0.008572,6.831330,删除,与质量更好的代表帧同时满足整图、目标区域和框IoU阈值,
4,train,train/images/nozzle_no_extrusion_0576.jpg,1,1,拟保留,train/images/nozzle_no_extrusion_0576.jpg,1392.642090,115.597549,0.064128,0.008898,6.835710,train,保留有效视觉差异或作为高质量代表帧,
4,train,train/images/nozzle_no_extrusion_0584.jpg,1,1,拟保留,train/images/nozzle_no_extrusion_0584.jpg,1497.799194,111.781357,0.061957,0.010525,6.852080,train,保留有效视觉差异或作为高质量代表帧,
4,train,train/images/nozzle_no_extrusion_0585.jpg,1,1,拟删除,train/images/nozzle_no_extrusion_0594.jpg,1376.584106,114.756187,0.065321,0.008681,6.807827,删除,与质量更好的代表帧同时满足整图、目标区域和框IoU阈值,
4,train,train/images/nozzle_no_extrusion_0594.jpg,1,1,拟保留,train/images/nozzle_no_extrusion_0594.jpg,1468.059448,110.865234,0.061632,0.010742,6.818267,train,保留有效视觉差异或作为高质量代表帧,
4,train,train/images/nozzle_no_extrusion_0604.jpg,1,1,拟保留,train/images/nozzle_no_extrusion_0604.jpg,1363.519043,110.315216,0.065647,0.008789,6.727714,train,保留有效视觉差异或作为高质量代表帧,
4,train,train/images/nozzle_no_extrusion_0750.jpg,1,1,拟保留,train/images/nozzle_no_extrusion_0750.jpg,959.623901,113.555992,0.064887,0.008572,6.430090,train,保留有效视觉差异或作为高质量代表帧,
4,train,train/images/nozzle_no_extrusion_0758.jpg,1,1,拟保留,train/images/nozzle_no_extrusion_0758.jpg,960.852783,117.027130,0.065538,0.008464,6.483869,train,保留有效视觉差异或作为高质量代表帧,
4,train,train/images/nozzle_no_extrusion_0816.jpg,1,1,拟保留,train/images/nozzle_no_extrusion_0816.jpg,975.629700,113.779190,0.063043,0.009549,6.453683,train,保留有效视觉差异或作为高质量代表帧,
4,val,val/images/nozzle_no_extrusion_0210.jpg,1,1,拟保留,val/images/nozzle_no_extrusion_0210.jpg,1044.643188,114.020073,0.064887,0.008789,6.521712,train,保留有效视觉差异或作为高质量代表帧,
4,val,val/images/nozzle_no_extrusion_0565.jpg,1,1,拟保留,val/images/nozzle_no_extrusion_0565.jpg,1480.448364,112.617401,0.062500,0.010634,6.851655,train,保留有效视觉差异或作为高质量代表帧,
5,test,test/images/nozzle_no_extrusion_0159.jpg,1,1,拟保留,test/images/nozzle_no_extrusion_0159.jpg,1560.414429,116.993599,0.059245,0.010634,6.982371,train,保留有效视觉差异或作为高质量代表帧,
5,test,test/images/nozzle_no_extrusion_0907.jpg,1,1,拟保留,test/images/nozzle_no_extrusion_0907.jpg,1698.606445,116.134438,0.059570,0.009332,7.055378,train,保留有效视觉差异或作为高质量代表帧,
5,train,train/images/nozzle_no_extrusion_0150.jpg,1,1,拟保留,train/images/nozzle_no_extrusion_0150.jpg,1459.961914,116.098198,0.058919,0.011393,6.901340,train,保留有效视觉差异或作为高质量代表帧,
5,train,train/images/nozzle_no_extrusion_0151.jpg,1,1,拟保留,train/images/nozzle_no_extrusion_0151.jpg,1641.211426,115.726997,0.059028,0.010959,7.013032,train,保留有效视觉差异或作为高质量代表帧,
5,train,train/images/nozzle_no_extrusion_0153.jpg,1,1,拟保留,train/images/nozzle_no_extrusion_0153.jpg,1988.360352,117.810005,0.062826,0.010742,7.226389,train,保留有效视觉差异或作为高质量代表帧,
5,train,train/images/nozzle_no_extrusion_0154.jpg,1,1,拟保留,train/images/nozzle_no_extrusion_0154.jpg,2124.495850,119.324982,0.064996,0.010091,7.311044,train,保留有效视觉差异或作为高质量代表帧,
5,train,train/images/nozzle_no_extrusion_0156.jpg,1,1,拟保留,train/images/nozzle_no_extrusion_0156.jpg,2045.824341,109.354927,0.055773,0.012261,7.140875,train,保留有效视觉差异或作为高质量代表帧,
5,train,train/images/nozzle_no_extrusion_0158.jpg,1,1,拟保留,train/images/nozzle_no_extrusion_0158.jpg,1749.921265,116.399307,0.059245,0.010742,7.087418,train,保留有效视觉差异或作为高质量代表帧,
5,train,train/images/nozzle_no_extrusion_0386.jpg,1,1,拟保留,train/images/nozzle_no_extrusion_0386.jpg,1692.771118,123.642471,0.065864,0.007270,7.154495,train,保留有效视觉差异或作为高质量代表帧,
5,train,train/images/nozzle_no_extrusion_0387.jpg,1,1,拟保留,train/images/nozzle_no_extrusion_0387.jpg,1866.142944,123.415909,0.065972,0.007161,7.248299,train,保留有效视觉差异或作为高质量代表帧,
5,train,train/images/nozzle_no_extrusion_0388.jpg,1,1,拟保留,train/images/nozzle_no_extrusion_0388.jpg,2048.780762,123.715927,0.066623,0.007053,7.344574,train,保留有效视觉差异或作为高质量代表帧,
5,train,train/images/nozzle_no_extrusion_0389.jpg,1,1,拟保留,train/images/nozzle_no_extrusion_0389.jpg,2182.906738,125.039169,0.069010,0.006727,7.422122,train,保留有效视觉差异或作为高质量代表帧,
5,train,train/images/nozzle_no_extrusion_0390.jpg,1,1,拟保留,train/images/nozzle_no_extrusion_0390.jpg,2147.693115,115.127167,0.061740,0.007812,7.270631,train,保留有效视觉差异或作为高质量代表帧,
5,train,train/images/nozzle_no_extrusion_0887.jpg,1,1,拟保留,train/images/nozzle_no_extrusion_0887.jpg,1534.535278,117.064888,0.059462,0.009332,6.968725,train,保留有效视觉差异或作为高质量代表帧,
5,train,train/images/nozzle_no_extrusion_0888.jpg,1,1,拟保留,train/images/nozzle_no_extrusion_0888.jpg,1689.563354,116.294594,0.059679,0.009332,7.052220,train,保留有效视觉差异或作为高质量代表帧,
5,train,train/images/nozzle_no_extrusion_0889.jpg,1,1,拟保留,train/images/nozzle_no_extrusion_0889.jpg,1868.846802,116.331383,0.060004,0.009440,7.152396,train,保留有效视觉差异或作为高质量代表帧,
5,train,train/images/nozzle_no_extrusion_0890.jpg,1,1,拟保留,train/images/nozzle_no_extrusion_0890.jpg,2003.048950,116.667320,0.060872,0.009332,7.224571,train,保留有效视觉差异或作为高质量代表帧,
5,train,train/images/nozzle_no_extrusion_0891.jpg,1,1,拟保留,train/images/nozzle_no_extrusion_0891.jpg,2063.805420,117.774414,0.063585,0.009223,7.263815,train,保留有效视觉差异或作为高质量代表帧,
5,train,train/images/nozzle_no_extrusion_0892.jpg,1,1,拟保留,train/images/nozzle_no_extrusion_0892.jpg,2102.570312,119.773224,0.066298,0.008789,7.306377,train,保留有效视觉差异或作为高质量代表帧,
5,train,train/images/nozzle_no_extrusion_0893.jpg,1,1,拟保留,train/images/nozzle_no_extrusion_0893.jpg,2096.252930,110.694229,0.058051,0.009983,7.183862,train,保留有效视觉差异或作为高质量代表帧,
5,train,train/images/nozzle_no_extrusion_0894.jpg,1,1,拟删除,train/images/nozzle_no_extrusion_0905.jpg,2018.723389,108.942711,0.055230,0.010308,7.126639,删除,与质量更好的代表帧同时满足整图、目标区域和框IoU阈值,
5,train,train/images/nozzle_no_extrusion_0895.jpg,1,1,拟删除,train/images/nozzle_no_extrusion_0906.jpg,1913.533081,109.228729,0.054145,0.010091,7.081311,删除,与质量更好的代表帧同时满足整图、目标区域和框IoU阈值,
5,train,train/images/nozzle_no_extrusion_0896.jpg,1,1,拟删除,train/images/nozzle_no_extrusion_0889.jpg,1842.007202,115.753471,0.059787,0.009223,7.129994,删除,与质量更好的代表帧同时满足整图、目标区域和框IoU阈值,
5,train,train/images/nozzle_no_extrusion_0897.jpg,1,1,拟保留,train/images/nozzle_no_extrusion_0897.jpg,1640.316650,116.399414,0.059787,0.009440,7.023753,train,保留有效视觉差异或作为高质量代表帧,
5,train,train/images/nozzle_no_extrusion_0898.jpg,1,1,拟删除,train/images/nozzle_no_extrusion_0887.jpg,1508.250610,117.253471,0.059679,0.009440,6.953537,删除,与质量更好的代表帧同时满足整图、目标区域和框IoU阈值,
5,train,train/images/nozzle_no_extrusion_0899.jpg,1,1,拟删除,train/images/nozzle_no_extrusion_0888.jpg,1681.544800,115.829315,0.059679,0.009549,7.039762,删除,与质量更好的代表帧同时满足整图、目标区域和框IoU阈值,
5,train,train/images/nozzle_no_extrusion_0902.jpg,1,1,拟删除,train/images/nozzle_no_extrusion_0891.jpg,2066.347168,117.122505,0.063477,0.009223,7.255185,删除,与质量更好的代表帧同时满足整图、目标区域和框IoU阈值,
5,train,train/images/nozzle_no_extrusion_0903.jpg,1,1,拟删除,train/images/nozzle_no_extrusion_0892.jpg,2081.359375,119.181427,0.065647,0.008464,7.289599,删除,与质量更好的代表帧同时满足整图、目标区域和框IoU阈值,
5,train,train/images/nozzle_no_extrusion_0905.jpg,1,1,拟保留,train/images/nozzle_no_extrusion_0905.jpg,2043.584229,109.038521,0.055773,0.010417,7.138526,train,保留有效视觉差异或作为高质量代表帧,
5,train,train/images/nozzle_no_extrusion_0906.jpg,1,1,拟保留,train/images/nozzle_no_extrusion_0906.jpg,1906.504517,115.445312,0.059462,0.009332,7.160336,train,保留有效视觉差异或作为高质量代表帧,
5,val,val/images/nozzle_no_extrusion_0152.jpg,1,1,拟保留,val/images/nozzle_no_extrusion_0152.jpg,1828.305542,116.489906,0.060221,0.011176,7.128830,train,保留有效视觉差异或作为高质量代表帧,
5,val,val/images/nozzle_no_extrusion_0155.jpg,1,1,拟保留,val/images/nozzle_no_extrusion_0155.jpg,2147.722168,110.352211,0.057400,0.011719,7.201244,train,保留有效视觉差异或作为高质量代表帧,
5,val,val/images/nozzle_no_extrusion_0157.jpg,1,1,拟保留,val/images/nozzle_no_extrusion_0157.jpg,1955.216797,115.723740,0.059353,0.010634,7.187624,train,保留有效视觉差异或作为高质量代表帧,
5,val,val/images/nozzle_no_extrusion_0900.jpg,1,1,拟删除,train/images/nozzle_no_extrusion_0889.jpg,1838.942261,115.955841,0.059896,0.009549,7.130515,删除,与质量更好的代表帧同时满足整图、目标区域和框IoU阈值,
5,val,val/images/nozzle_no_extrusion_0901.jpg,1,1,拟删除,train/images/nozzle_no_extrusion_0890.jpg,1991.923706,116.165253,0.061089,0.009223,7.210726,删除,与质量更好的代表帧同时满足整图、目标区域和框IoU阈值,
5,val,val/images/nozzle_no_extrusion_0904.jpg,1,1,拟保留,val/images/nozzle_no_extrusion_0904.jpg,2082.407715,109.746422,0.057726,0.010091,7.163189,train,保留有效视觉差异或作为高质量代表帧,
5,val,val/images/nozzle_no_extrusion_0908.jpg,1,1,拟保留,val/images/nozzle_no_extrusion_0908.jpg,1554.247314,116.756943,0.059679,0.009223,6.976234,train,保留有效视觉差异或作为高质量代表帧,
6,test,test/images/nozzle_no_extrusion_0179.jpg,1,1,拟保留,test/images/nozzle_no_extrusion_0179.jpg,1836.692017,121.066078,0.059679,0.010634,7.207619,train,保留有效视觉差异或作为高质量代表帧,
6,test,test/images/nozzle_no_extrusion_0217.jpg,1,1,拟保留,test/images/nozzle_no_extrusion_0217.jpg,1977.273438,116.952362,0.058051,0.009223,7.224761,train,保留有效视觉差异或作为高质量代表帧,
6,test,test/images/nozzle_no_extrusion_0252.jpg,1,1,拟保留,test/images/nozzle_no_extrusion_0252.jpg,2092.225342,118.100914,0.060655,0.008247,7.293329,train,保留有效视觉差异或作为高质量代表帧,
6,test,test/images/nozzle_no_extrusion_0291.jpg,1,1,拟删除,val/images/nozzle_no_extrusion_0367.jpg,2110.501465,116.662437,0.059896,0.009983,7.278352,删除,与质量更好的代表帧同时满足整图、目标区域和框IoU阈值,
6,test,test/images/nozzle_no_extrusion_0293.jpg,1,1,拟保留,test/images/nozzle_no_extrusion_0293.jpg,1783.073730,113.275604,0.056749,0.010200,7.065939,train,保留有效视觉差异或作为高质量代表帧,
6,test,test/images/nozzle_no_extrusion_0327.jpg,1,1,拟保留,test/images/nozzle_no_extrusion_0327.jpg,1838.615356,128.359161,0.065864,0.007378,7.299352,train,保留有效视觉差异或作为高质量代表帧,
6,train,train/images/nozzle_no_extrusion_0173.jpg,1,1,拟保留,train/images/nozzle_no_extrusion_0173.jpg,1868.169556,120.693687,0.060221,0.009223,7.219978,train,保留有效视觉差异或作为高质量代表帧,
6,train,train/images/nozzle_no_extrusion_0174.jpg,1,1,拟保留,train/images/nozzle_no_extrusion_0174.jpg,2131.420166,121.622505,0.062609,0.008789,7.359961,train,保留有效视觉差异或作为高质量代表帧,
6,train,train/images/nozzle_no_extrusion_0177.jpg,1,1,拟保留,train/images/nozzle_no_extrusion_0177.jpg,2138.035156,113.538086,0.056858,0.011936,7.247698,train,保留有效视觉差异或作为高质量代表帧,
6,train,train/images/nozzle_no_extrusion_0178.jpg,1,1,拟保留,train/images/nozzle_no_extrusion_0178.jpg,1860.620850,113.809242,0.054253,0.012153,7.120406,train,保留有效视觉差异或作为高质量代表帧,
6,train,train/images/nozzle_no_extrusion_0214.jpg,1,1,拟保留,train/images/nozzle_no_extrusion_0214.jpg,1950.420044,128.773438,0.066840,0.007595,7.348516,train,保留有效视觉差异或作为高质量代表帧,
6,train,train/images/nozzle_no_extrusion_0215.jpg,1,1,拟保留,train/images/nozzle_no_extrusion_0215.jpg,2121.207275,124.794922,0.066515,0.007378,7.395831,train,保留有效视觉差异或作为高质量代表帧,
6,train,train/images/nozzle_no_extrusion_0216.jpg,1,1,拟保留,train/images/nozzle_no_extrusion_0216.jpg,2126.703125,117.806427,0.061198,0.008898,7.302135,train,保留有效视觉差异或作为高质量代表帧,
6,train,train/images/nozzle_no_extrusion_0251.jpg,1,1,拟保留,train/images/nozzle_no_extrusion_0251.jpg,2087.492920,125.288414,0.066515,0.007270,7.387745,train,保留有效视觉差异或作为高质量代表帧,
6,train,train/images/nozzle_no_extrusion_0255.jpg,1,1,拟保留,train/images/nozzle_no_extrusion_0255.jpg,1845.767822,117.073784,0.056966,0.009549,7.160474,train,保留有效视觉差异或作为高质量代表帧,
6,train,train/images/nozzle_no_extrusion_0287.jpg,1,1,拟保留,train/images/nozzle_no_extrusion_0287.jpg,2094.628906,128.411453,0.068251,0.007270,7.421887,train,保留有效视觉差异或作为高质量代表帧,
6,train,train/images/nozzle_no_extrusion_0288.jpg,1,1,拟删除,train/images/nozzle_no_extrusion_0215.jpg,2153.162598,123.402992,0.064670,0.007487,7.394345,删除,与质量更好的代表帧同时满足整图、目标区域和框IoU阈值,
6,train,train/images/nozzle_no_extrusion_0289.jpg,1,1,拟保留,train/images/nozzle_no_extrusion_0289.jpg,2169.080078,117.409615,0.060330,0.009657,7.316741,train,保留有效视觉差异或作为高质量代表帧,
6,train,train/images/nozzle_no_extrusion_0292.jpg,1,1,拟保留,train/images/nozzle_no_extrusion_0292.jpg,1914.512939,116.686417,0.057726,0.009983,7.187824,train,保留有效视觉差异或作为高质量代表帧,
6,train,train/images/nozzle_no_extrusion_0329.jpg,1,1,拟删除,train/images/nozzle_no_extrusion_0215.jpg,2117.131348,123.751305,0.065213,0.007161,7.381943,删除,与质量更好的代表帧同时满足整图、目标区域和框IoU阈值,
6,train,train/images/nozzle_no_extrusion_0330.jpg,1,1,拟删除,train/images/nozzle_no_extrusion_0289.jpg,2139.790771,117.063477,0.060113,0.007921,7.301867,删除,与质量更好的代表帧同时满足整图、目标区域和框IoU阈值,
6,train,train/images/nozzle_no_extrusion_0333.jpg,1,1,拟删除,train/images/nozzle_no_extrusion_0292.jpg,1889.935547,116.383682,0.057617,0.009549,7.171373,删除,与质量更好的代表帧同时满足整图、目标区域和框IoU阈值,
6,train,train/images/nozzle_no_extrusion_0369.jpg,1,1,拟删除,val/images/nozzle_no_extrusion_0367.jpg,2098.520020,116.727325,0.059787,0.009766,7.274435,删除,与质量更好的代表帧同时满足整图、目标区域和框IoU阈值,
6,train,train/images/nozzle_no_extrusion_0370.jpg,1,1,拟删除,train/images/nozzle_no_extrusion_0292.jpg,1906.017212,116.588104,0.057509,0.009766,7.182927,删除,与质量更好的代表帧同时满足整图、目标区域和框IoU阈值,
6,val,val/images/nozzle_no_extrusion_0254.jpg,1,1,拟删除,test/images/nozzle_no_extrusion_0252.jpg,2081.777588,117.326500,0.059787,0.009440,7.276442,删除,与质量更好的代表帧同时满足整图、目标区域和框IoU阈值,
6,val,val/images/nozzle_no_extrusion_0328.jpg,1,1,拟删除,train/images/nozzle_no_extrusion_0287.jpg,2076.260986,128.032120,0.067925,0.007270,7.419988,删除,与质量更好的代表帧同时满足整图、目标区域和框IoU阈值,
6,val,val/images/nozzle_no_extrusion_0332.jpg,1,1,拟删除,val/images/nozzle_no_extrusion_0367.jpg,2094.386719,116.689995,0.059787,0.009549,7.272315,删除,与质量更好的代表帧同时满足整图、目标区域和框IoU阈值,
6,val,val/images/nozzle_no_extrusion_0366.jpg,1,1,拟保留,val/images/nozzle_no_extrusion_0366.jpg,2105.123047,128.379013,0.067817,0.007161,7.428909,train,保留有效视觉差异或作为高质量代表帧,
6,val,val/images/nozzle_no_extrusion_0367.jpg,1,1,拟保留,val/images/nozzle_no_extrusion_0367.jpg,2124.253418,117.449112,0.060438,0.008681,7.298112,train,保留有效视觉差异或作为高质量代表帧,
7,test,test/images/nozzle_no_extrusion_0471.jpg,1,1,拟保留,test/images/nozzle_no_extrusion_0471.jpg,1529.540039,114.409828,0.059136,0.009874,6.923872,train,保留有效视觉差异或作为高质量代表帧,
7,test,test/images/nozzle_no_extrusion_0480.jpg,1,1,拟保留,test/images/nozzle_no_extrusion_0480.jpg,1628.465332,114.059029,0.059462,0.009006,6.981782,train,保留有效视觉差异或作为高质量代表帧,
7,test,test/images/nozzle_no_extrusion_0614.jpg,1,1,拟保留,test/images/nozzle_no_extrusion_0614.jpg,1311.449707,121.565758,0.065538,0.007921,6.866659,train,保留有效视觉差异或作为高质量代表帧,
7,train,train/images/nozzle_no_extrusion_0149.jpg,1,1,拟保留,train/images/nozzle_no_extrusion_0149.jpg,1263.564697,117.938370,0.058160,0.012153,6.786486,train,保留有效视觉差异或作为高质量代表帧,
7,train,train/images/nozzle_no_extrusion_0232.jpg,1,1,拟保留,train/images/nozzle_no_extrusion_0232.jpg,958.890198,121.602753,0.064453,0.008789,6.555924,train,保留有效视觉差异或作为高质量代表帧,
7,train,train/images/nozzle_no_extrusion_0268.jpg,1,1,拟保留,train/images/nozzle_no_extrusion_0268.jpg,1011.438232,122.407661,0.063802,0.008247,6.624837,train,保留有效视觉差异或作为高质量代表帧,
7,train,train/images/nozzle_no_extrusion_0306.jpg,1,1,拟保留,train/images/nozzle_no_extrusion_0306.jpg,984.396545,122.147675,0.064128,0.008030,6.593160,train,保留有效视觉差异或作为高质量代表帧,
7,train,train/images/nozzle_no_extrusion_0347.jpg,1,1,拟删除,train/images/nozzle_no_extrusion_0268.jpg,1016.189209,121.996094,0.064562,0.008247,6.620809,删除,与质量更好的代表帧同时满足整图、目标区域和框IoU阈值,
7,train,train/images/nozzle_no_extrusion_0385.jpg,1,1,拟保留,train/images/nozzle_no_extrusion_0385.jpg,973.374146,125.134872,0.065321,0.007812,6.625439,train,保留有效视觉差异或作为高质量代表帧,
7,train,train/images/nozzle_no_extrusion_0413.jpg,1,1,拟保留,train/images/nozzle_no_extrusion_0413.jpg,1236.757080,120.956490,0.059136,0.009440,6.814712,train,保留有效视觉差异或作为高质量代表帧,
7,train,train/images/nozzle_no_extrusion_0457.jpg,1,1,拟保留,train/images/nozzle_no_extrusion_0457.jpg,1361.784790,127.887802,0.070638,0.005859,6.991900,train,保留有效视觉差异或作为高质量代表帧,
7,train,train/images/nozzle_no_extrusion_0458.jpg,1,1,拟保留,train/images/nozzle_no_extrusion_0458.jpg,1553.762451,123.859161,0.067166,0.005642,7.071595,train,保留有效视觉差异或作为高质量代表帧,
7,train,train/images/nozzle_no_extrusion_0470.jpg,1,1,拟保留,train/images/nozzle_no_extrusion_0470.jpg,1521.775269,113.602974,0.059353,0.010200,6.904877,train,保留有效视觉差异或作为高质量代表帧,
7,train,train/images/nozzle_no_extrusion_0481.jpg,1,1,拟删除,val/images/nozzle_no_extrusion_0494.jpg,1610.646484,115.802841,0.060004,0.008789,6.996840,删除,与质量更好的代表帧同时满足整图、目标区域和框IoU阈值,
7,train,train/images/nozzle_no_extrusion_0482.jpg,1,1,拟保留,train/images/nozzle_no_extrusion_0482.jpg,1771.948364,119.905815,0.064670,0.007704,7.144509,train,保留有效视觉差异或作为高质量代表帧,
7,train,train/images/nozzle_no_extrusion_0493.jpg,1,1,拟保留,train/images/nozzle_no_extrusion_0493.jpg,1780.170044,112.018013,0.059136,0.009549,7.038801,train,保留有效视觉差异或作为高质量代表帧,
7,train,train/images/nozzle_no_extrusion_0495.jpg,1,1,拟保留,train/images/nozzle_no_extrusion_0495.jpg,1064.051270,122.295792,0.064670,0.008030,6.671581,train,保留有效视觉差异或作为高质量代表帧,
7,train,train/images/nozzle_no_extrusion_0636.jpg,1,1,拟保留,train/images/nozzle_no_extrusion_0636.jpg,1508.485596,116.000870,0.059570,0.009332,6.934664,train,保留有效视觉差异或作为高质量代表帧,
7,train,train/images/nozzle_no_extrusion_0646.jpg,1,1,拟保留,train/images/nozzle_no_extrusion_0646.jpg,1633.324829,115.482315,0.059787,0.009332,7.005371,train,保留有效视觉差异或作为高质量代表帧,
7,train,train/images/nozzle_no_extrusion_0886.jpg,1,1,拟保留,train/images/nozzle_no_extrusion_0886.jpg,1118.635864,118.415688,0.059136,0.009332,6.674932,train,保留有效视觉差异或作为高质量代表帧,
7,train,train/images/nozzle_no_extrusion_0909.jpg,1,1,拟保留,train/images/nozzle_no_extrusion_0909.jpg,1441.917603,116.826065,0.059896,0.009440,6.901262,train,保留有效视觉差异或作为高质量代表帧,
7,val,val/images/nozzle_no_extrusion_0192.jpg,1,1,拟保留,val/images/nozzle_no_extrusion_0192.jpg,956.274353,122.122719,0.063911,0.008247,6.564033,train,保留有效视觉差异或作为高质量代表帧,
7,val,val/images/nozzle_no_extrusion_0483.jpg,1,1,拟保留,val/images/nozzle_no_extrusion_0483.jpg,1866.770752,118.826172,0.064670,0.007812,7.179524,train,保留有效视觉差异或作为高质量代表帧,
7,val,val/images/nozzle_no_extrusion_0494.jpg,1,1,拟保留,val/images/nozzle_no_extrusion_0494.jpg,1667.623779,116.071938,0.060981,0.009332,7.031773,train,保留有效视觉差异或作为高质量代表帧,
8,test,test/images/nozzle_extrusion_normal_0374.jpg,1,1,拟保留,test/images/nozzle_extrusion_normal_0374.jpg,1619.528320,117.603622,0.117513,0.011176,6.853173,train,保留有效视觉差异或作为高质量代表帧,
8,test,test/images/nozzle_extrusion_normal_0453.jpg,1,1,拟保留,test/images/nozzle_extrusion_normal_0453.jpg,1786.213257,111.054901,0.123047,0.014865,6.824774,train,保留有效视觉差异或作为高质量代表帧,
8,test,test/images/nozzle_extrusion_normal_0582.jpg,1,1,拟保留,test/images/nozzle_extrusion_normal_0582.jpg,1822.615723,113.768883,0.153646,0.018880,6.787517,train,保留有效视觉差异或作为高质量代表帧,
8,train,train/images/nozzle_extrusion_normal_0337.jpg,1,1,拟保留,train/images/nozzle_extrusion_normal_0337.jpg,1654.526978,117.000435,0.109701,0.010742,6.889421,train,保留有效视觉差异或作为高质量代表帧,
8,train,train/images/nozzle_extrusion_normal_0373.jpg,1,1,拟保留,train/images/nozzle_extrusion_normal_0373.jpg,1638.320801,119.503799,0.122830,0.010851,6.879093,train,保留有效视觉差异或作为高质量代表帧,
8,train,train/images/nozzle_extrusion_normal_0413.jpg,1,1,拟保留,train/images/nozzle_extrusion_normal_0413.jpg,1623.202759,120.220490,0.136393,0.012153,6.837732,train,保留有效视觉差异或作为高质量代表帧,
8,train,train/images/nozzle_extrusion_normal_0414.jpg,1,1,拟保留,train/images/nozzle_extrusion_normal_0414.jpg,1556.363770,117.915688,0.130425,0.012044,6.777818,train,保留有效视觉差异或作为高质量代表帧,
8,train,train/images/nozzle_extrusion_normal_0415.jpg,1,1,拟保留,train/images/nozzle_extrusion_normal_0415.jpg,1638.898804,116.873695,0.128689,0.011827,6.818819,train,保留有效视觉差异或作为高质量代表帧,
8,train,train/images/nozzle_extrusion_normal_0452.jpg,1,1,拟保留,train/images/nozzle_extrusion_normal_0452.jpg,1594.245361,120.309677,0.145399,0.013563,6.791297,train,保留有效视觉差异或作为高质量代表帧,
8,train,train/images/nozzle_extrusion_normal_0454.jpg,1,1,拟保留,train/images/nozzle_extrusion_normal_0454.jpg,1914.286499,109.591255,0.118056,0.016602,6.882616,train,保留有效视觉差异或作为高质量代表帧,
8,train,train/images/nozzle_extrusion_normal_0495.jpg,1,1,拟保留,train/images/nozzle_extrusion_normal_0495.jpg,1824.156006,111.043404,0.132704,0.018989,6.808385,train,保留有效视觉差异或作为高质量代表帧,
8,train,train/images/nozzle_extrusion_normal_0496.jpg,1,1,拟保留,train/images/nozzle_extrusion_normal_0496.jpg,1825.164062,109.470490,0.127604,0.019097,6.799442,train,保留有效视觉差异或作为高质量代表帧,
8,train,train/images/nozzle_extrusion_normal_0538.jpg,1,1,拟保留,train/images/nozzle_extrusion_normal_0538.jpg,1744.025146,112.717987,0.142795,0.019640,6.758078,train,保留有效视觉差异或作为高质量代表帧,
8,train,train/images/nozzle_extrusion_normal_0539.jpg,1,1,拟保留,train/images/nozzle_extrusion_normal_0539.jpg,1796.302002,111.057945,0.138455,0.019748,6.774461,train,保留有效视觉差异或作为高质量代表帧,
8,train,train/images/nozzle_extrusion_normal_0581.jpg,1,1,拟保留,train/images/nozzle_extrusion_normal_0581.jpg,1862.688354,116.958984,0.163194,0.018229,6.831755,train,保留有效视觉差异或作为高质量代表帧,
8,val,val/images/nozzle_extrusion_normal_0304.jpg,1,1,拟保留,val/images/nozzle_extrusion_normal_0304.jpg,1679.865234,114.954430,0.094618,0.011502,6.916369,train,保留有效视觉差异或作为高质量代表帧,
8,val,val/images/nozzle_extrusion_normal_0305.jpg,1,1,拟保留,val/images/nozzle_extrusion_normal_0305.jpg,1642.269897,113.836807,0.092122,0.011502,6.883773,train,保留有效视觉差异或作为高质量代表帧,
8,val,val/images/nozzle_extrusion_normal_0338.jpg,1,1,拟保留,val/images/nozzle_extrusion_normal_0338.jpg,1637.618774,115.656036,0.105686,0.010634,6.870410,train,保留有效视觉差异或作为高质量代表帧,
9,test,test/images/nozzle_no_extrusion_0088.jpg,1,1,拟保留,test/images/nozzle_no_extrusion_0088.jpg,2860.899658,113.500214,0.067600,0.009223,7.511436,train,保留有效视觉差异或作为高质量代表帧,
9,train,train/images/nozzle_no_extrusion_0021.jpg,1,1,拟保留,train/images/nozzle_no_extrusion_0021.jpg,2359.283691,119.074760,0.071289,0.008572,7.396069,train,保留有效视觉差异或作为高质量代表帧,
9,train,train/images/nozzle_no_extrusion_0022.jpg,1,1,拟保留,train/images/nozzle_no_extrusion_0022.jpg,2602.226318,121.264214,0.073893,0.008464,7.520653,train,保留有效视觉差异或作为高质量代表帧,
9,train,train/images/nozzle_no_extrusion_0024.jpg,1,1,拟保留,train/images/nozzle_no_extrusion_0024.jpg,2862.505127,121.010956,0.073785,0.008464,7.612317,train,保留有效视觉差异或作为高质量代表帧,
9,train,train/images/nozzle_no_extrusion_0025.jpg,1,1,拟保留,train/images/nozzle_no_extrusion_0025.jpg,2953.909912,121.123375,0.074110,0.008464,7.644518,train,保留有效视觉差异或作为高质量代表帧,
9,train,train/images/nozzle_no_extrusion_0034.jpg,1,1,拟删除,train/images/nozzle_no_extrusion_0024.jpg,2837.663574,120.436852,0.073134,0.008247,7.597020,删除,与质量更好的代表帧同时满足整图、目标区域和框IoU阈值,
9,train,train/images/nozzle_no_extrusion_0035.jpg,1,1,拟保留,train/images/nozzle_no_extrusion_0035.jpg,2730.384277,121.162872,0.074544,0.008464,7.565174,train,保留有效视觉差异或作为高质量代表帧,
9,train,train/images/nozzle_no_extrusion_0076.jpg,1,1,拟保留,train/images/nozzle_no_extrusion_0076.jpg,2167.259277,115.032555,0.067491,0.008898,7.258795,train,保留有效视觉差异或作为高质量代表帧,
9,train,train/images/nozzle_no_extrusion_0079.jpg,1,1,拟保留,train/images/nozzle_no_extrusion_0079.jpg,2793.249023,120.908096,0.074219,0.008355,7.585141,train,保留有效视觉差异或作为高质量代表帧,
9,train,train/images/nozzle_no_extrusion_0080.jpg,1,1,拟保留,train/images/nozzle_no_extrusion_0080.jpg,2946.575928,120.891060,0.074219,0.008247,7.638512,train,保留有效视觉差异或作为高质量代表帧,
9,train,train/images/nozzle_no_extrusion_0089.jpg,1,1,拟保留,train/images/nozzle_no_extrusion_0089.jpg,2847.230469,120.258026,0.074002,0.008464,7.594553,train,保留有效视觉差异或作为高质量代表帧,
9,train,train/images/nozzle_no_extrusion_0091.jpg,1,1,拟删除,val/images/nozzle_no_extrusion_0077.jpg,2552.807129,121.692383,0.075846,0.008247,7.502752,删除,与质量更好的代表帧同时满足整图、目标区域和框IoU阈值,
9,val,val/images/nozzle_no_extrusion_0023.jpg,1,1,拟保留,val/images/nozzle_no_extrusion_0023.jpg,2776.863281,121.012695,0.074002,0.008464,7.581328,train,保留有效视觉差异或作为高质量代表帧,
9,val,val/images/nozzle_no_extrusion_0033.jpg,1,1,拟删除,train/images/nozzle_no_extrusion_0025.jpg,2875.872070,113.290688,0.067383,0.009332,7.513814,删除,与质量更好的代表帧同时满足整图、目标区域和框IoU阈值,
9,val,val/images/nozzle_no_extrusion_0036.jpg,1,1,拟保留,val/images/nozzle_no_extrusion_0036.jpg,2533.933594,121.734268,0.074978,0.008138,7.498810,train,保留有效视觉差异或作为高质量代表帧,
9,val,val/images/nozzle_no_extrusion_0077.jpg,1,1,拟保留,val/images/nozzle_no_extrusion_0077.jpg,2582.765381,121.025063,0.074327,0.008789,7.507460,train,保留有效视觉差异或作为高质量代表帧,
9,val,val/images/nozzle_no_extrusion_0078.jpg,1,1,拟保留,val/images/nozzle_no_extrusion_0078.jpg,2740.942139,121.002823,0.074544,0.008464,7.566531,train,保留有效视觉差异或作为高质量代表帧,
9,val,val/images/nozzle_no_extrusion_0090.jpg,1,1,拟保留,val/images/nozzle_no_extrusion_0090.jpg,2751.750977,121.018990,0.075195,0.008247,7.569199,train,保留有效视觉差异或作为高质量代表帧,
10,test,test/images/nozzle_tip_wrapped_0293.jpg,0,0,拟保留,test/images/nozzle_tip_wrapped_0293.jpg,2783.873047,138.932617,0.114366,0.024197,7.369642,train,保留有效视觉差异或作为高质量代表帧,
10,test,test/images/nozzle_tip_wrapped_0297.jpg,0,0,拟保留,test/images/nozzle_tip_wrapped_0297.jpg,2827.247070,138.655273,0.116970,0.024089,7.381835,train,保留有效视觉差异或作为高质量代表帧,
10,test,test/images/nozzle_tip_wrapped_0304.jpg,0,0,拟保留,test/images/nozzle_tip_wrapped_0304.jpg,3051.640137,139.930237,0.118707,0.018555,7.444123,train,保留有效视觉差异或作为高质量代表帧,
10,train,train/images/nozzle_tip_wrapped_0288.jpg,0,0,拟保留,train/images/nozzle_tip_wrapped_0288.jpg,2615.883545,137.263458,0.125760,0.040365,7.266990,train,保留有效视觉差异或作为高质量代表帧,
10,train,train/images/nozzle_tip_wrapped_0289.jpg,0,0,拟保留,train/images/nozzle_tip_wrapped_0289.jpg,2601.718994,138.677628,0.118273,0.027561,7.287535,train,保留有效视觉差异或作为高质量代表帧,
10,train,train/images/nozzle_tip_wrapped_0290.jpg,0,0,拟保留,train/images/nozzle_tip_wrapped_0290.jpg,2726.303467,139.372620,0.118273,0.021376,7.335802,train,保留有效视觉差异或作为高质量代表帧,
10,train,train/images/nozzle_tip_wrapped_0291.jpg,0,0,拟保留,train/images/nozzle_tip_wrapped_0291.jpg,2755.133545,137.504333,0.112739,0.026476,7.381911,train,保留有效视觉差异或作为高质量代表帧,
10,train,train/images/nozzle_tip_wrapped_0292.jpg,0,0,拟保留,train/images/nozzle_tip_wrapped_0292.jpg,2789.622070,137.028214,0.107856,0.030490,7.408405,train,保留有效视觉差异或作为高质量代表帧,
10,train,train/images/nozzle_tip_wrapped_0294.jpg,0,0,拟保留,train/images/nozzle_tip_wrapped_0294.jpg,2662.972412,138.923508,0.117730,0.027344,7.309016,train,保留有效视觉差异或作为高质量代表帧,
10,train,train/images/nozzle_tip_wrapped_0295.jpg,0,0,拟保留,train/images/nozzle_tip_wrapped_0295.jpg,2560.218750,137.981125,0.120117,0.036567,7.258798,train,保留有效视觉差异或作为高质量代表帧,
10,train,train/images/nozzle_tip_wrapped_0296.jpg,0,0,拟保留,train/images/nozzle_tip_wrapped_0296.jpg,2699.833740,137.942276,0.116536,0.031467,7.333424,train,保留有效视觉差异或作为高质量代表帧,
10,train,train/images/nozzle_tip_wrapped_0298.jpg,0,0,拟保留,train/images/nozzle_tip_wrapped_0298.jpg,2873.829102,138.977325,0.117622,0.020074,7.399216,train,保留有效视觉差异或作为高质量代表帧,
10,train,train/images/nozzle_tip_wrapped_0299.jpg,0,0,拟保留,train/images/nozzle_tip_wrapped_0299.jpg,2825.961426,140.299255,0.120768,0.013129,7.366218,train,保留有效视觉差异或作为高质量代表帧,
10,train,train/images/nozzle_tip_wrapped_0300.jpg,0,0,拟保留,train/images/nozzle_tip_wrapped_0300.jpg,2892.350342,139.661453,0.121962,0.014214,7.393646,train,保留有效视觉差异或作为高质量代表帧,
10,train,train/images/nozzle_tip_wrapped_0301.jpg,0,0,拟保留,train/images/nozzle_tip_wrapped_0301.jpg,2892.285889,139.345596,0.120985,0.015951,7.398016,train,保留有效视觉差异或作为高质量代表帧,
10,train,train/images/nozzle_tip_wrapped_0303.jpg,0,0,拟保留,train/images/nozzle_tip_wrapped_0303.jpg,2947.873535,140.915588,0.122287,0.013997,7.392516,train,保留有效视觉差异或作为高质量代表帧,
10,train,train/images/nozzle_tip_wrapped_0310.jpg,0,0,拟保留,train/images/nozzle_tip_wrapped_0310.jpg,3143.227051,140.328018,0.119249,0.016276,7.470399,train,保留有效视觉差异或作为高质量代表帧,
10,val,val/images/nozzle_tip_wrapped_0302.jpg,0,0,拟保留,val/images/nozzle_tip_wrapped_0302.jpg,2838.451416,140.564453,0.127062,0.014974,7.343914,train,保留有效视觉差异或作为高质量代表帧,
11,test,test/images/nozzle_no_extrusion_0212.jpg,1,1,拟保留,test/images/nozzle_no_extrusion_0212.jpg,1318.399048,131.309357,0.069770,0.008138,6.907637,train,保留有效视觉差异或作为高质量代表帧,
11,test,test/images/nozzle_no_extrusion_0326.jpg,1,1,拟保留,test/images/nozzle_no_extrusion_0326.jpg,1665.235474,129.174805,0.066623,0.007595,7.184905,train,保留有效视觉差异或作为高质量代表帧,
11,test,test/images/nozzle_no_extrusion_0335.jpg,1,1,拟删除,train/images/nozzle_no_extrusion_0219.jpg,1532.724365,121.840385,0.060547,0.010308,7.036953,删除,与质量更好的代表帧同时满足整图、目标区域和框IoU阈值,
11,test,test/images/nozzle_no_extrusion_0371.jpg,1,1,拟保留,test/images/nozzle_no_extrusion_0371.jpg,1613.366455,117.365448,0.056315,0.010308,7.030971,train,保留有效视觉差异或作为高质量代表帧,
11,train,train/images/nozzle_no_extrusion_0172.jpg,1,1,拟保留,train/images/nozzle_no_extrusion_0172.jpg,1530.218628,121.961479,0.059896,0.009440,7.040900,train,保留有效视觉差异或作为高质量代表帧,
11,train,train/images/nozzle_no_extrusion_0213.jpg,1,1,拟保留,train/images/nozzle_no_extrusion_0213.jpg,1677.305908,129.501190,0.066406,0.007704,7.187457,train,保留有效视觉差异或作为高质量代表帧,
11,train,train/images/nozzle_no_extrusion_0218.jpg,1,1,拟保留,train/images/nozzle_no_extrusion_0218.jpg,1645.949341,117.549698,0.056641,0.010200,7.053073,train,保留有效视觉差异或作为高质量代表帧,
11,train,train/images/nozzle_no_extrusion_0219.jpg,1,1,拟保留,train/images/nozzle_no_extrusion_0219.jpg,1546.509277,121.853409,0.059679,0.009983,7.049360,train,保留有效视觉差异或作为高质量代表帧,
11,train,train/images/nozzle_no_extrusion_0256.jpg,1,1,拟保留,train/images/nozzle_no_extrusion_0256.jpg,1543.753052,121.676865,0.059245,0.009549,7.046989,train,保留有效视觉差异或作为高质量代表帧,
11,train,train/images/nozzle_no_extrusion_0294.jpg,1,1,拟保留,train/images/nozzle_no_extrusion_0294.jpg,1634.585571,114.913956,0.058485,0.014214,6.991402,train,保留有效视觉差异或作为高质量代表帧,
11,train,train/images/nozzle_no_extrusion_0325.jpg,1,1,拟保留,train/images/nozzle_no_extrusion_0325.jpg,1424.419312,130.307068,0.069010,0.007921,7.003300,train,保留有效视觉差异或作为高质量代表帧,
11,train,train/images/nozzle_no_extrusion_0334.jpg,1,1,拟删除,test/images/nozzle_no_extrusion_0371.jpg,1583.151611,117.124672,0.056424,0.010417,7.007773,删除,与质量更好的代表帧同时满足整图、目标区域和框IoU阈值,
11,train,train/images/nozzle_no_extrusion_0372.jpg,1,1,拟保留,train/images/nozzle_no_extrusion_0372.jpg,1511.121338,122.302521,0.060655,0.010308,7.029663,train,保留有效视觉差异或作为高质量代表帧,
11,val,val/images/nozzle_no_extrusion_0295.jpg,1,1,拟保留,val/images/nozzle_no_extrusion_0295.jpg,1468.090576,117.936523,0.061089,0.010525,6.930838,train,保留有效视觉差异或作为高质量代表帧,
12,test,test/images/nozzle_no_extrusion_0005.jpg,1,1,拟保留,test/images/nozzle_no_extrusion_0005.jpg,2317.909180,124.034943,0.073459,0.008789,7.448942,train,保留有效视觉差异或作为高质量代表帧,
12,test,test/images/nozzle_no_extrusion_0018.jpg,1,1,拟保留,test/images/nozzle_no_extrusion_0018.jpg,2244.952393,118.105469,0.067274,0.009874,7.340712,train,保留有效视觉差异或作为高质量代表帧,
12,test,test/images/nozzle_no_extrusion_0062.jpg,1,1,拟保留,test/images/nozzle_no_extrusion_0062.jpg,2352.520508,126.394638,0.074219,0.007812,7.500303,train,保留有效视觉差异或作为高质量代表帧,
12,test,test/images/nozzle_no_extrusion_0073.jpg,1,1,拟保留,test/images/nozzle_no_extrusion_0073.jpg,2363.259521,117.756187,0.066732,0.008355,7.391255,train,保留有效视觉差异或作为高质量代表帧,
12,train,train/images/nozzle_no_extrusion_0006.jpg,1,1,拟保留,train/images/nozzle_no_extrusion_0006.jpg,2460.990967,123.573029,0.073893,0.008681,7.500513,train,保留有效视觉差异或作为高质量代表帧,
12,train,train/images/nozzle_no_extrusion_0007.jpg,1,1,拟保留,train/images/nozzle_no_extrusion_0007.jpg,2585.656738,123.529297,0.074436,0.008464,7.548032,train,保留有效视觉差异或作为高质量代表帧,
12,train,train/images/nozzle_no_extrusion_0016.jpg,1,1,拟删除,train/images/nozzle_no_extrusion_0007.jpg,2520.413574,116.248810,0.066732,0.009332,7.430104,删除,与质量更好的代表帧同时满足整图、目标区域和框IoU阈值,
12,train,train/images/nozzle_no_extrusion_0017.jpg,1,1,拟保留,train/images/nozzle_no_extrusion_0017.jpg,2363.346191,116.298065,0.066949,0.010091,7.364385,train,保留有效视觉差异或作为高质量代表帧,
12,train,train/images/nozzle_no_extrusion_0063.jpg,1,1,拟保留,train/images/nozzle_no_extrusion_0063.jpg,2481.614990,126.178604,0.074436,0.007595,7.550110,train,保留有效视觉差异或作为高质量代表帧,
12,train,train/images/nozzle_no_extrusion_0064.jpg,1,1,拟保留,train/images/nozzle_no_extrusion_0064.jpg,2632.443115,125.862518,0.074436,0.007270,7.604802,train,保留有效视觉差异或作为高质量代表帧,
12,train,train/images/nozzle_no_extrusion_0072.jpg,1,1,拟保留,train/images/nozzle_no_extrusion_0072.jpg,2513.406738,117.736221,0.066515,0.008030,7.453817,train,保留有效视觉差异或作为高质量代表帧,
12,train,train/images/nozzle_no_extrusion_0074.jpg,1,1,拟保留,train/images/nozzle_no_extrusion_0074.jpg,2246.277832,119.587891,0.067166,0.008898,7.366743,train,保留有效视觉差异或作为高质量代表帧,
12,val,val/images/nozzle_no_extrusion_0061.jpg,1,1,拟保留,val/images/nozzle_no_extrusion_0061.jpg,2047.268921,126.542862,0.076063,0.007812,7.358167,train,保留有效视觉差异或作为高质量代表帧,
13,test,test/images/nozzle_tip_wrapped_0050.jpg,0,0,拟保留,test/images/nozzle_tip_wrapped_0050.jpg,2970.742432,128.175461,0.088325,0.068468,7.592252,train,保留有效视觉差异或作为高质量代表帧,
13,test,test/images/nozzle_tip_wrapped_0052.jpg,0,0,拟保留,test/images/nozzle_tip_wrapped_0052.jpg,2906.511230,129.731018,0.088976,0.078993,7.523092,train,保留有效视觉差异或作为高质量代表帧,
13,test,test/images/nozzle_tip_wrapped_0054.jpg,0,0,拟保留,test/images/nozzle_tip_wrapped_0054.jpg,2747.645752,129.360779,0.096029,0.090712,7.428092,train,保留有效视觉差异或作为高质量代表帧,
13,train,train/images/nozzle_tip_wrapped_0046.jpg,0,0,拟保留,train/images/nozzle_tip_wrapped_0046.jpg,2901.619385,129.682297,0.091037,0.064019,7.545933,train,保留有效视觉差异或作为高质量代表帧,
13,train,train/images/nozzle_tip_wrapped_0047.jpg,0,0,拟保留,train/images/nozzle_tip_wrapped_0047.jpg,3100.579834,130.675125,0.088433,0.059462,7.613645,train,保留有效视觉差异或作为高质量代表帧,
13,train,train/images/nozzle_tip_wrapped_0049.jpg,0,0,拟保留,train/images/nozzle_tip_wrapped_0049.jpg,3082.960938,127.939667,0.086263,0.058811,7.656617,train,保留有效视觉差异或作为高质量代表帧,
13,train,train/images/nozzle_tip_wrapped_0053.jpg,0,0,拟保留,train/images/nozzle_tip_wrapped_0053.jpg,2893.173340,129.561737,0.091905,0.084635,7.501066,train,保留有效视觉差异或作为高质量代表帧,
13,train,train/images/nozzle_tip_wrapped_0055.jpg,0,0,拟保留,train/images/nozzle_tip_wrapped_0055.jpg,2730.444336,129.850906,0.101020,0.094076,7.392454,train,保留有效视觉差异或作为高质量代表帧,
13,train,train/images/nozzle_tip_wrapped_0056.jpg,0,0,拟保留,train/images/nozzle_tip_wrapped_0056.jpg,2649.728271,130.001083,0.104926,0.098958,7.338627,train,保留有效视觉差异或作为高质量代表帧,
13,val,val/images/nozzle_tip_wrapped_0048.jpg,0,0,拟保留,val/images/nozzle_tip_wrapped_0048.jpg,3135.242432,130.129227,0.092448,0.052734,7.634699,train,保留有效视觉差异或作为高质量代表帧,
13,val,val/images/nozzle_tip_wrapped_0051.jpg,0,0,拟保留,val/images/nozzle_tip_wrapped_0051.jpg,2934.635986,128.783524,0.089193,0.074870,7.555119,train,保留有效视觉差异或作为高质量代表帧,
14,test,test/images/nozzle_extrusion_normal_0937.jpg,1,1,拟保留,test/images/nozzle_extrusion_normal_0937.jpg,1818.241455,126.839630,0.215495,0.023980,6.793600,train,保留有效视觉差异或作为高质量代表帧,
14,train,train/images/nozzle_extrusion_normal_0956.jpg,1,1,拟保留,train/images/nozzle_extrusion_normal_0956.jpg,1790.006470,126.742516,0.208008,0.024957,6.796948,train,保留有效视觉差异或作为高质量代表帧,
14,train,train/images/nozzle_extrusion_normal_0957.jpg,1,1,拟保留,train/images/nozzle_extrusion_normal_0957.jpg,2215.263184,114.509117,0.167752,0.046224,6.897080,train,保留有效视觉差异或作为高质量代表帧,
14,train,train/images/nozzle_extrusion_normal_0958.jpg,1,1,拟保留,train/images/nozzle_extrusion_normal_0958.jpg,1956.454224,113.631729,0.182943,0.057726,6.690616,train,保留有效视觉差异或作为高质量代表帧,
14,train,train/images/nozzle_extrusion_normal_0977.jpg,1,1,拟保留,train/images/nozzle_extrusion_normal_0977.jpg,1840.571655,127.428383,0.207031,0.024306,6.839738,train,保留有效视觉差异或作为高质量代表帧,
14,train,train/images/nozzle_extrusion_normal_0979.jpg,1,1,拟保留,train/images/nozzle_extrusion_normal_0979.jpg,1950.630615,114.241318,0.182726,0.052951,6.707361,train,保留有效视觉差异或作为高质量代表帧,
14,train,train/images/nozzle_extrusion_normal_1000.jpg,1,1,拟保留,train/images/nozzle_extrusion_normal_1000.jpg,1770.691162,117.838867,0.196615,0.050347,6.630384,train,保留有效视觉差异或作为高质量代表帧,
14,train,train/images/nozzle_extrusion_normal_1021.jpg,1,1,拟保留,train/images/nozzle_extrusion_normal_1021.jpg,1875.949707,117.156250,0.187283,0.050130,6.705860,train,保留有效视觉差异或作为高质量代表帧,
14,val,val/images/nozzle_extrusion_normal_0938.jpg,1,1,拟保留,val/images/nozzle_extrusion_normal_0938.jpg,2203.300537,114.438690,0.175998,0.046875,6.864525,train,保留有效视觉差异或作为高质量代表帧,
14,val,val/images/nozzle_extrusion_normal_0998.jpg,1,1,拟保留,val/images/nozzle_extrusion_normal_0998.jpg,1858.203491,131.288742,0.211589,0.021050,6.799651,train,保留有效视觉差异或作为高质量代表帧,
15,test,test/images/nozzle_no_extrusion_0613.jpg,1,1,拟保留,test/images/nozzle_no_extrusion_0613.jpg,940.258911,115.263344,0.065538,0.008789,6.434015,train,保留有效视觉差异或作为高质量代表帧,
15,train,train/images/nozzle_no_extrusion_0209.jpg,1,1,拟保留,train/images/nozzle_no_extrusion_0209.jpg,992.290161,115.059570,0.059896,0.009223,6.500695,train,保留有效视觉差异或作为高质量代表帧,
15,train,train/images/nozzle_no_extrusion_0322.jpg,1,1,拟删除,val/images/nozzle_no_extrusion_0363.jpg,1006.445251,113.733185,0.059353,0.009332,6.495531,删除,与质量更好的代表帧同时满足整图、目标区域和框IoU阈值,
15,train,train/images/nozzle_no_extrusion_0456.jpg,1,1,拟保留,train/images/nozzle_no_extrusion_0456.jpg,957.887512,125.267578,0.071615,0.005859,6.596517,train,保留有效视觉差异或作为高质量代表帧,
15,val,val/images/nozzle_no_extrusion_0248.jpg,1,1,拟删除,val/images/nozzle_no_extrusion_0363.jpg,999.575378,113.865448,0.059353,0.009115,6.491189,删除,与质量更好的代表帧同时满足整图、目标区域和框IoU阈值,
15,val,val/images/nozzle_no_extrusion_0284.jpg,1,1,拟删除,val/images/nozzle_no_extrusion_0363.jpg,1004.677673,113.979599,0.059136,0.008898,6.499144,删除,与质量更好的代表帧同时满足整图、目标区域和框IoU阈值,
15,val,val/images/nozzle_no_extrusion_0363.jpg,1,1,拟保留,val/images/nozzle_no_extrusion_0363.jpg,1014.512695,113.709312,0.059353,0.009332,6.503134,train,保留有效视觉差异或作为高质量代表帧,
15,val,val/images/nozzle_no_extrusion_0423.jpg,1,1,拟保留,val/images/nozzle_no_extrusion_0423.jpg,929.494141,116.714516,0.059028,0.009223,6.463851,train,保留有效视觉差异或作为高质量代表帧,
15,val,val/images/nozzle_no_extrusion_0548.jpg,1,1,拟保留,val/images/nozzle_no_extrusion_0548.jpg,941.405518,114.561958,0.060004,0.008464,6.441526,train,保留有效视觉差异或作为高质量代表帧,
15,val,val/images/nozzle_no_extrusion_0835.jpg,1,1,拟保留,val/images/nozzle_no_extrusion_0835.jpg,921.232239,117.090714,0.065972,0.008789,6.440845,train,保留有效视觉差异或作为高质量代表帧,
16,test,test/images/nozzle_extrusion_normal_1125.jpg,1,1,拟保留,test/images/nozzle_extrusion_normal_1125.jpg,1578.836060,153.188690,0.251736,0.020182,6.175930,train,保留有效视觉差异或作为高质量代表帧,
16,test,test/images/nozzle_extrusion_normal_1202.jpg,1,1,拟保留,test/images/nozzle_extrusion_normal_1202.jpg,1587.869141,145.757050,0.231228,0.026693,6.346254,train,保留有效视觉差异或作为高质量代表帧,
16,train,train/images/nozzle_extrusion_normal_1149.jpg,1,1,拟保留,train/images/nozzle_extrusion_normal_1149.jpg,1564.230835,145.776688,0.214627,0.025499,6.383149,train,保留有效视觉差异或作为高质量代表帧,
16,train,train/images/nozzle_extrusion_normal_1175.jpg,1,1,拟保留,train/images/nozzle_extrusion_normal_1175.jpg,1580.662598,145.239365,0.216254,0.024414,6.399276,train,保留有效视觉差异或作为高质量代表帧,
16,train,train/images/nozzle_extrusion_normal_1242.jpg,1,1,拟保留,train/images/nozzle_extrusion_normal_1242.jpg,1575.564453,144.179031,0.211263,0.027018,6.422380,train,保留有效视觉差异或作为高质量代表帧,
16,train,train/images/nozzle_extrusion_normal_1258.jpg,1,1,拟保留,train/images/nozzle_extrusion_normal_1258.jpg,1648.365234,143.240784,0.228624,0.034180,6.415777,train,保留有效视觉差异或作为高质量代表帧,
16,train,train/images/nozzle_extrusion_normal_1311.jpg,1,1,拟保留,train/images/nozzle_extrusion_normal_1311.jpg,1947.719971,126.400391,0.145508,0.049045,7.015320,train,保留有效视觉差异或作为高质量代表帧,
16,train,train/images/nozzle_extrusion_normal_1337.jpg,1,1,拟保留,train/images/nozzle_extrusion_normal_1337.jpg,2380.602539,122.995880,0.131076,0.052951,7.198208,train,保留有效视觉差异或作为高质量代表帧,
16,val,val/images/nozzle_extrusion_normal_1285.jpg,1,1,拟保留,val/images/nozzle_extrusion_normal_1285.jpg,1712.840088,135.913300,0.185113,0.044271,6.678966,train,保留有效视觉差异或作为高质量代表帧,
17,test,test/images/nozzle_no_extrusion_0348.jpg,1,1,拟保留,test/images/nozzle_no_extrusion_0348.jpg,1175.845459,127.235786,0.069010,0.007270,6.837081,train,保留有效视觉差异或作为高质量代表帧,
17,test,test/images/nozzle_no_extrusion_0885.jpg,1,1,拟保留,test/images/nozzle_no_extrusion_0885.jpg,1519.949951,123.404510,0.064019,0.009766,7.043697,train,保留有效视觉差异或作为高质量代表帧,
17,train,train/images/nozzle_no_extrusion_0269.jpg,1,1,拟保留,train/images/nozzle_no_extrusion_0269.jpg,1186.903564,128.006622,0.069661,0.007487,6.855884,train,保留有效视觉差异或作为高质量代表帧,
17,train,train/images/nozzle_no_extrusion_0307.jpg,1,1,拟保留,train/images/nozzle_no_extrusion_0307.jpg,1143.635864,128.656799,0.070964,0.007487,6.804715,train,保留有效视觉差异或作为高质量代表帧,
17,train,train/images/nozzle_no_extrusion_0647.jpg,1,1,拟删除,train/images/nozzle_no_extrusion_0657.jpg,1407.527832,120.610352,0.063585,0.009223,6.925636,删除,与质量更好的代表帧同时满足整图、目标区域和框IoU阈值,
17,train,train/images/nozzle_no_extrusion_0657.jpg,1,1,拟保留,train/images/nozzle_no_extrusion_0657.jpg,1584.739258,120.359703,0.063694,0.008789,7.040767,train,保留有效视觉差异或作为高质量代表帧,
17,train,train/images/nozzle_no_extrusion_0669.jpg,1,1,拟保留,train/images/nozzle_no_extrusion_0669.jpg,1528.054077,121.127281,0.061632,0.009006,7.022110,train,保留有效视觉差异或作为高质量代表帧,
17,val,val/images/nozzle_no_extrusion_0233.jpg,1,1,拟删除,train/images/nozzle_no_extrusion_0269.jpg,1155.357178,127.654297,0.068793,0.007053,6.827142,删除,与质量更好的代表帧同时满足整图、目标区域和框IoU阈值,
17,val,val/images/nozzle_no_extrusion_0872.jpg,1,1,拟保留,val/images/nozzle_no_extrusion_0872.jpg,1079.692749,123.887047,0.063477,0.008898,6.712868,train,保留有效视觉差异或作为高质量代表帧,
18,train,train/images/nozzle_extrusion_normal_0948.jpg,1,1,拟保留,train/images/nozzle_extrusion_normal_0948.jpg,2196.942627,133.068573,0.174371,0.025391,7.042187,train,保留有效视觉差异或作为高质量代表帧,
18,train,train/images/nozzle_extrusion_normal_0968.jpg,1,1,拟保留,train/images/nozzle_extrusion_normal_0968.jpg,2144.792480,133.708771,0.180339,0.025499,6.990051,train,保留有效视觉差异或作为高质量代表帧,
18,train,train/images/nozzle_extrusion_normal_0989.jpg,1,1,拟保留,train/images/nozzle_extrusion_normal_0989.jpg,2213.635986,135.284607,0.186523,0.024740,6.979972,train,保留有效视觉差异或作为高质量代表帧,
18,train,train/images/nozzle_extrusion_normal_1009.jpg,1,1,拟保留,train/images/nozzle_extrusion_normal_1009.jpg,2137.301514,136.548279,0.187934,0.027018,6.916362,train,保留有效视觉差异或作为高质量代表帧,
18,train,train/images/nozzle_extrusion_normal_1030.jpg,1,1,拟保留,train/images/nozzle_extrusion_normal_1030.jpg,2179.223145,133.430984,0.173177,0.030924,7.020943,train,保留有效视觉差异或作为高质量代表帧,
18,train,train/images/nozzle_extrusion_normal_1050.jpg,1,1,拟保留,train/images/nozzle_extrusion_normal_1050.jpg,2094.836670,133.947266,0.175781,0.030165,6.967108,train,保留有效视觉差异或作为高质量代表帧,
18,train,train/images/nozzle_extrusion_normal_1072.jpg,1,1,拟保留,train/images/nozzle_extrusion_normal_1072.jpg,2056.342529,133.421219,0.173069,0.030056,6.965145,train,保留有效视觉差异或作为高质量代表帧,
18,train,train/images/nozzle_extrusion_normal_1074.jpg,1,1,拟保留,train/images/nozzle_extrusion_normal_1074.jpg,2092.575439,130.892365,0.167535,0.027452,7.043927,train,保留有效视觉差异或作为高质量代表帧,
18,val,val/images/nozzle_extrusion_normal_1096.jpg,1,1,拟保留,val/images/nozzle_extrusion_normal_1096.jpg,1866.921021,127.874893,0.153971,0.033420,7.001872,train,保留有效视觉差异或作为高质量代表帧,
19,test,test/images/nozzle_extrusion_normal_1028.jpg,1,1,拟保留,test/images/nozzle_extrusion_normal_1028.jpg,1686.653931,117.323242,0.105469,0.032010,6.883845,train,保留有效视觉差异或作为高质量代表帧,
19,train,train/images/nozzle_extrusion_normal_1048.jpg,1,1,拟保留,train/images/nozzle_extrusion_normal_1048.jpg,1791.940918,114.301109,0.088433,0.036458,6.939351,train,保留有效视觉差异或作为高质量代表帧,
19,train,train/images/nozzle_extrusion_normal_1070.jpg,1,1,拟保留,train/images/nozzle_extrusion_normal_1070.jpg,1725.845215,112.723091,0.076172,0.037869,6.911096,train,保留有效视觉差异或作为高质量代表帧,
19,train,train/images/nozzle_extrusion_normal_1092.jpg,1,1,拟保留,train/images/nozzle_extrusion_normal_1092.jpg,1586.149658,112.719185,0.084961,0.036675,6.802699,train,保留有效视觉差异或作为高质量代表帧,
19,train,train/images/nozzle_extrusion_normal_1116.jpg,1,1,拟保留,train/images/nozzle_extrusion_normal_1116.jpg,1640.227173,114.215820,0.084418,0.036241,6.862084,train,保留有效视觉差异或作为高质量代表帧,
19,train,train/images/nozzle_extrusion_normal_1139.jpg,1,1,拟保留,train/images/nozzle_extrusion_normal_1139.jpg,1623.134033,114.871422,0.084527,0.035482,6.863052,train,保留有效视觉差异或作为高质量代表帧,
19,train,train/images/nozzle_extrusion_normal_1164.jpg,1,1,拟保留,train/images/nozzle_extrusion_normal_1164.jpg,1630.998657,107.858505,0.060764,0.042101,6.816357,train,保留有效视觉差异或作为高质量代表帧,
19,train,train/images/nozzle_extrusion_normal_1190.jpg,1,1,拟保留,train/images/nozzle_extrusion_normal_1190.jpg,1659.337891,108.324112,0.062391,0.043945,6.832276,train,保留有效视觉差异或作为高质量代表帧,
20,test,test/images/nozzle_tip_wrapped_0103.jpg,0,0,拟保留,test/images/nozzle_tip_wrapped_0103.jpg,2388.898682,134.827469,0.096788,0.000109,7.381745,train,保留有效视觉差异或作为高质量代表帧,
20,test,test/images/nozzle_tip_wrapped_0106.jpg,0,0,拟保留,test/images/nozzle_tip_wrapped_0106.jpg,2356.960449,135.277130,0.098741,0.000868,7.353887,train,保留有效视觉差异或作为高质量代表帧,
20,train,train/images/nozzle_tip_wrapped_0101.jpg,0,0,拟保留,train/images/nozzle_tip_wrapped_0101.jpg,2447.187012,136.563263,0.092231,0.000217,7.392175,train,保留有效视觉差异或作为高质量代表帧,
20,train,train/images/nozzle_tip_wrapped_0102.jpg,0,0,拟保留,train/images/nozzle_tip_wrapped_0102.jpg,2432.041016,134.833771,0.094944,0.000217,7.404855,train,保留有效视觉差异或作为高质量代表帧,
20,train,train/images/nozzle_tip_wrapped_0104.jpg,0,0,拟保留,train/images/nozzle_tip_wrapped_0104.jpg,2404.357666,136.282990,0.100260,0.000651,7.353949,train,保留有效视觉差异或作为高质量代表帧,
20,train,train/images/nozzle_tip_wrapped_0105.jpg,0,0,拟保留,train/images/nozzle_tip_wrapped_0105.jpg,2392.097412,137.044708,0.103082,0.000760,7.328256,train,保留有效视觉差异或作为高质量代表帧,
20,train,train/images/nozzle_tip_wrapped_0107.jpg,0,0,拟保留,train/images/nozzle_tip_wrapped_0107.jpg,2386.042969,134.982315,0.100369,0.000977,7.365652,train,保留有效视觉差异或作为高质量代表帧,
20,train,train/images/nozzle_tip_wrapped_0108.jpg,0,0,拟保留,train/images/nozzle_tip_wrapped_0108.jpg,2464.152588,132.815109,0.098524,0.000543,7.438115,train,保留有效视觉差异或作为高质量代表帧,
21,test,test/images/nozzle_extrusion_normal_0368.jpg,1,1,拟保留,test/images/nozzle_extrusion_normal_0368.jpg,1700.117554,124.202362,0.110786,0.010634,7.026078,train,保留有效视觉差异或作为高质量代表帧,
21,train,train/images/nozzle_extrusion_normal_0267.jpg,1,1,拟保留,train/images/nozzle_extrusion_normal_0267.jpg,1667.240967,125.359810,0.090603,0.007487,7.091488,train,保留有效视觉差异或作为高质量代表帧,
21,train,train/images/nozzle_extrusion_normal_0298.jpg,1,1,拟保留,train/images/nozzle_extrusion_normal_0298.jpg,1720.190918,119.061523,0.088108,0.010959,7.024867,train,保留有效视觉差异或作为高质量代表帧,
21,train,train/images/nozzle_extrusion_normal_0332.jpg,1,1,拟保留,train/images/nozzle_extrusion_normal_0332.jpg,1734.772949,121.754234,0.098416,0.010308,7.045754,train,保留有效视觉差异或作为高质量代表帧,
21,train,train/images/nozzle_extrusion_normal_0408.jpg,1,1,拟保留,train/images/nozzle_extrusion_normal_0408.jpg,1702.716431,124.073135,0.117622,0.011393,7.003559,train,保留有效视觉差异或作为高质量代表帧,
21,train,train/images/nozzle_extrusion_normal_0447.jpg,1,1,拟保留,train/images/nozzle_extrusion_normal_0447.jpg,1679.442627,125.499130,0.126953,0.012587,6.981703,train,保留有效视觉差异或作为高质量代表帧,
21,train,train/images/nozzle_extrusion_normal_0488.jpg,1,1,拟保留,train/images/nozzle_extrusion_normal_0488.jpg,1671.769897,128.233826,0.138997,0.012587,6.976417,train,保留有效视觉差异或作为高质量代表帧,
22,test,test/images/nozzle_extrusion_normal_0431.jpg,1,1,拟保留,test/images/nozzle_extrusion_normal_0431.jpg,1642.925537,119.896919,0.101454,0.015299,6.943271,train,保留有效视觉差异或作为高质量代表帧,
22,train,train/images/nozzle_extrusion_normal_0391.jpg,1,1,拟保留,train/images/nozzle_extrusion_normal_0391.jpg,1696.597412,122.237305,0.100369,0.012695,7.020430,train,保留有效视觉差异或作为高质量代表帧,
22,train,train/images/nozzle_extrusion_normal_0470.jpg,1,1,拟保留,train/images/nozzle_extrusion_normal_0470.jpg,1692.023926,122.843750,0.109158,0.014865,6.996500,train,保留有效视觉差异或作为高质量代表帧,
22,train,train/images/nozzle_extrusion_normal_0513.jpg,1,1,拟保留,train/images/nozzle_extrusion_normal_0513.jpg,1637.627930,122.702690,0.109375,0.014323,6.962073,train,保留有效视觉差异或作为高质量代表帧,
22,train,train/images/nozzle_extrusion_normal_0556.jpg,1,1,拟保留,train/images/nozzle_extrusion_normal_0556.jpg,1668.674927,125.404190,0.120117,0.014106,6.991261,train,保留有效视觉差异或作为高质量代表帧,
22,val,val/images/nozzle_extrusion_normal_0351.jpg,1,1,拟保留,val/images/nozzle_extrusion_normal_0351.jpg,1728.015991,118.701935,0.092990,0.013021,7.005012,train,保留有效视觉差异或作为高质量代表帧,
22,val,val/images/nozzle_extrusion_normal_0598.jpg,1,1,拟保留,val/images/nozzle_extrusion_normal_0598.jpg,1630.258057,128.253906,0.134006,0.013780,6.963561,train,保留有效视觉差异或作为高质量代表帧,
23,test,test/images/nozzle_no_extrusion_0010.jpg,1,1,拟保留,test/images/nozzle_no_extrusion_0010.jpg,2859.681641,124.625107,0.076823,0.008030,7.659555,train,保留有效视觉差异或作为高质量代表帧,
23,train,train/images/nozzle_no_extrusion_0011.jpg,1,1,拟保留,train/images/nozzle_no_extrusion_0011.jpg,2796.143555,122.039497,0.074978,0.008030,7.602227,train,保留有效视觉差异或作为高质量代表帧,
23,train,train/images/nozzle_no_extrusion_0013.jpg,1,1,拟保留,train/images/nozzle_no_extrusion_0013.jpg,2779.643799,117.889542,0.070530,0.009332,7.542210,train,保留有效视觉差异或作为高质量代表帧,
23,train,train/images/nozzle_no_extrusion_0067.jpg,1,1,拟保留,train/images/nozzle_no_extrusion_0067.jpg,2828.431396,123.981339,0.075412,0.007378,7.644046,train,保留有效视觉差异或作为高质量代表帧,
23,train,train/images/nozzle_no_extrusion_0068.jpg,1,1,拟保留,train/images/nozzle_no_extrusion_0068.jpg,2763.779541,120.643883,0.073242,0.007595,7.574859,train,保留有效视觉差异或作为高质量代表帧,
23,val,val/images/nozzle_no_extrusion_0012.jpg,1,1,拟保留,val/images/nozzle_no_extrusion_0012.jpg,2744.009521,119.452148,0.072049,0.008572,7.550690,train,保留有效视觉差异或作为高质量代表帧,
23,val,val/images/nozzle_no_extrusion_0069.jpg,1,1,拟保留,val/images/nozzle_no_extrusion_0069.jpg,2812.420166,118.684784,0.070530,0.008138,7.568741,train,保留有效视觉差异或作为高质量代表帧,
24,test,test/images/nozzle_tip_wrapped_0223.jpg,0,0,拟保留,test/images/nozzle_tip_wrapped_0223.jpg,2883.538818,129.390732,0.088976,0.056749,7.564965,train,保留有效视觉差异或作为高质量代表帧,
24,test,test/images/nozzle_tip_wrapped_0229.jpg,0,0,拟保留,test/images/nozzle_tip_wrapped_0229.jpg,2834.286621,131.515945,0.094727,0.057726,7.495331,train,保留有效视觉差异或作为高质量代表帧,
24,train,train/images/nozzle_tip_wrapped_0224.jpg,0,0,拟保留,train/images/nozzle_tip_wrapped_0224.jpg,2887.595215,131.126953,0.090169,0.047743,7.553673,train,保留有效视觉差异或作为高质量代表帧,
24,train,train/images/nozzle_tip_wrapped_0226.jpg,0,0,拟保留,train/images/nozzle_tip_wrapped_0226.jpg,2800.409180,135.096359,0.094835,0.037760,7.466971,train,保留有效视觉差异或作为高质量代表帧,
24,train,train/images/nozzle_tip_wrapped_0227.jpg,0,0,拟保留,train/images/nozzle_tip_wrapped_0227.jpg,2794.229004,135.697372,0.096571,0.039497,7.446691,train,保留有效视觉差异或作为高质量代表帧,
24,train,train/images/nozzle_tip_wrapped_0228.jpg,0,0,拟保留,train/images/nozzle_tip_wrapped_0228.jpg,2799.364502,133.731339,0.097656,0.049805,7.455375,train,保留有效视觉差异或作为高质量代表帧,
24,val,val/images/nozzle_tip_wrapped_0225.jpg,0,0,拟保留,val/images/nozzle_tip_wrapped_0225.jpg,3000.282959,134.061737,0.095052,0.037001,7.552923,train,保留有效视觉差异或作为高质量代表帧,
25,test,test/images/nozzle_tip_wrapped_0269.jpg,0,0,拟保留,test/images/nozzle_tip_wrapped_0269.jpg,2382.289551,134.578674,0.097873,0.036784,7.306258,train,保留有效视觉差异或作为高质量代表帧,
25,test,test/images/nozzle_tip_wrapped_0270.jpg,0,0,拟保留,test/images/nozzle_tip_wrapped_0270.jpg,2345.857422,141.750977,0.107639,0.034288,7.154480,train,保留有效视觉差异或作为高质量代表帧,
25,train,train/images/nozzle_tip_wrapped_0271.jpg,0,0,拟保留,train/images/nozzle_tip_wrapped_0271.jpg,2532.258057,144.280060,0.120334,0.035699,7.150485,train,保留有效视觉差异或作为高质量代表帧,
25,train,train/images/nozzle_tip_wrapped_0272.jpg,0,0,拟保留,train/images/nozzle_tip_wrapped_0272.jpg,2825.879639,145.017792,0.117513,0.025174,7.278140,train,保留有效视觉差异或作为高质量代表帧,
25,train,train/images/nozzle_tip_wrapped_0273.jpg,0,0,拟保留,train/images/nozzle_tip_wrapped_0273.jpg,2949.674561,146.204422,0.110243,0.018772,7.337072,train,保留有效视觉差异或作为高质量代表帧,
25,train,train/images/nozzle_tip_wrapped_0274.jpg,0,0,拟保留,train/images/nozzle_tip_wrapped_0274.jpg,3183.540039,147.013245,0.107096,0.021810,7.404072,train,保留有效视觉差异或作为高质量代表帧,
25,train,train/images/nozzle_tip_wrapped_0275.jpg,0,0,拟保留,train/images/nozzle_tip_wrapped_0275.jpg,3060.968506,144.852539,0.106337,0.029080,7.386322,train,保留有效视觉差异或作为高质量代表帧,
26,test,test/images/nozzle_extrusion_normal_0314.jpg,1,1,拟保留,test/images/nozzle_extrusion_normal_0314.jpg,1666.587280,117.628578,0.082574,0.012370,6.984619,train,保留有效视觉差异或作为高质量代表帧,
26,test,test/images/nozzle_extrusion_normal_0386.jpg,1,1,拟保留,test/images/nozzle_extrusion_normal_0386.jpg,1583.775879,121.000328,0.097331,0.013129,6.940578,train,保留有效视觉差异或作为高质量代表帧,
26,train,train/images/nozzle_extrusion_normal_0348.jpg,1,1,拟保留,train/images/nozzle_extrusion_normal_0348.jpg,1638.671753,117.054794,0.087457,0.013238,6.942387,train,保留有效视觉差异或作为高质量代表帧,
26,train,train/images/nozzle_extrusion_normal_0426.jpg,1,1,拟保留,train/images/nozzle_extrusion_normal_0426.jpg,1593.559082,118.628799,0.098850,0.015516,6.900345,train,保留有效视觉差异或作为高质量代表帧,
26,train,train/images/nozzle_extrusion_normal_0508.jpg,1,1,拟保留,train/images/nozzle_extrusion_normal_0508.jpg,1541.117676,122.461151,0.111979,0.015625,6.887180,train,保留有效视觉差异或作为高质量代表帧,
26,val,val/images/nozzle_extrusion_normal_0466.jpg,1,1,拟保留,val/images/nozzle_extrusion_normal_0466.jpg,1582.871094,120.720375,0.105794,0.016276,6.903948,train,保留有效视觉差异或作为高质量代表帧,
27,test,test/images/nozzle_extrusion_normal_0327.jpg,1,1,拟保留,test/images/nozzle_extrusion_normal_0327.jpg,1652.020020,122.571396,0.093207,0.010634,7.024648,train,保留有效视觉差异或作为高质量代表帧,
27,train,train/images/nozzle_extrusion_normal_0363.jpg,1,1,拟保留,train/images/nozzle_extrusion_normal_0363.jpg,1606.915405,124.858070,0.101888,0.011068,7.005802,train,保留有效视觉差异或作为高质量代表帧,
27,train,train/images/nozzle_extrusion_normal_0442.jpg,1,1,拟保留,train/images/nozzle_extrusion_normal_0442.jpg,1630.050171,125.808487,0.115560,0.012804,6.990450,train,保留有效视觉差异或作为高质量代表帧,
27,train,train/images/nozzle_extrusion_normal_0483.jpg,1,1,拟保留,train/images/nozzle_extrusion_normal_0483.jpg,1641.410156,128.500656,0.125543,0.014431,6.990607,train,保留有效视觉差异或作为高质量代表帧,
27,train,train/images/nozzle_extrusion_normal_0526.jpg,1,1,拟保留,train/images/nozzle_extrusion_normal_0526.jpg,1616.674683,130.551102,0.136610,0.012804,6.913446,train,保留有效视觉差异或作为高质量代表帧,
27,val,val/images/nozzle_extrusion_normal_0403.jpg,1,1,拟保留,val/images/nozzle_extrusion_normal_0403.jpg,1637.676147,124.291664,0.108615,0.011936,6.993983,train,保留有效视觉差异或作为高质量代表帧,
28,test,test/images/nozzle_extrusion_normal_0469.jpg,1,1,拟保留,test/images/nozzle_extrusion_normal_0469.jpg,1674.956299,124.649414,0.112739,0.014974,7.003622,train,保留有效视觉差异或作为高质量代表帧,
28,train,train/images/nozzle_extrusion_normal_0390.jpg,1,1,拟保留,train/images/nozzle_extrusion_normal_0390.jpg,1781.561523,123.616104,0.102973,0.012695,7.082998,train,保留有效视觉差异或作为高质量代表帧,
28,train,train/images/nozzle_extrusion_normal_0430.jpg,1,1,拟保留,train/images/nozzle_extrusion_normal_0430.jpg,1700.885254,121.829750,0.105794,0.015299,6.995100,train,保留有效视觉差异或作为高质量代表帧,
28,train,train/images/nozzle_extrusion_normal_0512.jpg,1,1,拟保留,train/images/nozzle_extrusion_normal_0512.jpg,1708.387085,124.408203,0.113715,0.014323,7.017977,train,保留有效视觉差异或作为高质量代表帧,
28,train,train/images/nozzle_extrusion_normal_0555.jpg,1,1,拟保留,train/images/nozzle_extrusion_normal_0555.jpg,1704.377686,127.351776,0.125434,0.015191,7.024729,train,保留有效视觉差异或作为高质量代表帧,
28,train,train/images/nozzle_extrusion_normal_0597.jpg,1,1,拟保留,train/images/nozzle_extrusion_normal_0597.jpg,1628.597412,130.450409,0.140516,0.013889,6.908473,train,保留有效视觉差异或作为高质量代表帧,
29,test,test/images/nozzle_extrusion_normal_1076.jpg,1,1,拟保留,test/images/nozzle_extrusion_normal_1076.jpg,1593.711792,117.355255,0.102431,0.028646,6.843541,train,保留有效视觉差异或作为高质量代表帧,
29,train,train/images/nozzle_extrusion_normal_0992.jpg,1,1,拟保留,train/images/nozzle_extrusion_normal_0992.jpg,1695.171997,118.678925,0.100260,0.028646,6.932415,train,保留有效视觉差异或作为高质量代表帧,
29,train,train/images/nozzle_extrusion_normal_1012.jpg,1,1,拟保留,train/images/nozzle_extrusion_normal_1012.jpg,1714.554810,120.019745,0.103299,0.027669,6.957566,train,保留有效视觉差异或作为高质量代表帧,
29,train,train/images/nozzle_extrusion_normal_1122.jpg,1,1,拟保留,train/images/nozzle_extrusion_normal_1122.jpg,1585.667847,118.807617,0.104492,0.032010,6.848265,train,保留有效视觉差异或作为高质量代表帧,
29,val,val/images/nozzle_extrusion_normal_0950.jpg,1,1,拟保留,val/images/nozzle_extrusion_normal_0950.jpg,1770.304565,125.866104,0.133681,0.025282,6.994524,train,保留有效视觉差异或作为高质量代表帧,
29,val,val/images/nozzle_extrusion_normal_0971.jpg,1,1,拟保留,val/images/nozzle_extrusion_normal_0971.jpg,1788.110840,124.173393,0.116319,0.024414,7.031897,train,保留有效视觉差异或作为高质量代表帧,
30,test,test/images/nozzle_no_extrusion_0185.jpg,1,1,拟保留,test/images/nozzle_no_extrusion_0185.jpg,2146.752441,118.935760,0.064236,0.009983,7.317875,train,保留有效视觉差异或作为高质量代表帧,
30,train,train/images/nozzle_no_extrusion_0225.jpg,1,1,拟保留,train/images/nozzle_no_extrusion_0225.jpg,2239.272705,118.692055,0.064779,0.009440,7.355700,train,保留有效视觉差异或作为高质量代表帧,
30,train,train/images/nozzle_no_extrusion_0262.jpg,1,1,拟删除,train/images/nozzle_no_extrusion_0378.jpg,2176.950928,118.435875,0.063368,0.009657,7.327282,删除,与质量更好的代表帧同时满足整图、目标区域和框IoU阈值,
30,train,train/images/nozzle_no_extrusion_0300.jpg,1,1,拟删除,train/images/nozzle_no_extrusion_0378.jpg,2185.693604,118.350693,0.063802,0.009657,7.328655,删除,与质量更好的代表帧同时满足整图、目标区域和框IoU阈值,
30,train,train/images/nozzle_no_extrusion_0341.jpg,1,1,拟删除,train/images/nozzle_no_extrusion_0378.jpg,2196.651367,117.933380,0.063477,0.009332,7.328761,删除,与质量更好的代表帧同时满足整图、目标区域和框IoU阈值,
30,train,train/images/nozzle_no_extrusion_0378.jpg,1,1,拟保留,train/images/nozzle_no_extrusion_0378.jpg,2204.369385,118.088326,0.063585,0.009549,7.333928,train,保留有效视觉差异或作为高质量代表帧,
31,test,test/images/nozzle_no_extrusion_0368.jpg,1,1,拟删除,train/images/nozzle_no_extrusion_0331.jpg,2196.416504,117.514214,0.061632,0.009766,7.326770,删除,与质量更好的代表帧同时满足整图、目标区域和框IoU阈值,
31,train,train/images/nozzle_no_extrusion_0175.jpg,1,1,拟保留,train/images/nozzle_no_extrusion_0175.jpg,2206.359375,123.361221,0.065104,0.008572,7.414615,val,保留有效视觉差异或作为高质量代表帧,
31,train,train/images/nozzle_no_extrusion_0176.jpg,1,1,拟保留,train/images/nozzle_no_extrusion_0176.jpg,2191.250000,115.744904,0.059787,0.009440,7.302956,val,保留有效视觉差异或作为高质量代表帧,
31,train,train/images/nozzle_no_extrusion_0290.jpg,1,1,拟删除,train/images/nozzle_no_extrusion_0331.jpg,2220.844482,117.423615,0.061849,0.009983,7.335325,删除,与质量更好的代表帧同时满足整图、目标区域和框IoU阈值,
31,train,train/images/nozzle_no_extrusion_0331.jpg,1,1,拟保留,train/images/nozzle_no_extrusion_0331.jpg,2227.706543,117.310547,0.061957,0.009549,7.337184,val,保留有效视觉差异或作为高质量代表帧,
31,val,val/images/nozzle_no_extrusion_0253.jpg,1,1,拟删除,train/images/nozzle_no_extrusion_0331.jpg,2188.624268,118.203995,0.061632,0.009332,7.334864,删除,与质量更好的代表帧同时满足整图、目标区域和框IoU阈值,
32,test,test/images/nozzle_no_extrusion_0373.jpg,1,1,拟保留,test/images/nozzle_no_extrusion_0373.jpg,976.877991,125.538414,0.062391,0.010634,6.638481,train,保留有效视觉差异或作为高质量代表帧,
32,train,train/images/nozzle_no_extrusion_0180.jpg,1,1,拟保留,train/images/nozzle_no_extrusion_0180.jpg,942.118713,124.892792,0.060764,0.010308,6.597734,train,保留有效视觉差异或作为高质量代表帧,
32,train,train/images/nozzle_no_extrusion_0220.jpg,1,1,拟保留,train/images/nozzle_no_extrusion_0220.jpg,952.452332,125.608185,0.062609,0.010200,6.614492,train,保留有效视觉差异或作为高质量代表帧,
32,train,train/images/nozzle_no_extrusion_0257.jpg,1,1,拟保留,train/images/nozzle_no_extrusion_0257.jpg,950.702271,125.942818,0.062934,0.009657,6.617992,train,保留有效视觉差异或作为高质量代表帧,
32,train,train/images/nozzle_no_extrusion_0296.jpg,1,1,拟保留,train/images/nozzle_no_extrusion_0296.jpg,918.754333,123.714516,0.061957,0.010742,6.549789,train,保留有效视觉差异或作为高质量代表帧,
32,train,train/images/nozzle_no_extrusion_0336.jpg,1,1,拟删除,test/images/nozzle_no_extrusion_0373.jpg,963.176453,124.963326,0.062826,0.010525,6.614299,删除,与质量更好的代表帧同时满足整图、目标区域和框IoU阈值,
33,test,test/images/nozzle_tip_wrapped_0083.jpg,0,0,拟保留,test/images/nozzle_tip_wrapped_0083.jpg,3118.899170,142.015839,0.101454,0.018012,7.486172,train,保留有效视觉差异或作为高质量代表帧,
33,test,test/images/nozzle_tip_wrapped_0084.jpg,0,0,拟保留,test/images/nozzle_tip_wrapped_0084.jpg,3023.008057,142.429260,0.105577,0.014323,7.443504,train,保留有效视觉差异或作为高质量代表帧,
33,train,train/images/nozzle_tip_wrapped_0081.jpg,0,0,拟保留,train/images/nozzle_tip_wrapped_0081.jpg,3107.110107,141.304367,0.102539,0.030490,7.465291,train,保留有效视觉差异或作为高质量代表帧,
33,train,train/images/nozzle_tip_wrapped_0082.jpg,0,0,拟保留,train/images/nozzle_tip_wrapped_0082.jpg,3118.885986,141.751297,0.102865,0.024523,7.473049,train,保留有效视觉差异或作为高质量代表帧,
33,train,train/images/nozzle_tip_wrapped_0085.jpg,0,0,拟保留,train/images/nozzle_tip_wrapped_0085.jpg,2900.404785,143.565643,0.116319,0.009766,7.361248,train,保留有效视觉差异或作为高质量代表帧,
33,train,train/images/nozzle_tip_wrapped_0086.jpg,0,0,拟保留,train/images/nozzle_tip_wrapped_0086.jpg,2878.365967,143.268555,0.117188,0.011285,7.352622,train,保留有效视觉差异或作为高质量代表帧,
34,test,test/images/nozzle_extrusion_normal_0746.jpg,1,1,拟保留,test/images/nozzle_extrusion_normal_0746.jpg,2460.253174,111.242188,0.124783,0.024523,7.123191,train,保留有效视觉差异或作为高质量代表帧,
34,train,train/images/nozzle_extrusion_normal_0762.jpg,1,1,拟保留,train/images/nozzle_extrusion_normal_0762.jpg,2065.895996,104.931534,0.130642,0.041233,6.798966,train,保留有效视觉差异或作为高质量代表帧,
34,train,train/images/nozzle_extrusion_normal_0779.jpg,1,1,拟保留,train/images/nozzle_extrusion_normal_0779.jpg,2037.921875,103.809898,0.132487,0.054470,6.735804,train,保留有效视觉差异或作为高质量代表帧,
34,train,train/images/nozzle_extrusion_normal_0811.jpg,1,1,拟保留,train/images/nozzle_extrusion_normal_0811.jpg,1822.770874,106.329865,0.146267,0.054579,6.622106,train,保留有效视觉差异或作为高质量代表帧,
34,train,train/images/nozzle_extrusion_normal_0828.jpg,1,1,拟保留,train/images/nozzle_extrusion_normal_0828.jpg,1728.447021,109.470490,0.149631,0.043945,6.629250,train,保留有效视觉差异或作为高质量代表帧,
35,test,test/images/nozzle_extrusion_normal_0862.jpg,1,1,拟保留,test/images/nozzle_extrusion_normal_0862.jpg,2279.862793,115.760742,0.180556,0.030707,6.937989,train,保留有效视觉差异或作为高质量代表帧,
35,test,test/images/nozzle_extrusion_normal_0901.jpg,1,1,拟保留,test/images/nozzle_extrusion_normal_0901.jpg,2115.760986,112.518227,0.178602,0.047960,6.784012,train,保留有效视觉差异或作为高质量代表帧,
35,train,train/images/nozzle_extrusion_normal_0845.jpg,1,1,拟保留,train/images/nozzle_extrusion_normal_0845.jpg,2725.885742,106.791122,0.155056,0.058702,6.996953,train,保留有效视觉差异或作为高质量代表帧,
35,train,train/images/nozzle_extrusion_normal_0880.jpg,1,1,拟保留,train/images/nozzle_extrusion_normal_0880.jpg,2075.975342,114.031036,0.183377,0.043186,6.783901,train,保留有效视觉差异或作为高质量代表帧,
35,train,train/images/nozzle_extrusion_normal_0899.jpg,1,1,拟保留,train/images/nozzle_extrusion_normal_0899.jpg,2044.564941,123.779945,0.199002,0.025825,6.908836,train,保留有效视觉差异或作为高质量代表帧,
36,test,test/images/nozzle_extrusion_normal_0883.jpg,1,1,拟保留,test/images/nozzle_extrusion_normal_0883.jpg,1593.860840,115.379013,0.125977,0.040473,6.718463,train,保留有效视觉差异或作为高质量代表帧,
36,test,test/images/nozzle_extrusion_normal_0982.jpg,1,1,拟保留,test/images/nozzle_extrusion_normal_0982.jpg,1572.113647,129.643555,0.172526,0.031793,6.753968,train,保留有效视觉差异或作为高质量代表帧,
36,train,train/images/nozzle_extrusion_normal_0904.jpg,1,1,拟保留,train/images/nozzle_extrusion_normal_0904.jpg,1601.105225,119.799805,0.137912,0.033420,6.770369,train,保留有效视觉差异或作为高质量代表帧,
36,val,val/images/nozzle_extrusion_normal_0941.jpg,1,1,拟保留,val/images/nozzle_extrusion_normal_0941.jpg,1572.829590,125.869354,0.158529,0.032552,6.787286,train,保留有效视觉差异或作为高质量代表帧,
36,val,val/images/nozzle_extrusion_normal_0961.jpg,1,1,拟保留,val/images/nozzle_extrusion_normal_0961.jpg,1628.481934,128.208435,0.158095,0.032661,6.853156,train,保留有效视觉差异或作为高质量代表帧,
37,test,test/images/nozzle_extrusion_normal_0919.jpg,1,1,拟保留,test/images/nozzle_extrusion_normal_0919.jpg,1698.551392,125.484047,0.223958,0.029080,6.668773,train,保留有效视觉差异或作为高质量代表帧,
37,train,train/images/nozzle_extrusion_normal_0879.jpg,1,1,拟保留,train/images/nozzle_extrusion_normal_0879.jpg,1755.594604,126.415909,0.213650,0.026259,6.752913,train,保留有效视觉差异或作为高质量代表帧,
37,train,train/images/nozzle_extrusion_normal_0881.jpg,1,1,拟保留,train/images/nozzle_extrusion_normal_0881.jpg,1861.949829,110.388458,0.170464,0.053385,6.636572,train,保留有效视觉差异或作为高质量代表帧,
37,train,train/images/nozzle_extrusion_normal_0898.jpg,1,1,拟保留,train/images/nozzle_extrusion_normal_0898.jpg,1707.927368,127.847443,0.218750,0.023763,6.737461,train,保留有效视觉差异或作为高质量代表帧,
37,train,train/images/nozzle_extrusion_normal_0902.jpg,1,1,拟保留,train/images/nozzle_extrusion_normal_0902.jpg,1807.657959,114.207138,0.182834,0.044162,6.648000,train,保留有效视觉差异或作为高质量代表帧,
38,test,test/images/nozzle_extrusion_normal_0955.jpg,1,1,拟保留,test/images/nozzle_extrusion_normal_0955.jpg,1688.446655,133.021484,0.236111,0.023655,6.598053,train,保留有效视觉差异或作为高质量代表帧,
38,train,train/images/nozzle_extrusion_normal_0936.jpg,1,1,拟保留,train/images/nozzle_extrusion_normal_0936.jpg,1688.670410,133.062927,0.240234,0.022895,6.586687,train,保留有效视觉差异或作为高质量代表帧,
38,train,train/images/nozzle_extrusion_normal_0976.jpg,1,1,拟保留,train/images/nozzle_extrusion_normal_0976.jpg,1680.529663,134.148758,0.238715,0.022678,6.569883,train,保留有效视觉差异或作为高质量代表帧,
38,train,train/images/nozzle_extrusion_normal_1022.jpg,1,1,拟保留,train/images/nozzle_extrusion_normal_1022.jpg,1756.511108,125.474396,0.215495,0.039931,6.705846,train,保留有效视觉差异或作为高质量代表帧,
38,val,val/images/nozzle_extrusion_normal_0997.jpg,1,1,拟保留,val/images/nozzle_extrusion_normal_0997.jpg,1655.649048,139.062820,0.251302,0.020616,6.444557,train,保留有效视觉差异或作为高质量代表帧,
39,test,test/images/nozzle_no_extrusion_0250.jpg,1,1,拟删除,train/images/nozzle_no_extrusion_0365.jpg,1047.052734,128.401260,0.065538,0.007812,6.736180,删除,与质量更好的代表帧同时满足整图、目标区域和框IoU阈值,
39,train,train/images/nozzle_no_extrusion_0211.jpg,1,1,拟保留,train/images/nozzle_no_extrusion_0211.jpg,1056.860596,125.760201,0.065538,0.008247,6.715899,train,保留有效视觉差异或作为高质量代表帧,
39,train,train/images/nozzle_no_extrusion_0324.jpg,1,1,拟保留,train/images/nozzle_no_extrusion_0324.jpg,1068.779053,126.082466,0.065104,0.007921,6.734091,train,保留有效视觉差异或作为高质量代表帧,
39,train,train/images/nozzle_no_extrusion_0365.jpg,1,1,拟保留,train/images/nozzle_no_extrusion_0365.jpg,1048.573486,127.719513,0.065104,0.008572,6.739300,train,保留有效视觉差异或作为高质量代表帧,
39,val,val/images/nozzle_no_extrusion_0286.jpg,1,1,拟保留,val/images/nozzle_no_extrusion_0286.jpg,1104.423706,127.550674,0.064887,0.008355,6.789592,train,保留有效视觉差异或作为高质量代表帧,
40,test,test/images/nozzle_tip_wrapped_0071.jpg,0,0,拟保留,test/images/nozzle_tip_wrapped_0071.jpg,3204.275635,131.588547,0.087457,0.041667,7.670779,train,保留有效视觉差异或作为高质量代表帧,
40,train,train/images/nozzle_tip_wrapped_0068.jpg,0,0,拟保留,train/images/nozzle_tip_wrapped_0068.jpg,3388.691650,133.224930,0.099935,0.036458,7.674133,train,保留有效视觉差异或作为高质量代表帧,
40,train,train/images/nozzle_tip_wrapped_0069.jpg,0,0,拟保留,train/images/nozzle_tip_wrapped_0069.jpg,3228.500244,132.790359,0.090495,0.038411,7.656926,train,保留有效视觉差异或作为高质量代表帧,
40,train,train/images/nozzle_tip_wrapped_0070.jpg,0,0,拟保留,train/images/nozzle_tip_wrapped_0070.jpg,3280.296143,133.911560,0.089735,0.032769,7.668882,train,保留有效视觉差异或作为高质量代表帧,
40,val,val/images/nozzle_tip_wrapped_0067.jpg,0,0,拟保留,val/images/nozzle_tip_wrapped_0067.jpg,3363.057861,132.666992,0.102865,0.037652,7.664084,train,保留有效视觉差异或作为高质量代表帧,
41,test,test/images/nozzle_tip_wrapped_0192.jpg,0,0,拟保留,test/images/nozzle_tip_wrapped_0192.jpg,3656.391602,126.214081,0.080729,0.035807,7.862798,train,保留有效视觉差异或作为高质量代表帧,
41,train,train/images/nozzle_tip_wrapped_0184.jpg,0,0,拟保留,train/images/nozzle_tip_wrapped_0184.jpg,3259.682129,126.130753,0.076389,0.036892,7.757533,train,保留有效视觉差异或作为高质量代表帧,
41,train,train/images/nozzle_tip_wrapped_0191.jpg,0,0,拟保留,train/images/nozzle_tip_wrapped_0191.jpg,3704.473877,126.662323,0.081814,0.031576,7.888071,train,保留有效视觉差异或作为高质量代表帧,
41,train,train/images/nozzle_tip_wrapped_0193.jpg,0,0,拟保留,train/images/nozzle_tip_wrapped_0193.jpg,3397.395752,124.487633,0.077257,0.042101,7.760206,train,保留有效视觉差异或作为高质量代表帧,
41,val,val/images/nozzle_tip_wrapped_0180.jpg,0,0,拟保留,val/images/nozzle_tip_wrapped_0180.jpg,2964.349365,121.473305,0.069119,0.051649,7.582115,train,保留有效视觉差异或作为高质量代表帧,
42,test,test/images/nozzle_tip_wrapped_0452.jpg,0,0,拟保留,test/images/nozzle_tip_wrapped_0452.jpg,1697.181885,156.031677,0.166667,0.002279,6.494761,train,保留有效视觉差异或作为高质量代表帧,
42,train,train/images/nozzle_tip_wrapped_0448.jpg,0,0,拟保留,train/images/nozzle_tip_wrapped_0448.jpg,1698.848267,151.800125,0.154839,0.003255,6.595389,train,保留有效视觉差异或作为高质量代表帧,
42,train,train/images/nozzle_tip_wrapped_0449.jpg,0,0,拟保留,train/images/nozzle_tip_wrapped_0449.jpg,1594.296387,152.769104,0.149523,0.000326,6.538579,train,保留有效视觉差异或作为高质量代表帧,
42,train,train/images/nozzle_tip_wrapped_0450.jpg,0,0,拟保留,train/images/nozzle_tip_wrapped_0450.jpg,1661.307617,153.818466,0.157878,0.000543,6.537831,train,保留有效视觉差异或作为高质量代表帧,
42,train,train/images/nozzle_tip_wrapped_0451.jpg,0,0,拟保留,train/images/nozzle_tip_wrapped_0451.jpg,1658.152466,153.866531,0.160156,0.005968,6.517493,train,保留有效视觉差异或作为高质量代表帧,
43,train,train/images/nozzle_extrusion_normal_0265.jpg,1,1,拟保留,train/images/nozzle_extrusion_normal_0265.jpg,1697.762695,128.068253,0.092665,0.007487,7.143620,train,保留有效视觉差异或作为高质量代表帧,
43,train,train/images/nozzle_extrusion_normal_0365.jpg,1,1,拟保留,train/images/nozzle_extrusion_normal_0365.jpg,1699.121948,127.148979,0.108615,0.010525,7.078261,train,保留有效视觉差异或作为高质量代表帧,
43,train,train/images/nozzle_extrusion_normal_0405.jpg,1,1,拟保留,train/images/nozzle_extrusion_normal_0405.jpg,1682.699585,126.784943,0.115234,0.011610,7.040840,train,保留有效视觉差异或作为高质量代表帧,
43,val,val/images/nozzle_extrusion_normal_0296.jpg,1,1,拟保留,val/images/nozzle_extrusion_normal_0296.jpg,1702.698730,121.992294,0.088759,0.011068,7.058275,train,保留有效视觉差异或作为高质量代表帧,
43,val,val/images/nozzle_extrusion_normal_0329.jpg,1,1,拟保留,val/images/nozzle_extrusion_normal_0329.jpg,1675.723145,124.449760,0.098633,0.010525,7.052175,train,保留有效视觉差异或作为高质量代表帧,
44,train,train/images/nozzle_no_extrusion_0247.jpg,1,1,拟删除,train/images/nozzle_no_extrusion_0283.jpg,1134.238037,122.592560,0.059679,0.008681,6.753709,删除,与质量更好的代表帧同时满足整图、目标区域和框IoU阈值,
44,train,train/images/nozzle_no_extrusion_0283.jpg,1,1,拟保留,train/images/nozzle_no_extrusion_0283.jpg,1131.687866,122.865562,0.058919,0.008572,6.758221,train,保留有效视觉差异或作为高质量代表帧,
44,train,train/images/nozzle_no_extrusion_0321.jpg,1,1,拟删除,train/images/nozzle_no_extrusion_0283.jpg,1136.649414,122.699654,0.059570,0.009549,6.756093,删除,与质量更好的代表帧同时满足整图、目标区域和框IoU阈值,
44,train,train/images/nozzle_no_extrusion_0362.jpg,1,1,拟删除,train/images/nozzle_no_extrusion_0283.jpg,1124.767822,122.746307,0.058702,0.008898,6.750230,删除,与质量更好的代表帧同时满足整图、目标区域和框IoU阈值,
44,val,val/images/nozzle_no_extrusion_0208.jpg,1,1,拟保留,val/images/nozzle_no_extrusion_0208.jpg,1154.574951,125.206055,0.060872,0.008572,6.808937,train,保留有效视觉差异或作为高质量代表帧,
45,test,test/images/nozzle_extrusion_normal_0137.jpg,1,1,拟保留,test/images/nozzle_extrusion_normal_0137.jpg,1485.379761,123.668839,0.113932,0.010742,6.873143,train,保留有效视觉差异或作为高质量代表帧,
45,train,train/images/nozzle_extrusion_normal_0117.jpg,1,1,拟保留,train/images/nozzle_extrusion_normal_0117.jpg,1450.505371,121.917534,0.109809,0.010851,6.834189,train,保留有效视觉差异或作为高质量代表帧,
45,train,train/images/nozzle_extrusion_normal_0205.jpg,1,1,拟保留,train/images/nozzle_extrusion_normal_0205.jpg,1439.340576,116.603081,0.096897,0.014106,6.775656,train,保留有效视觉差异或作为高质量代表帧,
45,train,train/images/nozzle_extrusion_normal_0232.jpg,1,1,拟保留,train/images/nozzle_extrusion_normal_0232.jpg,1467.624878,120.801430,0.104818,0.014974,6.835203,train,保留有效视觉差异或作为高质量代表帧,
46,test,test/images/nozzle_extrusion_normal_0178.jpg,1,1,拟保留,test/images/nozzle_extrusion_normal_0178.jpg,1385.386108,135.793289,0.136610,0.009766,6.683324,train,保留有效视觉差异或作为高质量代表帧,
46,train,train/images/nozzle_extrusion_normal_0156.jpg,1,1,拟保留,train/images/nozzle_extrusion_normal_0156.jpg,1470.025879,132.850266,0.142687,0.011176,6.767518,train,保留有效视觉差异或作为高质量代表帧,
46,train,train/images/nozzle_extrusion_normal_0229.jpg,1,1,拟保留,train/images/nozzle_extrusion_normal_0229.jpg,1384.171997,133.453339,0.135525,0.010634,6.720528,train,保留有效视觉差异或作为高质量代表帧,
46,val,val/images/nozzle_extrusion_normal_0203.jpg,1,1,拟保留,val/images/nozzle_extrusion_normal_0203.jpg,1408.281738,133.086700,0.136176,0.009332,6.744164,train,保留有效视觉差异或作为高质量代表帧,
47,test,test/images/nozzle_extrusion_normal_0487.jpg,1,1,拟保留,test/images/nozzle_extrusion_normal_0487.jpg,1626.461548,129.278320,0.138563,0.012478,6.934156,train,保留有效视觉差异或作为高质量代表帧,
47,train,train/images/nozzle_extrusion_normal_0446.jpg,1,1,拟保留,train/images/nozzle_extrusion_normal_0446.jpg,1617.912231,126.449005,0.127604,0.012153,6.958157,train,保留有效视觉差异或作为高质量代表帧,
47,val,val/images/nozzle_extrusion_normal_0367.jpg,1,1,拟保留,val/images/nozzle_extrusion_normal_0367.jpg,1632.658813,125.338219,0.111328,0.010525,7.001952,train,保留有效视觉差异或作为高质量代表帧,
47,val,val/images/nozzle_extrusion_normal_0407.jpg,1,1,拟保留,val/images/nozzle_extrusion_normal_0407.jpg,1614.343384,125.166016,0.118273,0.011285,6.965635,train,保留有效视觉差异或作为高质量代表帧,
48,test,test/images/nozzle_extrusion_normal_0529.jpg,1,1,拟保留,test/images/nozzle_extrusion_normal_0529.jpg,1723.988281,132.702148,0.147786,0.012695,6.910754,train,保留有效视觉差异或作为高质量代表帧,
48,train,train/images/nozzle_extrusion_normal_0486.jpg,1,1,拟保留,train/images/nozzle_extrusion_normal_0486.jpg,1711.499146,130.597000,0.137370,0.013238,6.966546,train,保留有效视觉差异或作为高质量代表帧,
48,train,train/images/nozzle_extrusion_normal_0572.jpg,1,1,拟保留,train/images/nozzle_extrusion_normal_0572.jpg,2074.562744,124.905708,0.140842,0.014540,7.138033,train,保留有效视觉差异或作为高质量代表帧,
48,val,val/images/nozzle_extrusion_normal_0445.jpg,1,1,拟保留,val/images/nozzle_extrusion_normal_0445.jpg,1706.711182,128.278748,0.124023,0.012587,7.041310,train,保留有效视觉差异或作为高质量代表帧,
49,test,test/images/nozzle_extrusion_normal_0795.jpg,1,1,拟保留,test/images/nozzle_extrusion_normal_0795.jpg,1751.180664,106.892685,0.132378,0.049805,6.642070,train,保留有效视觉差异或作为高质量代表帧,
49,test,test/images/nozzle_extrusion_normal_0812.jpg,1,1,拟保留,test/images/nozzle_extrusion_normal_0812.jpg,1739.771606,108.383354,0.136610,0.046658,6.652427,train,保留有效视觉差异或作为高质量代表帧,
49,train,train/images/nozzle_extrusion_normal_0763.jpg,1,1,拟保留,train/images/nozzle_extrusion_normal_0763.jpg,1965.602051,106.238388,0.129015,0.043186,6.770622,train,保留有效视觉差异或作为高质量代表帧,
49,val,val/images/nozzle_extrusion_normal_0780.jpg,1,1,拟保留,val/images/nozzle_extrusion_normal_0780.jpg,1816.940552,105.422958,0.129666,0.050673,6.662350,train,保留有效视觉差异或作为高质量代表帧,
50,test,test/images/nozzle_extrusion_normal_0825.jpg,1,1,拟保留,test/images/nozzle_extrusion_normal_0825.jpg,1903.732178,122.783966,0.196832,0.023112,6.833877,train,保留有效视觉差异或作为高质量代表帧,
50,train,train/images/nozzle_extrusion_normal_0809.jpg,1,1,拟保留,train/images/nozzle_extrusion_normal_0809.jpg,2130.128418,116.853729,0.174045,0.026801,6.914509,train,保留有效视觉差异或作为高质量代表帧,
50,train,train/images/nozzle_extrusion_normal_0827.jpg,1,1,拟保留,train/images/nozzle_extrusion_normal_0827.jpg,2004.450928,108.063911,0.156684,0.043294,6.735482,train,保留有效视觉差异或作为高质量代表帧,
50,val,val/images/nozzle_extrusion_normal_0843.jpg,1,1,拟保留,val/images/nozzle_extrusion_normal_0843.jpg,1801.072266,124.466690,0.205729,0.024631,6.775035,train,保留有效视觉差异或作为高质量代表帧,
51,test,test/images/nozzle_extrusion_normal_0863.jpg,1,1,拟保留,test/images/nozzle_extrusion_normal_0863.jpg,2076.873291,110.690536,0.168186,0.044705,6.774673,train,保留有效视觉差异或作为高质量代表帧,
51,train,train/images/nozzle_extrusion_normal_0826.jpg,1,1,拟保留,train/images/nozzle_extrusion_normal_0826.jpg,2503.291016,111.417969,0.159397,0.042101,7.004275,train,保留有效视觉差异或作为高质量代表帧,
51,train,train/images/nozzle_extrusion_normal_0844.jpg,1,1,拟保留,train/images/nozzle_extrusion_normal_0844.jpg,2205.939941,114.630753,0.176758,0.035265,6.889665,train,保留有效视觉差异或作为高质量代表帧,
51,train,train/images/nozzle_extrusion_normal_0846.jpg,1,1,拟保留,train/images/nozzle_extrusion_normal_0846.jpg,2090.393311,107.021156,0.160916,0.055664,6.723716,train,保留有效视觉差异或作为高质量代表帧,
52,test,test/images/nozzle_extrusion_normal_0945.jpg,1,1,拟保留,test/images/nozzle_extrusion_normal_0945.jpg,1860.787109,108.231339,0.069553,0.041016,6.929717,train,保留有效视觉差异或作为高质量代表帧,
52,train,train/images/nozzle_extrusion_normal_0887.jpg,1,1,拟保留,train/images/nozzle_extrusion_normal_0887.jpg,1775.984009,106.353622,0.072483,0.041341,6.844318,train,保留有效视觉差异或作为高质量代表帧,
52,train,train/images/nozzle_extrusion_normal_0965.jpg,1,1,拟保留,train/images/nozzle_extrusion_normal_0965.jpg,1811.232056,108.784828,0.063477,0.037543,6.936561,train,保留有效视觉差异或作为高质量代表帧,
52,val,val/images/nozzle_extrusion_normal_0908.jpg,1,1,拟保留,val/images/nozzle_extrusion_normal_0908.jpg,1734.253296,112.822914,0.091254,0.034722,6.878559,train,保留有效视觉差异或作为高质量代表帧,
53,test,test/images/nozzle_extrusion_normal_1038.jpg,1,1,拟保留,test/images/nozzle_extrusion_normal_1038.jpg,1942.534668,119.691513,0.175781,0.042535,6.830030,train,保留有效视觉差异或作为高质量代表帧,
53,test,test/images/nozzle_extrusion_normal_1040.jpg,1,1,拟保留,test/images/nozzle_extrusion_normal_1040.jpg,1964.015869,115.338104,0.169922,0.050890,6.773868,train,保留有效视觉差异或作为高质量代表帧,
53,train,train/images/nozzle_extrusion_normal_1019.jpg,1,1,拟保留,train/images/nozzle_extrusion_normal_1019.jpg,2054.074463,116.573570,0.165690,0.045573,6.861313,train,保留有效视觉差异或作为高质量代表帧,
53,train,train/images/nozzle_extrusion_normal_1063.jpg,1,1,拟保留,train/images/nozzle_extrusion_normal_1063.jpg,1895.093262,117.262909,0.178819,0.060872,6.721581,train,保留有效视觉差异或作为高质量代表帧,
54,test,test/images/nozzle_extrusion_normal_1095.jpg,1,1,拟保留,test/images/nozzle_extrusion_normal_1095.jpg,2478.040283,133.435974,0.180013,0.033637,7.123376,train,保留有效视觉差异或作为高质量代表帧,
54,train,train/images/nozzle_extrusion_normal_1118.jpg,1,1,拟保留,train/images/nozzle_extrusion_normal_1118.jpg,2409.736816,134.487854,0.178819,0.033963,7.081931,train,保留有效视觉差异或作为高质量代表帧,
54,train,train/images/nozzle_extrusion_normal_1141.jpg,1,1,拟保留,train/images/nozzle_extrusion_normal_1141.jpg,2295.112305,135.154083,0.180447,0.032986,7.019877,train,保留有效视觉差异或作为高质量代表帧,
54,train,train/images/nozzle_extrusion_normal_1167.jpg,1,1,拟保留,train/images/nozzle_extrusion_normal_1167.jpg,2279.636475,131.657440,0.171007,0.036350,7.089342,train,保留有效视觉差异或作为高质量代表帧,
55,test,test/images/nozzle_extrusion_normal_1165.jpg,1,1,拟保留,test/images/nozzle_extrusion_normal_1165.jpg,1755.269531,118.497719,0.081272,0.043403,6.991853,train,保留有效视觉差异或作为高质量代表帧,
55,train,train/images/nozzle_extrusion_normal_1140.jpg,1,1,拟保留,train/images/nozzle_extrusion_normal_1140.jpg,1829.936279,126.860786,0.139323,0.035048,7.006718,train,保留有效视觉差异或作为高质量代表帧,
55,train,train/images/nozzle_extrusion_normal_1191.jpg,1,1,拟保留,train/images/nozzle_extrusion_normal_1191.jpg,1766.722046,117.298286,0.073459,0.045356,6.999143,train,保留有效视觉差异或作为高质量代表帧,
55,val,val/images/nozzle_extrusion_normal_1117.jpg,1,1,拟保留,val/images/nozzle_extrusion_normal_1117.jpg,1924.683960,125.822159,0.144206,0.035482,7.025427,train,保留有效视觉差异或作为高质量代表帧,
56,test,test/images/nozzle_no_extrusion_0065.jpg,1,1,拟保留,test/images/nozzle_no_extrusion_0065.jpg,2810.413330,125.981659,0.074761,0.007270,7.671082,train,保留有效视觉差异或作为高质量代表帧,
56,train,train/images/nozzle_no_extrusion_0008.jpg,1,1,拟保留,train/images/nozzle_no_extrusion_0008.jpg,2790.958008,123.817169,0.074978,0.008247,7.627714,train,保留有效视觉差异或作为高质量代表帧,
56,train,train/images/nozzle_no_extrusion_0015.jpg,1,1,拟保留,train/images/nozzle_no_extrusion_0015.jpg,2668.412109,116.611656,0.068142,0.009332,7.488580,train,保留有效视觉差异或作为高质量代表帧,
56,train,train/images/nozzle_no_extrusion_0071.jpg,1,1,拟保留,train/images/nozzle_no_extrusion_0071.jpg,2724.686279,117.765190,0.067925,0.008030,7.530722,train,保留有效视觉差异或作为高质量代表帧,
57,test,test/images/nozzle_no_extrusion_0082.jpg,1,1,拟保留,test/images/nozzle_no_extrusion_0082.jpg,2936.560791,122.198677,0.077040,0.008247,7.647076,train,保留有效视觉差异或作为高质量代表帧,
57,train,train/images/nozzle_no_extrusion_0027.jpg,1,1,拟保留,train/images/nozzle_no_extrusion_0027.jpg,2896.744385,122.412544,0.077257,0.008030,7.636554,train,保留有效视觉差异或作为高质量代表帧,
57,train,train/images/nozzle_no_extrusion_0031.jpg,1,1,拟保留,train/images/nozzle_no_extrusion_0031.jpg,2874.849365,113.924698,0.069444,0.009440,7.516963,train,保留有效视觉差异或作为高质量代表帧,
57,train,train/images/nozzle_no_extrusion_0086.jpg,1,1,拟保留,train/images/nozzle_no_extrusion_0086.jpg,2867.125732,114.216362,0.069336,0.009006,7.520025,train,保留有效视觉差异或作为高质量代表帧,
58,test,test/images/nozzle_tip_wrapped_0074.jpg,0,0,拟保留,test/images/nozzle_tip_wrapped_0074.jpg,2965.535889,134.412537,0.093967,0.029839,7.553374,train,保留有效视觉差异或作为高质量代表帧,
58,train,train/images/nozzle_tip_wrapped_0072.jpg,0,0,拟保留,train/images/nozzle_tip_wrapped_0072.jpg,3180.513428,133.202576,0.090061,0.039280,7.635081,train,保留有效视觉差异或作为高质量代表帧,
58,train,train/images/nozzle_tip_wrapped_0073.jpg,0,0,拟保留,train/images/nozzle_tip_wrapped_0073.jpg,3157.430176,134.125763,0.093859,0.030816,7.618908,train,保留有效视觉差异或作为高质量代表帧,
58,train,train/images/nozzle_tip_wrapped_0075.jpg,0,0,拟保留,train/images/nozzle_tip_wrapped_0075.jpg,2978.382080,136.860031,0.101888,0.027235,7.500899,train,保留有效视觉差异或作为高质量代表帧,
59,test,test/images/nozzle_tip_wrapped_0080.jpg,0,0,拟保留,test/images/nozzle_tip_wrapped_0080.jpg,3013.683105,140.285477,0.104167,0.037543,7.431703,train,保留有效视觉差异或作为高质量代表帧,
59,train,train/images/nozzle_tip_wrapped_0077.jpg,0,0,拟保留,train/images/nozzle_tip_wrapped_0077.jpg,3094.720215,138.262695,0.102105,0.037652,7.495802,train,保留有效视觉差异或作为高质量代表帧,
59,train,train/images/nozzle_tip_wrapped_0078.jpg,0,0,拟保留,train/images/nozzle_tip_wrapped_0078.jpg,2990.604248,136.556091,0.097873,0.044054,7.488149,train,保留有效视觉差异或作为高质量代表帧,
59,val,val/images/nozzle_tip_wrapped_0079.jpg,0,0,拟保留,val/images/nozzle_tip_wrapped_0079.jpg,3097.618896,138.048935,0.100043,0.038411,7.504744,train,保留有效视觉差异或作为高质量代表帧,
60,test,test/images/nozzle_tip_wrapped_0087.jpg,0,0,拟保留,test/images/nozzle_tip_wrapped_0087.jpg,2741.355713,142.526367,0.115777,0.001953,7.338361,val,保留有效视觉差异或作为高质量代表帧,
60,train,train/images/nozzle_tip_wrapped_0088.jpg,0,0,拟保留,train/images/nozzle_tip_wrapped_0088.jpg,2658.725098,140.248367,0.114149,0.001194,7.349762,val,保留有效视觉差异或作为高质量代表帧,
60,train,train/images/nozzle_tip_wrapped_0089.jpg,0,0,拟保留,train/images/nozzle_tip_wrapped_0089.jpg,2648.161377,135.529190,0.093316,0.004232,7.475943,val,保留有效视觉差异或作为高质量代表帧,
60,train,train/images/nozzle_tip_wrapped_0090.jpg,0,0,拟保留,train/images/nozzle_tip_wrapped_0090.jpg,2623.847900,131.045471,0.084201,0.007812,7.556964,val,保留有效视觉差异或作为高质量代表帧,
61,test,test/images/nozzle_tip_wrapped_0169.jpg,0,0,拟保留,test/images/nozzle_tip_wrapped_0169.jpg,2433.020020,115.078339,0.061523,0.077799,7.255229,val,保留有效视觉差异或作为高质量代表帧,
61,train,train/images/nozzle_tip_wrapped_0166.jpg,0,0,拟保留,train/images/nozzle_tip_wrapped_0166.jpg,2138.803711,112.542641,0.059462,0.081923,7.084717,val,保留有效视觉差异或作为高质量代表帧,
61,train,train/images/nozzle_tip_wrapped_0168.jpg,0,0,拟保留,train/images/nozzle_tip_wrapped_0168.jpg,2017.500488,110.723961,0.056207,0.095703,6.980146,val,保留有效视觉差异或作为高质量代表帧,
61,train,train/images/nozzle_tip_wrapped_0170.jpg,0,0,拟保留,train/images/nozzle_tip_wrapped_0170.jpg,2069.031982,116.803711,0.066081,0.086155,7.089826,val,保留有效视觉差异或作为高质量代表帧,
62,test,test/images/nozzle_tip_wrapped_0207.jpg,0,0,拟保留,test/images/nozzle_tip_wrapped_0207.jpg,2367.011475,142.660370,0.089627,0.010959,7.249939,val,保留有效视觉差异或作为高质量代表帧,
62,train,train/images/nozzle_tip_wrapped_0208.jpg,0,0,拟保留,train/images/nozzle_tip_wrapped_0208.jpg,2588.478516,143.115128,0.093316,0.011502,7.320087,val,保留有效视觉差异或作为高质量代表帧,
62,train,train/images/nozzle_tip_wrapped_0211.jpg,0,0,拟保留,train/images/nozzle_tip_wrapped_0211.jpg,2648.984131,140.921661,0.087674,0.016276,7.384835,val,保留有效视觉差异或作为高质量代表帧,
62,val,val/images/nozzle_tip_wrapped_0210.jpg,0,0,拟保留,val/images/nozzle_tip_wrapped_0210.jpg,2368.445557,142.961700,0.089410,0.013889,7.240628,val,保留有效视觉差异或作为高质量代表帧,
63,test,test/images/nozzle_tip_wrapped_0240.jpg,0,0,拟保留,test/images/nozzle_tip_wrapped_0240.jpg,2698.112549,127.671005,0.100477,0.068793,7.456519,val,保留有效视觉差异或作为高质量代表帧,
63,train,train/images/nozzle_tip_wrapped_0238.jpg,0,0,拟保留,train/images/nozzle_tip_wrapped_0238.jpg,2799.404541,126.553925,0.093424,0.069878,7.494894,val,保留有效视觉差异或作为高质量代表帧,
63,train,train/images/nozzle_tip_wrapped_0239.jpg,0,0,拟保留,train/images/nozzle_tip_wrapped_0239.jpg,2770.489502,126.645836,0.097548,0.065538,7.482262,val,保留有效视觉差异或作为高质量代表帧,
63,val,val/images/nozzle_tip_wrapped_0241.jpg,0,0,拟保留,val/images/nozzle_tip_wrapped_0241.jpg,2666.478760,129.985901,0.109375,0.067383,7.394969,val,保留有效视觉差异或作为高质量代表帧,
64,train,train/images/nozzle_extrusion_normal_0357.jpg,1,1,拟保留,train/images/nozzle_extrusion_normal_0357.jpg,1582.504883,112.322479,0.082899,0.011936,6.849865,train,保留有效视觉差异或作为高质量代表帧,
64,train,train/images/nozzle_extrusion_normal_0436.jpg,1,1,拟保留,train/images/nozzle_extrusion_normal_0436.jpg,1583.866821,114.129990,0.098633,0.013672,6.828295,train,保留有效视觉差异或作为高质量代表帧,
64,val,val/images/nozzle_extrusion_normal_0324.jpg,1,1,拟保留,val/images/nozzle_extrusion_normal_0324.jpg,1610.847046,113.999023,0.077691,0.010959,6.911379,train,保留有效视觉差异或作为高质量代表帧,
64,val,val/images/nozzle_extrusion_normal_0397.jpg,1,1,拟保留,val/images/nozzle_extrusion_normal_0397.jpg,1543.923218,113.675781,0.090386,0.012044,6.823666,train,保留有效视觉差异或作为高质量代表帧,
65,train,train/images/nozzle_extrusion_normal_0485.jpg,1,1,拟保留,train/images/nozzle_extrusion_normal_0485.jpg,1629.677734,131.015518,0.134223,0.013346,6.920272,train,保留有效视觉差异或作为高质量代表帧,
65,train,train/images/nozzle_extrusion_normal_0528.jpg,1,1,拟保留,train/images/nozzle_extrusion_normal_0528.jpg,1670.170166,133.349823,0.144965,0.012804,6.877185,train,保留有效视觉差异或作为高质量代表帧,
65,train,train/images/nozzle_extrusion_normal_0571.jpg,1,1,拟保留,train/images/nozzle_extrusion_normal_0571.jpg,2048.828857,128.082794,0.142795,0.013346,7.169140,train,保留有效视觉差异或作为高质量代表帧,
65,val,val/images/nozzle_extrusion_normal_0444.jpg,1,1,拟保留,val/images/nozzle_extrusion_normal_0444.jpg,1681.091187,128.110031,0.121853,0.012804,7.034906,train,保留有效视觉差异或作为高质量代表帧,
66,train,train/images/nozzle_extrusion_normal_0833.jpg,1,1,拟保留,train/images/nozzle_extrusion_normal_0833.jpg,1882.882935,108.644638,0.097656,0.037543,6.870607,train,保留有效视觉差异或作为高质量代表帧,
66,train,train/images/nozzle_extrusion_normal_0852.jpg,1,1,拟保留,train/images/nozzle_extrusion_normal_0852.jpg,1823.055054,109.071938,0.103407,0.036241,6.830362,train,保留有效视觉差异或作为高质量代表帧,
66,train,train/images/nozzle_extrusion_normal_0869.jpg,1,1,拟保留,train/images/nozzle_extrusion_normal_0869.jpg,1770.725952,110.930557,0.105577,0.034397,6.827474,train,保留有效视觉差异或作为高质量代表帧,
66,val,val/images/nozzle_extrusion_normal_0816.jpg,1,1,拟保留,val/images/nozzle_extrusion_normal_0816.jpg,1984.852417,107.487305,0.094076,0.037543,6.915979,train,保留有效视觉差异或作为高质量代表帧,
67,train,train/images/nozzle_extrusion_normal_0947.jpg,1,1,拟保留,train/images/nozzle_extrusion_normal_0947.jpg,1949.247803,127.968315,0.154731,0.030382,7.050260,train,保留有效视觉差异或作为高质量代表帧,
67,train,train/images/nozzle_extrusion_normal_0988.jpg,1,1,拟保留,train/images/nozzle_extrusion_normal_0988.jpg,1909.747437,129.908417,0.158854,0.029297,6.990275,train,保留有效视觉差异或作为高质量代表帧,
67,train,train/images/nozzle_extrusion_normal_1008.jpg,1,1,拟保留,train/images/nozzle_extrusion_normal_1008.jpg,1926.473022,130.041565,0.156576,0.029405,7.003528,train,保留有效视觉差异或作为高质量代表帧,
67,val,val/images/nozzle_extrusion_normal_0967.jpg,1,1,拟保留,val/images/nozzle_extrusion_normal_0967.jpg,1944.118652,128.657654,0.156901,0.030165,7.031769,train,保留有效视觉差异或作为高质量代表帧,
68,train,train/images/nozzle_extrusion_normal_1020.jpg,1,1,拟保留,train/images/nozzle_extrusion_normal_1020.jpg,2304.993652,109.386932,0.140842,0.061957,6.905997,train,保留有效视觉差异或作为高质量代表帧,
68,val,val/images/nozzle_extrusion_normal_1039.jpg,1,1,拟保留,val/images/nozzle_extrusion_normal_1039.jpg,2294.777832,110.316406,0.141276,0.056532,6.925628,train,保留有效视觉差异或作为高质量代表帧,
68,val,val/images/nozzle_extrusion_normal_1062.jpg,1,1,拟保留,val/images/nozzle_extrusion_normal_1062.jpg,2288.669922,106.126190,0.130642,0.074870,6.852718,train,保留有效视觉差异或作为高质量代表帧,
68,val,val/images/nozzle_extrusion_normal_1083.jpg,1,1,拟保留,val/images/nozzle_extrusion_normal_1083.jpg,2217.213379,107.792427,0.130968,0.074653,6.846505,train,保留有效视觉差异或作为高质量代表帧,
69,train,train/images/nozzle_no_extrusion_0028.jpg,1,1,拟保留,train/images/nozzle_no_extrusion_0028.jpg,2865.724854,123.547089,0.078993,0.008030,7.638311,train,保留有效视觉差异或作为高质量代表帧,
69,train,train/images/nozzle_no_extrusion_0030.jpg,1,1,拟保留,train/images/nozzle_no_extrusion_0030.jpg,2817.986328,115.239586,0.070530,0.009440,7.514282,train,保留有效视觉差异或作为高质量代表帧,
69,train,train/images/nozzle_no_extrusion_0085.jpg,1,1,拟保留,train/images/nozzle_no_extrusion_0085.jpg,2858.637451,115.110786,0.070530,0.009006,7.527455,train,保留有效视觉差异或作为高质量代表帧,
69,val,val/images/nozzle_no_extrusion_0083.jpg,1,1,拟保留,val/images/nozzle_no_extrusion_0083.jpg,2854.553223,123.455078,0.079102,0.008138,7.632426,train,保留有效视觉差异或作为高质量代表帧,
70,train,train/images/nozzle_no_extrusion_0032.jpg,1,1,拟保留,train/images/nozzle_no_extrusion_0032.jpg,2889.560059,113.308922,0.068251,0.009440,7.516025,train,保留有效视觉差异或作为高质量代表帧,
70,train,train/images/nozzle_no_extrusion_0081.jpg,1,1,拟保留,train/images/nozzle_no_extrusion_0081.jpg,2951.792725,121.547523,0.075846,0.008138,7.645872,train,保留有效视觉差异或作为高质量代表帧,
70,train,train/images/nozzle_no_extrusion_0087.jpg,1,1,拟保留,train/images/nozzle_no_extrusion_0087.jpg,2902.106201,113.237846,0.068251,0.009006,7.520113,train,保留有效视觉差异或作为高质量代表帧,
70,val,val/images/nozzle_no_extrusion_0026.jpg,1,1,拟保留,val/images/nozzle_no_extrusion_0026.jpg,2960.670410,121.638565,0.075629,0.008138,7.650947,train,保留有效视觉差异或作为高质量代表帧,
71,train,train/images/nozzle_tip_wrapped_0475.jpg,0,0,拟保留,train/images/nozzle_tip_wrapped_0475.jpg,1772.280884,141.462021,0.101562,0.001845,6.961866,val,保留有效视觉差异或作为高质量代表帧,
71,train,train/images/nozzle_tip_wrapped_0476.jpg,0,0,拟保留,train/images/nozzle_tip_wrapped_0476.jpg,1669.952393,140.956375,0.104818,0.005642,6.892968,val,保留有效视觉差异或作为高质量代表帧,
71,train,train/images/nozzle_tip_wrapped_0478.jpg,0,0,拟保留,train/images/nozzle_tip_wrapped_0478.jpg,1586.276611,137.596573,0.117622,0.026584,6.813796,val,保留有效视觉差异或作为高质量代表帧,
71,val,val/images/nozzle_tip_wrapped_0477.jpg,0,0,拟保留,val/images/nozzle_tip_wrapped_0477.jpg,1619.523804,139.857971,0.113173,0.013889,6.837928,val,保留有效视觉差异或作为高质量代表帧,
72,test,test/images/nozzle_extrusion_normal_0179.jpg,1,1,拟保留,test/images/nozzle_extrusion_normal_0179.jpg,1434.941040,135.525070,0.149957,0.009766,6.682595,val,保留有效视觉差异或作为高质量代表帧,
72,train,train/images/nozzle_extrusion_normal_0116.jpg,1,1,拟保留,train/images/nozzle_extrusion_normal_0116.jpg,1512.436279,131.883133,0.141493,0.010525,6.815935,val,保留有效视觉差异或作为高质量代表帧,
72,train,train/images/nozzle_extrusion_normal_0136.jpg,1,1,拟保留,train/images/nozzle_extrusion_normal_0136.jpg,1418.229248,134.042206,0.145508,0.010200,6.706537,val,保留有效视觉差异或作为高质量代表帧,
73,test,test/images/nozzle_extrusion_normal_0185.jpg,1,1,拟保留,test/images/nozzle_extrusion_normal_0185.jpg,1954.709839,144.320526,0.254666,0.013346,6.532810,val,保留有效视觉差异或作为高质量代表帧,
73,train,train/images/nozzle_extrusion_normal_0184.jpg,1,1,拟保留,train/images/nozzle_extrusion_normal_0184.jpg,1725.893311,147.603943,0.256619,0.011502,6.354907,val,保留有效视觉差异或作为高质量代表帧,
73,val,val/images/nozzle_extrusion_normal_0209.jpg,1,1,拟保留,val/images/nozzle_extrusion_normal_0209.jpg,1661.134888,148.511505,0.262804,0.013455,6.280045,val,保留有效视觉差异或作为高质量代表帧,
74,test,test/images/nozzle_extrusion_normal_0221.jpg,1,1,拟保留,test/images/nozzle_extrusion_normal_0221.jpg,2386.603027,93.358727,0.148872,0.213650,6.362860,val,保留有效视觉差异或作为高质量代表帧,
74,train,train/images/nozzle_extrusion_normal_0220.jpg,1,1,拟保留,train/images/nozzle_extrusion_normal_0220.jpg,2457.306885,87.315216,0.103733,0.251085,6.358160,val,保留有效视觉差异或作为高质量代表帧,
74,val,val/images/nozzle_extrusion_normal_0194.jpg,1,1,拟保留,val/images/nozzle_extrusion_normal_0194.jpg,2329.296387,90.060005,0.136719,0.227214,6.296355,val,保留有效视觉差异或作为高质量代表帧,
75,test,test/images/nozzle_extrusion_normal_0300.jpg,1,1,拟保留,test/images/nozzle_extrusion_normal_0300.jpg,1723.465332,117.474823,0.087674,0.010959,7.003277,val,保留有效视觉差异或作为高质量代表帧,
75,train,train/images/nozzle_extrusion_normal_0269.jpg,1,1,拟保留,train/images/nozzle_extrusion_normal_0269.jpg,1788.462891,124.176971,0.090061,0.007487,7.144780,val,保留有效视觉差异或作为高质量代表帧,
75,val,val/images/nozzle_extrusion_normal_0334.jpg,1,1,拟保留,val/images/nozzle_extrusion_normal_0334.jpg,1699.578613,120.368271,0.100043,0.010851,6.997646,val,保留有效视觉差异或作为高质量代表帧,
76,test,test/images/nozzle_extrusion_normal_0330.jpg,1,1,拟保留,test/images/nozzle_extrusion_normal_0330.jpg,1768.156006,123.996857,0.100477,0.010525,7.093226,val,保留有效视觉差异或作为高质量代表帧,
76,train,train/images/nozzle_extrusion_normal_0366.jpg,1,1,拟保留,train/images/nozzle_extrusion_normal_0366.jpg,1755.131958,126.375000,0.109375,0.010525,7.096303,val,保留有效视觉差异或作为高质量代表帧,
76,train,train/images/nozzle_extrusion_normal_0406.jpg,1,1,拟保留,train/images/nozzle_extrusion_normal_0406.jpg,1776.094604,126.391602,0.115560,0.011502,7.087921,val,保留有效视觉差异或作为高质量代表帧,
77,test,test/images/nozzle_extrusion_normal_0347.jpg,1,1,拟保留,test/images/nozzle_extrusion_normal_0347.jpg,1690.458130,115.607422,0.085612,0.012804,6.957269,val,保留有效视觉差异或作为高质量代表帧,
77,train,train/images/nozzle_extrusion_normal_0282.jpg,1,1,拟保留,train/images/nozzle_extrusion_normal_0282.jpg,1778.496582,114.396591,0.073459,0.013129,7.024896,val,保留有效视觉差异或作为高质量代表帧,
77,train,train/images/nozzle_extrusion_normal_0313.jpg,1,1,拟保留,train/images/nozzle_extrusion_normal_0313.jpg,1660.015381,116.209961,0.080621,0.012261,6.964580,val,保留有效视觉差异或作为高质量代表帧,
78,test,test/images/nozzle_extrusion_normal_0371.jpg,1,1,拟保留,test/images/nozzle_extrusion_normal_0371.jpg,1673.683594,124.519859,0.129991,0.010851,6.957327,val,保留有效视觉差异或作为高质量代表帧,
78,test,test/images/nozzle_extrusion_normal_0411.jpg,1,1,拟保留,test/images/nozzle_extrusion_normal_0411.jpg,1654.875732,124.979820,0.139431,0.011393,6.923814,val,保留有效视觉差异或作为高质量代表帧,
78,train,train/images/nozzle_extrusion_normal_0335.jpg,1,1,拟保留,train/images/nozzle_extrusion_normal_0335.jpg,1735.693848,121.771919,0.110460,0.011068,7.008909,val,保留有效视觉差异或作为高质量代表帧,
79,test,test/images/nozzle_extrusion_normal_0389.jpg,1,1,拟保留,test/images/nozzle_extrusion_normal_0389.jpg,1679.763184,124.606117,0.105035,0.012804,7.033262,val,保留有效视觉差异或作为高质量代表帧,
79,train,train/images/nozzle_extrusion_normal_0511.jpg,1,1,拟保留,train/images/nozzle_extrusion_normal_0511.jpg,1690.691040,126.447479,0.119032,0.014648,7.022833,val,保留有效视觉差异或作为高质量代表帧,
79,val,val/images/nozzle_extrusion_normal_0429.jpg,1,1,拟保留,val/images/nozzle_extrusion_normal_0429.jpg,1714.044312,122.982208,0.109809,0.015299,7.008765,val,保留有效视觉差异或作为高质量代表帧,
80,test,test/images/nozzle_extrusion_normal_0399.jpg,1,1,拟保留,test/images/nozzle_extrusion_normal_0399.jpg,1614.935425,118.080948,0.110677,0.011719,6.877215,val,保留有效视觉差异或作为高质量代表帧,
80,train,train/images/nozzle_extrusion_normal_0359.jpg,1,1,拟保留,train/images/nozzle_extrusion_normal_0359.jpg,1646.443481,115.604599,0.098090,0.011719,6.895593,val,保留有效视觉差异或作为高质量代表帧,
80,val,val/images/nozzle_extrusion_normal_0438.jpg,1,1,拟保留,val/images/nozzle_extrusion_normal_0438.jpg,1616.259155,118.727104,0.120443,0.013346,6.855578,val,保留有效视觉差异或作为高质量代表帧,
81,test,test/images/nozzle_extrusion_normal_0410.jpg,1,1,拟保留,test/images/nozzle_extrusion_normal_0410.jpg,1661.884277,123.811523,0.127713,0.011285,6.945156,val,保留有效视觉差异或作为高质量代表帧,
81,train,train/images/nozzle_extrusion_normal_0370.jpg,1,1,拟保留,train/images/nozzle_extrusion_normal_0370.jpg,1672.411011,123.599716,0.116645,0.010742,6.982446,val,保留有效视觉差异或作为高质量代表帧,
81,train,train/images/nozzle_extrusion_normal_0449.jpg,1,1,拟保留,train/images/nozzle_extrusion_normal_0449.jpg,1617.807983,125.265625,0.140408,0.012478,6.900540,val,保留有效视觉差异或作为高质量代表帧,
82,test,test/images/nozzle_extrusion_normal_0420.jpg,1,1,拟保留,test/images/nozzle_extrusion_normal_0420.jpg,1923.180176,105.712456,0.104275,0.020399,6.860388,val,保留有效视觉差异或作为高质量代表帧,
82,train,train/images/nozzle_extrusion_normal_0459.jpg,1,1,拟保留,train/images/nozzle_extrusion_normal_0459.jpg,1961.029907,104.437607,0.106771,0.022786,6.847687,val,保留有效视觉差异或作为高质量代表帧,
82,train,train/images/nozzle_extrusion_normal_0500.jpg,1,1,拟保留,train/images/nozzle_extrusion_normal_0500.jpg,1989.369873,103.758247,0.113715,0.023546,6.829061,val,保留有效视觉差异或作为高质量代表帧,
83,test,test/images/nozzle_extrusion_normal_0433.jpg,1,1,拟保留,test/images/nozzle_extrusion_normal_0433.jpg,1637.282227,115.385201,0.088650,0.014865,6.908616,val,保留有效视觉差异或作为高质量代表帧,
83,train,train/images/nozzle_extrusion_normal_0354.jpg,1,1,拟保留,train/images/nozzle_extrusion_normal_0354.jpg,1770.782349,115.296440,0.085938,0.012804,6.997828,val,保留有效视觉差异或作为高质量代表帧,
83,val,val/images/nozzle_extrusion_normal_0394.jpg,1,1,拟保留,val/images/nozzle_extrusion_normal_0394.jpg,1687.145752,118.404510,0.092014,0.012044,6.981326,val,保留有效视觉差异或作为高质量代表帧,
84,test,test/images/nozzle_extrusion_normal_0519.jpg,1,1,拟保留,test/images/nozzle_extrusion_normal_0519.jpg,1786.773315,107.408966,0.109918,0.019314,6.798610,val,保留有效视觉差异或作为高质量代表帧,
84,train,train/images/nozzle_extrusion_normal_0561.jpg,1,1,拟保留,train/images/nozzle_extrusion_normal_0561.jpg,1712.115723,109.087456,0.122504,0.021267,6.740513,val,保留有效视觉差异或作为高质量代表帧,
84,train,train/images/nozzle_extrusion_normal_0604.jpg,1,1,拟保留,train/images/nozzle_extrusion_normal_0604.jpg,1734.053467,106.600800,0.127387,0.023546,6.695178,val,保留有效视觉差异或作为高质量代表帧,
85,test,test/images/nozzle_extrusion_normal_0743.jpg,1,1,拟保留,test/images/nozzle_extrusion_normal_0743.jpg,1971.540039,126.842667,0.160048,0.022135,7.044580,val,保留有效视觉差异或作为高质量代表帧,
85,train,train/images/nozzle_extrusion_normal_0729.jpg,1,1,拟保留,train/images/nozzle_extrusion_normal_0729.jpg,2001.832764,127.182510,0.153646,0.021810,7.084987,val,保留有效视觉差异或作为高质量代表帧,
85,val,val/images/nozzle_extrusion_normal_0758.jpg,1,1,拟保留,val/images/nozzle_extrusion_normal_0758.jpg,1845.645386,127.698242,0.168077,0.020616,6.970947,val,保留有效视觉差异或作为高质量代表帧,
86,test,test/images/nozzle_extrusion_normal_0943.jpg,1,1,拟保留,test/images/nozzle_extrusion_normal_0943.jpg,1700.572021,121.423180,0.108181,0.030707,6.950586,val,保留有效视觉差异或作为高质量代表帧,
86,test,test/images/nozzle_extrusion_normal_0984.jpg,1,1,拟保留,test/images/nozzle_extrusion_normal_0984.jpg,1631.336792,122.439346,0.112956,0.028971,6.914073,val,保留有效视觉差异或作为高质量代表帧,
86,train,train/images/nozzle_extrusion_normal_0963.jpg,1,1,拟保留,train/images/nozzle_extrusion_normal_0963.jpg,1673.117676,121.298500,0.109701,0.030273,6.928682,val,保留有效视觉差异或作为高质量代表帧,
87,test,test/images/nozzle_extrusion_normal_1089.jpg,1,1,拟保留,test/images/nozzle_extrusion_normal_1089.jpg,1550.992554,131.730362,0.120226,0.027344,6.873643,val,保留有效视觉差异或作为高质量代表帧,
87,test,test/images/nozzle_extrusion_normal_1136.jpg,1,1,拟保留,test/images/nozzle_extrusion_normal_1136.jpg,1508.966064,130.292542,0.120009,0.028103,6.867789,val,保留有效视觉差异或作为高质量代表帧,
87,train,train/images/nozzle_extrusion_normal_1045.jpg,1,1,拟保留,train/images/nozzle_extrusion_normal_1045.jpg,1564.348755,129.876740,0.119575,0.025608,6.916601,val,保留有效视觉差异或作为高质量代表帧,
88,test,test/images/nozzle_extrusion_normal_1178.jpg,1,1,拟保留,test/images/nozzle_extrusion_normal_1178.jpg,1724.132690,142.798508,0.234701,0.025499,6.466733,val,保留有效视觉差异或作为高质量代表帧,
88,train,train/images/nozzle_extrusion_normal_1152.jpg,1,1,拟保留,train/images/nozzle_extrusion_normal_1152.jpg,1741.734009,140.528534,0.224501,0.025825,6.542300,val,保留有效视觉差异或作为高质量代表帧,
88,train,train/images/nozzle_extrusion_normal_1205.jpg,1,1,拟保留,train/images/nozzle_extrusion_normal_1205.jpg,1734.317749,137.428162,0.216688,0.029188,6.603189,val,保留有效视觉差异或作为高质量代表帧,
89,test,test/images/nozzle_extrusion_normal_1415.jpg,1,1,拟保留,test/images/nozzle_extrusion_normal_1415.jpg,2039.456299,130.095383,0.135634,0.054145,7.072997,val,保留有效视觉差异或作为高质量代表帧,
89,train,train/images/nozzle_extrusion_normal_1437.jpg,1,1,拟保留,train/images/nozzle_extrusion_normal_1437.jpg,2124.526367,132.741318,0.145508,0.053711,7.043746,val,保留有效视觉差异或作为高质量代表帧,
89,train,train/images/nozzle_extrusion_normal_1457.jpg,1,1,拟保留,train/images/nozzle_extrusion_normal_1457.jpg,2346.259766,133.004776,0.144531,0.054362,7.140487,val,保留有效视觉差异或作为高质量代表帧,
90,test,test/images/nozzle_no_extrusion_0109.jpg,1,1,拟保留,test/images/nozzle_no_extrusion_0109.jpg,1612.393433,115.220375,0.070312,0.008681,6.958115,val,保留有效视觉差异或作为高质量代表帧,
90,train,train/images/nozzle_no_extrusion_0106.jpg,1,1,拟保留,train/images/nozzle_no_extrusion_0106.jpg,1336.901733,130.989151,0.080729,0.007270,6.895425,val,保留有效视觉差异或作为高质量代表帧,
90,val,val/images/nozzle_no_extrusion_0107.jpg,1,1,拟保留,val/images/nozzle_no_extrusion_0107.jpg,1353.903320,120.532555,0.073134,0.006510,6.862385,val,保留有效视觉差异或作为高质量代表帧,
91,test,test/images/nozzle_no_extrusion_0527.jpg,1,1,拟删除,train/images/nozzle_no_extrusion_0521.jpg,1986.430786,116.598198,0.059245,0.009115,7.220481,删除,与质量更好的代表帧同时满足整图、目标区域和框IoU阈值,
91,train,train/images/nozzle_no_extrusion_0521.jpg,1,1,拟保留,train/images/nozzle_no_extrusion_0521.jpg,1995.254639,116.611977,0.059896,0.009006,7.223391,val,保留有效视觉差异或作为高质量代表帧,
91,train,train/images/nozzle_no_extrusion_0526.jpg,1,1,拟保留,train/images/nozzle_no_extrusion_0526.jpg,2033.533081,109.749352,0.055230,0.010200,7.146766,val,保留有效视觉差异或作为高质量代表帧,
92,test,test/images/nozzle_no_extrusion_0599.jpg,1,1,拟保留,test/images/nozzle_no_extrusion_0599.jpg,2035.933228,112.509224,0.064887,0.009115,7.164267,val,保留有效视觉差异或作为高质量代表帧,
92,train,train/images/nozzle_no_extrusion_0600.jpg,1,1,拟保留,train/images/nozzle_no_extrusion_0600.jpg,1999.026245,105.681427,0.057509,0.012804,7.054054,val,保留有效视觉差异或作为高质量代表帧,
92,val,val/images/nozzle_no_extrusion_0598.jpg,1,1,拟保留,val/images/nozzle_no_extrusion_0598.jpg,2039.017212,121.960396,0.071289,0.008464,7.295550,val,保留有效视觉差异或作为高质量代表帧,
93,test,test/images/nozzle_no_extrusion_0666.jpg,1,1,拟保留,test/images/nozzle_no_extrusion_0666.jpg,1971.152100,112.954208,0.060113,0.008898,7.153656,val,保留有效视觉差异或作为高质量代表帧,
93,val,val/images/nozzle_no_extrusion_0661.jpg,1,1,拟保留,val/images/nozzle_no_extrusion_0661.jpg,2028.531860,113.659943,0.060330,0.008572,7.193363,val,保留有效视觉差异或作为高质量代表帧,
93,val,val/images/nozzle_no_extrusion_0665.jpg,1,1,拟保留,val/images/nozzle_no_extrusion_0665.jpg,2025.248047,108.891495,0.059245,0.009006,7.119624,val,保留有效视觉差异或作为高质量代表帧,
94,test,test/images/nozzle_no_extrusion_0712.jpg,1,1,拟删除,train/images/nozzle_no_extrusion_0705.jpg,1933.220947,117.886505,0.060872,0.009115,7.208590,删除,与质量更好的代表帧同时满足整图、目标区域和框IoU阈值,
94,train,train/images/nozzle_no_extrusion_0705.jpg,1,1,拟保留,train/images/nozzle_no_extrusion_0705.jpg,1942.820679,118.159073,0.060330,0.008681,7.220296,val,保留有效视觉差异或作为高质量代表帧,
94,train,train/images/nozzle_no_extrusion_0711.jpg,1,1,拟保留,train/images/nozzle_no_extrusion_0711.jpg,1945.319092,111.093643,0.055556,0.009874,7.123118,val,保留有效视觉差异或作为高质量代表帧,
95,test,test/images/nozzle_no_extrusion_0825.jpg,1,1,拟保留,test/images/nozzle_no_extrusion_0825.jpg,1300.612061,110.668945,0.066081,0.008898,6.684524,val,保留有效视觉差异或作为高质量代表帧,
95,train,train/images/nozzle_no_extrusion_0833.jpg,1,1,拟保留,train/images/nozzle_no_extrusion_0833.jpg,1531.538696,105.346466,0.060872,0.011176,6.775750,val,保留有效视觉差异或作为高质量代表帧,
95,val,val/images/nozzle_no_extrusion_0834.jpg,1,1,拟保留,val/images/nozzle_no_extrusion_0834.jpg,1473.505615,110.007919,0.063694,0.009549,6.804774,val,保留有效视觉差异或作为高质量代表帧,
96,test,test/images/nozzle_no_extrusion_0869.jpg,1,1,拟保留,test/images/nozzle_no_extrusion_0869.jpg,1921.626099,116.094833,0.058594,0.009657,7.180334,val,保留有效视觉差异或作为高质量代表帧,
96,train,train/images/nozzle_no_extrusion_0868.jpg,1,1,拟保留,train/images/nozzle_no_extrusion_0868.jpg,1981.728394,109.591690,0.054579,0.010525,7.119812,val,保留有效视觉差异或作为高质量代表帧,
96,val,val/images/nozzle_no_extrusion_0862.jpg,1,1,拟保留,val/images/nozzle_no_extrusion_0862.jpg,2007.370483,117.371529,0.060113,0.008898,7.240875,val,保留有效视觉差异或作为高质量代表帧,
97,test,test/images/nozzle_tip_wrapped_0059.jpg,0,0,拟保留,test/images/nozzle_tip_wrapped_0059.jpg,2443.302734,128.964737,0.114475,0.113281,7.216454,train,保留有效视觉差异或作为高质量代表帧,
97,train,train/images/nozzle_tip_wrapped_0057.jpg,0,0,拟保留,train/images/nozzle_tip_wrapped_0057.jpg,2490.580322,129.647141,0.109375,0.107205,7.252401,train,保留有效视觉差异或作为高质量代表帧,
97,train,train/images/nozzle_tip_wrapped_0058.jpg,0,0,拟保留,train/images/nozzle_tip_wrapped_0058.jpg,2431.382324,129.269211,0.111220,0.110135,7.222867,train,保留有效视觉差异或作为高质量代表帧,
98,test,test/images/nozzle_tip_wrapped_0177.jpg,0,0,拟保留,test/images/nozzle_tip_wrapped_0177.jpg,2719.039551,120.192169,0.077148,0.055881,7.443197,val,保留有效视觉差异或作为高质量代表帧,
98,train,train/images/nozzle_tip_wrapped_0171.jpg,0,0,拟保留,train/images/nozzle_tip_wrapped_0171.jpg,2374.658203,114.800568,0.066623,0.076823,7.213273,val,保留有效视觉差异或作为高质量代表帧,
98,val,val/images/nozzle_tip_wrapped_0178.jpg,0,0,拟保留,val/images/nozzle_tip_wrapped_0178.jpg,2610.300537,116.109810,0.072049,0.087023,7.291628,val,保留有效视觉差异或作为高质量代表帧,
99,test,test/images/nozzle_tip_wrapped_0316.jpg,0,0,拟保留,test/images/nozzle_tip_wrapped_0316.jpg,3360.107666,142.005432,0.103516,0.004123,7.582398,val,保留有效视觉差异或作为高质量代表帧,
99,train,train/images/nozzle_tip_wrapped_0314.jpg,0,0,拟保留,train/images/nozzle_tip_wrapped_0314.jpg,3264.222656,139.879562,0.093750,0.015191,7.593833,val,保留有效视觉差异或作为高质量代表帧,
99,train,train/images/nozzle_tip_wrapped_0315.jpg,0,0,拟保留,train/images/nozzle_tip_wrapped_0315.jpg,3284.261963,139.589737,0.101780,0.006185,7.598404,val,保留有效视觉差异或作为高质量代表帧,
100,test,test/images/nozzle_tip_wrapped_0443.jpg,0,0,拟保留,test/images/nozzle_tip_wrapped_0443.jpg,1871.636841,153.171326,0.149306,0.030382,6.633120,val,保留有效视觉差异或作为高质量代表帧,
100,val,val/images/nozzle_tip_wrapped_0442.jpg,0,0,拟保留,val/images/nozzle_tip_wrapped_0442.jpg,1742.232666,152.187714,0.145182,0.003255,6.643506,val,保留有效视觉差异或作为高质量代表帧,
100,val,val/images/nozzle_tip_wrapped_0444.jpg,0,0,拟保留,val/images/nozzle_tip_wrapped_0444.jpg,1904.828003,150.594727,0.149740,0.021810,6.706791,val,保留有效视觉差异或作为高质量代表帧,
101,test,test/images/nozzle_tip_wrapped_0497.jpg,0,0,拟保留,test/images/nozzle_tip_wrapped_0497.jpg,1959.168823,147.301437,0.111979,0.002604,6.938055,val,保留有效视觉差异或作为高质量代表帧,
101,train,train/images/nozzle_tip_wrapped_0496.jpg,0,0,拟保留,train/images/nozzle_tip_wrapped_0496.jpg,2055.441895,145.607529,0.110026,0.001845,7.019848,val,保留有效视觉差异或作为高质量代表帧,
101,train,train/images/nozzle_tip_wrapped_0498.jpg,0,0,拟保留,train/images/nozzle_tip_wrapped_0498.jpg,1812.653198,150.659943,0.113173,0.001953,6.805612,val,保留有效视觉差异或作为高质量代表帧,
102,test,test/images/nozzle_tip_wrapped_1082.jpg,0,0,拟保留,test/images/nozzle_tip_wrapped_1082.jpg,1383.767944,112.673393,0.099718,0.031684,6.631288,val,保留有效视觉差异或作为高质量代表帧,
102,train,train/images/nozzle_tip_wrapped_1069.jpg,0,0,拟保留,train/images/nozzle_tip_wrapped_1069.jpg,1416.782959,117.816841,0.109375,0.027669,6.714274,val,保留有效视觉差异或作为高质量代表帧,
102,train,train/images/nozzle_tip_wrapped_1094.jpg,0,0,拟保留,train/images/nozzle_tip_wrapped_1094.jpg,1372.721802,114.597008,0.111871,0.036024,6.608197,val,保留有效视觉差异或作为高质量代表帧,
103,test,test/images/nozzle_tip_wrapped_1083.jpg,0,0,拟保留,test/images/nozzle_tip_wrapped_1083.jpg,1415.481079,107.260201,0.065647,0.027235,6.680461,val,保留有效视觉差异或作为高质量代表帧,
103,train,train/images/nozzle_tip_wrapped_1070.jpg,0,0,拟保留,train/images/nozzle_tip_wrapped_1070.jpg,1361.951416,107.147247,0.061198,0.026367,6.655255,val,保留有效视觉差异或作为高质量代表帧,
103,train,train/images/nozzle_tip_wrapped_1095.jpg,0,0,拟保留,train/images/nozzle_tip_wrapped_1095.jpg,1383.468994,102.892685,0.068359,0.032552,6.570588,val,保留有效视觉差异或作为高质量代表帧,
104,train,train/images/nozzle_extrusion_normal_0032.jpg,1,1,拟保留,train/images/nozzle_extrusion_normal_0032.jpg,1727.495972,125.611115,0.112847,0.011068,7.057004,val,保留有效视觉差异或作为高质量代表帧,
104,train,train/images/nozzle_extrusion_normal_0038.jpg,1,1,拟保留,train/images/nozzle_extrusion_normal_0038.jpg,1497.299072,123.595490,0.121419,0.011285,6.856438,val,保留有效视觉差异或作为高质量代表帧,
104,val,val/images/nozzle_extrusion_normal_0040.jpg,1,1,拟保留,val/images/nozzle_extrusion_normal_0040.jpg,1553.750000,124.044052,0.125434,0.011285,6.888387,val,保留有效视觉差异或作为高质量代表帧,
105,train,train/images/nozzle_extrusion_normal_0037.jpg,1,1,拟保留,train/images/nozzle_extrusion_normal_0037.jpg,1719.942627,132.258469,0.136719,0.011285,6.951363,val,保留有效视觉差异或作为高质量代表帧,
105,train,train/images/nozzle_extrusion_normal_0041.jpg,1,1,拟保留,train/images/nozzle_extrusion_normal_0041.jpg,1695.659180,133.063583,0.148872,0.011285,6.888114,val,保留有效视觉差异或作为高质量代表帧,
105,val,val/images/nozzle_extrusion_normal_0033.jpg,1,1,拟保留,val/images/nozzle_extrusion_normal_0033.jpg,1856.496094,133.646057,0.128906,0.010851,7.030345,val,保留有效视觉差异或作为高质量代表帧,
106,train,train/images/nozzle_extrusion_normal_0097.jpg,1,1,拟保留,train/images/nozzle_extrusion_normal_0097.jpg,1431.714111,129.309357,0.123372,0.011393,6.853964,val,保留有效视觉差异或作为高质量代表帧,
106,train,train/images/nozzle_extrusion_normal_0115.jpg,1,1,拟保留,train/images/nozzle_extrusion_normal_0115.jpg,1444.841797,128.941956,0.120877,0.011610,6.875878,val,保留有效视觉差异或作为高质量代表帧,
106,val,val/images/nozzle_extrusion_normal_0202.jpg,1,1,拟保留,val/images/nozzle_extrusion_normal_0202.jpg,1357.301147,134.083221,0.134983,0.008898,6.696197,val,保留有效视觉差异或作为高质量代表帧,
107,train,train/images/nozzle_extrusion_normal_0777.jpg,1,1,拟保留,train/images/nozzle_extrusion_normal_0777.jpg,2292.933350,113.342125,0.149631,0.027235,7.005630,val,保留有效视觉差异或作为高质量代表帧,
107,train,train/images/nozzle_extrusion_normal_0793.jpg,1,1,拟保留,train/images/nozzle_extrusion_normal_0793.jpg,2053.827148,119.532333,0.173828,0.024848,6.924459,val,保留有效视觉差异或作为高质量代表帧,
107,val,val/images/nozzle_extrusion_normal_0761.jpg,1,1,拟保留,val/images/nozzle_extrusion_normal_0761.jpg,2492.332275,111.066193,0.133572,0.024631,7.106806,val,保留有效视觉差异或作为高质量代表帧,
108,train,train/images/nozzle_extrusion_normal_0891.jpg,1,1,拟保留,train/images/nozzle_extrusion_normal_0891.jpg,1944.202759,129.933380,0.159722,0.025499,7.012748,val,保留有效视觉差异或作为高质量代表帧,
108,train,train/images/nozzle_extrusion_normal_0931.jpg,1,1,拟保留,train/images/nozzle_extrusion_normal_0931.jpg,1855.572998,128.687927,0.152995,0.023655,7.009445,val,保留有效视觉差异或作为高质量代表帧,
108,val,val/images/nozzle_extrusion_normal_0949.jpg,1,1,拟保留,val/images/nozzle_extrusion_normal_0949.jpg,1739.509521,129.492950,0.153212,0.025282,6.928406,val,保留有效视觉差异或作为高质量代表帧,
109,train,train/images/nozzle_extrusion_normal_0939.jpg,1,1,拟保留,train/images/nozzle_extrusion_normal_0939.jpg,1768.048950,115.026367,0.189236,0.051649,6.604477,val,保留有效视觉差异或作为高质量代表帧,
109,train,train/images/nozzle_extrusion_normal_0959.jpg,1,1,拟保留,train/images/nozzle_extrusion_normal_0959.jpg,1771.805786,116.786896,0.193142,0.051866,6.621954,val,保留有效视觉差异或作为高质量代表帧,
109,val,val/images/nozzle_extrusion_normal_0980.jpg,1,1,拟保留,val/images/nozzle_extrusion_normal_0980.jpg,1786.032104,117.560219,0.196506,0.051107,6.633458,val,保留有效视觉差异或作为高质量代表帧,
110,train,train/images/nozzle_extrusion_normal_1151.jpg,1,1,拟保留,train/images/nozzle_extrusion_normal_1151.jpg,1587.660767,154.687180,0.292643,0.025499,6.024732,val,保留有效视觉差异或作为高质量代表帧,
110,train,train/images/nozzle_extrusion_normal_1177.jpg,1,1,拟保留,train/images/nozzle_extrusion_normal_1177.jpg,1598.771851,157.142258,0.301649,0.024848,5.967624,val,保留有效视觉差异或作为高质量代表帧,
110,val,val/images/nozzle_extrusion_normal_1204.jpg,1,1,拟保留,val/images/nozzle_extrusion_normal_1204.jpg,1613.193359,151.422745,0.277344,0.026910,6.134760,val,保留有效视觉差异或作为高质量代表帧,
111,train,train/images/nozzle_extrusion_normal_1183.jpg,1,1,拟保留,train/images/nozzle_extrusion_normal_1183.jpg,1758.111816,129.901917,0.210286,0.043186,6.725616,val,保留有效视觉差异或作为高质量代表帧,
111,train,train/images/nozzle_extrusion_normal_1211.jpg,1,1,拟保留,train/images/nozzle_extrusion_normal_1211.jpg,1762.858032,129.427948,0.205295,0.047743,6.741576,val,保留有效视觉差异或作为高质量代表帧,
111,val,val/images/nozzle_extrusion_normal_1158.jpg,1,1,拟保留,val/images/nozzle_extrusion_normal_1158.jpg,1722.856445,131.091583,0.223524,0.040907,6.651626,val,保留有效视觉差异或作为高质量代表帧,
112,train,train/images/nozzle_extrusion_normal_1197.jpg,1,1,拟保留,train/images/nozzle_extrusion_normal_1197.jpg,1687.647583,120.666016,0.100586,0.036567,6.942198,val,保留有效视觉差异或作为高质量代表帧,
112,train,train/images/nozzle_extrusion_normal_1226.jpg,1,1,拟保留,train/images/nozzle_extrusion_normal_1226.jpg,1724.461914,121.818687,0.108181,0.041016,6.950092,val,保留有效视觉差异或作为高质量代表帧,
112,val,val/images/nozzle_extrusion_normal_1219.jpg,1,1,拟保留,val/images/nozzle_extrusion_normal_1219.jpg,1802.122437,113.788849,0.056532,0.047309,7.011011,val,保留有效视觉差异或作为高质量代表帧,
113,train,train/images/nozzle_heavy_contamination_0011.jpg,1,0,拟保留,train/images/nozzle_heavy_contamination_0011.jpg,2400.953125,122.018448,0.091254,0.067600,7.281613,test,保留有效视觉差异或作为高质量代表帧,
113,train,train/images/nozzle_tip_wrapped_0038.jpg,0,0,拟保留,train/images/nozzle_tip_wrapped_0038.jpg,2559.616211,122.228951,0.087023,0.066515,7.363733,test,保留有效视觉差异或作为高质量代表帧,
113,val,val/images/nozzle_tip_wrapped_0037.jpg,0,0,拟保留,val/images/nozzle_tip_wrapped_0037.jpg,2708.706543,124.131729,0.090603,0.065430,7.441485,test,保留有效视觉差异或作为高质量代表帧,
114,train,train/images/nozzle_no_extrusion_0587.jpg,1,1,拟保留,train/images/nozzle_no_extrusion_0587.jpg,2157.275391,119.494789,0.067925,0.008138,7.324119,val,保留有效视觉差异或作为高质量代表帧,
114,train,train/images/nozzle_no_extrusion_0591.jpg,1,1,拟保留,train/images/nozzle_no_extrusion_0591.jpg,2088.638428,104.708221,0.055881,0.012478,7.088212,val,保留有效视觉差异或作为高质量代表帧,
114,val,val/images/nozzle_no_extrusion_0592.jpg,1,1,拟保留,val/images/nozzle_no_extrusion_0592.jpg,2021.732910,110.967125,0.061198,0.010959,7.140554,val,保留有效视觉差异或作为高质量代表帧,
115,train,train/images/nozzle_no_extrusion_0759.jpg,1,1,拟保留,train/images/nozzle_no_extrusion_0759.jpg,2164.048828,123.488930,0.069553,0.006836,7.387382,val,保留有效视觉差异或作为高质量代表帧,
115,train,train/images/nozzle_no_extrusion_0764.jpg,1,1,拟保留,train/images/nozzle_no_extrusion_0764.jpg,2024.263062,114.882706,0.060655,0.009766,7.207000,val,保留有效视觉差异或作为高质量代表帧,
115,val,val/images/nozzle_no_extrusion_0763.jpg,1,1,拟保留,val/images/nozzle_no_extrusion_0763.jpg,2129.738281,108.692924,0.056749,0.010634,7.171036,val,保留有效视觉差异或作为高质量代表帧,
116,train,train/images/nozzle_tip_wrapped_0110.jpg,0,0,拟保留,train/images/nozzle_tip_wrapped_0110.jpg,2441.188477,133.480469,0.100586,0.000543,7.412175,test,保留有效视觉差异或作为高质量代表帧,
116,train,train/images/nozzle_tip_wrapped_0111.jpg,0,0,拟保留,train/images/nozzle_tip_wrapped_0111.jpg,2269.275146,133.817810,0.103841,0.000543,7.324145,test,保留有效视觉差异或作为高质量代表帧,
116,val,val/images/nozzle_tip_wrapped_0109.jpg,0,0,拟保留,val/images/nozzle_tip_wrapped_0109.jpg,2478.355225,133.132156,0.099501,0.000434,7.436193,test,保留有效视觉差异或作为高质量代表帧,
117,train,train/images/nozzle_tip_wrapped_0319.jpg,0,0,拟保留,train/images/nozzle_tip_wrapped_0319.jpg,3106.935791,129.738281,0.102865,0.007595,7.690769,test,保留有效视觉差异或作为高质量代表帧,
117,train,train/images/nozzle_tip_wrapped_0320.jpg,0,0,拟保留,train/images/nozzle_tip_wrapped_0320.jpg,3122.897217,130.961594,0.102105,0.011936,7.670375,test,保留有效视觉差异或作为高质量代表帧,
117,val,val/images/nozzle_tip_wrapped_0318.jpg,0,0,拟保留,val/images/nozzle_tip_wrapped_0318.jpg,3130.290283,133.807297,0.103624,0.003038,7.641513,test,保留有效视觉差异或作为高质量代表帧,
118,train,train/images/nozzle_tip_wrapped_0409.jpg,0,0,拟保留,train/images/nozzle_tip_wrapped_0409.jpg,1754.503906,140.549149,0.078559,0.010851,7.017052,test,保留有效视觉差异或作为高质量代表帧,
118,train,train/images/nozzle_tip_wrapped_0410.jpg,0,0,拟保留,train/images/nozzle_tip_wrapped_0410.jpg,1767.108643,147.733719,0.120877,0.007812,6.791071,test,保留有效视觉差异或作为高质量代表帧,
118,val,val/images/nozzle_tip_wrapped_0408.jpg,0,0,拟保留,val/images/nozzle_tip_wrapped_0408.jpg,1730.054565,127.502823,0.050998,0.017470,7.260784,test,保留有效视觉差异或作为高质量代表帧,
119,train,train/images/nozzle_tip_wrapped_1062.jpg,0,0,拟保留,train/images/nozzle_tip_wrapped_1062.jpg,1413.648315,142.072815,0.252170,0.024089,6.230061,test,保留有效视觉差异或作为高质量代表帧,
119,train,train/images/nozzle_tip_wrapped_1075.jpg,0,0,拟保留,train/images/nozzle_tip_wrapped_1075.jpg,1371.857910,141.553391,0.259006,0.025716,6.184428,test,保留有效视觉差异或作为高质量代表帧,
119,val,val/images/nozzle_tip_wrapped_1088.jpg,0,0,拟保留,val/images/nozzle_tip_wrapped_1088.jpg,1408.819946,147.613831,0.271050,0.021810,6.087980,test,保留有效视觉差异或作为高质量代表帧,
120,test,test/images/nozzle_extrusion_normal_0099.jpg,1,1,拟保留,test/images/nozzle_extrusion_normal_0099.jpg,1599.274658,119.695099,0.099175,0.011610,6.927420,val,保留有效视觉差异或作为高质量代表帧,
120,train,train/images/nozzle_extrusion_normal_0081.jpg,1,1,拟保留,train/images/nozzle_extrusion_normal_0081.jpg,1539.872559,118.517036,0.100477,0.014540,6.861421,val,保留有效视觉差异或作为高质量代表帧,
121,test,test/images/nozzle_extrusion_normal_0210.jpg,1,1,拟保留,test/images/nozzle_extrusion_normal_0210.jpg,2150.689697,144.232422,0.261827,0.014974,6.604947,val,保留有效视觉差异或作为高质量代表帧,
121,val,val/images/nozzle_extrusion_normal_0237.jpg,1,1,拟保留,val/images/nozzle_extrusion_normal_0237.jpg,2157.149658,143.685974,0.259223,0.017253,6.619739,val,保留有效视觉差异或作为高质量代表帧,
122,test,test/images/nozzle_extrusion_normal_0333.jpg,1,1,拟保留,test/images/nozzle_extrusion_normal_0333.jpg,1724.842896,120.082466,0.099067,0.010851,7.010857,val,保留有效视觉差异或作为高质量代表帧,
122,train,train/images/nozzle_extrusion_normal_0299.jpg,1,1,拟保留,train/images/nozzle_extrusion_normal_0299.jpg,1732.493652,117.625214,0.086480,0.010851,7.014647,val,保留有效视觉差异或作为高质量代表帧,
123,test,test/images/nozzle_extrusion_normal_0352.jpg,1,1,拟保留,test/images/nozzle_extrusion_normal_0352.jpg,1780.068359,117.141273,0.090712,0.012912,7.017341,val,保留有效视觉差异或作为高质量代表帧,
123,train,train/images/nozzle_extrusion_normal_0392.jpg,1,1,拟保留,train/images/nozzle_extrusion_normal_0392.jpg,1689.461792,120.685112,0.098090,0.012587,6.999017,val,保留有效视觉差异或作为高质量代表帧,
124,test,test/images/nozzle_extrusion_normal_0427.jpg,1,1,拟保留,test/images/nozzle_extrusion_normal_0427.jpg,1632.450806,120.041122,0.102105,0.015516,6.936745,val,保留有效视觉差异或作为高质量代表帧,
124,train,train/images/nozzle_extrusion_normal_0467.jpg,1,1,拟保留,train/images/nozzle_extrusion_normal_0467.jpg,1623.471191,122.644966,0.105469,0.015299,6.962260,val,保留有效视觉差异或作为高质量代表帧,
125,test,test/images/nozzle_extrusion_normal_0532.jpg,1,1,拟保留,test/images/nozzle_extrusion_normal_0532.jpg,1851.098877,119.394096,0.134223,0.017470,6.951999,val,保留有效视觉差异或作为高质量代表帧,
125,train,train/images/nozzle_extrusion_normal_0575.jpg,1,1,拟保留,train/images/nozzle_extrusion_normal_0575.jpg,1932.316650,122.298615,0.146159,0.015842,7.007748,val,保留有效视觉差异或作为高质量代表帧,
126,test,test/images/nozzle_extrusion_normal_0654.jpg,1,1,拟保留,test/images/nozzle_extrusion_normal_0654.jpg,2540.716309,106.729599,0.144531,0.037218,7.000215,val,保留有效视觉差异或作为高质量代表帧,
126,train,train/images/nozzle_extrusion_normal_0697.jpg,1,1,拟保留,train/images/nozzle_extrusion_normal_0697.jpg,2448.768799,105.774414,0.154514,0.045898,6.901136,val,保留有效视觉差异或作为高质量代表帧,
127,test,test/images/nozzle_extrusion_normal_0735.jpg,1,1,拟保留,test/images/nozzle_extrusion_normal_0735.jpg,2095.710938,114.633026,0.116645,0.031901,7.025529,val,保留有效视觉差异或作为高质量代表帧,
127,train,train/images/nozzle_extrusion_normal_0722.jpg,1,1,拟保留,train/images/nozzle_extrusion_normal_0722.jpg,2187.253418,118.239906,0.120117,0.027669,7.122667,val,保留有效视觉差异或作为高质量代表帧,
128,test,test/images/nozzle_extrusion_normal_0842.jpg,1,1,拟保留,test/images/nozzle_extrusion_normal_0842.jpg,1656.548828,128.486008,0.210938,0.023763,6.725163,val,保留有效视觉差异或作为高质量代表帧,
128,train,train/images/nozzle_extrusion_normal_0824.jpg,1,1,拟保留,train/images/nozzle_extrusion_normal_0824.jpg,1683.341919,126.420029,0.202365,0.023220,6.750906,val,保留有效视觉差异或作为高质量代表帧,
129,test,test/images/nozzle_extrusion_normal_0864.jpg,1,1,拟保留,test/images/nozzle_extrusion_normal_0864.jpg,1758.124634,111.326500,0.162435,0.042318,6.640108,val,保留有效视觉差异或作为高质量代表帧,
129,train,train/images/nozzle_extrusion_normal_0847.jpg,1,1,拟保留,train/images/nozzle_extrusion_normal_0847.jpg,1793.614624,107.622070,0.153429,0.056207,6.601441,val,保留有效视觉差异或作为高质量代表帧,
130,test,test/images/nozzle_extrusion_normal_0870.jpg,1,1,拟保留,test/images/nozzle_extrusion_normal_0870.jpg,1773.283325,118.362953,0.124023,0.035048,6.888407,val,保留有效视觉差异或作为高质量代表帧,
130,train,train/images/nozzle_extrusion_normal_0853.jpg,1,1,拟保留,train/images/nozzle_extrusion_normal_0853.jpg,1829.530518,117.988823,0.134440,0.035156,6.882304,val,保留有效视觉差异或作为高质量代表帧,
131,test,test/images/nozzle_extrusion_normal_0973.jpg,1,1,拟保留,test/images/nozzle_extrusion_normal_0973.jpg,1633.896240,134.688477,0.120985,0.022027,6.887818,val,保留有效视觉差异或作为高质量代表帧,
131,train,train/images/nozzle_extrusion_normal_0952.jpg,1,1,拟保留,train/images/nozzle_extrusion_normal_0952.jpg,1635.835327,134.170471,0.121745,0.022352,6.894167,val,保留有效视觉差异或作为高质量代表帧,
132,test,test/images/nozzle_extrusion_normal_0999.jpg,1,1,拟保留,test/images/nozzle_extrusion_normal_0999.jpg,2093.433350,115.185219,0.161241,0.045681,6.871721,val,保留有效视觉差异或作为高质量代表帧,
132,train,train/images/nozzle_extrusion_normal_0978.jpg,1,1,拟保留,train/images/nozzle_extrusion_normal_0978.jpg,2130.037109,114.361977,0.162869,0.046332,6.869998,val,保留有效视觉差异或作为高质量代表帧,
133,test,test/images/nozzle_extrusion_normal_1084.jpg,1,1,拟保留,test/images/nozzle_extrusion_normal_1084.jpg,2034.923218,114.637260,0.160265,0.062391,6.804335,val,保留有效视觉差异或作为高质量代表帧,
133,train,train/images/nozzle_extrusion_normal_1061.jpg,1,1,拟保留,train/images/nozzle_extrusion_normal_1061.jpg,1995.377075,116.188042,0.156901,0.044162,6.855500,val,保留有效视觉差异或作为高质量代表帧,
134,test,test/images/nozzle_extrusion_normal_1218.jpg,1,1,拟保留,test/images/nozzle_extrusion_normal_1218.jpg,1740.346680,108.829430,0.056098,0.046766,6.901047,val,保留有效视觉差异或作为高质量代表帧,
134,val,val/images/nozzle_extrusion_normal_1227.jpg,1,1,拟保留,val/images/nozzle_extrusion_normal_1227.jpg,1649.155029,116.150826,0.089410,0.038845,6.877561,val,保留有效视觉差异或作为高质量代表帧,
135,test,test/images/nozzle_heavy_contamination_0005.jpg,1,1,拟保留,test/images/nozzle_heavy_contamination_0005.jpg,2385.378906,118.164604,0.070638,0.070530,7.270881,val,保留有效视觉差异或作为高质量代表帧,
135,train,train/images/nozzle_heavy_contamination_0003.jpg,1,1,拟保留,train/images/nozzle_heavy_contamination_0003.jpg,2259.645264,117.025063,0.069878,0.070095,7.202096,val,保留有效视觉差异或作为高质量代表帧,
136,test,test/images/nozzle_heavy_contamination_0018.jpg,1,1,拟保留,test/images/nozzle_heavy_contamination_0018.jpg,2554.738037,123.288956,0.085178,0.091471,7.334010,val,保留有效视觉差异或作为高质量代表帧,
136,train,train/images/nozzle_heavy_contamination_0019.jpg,1,1,拟保留,train/images/nozzle_heavy_contamination_0019.jpg,2482.741943,121.262154,0.083659,0.091905,7.277455,val,保留有效视觉差异或作为高质量代表帧,
137,test,test/images/nozzle_no_extrusion_0029.jpg,1,1,拟保留,test/images/nozzle_no_extrusion_0029.jpg,2849.636475,120.445312,0.076606,0.008030,7.591379,val,保留有效视觉差异或作为高质量代表帧,
137,train,train/images/nozzle_no_extrusion_0084.jpg,1,1,拟保留,train/images/nozzle_no_extrusion_0084.jpg,2824.287109,121.322052,0.078125,0.007812,7.592022,val,保留有效视觉差异或作为高质量代表帧,
138,test,test/images/nozzle_no_extrusion_0399.jpg,1,1,拟保留,test/images/nozzle_no_extrusion_0399.jpg,1986.539795,115.672203,0.059679,0.009115,7.204765,val,保留有效视觉差异或作为高质量代表帧,
138,train,train/images/nozzle_no_extrusion_0393.jpg,1,1,拟保留,train/images/nozzle_no_extrusion_0393.jpg,2045.171387,115.399200,0.059570,0.009440,7.229247,val,保留有效视觉差异或作为高质量代表帧,
139,test,test/images/nozzle_no_extrusion_0404.jpg,1,1,拟保留,test/images/nozzle_no_extrusion_0404.jpg,1971.339722,117.486542,0.059787,0.009115,7.225112,val,保留有效视觉差异或作为高质量代表帧,
139,train,train/images/nozzle_no_extrusion_0410.jpg,1,1,拟保留,train/images/nozzle_no_extrusion_0410.jpg,1992.516724,117.123482,0.058160,0.009766,7.233700,val,保留有效视觉差异或作为高质量代表帧,
140,test,test/images/nozzle_no_extrusion_0406.jpg,1,1,拟保留,test/images/nozzle_no_extrusion_0406.jpg,2223.091064,118.991425,0.063585,0.008789,7.358011,val,保留有效视觉差异或作为高质量代表帧,
140,train,train/images/nozzle_no_extrusion_0408.jpg,1,1,拟保留,train/images/nozzle_no_extrusion_0408.jpg,2197.004639,110.910919,0.057292,0.010742,7.234929,val,保留有效视觉差异或作为高质量代表帧,
141,test,test/images/nozzle_no_extrusion_0416.jpg,1,1,拟保留,test/images/nozzle_no_extrusion_0416.jpg,1966.496582,118.620117,0.060872,0.009332,7.236676,val,保留有效视觉差异或作为高质量代表帧,
141,train,train/images/nozzle_no_extrusion_0420.jpg,1,1,拟保留,train/images/nozzle_no_extrusion_0420.jpg,1907.577148,118.707794,0.061415,0.008681,7.207317,val,保留有效视觉差异或作为高质量代表帧,
142,test,test/images/nozzle_no_extrusion_0421.jpg,1,1,拟保留,test/images/nozzle_no_extrusion_0421.jpg,1689.512573,118.870987,0.060004,0.008681,7.092772,val,保留有效视觉差异或作为高质量代表帧,
142,train,train/images/nozzle_no_extrusion_0415.jpg,1,1,拟保留,train/images/nozzle_no_extrusion_0415.jpg,1762.718018,118.664169,0.059353,0.009440,7.132367,val,保留有效视觉差异或作为高质量代表帧,
143,test,test/images/nozzle_no_extrusion_0437.jpg,1,1,拟保留,test/images/nozzle_no_extrusion_0437.jpg,2217.299805,120.177521,0.071615,0.007921,7.351584,val,保留有效视觉差异或作为高质量代表帧,
143,train,train/images/nozzle_no_extrusion_0439.jpg,1,1,拟保留,train/images/nozzle_no_extrusion_0439.jpg,2171.697998,109.397461,0.061306,0.010417,7.188308,val,保留有效视觉差异或作为高质量代表帧,
144,test,test/images/nozzle_no_extrusion_0450.jpg,1,1,拟保留,test/images/nozzle_no_extrusion_0450.jpg,2153.554443,108.986000,0.062283,0.009440,7.172516,val,保留有效视觉差异或作为高质量代表帧,
144,train,train/images/nozzle_no_extrusion_0449.jpg,1,1,拟保留,train/images/nozzle_no_extrusion_0449.jpg,2123.681641,119.766708,0.073134,0.006836,7.299659,val,保留有效视觉差异或作为高质量代表帧,
145,test,test/images/nozzle_no_extrusion_0489.jpg,1,1,拟保留,test/images/nozzle_no_extrusion_0489.jpg,2303.193604,108.889320,0.060981,0.009332,7.242276,val,保留有效视觉差异或作为高质量代表帧,
145,train,train/images/nozzle_no_extrusion_0487.jpg,1,1,拟保留,train/images/nozzle_no_extrusion_0487.jpg,2382.363281,121.587242,0.070421,0.007487,7.449832,val,保留有效视觉差异或作为高质量代表帧,
146,test,test/images/nozzle_no_extrusion_0502.jpg,1,1,拟保留,test/images/nozzle_no_extrusion_0502.jpg,2394.269775,111.313477,0.058919,0.009983,7.323801,test,保留有效视觉差异或作为高质量代表帧,
146,train,train/images/nozzle_no_extrusion_0501.jpg,1,1,拟保留,train/images/nozzle_no_extrusion_0501.jpg,2379.055664,122.151695,0.068793,0.007053,7.463013,test,保留有效视觉差异或作为高质量代表帧,
147,test,test/images/nozzle_no_extrusion_0505.jpg,1,1,拟保留,test/images/nozzle_no_extrusion_0505.jpg,2083.998047,115.131729,0.060330,0.010308,7.239851,test,保留有效视觉差异或作为高质量代表帧,
147,train,train/images/nozzle_no_extrusion_0498.jpg,1,1,拟保留,train/images/nozzle_no_extrusion_0498.jpg,2079.885498,122.551971,0.065647,0.007161,7.344160,test,保留有效视觉差异或作为高质量代表帧,
148,test,test/images/nozzle_no_extrusion_0507.jpg,1,1,拟删除,train/images/nozzle_no_extrusion_0496.jpg,1707.955078,116.803604,0.059245,0.009874,7.071211,删除,与质量更好的代表帧同时满足整图、目标区域和框IoU阈值,
148,train,train/images/nozzle_no_extrusion_0496.jpg,1,1,拟保留,train/images/nozzle_no_extrusion_0496.jpg,1766.963013,124.072479,0.064996,0.007378,7.206472,test,保留有效视觉差异或作为高质量代表帧,
149,test,test/images/nozzle_no_extrusion_0523.jpg,1,1,拟保留,test/images/nozzle_no_extrusion_0523.jpg,2289.704834,118.162544,0.064128,0.008789,7.372944,test,保留有效视觉差异或作为高质量代表帧,
149,train,train/images/nozzle_no_extrusion_0524.jpg,1,1,拟保留,train/images/nozzle_no_extrusion_0524.jpg,2324.067383,112.583656,0.061632,0.009657,7.306414,test,保留有效视觉差异或作为高质量代表帧,
150,test,test/images/nozzle_no_extrusion_0528.jpg,1,1,拟保留,test/images/nozzle_no_extrusion_0528.jpg,1734.280273,117.787872,0.059462,0.009006,7.102962,test,保留有效视觉差异或作为高质量代表帧,
150,train,train/images/nozzle_no_extrusion_0520.jpg,1,1,拟保留,train/images/nozzle_no_extrusion_0520.jpg,1788.935669,117.021591,0.059136,0.009115,7.122759,test,保留有效视觉差异或作为高质量代表帧,
151,test,test/images/nozzle_no_extrusion_0545.jpg,1,1,拟保留,test/images/nozzle_no_extrusion_0545.jpg,1878.083130,118.069336,0.061198,0.008138,7.183503,test,保留有效视觉差异或作为高质量代表帧,
151,train,train/images/nozzle_no_extrusion_0541.jpg,1,1,拟保留,train/images/nozzle_no_extrusion_0541.jpg,1916.951782,117.673615,0.060438,0.008355,7.199638,test,保留有效视觉差异或作为高质量代表帧,
152,test,test/images/nozzle_no_extrusion_0561.jpg,1,1,拟保留,test/images/nozzle_no_extrusion_0561.jpg,2253.085693,109.198677,0.059787,0.011827,7.223713,test,保留有效视觉差异或作为高质量代表帧,
152,train,train/images/nozzle_no_extrusion_0560.jpg,1,1,拟保留,train/images/nozzle_no_extrusion_0560.jpg,2269.894043,120.431641,0.069878,0.007812,7.384413,test,保留有效视觉差异或作为高质量代表帧,
153,test,test/images/nozzle_no_extrusion_0572.jpg,1,1,拟保留,test/images/nozzle_no_extrusion_0572.jpg,2139.069336,107.747177,0.057183,0.011936,7.156722,test,保留有效视觉差异或作为高质量代表帧,
153,train,train/images/nozzle_no_extrusion_0569.jpg,1,1,拟保留,train/images/nozzle_no_extrusion_0569.jpg,2228.439453,123.075089,0.070964,0.007812,7.404038,test,保留有效视觉差异或作为高质量代表帧,
154,test,test/images/nozzle_no_extrusion_0640.jpg,1,1,拟保留,test/images/nozzle_no_extrusion_0640.jpg,2097.172852,113.357964,0.061849,0.009006,7.216481,test,保留有效视觉差异或作为高质量代表帧,
154,train,train/images/nozzle_no_extrusion_0642.jpg,1,1,拟删除,test/images/nozzle_no_extrusion_0640.jpg,2073.436523,113.470596,0.062500,0.009332,7.204260,删除,与质量更好的代表帧同时满足整图、目标区域和框IoU阈值,
155,test,test/images/nozzle_no_extrusion_0644.jpg,1,1,拟删除,val/images/nozzle_no_extrusion_0638.jpg,1896.185547,112.591362,0.060221,0.009440,7.107823,删除,与质量更好的代表帧同时满足整图、目标区域和框IoU阈值,
155,val,val/images/nozzle_no_extrusion_0638.jpg,1,1,拟保留,val/images/nozzle_no_extrusion_0638.jpg,1932.578979,112.491859,0.059570,0.009440,7.127222,test,保留有效视觉差异或作为高质量代表帧,
156,test,test/images/nozzle_no_extrusion_0645.jpg,1,1,拟保留,test/images/nozzle_no_extrusion_0645.jpg,1802.695312,113.551430,0.060113,0.009332,7.072832,test,保留有效视觉差异或作为高质量代表帧,
156,val,val/images/nozzle_no_extrusion_0637.jpg,1,1,拟保留,val/images/nozzle_no_extrusion_0637.jpg,1816.811035,113.386505,0.059570,0.009332,7.079678,test,保留有效视觉差异或作为高质量代表帧,
157,test,test/images/nozzle_no_extrusion_0653.jpg,1,1,拟删除,train/images/nozzle_no_extrusion_0651.jpg,2112.026367,115.843422,0.063368,0.008681,7.258465,删除,与质量更好的代表帧同时满足整图、目标区域和框IoU阈值,
157,train,train/images/nozzle_no_extrusion_0651.jpg,1,1,拟保留,train/images/nozzle_no_extrusion_0651.jpg,2162.594727,115.559464,0.062500,0.009223,7.279197,test,保留有效视觉差异或作为高质量代表帧,
158,test,test/images/nozzle_no_extrusion_0673.jpg,1,1,拟保留,test/images/nozzle_no_extrusion_0673.jpg,2256.461182,116.296440,0.061849,0.008572,7.336437,test,保留有效视觉差异或作为高质量代表帧,
158,train,train/images/nozzle_no_extrusion_0675.jpg,1,1,拟保留,train/images/nozzle_no_extrusion_0675.jpg,2200.569580,116.935005,0.062717,0.008355,7.319174,test,保留有效视觉差异或作为高质量代表帧,
159,test,test/images/nozzle_no_extrusion_0677.jpg,1,1,拟保留,test/images/nozzle_no_extrusion_0677.jpg,1874.328369,118.591904,0.060872,0.007595,7.191729,test,保留有效视觉差异或作为高质量代表帧,
159,val,val/images/nozzle_no_extrusion_0671.jpg,1,1,拟保留,val/images/nozzle_no_extrusion_0671.jpg,1907.729980,117.785156,0.059787,0.009006,7.197212,test,保留有效视觉差异或作为高质量代表帧,
160,test,test/images/nozzle_no_extrusion_0725.jpg,1,1,拟保留,test/images/nozzle_no_extrusion_0725.jpg,2336.994873,114.716690,0.064236,0.009549,7.337692,test,保留有效视觉差异或作为高质量代表帧,
160,val,val/images/nozzle_no_extrusion_0727.jpg,1,1,拟保留,val/images/nozzle_no_extrusion_0727.jpg,2294.819580,115.304794,0.064345,0.009006,7.329437,test,保留有效视觉差异或作为高质量代表帧,
161,test,test/images/nozzle_no_extrusion_0734.jpg,1,1,拟保留,test/images/nozzle_no_extrusion_0734.jpg,2146.402832,115.688148,0.063911,0.008789,7.270332,test,保留有效视觉差异或作为高质量代表帧,
161,train,train/images/nozzle_no_extrusion_0736.jpg,1,1,拟保留,train/images/nozzle_no_extrusion_0736.jpg,2063.518799,111.710503,0.061523,0.008789,7.175981,test,保留有效视觉差异或作为高质量代表帧,
162,test,test/images/nozzle_no_extrusion_0738.jpg,1,1,拟保留,test/images/nozzle_no_extrusion_0738.jpg,1798.444824,112.669815,0.060004,0.009006,7.057674,test,保留有效视觉差异或作为高质量代表帧,
162,train,train/images/nozzle_no_extrusion_0732.jpg,1,1,拟保留,train/images/nozzle_no_extrusion_0732.jpg,1830.989868,113.392365,0.060113,0.008898,7.086780,test,保留有效视觉差异或作为高质量代表帧,
163,test,test/images/nozzle_no_extrusion_0767.jpg,1,1,拟保留,test/images/nozzle_no_extrusion_0767.jpg,1325.512939,121.314453,0.065864,0.007704,6.872848,test,保留有效视觉差异或作为高质量代表帧,
163,val,val/images/nozzle_no_extrusion_0775.jpg,1,1,拟保留,val/images/nozzle_no_extrusion_0775.jpg,1416.738770,115.214844,0.059787,0.009006,6.859676,test,保留有效视觉差异或作为高质量代表帧,
164,test,test/images/nozzle_no_extrusion_0781.jpg,1,1,拟保留,test/images/nozzle_no_extrusion_0781.jpg,1929.786743,115.266060,0.060113,0.010417,7.165543,test,保留有效视觉差异或作为高质量代表帧,
164,train,train/images/nozzle_no_extrusion_0777.jpg,1,1,拟保留,train/images/nozzle_no_extrusion_0777.jpg,1984.100708,116.475372,0.060764,0.009332,7.212398,test,保留有效视觉差异或作为高质量代表帧,
165,test,test/images/nozzle_no_extrusion_0804.jpg,1,1,拟保留,test/images/nozzle_no_extrusion_0804.jpg,2080.795410,109.336044,0.057509,0.011393,7.154049,test,保留有效视觉差异或作为高质量代表帧,
165,train,train/images/nozzle_no_extrusion_0802.jpg,1,1,拟保留,train/images/nozzle_no_extrusion_0802.jpg,2133.444092,118.042534,0.064236,0.009874,7.297920,test,保留有效视觉差异或作为高质量代表帧,
166,test,test/images/nozzle_no_extrusion_0814.jpg,1,1,拟保留,test/images/nozzle_no_extrusion_0814.jpg,1837.012695,113.919922,0.061198,0.009115,7.094616,test,保留有效视觉差异或作为高质量代表帧,
166,train,train/images/nozzle_no_extrusion_0810.jpg,1,1,拟保留,train/images/nozzle_no_extrusion_0810.jpg,1889.131226,113.792755,0.060872,0.010417,7.118963,test,保留有效视觉差异或作为高质量代表帧,
167,test,test/images/nozzle_no_extrusion_0838.jpg,1,1,拟保留,test/images/nozzle_no_extrusion_0838.jpg,1737.856323,122.218102,0.066298,0.007378,7.156991,test,保留有效视觉差异或作为高质量代表帧,
167,train,train/images/nozzle_no_extrusion_0845.jpg,1,1,拟删除,test/images/nozzle_no_extrusion_0838.jpg,1724.668579,113.858398,0.059679,0.008898,7.035576,删除,与质量更好的代表帧同时满足整图、目标区域和框IoU阈值,
168,test,test/images/nozzle_no_extrusion_0852.jpg,1,1,拟保留,test/images/nozzle_no_extrusion_0852.jpg,2186.564697,120.090057,0.064779,0.008789,7.355037,test,保留有效视觉差异或作为高质量代表帧,
168,train,train/images/nozzle_no_extrusion_0854.jpg,1,1,拟保留,train/images/nozzle_no_extrusion_0854.jpg,2148.811768,111.327583,0.057726,0.010525,7.218402,test,保留有效视觉差异或作为高质量代表帧,
169,test,test/images/nozzle_no_extrusion_0866.jpg,1,1,拟保留,test/images/nozzle_no_extrusion_0866.jpg,2236.593750,111.916451,0.057617,0.010525,7.267949,test,保留有效视觉差异或作为高质量代表帧,
169,train,train/images/nozzle_no_extrusion_0865.jpg,1,1,拟保留,train/images/nozzle_no_extrusion_0865.jpg,2255.970459,120.778214,0.065972,0.008138,7.394746,test,保留有效视觉差异或作为高质量代表帧,
170,test,test/images/nozzle_no_extrusion_0874.jpg,1,1,拟保留,test/images/nozzle_no_extrusion_0874.jpg,1901.562744,120.317711,0.060113,0.009115,7.232354,test,保留有效视觉差异或作为高质量代表帧,
170,train,train/images/nozzle_no_extrusion_0882.jpg,1,1,拟保留,train/images/nozzle_no_extrusion_0882.jpg,1917.193970,119.405167,0.059679,0.009657,7.226494,test,保留有效视觉差异或作为高质量代表帧,
171,test,test/images/nozzle_no_extrusion_0879.jpg,1,1,拟保留,test/images/nozzle_no_extrusion_0879.jpg,2228.520996,113.374672,0.057726,0.010308,7.287228,test,保留有效视觉差异或作为高质量代表帧,
171,train,train/images/nozzle_no_extrusion_0877.jpg,1,1,拟保留,train/images/nozzle_no_extrusion_0877.jpg,2272.208008,121.311089,0.064453,0.008789,7.413496,test,保留有效视觉差异或作为高质量代表帧,
172,test,test/images/nozzle_no_extrusion_0912.jpg,1,1,拟保留,test/images/nozzle_no_extrusion_0912.jpg,1034.821533,125.840057,0.058485,0.009549,6.714648,test,保留有效视觉差异或作为高质量代表帧,
172,val,val/images/nozzle_no_extrusion_0147.jpg,1,1,拟保留,val/images/nozzle_no_extrusion_0147.jpg,1011.552307,123.449326,0.057726,0.012804,6.650340,test,保留有效视觉差异或作为高质量代表帧,
173,test,test/images/nozzle_tip_wrapped_0100.jpg,0,0,拟保留,test/images/nozzle_tip_wrapped_0100.jpg,2507.531494,136.800674,0.089193,0.000543,7.421279,test,保留有效视觉差异或作为高质量代表帧,
173,train,train/images/nozzle_tip_wrapped_0099.jpg,0,0,拟保留,train/images/nozzle_tip_wrapped_0099.jpg,2578.143311,134.647141,0.089952,0.000651,7.480192,test,保留有效视觉差异或作为高质量代表帧,
174,test,test/images/nozzle_tip_wrapped_0190.jpg,0,0,拟保留,test/images/nozzle_tip_wrapped_0190.jpg,3525.723145,126.868927,0.087348,0.030924,7.826558,test,保留有效视觉差异或作为高质量代表帧,
174,train,train/images/nozzle_tip_wrapped_0187.jpg,0,0,拟保留,train/images/nozzle_tip_wrapped_0187.jpg,2570.239990,129.456161,0.086372,0.027669,7.514938,test,保留有效视觉差异或作为高质量代表帧,
175,test,test/images/nozzle_tip_wrapped_0237.jpg,0,0,拟保留,test/images/nozzle_tip_wrapped_0237.jpg,2799.200195,124.940102,0.090495,0.073785,7.470581,test,保留有效视觉差异或作为高质量代表帧,
175,train,train/images/nozzle_tip_wrapped_0236.jpg,0,0,拟保留,train/images/nozzle_tip_wrapped_0236.jpg,2631.932617,123.976021,0.090386,0.079210,7.383400,test,保留有效视觉差异或作为高质量代表帧,
176,test,test/images/nozzle_tip_wrapped_0345.jpg,0,0,拟保留,test/images/nozzle_tip_wrapped_0345.jpg,2638.236572,154.851990,0.166233,0.000217,6.959551,test,保留有效视觉差异或作为高质量代表帧,
176,train,train/images/nozzle_tip_wrapped_0347.jpg,0,0,拟保留,train/images/nozzle_tip_wrapped_0347.jpg,2513.935303,147.403870,0.128689,0.001736,7.137277,test,保留有效视觉差异或作为高质量代表帧,
177,test,test/images/nozzle_tip_wrapped_0404.jpg,0,0,拟保留,test/images/nozzle_tip_wrapped_0404.jpg,1380.555786,154.930344,0.142687,0.008464,6.365192,test,保留有效视觉差异或作为高质量代表帧,
177,train,train/images/nozzle_tip_wrapped_0403.jpg,0,0,拟保留,train/images/nozzle_tip_wrapped_0403.jpg,1337.124268,168.571075,0.258138,0.004232,5.782223,test,保留有效视觉差异或作为高质量代表帧,
178,test,test/images/nozzle_tip_wrapped_0446.jpg,0,0,拟保留,test/images/nozzle_tip_wrapped_0446.jpg,1794.662476,149.169052,0.153754,0.021593,6.657914,test,保留有效视觉差异或作为高质量代表帧,
178,train,train/images/nozzle_tip_wrapped_0445.jpg,0,0,拟保留,train/images/nozzle_tip_wrapped_0445.jpg,1844.728882,148.091904,0.150608,0.030924,6.693022,test,保留有效视觉差异或作为高质量代表帧,
179,test,test/images/nozzle_tip_wrapped_0506.jpg,0,0,拟保留,test/images/nozzle_tip_wrapped_0506.jpg,1641.693481,147.748474,0.147461,0.036892,6.579355,test,保留有效视觉差异或作为高质量代表帧,
179,val,val/images/nozzle_tip_wrapped_0505.jpg,0,0,拟保留,val/images/nozzle_tip_wrapped_0505.jpg,1606.775146,145.454758,0.144748,0.041667,6.592298,test,保留有效视觉差异或作为高质量代表帧,
180,test,test/images/nozzle_tip_wrapped_0620.jpg,0,0,拟保留,test/images/nozzle_tip_wrapped_0620.jpg,1761.179077,57.282879,0.023655,0.244358,5.809673,test,保留有效视觉差异或作为高质量代表帧,
180,train,train/images/nozzle_tip_wrapped_0622.jpg,0,0,拟保留,train/images/nozzle_tip_wrapped_0622.jpg,1739.250000,58.028538,0.023003,0.251845,5.795780,test,保留有效视觉差异或作为高质量代表帧,
181,test,test/images/nozzle_tip_wrapped_0633.jpg,0,0,拟保留,test/images/nozzle_tip_wrapped_0633.jpg,2164.625000,52.974609,0.023112,0.272461,5.893935,test,保留有效视觉差异或作为高质量代表帧,
181,train,train/images/nozzle_tip_wrapped_0635.jpg,0,0,拟保留,train/images/nozzle_tip_wrapped_0635.jpg,2189.441895,54.057400,0.023872,0.262695,5.939500,test,保留有效视觉差异或作为高质量代表帧,
182,test,test/images/nozzle_tip_wrapped_0757.jpg,0,0,拟保留,test/images/nozzle_tip_wrapped_0757.jpg,1777.456299,54.663410,0.033203,0.280924,5.676158,test,保留有效视觉差异或作为高质量代表帧,
182,train,train/images/nozzle_tip_wrapped_0754.jpg,0,0,拟保留,train/images/nozzle_tip_wrapped_0754.jpg,2021.859253,54.893555,0.030816,0.278646,5.820239,test,保留有效视觉差异或作为高质量代表帧,
183,test,test/images/nozzle_tip_wrapped_0983.jpg,0,0,拟保留,test/images/nozzle_tip_wrapped_0983.jpg,3536.266846,111.100586,0.226345,0.134440,6.959140,test,保留有效视觉差异或作为高质量代表帧,
183,train,train/images/nozzle_tip_wrapped_0984.jpg,0,0,拟保留,train/images/nozzle_tip_wrapped_0984.jpg,3133.565430,109.702911,0.224175,0.130859,6.830109,test,保留有效视觉差异或作为高质量代表帧,
184,test,test/images/nozzle_tip_wrapped_1059.jpg,0,0,拟保留,test/images/nozzle_tip_wrapped_1059.jpg,1342.708496,120.061523,0.163520,0.026367,6.535856,test,保留有效视觉差异或作为高质量代表帧,
184,train,train/images/nozzle_tip_wrapped_1072.jpg,0,0,拟保留,train/images/nozzle_tip_wrapped_1072.jpg,1357.829346,119.412109,0.158746,0.026042,6.551873,test,保留有效视觉差异或作为高质量代表帧,
185,test,test/images/nozzle_tip_wrapped_1073.jpg,0,0,拟保留,test/images/nozzle_tip_wrapped_1073.jpg,1361.525146,136.127502,0.240777,0.025608,6.316557,test,保留有效视觉差异或作为高质量代表帧,
185,train,train/images/nozzle_tip_wrapped_1060.jpg,0,0,拟保留,train/images/nozzle_tip_wrapped_1060.jpg,1385.563110,135.558701,0.233724,0.026476,6.362355,test,保留有效视觉差异或作为高质量代表帧,
186,test,test/images/nozzle_tip_wrapped_1220.jpg,0,0,拟保留,test/images/nozzle_tip_wrapped_1220.jpg,1752.276489,114.172745,0.113173,0.023872,6.865929,test,保留有效视觉差异或作为高质量代表帧,
186,train,train/images/nozzle_tip_wrapped_1232.jpg,0,0,拟保留,train/images/nozzle_tip_wrapped_1232.jpg,1603.133545,108.090279,0.113064,0.025391,6.679276,test,保留有效视觉差异或作为高质量代表帧,
187,train,train/images/nozzle_extrusion_normal_0042.jpg,1,1,拟保留,train/images/nozzle_extrusion_normal_0042.jpg,1731.225708,128.740021,0.140625,0.011610,7.000504,test,保留有效视觉差异或作为高质量代表帧,
187,val,val/images/nozzle_extrusion_normal_0036.jpg,1,1,拟保留,val/images/nozzle_extrusion_normal_0036.jpg,1835.803467,127.185875,0.124891,0.011610,7.105166,test,保留有效视觉差异或作为高质量代表帧,
188,train,train/images/nozzle_extrusion_normal_0045.jpg,1,1,拟保留,train/images/nozzle_extrusion_normal_0045.jpg,1851.438354,131.566727,0.155273,0.013021,6.976666,test,保留有效视觉差异或作为高质量代表帧,
188,val,val/images/nozzle_extrusion_normal_0050.jpg,1,1,拟保留,val/images/nozzle_extrusion_normal_0050.jpg,1729.713623,136.612305,0.168620,0.014865,6.786132,test,保留有效视觉差异或作为高质量代表帧,
189,train,train/images/nozzle_extrusion_normal_0090.jpg,1,1,拟保留,train/images/nozzle_extrusion_normal_0090.jpg,2411.684814,104.294273,0.118056,0.044379,6.975168,test,保留有效视觉差异或作为高质量代表帧,
189,val,val/images/nozzle_extrusion_normal_0108.jpg,1,1,拟保留,val/images/nozzle_extrusion_normal_0108.jpg,2210.187988,101.140839,0.121962,0.059896,6.795934,test,保留有效视觉差异或作为高质量代表帧,
190,train,train/images/nozzle_extrusion_normal_0311.jpg,1,1,拟保留,train/images/nozzle_extrusion_normal_0311.jpg,1820.824829,116.288300,0.084852,0.012044,7.045953,test,保留有效视觉差异或作为高质量代表帧,
190,val,val/images/nozzle_extrusion_normal_0280.jpg,1,1,拟保留,val/images/nozzle_extrusion_normal_0280.jpg,1833.996704,113.967987,0.074327,0.012804,7.046958,test,保留有效视觉差异或作为高质量代表帧,
191,train,train/images/nozzle_extrusion_normal_0341.jpg,1,1,拟保留,train/images/nozzle_extrusion_normal_0341.jpg,1593.881958,112.224281,0.098199,0.011502,6.810460,test,保留有效视觉差异或作为高质量代表帧,
191,val,val/images/nozzle_extrusion_normal_0376.jpg,1,1,拟保留,val/images/nozzle_extrusion_normal_0376.jpg,1658.608765,107.120987,0.101128,0.013889,6.756939,test,保留有效视觉差异或作为高质量代表帧,
192,train,train/images/nozzle_extrusion_normal_0425.jpg,1,1,拟保留,train/images/nozzle_extrusion_normal_0425.jpg,1652.542114,117.207794,0.096680,0.016276,6.919456,test,保留有效视觉差异或作为高质量代表帧,
192,val,val/images/nozzle_extrusion_normal_0465.jpg,1,1,拟保留,val/images/nozzle_extrusion_normal_0465.jpg,1592.573486,119.169815,0.101997,0.016602,6.896570,test,保留有效视觉差异或作为高质量代表帧,
193,train,train/images/nozzle_extrusion_normal_0450.jpg,1,1,拟保留,train/images/nozzle_extrusion_normal_0450.jpg,1605.950562,126.633575,0.159397,0.012478,6.857597,test,保留有效视觉差异或作为高质量代表帧,
193,val,val/images/nozzle_extrusion_normal_0492.jpg,1,1,拟保留,val/images/nozzle_extrusion_normal_0492.jpg,2024.815796,119.607964,0.156901,0.017036,6.977828,test,保留有效视觉差异或作为高质量代表帧,
194,train,train/images/nozzle_extrusion_normal_0503.jpg,1,1,拟保留,train/images/nozzle_extrusion_normal_0503.jpg,1771.737915,105.515839,0.092339,0.026259,6.799430,test,保留有效视觉差异或作为高质量代表帧,
194,val,val/images/nozzle_extrusion_normal_0547.jpg,1,1,拟保留,val/images/nozzle_extrusion_normal_0547.jpg,1765.755493,103.299263,0.092448,0.034180,6.745248,test,保留有效视觉差异或作为高质量代表帧,
195,train,train/images/nozzle_extrusion_normal_0534.jpg,1,1,拟保留,train/images/nozzle_extrusion_normal_0534.jpg,1878.158691,120.277237,0.147786,0.018121,6.938311,test,保留有效视觉差异或作为高质量代表帧,
195,val,val/images/nozzle_extrusion_normal_0577.jpg,1,1,拟保留,val/images/nozzle_extrusion_normal_0577.jpg,1785.405273,123.624786,0.164171,0.016602,6.893882,test,保留有效视觉差异或作为高质量代表帧,
196,train,train/images/nozzle_extrusion_normal_0546.jpg,1,1,拟保留,train/images/nozzle_extrusion_normal_0546.jpg,1910.510132,104.924370,0.107747,0.033203,6.805444,test,保留有效视觉差异或作为高质量代表帧,
196,val,val/images/nozzle_extrusion_normal_0588.jpg,1,1,拟保留,val/images/nozzle_extrusion_normal_0588.jpg,1900.984131,102.318573,0.115126,0.040365,6.723274,test,保留有效视觉差异或作为高质量代表帧,
197,train,train/images/nozzle_extrusion_normal_0558.jpg,1,1,拟保留,train/images/nozzle_extrusion_normal_0558.jpg,1626.863281,121.899742,0.114366,0.014757,6.927094,test,保留有效视觉差异或作为高质量代表帧,
197,val,val/images/nozzle_extrusion_normal_0600.jpg,1,1,拟保留,val/images/nozzle_extrusion_normal_0600.jpg,1941.652344,116.654625,0.115343,0.015082,7.018344,test,保留有效视觉差异或作为高质量代表帧,
198,train,train/images/nozzle_extrusion_normal_0754.jpg,1,1,拟保留,train/images/nozzle_extrusion_normal_0754.jpg,1825.083862,125.371307,0.149414,0.021918,6.976777,test,保留有效视觉差异或作为高质量代表帧,
198,val,val/images/nozzle_extrusion_normal_0771.jpg,1,1,拟保留,val/images/nozzle_extrusion_normal_0771.jpg,1873.815552,122.415146,0.151476,0.025282,6.944011,test,保留有效视觉差异或作为高质量代表帧,
199,train,train/images/nozzle_extrusion_normal_0865.jpg,1,1,拟保留,train/images/nozzle_extrusion_normal_0865.jpg,1637.903198,114.370224,0.152452,0.036784,6.657893,test,保留有效视觉差异或作为高质量代表帧,
199,val,val/images/nozzle_extrusion_normal_0848.jpg,1,1,拟保留,val/images/nozzle_extrusion_normal_0848.jpg,1640.265503,110.481010,0.145833,0.048503,6.594983,test,保留有效视觉差异或作为高质量代表帧,
200,train,train/images/nozzle_extrusion_normal_0893.jpg,1,1,拟保留,train/images/nozzle_extrusion_normal_0893.jpg,1600.012085,126.117516,0.135091,0.023872,6.895961,test,保留有效视觉差异或作为高质量代表帧,
200,val,val/images/nozzle_extrusion_normal_0856.jpg,1,1,拟保留,val/images/nozzle_extrusion_normal_0856.jpg,1711.015381,124.156578,0.132378,0.023438,6.941363,test,保留有效视觉差异或作为高质量代表帧,
201,train,train/images/nozzle_extrusion_normal_0903.jpg,1,1,拟保留,train/images/nozzle_extrusion_normal_0903.jpg,1625.706299,116.066841,0.167318,0.038954,6.627996,test,保留有效视觉差异或作为高质量代表帧,
201,val,val/images/nozzle_extrusion_normal_0882.jpg,1,1,拟保留,val/images/nozzle_extrusion_normal_0882.jpg,1681.738037,111.691620,0.151042,0.050347,6.619540,test,保留有效视觉差异或作为高质量代表帧,
202,train,train/images/nozzle_extrusion_normal_1043.jpg,1,1,拟保留,train/images/nozzle_extrusion_normal_1043.jpg,1574.176270,138.699982,0.215278,0.028103,6.492895,test,保留有效视觉差异或作为高质量代表帧,
202,val,val/images/nozzle_extrusion_normal_1002.jpg,1,1,拟保留,val/images/nozzle_extrusion_normal_1002.jpg,1585.416626,130.699982,0.193142,0.030816,6.685987,test,保留有效视觉差异或作为高质量代表帧,
203,train,train/images/nozzle_extrusion_normal_1214.jpg,1,1,拟保留,train/images/nozzle_extrusion_normal_1214.jpg,1571.026733,139.639328,0.180990,0.033529,6.568230,test,保留有效视觉差异或作为高质量代表帧,
203,val,val/images/nozzle_extrusion_normal_1186.jpg,1,1,拟保留,val/images/nozzle_extrusion_normal_1186.jpg,1559.288086,142.680557,0.192817,0.027344,6.490104,test,保留有效视觉差异或作为高质量代表帧,
204,train,train/images/nozzle_extrusion_normal_1268.jpg,1,1,拟保留,train/images/nozzle_extrusion_normal_1268.jpg,1541.314209,159.776154,0.328125,0.025391,5.809381,test,保留有效视觉差异或作为高质量代表帧,
204,val,val/images/nozzle_extrusion_normal_1295.jpg,1,1,拟保留,val/images/nozzle_extrusion_normal_1295.jpg,1554.966553,160.055557,0.334744,0.028103,5.788546,test,保留有效视觉差异或作为高质量代表帧,
205,train,train/images/nozzle_extrusion_normal_1414.jpg,1,1,拟保留,train/images/nozzle_extrusion_normal_1414.jpg,2374.572266,137.103943,0.160590,0.053819,7.041335,test,保留有效视觉差异或作为高质量代表帧,
205,val,val/images/nozzle_extrusion_normal_1391.jpg,1,1,拟保留,val/images/nozzle_extrusion_normal_1391.jpg,2263.894531,138.118713,0.173394,0.053168,6.940659,test,保留有效视觉差异或作为高质量代表帧,
206,train,train/images/nozzle_extrusion_normal_1514.jpg,1,1,拟保留,train/images/nozzle_extrusion_normal_1514.jpg,1631.756226,131.278870,0.172418,0.041884,6.745772,test,保留有效视觉差异或作为高质量代表帧,
206,val,val/images/nozzle_extrusion_normal_1516.jpg,1,1,拟保留,val/images/nozzle_extrusion_normal_1516.jpg,1746.011597,132.664062,0.182509,0.035807,6.773645,test,保留有效视觉差异或作为高质量代表帧,
207,train,train/images/nozzle_no_extrusion_0119.jpg,1,1,拟保留,train/images/nozzle_no_extrusion_0119.jpg,2873.841553,125.666885,0.082357,0.006185,7.667858,test,保留有效视觉差异或作为高质量代表帧,
207,val,val/images/nozzle_no_extrusion_0118.jpg,1,1,拟保留,val/images/nozzle_no_extrusion_0118.jpg,2738.122314,106.993378,0.058594,0.013455,7.384473,test,保留有效视觉差异或作为高质量代表帧,
208,train,train/images/nozzle_no_extrusion_0136.jpg,1,1,拟保留,train/images/nozzle_no_extrusion_0136.jpg,2456.869629,125.167862,0.082899,0.008030,7.498041,test,保留有效视觉差异或作为高质量代表帧,
208,val,val/images/nozzle_no_extrusion_0135.jpg,1,1,拟保留,val/images/nozzle_no_extrusion_0135.jpg,2264.614502,89.784073,0.035048,0.035590,6.952154,test,保留有效视觉差异或作为高质量代表帧,
209,train,train/images/nozzle_no_extrusion_0403.jpg,1,1,拟保留,train/images/nozzle_no_extrusion_0403.jpg,1684.595459,118.729820,0.059136,0.009332,7.088956,test,保留有效视觉差异或作为高质量代表帧,
209,val,val/images/nozzle_no_extrusion_0411.jpg,1,1,拟保留,val/images/nozzle_no_extrusion_0411.jpg,1683.201904,118.796982,0.058919,0.009332,7.089829,test,保留有效视觉差异或作为高质量代表帧,
210,train,train/images/nozzle_no_extrusion_0417.jpg,1,1,拟保留,train/images/nozzle_no_extrusion_0417.jpg,2130.299072,119.322807,0.062934,0.009006,7.322092,test,保留有效视觉差异或作为高质量代表帧,
210,val,val/images/nozzle_no_extrusion_0419.jpg,1,1,拟保留,val/images/nozzle_no_extrusion_0419.jpg,2083.951416,119.350586,0.064019,0.008681,7.297935,test,保留有效视觉差异或作为高质量代表帧,
211,train,train/images/nozzle_no_extrusion_0436.jpg,1,1,拟保留,train/images/nozzle_no_extrusion_0436.jpg,2091.616455,117.293510,0.068142,0.008138,7.258178,test,保留有效视觉差异或作为高质量代表帧,
211,val,val/images/nozzle_no_extrusion_0440.jpg,1,1,拟保留,val/images/nozzle_no_extrusion_0440.jpg,2007.519653,105.894203,0.057834,0.011502,7.063244,test,保留有效视觉差异或作为高质量代表帧,
212,train,train/images/nozzle_no_extrusion_0441.jpg,1,1,拟保留,train/images/nozzle_no_extrusion_0441.jpg,1895.084717,108.688042,0.060330,0.011068,7.042672,test,保留有效视觉差异或作为高质量代表帧,
212,val,val/images/nozzle_no_extrusion_0435.jpg,1,1,拟保留,val/images/nozzle_no_extrusion_0435.jpg,1865.763794,115.295685,0.065864,0.008572,7.118721,test,保留有效视觉差异或作为高质量代表帧,
213,train,train/images/nozzle_no_extrusion_0452.jpg,1,1,拟保留,train/images/nozzle_no_extrusion_0452.jpg,1797.878418,106.079643,0.060330,0.011176,6.949071,test,保留有效视觉差异或作为高质量代表帧,
213,val,val/images/nozzle_no_extrusion_0447.jpg,1,1,拟保留,val/images/nozzle_no_extrusion_0447.jpg,1958.115234,121.511391,0.073785,0.005751,7.246008,test,保留有效视觉差异或作为高质量代表帧,
214,train,train/images/nozzle_no_extrusion_0477.jpg,1,1,拟保留,train/images/nozzle_no_extrusion_0477.jpg,2164.354248,112.265297,0.062174,0.009115,7.229732,test,保留有效视觉差异或作为高质量代表帧,
214,val,val/images/nozzle_no_extrusion_0475.jpg,1,1,拟保留,val/images/nozzle_no_extrusion_0475.jpg,2220.462402,112.208115,0.061632,0.009983,7.254312,test,保留有效视觉差异或作为高质量代表帧,
215,train,train/images/nozzle_no_extrusion_0484.jpg,1,1,拟保留,train/images/nozzle_no_extrusion_0484.jpg,2006.731323,118.132919,0.065213,0.007921,7.239107,test,保留有效视觉差异或作为高质量代表帧,
215,val,val/images/nozzle_no_extrusion_0492.jpg,1,1,拟保留,val/images/nozzle_no_extrusion_0492.jpg,1917.423950,110.776039,0.059570,0.009549,7.092327,test,保留有效视觉差异或作为高质量代表帧,
216,train,train/images/nozzle_no_extrusion_0497.jpg,1,1,拟保留,train/images/nozzle_no_extrusion_0497.jpg,1921.355347,122.979599,0.064996,0.007378,7.273119,val,保留有效视觉差异或作为高质量代表帧,
216,val,val/images/nozzle_no_extrusion_0506.jpg,1,1,拟删除,train/images/nozzle_no_extrusion_0497.jpg,1892.925293,115.469078,0.059679,0.009440,7.152695,删除,与质量更好的代表帧同时满足整图、目标区域和框IoU阈值,
217,train,train/images/nozzle_no_extrusion_0504.jpg,1,1,拟保留,train/images/nozzle_no_extrusion_0504.jpg,2195.436035,108.402237,0.055881,0.011285,7.198164,test,保留有效视觉差异或作为高质量代表帧,
217,val,val/images/nozzle_no_extrusion_0499.jpg,1,1,拟保留,val/images/nozzle_no_extrusion_0499.jpg,2274.303223,122.953339,0.067600,0.007378,7.433458,test,保留有效视觉差异或作为高质量代表帧,
218,train,train/images/nozzle_no_extrusion_0510.jpg,1,1,拟保留,train/images/nozzle_no_extrusion_0510.jpg,1848.536987,117.201607,0.059136,0.009006,7.158545,test,保留有效视觉差异或作为高质量代表帧,
218,val,val/images/nozzle_no_extrusion_0516.jpg,1,1,拟删除,train/images/nozzle_no_extrusion_0510.jpg,1808.568604,117.403427,0.059679,0.009115,7.138007,删除,与质量更好的代表帧同时满足整图、目标区域和框IoU阈值,
219,train,train/images/nozzle_no_extrusion_0547.jpg,1,1,拟保留,train/images/nozzle_no_extrusion_0547.jpg,1545.603394,119.412979,0.060330,0.007921,7.012813,test,保留有效视觉差异或作为高质量代表帧,
219,val,val/images/nozzle_no_extrusion_0539.jpg,1,1,拟保留,val/images/nozzle_no_extrusion_0539.jpg,1592.221802,118.645836,0.059679,0.008355,7.031608,test,保留有效视觉差异或作为高质量代表帧,
220,train,train/images/nozzle_no_extrusion_0570.jpg,1,1,拟保留,train/images/nozzle_no_extrusion_0570.jpg,2187.418945,120.285049,0.068251,0.007704,7.350228,test,保留有效视觉差异或作为高质量代表帧,
220,val,val/images/nozzle_no_extrusion_0571.jpg,1,1,拟保留,val/images/nozzle_no_extrusion_0571.jpg,2167.358154,110.915039,0.062174,0.011285,7.205680,test,保留有效视觉差异或作为高质量代表帧,
221,train,train/images/nozzle_no_extrusion_0577.jpg,1,1,拟保留,train/images/nozzle_no_extrusion_0577.jpg,1719.345581,117.056427,0.065430,0.008355,7.066288,test,保留有效视觉差异或作为高质量代表帧,
221,val,val/images/nozzle_no_extrusion_0583.jpg,1,1,拟保留,val/images/nozzle_no_extrusion_0583.jpg,1742.764648,110.417641,0.060547,0.011176,6.985084,test,保留有效视觉差异或作为高质量代表帧,
222,train,train/images/nozzle_no_extrusion_0578.jpg,1,1,拟保留,train/images/nozzle_no_extrusion_0578.jpg,1999.837769,119.527885,0.067166,0.008355,7.250737,test,保留有效视觉差异或作为高质量代表帧,
222,val,val/images/nozzle_no_extrusion_0582.jpg,1,1,拟保留,val/images/nozzle_no_extrusion_0582.jpg,2015.595703,112.071831,0.062609,0.011285,7.149893,test,保留有效视觉差异或作为高质量代表帧,
223,train,train/images/nozzle_no_extrusion_0581.jpg,1,1,拟保留,train/images/nozzle_no_extrusion_0581.jpg,2110.645020,108.118706,0.058485,0.012370,7.144382,test,保留有效视觉差异或作为高质量代表帧,
223,val,val/images/nozzle_no_extrusion_0580.jpg,1,1,拟保留,val/images/nozzle_no_extrusion_0580.jpg,2133.298584,118.345596,0.067600,0.007921,7.296402,test,保留有效视觉差异或作为高质量代表帧,
224,train,train/images/nozzle_no_extrusion_0588.jpg,1,1,拟保留,train/images/nozzle_no_extrusion_0588.jpg,2222.055176,121.592125,0.070312,0.007812,7.379952,test,保留有效视觉差异或作为高质量代表帧,
224,val,val/images/nozzle_no_extrusion_0590.jpg,1,1,拟保留,val/images/nozzle_no_extrusion_0590.jpg,2167.399658,107.146919,0.058919,0.011936,7.155286,test,保留有效视觉差异或作为高质量代表帧,
225,train,train/images/nozzle_no_extrusion_0602.jpg,1,1,拟保留,train/images/nozzle_no_extrusion_0602.jpg,1730.634644,109.115669,0.060330,0.011068,6.958628,test,保留有效视觉差异或作为高质量代表帧,
225,val,val/images/nozzle_no_extrusion_0596.jpg,1,1,拟保留,val/images/nozzle_no_extrusion_0596.jpg,1773.407837,116.380646,0.065864,0.008898,7.084283,test,保留有效视觉差异或作为高质量代表帧,
226,train,train/images/nozzle_no_extrusion_0616.jpg,1,1,拟保留,train/images/nozzle_no_extrusion_0616.jpg,1722.974365,119.912651,0.065538,0.007595,7.114217,test,保留有效视觉差异或作为高质量代表帧,
226,val,val/images/nozzle_no_extrusion_0623.jpg,1,1,拟删除,train/images/nozzle_no_extrusion_0616.jpg,1714.967407,112.248047,0.060004,0.009223,7.003149,删除,与质量更好的代表帧同时满足整图、目标区域和框IoU阈值,
227,train,train/images/nozzle_no_extrusion_0626.jpg,1,1,拟保留,train/images/nozzle_no_extrusion_0626.jpg,1678.447754,113.519859,0.060004,0.009549,7.000858,test,保留有效视觉差异或作为高质量代表帧,
227,val,val/images/nozzle_no_extrusion_0634.jpg,1,1,拟保留,val/images/nozzle_no_extrusion_0634.jpg,1684.971802,112.949112,0.059679,0.009657,6.996577,test,保留有效视觉差异或作为高质量代表帧,
228,train,train/images/nozzle_no_extrusion_0631.jpg,1,1,拟保留,train/images/nozzle_no_extrusion_0631.jpg,2073.071045,109.978516,0.061523,0.009657,7.151798,test,保留有效视觉差异或作为高质量代表帧,
228,val,val/images/nozzle_no_extrusion_0629.jpg,1,1,拟保留,val/images/nozzle_no_extrusion_0629.jpg,2091.335449,113.761505,0.063694,0.009223,7.214033,test,保留有效视觉差异或作为高质量代表帧,
229,train,train/images/nozzle_no_extrusion_0649.jpg,1,1,拟保留,train/images/nozzle_no_extrusion_0649.jpg,1905.610718,116.228302,0.060764,0.009115,7.168629,test,保留有效视觉差异或作为高质量代表帧,
229,val,val/images/nozzle_no_extrusion_0655.jpg,1,1,拟保留,val/images/nozzle_no_extrusion_0655.jpg,1875.317261,116.493706,0.061198,0.008789,7.156109,test,保留有效视觉差异或作为高质量代表帧,
230,train,train/images/nozzle_no_extrusion_0662.jpg,1,1,拟保留,train/images/nozzle_no_extrusion_0662.jpg,2187.162842,114.099937,0.062609,0.008464,7.268877,test,保留有效视觉差异或作为高质量代表帧,
230,val,val/images/nozzle_no_extrusion_0664.jpg,1,1,拟保留,val/images/nozzle_no_extrusion_0664.jpg,2121.022217,110.010849,0.061306,0.008898,7.177330,test,保留有效视觉差异或作为高质量代表帧,
231,train,train/images/nozzle_no_extrusion_0676.jpg,1,1,拟保留,train/images/nozzle_no_extrusion_0676.jpg,2009.351318,117.642906,0.060872,0.007921,7.245776,test,保留有效视觉差异或作为高质量代表帧,
231,val,val/images/nozzle_no_extrusion_0672.jpg,1,1,拟保留,val/images/nozzle_no_extrusion_0672.jpg,2105.434570,116.800781,0.060438,0.009006,7.278437,test,保留有效视觉差异或作为高质量代表帧,
232,train,train/images/nozzle_no_extrusion_0713.jpg,1,1,拟保留,train/images/nozzle_no_extrusion_0713.jpg,1787.422852,118.783745,0.060764,0.009332,7.144131,test,保留有效视觉差异或作为高质量代表帧,
232,val,val/images/nozzle_no_extrusion_0704.jpg,1,1,拟保留,val/images/nozzle_no_extrusion_0704.jpg,1814.776489,118.567711,0.060221,0.008572,7.159081,test,保留有效视觉差异或作为高质量代表帧,
233,train,train/images/nozzle_no_extrusion_0721.jpg,1,1,拟保留,train/images/nozzle_no_extrusion_0721.jpg,1950.789917,113.204208,0.061089,0.008898,7.144255,test,保留有效视觉差异或作为高质量代表帧,
233,val,val/images/nozzle_no_extrusion_0717.jpg,1,1,拟保留,val/images/nozzle_no_extrusion_0717.jpg,2043.433228,112.923286,0.061415,0.009549,7.183960,test,保留有效视觉差异或作为高质量代表帧,
234,train,train/images/nozzle_no_extrusion_0748.jpg,1,1,拟保留,train/images/nozzle_no_extrusion_0748.jpg,1675.455444,106.605141,0.060004,0.009766,6.890598,test,保留有效视觉差异或作为高质量代表帧,
234,val,val/images/nozzle_no_extrusion_0741.jpg,1,1,拟保留,val/images/nozzle_no_extrusion_0741.jpg,1715.285645,113.119247,0.065104,0.007921,7.004251,test,保留有效视觉差异或作为高质量代表帧,
235,train,train/images/nozzle_no_extrusion_0772.jpg,1,1,拟保留,train/images/nozzle_no_extrusion_0772.jpg,2158.708984,108.430664,0.058594,0.010959,7.174258,test,保留有效视觉差异或作为高质量代表帧,
235,val,val/images/nozzle_no_extrusion_0770.jpg,1,1,拟保留,val/images/nozzle_no_extrusion_0770.jpg,2261.148193,124.655167,0.072374,0.007270,7.440145,test,保留有效视觉差异或作为高质量代表帧,
236,train,train/images/nozzle_no_extrusion_0805.jpg,1,1,拟保留,train/images/nozzle_no_extrusion_0805.jpg,1993.542969,108.173935,0.055230,0.011502,7.099694,test,保留有效视觉差异或作为高质量代表帧,
236,val,val/images/nozzle_no_extrusion_0801.jpg,1,1,拟保留,val/images/nozzle_no_extrusion_0801.jpg,2080.606689,116.262482,0.061740,0.009874,7.252527,test,保留有效视觉差异或作为高质量代表帧,
237,train,train/images/nozzle_no_extrusion_0840.jpg,1,1,拟保留,train/images/nozzle_no_extrusion_0840.jpg,2052.673340,124.541229,0.070095,0.007161,7.348733,test,保留有效视觉差异或作为高质量代表帧,
237,val,val/images/nozzle_no_extrusion_0843.jpg,1,1,拟保留,val/images/nozzle_no_extrusion_0843.jpg,1997.334595,113.076385,0.060547,0.009006,7.167235,test,保留有效视觉差异或作为高质量代表帧,
238,train,train/images/nozzle_no_extrusion_0881.jpg,1,1,拟保留,train/images/nozzle_no_extrusion_0881.jpg,1985.022827,111.729057,0.054145,0.009983,7.157256,test,保留有效视觉差异或作为高质量代表帧,
238,val,val/images/nozzle_no_extrusion_0875.jpg,1,1,拟保留,val/images/nozzle_no_extrusion_0875.jpg,2051.897705,120.161026,0.062066,0.008681,7.300965,test,保留有效视觉差异或作为高质量代表帧,
239,train,train/images/nozzle_tip_wrapped_0023.jpg,0,0,拟保留,train/images/nozzle_tip_wrapped_0023.jpg,1823.506104,112.043076,0.063477,0.074544,6.920219,test,保留有效视觉差异或作为高质量代表帧,
239,val,val/images/nozzle_tip_wrapped_0019.jpg,0,0,拟保留,val/images/nozzle_tip_wrapped_0019.jpg,1892.943237,116.321503,0.074110,0.066949,7.007711,test,保留有效视觉差异或作为高质量代表帧,
240,train,train/images/nozzle_tip_wrapped_0158.jpg,0,0,拟保留,train/images/nozzle_tip_wrapped_0158.jpg,3046.282959,125.451279,0.072591,0.013129,7.738150,test,保留有效视觉差异或作为高质量代表帧,
240,val,val/images/nozzle_tip_wrapped_0157.jpg,0,0,拟保留,val/images/nozzle_tip_wrapped_0157.jpg,3048.214355,122.193253,0.065755,0.014974,7.704695,test,保留有效视觉差异或作为高质量代表帧,
241,train,train/images/nozzle_tip_wrapped_0328.jpg,0,0,拟保留,train/images/nozzle_tip_wrapped_0328.jpg,3019.913574,136.613388,0.102431,0.020833,7.529772,test,保留有效视觉差异或作为高质量代表帧,
241,val,val/images/nozzle_tip_wrapped_0329.jpg,0,0,拟保留,val/images/nozzle_tip_wrapped_0329.jpg,3086.994629,140.277557,0.122721,0.010959,7.453358,test,保留有效视觉差异或作为高质量代表帧,
242,train,train/images/nozzle_tip_wrapped_0489.jpg,0,0,拟保留,train/images/nozzle_tip_wrapped_0489.jpg,1819.551392,143.461914,0.102214,0.001953,6.954755,test,保留有效视觉差异或作为高质量代表帧,
242,val,val/images/nozzle_tip_wrapped_0491.jpg,0,0,拟保留,val/images/nozzle_tip_wrapped_0491.jpg,1811.028931,144.755432,0.110460,0.001411,6.906197,test,保留有效视觉差异或作为高质量代表帧,
243,train,train/images/nozzle_tip_wrapped_0638.jpg,0,0,拟保留,train/images/nozzle_tip_wrapped_0638.jpg,2007.461914,56.731445,0.022461,0.223958,5.976254,test,保留有效视觉差异或作为高质量代表帧,
243,val,val/images/nozzle_tip_wrapped_0636.jpg,0,0,拟保留,val/images/nozzle_tip_wrapped_0636.jpg,2027.161621,52.367188,0.022461,0.253364,5.859012,test,保留有效视觉差异或作为高质量代表帧,
244,train,train/images/nozzle_tip_wrapped_0661.jpg,0,0,拟保留,train/images/nozzle_tip_wrapped_0661.jpg,1980.534424,57.481552,0.022135,0.224284,5.974802,test,保留有效视觉差异或作为高质量代表帧,
244,val,val/images/nozzle_tip_wrapped_0659.jpg,0,0,拟保留,val/images/nozzle_tip_wrapped_0659.jpg,1971.048706,53.084854,0.022135,0.249457,5.850958,test,保留有效视觉差异或作为高质量代表帧,
245,train,train/images/nozzle_tip_wrapped_0833.jpg,0,0,拟保留,train/images/nozzle_tip_wrapped_0833.jpg,3932.563721,87.461700,0.108724,0.225694,6.866329,test,保留有效视觉差异或作为高质量代表帧,
245,val,val/images/nozzle_tip_wrapped_0831.jpg,0,0,拟保留,val/images/nozzle_tip_wrapped_0831.jpg,3867.917969,85.620987,0.109158,0.248372,6.774339,test,保留有效视觉差异或作为高质量代表帧,
246,train,train/images/nozzle_tip_wrapped_1057.jpg,0,0,拟保留,train/images/nozzle_tip_wrapped_1057.jpg,1372.483398,108.497940,0.062283,0.028537,6.676462,test,保留有效视觉差异或作为高质量代表帧,
246,val,val/images/nozzle_tip_wrapped_1053.jpg,0,0,拟保留,val/images/nozzle_tip_wrapped_1053.jpg,1393.778809,100.796112,0.048503,0.032335,6.605252,test,保留有效视觉差异或作为高质量代表帧,
247,train,train/images/nozzle_tip_wrapped_1219.jpg,0,0,拟保留,train/images/nozzle_tip_wrapped_1219.jpg,1209.459961,146.814880,0.312391,0.023763,5.820073,test,保留有效视觉差异或作为高质量代表帧,
247,val,val/images/nozzle_tip_wrapped_1231.jpg,0,0,拟保留,val/images/nozzle_tip_wrapped_1231.jpg,1198.638916,147.852753,0.312174,0.022895,5.797263,test,保留有效视觉差异或作为高质量代表帧,
