相似簇编号,图片A,图片B,整图SSIM,目标区域SSIM,框IoU,是否高度冗余
1,test/images/nozzle_no_extrusion_0272.jpg,train/images/nozzle_no_extrusion_0163.jpg,0.609404,0.603390,1.000000,否
1,test/images/nozzle_no_extrusion_0272.jpg,train/images/nozzle_no_extrusion_0207.jpg,0.708158,0.761080,1.000000,否
1,test/images/nozzle_no_extrusion_0272.jpg,train/images/nozzle_no_extrusion_0273.jpg,0.691982,0.685647,1.000000,否
1,test/images/nozzle_no_extrusion_0272.jpg,train/images/nozzle_no_extrusion_0238.jpg,0.609437,0.603978,1.000000,否
1,test/images/nozzle_no_extrusion_0272.jpg,val/images/nozzle_no_extrusion_0355.jpg,0.515623,0.457949,1.000000,否
1,test/images/nozzle_no_extrusion_0272.jpg,train/images/nozzle_no_extrusion_0282.jpg,0.671521,0.725056,1.000000,否
1,test/images/nozzle_no_extrusion_0272.jpg,train/images/nozzle_no_extrusion_0275.jpg,0.584355,0.554129,1.000000,否
1,test/images/nozzle_no_extrusion_0272.jpg,train/images/nozzle_no_extrusion_0274.jpg,0.610327,0.614485,1.000000,否
1,test/images/nozzle_no_extrusion_0272.jpg,train/images/nozzle_no_extrusion_0203.jpg,0.525012,0.481623,1.000000,否
1,test/images/nozzle_no_extrusion_0272.jpg,train/images/nozzle_no_extrusion_0164.jpg,0.572057,0.530425,1.000000,否
1,test/images/nozzle_no_extrusion_0272.jpg,val/images/nozzle_no_extrusion_0351.jpg,0.988584,0.956038,1.000000,是
1,test/images/nozzle_no_extrusion_0272.jpg,val/images/nozzle_no_extrusion_0243.jpg,0.597562,0.618207,1.000000,否
1,test/images/nozzle_no_extrusion_0272.jpg,train/images/nozzle_no_extrusion_0161.jpg,0.789793,0.806532,1.000000,否
1,test/images/nozzle_no_extrusion_0272.jpg,train/images/nozzle_no_extrusion_0242.jpg,0.552717,0.513364,1.000000,否
1,test/images/nozzle_no_extrusion_0272.jpg,val/images/nozzle_no_extrusion_0245.jpg,0.937348,0.920398,1.000000,否
1,test/images/nozzle_no_extrusion_0272.jpg,train/images/nozzle_no_extrusion_0277.jpg,0.511396,0.477010,1.000000,否
1,test/images/nozzle_no_extrusion_0272.jpg,train/images/nozzle_no_extrusion_0241.jpg,0.512377,0.476994,1.000000,否
1,test/images/nozzle_no_extrusion_0272.jpg,test/images/nozzle_no_extrusion_0196.jpg,0.682914,0.760600,1.000000,否
1,test/images/nozzle_no_extrusion_0272.jpg,train/images/nozzle_no_extrusion_0352.jpg,0.676307,0.675328,1.000000,否
1,test/images/nozzle_no_extrusion_0272.jpg,train/images/nozzle_no_extrusion_0318.jpg,0.676763,0.682404,1.000000,否
1,test/images/nozzle_no_extrusion_0272.jpg,train/images/nozzle_no_extrusion_0206.jpg,0.860163,0.820858,1.000000,否
1,test/images/nozzle_no_extrusion_0272.jpg,train/images/nozzle_no_extrusion_0358.jpg,0.621882,0.643962,1.000000,否
1,test/images/nozzle_no_extrusion_0272.jpg,test/images/nozzle_no_extrusion_0309.jpg,0.696579,0.773327,1.000000,否
1,test/images/nozzle_no_extrusion_0272.jpg,val/images/nozzle_no_extrusion_0315.jpg,0.511193,0.474845,1.000000,否
1,test/images/nozzle_no_extrusion_0272.jpg,train/images/nozzle_no_extrusion_0359.jpg,0.675879,0.682811,1.000000,否
1,test/images/nozzle_no_extrusion_0272.jpg,test/images/nozzle_no_extrusion_0244.jpg,0.673513,0.680264,1.000000,否
1,test/images/nozzle_no_extrusion_0272.jpg,train/images/nozzle_no_extrusion_0235.jpg,0.684690,0.745799,1.000000,否
1,test/images/nozzle_no_extrusion_0272.jpg,val/images/nozzle_no_extrusion_0199.jpg,0.607008,0.609445,1.000000,否
1,test/images/nozzle_no_extrusion_0272.jpg,train/images/nozzle_no_extrusion_0314.jpg,0.516944,0.458007,1.000000,否
1,test/images/nozzle_no_extrusion_0272.jpg,train/images/nozzle_no_extrusion_0312.jpg,0.599342,0.599011,1.000000,否
1,test/images/nozzle_no_extrusion_0272.jpg,test/images/nozzle_no_extrusion_0204.jpg,0.582536,0.570673,1.000000,否
1,test/images/nozzle_no_extrusion_0272.jpg,test/images/nozzle_no_extrusion_0195.jpg,0.610998,0.712574,1.000000,否
1,test/images/nozzle_no_extrusion_0272.jpg,train/images/nozzle_no_extrusion_0167.jpg,0.607424,0.611145,1.000000,否
1,test/images/nozzle_no_extrusion_0272.jpg,test/images/nozzle_no_extrusion_0276.jpg,0.532233,0.462348,1.000000,否
1,test/images/nozzle_no_extrusion_0272.jpg,train/images/nozzle_no_extrusion_0280.jpg,0.667828,0.687270,1.000000,否
1,test/images/nozzle_no_extrusion_0272.jpg,train/images/nozzle_no_extrusion_0353.jpg,0.597487,0.588360,1.000000,否
1,test/images/nozzle_no_extrusion_0272.jpg,train/images/nozzle_no_extrusion_0313.jpg,0.565333,0.522353,1.000000,否
1,test/images/nozzle_no_extrusion_0272.jpg,test/images/nozzle_no_extrusion_0319.jpg,0.897773,0.887168,1.000000,否
1,test/images/nozzle_no_extrusion_0272.jpg,test/images/nozzle_no_extrusion_0357.jpg,0.559960,0.520528,1.000000,否
1,test/images/nozzle_no_extrusion_0272.jpg,val/images/nozzle_no_extrusion_0271.jpg,0.694739,0.776734,1.000000,否
1,test/images/nozzle_no_extrusion_0272.jpg,train/images/nozzle_no_extrusion_0361.jpg,0.657198,0.712252,1.000000,否
1,test/images/nozzle_no_extrusion_0272.jpg,train/images/nozzle_no_extrusion_0205.jpg,0.647621,0.657116,1.000000,否
1,test/images/nozzle_no_extrusion_0272.jpg,train/images/nozzle_no_extrusion_0198.jpg,0.686801,0.673191,1.000000,否
1,test/images/nozzle_no_extrusion_0272.jpg,train/images/nozzle_no_extrusion_0239.jpg,0.585263,0.553614,1.000000,否
1,test/images/nozzle_no_extrusion_0272.jpg,train/images/nozzle_no_extrusion_0270.jpg,0.611457,0.708790,1.000000,否
1,test/images/nozzle_no_extrusion_0272.jpg,val/images/nozzle_no_extrusion_0236.jpg,0.958401,0.928748,1.000000,否
1,test/images/nozzle_no_extrusion_0272.jpg,train/images/nozzle_no_extrusion_0311.jpg,0.683107,0.677399,1.000000,否
1,test/images/nozzle_no_extrusion_0272.jpg,train/images/nozzle_no_extrusion_0237.jpg,0.692690,0.675792,1.000000,否
1,test/images/nozzle_no_extrusion_0272.jpg,train/images/nozzle_no_extrusion_0162.jpg,0.696639,0.682918,1.000000,否
1,test/images/nozzle_no_extrusion_0272.jpg,train/images/nozzle_no_extrusion_0165.jpg,0.526213,0.462523,1.000000,否
1,test/images/nozzle_no_extrusion_0272.jpg,train/images/nozzle_no_extrusion_0279.jpg,0.596061,0.609994,1.000000,否
1,test/images/nozzle_no_extrusion_0272.jpg,train/images/nozzle_no_extrusion_0356.jpg,0.516921,0.467527,1.000000,否
1,test/images/nozzle_no_extrusion_0272.jpg,test/images/nozzle_no_extrusion_0246.jpg,0.651477,0.713615,1.000000,否
1,test/images/nozzle_no_extrusion_0272.jpg,val/images/nozzle_no_extrusion_0360.jpg,0.878966,0.877638,1.000000,否
1,test/images/nozzle_no_extrusion_0272.jpg,train/images/nozzle_no_extrusion_0350.jpg,0.695533,0.766326,1.000000,否
1,test/images/nozzle_no_extrusion_0272.jpg,train/images/nozzle_no_extrusion_0308.jpg,0.623848,0.714326,1.000000,否
1,test/images/nozzle_no_extrusion_0272.jpg,train/images/nozzle_no_extrusion_0202.jpg,0.517291,0.472033,1.000000,否
1,test/images/nozzle_no_extrusion_0272.jpg,train/images/nozzle_no_extrusion_0197.jpg,0.942662,0.928150,1.000000,否
1,test/images/nozzle_no_extrusion_0272.jpg,train/images/nozzle_no_extrusion_0320.jpg,0.644567,0.707555,1.000000,否
1,test/images/nozzle_no_extrusion_0272.jpg,val/images/nozzle_no_extrusion_0310.jpg,0.996074,0.967743,1.000000,是
1,test/images/nozzle_no_extrusion_0272.jpg,val/images/nozzle_no_extrusion_0240.jpg,0.531212,0.454037,1.000000,否
1,test/images/nozzle_no_extrusion_0272.jpg,val/images/nozzle_no_extrusion_0349.jpg,0.620412,0.715682,1.000000,否
1,test/images/nozzle_no_extrusion_0272.jpg,train/images/nozzle_no_extrusion_0317.jpg,0.602112,0.618982,1.000000,否
1,test/images/nozzle_no_extrusion_0272.jpg,val/images/nozzle_no_extrusion_0201.jpg,0.534063,0.476631,1.000000,否
1,test/images/nozzle_no_extrusion_0272.jpg,train/images/nozzle_no_extrusion_0281.jpg,0.943759,0.934324,1.000000,否
1,test/images/nozzle_no_extrusion_0272.jpg,train/images/nozzle_no_extrusion_0234.jpg,0.612357,0.701639,1.000000,否
1,test/images/nozzle_no_extrusion_0272.jpg,train/images/nozzle_no_extrusion_0169.jpg,0.852666,0.838932,1.000000,否
1,test/images/nozzle_no_extrusion_0272.jpg,train/images/nozzle_no_extrusion_0278.jpg,0.550670,0.511843,1.000000,否
1,test/images/nozzle_no_extrusion_0272.jpg,val/images/nozzle_no_extrusion_0316.jpg,0.568407,0.534056,1.000000,否
1,test/images/nozzle_no_extrusion_0272.jpg,train/images/nozzle_no_extrusion_0200.jpg,0.583525,0.543267,1.000000,否
1,test/images/nozzle_no_extrusion_0272.jpg,train/images/nozzle_no_extrusion_0166.jpg,0.568822,0.525847,1.000000,否
1,test/images/nozzle_no_extrusion_0272.jpg,val/images/nozzle_no_extrusion_0168.jpg,0.696067,0.684894,1.000000,否
1,test/images/nozzle_no_extrusion_0272.jpg,train/images/nozzle_no_extrusion_0354.jpg,0.560346,0.516759,1.000000,否
1,train/images/nozzle_no_extrusion_0163.jpg,train/images/nozzle_no_extrusion_0207.jpg,0.593929,0.582922,1.000000,否
1,train/images/nozzle_no_extrusion_0163.jpg,train/images/nozzle_no_extrusion_0273.jpg,0.671932,0.702729,1.000000,否
1,train/images/nozzle_no_extrusion_0163.jpg,train/images/nozzle_no_extrusion_0238.jpg,0.947520,0.947298,1.000000,否
1,train/images/nozzle_no_extrusion_0163.jpg,val/images/nozzle_no_extrusion_0355.jpg,0.575235,0.629699,1.000000,否
1,train/images/nozzle_no_extrusion_0163.jpg,train/images/nozzle_no_extrusion_0282.jpg,0.582432,0.561970,1.000000,否
1,train/images/nozzle_no_extrusion_0163.jpg,train/images/nozzle_no_extrusion_0275.jpg,0.669760,0.769384,1.000000,否
1,train/images/nozzle_no_extrusion_0163.jpg,train/images/nozzle_no_extrusion_0274.jpg,0.931675,0.950066,1.000000,否
1,train/images/nozzle_no_extrusion_0163.jpg,train/images/nozzle_no_extrusion_0203.jpg,0.600250,0.725048,1.000000,否
1,train/images/nozzle_no_extrusion_0163.jpg,train/images/nozzle_no_extrusion_0164.jpg,0.672256,0.774734,1.000000,否
1,train/images/nozzle_no_extrusion_0163.jpg,val/images/nozzle_no_extrusion_0351.jpg,0.613149,0.605946,1.000000,否
1,train/images/nozzle_no_extrusion_0163.jpg,val/images/nozzle_no_extrusion_0243.jpg,0.929457,0.934067,1.000000,否
1,train/images/nozzle_no_extrusion_0163.jpg,train/images/nozzle_no_extrusion_0161.jpg,0.597714,0.633964,1.000000,否
1,train/images/nozzle_no_extrusion_0163.jpg,train/images/nozzle_no_extrusion_0242.jpg,0.638726,0.762120,1.000000,否
1,train/images/nozzle_no_extrusion_0163.jpg,val/images/nozzle_no_extrusion_0245.jpg,0.612276,0.611260,1.000000,否
1,train/images/nozzle_no_extrusion_0163.jpg,train/images/nozzle_no_extrusion_0277.jpg,0.580106,0.672338,1.000000,否
1,train/images/nozzle_no_extrusion_0163.jpg,train/images/nozzle_no_extrusion_0241.jpg,0.579464,0.670617,1.000000,否
1,train/images/nozzle_no_extrusion_0163.jpg,test/images/nozzle_no_extrusion_0196.jpg,0.579995,0.577942,1.000000,否
1,train/images/nozzle_no_extrusion_0163.jpg,train/images/nozzle_no_extrusion_0352.jpg,0.691488,0.760388,1.000000,否
1,train/images/nozzle_no_extrusion_0163.jpg,train/images/nozzle_no_extrusion_0318.jpg,0.688352,0.728221,1.000000,否
1,train/images/nozzle_no_extrusion_0163.jpg,train/images/nozzle_no_extrusion_0206.jpg,0.633194,0.626114,1.000000,否
1,train/images/nozzle_no_extrusion_0163.jpg,train/images/nozzle_no_extrusion_0358.jpg,0.826765,0.888291,1.000000,否
1,train/images/nozzle_no_extrusion_0163.jpg,test/images/nozzle_no_extrusion_0309.jpg,0.585469,0.579576,1.000000,否
1,train/images/nozzle_no_extrusion_0163.jpg,val/images/nozzle_no_extrusion_0315.jpg,0.579291,0.667823,1.000000,否
1,train/images/nozzle_no_extrusion_0163.jpg,train/images/nozzle_no_extrusion_0359.jpg,0.687857,0.725222,1.000000,否
1,train/images/nozzle_no_extrusion_0163.jpg,test/images/nozzle_no_extrusion_0244.jpg,0.695464,0.757702,1.000000,否
1,train/images/nozzle_no_extrusion_0163.jpg,train/images/nozzle_no_extrusion_0235.jpg,0.581706,0.566759,1.000000,否
1,train/images/nozzle_no_extrusion_0163.jpg,val/images/nozzle_no_extrusion_0199.jpg,0.904291,0.939207,1.000000,否
1,train/images/nozzle_no_extrusion_0163.jpg,train/images/nozzle_no_extrusion_0314.jpg,0.576636,0.634877,1.000000,否
1,train/images/nozzle_no_extrusion_0163.jpg,train/images/nozzle_no_extrusion_0312.jpg,0.897084,0.911540,1.000000,否
1,train/images/nozzle_no_extrusion_0163.jpg,test/images/nozzle_no_extrusion_0204.jpg,0.719539,0.823827,1.000000,否
1,train/images/nozzle_no_extrusion_0163.jpg,test/images/nozzle_no_extrusion_0195.jpg,0.564453,0.567984,1.000000,否
1,train/images/nozzle_no_extrusion_0163.jpg,train/images/nozzle_no_extrusion_0167.jpg,0.965857,0.959402,1.000000,是
1,train/images/nozzle_no_extrusion_0163.jpg,test/images/nozzle_no_extrusion_0276.jpg,0.596096,0.686454,1.000000,否
1,train/images/nozzle_no_extrusion_0163.jpg,train/images/nozzle_no_extrusion_0280.jpg,0.699218,0.761326,1.000000,否
1,train/images/nozzle_no_extrusion_0163.jpg,train/images/nozzle_no_extrusion_0353.jpg,0.849034,0.886638,1.000000,否
1,train/images/nozzle_no_extrusion_0163.jpg,train/images/nozzle_no_extrusion_0313.jpg,0.644837,0.741560,1.000000,否
1,train/images/nozzle_no_extrusion_0163.jpg,test/images/nozzle_no_extrusion_0319.jpg,0.607284,0.614740,1.000000,否
1,train/images/nozzle_no_extrusion_0163.jpg,test/images/nozzle_no_extrusion_0357.jpg,0.649589,0.762955,1.000000,否
1,train/images/nozzle_no_extrusion_0163.jpg,val/images/nozzle_no_extrusion_0271.jpg,0.584371,0.581405,1.000000,否
1,train/images/nozzle_no_extrusion_0163.jpg,train/images/nozzle_no_extrusion_0361.jpg,0.577727,0.559300,1.000000,否
1,train/images/nozzle_no_extrusion_0163.jpg,train/images/nozzle_no_extrusion_0205.jpg,0.731679,0.841560,1.000000,否
1,train/images/nozzle_no_extrusion_0163.jpg,train/images/nozzle_no_extrusion_0198.jpg,0.676084,0.716027,1.000000,否
1,train/images/nozzle_no_extrusion_0163.jpg,train/images/nozzle_no_extrusion_0239.jpg,0.672675,0.769377,1.000000,否
1,train/images/nozzle_no_extrusion_0163.jpg,train/images/nozzle_no_extrusion_0270.jpg,0.564565,0.555813,1.000000,否
1,train/images/nozzle_no_extrusion_0163.jpg,val/images/nozzle_no_extrusion_0236.jpg,0.601386,0.610767,1.000000,否
1,train/images/nozzle_no_extrusion_0163.jpg,train/images/nozzle_no_extrusion_0311.jpg,0.685746,0.740082,1.000000,否
1,train/images/nozzle_no_extrusion_0163.jpg,train/images/nozzle_no_extrusion_0237.jpg,0.674429,0.709273,1.000000,否
1,train/images/nozzle_no_extrusion_0163.jpg,train/images/nozzle_no_extrusion_0162.jpg,0.678244,0.704686,1.000000,否
1,train/images/nozzle_no_extrusion_0163.jpg,train/images/nozzle_no_extrusion_0165.jpg,0.591998,0.678537,1.000000,否
1,train/images/nozzle_no_extrusion_0163.jpg,train/images/nozzle_no_extrusion_0279.jpg,0.917431,0.927898,1.000000,否
1,train/images/nozzle_no_extrusion_0163.jpg,train/images/nozzle_no_extrusion_0356.jpg,0.586863,0.671264,1.000000,否
1,train/images/nozzle_no_extrusion_0163.jpg,test/images/nozzle_no_extrusion_0246.jpg,0.577163,0.570303,1.000000,否
1,train/images/nozzle_no_extrusion_0163.jpg,val/images/nozzle_no_extrusion_0360.jpg,0.603862,0.608255,1.000000,否
1,train/images/nozzle_no_extrusion_0163.jpg,train/images/nozzle_no_extrusion_0350.jpg,0.585204,0.575982,1.000000,否
1,train/images/nozzle_no_extrusion_0163.jpg,train/images/nozzle_no_extrusion_0308.jpg,0.567293,0.574181,1.000000,否
1,train/images/nozzle_no_extrusion_0163.jpg,train/images/nozzle_no_extrusion_0202.jpg,0.579463,0.652042,1.000000,否
1,train/images/nozzle_no_extrusion_0163.jpg,train/images/nozzle_no_extrusion_0197.jpg,0.605390,0.616331,1.000000,否
1,train/images/nozzle_no_extrusion_0163.jpg,train/images/nozzle_no_extrusion_0320.jpg,0.574726,0.566307,1.000000,否
1,train/images/nozzle_no_extrusion_0163.jpg,val/images/nozzle_no_extrusion_0310.jpg,0.608140,0.606892,1.000000,否
1,train/images/nozzle_no_extrusion_0163.jpg,val/images/nozzle_no_extrusion_0240.jpg,0.595867,0.671513,1.000000,否
1,train/images/nozzle_no_extrusion_0163.jpg,val/images/nozzle_no_extrusion_0349.jpg,0.567780,0.567270,1.000000,否
1,train/images/nozzle_no_extrusion_0163.jpg,train/images/nozzle_no_extrusion_0317.jpg,0.916592,0.931911,1.000000,否
1,train/images/nozzle_no_extrusion_0163.jpg,val/images/nozzle_no_extrusion_0201.jpg,0.605742,0.702060,1.000000,否
1,train/images/nozzle_no_extrusion_0163.jpg,train/images/nozzle_no_extrusion_0281.jpg,0.613491,0.608515,1.000000,否
1,train/images/nozzle_no_extrusion_0163.jpg,train/images/nozzle_no_extrusion_0234.jpg,0.565071,0.563237,1.000000,否
1,train/images/nozzle_no_extrusion_0163.jpg,train/images/nozzle_no_extrusion_0169.jpg,0.604145,0.634035,1.000000,否
1,train/images/nozzle_no_extrusion_0163.jpg,train/images/nozzle_no_extrusion_0278.jpg,0.636228,0.760215,1.000000,否
1,train/images/nozzle_no_extrusion_0163.jpg,val/images/nozzle_no_extrusion_0316.jpg,0.662189,0.778412,1.000000,否
1,train/images/nozzle_no_extrusion_0163.jpg,train/images/nozzle_no_extrusion_0200.jpg,0.668070,0.768259,1.000000,否
1,train/images/nozzle_no_extrusion_0163.jpg,train/images/nozzle_no_extrusion_0166.jpg,0.671298,0.772155,1.000000,否
1,train/images/nozzle_no_extrusion_0163.jpg,val/images/nozzle_no_extrusion_0168.jpg,0.674776,0.685497,1.000000,否
1,train/images/nozzle_no_extrusion_0163.jpg,train/images/nozzle_no_extrusion_0354.jpg,0.636169,0.732371,1.000000,否
1,train/images/nozzle_no_extrusion_0207.jpg,train/images/nozzle_no_extrusion_0273.jpg,0.634716,0.693700,1.000000,否
1,train/images/nozzle_no_extrusion_0207.jpg,train/images/nozzle_no_extrusion_0238.jpg,0.592211,0.586522,1.000000,否
1,train/images/nozzle_no_extrusion_0207.jpg,val/images/nozzle_no_extrusion_0355.jpg,0.496124,0.432076,1.000000,否
1,train/images/nozzle_no_extrusion_0207.jpg,train/images/nozzle_no_extrusion_0282.jpg,0.801779,0.873825,1.000000,否
1,train/images/nozzle_no_extrusion_0207.jpg,train/images/nozzle_no_extrusion_0275.jpg,0.556262,0.520995,1.000000,否
1,train/images/nozzle_no_extrusion_0207.jpg,train/images/nozzle_no_extrusion_0274.jpg,0.591621,0.591991,1.000000,否
1,train/images/nozzle_no_extrusion_0207.jpg,train/images/nozzle_no_extrusion_0203.jpg,0.510663,0.484759,1.000000,否
1,train/images/nozzle_no_extrusion_0207.jpg,train/images/nozzle_no_extrusion_0164.jpg,0.553450,0.508837,1.000000,否
1,train/images/nozzle_no_extrusion_0207.jpg,val/images/nozzle_no_extrusion_0351.jpg,0.704057,0.734559,1.000000,否
1,train/images/nozzle_no_extrusion_0207.jpg,val/images/nozzle_no_extrusion_0243.jpg,0.589574,0.600928,1.000000,否
1,train/images/nozzle_no_extrusion_0207.jpg,train/images/nozzle_no_extrusion_0161.jpg,0.761790,0.812119,1.000000,否
1,train/images/nozzle_no_extrusion_0207.jpg,train/images/nozzle_no_extrusion_0242.jpg,0.537628,0.498191,1.000000,否
1,train/images/nozzle_no_extrusion_0207.jpg,val/images/nozzle_no_extrusion_0245.jpg,0.715096,0.805088,1.000000,否
1,train/images/nozzle_no_extrusion_0207.jpg,train/images/nozzle_no_extrusion_0277.jpg,0.500713,0.454548,1.000000,否
1,train/images/nozzle_no_extrusion_0207.jpg,train/images/nozzle_no_extrusion_0241.jpg,0.500189,0.459402,1.000000,否
1,train/images/nozzle_no_extrusion_0207.jpg,test/images/nozzle_no_extrusion_0196.jpg,0.889328,0.899097,1.000000,否
1,train/images/nozzle_no_extrusion_0207.jpg,train/images/nozzle_no_extrusion_0352.jpg,0.617060,0.671791,1.000000,否
1,train/images/nozzle_no_extrusion_0207.jpg,train/images/nozzle_no_extrusion_0318.jpg,0.625253,0.703169,1.000000,否
1,train/images/nozzle_no_extrusion_0207.jpg,train/images/nozzle_no_extrusion_0206.jpg,0.683045,0.734564,1.000000,否
1,train/images/nozzle_no_extrusion_0207.jpg,train/images/nozzle_no_extrusion_0358.jpg,0.595605,0.623066,1.000000,否
1,train/images/nozzle_no_extrusion_0207.jpg,test/images/nozzle_no_extrusion_0309.jpg,0.959706,0.928438,1.000000,否
1,train/images/nozzle_no_extrusion_0207.jpg,val/images/nozzle_no_extrusion_0315.jpg,0.501290,0.458063,1.000000,否
1,train/images/nozzle_no_extrusion_0207.jpg,train/images/nozzle_no_extrusion_0359.jpg,0.625429,0.705179,1.000000,否
1,train/images/nozzle_no_extrusion_0207.jpg,test/images/nozzle_no_extrusion_0244.jpg,0.621363,0.694974,1.000000,否
1,train/images/nozzle_no_extrusion_0207.jpg,train/images/nozzle_no_extrusion_0235.jpg,0.899458,0.895278,1.000000,否
1,train/images/nozzle_no_extrusion_0207.jpg,val/images/nozzle_no_extrusion_0199.jpg,0.590295,0.585822,1.000000,否
1,train/images/nozzle_no_extrusion_0207.jpg,train/images/nozzle_no_extrusion_0314.jpg,0.497261,0.435772,1.000000,否
1,train/images/nozzle_no_extrusion_0207.jpg,train/images/nozzle_no_extrusion_0312.jpg,0.587265,0.580897,1.000000,否
1,train/images/nozzle_no_extrusion_0207.jpg,test/images/nozzle_no_extrusion_0204.jpg,0.572571,0.559991,1.000000,否
1,train/images/nozzle_no_extrusion_0207.jpg,test/images/nozzle_no_extrusion_0195.jpg,0.676802,0.750515,1.000000,否
1,train/images/nozzle_no_extrusion_0207.jpg,train/images/nozzle_no_extrusion_0167.jpg,0.587858,0.580540,1.000000,否
1,train/images/nozzle_no_extrusion_0207.jpg,test/images/nozzle_no_extrusion_0276.jpg,0.508759,0.457640,1.000000,否
1,train/images/nozzle_no_extrusion_0207.jpg,train/images/nozzle_no_extrusion_0280.jpg,0.616232,0.692702,1.000000,否
1,train/images/nozzle_no_extrusion_0207.jpg,train/images/nozzle_no_extrusion_0353.jpg,0.586027,0.564873,1.000000,否
1,train/images/nozzle_no_extrusion_0207.jpg,train/images/nozzle_no_extrusion_0313.jpg,0.540025,0.488133,1.000000,否
1,train/images/nozzle_no_extrusion_0207.jpg,test/images/nozzle_no_extrusion_0319.jpg,0.721734,0.822717,1.000000,否
1,train/images/nozzle_no_extrusion_0207.jpg,test/images/nozzle_no_extrusion_0357.jpg,0.542511,0.497152,1.000000,否
1,train/images/nozzle_no_extrusion_0207.jpg,val/images/nozzle_no_extrusion_0271.jpg,0.961009,0.924047,1.000000,否
1,train/images/nozzle_no_extrusion_0207.jpg,train/images/nozzle_no_extrusion_0361.jpg,0.746342,0.838154,1.000000,否
1,train/images/nozzle_no_extrusion_0207.jpg,train/images/nozzle_no_extrusion_0205.jpg,0.604307,0.650446,1.000000,否
1,train/images/nozzle_no_extrusion_0207.jpg,train/images/nozzle_no_extrusion_0198.jpg,0.631971,0.690952,1.000000,否
1,train/images/nozzle_no_extrusion_0207.jpg,train/images/nozzle_no_extrusion_0239.jpg,0.557102,0.518850,1.000000,否
1,train/images/nozzle_no_extrusion_0207.jpg,train/images/nozzle_no_extrusion_0270.jpg,0.669855,0.738336,1.000000,否
1,train/images/nozzle_no_extrusion_0207.jpg,val/images/nozzle_no_extrusion_0236.jpg,0.720640,0.804448,1.000000,否
1,train/images/nozzle_no_extrusion_0207.jpg,train/images/nozzle_no_extrusion_0311.jpg,0.623169,0.681144,1.000000,否
1,train/images/nozzle_no_extrusion_0207.jpg,train/images/nozzle_no_extrusion_0237.jpg,0.634718,0.691405,1.000000,否
1,train/images/nozzle_no_extrusion_0207.jpg,train/images/nozzle_no_extrusion_0162.jpg,0.639733,0.687810,1.000000,否
1,train/images/nozzle_no_extrusion_0207.jpg,train/images/nozzle_no_extrusion_0165.jpg,0.506850,0.463907,1.000000,否
1,train/images/nozzle_no_extrusion_0207.jpg,train/images/nozzle_no_extrusion_0279.jpg,0.588738,0.596533,1.000000,否
1,train/images/nozzle_no_extrusion_0207.jpg,train/images/nozzle_no_extrusion_0356.jpg,0.501368,0.458516,1.000000,否
1,train/images/nozzle_no_extrusion_0207.jpg,test/images/nozzle_no_extrusion_0246.jpg,0.725731,0.835538,1.000000,否
1,train/images/nozzle_no_extrusion_0207.jpg,val/images/nozzle_no_extrusion_0360.jpg,0.726072,0.825198,1.000000,否
1,train/images/nozzle_no_extrusion_0207.jpg,train/images/nozzle_no_extrusion_0350.jpg,0.971173,0.922062,1.000000,否
1,train/images/nozzle_no_extrusion_0207.jpg,train/images/nozzle_no_extrusion_0308.jpg,0.694410,0.778636,1.000000,否
1,train/images/nozzle_no_extrusion_0207.jpg,train/images/nozzle_no_extrusion_0202.jpg,0.501213,0.449243,1.000000,否
1,train/images/nozzle_no_extrusion_0207.jpg,train/images/nozzle_no_extrusion_0197.jpg,0.717878,0.802943,1.000000,否
1,train/images/nozzle_no_extrusion_0207.jpg,train/images/nozzle_no_extrusion_0320.jpg,0.713846,0.818249,1.000000,否
1,train/images/nozzle_no_extrusion_0207.jpg,val/images/nozzle_no_extrusion_0310.jpg,0.709104,0.761271,1.000000,否
1,train/images/nozzle_no_extrusion_0207.jpg,val/images/nozzle_no_extrusion_0240.jpg,0.507959,0.447725,1.000000,否
1,train/images/nozzle_no_extrusion_0207.jpg,val/images/nozzle_no_extrusion_0349.jpg,0.690706,0.761911,1.000000,否
1,train/images/nozzle_no_extrusion_0207.jpg,train/images/nozzle_no_extrusion_0317.jpg,0.590466,0.600784,1.000000,否
1,train/images/nozzle_no_extrusion_0207.jpg,val/images/nozzle_no_extrusion_0201.jpg,0.513010,0.466983,1.000000,否
1,train/images/nozzle_no_extrusion_0207.jpg,train/images/nozzle_no_extrusion_0281.jpg,0.710486,0.804217,1.000000,否
1,train/images/nozzle_no_extrusion_0207.jpg,train/images/nozzle_no_extrusion_0234.jpg,0.675223,0.747732,1.000000,否
1,train/images/nozzle_no_extrusion_0207.jpg,train/images/nozzle_no_extrusion_0169.jpg,0.725864,0.798299,1.000000,否
1,train/images/nozzle_no_extrusion_0207.jpg,train/images/nozzle_no_extrusion_0278.jpg,0.535659,0.496298,1.000000,否
1,train/images/nozzle_no_extrusion_0207.jpg,val/images/nozzle_no_extrusion_0316.jpg,0.549233,0.511313,1.000000,否
1,train/images/nozzle_no_extrusion_0207.jpg,train/images/nozzle_no_extrusion_0200.jpg,0.555459,0.509973,1.000000,否
1,train/images/nozzle_no_extrusion_0207.jpg,train/images/nozzle_no_extrusion_0166.jpg,0.550457,0.504682,1.000000,否
1,train/images/nozzle_no_extrusion_0207.jpg,val/images/nozzle_no_extrusion_0168.jpg,0.634806,0.697764,1.000000,否
1,train/images/nozzle_no_extrusion_0207.jpg,train/images/nozzle_no_extrusion_0354.jpg,0.536574,0.483857,1.000000,否
1,train/images/nozzle_no_extrusion_0273.jpg,train/images/nozzle_no_extrusion_0238.jpg,0.672667,0.698766,1.000000,否
1,train/images/nozzle_no_extrusion_0273.jpg,val/images/nozzle_no_extrusion_0355.jpg,0.531883,0.497259,1.000000,否
1,train/images/nozzle_no_extrusion_0273.jpg,train/images/nozzle_no_extrusion_0282.jpg,0.609661,0.699123,1.000000,否
1,train/images/nozzle_no_extrusion_0273.jpg,train/images/nozzle_no_extrusion_0275.jpg,0.602067,0.618897,1.000000,否
1,train/images/nozzle_no_extrusion_0273.jpg,train/images/nozzle_no_extrusion_0274.jpg,0.675870,0.707545,1.000000,否
1,train/images/nozzle_no_extrusion_0273.jpg,train/images/nozzle_no_extrusion_0203.jpg,0.566216,0.580397,1.000000,否
1,train/images/nozzle_no_extrusion_0273.jpg,train/images/nozzle_no_extrusion_0164.jpg,0.590682,0.609105,1.000000,否
1,train/images/nozzle_no_extrusion_0273.jpg,val/images/nozzle_no_extrusion_0351.jpg,0.693976,0.684229,1.000000,否
1,train/images/nozzle_no_extrusion_0273.jpg,val/images/nozzle_no_extrusion_0243.jpg,0.663325,0.708015,1.000000,否
1,train/images/nozzle_no_extrusion_0273.jpg,train/images/nozzle_no_extrusion_0161.jpg,0.663905,0.696258,1.000000,否
1,train/images/nozzle_no_extrusion_0273.jpg,train/images/nozzle_no_extrusion_0242.jpg,0.582804,0.607446,1.000000,否
1,train/images/nozzle_no_extrusion_0273.jpg,val/images/nozzle_no_extrusion_0245.jpg,0.689104,0.687321,1.000000,否
1,train/images/nozzle_no_extrusion_0273.jpg,train/images/nozzle_no_extrusion_0277.jpg,0.525941,0.521166,1.000000,否
1,train/images/nozzle_no_extrusion_0273.jpg,train/images/nozzle_no_extrusion_0241.jpg,0.526423,0.521323,1.000000,否
1,train/images/nozzle_no_extrusion_0273.jpg,test/images/nozzle_no_extrusion_0196.jpg,0.614313,0.724015,1.000000,否
1,train/images/nozzle_no_extrusion_0273.jpg,train/images/nozzle_no_extrusion_0352.jpg,0.877372,0.876475,1.000000,否
1,train/images/nozzle_no_extrusion_0273.jpg,train/images/nozzle_no_extrusion_0318.jpg,0.922842,0.912303,1.000000,否
1,train/images/nozzle_no_extrusion_0273.jpg,train/images/nozzle_no_extrusion_0206.jpg,0.753458,0.748566,1.000000,否
1,train/images/nozzle_no_extrusion_0273.jpg,train/images/nozzle_no_extrusion_0358.jpg,0.678994,0.735106,1.000000,否
1,train/images/nozzle_no_extrusion_0273.jpg,test/images/nozzle_no_extrusion_0309.jpg,0.634372,0.697637,1.000000,否
1,train/images/nozzle_no_extrusion_0273.jpg,val/images/nozzle_no_extrusion_0315.jpg,0.525207,0.519733,1.000000,否
1,train/images/nozzle_no_extrusion_0273.jpg,train/images/nozzle_no_extrusion_0359.jpg,0.938318,0.927881,1.000000,否
1,train/images/nozzle_no_extrusion_0273.jpg,test/images/nozzle_no_extrusion_0244.jpg,0.874603,0.876455,1.000000,否
1,train/images/nozzle_no_extrusion_0273.jpg,train/images/nozzle_no_extrusion_0235.jpg,0.613626,0.704663,1.000000,否
1,train/images/nozzle_no_extrusion_0273.jpg,val/images/nozzle_no_extrusion_0199.jpg,0.672610,0.691846,1.000000,否
1,train/images/nozzle_no_extrusion_0273.jpg,train/images/nozzle_no_extrusion_0314.jpg,0.534339,0.498744,1.000000,否
1,train/images/nozzle_no_extrusion_0273.jpg,train/images/nozzle_no_extrusion_0312.jpg,0.655730,0.688318,1.000000,否
1,train/images/nozzle_no_extrusion_0273.jpg,test/images/nozzle_no_extrusion_0204.jpg,0.613247,0.650519,1.000000,否
1,train/images/nozzle_no_extrusion_0273.jpg,test/images/nozzle_no_extrusion_0195.jpg,0.590614,0.623707,1.000000,否
1,train/images/nozzle_no_extrusion_0273.jpg,train/images/nozzle_no_extrusion_0167.jpg,0.676356,0.703816,1.000000,否
1,train/images/nozzle_no_extrusion_0273.jpg,test/images/nozzle_no_extrusion_0276.jpg,0.568233,0.554862,1.000000,否
1,train/images/nozzle_no_extrusion_0273.jpg,train/images/nozzle_no_extrusion_0280.jpg,0.869334,0.865618,1.000000,否
1,train/images/nozzle_no_extrusion_0273.jpg,train/images/nozzle_no_extrusion_0353.jpg,0.647237,0.674706,1.000000,否
1,train/images/nozzle_no_extrusion_0273.jpg,train/images/nozzle_no_extrusion_0313.jpg,0.586890,0.601769,1.000000,否
1,train/images/nozzle_no_extrusion_0273.jpg,test/images/nozzle_no_extrusion_0319.jpg,0.685346,0.702607,1.000000,否
1,train/images/nozzle_no_extrusion_0273.jpg,test/images/nozzle_no_extrusion_0357.jpg,0.582619,0.611626,1.000000,否
1,train/images/nozzle_no_extrusion_0273.jpg,val/images/nozzle_no_extrusion_0271.jpg,0.623209,0.711861,1.000000,否
1,train/images/nozzle_no_extrusion_0273.jpg,train/images/nozzle_no_extrusion_0361.jpg,0.600939,0.685391,1.000000,否
1,train/images/nozzle_no_extrusion_0273.jpg,train/images/nozzle_no_extrusion_0205.jpg,0.736593,0.767691,1.000000,否
1,train/images/nozzle_no_extrusion_0273.jpg,train/images/nozzle_no_extrusion_0198.jpg,0.991331,0.954784,1.000000,是
1,train/images/nozzle_no_extrusion_0273.jpg,train/images/nozzle_no_extrusion_0239.jpg,0.601117,0.617929,1.000000,否
1,train/images/nozzle_no_extrusion_0273.jpg,train/images/nozzle_no_extrusion_0270.jpg,0.591510,0.620639,1.000000,否
1,train/images/nozzle_no_extrusion_0273.jpg,val/images/nozzle_no_extrusion_0236.jpg,0.684403,0.693581,1.000000,否
1,train/images/nozzle_no_extrusion_0273.jpg,train/images/nozzle_no_extrusion_0311.jpg,0.932898,0.918189,1.000000,否
1,train/images/nozzle_no_extrusion_0273.jpg,train/images/nozzle_no_extrusion_0237.jpg,0.990653,0.963837,1.000000,是
1,train/images/nozzle_no_extrusion_0273.jpg,train/images/nozzle_no_extrusion_0162.jpg,0.935828,0.910770,1.000000,否
1,train/images/nozzle_no_extrusion_0273.jpg,train/images/nozzle_no_extrusion_0165.jpg,0.546890,0.531554,1.000000,否
1,train/images/nozzle_no_extrusion_0273.jpg,train/images/nozzle_no_extrusion_0279.jpg,0.660958,0.695184,1.000000,否
1,train/images/nozzle_no_extrusion_0273.jpg,train/images/nozzle_no_extrusion_0356.jpg,0.532270,0.520566,1.000000,否
1,train/images/nozzle_no_extrusion_0273.jpg,test/images/nozzle_no_extrusion_0246.jpg,0.601000,0.684408,1.000000,否
1,train/images/nozzle_no_extrusion_0273.jpg,val/images/nozzle_no_extrusion_0360.jpg,0.681234,0.688946,1.000000,否
1,train/images/nozzle_no_extrusion_0273.jpg,train/images/nozzle_no_extrusion_0350.jpg,0.626096,0.710215,1.000000,否
1,train/images/nozzle_no_extrusion_0273.jpg,train/images/nozzle_no_extrusion_0308.jpg,0.594262,0.648450,1.000000,否
1,train/images/nozzle_no_extrusion_0273.jpg,train/images/nozzle_no_extrusion_0202.jpg,0.533620,0.510587,1.000000,否
1,train/images/nozzle_no_extrusion_0273.jpg,train/images/nozzle_no_extrusion_0197.jpg,0.689548,0.695430,1.000000,否
1,train/images/nozzle_no_extrusion_0273.jpg,train/images/nozzle_no_extrusion_0320.jpg,0.598202,0.672097,1.000000,否
1,train/images/nozzle_no_extrusion_0273.jpg,val/images/nozzle_no_extrusion_0310.jpg,0.689112,0.683797,1.000000,否
1,train/images/nozzle_no_extrusion_0273.jpg,val/images/nozzle_no_extrusion_0240.jpg,0.564520,0.535868,1.000000,否
1,train/images/nozzle_no_extrusion_0273.jpg,val/images/nozzle_no_extrusion_0349.jpg,0.594682,0.631008,1.000000,否
1,train/images/nozzle_no_extrusion_0273.jpg,train/images/nozzle_no_extrusion_0317.jpg,0.669129,0.701253,1.000000,否
1,train/images/nozzle_no_extrusion_0273.jpg,val/images/nozzle_no_extrusion_0201.jpg,0.577659,0.572792,1.000000,否
1,train/images/nozzle_no_extrusion_0273.jpg,train/images/nozzle_no_extrusion_0281.jpg,0.690894,0.680334,1.000000,否
1,train/images/nozzle_no_extrusion_0273.jpg,train/images/nozzle_no_extrusion_0234.jpg,0.590105,0.624569,1.000000,否
1,train/images/nozzle_no_extrusion_0273.jpg,train/images/nozzle_no_extrusion_0169.jpg,0.681710,0.693444,1.000000,否
1,train/images/nozzle_no_extrusion_0273.jpg,train/images/nozzle_no_extrusion_0278.jpg,0.582070,0.611624,1.000000,否
1,train/images/nozzle_no_extrusion_0273.jpg,val/images/nozzle_no_extrusion_0316.jpg,0.585163,0.620308,1.000000,否
1,train/images/nozzle_no_extrusion_0273.jpg,train/images/nozzle_no_extrusion_0200.jpg,0.600390,0.619629,1.000000,否
1,train/images/nozzle_no_extrusion_0273.jpg,train/images/nozzle_no_extrusion_0166.jpg,0.591043,0.605922,1.000000,否
1,train/images/nozzle_no_extrusion_0273.jpg,val/images/nozzle_no_extrusion_0168.jpg,0.908675,0.898026,1.000000,否
1,train/images/nozzle_no_extrusion_0273.jpg,train/images/nozzle_no_extrusion_0354.jpg,0.586457,0.599514,1.000000,否
1,train/images/nozzle_no_extrusion_0238.jpg,val/images/nozzle_no_extrusion_0355.jpg,0.584294,0.656123,1.000000,否
1,train/images/nozzle_no_extrusion_0238.jpg,train/images/nozzle_no_extrusion_0282.jpg,0.581705,0.573123,1.000000,否
1,train/images/nozzle_no_extrusion_0238.jpg,train/images/nozzle_no_extrusion_0275.jpg,0.677458,0.797868,1.000000,否
1,train/images/nozzle_no_extrusion_0238.jpg,train/images/nozzle_no_extrusion_0274.jpg,0.988970,0.970694,1.000000,是
1,train/images/nozzle_no_extrusion_0238.jpg,train/images/nozzle_no_extrusion_0203.jpg,0.598304,0.738009,1.000000,否
1,train/images/nozzle_no_extrusion_0238.jpg,train/images/nozzle_no_extrusion_0164.jpg,0.668591,0.782309,1.000000,否
1,train/images/nozzle_no_extrusion_0238.jpg,val/images/nozzle_no_extrusion_0351.jpg,0.612807,0.603814,1.000000,否
1,train/images/nozzle_no_extrusion_0238.jpg,val/images/nozzle_no_extrusion_0243.jpg,0.957879,0.938422,1.000000,否
1,train/images/nozzle_no_extrusion_0238.jpg,train/images/nozzle_no_extrusion_0161.jpg,0.594148,0.623488,1.000000,否
1,train/images/nozzle_no_extrusion_0238.jpg,train/images/nozzle_no_extrusion_0242.jpg,0.637994,0.768326,1.000000,否
1,train/images/nozzle_no_extrusion_0238.jpg,val/images/nozzle_no_extrusion_0245.jpg,0.607661,0.608181,1.000000,否
1,train/images/nozzle_no_extrusion_0238.jpg,train/images/nozzle_no_extrusion_0277.jpg,0.581010,0.689230,1.000000,否
1,train/images/nozzle_no_extrusion_0238.jpg,train/images/nozzle_no_extrusion_0241.jpg,0.580143,0.686467,1.000000,否
1,train/images/nozzle_no_extrusion_0238.jpg,test/images/nozzle_no_extrusion_0196.jpg,0.583880,0.593878,1.000000,否
1,train/images/nozzle_no_extrusion_0238.jpg,train/images/nozzle_no_extrusion_0352.jpg,0.685984,0.755073,1.000000,否
1,train/images/nozzle_no_extrusion_0238.jpg,train/images/nozzle_no_extrusion_0318.jpg,0.679674,0.710952,1.000000,否
1,train/images/nozzle_no_extrusion_0238.jpg,train/images/nozzle_no_extrusion_0206.jpg,0.629818,0.617465,1.000000,否
1,train/images/nozzle_no_extrusion_0238.jpg,train/images/nozzle_no_extrusion_0358.jpg,0.828042,0.867634,1.000000,否
1,train/images/nozzle_no_extrusion_0238.jpg,test/images/nozzle_no_extrusion_0309.jpg,0.589232,0.592403,1.000000,否
1,train/images/nozzle_no_extrusion_0238.jpg,val/images/nozzle_no_extrusion_0315.jpg,0.579543,0.680925,1.000000,否
1,train/images/nozzle_no_extrusion_0238.jpg,train/images/nozzle_no_extrusion_0359.jpg,0.680479,0.710635,1.000000,否
1,train/images/nozzle_no_extrusion_0238.jpg,test/images/nozzle_no_extrusion_0244.jpg,0.683314,0.739023,1.000000,否
1,train/images/nozzle_no_extrusion_0238.jpg,train/images/nozzle_no_extrusion_0235.jpg,0.584145,0.584934,1.000000,否
1,train/images/nozzle_no_extrusion_0238.jpg,val/images/nozzle_no_extrusion_0199.jpg,0.983554,0.966414,1.000000,是
1,train/images/nozzle_no_extrusion_0238.jpg,train/images/nozzle_no_extrusion_0314.jpg,0.585041,0.660167,1.000000,否
1,train/images/nozzle_no_extrusion_0238.jpg,train/images/nozzle_no_extrusion_0312.jpg,0.955990,0.956100,1.000000,是
1,train/images/nozzle_no_extrusion_0238.jpg,test/images/nozzle_no_extrusion_0204.jpg,0.736671,0.840171,1.000000,否
1,train/images/nozzle_no_extrusion_0238.jpg,test/images/nozzle_no_extrusion_0195.jpg,0.569148,0.573390,1.000000,否
1,train/images/nozzle_no_extrusion_0238.jpg,train/images/nozzle_no_extrusion_0167.jpg,0.912724,0.932779,1.000000,否
1,train/images/nozzle_no_extrusion_0238.jpg,test/images/nozzle_no_extrusion_0276.jpg,0.602102,0.712075,1.000000,否
1,train/images/nozzle_no_extrusion_0238.jpg,train/images/nozzle_no_extrusion_0280.jpg,0.687372,0.744729,1.000000,否
1,train/images/nozzle_no_extrusion_0238.jpg,train/images/nozzle_no_extrusion_0353.jpg,0.903627,0.928628,1.000000,否
1,train/images/nozzle_no_extrusion_0238.jpg,train/images/nozzle_no_extrusion_0313.jpg,0.651006,0.765517,1.000000,否
1,train/images/nozzle_no_extrusion_0238.jpg,test/images/nozzle_no_extrusion_0319.jpg,0.603966,0.614351,1.000000,否
1,train/images/nozzle_no_extrusion_0238.jpg,test/images/nozzle_no_extrusion_0357.jpg,0.649158,0.769206,1.000000,否
1,train/images/nozzle_no_extrusion_0238.jpg,val/images/nozzle_no_extrusion_0271.jpg,0.586480,0.592738,1.000000,否
1,train/images/nozzle_no_extrusion_0238.jpg,train/images/nozzle_no_extrusion_0361.jpg,0.577720,0.573382,1.000000,否
1,train/images/nozzle_no_extrusion_0238.jpg,train/images/nozzle_no_extrusion_0205.jpg,0.719109,0.820778,1.000000,否
1,train/images/nozzle_no_extrusion_0238.jpg,train/images/nozzle_no_extrusion_0198.jpg,0.676992,0.712401,1.000000,否
1,train/images/nozzle_no_extrusion_0238.jpg,train/images/nozzle_no_extrusion_0239.jpg,0.680546,0.798989,1.000000,否
1,train/images/nozzle_no_extrusion_0238.jpg,train/images/nozzle_no_extrusion_0270.jpg,0.568671,0.559937,1.000000,否
1,train/images/nozzle_no_extrusion_0238.jpg,val/images/nozzle_no_extrusion_0236.jpg,0.602439,0.617400,1.000000,否
1,train/images/nozzle_no_extrusion_0238.jpg,train/images/nozzle_no_extrusion_0311.jpg,0.682407,0.734185,1.000000,否
1,train/images/nozzle_no_extrusion_0238.jpg,train/images/nozzle_no_extrusion_0237.jpg,0.674841,0.705219,1.000000,否
1,train/images/nozzle_no_extrusion_0238.jpg,train/images/nozzle_no_extrusion_0162.jpg,0.668837,0.675478,1.000000,否
1,train/images/nozzle_no_extrusion_0238.jpg,train/images/nozzle_no_extrusion_0165.jpg,0.588993,0.690964,1.000000,否
1,train/images/nozzle_no_extrusion_0238.jpg,train/images/nozzle_no_extrusion_0279.jpg,0.957084,0.938960,1.000000,否
1,train/images/nozzle_no_extrusion_0238.jpg,train/images/nozzle_no_extrusion_0356.jpg,0.585362,0.683752,1.000000,否
1,train/images/nozzle_no_extrusion_0238.jpg,test/images/nozzle_no_extrusion_0246.jpg,0.577238,0.583378,1.000000,否
1,train/images/nozzle_no_extrusion_0238.jpg,val/images/nozzle_no_extrusion_0360.jpg,0.601466,0.609906,1.000000,否
1,train/images/nozzle_no_extrusion_0238.jpg,train/images/nozzle_no_extrusion_0350.jpg,0.587817,0.590062,1.000000,否
1,train/images/nozzle_no_extrusion_0238.jpg,train/images/nozzle_no_extrusion_0308.jpg,0.571842,0.585988,1.000000,否
1,train/images/nozzle_no_extrusion_0238.jpg,train/images/nozzle_no_extrusion_0202.jpg,0.585057,0.674234,1.000000,否
1,train/images/nozzle_no_extrusion_0238.jpg,train/images/nozzle_no_extrusion_0197.jpg,0.605261,0.621855,1.000000,否
1,train/images/nozzle_no_extrusion_0238.jpg,train/images/nozzle_no_extrusion_0320.jpg,0.574852,0.578913,1.000000,否
1,train/images/nozzle_no_extrusion_0238.jpg,val/images/nozzle_no_extrusion_0310.jpg,0.608109,0.607745,1.000000,否
1,train/images/nozzle_no_extrusion_0238.jpg,val/images/nozzle_no_extrusion_0240.jpg,0.601423,0.698113,1.000000,否
1,train/images/nozzle_no_extrusion_0238.jpg,val/images/nozzle_no_extrusion_0349.jpg,0.572537,0.578513,1.000000,否
1,train/images/nozzle_no_extrusion_0238.jpg,train/images/nozzle_no_extrusion_0317.jpg,0.946058,0.930568,1.000000,否
1,train/images/nozzle_no_extrusion_0238.jpg,val/images/nozzle_no_extrusion_0201.jpg,0.614038,0.724072,1.000000,否
1,train/images/nozzle_no_extrusion_0238.jpg,train/images/nozzle_no_extrusion_0281.jpg,0.608412,0.606325,1.000000,否
1,train/images/nozzle_no_extrusion_0238.jpg,train/images/nozzle_no_extrusion_0234.jpg,0.568799,0.569538,1.000000,否
1,train/images/nozzle_no_extrusion_0238.jpg,train/images/nozzle_no_extrusion_0169.jpg,0.601399,0.622813,1.000000,否
1,train/images/nozzle_no_extrusion_0238.jpg,train/images/nozzle_no_extrusion_0278.jpg,0.635608,0.766644,1.000000,否
1,train/images/nozzle_no_extrusion_0238.jpg,val/images/nozzle_no_extrusion_0316.jpg,0.661446,0.786391,1.000000,否
1,train/images/nozzle_no_extrusion_0238.jpg,train/images/nozzle_no_extrusion_0200.jpg,0.674623,0.791629,1.000000,否
1,train/images/nozzle_no_extrusion_0238.jpg,train/images/nozzle_no_extrusion_0166.jpg,0.671422,0.780799,1.000000,否
1,train/images/nozzle_no_extrusion_0238.jpg,val/images/nozzle_no_extrusion_0168.jpg,0.668888,0.663884,1.000000,否
1,train/images/nozzle_no_extrusion_0238.jpg,train/images/nozzle_no_extrusion_0354.jpg,0.643026,0.756646,1.000000,否
1,val/images/nozzle_no_extrusion_0355.jpg,train/images/nozzle_no_extrusion_0282.jpg,0.490352,0.406033,1.000000,否
1,val/images/nozzle_no_extrusion_0355.jpg,train/images/nozzle_no_extrusion_0275.jpg,0.624813,0.788616,1.000000,否
1,val/images/nozzle_no_extrusion_0355.jpg,train/images/nozzle_no_extrusion_0274.jpg,0.582560,0.643845,1.000000,否
1,val/images/nozzle_no_extrusion_0355.jpg,train/images/nozzle_no_extrusion_0203.jpg,0.694131,0.824491,1.000000,否
1,val/images/nozzle_no_extrusion_0355.jpg,train/images/nozzle_no_extrusion_0164.jpg,0.641544,0.784484,1.000000,否
1,val/images/nozzle_no_extrusion_0355.jpg,val/images/nozzle_no_extrusion_0351.jpg,0.519548,0.457197,1.000000,否
1,val/images/nozzle_no_extrusion_0355.jpg,val/images/nozzle_no_extrusion_0243.jpg,0.577840,0.615356,1.000000,否
1,val/images/nozzle_no_extrusion_0355.jpg,train/images/nozzle_no_extrusion_0161.jpg,0.499361,0.445203,1.000000,否
1,val/images/nozzle_no_extrusion_0355.jpg,train/images/nozzle_no_extrusion_0242.jpg,0.666431,0.775202,1.000000,否
1,val/images/nozzle_no_extrusion_0355.jpg,val/images/nozzle_no_extrusion_0245.jpg,0.511333,0.459951,1.000000,否
1,val/images/nozzle_no_extrusion_0355.jpg,train/images/nozzle_no_extrusion_0277.jpg,0.983738,0.946080,1.000000,否
1,val/images/nozzle_no_extrusion_0355.jpg,train/images/nozzle_no_extrusion_0241.jpg,0.982962,0.942475,1.000000,否
1,val/images/nozzle_no_extrusion_0355.jpg,test/images/nozzle_no_extrusion_0196.jpg,0.494104,0.429194,1.000000,否
1,val/images/nozzle_no_extrusion_0355.jpg,train/images/nozzle_no_extrusion_0352.jpg,0.548023,0.541969,1.000000,否
1,val/images/nozzle_no_extrusion_0355.jpg,train/images/nozzle_no_extrusion_0318.jpg,0.537059,0.508744,1.000000,否
1,val/images/nozzle_no_extrusion_0355.jpg,train/images/nozzle_no_extrusion_0206.jpg,0.529302,0.453481,1.000000,否
1,val/images/nozzle_no_extrusion_0355.jpg,train/images/nozzle_no_extrusion_0358.jpg,0.572678,0.569379,1.000000,否
1,val/images/nozzle_no_extrusion_0355.jpg,test/images/nozzle_no_extrusion_0309.jpg,0.494777,0.437998,1.000000,否
1,val/images/nozzle_no_extrusion_0355.jpg,val/images/nozzle_no_extrusion_0315.jpg,0.982140,0.944879,1.000000,否
1,val/images/nozzle_no_extrusion_0355.jpg,train/images/nozzle_no_extrusion_0359.jpg,0.537071,0.510109,1.000000,否
1,val/images/nozzle_no_extrusion_0355.jpg,test/images/nozzle_no_extrusion_0244.jpg,0.544616,0.521192,1.000000,否
1,val/images/nozzle_no_extrusion_0355.jpg,train/images/nozzle_no_extrusion_0235.jpg,0.490584,0.419352,1.000000,否
1,val/images/nozzle_no_extrusion_0355.jpg,val/images/nozzle_no_extrusion_0199.jpg,0.584708,0.659145,1.000000,否
1,val/images/nozzle_no_extrusion_0355.jpg,train/images/nozzle_no_extrusion_0314.jpg,0.990466,0.969999,1.000000,是
1,val/images/nozzle_no_extrusion_0355.jpg,train/images/nozzle_no_extrusion_0312.jpg,0.589966,0.678538,1.000000,否
1,val/images/nozzle_no_extrusion_0355.jpg,test/images/nozzle_no_extrusion_0204.jpg,0.609040,0.712275,1.000000,否
1,val/images/nozzle_no_extrusion_0355.jpg,test/images/nozzle_no_extrusion_0195.jpg,0.480910,0.411793,1.000000,否
1,val/images/nozzle_no_extrusion_0355.jpg,train/images/nozzle_no_extrusion_0167.jpg,0.571848,0.625781,1.000000,否
1,val/images/nozzle_no_extrusion_0355.jpg,test/images/nozzle_no_extrusion_0276.jpg,0.729895,0.866285,1.000000,否
1,val/images/nozzle_no_extrusion_0355.jpg,train/images/nozzle_no_extrusion_0280.jpg,0.546956,0.526656,1.000000,否
1,val/images/nozzle_no_extrusion_0355.jpg,train/images/nozzle_no_extrusion_0353.jpg,0.593021,0.686282,1.000000,否
1,val/images/nozzle_no_extrusion_0355.jpg,train/images/nozzle_no_extrusion_0313.jpg,0.664076,0.798838,1.000000,否
1,val/images/nozzle_no_extrusion_0355.jpg,test/images/nozzle_no_extrusion_0319.jpg,0.507550,0.456411,1.000000,否
1,val/images/nozzle_no_extrusion_0355.jpg,test/images/nozzle_no_extrusion_0357.jpg,0.652290,0.765269,1.000000,否
1,val/images/nozzle_no_extrusion_0355.jpg,val/images/nozzle_no_extrusion_0271.jpg,0.493679,0.434515,1.000000,否
1,val/images/nozzle_no_extrusion_0355.jpg,train/images/nozzle_no_extrusion_0361.jpg,0.489260,0.402888,1.000000,否
1,val/images/nozzle_no_extrusion_0355.jpg,train/images/nozzle_no_extrusion_0205.jpg,0.563976,0.573128,1.000000,否
1,val/images/nozzle_no_extrusion_0355.jpg,train/images/nozzle_no_extrusion_0198.jpg,0.533856,0.514153,1.000000,否
1,val/images/nozzle_no_extrusion_0355.jpg,train/images/nozzle_no_extrusion_0239.jpg,0.627552,0.787686,1.000000,否
1,val/images/nozzle_no_extrusion_0355.jpg,train/images/nozzle_no_extrusion_0270.jpg,0.474676,0.409589,1.000000,否
1,val/images/nozzle_no_extrusion_0355.jpg,val/images/nozzle_no_extrusion_0236.jpg,0.509004,0.462053,1.000000,否
1,val/images/nozzle_no_extrusion_0355.jpg,train/images/nozzle_no_extrusion_0311.jpg,0.540847,0.526241,1.000000,否
1,val/images/nozzle_no_extrusion_0355.jpg,train/images/nozzle_no_extrusion_0237.jpg,0.531220,0.501832,1.000000,否
1,val/images/nozzle_no_extrusion_0355.jpg,train/images/nozzle_no_extrusion_0162.jpg,0.527004,0.479657,1.000000,否
1,val/images/nozzle_no_extrusion_0355.jpg,train/images/nozzle_no_extrusion_0165.jpg,0.863970,0.888627,1.000000,否
1,val/images/nozzle_no_extrusion_0355.jpg,train/images/nozzle_no_extrusion_0279.jpg,0.580764,0.622237,1.000000,否
1,val/images/nozzle_no_extrusion_0355.jpg,train/images/nozzle_no_extrusion_0356.jpg,0.954679,0.938028,1.000000,否
1,val/images/nozzle_no_extrusion_0355.jpg,test/images/nozzle_no_extrusion_0246.jpg,0.490678,0.395321,1.000000,否
1,val/images/nozzle_no_extrusion_0355.jpg,val/images/nozzle_no_extrusion_0360.jpg,0.507455,0.452497,1.000000,否
1,val/images/nozzle_no_extrusion_0355.jpg,train/images/nozzle_no_extrusion_0350.jpg,0.494495,0.439871,1.000000,否
1,val/images/nozzle_no_extrusion_0355.jpg,train/images/nozzle_no_extrusion_0308.jpg,0.487224,0.417725,1.000000,否
1,val/images/nozzle_no_extrusion_0355.jpg,train/images/nozzle_no_extrusion_0202.jpg,0.985428,0.961254,1.000000,是
1,val/images/nozzle_no_extrusion_0355.jpg,train/images/nozzle_no_extrusion_0197.jpg,0.510524,0.471098,1.000000,否
1,val/images/nozzle_no_extrusion_0355.jpg,train/images/nozzle_no_extrusion_0320.jpg,0.490943,0.393709,1.000000,否
1,val/images/nozzle_no_extrusion_0355.jpg,val/images/nozzle_no_extrusion_0310.jpg,0.515857,0.466627,1.000000,否
1,val/images/nozzle_no_extrusion_0355.jpg,val/images/nozzle_no_extrusion_0240.jpg,0.761789,0.874245,1.000000,否
1,val/images/nozzle_no_extrusion_0355.jpg,val/images/nozzle_no_extrusion_0349.jpg,0.487021,0.413237,1.000000,否
1,val/images/nozzle_no_extrusion_0355.jpg,train/images/nozzle_no_extrusion_0317.jpg,0.575431,0.607192,1.000000,否
1,val/images/nozzle_no_extrusion_0355.jpg,val/images/nozzle_no_extrusion_0201.jpg,0.681485,0.844211,1.000000,否
1,val/images/nozzle_no_extrusion_0355.jpg,train/images/nozzle_no_extrusion_0281.jpg,0.510689,0.458810,1.000000,否
1,val/images/nozzle_no_extrusion_0355.jpg,train/images/nozzle_no_extrusion_0234.jpg,0.477414,0.413701,1.000000,否
1,val/images/nozzle_no_extrusion_0355.jpg,train/images/nozzle_no_extrusion_0169.jpg,0.507654,0.460232,1.000000,否
1,val/images/nozzle_no_extrusion_0355.jpg,train/images/nozzle_no_extrusion_0278.jpg,0.668621,0.774699,1.000000,否
1,val/images/nozzle_no_extrusion_0355.jpg,val/images/nozzle_no_extrusion_0316.jpg,0.633449,0.764662,1.000000,否
1,val/images/nozzle_no_extrusion_0355.jpg,train/images/nozzle_no_extrusion_0200.jpg,0.627447,0.793434,1.000000,否
1,val/images/nozzle_no_extrusion_0355.jpg,train/images/nozzle_no_extrusion_0166.jpg,0.640116,0.791363,1.000000,否
1,val/images/nozzle_no_extrusion_0355.jpg,val/images/nozzle_no_extrusion_0168.jpg,0.526827,0.470166,1.000000,否
1,val/images/nozzle_no_extrusion_0355.jpg,train/images/nozzle_no_extrusion_0354.jpg,0.671158,0.797031,1.000000,否
1,train/images/nozzle_no_extrusion_0282.jpg,train/images/nozzle_no_extrusion_0275.jpg,0.547367,0.484410,1.000000,否
1,train/images/nozzle_no_extrusion_0282.jpg,train/images/nozzle_no_extrusion_0274.jpg,0.581976,0.576034,1.000000,否
1,train/images/nozzle_no_extrusion_0282.jpg,train/images/nozzle_no_extrusion_0203.jpg,0.502103,0.471378,1.000000,否
1,train/images/nozzle_no_extrusion_0282.jpg,train/images/nozzle_no_extrusion_0164.jpg,0.532885,0.475561,1.000000,否
1,train/images/nozzle_no_extrusion_0282.jpg,val/images/nozzle_no_extrusion_0351.jpg,0.664621,0.703844,1.000000,否
1,train/images/nozzle_no_extrusion_0282.jpg,val/images/nozzle_no_extrusion_0243.jpg,0.579609,0.587011,1.000000,否
1,train/images/nozzle_no_extrusion_0282.jpg,train/images/nozzle_no_extrusion_0161.jpg,0.707746,0.769046,1.000000,否
1,train/images/nozzle_no_extrusion_0282.jpg,train/images/nozzle_no_extrusion_0242.jpg,0.516586,0.477780,1.000000,否
1,train/images/nozzle_no_extrusion_0282.jpg,val/images/nozzle_no_extrusion_0245.jpg,0.687576,0.764079,1.000000,否
1,train/images/nozzle_no_extrusion_0282.jpg,train/images/nozzle_no_extrusion_0277.jpg,0.495552,0.435279,1.000000,否
1,train/images/nozzle_no_extrusion_0282.jpg,train/images/nozzle_no_extrusion_0241.jpg,0.495109,0.436738,1.000000,否
1,train/images/nozzle_no_extrusion_0282.jpg,test/images/nozzle_no_extrusion_0196.jpg,0.934049,0.933158,1.000000,否
1,train/images/nozzle_no_extrusion_0282.jpg,train/images/nozzle_no_extrusion_0352.jpg,0.598234,0.651284,1.000000,否
1,train/images/nozzle_no_extrusion_0282.jpg,train/images/nozzle_no_extrusion_0318.jpg,0.605194,0.685745,1.000000,否
1,train/images/nozzle_no_extrusion_0282.jpg,train/images/nozzle_no_extrusion_0206.jpg,0.639019,0.712595,1.000000,否
1,train/images/nozzle_no_extrusion_0282.jpg,train/images/nozzle_no_extrusion_0358.jpg,0.585470,0.593150,1.000000,否
1,train/images/nozzle_no_extrusion_0282.jpg,test/images/nozzle_no_extrusion_0309.jpg,0.770358,0.871830,1.000000,否
1,train/images/nozzle_no_extrusion_0282.jpg,val/images/nozzle_no_extrusion_0315.jpg,0.495037,0.433055,1.000000,否
1,train/images/nozzle_no_extrusion_0282.jpg,train/images/nozzle_no_extrusion_0359.jpg,0.604940,0.689999,1.000000,否
1,train/images/nozzle_no_extrusion_0282.jpg,test/images/nozzle_no_extrusion_0244.jpg,0.603123,0.665985,1.000000,否
1,train/images/nozzle_no_extrusion_0282.jpg,train/images/nozzle_no_extrusion_0235.jpg,0.930324,0.937883,1.000000,否
1,train/images/nozzle_no_extrusion_0282.jpg,val/images/nozzle_no_extrusion_0199.jpg,0.580783,0.564949,1.000000,否
1,train/images/nozzle_no_extrusion_0282.jpg,train/images/nozzle_no_extrusion_0314.jpg,0.490024,0.411689,1.000000,否
1,train/images/nozzle_no_extrusion_0282.jpg,train/images/nozzle_no_extrusion_0312.jpg,0.573980,0.570754,1.000000,否
1,train/images/nozzle_no_extrusion_0282.jpg,test/images/nozzle_no_extrusion_0204.jpg,0.561320,0.531291,1.000000,否
1,train/images/nozzle_no_extrusion_0282.jpg,test/images/nozzle_no_extrusion_0195.jpg,0.712328,0.781521,1.000000,否
1,train/images/nozzle_no_extrusion_0282.jpg,train/images/nozzle_no_extrusion_0167.jpg,0.580777,0.560210,1.000000,否
1,train/images/nozzle_no_extrusion_0282.jpg,test/images/nozzle_no_extrusion_0276.jpg,0.498024,0.443970,1.000000,否
1,train/images/nozzle_no_extrusion_0282.jpg,train/images/nozzle_no_extrusion_0280.jpg,0.598506,0.664445,1.000000,否
1,train/images/nozzle_no_extrusion_0282.jpg,train/images/nozzle_no_extrusion_0353.jpg,0.571733,0.559555,1.000000,否
1,train/images/nozzle_no_extrusion_0282.jpg,train/images/nozzle_no_extrusion_0313.jpg,0.519086,0.465524,1.000000,否
1,train/images/nozzle_no_extrusion_0282.jpg,test/images/nozzle_no_extrusion_0319.jpg,0.694279,0.784799,1.000000,否
1,train/images/nozzle_no_extrusion_0282.jpg,test/images/nozzle_no_extrusion_0357.jpg,0.522982,0.475719,1.000000,否
1,train/images/nozzle_no_extrusion_0282.jpg,val/images/nozzle_no_extrusion_0271.jpg,0.855188,0.915169,1.000000,否
1,train/images/nozzle_no_extrusion_0282.jpg,train/images/nozzle_no_extrusion_0361.jpg,0.971944,0.950622,1.000000,是
1,train/images/nozzle_no_extrusion_0282.jpg,train/images/nozzle_no_extrusion_0205.jpg,0.591242,0.607432,1.000000,否
1,train/images/nozzle_no_extrusion_0282.jpg,train/images/nozzle_no_extrusion_0198.jpg,0.608672,0.685608,1.000000,否
1,train/images/nozzle_no_extrusion_0282.jpg,train/images/nozzle_no_extrusion_0239.jpg,0.546127,0.480437,1.000000,否
1,train/images/nozzle_no_extrusion_0282.jpg,train/images/nozzle_no_extrusion_0270.jpg,0.710925,0.770403,1.000000,否
1,train/images/nozzle_no_extrusion_0282.jpg,val/images/nozzle_no_extrusion_0236.jpg,0.688512,0.755469,1.000000,否
1,train/images/nozzle_no_extrusion_0282.jpg,train/images/nozzle_no_extrusion_0311.jpg,0.601681,0.669520,1.000000,否
1,train/images/nozzle_no_extrusion_0282.jpg,train/images/nozzle_no_extrusion_0237.jpg,0.610326,0.691142,1.000000,否
1,train/images/nozzle_no_extrusion_0282.jpg,train/images/nozzle_no_extrusion_0162.jpg,0.613415,0.673095,1.000000,否
1,train/images/nozzle_no_extrusion_0282.jpg,train/images/nozzle_no_extrusion_0165.jpg,0.497601,0.439592,1.000000,否
1,train/images/nozzle_no_extrusion_0282.jpg,train/images/nozzle_no_extrusion_0279.jpg,0.578649,0.586019,1.000000,否
1,train/images/nozzle_no_extrusion_0282.jpg,train/images/nozzle_no_extrusion_0356.jpg,0.495740,0.435199,1.000000,否
1,train/images/nozzle_no_extrusion_0282.jpg,test/images/nozzle_no_extrusion_0246.jpg,0.934020,0.936505,1.000000,否
1,train/images/nozzle_no_extrusion_0282.jpg,val/images/nozzle_no_extrusion_0360.jpg,0.695891,0.781455,1.000000,否
1,train/images/nozzle_no_extrusion_0282.jpg,train/images/nozzle_no_extrusion_0350.jpg,0.823405,0.905082,1.000000,否
1,train/images/nozzle_no_extrusion_0282.jpg,train/images/nozzle_no_extrusion_0308.jpg,0.737501,0.829503,1.000000,否
1,train/images/nozzle_no_extrusion_0282.jpg,train/images/nozzle_no_extrusion_0202.jpg,0.493577,0.422193,1.000000,否
1,train/images/nozzle_no_extrusion_0282.jpg,train/images/nozzle_no_extrusion_0197.jpg,0.688086,0.754516,1.000000,否
1,train/images/nozzle_no_extrusion_0282.jpg,train/images/nozzle_no_extrusion_0320.jpg,0.886128,0.914996,1.000000,否
1,train/images/nozzle_no_extrusion_0282.jpg,val/images/nozzle_no_extrusion_0310.jpg,0.672439,0.721434,1.000000,否
1,train/images/nozzle_no_extrusion_0282.jpg,val/images/nozzle_no_extrusion_0240.jpg,0.496079,0.435178,1.000000,否
1,train/images/nozzle_no_extrusion_0282.jpg,val/images/nozzle_no_extrusion_0349.jpg,0.727838,0.802877,1.000000,否
1,train/images/nozzle_no_extrusion_0282.jpg,train/images/nozzle_no_extrusion_0317.jpg,0.581100,0.581652,1.000000,否
1,train/images/nozzle_no_extrusion_0282.jpg,val/images/nozzle_no_extrusion_0201.jpg,0.504408,0.449566,1.000000,否
1,train/images/nozzle_no_extrusion_0282.jpg,train/images/nozzle_no_extrusion_0281.jpg,0.684507,0.768947,1.000000,否
1,train/images/nozzle_no_extrusion_0282.jpg,train/images/nozzle_no_extrusion_0234.jpg,0.711347,0.776049,1.000000,否
1,train/images/nozzle_no_extrusion_0282.jpg,train/images/nozzle_no_extrusion_0169.jpg,0.691196,0.750811,1.000000,否
1,train/images/nozzle_no_extrusion_0282.jpg,train/images/nozzle_no_extrusion_0278.jpg,0.515610,0.479459,1.000000,否
1,train/images/nozzle_no_extrusion_0282.jpg,val/images/nozzle_no_extrusion_0316.jpg,0.535242,0.475005,1.000000,否
1,train/images/nozzle_no_extrusion_0282.jpg,train/images/nozzle_no_extrusion_0200.jpg,0.545824,0.475013,1.000000,否
1,train/images/nozzle_no_extrusion_0282.jpg,train/images/nozzle_no_extrusion_0166.jpg,0.533926,0.469611,1.000000,否
1,train/images/nozzle_no_extrusion_0282.jpg,val/images/nozzle_no_extrusion_0168.jpg,0.613709,0.685914,1.000000,否
1,train/images/nozzle_no_extrusion_0282.jpg,train/images/nozzle_no_extrusion_0354.jpg,0.517138,0.459754,1.000000,否
1,train/images/nozzle_no_extrusion_0275.jpg,train/images/nozzle_no_extrusion_0274.jpg,0.677427,0.788548,1.000000,否
1,train/images/nozzle_no_extrusion_0275.jpg,train/images/nozzle_no_extrusion_0203.jpg,0.663491,0.850793,1.000000,否
1,train/images/nozzle_no_extrusion_0275.jpg,train/images/nozzle_no_extrusion_0164.jpg,0.835914,0.938883,1.000000,否
1,train/images/nozzle_no_extrusion_0275.jpg,val/images/nozzle_no_extrusion_0351.jpg,0.586128,0.555992,1.000000,否
1,train/images/nozzle_no_extrusion_0275.jpg,val/images/nozzle_no_extrusion_0243.jpg,0.678279,0.775487,1.000000,否
1,train/images/nozzle_no_extrusion_0275.jpg,train/images/nozzle_no_extrusion_0161.jpg,0.568181,0.560244,1.000000,否
1,train/images/nozzle_no_extrusion_0275.jpg,train/images/nozzle_no_extrusion_0242.jpg,0.727687,0.896264,1.000000,否
1,train/images/nozzle_no_extrusion_0275.jpg,val/images/nozzle_no_extrusion_0245.jpg,0.583759,0.560289,1.000000,否
1,train/images/nozzle_no_extrusion_0275.jpg,train/images/nozzle_no_extrusion_0277.jpg,0.616230,0.819902,1.000000,否
1,train/images/nozzle_no_extrusion_0275.jpg,train/images/nozzle_no_extrusion_0241.jpg,0.617246,0.814335,1.000000,否
1,train/images/nozzle_no_extrusion_0275.jpg,test/images/nozzle_no_extrusion_0196.jpg,0.550178,0.513351,1.000000,否
1,train/images/nozzle_no_extrusion_0275.jpg,train/images/nozzle_no_extrusion_0352.jpg,0.614689,0.671678,1.000000,否
1,train/images/nozzle_no_extrusion_0275.jpg,train/images/nozzle_no_extrusion_0318.jpg,0.609078,0.633966,1.000000,否
1,train/images/nozzle_no_extrusion_0275.jpg,train/images/nozzle_no_extrusion_0206.jpg,0.589567,0.558722,1.000000,否
1,train/images/nozzle_no_extrusion_0275.jpg,train/images/nozzle_no_extrusion_0358.jpg,0.655989,0.704866,1.000000,否
1,train/images/nozzle_no_extrusion_0275.jpg,test/images/nozzle_no_extrusion_0309.jpg,0.555456,0.521561,1.000000,否
1,train/images/nozzle_no_extrusion_0275.jpg,val/images/nozzle_no_extrusion_0315.jpg,0.615710,0.809387,1.000000,否
1,train/images/nozzle_no_extrusion_0275.jpg,train/images/nozzle_no_extrusion_0359.jpg,0.608426,0.635392,1.000000,否
1,train/images/nozzle_no_extrusion_0275.jpg,test/images/nozzle_no_extrusion_0244.jpg,0.613200,0.657585,1.000000,否
1,train/images/nozzle_no_extrusion_0275.jpg,train/images/nozzle_no_extrusion_0235.jpg,0.549583,0.496588,1.000000,否
1,train/images/nozzle_no_extrusion_0275.jpg,val/images/nozzle_no_extrusion_0199.jpg,0.683128,0.805844,1.000000,否
1,train/images/nozzle_no_extrusion_0275.jpg,train/images/nozzle_no_extrusion_0314.jpg,0.627680,0.794597,1.000000,否
1,train/images/nozzle_no_extrusion_0275.jpg,train/images/nozzle_no_extrusion_0312.jpg,0.686491,0.830875,1.000000,否
1,train/images/nozzle_no_extrusion_0275.jpg,test/images/nozzle_no_extrusion_0204.jpg,0.822538,0.913731,1.000000,否
1,train/images/nozzle_no_extrusion_0275.jpg,test/images/nozzle_no_extrusion_0195.jpg,0.517622,0.469140,1.000000,否
1,train/images/nozzle_no_extrusion_0275.jpg,train/images/nozzle_no_extrusion_0167.jpg,0.675244,0.759353,1.000000,否
1,train/images/nozzle_no_extrusion_0275.jpg,test/images/nozzle_no_extrusion_0276.jpg,0.667306,0.832567,1.000000,否
1,train/images/nozzle_no_extrusion_0275.jpg,train/images/nozzle_no_extrusion_0280.jpg,0.614984,0.662939,1.000000,否
1,train/images/nozzle_no_extrusion_0275.jpg,train/images/nozzle_no_extrusion_0353.jpg,0.700965,0.845004,1.000000,否
1,train/images/nozzle_no_extrusion_0275.jpg,train/images/nozzle_no_extrusion_0313.jpg,0.768498,0.923763,1.000000,否
1,train/images/nozzle_no_extrusion_0275.jpg,test/images/nozzle_no_extrusion_0319.jpg,0.580994,0.561837,1.000000,否
1,train/images/nozzle_no_extrusion_0275.jpg,test/images/nozzle_no_extrusion_0357.jpg,0.799049,0.904573,1.000000,否
1,train/images/nozzle_no_extrusion_0275.jpg,val/images/nozzle_no_extrusion_0271.jpg,0.552733,0.515806,1.000000,否
1,train/images/nozzle_no_extrusion_0275.jpg,train/images/nozzle_no_extrusion_0361.jpg,0.540927,0.475577,1.000000,否
1,train/images/nozzle_no_extrusion_0275.jpg,train/images/nozzle_no_extrusion_0205.jpg,0.629284,0.708143,1.000000,否
1,train/images/nozzle_no_extrusion_0275.jpg,train/images/nozzle_no_extrusion_0198.jpg,0.604324,0.635771,1.000000,否
1,train/images/nozzle_no_extrusion_0275.jpg,train/images/nozzle_no_extrusion_0239.jpg,0.989281,0.972792,1.000000,是
1,train/images/nozzle_no_extrusion_0275.jpg,train/images/nozzle_no_extrusion_0270.jpg,0.516466,0.471628,1.000000,否
1,train/images/nozzle_no_extrusion_0275.jpg,val/images/nozzle_no_extrusion_0236.jpg,0.579929,0.564241,1.000000,否
1,train/images/nozzle_no_extrusion_0275.jpg,train/images/nozzle_no_extrusion_0311.jpg,0.610723,0.654419,1.000000,否
1,train/images/nozzle_no_extrusion_0275.jpg,train/images/nozzle_no_extrusion_0237.jpg,0.603253,0.623822,1.000000,否
1,train/images/nozzle_no_extrusion_0275.jpg,train/images/nozzle_no_extrusion_0162.jpg,0.598358,0.607425,1.000000,否
1,train/images/nozzle_no_extrusion_0275.jpg,train/images/nozzle_no_extrusion_0165.jpg,0.637554,0.828614,1.000000,否
1,train/images/nozzle_no_extrusion_0275.jpg,train/images/nozzle_no_extrusion_0279.jpg,0.681330,0.781023,1.000000,否
1,train/images/nozzle_no_extrusion_0275.jpg,train/images/nozzle_no_extrusion_0356.jpg,0.624685,0.818229,1.000000,否
1,train/images/nozzle_no_extrusion_0275.jpg,test/images/nozzle_no_extrusion_0246.jpg,0.538360,0.475075,1.000000,否
1,train/images/nozzle_no_extrusion_0275.jpg,val/images/nozzle_no_extrusion_0360.jpg,0.578349,0.557655,1.000000,否
1,train/images/nozzle_no_extrusion_0275.jpg,train/images/nozzle_no_extrusion_0350.jpg,0.553536,0.516398,1.000000,否
1,train/images/nozzle_no_extrusion_0275.jpg,train/images/nozzle_no_extrusion_0308.jpg,0.522585,0.482219,1.000000,否
1,train/images/nozzle_no_extrusion_0275.jpg,train/images/nozzle_no_extrusion_0202.jpg,0.624996,0.803968,1.000000,否
1,train/images/nozzle_no_extrusion_0275.jpg,train/images/nozzle_no_extrusion_0197.jpg,0.580521,0.570704,1.000000,否
1,train/images/nozzle_no_extrusion_0275.jpg,train/images/nozzle_no_extrusion_0320.jpg,0.533205,0.470864,1.000000,否
1,train/images/nozzle_no_extrusion_0275.jpg,val/images/nozzle_no_extrusion_0310.jpg,0.584412,0.559086,1.000000,否
1,train/images/nozzle_no_extrusion_0275.jpg,val/images/nozzle_no_extrusion_0240.jpg,0.662320,0.821803,1.000000,否
1,train/images/nozzle_no_extrusion_0275.jpg,val/images/nozzle_no_extrusion_0349.jpg,0.522409,0.477778,1.000000,否
1,train/images/nozzle_no_extrusion_0275.jpg,train/images/nozzle_no_extrusion_0317.jpg,0.674094,0.754488,1.000000,否
1,train/images/nozzle_no_extrusion_0275.jpg,val/images/nozzle_no_extrusion_0201.jpg,0.678226,0.847386,1.000000,否
1,train/images/nozzle_no_extrusion_0275.jpg,train/images/nozzle_no_extrusion_0281.jpg,0.583851,0.556872,1.000000,否
1,train/images/nozzle_no_extrusion_0275.jpg,train/images/nozzle_no_extrusion_0234.jpg,0.516783,0.470300,1.000000,否
1,train/images/nozzle_no_extrusion_0275.jpg,train/images/nozzle_no_extrusion_0169.jpg,0.576047,0.567577,1.000000,否
1,train/images/nozzle_no_extrusion_0275.jpg,train/images/nozzle_no_extrusion_0278.jpg,0.723366,0.897302,1.000000,否
1,train/images/nozzle_no_extrusion_0275.jpg,val/images/nozzle_no_extrusion_0316.jpg,0.901774,0.935233,1.000000,否
1,train/images/nozzle_no_extrusion_0275.jpg,train/images/nozzle_no_extrusion_0200.jpg,0.991298,0.969023,1.000000,是
1,train/images/nozzle_no_extrusion_0275.jpg,train/images/nozzle_no_extrusion_0166.jpg,0.860919,0.936945,1.000000,否
1,train/images/nozzle_no_extrusion_0275.jpg,val/images/nozzle_no_extrusion_0168.jpg,0.600166,0.597577,1.000000,否
1,train/images/nozzle_no_extrusion_0275.jpg,train/images/nozzle_no_extrusion_0354.jpg,0.728577,0.921215,1.000000,否
1,train/images/nozzle_no_extrusion_0274.jpg,train/images/nozzle_no_extrusion_0203.jpg,0.594744,0.725140,1.000000,否
1,train/images/nozzle_no_extrusion_0274.jpg,train/images/nozzle_no_extrusion_0164.jpg,0.662806,0.773543,1.000000,否
1,train/images/nozzle_no_extrusion_0274.jpg,val/images/nozzle_no_extrusion_0351.jpg,0.613515,0.614877,1.000000,否
1,train/images/nozzle_no_extrusion_0274.jpg,val/images/nozzle_no_extrusion_0243.jpg,0.948736,0.940181,1.000000,否
1,train/images/nozzle_no_extrusion_0274.jpg,train/images/nozzle_no_extrusion_0161.jpg,0.593681,0.631430,1.000000,否
1,train/images/nozzle_no_extrusion_0274.jpg,train/images/nozzle_no_extrusion_0242.jpg,0.631738,0.756500,1.000000,否
1,train/images/nozzle_no_extrusion_0274.jpg,val/images/nozzle_no_extrusion_0245.jpg,0.607828,0.615745,1.000000,否
1,train/images/nozzle_no_extrusion_0274.jpg,train/images/nozzle_no_extrusion_0277.jpg,0.578826,0.676526,1.000000,否
1,train/images/nozzle_no_extrusion_0274.jpg,train/images/nozzle_no_extrusion_0241.jpg,0.577704,0.672364,1.000000,否
1,train/images/nozzle_no_extrusion_0274.jpg,test/images/nozzle_no_extrusion_0196.jpg,0.584290,0.597154,1.000000,否
1,train/images/nozzle_no_extrusion_0274.jpg,train/images/nozzle_no_extrusion_0352.jpg,0.685519,0.767536,1.000000,否
1,train/images/nozzle_no_extrusion_0274.jpg,train/images/nozzle_no_extrusion_0318.jpg,0.680670,0.720676,1.000000,否
1,train/images/nozzle_no_extrusion_0274.jpg,train/images/nozzle_no_extrusion_0206.jpg,0.631260,0.618910,1.000000,否
1,train/images/nozzle_no_extrusion_0274.jpg,train/images/nozzle_no_extrusion_0358.jpg,0.858945,0.882591,1.000000,否
1,train/images/nozzle_no_extrusion_0274.jpg,test/images/nozzle_no_extrusion_0309.jpg,0.588766,0.599838,1.000000,否
1,train/images/nozzle_no_extrusion_0274.jpg,val/images/nozzle_no_extrusion_0315.jpg,0.577270,0.669424,1.000000,否
1,train/images/nozzle_no_extrusion_0274.jpg,train/images/nozzle_no_extrusion_0359.jpg,0.681690,0.718960,1.000000,否
1,train/images/nozzle_no_extrusion_0274.jpg,test/images/nozzle_no_extrusion_0244.jpg,0.684605,0.745672,1.000000,否
1,train/images/nozzle_no_extrusion_0274.jpg,train/images/nozzle_no_extrusion_0235.jpg,0.583995,0.588330,1.000000,否
1,train/images/nozzle_no_extrusion_0274.jpg,val/images/nozzle_no_extrusion_0199.jpg,0.990902,0.968886,1.000000,是
1,train/images/nozzle_no_extrusion_0274.jpg,train/images/nozzle_no_extrusion_0314.jpg,0.583025,0.648883,1.000000,否
1,train/images/nozzle_no_extrusion_0274.jpg,train/images/nozzle_no_extrusion_0312.jpg,0.922493,0.946408,1.000000,否
1,train/images/nozzle_no_extrusion_0274.jpg,test/images/nozzle_no_extrusion_0204.jpg,0.713933,0.830625,1.000000,否
1,train/images/nozzle_no_extrusion_0274.jpg,test/images/nozzle_no_extrusion_0195.jpg,0.570086,0.576779,1.000000,否
1,train/images/nozzle_no_extrusion_0274.jpg,train/images/nozzle_no_extrusion_0167.jpg,0.907183,0.937584,1.000000,否
1,train/images/nozzle_no_extrusion_0274.jpg,test/images/nozzle_no_extrusion_0276.jpg,0.598126,0.696124,1.000000,否
1,train/images/nozzle_no_extrusion_0274.jpg,train/images/nozzle_no_extrusion_0280.jpg,0.689163,0.757330,1.000000,否
1,train/images/nozzle_no_extrusion_0274.jpg,train/images/nozzle_no_extrusion_0353.jpg,0.864184,0.922435,1.000000,否
1,train/images/nozzle_no_extrusion_0274.jpg,train/images/nozzle_no_extrusion_0313.jpg,0.645142,0.754127,1.000000,否
1,train/images/nozzle_no_extrusion_0274.jpg,test/images/nozzle_no_extrusion_0319.jpg,0.604389,0.623348,1.000000,否
1,train/images/nozzle_no_extrusion_0274.jpg,test/images/nozzle_no_extrusion_0357.jpg,0.644453,0.761511,1.000000,否
1,train/images/nozzle_no_extrusion_0274.jpg,val/images/nozzle_no_extrusion_0271.jpg,0.586422,0.599693,1.000000,否
1,train/images/nozzle_no_extrusion_0274.jpg,train/images/nozzle_no_extrusion_0361.jpg,0.578276,0.578307,1.000000,否
1,train/images/nozzle_no_extrusion_0274.jpg,train/images/nozzle_no_extrusion_0205.jpg,0.734414,0.830577,1.000000,否
1,train/images/nozzle_no_extrusion_0274.jpg,train/images/nozzle_no_extrusion_0198.jpg,0.679921,0.716447,1.000000,否
1,train/images/nozzle_no_extrusion_0274.jpg,train/images/nozzle_no_extrusion_0239.jpg,0.679361,0.787111,1.000000,否
1,train/images/nozzle_no_extrusion_0274.jpg,train/images/nozzle_no_extrusion_0270.jpg,0.571050,0.566801,1.000000,否
1,train/images/nozzle_no_extrusion_0274.jpg,val/images/nozzle_no_extrusion_0236.jpg,0.602544,0.623369,1.000000,否
1,train/images/nozzle_no_extrusion_0274.jpg,train/images/nozzle_no_extrusion_0311.jpg,0.682100,0.744325,1.000000,否
1,train/images/nozzle_no_extrusion_0274.jpg,train/images/nozzle_no_extrusion_0237.jpg,0.676482,0.709904,1.000000,否
1,train/images/nozzle_no_extrusion_0274.jpg,train/images/nozzle_no_extrusion_0162.jpg,0.670392,0.681516,1.000000,否
1,train/images/nozzle_no_extrusion_0274.jpg,train/images/nozzle_no_extrusion_0165.jpg,0.585570,0.672766,1.000000,否
1,train/images/nozzle_no_extrusion_0274.jpg,train/images/nozzle_no_extrusion_0279.jpg,0.949319,0.941498,1.000000,否
1,train/images/nozzle_no_extrusion_0274.jpg,train/images/nozzle_no_extrusion_0356.jpg,0.582766,0.671498,1.000000,否
1,train/images/nozzle_no_extrusion_0274.jpg,test/images/nozzle_no_extrusion_0246.jpg,0.577413,0.587161,1.000000,否
1,train/images/nozzle_no_extrusion_0274.jpg,val/images/nozzle_no_extrusion_0360.jpg,0.602049,0.619490,1.000000,否
1,train/images/nozzle_no_extrusion_0274.jpg,train/images/nozzle_no_extrusion_0350.jpg,0.587406,0.597506,1.000000,否
1,train/images/nozzle_no_extrusion_0274.jpg,train/images/nozzle_no_extrusion_0308.jpg,0.571898,0.591679,1.000000,否
1,train/images/nozzle_no_extrusion_0274.jpg,train/images/nozzle_no_extrusion_0202.jpg,0.583125,0.662188,1.000000,否
1,train/images/nozzle_no_extrusion_0274.jpg,train/images/nozzle_no_extrusion_0197.jpg,0.605277,0.628003,1.000000,否
1,train/images/nozzle_no_extrusion_0274.jpg,train/images/nozzle_no_extrusion_0320.jpg,0.574816,0.583501,1.000000,否
1,train/images/nozzle_no_extrusion_0274.jpg,val/images/nozzle_no_extrusion_0310.jpg,0.609101,0.618792,1.000000,否
1,train/images/nozzle_no_extrusion_0274.jpg,val/images/nozzle_no_extrusion_0240.jpg,0.597148,0.680398,1.000000,否
1,train/images/nozzle_no_extrusion_0274.jpg,val/images/nozzle_no_extrusion_0349.jpg,0.572833,0.584122,1.000000,否
1,train/images/nozzle_no_extrusion_0274.jpg,train/images/nozzle_no_extrusion_0317.jpg,0.954863,0.937860,1.000000,否
1,train/images/nozzle_no_extrusion_0274.jpg,val/images/nozzle_no_extrusion_0201.jpg,0.609571,0.713681,1.000000,否
1,train/images/nozzle_no_extrusion_0274.jpg,train/images/nozzle_no_extrusion_0281.jpg,0.608603,0.614395,1.000000,否
1,train/images/nozzle_no_extrusion_0274.jpg,train/images/nozzle_no_extrusion_0234.jpg,0.569864,0.573164,1.000000,否
1,train/images/nozzle_no_extrusion_0274.jpg,train/images/nozzle_no_extrusion_0169.jpg,0.601355,0.632321,1.000000,否
1,train/images/nozzle_no_extrusion_0274.jpg,train/images/nozzle_no_extrusion_0278.jpg,0.629752,0.757055,1.000000,否
1,train/images/nozzle_no_extrusion_0274.jpg,val/images/nozzle_no_extrusion_0316.jpg,0.659391,0.777787,1.000000,否
1,train/images/nozzle_no_extrusion_0274.jpg,train/images/nozzle_no_extrusion_0200.jpg,0.674496,0.782996,1.000000,否
1,train/images/nozzle_no_extrusion_0274.jpg,train/images/nozzle_no_extrusion_0166.jpg,0.668347,0.772495,1.000000,否
1,train/images/nozzle_no_extrusion_0274.jpg,val/images/nozzle_no_extrusion_0168.jpg,0.672006,0.669207,1.000000,否
1,train/images/nozzle_no_extrusion_0274.jpg,train/images/nozzle_no_extrusion_0354.jpg,0.637130,0.745736,1.000000,否
1,train/images/nozzle_no_extrusion_0203.jpg,train/images/nozzle_no_extrusion_0164.jpg,0.672995,0.886928,1.000000,否
1,train/images/nozzle_no_extrusion_0203.jpg,val/images/nozzle_no_extrusion_0351.jpg,0.525836,0.480782,1.000000,否
1,train/images/nozzle_no_extrusion_0203.jpg,val/images/nozzle_no_extrusion_0243.jpg,0.614870,0.726966,1.000000,否
1,train/images/nozzle_no_extrusion_0203.jpg,train/images/nozzle_no_extrusion_0161.jpg,0.527389,0.510875,1.000000,否
1,train/images/nozzle_no_extrusion_0203.jpg,train/images/nozzle_no_extrusion_0242.jpg,0.722137,0.921552,1.000000,否
1,train/images/nozzle_no_extrusion_0203.jpg,val/images/nozzle_no_extrusion_0245.jpg,0.535779,0.503721,1.000000,否
1,train/images/nozzle_no_extrusion_0203.jpg,train/images/nozzle_no_extrusion_0277.jpg,0.697534,0.864617,1.000000,否
1,train/images/nozzle_no_extrusion_0203.jpg,train/images/nozzle_no_extrusion_0241.jpg,0.696438,0.863486,1.000000,否
1,train/images/nozzle_no_extrusion_0203.jpg,test/images/nozzle_no_extrusion_0196.jpg,0.496652,0.483616,1.000000,否
1,train/images/nozzle_no_extrusion_0203.jpg,train/images/nozzle_no_extrusion_0352.jpg,0.573328,0.619223,1.000000,否
1,train/images/nozzle_no_extrusion_0203.jpg,train/images/nozzle_no_extrusion_0318.jpg,0.577098,0.603193,1.000000,否
1,train/images/nozzle_no_extrusion_0203.jpg,train/images/nozzle_no_extrusion_0206.jpg,0.545406,0.515616,1.000000,否
1,train/images/nozzle_no_extrusion_0203.jpg,train/images/nozzle_no_extrusion_0358.jpg,0.595499,0.666618,1.000000,否
1,train/images/nozzle_no_extrusion_0203.jpg,test/images/nozzle_no_extrusion_0309.jpg,0.502919,0.478570,1.000000,否
1,train/images/nozzle_no_extrusion_0203.jpg,val/images/nozzle_no_extrusion_0315.jpg,0.695628,0.866915,1.000000,否
1,train/images/nozzle_no_extrusion_0203.jpg,train/images/nozzle_no_extrusion_0359.jpg,0.577713,0.606349,1.000000,否
1,train/images/nozzle_no_extrusion_0203.jpg,test/images/nozzle_no_extrusion_0244.jpg,0.579046,0.618035,1.000000,否
1,train/images/nozzle_no_extrusion_0203.jpg,train/images/nozzle_no_extrusion_0235.jpg,0.494059,0.475093,1.000000,否
1,train/images/nozzle_no_extrusion_0203.jpg,val/images/nozzle_no_extrusion_0199.jpg,0.598236,0.737510,1.000000,否
1,train/images/nozzle_no_extrusion_0203.jpg,train/images/nozzle_no_extrusion_0314.jpg,0.713208,0.834081,1.000000,否
1,train/images/nozzle_no_extrusion_0203.jpg,train/images/nozzle_no_extrusion_0312.jpg,0.608956,0.759496,1.000000,否
1,train/images/nozzle_no_extrusion_0203.jpg,test/images/nozzle_no_extrusion_0204.jpg,0.648155,0.825131,1.000000,否
1,train/images/nozzle_no_extrusion_0203.jpg,test/images/nozzle_no_extrusion_0195.jpg,0.489741,0.446890,1.000000,否
1,train/images/nozzle_no_extrusion_0203.jpg,train/images/nozzle_no_extrusion_0167.jpg,0.604588,0.717679,1.000000,否
1,train/images/nozzle_no_extrusion_0203.jpg,test/images/nozzle_no_extrusion_0276.jpg,0.926604,0.940534,1.000000,否
1,train/images/nozzle_no_extrusion_0203.jpg,train/images/nozzle_no_extrusion_0280.jpg,0.580211,0.624889,1.000000,否
1,train/images/nozzle_no_extrusion_0203.jpg,train/images/nozzle_no_extrusion_0353.jpg,0.614072,0.768663,1.000000,否
1,train/images/nozzle_no_extrusion_0203.jpg,train/images/nozzle_no_extrusion_0313.jpg,0.693098,0.891184,1.000000,否
1,train/images/nozzle_no_extrusion_0203.jpg,test/images/nozzle_no_extrusion_0319.jpg,0.536255,0.513943,1.000000,否
1,train/images/nozzle_no_extrusion_0203.jpg,test/images/nozzle_no_extrusion_0357.jpg,0.688264,0.894330,1.000000,否
1,train/images/nozzle_no_extrusion_0203.jpg,val/images/nozzle_no_extrusion_0271.jpg,0.497332,0.484312,1.000000,否
1,train/images/nozzle_no_extrusion_0203.jpg,train/images/nozzle_no_extrusion_0361.jpg,0.497820,0.465810,1.000000,否
1,train/images/nozzle_no_extrusion_0203.jpg,train/images/nozzle_no_extrusion_0205.jpg,0.585617,0.666323,1.000000,否
1,train/images/nozzle_no_extrusion_0203.jpg,train/images/nozzle_no_extrusion_0198.jpg,0.568533,0.594924,1.000000,否
1,train/images/nozzle_no_extrusion_0203.jpg,train/images/nozzle_no_extrusion_0239.jpg,0.664072,0.854652,1.000000,否
1,train/images/nozzle_no_extrusion_0203.jpg,train/images/nozzle_no_extrusion_0270.jpg,0.492164,0.450795,1.000000,否
1,train/images/nozzle_no_extrusion_0203.jpg,val/images/nozzle_no_extrusion_0236.jpg,0.525386,0.489838,1.000000,否
1,train/images/nozzle_no_extrusion_0203.jpg,train/images/nozzle_no_extrusion_0311.jpg,0.570774,0.608571,1.000000,否
1,train/images/nozzle_no_extrusion_0203.jpg,train/images/nozzle_no_extrusion_0237.jpg,0.565394,0.586289,1.000000,否
1,train/images/nozzle_no_extrusion_0203.jpg,train/images/nozzle_no_extrusion_0162.jpg,0.561862,0.576654,1.000000,否
1,train/images/nozzle_no_extrusion_0203.jpg,train/images/nozzle_no_extrusion_0165.jpg,0.767342,0.892280,1.000000,否
1,train/images/nozzle_no_extrusion_0203.jpg,train/images/nozzle_no_extrusion_0279.jpg,0.617237,0.728058,1.000000,否
1,train/images/nozzle_no_extrusion_0203.jpg,train/images/nozzle_no_extrusion_0356.jpg,0.719014,0.877455,1.000000,否
1,train/images/nozzle_no_extrusion_0203.jpg,test/images/nozzle_no_extrusion_0246.jpg,0.499842,0.458239,1.000000,否
1,train/images/nozzle_no_extrusion_0203.jpg,val/images/nozzle_no_extrusion_0360.jpg,0.533946,0.503903,1.000000,否
1,train/images/nozzle_no_extrusion_0203.jpg,train/images/nozzle_no_extrusion_0350.jpg,0.499017,0.483998,1.000000,否
1,train/images/nozzle_no_extrusion_0203.jpg,train/images/nozzle_no_extrusion_0308.jpg,0.489188,0.448252,1.000000,否
1,train/images/nozzle_no_extrusion_0203.jpg,train/images/nozzle_no_extrusion_0202.jpg,0.700519,0.846689,1.000000,否
1,train/images/nozzle_no_extrusion_0203.jpg,train/images/nozzle_no_extrusion_0197.jpg,0.529475,0.500989,1.000000,否
1,train/images/nozzle_no_extrusion_0203.jpg,train/images/nozzle_no_extrusion_0320.jpg,0.497593,0.454551,1.000000,否
1,train/images/nozzle_no_extrusion_0203.jpg,val/images/nozzle_no_extrusion_0310.jpg,0.525982,0.484698,1.000000,否
1,train/images/nozzle_no_extrusion_0203.jpg,val/images/nozzle_no_extrusion_0240.jpg,0.896972,0.926369,1.000000,否
1,train/images/nozzle_no_extrusion_0203.jpg,val/images/nozzle_no_extrusion_0349.jpg,0.490234,0.448112,1.000000,否
1,train/images/nozzle_no_extrusion_0203.jpg,train/images/nozzle_no_extrusion_0317.jpg,0.609327,0.714779,1.000000,否
1,train/images/nozzle_no_extrusion_0203.jpg,val/images/nozzle_no_extrusion_0201.jpg,0.941274,0.947635,1.000000,否
1,train/images/nozzle_no_extrusion_0203.jpg,train/images/nozzle_no_extrusion_0281.jpg,0.535429,0.499608,1.000000,否
1,train/images/nozzle_no_extrusion_0203.jpg,train/images/nozzle_no_extrusion_0234.jpg,0.489790,0.452254,1.000000,否
1,train/images/nozzle_no_extrusion_0203.jpg,train/images/nozzle_no_extrusion_0169.jpg,0.531734,0.513964,1.000000,否
1,train/images/nozzle_no_extrusion_0203.jpg,train/images/nozzle_no_extrusion_0278.jpg,0.727725,0.919003,1.000000,否
1,train/images/nozzle_no_extrusion_0203.jpg,val/images/nozzle_no_extrusion_0316.jpg,0.678602,0.877820,1.000000,否
1,train/images/nozzle_no_extrusion_0203.jpg,train/images/nozzle_no_extrusion_0200.jpg,0.668010,0.855758,1.000000,否
1,train/images/nozzle_no_extrusion_0203.jpg,train/images/nozzle_no_extrusion_0166.jpg,0.674110,0.894769,1.000000,否
1,train/images/nozzle_no_extrusion_0203.jpg,val/images/nozzle_no_extrusion_0168.jpg,0.564646,0.570754,1.000000,否
1,train/images/nozzle_no_extrusion_0203.jpg,train/images/nozzle_no_extrusion_0354.jpg,0.721205,0.888613,1.000000,否
1,train/images/nozzle_no_extrusion_0164.jpg,val/images/nozzle_no_extrusion_0351.jpg,0.575158,0.531930,1.000000,否
1,train/images/nozzle_no_extrusion_0164.jpg,val/images/nozzle_no_extrusion_0243.jpg,0.676420,0.773307,1.000000,否
1,train/images/nozzle_no_extrusion_0164.jpg,train/images/nozzle_no_extrusion_0161.jpg,0.563553,0.547776,1.000000,否
1,train/images/nozzle_no_extrusion_0164.jpg,train/images/nozzle_no_extrusion_0242.jpg,0.847481,0.930253,1.000000,否
1,train/images/nozzle_no_extrusion_0164.jpg,val/images/nozzle_no_extrusion_0245.jpg,0.573925,0.543347,1.000000,否
1,train/images/nozzle_no_extrusion_0164.jpg,train/images/nozzle_no_extrusion_0277.jpg,0.642046,0.825901,1.000000,否
1,train/images/nozzle_no_extrusion_0164.jpg,train/images/nozzle_no_extrusion_0241.jpg,0.643953,0.822797,1.000000,否
1,train/images/nozzle_no_extrusion_0164.jpg,test/images/nozzle_no_extrusion_0196.jpg,0.535775,0.498473,1.000000,否
1,train/images/nozzle_no_extrusion_0164.jpg,train/images/nozzle_no_extrusion_0352.jpg,0.600005,0.650605,1.000000,否
1,train/images/nozzle_no_extrusion_0164.jpg,train/images/nozzle_no_extrusion_0318.jpg,0.602505,0.626878,1.000000,否
1,train/images/nozzle_no_extrusion_0164.jpg,train/images/nozzle_no_extrusion_0206.jpg,0.588490,0.551727,1.000000,否
1,train/images/nozzle_no_extrusion_0164.jpg,train/images/nozzle_no_extrusion_0358.jpg,0.636910,0.707338,1.000000,否
1,train/images/nozzle_no_extrusion_0164.jpg,test/images/nozzle_no_extrusion_0309.jpg,0.547507,0.494590,1.000000,否
1,train/images/nozzle_no_extrusion_0164.jpg,val/images/nozzle_no_extrusion_0315.jpg,0.642427,0.821414,1.000000,否
1,train/images/nozzle_no_extrusion_0164.jpg,train/images/nozzle_no_extrusion_0359.jpg,0.601293,0.628554,1.000000,否
1,train/images/nozzle_no_extrusion_0164.jpg,test/images/nozzle_no_extrusion_0244.jpg,0.607076,0.651119,1.000000,否
1,train/images/nozzle_no_extrusion_0164.jpg,train/images/nozzle_no_extrusion_0235.jpg,0.536510,0.481154,1.000000,否
1,train/images/nozzle_no_extrusion_0164.jpg,val/images/nozzle_no_extrusion_0199.jpg,0.668068,0.787957,1.000000,否
1,train/images/nozzle_no_extrusion_0164.jpg,train/images/nozzle_no_extrusion_0314.jpg,0.646881,0.788460,1.000000,否
1,train/images/nozzle_no_extrusion_0164.jpg,train/images/nozzle_no_extrusion_0312.jpg,0.681579,0.805376,1.000000,否
1,train/images/nozzle_no_extrusion_0164.jpg,test/images/nozzle_no_extrusion_0204.jpg,0.720781,0.883478,1.000000,否
1,train/images/nozzle_no_extrusion_0164.jpg,test/images/nozzle_no_extrusion_0195.jpg,0.507647,0.459490,1.000000,否
1,train/images/nozzle_no_extrusion_0164.jpg,train/images/nozzle_no_extrusion_0167.jpg,0.669334,0.762679,1.000000,否
1,train/images/nozzle_no_extrusion_0164.jpg,test/images/nozzle_no_extrusion_0276.jpg,0.672974,0.842778,1.000000,否
1,train/images/nozzle_no_extrusion_0164.jpg,train/images/nozzle_no_extrusion_0280.jpg,0.608667,0.653179,1.000000,否
1,train/images/nozzle_no_extrusion_0164.jpg,train/images/nozzle_no_extrusion_0353.jpg,0.685108,0.812523,1.000000,否
1,train/images/nozzle_no_extrusion_0164.jpg,train/images/nozzle_no_extrusion_0313.jpg,0.894328,0.938930,1.000000,否
1,train/images/nozzle_no_extrusion_0164.jpg,test/images/nozzle_no_extrusion_0319.jpg,0.568680,0.544887,1.000000,否
1,train/images/nozzle_no_extrusion_0164.jpg,test/images/nozzle_no_extrusion_0357.jpg,0.892054,0.936093,1.000000,否
1,train/images/nozzle_no_extrusion_0164.jpg,val/images/nozzle_no_extrusion_0271.jpg,0.544013,0.494405,1.000000,否
1,train/images/nozzle_no_extrusion_0164.jpg,train/images/nozzle_no_extrusion_0361.jpg,0.525295,0.469078,1.000000,否
1,train/images/nozzle_no_extrusion_0164.jpg,train/images/nozzle_no_extrusion_0205.jpg,0.617627,0.700488,1.000000,否
1,train/images/nozzle_no_extrusion_0164.jpg,train/images/nozzle_no_extrusion_0198.jpg,0.591484,0.624698,1.000000,否
1,train/images/nozzle_no_extrusion_0164.jpg,train/images/nozzle_no_extrusion_0239.jpg,0.875771,0.945583,1.000000,否
1,train/images/nozzle_no_extrusion_0164.jpg,train/images/nozzle_no_extrusion_0270.jpg,0.509047,0.459768,1.000000,否
1,train/images/nozzle_no_extrusion_0164.jpg,val/images/nozzle_no_extrusion_0236.jpg,0.565232,0.537752,1.000000,否
1,train/images/nozzle_no_extrusion_0164.jpg,train/images/nozzle_no_extrusion_0311.jpg,0.596103,0.637101,1.000000,否
1,train/images/nozzle_no_extrusion_0164.jpg,train/images/nozzle_no_extrusion_0237.jpg,0.590518,0.613274,1.000000,否
1,train/images/nozzle_no_extrusion_0164.jpg,train/images/nozzle_no_extrusion_0162.jpg,0.594879,0.611968,1.000000,否
1,train/images/nozzle_no_extrusion_0164.jpg,train/images/nozzle_no_extrusion_0165.jpg,0.671289,0.840832,1.000000,否
1,train/images/nozzle_no_extrusion_0164.jpg,train/images/nozzle_no_extrusion_0279.jpg,0.678187,0.775691,1.000000,否
1,train/images/nozzle_no_extrusion_0164.jpg,train/images/nozzle_no_extrusion_0356.jpg,0.652647,0.825057,1.000000,否
1,train/images/nozzle_no_extrusion_0164.jpg,test/images/nozzle_no_extrusion_0246.jpg,0.524389,0.473172,1.000000,否
1,train/images/nozzle_no_extrusion_0164.jpg,val/images/nozzle_no_extrusion_0360.jpg,0.566153,0.539618,1.000000,否
1,train/images/nozzle_no_extrusion_0164.jpg,train/images/nozzle_no_extrusion_0350.jpg,0.545808,0.493038,1.000000,否
1,train/images/nozzle_no_extrusion_0164.jpg,train/images/nozzle_no_extrusion_0308.jpg,0.513773,0.463168,1.000000,否
1,train/images/nozzle_no_extrusion_0164.jpg,train/images/nozzle_no_extrusion_0202.jpg,0.646399,0.804394,1.000000,否
1,train/images/nozzle_no_extrusion_0164.jpg,train/images/nozzle_no_extrusion_0197.jpg,0.563478,0.544526,1.000000,否
1,train/images/nozzle_no_extrusion_0164.jpg,train/images/nozzle_no_extrusion_0320.jpg,0.522466,0.466305,1.000000,否
1,train/images/nozzle_no_extrusion_0164.jpg,val/images/nozzle_no_extrusion_0310.jpg,0.572600,0.534626,1.000000,否
1,train/images/nozzle_no_extrusion_0164.jpg,val/images/nozzle_no_extrusion_0240.jpg,0.674550,0.828766,1.000000,否
1,train/images/nozzle_no_extrusion_0164.jpg,val/images/nozzle_no_extrusion_0349.jpg,0.513063,0.460365,1.000000,否
1,train/images/nozzle_no_extrusion_0164.jpg,train/images/nozzle_no_extrusion_0317.jpg,0.665183,0.754467,1.000000,否
1,train/images/nozzle_no_extrusion_0164.jpg,val/images/nozzle_no_extrusion_0201.jpg,0.674092,0.871337,1.000000,否
1,train/images/nozzle_no_extrusion_0164.jpg,train/images/nozzle_no_extrusion_0281.jpg,0.573069,0.539186,1.000000,否
1,train/images/nozzle_no_extrusion_0164.jpg,train/images/nozzle_no_extrusion_0234.jpg,0.509217,0.462918,1.000000,否
1,train/images/nozzle_no_extrusion_0164.jpg,train/images/nozzle_no_extrusion_0169.jpg,0.570686,0.555999,1.000000,否
1,train/images/nozzle_no_extrusion_0164.jpg,train/images/nozzle_no_extrusion_0278.jpg,0.835035,0.931938,1.000000,否
1,train/images/nozzle_no_extrusion_0164.jpg,val/images/nozzle_no_extrusion_0316.jpg,0.907913,0.947618,1.000000,否
1,train/images/nozzle_no_extrusion_0164.jpg,train/images/nozzle_no_extrusion_0200.jpg,0.830272,0.944543,1.000000,否
1,train/images/nozzle_no_extrusion_0164.jpg,train/images/nozzle_no_extrusion_0166.jpg,0.960279,0.967574,1.000000,是
1,train/images/nozzle_no_extrusion_0164.jpg,val/images/nozzle_no_extrusion_0168.jpg,0.596609,0.602517,1.000000,否
1,train/images/nozzle_no_extrusion_0164.jpg,train/images/nozzle_no_extrusion_0354.jpg,0.843668,0.933790,1.000000,否
1,val/images/nozzle_no_extrusion_0351.jpg,val/images/nozzle_no_extrusion_0243.jpg,0.600766,0.620061,1.000000,否
1,val/images/nozzle_no_extrusion_0351.jpg,train/images/nozzle_no_extrusion_0161.jpg,0.758066,0.782520,1.000000,否
1,val/images/nozzle_no_extrusion_0351.jpg,train/images/nozzle_no_extrusion_0242.jpg,0.557808,0.515470,1.000000,否
1,val/images/nozzle_no_extrusion_0351.jpg,val/images/nozzle_no_extrusion_0245.jpg,0.909762,0.885028,1.000000,否
1,val/images/nozzle_no_extrusion_0351.jpg,train/images/nozzle_no_extrusion_0277.jpg,0.514803,0.473843,1.000000,否
1,val/images/nozzle_no_extrusion_0351.jpg,train/images/nozzle_no_extrusion_0241.jpg,0.515788,0.473913,1.000000,否
1,val/images/nozzle_no_extrusion_0351.jpg,test/images/nozzle_no_extrusion_0196.jpg,0.676470,0.730838,1.000000,否
1,val/images/nozzle_no_extrusion_0351.jpg,train/images/nozzle_no_extrusion_0352.jpg,0.680887,0.681718,1.000000,否
1,val/images/nozzle_no_extrusion_0351.jpg,train/images/nozzle_no_extrusion_0318.jpg,0.679660,0.684229,1.000000,否
1,val/images/nozzle_no_extrusion_0351.jpg,train/images/nozzle_no_extrusion_0206.jpg,0.896527,0.839000,1.000000,否
1,val/images/nozzle_no_extrusion_0351.jpg,train/images/nozzle_no_extrusion_0358.jpg,0.627200,0.650836,1.000000,否
1,val/images/nozzle_no_extrusion_0351.jpg,test/images/nozzle_no_extrusion_0309.jpg,0.693756,0.748200,1.000000,否
1,val/images/nozzle_no_extrusion_0351.jpg,val/images/nozzle_no_extrusion_0315.jpg,0.515047,0.471667,1.000000,否
1,val/images/nozzle_no_extrusion_0351.jpg,train/images/nozzle_no_extrusion_0359.jpg,0.678351,0.685581,1.000000,否
1,val/images/nozzle_no_extrusion_0351.jpg,test/images/nozzle_no_extrusion_0244.jpg,0.677155,0.677531,1.000000,否
1,val/images/nozzle_no_extrusion_0351.jpg,train/images/nozzle_no_extrusion_0235.jpg,0.678909,0.718896,1.000000,否
1,val/images/nozzle_no_extrusion_0351.jpg,val/images/nozzle_no_extrusion_0199.jpg,0.610207,0.607540,1.000000,否
1,val/images/nozzle_no_extrusion_0351.jpg,train/images/nozzle_no_extrusion_0314.jpg,0.520320,0.456276,1.000000,否
1,val/images/nozzle_no_extrusion_0351.jpg,train/images/nozzle_no_extrusion_0312.jpg,0.602552,0.600167,1.000000,否
1,val/images/nozzle_no_extrusion_0351.jpg,test/images/nozzle_no_extrusion_0204.jpg,0.583174,0.573102,1.000000,否
1,val/images/nozzle_no_extrusion_0351.jpg,test/images/nozzle_no_extrusion_0195.jpg,0.607557,0.692083,1.000000,否
1,val/images/nozzle_no_extrusion_0351.jpg,train/images/nozzle_no_extrusion_0167.jpg,0.611570,0.616344,1.000000,否
1,val/images/nozzle_no_extrusion_0351.jpg,test/images/nozzle_no_extrusion_0276.jpg,0.532507,0.461789,1.000000,否
1,val/images/nozzle_no_extrusion_0351.jpg,train/images/nozzle_no_extrusion_0280.jpg,0.671482,0.686575,1.000000,否
1,val/images/nozzle_no_extrusion_0351.jpg,train/images/nozzle_no_extrusion_0353.jpg,0.600242,0.591756,1.000000,否
1,val/images/nozzle_no_extrusion_0351.jpg,train/images/nozzle_no_extrusion_0313.jpg,0.569828,0.526695,1.000000,否
1,val/images/nozzle_no_extrusion_0351.jpg,test/images/nozzle_no_extrusion_0319.jpg,0.863622,0.857429,1.000000,否
1,val/images/nozzle_no_extrusion_0351.jpg,test/images/nozzle_no_extrusion_0357.jpg,0.563975,0.527536,1.000000,否
1,val/images/nozzle_no_extrusion_0351.jpg,val/images/nozzle_no_extrusion_0271.jpg,0.690591,0.744954,1.000000,否
1,val/images/nozzle_no_extrusion_0351.jpg,train/images/nozzle_no_extrusion_0361.jpg,0.650692,0.700574,1.000000,否
1,val/images/nozzle_no_extrusion_0351.jpg,train/images/nozzle_no_extrusion_0205.jpg,0.653103,0.660280,1.000000,否
1,val/images/nozzle_no_extrusion_0351.jpg,train/images/nozzle_no_extrusion_0198.jpg,0.687786,0.668198,1.000000,否
1,val/images/nozzle_no_extrusion_0351.jpg,train/images/nozzle_no_extrusion_0239.jpg,0.587111,0.554168,1.000000,否
1,val/images/nozzle_no_extrusion_0351.jpg,train/images/nozzle_no_extrusion_0270.jpg,0.608523,0.691764,1.000000,否
1,val/images/nozzle_no_extrusion_0351.jpg,val/images/nozzle_no_extrusion_0236.jpg,0.922358,0.891544,1.000000,否
1,val/images/nozzle_no_extrusion_0351.jpg,train/images/nozzle_no_extrusion_0311.jpg,0.686108,0.678934,1.000000,否
1,val/images/nozzle_no_extrusion_0351.jpg,train/images/nozzle_no_extrusion_0237.jpg,0.694140,0.674613,1.000000,否
1,val/images/nozzle_no_extrusion_0351.jpg,train/images/nozzle_no_extrusion_0162.jpg,0.700481,0.686540,1.000000,否
1,val/images/nozzle_no_extrusion_0351.jpg,train/images/nozzle_no_extrusion_0165.jpg,0.529220,0.459673,1.000000,否
1,val/images/nozzle_no_extrusion_0351.jpg,train/images/nozzle_no_extrusion_0279.jpg,0.599371,0.612367,1.000000,否
1,val/images/nozzle_no_extrusion_0351.jpg,train/images/nozzle_no_extrusion_0356.jpg,0.520246,0.468364,1.000000,否
1,val/images/nozzle_no_extrusion_0351.jpg,test/images/nozzle_no_extrusion_0246.jpg,0.644914,0.695073,1.000000,否
1,val/images/nozzle_no_extrusion_0351.jpg,val/images/nozzle_no_extrusion_0360.jpg,0.844068,0.846672,1.000000,否
1,val/images/nozzle_no_extrusion_0351.jpg,train/images/nozzle_no_extrusion_0350.jpg,0.692876,0.751837,1.000000,否
1,val/images/nozzle_no_extrusion_0351.jpg,train/images/nozzle_no_extrusion_0308.jpg,0.620233,0.705092,1.000000,否
1,val/images/nozzle_no_extrusion_0351.jpg,train/images/nozzle_no_extrusion_0202.jpg,0.520488,0.467739,1.000000,否
1,val/images/nozzle_no_extrusion_0351.jpg,train/images/nozzle_no_extrusion_0197.jpg,0.904633,0.891850,1.000000,否
1,val/images/nozzle_no_extrusion_0351.jpg,train/images/nozzle_no_extrusion_0320.jpg,0.638986,0.692357,1.000000,否
1,val/images/nozzle_no_extrusion_0351.jpg,val/images/nozzle_no_extrusion_0310.jpg,0.984471,0.954455,1.000000,是
1,val/images/nozzle_no_extrusion_0351.jpg,val/images/nozzle_no_extrusion_0240.jpg,0.532005,0.454612,1.000000,否
1,val/images/nozzle_no_extrusion_0351.jpg,val/images/nozzle_no_extrusion_0349.jpg,0.617542,0.710094,1.000000,否
1,val/images/nozzle_no_extrusion_0351.jpg,train/images/nozzle_no_extrusion_0317.jpg,0.606227,0.623501,1.000000,否
1,val/images/nozzle_no_extrusion_0351.jpg,val/images/nozzle_no_extrusion_0201.jpg,0.535926,0.477270,1.000000,否
1,val/images/nozzle_no_extrusion_0351.jpg,train/images/nozzle_no_extrusion_0281.jpg,0.917072,0.905799,1.000000,否
1,val/images/nozzle_no_extrusion_0351.jpg,train/images/nozzle_no_extrusion_0234.jpg,0.609368,0.685343,1.000000,否
1,val/images/nozzle_no_extrusion_0351.jpg,train/images/nozzle_no_extrusion_0169.jpg,0.824716,0.817841,1.000000,否
1,val/images/nozzle_no_extrusion_0351.jpg,train/images/nozzle_no_extrusion_0278.jpg,0.555673,0.514705,1.000000,否
1,val/images/nozzle_no_extrusion_0351.jpg,val/images/nozzle_no_extrusion_0316.jpg,0.571160,0.538861,1.000000,否
1,val/images/nozzle_no_extrusion_0351.jpg,train/images/nozzle_no_extrusion_0200.jpg,0.585683,0.545387,1.000000,否
1,val/images/nozzle_no_extrusion_0351.jpg,train/images/nozzle_no_extrusion_0166.jpg,0.571436,0.527882,1.000000,否
1,val/images/nozzle_no_extrusion_0351.jpg,val/images/nozzle_no_extrusion_0168.jpg,0.702482,0.693628,1.000000,否
1,val/images/nozzle_no_extrusion_0351.jpg,train/images/nozzle_no_extrusion_0354.jpg,0.565619,0.521696,1.000000,否
1,val/images/nozzle_no_extrusion_0243.jpg,train/images/nozzle_no_extrusion_0161.jpg,0.593232,0.633109,1.000000,否
1,val/images/nozzle_no_extrusion_0243.jpg,train/images/nozzle_no_extrusion_0242.jpg,0.649205,0.768289,1.000000,否
1,val/images/nozzle_no_extrusion_0243.jpg,val/images/nozzle_no_extrusion_0245.jpg,0.605949,0.632169,1.000000,否
1,val/images/nozzle_no_extrusion_0243.jpg,train/images/nozzle_no_extrusion_0277.jpg,0.586938,0.665698,1.000000,否
1,val/images/nozzle_no_extrusion_0243.jpg,train/images/nozzle_no_extrusion_0241.jpg,0.585383,0.663557,1.000000,否
1,val/images/nozzle_no_extrusion_0243.jpg,test/images/nozzle_no_extrusion_0196.jpg,0.572976,0.591341,1.000000,否
1,val/images/nozzle_no_extrusion_0243.jpg,train/images/nozzle_no_extrusion_0352.jpg,0.675485,0.762521,1.000000,否
1,val/images/nozzle_no_extrusion_0243.jpg,train/images/nozzle_no_extrusion_0318.jpg,0.680785,0.741411,1.000000,否
1,val/images/nozzle_no_extrusion_0243.jpg,train/images/nozzle_no_extrusion_0206.jpg,0.629058,0.646920,1.000000,否
1,val/images/nozzle_no_extrusion_0243.jpg,train/images/nozzle_no_extrusion_0358.jpg,0.824454,0.897081,1.000000,否
1,val/images/nozzle_no_extrusion_0243.jpg,test/images/nozzle_no_extrusion_0309.jpg,0.578147,0.589703,1.000000,否
1,val/images/nozzle_no_extrusion_0243.jpg,val/images/nozzle_no_extrusion_0315.jpg,0.586266,0.660825,1.000000,否
1,val/images/nozzle_no_extrusion_0243.jpg,train/images/nozzle_no_extrusion_0359.jpg,0.681013,0.738906,1.000000,否
1,val/images/nozzle_no_extrusion_0243.jpg,test/images/nozzle_no_extrusion_0244.jpg,0.683278,0.769276,1.000000,否
1,val/images/nozzle_no_extrusion_0243.jpg,train/images/nozzle_no_extrusion_0235.jpg,0.572674,0.580133,1.000000,否
1,val/images/nozzle_no_extrusion_0243.jpg,val/images/nozzle_no_extrusion_0199.jpg,0.943375,0.935250,1.000000,否
1,val/images/nozzle_no_extrusion_0243.jpg,train/images/nozzle_no_extrusion_0314.jpg,0.579606,0.621202,1.000000,否
1,val/images/nozzle_no_extrusion_0243.jpg,train/images/nozzle_no_extrusion_0312.jpg,0.933002,0.927355,1.000000,否
1,val/images/nozzle_no_extrusion_0243.jpg,test/images/nozzle_no_extrusion_0204.jpg,0.743957,0.858755,1.000000,否
1,val/images/nozzle_no_extrusion_0243.jpg,test/images/nozzle_no_extrusion_0195.jpg,0.555900,0.565223,1.000000,否
1,val/images/nozzle_no_extrusion_0243.jpg,train/images/nozzle_no_extrusion_0167.jpg,0.935142,0.931153,1.000000,否
1,val/images/nozzle_no_extrusion_0243.jpg,test/images/nozzle_no_extrusion_0276.jpg,0.603334,0.675985,1.000000,否
1,val/images/nozzle_no_extrusion_0243.jpg,train/images/nozzle_no_extrusion_0280.jpg,0.687152,0.774607,1.000000,否
1,val/images/nozzle_no_extrusion_0243.jpg,train/images/nozzle_no_extrusion_0353.jpg,0.892815,0.906353,1.000000,否
1,val/images/nozzle_no_extrusion_0243.jpg,train/images/nozzle_no_extrusion_0313.jpg,0.651818,0.737903,1.000000,否
1,val/images/nozzle_no_extrusion_0243.jpg,test/images/nozzle_no_extrusion_0319.jpg,0.602692,0.635895,1.000000,否
1,val/images/nozzle_no_extrusion_0243.jpg,test/images/nozzle_no_extrusion_0357.jpg,0.662637,0.770859,1.000000,否
1,val/images/nozzle_no_extrusion_0243.jpg,val/images/nozzle_no_extrusion_0271.jpg,0.574737,0.592686,1.000000,否
1,val/images/nozzle_no_extrusion_0243.jpg,train/images/nozzle_no_extrusion_0361.jpg,0.575206,0.584701,1.000000,否
1,val/images/nozzle_no_extrusion_0243.jpg,train/images/nozzle_no_extrusion_0205.jpg,0.708649,0.841515,1.000000,否
1,val/images/nozzle_no_extrusion_0243.jpg,train/images/nozzle_no_extrusion_0198.jpg,0.667999,0.718839,1.000000,否
1,val/images/nozzle_no_extrusion_0243.jpg,train/images/nozzle_no_extrusion_0239.jpg,0.679291,0.773985,1.000000,否
1,val/images/nozzle_no_extrusion_0243.jpg,train/images/nozzle_no_extrusion_0270.jpg,0.555758,0.554672,1.000000,否
1,val/images/nozzle_no_extrusion_0243.jpg,val/images/nozzle_no_extrusion_0236.jpg,0.592148,0.623386,1.000000,否
1,val/images/nozzle_no_extrusion_0243.jpg,train/images/nozzle_no_extrusion_0311.jpg,0.671457,0.741121,1.000000,否
1,val/images/nozzle_no_extrusion_0243.jpg,train/images/nozzle_no_extrusion_0237.jpg,0.664168,0.711290,1.000000,否
1,val/images/nozzle_no_extrusion_0243.jpg,train/images/nozzle_no_extrusion_0162.jpg,0.666115,0.698544,1.000000,否
1,val/images/nozzle_no_extrusion_0243.jpg,train/images/nozzle_no_extrusion_0165.jpg,0.595377,0.665660,1.000000,否
1,val/images/nozzle_no_extrusion_0243.jpg,train/images/nozzle_no_extrusion_0279.jpg,0.995705,0.966651,1.000000,是
1,val/images/nozzle_no_extrusion_0243.jpg,train/images/nozzle_no_extrusion_0356.jpg,0.591949,0.665646,1.000000,否
1,val/images/nozzle_no_extrusion_0243.jpg,test/images/nozzle_no_extrusion_0246.jpg,0.575222,0.596387,1.000000,否
1,val/images/nozzle_no_extrusion_0243.jpg,val/images/nozzle_no_extrusion_0360.jpg,0.600232,0.629556,1.000000,否
1,val/images/nozzle_no_extrusion_0243.jpg,train/images/nozzle_no_extrusion_0350.jpg,0.575972,0.590159,1.000000,否
1,val/images/nozzle_no_extrusion_0243.jpg,train/images/nozzle_no_extrusion_0308.jpg,0.560103,0.581766,1.000000,否
1,val/images/nozzle_no_extrusion_0243.jpg,train/images/nozzle_no_extrusion_0202.jpg,0.583586,0.641710,1.000000,否
1,val/images/nozzle_no_extrusion_0243.jpg,train/images/nozzle_no_extrusion_0197.jpg,0.595572,0.630586,1.000000,否
1,val/images/nozzle_no_extrusion_0243.jpg,train/images/nozzle_no_extrusion_0320.jpg,0.572887,0.589633,1.000000,否
1,val/images/nozzle_no_extrusion_0243.jpg,val/images/nozzle_no_extrusion_0310.jpg,0.596429,0.618555,1.000000,否
1,val/images/nozzle_no_extrusion_0243.jpg,val/images/nozzle_no_extrusion_0240.jpg,0.602017,0.661649,1.000000,否
1,val/images/nozzle_no_extrusion_0243.jpg,val/images/nozzle_no_extrusion_0349.jpg,0.560586,0.573964,1.000000,否
1,val/images/nozzle_no_extrusion_0243.jpg,train/images/nozzle_no_extrusion_0317.jpg,0.978764,0.963206,1.000000,是
1,val/images/nozzle_no_extrusion_0243.jpg,val/images/nozzle_no_extrusion_0201.jpg,0.614022,0.694212,1.000000,否
1,val/images/nozzle_no_extrusion_0243.jpg,train/images/nozzle_no_extrusion_0281.jpg,0.606486,0.631906,1.000000,否
1,val/images/nozzle_no_extrusion_0243.jpg,train/images/nozzle_no_extrusion_0234.jpg,0.556011,0.564548,1.000000,否
1,val/images/nozzle_no_extrusion_0243.jpg,train/images/nozzle_no_extrusion_0169.jpg,0.599268,0.635977,1.000000,否
1,val/images/nozzle_no_extrusion_0243.jpg,train/images/nozzle_no_extrusion_0278.jpg,0.647275,0.764278,1.000000,否
1,val/images/nozzle_no_extrusion_0243.jpg,val/images/nozzle_no_extrusion_0316.jpg,0.678056,0.787267,1.000000,否
1,val/images/nozzle_no_extrusion_0243.jpg,train/images/nozzle_no_extrusion_0200.jpg,0.675602,0.769152,1.000000,否
1,val/images/nozzle_no_extrusion_0243.jpg,train/images/nozzle_no_extrusion_0166.jpg,0.679777,0.773855,1.000000,否
1,val/images/nozzle_no_extrusion_0243.jpg,val/images/nozzle_no_extrusion_0168.jpg,0.666438,0.690759,1.000000,否
1,val/images/nozzle_no_extrusion_0243.jpg,train/images/nozzle_no_extrusion_0354.jpg,0.644031,0.733401,1.000000,否
1,train/images/nozzle_no_extrusion_0161.jpg,train/images/nozzle_no_extrusion_0242.jpg,0.543852,0.530622,1.000000,否
1,train/images/nozzle_no_extrusion_0161.jpg,val/images/nozzle_no_extrusion_0245.jpg,0.881815,0.851591,1.000000,否
1,train/images/nozzle_no_extrusion_0161.jpg,train/images/nozzle_no_extrusion_0277.jpg,0.501927,0.477183,1.000000,否
1,train/images/nozzle_no_extrusion_0161.jpg,train/images/nozzle_no_extrusion_0241.jpg,0.502709,0.482506,1.000000,否
1,train/images/nozzle_no_extrusion_0161.jpg,test/images/nozzle_no_extrusion_0196.jpg,0.707336,0.802278,1.000000,否
1,train/images/nozzle_no_extrusion_0161.jpg,train/images/nozzle_no_extrusion_0352.jpg,0.638535,0.688992,1.000000,否
1,train/images/nozzle_no_extrusion_0161.jpg,train/images/nozzle_no_extrusion_0318.jpg,0.649826,0.702553,1.000000,否
1,train/images/nozzle_no_extrusion_0161.jpg,train/images/nozzle_no_extrusion_0206.jpg,0.688310,0.748933,1.000000,否
1,train/images/nozzle_no_extrusion_0161.jpg,train/images/nozzle_no_extrusion_0358.jpg,0.601586,0.672167,1.000000,否
1,train/images/nozzle_no_extrusion_0161.jpg,test/images/nozzle_no_extrusion_0309.jpg,0.773843,0.837887,1.000000,否
1,train/images/nozzle_no_extrusion_0161.jpg,val/images/nozzle_no_extrusion_0315.jpg,0.502253,0.474106,1.000000,否
1,train/images/nozzle_no_extrusion_0161.jpg,train/images/nozzle_no_extrusion_0359.jpg,0.650790,0.704994,1.000000,否
1,train/images/nozzle_no_extrusion_0161.jpg,test/images/nozzle_no_extrusion_0244.jpg,0.642337,0.711353,1.000000,否
1,train/images/nozzle_no_extrusion_0161.jpg,train/images/nozzle_no_extrusion_0235.jpg,0.706446,0.798013,1.000000,否
1,train/images/nozzle_no_extrusion_0161.jpg,val/images/nozzle_no_extrusion_0199.jpg,0.594389,0.625551,1.000000,否
1,train/images/nozzle_no_extrusion_0161.jpg,train/images/nozzle_no_extrusion_0314.jpg,0.502063,0.451951,1.000000,否
1,train/images/nozzle_no_extrusion_0161.jpg,train/images/nozzle_no_extrusion_0312.jpg,0.588574,0.609583,1.000000,否
1,train/images/nozzle_no_extrusion_0161.jpg,test/images/nozzle_no_extrusion_0204.jpg,0.577138,0.589953,1.000000,否
1,train/images/nozzle_no_extrusion_0161.jpg,test/images/nozzle_no_extrusion_0195.jpg,0.631292,0.727513,1.000000,否
1,train/images/nozzle_no_extrusion_0161.jpg,train/images/nozzle_no_extrusion_0167.jpg,0.597462,0.630833,1.000000,否
1,train/images/nozzle_no_extrusion_0161.jpg,test/images/nozzle_no_extrusion_0276.jpg,0.522979,0.481589,1.000000,否
1,train/images/nozzle_no_extrusion_0161.jpg,train/images/nozzle_no_extrusion_0280.jpg,0.636673,0.707092,1.000000,否
1,train/images/nozzle_no_extrusion_0161.jpg,train/images/nozzle_no_extrusion_0353.jpg,0.587156,0.592517,1.000000,否
1,train/images/nozzle_no_extrusion_0161.jpg,train/images/nozzle_no_extrusion_0313.jpg,0.547531,0.529911,1.000000,否
1,train/images/nozzle_no_extrusion_0161.jpg,test/images/nozzle_no_extrusion_0319.jpg,0.913822,0.862102,1.000000,否
1,train/images/nozzle_no_extrusion_0161.jpg,test/images/nozzle_no_extrusion_0357.jpg,0.549651,0.536830,1.000000,否
1,train/images/nozzle_no_extrusion_0161.jpg,val/images/nozzle_no_extrusion_0271.jpg,0.723372,0.819998,1.000000,否
1,train/images/nozzle_no_extrusion_0161.jpg,train/images/nozzle_no_extrusion_0361.jpg,0.695040,0.755033,1.000000,否
1,train/images/nozzle_no_extrusion_0161.jpg,train/images/nozzle_no_extrusion_0205.jpg,0.616883,0.691040,1.000000,否
1,train/images/nozzle_no_extrusion_0161.jpg,train/images/nozzle_no_extrusion_0198.jpg,0.659228,0.693406,1.000000,否
1,train/images/nozzle_no_extrusion_0161.jpg,train/images/nozzle_no_extrusion_0239.jpg,0.568253,0.558448,1.000000,否
1,train/images/nozzle_no_extrusion_0161.jpg,train/images/nozzle_no_extrusion_0270.jpg,0.629848,0.725289,1.000000,否
1,train/images/nozzle_no_extrusion_0161.jpg,val/images/nozzle_no_extrusion_0236.jpg,0.881591,0.863010,1.000000,否
1,train/images/nozzle_no_extrusion_0161.jpg,train/images/nozzle_no_extrusion_0311.jpg,0.646912,0.692524,1.000000,否
1,train/images/nozzle_no_extrusion_0161.jpg,train/images/nozzle_no_extrusion_0237.jpg,0.661746,0.695417,1.000000,否
1,train/images/nozzle_no_extrusion_0161.jpg,train/images/nozzle_no_extrusion_0162.jpg,0.671466,0.728663,1.000000,否
1,train/images/nozzle_no_extrusion_0161.jpg,train/images/nozzle_no_extrusion_0165.jpg,0.515283,0.486508,1.000000,否
1,train/images/nozzle_no_extrusion_0161.jpg,train/images/nozzle_no_extrusion_0279.jpg,0.592528,0.630018,1.000000,否
1,train/images/nozzle_no_extrusion_0161.jpg,train/images/nozzle_no_extrusion_0356.jpg,0.504436,0.477863,1.000000,否
1,train/images/nozzle_no_extrusion_0161.jpg,test/images/nozzle_no_extrusion_0246.jpg,0.689251,0.763408,1.000000,否
1,train/images/nozzle_no_extrusion_0161.jpg,val/images/nozzle_no_extrusion_0360.jpg,0.921448,0.856346,1.000000,否
1,train/images/nozzle_no_extrusion_0161.jpg,train/images/nozzle_no_extrusion_0350.jpg,0.736362,0.816511,1.000000,否
1,train/images/nozzle_no_extrusion_0161.jpg,train/images/nozzle_no_extrusion_0308.jpg,0.648183,0.744901,1.000000,否
1,train/images/nozzle_no_extrusion_0161.jpg,train/images/nozzle_no_extrusion_0202.jpg,0.503967,0.467926,1.000000,否
1,train/images/nozzle_no_extrusion_0161.jpg,train/images/nozzle_no_extrusion_0197.jpg,0.865122,0.821737,1.000000,否
1,train/images/nozzle_no_extrusion_0161.jpg,train/images/nozzle_no_extrusion_0320.jpg,0.679888,0.754666,1.000000,否
1,train/images/nozzle_no_extrusion_0161.jpg,val/images/nozzle_no_extrusion_0310.jpg,0.800733,0.815272,1.000000,否
1,train/images/nozzle_no_extrusion_0161.jpg,val/images/nozzle_no_extrusion_0240.jpg,0.518484,0.472786,1.000000,否
1,train/images/nozzle_no_extrusion_0161.jpg,val/images/nozzle_no_extrusion_0349.jpg,0.643875,0.732880,1.000000,否
1,train/images/nozzle_no_extrusion_0161.jpg,train/images/nozzle_no_extrusion_0317.jpg,0.594857,0.635119,1.000000,否
1,train/images/nozzle_no_extrusion_0161.jpg,val/images/nozzle_no_extrusion_0201.jpg,0.530965,0.493735,1.000000,否
1,train/images/nozzle_no_extrusion_0161.jpg,train/images/nozzle_no_extrusion_0281.jpg,0.869048,0.835247,1.000000,否
1,train/images/nozzle_no_extrusion_0161.jpg,train/images/nozzle_no_extrusion_0234.jpg,0.633518,0.727600,1.000000,否
1,train/images/nozzle_no_extrusion_0161.jpg,train/images/nozzle_no_extrusion_0169.jpg,0.949809,0.947172,1.000000,否
1,train/images/nozzle_no_extrusion_0161.jpg,train/images/nozzle_no_extrusion_0278.jpg,0.541962,0.530603,1.000000,否
1,train/images/nozzle_no_extrusion_0161.jpg,val/images/nozzle_no_extrusion_0316.jpg,0.558607,0.548267,1.000000,否
1,train/images/nozzle_no_extrusion_0161.jpg,train/images/nozzle_no_extrusion_0200.jpg,0.565646,0.549210,1.000000,否
1,train/images/nozzle_no_extrusion_0161.jpg,train/images/nozzle_no_extrusion_0166.jpg,0.563902,0.541412,1.000000,否
1,train/images/nozzle_no_extrusion_0161.jpg,val/images/nozzle_no_extrusion_0168.jpg,0.670703,0.719099,1.000000,否
1,train/images/nozzle_no_extrusion_0161.jpg,train/images/nozzle_no_extrusion_0354.jpg,0.544527,0.525050,1.000000,否
1,train/images/nozzle_no_extrusion_0242.jpg,val/images/nozzle_no_extrusion_0245.jpg,0.555140,0.534703,1.000000,否
1,train/images/nozzle_no_extrusion_0242.jpg,train/images/nozzle_no_extrusion_0277.jpg,0.673371,0.823428,1.000000,否
1,train/images/nozzle_no_extrusion_0242.jpg,train/images/nozzle_no_extrusion_0241.jpg,0.673445,0.821748,1.000000,否
1,train/images/nozzle_no_extrusion_0242.jpg,test/images/nozzle_no_extrusion_0196.jpg,0.515478,0.490646,1.000000,否
1,train/images/nozzle_no_extrusion_0242.jpg,train/images/nozzle_no_extrusion_0352.jpg,0.583338,0.647036,1.000000,否
1,train/images/nozzle_no_extrusion_0242.jpg,train/images/nozzle_no_extrusion_0318.jpg,0.588960,0.630877,1.000000,否
1,train/images/nozzle_no_extrusion_0242.jpg,train/images/nozzle_no_extrusion_0206.jpg,0.581726,0.547402,1.000000,否
1,train/images/nozzle_no_extrusion_0242.jpg,train/images/nozzle_no_extrusion_0358.jpg,0.619649,0.703030,1.000000,否
1,train/images/nozzle_no_extrusion_0242.jpg,test/images/nozzle_no_extrusion_0309.jpg,0.530528,0.484998,1.000000,否
1,train/images/nozzle_no_extrusion_0242.jpg,val/images/nozzle_no_extrusion_0315.jpg,0.673659,0.821870,1.000000,否
1,train/images/nozzle_no_extrusion_0242.jpg,train/images/nozzle_no_extrusion_0359.jpg,0.588293,0.636179,1.000000,否
1,train/images/nozzle_no_extrusion_0242.jpg,test/images/nozzle_no_extrusion_0244.jpg,0.591771,0.650238,1.000000,否
1,train/images/nozzle_no_extrusion_0242.jpg,train/images/nozzle_no_extrusion_0235.jpg,0.515885,0.478548,1.000000,否
1,train/images/nozzle_no_extrusion_0242.jpg,val/images/nozzle_no_extrusion_0199.jpg,0.637747,0.768710,1.000000,否
1,train/images/nozzle_no_extrusion_0242.jpg,train/images/nozzle_no_extrusion_0314.jpg,0.669965,0.782991,1.000000,否
1,train/images/nozzle_no_extrusion_0242.jpg,train/images/nozzle_no_extrusion_0312.jpg,0.653727,0.789610,1.000000,否
1,train/images/nozzle_no_extrusion_0242.jpg,test/images/nozzle_no_extrusion_0204.jpg,0.688125,0.864550,1.000000,否
1,train/images/nozzle_no_extrusion_0242.jpg,test/images/nozzle_no_extrusion_0195.jpg,0.494788,0.457418,1.000000,否
1,train/images/nozzle_no_extrusion_0242.jpg,train/images/nozzle_no_extrusion_0167.jpg,0.634932,0.753436,1.000000,否
1,train/images/nozzle_no_extrusion_0242.jpg,test/images/nozzle_no_extrusion_0276.jpg,0.698820,0.864316,1.000000,否
1,train/images/nozzle_no_extrusion_0242.jpg,train/images/nozzle_no_extrusion_0280.jpg,0.592883,0.654337,1.000000,否
1,train/images/nozzle_no_extrusion_0242.jpg,train/images/nozzle_no_extrusion_0353.jpg,0.658839,0.796072,1.000000,否
1,train/images/nozzle_no_extrusion_0242.jpg,train/images/nozzle_no_extrusion_0313.jpg,0.942776,0.941933,1.000000,否
1,train/images/nozzle_no_extrusion_0242.jpg,test/images/nozzle_no_extrusion_0319.jpg,0.550990,0.540546,1.000000,否
1,train/images/nozzle_no_extrusion_0242.jpg,test/images/nozzle_no_extrusion_0357.jpg,0.955906,0.960035,1.000000,是
1,train/images/nozzle_no_extrusion_0242.jpg,val/images/nozzle_no_extrusion_0271.jpg,0.524058,0.486997,1.000000,否
1,train/images/nozzle_no_extrusion_0242.jpg,train/images/nozzle_no_extrusion_0361.jpg,0.511169,0.474603,1.000000,否
1,train/images/nozzle_no_extrusion_0242.jpg,train/images/nozzle_no_extrusion_0205.jpg,0.603104,0.697137,1.000000,否
1,train/images/nozzle_no_extrusion_0242.jpg,train/images/nozzle_no_extrusion_0198.jpg,0.582924,0.623391,1.000000,否
1,train/images/nozzle_no_extrusion_0242.jpg,train/images/nozzle_no_extrusion_0239.jpg,0.749395,0.900067,1.000000,否
1,train/images/nozzle_no_extrusion_0242.jpg,train/images/nozzle_no_extrusion_0270.jpg,0.496560,0.460575,1.000000,否
1,train/images/nozzle_no_extrusion_0242.jpg,val/images/nozzle_no_extrusion_0236.jpg,0.542931,0.518503,1.000000,否
1,train/images/nozzle_no_extrusion_0242.jpg,train/images/nozzle_no_extrusion_0311.jpg,0.581680,0.635727,1.000000,否
1,train/images/nozzle_no_extrusion_0242.jpg,train/images/nozzle_no_extrusion_0237.jpg,0.581436,0.613254,1.000000,否
1,train/images/nozzle_no_extrusion_0242.jpg,train/images/nozzle_no_extrusion_0162.jpg,0.585762,0.605708,1.000000,否
1,train/images/nozzle_no_extrusion_0242.jpg,train/images/nozzle_no_extrusion_0165.jpg,0.689435,0.842948,1.000000,否
1,train/images/nozzle_no_extrusion_0242.jpg,train/images/nozzle_no_extrusion_0279.jpg,0.651732,0.768490,1.000000,否
1,train/images/nozzle_no_extrusion_0242.jpg,train/images/nozzle_no_extrusion_0356.jpg,0.679863,0.829335,1.000000,否
1,train/images/nozzle_no_extrusion_0242.jpg,test/images/nozzle_no_extrusion_0246.jpg,0.512302,0.475096,1.000000,否
1,train/images/nozzle_no_extrusion_0242.jpg,val/images/nozzle_no_extrusion_0360.jpg,0.547433,0.531557,1.000000,否
1,train/images/nozzle_no_extrusion_0242.jpg,train/images/nozzle_no_extrusion_0350.jpg,0.526774,0.487529,1.000000,否
1,train/images/nozzle_no_extrusion_0242.jpg,train/images/nozzle_no_extrusion_0308.jpg,0.498278,0.460800,1.000000,否
1,train/images/nozzle_no_extrusion_0242.jpg,train/images/nozzle_no_extrusion_0202.jpg,0.672994,0.798412,1.000000,否
1,train/images/nozzle_no_extrusion_0242.jpg,train/images/nozzle_no_extrusion_0197.jpg,0.543081,0.524941,1.000000,否
1,train/images/nozzle_no_extrusion_0242.jpg,train/images/nozzle_no_extrusion_0320.jpg,0.510266,0.468970,1.000000,否
1,train/images/nozzle_no_extrusion_0242.jpg,val/images/nozzle_no_extrusion_0310.jpg,0.552992,0.516148,1.000000,否
1,train/images/nozzle_no_extrusion_0242.jpg,val/images/nozzle_no_extrusion_0240.jpg,0.690840,0.851952,1.000000,否
1,train/images/nozzle_no_extrusion_0242.jpg,val/images/nozzle_no_extrusion_0349.jpg,0.498860,0.459034,1.000000,否
1,train/images/nozzle_no_extrusion_0242.jpg,train/images/nozzle_no_extrusion_0317.jpg,0.639402,0.749434,1.000000,否
1,train/images/nozzle_no_extrusion_0242.jpg,val/images/nozzle_no_extrusion_0201.jpg,0.771421,0.898977,1.000000,否
1,train/images/nozzle_no_extrusion_0242.jpg,train/images/nozzle_no_extrusion_0281.jpg,0.554720,0.530506,1.000000,否
1,train/images/nozzle_no_extrusion_0242.jpg,train/images/nozzle_no_extrusion_0234.jpg,0.495550,0.464350,1.000000,否
1,train/images/nozzle_no_extrusion_0242.jpg,train/images/nozzle_no_extrusion_0169.jpg,0.549149,0.538065,1.000000,否
1,train/images/nozzle_no_extrusion_0242.jpg,train/images/nozzle_no_extrusion_0278.jpg,0.995762,0.974418,1.000000,是
1,train/images/nozzle_no_extrusion_0242.jpg,val/images/nozzle_no_extrusion_0316.jpg,0.833414,0.941507,1.000000,否
1,train/images/nozzle_no_extrusion_0242.jpg,train/images/nozzle_no_extrusion_0200.jpg,0.737791,0.905652,1.000000,否
1,train/images/nozzle_no_extrusion_0242.jpg,train/images/nozzle_no_extrusion_0166.jpg,0.809949,0.936467,1.000000,否
1,train/images/nozzle_no_extrusion_0242.jpg,val/images/nozzle_no_extrusion_0168.jpg,0.584032,0.605415,1.000000,否
1,train/images/nozzle_no_extrusion_0242.jpg,train/images/nozzle_no_extrusion_0354.jpg,0.952629,0.942068,1.000000,否
1,val/images/nozzle_no_extrusion_0245.jpg,train/images/nozzle_no_extrusion_0277.jpg,0.514425,0.486567,1.000000,否
1,val/images/nozzle_no_extrusion_0245.jpg,train/images/nozzle_no_extrusion_0241.jpg,0.515439,0.488877,1.000000,否
1,val/images/nozzle_no_extrusion_0245.jpg,test/images/nozzle_no_extrusion_0196.jpg,0.685867,0.782317,1.000000,否
1,val/images/nozzle_no_extrusion_0245.jpg,train/images/nozzle_no_extrusion_0352.jpg,0.666162,0.678857,1.000000,否
1,val/images/nozzle_no_extrusion_0245.jpg,train/images/nozzle_no_extrusion_0318.jpg,0.678776,0.699554,1.000000,否
1,val/images/nozzle_no_extrusion_0245.jpg,train/images/nozzle_no_extrusion_0206.jpg,0.774065,0.781804,1.000000,否
1,val/images/nozzle_no_extrusion_0245.jpg,train/images/nozzle_no_extrusion_0358.jpg,0.624332,0.657431,1.000000,否
1,val/images/nozzle_no_extrusion_0245.jpg,test/images/nozzle_no_extrusion_0309.jpg,0.706319,0.806252,1.000000,否
1,val/images/nozzle_no_extrusion_0245.jpg,val/images/nozzle_no_extrusion_0315.jpg,0.514803,0.485854,1.000000,否
1,val/images/nozzle_no_extrusion_0245.jpg,train/images/nozzle_no_extrusion_0359.jpg,0.679429,0.702101,1.000000,否
1,val/images/nozzle_no_extrusion_0245.jpg,test/images/nozzle_no_extrusion_0244.jpg,0.671284,0.701900,1.000000,否
1,val/images/nozzle_no_extrusion_0245.jpg,train/images/nozzle_no_extrusion_0235.jpg,0.684187,0.776938,1.000000,否
1,val/images/nozzle_no_extrusion_0245.jpg,val/images/nozzle_no_extrusion_0199.jpg,0.605426,0.613373,1.000000,否
1,val/images/nozzle_no_extrusion_0245.jpg,train/images/nozzle_no_extrusion_0314.jpg,0.512893,0.462932,1.000000,否
1,val/images/nozzle_no_extrusion_0245.jpg,train/images/nozzle_no_extrusion_0312.jpg,0.598545,0.603620,1.000000,否
1,val/images/nozzle_no_extrusion_0245.jpg,test/images/nozzle_no_extrusion_0204.jpg,0.591098,0.589432,1.000000,否
1,val/images/nozzle_no_extrusion_0245.jpg,test/images/nozzle_no_extrusion_0195.jpg,0.613092,0.726969,1.000000,否
1,val/images/nozzle_no_extrusion_0245.jpg,train/images/nozzle_no_extrusion_0167.jpg,0.612329,0.620263,1.000000,否
1,val/images/nozzle_no_extrusion_0245.jpg,test/images/nozzle_no_extrusion_0276.jpg,0.533016,0.472893,1.000000,否
1,val/images/nozzle_no_extrusion_0245.jpg,train/images/nozzle_no_extrusion_0280.jpg,0.665494,0.701265,1.000000,否
1,val/images/nozzle_no_extrusion_0245.jpg,train/images/nozzle_no_extrusion_0353.jpg,0.596990,0.591370,1.000000,否
1,val/images/nozzle_no_extrusion_0245.jpg,train/images/nozzle_no_extrusion_0313.jpg,0.559644,0.528653,1.000000,否
1,val/images/nozzle_no_extrusion_0245.jpg,test/images/nozzle_no_extrusion_0319.jpg,0.981863,0.955074,1.000000,是
1,val/images/nozzle_no_extrusion_0245.jpg,test/images/nozzle_no_extrusion_0357.jpg,0.562664,0.540383,1.000000,否
1,val/images/nozzle_no_extrusion_0245.jpg,val/images/nozzle_no_extrusion_0271.jpg,0.690152,0.796822,1.000000,否
1,val/images/nozzle_no_extrusion_0245.jpg,train/images/nozzle_no_extrusion_0361.jpg,0.673258,0.745732,1.000000,否
1,val/images/nozzle_no_extrusion_0245.jpg,train/images/nozzle_no_extrusion_0205.jpg,0.643811,0.671400,1.000000,否
1,val/images/nozzle_no_extrusion_0245.jpg,train/images/nozzle_no_extrusion_0198.jpg,0.685239,0.679777,1.000000,否
1,val/images/nozzle_no_extrusion_0245.jpg,train/images/nozzle_no_extrusion_0239.jpg,0.584382,0.560632,1.000000,否
1,val/images/nozzle_no_extrusion_0245.jpg,train/images/nozzle_no_extrusion_0270.jpg,0.609643,0.722011,1.000000,否
1,val/images/nozzle_no_extrusion_0245.jpg,val/images/nozzle_no_extrusion_0236.jpg,0.970880,0.950842,1.000000,是
1,val/images/nozzle_no_extrusion_0245.jpg,train/images/nozzle_no_extrusion_0311.jpg,0.674662,0.686396,1.000000,否
1,val/images/nozzle_no_extrusion_0245.jpg,train/images/nozzle_no_extrusion_0237.jpg,0.688332,0.686992,1.000000,否
1,val/images/nozzle_no_extrusion_0245.jpg,train/images/nozzle_no_extrusion_0162.jpg,0.693495,0.698281,1.000000,否
1,val/images/nozzle_no_extrusion_0245.jpg,train/images/nozzle_no_extrusion_0165.jpg,0.523754,0.479644,1.000000,否
1,val/images/nozzle_no_extrusion_0245.jpg,train/images/nozzle_no_extrusion_0279.jpg,0.604063,0.624076,1.000000,否
1,val/images/nozzle_no_extrusion_0245.jpg,train/images/nozzle_no_extrusion_0356.jpg,0.519342,0.482569,1.000000,否
1,val/images/nozzle_no_extrusion_0245.jpg,test/images/nozzle_no_extrusion_0246.jpg,0.667530,0.753299,1.000000,否
1,val/images/nozzle_no_extrusion_0245.jpg,val/images/nozzle_no_extrusion_0360.jpg,0.967626,0.942279,1.000000,否
1,val/images/nozzle_no_extrusion_0245.jpg,train/images/nozzle_no_extrusion_0350.jpg,0.693494,0.791078,1.000000,否
1,val/images/nozzle_no_extrusion_0245.jpg,train/images/nozzle_no_extrusion_0308.jpg,0.627078,0.727922,1.000000,否
1,val/images/nozzle_no_extrusion_0245.jpg,train/images/nozzle_no_extrusion_0202.jpg,0.516409,0.476992,1.000000,否
1,val/images/nozzle_no_extrusion_0245.jpg,train/images/nozzle_no_extrusion_0197.jpg,0.957415,0.935777,1.000000,否
1,val/images/nozzle_no_extrusion_0245.jpg,train/images/nozzle_no_extrusion_0320.jpg,0.658004,0.738436,1.000000,否
1,val/images/nozzle_no_extrusion_0245.jpg,val/images/nozzle_no_extrusion_0310.jpg,0.945431,0.924302,1.000000,否
1,val/images/nozzle_no_extrusion_0245.jpg,val/images/nozzle_no_extrusion_0240.jpg,0.530117,0.465619,1.000000,否
1,val/images/nozzle_no_extrusion_0245.jpg,val/images/nozzle_no_extrusion_0349.jpg,0.623467,0.725552,1.000000,否
1,val/images/nozzle_no_extrusion_0245.jpg,train/images/nozzle_no_extrusion_0317.jpg,0.609663,0.630391,1.000000,否
1,val/images/nozzle_no_extrusion_0245.jpg,val/images/nozzle_no_extrusion_0201.jpg,0.536828,0.485741,1.000000,否
1,val/images/nozzle_no_extrusion_0245.jpg,train/images/nozzle_no_extrusion_0281.jpg,0.994896,0.960978,1.000000,是
1,val/images/nozzle_no_extrusion_0245.jpg,train/images/nozzle_no_extrusion_0234.jpg,0.611718,0.722166,1.000000,否
1,val/images/nozzle_no_extrusion_0245.jpg,train/images/nozzle_no_extrusion_0169.jpg,0.942022,0.888218,1.000000,否
1,val/images/nozzle_no_extrusion_0245.jpg,train/images/nozzle_no_extrusion_0278.jpg,0.552849,0.532161,1.000000,否
1,val/images/nozzle_no_extrusion_0245.jpg,val/images/nozzle_no_extrusion_0316.jpg,0.573935,0.552253,1.000000,否
1,val/images/nozzle_no_extrusion_0245.jpg,train/images/nozzle_no_extrusion_0200.jpg,0.582483,0.551532,1.000000,否
1,val/images/nozzle_no_extrusion_0245.jpg,train/images/nozzle_no_extrusion_0166.jpg,0.573839,0.538288,1.000000,否
1,val/images/nozzle_no_extrusion_0245.jpg,val/images/nozzle_no_extrusion_0168.jpg,0.693879,0.704118,1.000000,否
1,val/images/nozzle_no_extrusion_0245.jpg,train/images/nozzle_no_extrusion_0354.jpg,0.555362,0.526873,1.000000,否
1,train/images/nozzle_no_extrusion_0277.jpg,train/images/nozzle_no_extrusion_0241.jpg,0.994273,0.970903,1.000000,是
1,train/images/nozzle_no_extrusion_0277.jpg,test/images/nozzle_no_extrusion_0196.jpg,0.491978,0.448567,1.000000,否
1,train/images/nozzle_no_extrusion_0277.jpg,train/images/nozzle_no_extrusion_0352.jpg,0.542469,0.564420,1.000000,否
1,train/images/nozzle_no_extrusion_0277.jpg,train/images/nozzle_no_extrusion_0318.jpg,0.540323,0.541642,1.000000,否
1,train/images/nozzle_no_extrusion_0277.jpg,train/images/nozzle_no_extrusion_0206.jpg,0.531224,0.483272,1.000000,否
1,train/images/nozzle_no_extrusion_0277.jpg,train/images/nozzle_no_extrusion_0358.jpg,0.580503,0.615193,1.000000,否
1,train/images/nozzle_no_extrusion_0277.jpg,test/images/nozzle_no_extrusion_0309.jpg,0.491928,0.455566,1.000000,否
1,train/images/nozzle_no_extrusion_0277.jpg,val/images/nozzle_no_extrusion_0315.jpg,0.995576,0.972983,1.000000,是
1,train/images/nozzle_no_extrusion_0277.jpg,train/images/nozzle_no_extrusion_0359.jpg,0.539099,0.543210,1.000000,否
1,train/images/nozzle_no_extrusion_0277.jpg,test/images/nozzle_no_extrusion_0244.jpg,0.548267,0.557111,1.000000,否
1,train/images/nozzle_no_extrusion_0277.jpg,train/images/nozzle_no_extrusion_0235.jpg,0.488529,0.438566,1.000000,否
1,train/images/nozzle_no_extrusion_0277.jpg,val/images/nozzle_no_extrusion_0199.jpg,0.580792,0.690390,1.000000,否
1,train/images/nozzle_no_extrusion_0277.jpg,train/images/nozzle_no_extrusion_0314.jpg,0.974338,0.943457,1.000000,否
1,train/images/nozzle_no_extrusion_0277.jpg,train/images/nozzle_no_extrusion_0312.jpg,0.586832,0.712386,1.000000,否
1,train/images/nozzle_no_extrusion_0277.jpg,test/images/nozzle_no_extrusion_0204.jpg,0.615972,0.766892,1.000000,否
1,train/images/nozzle_no_extrusion_0277.jpg,test/images/nozzle_no_extrusion_0195.jpg,0.480060,0.429875,1.000000,否
1,train/images/nozzle_no_extrusion_0277.jpg,train/images/nozzle_no_extrusion_0167.jpg,0.575807,0.669051,1.000000,否
1,train/images/nozzle_no_extrusion_0277.jpg,test/images/nozzle_no_extrusion_0276.jpg,0.719507,0.871402,1.000000,否
1,train/images/nozzle_no_extrusion_0277.jpg,train/images/nozzle_no_extrusion_0280.jpg,0.550264,0.562153,1.000000,否
1,train/images/nozzle_no_extrusion_0277.jpg,train/images/nozzle_no_extrusion_0353.jpg,0.589007,0.718493,1.000000,否
1,train/images/nozzle_no_extrusion_0277.jpg,train/images/nozzle_no_extrusion_0313.jpg,0.655525,0.820303,1.000000,否
1,train/images/nozzle_no_extrusion_0277.jpg,test/images/nozzle_no_extrusion_0319.jpg,0.510766,0.484531,1.000000,否
1,train/images/nozzle_no_extrusion_0277.jpg,test/images/nozzle_no_extrusion_0357.jpg,0.658745,0.811893,1.000000,否
1,train/images/nozzle_no_extrusion_0277.jpg,val/images/nozzle_no_extrusion_0271.jpg,0.491082,0.452943,1.000000,否
1,train/images/nozzle_no_extrusion_0277.jpg,train/images/nozzle_no_extrusion_0361.jpg,0.493757,0.432189,1.000000,否
1,train/images/nozzle_no_extrusion_0277.jpg,train/images/nozzle_no_extrusion_0205.jpg,0.568569,0.613471,1.000000,否
1,train/images/nozzle_no_extrusion_0277.jpg,train/images/nozzle_no_extrusion_0198.jpg,0.528384,0.538783,1.000000,否
1,train/images/nozzle_no_extrusion_0277.jpg,train/images/nozzle_no_extrusion_0239.jpg,0.619122,0.819612,1.000000,否
1,train/images/nozzle_no_extrusion_0277.jpg,train/images/nozzle_no_extrusion_0270.jpg,0.473326,0.427461,1.000000,否
1,train/images/nozzle_no_extrusion_0277.jpg,val/images/nozzle_no_extrusion_0236.jpg,0.505137,0.480224,1.000000,否
1,train/images/nozzle_no_extrusion_0277.jpg,train/images/nozzle_no_extrusion_0311.jpg,0.535211,0.549109,1.000000,否
1,train/images/nozzle_no_extrusion_0277.jpg,train/images/nozzle_no_extrusion_0237.jpg,0.525467,0.525108,1.000000,否
1,train/images/nozzle_no_extrusion_0277.jpg,train/images/nozzle_no_extrusion_0162.jpg,0.528308,0.513152,1.000000,否
1,train/images/nozzle_no_extrusion_0277.jpg,train/images/nozzle_no_extrusion_0165.jpg,0.861242,0.908646,1.000000,否
1,train/images/nozzle_no_extrusion_0277.jpg,train/images/nozzle_no_extrusion_0279.jpg,0.589710,0.673395,1.000000,否
1,train/images/nozzle_no_extrusion_0277.jpg,train/images/nozzle_no_extrusion_0356.jpg,0.968385,0.965572,1.000000,是
1,train/images/nozzle_no_extrusion_0277.jpg,test/images/nozzle_no_extrusion_0246.jpg,0.495506,0.427029,1.000000,否
1,train/images/nozzle_no_extrusion_0277.jpg,val/images/nozzle_no_extrusion_0360.jpg,0.510519,0.478100,1.000000,否
1,train/images/nozzle_no_extrusion_0277.jpg,train/images/nozzle_no_extrusion_0350.jpg,0.491583,0.455802,1.000000,否
1,train/images/nozzle_no_extrusion_0277.jpg,train/images/nozzle_no_extrusion_0308.jpg,0.485496,0.438135,1.000000,否
1,train/images/nozzle_no_extrusion_0277.jpg,train/images/nozzle_no_extrusion_0202.jpg,0.984590,0.960718,1.000000,是
1,train/images/nozzle_no_extrusion_0277.jpg,train/images/nozzle_no_extrusion_0197.jpg,0.506835,0.487481,1.000000,否
1,train/images/nozzle_no_extrusion_0277.jpg,train/images/nozzle_no_extrusion_0320.jpg,0.495513,0.426173,1.000000,否
1,train/images/nozzle_no_extrusion_0277.jpg,val/images/nozzle_no_extrusion_0310.jpg,0.511526,0.482804,1.000000,否
1,train/images/nozzle_no_extrusion_0277.jpg,val/images/nozzle_no_extrusion_0240.jpg,0.750463,0.873570,1.000000,否
1,train/images/nozzle_no_extrusion_0277.jpg,val/images/nozzle_no_extrusion_0349.jpg,0.485096,0.431790,1.000000,否
1,train/images/nozzle_no_extrusion_0277.jpg,train/images/nozzle_no_extrusion_0317.jpg,0.584037,0.655798,1.000000,否
1,train/images/nozzle_no_extrusion_0277.jpg,val/images/nozzle_no_extrusion_0201.jpg,0.672269,0.852999,1.000000,否
1,train/images/nozzle_no_extrusion_0277.jpg,train/images/nozzle_no_extrusion_0281.jpg,0.514326,0.485504,1.000000,否
1,train/images/nozzle_no_extrusion_0277.jpg,train/images/nozzle_no_extrusion_0234.jpg,0.476086,0.431555,1.000000,否
1,train/images/nozzle_no_extrusion_0277.jpg,train/images/nozzle_no_extrusion_0169.jpg,0.509308,0.490086,1.000000,否
1,train/images/nozzle_no_extrusion_0277.jpg,train/images/nozzle_no_extrusion_0278.jpg,0.676050,0.821885,1.000000,否
1,train/images/nozzle_no_extrusion_0277.jpg,val/images/nozzle_no_extrusion_0316.jpg,0.639442,0.816251,1.000000,否
1,train/images/nozzle_no_extrusion_0277.jpg,train/images/nozzle_no_extrusion_0200.jpg,0.618771,0.824738,1.000000,否
1,train/images/nozzle_no_extrusion_0277.jpg,train/images/nozzle_no_extrusion_0166.jpg,0.640037,0.832503,1.000000,否
1,train/images/nozzle_no_extrusion_0277.jpg,val/images/nozzle_no_extrusion_0168.jpg,0.527543,0.505189,1.000000,否
1,train/images/nozzle_no_extrusion_0277.jpg,train/images/nozzle_no_extrusion_0354.jpg,0.662270,0.819423,1.000000,否
1,train/images/nozzle_no_extrusion_0241.jpg,test/images/nozzle_no_extrusion_0196.jpg,0.492012,0.450649,1.000000,否
1,train/images/nozzle_no_extrusion_0241.jpg,train/images/nozzle_no_extrusion_0352.jpg,0.541612,0.561552,1.000000,否
1,train/images/nozzle_no_extrusion_0241.jpg,train/images/nozzle_no_extrusion_0318.jpg,0.538662,0.540532,1.000000,否
1,train/images/nozzle_no_extrusion_0241.jpg,train/images/nozzle_no_extrusion_0206.jpg,0.531999,0.486961,1.000000,否
1,train/images/nozzle_no_extrusion_0241.jpg,train/images/nozzle_no_extrusion_0358.jpg,0.579694,0.611009,1.000000,否
1,train/images/nozzle_no_extrusion_0241.jpg,test/images/nozzle_no_extrusion_0309.jpg,0.492080,0.458522,1.000000,否
1,train/images/nozzle_no_extrusion_0241.jpg,val/images/nozzle_no_extrusion_0315.jpg,0.995042,0.968808,1.000000,是
1,train/images/nozzle_no_extrusion_0241.jpg,train/images/nozzle_no_extrusion_0359.jpg,0.537667,0.543578,1.000000,否
1,train/images/nozzle_no_extrusion_0241.jpg,test/images/nozzle_no_extrusion_0244.jpg,0.546523,0.557416,1.000000,否
1,train/images/nozzle_no_extrusion_0241.jpg,train/images/nozzle_no_extrusion_0235.jpg,0.488353,0.441248,1.000000,否
1,train/images/nozzle_no_extrusion_0241.jpg,val/images/nozzle_no_extrusion_0199.jpg,0.579900,0.687257,1.000000,否
1,train/images/nozzle_no_extrusion_0241.jpg,train/images/nozzle_no_extrusion_0314.jpg,0.972493,0.941101,1.000000,否
1,train/images/nozzle_no_extrusion_0241.jpg,train/images/nozzle_no_extrusion_0312.jpg,0.585967,0.708444,1.000000,否
1,train/images/nozzle_no_extrusion_0241.jpg,test/images/nozzle_no_extrusion_0204.jpg,0.615608,0.764677,1.000000,否
1,train/images/nozzle_no_extrusion_0241.jpg,test/images/nozzle_no_extrusion_0195.jpg,0.480792,0.431516,1.000000,否
1,train/images/nozzle_no_extrusion_0241.jpg,train/images/nozzle_no_extrusion_0167.jpg,0.575038,0.665804,1.000000,否
1,train/images/nozzle_no_extrusion_0241.jpg,test/images/nozzle_no_extrusion_0276.jpg,0.716749,0.869194,1.000000,否
1,train/images/nozzle_no_extrusion_0241.jpg,train/images/nozzle_no_extrusion_0280.jpg,0.548474,0.560287,1.000000,否
1,train/images/nozzle_no_extrusion_0241.jpg,train/images/nozzle_no_extrusion_0353.jpg,0.588108,0.712458,1.000000,否
1,train/images/nozzle_no_extrusion_0241.jpg,train/images/nozzle_no_extrusion_0313.jpg,0.656798,0.818407,1.000000,否
1,train/images/nozzle_no_extrusion_0241.jpg,test/images/nozzle_no_extrusion_0319.jpg,0.511670,0.485236,1.000000,否
1,train/images/nozzle_no_extrusion_0241.jpg,test/images/nozzle_no_extrusion_0357.jpg,0.658533,0.808816,1.000000,否
1,train/images/nozzle_no_extrusion_0241.jpg,val/images/nozzle_no_extrusion_0271.jpg,0.491201,0.456095,1.000000,否
1,train/images/nozzle_no_extrusion_0241.jpg,train/images/nozzle_no_extrusion_0361.jpg,0.493857,0.433390,1.000000,否
1,train/images/nozzle_no_extrusion_0241.jpg,train/images/nozzle_no_extrusion_0205.jpg,0.567254,0.612400,1.000000,否
1,train/images/nozzle_no_extrusion_0241.jpg,train/images/nozzle_no_extrusion_0198.jpg,0.528919,0.536587,1.000000,否
1,train/images/nozzle_no_extrusion_0241.jpg,train/images/nozzle_no_extrusion_0239.jpg,0.620519,0.815055,1.000000,否
1,train/images/nozzle_no_extrusion_0241.jpg,train/images/nozzle_no_extrusion_0270.jpg,0.474159,0.427601,1.000000,否
1,train/images/nozzle_no_extrusion_0241.jpg,val/images/nozzle_no_extrusion_0236.jpg,0.505939,0.481135,1.000000,否
1,train/images/nozzle_no_extrusion_0241.jpg,train/images/nozzle_no_extrusion_0311.jpg,0.534701,0.549082,1.000000,否
1,train/images/nozzle_no_extrusion_0241.jpg,train/images/nozzle_no_extrusion_0237.jpg,0.525596,0.526269,1.000000,否
1,train/images/nozzle_no_extrusion_0241.jpg,train/images/nozzle_no_extrusion_0162.jpg,0.527957,0.515652,1.000000,否
1,train/images/nozzle_no_extrusion_0241.jpg,train/images/nozzle_no_extrusion_0165.jpg,0.868530,0.913836,1.000000,否
1,train/images/nozzle_no_extrusion_0241.jpg,train/images/nozzle_no_extrusion_0279.jpg,0.587804,0.669155,1.000000,否
1,train/images/nozzle_no_extrusion_0241.jpg,train/images/nozzle_no_extrusion_0356.jpg,0.964622,0.960439,1.000000,是
1,train/images/nozzle_no_extrusion_0241.jpg,test/images/nozzle_no_extrusion_0246.jpg,0.496128,0.430108,1.000000,否
1,train/images/nozzle_no_extrusion_0241.jpg,val/images/nozzle_no_extrusion_0360.jpg,0.511467,0.478316,1.000000,否
1,train/images/nozzle_no_extrusion_0241.jpg,train/images/nozzle_no_extrusion_0350.jpg,0.491657,0.458316,1.000000,否
1,train/images/nozzle_no_extrusion_0241.jpg,train/images/nozzle_no_extrusion_0308.jpg,0.486738,0.438294,1.000000,否
1,train/images/nozzle_no_extrusion_0241.jpg,train/images/nozzle_no_extrusion_0202.jpg,0.977725,0.959109,1.000000,是
1,train/images/nozzle_no_extrusion_0241.jpg,train/images/nozzle_no_extrusion_0197.jpg,0.507419,0.487438,1.000000,否
1,train/images/nozzle_no_extrusion_0241.jpg,train/images/nozzle_no_extrusion_0320.jpg,0.496292,0.428257,1.000000,否
1,train/images/nozzle_no_extrusion_0241.jpg,val/images/nozzle_no_extrusion_0310.jpg,0.512433,0.482901,1.000000,否
1,train/images/nozzle_no_extrusion_0241.jpg,val/images/nozzle_no_extrusion_0240.jpg,0.747374,0.874539,1.000000,否
1,train/images/nozzle_no_extrusion_0241.jpg,val/images/nozzle_no_extrusion_0349.jpg,0.486153,0.431584,1.000000,否
1,train/images/nozzle_no_extrusion_0241.jpg,train/images/nozzle_no_extrusion_0317.jpg,0.582594,0.652264,1.000000,否
1,train/images/nozzle_no_extrusion_0241.jpg,val/images/nozzle_no_extrusion_0201.jpg,0.672713,0.852396,1.000000,否
1,train/images/nozzle_no_extrusion_0241.jpg,train/images/nozzle_no_extrusion_0281.jpg,0.514886,0.486791,1.000000,否
1,train/images/nozzle_no_extrusion_0241.jpg,train/images/nozzle_no_extrusion_0234.jpg,0.477242,0.432865,1.000000,否
1,train/images/nozzle_no_extrusion_0241.jpg,train/images/nozzle_no_extrusion_0169.jpg,0.510890,0.493770,1.000000,否
1,train/images/nozzle_no_extrusion_0241.jpg,train/images/nozzle_no_extrusion_0278.jpg,0.675315,0.817476,1.000000,否
1,train/images/nozzle_no_extrusion_0241.jpg,val/images/nozzle_no_extrusion_0316.jpg,0.639997,0.813831,1.000000,否
1,train/images/nozzle_no_extrusion_0241.jpg,train/images/nozzle_no_extrusion_0200.jpg,0.619796,0.820201,1.000000,否
1,train/images/nozzle_no_extrusion_0241.jpg,train/images/nozzle_no_extrusion_0166.jpg,0.641552,0.831122,1.000000,否
1,train/images/nozzle_no_extrusion_0241.jpg,val/images/nozzle_no_extrusion_0168.jpg,0.527113,0.506453,1.000000,否
1,train/images/nozzle_no_extrusion_0241.jpg,train/images/nozzle_no_extrusion_0354.jpg,0.663146,0.817651,1.000000,否
1,test/images/nozzle_no_extrusion_0196.jpg,train/images/nozzle_no_extrusion_0352.jpg,0.601186,0.681938,1.000000,否
1,test/images/nozzle_no_extrusion_0196.jpg,train/images/nozzle_no_extrusion_0318.jpg,0.604568,0.703046,1.000000,否
1,test/images/nozzle_no_extrusion_0196.jpg,train/images/nozzle_no_extrusion_0206.jpg,0.644769,0.729230,1.000000,否
1,test/images/nozzle_no_extrusion_0196.jpg,train/images/nozzle_no_extrusion_0358.jpg,0.577932,0.604553,1.000000,否
1,test/images/nozzle_no_extrusion_0196.jpg,test/images/nozzle_no_extrusion_0309.jpg,0.839450,0.911189,1.000000,否
1,test/images/nozzle_no_extrusion_0196.jpg,val/images/nozzle_no_extrusion_0315.jpg,0.491920,0.447590,1.000000,否
1,test/images/nozzle_no_extrusion_0196.jpg,train/images/nozzle_no_extrusion_0359.jpg,0.605011,0.706900,1.000000,否
1,test/images/nozzle_no_extrusion_0196.jpg,test/images/nozzle_no_extrusion_0244.jpg,0.602365,0.687748,1.000000,否
1,test/images/nozzle_no_extrusion_0196.jpg,train/images/nozzle_no_extrusion_0235.jpg,0.987155,0.958866,1.000000,是
1,test/images/nozzle_no_extrusion_0196.jpg,val/images/nozzle_no_extrusion_0199.jpg,0.583238,0.591869,1.000000,否
1,test/images/nozzle_no_extrusion_0196.jpg,train/images/nozzle_no_extrusion_0314.jpg,0.493990,0.432196,1.000000,否
1,test/images/nozzle_no_extrusion_0196.jpg,train/images/nozzle_no_extrusion_0312.jpg,0.576320,0.589019,1.000000,否
1,test/images/nozzle_no_extrusion_0196.jpg,test/images/nozzle_no_extrusion_0204.jpg,0.555465,0.545036,1.000000,否
1,test/images/nozzle_no_extrusion_0196.jpg,test/images/nozzle_no_extrusion_0195.jpg,0.713127,0.801515,1.000000,否
1,test/images/nozzle_no_extrusion_0196.jpg,train/images/nozzle_no_extrusion_0167.jpg,0.576241,0.572877,1.000000,否
1,test/images/nozzle_no_extrusion_0196.jpg,test/images/nozzle_no_extrusion_0276.jpg,0.501875,0.462454,1.000000,否
1,test/images/nozzle_no_extrusion_0196.jpg,train/images/nozzle_no_extrusion_0280.jpg,0.597400,0.682246,1.000000,否
1,test/images/nozzle_no_extrusion_0196.jpg,train/images/nozzle_no_extrusion_0353.jpg,0.574213,0.574372,1.000000,否
1,test/images/nozzle_no_extrusion_0196.jpg,train/images/nozzle_no_extrusion_0313.jpg,0.524975,0.489434,1.000000,否
1,test/images/nozzle_no_extrusion_0196.jpg,test/images/nozzle_no_extrusion_0319.jpg,0.687699,0.798727,1.000000,否
1,test/images/nozzle_no_extrusion_0196.jpg,test/images/nozzle_no_extrusion_0357.jpg,0.522356,0.486023,1.000000,否
1,test/images/nozzle_no_extrusion_0196.jpg,val/images/nozzle_no_extrusion_0271.jpg,0.944949,0.951608,1.000000,否
1,test/images/nozzle_no_extrusion_0196.jpg,train/images/nozzle_no_extrusion_0361.jpg,0.876778,0.905702,1.000000,否
1,test/images/nozzle_no_extrusion_0196.jpg,train/images/nozzle_no_extrusion_0205.jpg,0.586490,0.632007,1.000000,否
1,test/images/nozzle_no_extrusion_0196.jpg,train/images/nozzle_no_extrusion_0198.jpg,0.612503,0.716079,1.000000,否
1,test/images/nozzle_no_extrusion_0196.jpg,train/images/nozzle_no_extrusion_0239.jpg,0.550322,0.512679,1.000000,否
1,test/images/nozzle_no_extrusion_0196.jpg,train/images/nozzle_no_extrusion_0270.jpg,0.710930,0.777583,1.000000,否
1,test/images/nozzle_no_extrusion_0196.jpg,val/images/nozzle_no_extrusion_0236.jpg,0.696255,0.796193,1.000000,否
1,test/images/nozzle_no_extrusion_0196.jpg,train/images/nozzle_no_extrusion_0311.jpg,0.605473,0.696925,1.000000,否
1,test/images/nozzle_no_extrusion_0196.jpg,train/images/nozzle_no_extrusion_0237.jpg,0.615504,0.718704,1.000000,否
1,test/images/nozzle_no_extrusion_0196.jpg,train/images/nozzle_no_extrusion_0162.jpg,0.616004,0.696833,1.000000,否
1,test/images/nozzle_no_extrusion_0196.jpg,train/images/nozzle_no_extrusion_0165.jpg,0.496129,0.452282,1.000000,否
1,test/images/nozzle_no_extrusion_0196.jpg,train/images/nozzle_no_extrusion_0279.jpg,0.572437,0.588580,1.000000,否
1,test/images/nozzle_no_extrusion_0196.jpg,train/images/nozzle_no_extrusion_0356.jpg,0.491957,0.446074,1.000000,否
1,test/images/nozzle_no_extrusion_0196.jpg,test/images/nozzle_no_extrusion_0246.jpg,0.834069,0.898972,1.000000,否
1,test/images/nozzle_no_extrusion_0196.jpg,val/images/nozzle_no_extrusion_0360.jpg,0.688044,0.795341,1.000000,否
1,test/images/nozzle_no_extrusion_0196.jpg,train/images/nozzle_no_extrusion_0350.jpg,0.911255,0.936695,1.000000,否
1,test/images/nozzle_no_extrusion_0196.jpg,train/images/nozzle_no_extrusion_0308.jpg,0.724722,0.828535,1.000000,否
1,test/images/nozzle_no_extrusion_0196.jpg,train/images/nozzle_no_extrusion_0202.jpg,0.495391,0.443044,1.000000,否
1,test/images/nozzle_no_extrusion_0196.jpg,train/images/nozzle_no_extrusion_0197.jpg,0.694227,0.800822,1.000000,否
1,test/images/nozzle_no_extrusion_0196.jpg,train/images/nozzle_no_extrusion_0320.jpg,0.797305,0.875114,1.000000,否
1,test/images/nozzle_no_extrusion_0196.jpg,val/images/nozzle_no_extrusion_0310.jpg,0.683856,0.755559,1.000000,否
1,test/images/nozzle_no_extrusion_0196.jpg,val/images/nozzle_no_extrusion_0240.jpg,0.500660,0.452188,1.000000,否
1,test/images/nozzle_no_extrusion_0196.jpg,val/images/nozzle_no_extrusion_0349.jpg,0.722946,0.804446,1.000000,否
1,test/images/nozzle_no_extrusion_0196.jpg,train/images/nozzle_no_extrusion_0317.jpg,0.574139,0.587642,1.000000,否
1,test/images/nozzle_no_extrusion_0196.jpg,val/images/nozzle_no_extrusion_0201.jpg,0.505751,0.476494,1.000000,否
1,test/images/nozzle_no_extrusion_0196.jpg,train/images/nozzle_no_extrusion_0281.jpg,0.681897,0.781546,1.000000,否
1,test/images/nozzle_no_extrusion_0196.jpg,train/images/nozzle_no_extrusion_0234.jpg,0.713770,0.787281,1.000000,否
1,test/images/nozzle_no_extrusion_0196.jpg,train/images/nozzle_no_extrusion_0169.jpg,0.691459,0.777254,1.000000,否
1,test/images/nozzle_no_extrusion_0196.jpg,train/images/nozzle_no_extrusion_0278.jpg,0.514030,0.490663,1.000000,否
1,test/images/nozzle_no_extrusion_0196.jpg,val/images/nozzle_no_extrusion_0316.jpg,0.533076,0.491183,1.000000,否
1,test/images/nozzle_no_extrusion_0196.jpg,train/images/nozzle_no_extrusion_0200.jpg,0.549472,0.503648,1.000000,否
1,test/images/nozzle_no_extrusion_0196.jpg,train/images/nozzle_no_extrusion_0166.jpg,0.536613,0.491160,1.000000,否
1,test/images/nozzle_no_extrusion_0196.jpg,val/images/nozzle_no_extrusion_0168.jpg,0.614161,0.700628,1.000000,否
1,test/images/nozzle_no_extrusion_0196.jpg,train/images/nozzle_no_extrusion_0354.jpg,0.521050,0.485182,1.000000,否
1,train/images/nozzle_no_extrusion_0352.jpg,train/images/nozzle_no_extrusion_0318.jpg,0.949777,0.931829,1.000000,否
1,train/images/nozzle_no_extrusion_0352.jpg,train/images/nozzle_no_extrusion_0206.jpg,0.699084,0.683937,1.000000,否
1,train/images/nozzle_no_extrusion_0352.jpg,train/images/nozzle_no_extrusion_0358.jpg,0.738610,0.816917,1.000000,否
1,train/images/nozzle_no_extrusion_0352.jpg,test/images/nozzle_no_extrusion_0309.jpg,0.614443,0.689406,1.000000,否
1,train/images/nozzle_no_extrusion_0352.jpg,val/images/nozzle_no_extrusion_0315.jpg,0.541192,0.563110,1.000000,否
1,train/images/nozzle_no_extrusion_0352.jpg,train/images/nozzle_no_extrusion_0359.jpg,0.941038,0.926498,1.000000,否
1,train/images/nozzle_no_extrusion_0352.jpg,test/images/nozzle_no_extrusion_0244.jpg,0.964679,0.941789,1.000000,否
1,train/images/nozzle_no_extrusion_0352.jpg,train/images/nozzle_no_extrusion_0235.jpg,0.601380,0.671897,1.000000,否
1,train/images/nozzle_no_extrusion_0352.jpg,val/images/nozzle_no_extrusion_0199.jpg,0.681489,0.748365,1.000000,否
1,train/images/nozzle_no_extrusion_0352.jpg,train/images/nozzle_no_extrusion_0314.jpg,0.551274,0.543303,1.000000,否
1,train/images/nozzle_no_extrusion_0352.jpg,train/images/nozzle_no_extrusion_0312.jpg,0.677186,0.743534,1.000000,否
1,train/images/nozzle_no_extrusion_0352.jpg,test/images/nozzle_no_extrusion_0204.jpg,0.634807,0.701468,1.000000,否
1,train/images/nozzle_no_extrusion_0352.jpg,test/images/nozzle_no_extrusion_0195.jpg,0.585548,0.599837,1.000000,否
1,train/images/nozzle_no_extrusion_0352.jpg,train/images/nozzle_no_extrusion_0167.jpg,0.690450,0.770811,1.000000,否
1,train/images/nozzle_no_extrusion_0352.jpg,test/images/nozzle_no_extrusion_0276.jpg,0.576890,0.591411,1.000000,否
1,train/images/nozzle_no_extrusion_0352.jpg,train/images/nozzle_no_extrusion_0280.jpg,0.969286,0.951233,1.000000,是
1,train/images/nozzle_no_extrusion_0352.jpg,train/images/nozzle_no_extrusion_0353.jpg,0.671450,0.731743,1.000000,否
1,train/images/nozzle_no_extrusion_0352.jpg,train/images/nozzle_no_extrusion_0313.jpg,0.592067,0.639701,1.000000,否
1,train/images/nozzle_no_extrusion_0352.jpg,test/images/nozzle_no_extrusion_0319.jpg,0.658891,0.691539,1.000000,否
1,train/images/nozzle_no_extrusion_0352.jpg,test/images/nozzle_no_extrusion_0357.jpg,0.584665,0.655044,1.000000,否
1,train/images/nozzle_no_extrusion_0352.jpg,val/images/nozzle_no_extrusion_0271.jpg,0.606822,0.689559,1.000000,否
1,train/images/nozzle_no_extrusion_0352.jpg,train/images/nozzle_no_extrusion_0361.jpg,0.592346,0.638930,1.000000,否
1,train/images/nozzle_no_extrusion_0352.jpg,train/images/nozzle_no_extrusion_0205.jpg,0.885870,0.878887,1.000000,否
1,train/images/nozzle_no_extrusion_0352.jpg,train/images/nozzle_no_extrusion_0198.jpg,0.890559,0.896398,1.000000,否
1,train/images/nozzle_no_extrusion_0352.jpg,train/images/nozzle_no_extrusion_0239.jpg,0.613412,0.669933,1.000000,否
1,train/images/nozzle_no_extrusion_0352.jpg,train/images/nozzle_no_extrusion_0270.jpg,0.585839,0.611106,1.000000,否
1,train/images/nozzle_no_extrusion_0352.jpg,val/images/nozzle_no_extrusion_0236.jpg,0.662214,0.688159,1.000000,否
1,train/images/nozzle_no_extrusion_0352.jpg,train/images/nozzle_no_extrusion_0311.jpg,0.982970,0.956865,1.000000,是
1,train/images/nozzle_no_extrusion_0352.jpg,train/images/nozzle_no_extrusion_0237.jpg,0.909621,0.891574,1.000000,否
1,train/images/nozzle_no_extrusion_0352.jpg,train/images/nozzle_no_extrusion_0162.jpg,0.854252,0.839620,1.000000,否
1,train/images/nozzle_no_extrusion_0352.jpg,train/images/nozzle_no_extrusion_0165.jpg,0.563827,0.572773,1.000000,否
1,train/images/nozzle_no_extrusion_0352.jpg,train/images/nozzle_no_extrusion_0279.jpg,0.671950,0.748549,1.000000,否
1,train/images/nozzle_no_extrusion_0352.jpg,train/images/nozzle_no_extrusion_0356.jpg,0.550462,0.565779,1.000000,否
1,train/images/nozzle_no_extrusion_0352.jpg,test/images/nozzle_no_extrusion_0246.jpg,0.592021,0.631706,1.000000,否
1,train/images/nozzle_no_extrusion_0352.jpg,val/images/nozzle_no_extrusion_0360.jpg,0.654230,0.684677,1.000000,否
1,train/images/nozzle_no_extrusion_0352.jpg,train/images/nozzle_no_extrusion_0350.jpg,0.609142,0.694669,1.000000,否
1,train/images/nozzle_no_extrusion_0352.jpg,train/images/nozzle_no_extrusion_0308.jpg,0.588917,0.617158,1.000000,否
1,train/images/nozzle_no_extrusion_0352.jpg,train/images/nozzle_no_extrusion_0202.jpg,0.551027,0.549724,1.000000,否
1,train/images/nozzle_no_extrusion_0352.jpg,train/images/nozzle_no_extrusion_0197.jpg,0.663125,0.689230,1.000000,否
1,train/images/nozzle_no_extrusion_0352.jpg,train/images/nozzle_no_extrusion_0320.jpg,0.591739,0.620251,1.000000,否
1,train/images/nozzle_no_extrusion_0352.jpg,val/images/nozzle_no_extrusion_0310.jpg,0.673620,0.680673,1.000000,否
1,train/images/nozzle_no_extrusion_0352.jpg,val/images/nozzle_no_extrusion_0240.jpg,0.576820,0.573538,1.000000,否
1,train/images/nozzle_no_extrusion_0352.jpg,val/images/nozzle_no_extrusion_0349.jpg,0.589276,0.609107,1.000000,否
1,train/images/nozzle_no_extrusion_0352.jpg,train/images/nozzle_no_extrusion_0317.jpg,0.680105,0.769691,1.000000,否
1,train/images/nozzle_no_extrusion_0352.jpg,val/images/nozzle_no_extrusion_0201.jpg,0.578953,0.609438,1.000000,否
1,train/images/nozzle_no_extrusion_0352.jpg,train/images/nozzle_no_extrusion_0281.jpg,0.667835,0.674668,1.000000,否
1,train/images/nozzle_no_extrusion_0352.jpg,train/images/nozzle_no_extrusion_0234.jpg,0.585643,0.609890,1.000000,否
1,train/images/nozzle_no_extrusion_0352.jpg,train/images/nozzle_no_extrusion_0169.jpg,0.656752,0.688003,1.000000,否
1,train/images/nozzle_no_extrusion_0352.jpg,train/images/nozzle_no_extrusion_0278.jpg,0.582396,0.651245,1.000000,否
1,train/images/nozzle_no_extrusion_0352.jpg,val/images/nozzle_no_extrusion_0316.jpg,0.593256,0.665114,1.000000,否
1,train/images/nozzle_no_extrusion_0352.jpg,train/images/nozzle_no_extrusion_0200.jpg,0.612788,0.663211,1.000000,否
1,train/images/nozzle_no_extrusion_0352.jpg,train/images/nozzle_no_extrusion_0166.jpg,0.597355,0.649434,1.000000,否
1,train/images/nozzle_no_extrusion_0352.jpg,val/images/nozzle_no_extrusion_0168.jpg,0.816362,0.816035,1.000000,否
1,train/images/nozzle_no_extrusion_0352.jpg,train/images/nozzle_no_extrusion_0354.jpg,0.589303,0.638710,1.000000,否
1,train/images/nozzle_no_extrusion_0318.jpg,train/images/nozzle_no_extrusion_0206.jpg,0.708305,0.720992,1.000000,否
1,train/images/nozzle_no_extrusion_0318.jpg,train/images/nozzle_no_extrusion_0358.jpg,0.706110,0.796309,1.000000,否
1,train/images/nozzle_no_extrusion_0318.jpg,test/images/nozzle_no_extrusion_0309.jpg,0.616188,0.699414,1.000000,否
1,train/images/nozzle_no_extrusion_0318.jpg,val/images/nozzle_no_extrusion_0315.jpg,0.539986,0.542466,1.000000,否
1,train/images/nozzle_no_extrusion_0318.jpg,train/images/nozzle_no_extrusion_0359.jpg,0.993415,0.960591,1.000000,是
1,train/images/nozzle_no_extrusion_0318.jpg,test/images/nozzle_no_extrusion_0244.jpg,0.979575,0.954415,1.000000,是
1,train/images/nozzle_no_extrusion_0318.jpg,train/images/nozzle_no_extrusion_0235.jpg,0.603029,0.690272,1.000000,否
1,train/images/nozzle_no_extrusion_0318.jpg,val/images/nozzle_no_extrusion_0199.jpg,0.677809,0.705532,1.000000,否
1,train/images/nozzle_no_extrusion_0318.jpg,train/images/nozzle_no_extrusion_0314.jpg,0.540269,0.510309,1.000000,否
1,train/images/nozzle_no_extrusion_0318.jpg,train/images/nozzle_no_extrusion_0312.jpg,0.667898,0.700521,1.000000,否
1,train/images/nozzle_no_extrusion_0318.jpg,test/images/nozzle_no_extrusion_0204.jpg,0.631964,0.682597,1.000000,否
1,train/images/nozzle_no_extrusion_0318.jpg,test/images/nozzle_no_extrusion_0195.jpg,0.584623,0.603679,1.000000,否
1,train/images/nozzle_no_extrusion_0318.jpg,train/images/nozzle_no_extrusion_0167.jpg,0.688551,0.741376,1.000000,否
1,train/images/nozzle_no_extrusion_0318.jpg,test/images/nozzle_no_extrusion_0276.jpg,0.571292,0.562383,1.000000,否
1,train/images/nozzle_no_extrusion_0318.jpg,train/images/nozzle_no_extrusion_0280.jpg,0.975860,0.945190,1.000000,否
1,train/images/nozzle_no_extrusion_0318.jpg,train/images/nozzle_no_extrusion_0353.jpg,0.660005,0.687713,1.000000,否
1,train/images/nozzle_no_extrusion_0318.jpg,train/images/nozzle_no_extrusion_0313.jpg,0.589221,0.610236,1.000000,否
1,train/images/nozzle_no_extrusion_0318.jpg,test/images/nozzle_no_extrusion_0319.jpg,0.672614,0.716695,1.000000,否
1,train/images/nozzle_no_extrusion_0318.jpg,test/images/nozzle_no_extrusion_0357.jpg,0.592288,0.639961,1.000000,否
1,train/images/nozzle_no_extrusion_0318.jpg,val/images/nozzle_no_extrusion_0271.jpg,0.608862,0.706967,1.000000,否
1,train/images/nozzle_no_extrusion_0318.jpg,train/images/nozzle_no_extrusion_0361.jpg,0.599152,0.665321,1.000000,否
1,train/images/nozzle_no_extrusion_0318.jpg,train/images/nozzle_no_extrusion_0205.jpg,0.825994,0.841812,1.000000,否
1,train/images/nozzle_no_extrusion_0318.jpg,train/images/nozzle_no_extrusion_0198.jpg,0.926454,0.918699,1.000000,否
1,train/images/nozzle_no_extrusion_0318.jpg,train/images/nozzle_no_extrusion_0239.jpg,0.608733,0.632453,1.000000,否
1,train/images/nozzle_no_extrusion_0318.jpg,train/images/nozzle_no_extrusion_0270.jpg,0.585172,0.610578,1.000000,否
1,train/images/nozzle_no_extrusion_0318.jpg,val/images/nozzle_no_extrusion_0236.jpg,0.666825,0.694536,1.000000,否
1,train/images/nozzle_no_extrusion_0318.jpg,train/images/nozzle_no_extrusion_0311.jpg,0.965710,0.950746,1.000000,是
1,train/images/nozzle_no_extrusion_0318.jpg,train/images/nozzle_no_extrusion_0237.jpg,0.943233,0.925735,1.000000,否
1,train/images/nozzle_no_extrusion_0318.jpg,train/images/nozzle_no_extrusion_0162.jpg,0.903057,0.884833,1.000000,否
1,train/images/nozzle_no_extrusion_0318.jpg,train/images/nozzle_no_extrusion_0165.jpg,0.559858,0.548335,1.000000,否
1,train/images/nozzle_no_extrusion_0318.jpg,train/images/nozzle_no_extrusion_0279.jpg,0.678171,0.727707,1.000000,否
1,train/images/nozzle_no_extrusion_0318.jpg,train/images/nozzle_no_extrusion_0356.jpg,0.548893,0.544798,1.000000,否
1,train/images/nozzle_no_extrusion_0318.jpg,test/images/nozzle_no_extrusion_0246.jpg,0.599832,0.661249,1.000000,否
1,train/images/nozzle_no_extrusion_0318.jpg,val/images/nozzle_no_extrusion_0360.jpg,0.667276,0.703481,1.000000,否
1,train/images/nozzle_no_extrusion_0318.jpg,train/images/nozzle_no_extrusion_0350.jpg,0.610827,0.706058,1.000000,否
1,train/images/nozzle_no_extrusion_0318.jpg,train/images/nozzle_no_extrusion_0308.jpg,0.586534,0.624486,1.000000,否
1,train/images/nozzle_no_extrusion_0318.jpg,train/images/nozzle_no_extrusion_0202.jpg,0.543885,0.521395,1.000000,否
1,train/images/nozzle_no_extrusion_0318.jpg,train/images/nozzle_no_extrusion_0197.jpg,0.670797,0.697441,1.000000,否
1,train/images/nozzle_no_extrusion_0318.jpg,train/images/nozzle_no_extrusion_0320.jpg,0.598101,0.647695,1.000000,否
1,train/images/nozzle_no_extrusion_0318.jpg,val/images/nozzle_no_extrusion_0310.jpg,0.674661,0.687207,1.000000,否
1,train/images/nozzle_no_extrusion_0318.jpg,val/images/nozzle_no_extrusion_0240.jpg,0.569952,0.544174,1.000000,否
1,train/images/nozzle_no_extrusion_0318.jpg,val/images/nozzle_no_extrusion_0349.jpg,0.587074,0.610960,1.000000,否
1,train/images/nozzle_no_extrusion_0318.jpg,train/images/nozzle_no_extrusion_0317.jpg,0.683539,0.746511,1.000000,否
1,train/images/nozzle_no_extrusion_0318.jpg,val/images/nozzle_no_extrusion_0201.jpg,0.572738,0.580620,1.000000,否
1,train/images/nozzle_no_extrusion_0318.jpg,train/images/nozzle_no_extrusion_0281.jpg,0.680396,0.694785,1.000000,否
1,train/images/nozzle_no_extrusion_0318.jpg,train/images/nozzle_no_extrusion_0234.jpg,0.583941,0.613441,1.000000,否
1,train/images/nozzle_no_extrusion_0318.jpg,train/images/nozzle_no_extrusion_0169.jpg,0.667791,0.706898,1.000000,否
1,train/images/nozzle_no_extrusion_0318.jpg,train/images/nozzle_no_extrusion_0278.jpg,0.588010,0.635895,1.000000,否
1,train/images/nozzle_no_extrusion_0318.jpg,val/images/nozzle_no_extrusion_0316.jpg,0.600604,0.648168,1.000000,否
1,train/images/nozzle_no_extrusion_0318.jpg,train/images/nozzle_no_extrusion_0200.jpg,0.608392,0.628990,1.000000,否
1,train/images/nozzle_no_extrusion_0318.jpg,train/images/nozzle_no_extrusion_0166.jpg,0.600736,0.627820,1.000000,否
1,train/images/nozzle_no_extrusion_0318.jpg,val/images/nozzle_no_extrusion_0168.jpg,0.881414,0.869607,1.000000,否
1,train/images/nozzle_no_extrusion_0318.jpg,train/images/nozzle_no_extrusion_0354.jpg,0.585583,0.607781,1.000000,否
1,train/images/nozzle_no_extrusion_0206.jpg,train/images/nozzle_no_extrusion_0358.jpg,0.658675,0.665504,1.000000,否
1,train/images/nozzle_no_extrusion_0206.jpg,test/images/nozzle_no_extrusion_0309.jpg,0.671143,0.713076,1.000000,否
1,train/images/nozzle_no_extrusion_0206.jpg,val/images/nozzle_no_extrusion_0315.jpg,0.531872,0.482878,1.000000,否
1,train/images/nozzle_no_extrusion_0206.jpg,train/images/nozzle_no_extrusion_0359.jpg,0.709438,0.725263,1.000000,否
1,train/images/nozzle_no_extrusion_0206.jpg,test/images/nozzle_no_extrusion_0244.jpg,0.703502,0.714057,1.000000,否
1,train/images/nozzle_no_extrusion_0206.jpg,train/images/nozzle_no_extrusion_0235.jpg,0.646162,0.705352,1.000000,否
1,train/images/nozzle_no_extrusion_0206.jpg,val/images/nozzle_no_extrusion_0199.jpg,0.629035,0.616597,1.000000,否
1,train/images/nozzle_no_extrusion_0206.jpg,train/images/nozzle_no_extrusion_0314.jpg,0.529585,0.453107,1.000000,否
1,train/images/nozzle_no_extrusion_0206.jpg,train/images/nozzle_no_extrusion_0312.jpg,0.619410,0.602599,1.000000,否
1,train/images/nozzle_no_extrusion_0206.jpg,test/images/nozzle_no_extrusion_0204.jpg,0.598838,0.596557,1.000000,否
1,train/images/nozzle_no_extrusion_0206.jpg,test/images/nozzle_no_extrusion_0195.jpg,0.592949,0.691105,1.000000,否
1,train/images/nozzle_no_extrusion_0206.jpg,train/images/nozzle_no_extrusion_0167.jpg,0.635009,0.633341,1.000000,否
1,train/images/nozzle_no_extrusion_0206.jpg,test/images/nozzle_no_extrusion_0276.jpg,0.540058,0.480634,1.000000,否
1,train/images/nozzle_no_extrusion_0206.jpg,train/images/nozzle_no_extrusion_0280.jpg,0.697381,0.705599,1.000000,否
1,train/images/nozzle_no_extrusion_0206.jpg,train/images/nozzle_no_extrusion_0353.jpg,0.614856,0.589136,1.000000,否
1,train/images/nozzle_no_extrusion_0206.jpg,train/images/nozzle_no_extrusion_0313.jpg,0.583143,0.539512,1.000000,否
1,train/images/nozzle_no_extrusion_0206.jpg,test/images/nozzle_no_extrusion_0319.jpg,0.737071,0.770230,1.000000,否
1,train/images/nozzle_no_extrusion_0206.jpg,test/images/nozzle_no_extrusion_0357.jpg,0.585230,0.552010,1.000000,否
1,train/images/nozzle_no_extrusion_0206.jpg,val/images/nozzle_no_extrusion_0271.jpg,0.660366,0.724140,1.000000,否
1,train/images/nozzle_no_extrusion_0206.jpg,train/images/nozzle_no_extrusion_0361.jpg,0.626040,0.703968,1.000000,否
1,train/images/nozzle_no_extrusion_0206.jpg,train/images/nozzle_no_extrusion_0205.jpg,0.683926,0.678800,1.000000,否
1,train/images/nozzle_no_extrusion_0206.jpg,train/images/nozzle_no_extrusion_0198.jpg,0.742519,0.723791,1.000000,否
1,train/images/nozzle_no_extrusion_0206.jpg,train/images/nozzle_no_extrusion_0239.jpg,0.590284,0.556877,1.000000,否
1,train/images/nozzle_no_extrusion_0206.jpg,train/images/nozzle_no_extrusion_0270.jpg,0.593735,0.682650,1.000000,否
1,train/images/nozzle_no_extrusion_0206.jpg,val/images/nozzle_no_extrusion_0236.jpg,0.772933,0.769435,1.000000,否
1,train/images/nozzle_no_extrusion_0206.jpg,train/images/nozzle_no_extrusion_0311.jpg,0.708443,0.697927,1.000000,否
1,train/images/nozzle_no_extrusion_0206.jpg,train/images/nozzle_no_extrusion_0237.jpg,0.738586,0.723091,1.000000,否
1,train/images/nozzle_no_extrusion_0206.jpg,train/images/nozzle_no_extrusion_0162.jpg,0.746384,0.740257,1.000000,否
1,train/images/nozzle_no_extrusion_0206.jpg,train/images/nozzle_no_extrusion_0165.jpg,0.544245,0.482062,1.000000,否
1,train/images/nozzle_no_extrusion_0206.jpg,train/images/nozzle_no_extrusion_0279.jpg,0.627554,0.636451,1.000000,否
1,train/images/nozzle_no_extrusion_0206.jpg,train/images/nozzle_no_extrusion_0356.jpg,0.534954,0.480028,1.000000,否
1,train/images/nozzle_no_extrusion_0206.jpg,test/images/nozzle_no_extrusion_0246.jpg,0.622367,0.712640,1.000000,否
1,train/images/nozzle_no_extrusion_0206.jpg,val/images/nozzle_no_extrusion_0360.jpg,0.724534,0.753256,1.000000,否
1,train/images/nozzle_no_extrusion_0206.jpg,train/images/nozzle_no_extrusion_0350.jpg,0.663740,0.720725,1.000000,否
1,train/images/nozzle_no_extrusion_0206.jpg,train/images/nozzle_no_extrusion_0308.jpg,0.599322,0.705126,1.000000,否
1,train/images/nozzle_no_extrusion_0206.jpg,train/images/nozzle_no_extrusion_0202.jpg,0.533431,0.472431,1.000000,否
1,train/images/nozzle_no_extrusion_0206.jpg,train/images/nozzle_no_extrusion_0197.jpg,0.766529,0.778752,1.000000,否
1,train/images/nozzle_no_extrusion_0206.jpg,train/images/nozzle_no_extrusion_0320.jpg,0.618167,0.705015,1.000000,否
1,train/images/nozzle_no_extrusion_0206.jpg,val/images/nozzle_no_extrusion_0310.jpg,0.848826,0.810069,1.000000,否
1,train/images/nozzle_no_extrusion_0206.jpg,val/images/nozzle_no_extrusion_0240.jpg,0.539158,0.470460,1.000000,否
1,train/images/nozzle_no_extrusion_0206.jpg,val/images/nozzle_no_extrusion_0349.jpg,0.598821,0.697697,1.000000,否
1,train/images/nozzle_no_extrusion_0206.jpg,train/images/nozzle_no_extrusion_0317.jpg,0.635734,0.640796,1.000000,否
1,train/images/nozzle_no_extrusion_0206.jpg,val/images/nozzle_no_extrusion_0201.jpg,0.549886,0.501744,1.000000,否
1,train/images/nozzle_no_extrusion_0206.jpg,train/images/nozzle_no_extrusion_0281.jpg,0.782364,0.798513,1.000000,否
1,train/images/nozzle_no_extrusion_0206.jpg,train/images/nozzle_no_extrusion_0234.jpg,0.594077,0.686352,1.000000,否
1,train/images/nozzle_no_extrusion_0206.jpg,train/images/nozzle_no_extrusion_0169.jpg,0.717195,0.762391,1.000000,否
1,train/images/nozzle_no_extrusion_0206.jpg,train/images/nozzle_no_extrusion_0278.jpg,0.580422,0.545207,1.000000,否
1,train/images/nozzle_no_extrusion_0206.jpg,val/images/nozzle_no_extrusion_0316.jpg,0.589036,0.562983,1.000000,否
1,train/images/nozzle_no_extrusion_0206.jpg,train/images/nozzle_no_extrusion_0200.jpg,0.590491,0.554082,1.000000,否
1,train/images/nozzle_no_extrusion_0206.jpg,train/images/nozzle_no_extrusion_0166.jpg,0.584934,0.551808,1.000000,否
1,train/images/nozzle_no_extrusion_0206.jpg,val/images/nozzle_no_extrusion_0168.jpg,0.752568,0.758940,1.000000,否
1,train/images/nozzle_no_extrusion_0206.jpg,train/images/nozzle_no_extrusion_0354.jpg,0.581514,0.531555,1.000000,否
1,train/images/nozzle_no_extrusion_0358.jpg,test/images/nozzle_no_extrusion_0309.jpg,0.587970,0.616141,1.000000,否
1,train/images/nozzle_no_extrusion_0358.jpg,val/images/nozzle_no_extrusion_0315.jpg,0.580193,0.612883,1.000000,否
1,train/images/nozzle_no_extrusion_0358.jpg,train/images/nozzle_no_extrusion_0359.jpg,0.702298,0.792293,1.000000,否
1,train/images/nozzle_no_extrusion_0358.jpg,test/images/nozzle_no_extrusion_0244.jpg,0.733545,0.826738,1.000000,否
1,train/images/nozzle_no_extrusion_0358.jpg,train/images/nozzle_no_extrusion_0235.jpg,0.579106,0.595259,1.000000,否
1,train/images/nozzle_no_extrusion_0358.jpg,val/images/nozzle_no_extrusion_0199.jpg,0.840879,0.858853,1.000000,否
1,train/images/nozzle_no_extrusion_0358.jpg,train/images/nozzle_no_extrusion_0314.jpg,0.573598,0.572182,1.000000,否
1,train/images/nozzle_no_extrusion_0358.jpg,train/images/nozzle_no_extrusion_0312.jpg,0.753673,0.830672,1.000000,否
1,train/images/nozzle_no_extrusion_0358.jpg,test/images/nozzle_no_extrusion_0204.jpg,0.681704,0.773843,1.000000,否
1,train/images/nozzle_no_extrusion_0358.jpg,test/images/nozzle_no_extrusion_0195.jpg,0.565828,0.593743,1.000000,否
1,train/images/nozzle_no_extrusion_0358.jpg,train/images/nozzle_no_extrusion_0167.jpg,0.851712,0.911009,1.000000,否
1,train/images/nozzle_no_extrusion_0358.jpg,test/images/nozzle_no_extrusion_0276.jpg,0.582319,0.617593,1.000000,否
1,train/images/nozzle_no_extrusion_0358.jpg,train/images/nozzle_no_extrusion_0280.jpg,0.741302,0.838732,1.000000,否
1,train/images/nozzle_no_extrusion_0358.jpg,train/images/nozzle_no_extrusion_0353.jpg,0.721704,0.803867,1.000000,否
1,train/images/nozzle_no_extrusion_0358.jpg,train/images/nozzle_no_extrusion_0313.jpg,0.619227,0.677157,1.000000,否
1,train/images/nozzle_no_extrusion_0358.jpg,test/images/nozzle_no_extrusion_0319.jpg,0.618951,0.664153,1.000000,否
1,train/images/nozzle_no_extrusion_0358.jpg,test/images/nozzle_no_extrusion_0357.jpg,0.629058,0.718824,1.000000,否
1,train/images/nozzle_no_extrusion_0358.jpg,val/images/nozzle_no_extrusion_0271.jpg,0.582852,0.611721,1.000000,否
1,train/images/nozzle_no_extrusion_0358.jpg,train/images/nozzle_no_extrusion_0361.jpg,0.583069,0.594894,1.000000,否
1,train/images/nozzle_no_extrusion_0358.jpg,train/images/nozzle_no_extrusion_0205.jpg,0.882335,0.921269,1.000000,否
1,train/images/nozzle_no_extrusion_0358.jpg,train/images/nozzle_no_extrusion_0198.jpg,0.684473,0.743310,1.000000,否
1,train/images/nozzle_no_extrusion_0358.jpg,train/images/nozzle_no_extrusion_0239.jpg,0.652814,0.706836,1.000000,否
1,train/images/nozzle_no_extrusion_0358.jpg,train/images/nozzle_no_extrusion_0270.jpg,0.567244,0.593518,1.000000,否
1,train/images/nozzle_no_extrusion_0358.jpg,val/images/nozzle_no_extrusion_0236.jpg,0.610110,0.649751,1.000000,否
1,train/images/nozzle_no_extrusion_0358.jpg,train/images/nozzle_no_extrusion_0311.jpg,0.707526,0.787536,1.000000,否
1,train/images/nozzle_no_extrusion_0358.jpg,train/images/nozzle_no_extrusion_0237.jpg,0.679973,0.741154,1.000000,否
1,train/images/nozzle_no_extrusion_0358.jpg,train/images/nozzle_no_extrusion_0162.jpg,0.680406,0.729520,1.000000,否
1,train/images/nozzle_no_extrusion_0358.jpg,train/images/nozzle_no_extrusion_0165.jpg,0.585212,0.603167,1.000000,否
1,train/images/nozzle_no_extrusion_0358.jpg,train/images/nozzle_no_extrusion_0279.jpg,0.819257,0.888696,1.000000,否
1,train/images/nozzle_no_extrusion_0358.jpg,train/images/nozzle_no_extrusion_0356.jpg,0.585162,0.616307,1.000000,否
1,train/images/nozzle_no_extrusion_0358.jpg,test/images/nozzle_no_extrusion_0246.jpg,0.581961,0.599051,1.000000,否
1,train/images/nozzle_no_extrusion_0358.jpg,val/images/nozzle_no_extrusion_0360.jpg,0.615368,0.662098,1.000000,否
1,train/images/nozzle_no_extrusion_0358.jpg,train/images/nozzle_no_extrusion_0350.jpg,0.584802,0.613618,1.000000,否
1,train/images/nozzle_no_extrusion_0358.jpg,train/images/nozzle_no_extrusion_0308.jpg,0.569001,0.603766,1.000000,否
1,train/images/nozzle_no_extrusion_0358.jpg,train/images/nozzle_no_extrusion_0202.jpg,0.576860,0.589711,1.000000,否
1,train/images/nozzle_no_extrusion_0358.jpg,train/images/nozzle_no_extrusion_0197.jpg,0.610973,0.648508,1.000000,否
1,train/images/nozzle_no_extrusion_0358.jpg,train/images/nozzle_no_extrusion_0320.jpg,0.580776,0.597305,1.000000,否
1,train/images/nozzle_no_extrusion_0358.jpg,val/images/nozzle_no_extrusion_0310.jpg,0.620953,0.652778,1.000000,否
1,train/images/nozzle_no_extrusion_0358.jpg,val/images/nozzle_no_extrusion_0240.jpg,0.581558,0.600761,1.000000,否
1,train/images/nozzle_no_extrusion_0358.jpg,val/images/nozzle_no_extrusion_0349.jpg,0.569528,0.601263,1.000000,否
1,train/images/nozzle_no_extrusion_0358.jpg,train/images/nozzle_no_extrusion_0317.jpg,0.890974,0.923107,1.000000,否
1,train/images/nozzle_no_extrusion_0358.jpg,val/images/nozzle_no_extrusion_0201.jpg,0.593600,0.635777,1.000000,否
1,train/images/nozzle_no_extrusion_0358.jpg,train/images/nozzle_no_extrusion_0281.jpg,0.625595,0.657684,1.000000,否
1,train/images/nozzle_no_extrusion_0358.jpg,train/images/nozzle_no_extrusion_0234.jpg,0.565954,0.598354,1.000000,否
1,train/images/nozzle_no_extrusion_0358.jpg,train/images/nozzle_no_extrusion_0169.jpg,0.613258,0.678534,1.000000,否
1,train/images/nozzle_no_extrusion_0358.jpg,train/images/nozzle_no_extrusion_0278.jpg,0.619363,0.705792,1.000000,否
1,train/images/nozzle_no_extrusion_0358.jpg,val/images/nozzle_no_extrusion_0316.jpg,0.644711,0.730975,1.000000,否
1,train/images/nozzle_no_extrusion_0358.jpg,train/images/nozzle_no_extrusion_0200.jpg,0.653081,0.698266,1.000000,否
1,train/images/nozzle_no_extrusion_0358.jpg,train/images/nozzle_no_extrusion_0166.jpg,0.642097,0.711311,1.000000,否
1,train/images/nozzle_no_extrusion_0358.jpg,val/images/nozzle_no_extrusion_0168.jpg,0.683372,0.722750,1.000000,否
1,train/images/nozzle_no_extrusion_0358.jpg,train/images/nozzle_no_extrusion_0354.jpg,0.615871,0.672162,1.000000,否
1,test/images/nozzle_no_extrusion_0309.jpg,val/images/nozzle_no_extrusion_0315.jpg,0.492100,0.457704,1.000000,否
1,test/images/nozzle_no_extrusion_0309.jpg,train/images/nozzle_no_extrusion_0359.jpg,0.617375,0.701767,1.000000,否
1,test/images/nozzle_no_extrusion_0309.jpg,test/images/nozzle_no_extrusion_0244.jpg,0.611491,0.691139,1.000000,否
1,test/images/nozzle_no_extrusion_0309.jpg,train/images/nozzle_no_extrusion_0235.jpg,0.856637,0.919043,1.000000,否
1,test/images/nozzle_no_extrusion_0309.jpg,val/images/nozzle_no_extrusion_0199.jpg,0.586998,0.592753,1.000000,否
1,test/images/nozzle_no_extrusion_0309.jpg,train/images/nozzle_no_extrusion_0314.jpg,0.495508,0.444866,1.000000,否
1,test/images/nozzle_no_extrusion_0309.jpg,train/images/nozzle_no_extrusion_0312.jpg,0.585611,0.591000,1.000000,否
1,test/images/nozzle_no_extrusion_0309.jpg,test/images/nozzle_no_extrusion_0204.jpg,0.563584,0.546484,1.000000,否
1,test/images/nozzle_no_extrusion_0309.jpg,test/images/nozzle_no_extrusion_0195.jpg,0.676180,0.758338,1.000000,否
1,test/images/nozzle_no_extrusion_0309.jpg,train/images/nozzle_no_extrusion_0167.jpg,0.580527,0.576444,1.000000,否
1,test/images/nozzle_no_extrusion_0309.jpg,test/images/nozzle_no_extrusion_0276.jpg,0.504247,0.463903,1.000000,否
1,test/images/nozzle_no_extrusion_0309.jpg,train/images/nozzle_no_extrusion_0280.jpg,0.607693,0.690043,1.000000,否
1,test/images/nozzle_no_extrusion_0309.jpg,train/images/nozzle_no_extrusion_0353.jpg,0.584743,0.576076,1.000000,否
1,test/images/nozzle_no_extrusion_0309.jpg,train/images/nozzle_no_extrusion_0313.jpg,0.540309,0.488666,1.000000,否
1,test/images/nozzle_no_extrusion_0309.jpg,test/images/nozzle_no_extrusion_0319.jpg,0.726705,0.830158,1.000000,否
1,test/images/nozzle_no_extrusion_0309.jpg,test/images/nozzle_no_extrusion_0357.jpg,0.533627,0.485503,1.000000,否
1,test/images/nozzle_no_extrusion_0309.jpg,val/images/nozzle_no_extrusion_0271.jpg,0.946489,0.954020,1.000000,否
1,test/images/nozzle_no_extrusion_0309.jpg,train/images/nozzle_no_extrusion_0361.jpg,0.735535,0.849273,1.000000,否
1,test/images/nozzle_no_extrusion_0309.jpg,train/images/nozzle_no_extrusion_0205.jpg,0.595941,0.643230,1.000000,否
1,test/images/nozzle_no_extrusion_0309.jpg,train/images/nozzle_no_extrusion_0198.jpg,0.630889,0.691648,1.000000,否
1,test/images/nozzle_no_extrusion_0309.jpg,train/images/nozzle_no_extrusion_0239.jpg,0.555473,0.517593,1.000000,否
1,test/images/nozzle_no_extrusion_0309.jpg,train/images/nozzle_no_extrusion_0270.jpg,0.670055,0.753828,1.000000,否
1,test/images/nozzle_no_extrusion_0309.jpg,val/images/nozzle_no_extrusion_0236.jpg,0.712499,0.823097,1.000000,否
1,test/images/nozzle_no_extrusion_0309.jpg,train/images/nozzle_no_extrusion_0311.jpg,0.621085,0.697772,1.000000,否
1,test/images/nozzle_no_extrusion_0309.jpg,train/images/nozzle_no_extrusion_0237.jpg,0.633104,0.697193,1.000000,否
1,test/images/nozzle_no_extrusion_0309.jpg,train/images/nozzle_no_extrusion_0162.jpg,0.629721,0.682134,1.000000,否
1,test/images/nozzle_no_extrusion_0309.jpg,train/images/nozzle_no_extrusion_0165.jpg,0.499910,0.462214,1.000000,否
1,test/images/nozzle_no_extrusion_0309.jpg,train/images/nozzle_no_extrusion_0279.jpg,0.577287,0.587225,1.000000,否
1,test/images/nozzle_no_extrusion_0309.jpg,train/images/nozzle_no_extrusion_0356.jpg,0.491467,0.460107,1.000000,否
1,test/images/nozzle_no_extrusion_0309.jpg,test/images/nozzle_no_extrusion_0246.jpg,0.723436,0.835147,1.000000,否
1,test/images/nozzle_no_extrusion_0309.jpg,val/images/nozzle_no_extrusion_0360.jpg,0.737326,0.835391,1.000000,否
1,test/images/nozzle_no_extrusion_0309.jpg,train/images/nozzle_no_extrusion_0350.jpg,0.973971,0.959922,1.000000,是
1,test/images/nozzle_no_extrusion_0309.jpg,train/images/nozzle_no_extrusion_0308.jpg,0.700478,0.803302,1.000000,否
1,test/images/nozzle_no_extrusion_0309.jpg,train/images/nozzle_no_extrusion_0202.jpg,0.496381,0.451860,1.000000,否
1,test/images/nozzle_no_extrusion_0309.jpg,train/images/nozzle_no_extrusion_0197.jpg,0.709974,0.811439,1.000000,否
1,test/images/nozzle_no_extrusion_0309.jpg,train/images/nozzle_no_extrusion_0320.jpg,0.718116,0.823946,1.000000,否
1,test/images/nozzle_no_extrusion_0309.jpg,val/images/nozzle_no_extrusion_0310.jpg,0.697969,0.780211,1.000000,否
1,test/images/nozzle_no_extrusion_0309.jpg,val/images/nozzle_no_extrusion_0240.jpg,0.503032,0.453897,1.000000,否
1,test/images/nozzle_no_extrusion_0309.jpg,val/images/nozzle_no_extrusion_0349.jpg,0.694419,0.786221,1.000000,否
1,test/images/nozzle_no_extrusion_0309.jpg,train/images/nozzle_no_extrusion_0317.jpg,0.580517,0.590396,1.000000,否
1,test/images/nozzle_no_extrusion_0309.jpg,val/images/nozzle_no_extrusion_0201.jpg,0.511935,0.469770,1.000000,否
1,test/images/nozzle_no_extrusion_0309.jpg,train/images/nozzle_no_extrusion_0281.jpg,0.700242,0.802372,1.000000,否
1,test/images/nozzle_no_extrusion_0309.jpg,train/images/nozzle_no_extrusion_0234.jpg,0.675108,0.758343,1.000000,否
1,test/images/nozzle_no_extrusion_0309.jpg,train/images/nozzle_no_extrusion_0169.jpg,0.729682,0.816462,1.000000,否
1,test/images/nozzle_no_extrusion_0309.jpg,train/images/nozzle_no_extrusion_0278.jpg,0.528252,0.483940,1.000000,否
1,test/images/nozzle_no_extrusion_0309.jpg,val/images/nozzle_no_extrusion_0316.jpg,0.539510,0.497757,1.000000,否
1,test/images/nozzle_no_extrusion_0309.jpg,train/images/nozzle_no_extrusion_0200.jpg,0.554251,0.506580,1.000000,否
1,test/images/nozzle_no_extrusion_0309.jpg,train/images/nozzle_no_extrusion_0166.jpg,0.542585,0.491531,1.000000,否
1,test/images/nozzle_no_extrusion_0309.jpg,val/images/nozzle_no_extrusion_0168.jpg,0.626499,0.687250,1.000000,否
1,test/images/nozzle_no_extrusion_0309.jpg,train/images/nozzle_no_extrusion_0354.jpg,0.537894,0.483308,1.000000,否
1,val/images/nozzle_no_extrusion_0315.jpg,train/images/nozzle_no_extrusion_0359.jpg,0.538668,0.545399,1.000000,否
1,val/images/nozzle_no_extrusion_0315.jpg,test/images/nozzle_no_extrusion_0244.jpg,0.547673,0.556481,1.000000,否
1,val/images/nozzle_no_extrusion_0315.jpg,train/images/nozzle_no_extrusion_0235.jpg,0.488217,0.438064,1.000000,否
1,val/images/nozzle_no_extrusion_0315.jpg,val/images/nozzle_no_extrusion_0199.jpg,0.579205,0.683460,1.000000,否
1,val/images/nozzle_no_extrusion_0315.jpg,train/images/nozzle_no_extrusion_0314.jpg,0.969191,0.942786,1.000000,否
1,val/images/nozzle_no_extrusion_0315.jpg,train/images/nozzle_no_extrusion_0312.jpg,0.585511,0.704994,1.000000,否
1,val/images/nozzle_no_extrusion_0315.jpg,test/images/nozzle_no_extrusion_0204.jpg,0.615909,0.760828,1.000000,否
1,val/images/nozzle_no_extrusion_0315.jpg,test/images/nozzle_no_extrusion_0195.jpg,0.478646,0.428924,1.000000,否
1,val/images/nozzle_no_extrusion_0315.jpg,train/images/nozzle_no_extrusion_0167.jpg,0.574996,0.663886,1.000000,否
1,val/images/nozzle_no_extrusion_0315.jpg,test/images/nozzle_no_extrusion_0276.jpg,0.713234,0.864662,1.000000,否
1,val/images/nozzle_no_extrusion_0315.jpg,train/images/nozzle_no_extrusion_0280.jpg,0.549529,0.562362,1.000000,否
1,val/images/nozzle_no_extrusion_0315.jpg,train/images/nozzle_no_extrusion_0353.jpg,0.587696,0.711114,1.000000,否
1,val/images/nozzle_no_extrusion_0315.jpg,train/images/nozzle_no_extrusion_0313.jpg,0.655078,0.816928,1.000000,否
1,val/images/nozzle_no_extrusion_0315.jpg,test/images/nozzle_no_extrusion_0319.jpg,0.511380,0.483224,1.000000,否
1,val/images/nozzle_no_extrusion_0315.jpg,test/images/nozzle_no_extrusion_0357.jpg,0.658824,0.811395,1.000000,否
1,val/images/nozzle_no_extrusion_0315.jpg,val/images/nozzle_no_extrusion_0271.jpg,0.491191,0.454155,1.000000,否
1,val/images/nozzle_no_extrusion_0315.jpg,train/images/nozzle_no_extrusion_0361.jpg,0.493457,0.431522,1.000000,否
1,val/images/nozzle_no_extrusion_0315.jpg,train/images/nozzle_no_extrusion_0205.jpg,0.567775,0.611171,1.000000,否
1,val/images/nozzle_no_extrusion_0315.jpg,train/images/nozzle_no_extrusion_0198.jpg,0.527579,0.535295,1.000000,否
1,val/images/nozzle_no_extrusion_0315.jpg,train/images/nozzle_no_extrusion_0239.jpg,0.618658,0.809633,1.000000,否
1,val/images/nozzle_no_extrusion_0315.jpg,train/images/nozzle_no_extrusion_0270.jpg,0.472339,0.425305,1.000000,否
1,val/images/nozzle_no_extrusion_0315.jpg,val/images/nozzle_no_extrusion_0236.jpg,0.504642,0.477058,1.000000,否
1,val/images/nozzle_no_extrusion_0315.jpg,train/images/nozzle_no_extrusion_0311.jpg,0.534114,0.550573,1.000000,否
1,val/images/nozzle_no_extrusion_0315.jpg,train/images/nozzle_no_extrusion_0237.jpg,0.524525,0.524944,1.000000,否
1,val/images/nozzle_no_extrusion_0315.jpg,train/images/nozzle_no_extrusion_0162.jpg,0.528194,0.514638,1.000000,否
1,val/images/nozzle_no_extrusion_0315.jpg,train/images/nozzle_no_extrusion_0165.jpg,0.855745,0.907522,1.000000,否
1,val/images/nozzle_no_extrusion_0315.jpg,train/images/nozzle_no_extrusion_0279.jpg,0.588925,0.668283,1.000000,否
1,val/images/nozzle_no_extrusion_0315.jpg,train/images/nozzle_no_extrusion_0356.jpg,0.965068,0.972210,1.000000,是
1,val/images/nozzle_no_extrusion_0315.jpg,test/images/nozzle_no_extrusion_0246.jpg,0.495098,0.424757,1.000000,否
1,val/images/nozzle_no_extrusion_0315.jpg,val/images/nozzle_no_extrusion_0360.jpg,0.511207,0.477535,1.000000,否
1,val/images/nozzle_no_extrusion_0315.jpg,train/images/nozzle_no_extrusion_0350.jpg,0.491840,0.457617,1.000000,否
1,val/images/nozzle_no_extrusion_0315.jpg,train/images/nozzle_no_extrusion_0308.jpg,0.484753,0.438545,1.000000,否
1,val/images/nozzle_no_extrusion_0315.jpg,train/images/nozzle_no_extrusion_0202.jpg,0.980130,0.957741,1.000000,是
1,val/images/nozzle_no_extrusion_0315.jpg,train/images/nozzle_no_extrusion_0197.jpg,0.506156,0.485348,1.000000,否
1,val/images/nozzle_no_extrusion_0315.jpg,train/images/nozzle_no_extrusion_0320.jpg,0.495445,0.426188,1.000000,否
1,val/images/nozzle_no_extrusion_0315.jpg,val/images/nozzle_no_extrusion_0310.jpg,0.511379,0.480431,1.000000,否
1,val/images/nozzle_no_extrusion_0315.jpg,val/images/nozzle_no_extrusion_0240.jpg,0.742134,0.867739,1.000000,否
1,val/images/nozzle_no_extrusion_0315.jpg,val/images/nozzle_no_extrusion_0349.jpg,0.484237,0.430730,1.000000,否
1,val/images/nozzle_no_extrusion_0315.jpg,train/images/nozzle_no_extrusion_0317.jpg,0.583900,0.653079,1.000000,否
1,val/images/nozzle_no_extrusion_0315.jpg,val/images/nozzle_no_extrusion_0201.jpg,0.671851,0.849862,1.000000,否
1,val/images/nozzle_no_extrusion_0315.jpg,train/images/nozzle_no_extrusion_0281.jpg,0.514504,0.483955,1.000000,否
1,val/images/nozzle_no_extrusion_0315.jpg,train/images/nozzle_no_extrusion_0234.jpg,0.475331,0.431147,1.000000,否
1,val/images/nozzle_no_extrusion_0315.jpg,train/images/nozzle_no_extrusion_0169.jpg,0.510055,0.487806,1.000000,否
1,val/images/nozzle_no_extrusion_0315.jpg,train/images/nozzle_no_extrusion_0278.jpg,0.676153,0.820595,1.000000,否
1,val/images/nozzle_no_extrusion_0315.jpg,val/images/nozzle_no_extrusion_0316.jpg,0.640156,0.815468,1.000000,否
1,val/images/nozzle_no_extrusion_0315.jpg,train/images/nozzle_no_extrusion_0200.jpg,0.618292,0.813992,1.000000,否
1,val/images/nozzle_no_extrusion_0315.jpg,train/images/nozzle_no_extrusion_0166.jpg,0.640159,0.828521,1.000000,否
1,val/images/nozzle_no_extrusion_0315.jpg,val/images/nozzle_no_extrusion_0168.jpg,0.527408,0.506309,1.000000,否
1,val/images/nozzle_no_extrusion_0315.jpg,train/images/nozzle_no_extrusion_0354.jpg,0.661754,0.812317,1.000000,否
1,train/images/nozzle_no_extrusion_0359.jpg,test/images/nozzle_no_extrusion_0244.jpg,0.964996,0.937743,1.000000,否
1,train/images/nozzle_no_extrusion_0359.jpg,train/images/nozzle_no_extrusion_0235.jpg,0.603306,0.692961,1.000000,否
1,train/images/nozzle_no_extrusion_0359.jpg,val/images/nozzle_no_extrusion_0199.jpg,0.679050,0.702379,1.000000,否
1,train/images/nozzle_no_extrusion_0359.jpg,train/images/nozzle_no_extrusion_0314.jpg,0.540305,0.513848,1.000000,否
1,train/images/nozzle_no_extrusion_0359.jpg,train/images/nozzle_no_extrusion_0312.jpg,0.667527,0.703413,1.000000,否
1,train/images/nozzle_no_extrusion_0359.jpg,test/images/nozzle_no_extrusion_0204.jpg,0.629316,0.681213,1.000000,否
1,train/images/nozzle_no_extrusion_0359.jpg,test/images/nozzle_no_extrusion_0195.jpg,0.584534,0.613833,1.000000,否
1,train/images/nozzle_no_extrusion_0359.jpg,train/images/nozzle_no_extrusion_0167.jpg,0.689180,0.736548,1.000000,否
1,train/images/nozzle_no_extrusion_0359.jpg,test/images/nozzle_no_extrusion_0276.jpg,0.572217,0.566598,1.000000,否
1,train/images/nozzle_no_extrusion_0359.jpg,train/images/nozzle_no_extrusion_0280.jpg,0.962322,0.934587,1.000000,否
1,train/images/nozzle_no_extrusion_0359.jpg,train/images/nozzle_no_extrusion_0353.jpg,0.659113,0.689440,1.000000,否
1,train/images/nozzle_no_extrusion_0359.jpg,train/images/nozzle_no_extrusion_0313.jpg,0.589006,0.615320,1.000000,否
1,train/images/nozzle_no_extrusion_0359.jpg,test/images/nozzle_no_extrusion_0319.jpg,0.674138,0.715901,1.000000,否
1,train/images/nozzle_no_extrusion_0359.jpg,test/images/nozzle_no_extrusion_0357.jpg,0.591054,0.644314,1.000000,否
1,train/images/nozzle_no_extrusion_0359.jpg,val/images/nozzle_no_extrusion_0271.jpg,0.609347,0.707287,1.000000,否
1,train/images/nozzle_no_extrusion_0359.jpg,train/images/nozzle_no_extrusion_0361.jpg,0.598982,0.672442,1.000000,否
1,train/images/nozzle_no_extrusion_0359.jpg,train/images/nozzle_no_extrusion_0205.jpg,0.806455,0.830638,1.000000,否
1,train/images/nozzle_no_extrusion_0359.jpg,train/images/nozzle_no_extrusion_0198.jpg,0.941321,0.936608,1.000000,否
1,train/images/nozzle_no_extrusion_0359.jpg,train/images/nozzle_no_extrusion_0239.jpg,0.607959,0.635207,1.000000,否
1,train/images/nozzle_no_extrusion_0359.jpg,train/images/nozzle_no_extrusion_0270.jpg,0.585495,0.619596,1.000000,否
1,train/images/nozzle_no_extrusion_0359.jpg,val/images/nozzle_no_extrusion_0236.jpg,0.667473,0.694404,1.000000,否
1,train/images/nozzle_no_extrusion_0359.jpg,train/images/nozzle_no_extrusion_0311.jpg,0.963497,0.948969,1.000000,否
1,train/images/nozzle_no_extrusion_0359.jpg,train/images/nozzle_no_extrusion_0237.jpg,0.954179,0.938025,1.000000,否
1,train/images/nozzle_no_extrusion_0359.jpg,train/images/nozzle_no_extrusion_0162.jpg,0.909444,0.891398,1.000000,否
1,train/images/nozzle_no_extrusion_0359.jpg,train/images/nozzle_no_extrusion_0165.jpg,0.559037,0.553649,1.000000,否
1,train/images/nozzle_no_extrusion_0359.jpg,train/images/nozzle_no_extrusion_0279.jpg,0.678519,0.724469,1.000000,否
1,train/images/nozzle_no_extrusion_0359.jpg,train/images/nozzle_no_extrusion_0356.jpg,0.547353,0.546938,1.000000,否
1,train/images/nozzle_no_extrusion_0359.jpg,test/images/nozzle_no_extrusion_0246.jpg,0.599269,0.666055,1.000000,否
1,train/images/nozzle_no_extrusion_0359.jpg,val/images/nozzle_no_extrusion_0360.jpg,0.669475,0.708688,1.000000,否
1,train/images/nozzle_no_extrusion_0359.jpg,train/images/nozzle_no_extrusion_0350.jpg,0.611674,0.709885,1.000000,否
1,train/images/nozzle_no_extrusion_0359.jpg,train/images/nozzle_no_extrusion_0308.jpg,0.586478,0.635200,1.000000,否
1,train/images/nozzle_no_extrusion_0359.jpg,train/images/nozzle_no_extrusion_0202.jpg,0.543236,0.525463,1.000000,否
1,train/images/nozzle_no_extrusion_0359.jpg,train/images/nozzle_no_extrusion_0197.jpg,0.672256,0.696234,1.000000,否
1,train/images/nozzle_no_extrusion_0359.jpg,train/images/nozzle_no_extrusion_0320.jpg,0.597158,0.653592,1.000000,否
1,train/images/nozzle_no_extrusion_0359.jpg,val/images/nozzle_no_extrusion_0310.jpg,0.673715,0.687411,1.000000,否
1,train/images/nozzle_no_extrusion_0359.jpg,val/images/nozzle_no_extrusion_0240.jpg,0.570431,0.550195,1.000000,否
1,train/images/nozzle_no_extrusion_0359.jpg,val/images/nozzle_no_extrusion_0349.jpg,0.587129,0.624210,1.000000,否
1,train/images/nozzle_no_extrusion_0359.jpg,train/images/nozzle_no_extrusion_0317.jpg,0.685095,0.741236,1.000000,否
1,train/images/nozzle_no_extrusion_0359.jpg,val/images/nozzle_no_extrusion_0201.jpg,0.574665,0.585164,1.000000,否
1,train/images/nozzle_no_extrusion_0359.jpg,train/images/nozzle_no_extrusion_0281.jpg,0.681152,0.695497,1.000000,否
1,train/images/nozzle_no_extrusion_0359.jpg,train/images/nozzle_no_extrusion_0234.jpg,0.584065,0.623508,1.000000,否
1,train/images/nozzle_no_extrusion_0359.jpg,train/images/nozzle_no_extrusion_0169.jpg,0.668918,0.708535,1.000000,否
1,train/images/nozzle_no_extrusion_0359.jpg,train/images/nozzle_no_extrusion_0278.jpg,0.587407,0.642046,1.000000,否
1,train/images/nozzle_no_extrusion_0359.jpg,val/images/nozzle_no_extrusion_0316.jpg,0.598689,0.651915,1.000000,否
1,train/images/nozzle_no_extrusion_0359.jpg,train/images/nozzle_no_extrusion_0200.jpg,0.607510,0.633481,1.000000,否
1,train/images/nozzle_no_extrusion_0359.jpg,train/images/nozzle_no_extrusion_0166.jpg,0.599706,0.629186,1.000000,否
1,train/images/nozzle_no_extrusion_0359.jpg,val/images/nozzle_no_extrusion_0168.jpg,0.894686,0.877660,1.000000,否
1,train/images/nozzle_no_extrusion_0359.jpg,train/images/nozzle_no_extrusion_0354.jpg,0.586068,0.616111,1.000000,否
1,test/images/nozzle_no_extrusion_0244.jpg,train/images/nozzle_no_extrusion_0235.jpg,0.600572,0.675191,1.000000,否
1,test/images/nozzle_no_extrusion_0244.jpg,val/images/nozzle_no_extrusion_0199.jpg,0.681061,0.731576,1.000000,否
1,test/images/nozzle_no_extrusion_0244.jpg,train/images/nozzle_no_extrusion_0314.jpg,0.547860,0.525061,1.000000,否
1,test/images/nozzle_no_extrusion_0244.jpg,train/images/nozzle_no_extrusion_0312.jpg,0.673749,0.721622,1.000000,否
1,test/images/nozzle_no_extrusion_0244.jpg,test/images/nozzle_no_extrusion_0204.jpg,0.640715,0.708012,1.000000,否
1,test/images/nozzle_no_extrusion_0244.jpg,test/images/nozzle_no_extrusion_0195.jpg,0.584562,0.601293,1.000000,否
1,test/images/nozzle_no_extrusion_0244.jpg,train/images/nozzle_no_extrusion_0167.jpg,0.693366,0.769091,1.000000,否
1,test/images/nozzle_no_extrusion_0244.jpg,test/images/nozzle_no_extrusion_0276.jpg,0.573493,0.574511,1.000000,否
1,test/images/nozzle_no_extrusion_0244.jpg,train/images/nozzle_no_extrusion_0280.jpg,0.994292,0.961262,1.000000,是
1,test/images/nozzle_no_extrusion_0244.jpg,train/images/nozzle_no_extrusion_0353.jpg,0.667696,0.705102,1.000000,否
1,test/images/nozzle_no_extrusion_0244.jpg,train/images/nozzle_no_extrusion_0313.jpg,0.593780,0.627882,1.000000,否
1,test/images/nozzle_no_extrusion_0244.jpg,test/images/nozzle_no_extrusion_0319.jpg,0.663042,0.712427,1.000000,否
1,test/images/nozzle_no_extrusion_0244.jpg,test/images/nozzle_no_extrusion_0357.jpg,0.596051,0.655800,1.000000,否
1,test/images/nozzle_no_extrusion_0244.jpg,val/images/nozzle_no_extrusion_0271.jpg,0.605608,0.694352,1.000000,否
1,test/images/nozzle_no_extrusion_0244.jpg,train/images/nozzle_no_extrusion_0361.jpg,0.597214,0.644125,1.000000,否
1,test/images/nozzle_no_extrusion_0244.jpg,train/images/nozzle_no_extrusion_0205.jpg,0.885619,0.884548,1.000000,否
1,test/images/nozzle_no_extrusion_0244.jpg,train/images/nozzle_no_extrusion_0198.jpg,0.881805,0.894718,1.000000,否
1,test/images/nozzle_no_extrusion_0244.jpg,train/images/nozzle_no_extrusion_0239.jpg,0.612358,0.658558,1.000000,否
1,test/images/nozzle_no_extrusion_0244.jpg,train/images/nozzle_no_extrusion_0270.jpg,0.584611,0.607147,1.000000,否
1,test/images/nozzle_no_extrusion_0244.jpg,val/images/nozzle_no_extrusion_0236.jpg,0.660311,0.697825,1.000000,否
1,test/images/nozzle_no_extrusion_0244.jpg,train/images/nozzle_no_extrusion_0311.jpg,0.958114,0.942946,1.000000,否
1,test/images/nozzle_no_extrusion_0244.jpg,train/images/nozzle_no_extrusion_0237.jpg,0.903413,0.894481,1.000000,否
1,test/images/nozzle_no_extrusion_0244.jpg,train/images/nozzle_no_extrusion_0162.jpg,0.869854,0.864571,1.000000,否
1,test/images/nozzle_no_extrusion_0244.jpg,train/images/nozzle_no_extrusion_0165.jpg,0.567757,0.565232,1.000000,否
1,test/images/nozzle_no_extrusion_0244.jpg,train/images/nozzle_no_extrusion_0279.jpg,0.679923,0.751402,1.000000,否
1,test/images/nozzle_no_extrusion_0244.jpg,train/images/nozzle_no_extrusion_0356.jpg,0.556704,0.557397,1.000000,否
1,test/images/nozzle_no_extrusion_0244.jpg,test/images/nozzle_no_extrusion_0246.jpg,0.598287,0.648038,1.000000,否
1,test/images/nozzle_no_extrusion_0244.jpg,val/images/nozzle_no_extrusion_0360.jpg,0.657994,0.703463,1.000000,否
1,test/images/nozzle_no_extrusion_0244.jpg,train/images/nozzle_no_extrusion_0350.jpg,0.606892,0.690407,1.000000,否
1,test/images/nozzle_no_extrusion_0244.jpg,train/images/nozzle_no_extrusion_0308.jpg,0.585908,0.613560,1.000000,否
1,test/images/nozzle_no_extrusion_0244.jpg,train/images/nozzle_no_extrusion_0202.jpg,0.551712,0.537994,1.000000,否
1,test/images/nozzle_no_extrusion_0244.jpg,train/images/nozzle_no_extrusion_0197.jpg,0.662986,0.700816,1.000000,否
1,test/images/nozzle_no_extrusion_0244.jpg,train/images/nozzle_no_extrusion_0320.jpg,0.596745,0.629271,1.000000,否
1,test/images/nozzle_no_extrusion_0244.jpg,val/images/nozzle_no_extrusion_0310.jpg,0.670863,0.683044,1.000000,否
1,test/images/nozzle_no_extrusion_0244.jpg,val/images/nozzle_no_extrusion_0240.jpg,0.573887,0.559340,1.000000,否
1,test/images/nozzle_no_extrusion_0244.jpg,val/images/nozzle_no_extrusion_0349.jpg,0.586765,0.599885,1.000000,否
1,test/images/nozzle_no_extrusion_0244.jpg,train/images/nozzle_no_extrusion_0317.jpg,0.685092,0.769334,1.000000,否
1,test/images/nozzle_no_extrusion_0244.jpg,val/images/nozzle_no_extrusion_0201.jpg,0.573404,0.595057,1.000000,否
1,test/images/nozzle_no_extrusion_0244.jpg,train/images/nozzle_no_extrusion_0281.jpg,0.672268,0.693947,1.000000,否
1,test/images/nozzle_no_extrusion_0244.jpg,train/images/nozzle_no_extrusion_0234.jpg,0.583920,0.610621,1.000000,否
1,test/images/nozzle_no_extrusion_0244.jpg,train/images/nozzle_no_extrusion_0169.jpg,0.659959,0.706420,1.000000,否
1,test/images/nozzle_no_extrusion_0244.jpg,train/images/nozzle_no_extrusion_0278.jpg,0.590688,0.652494,1.000000,否
1,test/images/nozzle_no_extrusion_0244.jpg,val/images/nozzle_no_extrusion_0316.jpg,0.605101,0.666672,1.000000,否
1,test/images/nozzle_no_extrusion_0244.jpg,train/images/nozzle_no_extrusion_0200.jpg,0.612357,0.652482,1.000000,否
1,test/images/nozzle_no_extrusion_0244.jpg,train/images/nozzle_no_extrusion_0166.jpg,0.605576,0.648487,1.000000,否
1,test/images/nozzle_no_extrusion_0244.jpg,val/images/nozzle_no_extrusion_0168.jpg,0.834131,0.844032,1.000000,否
1,test/images/nozzle_no_extrusion_0244.jpg,train/images/nozzle_no_extrusion_0354.jpg,0.589949,0.626536,1.000000,否
1,train/images/nozzle_no_extrusion_0235.jpg,val/images/nozzle_no_extrusion_0199.jpg,0.582231,0.578724,1.000000,否
1,train/images/nozzle_no_extrusion_0235.jpg,train/images/nozzle_no_extrusion_0314.jpg,0.490932,0.425245,1.000000,否
1,train/images/nozzle_no_extrusion_0235.jpg,train/images/nozzle_no_extrusion_0312.jpg,0.576759,0.579349,1.000000,否
1,train/images/nozzle_no_extrusion_0235.jpg,test/images/nozzle_no_extrusion_0204.jpg,0.555368,0.532043,1.000000,否
1,train/images/nozzle_no_extrusion_0235.jpg,test/images/nozzle_no_extrusion_0195.jpg,0.713472,0.788927,1.000000,否
1,train/images/nozzle_no_extrusion_0235.jpg,train/images/nozzle_no_extrusion_0167.jpg,0.577456,0.561301,1.000000,否
1,train/images/nozzle_no_extrusion_0235.jpg,test/images/nozzle_no_extrusion_0276.jpg,0.500278,0.455780,1.000000,否
1,train/images/nozzle_no_extrusion_0235.jpg,train/images/nozzle_no_extrusion_0280.jpg,0.596137,0.671908,1.000000,否
1,train/images/nozzle_no_extrusion_0235.jpg,train/images/nozzle_no_extrusion_0353.jpg,0.574744,0.565509,1.000000,否
1,train/images/nozzle_no_extrusion_0235.jpg,train/images/nozzle_no_extrusion_0313.jpg,0.525661,0.475885,1.000000,否
1,train/images/nozzle_no_extrusion_0235.jpg,test/images/nozzle_no_extrusion_0319.jpg,0.684898,0.794806,1.000000,否
1,train/images/nozzle_no_extrusion_0235.jpg,test/images/nozzle_no_extrusion_0357.jpg,0.522681,0.472332,1.000000,否
1,train/images/nozzle_no_extrusion_0235.jpg,val/images/nozzle_no_extrusion_0271.jpg,0.959829,0.955662,1.000000,是
1,train/images/nozzle_no_extrusion_0235.jpg,train/images/nozzle_no_extrusion_0361.jpg,0.869348,0.912859,1.000000,否
1,train/images/nozzle_no_extrusion_0235.jpg,train/images/nozzle_no_extrusion_0205.jpg,0.586911,0.620380,1.000000,否
1,train/images/nozzle_no_extrusion_0235.jpg,train/images/nozzle_no_extrusion_0198.jpg,0.611278,0.695717,1.000000,否
1,train/images/nozzle_no_extrusion_0235.jpg,train/images/nozzle_no_extrusion_0239.jpg,0.550303,0.496196,1.000000,否
1,train/images/nozzle_no_extrusion_0235.jpg,train/images/nozzle_no_extrusion_0270.jpg,0.710081,0.774765,1.000000,否
1,train/images/nozzle_no_extrusion_0235.jpg,val/images/nozzle_no_extrusion_0236.jpg,0.696336,0.793260,1.000000,否
1,train/images/nozzle_no_extrusion_0235.jpg,train/images/nozzle_no_extrusion_0311.jpg,0.605166,0.686251,1.000000,否
1,train/images/nozzle_no_extrusion_0235.jpg,train/images/nozzle_no_extrusion_0237.jpg,0.614812,0.702991,1.000000,否
1,train/images/nozzle_no_extrusion_0235.jpg,train/images/nozzle_no_extrusion_0162.jpg,0.615233,0.676408,1.000000,否
1,train/images/nozzle_no_extrusion_0235.jpg,train/images/nozzle_no_extrusion_0165.jpg,0.493612,0.446351,1.000000,否
1,train/images/nozzle_no_extrusion_0235.jpg,train/images/nozzle_no_extrusion_0279.jpg,0.571797,0.578052,1.000000,否
1,train/images/nozzle_no_extrusion_0235.jpg,train/images/nozzle_no_extrusion_0356.jpg,0.489442,0.439228,1.000000,否
1,train/images/nozzle_no_extrusion_0235.jpg,test/images/nozzle_no_extrusion_0246.jpg,0.828556,0.902978,1.000000,否
1,train/images/nozzle_no_extrusion_0235.jpg,val/images/nozzle_no_extrusion_0360.jpg,0.685035,0.791657,1.000000,否
1,train/images/nozzle_no_extrusion_0235.jpg,train/images/nozzle_no_extrusion_0350.jpg,0.928436,0.945363,1.000000,否
1,train/images/nozzle_no_extrusion_0235.jpg,train/images/nozzle_no_extrusion_0308.jpg,0.726778,0.828891,1.000000,否
1,train/images/nozzle_no_extrusion_0235.jpg,train/images/nozzle_no_extrusion_0202.jpg,0.492421,0.434147,1.000000,否
1,train/images/nozzle_no_extrusion_0235.jpg,train/images/nozzle_no_extrusion_0197.jpg,0.692215,0.784944,1.000000,否
1,train/images/nozzle_no_extrusion_0235.jpg,train/images/nozzle_no_extrusion_0320.jpg,0.791720,0.877685,1.000000,否
1,train/images/nozzle_no_extrusion_0235.jpg,val/images/nozzle_no_extrusion_0310.jpg,0.685621,0.745082,1.000000,否
1,train/images/nozzle_no_extrusion_0235.jpg,val/images/nozzle_no_extrusion_0240.jpg,0.499509,0.447163,1.000000,否
1,train/images/nozzle_no_extrusion_0235.jpg,val/images/nozzle_no_extrusion_0349.jpg,0.724553,0.802296,1.000000,否
1,train/images/nozzle_no_extrusion_0235.jpg,train/images/nozzle_no_extrusion_0317.jpg,0.573613,0.578167,1.000000,否
1,train/images/nozzle_no_extrusion_0235.jpg,val/images/nozzle_no_extrusion_0201.jpg,0.503135,0.466094,1.000000,否
1,train/images/nozzle_no_extrusion_0235.jpg,train/images/nozzle_no_extrusion_0281.jpg,0.680107,0.772051,1.000000,否
1,train/images/nozzle_no_extrusion_0235.jpg,train/images/nozzle_no_extrusion_0234.jpg,0.714148,0.788526,1.000000,否
1,train/images/nozzle_no_extrusion_0235.jpg,train/images/nozzle_no_extrusion_0169.jpg,0.690632,0.774482,1.000000,否
1,train/images/nozzle_no_extrusion_0235.jpg,train/images/nozzle_no_extrusion_0278.jpg,0.514423,0.478276,1.000000,否
1,train/images/nozzle_no_extrusion_0235.jpg,val/images/nozzle_no_extrusion_0316.jpg,0.532758,0.474406,1.000000,否
1,train/images/nozzle_no_extrusion_0235.jpg,train/images/nozzle_no_extrusion_0200.jpg,0.548392,0.485603,1.000000,否
1,train/images/nozzle_no_extrusion_0235.jpg,train/images/nozzle_no_extrusion_0166.jpg,0.536446,0.474812,1.000000,否
1,train/images/nozzle_no_extrusion_0235.jpg,val/images/nozzle_no_extrusion_0168.jpg,0.613325,0.682215,1.000000,否
1,train/images/nozzle_no_extrusion_0235.jpg,train/images/nozzle_no_extrusion_0354.jpg,0.521276,0.471068,1.000000,否
1,val/images/nozzle_no_extrusion_0199.jpg,train/images/nozzle_no_extrusion_0314.jpg,0.585161,0.664208,1.000000,否
1,val/images/nozzle_no_extrusion_0199.jpg,train/images/nozzle_no_extrusion_0312.jpg,0.931774,0.953449,1.000000,否
1,val/images/nozzle_no_extrusion_0199.jpg,test/images/nozzle_no_extrusion_0204.jpg,0.726707,0.847130,1.000000,否
1,val/images/nozzle_no_extrusion_0199.jpg,test/images/nozzle_no_extrusion_0195.jpg,0.567619,0.565547,1.000000,否
1,val/images/nozzle_no_extrusion_0199.jpg,train/images/nozzle_no_extrusion_0167.jpg,0.878830,0.921438,1.000000,否
1,val/images/nozzle_no_extrusion_0199.jpg,test/images/nozzle_no_extrusion_0276.jpg,0.601416,0.709875,1.000000,否
1,val/images/nozzle_no_extrusion_0199.jpg,train/images/nozzle_no_extrusion_0280.jpg,0.685257,0.739427,1.000000,否
1,val/images/nozzle_no_extrusion_0199.jpg,train/images/nozzle_no_extrusion_0353.jpg,0.878248,0.933053,1.000000,否
1,val/images/nozzle_no_extrusion_0199.jpg,train/images/nozzle_no_extrusion_0313.jpg,0.651145,0.766905,1.000000,否
1,val/images/nozzle_no_extrusion_0199.jpg,test/images/nozzle_no_extrusion_0319.jpg,0.602169,0.619170,1.000000,否
1,val/images/nozzle_no_extrusion_0199.jpg,test/images/nozzle_no_extrusion_0357.jpg,0.650874,0.771635,1.000000,否
1,val/images/nozzle_no_extrusion_0199.jpg,val/images/nozzle_no_extrusion_0271.jpg,0.584174,0.592242,1.000000,否
1,val/images/nozzle_no_extrusion_0199.jpg,train/images/nozzle_no_extrusion_0361.jpg,0.577009,0.566256,1.000000,否
1,val/images/nozzle_no_extrusion_0199.jpg,train/images/nozzle_no_extrusion_0205.jpg,0.724053,0.815078,1.000000,否
1,val/images/nozzle_no_extrusion_0199.jpg,train/images/nozzle_no_extrusion_0198.jpg,0.677568,0.710168,1.000000,否
1,val/images/nozzle_no_extrusion_0199.jpg,train/images/nozzle_no_extrusion_0239.jpg,0.685254,0.804879,1.000000,否
1,val/images/nozzle_no_extrusion_0199.jpg,train/images/nozzle_no_extrusion_0270.jpg,0.567443,0.550217,1.000000,否
1,val/images/nozzle_no_extrusion_0199.jpg,val/images/nozzle_no_extrusion_0236.jpg,0.600511,0.622665,1.000000,否
1,val/images/nozzle_no_extrusion_0199.jpg,train/images/nozzle_no_extrusion_0311.jpg,0.678995,0.728007,1.000000,否
1,val/images/nozzle_no_extrusion_0199.jpg,train/images/nozzle_no_extrusion_0237.jpg,0.673815,0.695975,1.000000,否
1,val/images/nozzle_no_extrusion_0199.jpg,train/images/nozzle_no_extrusion_0162.jpg,0.667794,0.672704,1.000000,否
1,val/images/nozzle_no_extrusion_0199.jpg,train/images/nozzle_no_extrusion_0165.jpg,0.587151,0.690928,1.000000,否
1,val/images/nozzle_no_extrusion_0199.jpg,train/images/nozzle_no_extrusion_0279.jpg,0.948045,0.937252,1.000000,否
1,val/images/nozzle_no_extrusion_0199.jpg,train/images/nozzle_no_extrusion_0356.jpg,0.584250,0.685727,1.000000,否
1,val/images/nozzle_no_extrusion_0199.jpg,test/images/nozzle_no_extrusion_0246.jpg,0.576343,0.575122,1.000000,否
1,val/images/nozzle_no_extrusion_0199.jpg,val/images/nozzle_no_extrusion_0360.jpg,0.599883,0.614843,1.000000,否
1,val/images/nozzle_no_extrusion_0199.jpg,train/images/nozzle_no_extrusion_0350.jpg,0.585220,0.589221,1.000000,否
1,val/images/nozzle_no_extrusion_0199.jpg,train/images/nozzle_no_extrusion_0308.jpg,0.569131,0.578056,1.000000,否
1,val/images/nozzle_no_extrusion_0199.jpg,train/images/nozzle_no_extrusion_0202.jpg,0.586073,0.679105,1.000000,否
1,val/images/nozzle_no_extrusion_0199.jpg,train/images/nozzle_no_extrusion_0197.jpg,0.602901,0.629235,1.000000,否
1,val/images/nozzle_no_extrusion_0199.jpg,train/images/nozzle_no_extrusion_0320.jpg,0.573469,0.570812,1.000000,否
1,val/images/nozzle_no_extrusion_0199.jpg,val/images/nozzle_no_extrusion_0310.jpg,0.606032,0.613585,1.000000,否
1,val/images/nozzle_no_extrusion_0199.jpg,val/images/nozzle_no_extrusion_0240.jpg,0.600124,0.695987,1.000000,否
1,val/images/nozzle_no_extrusion_0199.jpg,val/images/nozzle_no_extrusion_0349.jpg,0.570214,0.570596,1.000000,否
1,val/images/nozzle_no_extrusion_0199.jpg,train/images/nozzle_no_extrusion_0317.jpg,0.945199,0.921983,1.000000,否
1,val/images/nozzle_no_extrusion_0199.jpg,val/images/nozzle_no_extrusion_0201.jpg,0.614091,0.728229,1.000000,否
1,val/images/nozzle_no_extrusion_0199.jpg,train/images/nozzle_no_extrusion_0281.jpg,0.605891,0.611567,1.000000,否
1,val/images/nozzle_no_extrusion_0199.jpg,train/images/nozzle_no_extrusion_0234.jpg,0.566623,0.559479,1.000000,否
1,val/images/nozzle_no_extrusion_0199.jpg,train/images/nozzle_no_extrusion_0169.jpg,0.601877,0.627272,1.000000,否
1,val/images/nozzle_no_extrusion_0199.jpg,train/images/nozzle_no_extrusion_0278.jpg,0.635849,0.767962,1.000000,否
1,val/images/nozzle_no_extrusion_0199.jpg,val/images/nozzle_no_extrusion_0316.jpg,0.665560,0.788234,1.000000,否
1,val/images/nozzle_no_extrusion_0199.jpg,train/images/nozzle_no_extrusion_0200.jpg,0.680795,0.804981,1.000000,否
1,val/images/nozzle_no_extrusion_0199.jpg,train/images/nozzle_no_extrusion_0166.jpg,0.673730,0.786454,1.000000,否
1,val/images/nozzle_no_extrusion_0199.jpg,val/images/nozzle_no_extrusion_0168.jpg,0.668938,0.658729,1.000000,否
1,val/images/nozzle_no_extrusion_0199.jpg,train/images/nozzle_no_extrusion_0354.jpg,0.642846,0.758398,1.000000,否
1,train/images/nozzle_no_extrusion_0314.jpg,train/images/nozzle_no_extrusion_0312.jpg,0.591744,0.684934,1.000000,否
1,train/images/nozzle_no_extrusion_0314.jpg,test/images/nozzle_no_extrusion_0204.jpg,0.611494,0.720116,1.000000,否
1,train/images/nozzle_no_extrusion_0314.jpg,test/images/nozzle_no_extrusion_0195.jpg,0.482154,0.419493,1.000000,否
1,train/images/nozzle_no_extrusion_0314.jpg,train/images/nozzle_no_extrusion_0167.jpg,0.573568,0.631189,1.000000,否
1,train/images/nozzle_no_extrusion_0314.jpg,test/images/nozzle_no_extrusion_0276.jpg,0.755871,0.879886,1.000000,否
1,train/images/nozzle_no_extrusion_0314.jpg,train/images/nozzle_no_extrusion_0280.jpg,0.549834,0.530038,1.000000,否
1,train/images/nozzle_no_extrusion_0314.jpg,train/images/nozzle_no_extrusion_0353.jpg,0.595139,0.690483,1.000000,否
1,train/images/nozzle_no_extrusion_0314.jpg,train/images/nozzle_no_extrusion_0313.jpg,0.668739,0.803215,1.000000,否
1,train/images/nozzle_no_extrusion_0314.jpg,test/images/nozzle_no_extrusion_0319.jpg,0.509213,0.461627,1.000000,否
1,train/images/nozzle_no_extrusion_0314.jpg,test/images/nozzle_no_extrusion_0357.jpg,0.657405,0.767530,1.000000,否
1,train/images/nozzle_no_extrusion_0314.jpg,val/images/nozzle_no_extrusion_0271.jpg,0.493867,0.440687,1.000000,否
1,train/images/nozzle_no_extrusion_0314.jpg,train/images/nozzle_no_extrusion_0361.jpg,0.488797,0.406624,1.000000,否
1,train/images/nozzle_no_extrusion_0314.jpg,train/images/nozzle_no_extrusion_0205.jpg,0.566393,0.577332,1.000000,否
1,train/images/nozzle_no_extrusion_0314.jpg,train/images/nozzle_no_extrusion_0198.jpg,0.536360,0.516757,1.000000,否
1,train/images/nozzle_no_extrusion_0314.jpg,train/images/nozzle_no_extrusion_0239.jpg,0.631125,0.792730,1.000000,否
1,train/images/nozzle_no_extrusion_0314.jpg,train/images/nozzle_no_extrusion_0270.jpg,0.475690,0.416773,1.000000,否
1,train/images/nozzle_no_extrusion_0314.jpg,val/images/nozzle_no_extrusion_0236.jpg,0.510753,0.464917,1.000000,否
1,train/images/nozzle_no_extrusion_0314.jpg,train/images/nozzle_no_extrusion_0311.jpg,0.544707,0.528360,1.000000,否
1,train/images/nozzle_no_extrusion_0314.jpg,train/images/nozzle_no_extrusion_0237.jpg,0.534488,0.504076,1.000000,否
1,train/images/nozzle_no_extrusion_0314.jpg,train/images/nozzle_no_extrusion_0162.jpg,0.530058,0.482656,1.000000,否
1,train/images/nozzle_no_extrusion_0314.jpg,train/images/nozzle_no_extrusion_0165.jpg,0.893653,0.909279,1.000000,否
1,train/images/nozzle_no_extrusion_0314.jpg,train/images/nozzle_no_extrusion_0279.jpg,0.582465,0.627390,1.000000,否
1,train/images/nozzle_no_extrusion_0314.jpg,train/images/nozzle_no_extrusion_0356.jpg,0.955792,0.945022,1.000000,否
1,train/images/nozzle_no_extrusion_0314.jpg,test/images/nozzle_no_extrusion_0246.jpg,0.490702,0.400705,1.000000,否
1,train/images/nozzle_no_extrusion_0314.jpg,val/images/nozzle_no_extrusion_0360.jpg,0.508765,0.454817,1.000000,否
1,train/images/nozzle_no_extrusion_0314.jpg,train/images/nozzle_no_extrusion_0350.jpg,0.494676,0.445331,1.000000,否
1,train/images/nozzle_no_extrusion_0314.jpg,train/images/nozzle_no_extrusion_0308.jpg,0.488310,0.424761,1.000000,否
1,train/images/nozzle_no_extrusion_0314.jpg,train/images/nozzle_no_extrusion_0202.jpg,0.982187,0.962097,1.000000,是
1,train/images/nozzle_no_extrusion_0314.jpg,train/images/nozzle_no_extrusion_0197.jpg,0.512597,0.473531,1.000000,否
1,train/images/nozzle_no_extrusion_0314.jpg,train/images/nozzle_no_extrusion_0320.jpg,0.490891,0.400851,1.000000,否
1,train/images/nozzle_no_extrusion_0314.jpg,val/images/nozzle_no_extrusion_0310.jpg,0.517385,0.465169,1.000000,否
1,train/images/nozzle_no_extrusion_0314.jpg,val/images/nozzle_no_extrusion_0240.jpg,0.794237,0.890317,1.000000,否
1,train/images/nozzle_no_extrusion_0314.jpg,val/images/nozzle_no_extrusion_0349.jpg,0.488325,0.420636,1.000000,否
1,train/images/nozzle_no_extrusion_0314.jpg,train/images/nozzle_no_extrusion_0317.jpg,0.576494,0.611549,1.000000,否
1,train/images/nozzle_no_extrusion_0314.jpg,val/images/nozzle_no_extrusion_0201.jpg,0.687246,0.852900,1.000000,否
1,train/images/nozzle_no_extrusion_0314.jpg,train/images/nozzle_no_extrusion_0281.jpg,0.511879,0.461347,1.000000,否
1,train/images/nozzle_no_extrusion_0314.jpg,train/images/nozzle_no_extrusion_0234.jpg,0.478645,0.421439,1.000000,否
1,train/images/nozzle_no_extrusion_0314.jpg,train/images/nozzle_no_extrusion_0169.jpg,0.509447,0.465090,1.000000,否
1,train/images/nozzle_no_extrusion_0314.jpg,train/images/nozzle_no_extrusion_0278.jpg,0.671981,0.782135,1.000000,否
1,train/images/nozzle_no_extrusion_0314.jpg,val/images/nozzle_no_extrusion_0316.jpg,0.638255,0.768531,1.000000,否
1,train/images/nozzle_no_extrusion_0314.jpg,train/images/nozzle_no_extrusion_0200.jpg,0.630491,0.799629,1.000000,否
1,train/images/nozzle_no_extrusion_0314.jpg,train/images/nozzle_no_extrusion_0166.jpg,0.645898,0.793537,1.000000,否
1,train/images/nozzle_no_extrusion_0314.jpg,val/images/nozzle_no_extrusion_0168.jpg,0.529670,0.473506,1.000000,否
1,train/images/nozzle_no_extrusion_0314.jpg,train/images/nozzle_no_extrusion_0354.jpg,0.674666,0.800662,1.000000,否
1,train/images/nozzle_no_extrusion_0312.jpg,test/images/nozzle_no_extrusion_0204.jpg,0.816214,0.877676,1.000000,否
1,train/images/nozzle_no_extrusion_0312.jpg,test/images/nozzle_no_extrusion_0195.jpg,0.558850,0.547509,1.000000,否
1,train/images/nozzle_no_extrusion_0312.jpg,train/images/nozzle_no_extrusion_0167.jpg,0.855503,0.897409,1.000000,否
1,train/images/nozzle_no_extrusion_0312.jpg,test/images/nozzle_no_extrusion_0276.jpg,0.612103,0.734812,1.000000,否
1,train/images/nozzle_no_extrusion_0312.jpg,train/images/nozzle_no_extrusion_0280.jpg,0.677452,0.728062,1.000000,否
1,train/images/nozzle_no_extrusion_0312.jpg,train/images/nozzle_no_extrusion_0353.jpg,0.982241,0.964024,1.000000,是
1,train/images/nozzle_no_extrusion_0312.jpg,train/images/nozzle_no_extrusion_0313.jpg,0.668282,0.790303,1.000000,否
1,train/images/nozzle_no_extrusion_0312.jpg,test/images/nozzle_no_extrusion_0319.jpg,0.595565,0.614305,1.000000,否
1,train/images/nozzle_no_extrusion_0312.jpg,test/images/nozzle_no_extrusion_0357.jpg,0.663027,0.789244,1.000000,否
1,train/images/nozzle_no_extrusion_0312.jpg,val/images/nozzle_no_extrusion_0271.jpg,0.581108,0.589726,1.000000,否
1,train/images/nozzle_no_extrusion_0312.jpg,train/images/nozzle_no_extrusion_0361.jpg,0.570242,0.570684,1.000000,否
1,train/images/nozzle_no_extrusion_0312.jpg,train/images/nozzle_no_extrusion_0205.jpg,0.691799,0.788136,1.000000,否
1,train/images/nozzle_no_extrusion_0312.jpg,train/images/nozzle_no_extrusion_0198.jpg,0.659411,0.699239,1.000000,否
1,train/images/nozzle_no_extrusion_0312.jpg,train/images/nozzle_no_extrusion_0239.jpg,0.685987,0.826823,1.000000,否
1,train/images/nozzle_no_extrusion_0312.jpg,train/images/nozzle_no_extrusion_0270.jpg,0.556106,0.537298,1.000000,否
1,train/images/nozzle_no_extrusion_0312.jpg,val/images/nozzle_no_extrusion_0236.jpg,0.593821,0.611625,1.000000,否
1,train/images/nozzle_no_extrusion_0312.jpg,train/images/nozzle_no_extrusion_0311.jpg,0.671275,0.725692,1.000000,否
1,train/images/nozzle_no_extrusion_0312.jpg,train/images/nozzle_no_extrusion_0237.jpg,0.659016,0.691650,1.000000,否
1,train/images/nozzle_no_extrusion_0312.jpg,train/images/nozzle_no_extrusion_0162.jpg,0.654536,0.664702,1.000000,否
1,train/images/nozzle_no_extrusion_0312.jpg,train/images/nozzle_no_extrusion_0165.jpg,0.597777,0.716697,1.000000,否
1,train/images/nozzle_no_extrusion_0312.jpg,train/images/nozzle_no_extrusion_0279.jpg,0.936329,0.931616,1.000000,否
1,train/images/nozzle_no_extrusion_0312.jpg,train/images/nozzle_no_extrusion_0356.jpg,0.590362,0.707975,1.000000,否
1,train/images/nozzle_no_extrusion_0312.jpg,test/images/nozzle_no_extrusion_0246.jpg,0.570246,0.574031,1.000000,否
1,train/images/nozzle_no_extrusion_0312.jpg,val/images/nozzle_no_extrusion_0360.jpg,0.593662,0.613161,1.000000,否
1,train/images/nozzle_no_extrusion_0312.jpg,train/images/nozzle_no_extrusion_0350.jpg,0.582993,0.591877,1.000000,否
1,train/images/nozzle_no_extrusion_0312.jpg,train/images/nozzle_no_extrusion_0308.jpg,0.564797,0.569675,1.000000,否
1,train/images/nozzle_no_extrusion_0312.jpg,train/images/nozzle_no_extrusion_0202.jpg,0.590787,0.696456,1.000000,否
1,train/images/nozzle_no_extrusion_0312.jpg,train/images/nozzle_no_extrusion_0197.jpg,0.595937,0.618370,1.000000,否
1,train/images/nozzle_no_extrusion_0312.jpg,train/images/nozzle_no_extrusion_0320.jpg,0.569287,0.568879,1.000000,否
1,train/images/nozzle_no_extrusion_0312.jpg,val/images/nozzle_no_extrusion_0310.jpg,0.598526,0.604789,1.000000,否
1,train/images/nozzle_no_extrusion_0312.jpg,val/images/nozzle_no_extrusion_0240.jpg,0.610715,0.721492,1.000000,否
1,train/images/nozzle_no_extrusion_0312.jpg,val/images/nozzle_no_extrusion_0349.jpg,0.564590,0.562517,1.000000,否
1,train/images/nozzle_no_extrusion_0312.jpg,train/images/nozzle_no_extrusion_0317.jpg,0.889164,0.907769,1.000000,否
1,train/images/nozzle_no_extrusion_0312.jpg,val/images/nozzle_no_extrusion_0201.jpg,0.623231,0.745594,1.000000,否
1,train/images/nozzle_no_extrusion_0312.jpg,train/images/nozzle_no_extrusion_0281.jpg,0.599345,0.603984,1.000000,否
1,train/images/nozzle_no_extrusion_0312.jpg,train/images/nozzle_no_extrusion_0234.jpg,0.557504,0.544109,1.000000,否
1,train/images/nozzle_no_extrusion_0312.jpg,train/images/nozzle_no_extrusion_0169.jpg,0.595003,0.611607,1.000000,否
1,train/images/nozzle_no_extrusion_0312.jpg,train/images/nozzle_no_extrusion_0278.jpg,0.650979,0.788506,1.000000,否
1,train/images/nozzle_no_extrusion_0312.jpg,val/images/nozzle_no_extrusion_0316.jpg,0.670325,0.807250,1.000000,否
1,train/images/nozzle_no_extrusion_0312.jpg,train/images/nozzle_no_extrusion_0200.jpg,0.680944,0.820252,1.000000,否
1,train/images/nozzle_no_extrusion_0312.jpg,train/images/nozzle_no_extrusion_0166.jpg,0.680138,0.804588,1.000000,否
1,train/images/nozzle_no_extrusion_0312.jpg,val/images/nozzle_no_extrusion_0168.jpg,0.652141,0.655862,1.000000,否
1,train/images/nozzle_no_extrusion_0312.jpg,train/images/nozzle_no_extrusion_0354.jpg,0.660447,0.782610,1.000000,否
1,test/images/nozzle_no_extrusion_0204.jpg,test/images/nozzle_no_extrusion_0195.jpg,0.529300,0.489685,1.000000,否
1,test/images/nozzle_no_extrusion_0204.jpg,train/images/nozzle_no_extrusion_0167.jpg,0.695316,0.817869,1.000000,否
1,test/images/nozzle_no_extrusion_0204.jpg,test/images/nozzle_no_extrusion_0276.jpg,0.632168,0.772460,1.000000,否
1,test/images/nozzle_no_extrusion_0204.jpg,train/images/nozzle_no_extrusion_0280.jpg,0.643045,0.712104,1.000000,否
1,test/images/nozzle_no_extrusion_0204.jpg,train/images/nozzle_no_extrusion_0353.jpg,0.867381,0.889892,1.000000,否
1,test/images/nozzle_no_extrusion_0204.jpg,train/images/nozzle_no_extrusion_0313.jpg,0.687340,0.844408,1.000000,否
1,test/images/nozzle_no_extrusion_0204.jpg,test/images/nozzle_no_extrusion_0319.jpg,0.589388,0.593572,1.000000,否
1,test/images/nozzle_no_extrusion_0204.jpg,test/images/nozzle_no_extrusion_0357.jpg,0.692320,0.866477,1.000000,否
1,test/images/nozzle_no_extrusion_0204.jpg,val/images/nozzle_no_extrusion_0271.jpg,0.558863,0.546198,1.000000,否
1,test/images/nozzle_no_extrusion_0204.jpg,train/images/nozzle_no_extrusion_0361.jpg,0.556937,0.519984,1.000000,否
1,test/images/nozzle_no_extrusion_0204.jpg,train/images/nozzle_no_extrusion_0205.jpg,0.668126,0.763234,1.000000,否
1,test/images/nozzle_no_extrusion_0204.jpg,train/images/nozzle_no_extrusion_0198.jpg,0.616473,0.667127,1.000000,否
1,test/images/nozzle_no_extrusion_0204.jpg,train/images/nozzle_no_extrusion_0239.jpg,0.791818,0.903551,1.000000,否
1,test/images/nozzle_no_extrusion_0204.jpg,train/images/nozzle_no_extrusion_0270.jpg,0.525139,0.488399,1.000000,否
1,test/images/nozzle_no_extrusion_0204.jpg,val/images/nozzle_no_extrusion_0236.jpg,0.580497,0.581001,1.000000,否
1,test/images/nozzle_no_extrusion_0204.jpg,train/images/nozzle_no_extrusion_0311.jpg,0.626824,0.687899,1.000000,否
1,test/images/nozzle_no_extrusion_0204.jpg,train/images/nozzle_no_extrusion_0237.jpg,0.616182,0.655422,1.000000,否
1,test/images/nozzle_no_extrusion_0204.jpg,train/images/nozzle_no_extrusion_0162.jpg,0.618978,0.652662,1.000000,否
1,test/images/nozzle_no_extrusion_0204.jpg,train/images/nozzle_no_extrusion_0165.jpg,0.623478,0.776663,1.000000,否
1,test/images/nozzle_no_extrusion_0204.jpg,train/images/nozzle_no_extrusion_0279.jpg,0.749512,0.864985,1.000000,否
1,test/images/nozzle_no_extrusion_0204.jpg,train/images/nozzle_no_extrusion_0356.jpg,0.619026,0.767078,1.000000,否
1,test/images/nozzle_no_extrusion_0204.jpg,test/images/nozzle_no_extrusion_0246.jpg,0.557398,0.523764,1.000000,否
1,test/images/nozzle_no_extrusion_0204.jpg,val/images/nozzle_no_extrusion_0360.jpg,0.588492,0.590504,1.000000,否
1,test/images/nozzle_no_extrusion_0204.jpg,train/images/nozzle_no_extrusion_0350.jpg,0.560177,0.544682,1.000000,否
1,test/images/nozzle_no_extrusion_0204.jpg,train/images/nozzle_no_extrusion_0308.jpg,0.536395,0.504458,1.000000,否
1,test/images/nozzle_no_extrusion_0204.jpg,train/images/nozzle_no_extrusion_0202.jpg,0.615165,0.740720,1.000000,否
1,test/images/nozzle_no_extrusion_0204.jpg,train/images/nozzle_no_extrusion_0197.jpg,0.581851,0.591888,1.000000,否
1,test/images/nozzle_no_extrusion_0204.jpg,train/images/nozzle_no_extrusion_0320.jpg,0.555305,0.513271,1.000000,否
1,test/images/nozzle_no_extrusion_0204.jpg,val/images/nozzle_no_extrusion_0310.jpg,0.582260,0.573752,1.000000,否
1,test/images/nozzle_no_extrusion_0204.jpg,val/images/nozzle_no_extrusion_0240.jpg,0.628041,0.761171,1.000000,否
1,test/images/nozzle_no_extrusion_0204.jpg,val/images/nozzle_no_extrusion_0349.jpg,0.534505,0.497235,1.000000,否
1,test/images/nozzle_no_extrusion_0204.jpg,train/images/nozzle_no_extrusion_0317.jpg,0.709398,0.831885,1.000000,否
1,test/images/nozzle_no_extrusion_0204.jpg,val/images/nozzle_no_extrusion_0201.jpg,0.650752,0.784039,1.000000,否
1,test/images/nozzle_no_extrusion_0204.jpg,train/images/nozzle_no_extrusion_0281.jpg,0.591270,0.588248,1.000000,否
1,test/images/nozzle_no_extrusion_0204.jpg,train/images/nozzle_no_extrusion_0234.jpg,0.526588,0.490728,1.000000,否
1,test/images/nozzle_no_extrusion_0204.jpg,train/images/nozzle_no_extrusion_0169.jpg,0.584003,0.596231,1.000000,否
1,test/images/nozzle_no_extrusion_0204.jpg,train/images/nozzle_no_extrusion_0278.jpg,0.685457,0.862621,1.000000,否
1,test/images/nozzle_no_extrusion_0204.jpg,val/images/nozzle_no_extrusion_0316.jpg,0.726660,0.902656,1.000000,否
1,test/images/nozzle_no_extrusion_0204.jpg,train/images/nozzle_no_extrusion_0200.jpg,0.808921,0.898885,1.000000,否
1,test/images/nozzle_no_extrusion_0204.jpg,train/images/nozzle_no_extrusion_0166.jpg,0.720949,0.887126,1.000000,否
1,test/images/nozzle_no_extrusion_0204.jpg,val/images/nozzle_no_extrusion_0168.jpg,0.615586,0.645173,1.000000,否
1,test/images/nozzle_no_extrusion_0204.jpg,train/images/nozzle_no_extrusion_0354.jpg,0.684313,0.840846,1.000000,否
1,test/images/nozzle_no_extrusion_0195.jpg,train/images/nozzle_no_extrusion_0167.jpg,0.561648,0.564497,1.000000,否
1,test/images/nozzle_no_extrusion_0195.jpg,test/images/nozzle_no_extrusion_0276.jpg,0.497833,0.432545,1.000000,否
1,test/images/nozzle_no_extrusion_0195.jpg,train/images/nozzle_no_extrusion_0280.jpg,0.579928,0.608956,1.000000,否
1,test/images/nozzle_no_extrusion_0195.jpg,train/images/nozzle_no_extrusion_0353.jpg,0.554896,0.529441,1.000000,否
1,test/images/nozzle_no_extrusion_0195.jpg,train/images/nozzle_no_extrusion_0313.jpg,0.500942,0.455172,1.000000,否
1,test/images/nozzle_no_extrusion_0195.jpg,test/images/nozzle_no_extrusion_0319.jpg,0.618104,0.729871,1.000000,否
1,test/images/nozzle_no_extrusion_0195.jpg,test/images/nozzle_no_extrusion_0357.jpg,0.497323,0.455487,1.000000,否
1,test/images/nozzle_no_extrusion_0195.jpg,val/images/nozzle_no_extrusion_0271.jpg,0.698764,0.777875,1.000000,否
1,test/images/nozzle_no_extrusion_0195.jpg,train/images/nozzle_no_extrusion_0361.jpg,0.729413,0.797103,1.000000,否
1,test/images/nozzle_no_extrusion_0195.jpg,train/images/nozzle_no_extrusion_0205.jpg,0.574843,0.598789,1.000000,否
1,test/images/nozzle_no_extrusion_0195.jpg,train/images/nozzle_no_extrusion_0198.jpg,0.591065,0.618368,1.000000,否
1,test/images/nozzle_no_extrusion_0195.jpg,train/images/nozzle_no_extrusion_0239.jpg,0.517746,0.471177,1.000000,否
1,test/images/nozzle_no_extrusion_0195.jpg,train/images/nozzle_no_extrusion_0270.jpg,0.963613,0.950499,1.000000,是
1,test/images/nozzle_no_extrusion_0195.jpg,val/images/nozzle_no_extrusion_0236.jpg,0.620708,0.729321,1.000000,否
1,test/images/nozzle_no_extrusion_0195.jpg,train/images/nozzle_no_extrusion_0311.jpg,0.587005,0.605390,1.000000,否
1,test/images/nozzle_no_extrusion_0195.jpg,train/images/nozzle_no_extrusion_0237.jpg,0.590882,0.619809,1.000000,否
1,test/images/nozzle_no_extrusion_0195.jpg,train/images/nozzle_no_extrusion_0162.jpg,0.586231,0.610703,1.000000,否
1,test/images/nozzle_no_extrusion_0195.jpg,train/images/nozzle_no_extrusion_0165.jpg,0.500875,0.427030,1.000000,否
1,test/images/nozzle_no_extrusion_0195.jpg,train/images/nozzle_no_extrusion_0279.jpg,0.554770,0.558045,1.000000,否
1,test/images/nozzle_no_extrusion_0195.jpg,train/images/nozzle_no_extrusion_0356.jpg,0.482397,0.430418,1.000000,否
1,test/images/nozzle_no_extrusion_0195.jpg,test/images/nozzle_no_extrusion_0246.jpg,0.750538,0.812203,1.000000,否
1,test/images/nozzle_no_extrusion_0195.jpg,val/images/nozzle_no_extrusion_0360.jpg,0.618961,0.720946,1.000000,否
1,test/images/nozzle_no_extrusion_0195.jpg,train/images/nozzle_no_extrusion_0350.jpg,0.691053,0.768177,1.000000,否
1,test/images/nozzle_no_extrusion_0195.jpg,train/images/nozzle_no_extrusion_0308.jpg,0.946676,0.918380,1.000000,否
1,test/images/nozzle_no_extrusion_0195.jpg,train/images/nozzle_no_extrusion_0202.jpg,0.483523,0.431811,1.000000,否
1,test/images/nozzle_no_extrusion_0195.jpg,train/images/nozzle_no_extrusion_0197.jpg,0.620656,0.728689,1.000000,否
1,test/images/nozzle_no_extrusion_0195.jpg,train/images/nozzle_no_extrusion_0320.jpg,0.777154,0.823696,1.000000,否
1,test/images/nozzle_no_extrusion_0195.jpg,val/images/nozzle_no_extrusion_0310.jpg,0.609828,0.709684,1.000000,否
1,test/images/nozzle_no_extrusion_0195.jpg,val/images/nozzle_no_extrusion_0240.jpg,0.498440,0.428330,1.000000,否
1,test/images/nozzle_no_extrusion_0195.jpg,val/images/nozzle_no_extrusion_0349.jpg,0.969757,0.942666,1.000000,否
1,test/images/nozzle_no_extrusion_0195.jpg,train/images/nozzle_no_extrusion_0317.jpg,0.558525,0.572268,1.000000,否
1,test/images/nozzle_no_extrusion_0195.jpg,val/images/nozzle_no_extrusion_0201.jpg,0.494987,0.443514,1.000000,否
1,test/images/nozzle_no_extrusion_0195.jpg,train/images/nozzle_no_extrusion_0281.jpg,0.611116,0.724085,1.000000,否
1,test/images/nozzle_no_extrusion_0195.jpg,train/images/nozzle_no_extrusion_0234.jpg,0.976939,0.950559,1.000000,是
1,test/images/nozzle_no_extrusion_0195.jpg,train/images/nozzle_no_extrusion_0169.jpg,0.619939,0.722398,1.000000,否
1,test/images/nozzle_no_extrusion_0195.jpg,train/images/nozzle_no_extrusion_0278.jpg,0.494060,0.456890,1.000000,否
1,test/images/nozzle_no_extrusion_0195.jpg,val/images/nozzle_no_extrusion_0316.jpg,0.505025,0.456386,1.000000,否
1,test/images/nozzle_no_extrusion_0195.jpg,train/images/nozzle_no_extrusion_0200.jpg,0.516611,0.467313,1.000000,否
1,test/images/nozzle_no_extrusion_0195.jpg,train/images/nozzle_no_extrusion_0166.jpg,0.507715,0.456973,1.000000,否
1,test/images/nozzle_no_extrusion_0195.jpg,val/images/nozzle_no_extrusion_0168.jpg,0.582643,0.616115,1.000000,否
1,test/images/nozzle_no_extrusion_0195.jpg,train/images/nozzle_no_extrusion_0354.jpg,0.499413,0.454094,1.000000,否
1,train/images/nozzle_no_extrusion_0167.jpg,test/images/nozzle_no_extrusion_0276.jpg,0.598676,0.678270,1.000000,否
1,train/images/nozzle_no_extrusion_0167.jpg,train/images/nozzle_no_extrusion_0280.jpg,0.697509,0.776543,1.000000,否
1,train/images/nozzle_no_extrusion_0167.jpg,train/images/nozzle_no_extrusion_0353.jpg,0.812262,0.873443,1.000000,否
1,train/images/nozzle_no_extrusion_0167.jpg,train/images/nozzle_no_extrusion_0313.jpg,0.643609,0.732276,1.000000,否
1,train/images/nozzle_no_extrusion_0167.jpg,test/images/nozzle_no_extrusion_0319.jpg,0.607559,0.623398,1.000000,否
1,train/images/nozzle_no_extrusion_0167.jpg,test/images/nozzle_no_extrusion_0357.jpg,0.647497,0.759686,1.000000,否
1,train/images/nozzle_no_extrusion_0167.jpg,val/images/nozzle_no_extrusion_0271.jpg,0.578348,0.575295,1.000000,否
1,train/images/nozzle_no_extrusion_0167.jpg,train/images/nozzle_no_extrusion_0361.jpg,0.575844,0.559271,1.000000,否
1,train/images/nozzle_no_extrusion_0167.jpg,train/images/nozzle_no_extrusion_0205.jpg,0.732676,0.856430,1.000000,否
1,train/images/nozzle_no_extrusion_0167.jpg,train/images/nozzle_no_extrusion_0198.jpg,0.679857,0.717388,1.000000,否
1,train/images/nozzle_no_extrusion_0167.jpg,train/images/nozzle_no_extrusion_0239.jpg,0.676731,0.760970,1.000000,否
1,train/images/nozzle_no_extrusion_0167.jpg,train/images/nozzle_no_extrusion_0270.jpg,0.563133,0.555381,1.000000,否
1,train/images/nozzle_no_extrusion_0167.jpg,val/images/nozzle_no_extrusion_0236.jpg,0.600839,0.615358,1.000000,否
1,train/images/nozzle_no_extrusion_0167.jpg,train/images/nozzle_no_extrusion_0311.jpg,0.684161,0.747085,1.000000,否
1,train/images/nozzle_no_extrusion_0167.jpg,train/images/nozzle_no_extrusion_0237.jpg,0.676076,0.709292,1.000000,否
1,train/images/nozzle_no_extrusion_0167.jpg,train/images/nozzle_no_extrusion_0162.jpg,0.676936,0.701938,1.000000,否
1,train/images/nozzle_no_extrusion_0167.jpg,train/images/nozzle_no_extrusion_0165.jpg,0.591325,0.668272,1.000000,否
1,train/images/nozzle_no_extrusion_0167.jpg,train/images/nozzle_no_extrusion_0279.jpg,0.920946,0.928243,1.000000,否
1,train/images/nozzle_no_extrusion_0167.jpg,train/images/nozzle_no_extrusion_0356.jpg,0.582708,0.666925,1.000000,否
1,train/images/nozzle_no_extrusion_0167.jpg,test/images/nozzle_no_extrusion_0246.jpg,0.575511,0.568241,1.000000,否
1,train/images/nozzle_no_extrusion_0167.jpg,val/images/nozzle_no_extrusion_0360.jpg,0.603933,0.617012,1.000000,否
1,train/images/nozzle_no_extrusion_0167.jpg,train/images/nozzle_no_extrusion_0350.jpg,0.579197,0.573008,1.000000,否
1,train/images/nozzle_no_extrusion_0167.jpg,train/images/nozzle_no_extrusion_0308.jpg,0.563884,0.575366,1.000000,否
1,train/images/nozzle_no_extrusion_0167.jpg,train/images/nozzle_no_extrusion_0202.jpg,0.575248,0.647636,1.000000,否
1,train/images/nozzle_no_extrusion_0167.jpg,train/images/nozzle_no_extrusion_0197.jpg,0.605605,0.617501,1.000000,否
1,train/images/nozzle_no_extrusion_0167.jpg,train/images/nozzle_no_extrusion_0320.jpg,0.572513,0.566240,1.000000,否
1,train/images/nozzle_no_extrusion_0167.jpg,val/images/nozzle_no_extrusion_0310.jpg,0.606597,0.615666,1.000000,否
1,train/images/nozzle_no_extrusion_0167.jpg,val/images/nozzle_no_extrusion_0240.jpg,0.597657,0.662526,1.000000,否
1,train/images/nozzle_no_extrusion_0167.jpg,val/images/nozzle_no_extrusion_0349.jpg,0.564494,0.569277,1.000000,否
1,train/images/nozzle_no_extrusion_0167.jpg,train/images/nozzle_no_extrusion_0317.jpg,0.938676,0.940888,1.000000,否
1,train/images/nozzle_no_extrusion_0167.jpg,val/images/nozzle_no_extrusion_0201.jpg,0.609487,0.692943,1.000000,否
1,train/images/nozzle_no_extrusion_0167.jpg,train/images/nozzle_no_extrusion_0281.jpg,0.613145,0.618873,1.000000,否
1,train/images/nozzle_no_extrusion_0167.jpg,train/images/nozzle_no_extrusion_0234.jpg,0.562274,0.563944,1.000000,否
1,train/images/nozzle_no_extrusion_0167.jpg,train/images/nozzle_no_extrusion_0169.jpg,0.603743,0.643550,1.000000,否
1,train/images/nozzle_no_extrusion_0167.jpg,train/images/nozzle_no_extrusion_0278.jpg,0.632793,0.753689,1.000000,否
1,train/images/nozzle_no_extrusion_0167.jpg,val/images/nozzle_no_extrusion_0316.jpg,0.665980,0.774599,1.000000,否
1,train/images/nozzle_no_extrusion_0167.jpg,train/images/nozzle_no_extrusion_0200.jpg,0.673497,0.755107,1.000000,否
1,train/images/nozzle_no_extrusion_0167.jpg,train/images/nozzle_no_extrusion_0166.jpg,0.673083,0.766786,1.000000,否
1,train/images/nozzle_no_extrusion_0167.jpg,val/images/nozzle_no_extrusion_0168.jpg,0.677976,0.695533,1.000000,否
1,train/images/nozzle_no_extrusion_0167.jpg,train/images/nozzle_no_extrusion_0354.jpg,0.635684,0.725099,1.000000,否
1,test/images/nozzle_no_extrusion_0276.jpg,train/images/nozzle_no_extrusion_0280.jpg,0.574865,0.580121,1.000000,否
1,test/images/nozzle_no_extrusion_0276.jpg,train/images/nozzle_no_extrusion_0353.jpg,0.616824,0.743036,1.000000,否
1,test/images/nozzle_no_extrusion_0276.jpg,train/images/nozzle_no_extrusion_0313.jpg,0.681579,0.872337,1.000000,否
1,test/images/nozzle_no_extrusion_0276.jpg,test/images/nozzle_no_extrusion_0319.jpg,0.531236,0.485565,1.000000,否
1,test/images/nozzle_no_extrusion_0276.jpg,test/images/nozzle_no_extrusion_0357.jpg,0.681708,0.836336,1.000000,否
1,test/images/nozzle_no_extrusion_0276.jpg,val/images/nozzle_no_extrusion_0271.jpg,0.502160,0.468383,1.000000,否
1,test/images/nozzle_no_extrusion_0276.jpg,train/images/nozzle_no_extrusion_0361.jpg,0.492455,0.434668,1.000000,否
1,test/images/nozzle_no_extrusion_0276.jpg,train/images/nozzle_no_extrusion_0205.jpg,0.577027,0.621428,1.000000,否
1,test/images/nozzle_no_extrusion_0276.jpg,train/images/nozzle_no_extrusion_0198.jpg,0.569664,0.568033,1.000000,否
1,test/images/nozzle_no_extrusion_0276.jpg,train/images/nozzle_no_extrusion_0239.jpg,0.671217,0.830664,1.000000,否
1,test/images/nozzle_no_extrusion_0276.jpg,train/images/nozzle_no_extrusion_0270.jpg,0.498422,0.434665,1.000000,否
1,test/images/nozzle_no_extrusion_0276.jpg,val/images/nozzle_no_extrusion_0236.jpg,0.531593,0.470798,1.000000,否
1,test/images/nozzle_no_extrusion_0276.jpg,train/images/nozzle_no_extrusion_0311.jpg,0.574957,0.580361,1.000000,否
1,test/images/nozzle_no_extrusion_0276.jpg,train/images/nozzle_no_extrusion_0237.jpg,0.567899,0.559884,1.000000,否
1,test/images/nozzle_no_extrusion_0276.jpg,train/images/nozzle_no_extrusion_0162.jpg,0.559500,0.536248,1.000000,否
1,test/images/nozzle_no_extrusion_0276.jpg,train/images/nozzle_no_extrusion_0165.jpg,0.821415,0.919858,1.000000,否
1,test/images/nozzle_no_extrusion_0276.jpg,train/images/nozzle_no_extrusion_0279.jpg,0.605619,0.678972,1.000000,否
1,test/images/nozzle_no_extrusion_0276.jpg,train/images/nozzle_no_extrusion_0356.jpg,0.780914,0.879770,1.000000,否
1,test/images/nozzle_no_extrusion_0276.jpg,test/images/nozzle_no_extrusion_0246.jpg,0.492950,0.426666,1.000000,否
1,test/images/nozzle_no_extrusion_0276.jpg,val/images/nozzle_no_extrusion_0360.jpg,0.528475,0.476253,1.000000,否
1,test/images/nozzle_no_extrusion_0276.jpg,train/images/nozzle_no_extrusion_0350.jpg,0.502929,0.470359,1.000000,否
1,test/images/nozzle_no_extrusion_0276.jpg,train/images/nozzle_no_extrusion_0308.jpg,0.494617,0.431335,1.000000,否
1,test/images/nozzle_no_extrusion_0276.jpg,train/images/nozzle_no_extrusion_0202.jpg,0.739401,0.875436,1.000000,否
1,test/images/nozzle_no_extrusion_0276.jpg,train/images/nozzle_no_extrusion_0197.jpg,0.534706,0.484077,1.000000,否
1,test/images/nozzle_no_extrusion_0276.jpg,train/images/nozzle_no_extrusion_0320.jpg,0.491387,0.423872,1.000000,否
1,test/images/nozzle_no_extrusion_0276.jpg,val/images/nozzle_no_extrusion_0310.jpg,0.533191,0.465462,1.000000,否
1,test/images/nozzle_no_extrusion_0276.jpg,val/images/nozzle_no_extrusion_0240.jpg,0.987844,0.972741,1.000000,是
1,test/images/nozzle_no_extrusion_0276.jpg,val/images/nozzle_no_extrusion_0349.jpg,0.497596,0.434101,1.000000,否
1,test/images/nozzle_no_extrusion_0276.jpg,train/images/nozzle_no_extrusion_0317.jpg,0.597070,0.665672,1.000000,否
1,test/images/nozzle_no_extrusion_0276.jpg,val/images/nozzle_no_extrusion_0201.jpg,0.909559,0.951383,1.000000,否
1,test/images/nozzle_no_extrusion_0276.jpg,train/images/nozzle_no_extrusion_0281.jpg,0.532884,0.470607,1.000000,否
1,test/images/nozzle_no_extrusion_0276.jpg,train/images/nozzle_no_extrusion_0234.jpg,0.497393,0.436308,1.000000,否
1,test/images/nozzle_no_extrusion_0276.jpg,train/images/nozzle_no_extrusion_0169.jpg,0.529151,0.483353,1.000000,否
1,test/images/nozzle_no_extrusion_0276.jpg,train/images/nozzle_no_extrusion_0278.jpg,0.702385,0.862593,1.000000,否
1,test/images/nozzle_no_extrusion_0276.jpg,val/images/nozzle_no_extrusion_0316.jpg,0.672256,0.823393,1.000000,否
1,test/images/nozzle_no_extrusion_0276.jpg,train/images/nozzle_no_extrusion_0200.jpg,0.670785,0.831206,1.000000,否
1,test/images/nozzle_no_extrusion_0276.jpg,train/images/nozzle_no_extrusion_0166.jpg,0.675749,0.850912,1.000000,否
1,test/images/nozzle_no_extrusion_0276.jpg,val/images/nozzle_no_extrusion_0168.jpg,0.561509,0.529651,1.000000,否
1,test/images/nozzle_no_extrusion_0276.jpg,train/images/nozzle_no_extrusion_0354.jpg,0.688008,0.871199,1.000000,否
1,train/images/nozzle_no_extrusion_0280.jpg,train/images/nozzle_no_extrusion_0353.jpg,0.671086,0.712628,1.000000,否
1,train/images/nozzle_no_extrusion_0280.jpg,train/images/nozzle_no_extrusion_0313.jpg,0.595672,0.631481,1.000000,否
1,train/images/nozzle_no_extrusion_0280.jpg,test/images/nozzle_no_extrusion_0319.jpg,0.657889,0.709830,1.000000,否
1,train/images/nozzle_no_extrusion_0280.jpg,test/images/nozzle_no_extrusion_0357.jpg,0.597183,0.659619,1.000000,否
1,train/images/nozzle_no_extrusion_0280.jpg,val/images/nozzle_no_extrusion_0271.jpg,0.601216,0.692049,1.000000,否
1,train/images/nozzle_no_extrusion_0280.jpg,train/images/nozzle_no_extrusion_0361.jpg,0.592621,0.646130,1.000000,否
1,train/images/nozzle_no_extrusion_0280.jpg,train/images/nozzle_no_extrusion_0205.jpg,0.897528,0.898169,1.000000,否
1,train/images/nozzle_no_extrusion_0280.jpg,train/images/nozzle_no_extrusion_0198.jpg,0.879581,0.887722,1.000000,否
1,train/images/nozzle_no_extrusion_0280.jpg,train/images/nozzle_no_extrusion_0239.jpg,0.614199,0.662459,1.000000,否
1,train/images/nozzle_no_extrusion_0280.jpg,train/images/nozzle_no_extrusion_0270.jpg,0.579936,0.617977,1.000000,否
1,train/images/nozzle_no_extrusion_0280.jpg,val/images/nozzle_no_extrusion_0236.jpg,0.654636,0.697845,1.000000,否
1,train/images/nozzle_no_extrusion_0280.jpg,train/images/nozzle_no_extrusion_0311.jpg,0.958288,0.939859,1.000000,否
1,train/images/nozzle_no_extrusion_0280.jpg,train/images/nozzle_no_extrusion_0237.jpg,0.897621,0.882157,1.000000,否
1,train/images/nozzle_no_extrusion_0280.jpg,train/images/nozzle_no_extrusion_0162.jpg,0.856442,0.846043,1.000000,否
1,train/images/nozzle_no_extrusion_0280.jpg,train/images/nozzle_no_extrusion_0165.jpg,0.568333,0.570552,1.000000,否
1,train/images/nozzle_no_extrusion_0280.jpg,train/images/nozzle_no_extrusion_0279.jpg,0.684075,0.760545,1.000000,否
1,train/images/nozzle_no_extrusion_0280.jpg,train/images/nozzle_no_extrusion_0356.jpg,0.558570,0.562594,1.000000,否
1,train/images/nozzle_no_extrusion_0280.jpg,test/images/nozzle_no_extrusion_0246.jpg,0.593349,0.646057,1.000000,否
1,train/images/nozzle_no_extrusion_0280.jpg,val/images/nozzle_no_extrusion_0360.jpg,0.652982,0.701961,1.000000,否
1,train/images/nozzle_no_extrusion_0280.jpg,train/images/nozzle_no_extrusion_0350.jpg,0.602818,0.690123,1.000000,否
1,train/images/nozzle_no_extrusion_0280.jpg,train/images/nozzle_no_extrusion_0308.jpg,0.581605,0.621114,1.000000,否
1,train/images/nozzle_no_extrusion_0280.jpg,train/images/nozzle_no_extrusion_0202.jpg,0.553697,0.542070,1.000000,否
1,train/images/nozzle_no_extrusion_0280.jpg,train/images/nozzle_no_extrusion_0197.jpg,0.657572,0.701877,1.000000,否
1,train/images/nozzle_no_extrusion_0280.jpg,train/images/nozzle_no_extrusion_0320.jpg,0.592069,0.631210,1.000000,否
1,train/images/nozzle_no_extrusion_0280.jpg,val/images/nozzle_no_extrusion_0310.jpg,0.665329,0.689826,1.000000,否
1,train/images/nozzle_no_extrusion_0280.jpg,val/images/nozzle_no_extrusion_0240.jpg,0.575095,0.565628,1.000000,否
1,train/images/nozzle_no_extrusion_0280.jpg,val/images/nozzle_no_extrusion_0349.jpg,0.582411,0.612481,1.000000,否
1,train/images/nozzle_no_extrusion_0280.jpg,train/images/nozzle_no_extrusion_0317.jpg,0.689893,0.781829,1.000000,否
1,train/images/nozzle_no_extrusion_0280.jpg,val/images/nozzle_no_extrusion_0201.jpg,0.574811,0.600535,1.000000,否
1,train/images/nozzle_no_extrusion_0280.jpg,train/images/nozzle_no_extrusion_0281.jpg,0.667183,0.701568,1.000000,否
1,train/images/nozzle_no_extrusion_0280.jpg,train/images/nozzle_no_extrusion_0234.jpg,0.579468,0.618908,1.000000,否
1,train/images/nozzle_no_extrusion_0280.jpg,train/images/nozzle_no_extrusion_0169.jpg,0.654123,0.706479,1.000000,否
1,train/images/nozzle_no_extrusion_0280.jpg,train/images/nozzle_no_extrusion_0278.jpg,0.591987,0.659159,1.000000,否
1,train/images/nozzle_no_extrusion_0280.jpg,val/images/nozzle_no_extrusion_0316.jpg,0.606172,0.669874,1.000000,否
1,train/images/nozzle_no_extrusion_0280.jpg,train/images/nozzle_no_extrusion_0200.jpg,0.613975,0.657706,1.000000,否
1,train/images/nozzle_no_extrusion_0280.jpg,train/images/nozzle_no_extrusion_0166.jpg,0.606770,0.651861,1.000000,否
1,train/images/nozzle_no_extrusion_0280.jpg,val/images/nozzle_no_extrusion_0168.jpg,0.820949,0.828443,1.000000,否
1,train/images/nozzle_no_extrusion_0280.jpg,train/images/nozzle_no_extrusion_0354.jpg,0.591857,0.630409,1.000000,否
1,train/images/nozzle_no_extrusion_0353.jpg,train/images/nozzle_no_extrusion_0313.jpg,0.674335,0.797312,1.000000,否
1,train/images/nozzle_no_extrusion_0353.jpg,test/images/nozzle_no_extrusion_0319.jpg,0.594492,0.604671,1.000000,否
1,train/images/nozzle_no_extrusion_0353.jpg,test/images/nozzle_no_extrusion_0357.jpg,0.666066,0.797764,1.000000,否
1,train/images/nozzle_no_extrusion_0353.jpg,val/images/nozzle_no_extrusion_0271.jpg,0.579741,0.574738,1.000000,否
1,train/images/nozzle_no_extrusion_0353.jpg,train/images/nozzle_no_extrusion_0361.jpg,0.568052,0.560300,1.000000,否
1,train/images/nozzle_no_extrusion_0353.jpg,train/images/nozzle_no_extrusion_0205.jpg,0.684740,0.763379,1.000000,否
1,train/images/nozzle_no_extrusion_0353.jpg,train/images/nozzle_no_extrusion_0198.jpg,0.650254,0.684623,1.000000,否
1,train/images/nozzle_no_extrusion_0353.jpg,train/images/nozzle_no_extrusion_0239.jpg,0.694357,0.839488,1.000000,否
1,train/images/nozzle_no_extrusion_0353.jpg,train/images/nozzle_no_extrusion_0270.jpg,0.550749,0.520839,1.000000,否
1,train/images/nozzle_no_extrusion_0353.jpg,val/images/nozzle_no_extrusion_0236.jpg,0.593109,0.602210,1.000000,否
1,train/images/nozzle_no_extrusion_0353.jpg,train/images/nozzle_no_extrusion_0311.jpg,0.663221,0.711291,1.000000,否
1,train/images/nozzle_no_extrusion_0353.jpg,train/images/nozzle_no_extrusion_0237.jpg,0.650684,0.677011,1.000000,否
1,train/images/nozzle_no_extrusion_0353.jpg,train/images/nozzle_no_extrusion_0162.jpg,0.645775,0.652957,1.000000,否
1,train/images/nozzle_no_extrusion_0353.jpg,train/images/nozzle_no_extrusion_0165.jpg,0.601603,0.720963,1.000000,否
1,train/images/nozzle_no_extrusion_0353.jpg,train/images/nozzle_no_extrusion_0279.jpg,0.897865,0.915861,1.000000,否
1,train/images/nozzle_no_extrusion_0353.jpg,train/images/nozzle_no_extrusion_0356.jpg,0.591929,0.717116,1.000000,否
1,train/images/nozzle_no_extrusion_0353.jpg,test/images/nozzle_no_extrusion_0246.jpg,0.568288,0.560060,1.000000,否
1,train/images/nozzle_no_extrusion_0353.jpg,val/images/nozzle_no_extrusion_0360.jpg,0.593101,0.604268,1.000000,否
1,train/images/nozzle_no_extrusion_0353.jpg,train/images/nozzle_no_extrusion_0350.jpg,0.582042,0.578826,1.000000,否
1,train/images/nozzle_no_extrusion_0353.jpg,train/images/nozzle_no_extrusion_0308.jpg,0.562380,0.551961,1.000000,否
1,train/images/nozzle_no_extrusion_0353.jpg,train/images/nozzle_no_extrusion_0202.jpg,0.593602,0.702062,1.000000,否
1,train/images/nozzle_no_extrusion_0353.jpg,train/images/nozzle_no_extrusion_0197.jpg,0.595047,0.607582,1.000000,否
1,train/images/nozzle_no_extrusion_0353.jpg,train/images/nozzle_no_extrusion_0320.jpg,0.567754,0.555816,1.000000,否
1,train/images/nozzle_no_extrusion_0353.jpg,val/images/nozzle_no_extrusion_0310.jpg,0.596496,0.593237,1.000000,否
1,train/images/nozzle_no_extrusion_0353.jpg,val/images/nozzle_no_extrusion_0240.jpg,0.615241,0.731530,1.000000,否
1,train/images/nozzle_no_extrusion_0353.jpg,val/images/nozzle_no_extrusion_0349.jpg,0.561707,0.547089,1.000000,否
1,train/images/nozzle_no_extrusion_0353.jpg,train/images/nozzle_no_extrusion_0317.jpg,0.840516,0.882390,1.000000,否
1,train/images/nozzle_no_extrusion_0353.jpg,val/images/nozzle_no_extrusion_0201.jpg,0.627678,0.754056,1.000000,否
1,train/images/nozzle_no_extrusion_0353.jpg,train/images/nozzle_no_extrusion_0281.jpg,0.597860,0.593715,1.000000,否
1,train/images/nozzle_no_extrusion_0353.jpg,train/images/nozzle_no_extrusion_0234.jpg,0.552807,0.525607,1.000000,否
1,train/images/nozzle_no_extrusion_0353.jpg,train/images/nozzle_no_extrusion_0169.jpg,0.593208,0.597916,1.000000,否
1,train/images/nozzle_no_extrusion_0353.jpg,train/images/nozzle_no_extrusion_0278.jpg,0.655924,0.796105,1.000000,否
1,train/images/nozzle_no_extrusion_0353.jpg,val/images/nozzle_no_extrusion_0316.jpg,0.674169,0.817925,1.000000,否
1,train/images/nozzle_no_extrusion_0353.jpg,train/images/nozzle_no_extrusion_0200.jpg,0.692464,0.832203,1.000000,否
1,train/images/nozzle_no_extrusion_0353.jpg,train/images/nozzle_no_extrusion_0166.jpg,0.683196,0.812406,1.000000,否
1,train/images/nozzle_no_extrusion_0353.jpg,val/images/nozzle_no_extrusion_0168.jpg,0.642497,0.645190,1.000000,否
1,train/images/nozzle_no_extrusion_0353.jpg,train/images/nozzle_no_extrusion_0354.jpg,0.668542,0.792623,1.000000,否
1,train/images/nozzle_no_extrusion_0313.jpg,test/images/nozzle_no_extrusion_0319.jpg,0.555066,0.534457,1.000000,否
1,train/images/nozzle_no_extrusion_0313.jpg,test/images/nozzle_no_extrusion_0357.jpg,0.949126,0.944651,1.000000,否
1,train/images/nozzle_no_extrusion_0313.jpg,val/images/nozzle_no_extrusion_0271.jpg,0.533906,0.486474,1.000000,否
1,train/images/nozzle_no_extrusion_0313.jpg,train/images/nozzle_no_extrusion_0361.jpg,0.513568,0.462851,1.000000,否
1,train/images/nozzle_no_extrusion_0313.jpg,train/images/nozzle_no_extrusion_0205.jpg,0.606676,0.674941,1.000000,否
1,train/images/nozzle_no_extrusion_0313.jpg,train/images/nozzle_no_extrusion_0198.jpg,0.587429,0.615127,1.000000,否
1,train/images/nozzle_no_extrusion_0313.jpg,train/images/nozzle_no_extrusion_0239.jpg,0.800192,0.927940,1.000000,否
1,train/images/nozzle_no_extrusion_0313.jpg,train/images/nozzle_no_extrusion_0270.jpg,0.502109,0.455244,1.000000,否
1,train/images/nozzle_no_extrusion_0313.jpg,val/images/nozzle_no_extrusion_0236.jpg,0.555955,0.526247,1.000000,否
1,train/images/nozzle_no_extrusion_0313.jpg,train/images/nozzle_no_extrusion_0311.jpg,0.588374,0.628770,1.000000,否
1,train/images/nozzle_no_extrusion_0313.jpg,train/images/nozzle_no_extrusion_0237.jpg,0.585171,0.605286,1.000000,否
1,train/images/nozzle_no_extrusion_0313.jpg,train/images/nozzle_no_extrusion_0162.jpg,0.582134,0.586445,1.000000,否
1,train/images/nozzle_no_extrusion_0313.jpg,train/images/nozzle_no_extrusion_0165.jpg,0.679834,0.837037,1.000000,否
1,train/images/nozzle_no_extrusion_0313.jpg,train/images/nozzle_no_extrusion_0279.jpg,0.654514,0.741122,1.000000,否
1,train/images/nozzle_no_extrusion_0313.jpg,train/images/nozzle_no_extrusion_0356.jpg,0.662753,0.820969,1.000000,否
1,train/images/nozzle_no_extrusion_0313.jpg,test/images/nozzle_no_extrusion_0246.jpg,0.514364,0.465073,1.000000,否
1,train/images/nozzle_no_extrusion_0313.jpg,val/images/nozzle_no_extrusion_0360.jpg,0.552394,0.528794,1.000000,否
1,train/images/nozzle_no_extrusion_0313.jpg,train/images/nozzle_no_extrusion_0350.jpg,0.536731,0.489604,1.000000,否
1,train/images/nozzle_no_extrusion_0313.jpg,train/images/nozzle_no_extrusion_0308.jpg,0.506942,0.463182,1.000000,否
1,train/images/nozzle_no_extrusion_0313.jpg,train/images/nozzle_no_extrusion_0202.jpg,0.664383,0.808564,1.000000,否
1,train/images/nozzle_no_extrusion_0313.jpg,train/images/nozzle_no_extrusion_0197.jpg,0.555668,0.533536,1.000000,否
1,train/images/nozzle_no_extrusion_0313.jpg,train/images/nozzle_no_extrusion_0320.jpg,0.512613,0.461351,1.000000,否
1,train/images/nozzle_no_extrusion_0313.jpg,val/images/nozzle_no_extrusion_0310.jpg,0.565681,0.527822,1.000000,否
1,train/images/nozzle_no_extrusion_0313.jpg,val/images/nozzle_no_extrusion_0240.jpg,0.682148,0.858176,1.000000,否
1,train/images/nozzle_no_extrusion_0313.jpg,val/images/nozzle_no_extrusion_0349.jpg,0.506471,0.461812,1.000000,否
1,train/images/nozzle_no_extrusion_0313.jpg,train/images/nozzle_no_extrusion_0317.jpg,0.641034,0.720378,1.000000,否
1,train/images/nozzle_no_extrusion_0313.jpg,val/images/nozzle_no_extrusion_0201.jpg,0.722554,0.903343,1.000000,否
1,train/images/nozzle_no_extrusion_0313.jpg,train/images/nozzle_no_extrusion_0281.jpg,0.559147,0.525935,1.000000,否
1,train/images/nozzle_no_extrusion_0313.jpg,train/images/nozzle_no_extrusion_0234.jpg,0.500858,0.459088,1.000000,否
1,train/images/nozzle_no_extrusion_0313.jpg,train/images/nozzle_no_extrusion_0169.jpg,0.554184,0.537208,1.000000,否
1,train/images/nozzle_no_extrusion_0313.jpg,train/images/nozzle_no_extrusion_0278.jpg,0.941801,0.945350,1.000000,否
1,train/images/nozzle_no_extrusion_0313.jpg,val/images/nozzle_no_extrusion_0316.jpg,0.880905,0.930499,1.000000,否
1,train/images/nozzle_no_extrusion_0313.jpg,train/images/nozzle_no_extrusion_0200.jpg,0.781563,0.930355,1.000000,否
1,train/images/nozzle_no_extrusion_0313.jpg,train/images/nozzle_no_extrusion_0166.jpg,0.847872,0.937287,1.000000,否
1,train/images/nozzle_no_extrusion_0313.jpg,val/images/nozzle_no_extrusion_0168.jpg,0.582042,0.583428,1.000000,否
1,train/images/nozzle_no_extrusion_0313.jpg,train/images/nozzle_no_extrusion_0354.jpg,0.981422,0.972364,1.000000,是
1,test/images/nozzle_no_extrusion_0319.jpg,test/images/nozzle_no_extrusion_0357.jpg,0.558246,0.547086,1.000000,否
1,test/images/nozzle_no_extrusion_0319.jpg,val/images/nozzle_no_extrusion_0271.jpg,0.693765,0.816159,1.000000,否
1,test/images/nozzle_no_extrusion_0319.jpg,train/images/nozzle_no_extrusion_0361.jpg,0.681804,0.771587,1.000000,否
1,test/images/nozzle_no_extrusion_0319.jpg,train/images/nozzle_no_extrusion_0205.jpg,0.636085,0.676748,1.000000,否
1,test/images/nozzle_no_extrusion_0319.jpg,train/images/nozzle_no_extrusion_0198.jpg,0.681400,0.690599,1.000000,否
1,test/images/nozzle_no_extrusion_0319.jpg,train/images/nozzle_no_extrusion_0239.jpg,0.580576,0.558983,1.000000,否
1,test/images/nozzle_no_extrusion_0319.jpg,train/images/nozzle_no_extrusion_0270.jpg,0.614553,0.725561,1.000000,否
1,test/images/nozzle_no_extrusion_0319.jpg,val/images/nozzle_no_extrusion_0236.jpg,0.958344,0.936101,1.000000,否
1,test/images/nozzle_no_extrusion_0319.jpg,train/images/nozzle_no_extrusion_0311.jpg,0.667815,0.701594,1.000000,否
1,test/images/nozzle_no_extrusion_0319.jpg,train/images/nozzle_no_extrusion_0237.jpg,0.683086,0.699517,1.000000,否
1,test/images/nozzle_no_extrusion_0319.jpg,train/images/nozzle_no_extrusion_0162.jpg,0.685117,0.705547,1.000000,否
1,test/images/nozzle_no_extrusion_0319.jpg,train/images/nozzle_no_extrusion_0165.jpg,0.520525,0.486730,1.000000,否
1,test/images/nozzle_no_extrusion_0319.jpg,train/images/nozzle_no_extrusion_0279.jpg,0.601073,0.631556,1.000000,否
1,test/images/nozzle_no_extrusion_0319.jpg,train/images/nozzle_no_extrusion_0356.jpg,0.514281,0.483815,1.000000,否
1,test/images/nozzle_no_extrusion_0319.jpg,test/images/nozzle_no_extrusion_0246.jpg,0.675541,0.764921,1.000000,否
1,test/images/nozzle_no_extrusion_0319.jpg,val/images/nozzle_no_extrusion_0360.jpg,0.993548,0.958368,1.000000,是
1,test/images/nozzle_no_extrusion_0319.jpg,train/images/nozzle_no_extrusion_0350.jpg,0.701263,0.817722,1.000000,否
1,test/images/nozzle_no_extrusion_0319.jpg,train/images/nozzle_no_extrusion_0308.jpg,0.633422,0.740972,1.000000,否
1,test/images/nozzle_no_extrusion_0319.jpg,train/images/nozzle_no_extrusion_0202.jpg,0.512061,0.474607,1.000000,否
1,test/images/nozzle_no_extrusion_0319.jpg,train/images/nozzle_no_extrusion_0197.jpg,0.954753,0.925382,1.000000,否
1,test/images/nozzle_no_extrusion_0319.jpg,train/images/nozzle_no_extrusion_0320.jpg,0.666362,0.760052,1.000000,否
1,test/images/nozzle_no_extrusion_0319.jpg,val/images/nozzle_no_extrusion_0310.jpg,0.907291,0.894375,1.000000,否
1,test/images/nozzle_no_extrusion_0319.jpg,val/images/nozzle_no_extrusion_0240.jpg,0.526818,0.477356,1.000000,否
1,test/images/nozzle_no_extrusion_0319.jpg,val/images/nozzle_no_extrusion_0349.jpg,0.629723,0.736555,1.000000,否
1,test/images/nozzle_no_extrusion_0319.jpg,train/images/nozzle_no_extrusion_0317.jpg,0.606202,0.639110,1.000000,否
1,test/images/nozzle_no_extrusion_0319.jpg,val/images/nozzle_no_extrusion_0201.jpg,0.537172,0.493616,1.000000,否
1,test/images/nozzle_no_extrusion_0319.jpg,train/images/nozzle_no_extrusion_0281.jpg,0.979180,0.947326,1.000000,否
1,test/images/nozzle_no_extrusion_0319.jpg,train/images/nozzle_no_extrusion_0234.jpg,0.617369,0.725089,1.000000,否
1,test/images/nozzle_no_extrusion_0319.jpg,train/images/nozzle_no_extrusion_0169.jpg,0.947409,0.889588,1.000000,否
1,test/images/nozzle_no_extrusion_0319.jpg,train/images/nozzle_no_extrusion_0278.jpg,0.548840,0.538696,1.000000,否
1,test/images/nozzle_no_extrusion_0319.jpg,val/images/nozzle_no_extrusion_0316.jpg,0.570039,0.557322,1.000000,否
1,test/images/nozzle_no_extrusion_0319.jpg,train/images/nozzle_no_extrusion_0200.jpg,0.579013,0.551241,1.000000,否
1,test/images/nozzle_no_extrusion_0319.jpg,train/images/nozzle_no_extrusion_0166.jpg,0.568584,0.539752,1.000000,否
1,test/images/nozzle_no_extrusion_0319.jpg,val/images/nozzle_no_extrusion_0168.jpg,0.688122,0.711890,1.000000,否
1,test/images/nozzle_no_extrusion_0319.jpg,train/images/nozzle_no_extrusion_0354.jpg,0.551384,0.535220,1.000000,否
1,test/images/nozzle_no_extrusion_0357.jpg,val/images/nozzle_no_extrusion_0271.jpg,0.529381,0.483507,1.000000,否
1,test/images/nozzle_no_extrusion_0357.jpg,train/images/nozzle_no_extrusion_0361.jpg,0.516256,0.475840,1.000000,否
1,test/images/nozzle_no_extrusion_0357.jpg,train/images/nozzle_no_extrusion_0205.jpg,0.609226,0.703789,1.000000,否
1,test/images/nozzle_no_extrusion_0357.jpg,train/images/nozzle_no_extrusion_0198.jpg,0.583465,0.628039,1.000000,否
1,test/images/nozzle_no_extrusion_0357.jpg,train/images/nozzle_no_extrusion_0239.jpg,0.829182,0.906929,1.000000,否
1,test/images/nozzle_no_extrusion_0357.jpg,train/images/nozzle_no_extrusion_0270.jpg,0.498005,0.459644,1.000000,否
1,test/images/nozzle_no_extrusion_0357.jpg,val/images/nozzle_no_extrusion_0236.jpg,0.551421,0.524818,1.000000,否
1,test/images/nozzle_no_extrusion_0357.jpg,train/images/nozzle_no_extrusion_0311.jpg,0.582303,0.643480,1.000000,否
1,test/images/nozzle_no_extrusion_0357.jpg,train/images/nozzle_no_extrusion_0237.jpg,0.580727,0.618293,1.000000,否
1,test/images/nozzle_no_extrusion_0357.jpg,train/images/nozzle_no_extrusion_0162.jpg,0.585294,0.611084,1.000000,否
1,test/images/nozzle_no_extrusion_0357.jpg,train/images/nozzle_no_extrusion_0165.jpg,0.678471,0.819936,1.000000,否
1,test/images/nozzle_no_extrusion_0357.jpg,train/images/nozzle_no_extrusion_0279.jpg,0.665767,0.773511,1.000000,否
1,test/images/nozzle_no_extrusion_0357.jpg,train/images/nozzle_no_extrusion_0356.jpg,0.670056,0.817719,1.000000,否
1,test/images/nozzle_no_extrusion_0357.jpg,test/images/nozzle_no_extrusion_0246.jpg,0.516038,0.475347,1.000000,否
1,test/images/nozzle_no_extrusion_0357.jpg,val/images/nozzle_no_extrusion_0360.jpg,0.554976,0.542078,1.000000,否
1,test/images/nozzle_no_extrusion_0357.jpg,train/images/nozzle_no_extrusion_0350.jpg,0.531563,0.487260,1.000000,否
1,test/images/nozzle_no_extrusion_0357.jpg,train/images/nozzle_no_extrusion_0308.jpg,0.502282,0.463918,1.000000,否
1,test/images/nozzle_no_extrusion_0357.jpg,train/images/nozzle_no_extrusion_0202.jpg,0.659946,0.784510,1.000000,否
1,test/images/nozzle_no_extrusion_0357.jpg,train/images/nozzle_no_extrusion_0197.jpg,0.551283,0.530657,1.000000,否
1,test/images/nozzle_no_extrusion_0357.jpg,train/images/nozzle_no_extrusion_0320.jpg,0.513745,0.473259,1.000000,否
1,test/images/nozzle_no_extrusion_0357.jpg,val/images/nozzle_no_extrusion_0310.jpg,0.560359,0.527869,1.000000,否
1,test/images/nozzle_no_extrusion_0357.jpg,val/images/nozzle_no_extrusion_0240.jpg,0.680320,0.820839,1.000000,否
1,test/images/nozzle_no_extrusion_0357.jpg,val/images/nozzle_no_extrusion_0349.jpg,0.502706,0.461824,1.000000,否
1,test/images/nozzle_no_extrusion_0357.jpg,train/images/nozzle_no_extrusion_0317.jpg,0.652298,0.753896,1.000000,否
1,test/images/nozzle_no_extrusion_0357.jpg,val/images/nozzle_no_extrusion_0201.jpg,0.717050,0.870396,1.000000,否
1,test/images/nozzle_no_extrusion_0357.jpg,train/images/nozzle_no_extrusion_0281.jpg,0.562995,0.536892,1.000000,否
1,test/images/nozzle_no_extrusion_0357.jpg,train/images/nozzle_no_extrusion_0234.jpg,0.497199,0.462882,1.000000,否
1,test/images/nozzle_no_extrusion_0357.jpg,train/images/nozzle_no_extrusion_0169.jpg,0.556403,0.548851,1.000000,否
1,test/images/nozzle_no_extrusion_0357.jpg,train/images/nozzle_no_extrusion_0278.jpg,0.953717,0.967109,1.000000,是
1,test/images/nozzle_no_extrusion_0357.jpg,val/images/nozzle_no_extrusion_0316.jpg,0.933847,0.959297,1.000000,否
1,test/images/nozzle_no_extrusion_0357.jpg,train/images/nozzle_no_extrusion_0200.jpg,0.811070,0.911602,1.000000,否
1,test/images/nozzle_no_extrusion_0357.jpg,train/images/nozzle_no_extrusion_0166.jpg,0.884008,0.944057,1.000000,否
1,test/images/nozzle_no_extrusion_0357.jpg,val/images/nozzle_no_extrusion_0168.jpg,0.584850,0.610332,1.000000,否
1,test/images/nozzle_no_extrusion_0357.jpg,train/images/nozzle_no_extrusion_0354.jpg,0.924049,0.941178,1.000000,否
1,val/images/nozzle_no_extrusion_0271.jpg,train/images/nozzle_no_extrusion_0361.jpg,0.796069,0.886566,1.000000,否
1,val/images/nozzle_no_extrusion_0271.jpg,train/images/nozzle_no_extrusion_0205.jpg,0.590450,0.639650,1.000000,否
1,val/images/nozzle_no_extrusion_0271.jpg,train/images/nozzle_no_extrusion_0198.jpg,0.619848,0.702099,1.000000,否
1,val/images/nozzle_no_extrusion_0271.jpg,train/images/nozzle_no_extrusion_0239.jpg,0.553515,0.512528,1.000000,否
1,val/images/nozzle_no_extrusion_0271.jpg,train/images/nozzle_no_extrusion_0270.jpg,0.693289,0.774661,1.000000,否
1,val/images/nozzle_no_extrusion_0271.jpg,val/images/nozzle_no_extrusion_0236.jpg,0.701658,0.811018,1.000000,否
1,val/images/nozzle_no_extrusion_0271.jpg,train/images/nozzle_no_extrusion_0311.jpg,0.612195,0.699306,1.000000,否
1,val/images/nozzle_no_extrusion_0271.jpg,train/images/nozzle_no_extrusion_0237.jpg,0.623496,0.708655,1.000000,否
1,val/images/nozzle_no_extrusion_0271.jpg,train/images/nozzle_no_extrusion_0162.jpg,0.622889,0.690669,1.000000,否
1,val/images/nozzle_no_extrusion_0271.jpg,train/images/nozzle_no_extrusion_0165.jpg,0.496888,0.461987,1.000000,否
1,val/images/nozzle_no_extrusion_0271.jpg,train/images/nozzle_no_extrusion_0279.jpg,0.573828,0.588713,1.000000,否
1,val/images/nozzle_no_extrusion_0271.jpg,train/images/nozzle_no_extrusion_0356.jpg,0.490964,0.456395,1.000000,否
1,val/images/nozzle_no_extrusion_0271.jpg,test/images/nozzle_no_extrusion_0246.jpg,0.765755,0.875863,1.000000,否
1,val/images/nozzle_no_extrusion_0271.jpg,val/images/nozzle_no_extrusion_0360.jpg,0.696133,0.816765,1.000000,否
1,val/images/nozzle_no_extrusion_0271.jpg,train/images/nozzle_no_extrusion_0350.jpg,0.990510,0.969316,1.000000,是
1,val/images/nozzle_no_extrusion_0271.jpg,train/images/nozzle_no_extrusion_0308.jpg,0.715924,0.816573,1.000000,否
1,val/images/nozzle_no_extrusion_0271.jpg,train/images/nozzle_no_extrusion_0202.jpg,0.495310,0.449156,1.000000,否
1,val/images/nozzle_no_extrusion_0271.jpg,train/images/nozzle_no_extrusion_0197.jpg,0.695422,0.806553,1.000000,否
1,val/images/nozzle_no_extrusion_0271.jpg,train/images/nozzle_no_extrusion_0320.jpg,0.744777,0.853910,1.000000,否
1,val/images/nozzle_no_extrusion_0271.jpg,val/images/nozzle_no_extrusion_0310.jpg,0.695308,0.770081,1.000000,否
1,val/images/nozzle_no_extrusion_0271.jpg,val/images/nozzle_no_extrusion_0240.jpg,0.501186,0.459101,1.000000,否
1,val/images/nozzle_no_extrusion_0271.jpg,val/images/nozzle_no_extrusion_0349.jpg,0.713213,0.796169,1.000000,否
1,val/images/nozzle_no_extrusion_0271.jpg,train/images/nozzle_no_extrusion_0317.jpg,0.575906,0.592077,1.000000,否
1,val/images/nozzle_no_extrusion_0271.jpg,val/images/nozzle_no_extrusion_0201.jpg,0.506593,0.474277,1.000000,否
1,val/images/nozzle_no_extrusion_0271.jpg,train/images/nozzle_no_extrusion_0281.jpg,0.685348,0.796252,1.000000,否
1,val/images/nozzle_no_extrusion_0271.jpg,train/images/nozzle_no_extrusion_0234.jpg,0.698311,0.774904,1.000000,否
1,val/images/nozzle_no_extrusion_0271.jpg,train/images/nozzle_no_extrusion_0169.jpg,0.701205,0.795145,1.000000,否
1,val/images/nozzle_no_extrusion_0271.jpg,train/images/nozzle_no_extrusion_0278.jpg,0.522106,0.486514,1.000000,否
1,val/images/nozzle_no_extrusion_0271.jpg,val/images/nozzle_no_extrusion_0316.jpg,0.537379,0.492075,1.000000,否
1,val/images/nozzle_no_extrusion_0271.jpg,train/images/nozzle_no_extrusion_0200.jpg,0.551415,0.502025,1.000000,否
1,val/images/nozzle_no_extrusion_0271.jpg,train/images/nozzle_no_extrusion_0166.jpg,0.541277,0.489538,1.000000,否
1,val/images/nozzle_no_extrusion_0271.jpg,val/images/nozzle_no_extrusion_0168.jpg,0.617930,0.693409,1.000000,否
1,val/images/nozzle_no_extrusion_0271.jpg,train/images/nozzle_no_extrusion_0354.jpg,0.529819,0.481372,1.000000,否
1,train/images/nozzle_no_extrusion_0361.jpg,train/images/nozzle_no_extrusion_0205.jpg,0.586820,0.598916,1.000000,否
1,train/images/nozzle_no_extrusion_0361.jpg,train/images/nozzle_no_extrusion_0198.jpg,0.600848,0.667315,1.000000,否
1,train/images/nozzle_no_extrusion_0361.jpg,train/images/nozzle_no_extrusion_0239.jpg,0.538256,0.472643,1.000000,否
1,train/images/nozzle_no_extrusion_0361.jpg,train/images/nozzle_no_extrusion_0270.jpg,0.720587,0.784856,1.000000,否
1,train/images/nozzle_no_extrusion_0361.jpg,val/images/nozzle_no_extrusion_0236.jpg,0.674337,0.740752,1.000000,否
1,train/images/nozzle_no_extrusion_0361.jpg,train/images/nozzle_no_extrusion_0311.jpg,0.594699,0.654755,1.000000,否
1,train/images/nozzle_no_extrusion_0361.jpg,train/images/nozzle_no_extrusion_0237.jpg,0.601616,0.672186,1.000000,否
1,train/images/nozzle_no_extrusion_0361.jpg,train/images/nozzle_no_extrusion_0162.jpg,0.603859,0.654187,1.000000,否
1,train/images/nozzle_no_extrusion_0361.jpg,train/images/nozzle_no_extrusion_0165.jpg,0.496984,0.429431,1.000000,否
1,train/images/nozzle_no_extrusion_0361.jpg,train/images/nozzle_no_extrusion_0279.jpg,0.574333,0.586215,1.000000,否
1,train/images/nozzle_no_extrusion_0361.jpg,train/images/nozzle_no_extrusion_0356.jpg,0.493627,0.431097,1.000000,否
1,train/images/nozzle_no_extrusion_0361.jpg,test/images/nozzle_no_extrusion_0246.jpg,0.984732,0.955756,1.000000,是
1,train/images/nozzle_no_extrusion_0361.jpg,val/images/nozzle_no_extrusion_0360.jpg,0.684412,0.773136,1.000000,否
1,train/images/nozzle_no_extrusion_0361.jpg,train/images/nozzle_no_extrusion_0350.jpg,0.771198,0.883667,1.000000,否
1,train/images/nozzle_no_extrusion_0361.jpg,train/images/nozzle_no_extrusion_0308.jpg,0.776752,0.855510,1.000000,否
1,train/images/nozzle_no_extrusion_0361.jpg,train/images/nozzle_no_extrusion_0202.jpg,0.491329,0.417542,1.000000,否
1,train/images/nozzle_no_extrusion_0361.jpg,train/images/nozzle_no_extrusion_0197.jpg,0.674440,0.734952,1.000000,否
1,train/images/nozzle_no_extrusion_0361.jpg,train/images/nozzle_no_extrusion_0320.jpg,0.955035,0.948190,1.000000,否
1,train/images/nozzle_no_extrusion_0361.jpg,val/images/nozzle_no_extrusion_0310.jpg,0.657999,0.713391,1.000000,否
1,train/images/nozzle_no_extrusion_0361.jpg,val/images/nozzle_no_extrusion_0240.jpg,0.491032,0.426311,1.000000,否
1,train/images/nozzle_no_extrusion_0361.jpg,val/images/nozzle_no_extrusion_0349.jpg,0.756483,0.830607,1.000000,否
1,train/images/nozzle_no_extrusion_0361.jpg,train/images/nozzle_no_extrusion_0317.jpg,0.577868,0.582191,1.000000,否
1,train/images/nozzle_no_extrusion_0361.jpg,val/images/nozzle_no_extrusion_0201.jpg,0.498903,0.445992,1.000000,否
1,train/images/nozzle_no_extrusion_0361.jpg,train/images/nozzle_no_extrusion_0281.jpg,0.670289,0.751885,1.000000,否
1,train/images/nozzle_no_extrusion_0361.jpg,train/images/nozzle_no_extrusion_0234.jpg,0.722608,0.791842,1.000000,否
1,train/images/nozzle_no_extrusion_0361.jpg,train/images/nozzle_no_extrusion_0169.jpg,0.677039,0.742262,1.000000,否
1,train/images/nozzle_no_extrusion_0361.jpg,train/images/nozzle_no_extrusion_0278.jpg,0.510249,0.475240,1.000000,否
1,train/images/nozzle_no_extrusion_0361.jpg,val/images/nozzle_no_extrusion_0316.jpg,0.527169,0.471182,1.000000,否
1,train/images/nozzle_no_extrusion_0361.jpg,train/images/nozzle_no_extrusion_0200.jpg,0.539717,0.466390,1.000000,否
1,train/images/nozzle_no_extrusion_0361.jpg,train/images/nozzle_no_extrusion_0166.jpg,0.525478,0.464963,1.000000,否
1,train/images/nozzle_no_extrusion_0361.jpg,val/images/nozzle_no_extrusion_0168.jpg,0.605015,0.668531,1.000000,否
1,train/images/nozzle_no_extrusion_0361.jpg,train/images/nozzle_no_extrusion_0354.jpg,0.512667,0.458419,1.000000,否
1,train/images/nozzle_no_extrusion_0205.jpg,train/images/nozzle_no_extrusion_0198.jpg,0.749596,0.793645,1.000000,否
1,train/images/nozzle_no_extrusion_0205.jpg,train/images/nozzle_no_extrusion_0239.jpg,0.626355,0.711303,1.000000,否
1,train/images/nozzle_no_extrusion_0205.jpg,train/images/nozzle_no_extrusion_0270.jpg,0.575320,0.603759,1.000000,否
1,train/images/nozzle_no_extrusion_0205.jpg,val/images/nozzle_no_extrusion_0236.jpg,0.631815,0.667402,1.000000,否
1,train/images/nozzle_no_extrusion_0205.jpg,train/images/nozzle_no_extrusion_0311.jpg,0.834423,0.841901,1.000000,否
1,train/images/nozzle_no_extrusion_0205.jpg,train/images/nozzle_no_extrusion_0237.jpg,0.756116,0.781226,1.000000,否
1,train/images/nozzle_no_extrusion_0205.jpg,train/images/nozzle_no_extrusion_0162.jpg,0.733745,0.763720,1.000000,否
1,train/images/nozzle_no_extrusion_0205.jpg,train/images/nozzle_no_extrusion_0165.jpg,0.578961,0.615005,1.000000,否
1,train/images/nozzle_no_extrusion_0205.jpg,train/images/nozzle_no_extrusion_0279.jpg,0.704046,0.828327,1.000000,否
1,train/images/nozzle_no_extrusion_0205.jpg,train/images/nozzle_no_extrusion_0356.jpg,0.574178,0.612515,1.000000,否
1,train/images/nozzle_no_extrusion_0205.jpg,test/images/nozzle_no_extrusion_0246.jpg,0.586689,0.604584,1.000000,否
1,train/images/nozzle_no_extrusion_0205.jpg,val/images/nozzle_no_extrusion_0360.jpg,0.631724,0.667313,1.000000,否
1,train/images/nozzle_no_extrusion_0205.jpg,train/images/nozzle_no_extrusion_0350.jpg,0.591563,0.637099,1.000000,否
1,train/images/nozzle_no_extrusion_0205.jpg,train/images/nozzle_no_extrusion_0308.jpg,0.577341,0.601639,1.000000,否
1,train/images/nozzle_no_extrusion_0205.jpg,train/images/nozzle_no_extrusion_0202.jpg,0.570046,0.593728,1.000000,否
1,train/images/nozzle_no_extrusion_0205.jpg,train/images/nozzle_no_extrusion_0197.jpg,0.633151,0.672187,1.000000,否
1,train/images/nozzle_no_extrusion_0205.jpg,train/images/nozzle_no_extrusion_0320.jpg,0.585907,0.593007,1.000000,否
1,train/images/nozzle_no_extrusion_0205.jpg,val/images/nozzle_no_extrusion_0310.jpg,0.645371,0.663102,1.000000,否
1,train/images/nozzle_no_extrusion_0205.jpg,val/images/nozzle_no_extrusion_0240.jpg,0.578282,0.606475,1.000000,否
1,train/images/nozzle_no_extrusion_0205.jpg,val/images/nozzle_no_extrusion_0349.jpg,0.578119,0.595939,1.000000,否
1,train/images/nozzle_no_extrusion_0205.jpg,train/images/nozzle_no_extrusion_0317.jpg,0.735628,0.856395,1.000000,否
1,train/images/nozzle_no_extrusion_0205.jpg,val/images/nozzle_no_extrusion_0201.jpg,0.581073,0.640993,1.000000,否
1,train/images/nozzle_no_extrusion_0205.jpg,train/images/nozzle_no_extrusion_0281.jpg,0.644599,0.667983,1.000000,否
1,train/images/nozzle_no_extrusion_0205.jpg,train/images/nozzle_no_extrusion_0234.jpg,0.575514,0.606705,1.000000,否
1,train/images/nozzle_no_extrusion_0205.jpg,train/images/nozzle_no_extrusion_0169.jpg,0.631284,0.687466,1.000000,否
1,train/images/nozzle_no_extrusion_0205.jpg,train/images/nozzle_no_extrusion_0278.jpg,0.602484,0.697749,1.000000,否
1,train/images/nozzle_no_extrusion_0205.jpg,val/images/nozzle_no_extrusion_0316.jpg,0.619586,0.716878,1.000000,否
1,train/images/nozzle_no_extrusion_0205.jpg,train/images/nozzle_no_extrusion_0200.jpg,0.627590,0.700435,1.000000,否
1,train/images/nozzle_no_extrusion_0205.jpg,train/images/nozzle_no_extrusion_0166.jpg,0.617911,0.701395,1.000000,否
1,train/images/nozzle_no_extrusion_0205.jpg,val/images/nozzle_no_extrusion_0168.jpg,0.709388,0.754726,1.000000,否
1,train/images/nozzle_no_extrusion_0205.jpg,train/images/nozzle_no_extrusion_0354.jpg,0.603567,0.670670,1.000000,否
1,train/images/nozzle_no_extrusion_0198.jpg,train/images/nozzle_no_extrusion_0239.jpg,0.603438,0.636289,1.000000,否
1,train/images/nozzle_no_extrusion_0198.jpg,train/images/nozzle_no_extrusion_0270.jpg,0.591082,0.612878,1.000000,否
1,train/images/nozzle_no_extrusion_0198.jpg,val/images/nozzle_no_extrusion_0236.jpg,0.680521,0.688281,1.000000,否
1,train/images/nozzle_no_extrusion_0198.jpg,train/images/nozzle_no_extrusion_0311.jpg,0.940972,0.929435,1.000000,否
1,train/images/nozzle_no_extrusion_0198.jpg,train/images/nozzle_no_extrusion_0237.jpg,0.984842,0.956564,1.000000,是
1,train/images/nozzle_no_extrusion_0198.jpg,train/images/nozzle_no_extrusion_0162.jpg,0.909460,0.892374,1.000000,否
1,train/images/nozzle_no_extrusion_0198.jpg,train/images/nozzle_no_extrusion_0165.jpg,0.548378,0.547132,1.000000,否
1,train/images/nozzle_no_extrusion_0198.jpg,train/images/nozzle_no_extrusion_0279.jpg,0.665418,0.707000,1.000000,否
1,train/images/nozzle_no_extrusion_0198.jpg,train/images/nozzle_no_extrusion_0356.jpg,0.534408,0.534881,1.000000,否
1,train/images/nozzle_no_extrusion_0198.jpg,test/images/nozzle_no_extrusion_0246.jpg,0.601688,0.667595,1.000000,否
1,train/images/nozzle_no_extrusion_0198.jpg,val/images/nozzle_no_extrusion_0360.jpg,0.677381,0.676843,1.000000,否
1,train/images/nozzle_no_extrusion_0198.jpg,train/images/nozzle_no_extrusion_0350.jpg,0.622526,0.697955,1.000000,否
1,train/images/nozzle_no_extrusion_0198.jpg,train/images/nozzle_no_extrusion_0308.jpg,0.594474,0.635357,1.000000,否
1,train/images/nozzle_no_extrusion_0198.jpg,train/images/nozzle_no_extrusion_0202.jpg,0.536184,0.531044,1.000000,否
1,train/images/nozzle_no_extrusion_0198.jpg,train/images/nozzle_no_extrusion_0197.jpg,0.686014,0.694830,1.000000,否
1,train/images/nozzle_no_extrusion_0198.jpg,train/images/nozzle_no_extrusion_0320.jpg,0.598842,0.654150,1.000000,否
1,train/images/nozzle_no_extrusion_0198.jpg,val/images/nozzle_no_extrusion_0310.jpg,0.683977,0.670779,1.000000,否
1,train/images/nozzle_no_extrusion_0198.jpg,val/images/nozzle_no_extrusion_0240.jpg,0.565976,0.551855,1.000000,否
1,train/images/nozzle_no_extrusion_0198.jpg,val/images/nozzle_no_extrusion_0349.jpg,0.594419,0.619647,1.000000,否
1,train/images/nozzle_no_extrusion_0198.jpg,train/images/nozzle_no_extrusion_0317.jpg,0.673310,0.710896,1.000000,否
1,train/images/nozzle_no_extrusion_0198.jpg,val/images/nozzle_no_extrusion_0201.jpg,0.579920,0.590625,1.000000,否
1,train/images/nozzle_no_extrusion_0198.jpg,train/images/nozzle_no_extrusion_0281.jpg,0.686984,0.670709,1.000000,否
1,train/images/nozzle_no_extrusion_0198.jpg,train/images/nozzle_no_extrusion_0234.jpg,0.590174,0.619782,1.000000,否
1,train/images/nozzle_no_extrusion_0198.jpg,train/images/nozzle_no_extrusion_0169.jpg,0.677455,0.689154,1.000000,否
1,train/images/nozzle_no_extrusion_0198.jpg,train/images/nozzle_no_extrusion_0278.jpg,0.582453,0.629994,1.000000,否
1,train/images/nozzle_no_extrusion_0198.jpg,val/images/nozzle_no_extrusion_0316.jpg,0.587000,0.634276,1.000000,否
1,train/images/nozzle_no_extrusion_0198.jpg,train/images/nozzle_no_extrusion_0200.jpg,0.603244,0.640520,1.000000,否
1,train/images/nozzle_no_extrusion_0198.jpg,train/images/nozzle_no_extrusion_0166.jpg,0.592550,0.622204,1.000000,否
1,train/images/nozzle_no_extrusion_0198.jpg,val/images/nozzle_no_extrusion_0168.jpg,0.880581,0.873592,1.000000,否
1,train/images/nozzle_no_extrusion_0198.jpg,train/images/nozzle_no_extrusion_0354.jpg,0.586868,0.612715,1.000000,否
1,train/images/nozzle_no_extrusion_0239.jpg,train/images/nozzle_no_extrusion_0270.jpg,0.516234,0.472123,1.000000,否
1,train/images/nozzle_no_extrusion_0239.jpg,val/images/nozzle_no_extrusion_0236.jpg,0.580532,0.561957,1.000000,否
1,train/images/nozzle_no_extrusion_0239.jpg,train/images/nozzle_no_extrusion_0311.jpg,0.609569,0.652719,1.000000,否
1,train/images/nozzle_no_extrusion_0239.jpg,train/images/nozzle_no_extrusion_0237.jpg,0.602669,0.624560,1.000000,否
1,train/images/nozzle_no_extrusion_0239.jpg,train/images/nozzle_no_extrusion_0162.jpg,0.597635,0.606468,1.000000,否
1,train/images/nozzle_no_extrusion_0239.jpg,train/images/nozzle_no_extrusion_0165.jpg,0.642882,0.827360,1.000000,否
1,train/images/nozzle_no_extrusion_0239.jpg,train/images/nozzle_no_extrusion_0279.jpg,0.681732,0.778955,1.000000,否
1,train/images/nozzle_no_extrusion_0239.jpg,train/images/nozzle_no_extrusion_0356.jpg,0.628704,0.814609,1.000000,否
1,train/images/nozzle_no_extrusion_0239.jpg,test/images/nozzle_no_extrusion_0246.jpg,0.535777,0.473705,1.000000,否
1,train/images/nozzle_no_extrusion_0239.jpg,val/images/nozzle_no_extrusion_0360.jpg,0.577391,0.554926,1.000000,否
1,train/images/nozzle_no_extrusion_0239.jpg,train/images/nozzle_no_extrusion_0350.jpg,0.554190,0.512435,1.000000,否
1,train/images/nozzle_no_extrusion_0239.jpg,train/images/nozzle_no_extrusion_0308.jpg,0.522632,0.479768,1.000000,否
1,train/images/nozzle_no_extrusion_0239.jpg,train/images/nozzle_no_extrusion_0202.jpg,0.628363,0.804481,1.000000,否
1,train/images/nozzle_no_extrusion_0239.jpg,train/images/nozzle_no_extrusion_0197.jpg,0.579988,0.568893,1.000000,否
1,train/images/nozzle_no_extrusion_0239.jpg,train/images/nozzle_no_extrusion_0320.jpg,0.530689,0.469338,1.000000,否
1,train/images/nozzle_no_extrusion_0239.jpg,val/images/nozzle_no_extrusion_0310.jpg,0.585438,0.558563,1.000000,否
1,train/images/nozzle_no_extrusion_0239.jpg,val/images/nozzle_no_extrusion_0240.jpg,0.668063,0.823984,1.000000,否
1,train/images/nozzle_no_extrusion_0239.jpg,val/images/nozzle_no_extrusion_0349.jpg,0.522471,0.476011,1.000000,否
1,train/images/nozzle_no_extrusion_0239.jpg,train/images/nozzle_no_extrusion_0317.jpg,0.674429,0.754394,1.000000,否
1,train/images/nozzle_no_extrusion_0239.jpg,val/images/nozzle_no_extrusion_0201.jpg,0.676957,0.854017,1.000000,否
1,train/images/nozzle_no_extrusion_0239.jpg,train/images/nozzle_no_extrusion_0281.jpg,0.584206,0.554990,1.000000,否
1,train/images/nozzle_no_extrusion_0239.jpg,train/images/nozzle_no_extrusion_0234.jpg,0.516904,0.473106,1.000000,否
1,train/images/nozzle_no_extrusion_0239.jpg,train/images/nozzle_no_extrusion_0169.jpg,0.576944,0.567730,1.000000,否
1,train/images/nozzle_no_extrusion_0239.jpg,train/images/nozzle_no_extrusion_0278.jpg,0.744258,0.900854,1.000000,否
1,train/images/nozzle_no_extrusion_0239.jpg,val/images/nozzle_no_extrusion_0316.jpg,0.925509,0.934924,1.000000,否
1,train/images/nozzle_no_extrusion_0239.jpg,train/images/nozzle_no_extrusion_0200.jpg,0.983724,0.967703,1.000000,是
1,train/images/nozzle_no_extrusion_0239.jpg,train/images/nozzle_no_extrusion_0166.jpg,0.891731,0.941801,1.000000,否
1,train/images/nozzle_no_extrusion_0239.jpg,val/images/nozzle_no_extrusion_0168.jpg,0.599600,0.598196,1.000000,否
1,train/images/nozzle_no_extrusion_0239.jpg,train/images/nozzle_no_extrusion_0354.jpg,0.749747,0.923354,1.000000,否
1,train/images/nozzle_no_extrusion_0270.jpg,val/images/nozzle_no_extrusion_0236.jpg,0.617945,0.716813,1.000000,否
1,train/images/nozzle_no_extrusion_0270.jpg,train/images/nozzle_no_extrusion_0311.jpg,0.587440,0.611570,1.000000,否
1,train/images/nozzle_no_extrusion_0270.jpg,train/images/nozzle_no_extrusion_0237.jpg,0.591576,0.616587,1.000000,否
1,train/images/nozzle_no_extrusion_0270.jpg,train/images/nozzle_no_extrusion_0162.jpg,0.588817,0.609611,1.000000,否
1,train/images/nozzle_no_extrusion_0270.jpg,train/images/nozzle_no_extrusion_0165.jpg,0.494290,0.427126,1.000000,否
1,train/images/nozzle_no_extrusion_0270.jpg,train/images/nozzle_no_extrusion_0279.jpg,0.554759,0.548663,1.000000,否
1,train/images/nozzle_no_extrusion_0270.jpg,train/images/nozzle_no_extrusion_0356.jpg,0.477086,0.430546,1.000000,否
1,train/images/nozzle_no_extrusion_0270.jpg,test/images/nozzle_no_extrusion_0246.jpg,0.731141,0.791254,1.000000,否
1,train/images/nozzle_no_extrusion_0270.jpg,val/images/nozzle_no_extrusion_0360.jpg,0.615587,0.719043,1.000000,否
1,train/images/nozzle_no_extrusion_0270.jpg,train/images/nozzle_no_extrusion_0350.jpg,0.685341,0.766349,1.000000,否
1,train/images/nozzle_no_extrusion_0270.jpg,train/images/nozzle_no_extrusion_0308.jpg,0.888864,0.903272,1.000000,否
1,train/images/nozzle_no_extrusion_0270.jpg,train/images/nozzle_no_extrusion_0202.jpg,0.477104,0.427090,1.000000,否
1,train/images/nozzle_no_extrusion_0270.jpg,train/images/nozzle_no_extrusion_0197.jpg,0.617612,0.710484,1.000000,否
1,train/images/nozzle_no_extrusion_0270.jpg,train/images/nozzle_no_extrusion_0320.jpg,0.744085,0.802058,1.000000,否
1,train/images/nozzle_no_extrusion_0270.jpg,val/images/nozzle_no_extrusion_0310.jpg,0.609955,0.705358,1.000000,否
1,train/images/nozzle_no_extrusion_0270.jpg,val/images/nozzle_no_extrusion_0240.jpg,0.497432,0.431350,1.000000,否
1,train/images/nozzle_no_extrusion_0270.jpg,val/images/nozzle_no_extrusion_0349.jpg,0.921921,0.933114,1.000000,否
1,train/images/nozzle_no_extrusion_0270.jpg,train/images/nozzle_no_extrusion_0317.jpg,0.559546,0.565271,1.000000,否
1,train/images/nozzle_no_extrusion_0270.jpg,val/images/nozzle_no_extrusion_0201.jpg,0.497855,0.447232,1.000000,否
1,train/images/nozzle_no_extrusion_0270.jpg,train/images/nozzle_no_extrusion_0281.jpg,0.607750,0.718950,1.000000,否
1,train/images/nozzle_no_extrusion_0270.jpg,train/images/nozzle_no_extrusion_0234.jpg,0.987426,0.962153,1.000000,是
1,train/images/nozzle_no_extrusion_0270.jpg,train/images/nozzle_no_extrusion_0169.jpg,0.618224,0.719637,1.000000,否
1,train/images/nozzle_no_extrusion_0270.jpg,train/images/nozzle_no_extrusion_0278.jpg,0.496106,0.460100,1.000000,否
1,train/images/nozzle_no_extrusion_0270.jpg,val/images/nozzle_no_extrusion_0316.jpg,0.504753,0.459643,1.000000,否
1,train/images/nozzle_no_extrusion_0270.jpg,train/images/nozzle_no_extrusion_0200.jpg,0.514253,0.467779,1.000000,否
1,train/images/nozzle_no_extrusion_0270.jpg,train/images/nozzle_no_extrusion_0166.jpg,0.508449,0.458482,1.000000,否
1,train/images/nozzle_no_extrusion_0270.jpg,val/images/nozzle_no_extrusion_0168.jpg,0.586194,0.617336,1.000000,否
1,train/images/nozzle_no_extrusion_0270.jpg,train/images/nozzle_no_extrusion_0354.jpg,0.501340,0.457897,1.000000,否
1,val/images/nozzle_no_extrusion_0236.jpg,train/images/nozzle_no_extrusion_0311.jpg,0.670846,0.694687,1.000000,否
1,val/images/nozzle_no_extrusion_0236.jpg,train/images/nozzle_no_extrusion_0237.jpg,0.684446,0.696676,1.000000,否
1,val/images/nozzle_no_extrusion_0236.jpg,train/images/nozzle_no_extrusion_0162.jpg,0.684561,0.696810,1.000000,否
1,val/images/nozzle_no_extrusion_0236.jpg,train/images/nozzle_no_extrusion_0165.jpg,0.518675,0.473725,1.000000,否
1,val/images/nozzle_no_extrusion_0236.jpg,train/images/nozzle_no_extrusion_0279.jpg,0.590239,0.617444,1.000000,否
1,val/images/nozzle_no_extrusion_0236.jpg,train/images/nozzle_no_extrusion_0356.jpg,0.510010,0.473973,1.000000,否
1,val/images/nozzle_no_extrusion_0236.jpg,test/images/nozzle_no_extrusion_0246.jpg,0.668638,0.744244,1.000000,否
1,val/images/nozzle_no_extrusion_0236.jpg,val/images/nozzle_no_extrusion_0360.jpg,0.947584,0.930975,1.000000,否
1,val/images/nozzle_no_extrusion_0236.jpg,train/images/nozzle_no_extrusion_0350.jpg,0.703602,0.808020,1.000000,否
1,val/images/nozzle_no_extrusion_0236.jpg,train/images/nozzle_no_extrusion_0308.jpg,0.635207,0.730401,1.000000,否
1,val/images/nozzle_no_extrusion_0236.jpg,train/images/nozzle_no_extrusion_0202.jpg,0.511047,0.476559,1.000000,否
1,val/images/nozzle_no_extrusion_0236.jpg,train/images/nozzle_no_extrusion_0197.jpg,0.985672,0.951522,1.000000,是
1,val/images/nozzle_no_extrusion_0236.jpg,train/images/nozzle_no_extrusion_0320.jpg,0.659796,0.734977,1.000000,否
1,val/images/nozzle_no_extrusion_0236.jpg,val/images/nozzle_no_extrusion_0310.jpg,0.966104,0.933810,1.000000,否
1,val/images/nozzle_no_extrusion_0236.jpg,val/images/nozzle_no_extrusion_0240.jpg,0.529097,0.464559,1.000000,否
1,val/images/nozzle_no_extrusion_0236.jpg,val/images/nozzle_no_extrusion_0349.jpg,0.630853,0.726752,1.000000,否
1,val/images/nozzle_no_extrusion_0236.jpg,train/images/nozzle_no_extrusion_0317.jpg,0.595039,0.622854,1.000000,否
1,val/images/nozzle_no_extrusion_0236.jpg,val/images/nozzle_no_extrusion_0201.jpg,0.533447,0.482277,1.000000,否
1,val/images/nozzle_no_extrusion_0236.jpg,train/images/nozzle_no_extrusion_0281.jpg,0.971147,0.944693,1.000000,否
1,val/images/nozzle_no_extrusion_0236.jpg,train/images/nozzle_no_extrusion_0234.jpg,0.620222,0.720550,1.000000,否
1,val/images/nozzle_no_extrusion_0236.jpg,train/images/nozzle_no_extrusion_0169.jpg,0.915412,0.887929,1.000000,否
1,val/images/nozzle_no_extrusion_0236.jpg,train/images/nozzle_no_extrusion_0278.jpg,0.540796,0.516159,1.000000,否
1,val/images/nozzle_no_extrusion_0236.jpg,val/images/nozzle_no_extrusion_0316.jpg,0.562581,0.539530,1.000000,否
1,val/images/nozzle_no_extrusion_0236.jpg,train/images/nozzle_no_extrusion_0200.jpg,0.578433,0.552791,1.000000,否
1,val/images/nozzle_no_extrusion_0236.jpg,train/images/nozzle_no_extrusion_0166.jpg,0.564787,0.530186,1.000000,否
1,val/images/nozzle_no_extrusion_0236.jpg,val/images/nozzle_no_extrusion_0168.jpg,0.683808,0.693911,1.000000,否
1,val/images/nozzle_no_extrusion_0236.jpg,train/images/nozzle_no_extrusion_0354.jpg,0.551129,0.523503,1.000000,否
1,train/images/nozzle_no_extrusion_0311.jpg,train/images/nozzle_no_extrusion_0237.jpg,0.959850,0.934454,1.000000,否
1,train/images/nozzle_no_extrusion_0311.jpg,train/images/nozzle_no_extrusion_0162.jpg,0.901895,0.876792,1.000000,否
1,train/images/nozzle_no_extrusion_0311.jpg,train/images/nozzle_no_extrusion_0165.jpg,0.558187,0.561769,1.000000,否
1,train/images/nozzle_no_extrusion_0311.jpg,train/images/nozzle_no_extrusion_0279.jpg,0.668437,0.728587,1.000000,否
1,train/images/nozzle_no_extrusion_0311.jpg,train/images/nozzle_no_extrusion_0356.jpg,0.543834,0.550623,1.000000,否
1,train/images/nozzle_no_extrusion_0311.jpg,test/images/nozzle_no_extrusion_0246.jpg,0.594708,0.646782,1.000000,否
1,train/images/nozzle_no_extrusion_0311.jpg,val/images/nozzle_no_extrusion_0360.jpg,0.663051,0.691553,1.000000,否
1,train/images/nozzle_no_extrusion_0311.jpg,train/images/nozzle_no_extrusion_0350.jpg,0.614795,0.703110,1.000000,否
1,train/images/nozzle_no_extrusion_0311.jpg,train/images/nozzle_no_extrusion_0308.jpg,0.591049,0.625049,1.000000,否
1,train/images/nozzle_no_extrusion_0311.jpg,train/images/nozzle_no_extrusion_0202.jpg,0.543931,0.536238,1.000000,否
1,train/images/nozzle_no_extrusion_0311.jpg,train/images/nozzle_no_extrusion_0197.jpg,0.672446,0.695242,1.000000,否
1,train/images/nozzle_no_extrusion_0311.jpg,train/images/nozzle_no_extrusion_0320.jpg,0.593823,0.635119,1.000000,否
1,train/images/nozzle_no_extrusion_0311.jpg,val/images/nozzle_no_extrusion_0310.jpg,0.680755,0.685354,1.000000,否
1,train/images/nozzle_no_extrusion_0311.jpg,val/images/nozzle_no_extrusion_0240.jpg,0.573918,0.562792,1.000000,否
1,train/images/nozzle_no_extrusion_0311.jpg,val/images/nozzle_no_extrusion_0349.jpg,0.591029,0.612194,1.000000,否
1,train/images/nozzle_no_extrusion_0311.jpg,train/images/nozzle_no_extrusion_0317.jpg,0.674139,0.742048,1.000000,否
1,train/images/nozzle_no_extrusion_0311.jpg,val/images/nozzle_no_extrusion_0201.jpg,0.577812,0.597489,1.000000,否
1,train/images/nozzle_no_extrusion_0311.jpg,train/images/nozzle_no_extrusion_0281.jpg,0.676380,0.676444,1.000000,否
1,train/images/nozzle_no_extrusion_0311.jpg,train/images/nozzle_no_extrusion_0234.jpg,0.586705,0.612049,1.000000,否
1,train/images/nozzle_no_extrusion_0311.jpg,train/images/nozzle_no_extrusion_0169.jpg,0.665883,0.693686,1.000000,否
1,train/images/nozzle_no_extrusion_0311.jpg,train/images/nozzle_no_extrusion_0278.jpg,0.580750,0.640317,1.000000,否
1,train/images/nozzle_no_extrusion_0311.jpg,val/images/nozzle_no_extrusion_0316.jpg,0.589312,0.652450,1.000000,否
1,train/images/nozzle_no_extrusion_0311.jpg,train/images/nozzle_no_extrusion_0200.jpg,0.608842,0.648801,1.000000,否
1,train/images/nozzle_no_extrusion_0311.jpg,train/images/nozzle_no_extrusion_0166.jpg,0.593946,0.635745,1.000000,否
1,train/images/nozzle_no_extrusion_0311.jpg,val/images/nozzle_no_extrusion_0168.jpg,0.858543,0.852726,1.000000,否
1,train/images/nozzle_no_extrusion_0311.jpg,train/images/nozzle_no_extrusion_0354.jpg,0.585752,0.627002,1.000000,否
1,train/images/nozzle_no_extrusion_0237.jpg,train/images/nozzle_no_extrusion_0162.jpg,0.949704,0.917003,1.000000,否
1,train/images/nozzle_no_extrusion_0237.jpg,train/images/nozzle_no_extrusion_0165.jpg,0.548556,0.539341,1.000000,否
1,train/images/nozzle_no_extrusion_0237.jpg,train/images/nozzle_no_extrusion_0279.jpg,0.661533,0.696275,1.000000,否
1,train/images/nozzle_no_extrusion_0237.jpg,train/images/nozzle_no_extrusion_0356.jpg,0.532523,0.524888,1.000000,否
1,train/images/nozzle_no_extrusion_0237.jpg,test/images/nozzle_no_extrusion_0246.jpg,0.601547,0.672397,1.000000,否
1,train/images/nozzle_no_extrusion_0237.jpg,val/images/nozzle_no_extrusion_0360.jpg,0.678528,0.685662,1.000000,否
1,train/images/nozzle_no_extrusion_0237.jpg,train/images/nozzle_no_extrusion_0350.jpg,0.626066,0.706705,1.000000,否
1,train/images/nozzle_no_extrusion_0237.jpg,train/images/nozzle_no_extrusion_0308.jpg,0.595098,0.639310,1.000000,否
1,train/images/nozzle_no_extrusion_0237.jpg,train/images/nozzle_no_extrusion_0202.jpg,0.533648,0.516931,1.000000,否
1,train/images/nozzle_no_extrusion_0237.jpg,train/images/nozzle_no_extrusion_0197.jpg,0.687932,0.694799,1.000000,否
1,train/images/nozzle_no_extrusion_0237.jpg,train/images/nozzle_no_extrusion_0320.jpg,0.599071,0.659504,1.000000,否
1,train/images/nozzle_no_extrusion_0237.jpg,val/images/nozzle_no_extrusion_0310.jpg,0.689928,0.675901,1.000000,否
1,train/images/nozzle_no_extrusion_0237.jpg,val/images/nozzle_no_extrusion_0240.jpg,0.565522,0.542372,1.000000,否
1,train/images/nozzle_no_extrusion_0237.jpg,val/images/nozzle_no_extrusion_0349.jpg,0.595180,0.623048,1.000000,否
1,train/images/nozzle_no_extrusion_0237.jpg,train/images/nozzle_no_extrusion_0317.jpg,0.667972,0.704711,1.000000,否
1,train/images/nozzle_no_extrusion_0237.jpg,val/images/nozzle_no_extrusion_0201.jpg,0.575608,0.579315,1.000000,否
1,train/images/nozzle_no_extrusion_0237.jpg,train/images/nozzle_no_extrusion_0281.jpg,0.689834,0.675410,1.000000,否
1,train/images/nozzle_no_extrusion_0237.jpg,train/images/nozzle_no_extrusion_0234.jpg,0.590517,0.623320,1.000000,否
1,train/images/nozzle_no_extrusion_0237.jpg,train/images/nozzle_no_extrusion_0169.jpg,0.680532,0.692659,1.000000,否
1,train/images/nozzle_no_extrusion_0237.jpg,train/images/nozzle_no_extrusion_0278.jpg,0.580414,0.617723,1.000000,否
1,train/images/nozzle_no_extrusion_0237.jpg,val/images/nozzle_no_extrusion_0316.jpg,0.584115,0.624623,1.000000,否
1,train/images/nozzle_no_extrusion_0237.jpg,train/images/nozzle_no_extrusion_0200.jpg,0.601976,0.625096,1.000000,否
1,train/images/nozzle_no_extrusion_0237.jpg,train/images/nozzle_no_extrusion_0166.jpg,0.589922,0.611827,1.000000,否
1,train/images/nozzle_no_extrusion_0237.jpg,val/images/nozzle_no_extrusion_0168.jpg,0.914133,0.896378,1.000000,否
1,train/images/nozzle_no_extrusion_0237.jpg,train/images/nozzle_no_extrusion_0354.jpg,0.584554,0.602943,1.000000,否
1,train/images/nozzle_no_extrusion_0162.jpg,train/images/nozzle_no_extrusion_0165.jpg,0.551214,0.527907,1.000000,否
1,train/images/nozzle_no_extrusion_0162.jpg,train/images/nozzle_no_extrusion_0279.jpg,0.663301,0.686148,1.000000,否
1,train/images/nozzle_no_extrusion_0162.jpg,train/images/nozzle_no_extrusion_0356.jpg,0.536579,0.515883,1.000000,否
1,train/images/nozzle_no_extrusion_0162.jpg,test/images/nozzle_no_extrusion_0246.jpg,0.602232,0.660463,1.000000,否
1,train/images/nozzle_no_extrusion_0162.jpg,val/images/nozzle_no_extrusion_0360.jpg,0.679249,0.691709,1.000000,否
1,train/images/nozzle_no_extrusion_0162.jpg,train/images/nozzle_no_extrusion_0350.jpg,0.625134,0.685061,1.000000,否
1,train/images/nozzle_no_extrusion_0162.jpg,train/images/nozzle_no_extrusion_0308.jpg,0.591133,0.623415,1.000000,否
1,train/images/nozzle_no_extrusion_0162.jpg,train/images/nozzle_no_extrusion_0202.jpg,0.532427,0.495655,1.000000,否
1,train/images/nozzle_no_extrusion_0162.jpg,train/images/nozzle_no_extrusion_0197.jpg,0.686556,0.692069,1.000000,否
1,train/images/nozzle_no_extrusion_0162.jpg,train/images/nozzle_no_extrusion_0320.jpg,0.600083,0.645446,1.000000,否
1,train/images/nozzle_no_extrusion_0162.jpg,val/images/nozzle_no_extrusion_0310.jpg,0.694064,0.687880,1.000000,否
1,train/images/nozzle_no_extrusion_0162.jpg,val/images/nozzle_no_extrusion_0240.jpg,0.558629,0.518579,1.000000,否
1,train/images/nozzle_no_extrusion_0162.jpg,val/images/nozzle_no_extrusion_0349.jpg,0.590967,0.608448,1.000000,否
1,train/images/nozzle_no_extrusion_0162.jpg,train/images/nozzle_no_extrusion_0317.jpg,0.670031,0.688810,1.000000,否
1,train/images/nozzle_no_extrusion_0162.jpg,val/images/nozzle_no_extrusion_0201.jpg,0.563868,0.554113,1.000000,否
1,train/images/nozzle_no_extrusion_0162.jpg,train/images/nozzle_no_extrusion_0281.jpg,0.694844,0.687468,1.000000,否
1,train/images/nozzle_no_extrusion_0162.jpg,train/images/nozzle_no_extrusion_0234.jpg,0.587695,0.613102,1.000000,否
1,train/images/nozzle_no_extrusion_0162.jpg,train/images/nozzle_no_extrusion_0169.jpg,0.688073,0.719118,1.000000,否
1,train/images/nozzle_no_extrusion_0162.jpg,train/images/nozzle_no_extrusion_0278.jpg,0.584337,0.608761,1.000000,否
1,train/images/nozzle_no_extrusion_0162.jpg,val/images/nozzle_no_extrusion_0316.jpg,0.588595,0.621808,1.000000,否
1,train/images/nozzle_no_extrusion_0162.jpg,train/images/nozzle_no_extrusion_0200.jpg,0.598048,0.609735,1.000000,否
1,train/images/nozzle_no_extrusion_0162.jpg,train/images/nozzle_no_extrusion_0166.jpg,0.592255,0.606157,1.000000,否
1,train/images/nozzle_no_extrusion_0162.jpg,val/images/nozzle_no_extrusion_0168.jpg,0.965318,0.951354,1.000000,是
1,train/images/nozzle_no_extrusion_0162.jpg,train/images/nozzle_no_extrusion_0354.jpg,0.579706,0.586037,1.000000,否
1,train/images/nozzle_no_extrusion_0165.jpg,train/images/nozzle_no_extrusion_0279.jpg,0.597700,0.668099,1.000000,否
1,train/images/nozzle_no_extrusion_0165.jpg,train/images/nozzle_no_extrusion_0356.jpg,0.883968,0.922210,1.000000,否
1,train/images/nozzle_no_extrusion_0165.jpg,test/images/nozzle_no_extrusion_0246.jpg,0.500462,0.425958,1.000000,否
1,train/images/nozzle_no_extrusion_0165.jpg,val/images/nozzle_no_extrusion_0360.jpg,0.519265,0.476406,1.000000,否
1,train/images/nozzle_no_extrusion_0165.jpg,train/images/nozzle_no_extrusion_0350.jpg,0.497965,0.461997,1.000000,否
1,train/images/nozzle_no_extrusion_0165.jpg,train/images/nozzle_no_extrusion_0308.jpg,0.503272,0.430769,1.000000,否
1,train/images/nozzle_no_extrusion_0165.jpg,train/images/nozzle_no_extrusion_0202.jpg,0.853123,0.907043,1.000000,否
1,train/images/nozzle_no_extrusion_0165.jpg,train/images/nozzle_no_extrusion_0197.jpg,0.520680,0.482210,1.000000,否
1,train/images/nozzle_no_extrusion_0165.jpg,train/images/nozzle_no_extrusion_0320.jpg,0.502068,0.425219,1.000000,否
1,train/images/nozzle_no_extrusion_0165.jpg,val/images/nozzle_no_extrusion_0310.jpg,0.525573,0.466675,1.000000,否
1,train/images/nozzle_no_extrusion_0165.jpg,val/images/nozzle_no_extrusion_0240.jpg,0.866910,0.927358,1.000000,否
1,train/images/nozzle_no_extrusion_0165.jpg,val/images/nozzle_no_extrusion_0349.jpg,0.505202,0.426915,1.000000,否
1,train/images/nozzle_no_extrusion_0165.jpg,train/images/nozzle_no_extrusion_0317.jpg,0.590321,0.654162,1.000000,否
1,train/images/nozzle_no_extrusion_0165.jpg,val/images/nozzle_no_extrusion_0201.jpg,0.717636,0.885701,1.000000,否
1,train/images/nozzle_no_extrusion_0165.jpg,train/images/nozzle_no_extrusion_0281.jpg,0.523160,0.476435,1.000000,否
1,train/images/nozzle_no_extrusion_0165.jpg,train/images/nozzle_no_extrusion_0234.jpg,0.498459,0.429294,1.000000,否
1,train/images/nozzle_no_extrusion_0165.jpg,train/images/nozzle_no_extrusion_0169.jpg,0.519912,0.490743,1.000000,否
1,train/images/nozzle_no_extrusion_0165.jpg,train/images/nozzle_no_extrusion_0278.jpg,0.690953,0.841205,1.000000,否
1,train/images/nozzle_no_extrusion_0165.jpg,val/images/nozzle_no_extrusion_0316.jpg,0.659505,0.818797,1.000000,否
1,train/images/nozzle_no_extrusion_0165.jpg,train/images/nozzle_no_extrusion_0200.jpg,0.640177,0.829520,1.000000,否
1,train/images/nozzle_no_extrusion_0165.jpg,train/images/nozzle_no_extrusion_0166.jpg,0.668115,0.841527,1.000000,否
1,train/images/nozzle_no_extrusion_0165.jpg,val/images/nozzle_no_extrusion_0168.jpg,0.548161,0.520564,1.000000,否
1,train/images/nozzle_no_extrusion_0165.jpg,train/images/nozzle_no_extrusion_0354.jpg,0.682960,0.839642,1.000000,否
1,train/images/nozzle_no_extrusion_0279.jpg,train/images/nozzle_no_extrusion_0356.jpg,0.594193,0.672267,1.000000,否
1,train/images/nozzle_no_extrusion_0279.jpg,test/images/nozzle_no_extrusion_0246.jpg,0.573964,0.593425,1.000000,否
1,train/images/nozzle_no_extrusion_0279.jpg,val/images/nozzle_no_extrusion_0360.jpg,0.598684,0.628000,1.000000,否
1,train/images/nozzle_no_extrusion_0279.jpg,train/images/nozzle_no_extrusion_0350.jpg,0.575062,0.587751,1.000000,否
1,train/images/nozzle_no_extrusion_0279.jpg,train/images/nozzle_no_extrusion_0308.jpg,0.558717,0.578835,1.000000,否
1,train/images/nozzle_no_extrusion_0279.jpg,train/images/nozzle_no_extrusion_0202.jpg,0.586225,0.647450,1.000000,否
1,train/images/nozzle_no_extrusion_0279.jpg,train/images/nozzle_no_extrusion_0197.jpg,0.593378,0.623363,1.000000,否
1,train/images/nozzle_no_extrusion_0279.jpg,train/images/nozzle_no_extrusion_0320.jpg,0.571898,0.588656,1.000000,否
1,train/images/nozzle_no_extrusion_0279.jpg,val/images/nozzle_no_extrusion_0310.jpg,0.594899,0.611974,1.000000,否
1,train/images/nozzle_no_extrusion_0279.jpg,val/images/nozzle_no_extrusion_0240.jpg,0.604375,0.663145,1.000000,否
1,train/images/nozzle_no_extrusion_0279.jpg,val/images/nozzle_no_extrusion_0349.jpg,0.559405,0.569975,1.000000,否
1,train/images/nozzle_no_extrusion_0279.jpg,train/images/nozzle_no_extrusion_0317.jpg,0.976543,0.955233,1.000000,是
1,train/images/nozzle_no_extrusion_0279.jpg,val/images/nozzle_no_extrusion_0201.jpg,0.615792,0.693028,1.000000,否
1,train/images/nozzle_no_extrusion_0279.jpg,train/images/nozzle_no_extrusion_0281.jpg,0.604480,0.627193,1.000000,否
1,train/images/nozzle_no_extrusion_0279.jpg,train/images/nozzle_no_extrusion_0234.jpg,0.554637,0.556227,1.000000,否
1,train/images/nozzle_no_extrusion_0279.jpg,train/images/nozzle_no_extrusion_0169.jpg,0.598895,0.634774,1.000000,否
1,train/images/nozzle_no_extrusion_0279.jpg,train/images/nozzle_no_extrusion_0278.jpg,0.650396,0.769705,1.000000,否
1,train/images/nozzle_no_extrusion_0279.jpg,val/images/nozzle_no_extrusion_0316.jpg,0.680919,0.792718,1.000000,否
1,train/images/nozzle_no_extrusion_0279.jpg,train/images/nozzle_no_extrusion_0200.jpg,0.678426,0.773005,1.000000,否
1,train/images/nozzle_no_extrusion_0279.jpg,train/images/nozzle_no_extrusion_0166.jpg,0.682061,0.777003,1.000000,否
1,train/images/nozzle_no_extrusion_0279.jpg,val/images/nozzle_no_extrusion_0168.jpg,0.663821,0.681027,1.000000,否
1,train/images/nozzle_no_extrusion_0279.jpg,train/images/nozzle_no_extrusion_0354.jpg,0.646570,0.734043,1.000000,否
1,train/images/nozzle_no_extrusion_0356.jpg,test/images/nozzle_no_extrusion_0246.jpg,0.494804,0.423371,1.000000,否
1,train/images/nozzle_no_extrusion_0356.jpg,val/images/nozzle_no_extrusion_0360.jpg,0.513366,0.477131,1.000000,否
1,train/images/nozzle_no_extrusion_0356.jpg,train/images/nozzle_no_extrusion_0350.jpg,0.491779,0.460105,1.000000,否
1,train/images/nozzle_no_extrusion_0356.jpg,train/images/nozzle_no_extrusion_0308.jpg,0.486670,0.438110,1.000000,否
1,train/images/nozzle_no_extrusion_0356.jpg,train/images/nozzle_no_extrusion_0202.jpg,0.966511,0.951330,1.000000,是
1,train/images/nozzle_no_extrusion_0356.jpg,train/images/nozzle_no_extrusion_0197.jpg,0.511461,0.479544,1.000000,否
1,train/images/nozzle_no_extrusion_0356.jpg,train/images/nozzle_no_extrusion_0320.jpg,0.494827,0.423543,1.000000,否
1,train/images/nozzle_no_extrusion_0356.jpg,val/images/nozzle_no_extrusion_0310.jpg,0.517213,0.473605,1.000000,否
1,train/images/nozzle_no_extrusion_0356.jpg,val/images/nozzle_no_extrusion_0240.jpg,0.816176,0.883387,1.000000,否
1,train/images/nozzle_no_extrusion_0356.jpg,val/images/nozzle_no_extrusion_0349.jpg,0.487077,0.434209,1.000000,否
1,train/images/nozzle_no_extrusion_0356.jpg,train/images/nozzle_no_extrusion_0317.jpg,0.588903,0.659366,1.000000,否
1,train/images/nozzle_no_extrusion_0356.jpg,val/images/nozzle_no_extrusion_0201.jpg,0.692802,0.858944,1.000000,否
1,train/images/nozzle_no_extrusion_0356.jpg,train/images/nozzle_no_extrusion_0281.jpg,0.519150,0.480686,1.000000,否
1,train/images/nozzle_no_extrusion_0356.jpg,train/images/nozzle_no_extrusion_0234.jpg,0.479826,0.433840,1.000000,否
1,train/images/nozzle_no_extrusion_0356.jpg,train/images/nozzle_no_extrusion_0169.jpg,0.512647,0.488896,1.000000,否
1,train/images/nozzle_no_extrusion_0356.jpg,train/images/nozzle_no_extrusion_0278.jpg,0.682331,0.827921,1.000000,否
1,train/images/nozzle_no_extrusion_0356.jpg,val/images/nozzle_no_extrusion_0316.jpg,0.649726,0.817508,1.000000,否
1,train/images/nozzle_no_extrusion_0356.jpg,train/images/nozzle_no_extrusion_0200.jpg,0.628090,0.819342,1.000000,否
1,train/images/nozzle_no_extrusion_0356.jpg,train/images/nozzle_no_extrusion_0166.jpg,0.649744,0.834190,1.000000,否
1,train/images/nozzle_no_extrusion_0356.jpg,val/images/nozzle_no_extrusion_0168.jpg,0.533832,0.508652,1.000000,否
1,train/images/nozzle_no_extrusion_0356.jpg,train/images/nozzle_no_extrusion_0354.jpg,0.665200,0.821277,1.000000,否
1,test/images/nozzle_no_extrusion_0246.jpg,val/images/nozzle_no_extrusion_0360.jpg,0.677964,0.763704,1.000000,否
1,test/images/nozzle_no_extrusion_0246.jpg,train/images/nozzle_no_extrusion_0350.jpg,0.747213,0.861644,1.000000,否
1,test/images/nozzle_no_extrusion_0246.jpg,train/images/nozzle_no_extrusion_0308.jpg,0.814570,0.865676,1.000000,否
1,test/images/nozzle_no_extrusion_0246.jpg,train/images/nozzle_no_extrusion_0202.jpg,0.493224,0.414528,1.000000,否
1,test/images/nozzle_no_extrusion_0246.jpg,train/images/nozzle_no_extrusion_0197.jpg,0.668599,0.738177,1.000000,否
1,test/images/nozzle_no_extrusion_0246.jpg,train/images/nozzle_no_extrusion_0320.jpg,0.985161,0.959163,1.000000,是
1,test/images/nozzle_no_extrusion_0246.jpg,val/images/nozzle_no_extrusion_0310.jpg,0.651807,0.709025,1.000000,否
1,test/images/nozzle_no_extrusion_0246.jpg,val/images/nozzle_no_extrusion_0240.jpg,0.492154,0.417860,1.000000,否
1,test/images/nozzle_no_extrusion_0246.jpg,val/images/nozzle_no_extrusion_0349.jpg,0.787634,0.832063,1.000000,否
1,test/images/nozzle_no_extrusion_0246.jpg,train/images/nozzle_no_extrusion_0317.jpg,0.577309,0.588384,1.000000,否
1,test/images/nozzle_no_extrusion_0246.jpg,val/images/nozzle_no_extrusion_0201.jpg,0.498831,0.439802,1.000000,否
1,test/images/nozzle_no_extrusion_0246.jpg,train/images/nozzle_no_extrusion_0281.jpg,0.664169,0.751779,1.000000,否
1,test/images/nozzle_no_extrusion_0246.jpg,train/images/nozzle_no_extrusion_0234.jpg,0.737378,0.805792,1.000000,否
1,test/images/nozzle_no_extrusion_0246.jpg,train/images/nozzle_no_extrusion_0169.jpg,0.671319,0.746136,1.000000,否
1,test/images/nozzle_no_extrusion_0246.jpg,train/images/nozzle_no_extrusion_0278.jpg,0.511277,0.475130,1.000000,否
1,test/images/nozzle_no_extrusion_0246.jpg,val/images/nozzle_no_extrusion_0316.jpg,0.525271,0.472199,1.000000,否
1,test/images/nozzle_no_extrusion_0246.jpg,train/images/nozzle_no_extrusion_0200.jpg,0.537778,0.468904,1.000000,否
1,test/images/nozzle_no_extrusion_0246.jpg,train/images/nozzle_no_extrusion_0166.jpg,0.524201,0.464171,1.000000,否
1,test/images/nozzle_no_extrusion_0246.jpg,val/images/nozzle_no_extrusion_0168.jpg,0.602715,0.672463,1.000000,否
1,test/images/nozzle_no_extrusion_0246.jpg,train/images/nozzle_no_extrusion_0354.jpg,0.513937,0.459950,1.000000,否
1,val/images/nozzle_no_extrusion_0360.jpg,train/images/nozzle_no_extrusion_0350.jpg,0.705962,0.820770,1.000000,否
1,val/images/nozzle_no_extrusion_0360.jpg,train/images/nozzle_no_extrusion_0308.jpg,0.634727,0.738976,1.000000,否
1,val/images/nozzle_no_extrusion_0360.jpg,train/images/nozzle_no_extrusion_0202.jpg,0.511337,0.468763,1.000000,否
1,val/images/nozzle_no_extrusion_0360.jpg,train/images/nozzle_no_extrusion_0197.jpg,0.947934,0.923601,1.000000,否
1,val/images/nozzle_no_extrusion_0360.jpg,train/images/nozzle_no_extrusion_0320.jpg,0.668292,0.760047,1.000000,否
1,val/images/nozzle_no_extrusion_0360.jpg,val/images/nozzle_no_extrusion_0310.jpg,0.888490,0.884874,1.000000,否
1,val/images/nozzle_no_extrusion_0360.jpg,val/images/nozzle_no_extrusion_0240.jpg,0.524037,0.467047,1.000000,否
1,val/images/nozzle_no_extrusion_0360.jpg,val/images/nozzle_no_extrusion_0349.jpg,0.630674,0.735156,1.000000,否
1,val/images/nozzle_no_extrusion_0360.jpg,train/images/nozzle_no_extrusion_0317.jpg,0.603227,0.633599,1.000000,否
1,val/images/nozzle_no_extrusion_0360.jpg,val/images/nozzle_no_extrusion_0201.jpg,0.534805,0.482979,1.000000,否
1,val/images/nozzle_no_extrusion_0360.jpg,train/images/nozzle_no_extrusion_0281.jpg,0.965252,0.939908,1.000000,否
1,val/images/nozzle_no_extrusion_0360.jpg,train/images/nozzle_no_extrusion_0234.jpg,0.618385,0.718428,1.000000,否
1,val/images/nozzle_no_extrusion_0360.jpg,train/images/nozzle_no_extrusion_0169.jpg,0.943046,0.881439,1.000000,否
1,val/images/nozzle_no_extrusion_0360.jpg,train/images/nozzle_no_extrusion_0278.jpg,0.545257,0.530020,1.000000,否
1,val/images/nozzle_no_extrusion_0360.jpg,val/images/nozzle_no_extrusion_0316.jpg,0.567325,0.554024,1.000000,否
1,val/images/nozzle_no_extrusion_0360.jpg,train/images/nozzle_no_extrusion_0200.jpg,0.576270,0.545461,1.000000,否
1,val/images/nozzle_no_extrusion_0360.jpg,train/images/nozzle_no_extrusion_0166.jpg,0.566036,0.537437,1.000000,否
1,val/images/nozzle_no_extrusion_0360.jpg,val/images/nozzle_no_extrusion_0168.jpg,0.682334,0.698714,1.000000,否
1,val/images/nozzle_no_extrusion_0360.jpg,train/images/nozzle_no_extrusion_0354.jpg,0.549194,0.527996,1.000000,否
1,train/images/nozzle_no_extrusion_0350.jpg,train/images/nozzle_no_extrusion_0308.jpg,0.711615,0.814878,1.000000,否
1,train/images/nozzle_no_extrusion_0350.jpg,train/images/nozzle_no_extrusion_0202.jpg,0.495871,0.451488,1.000000,否
1,train/images/nozzle_no_extrusion_0350.jpg,train/images/nozzle_no_extrusion_0197.jpg,0.697762,0.798161,1.000000,否
1,train/images/nozzle_no_extrusion_0350.jpg,train/images/nozzle_no_extrusion_0320.jpg,0.732976,0.847877,1.000000,否
1,train/images/nozzle_no_extrusion_0350.jpg,val/images/nozzle_no_extrusion_0310.jpg,0.696331,0.769283,1.000000,否
1,train/images/nozzle_no_extrusion_0350.jpg,val/images/nozzle_no_extrusion_0240.jpg,0.502128,0.460217,1.000000,否
1,train/images/nozzle_no_extrusion_0350.jpg,val/images/nozzle_no_extrusion_0349.jpg,0.708071,0.802033,1.000000,否
1,train/images/nozzle_no_extrusion_0350.jpg,train/images/nozzle_no_extrusion_0317.jpg,0.577562,0.590894,1.000000,否
1,train/images/nozzle_no_extrusion_0350.jpg,val/images/nozzle_no_extrusion_0201.jpg,0.508318,0.474869,1.000000,否
1,train/images/nozzle_no_extrusion_0350.jpg,train/images/nozzle_no_extrusion_0281.jpg,0.688283,0.792422,1.000000,否
1,train/images/nozzle_no_extrusion_0350.jpg,train/images/nozzle_no_extrusion_0234.jpg,0.690662,0.769223,1.000000,否
1,train/images/nozzle_no_extrusion_0350.jpg,train/images/nozzle_no_extrusion_0169.jpg,0.708319,0.797764,1.000000,否
1,train/images/nozzle_no_extrusion_0350.jpg,train/images/nozzle_no_extrusion_0278.jpg,0.524695,0.487004,1.000000,否
1,train/images/nozzle_no_extrusion_0350.jpg,val/images/nozzle_no_extrusion_0316.jpg,0.538451,0.494372,1.000000,否
1,train/images/nozzle_no_extrusion_0350.jpg,train/images/nozzle_no_extrusion_0200.jpg,0.552078,0.501474,1.000000,否
1,train/images/nozzle_no_extrusion_0350.jpg,train/images/nozzle_no_extrusion_0166.jpg,0.542195,0.489869,1.000000,否
1,train/images/nozzle_no_extrusion_0350.jpg,val/images/nozzle_no_extrusion_0168.jpg,0.619988,0.691946,1.000000,否
1,train/images/nozzle_no_extrusion_0350.jpg,train/images/nozzle_no_extrusion_0354.jpg,0.533422,0.485187,1.000000,否
1,train/images/nozzle_no_extrusion_0308.jpg,train/images/nozzle_no_extrusion_0202.jpg,0.488160,0.436598,1.000000,否
1,train/images/nozzle_no_extrusion_0308.jpg,train/images/nozzle_no_extrusion_0197.jpg,0.634261,0.723429,1.000000,否
1,train/images/nozzle_no_extrusion_0308.jpg,train/images/nozzle_no_extrusion_0320.jpg,0.859131,0.887650,1.000000,否
1,train/images/nozzle_no_extrusion_0308.jpg,val/images/nozzle_no_extrusion_0310.jpg,0.622852,0.717104,1.000000,否
1,train/images/nozzle_no_extrusion_0308.jpg,val/images/nozzle_no_extrusion_0240.jpg,0.495308,0.425751,1.000000,否
1,train/images/nozzle_no_extrusion_0308.jpg,val/images/nozzle_no_extrusion_0349.jpg,0.988438,0.956571,1.000000,是
1,train/images/nozzle_no_extrusion_0308.jpg,train/images/nozzle_no_extrusion_0317.jpg,0.561911,0.585790,1.000000,否
1,train/images/nozzle_no_extrusion_0308.jpg,val/images/nozzle_no_extrusion_0201.jpg,0.494123,0.440598,1.000000,否
1,train/images/nozzle_no_extrusion_0308.jpg,train/images/nozzle_no_extrusion_0281.jpg,0.625056,0.734142,1.000000,否
1,train/images/nozzle_no_extrusion_0308.jpg,train/images/nozzle_no_extrusion_0234.jpg,0.923036,0.919454,1.000000,否
1,train/images/nozzle_no_extrusion_0308.jpg,train/images/nozzle_no_extrusion_0169.jpg,0.634511,0.739584,1.000000,否
1,train/images/nozzle_no_extrusion_0308.jpg,train/images/nozzle_no_extrusion_0278.jpg,0.498251,0.459669,1.000000,否
1,train/images/nozzle_no_extrusion_0308.jpg,val/images/nozzle_no_extrusion_0316.jpg,0.509221,0.464863,1.000000,否
1,train/images/nozzle_no_extrusion_0308.jpg,train/images/nozzle_no_extrusion_0200.jpg,0.521182,0.472557,1.000000,否
1,train/images/nozzle_no_extrusion_0308.jpg,train/images/nozzle_no_extrusion_0166.jpg,0.512959,0.461315,1.000000,否
1,train/images/nozzle_no_extrusion_0308.jpg,val/images/nozzle_no_extrusion_0168.jpg,0.587271,0.632988,1.000000,否
1,train/images/nozzle_no_extrusion_0308.jpg,train/images/nozzle_no_extrusion_0354.jpg,0.505147,0.458827,1.000000,否
1,train/images/nozzle_no_extrusion_0202.jpg,train/images/nozzle_no_extrusion_0197.jpg,0.512913,0.485749,1.000000,否
1,train/images/nozzle_no_extrusion_0202.jpg,train/images/nozzle_no_extrusion_0320.jpg,0.492917,0.413665,1.000000,否
1,train/images/nozzle_no_extrusion_0202.jpg,val/images/nozzle_no_extrusion_0310.jpg,0.517450,0.478114,1.000000,否
1,train/images/nozzle_no_extrusion_0202.jpg,val/images/nozzle_no_extrusion_0240.jpg,0.773343,0.882542,1.000000,否
1,train/images/nozzle_no_extrusion_0202.jpg,val/images/nozzle_no_extrusion_0349.jpg,0.488165,0.432000,1.000000,否
1,train/images/nozzle_no_extrusion_0202.jpg,train/images/nozzle_no_extrusion_0317.jpg,0.580213,0.631153,1.000000,否
1,train/images/nozzle_no_extrusion_0202.jpg,val/images/nozzle_no_extrusion_0201.jpg,0.678868,0.858094,1.000000,否
1,train/images/nozzle_no_extrusion_0202.jpg,train/images/nozzle_no_extrusion_0281.jpg,0.515603,0.476636,1.000000,否
1,train/images/nozzle_no_extrusion_0202.jpg,train/images/nozzle_no_extrusion_0234.jpg,0.479958,0.433121,1.000000,否
1,train/images/nozzle_no_extrusion_0202.jpg,train/images/nozzle_no_extrusion_0169.jpg,0.512161,0.481312,1.000000,否
1,train/images/nozzle_no_extrusion_0202.jpg,train/images/nozzle_no_extrusion_0278.jpg,0.675499,0.796250,1.000000,否
1,train/images/nozzle_no_extrusion_0202.jpg,val/images/nozzle_no_extrusion_0316.jpg,0.640682,0.785940,1.000000,否
1,train/images/nozzle_no_extrusion_0202.jpg,train/images/nozzle_no_extrusion_0200.jpg,0.628187,0.810993,1.000000,否
1,train/images/nozzle_no_extrusion_0202.jpg,train/images/nozzle_no_extrusion_0166.jpg,0.644503,0.811556,1.000000,否
1,train/images/nozzle_no_extrusion_0202.jpg,val/images/nozzle_no_extrusion_0168.jpg,0.531434,0.486505,1.000000,否
1,train/images/nozzle_no_extrusion_0202.jpg,train/images/nozzle_no_extrusion_0354.jpg,0.670050,0.804941,1.000000,否
1,train/images/nozzle_no_extrusion_0197.jpg,train/images/nozzle_no_extrusion_0320.jpg,0.659117,0.727418,1.000000,否
1,train/images/nozzle_no_extrusion_0197.jpg,val/images/nozzle_no_extrusion_0310.jpg,0.949115,0.922279,1.000000,否
1,train/images/nozzle_no_extrusion_0197.jpg,val/images/nozzle_no_extrusion_0240.jpg,0.531301,0.473779,1.000000,否
1,train/images/nozzle_no_extrusion_0197.jpg,val/images/nozzle_no_extrusion_0349.jpg,0.630225,0.719748,1.000000,否
1,train/images/nozzle_no_extrusion_0197.jpg,train/images/nozzle_no_extrusion_0317.jpg,0.597913,0.627492,1.000000,否
1,train/images/nozzle_no_extrusion_0197.jpg,val/images/nozzle_no_extrusion_0201.jpg,0.537965,0.495202,1.000000,否
1,train/images/nozzle_no_extrusion_0197.jpg,train/images/nozzle_no_extrusion_0281.jpg,0.962681,0.942124,1.000000,否
1,train/images/nozzle_no_extrusion_0197.jpg,train/images/nozzle_no_extrusion_0234.jpg,0.619984,0.713614,1.000000,否
1,train/images/nozzle_no_extrusion_0197.jpg,train/images/nozzle_no_extrusion_0169.jpg,0.883198,0.843068,1.000000,否
1,train/images/nozzle_no_extrusion_0197.jpg,train/images/nozzle_no_extrusion_0278.jpg,0.541127,0.522522,1.000000,否
1,train/images/nozzle_no_extrusion_0197.jpg,val/images/nozzle_no_extrusion_0316.jpg,0.562626,0.547306,1.000000,否
1,train/images/nozzle_no_extrusion_0197.jpg,train/images/nozzle_no_extrusion_0200.jpg,0.580144,0.561040,1.000000,否
1,train/images/nozzle_no_extrusion_0197.jpg,train/images/nozzle_no_extrusion_0166.jpg,0.562598,0.539788,1.000000,否
1,train/images/nozzle_no_extrusion_0197.jpg,val/images/nozzle_no_extrusion_0168.jpg,0.687792,0.690363,1.000000,否
1,train/images/nozzle_no_extrusion_0197.jpg,train/images/nozzle_no_extrusion_0354.jpg,0.551835,0.530277,1.000000,否
1,train/images/nozzle_no_extrusion_0320.jpg,val/images/nozzle_no_extrusion_0310.jpg,0.644763,0.704700,1.000000,否
1,train/images/nozzle_no_extrusion_0320.jpg,val/images/nozzle_no_extrusion_0240.jpg,0.491283,0.413507,1.000000,否
1,train/images/nozzle_no_extrusion_0320.jpg,val/images/nozzle_no_extrusion_0349.jpg,0.826487,0.856131,1.000000,否
1,train/images/nozzle_no_extrusion_0320.jpg,train/images/nozzle_no_extrusion_0317.jpg,0.575465,0.587150,1.000000,否
1,train/images/nozzle_no_extrusion_0320.jpg,val/images/nozzle_no_extrusion_0201.jpg,0.495452,0.434943,1.000000,否
1,train/images/nozzle_no_extrusion_0320.jpg,train/images/nozzle_no_extrusion_0281.jpg,0.655272,0.742723,1.000000,否
1,train/images/nozzle_no_extrusion_0320.jpg,train/images/nozzle_no_extrusion_0234.jpg,0.756504,0.813346,1.000000,否
1,train/images/nozzle_no_extrusion_0320.jpg,train/images/nozzle_no_extrusion_0169.jpg,0.662400,0.741313,1.000000,否
1,train/images/nozzle_no_extrusion_0320.jpg,train/images/nozzle_no_extrusion_0278.jpg,0.509862,0.469238,1.000000,否
1,train/images/nozzle_no_extrusion_0320.jpg,val/images/nozzle_no_extrusion_0316.jpg,0.521507,0.470021,1.000000,否
1,train/images/nozzle_no_extrusion_0320.jpg,train/images/nozzle_no_extrusion_0200.jpg,0.532409,0.465094,1.000000,否
1,train/images/nozzle_no_extrusion_0320.jpg,train/images/nozzle_no_extrusion_0166.jpg,0.521213,0.459972,1.000000,否
1,train/images/nozzle_no_extrusion_0320.jpg,val/images/nozzle_no_extrusion_0168.jpg,0.599399,0.659377,1.000000,否
1,train/images/nozzle_no_extrusion_0320.jpg,train/images/nozzle_no_extrusion_0354.jpg,0.511991,0.456415,1.000000,否
1,val/images/nozzle_no_extrusion_0310.jpg,val/images/nozzle_no_extrusion_0240.jpg,0.531967,0.457660,1.000000,否
1,val/images/nozzle_no_extrusion_0310.jpg,val/images/nozzle_no_extrusion_0349.jpg,0.619538,0.718480,1.000000,否
1,val/images/nozzle_no_extrusion_0310.jpg,train/images/nozzle_no_extrusion_0317.jpg,0.601335,0.621586,1.000000,否
1,val/images/nozzle_no_extrusion_0310.jpg,val/images/nozzle_no_extrusion_0201.jpg,0.535094,0.480132,1.000000,否
1,val/images/nozzle_no_extrusion_0310.jpg,train/images/nozzle_no_extrusion_0281.jpg,0.950742,0.934131,1.000000,否
1,val/images/nozzle_no_extrusion_0310.jpg,train/images/nozzle_no_extrusion_0234.jpg,0.611033,0.699911,1.000000,否
1,val/images/nozzle_no_extrusion_0310.jpg,train/images/nozzle_no_extrusion_0169.jpg,0.863550,0.854472,1.000000,否
1,val/images/nozzle_no_extrusion_0310.jpg,train/images/nozzle_no_extrusion_0278.jpg,0.550926,0.515783,1.000000,否
1,val/images/nozzle_no_extrusion_0310.jpg,val/images/nozzle_no_extrusion_0316.jpg,0.568512,0.540681,1.000000,否
1,val/images/nozzle_no_extrusion_0310.jpg,train/images/nozzle_no_extrusion_0200.jpg,0.583342,0.549275,1.000000,否
1,val/images/nozzle_no_extrusion_0310.jpg,train/images/nozzle_no_extrusion_0166.jpg,0.569925,0.530584,1.000000,否
1,val/images/nozzle_no_extrusion_0310.jpg,val/images/nozzle_no_extrusion_0168.jpg,0.693540,0.689973,1.000000,否
1,val/images/nozzle_no_extrusion_0310.jpg,train/images/nozzle_no_extrusion_0354.jpg,0.560720,0.523094,1.000000,否
1,val/images/nozzle_no_extrusion_0240.jpg,val/images/nozzle_no_extrusion_0349.jpg,0.498647,0.427351,1.000000,否
1,val/images/nozzle_no_extrusion_0240.jpg,train/images/nozzle_no_extrusion_0317.jpg,0.595345,0.650623,1.000000,否
1,val/images/nozzle_no_extrusion_0240.jpg,val/images/nozzle_no_extrusion_0201.jpg,0.862998,0.936522,1.000000,否
1,val/images/nozzle_no_extrusion_0240.jpg,train/images/nozzle_no_extrusion_0281.jpg,0.529589,0.462037,1.000000,否
1,val/images/nozzle_no_extrusion_0240.jpg,train/images/nozzle_no_extrusion_0234.jpg,0.497597,0.432378,1.000000,否
1,val/images/nozzle_no_extrusion_0240.jpg,train/images/nozzle_no_extrusion_0169.jpg,0.526019,0.476599,1.000000,否
1,val/images/nozzle_no_extrusion_0240.jpg,train/images/nozzle_no_extrusion_0278.jpg,0.693615,0.848510,1.000000,否
1,val/images/nozzle_no_extrusion_0240.jpg,val/images/nozzle_no_extrusion_0316.jpg,0.671391,0.808223,1.000000,否
1,val/images/nozzle_no_extrusion_0240.jpg,train/images/nozzle_no_extrusion_0200.jpg,0.666060,0.823409,1.000000,否
1,val/images/nozzle_no_extrusion_0240.jpg,train/images/nozzle_no_extrusion_0166.jpg,0.676274,0.836355,1.000000,否
1,val/images/nozzle_no_extrusion_0240.jpg,val/images/nozzle_no_extrusion_0168.jpg,0.558838,0.512215,1.000000,否
1,val/images/nozzle_no_extrusion_0240.jpg,train/images/nozzle_no_extrusion_0354.jpg,0.683382,0.857983,1.000000,否
1,val/images/nozzle_no_extrusion_0349.jpg,train/images/nozzle_no_extrusion_0317.jpg,0.562485,0.581386,1.000000,否
1,val/images/nozzle_no_extrusion_0349.jpg,val/images/nozzle_no_extrusion_0201.jpg,0.495359,0.443980,1.000000,否
1,val/images/nozzle_no_extrusion_0349.jpg,train/images/nozzle_no_extrusion_0281.jpg,0.621575,0.732372,1.000000,否
1,val/images/nozzle_no_extrusion_0349.jpg,train/images/nozzle_no_extrusion_0234.jpg,0.951585,0.937108,1.000000,否
1,val/images/nozzle_no_extrusion_0349.jpg,train/images/nozzle_no_extrusion_0169.jpg,0.631297,0.733649,1.000000,否
1,val/images/nozzle_no_extrusion_0349.jpg,train/images/nozzle_no_extrusion_0278.jpg,0.498744,0.459455,1.000000,否
1,val/images/nozzle_no_extrusion_0349.jpg,val/images/nozzle_no_extrusion_0316.jpg,0.509454,0.461757,1.000000,否
1,val/images/nozzle_no_extrusion_0349.jpg,train/images/nozzle_no_extrusion_0200.jpg,0.521055,0.468124,1.000000,否
1,val/images/nozzle_no_extrusion_0349.jpg,train/images/nozzle_no_extrusion_0166.jpg,0.512632,0.460611,1.000000,否
1,val/images/nozzle_no_extrusion_0349.jpg,val/images/nozzle_no_extrusion_0168.jpg,0.586761,0.620875,1.000000,否
1,val/images/nozzle_no_extrusion_0349.jpg,train/images/nozzle_no_extrusion_0354.jpg,0.504791,0.459940,1.000000,否
1,train/images/nozzle_no_extrusion_0317.jpg,val/images/nozzle_no_extrusion_0201.jpg,0.608876,0.679969,1.000000,否
1,train/images/nozzle_no_extrusion_0317.jpg,train/images/nozzle_no_extrusion_0281.jpg,0.610252,0.632266,1.000000,否
1,train/images/nozzle_no_extrusion_0317.jpg,train/images/nozzle_no_extrusion_0234.jpg,0.558420,0.571538,1.000000,否
1,train/images/nozzle_no_extrusion_0317.jpg,train/images/nozzle_no_extrusion_0169.jpg,0.602310,0.642225,1.000000,否
1,train/images/nozzle_no_extrusion_0317.jpg,train/images/nozzle_no_extrusion_0278.jpg,0.638301,0.749379,1.000000,否
1,train/images/nozzle_no_extrusion_0317.jpg,val/images/nozzle_no_extrusion_0316.jpg,0.670578,0.773582,1.000000,否
1,train/images/nozzle_no_extrusion_0317.jpg,train/images/nozzle_no_extrusion_0200.jpg,0.672107,0.748238,1.000000,否
1,train/images/nozzle_no_extrusion_0317.jpg,train/images/nozzle_no_extrusion_0166.jpg,0.670486,0.757522,1.000000,否
1,train/images/nozzle_no_extrusion_0317.jpg,val/images/nozzle_no_extrusion_0168.jpg,0.674359,0.683223,1.000000,否
1,train/images/nozzle_no_extrusion_0317.jpg,train/images/nozzle_no_extrusion_0354.jpg,0.634423,0.715026,1.000000,否
1,val/images/nozzle_no_extrusion_0201.jpg,train/images/nozzle_no_extrusion_0281.jpg,0.536994,0.480052,1.000000,否
1,val/images/nozzle_no_extrusion_0201.jpg,train/images/nozzle_no_extrusion_0234.jpg,0.495328,0.448115,1.000000,否
1,val/images/nozzle_no_extrusion_0201.jpg,train/images/nozzle_no_extrusion_0169.jpg,0.532958,0.495781,1.000000,否
1,val/images/nozzle_no_extrusion_0201.jpg,train/images/nozzle_no_extrusion_0278.jpg,0.778238,0.896920,1.000000,否
1,val/images/nozzle_no_extrusion_0201.jpg,val/images/nozzle_no_extrusion_0316.jpg,0.679306,0.847706,1.000000,否
1,val/images/nozzle_no_extrusion_0201.jpg,train/images/nozzle_no_extrusion_0200.jpg,0.682404,0.856753,1.000000,否
1,val/images/nozzle_no_extrusion_0201.jpg,train/images/nozzle_no_extrusion_0166.jpg,0.678170,0.878188,1.000000,否
1,val/images/nozzle_no_extrusion_0201.jpg,val/images/nozzle_no_extrusion_0168.jpg,0.566552,0.547127,1.000000,否
1,val/images/nozzle_no_extrusion_0201.jpg,train/images/nozzle_no_extrusion_0354.jpg,0.764586,0.902106,1.000000,否
1,train/images/nozzle_no_extrusion_0281.jpg,train/images/nozzle_no_extrusion_0234.jpg,0.609648,0.720072,1.000000,否
1,train/images/nozzle_no_extrusion_0281.jpg,train/images/nozzle_no_extrusion_0169.jpg,0.928357,0.871624,1.000000,否
1,train/images/nozzle_no_extrusion_0281.jpg,train/images/nozzle_no_extrusion_0278.jpg,0.552766,0.527398,1.000000,否
1,train/images/nozzle_no_extrusion_0281.jpg,val/images/nozzle_no_extrusion_0316.jpg,0.574817,0.550141,1.000000,否
1,train/images/nozzle_no_extrusion_0281.jpg,train/images/nozzle_no_extrusion_0200.jpg,0.582490,0.546576,1.000000,否
1,train/images/nozzle_no_extrusion_0281.jpg,train/images/nozzle_no_extrusion_0166.jpg,0.573324,0.535512,1.000000,否
1,train/images/nozzle_no_extrusion_0281.jpg,val/images/nozzle_no_extrusion_0168.jpg,0.695545,0.696155,1.000000,否
1,train/images/nozzle_no_extrusion_0281.jpg,train/images/nozzle_no_extrusion_0354.jpg,0.554748,0.522548,1.000000,否
1,train/images/nozzle_no_extrusion_0234.jpg,train/images/nozzle_no_extrusion_0169.jpg,0.620982,0.723170,1.000000,否
1,train/images/nozzle_no_extrusion_0234.jpg,train/images/nozzle_no_extrusion_0278.jpg,0.495002,0.463418,1.000000,否
1,train/images/nozzle_no_extrusion_0234.jpg,val/images/nozzle_no_extrusion_0316.jpg,0.504121,0.461619,1.000000,否
1,train/images/nozzle_no_extrusion_0234.jpg,train/images/nozzle_no_extrusion_0200.jpg,0.515071,0.467206,1.000000,否
1,train/images/nozzle_no_extrusion_0234.jpg,train/images/nozzle_no_extrusion_0166.jpg,0.508432,0.460185,1.000000,否
1,train/images/nozzle_no_extrusion_0234.jpg,val/images/nozzle_no_extrusion_0168.jpg,0.584279,0.622437,1.000000,否
1,train/images/nozzle_no_extrusion_0234.jpg,train/images/nozzle_no_extrusion_0354.jpg,0.499551,0.460336,1.000000,否
1,train/images/nozzle_no_extrusion_0169.jpg,train/images/nozzle_no_extrusion_0278.jpg,0.546980,0.538176,1.000000,否
1,train/images/nozzle_no_extrusion_0169.jpg,val/images/nozzle_no_extrusion_0316.jpg,0.565366,0.561431,1.000000,否
1,train/images/nozzle_no_extrusion_0169.jpg,train/images/nozzle_no_extrusion_0200.jpg,0.573115,0.555632,1.000000,否
1,train/images/nozzle_no_extrusion_0169.jpg,train/images/nozzle_no_extrusion_0166.jpg,0.572166,0.556134,1.000000,否
1,train/images/nozzle_no_extrusion_0169.jpg,val/images/nozzle_no_extrusion_0168.jpg,0.686368,0.725885,1.000000,否
1,train/images/nozzle_no_extrusion_0169.jpg,train/images/nozzle_no_extrusion_0354.jpg,0.549944,0.532785,1.000000,否
1,train/images/nozzle_no_extrusion_0278.jpg,val/images/nozzle_no_extrusion_0316.jpg,0.828049,0.942221,1.000000,否
1,train/images/nozzle_no_extrusion_0278.jpg,train/images/nozzle_no_extrusion_0200.jpg,0.734159,0.906559,1.000000,否
1,train/images/nozzle_no_extrusion_0278.jpg,train/images/nozzle_no_extrusion_0166.jpg,0.798006,0.937672,1.000000,否
1,train/images/nozzle_no_extrusion_0278.jpg,val/images/nozzle_no_extrusion_0168.jpg,0.581990,0.606898,1.000000,否
1,train/images/nozzle_no_extrusion_0278.jpg,train/images/nozzle_no_extrusion_0354.jpg,0.954157,0.942300,1.000000,否
1,val/images/nozzle_no_extrusion_0316.jpg,train/images/nozzle_no_extrusion_0200.jpg,0.907151,0.937326,1.000000,否
1,val/images/nozzle_no_extrusion_0316.jpg,train/images/nozzle_no_extrusion_0166.jpg,0.937952,0.953915,1.000000,否
1,val/images/nozzle_no_extrusion_0316.jpg,val/images/nozzle_no_extrusion_0168.jpg,0.590245,0.618772,1.000000,否
1,val/images/nozzle_no_extrusion_0316.jpg,train/images/nozzle_no_extrusion_0354.jpg,0.830561,0.927425,1.000000,否
1,train/images/nozzle_no_extrusion_0200.jpg,train/images/nozzle_no_extrusion_0166.jpg,0.848906,0.941323,1.000000,否
1,train/images/nozzle_no_extrusion_0200.jpg,val/images/nozzle_no_extrusion_0168.jpg,0.599780,0.599211,1.000000,否
1,train/images/nozzle_no_extrusion_0200.jpg,train/images/nozzle_no_extrusion_0354.jpg,0.739922,0.928559,1.000000,否
1,train/images/nozzle_no_extrusion_0166.jpg,val/images/nozzle_no_extrusion_0168.jpg,0.593883,0.604489,1.000000,否
1,train/images/nozzle_no_extrusion_0166.jpg,train/images/nozzle_no_extrusion_0354.jpg,0.802238,0.932032,1.000000,否
1,val/images/nozzle_no_extrusion_0168.jpg,train/images/nozzle_no_extrusion_0354.jpg,0.578836,0.581434,1.000000,否
2,train/images/nozzle_extrusion_normal_1147.jpg,train/images/nozzle_extrusion_normal_0993.jpg,0.785530,0.926157,1.000000,否
2,train/images/nozzle_extrusion_normal_1147.jpg,val/images/nozzle_extrusion_normal_1055.jpg,0.804567,0.938772,1.000000,否
2,train/images/nozzle_extrusion_normal_1147.jpg,train/images/nozzle_extrusion_normal_1162.jpg,0.776376,0.755756,1.000000,否
2,train/images/nozzle_extrusion_normal_1147.jpg,val/images/nozzle_extrusion_normal_1163.jpg,0.765367,0.735977,1.000000,否
2,train/images/nozzle_extrusion_normal_1147.jpg,test/images/nozzle_extrusion_normal_0964.jpg,0.748805,0.653292,1.000000,否
2,train/images/nozzle_extrusion_normal_1147.jpg,test/images/nozzle_extrusion_normal_1069.jpg,0.772427,0.739476,1.000000,否
2,train/images/nozzle_extrusion_normal_1147.jpg,test/images/nozzle_extrusion_normal_1077.jpg,0.802759,0.933204,1.000000,否
2,train/images/nozzle_extrusion_normal_1147.jpg,train/images/nozzle_extrusion_normal_1187.jpg,0.778316,0.749019,1.000000,否
2,train/images/nozzle_extrusion_normal_1147.jpg,train/images/nozzle_extrusion_normal_1174.jpg,0.813429,0.931243,1.000000,否
2,train/images/nozzle_extrusion_normal_1147.jpg,train/images/nozzle_extrusion_normal_1243.jpg,0.750681,0.746431,1.000000,否
2,train/images/nozzle_extrusion_normal_1147.jpg,train/images/nozzle_extrusion_normal_1027.jpg,0.781245,0.714918,1.000000,否
2,train/images/nozzle_extrusion_normal_1147.jpg,test/images/nozzle_extrusion_normal_1215.jpg,0.768795,0.720147,1.000000,否
2,train/images/nozzle_extrusion_normal_1147.jpg,train/images/nozzle_extrusion_normal_1148.jpg,0.822532,0.959582,1.000000,否
2,train/images/nozzle_extrusion_normal_1147.jpg,train/images/nozzle_extrusion_normal_1173.jpg,0.811199,0.939273,1.000000,否
2,train/images/nozzle_extrusion_normal_1147.jpg,test/images/nozzle_extrusion_normal_1099.jpg,0.810161,0.932761,1.000000,否
2,train/images/nozzle_extrusion_normal_1147.jpg,test/images/nozzle_extrusion_normal_1138.jpg,0.758138,0.744111,1.000000,否
2,train/images/nozzle_extrusion_normal_1147.jpg,test/images/nozzle_extrusion_normal_1115.jpg,0.732727,0.710844,1.000000,否
2,train/images/nozzle_extrusion_normal_1147.jpg,train/images/nozzle_extrusion_normal_0985.jpg,0.761100,0.692597,1.000000,否
2,train/images/nozzle_extrusion_normal_1147.jpg,train/images/nozzle_extrusion_normal_1228.jpg,0.768627,0.917131,1.000000,否
2,train/images/nozzle_extrusion_normal_1147.jpg,train/images/nozzle_extrusion_normal_1256.jpg,0.750189,0.883690,1.000000,否
2,train/images/nozzle_extrusion_normal_1147.jpg,train/images/nozzle_extrusion_normal_1091.jpg,0.772979,0.730376,1.000000,否
2,train/images/nozzle_extrusion_normal_1147.jpg,test/images/nozzle_extrusion_normal_0986.jpg,0.704260,0.659036,1.000000,否
2,train/images/nozzle_extrusion_normal_1147.jpg,test/images/nozzle_extrusion_normal_1033.jpg,0.791651,0.933007,1.000000,否
2,train/images/nozzle_extrusion_normal_1147.jpg,train/images/nozzle_extrusion_normal_1201.jpg,0.815399,0.916187,1.000000,否
2,train/images/nozzle_extrusion_normal_1147.jpg,train/images/nozzle_extrusion_normal_1046.jpg,0.770132,0.736871,1.000000,否
2,train/images/nozzle_extrusion_normal_1147.jpg,train/images/nozzle_extrusion_normal_1090.jpg,0.788756,0.754198,1.000000,否
2,train/images/nozzle_extrusion_normal_1147.jpg,val/images/nozzle_extrusion_normal_0944.jpg,0.747839,0.688630,1.000000,否
2,train/images/nozzle_extrusion_normal_1147.jpg,train/images/nozzle_extrusion_normal_1124.jpg,0.791734,0.940733,1.000000,否
2,train/images/nozzle_extrusion_normal_1147.jpg,train/images/nozzle_extrusion_normal_0951.jpg,0.770186,0.915890,1.000000,否
2,train/images/nozzle_extrusion_normal_1147.jpg,train/images/nozzle_extrusion_normal_1229.jpg,0.804769,0.915027,1.000000,否
2,train/images/nozzle_extrusion_normal_1147.jpg,test/images/nozzle_extrusion_normal_1005.jpg,0.759857,0.712481,1.000000,否
2,train/images/nozzle_extrusion_normal_1147.jpg,train/images/nozzle_extrusion_normal_1054.jpg,0.797036,0.877214,1.000000,否
2,train/images/nozzle_extrusion_normal_1147.jpg,val/images/nozzle_extrusion_normal_1006.jpg,0.713135,0.647269,1.000000,否
2,train/images/nozzle_extrusion_normal_1147.jpg,test/images/nozzle_extrusion_normal_1123.jpg,0.819340,0.936480,1.000000,否
2,train/images/nozzle_extrusion_normal_1147.jpg,train/images/nozzle_extrusion_normal_1199.jpg,0.787000,0.917390,1.000000,否
2,train/images/nozzle_extrusion_normal_1147.jpg,train/images/nozzle_extrusion_normal_1026.jpg,0.755500,0.739790,1.000000,否
2,train/images/nozzle_extrusion_normal_1147.jpg,val/images/nozzle_extrusion_normal_1113.jpg,0.752067,0.747240,1.000000,否
2,train/images/nozzle_extrusion_normal_1147.jpg,test/images/nozzle_extrusion_normal_0907.jpg,0.722165,0.679387,1.000000,否
2,train/images/nozzle_extrusion_normal_1147.jpg,train/images/nozzle_extrusion_normal_0972.jpg,0.772965,0.922372,1.000000,否
2,train/images/nozzle_extrusion_normal_1147.jpg,train/images/nozzle_extrusion_normal_1188.jpg,0.761880,0.747542,1.000000,否
2,train/images/nozzle_extrusion_normal_1147.jpg,train/images/nozzle_extrusion_normal_1047.jpg,0.762965,0.678485,1.000000,否
2,train/images/nozzle_extrusion_normal_1147.jpg,train/images/nozzle_extrusion_normal_1200.jpg,0.799503,0.933134,1.000000,否
2,train/images/nozzle_extrusion_normal_1147.jpg,train/images/nozzle_extrusion_normal_1137.jpg,0.781272,0.754279,1.000000,否
2,train/images/nozzle_extrusion_normal_1147.jpg,test/images/nozzle_extrusion_normal_1068.jpg,0.767598,0.765607,1.000000,否
2,train/images/nozzle_extrusion_normal_1147.jpg,train/images/nozzle_extrusion_normal_1114.jpg,0.759609,0.746168,1.000000,否
2,train/images/nozzle_extrusion_normal_1147.jpg,val/images/nozzle_extrusion_normal_1013.jpg,0.798684,0.925909,1.000000,否
2,train/images/nozzle_extrusion_normal_1147.jpg,test/images/nozzle_extrusion_normal_1216.jpg,0.750604,0.739677,1.000000,否
2,train/images/nozzle_extrusion_normal_0993.jpg,val/images/nozzle_extrusion_normal_1055.jpg,0.798578,0.944195,1.000000,否
2,train/images/nozzle_extrusion_normal_0993.jpg,train/images/nozzle_extrusion_normal_1162.jpg,0.740544,0.727176,1.000000,否
2,train/images/nozzle_extrusion_normal_0993.jpg,val/images/nozzle_extrusion_normal_1163.jpg,0.727046,0.709000,1.000000,否
2,train/images/nozzle_extrusion_normal_0993.jpg,test/images/nozzle_extrusion_normal_0964.jpg,0.737350,0.652563,1.000000,否
2,train/images/nozzle_extrusion_normal_0993.jpg,test/images/nozzle_extrusion_normal_1069.jpg,0.743375,0.729420,1.000000,否
2,train/images/nozzle_extrusion_normal_0993.jpg,test/images/nozzle_extrusion_normal_1077.jpg,0.796466,0.928426,1.000000,否
2,train/images/nozzle_extrusion_normal_0993.jpg,train/images/nozzle_extrusion_normal_1187.jpg,0.750826,0.728511,1.000000,否
2,train/images/nozzle_extrusion_normal_0993.jpg,train/images/nozzle_extrusion_normal_1174.jpg,0.775235,0.900604,1.000000,否
2,train/images/nozzle_extrusion_normal_0993.jpg,train/images/nozzle_extrusion_normal_1243.jpg,0.718028,0.732065,1.000000,否
2,train/images/nozzle_extrusion_normal_0993.jpg,train/images/nozzle_extrusion_normal_1027.jpg,0.758471,0.714918,1.000000,否
2,train/images/nozzle_extrusion_normal_0993.jpg,test/images/nozzle_extrusion_normal_1215.jpg,0.717701,0.698896,1.000000,否
2,train/images/nozzle_extrusion_normal_0993.jpg,train/images/nozzle_extrusion_normal_1148.jpg,0.791723,0.913552,1.000000,否
2,train/images/nozzle_extrusion_normal_0993.jpg,train/images/nozzle_extrusion_normal_1173.jpg,0.759356,0.904227,1.000000,否
2,train/images/nozzle_extrusion_normal_0993.jpg,test/images/nozzle_extrusion_normal_1099.jpg,0.795910,0.922345,1.000000,否
2,train/images/nozzle_extrusion_normal_0993.jpg,test/images/nozzle_extrusion_normal_1138.jpg,0.711982,0.713162,1.000000,否
2,train/images/nozzle_extrusion_normal_0993.jpg,test/images/nozzle_extrusion_normal_1115.jpg,0.693043,0.688405,1.000000,否
2,train/images/nozzle_extrusion_normal_0993.jpg,train/images/nozzle_extrusion_normal_0985.jpg,0.756080,0.696074,1.000000,否
2,train/images/nozzle_extrusion_normal_0993.jpg,train/images/nozzle_extrusion_normal_1228.jpg,0.717228,0.885092,1.000000,否
2,train/images/nozzle_extrusion_normal_0993.jpg,train/images/nozzle_extrusion_normal_1256.jpg,0.684054,0.844469,1.000000,否
2,train/images/nozzle_extrusion_normal_0993.jpg,train/images/nozzle_extrusion_normal_1091.jpg,0.742875,0.716225,1.000000,否
2,train/images/nozzle_extrusion_normal_0993.jpg,test/images/nozzle_extrusion_normal_0986.jpg,0.686913,0.647294,1.000000,否
2,train/images/nozzle_extrusion_normal_0993.jpg,test/images/nozzle_extrusion_normal_1033.jpg,0.801660,0.923840,1.000000,否
2,train/images/nozzle_extrusion_normal_0993.jpg,train/images/nozzle_extrusion_normal_1201.jpg,0.763532,0.887966,1.000000,否
2,train/images/nozzle_extrusion_normal_0993.jpg,train/images/nozzle_extrusion_normal_1046.jpg,0.754782,0.739539,1.000000,否
2,train/images/nozzle_extrusion_normal_0993.jpg,train/images/nozzle_extrusion_normal_1090.jpg,0.738966,0.735390,1.000000,否
2,train/images/nozzle_extrusion_normal_0993.jpg,val/images/nozzle_extrusion_normal_0944.jpg,0.744043,0.685608,1.000000,否
2,train/images/nozzle_extrusion_normal_0993.jpg,train/images/nozzle_extrusion_normal_1124.jpg,0.787535,0.927851,1.000000,否
2,train/images/nozzle_extrusion_normal_0993.jpg,train/images/nozzle_extrusion_normal_0951.jpg,0.805659,0.929103,1.000000,否
2,train/images/nozzle_extrusion_normal_0993.jpg,train/images/nozzle_extrusion_normal_1229.jpg,0.749866,0.876205,1.000000,否
2,train/images/nozzle_extrusion_normal_0993.jpg,test/images/nozzle_extrusion_normal_1005.jpg,0.766621,0.720641,1.000000,否
2,train/images/nozzle_extrusion_normal_0993.jpg,train/images/nozzle_extrusion_normal_1054.jpg,0.767264,0.868310,1.000000,否
2,train/images/nozzle_extrusion_normal_0993.jpg,val/images/nozzle_extrusion_normal_1006.jpg,0.695276,0.637322,1.000000,否
2,train/images/nozzle_extrusion_normal_0993.jpg,test/images/nozzle_extrusion_normal_1123.jpg,0.806742,0.923545,1.000000,否
2,train/images/nozzle_extrusion_normal_0993.jpg,train/images/nozzle_extrusion_normal_1199.jpg,0.719869,0.875531,1.000000,否
2,train/images/nozzle_extrusion_normal_0993.jpg,train/images/nozzle_extrusion_normal_1026.jpg,0.767571,0.747687,1.000000,否
2,train/images/nozzle_extrusion_normal_0993.jpg,val/images/nozzle_extrusion_normal_1113.jpg,0.736001,0.735749,1.000000,否
2,train/images/nozzle_extrusion_normal_0993.jpg,test/images/nozzle_extrusion_normal_0907.jpg,0.721052,0.680010,1.000000,否
2,train/images/nozzle_extrusion_normal_0993.jpg,train/images/nozzle_extrusion_normal_0972.jpg,0.817675,0.941138,1.000000,否
2,train/images/nozzle_extrusion_normal_0993.jpg,train/images/nozzle_extrusion_normal_1188.jpg,0.719430,0.727099,1.000000,否
2,train/images/nozzle_extrusion_normal_0993.jpg,train/images/nozzle_extrusion_normal_1047.jpg,0.737627,0.673320,1.000000,否
2,train/images/nozzle_extrusion_normal_0993.jpg,train/images/nozzle_extrusion_normal_1200.jpg,0.735865,0.900971,1.000000,否
2,train/images/nozzle_extrusion_normal_0993.jpg,train/images/nozzle_extrusion_normal_1137.jpg,0.745036,0.724672,1.000000,否
2,train/images/nozzle_extrusion_normal_0993.jpg,test/images/nozzle_extrusion_normal_1068.jpg,0.760666,0.750943,1.000000,否
2,train/images/nozzle_extrusion_normal_0993.jpg,train/images/nozzle_extrusion_normal_1114.jpg,0.726286,0.730942,1.000000,否
2,train/images/nozzle_extrusion_normal_0993.jpg,val/images/nozzle_extrusion_normal_1013.jpg,0.811691,0.944203,1.000000,否
2,train/images/nozzle_extrusion_normal_0993.jpg,test/images/nozzle_extrusion_normal_1216.jpg,0.701400,0.707664,1.000000,否
2,val/images/nozzle_extrusion_normal_1055.jpg,train/images/nozzle_extrusion_normal_1162.jpg,0.775953,0.746674,1.000000,否
2,val/images/nozzle_extrusion_normal_1055.jpg,val/images/nozzle_extrusion_normal_1163.jpg,0.739422,0.727346,1.000000,否
2,val/images/nozzle_extrusion_normal_1055.jpg,test/images/nozzle_extrusion_normal_0964.jpg,0.733975,0.657145,1.000000,否
2,val/images/nozzle_extrusion_normal_1055.jpg,test/images/nozzle_extrusion_normal_1069.jpg,0.769263,0.744292,1.000000,否
2,val/images/nozzle_extrusion_normal_1055.jpg,test/images/nozzle_extrusion_normal_1077.jpg,0.827852,0.939145,1.000000,否
2,val/images/nozzle_extrusion_normal_1055.jpg,train/images/nozzle_extrusion_normal_1187.jpg,0.763746,0.743750,1.000000,否
2,val/images/nozzle_extrusion_normal_1055.jpg,train/images/nozzle_extrusion_normal_1174.jpg,0.811994,0.915020,1.000000,否
2,val/images/nozzle_extrusion_normal_1055.jpg,train/images/nozzle_extrusion_normal_1243.jpg,0.741159,0.741837,1.000000,否
2,val/images/nozzle_extrusion_normal_1055.jpg,train/images/nozzle_extrusion_normal_1027.jpg,0.781765,0.718367,1.000000,否
2,val/images/nozzle_extrusion_normal_1055.jpg,test/images/nozzle_extrusion_normal_1215.jpg,0.737837,0.715168,1.000000,否
2,val/images/nozzle_extrusion_normal_1055.jpg,train/images/nozzle_extrusion_normal_1148.jpg,0.801398,0.930559,1.000000,否
2,val/images/nozzle_extrusion_normal_1055.jpg,train/images/nozzle_extrusion_normal_1173.jpg,0.784554,0.923414,1.000000,否
2,val/images/nozzle_extrusion_normal_1055.jpg,test/images/nozzle_extrusion_normal_1099.jpg,0.819132,0.940005,1.000000,否
2,val/images/nozzle_extrusion_normal_1055.jpg,test/images/nozzle_extrusion_normal_1138.jpg,0.747847,0.735537,1.000000,否
2,val/images/nozzle_extrusion_normal_1055.jpg,test/images/nozzle_extrusion_normal_1115.jpg,0.713408,0.711791,1.000000,否
2,val/images/nozzle_extrusion_normal_1055.jpg,train/images/nozzle_extrusion_normal_0985.jpg,0.748067,0.700502,1.000000,否
2,val/images/nozzle_extrusion_normal_1055.jpg,train/images/nozzle_extrusion_normal_1228.jpg,0.738035,0.894973,1.000000,否
2,val/images/nozzle_extrusion_normal_1055.jpg,train/images/nozzle_extrusion_normal_1256.jpg,0.707004,0.859635,1.000000,否
2,val/images/nozzle_extrusion_normal_1055.jpg,train/images/nozzle_extrusion_normal_1091.jpg,0.762911,0.727893,1.000000,否
2,val/images/nozzle_extrusion_normal_1055.jpg,test/images/nozzle_extrusion_normal_0986.jpg,0.711183,0.660492,1.000000,否
2,val/images/nozzle_extrusion_normal_1055.jpg,test/images/nozzle_extrusion_normal_1033.jpg,0.825324,0.937721,1.000000,否
2,val/images/nozzle_extrusion_normal_1055.jpg,train/images/nozzle_extrusion_normal_1201.jpg,0.786472,0.901446,1.000000,否
2,val/images/nozzle_extrusion_normal_1055.jpg,train/images/nozzle_extrusion_normal_1046.jpg,0.785132,0.747675,1.000000,否
2,val/images/nozzle_extrusion_normal_1055.jpg,train/images/nozzle_extrusion_normal_1090.jpg,0.769706,0.751208,1.000000,否
2,val/images/nozzle_extrusion_normal_1055.jpg,val/images/nozzle_extrusion_normal_0944.jpg,0.736374,0.689494,1.000000,否
2,val/images/nozzle_extrusion_normal_1055.jpg,train/images/nozzle_extrusion_normal_1124.jpg,0.803893,0.940175,1.000000,否
2,val/images/nozzle_extrusion_normal_1055.jpg,train/images/nozzle_extrusion_normal_0951.jpg,0.804096,0.918881,1.000000,否
2,val/images/nozzle_extrusion_normal_1055.jpg,train/images/nozzle_extrusion_normal_1229.jpg,0.769493,0.884031,1.000000,否
2,val/images/nozzle_extrusion_normal_1055.jpg,test/images/nozzle_extrusion_normal_1005.jpg,0.764138,0.724868,1.000000,否
2,val/images/nozzle_extrusion_normal_1055.jpg,train/images/nozzle_extrusion_normal_1054.jpg,0.786011,0.886995,1.000000,否
2,val/images/nozzle_extrusion_normal_1055.jpg,val/images/nozzle_extrusion_normal_1006.jpg,0.708600,0.651510,1.000000,否
2,val/images/nozzle_extrusion_normal_1055.jpg,test/images/nozzle_extrusion_normal_1123.jpg,0.816894,0.935909,1.000000,否
2,val/images/nozzle_extrusion_normal_1055.jpg,train/images/nozzle_extrusion_normal_1199.jpg,0.749402,0.891335,1.000000,否
2,val/images/nozzle_extrusion_normal_1055.jpg,train/images/nozzle_extrusion_normal_1026.jpg,0.771712,0.752749,1.000000,否
2,val/images/nozzle_extrusion_normal_1055.jpg,val/images/nozzle_extrusion_normal_1113.jpg,0.763053,0.751082,1.000000,否
2,val/images/nozzle_extrusion_normal_1055.jpg,test/images/nozzle_extrusion_normal_0907.jpg,0.708346,0.686962,1.000000,否
2,val/images/nozzle_extrusion_normal_1055.jpg,train/images/nozzle_extrusion_normal_0972.jpg,0.787258,0.937967,1.000000,否
2,val/images/nozzle_extrusion_normal_1055.jpg,train/images/nozzle_extrusion_normal_1188.jpg,0.761249,0.737342,1.000000,否
2,val/images/nozzle_extrusion_normal_1055.jpg,train/images/nozzle_extrusion_normal_1047.jpg,0.766650,0.682997,1.000000,否
2,val/images/nozzle_extrusion_normal_1055.jpg,train/images/nozzle_extrusion_normal_1200.jpg,0.773087,0.920486,1.000000,否
2,val/images/nozzle_extrusion_normal_1055.jpg,train/images/nozzle_extrusion_normal_1137.jpg,0.767904,0.742218,1.000000,否
2,val/images/nozzle_extrusion_normal_1055.jpg,test/images/nozzle_extrusion_normal_1068.jpg,0.763333,0.770076,1.000000,否
2,val/images/nozzle_extrusion_normal_1055.jpg,train/images/nozzle_extrusion_normal_1114.jpg,0.755734,0.747739,1.000000,否
2,val/images/nozzle_extrusion_normal_1055.jpg,val/images/nozzle_extrusion_normal_1013.jpg,0.808097,0.937866,1.000000,否
2,val/images/nozzle_extrusion_normal_1055.jpg,test/images/nozzle_extrusion_normal_1216.jpg,0.711983,0.728190,1.000000,否
2,train/images/nozzle_extrusion_normal_1162.jpg,val/images/nozzle_extrusion_normal_1163.jpg,0.803065,0.947029,1.000000,否
2,train/images/nozzle_extrusion_normal_1162.jpg,test/images/nozzle_extrusion_normal_0964.jpg,0.780298,0.836728,1.000000,否
2,train/images/nozzle_extrusion_normal_1162.jpg,test/images/nozzle_extrusion_normal_1069.jpg,0.805049,0.906165,1.000000,否
2,train/images/nozzle_extrusion_normal_1162.jpg,test/images/nozzle_extrusion_normal_1077.jpg,0.756067,0.735478,1.000000,否
2,train/images/nozzle_extrusion_normal_1162.jpg,train/images/nozzle_extrusion_normal_1187.jpg,0.831568,0.934517,1.000000,否
2,train/images/nozzle_extrusion_normal_1162.jpg,train/images/nozzle_extrusion_normal_1174.jpg,0.767330,0.756162,1.000000,否
2,train/images/nozzle_extrusion_normal_1162.jpg,train/images/nozzle_extrusion_normal_1243.jpg,0.822826,0.929464,1.000000,否
2,train/images/nozzle_extrusion_normal_1162.jpg,train/images/nozzle_extrusion_normal_1027.jpg,0.819417,0.881644,1.000000,否
2,train/images/nozzle_extrusion_normal_1162.jpg,test/images/nozzle_extrusion_normal_1215.jpg,0.821601,0.915826,1.000000,否
2,train/images/nozzle_extrusion_normal_1162.jpg,train/images/nozzle_extrusion_normal_1148.jpg,0.778498,0.761697,1.000000,否
2,train/images/nozzle_extrusion_normal_1162.jpg,train/images/nozzle_extrusion_normal_1173.jpg,0.772286,0.757806,1.000000,否
2,train/images/nozzle_extrusion_normal_1162.jpg,test/images/nozzle_extrusion_normal_1099.jpg,0.785855,0.757447,1.000000,否
2,train/images/nozzle_extrusion_normal_1162.jpg,test/images/nozzle_extrusion_normal_1138.jpg,0.789828,0.913785,1.000000,否
2,train/images/nozzle_extrusion_normal_1162.jpg,test/images/nozzle_extrusion_normal_1115.jpg,0.760221,0.892409,1.000000,否
2,train/images/nozzle_extrusion_normal_1162.jpg,train/images/nozzle_extrusion_normal_0985.jpg,0.785568,0.868774,1.000000,否
2,train/images/nozzle_extrusion_normal_1162.jpg,train/images/nozzle_extrusion_normal_1228.jpg,0.735109,0.749132,1.000000,否
2,train/images/nozzle_extrusion_normal_1162.jpg,train/images/nozzle_extrusion_normal_1256.jpg,0.723370,0.724601,1.000000,否
2,train/images/nozzle_extrusion_normal_1162.jpg,train/images/nozzle_extrusion_normal_1091.jpg,0.805644,0.906707,1.000000,否
2,train/images/nozzle_extrusion_normal_1162.jpg,test/images/nozzle_extrusion_normal_0986.jpg,0.713941,0.814882,1.000000,否
2,train/images/nozzle_extrusion_normal_1162.jpg,test/images/nozzle_extrusion_normal_1033.jpg,0.777078,0.747524,1.000000,否
2,train/images/nozzle_extrusion_normal_1162.jpg,train/images/nozzle_extrusion_normal_1201.jpg,0.765803,0.724909,1.000000,否
2,train/images/nozzle_extrusion_normal_1162.jpg,train/images/nozzle_extrusion_normal_1046.jpg,0.808781,0.917251,1.000000,否
2,train/images/nozzle_extrusion_normal_1162.jpg,train/images/nozzle_extrusion_normal_1090.jpg,0.806930,0.928461,1.000000,否
2,train/images/nozzle_extrusion_normal_1162.jpg,val/images/nozzle_extrusion_normal_0944.jpg,0.769323,0.868771,1.000000,否
2,train/images/nozzle_extrusion_normal_1162.jpg,train/images/nozzle_extrusion_normal_1124.jpg,0.774924,0.756114,1.000000,否
2,train/images/nozzle_extrusion_normal_1162.jpg,train/images/nozzle_extrusion_normal_0951.jpg,0.748721,0.743040,1.000000,否
2,train/images/nozzle_extrusion_normal_1162.jpg,train/images/nozzle_extrusion_normal_1229.jpg,0.772366,0.739505,1.000000,否
2,train/images/nozzle_extrusion_normal_1162.jpg,test/images/nozzle_extrusion_normal_1005.jpg,0.800193,0.888149,1.000000,否
2,train/images/nozzle_extrusion_normal_1162.jpg,train/images/nozzle_extrusion_normal_1054.jpg,0.744817,0.731090,1.000000,否
2,train/images/nozzle_extrusion_normal_1162.jpg,val/images/nozzle_extrusion_normal_1006.jpg,0.737735,0.819312,1.000000,否
2,train/images/nozzle_extrusion_normal_1162.jpg,test/images/nozzle_extrusion_normal_1123.jpg,0.788484,0.739103,1.000000,否
2,train/images/nozzle_extrusion_normal_1162.jpg,train/images/nozzle_extrusion_normal_1199.jpg,0.737834,0.737686,1.000000,否
2,train/images/nozzle_extrusion_normal_1162.jpg,train/images/nozzle_extrusion_normal_1026.jpg,0.817929,0.918172,1.000000,否
2,train/images/nozzle_extrusion_normal_1162.jpg,val/images/nozzle_extrusion_normal_1113.jpg,0.804457,0.926496,1.000000,否
2,train/images/nozzle_extrusion_normal_1162.jpg,test/images/nozzle_extrusion_normal_0907.jpg,0.753205,0.867836,1.000000,否
2,train/images/nozzle_extrusion_normal_1162.jpg,train/images/nozzle_extrusion_normal_0972.jpg,0.736265,0.730085,1.000000,否
2,train/images/nozzle_extrusion_normal_1162.jpg,train/images/nozzle_extrusion_normal_1188.jpg,0.801196,0.930462,1.000000,否
2,train/images/nozzle_extrusion_normal_1162.jpg,train/images/nozzle_extrusion_normal_1047.jpg,0.795016,0.859081,1.000000,否
2,train/images/nozzle_extrusion_normal_1162.jpg,train/images/nozzle_extrusion_normal_1200.jpg,0.776993,0.753117,1.000000,否
2,train/images/nozzle_extrusion_normal_1162.jpg,train/images/nozzle_extrusion_normal_1137.jpg,0.818036,0.944629,1.000000,否
2,train/images/nozzle_extrusion_normal_1162.jpg,test/images/nozzle_extrusion_normal_1068.jpg,0.814670,0.932310,1.000000,否
2,train/images/nozzle_extrusion_normal_1162.jpg,train/images/nozzle_extrusion_normal_1114.jpg,0.808178,0.929124,1.000000,否
2,train/images/nozzle_extrusion_normal_1162.jpg,val/images/nozzle_extrusion_normal_1013.jpg,0.758596,0.725170,1.000000,否
2,train/images/nozzle_extrusion_normal_1162.jpg,test/images/nozzle_extrusion_normal_1216.jpg,0.766293,0.908253,1.000000,否
2,val/images/nozzle_extrusion_normal_1163.jpg,test/images/nozzle_extrusion_normal_0964.jpg,0.775270,0.854738,1.000000,否
2,val/images/nozzle_extrusion_normal_1163.jpg,test/images/nozzle_extrusion_normal_1069.jpg,0.805312,0.915271,1.000000,否
2,val/images/nozzle_extrusion_normal_1163.jpg,test/images/nozzle_extrusion_normal_1077.jpg,0.740599,0.706447,1.000000,否
2,val/images/nozzle_extrusion_normal_1163.jpg,train/images/nozzle_extrusion_normal_1187.jpg,0.796990,0.916904,1.000000,否
2,val/images/nozzle_extrusion_normal_1163.jpg,train/images/nozzle_extrusion_normal_1174.jpg,0.750073,0.736859,1.000000,否
2,val/images/nozzle_extrusion_normal_1163.jpg,train/images/nozzle_extrusion_normal_1243.jpg,0.794240,0.919011,1.000000,否
2,val/images/nozzle_extrusion_normal_1163.jpg,train/images/nozzle_extrusion_normal_1027.jpg,0.800243,0.902737,1.000000,否
2,val/images/nozzle_extrusion_normal_1163.jpg,test/images/nozzle_extrusion_normal_1215.jpg,0.787462,0.913441,1.000000,否
2,val/images/nozzle_extrusion_normal_1163.jpg,train/images/nozzle_extrusion_normal_1148.jpg,0.762671,0.740972,1.000000,否
2,val/images/nozzle_extrusion_normal_1163.jpg,train/images/nozzle_extrusion_normal_1173.jpg,0.779031,0.745388,1.000000,否
2,val/images/nozzle_extrusion_normal_1163.jpg,test/images/nozzle_extrusion_normal_1099.jpg,0.747688,0.741558,1.000000,否
2,val/images/nozzle_extrusion_normal_1163.jpg,test/images/nozzle_extrusion_normal_1138.jpg,0.811508,0.923614,1.000000,否
2,val/images/nozzle_extrusion_normal_1163.jpg,test/images/nozzle_extrusion_normal_1115.jpg,0.790668,0.918906,1.000000,否
2,val/images/nozzle_extrusion_normal_1163.jpg,train/images/nozzle_extrusion_normal_0985.jpg,0.785172,0.885621,1.000000,否
2,val/images/nozzle_extrusion_normal_1163.jpg,train/images/nozzle_extrusion_normal_1228.jpg,0.772215,0.740475,1.000000,否
2,val/images/nozzle_extrusion_normal_1163.jpg,train/images/nozzle_extrusion_normal_1256.jpg,0.729912,0.710752,1.000000,否
2,val/images/nozzle_extrusion_normal_1163.jpg,train/images/nozzle_extrusion_normal_1091.jpg,0.825778,0.929822,1.000000,否
2,val/images/nozzle_extrusion_normal_1163.jpg,test/images/nozzle_extrusion_normal_0986.jpg,0.747901,0.833045,1.000000,否
2,val/images/nozzle_extrusion_normal_1163.jpg,test/images/nozzle_extrusion_normal_1033.jpg,0.739151,0.720334,1.000000,否
2,val/images/nozzle_extrusion_normal_1163.jpg,train/images/nozzle_extrusion_normal_1201.jpg,0.750024,0.710653,1.000000,否
2,val/images/nozzle_extrusion_normal_1163.jpg,train/images/nozzle_extrusion_normal_1046.jpg,0.768783,0.921172,1.000000,否
2,val/images/nozzle_extrusion_normal_1163.jpg,train/images/nozzle_extrusion_normal_1090.jpg,0.787352,0.931083,1.000000,否
2,val/images/nozzle_extrusion_normal_1163.jpg,val/images/nozzle_extrusion_normal_0944.jpg,0.769639,0.889494,1.000000,否
2,val/images/nozzle_extrusion_normal_1163.jpg,train/images/nozzle_extrusion_normal_1124.jpg,0.734035,0.735069,1.000000,否
2,val/images/nozzle_extrusion_normal_1163.jpg,train/images/nozzle_extrusion_normal_0951.jpg,0.723114,0.719741,1.000000,否
2,val/images/nozzle_extrusion_normal_1163.jpg,train/images/nozzle_extrusion_normal_1229.jpg,0.755121,0.727788,1.000000,否
2,val/images/nozzle_extrusion_normal_1163.jpg,test/images/nozzle_extrusion_normal_1005.jpg,0.772450,0.908412,1.000000,否
2,val/images/nozzle_extrusion_normal_1163.jpg,train/images/nozzle_extrusion_normal_1054.jpg,0.771943,0.736622,1.000000,否
2,val/images/nozzle_extrusion_normal_1163.jpg,val/images/nozzle_extrusion_normal_1006.jpg,0.764183,0.836736,1.000000,否
2,val/images/nozzle_extrusion_normal_1163.jpg,test/images/nozzle_extrusion_normal_1123.jpg,0.755928,0.721587,1.000000,否
2,val/images/nozzle_extrusion_normal_1163.jpg,train/images/nozzle_extrusion_normal_1199.jpg,0.786902,0.739159,1.000000,否
2,val/images/nozzle_extrusion_normal_1163.jpg,train/images/nozzle_extrusion_normal_1026.jpg,0.768202,0.916164,1.000000,否
2,val/images/nozzle_extrusion_normal_1163.jpg,val/images/nozzle_extrusion_normal_1113.jpg,0.760882,0.925471,1.000000,否
2,val/images/nozzle_extrusion_normal_1163.jpg,test/images/nozzle_extrusion_normal_0907.jpg,0.762665,0.885150,1.000000,否
2,val/images/nozzle_extrusion_normal_1163.jpg,train/images/nozzle_extrusion_normal_0972.jpg,0.724772,0.709122,1.000000,否
2,val/images/nozzle_extrusion_normal_1163.jpg,train/images/nozzle_extrusion_normal_1188.jpg,0.820159,0.935045,1.000000,否
2,val/images/nozzle_extrusion_normal_1163.jpg,train/images/nozzle_extrusion_normal_1047.jpg,0.820573,0.882078,1.000000,否
2,val/images/nozzle_extrusion_normal_1163.jpg,train/images/nozzle_extrusion_normal_1200.jpg,0.753779,0.737643,1.000000,否
2,val/images/nozzle_extrusion_normal_1163.jpg,train/images/nozzle_extrusion_normal_1137.jpg,0.808104,0.930488,1.000000,否
2,val/images/nozzle_extrusion_normal_1163.jpg,test/images/nozzle_extrusion_normal_1068.jpg,0.759674,0.921626,1.000000,否
2,val/images/nozzle_extrusion_normal_1163.jpg,train/images/nozzle_extrusion_normal_1114.jpg,0.784222,0.925666,1.000000,否
2,val/images/nozzle_extrusion_normal_1163.jpg,val/images/nozzle_extrusion_normal_1013.jpg,0.738753,0.705813,1.000000,否
2,val/images/nozzle_extrusion_normal_1163.jpg,test/images/nozzle_extrusion_normal_1216.jpg,0.799783,0.915516,1.000000,否
2,test/images/nozzle_extrusion_normal_0964.jpg,test/images/nozzle_extrusion_normal_1069.jpg,0.807158,0.882078,1.000000,否
2,test/images/nozzle_extrusion_normal_0964.jpg,test/images/nozzle_extrusion_normal_1077.jpg,0.727053,0.622981,1.000000,否
2,test/images/nozzle_extrusion_normal_0964.jpg,train/images/nozzle_extrusion_normal_1187.jpg,0.773596,0.829838,1.000000,否
2,test/images/nozzle_extrusion_normal_0964.jpg,train/images/nozzle_extrusion_normal_1174.jpg,0.750256,0.652667,1.000000,否
2,test/images/nozzle_extrusion_normal_0964.jpg,train/images/nozzle_extrusion_normal_1243.jpg,0.752998,0.838554,1.000000,否
2,test/images/nozzle_extrusion_normal_0964.jpg,train/images/nozzle_extrusion_normal_1027.jpg,0.804249,0.889924,1.000000,否
2,test/images/nozzle_extrusion_normal_0964.jpg,test/images/nozzle_extrusion_normal_1215.jpg,0.767228,0.840191,1.000000,否
2,test/images/nozzle_extrusion_normal_0964.jpg,train/images/nozzle_extrusion_normal_1148.jpg,0.741978,0.644179,1.000000,否
2,test/images/nozzle_extrusion_normal_0964.jpg,train/images/nozzle_extrusion_normal_1173.jpg,0.751173,0.655611,1.000000,否
2,test/images/nozzle_extrusion_normal_0964.jpg,test/images/nozzle_extrusion_normal_1099.jpg,0.725425,0.642306,1.000000,否
2,test/images/nozzle_extrusion_normal_0964.jpg,test/images/nozzle_extrusion_normal_1138.jpg,0.772366,0.852166,1.000000,否
2,test/images/nozzle_extrusion_normal_0964.jpg,test/images/nozzle_extrusion_normal_1115.jpg,0.750040,0.874883,1.000000,否
2,test/images/nozzle_extrusion_normal_0964.jpg,train/images/nozzle_extrusion_normal_0985.jpg,0.836245,0.902869,1.000000,否
2,test/images/nozzle_extrusion_normal_0964.jpg,train/images/nozzle_extrusion_normal_1228.jpg,0.733198,0.668064,1.000000,否
2,test/images/nozzle_extrusion_normal_0964.jpg,train/images/nozzle_extrusion_normal_1256.jpg,0.710593,0.658024,1.000000,否
2,test/images/nozzle_extrusion_normal_0964.jpg,train/images/nozzle_extrusion_normal_1091.jpg,0.807307,0.877600,1.000000,否
2,test/images/nozzle_extrusion_normal_0964.jpg,test/images/nozzle_extrusion_normal_0986.jpg,0.751451,0.868812,1.000000,否
2,test/images/nozzle_extrusion_normal_0964.jpg,test/images/nozzle_extrusion_normal_1033.jpg,0.749639,0.632630,1.000000,否
2,test/images/nozzle_extrusion_normal_0964.jpg,train/images/nozzle_extrusion_normal_1201.jpg,0.740605,0.627696,1.000000,否
2,test/images/nozzle_extrusion_normal_0964.jpg,train/images/nozzle_extrusion_normal_1046.jpg,0.785493,0.860825,1.000000,否
2,test/images/nozzle_extrusion_normal_0964.jpg,train/images/nozzle_extrusion_normal_1090.jpg,0.793810,0.850605,1.000000,否
2,test/images/nozzle_extrusion_normal_0964.jpg,val/images/nozzle_extrusion_normal_0944.jpg,0.831327,0.900202,1.000000,否
2,test/images/nozzle_extrusion_normal_0964.jpg,train/images/nozzle_extrusion_normal_1124.jpg,0.712972,0.646183,1.000000,否
2,test/images/nozzle_extrusion_normal_0964.jpg,train/images/nozzle_extrusion_normal_0951.jpg,0.759921,0.665771,1.000000,否
2,test/images/nozzle_extrusion_normal_0964.jpg,train/images/nozzle_extrusion_normal_1229.jpg,0.746704,0.651987,1.000000,否
2,test/images/nozzle_extrusion_normal_0964.jpg,test/images/nozzle_extrusion_normal_1005.jpg,0.803393,0.892342,1.000000,否
2,test/images/nozzle_extrusion_normal_0964.jpg,train/images/nozzle_extrusion_normal_1054.jpg,0.750097,0.697114,1.000000,否
2,test/images/nozzle_extrusion_normal_0964.jpg,val/images/nozzle_extrusion_normal_1006.jpg,0.761153,0.888525,1.000000,否
2,test/images/nozzle_extrusion_normal_0964.jpg,test/images/nozzle_extrusion_normal_1123.jpg,0.743658,0.632310,1.000000,否
2,test/images/nozzle_extrusion_normal_0964.jpg,train/images/nozzle_extrusion_normal_1199.jpg,0.730639,0.662696,1.000000,否
2,test/images/nozzle_extrusion_normal_0964.jpg,train/images/nozzle_extrusion_normal_1026.jpg,0.800817,0.844760,1.000000,否
2,test/images/nozzle_extrusion_normal_0964.jpg,val/images/nozzle_extrusion_normal_1113.jpg,0.749332,0.839960,1.000000,否
2,test/images/nozzle_extrusion_normal_0964.jpg,test/images/nozzle_extrusion_normal_0907.jpg,0.779954,0.907218,1.000000,否
2,test/images/nozzle_extrusion_normal_0964.jpg,train/images/nozzle_extrusion_normal_0972.jpg,0.770755,0.646624,1.000000,否
2,test/images/nozzle_extrusion_normal_0964.jpg,train/images/nozzle_extrusion_normal_1188.jpg,0.785413,0.846819,1.000000,否
2,test/images/nozzle_extrusion_normal_0964.jpg,train/images/nozzle_extrusion_normal_1047.jpg,0.807609,0.904034,1.000000,否
2,test/images/nozzle_extrusion_normal_0964.jpg,train/images/nozzle_extrusion_normal_1200.jpg,0.749868,0.648522,1.000000,否
2,test/images/nozzle_extrusion_normal_0964.jpg,train/images/nozzle_extrusion_normal_1137.jpg,0.781841,0.826624,1.000000,否
2,test/images/nozzle_extrusion_normal_0964.jpg,test/images/nozzle_extrusion_normal_1068.jpg,0.771415,0.835347,1.000000,否
2,test/images/nozzle_extrusion_normal_0964.jpg,train/images/nozzle_extrusion_normal_1114.jpg,0.774362,0.842360,1.000000,否
2,test/images/nozzle_extrusion_normal_0964.jpg,val/images/nozzle_extrusion_normal_1013.jpg,0.732552,0.650474,1.000000,否
2,test/images/nozzle_extrusion_normal_0964.jpg,test/images/nozzle_extrusion_normal_1216.jpg,0.757459,0.832253,1.000000,否
2,test/images/nozzle_extrusion_normal_1069.jpg,test/images/nozzle_extrusion_normal_1077.jpg,0.757059,0.708499,1.000000,否
2,test/images/nozzle_extrusion_normal_1069.jpg,train/images/nozzle_extrusion_normal_1187.jpg,0.800942,0.899446,1.000000,否
2,test/images/nozzle_extrusion_normal_1069.jpg,train/images/nozzle_extrusion_normal_1174.jpg,0.758450,0.730937,1.000000,否
2,test/images/nozzle_extrusion_normal_1069.jpg,train/images/nozzle_extrusion_normal_1243.jpg,0.773324,0.899940,1.000000,否
2,test/images/nozzle_extrusion_normal_1069.jpg,train/images/nozzle_extrusion_normal_1027.jpg,0.827395,0.919446,1.000000,否
2,test/images/nozzle_extrusion_normal_1069.jpg,test/images/nozzle_extrusion_normal_1215.jpg,0.783227,0.895500,1.000000,否
2,test/images/nozzle_extrusion_normal_1069.jpg,train/images/nozzle_extrusion_normal_1148.jpg,0.760329,0.729632,1.000000,否
2,test/images/nozzle_extrusion_normal_1069.jpg,train/images/nozzle_extrusion_normal_1173.jpg,0.762842,0.742334,1.000000,否
2,test/images/nozzle_extrusion_normal_1069.jpg,test/images/nozzle_extrusion_normal_1099.jpg,0.751004,0.736019,1.000000,否
2,test/images/nozzle_extrusion_normal_1069.jpg,test/images/nozzle_extrusion_normal_1138.jpg,0.801041,0.932770,1.000000,否
2,test/images/nozzle_extrusion_normal_1069.jpg,test/images/nozzle_extrusion_normal_1115.jpg,0.771103,0.919134,1.000000,否
2,test/images/nozzle_extrusion_normal_1069.jpg,train/images/nozzle_extrusion_normal_0985.jpg,0.801273,0.917924,1.000000,否
2,test/images/nozzle_extrusion_normal_1069.jpg,train/images/nozzle_extrusion_normal_1228.jpg,0.744291,0.745188,1.000000,否
2,test/images/nozzle_extrusion_normal_1069.jpg,train/images/nozzle_extrusion_normal_1256.jpg,0.724687,0.713888,1.000000,否
2,test/images/nozzle_extrusion_normal_1069.jpg,train/images/nozzle_extrusion_normal_1091.jpg,0.826944,0.943296,1.000000,否
2,test/images/nozzle_extrusion_normal_1069.jpg,test/images/nozzle_extrusion_normal_0986.jpg,0.743487,0.857280,1.000000,否
2,test/images/nozzle_extrusion_normal_1069.jpg,test/images/nozzle_extrusion_normal_1033.jpg,0.754288,0.721457,1.000000,否
2,test/images/nozzle_extrusion_normal_1069.jpg,train/images/nozzle_extrusion_normal_1201.jpg,0.757184,0.707537,1.000000,否
2,test/images/nozzle_extrusion_normal_1069.jpg,train/images/nozzle_extrusion_normal_1046.jpg,0.805856,0.929245,1.000000,否
2,test/images/nozzle_extrusion_normal_1069.jpg,train/images/nozzle_extrusion_normal_1090.jpg,0.806166,0.934804,1.000000,否
2,test/images/nozzle_extrusion_normal_1069.jpg,val/images/nozzle_extrusion_normal_0944.jpg,0.790816,0.914751,1.000000,否
2,test/images/nozzle_extrusion_normal_1069.jpg,train/images/nozzle_extrusion_normal_1124.jpg,0.743192,0.731048,1.000000,否
2,test/images/nozzle_extrusion_normal_1069.jpg,train/images/nozzle_extrusion_normal_0951.jpg,0.742776,0.733261,1.000000,否
2,test/images/nozzle_extrusion_normal_1069.jpg,train/images/nozzle_extrusion_normal_1229.jpg,0.758443,0.724558,1.000000,否
2,test/images/nozzle_extrusion_normal_1069.jpg,test/images/nozzle_extrusion_normal_1005.jpg,0.794572,0.930569,1.000000,否
2,test/images/nozzle_extrusion_normal_1069.jpg,train/images/nozzle_extrusion_normal_1054.jpg,0.785428,0.768256,1.000000,否
2,test/images/nozzle_extrusion_normal_1069.jpg,val/images/nozzle_extrusion_normal_1006.jpg,0.758718,0.870630,1.000000,否
2,test/images/nozzle_extrusion_normal_1069.jpg,test/images/nozzle_extrusion_normal_1123.jpg,0.772412,0.718103,1.000000,否
2,test/images/nozzle_extrusion_normal_1069.jpg,train/images/nozzle_extrusion_normal_1199.jpg,0.754741,0.740732,1.000000,否
2,test/images/nozzle_extrusion_normal_1069.jpg,train/images/nozzle_extrusion_normal_1026.jpg,0.782450,0.912545,1.000000,否
2,test/images/nozzle_extrusion_normal_1069.jpg,val/images/nozzle_extrusion_normal_1113.jpg,0.773237,0.912946,1.000000,否
2,test/images/nozzle_extrusion_normal_1069.jpg,test/images/nozzle_extrusion_normal_0907.jpg,0.766417,0.904416,1.000000,否
2,test/images/nozzle_extrusion_normal_1069.jpg,train/images/nozzle_extrusion_normal_0972.jpg,0.727807,0.725126,1.000000,否
2,test/images/nozzle_extrusion_normal_1069.jpg,train/images/nozzle_extrusion_normal_1188.jpg,0.800336,0.914057,1.000000,否
2,test/images/nozzle_extrusion_normal_1069.jpg,train/images/nozzle_extrusion_normal_1047.jpg,0.828232,0.907766,1.000000,否
2,test/images/nozzle_extrusion_normal_1069.jpg,train/images/nozzle_extrusion_normal_1200.jpg,0.760004,0.731741,1.000000,否
2,test/images/nozzle_extrusion_normal_1069.jpg,train/images/nozzle_extrusion_normal_1137.jpg,0.812838,0.900675,1.000000,否
2,test/images/nozzle_extrusion_normal_1069.jpg,test/images/nozzle_extrusion_normal_1068.jpg,0.790726,0.934240,1.000000,否
2,test/images/nozzle_extrusion_normal_1069.jpg,train/images/nozzle_extrusion_normal_1114.jpg,0.808419,0.924491,1.000000,否
2,test/images/nozzle_extrusion_normal_1069.jpg,val/images/nozzle_extrusion_normal_1013.jpg,0.741750,0.725558,1.000000,否
2,test/images/nozzle_extrusion_normal_1069.jpg,test/images/nozzle_extrusion_normal_1216.jpg,0.780615,0.895976,1.000000,否
2,test/images/nozzle_extrusion_normal_1077.jpg,train/images/nozzle_extrusion_normal_1187.jpg,0.755350,0.735572,1.000000,否
2,test/images/nozzle_extrusion_normal_1077.jpg,train/images/nozzle_extrusion_normal_1174.jpg,0.788890,0.912361,1.000000,否
2,test/images/nozzle_extrusion_normal_1077.jpg,train/images/nozzle_extrusion_normal_1243.jpg,0.735752,0.735720,1.000000,否
2,test/images/nozzle_extrusion_normal_1077.jpg,train/images/nozzle_extrusion_normal_1027.jpg,0.765095,0.690295,1.000000,否
2,test/images/nozzle_extrusion_normal_1077.jpg,test/images/nozzle_extrusion_normal_1215.jpg,0.724812,0.690368,1.000000,否
2,test/images/nozzle_extrusion_normal_1077.jpg,train/images/nozzle_extrusion_normal_1148.jpg,0.809636,0.925710,1.000000,否
2,test/images/nozzle_extrusion_normal_1077.jpg,train/images/nozzle_extrusion_normal_1173.jpg,0.768047,0.906229,1.000000,否
2,test/images/nozzle_extrusion_normal_1077.jpg,test/images/nozzle_extrusion_normal_1099.jpg,0.804231,0.934247,1.000000,否
2,test/images/nozzle_extrusion_normal_1077.jpg,test/images/nozzle_extrusion_normal_1138.jpg,0.737332,0.697563,1.000000,否
2,test/images/nozzle_extrusion_normal_1077.jpg,test/images/nozzle_extrusion_normal_1115.jpg,0.712657,0.681175,1.000000,否
2,test/images/nozzle_extrusion_normal_1077.jpg,train/images/nozzle_extrusion_normal_0985.jpg,0.742069,0.664512,1.000000,否
2,test/images/nozzle_extrusion_normal_1077.jpg,train/images/nozzle_extrusion_normal_1228.jpg,0.723032,0.882778,1.000000,否
2,test/images/nozzle_extrusion_normal_1077.jpg,train/images/nozzle_extrusion_normal_1256.jpg,0.694986,0.852227,1.000000,否
2,test/images/nozzle_extrusion_normal_1077.jpg,train/images/nozzle_extrusion_normal_1091.jpg,0.766550,0.698698,1.000000,否
2,test/images/nozzle_extrusion_normal_1077.jpg,test/images/nozzle_extrusion_normal_0986.jpg,0.685940,0.623823,1.000000,否
2,test/images/nozzle_extrusion_normal_1077.jpg,test/images/nozzle_extrusion_normal_1033.jpg,0.810276,0.943954,1.000000,否
2,test/images/nozzle_extrusion_normal_1077.jpg,train/images/nozzle_extrusion_normal_1201.jpg,0.792058,0.906419,1.000000,否
2,test/images/nozzle_extrusion_normal_1077.jpg,train/images/nozzle_extrusion_normal_1046.jpg,0.762991,0.719693,1.000000,否
2,test/images/nozzle_extrusion_normal_1077.jpg,train/images/nozzle_extrusion_normal_1090.jpg,0.773826,0.727344,1.000000,否
2,test/images/nozzle_extrusion_normal_1077.jpg,val/images/nozzle_extrusion_normal_0944.jpg,0.712323,0.656204,1.000000,否
2,test/images/nozzle_extrusion_normal_1077.jpg,train/images/nozzle_extrusion_normal_1124.jpg,0.804318,0.933537,1.000000,否
2,test/images/nozzle_extrusion_normal_1077.jpg,train/images/nozzle_extrusion_normal_0951.jpg,0.795183,0.911844,1.000000,否
2,test/images/nozzle_extrusion_normal_1077.jpg,train/images/nozzle_extrusion_normal_1229.jpg,0.759221,0.889380,1.000000,否
2,test/images/nozzle_extrusion_normal_1077.jpg,test/images/nozzle_extrusion_normal_1005.jpg,0.745170,0.691823,1.000000,否
2,test/images/nozzle_extrusion_normal_1077.jpg,train/images/nozzle_extrusion_normal_1054.jpg,0.788947,0.862183,1.000000,否
2,test/images/nozzle_extrusion_normal_1077.jpg,val/images/nozzle_extrusion_normal_1006.jpg,0.690300,0.613037,1.000000,否
2,test/images/nozzle_extrusion_normal_1077.jpg,test/images/nozzle_extrusion_normal_1123.jpg,0.813059,0.934816,1.000000,否
2,test/images/nozzle_extrusion_normal_1077.jpg,train/images/nozzle_extrusion_normal_1199.jpg,0.749653,0.881869,1.000000,否
2,test/images/nozzle_extrusion_normal_1077.jpg,train/images/nozzle_extrusion_normal_1026.jpg,0.744770,0.739038,1.000000,否
2,test/images/nozzle_extrusion_normal_1077.jpg,val/images/nozzle_extrusion_normal_1113.jpg,0.744909,0.729904,1.000000,否
2,test/images/nozzle_extrusion_normal_1077.jpg,test/images/nozzle_extrusion_normal_0907.jpg,0.693199,0.654119,1.000000,否
2,test/images/nozzle_extrusion_normal_1077.jpg,train/images/nozzle_extrusion_normal_0972.jpg,0.806710,0.935696,1.000000,否
2,test/images/nozzle_extrusion_normal_1077.jpg,train/images/nozzle_extrusion_normal_1188.jpg,0.749576,0.715048,1.000000,否
2,test/images/nozzle_extrusion_normal_1077.jpg,train/images/nozzle_extrusion_normal_1047.jpg,0.755350,0.644310,1.000000,否
2,test/images/nozzle_extrusion_normal_1077.jpg,train/images/nozzle_extrusion_normal_1200.jpg,0.754496,0.913045,1.000000,否
2,test/images/nozzle_extrusion_normal_1077.jpg,train/images/nozzle_extrusion_normal_1137.jpg,0.769931,0.727304,1.000000,否
2,test/images/nozzle_extrusion_normal_1077.jpg,test/images/nozzle_extrusion_normal_1068.jpg,0.768368,0.753986,1.000000,否
2,test/images/nozzle_extrusion_normal_1077.jpg,train/images/nozzle_extrusion_normal_1114.jpg,0.743634,0.728360,1.000000,否
2,test/images/nozzle_extrusion_normal_1077.jpg,val/images/nozzle_extrusion_normal_1013.jpg,0.806698,0.933354,1.000000,否
2,test/images/nozzle_extrusion_normal_1077.jpg,test/images/nozzle_extrusion_normal_1216.jpg,0.712958,0.706781,1.000000,否
2,train/images/nozzle_extrusion_normal_1187.jpg,train/images/nozzle_extrusion_normal_1174.jpg,0.767321,0.756751,1.000000,否
2,train/images/nozzle_extrusion_normal_1187.jpg,train/images/nozzle_extrusion_normal_1243.jpg,0.800818,0.938910,1.000000,否
2,train/images/nozzle_extrusion_normal_1187.jpg,train/images/nozzle_extrusion_normal_1027.jpg,0.805745,0.876713,1.000000,否
2,train/images/nozzle_extrusion_normal_1187.jpg,test/images/nozzle_extrusion_normal_1215.jpg,0.847548,0.923471,1.000000,否
2,train/images/nozzle_extrusion_normal_1187.jpg,train/images/nozzle_extrusion_normal_1148.jpg,0.767470,0.759427,1.000000,否
2,train/images/nozzle_extrusion_normal_1187.jpg,train/images/nozzle_extrusion_normal_1173.jpg,0.762900,0.751366,1.000000,否
2,train/images/nozzle_extrusion_normal_1187.jpg,test/images/nozzle_extrusion_normal_1099.jpg,0.772106,0.756068,1.000000,否
2,train/images/nozzle_extrusion_normal_1187.jpg,test/images/nozzle_extrusion_normal_1138.jpg,0.780884,0.903629,1.000000,否
2,train/images/nozzle_extrusion_normal_1187.jpg,test/images/nozzle_extrusion_normal_1115.jpg,0.743707,0.870549,1.000000,否
2,train/images/nozzle_extrusion_normal_1187.jpg,train/images/nozzle_extrusion_normal_0985.jpg,0.782797,0.866993,1.000000,否
2,train/images/nozzle_extrusion_normal_1187.jpg,train/images/nozzle_extrusion_normal_1228.jpg,0.727077,0.754781,1.000000,否
2,train/images/nozzle_extrusion_normal_1187.jpg,train/images/nozzle_extrusion_normal_1256.jpg,0.708559,0.723891,1.000000,否
2,train/images/nozzle_extrusion_normal_1187.jpg,train/images/nozzle_extrusion_normal_1091.jpg,0.777469,0.897529,1.000000,否
2,train/images/nozzle_extrusion_normal_1187.jpg,test/images/nozzle_extrusion_normal_0986.jpg,0.702268,0.809177,1.000000,否
2,train/images/nozzle_extrusion_normal_1187.jpg,test/images/nozzle_extrusion_normal_1033.jpg,0.752447,0.737978,1.000000,否
2,train/images/nozzle_extrusion_normal_1187.jpg,train/images/nozzle_extrusion_normal_1201.jpg,0.762154,0.738169,1.000000,否
2,train/images/nozzle_extrusion_normal_1187.jpg,train/images/nozzle_extrusion_normal_1046.jpg,0.798590,0.921010,1.000000,否
2,train/images/nozzle_extrusion_normal_1187.jpg,train/images/nozzle_extrusion_normal_1090.jpg,0.798284,0.921716,1.000000,否
2,train/images/nozzle_extrusion_normal_1187.jpg,val/images/nozzle_extrusion_normal_0944.jpg,0.760123,0.869320,1.000000,否
2,train/images/nozzle_extrusion_normal_1187.jpg,train/images/nozzle_extrusion_normal_1124.jpg,0.769721,0.753830,1.000000,否
2,train/images/nozzle_extrusion_normal_1187.jpg,train/images/nozzle_extrusion_normal_0951.jpg,0.739060,0.735551,1.000000,否
2,train/images/nozzle_extrusion_normal_1187.jpg,train/images/nozzle_extrusion_normal_1229.jpg,0.757100,0.741537,1.000000,否
2,train/images/nozzle_extrusion_normal_1187.jpg,test/images/nozzle_extrusion_normal_1005.jpg,0.790736,0.878793,1.000000,否
2,train/images/nozzle_extrusion_normal_1187.jpg,train/images/nozzle_extrusion_normal_1054.jpg,0.750667,0.732093,1.000000,否
2,train/images/nozzle_extrusion_normal_1187.jpg,val/images/nozzle_extrusion_normal_1006.jpg,0.723292,0.808861,1.000000,否
2,train/images/nozzle_extrusion_normal_1187.jpg,test/images/nozzle_extrusion_normal_1123.jpg,0.779863,0.728897,1.000000,否
2,train/images/nozzle_extrusion_normal_1187.jpg,train/images/nozzle_extrusion_normal_1199.jpg,0.734550,0.733340,1.000000,否
2,train/images/nozzle_extrusion_normal_1187.jpg,train/images/nozzle_extrusion_normal_1026.jpg,0.805199,0.913628,1.000000,否
2,train/images/nozzle_extrusion_normal_1187.jpg,val/images/nozzle_extrusion_normal_1113.jpg,0.815758,0.930662,1.000000,否
2,train/images/nozzle_extrusion_normal_1187.jpg,test/images/nozzle_extrusion_normal_0907.jpg,0.735141,0.854868,1.000000,否
2,train/images/nozzle_extrusion_normal_1187.jpg,train/images/nozzle_extrusion_normal_0972.jpg,0.740811,0.734305,1.000000,否
2,train/images/nozzle_extrusion_normal_1187.jpg,train/images/nozzle_extrusion_normal_1188.jpg,0.792066,0.951560,1.000000,否
2,train/images/nozzle_extrusion_normal_1187.jpg,train/images/nozzle_extrusion_normal_1047.jpg,0.786892,0.847713,1.000000,否
2,train/images/nozzle_extrusion_normal_1187.jpg,train/images/nozzle_extrusion_normal_1200.jpg,0.761728,0.752373,1.000000,否
2,train/images/nozzle_extrusion_normal_1187.jpg,train/images/nozzle_extrusion_normal_1137.jpg,0.822996,0.932269,1.000000,否
2,train/images/nozzle_extrusion_normal_1187.jpg,test/images/nozzle_extrusion_normal_1068.jpg,0.821716,0.936051,1.000000,否
2,train/images/nozzle_extrusion_normal_1187.jpg,train/images/nozzle_extrusion_normal_1114.jpg,0.781903,0.921375,1.000000,否
2,train/images/nozzle_extrusion_normal_1187.jpg,val/images/nozzle_extrusion_normal_1013.jpg,0.760416,0.714106,1.000000,否
2,train/images/nozzle_extrusion_normal_1187.jpg,test/images/nozzle_extrusion_normal_1216.jpg,0.762881,0.902354,1.000000,否
2,train/images/nozzle_extrusion_normal_1174.jpg,train/images/nozzle_extrusion_normal_1243.jpg,0.768436,0.760321,1.000000,否
2,train/images/nozzle_extrusion_normal_1174.jpg,train/images/nozzle_extrusion_normal_1027.jpg,0.743941,0.701023,1.000000,否
2,train/images/nozzle_extrusion_normal_1174.jpg,test/images/nozzle_extrusion_normal_1215.jpg,0.768489,0.732116,1.000000,否
2,train/images/nozzle_extrusion_normal_1174.jpg,train/images/nozzle_extrusion_normal_1148.jpg,0.815460,0.939187,1.000000,否
2,train/images/nozzle_extrusion_normal_1174.jpg,train/images/nozzle_extrusion_normal_1173.jpg,0.808085,0.956876,1.000000,否
2,train/images/nozzle_extrusion_normal_1174.jpg,test/images/nozzle_extrusion_normal_1099.jpg,0.808139,0.921611,1.000000,否
2,train/images/nozzle_extrusion_normal_1174.jpg,test/images/nozzle_extrusion_normal_1138.jpg,0.743736,0.730861,1.000000,否
2,train/images/nozzle_extrusion_normal_1174.jpg,test/images/nozzle_extrusion_normal_1115.jpg,0.722347,0.702083,1.000000,否
2,train/images/nozzle_extrusion_normal_1174.jpg,train/images/nozzle_extrusion_normal_0985.jpg,0.754557,0.688395,1.000000,否
2,train/images/nozzle_extrusion_normal_1174.jpg,train/images/nozzle_extrusion_normal_1228.jpg,0.795755,0.938316,1.000000,否
2,train/images/nozzle_extrusion_normal_1174.jpg,train/images/nozzle_extrusion_normal_1256.jpg,0.757864,0.910793,1.000000,否
2,train/images/nozzle_extrusion_normal_1174.jpg,train/images/nozzle_extrusion_normal_1091.jpg,0.762850,0.717666,1.000000,否
2,train/images/nozzle_extrusion_normal_1174.jpg,test/images/nozzle_extrusion_normal_0986.jpg,0.713020,0.662956,1.000000,否
2,train/images/nozzle_extrusion_normal_1174.jpg,test/images/nozzle_extrusion_normal_1033.jpg,0.803245,0.909217,1.000000,否
2,train/images/nozzle_extrusion_normal_1174.jpg,train/images/nozzle_extrusion_normal_1201.jpg,0.814447,0.939185,1.000000,否
2,train/images/nozzle_extrusion_normal_1174.jpg,train/images/nozzle_extrusion_normal_1046.jpg,0.751737,0.716219,1.000000,否
2,train/images/nozzle_extrusion_normal_1174.jpg,train/images/nozzle_extrusion_normal_1090.jpg,0.767041,0.741791,1.000000,否
2,train/images/nozzle_extrusion_normal_1174.jpg,val/images/nozzle_extrusion_normal_0944.jpg,0.738058,0.682292,1.000000,否
2,train/images/nozzle_extrusion_normal_1174.jpg,train/images/nozzle_extrusion_normal_1124.jpg,0.805662,0.935175,1.000000,否
2,train/images/nozzle_extrusion_normal_1174.jpg,train/images/nozzle_extrusion_normal_0951.jpg,0.773644,0.879942,1.000000,否
2,train/images/nozzle_extrusion_normal_1174.jpg,train/images/nozzle_extrusion_normal_1229.jpg,0.815464,0.941159,1.000000,否
2,train/images/nozzle_extrusion_normal_1174.jpg,test/images/nozzle_extrusion_normal_1005.jpg,0.739068,0.700438,1.000000,否
2,train/images/nozzle_extrusion_normal_1174.jpg,train/images/nozzle_extrusion_normal_1054.jpg,0.779593,0.872655,1.000000,否
2,train/images/nozzle_extrusion_normal_1174.jpg,val/images/nozzle_extrusion_normal_1006.jpg,0.715021,0.651593,1.000000,否
2,train/images/nozzle_extrusion_normal_1174.jpg,test/images/nozzle_extrusion_normal_1123.jpg,0.822463,0.921847,1.000000,否
2,train/images/nozzle_extrusion_normal_1174.jpg,train/images/nozzle_extrusion_normal_1199.jpg,0.780638,0.929186,1.000000,否
2,train/images/nozzle_extrusion_normal_1174.jpg,train/images/nozzle_extrusion_normal_1026.jpg,0.755233,0.730765,1.000000,否
2,train/images/nozzle_extrusion_normal_1174.jpg,val/images/nozzle_extrusion_normal_1113.jpg,0.745476,0.734544,1.000000,否
2,train/images/nozzle_extrusion_normal_1174.jpg,test/images/nozzle_extrusion_normal_0907.jpg,0.715175,0.678670,1.000000,否
2,train/images/nozzle_extrusion_normal_1174.jpg,train/images/nozzle_extrusion_normal_0972.jpg,0.769973,0.898744,1.000000,否
2,train/images/nozzle_extrusion_normal_1174.jpg,train/images/nozzle_extrusion_normal_1188.jpg,0.769253,0.749974,1.000000,否
2,train/images/nozzle_extrusion_normal_1174.jpg,train/images/nozzle_extrusion_normal_1047.jpg,0.763776,0.673226,1.000000,否
2,train/images/nozzle_extrusion_normal_1174.jpg,train/images/nozzle_extrusion_normal_1200.jpg,0.812078,0.945159,1.000000,否
2,train/images/nozzle_extrusion_normal_1174.jpg,train/images/nozzle_extrusion_normal_1137.jpg,0.763099,0.750080,1.000000,否
2,train/images/nozzle_extrusion_normal_1174.jpg,test/images/nozzle_extrusion_normal_1068.jpg,0.760280,0.750240,1.000000,否
2,train/images/nozzle_extrusion_normal_1174.jpg,train/images/nozzle_extrusion_normal_1114.jpg,0.735913,0.723035,1.000000,否
2,train/images/nozzle_extrusion_normal_1174.jpg,val/images/nozzle_extrusion_normal_1013.jpg,0.786812,0.897344,1.000000,否
2,train/images/nozzle_extrusion_normal_1174.jpg,test/images/nozzle_extrusion_normal_1216.jpg,0.758804,0.756845,1.000000,否
2,train/images/nozzle_extrusion_normal_1243.jpg,train/images/nozzle_extrusion_normal_1027.jpg,0.774181,0.882098,1.000000,否
2,train/images/nozzle_extrusion_normal_1243.jpg,test/images/nozzle_extrusion_normal_1215.jpg,0.814982,0.926031,1.000000,否
2,train/images/nozzle_extrusion_normal_1243.jpg,train/images/nozzle_extrusion_normal_1148.jpg,0.755369,0.758329,1.000000,否
2,train/images/nozzle_extrusion_normal_1243.jpg,train/images/nozzle_extrusion_normal_1173.jpg,0.737545,0.752430,1.000000,否
2,train/images/nozzle_extrusion_normal_1243.jpg,test/images/nozzle_extrusion_normal_1099.jpg,0.737046,0.756289,1.000000,否
2,train/images/nozzle_extrusion_normal_1243.jpg,test/images/nozzle_extrusion_normal_1138.jpg,0.773653,0.902357,1.000000,否
2,train/images/nozzle_extrusion_normal_1243.jpg,test/images/nozzle_extrusion_normal_1115.jpg,0.739164,0.873167,1.000000,否
2,train/images/nozzle_extrusion_normal_1243.jpg,train/images/nozzle_extrusion_normal_0985.jpg,0.752561,0.868771,1.000000,否
2,train/images/nozzle_extrusion_normal_1243.jpg,train/images/nozzle_extrusion_normal_1228.jpg,0.751554,0.759584,1.000000,否
2,train/images/nozzle_extrusion_normal_1243.jpg,train/images/nozzle_extrusion_normal_1256.jpg,0.739758,0.734709,1.000000,否
2,train/images/nozzle_extrusion_normal_1243.jpg,train/images/nozzle_extrusion_normal_1091.jpg,0.784895,0.899509,1.000000,否
2,train/images/nozzle_extrusion_normal_1243.jpg,test/images/nozzle_extrusion_normal_0986.jpg,0.703477,0.812599,1.000000,否
2,train/images/nozzle_extrusion_normal_1243.jpg,test/images/nozzle_extrusion_normal_1033.jpg,0.736710,0.741609,1.000000,否
2,train/images/nozzle_extrusion_normal_1243.jpg,train/images/nozzle_extrusion_normal_1201.jpg,0.759284,0.740870,1.000000,否
2,train/images/nozzle_extrusion_normal_1243.jpg,train/images/nozzle_extrusion_normal_1046.jpg,0.763340,0.914471,1.000000,否
2,train/images/nozzle_extrusion_normal_1243.jpg,train/images/nozzle_extrusion_normal_1090.jpg,0.775569,0.913588,1.000000,否
2,train/images/nozzle_extrusion_normal_1243.jpg,val/images/nozzle_extrusion_normal_0944.jpg,0.737123,0.871597,1.000000,否
2,train/images/nozzle_extrusion_normal_1243.jpg,train/images/nozzle_extrusion_normal_1124.jpg,0.747578,0.753803,1.000000,否
2,train/images/nozzle_extrusion_normal_1243.jpg,train/images/nozzle_extrusion_normal_0951.jpg,0.708210,0.746180,1.000000,否
2,train/images/nozzle_extrusion_normal_1243.jpg,train/images/nozzle_extrusion_normal_1229.jpg,0.775786,0.751020,1.000000,否
2,train/images/nozzle_extrusion_normal_1243.jpg,test/images/nozzle_extrusion_normal_1005.jpg,0.751418,0.889080,1.000000,否
2,train/images/nozzle_extrusion_normal_1243.jpg,train/images/nozzle_extrusion_normal_1054.jpg,0.731077,0.733781,1.000000,否
2,train/images/nozzle_extrusion_normal_1243.jpg,val/images/nozzle_extrusion_normal_1006.jpg,0.713502,0.813708,1.000000,否
2,train/images/nozzle_extrusion_normal_1243.jpg,test/images/nozzle_extrusion_normal_1123.jpg,0.741006,0.731293,1.000000,否
2,train/images/nozzle_extrusion_normal_1243.jpg,train/images/nozzle_extrusion_normal_1199.jpg,0.745187,0.739504,1.000000,否
2,train/images/nozzle_extrusion_normal_1243.jpg,train/images/nozzle_extrusion_normal_1026.jpg,0.781359,0.913900,1.000000,否
2,train/images/nozzle_extrusion_normal_1243.jpg,val/images/nozzle_extrusion_normal_1113.jpg,0.770550,0.918826,1.000000,否
2,train/images/nozzle_extrusion_normal_1243.jpg,test/images/nozzle_extrusion_normal_0907.jpg,0.734423,0.863611,1.000000,否
2,train/images/nozzle_extrusion_normal_1243.jpg,train/images/nozzle_extrusion_normal_0972.jpg,0.711445,0.736503,1.000000,否
2,train/images/nozzle_extrusion_normal_1243.jpg,train/images/nozzle_extrusion_normal_1188.jpg,0.803324,0.926954,1.000000,否
2,train/images/nozzle_extrusion_normal_1243.jpg,train/images/nozzle_extrusion_normal_1047.jpg,0.773625,0.846978,1.000000,否
2,train/images/nozzle_extrusion_normal_1243.jpg,train/images/nozzle_extrusion_normal_1200.jpg,0.745913,0.756681,1.000000,否
2,train/images/nozzle_extrusion_normal_1243.jpg,train/images/nozzle_extrusion_normal_1137.jpg,0.791563,0.921186,1.000000,否
2,train/images/nozzle_extrusion_normal_1243.jpg,test/images/nozzle_extrusion_normal_1068.jpg,0.782480,0.926477,1.000000,否
2,train/images/nozzle_extrusion_normal_1243.jpg,train/images/nozzle_extrusion_normal_1114.jpg,0.777354,0.911021,1.000000,否
2,train/images/nozzle_extrusion_normal_1243.jpg,val/images/nozzle_extrusion_normal_1013.jpg,0.729233,0.723330,1.000000,否
2,train/images/nozzle_extrusion_normal_1243.jpg,test/images/nozzle_extrusion_normal_1216.jpg,0.771879,0.909218,1.000000,否
2,train/images/nozzle_extrusion_normal_1027.jpg,test/images/nozzle_extrusion_normal_1215.jpg,0.776838,0.864398,1.000000,否
2,train/images/nozzle_extrusion_normal_1027.jpg,train/images/nozzle_extrusion_normal_1148.jpg,0.765929,0.706764,1.000000,否
2,train/images/nozzle_extrusion_normal_1027.jpg,train/images/nozzle_extrusion_normal_1173.jpg,0.764306,0.710296,1.000000,否
2,train/images/nozzle_extrusion_normal_1027.jpg,test/images/nozzle_extrusion_normal_1099.jpg,0.760158,0.713553,1.000000,否
2,train/images/nozzle_extrusion_normal_1027.jpg,test/images/nozzle_extrusion_normal_1138.jpg,0.790027,0.895894,1.000000,否
2,train/images/nozzle_extrusion_normal_1027.jpg,test/images/nozzle_extrusion_normal_1115.jpg,0.760488,0.922064,1.000000,否
2,train/images/nozzle_extrusion_normal_1027.jpg,train/images/nozzle_extrusion_normal_0985.jpg,0.827922,0.915948,1.000000,否
2,train/images/nozzle_extrusion_normal_1027.jpg,train/images/nozzle_extrusion_normal_1228.jpg,0.724489,0.705294,1.000000,否
2,train/images/nozzle_extrusion_normal_1027.jpg,train/images/nozzle_extrusion_normal_1256.jpg,0.691552,0.682964,1.000000,否
2,train/images/nozzle_extrusion_normal_1027.jpg,train/images/nozzle_extrusion_normal_1091.jpg,0.802200,0.928453,1.000000,否
2,train/images/nozzle_extrusion_normal_1027.jpg,test/images/nozzle_extrusion_normal_0986.jpg,0.741876,0.858112,1.000000,否
2,train/images/nozzle_extrusion_normal_1027.jpg,test/images/nozzle_extrusion_normal_1033.jpg,0.776580,0.703301,1.000000,否
2,train/images/nozzle_extrusion_normal_1027.jpg,train/images/nozzle_extrusion_normal_1201.jpg,0.746337,0.679401,1.000000,否
2,train/images/nozzle_extrusion_normal_1027.jpg,train/images/nozzle_extrusion_normal_1046.jpg,0.820267,0.911075,1.000000,否
2,train/images/nozzle_extrusion_normal_1027.jpg,train/images/nozzle_extrusion_normal_1090.jpg,0.809407,0.900209,1.000000,否
2,train/images/nozzle_extrusion_normal_1027.jpg,val/images/nozzle_extrusion_normal_0944.jpg,0.794698,0.907218,1.000000,否
2,train/images/nozzle_extrusion_normal_1027.jpg,train/images/nozzle_extrusion_normal_1124.jpg,0.745469,0.709225,1.000000,否
2,train/images/nozzle_extrusion_normal_1027.jpg,train/images/nozzle_extrusion_normal_0951.jpg,0.763915,0.726427,1.000000,否
2,train/images/nozzle_extrusion_normal_1027.jpg,train/images/nozzle_extrusion_normal_1229.jpg,0.745211,0.694927,1.000000,否
2,train/images/nozzle_extrusion_normal_1027.jpg,test/images/nozzle_extrusion_normal_1005.jpg,0.810210,0.935678,1.000000,否
2,train/images/nozzle_extrusion_normal_1027.jpg,train/images/nozzle_extrusion_normal_1054.jpg,0.776598,0.754016,1.000000,否
2,train/images/nozzle_extrusion_normal_1027.jpg,val/images/nozzle_extrusion_normal_1006.jpg,0.749667,0.869366,1.000000,否
2,train/images/nozzle_extrusion_normal_1027.jpg,test/images/nozzle_extrusion_normal_1123.jpg,0.763455,0.698602,1.000000,否
2,train/images/nozzle_extrusion_normal_1027.jpg,train/images/nozzle_extrusion_normal_1199.jpg,0.731132,0.711907,1.000000,否
2,train/images/nozzle_extrusion_normal_1027.jpg,train/images/nozzle_extrusion_normal_1026.jpg,0.815302,0.918969,1.000000,否
2,train/images/nozzle_extrusion_normal_1027.jpg,val/images/nozzle_extrusion_normal_1113.jpg,0.777674,0.892391,1.000000,否
2,train/images/nozzle_extrusion_normal_1027.jpg,test/images/nozzle_extrusion_normal_0907.jpg,0.777488,0.906719,1.000000,否
2,train/images/nozzle_extrusion_normal_1027.jpg,train/images/nozzle_extrusion_normal_0972.jpg,0.754662,0.709725,1.000000,否
2,train/images/nozzle_extrusion_normal_1027.jpg,train/images/nozzle_extrusion_normal_1188.jpg,0.789109,0.889695,1.000000,否
2,train/images/nozzle_extrusion_normal_1027.jpg,train/images/nozzle_extrusion_normal_1047.jpg,0.817025,0.912661,1.000000,否
2,train/images/nozzle_extrusion_normal_1027.jpg,train/images/nozzle_extrusion_normal_1200.jpg,0.758207,0.703642,1.000000,否
2,train/images/nozzle_extrusion_normal_1027.jpg,train/images/nozzle_extrusion_normal_1137.jpg,0.815470,0.882933,1.000000,否
2,train/images/nozzle_extrusion_normal_1027.jpg,test/images/nozzle_extrusion_normal_1068.jpg,0.796929,0.886995,1.000000,否
2,train/images/nozzle_extrusion_normal_1027.jpg,train/images/nozzle_extrusion_normal_1114.jpg,0.809053,0.897465,1.000000,否
2,train/images/nozzle_extrusion_normal_1027.jpg,val/images/nozzle_extrusion_normal_1013.jpg,0.764828,0.707917,1.000000,否
2,train/images/nozzle_extrusion_normal_1027.jpg,test/images/nozzle_extrusion_normal_1216.jpg,0.764118,0.868746,1.000000,否
2,test/images/nozzle_extrusion_normal_1215.jpg,train/images/nozzle_extrusion_normal_1148.jpg,0.764266,0.727896,1.000000,否
2,test/images/nozzle_extrusion_normal_1215.jpg,train/images/nozzle_extrusion_normal_1173.jpg,0.763322,0.734247,1.000000,否
2,test/images/nozzle_extrusion_normal_1215.jpg,test/images/nozzle_extrusion_normal_1099.jpg,0.744074,0.725995,1.000000,否
2,test/images/nozzle_extrusion_normal_1215.jpg,test/images/nozzle_extrusion_normal_1138.jpg,0.772816,0.901374,1.000000,否
2,test/images/nozzle_extrusion_normal_1215.jpg,test/images/nozzle_extrusion_normal_1115.jpg,0.738916,0.878320,1.000000,否
2,test/images/nozzle_extrusion_normal_1215.jpg,train/images/nozzle_extrusion_normal_0985.jpg,0.772194,0.869722,1.000000,否
2,test/images/nozzle_extrusion_normal_1215.jpg,train/images/nozzle_extrusion_normal_1228.jpg,0.750432,0.746947,1.000000,否
2,test/images/nozzle_extrusion_normal_1215.jpg,train/images/nozzle_extrusion_normal_1256.jpg,0.738227,0.719736,1.000000,否
2,test/images/nozzle_extrusion_normal_1215.jpg,train/images/nozzle_extrusion_normal_1091.jpg,0.781522,0.892567,1.000000,否
2,test/images/nozzle_extrusion_normal_1215.jpg,test/images/nozzle_extrusion_normal_0986.jpg,0.700827,0.816710,1.000000,否
2,test/images/nozzle_extrusion_normal_1215.jpg,test/images/nozzle_extrusion_normal_1033.jpg,0.732773,0.700535,1.000000,否
2,test/images/nozzle_extrusion_normal_1215.jpg,train/images/nozzle_extrusion_normal_1201.jpg,0.757346,0.722493,1.000000,否
2,test/images/nozzle_extrusion_normal_1215.jpg,train/images/nozzle_extrusion_normal_1046.jpg,0.778064,0.901603,1.000000,否
2,test/images/nozzle_extrusion_normal_1215.jpg,train/images/nozzle_extrusion_normal_1090.jpg,0.800981,0.906635,1.000000,否
2,test/images/nozzle_extrusion_normal_1215.jpg,val/images/nozzle_extrusion_normal_0944.jpg,0.755274,0.871876,1.000000,否
2,test/images/nozzle_extrusion_normal_1215.jpg,train/images/nozzle_extrusion_normal_1124.jpg,0.746089,0.720628,1.000000,否
2,test/images/nozzle_extrusion_normal_1215.jpg,train/images/nozzle_extrusion_normal_0951.jpg,0.715311,0.700819,1.000000,否
2,test/images/nozzle_extrusion_normal_1215.jpg,train/images/nozzle_extrusion_normal_1229.jpg,0.765617,0.730817,1.000000,否
2,test/images/nozzle_extrusion_normal_1215.jpg,test/images/nozzle_extrusion_normal_1005.jpg,0.776594,0.877434,1.000000,否
2,test/images/nozzle_extrusion_normal_1215.jpg,train/images/nozzle_extrusion_normal_1054.jpg,0.737319,0.705421,1.000000,否
2,test/images/nozzle_extrusion_normal_1215.jpg,val/images/nozzle_extrusion_normal_1006.jpg,0.723611,0.833389,1.000000,否
2,test/images/nozzle_extrusion_normal_1215.jpg,test/images/nozzle_extrusion_normal_1123.jpg,0.751839,0.696884,1.000000,否
2,test/images/nozzle_extrusion_normal_1215.jpg,train/images/nozzle_extrusion_normal_1199.jpg,0.745112,0.717998,1.000000,否
2,test/images/nozzle_extrusion_normal_1215.jpg,train/images/nozzle_extrusion_normal_1026.jpg,0.787104,0.899129,1.000000,否
2,test/images/nozzle_extrusion_normal_1215.jpg,val/images/nozzle_extrusion_normal_1113.jpg,0.793952,0.913232,1.000000,否
2,test/images/nozzle_extrusion_normal_1215.jpg,test/images/nozzle_extrusion_normal_0907.jpg,0.738106,0.870102,1.000000,否
2,test/images/nozzle_extrusion_normal_1215.jpg,train/images/nozzle_extrusion_normal_0972.jpg,0.712479,0.700016,1.000000,否
2,test/images/nozzle_extrusion_normal_1215.jpg,train/images/nozzle_extrusion_normal_1188.jpg,0.789358,0.930445,1.000000,否
2,test/images/nozzle_extrusion_normal_1215.jpg,train/images/nozzle_extrusion_normal_1047.jpg,0.773432,0.850629,1.000000,否
2,test/images/nozzle_extrusion_normal_1215.jpg,train/images/nozzle_extrusion_normal_1200.jpg,0.763232,0.734220,1.000000,否
2,test/images/nozzle_extrusion_normal_1215.jpg,train/images/nozzle_extrusion_normal_1137.jpg,0.804103,0.909759,1.000000,否
2,test/images/nozzle_extrusion_normal_1215.jpg,test/images/nozzle_extrusion_normal_1068.jpg,0.794102,0.909097,1.000000,否
2,test/images/nozzle_extrusion_normal_1215.jpg,train/images/nozzle_extrusion_normal_1114.jpg,0.778329,0.904845,1.000000,否
2,test/images/nozzle_extrusion_normal_1215.jpg,val/images/nozzle_extrusion_normal_1013.jpg,0.719257,0.677698,1.000000,否
2,test/images/nozzle_extrusion_normal_1215.jpg,test/images/nozzle_extrusion_normal_1216.jpg,0.773236,0.928082,1.000000,否
2,train/images/nozzle_extrusion_normal_1148.jpg,train/images/nozzle_extrusion_normal_1173.jpg,0.799844,0.935791,1.000000,否
2,train/images/nozzle_extrusion_normal_1148.jpg,test/images/nozzle_extrusion_normal_1099.jpg,0.811267,0.933832,1.000000,否
2,train/images/nozzle_extrusion_normal_1148.jpg,test/images/nozzle_extrusion_normal_1138.jpg,0.747293,0.735225,1.000000,否
2,train/images/nozzle_extrusion_normal_1148.jpg,test/images/nozzle_extrusion_normal_1115.jpg,0.717632,0.707261,1.000000,否
2,train/images/nozzle_extrusion_normal_1148.jpg,train/images/nozzle_extrusion_normal_0985.jpg,0.750639,0.683909,1.000000,否
2,train/images/nozzle_extrusion_normal_1148.jpg,train/images/nozzle_extrusion_normal_1228.jpg,0.777580,0.916029,1.000000,否
2,train/images/nozzle_extrusion_normal_1148.jpg,train/images/nozzle_extrusion_normal_1256.jpg,0.734581,0.894817,1.000000,否
2,train/images/nozzle_extrusion_normal_1148.jpg,train/images/nozzle_extrusion_normal_1091.jpg,0.767298,0.724195,1.000000,否
2,train/images/nozzle_extrusion_normal_1148.jpg,test/images/nozzle_extrusion_normal_0986.jpg,0.695857,0.652535,1.000000,否
2,train/images/nozzle_extrusion_normal_1148.jpg,test/images/nozzle_extrusion_normal_1033.jpg,0.809964,0.927792,1.000000,否
2,train/images/nozzle_extrusion_normal_1148.jpg,train/images/nozzle_extrusion_normal_1201.jpg,0.805392,0.922183,1.000000,否
2,train/images/nozzle_extrusion_normal_1148.jpg,train/images/nozzle_extrusion_normal_1046.jpg,0.746773,0.726075,1.000000,否
2,train/images/nozzle_extrusion_normal_1148.jpg,train/images/nozzle_extrusion_normal_1090.jpg,0.763555,0.749016,1.000000,否
2,train/images/nozzle_extrusion_normal_1148.jpg,val/images/nozzle_extrusion_normal_0944.jpg,0.726261,0.684290,1.000000,否
2,train/images/nozzle_extrusion_normal_1148.jpg,train/images/nozzle_extrusion_normal_1124.jpg,0.807082,0.946837,1.000000,否
2,train/images/nozzle_extrusion_normal_1148.jpg,train/images/nozzle_extrusion_normal_0951.jpg,0.774203,0.908002,1.000000,否
2,train/images/nozzle_extrusion_normal_1148.jpg,train/images/nozzle_extrusion_normal_1229.jpg,0.786597,0.915623,1.000000,否
2,train/images/nozzle_extrusion_normal_1148.jpg,test/images/nozzle_extrusion_normal_1005.jpg,0.742359,0.703146,1.000000,否
2,train/images/nozzle_extrusion_normal_1148.jpg,train/images/nozzle_extrusion_normal_1054.jpg,0.784753,0.868780,1.000000,否
2,train/images/nozzle_extrusion_normal_1148.jpg,val/images/nozzle_extrusion_normal_1006.jpg,0.707490,0.641643,1.000000,否
2,train/images/nozzle_extrusion_normal_1148.jpg,test/images/nozzle_extrusion_normal_1123.jpg,0.817580,0.934393,1.000000,否
2,train/images/nozzle_extrusion_normal_1148.jpg,train/images/nozzle_extrusion_normal_1199.jpg,0.778024,0.920170,1.000000,否
2,train/images/nozzle_extrusion_normal_1148.jpg,train/images/nozzle_extrusion_normal_1026.jpg,0.759043,0.740983,1.000000,否
2,train/images/nozzle_extrusion_normal_1148.jpg,val/images/nozzle_extrusion_normal_1113.jpg,0.741685,0.745914,1.000000,否
2,train/images/nozzle_extrusion_normal_1148.jpg,test/images/nozzle_extrusion_normal_0907.jpg,0.702955,0.680899,1.000000,否
2,train/images/nozzle_extrusion_normal_1148.jpg,train/images/nozzle_extrusion_normal_0972.jpg,0.775474,0.919901,1.000000,否
2,train/images/nozzle_extrusion_normal_1148.jpg,train/images/nozzle_extrusion_normal_1188.jpg,0.765186,0.750762,1.000000,否
2,train/images/nozzle_extrusion_normal_1148.jpg,train/images/nozzle_extrusion_normal_1047.jpg,0.747878,0.669437,1.000000,否
2,train/images/nozzle_extrusion_normal_1148.jpg,train/images/nozzle_extrusion_normal_1200.jpg,0.790861,0.942099,1.000000,否
2,train/images/nozzle_extrusion_normal_1148.jpg,train/images/nozzle_extrusion_normal_1137.jpg,0.769286,0.755517,1.000000,否
2,train/images/nozzle_extrusion_normal_1148.jpg,test/images/nozzle_extrusion_normal_1068.jpg,0.758495,0.762072,1.000000,否
2,train/images/nozzle_extrusion_normal_1148.jpg,train/images/nozzle_extrusion_normal_1114.jpg,0.738656,0.736700,1.000000,否
2,train/images/nozzle_extrusion_normal_1148.jpg,val/images/nozzle_extrusion_normal_1013.jpg,0.796980,0.913194,1.000000,否
2,train/images/nozzle_extrusion_normal_1148.jpg,test/images/nozzle_extrusion_normal_1216.jpg,0.737042,0.750471,1.000000,否
2,train/images/nozzle_extrusion_normal_1173.jpg,test/images/nozzle_extrusion_normal_1099.jpg,0.784102,0.921706,1.000000,否
2,train/images/nozzle_extrusion_normal_1173.jpg,test/images/nozzle_extrusion_normal_1138.jpg,0.755167,0.744608,1.000000,否
2,train/images/nozzle_extrusion_normal_1173.jpg,test/images/nozzle_extrusion_normal_1115.jpg,0.723938,0.717995,1.000000,否
2,train/images/nozzle_extrusion_normal_1173.jpg,train/images/nozzle_extrusion_normal_0985.jpg,0.762570,0.696426,1.000000,否
2,train/images/nozzle_extrusion_normal_1173.jpg,train/images/nozzle_extrusion_normal_1228.jpg,0.787012,0.935321,1.000000,否
2,train/images/nozzle_extrusion_normal_1173.jpg,train/images/nozzle_extrusion_normal_1256.jpg,0.770555,0.902197,1.000000,否
2,train/images/nozzle_extrusion_normal_1173.jpg,train/images/nozzle_extrusion_normal_1091.jpg,0.765741,0.734073,1.000000,否
2,train/images/nozzle_extrusion_normal_1173.jpg,test/images/nozzle_extrusion_normal_0986.jpg,0.708419,0.669471,1.000000,否
2,train/images/nozzle_extrusion_normal_1173.jpg,test/images/nozzle_extrusion_normal_1033.jpg,0.778870,0.909188,1.000000,否
2,train/images/nozzle_extrusion_normal_1173.jpg,train/images/nozzle_extrusion_normal_1201.jpg,0.813744,0.922020,1.000000,否
2,train/images/nozzle_extrusion_normal_1173.jpg,train/images/nozzle_extrusion_normal_1046.jpg,0.746944,0.723249,1.000000,否
2,train/images/nozzle_extrusion_normal_1173.jpg,train/images/nozzle_extrusion_normal_1090.jpg,0.768645,0.754945,1.000000,否
2,train/images/nozzle_extrusion_normal_1173.jpg,val/images/nozzle_extrusion_normal_0944.jpg,0.753367,0.689075,1.000000,否
2,train/images/nozzle_extrusion_normal_1173.jpg,train/images/nozzle_extrusion_normal_1124.jpg,0.772638,0.935193,1.000000,否
2,train/images/nozzle_extrusion_normal_1173.jpg,train/images/nozzle_extrusion_normal_0951.jpg,0.761820,0.884187,1.000000,否
2,train/images/nozzle_extrusion_normal_1173.jpg,train/images/nozzle_extrusion_normal_1229.jpg,0.807275,0.922329,1.000000,否
2,train/images/nozzle_extrusion_normal_1173.jpg,test/images/nozzle_extrusion_normal_1005.jpg,0.748867,0.709078,1.000000,否
2,train/images/nozzle_extrusion_normal_1173.jpg,train/images/nozzle_extrusion_normal_1054.jpg,0.789037,0.872694,1.000000,否
2,train/images/nozzle_extrusion_normal_1173.jpg,val/images/nozzle_extrusion_normal_1006.jpg,0.706376,0.657209,1.000000,否
2,train/images/nozzle_extrusion_normal_1173.jpg,test/images/nozzle_extrusion_normal_1123.jpg,0.803560,0.923027,1.000000,否
2,train/images/nozzle_extrusion_normal_1173.jpg,train/images/nozzle_extrusion_normal_1199.jpg,0.782259,0.932798,1.000000,否
2,train/images/nozzle_extrusion_normal_1173.jpg,train/images/nozzle_extrusion_normal_1026.jpg,0.748995,0.727090,1.000000,否
2,train/images/nozzle_extrusion_normal_1173.jpg,val/images/nozzle_extrusion_normal_1113.jpg,0.743791,0.738403,1.000000,否
2,train/images/nozzle_extrusion_normal_1173.jpg,test/images/nozzle_extrusion_normal_0907.jpg,0.731122,0.689050,1.000000,否
2,train/images/nozzle_extrusion_normal_1173.jpg,train/images/nozzle_extrusion_normal_0972.jpg,0.748565,0.898170,1.000000,否
2,train/images/nozzle_extrusion_normal_1173.jpg,train/images/nozzle_extrusion_normal_1188.jpg,0.747052,0.756799,1.000000,否
2,train/images/nozzle_extrusion_normal_1173.jpg,train/images/nozzle_extrusion_normal_1047.jpg,0.772385,0.683297,1.000000,否
2,train/images/nozzle_extrusion_normal_1173.jpg,train/images/nozzle_extrusion_normal_1200.jpg,0.803577,0.938895,1.000000,否
2,train/images/nozzle_extrusion_normal_1173.jpg,train/images/nozzle_extrusion_normal_1137.jpg,0.767529,0.748252,1.000000,否
2,train/images/nozzle_extrusion_normal_1173.jpg,test/images/nozzle_extrusion_normal_1068.jpg,0.751640,0.756988,1.000000,否
2,train/images/nozzle_extrusion_normal_1173.jpg,train/images/nozzle_extrusion_normal_1114.jpg,0.754303,0.736450,1.000000,否
2,train/images/nozzle_extrusion_normal_1173.jpg,val/images/nozzle_extrusion_normal_1013.jpg,0.754462,0.903316,1.000000,否
2,train/images/nozzle_extrusion_normal_1173.jpg,test/images/nozzle_extrusion_normal_1216.jpg,0.745556,0.755614,1.000000,否
2,test/images/nozzle_extrusion_normal_1099.jpg,test/images/nozzle_extrusion_normal_1138.jpg,0.740244,0.738998,1.000000,否
2,test/images/nozzle_extrusion_normal_1099.jpg,test/images/nozzle_extrusion_normal_1115.jpg,0.730694,0.709421,1.000000,否
2,test/images/nozzle_extrusion_normal_1099.jpg,train/images/nozzle_extrusion_normal_0985.jpg,0.744229,0.683731,1.000000,否
2,test/images/nozzle_extrusion_normal_1099.jpg,train/images/nozzle_extrusion_normal_1228.jpg,0.730391,0.904234,1.000000,否
2,test/images/nozzle_extrusion_normal_1099.jpg,train/images/nozzle_extrusion_normal_1256.jpg,0.713112,0.875949,1.000000,否
2,test/images/nozzle_extrusion_normal_1099.jpg,train/images/nozzle_extrusion_normal_1091.jpg,0.757379,0.728954,1.000000,否
2,test/images/nozzle_extrusion_normal_1099.jpg,test/images/nozzle_extrusion_normal_0986.jpg,0.687961,0.646018,1.000000,否
2,test/images/nozzle_extrusion_normal_1099.jpg,test/images/nozzle_extrusion_normal_1033.jpg,0.804597,0.937390,1.000000,否
2,test/images/nozzle_extrusion_normal_1099.jpg,train/images/nozzle_extrusion_normal_1201.jpg,0.788837,0.909278,1.000000,否
2,test/images/nozzle_extrusion_normal_1099.jpg,train/images/nozzle_extrusion_normal_1046.jpg,0.766456,0.743113,1.000000,否
2,test/images/nozzle_extrusion_normal_1099.jpg,train/images/nozzle_extrusion_normal_1090.jpg,0.758944,0.756979,1.000000,否
2,test/images/nozzle_extrusion_normal_1099.jpg,val/images/nozzle_extrusion_normal_0944.jpg,0.723702,0.678487,1.000000,否
2,test/images/nozzle_extrusion_normal_1099.jpg,train/images/nozzle_extrusion_normal_1124.jpg,0.814449,0.942249,1.000000,否
2,test/images/nozzle_extrusion_normal_1099.jpg,train/images/nozzle_extrusion_normal_0951.jpg,0.781804,0.908097,1.000000,否
2,test/images/nozzle_extrusion_normal_1099.jpg,train/images/nozzle_extrusion_normal_1229.jpg,0.774061,0.900736,1.000000,否
2,test/images/nozzle_extrusion_normal_1099.jpg,test/images/nozzle_extrusion_normal_1005.jpg,0.736359,0.717254,1.000000,否
2,test/images/nozzle_extrusion_normal_1099.jpg,train/images/nozzle_extrusion_normal_1054.jpg,0.781273,0.871759,1.000000,否
2,test/images/nozzle_extrusion_normal_1099.jpg,val/images/nozzle_extrusion_normal_1006.jpg,0.698528,0.638475,1.000000,否
2,test/images/nozzle_extrusion_normal_1099.jpg,test/images/nozzle_extrusion_normal_1123.jpg,0.814515,0.935776,1.000000,否
2,test/images/nozzle_extrusion_normal_1099.jpg,train/images/nozzle_extrusion_normal_1199.jpg,0.749469,0.904065,1.000000,否
2,test/images/nozzle_extrusion_normal_1099.jpg,train/images/nozzle_extrusion_normal_1026.jpg,0.764353,0.760509,1.000000,否
2,test/images/nozzle_extrusion_normal_1099.jpg,val/images/nozzle_extrusion_normal_1113.jpg,0.753634,0.756794,1.000000,否
2,test/images/nozzle_extrusion_normal_1099.jpg,test/images/nozzle_extrusion_normal_0907.jpg,0.693751,0.675448,1.000000,否
2,test/images/nozzle_extrusion_normal_1099.jpg,train/images/nozzle_extrusion_normal_0972.jpg,0.786010,0.923360,1.000000,否
2,test/images/nozzle_extrusion_normal_1099.jpg,train/images/nozzle_extrusion_normal_1188.jpg,0.753684,0.752728,1.000000,否
2,test/images/nozzle_extrusion_normal_1099.jpg,train/images/nozzle_extrusion_normal_1047.jpg,0.753577,0.671172,1.000000,否
2,test/images/nozzle_extrusion_normal_1099.jpg,train/images/nozzle_extrusion_normal_1200.jpg,0.783604,0.927887,1.000000,否
2,test/images/nozzle_extrusion_normal_1099.jpg,train/images/nozzle_extrusion_normal_1137.jpg,0.775041,0.756714,1.000000,否
2,test/images/nozzle_extrusion_normal_1099.jpg,test/images/nozzle_extrusion_normal_1068.jpg,0.770466,0.769576,1.000000,否
2,test/images/nozzle_extrusion_normal_1099.jpg,train/images/nozzle_extrusion_normal_1114.jpg,0.757908,0.745561,1.000000,否
2,test/images/nozzle_extrusion_normal_1099.jpg,val/images/nozzle_extrusion_normal_1013.jpg,0.806065,0.917014,1.000000,否
2,test/images/nozzle_extrusion_normal_1099.jpg,test/images/nozzle_extrusion_normal_1216.jpg,0.715498,0.743011,1.000000,否
2,test/images/nozzle_extrusion_normal_1138.jpg,test/images/nozzle_extrusion_normal_1115.jpg,0.782955,0.917631,1.000000,否
2,test/images/nozzle_extrusion_normal_1138.jpg,train/images/nozzle_extrusion_normal_0985.jpg,0.779039,0.893027,1.000000,否
2,test/images/nozzle_extrusion_normal_1138.jpg,train/images/nozzle_extrusion_normal_1228.jpg,0.763329,0.743172,1.000000,否
2,test/images/nozzle_extrusion_normal_1138.jpg,train/images/nozzle_extrusion_normal_1256.jpg,0.722523,0.711008,1.000000,否
2,test/images/nozzle_extrusion_normal_1138.jpg,train/images/nozzle_extrusion_normal_1091.jpg,0.827927,0.926697,1.000000,否
2,test/images/nozzle_extrusion_normal_1138.jpg,test/images/nozzle_extrusion_normal_0986.jpg,0.751252,0.835054,1.000000,否
2,test/images/nozzle_extrusion_normal_1138.jpg,test/images/nozzle_extrusion_normal_1033.jpg,0.729656,0.716244,1.000000,否
2,test/images/nozzle_extrusion_normal_1138.jpg,train/images/nozzle_extrusion_normal_1201.jpg,0.742485,0.704230,1.000000,否
2,test/images/nozzle_extrusion_normal_1138.jpg,train/images/nozzle_extrusion_normal_1046.jpg,0.764583,0.917000,1.000000,否
2,test/images/nozzle_extrusion_normal_1138.jpg,train/images/nozzle_extrusion_normal_1090.jpg,0.790979,0.932851,1.000000,否
2,test/images/nozzle_extrusion_normal_1138.jpg,val/images/nozzle_extrusion_normal_0944.jpg,0.756302,0.892467,1.000000,否
2,test/images/nozzle_extrusion_normal_1138.jpg,train/images/nozzle_extrusion_normal_1124.jpg,0.747738,0.729654,1.000000,否
2,test/images/nozzle_extrusion_normal_1138.jpg,train/images/nozzle_extrusion_normal_0951.jpg,0.718566,0.719424,1.000000,否
2,test/images/nozzle_extrusion_normal_1138.jpg,train/images/nozzle_extrusion_normal_1229.jpg,0.742877,0.721822,1.000000,否
2,test/images/nozzle_extrusion_normal_1138.jpg,test/images/nozzle_extrusion_normal_1005.jpg,0.765778,0.904725,1.000000,否
2,test/images/nozzle_extrusion_normal_1138.jpg,train/images/nozzle_extrusion_normal_1054.jpg,0.764074,0.750936,1.000000,否
2,test/images/nozzle_extrusion_normal_1138.jpg,val/images/nozzle_extrusion_normal_1006.jpg,0.780579,0.844115,1.000000,否
2,test/images/nozzle_extrusion_normal_1138.jpg,test/images/nozzle_extrusion_normal_1123.jpg,0.763800,0.721980,1.000000,否
2,test/images/nozzle_extrusion_normal_1138.jpg,train/images/nozzle_extrusion_normal_1199.jpg,0.787520,0.742003,1.000000,否
2,test/images/nozzle_extrusion_normal_1138.jpg,train/images/nozzle_extrusion_normal_1026.jpg,0.760864,0.899900,1.000000,否
2,test/images/nozzle_extrusion_normal_1138.jpg,val/images/nozzle_extrusion_normal_1113.jpg,0.751779,0.918566,1.000000,否
2,test/images/nozzle_extrusion_normal_1138.jpg,test/images/nozzle_extrusion_normal_0907.jpg,0.724985,0.874809,1.000000,否
2,test/images/nozzle_extrusion_normal_1138.jpg,train/images/nozzle_extrusion_normal_0972.jpg,0.718196,0.705078,1.000000,否
2,test/images/nozzle_extrusion_normal_1138.jpg,train/images/nozzle_extrusion_normal_1188.jpg,0.831812,0.925805,1.000000,否
2,test/images/nozzle_extrusion_normal_1138.jpg,train/images/nozzle_extrusion_normal_1047.jpg,0.820048,0.884047,1.000000,否
2,test/images/nozzle_extrusion_normal_1138.jpg,train/images/nozzle_extrusion_normal_1200.jpg,0.749146,0.728368,1.000000,否
2,test/images/nozzle_extrusion_normal_1138.jpg,train/images/nozzle_extrusion_normal_1137.jpg,0.802010,0.919111,1.000000,否
2,test/images/nozzle_extrusion_normal_1138.jpg,test/images/nozzle_extrusion_normal_1068.jpg,0.774551,0.919241,1.000000,否
2,test/images/nozzle_extrusion_normal_1138.jpg,train/images/nozzle_extrusion_normal_1114.jpg,0.787276,0.924045,1.000000,否
2,test/images/nozzle_extrusion_normal_1138.jpg,val/images/nozzle_extrusion_normal_1013.jpg,0.724341,0.706736,1.000000,否
2,test/images/nozzle_extrusion_normal_1138.jpg,test/images/nozzle_extrusion_normal_1216.jpg,0.809957,0.905528,1.000000,否
2,test/images/nozzle_extrusion_normal_1115.jpg,train/images/nozzle_extrusion_normal_0985.jpg,0.751982,0.899184,1.000000,否
2,test/images/nozzle_extrusion_normal_1115.jpg,train/images/nozzle_extrusion_normal_1228.jpg,0.744763,0.709453,1.000000,否
2,test/images/nozzle_extrusion_normal_1115.jpg,train/images/nozzle_extrusion_normal_1256.jpg,0.704659,0.679658,1.000000,否
2,test/images/nozzle_extrusion_normal_1115.jpg,train/images/nozzle_extrusion_normal_1091.jpg,0.794826,0.929354,1.000000,否
2,test/images/nozzle_extrusion_normal_1115.jpg,test/images/nozzle_extrusion_normal_0986.jpg,0.759510,0.861066,1.000000,否
2,test/images/nozzle_extrusion_normal_1115.jpg,test/images/nozzle_extrusion_normal_1033.jpg,0.718456,0.693424,1.000000,否
2,test/images/nozzle_extrusion_normal_1115.jpg,train/images/nozzle_extrusion_normal_1201.jpg,0.707888,0.680878,1.000000,否
2,test/images/nozzle_extrusion_normal_1115.jpg,train/images/nozzle_extrusion_normal_1046.jpg,0.748971,0.895703,1.000000,否
2,test/images/nozzle_extrusion_normal_1115.jpg,train/images/nozzle_extrusion_normal_1090.jpg,0.756758,0.903299,1.000000,否
2,test/images/nozzle_extrusion_normal_1115.jpg,val/images/nozzle_extrusion_normal_0944.jpg,0.749002,0.898466,1.000000,否
2,test/images/nozzle_extrusion_normal_1115.jpg,train/images/nozzle_extrusion_normal_1124.jpg,0.698742,0.702906,1.000000,否
2,test/images/nozzle_extrusion_normal_1115.jpg,train/images/nozzle_extrusion_normal_0951.jpg,0.699562,0.692818,1.000000,否
2,test/images/nozzle_extrusion_normal_1115.jpg,train/images/nozzle_extrusion_normal_1229.jpg,0.712777,0.691056,1.000000,否
2,test/images/nozzle_extrusion_normal_1115.jpg,test/images/nozzle_extrusion_normal_1005.jpg,0.741515,0.917142,1.000000,否
2,test/images/nozzle_extrusion_normal_1115.jpg,train/images/nozzle_extrusion_normal_1054.jpg,0.742446,0.745536,1.000000,否
2,test/images/nozzle_extrusion_normal_1115.jpg,val/images/nozzle_extrusion_normal_1006.jpg,0.782288,0.876044,1.000000,否
2,test/images/nozzle_extrusion_normal_1115.jpg,test/images/nozzle_extrusion_normal_1123.jpg,0.721480,0.698863,1.000000,否
2,test/images/nozzle_extrusion_normal_1115.jpg,train/images/nozzle_extrusion_normal_1199.jpg,0.754097,0.716002,1.000000,否
2,test/images/nozzle_extrusion_normal_1115.jpg,train/images/nozzle_extrusion_normal_1026.jpg,0.725837,0.886777,1.000000,否
2,test/images/nozzle_extrusion_normal_1115.jpg,val/images/nozzle_extrusion_normal_1113.jpg,0.749060,0.897866,1.000000,否
2,test/images/nozzle_extrusion_normal_1115.jpg,test/images/nozzle_extrusion_normal_0907.jpg,0.730561,0.899732,1.000000,否
2,test/images/nozzle_extrusion_normal_1115.jpg,train/images/nozzle_extrusion_normal_0972.jpg,0.700543,0.685017,1.000000,否
2,test/images/nozzle_extrusion_normal_1115.jpg,train/images/nozzle_extrusion_normal_1188.jpg,0.793374,0.896461,1.000000,否
2,test/images/nozzle_extrusion_normal_1115.jpg,train/images/nozzle_extrusion_normal_1047.jpg,0.797089,0.908795,1.000000,否
2,test/images/nozzle_extrusion_normal_1115.jpg,train/images/nozzle_extrusion_normal_1200.jpg,0.709662,0.699385,1.000000,否
2,test/images/nozzle_extrusion_normal_1115.jpg,train/images/nozzle_extrusion_normal_1137.jpg,0.747339,0.883047,1.000000,否
2,test/images/nozzle_extrusion_normal_1115.jpg,test/images/nozzle_extrusion_normal_1068.jpg,0.741959,0.888446,1.000000,否
2,test/images/nozzle_extrusion_normal_1115.jpg,train/images/nozzle_extrusion_normal_1114.jpg,0.780041,0.913737,1.000000,否
2,test/images/nozzle_extrusion_normal_1115.jpg,val/images/nozzle_extrusion_normal_1013.jpg,0.706899,0.688694,1.000000,否
2,test/images/nozzle_extrusion_normal_1115.jpg,test/images/nozzle_extrusion_normal_1216.jpg,0.779827,0.881524,1.000000,否
2,train/images/nozzle_extrusion_normal_0985.jpg,train/images/nozzle_extrusion_normal_1228.jpg,0.720462,0.709605,1.000000,否
2,train/images/nozzle_extrusion_normal_0985.jpg,train/images/nozzle_extrusion_normal_1256.jpg,0.707338,0.689842,1.000000,否
2,train/images/nozzle_extrusion_normal_0985.jpg,train/images/nozzle_extrusion_normal_1091.jpg,0.799075,0.903968,1.000000,否
2,train/images/nozzle_extrusion_normal_0985.jpg,test/images/nozzle_extrusion_normal_0986.jpg,0.755292,0.894631,1.000000,否
2,train/images/nozzle_extrusion_normal_0985.jpg,test/images/nozzle_extrusion_normal_1033.jpg,0.753784,0.675321,1.000000,否
2,train/images/nozzle_extrusion_normal_0985.jpg,train/images/nozzle_extrusion_normal_1201.jpg,0.741384,0.673320,1.000000,否
2,train/images/nozzle_extrusion_normal_0985.jpg,train/images/nozzle_extrusion_normal_1046.jpg,0.796565,0.896865,1.000000,否
2,train/images/nozzle_extrusion_normal_0985.jpg,train/images/nozzle_extrusion_normal_1090.jpg,0.798963,0.887365,1.000000,否
2,train/images/nozzle_extrusion_normal_0985.jpg,val/images/nozzle_extrusion_normal_0944.jpg,0.826821,0.932257,1.000000,否
2,train/images/nozzle_extrusion_normal_0985.jpg,train/images/nozzle_extrusion_normal_1124.jpg,0.725715,0.689470,1.000000,否
2,train/images/nozzle_extrusion_normal_0985.jpg,train/images/nozzle_extrusion_normal_0951.jpg,0.763830,0.699467,1.000000,否
2,train/images/nozzle_extrusion_normal_0985.jpg,train/images/nozzle_extrusion_normal_1229.jpg,0.750207,0.685719,1.000000,否
2,train/images/nozzle_extrusion_normal_0985.jpg,test/images/nozzle_extrusion_normal_1005.jpg,0.829925,0.925462,1.000000,否
2,train/images/nozzle_extrusion_normal_0985.jpg,train/images/nozzle_extrusion_normal_1054.jpg,0.767391,0.734690,1.000000,否
2,train/images/nozzle_extrusion_normal_0985.jpg,val/images/nozzle_extrusion_normal_1006.jpg,0.762788,0.884541,1.000000,否
2,train/images/nozzle_extrusion_normal_0985.jpg,test/images/nozzle_extrusion_normal_1123.jpg,0.743069,0.673265,1.000000,否
2,train/images/nozzle_extrusion_normal_0985.jpg,train/images/nozzle_extrusion_normal_1199.jpg,0.740839,0.694535,1.000000,否
2,train/images/nozzle_extrusion_normal_0985.jpg,train/images/nozzle_extrusion_normal_1026.jpg,0.809403,0.878501,1.000000,否
2,train/images/nozzle_extrusion_normal_0985.jpg,val/images/nozzle_extrusion_normal_1113.jpg,0.768611,0.874564,1.000000,否
2,train/images/nozzle_extrusion_normal_0985.jpg,test/images/nozzle_extrusion_normal_0907.jpg,0.800316,0.922224,1.000000,否
2,train/images/nozzle_extrusion_normal_0985.jpg,train/images/nozzle_extrusion_normal_0972.jpg,0.760090,0.693826,1.000000,否
2,train/images/nozzle_extrusion_normal_0985.jpg,train/images/nozzle_extrusion_normal_1188.jpg,0.785833,0.884262,1.000000,否
2,train/images/nozzle_extrusion_normal_0985.jpg,train/images/nozzle_extrusion_normal_1047.jpg,0.800837,0.915360,1.000000,否
2,train/images/nozzle_extrusion_normal_0985.jpg,train/images/nozzle_extrusion_normal_1200.jpg,0.741968,0.687555,1.000000,否
2,train/images/nozzle_extrusion_normal_0985.jpg,train/images/nozzle_extrusion_normal_1137.jpg,0.806690,0.862456,1.000000,否
2,train/images/nozzle_extrusion_normal_0985.jpg,test/images/nozzle_extrusion_normal_1068.jpg,0.790017,0.875810,1.000000,否
2,train/images/nozzle_extrusion_normal_0985.jpg,train/images/nozzle_extrusion_normal_1114.jpg,0.789391,0.885056,1.000000,否
2,train/images/nozzle_extrusion_normal_0985.jpg,val/images/nozzle_extrusion_normal_1013.jpg,0.756105,0.690351,1.000000,否
2,train/images/nozzle_extrusion_normal_0985.jpg,test/images/nozzle_extrusion_normal_1216.jpg,0.770733,0.866825,1.000000,否
2,train/images/nozzle_extrusion_normal_1228.jpg,train/images/nozzle_extrusion_normal_1256.jpg,0.792388,0.933167,1.000000,否
2,train/images/nozzle_extrusion_normal_1228.jpg,train/images/nozzle_extrusion_normal_1091.jpg,0.760184,0.727205,1.000000,否
2,train/images/nozzle_extrusion_normal_1228.jpg,test/images/nozzle_extrusion_normal_0986.jpg,0.723727,0.681800,1.000000,否
2,train/images/nozzle_extrusion_normal_1228.jpg,test/images/nozzle_extrusion_normal_1033.jpg,0.743424,0.881102,1.000000,否
2,train/images/nozzle_extrusion_normal_1228.jpg,train/images/nozzle_extrusion_normal_1201.jpg,0.770690,0.929134,1.000000,否
2,train/images/nozzle_extrusion_normal_1228.jpg,train/images/nozzle_extrusion_normal_1046.jpg,0.704109,0.719659,1.000000,否
2,train/images/nozzle_extrusion_normal_1228.jpg,train/images/nozzle_extrusion_normal_1090.jpg,0.729048,0.750364,1.000000,否
2,train/images/nozzle_extrusion_normal_1228.jpg,val/images/nozzle_extrusion_normal_0944.jpg,0.710150,0.702696,1.000000,否
2,train/images/nozzle_extrusion_normal_1228.jpg,train/images/nozzle_extrusion_normal_1124.jpg,0.747354,0.905680,1.000000,否
2,train/images/nozzle_extrusion_normal_1228.jpg,train/images/nozzle_extrusion_normal_0951.jpg,0.711587,0.871733,1.000000,否
2,train/images/nozzle_extrusion_normal_1228.jpg,train/images/nozzle_extrusion_normal_1229.jpg,0.795097,0.964853,1.000000,否
2,train/images/nozzle_extrusion_normal_1228.jpg,test/images/nozzle_extrusion_normal_1005.jpg,0.713767,0.721041,1.000000,否
2,train/images/nozzle_extrusion_normal_1228.jpg,train/images/nozzle_extrusion_normal_1054.jpg,0.774945,0.881102,1.000000,否
2,train/images/nozzle_extrusion_normal_1228.jpg,val/images/nozzle_extrusion_normal_1006.jpg,0.737194,0.666666,1.000000,否
2,train/images/nozzle_extrusion_normal_1228.jpg,test/images/nozzle_extrusion_normal_1123.jpg,0.752766,0.892357,1.000000,否
2,train/images/nozzle_extrusion_normal_1228.jpg,train/images/nozzle_extrusion_normal_1199.jpg,0.818771,0.936325,1.000000,否
2,train/images/nozzle_extrusion_normal_1228.jpg,train/images/nozzle_extrusion_normal_1026.jpg,0.696802,0.731599,1.000000,否
2,train/images/nozzle_extrusion_normal_1228.jpg,val/images/nozzle_extrusion_normal_1113.jpg,0.697274,0.734811,1.000000,否
2,train/images/nozzle_extrusion_normal_1228.jpg,test/images/nozzle_extrusion_normal_0907.jpg,0.712794,0.695623,1.000000,否
2,train/images/nozzle_extrusion_normal_1228.jpg,train/images/nozzle_extrusion_normal_0972.jpg,0.703179,0.880154,1.000000,否
2,train/images/nozzle_extrusion_normal_1228.jpg,train/images/nozzle_extrusion_normal_1188.jpg,0.788163,0.759443,1.000000,否
2,train/images/nozzle_extrusion_normal_1228.jpg,train/images/nozzle_extrusion_normal_1047.jpg,0.752282,0.686005,1.000000,否
2,train/images/nozzle_extrusion_normal_1228.jpg,train/images/nozzle_extrusion_normal_1200.jpg,0.779329,0.934631,1.000000,否
2,train/images/nozzle_extrusion_normal_1228.jpg,train/images/nozzle_extrusion_normal_1137.jpg,0.742025,0.737585,1.000000,否
2,train/images/nozzle_extrusion_normal_1228.jpg,test/images/nozzle_extrusion_normal_1068.jpg,0.710958,0.752237,1.000000,否
2,train/images/nozzle_extrusion_normal_1228.jpg,train/images/nozzle_extrusion_normal_1114.jpg,0.717928,0.726450,1.000000,否
2,train/images/nozzle_extrusion_normal_1228.jpg,val/images/nozzle_extrusion_normal_1013.jpg,0.715499,0.879547,1.000000,否
2,train/images/nozzle_extrusion_normal_1228.jpg,test/images/nozzle_extrusion_normal_1216.jpg,0.778887,0.776978,1.000000,否
2,train/images/nozzle_extrusion_normal_1256.jpg,train/images/nozzle_extrusion_normal_1091.jpg,0.741214,0.692653,1.000000,否
2,train/images/nozzle_extrusion_normal_1256.jpg,test/images/nozzle_extrusion_normal_0986.jpg,0.685770,0.676699,1.000000,否
2,train/images/nozzle_extrusion_normal_1256.jpg,test/images/nozzle_extrusion_normal_1033.jpg,0.707082,0.856287,1.000000,否
2,train/images/nozzle_extrusion_normal_1256.jpg,train/images/nozzle_extrusion_normal_1201.jpg,0.778893,0.917036,1.000000,否
2,train/images/nozzle_extrusion_normal_1256.jpg,train/images/nozzle_extrusion_normal_1046.jpg,0.693464,0.685255,1.000000,否
2,train/images/nozzle_extrusion_normal_1256.jpg,train/images/nozzle_extrusion_normal_1090.jpg,0.704900,0.720512,1.000000,否
2,train/images/nozzle_extrusion_normal_1256.jpg,val/images/nozzle_extrusion_normal_0944.jpg,0.709584,0.690769,1.000000,否
2,train/images/nozzle_extrusion_normal_1256.jpg,train/images/nozzle_extrusion_normal_1124.jpg,0.708696,0.877935,1.000000,否
2,train/images/nozzle_extrusion_normal_1256.jpg,train/images/nozzle_extrusion_normal_0951.jpg,0.691544,0.847358,1.000000,否
2,train/images/nozzle_extrusion_normal_1256.jpg,train/images/nozzle_extrusion_normal_1229.jpg,0.808444,0.930774,1.000000,否
2,train/images/nozzle_extrusion_normal_1256.jpg,test/images/nozzle_extrusion_normal_1005.jpg,0.689828,0.691541,1.000000,否
2,train/images/nozzle_extrusion_normal_1256.jpg,train/images/nozzle_extrusion_normal_1054.jpg,0.728435,0.847270,1.000000,否
2,train/images/nozzle_extrusion_normal_1256.jpg,val/images/nozzle_extrusion_normal_1006.jpg,0.706512,0.657340,1.000000,否
2,train/images/nozzle_extrusion_normal_1256.jpg,test/images/nozzle_extrusion_normal_1123.jpg,0.738497,0.865692,1.000000,否
2,train/images/nozzle_extrusion_normal_1256.jpg,train/images/nozzle_extrusion_normal_1199.jpg,0.783144,0.920076,1.000000,否
2,train/images/nozzle_extrusion_normal_1256.jpg,train/images/nozzle_extrusion_normal_1026.jpg,0.678298,0.709076,1.000000,否
2,train/images/nozzle_extrusion_normal_1256.jpg,val/images/nozzle_extrusion_normal_1113.jpg,0.663709,0.695245,1.000000,否
2,train/images/nozzle_extrusion_normal_1256.jpg,test/images/nozzle_extrusion_normal_0907.jpg,0.689522,0.680985,1.000000,否
2,train/images/nozzle_extrusion_normal_1256.jpg,train/images/nozzle_extrusion_normal_0972.jpg,0.687572,0.848888,1.000000,否
2,train/images/nozzle_extrusion_normal_1256.jpg,train/images/nozzle_extrusion_normal_1188.jpg,0.747066,0.729001,1.000000,否
2,train/images/nozzle_extrusion_normal_1256.jpg,train/images/nozzle_extrusion_normal_1047.jpg,0.731160,0.665866,1.000000,否
2,train/images/nozzle_extrusion_normal_1256.jpg,train/images/nozzle_extrusion_normal_1200.jpg,0.771041,0.919979,1.000000,否
2,train/images/nozzle_extrusion_normal_1256.jpg,train/images/nozzle_extrusion_normal_1137.jpg,0.712074,0.713516,1.000000,否
2,train/images/nozzle_extrusion_normal_1256.jpg,test/images/nozzle_extrusion_normal_1068.jpg,0.682404,0.719962,1.000000,否
2,train/images/nozzle_extrusion_normal_1256.jpg,train/images/nozzle_extrusion_normal_1114.jpg,0.695498,0.681836,1.000000,否
2,train/images/nozzle_extrusion_normal_1256.jpg,val/images/nozzle_extrusion_normal_1013.jpg,0.697062,0.844755,1.000000,否
2,train/images/nozzle_extrusion_normal_1256.jpg,test/images/nozzle_extrusion_normal_1216.jpg,0.738011,0.763602,1.000000,否
2,train/images/nozzle_extrusion_normal_1091.jpg,test/images/nozzle_extrusion_normal_0986.jpg,0.754064,0.848444,1.000000,否
2,train/images/nozzle_extrusion_normal_1091.jpg,test/images/nozzle_extrusion_normal_1033.jpg,0.747675,0.706939,1.000000,否
2,train/images/nozzle_extrusion_normal_1091.jpg,train/images/nozzle_extrusion_normal_1201.jpg,0.745679,0.691612,1.000000,否
2,train/images/nozzle_extrusion_normal_1091.jpg,train/images/nozzle_extrusion_normal_1046.jpg,0.797788,0.926538,1.000000,否
2,train/images/nozzle_extrusion_normal_1091.jpg,train/images/nozzle_extrusion_normal_1090.jpg,0.805295,0.949265,1.000000,否
2,train/images/nozzle_extrusion_normal_1091.jpg,val/images/nozzle_extrusion_normal_0944.jpg,0.785059,0.907383,1.000000,否
2,train/images/nozzle_extrusion_normal_1091.jpg,train/images/nozzle_extrusion_normal_1124.jpg,0.751119,0.719533,1.000000,否
2,train/images/nozzle_extrusion_normal_1091.jpg,train/images/nozzle_extrusion_normal_0951.jpg,0.745512,0.720811,1.000000,否
2,train/images/nozzle_extrusion_normal_1091.jpg,train/images/nozzle_extrusion_normal_1229.jpg,0.762787,0.706112,1.000000,否
2,train/images/nozzle_extrusion_normal_1091.jpg,test/images/nozzle_extrusion_normal_1005.jpg,0.783486,0.931081,1.000000,否
2,train/images/nozzle_extrusion_normal_1091.jpg,train/images/nozzle_extrusion_normal_1054.jpg,0.794114,0.759927,1.000000,否
2,train/images/nozzle_extrusion_normal_1091.jpg,val/images/nozzle_extrusion_normal_1006.jpg,0.768739,0.856893,1.000000,否
2,train/images/nozzle_extrusion_normal_1091.jpg,test/images/nozzle_extrusion_normal_1123.jpg,0.780062,0.711171,1.000000,否
2,train/images/nozzle_extrusion_normal_1091.jpg,train/images/nozzle_extrusion_normal_1199.jpg,0.766098,0.731363,1.000000,否
2,train/images/nozzle_extrusion_normal_1091.jpg,train/images/nozzle_extrusion_normal_1026.jpg,0.781261,0.913214,1.000000,否
2,train/images/nozzle_extrusion_normal_1091.jpg,val/images/nozzle_extrusion_normal_1113.jpg,0.770195,0.918198,1.000000,否
2,train/images/nozzle_extrusion_normal_1091.jpg,test/images/nozzle_extrusion_normal_0907.jpg,0.756252,0.902932,1.000000,否
2,train/images/nozzle_extrusion_normal_1091.jpg,train/images/nozzle_extrusion_normal_0972.jpg,0.738390,0.708028,1.000000,否
2,train/images/nozzle_extrusion_normal_1091.jpg,train/images/nozzle_extrusion_normal_1188.jpg,0.826037,0.912707,1.000000,否
2,train/images/nozzle_extrusion_normal_1091.jpg,train/images/nozzle_extrusion_normal_1047.jpg,0.845767,0.909233,1.000000,否
2,train/images/nozzle_extrusion_normal_1091.jpg,train/images/nozzle_extrusion_normal_1200.jpg,0.748370,0.719730,1.000000,否
2,train/images/nozzle_extrusion_normal_1091.jpg,train/images/nozzle_extrusion_normal_1137.jpg,0.807003,0.903589,1.000000,否
2,train/images/nozzle_extrusion_normal_1091.jpg,test/images/nozzle_extrusion_normal_1068.jpg,0.779737,0.913090,1.000000,否
2,train/images/nozzle_extrusion_normal_1091.jpg,train/images/nozzle_extrusion_normal_1114.jpg,0.807157,0.922998,1.000000,否
2,train/images/nozzle_extrusion_normal_1091.jpg,val/images/nozzle_extrusion_normal_1013.jpg,0.752756,0.712162,1.000000,否
2,train/images/nozzle_extrusion_normal_1091.jpg,test/images/nozzle_extrusion_normal_1216.jpg,0.795886,0.890559,1.000000,否
2,test/images/nozzle_extrusion_normal_0986.jpg,test/images/nozzle_extrusion_normal_1033.jpg,0.699902,0.641724,1.000000,否
2,test/images/nozzle_extrusion_normal_0986.jpg,train/images/nozzle_extrusion_normal_1201.jpg,0.697603,0.648871,1.000000,否
2,test/images/nozzle_extrusion_normal_0986.jpg,train/images/nozzle_extrusion_normal_1046.jpg,0.718855,0.825823,1.000000,否
2,test/images/nozzle_extrusion_normal_0986.jpg,train/images/nozzle_extrusion_normal_1090.jpg,0.712659,0.821303,1.000000,否
2,test/images/nozzle_extrusion_normal_0986.jpg,val/images/nozzle_extrusion_normal_0944.jpg,0.747744,0.873672,1.000000,否
2,test/images/nozzle_extrusion_normal_0986.jpg,train/images/nozzle_extrusion_normal_1124.jpg,0.678995,0.653694,1.000000,否
2,test/images/nozzle_extrusion_normal_0986.jpg,train/images/nozzle_extrusion_normal_0951.jpg,0.705729,0.661601,1.000000,否
2,test/images/nozzle_extrusion_normal_0986.jpg,train/images/nozzle_extrusion_normal_1229.jpg,0.711470,0.655015,1.000000,否
2,test/images/nozzle_extrusion_normal_0986.jpg,test/images/nozzle_extrusion_normal_1005.jpg,0.742086,0.867018,1.000000,否
2,test/images/nozzle_extrusion_normal_0986.jpg,train/images/nozzle_extrusion_normal_1054.jpg,0.721383,0.709227,1.000000,否
2,test/images/nozzle_extrusion_normal_0986.jpg,val/images/nozzle_extrusion_normal_1006.jpg,0.808432,0.926336,1.000000,否
2,test/images/nozzle_extrusion_normal_0986.jpg,test/images/nozzle_extrusion_normal_1123.jpg,0.708347,0.632370,1.000000,否
2,test/images/nozzle_extrusion_normal_0986.jpg,train/images/nozzle_extrusion_normal_1199.jpg,0.729967,0.673652,1.000000,否
2,test/images/nozzle_extrusion_normal_0986.jpg,train/images/nozzle_extrusion_normal_1026.jpg,0.724180,0.813101,1.000000,否
2,test/images/nozzle_extrusion_normal_0986.jpg,val/images/nozzle_extrusion_normal_1113.jpg,0.699007,0.809285,1.000000,否
2,test/images/nozzle_extrusion_normal_0986.jpg,test/images/nozzle_extrusion_normal_0907.jpg,0.727929,0.898352,1.000000,否
2,test/images/nozzle_extrusion_normal_0986.jpg,train/images/nozzle_extrusion_normal_0972.jpg,0.691414,0.649732,1.000000,否
2,test/images/nozzle_extrusion_normal_0986.jpg,train/images/nozzle_extrusion_normal_1188.jpg,0.751651,0.828981,1.000000,否
2,test/images/nozzle_extrusion_normal_0986.jpg,train/images/nozzle_extrusion_normal_1047.jpg,0.766579,0.892155,1.000000,否
2,test/images/nozzle_extrusion_normal_0986.jpg,train/images/nozzle_extrusion_normal_1200.jpg,0.692282,0.662713,1.000000,否
2,test/images/nozzle_extrusion_normal_0986.jpg,train/images/nozzle_extrusion_normal_1137.jpg,0.733513,0.807116,1.000000,否
2,test/images/nozzle_extrusion_normal_0986.jpg,test/images/nozzle_extrusion_normal_1068.jpg,0.710111,0.811890,1.000000,否
2,test/images/nozzle_extrusion_normal_0986.jpg,train/images/nozzle_extrusion_normal_1114.jpg,0.714721,0.821334,1.000000,否
2,test/images/nozzle_extrusion_normal_0986.jpg,val/images/nozzle_extrusion_normal_1013.jpg,0.696766,0.653841,1.000000,否
2,test/images/nozzle_extrusion_normal_0986.jpg,test/images/nozzle_extrusion_normal_1216.jpg,0.736037,0.837392,1.000000,否
2,test/images/nozzle_extrusion_normal_1033.jpg,train/images/nozzle_extrusion_normal_1201.jpg,0.769031,0.892178,1.000000,否
2,test/images/nozzle_extrusion_normal_1033.jpg,train/images/nozzle_extrusion_normal_1046.jpg,0.768544,0.733505,1.000000,否
2,test/images/nozzle_extrusion_normal_1033.jpg,train/images/nozzle_extrusion_normal_1090.jpg,0.760146,0.739052,1.000000,否
2,test/images/nozzle_extrusion_normal_1033.jpg,val/images/nozzle_extrusion_normal_0944.jpg,0.739257,0.673346,1.000000,否
2,test/images/nozzle_extrusion_normal_1033.jpg,train/images/nozzle_extrusion_normal_1124.jpg,0.799388,0.937667,1.000000,否
2,test/images/nozzle_extrusion_normal_1033.jpg,train/images/nozzle_extrusion_normal_0951.jpg,0.800125,0.920922,1.000000,否
2,test/images/nozzle_extrusion_normal_1033.jpg,train/images/nozzle_extrusion_normal_1229.jpg,0.765565,0.884389,1.000000,否
2,test/images/nozzle_extrusion_normal_1033.jpg,test/images/nozzle_extrusion_normal_1005.jpg,0.761621,0.704042,1.000000,否
2,test/images/nozzle_extrusion_normal_1033.jpg,train/images/nozzle_extrusion_normal_1054.jpg,0.779054,0.864168,1.000000,否
2,test/images/nozzle_extrusion_normal_1033.jpg,val/images/nozzle_extrusion_normal_1006.jpg,0.709933,0.628557,1.000000,否
2,test/images/nozzle_extrusion_normal_1033.jpg,test/images/nozzle_extrusion_normal_1123.jpg,0.810784,0.933730,1.000000,否
2,test/images/nozzle_extrusion_normal_1033.jpg,train/images/nozzle_extrusion_normal_1199.jpg,0.745926,0.888964,1.000000,否
2,test/images/nozzle_extrusion_normal_1033.jpg,train/images/nozzle_extrusion_normal_1026.jpg,0.775279,0.753722,1.000000,否
2,test/images/nozzle_extrusion_normal_1033.jpg,val/images/nozzle_extrusion_normal_1113.jpg,0.742011,0.736819,1.000000,否
2,test/images/nozzle_extrusion_normal_1033.jpg,test/images/nozzle_extrusion_normal_0907.jpg,0.715848,0.668178,1.000000,否
2,test/images/nozzle_extrusion_normal_1033.jpg,train/images/nozzle_extrusion_normal_0972.jpg,0.801777,0.932098,1.000000,否
2,test/images/nozzle_extrusion_normal_1033.jpg,train/images/nozzle_extrusion_normal_1188.jpg,0.734051,0.731159,1.000000,否
2,test/images/nozzle_extrusion_normal_1033.jpg,train/images/nozzle_extrusion_normal_1047.jpg,0.761047,0.660998,1.000000,否
2,test/images/nozzle_extrusion_normal_1033.jpg,train/images/nozzle_extrusion_normal_1200.jpg,0.774448,0.914831,1.000000,否
2,test/images/nozzle_extrusion_normal_1033.jpg,train/images/nozzle_extrusion_normal_1137.jpg,0.753607,0.745649,1.000000,否
2,test/images/nozzle_extrusion_normal_1033.jpg,test/images/nozzle_extrusion_normal_1068.jpg,0.768901,0.761335,1.000000,否
2,test/images/nozzle_extrusion_normal_1033.jpg,train/images/nozzle_extrusion_normal_1114.jpg,0.746979,0.733366,1.000000,否
2,test/images/nozzle_extrusion_normal_1033.jpg,val/images/nozzle_extrusion_normal_1013.jpg,0.818401,0.931791,1.000000,否
2,test/images/nozzle_extrusion_normal_1033.jpg,test/images/nozzle_extrusion_normal_1216.jpg,0.711885,0.724797,1.000000,否
2,train/images/nozzle_extrusion_normal_1201.jpg,train/images/nozzle_extrusion_normal_1046.jpg,0.730777,0.693953,1.000000,否
2,train/images/nozzle_extrusion_normal_1201.jpg,train/images/nozzle_extrusion_normal_1090.jpg,0.748168,0.719129,1.000000,否
2,train/images/nozzle_extrusion_normal_1201.jpg,val/images/nozzle_extrusion_normal_0944.jpg,0.730368,0.666407,1.000000,否
2,train/images/nozzle_extrusion_normal_1201.jpg,train/images/nozzle_extrusion_normal_1124.jpg,0.786671,0.915978,1.000000,否
2,train/images/nozzle_extrusion_normal_1201.jpg,train/images/nozzle_extrusion_normal_0951.jpg,0.765357,0.871006,1.000000,否
2,train/images/nozzle_extrusion_normal_1201.jpg,train/images/nozzle_extrusion_normal_1229.jpg,0.834694,0.935445,1.000000,否
2,train/images/nozzle_extrusion_normal_1201.jpg,test/images/nozzle_extrusion_normal_1005.jpg,0.745053,0.687793,1.000000,否
2,train/images/nozzle_extrusion_normal_1201.jpg,train/images/nozzle_extrusion_normal_1054.jpg,0.765417,0.855152,1.000000,否
2,train/images/nozzle_extrusion_normal_1201.jpg,val/images/nozzle_extrusion_normal_1006.jpg,0.702984,0.634510,1.000000,否
2,train/images/nozzle_extrusion_normal_1201.jpg,test/images/nozzle_extrusion_normal_1123.jpg,0.803422,0.903166,1.000000,否
2,train/images/nozzle_extrusion_normal_1201.jpg,train/images/nozzle_extrusion_normal_1199.jpg,0.767710,0.928354,1.000000,否
2,train/images/nozzle_extrusion_normal_1201.jpg,train/images/nozzle_extrusion_normal_1026.jpg,0.736626,0.710843,1.000000,否
2,train/images/nozzle_extrusion_normal_1201.jpg,val/images/nozzle_extrusion_normal_1113.jpg,0.724985,0.708101,1.000000,否
2,train/images/nozzle_extrusion_normal_1201.jpg,test/images/nozzle_extrusion_normal_0907.jpg,0.710128,0.661331,1.000000,否
2,train/images/nozzle_extrusion_normal_1201.jpg,train/images/nozzle_extrusion_normal_0972.jpg,0.777541,0.898357,1.000000,否
2,train/images/nozzle_extrusion_normal_1201.jpg,train/images/nozzle_extrusion_normal_1188.jpg,0.743648,0.731925,1.000000,否
2,train/images/nozzle_extrusion_normal_1201.jpg,train/images/nozzle_extrusion_normal_1047.jpg,0.737423,0.652065,1.000000,否
2,train/images/nozzle_extrusion_normal_1201.jpg,train/images/nozzle_extrusion_normal_1200.jpg,0.796353,0.957016,1.000000,否
2,train/images/nozzle_extrusion_normal_1201.jpg,train/images/nozzle_extrusion_normal_1137.jpg,0.769841,0.715356,1.000000,否
2,train/images/nozzle_extrusion_normal_1201.jpg,test/images/nozzle_extrusion_normal_1068.jpg,0.750197,0.727928,1.000000,否
2,train/images/nozzle_extrusion_normal_1201.jpg,train/images/nozzle_extrusion_normal_1114.jpg,0.737116,0.699760,1.000000,否
2,train/images/nozzle_extrusion_normal_1201.jpg,val/images/nozzle_extrusion_normal_1013.jpg,0.771751,0.886194,1.000000,否
2,train/images/nozzle_extrusion_normal_1201.jpg,test/images/nozzle_extrusion_normal_1216.jpg,0.742234,0.743613,1.000000,否
2,train/images/nozzle_extrusion_normal_1046.jpg,train/images/nozzle_extrusion_normal_1090.jpg,0.804953,0.932733,1.000000,否
2,train/images/nozzle_extrusion_normal_1046.jpg,val/images/nozzle_extrusion_normal_0944.jpg,0.788004,0.902604,1.000000,否
2,train/images/nozzle_extrusion_normal_1046.jpg,train/images/nozzle_extrusion_normal_1124.jpg,0.752916,0.733848,1.000000,否
2,train/images/nozzle_extrusion_normal_1046.jpg,train/images/nozzle_extrusion_normal_0951.jpg,0.761752,0.747006,1.000000,否
2,train/images/nozzle_extrusion_normal_1046.jpg,train/images/nozzle_extrusion_normal_1229.jpg,0.745190,0.704197,1.000000,否
2,train/images/nozzle_extrusion_normal_1046.jpg,test/images/nozzle_extrusion_normal_1005.jpg,0.801224,0.923788,1.000000,否
2,train/images/nozzle_extrusion_normal_1046.jpg,train/images/nozzle_extrusion_normal_1054.jpg,0.758465,0.745342,1.000000,否
2,train/images/nozzle_extrusion_normal_1046.jpg,val/images/nozzle_extrusion_normal_1006.jpg,0.734189,0.834475,1.000000,否
2,train/images/nozzle_extrusion_normal_1046.jpg,test/images/nozzle_extrusion_normal_1123.jpg,0.774481,0.720464,1.000000,否
2,train/images/nozzle_extrusion_normal_1046.jpg,train/images/nozzle_extrusion_normal_1199.jpg,0.711401,0.711652,1.000000,否
2,train/images/nozzle_extrusion_normal_1046.jpg,train/images/nozzle_extrusion_normal_1026.jpg,0.804829,0.936561,1.000000,否
2,train/images/nozzle_extrusion_normal_1046.jpg,val/images/nozzle_extrusion_normal_1113.jpg,0.776175,0.932069,1.000000,否
2,train/images/nozzle_extrusion_normal_1046.jpg,test/images/nozzle_extrusion_normal_0907.jpg,0.754048,0.887764,1.000000,否
2,train/images/nozzle_extrusion_normal_1046.jpg,train/images/nozzle_extrusion_normal_0972.jpg,0.748915,0.737552,1.000000,否
2,train/images/nozzle_extrusion_normal_1046.jpg,train/images/nozzle_extrusion_normal_1188.jpg,0.785986,0.924079,1.000000,否
2,train/images/nozzle_extrusion_normal_1046.jpg,train/images/nozzle_extrusion_normal_1047.jpg,0.799222,0.891897,1.000000,否
2,train/images/nozzle_extrusion_normal_1046.jpg,train/images/nozzle_extrusion_normal_1200.jpg,0.740254,0.715496,1.000000,否
2,train/images/nozzle_extrusion_normal_1046.jpg,train/images/nozzle_extrusion_normal_1137.jpg,0.811177,0.920152,1.000000,否
2,train/images/nozzle_extrusion_normal_1046.jpg,test/images/nozzle_extrusion_normal_1068.jpg,0.800643,0.933823,1.000000,否
2,train/images/nozzle_extrusion_normal_1046.jpg,train/images/nozzle_extrusion_normal_1114.jpg,0.791720,0.936552,1.000000,否
2,train/images/nozzle_extrusion_normal_1046.jpg,val/images/nozzle_extrusion_normal_1013.jpg,0.766855,0.727259,1.000000,否
2,train/images/nozzle_extrusion_normal_1046.jpg,test/images/nozzle_extrusion_normal_1216.jpg,0.742288,0.880483,1.000000,否
2,train/images/nozzle_extrusion_normal_1090.jpg,val/images/nozzle_extrusion_normal_0944.jpg,0.771463,0.890384,1.000000,否
2,train/images/nozzle_extrusion_normal_1090.jpg,train/images/nozzle_extrusion_normal_1124.jpg,0.755395,0.746307,1.000000,否
2,train/images/nozzle_extrusion_normal_1090.jpg,train/images/nozzle_extrusion_normal_0951.jpg,0.741510,0.740638,1.000000,否
2,train/images/nozzle_extrusion_normal_1090.jpg,train/images/nozzle_extrusion_normal_1229.jpg,0.755849,0.735430,1.000000,否
2,train/images/nozzle_extrusion_normal_1090.jpg,test/images/nozzle_extrusion_normal_1005.jpg,0.801124,0.905425,1.000000,否
2,train/images/nozzle_extrusion_normal_1090.jpg,train/images/nozzle_extrusion_normal_1054.jpg,0.762538,0.750485,1.000000,否
2,train/images/nozzle_extrusion_normal_1090.jpg,val/images/nozzle_extrusion_normal_1006.jpg,0.728596,0.831387,1.000000,否
2,train/images/nozzle_extrusion_normal_1090.jpg,test/images/nozzle_extrusion_normal_1123.jpg,0.773272,0.737472,1.000000,否
2,train/images/nozzle_extrusion_normal_1090.jpg,train/images/nozzle_extrusion_normal_1199.jpg,0.734877,0.744541,1.000000,否
2,train/images/nozzle_extrusion_normal_1090.jpg,train/images/nozzle_extrusion_normal_1026.jpg,0.791605,0.924167,1.000000,否
2,train/images/nozzle_extrusion_normal_1090.jpg,val/images/nozzle_extrusion_normal_1113.jpg,0.777632,0.931836,1.000000,否
2,train/images/nozzle_extrusion_normal_1090.jpg,test/images/nozzle_extrusion_normal_0907.jpg,0.746918,0.874670,1.000000,否
2,train/images/nozzle_extrusion_normal_1090.jpg,train/images/nozzle_extrusion_normal_0972.jpg,0.735142,0.734358,1.000000,否
2,train/images/nozzle_extrusion_normal_1090.jpg,train/images/nozzle_extrusion_normal_1188.jpg,0.786351,0.933331,1.000000,否
2,train/images/nozzle_extrusion_normal_1090.jpg,train/images/nozzle_extrusion_normal_1047.jpg,0.797178,0.880228,1.000000,否
2,train/images/nozzle_extrusion_normal_1090.jpg,train/images/nozzle_extrusion_normal_1200.jpg,0.751176,0.746789,1.000000,否
2,train/images/nozzle_extrusion_normal_1090.jpg,train/images/nozzle_extrusion_normal_1137.jpg,0.817848,0.929663,1.000000,否
2,train/images/nozzle_extrusion_normal_1090.jpg,test/images/nozzle_extrusion_normal_1068.jpg,0.801348,0.938064,1.000000,否
2,train/images/nozzle_extrusion_normal_1090.jpg,train/images/nozzle_extrusion_normal_1114.jpg,0.801552,0.935374,1.000000,否
2,train/images/nozzle_extrusion_normal_1090.jpg,val/images/nozzle_extrusion_normal_1013.jpg,0.756572,0.729214,1.000000,否
2,train/images/nozzle_extrusion_normal_1090.jpg,test/images/nozzle_extrusion_normal_1216.jpg,0.760670,0.904341,1.000000,否
2,val/images/nozzle_extrusion_normal_0944.jpg,train/images/nozzle_extrusion_normal_1124.jpg,0.699466,0.684426,1.000000,否
2,val/images/nozzle_extrusion_normal_0944.jpg,train/images/nozzle_extrusion_normal_0951.jpg,0.781905,0.695856,1.000000,否
2,val/images/nozzle_extrusion_normal_0944.jpg,train/images/nozzle_extrusion_normal_1229.jpg,0.744264,0.684459,1.000000,否
2,val/images/nozzle_extrusion_normal_0944.jpg,test/images/nozzle_extrusion_normal_1005.jpg,0.786550,0.913560,1.000000,否
2,val/images/nozzle_extrusion_normal_0944.jpg,train/images/nozzle_extrusion_normal_1054.jpg,0.734418,0.733268,1.000000,否
2,val/images/nozzle_extrusion_normal_0944.jpg,val/images/nozzle_extrusion_normal_1006.jpg,0.748701,0.881237,1.000000,否
2,val/images/nozzle_extrusion_normal_0944.jpg,test/images/nozzle_extrusion_normal_1123.jpg,0.733712,0.669690,1.000000,否
2,val/images/nozzle_extrusion_normal_0944.jpg,train/images/nozzle_extrusion_normal_1199.jpg,0.719750,0.696947,1.000000,否
2,val/images/nozzle_extrusion_normal_0944.jpg,train/images/nozzle_extrusion_normal_1026.jpg,0.790759,0.880851,1.000000,否
2,val/images/nozzle_extrusion_normal_0944.jpg,val/images/nozzle_extrusion_normal_1113.jpg,0.743167,0.879392,1.000000,否
2,val/images/nozzle_extrusion_normal_0944.jpg,test/images/nozzle_extrusion_normal_0907.jpg,0.805932,0.925009,1.000000,否
2,val/images/nozzle_extrusion_normal_0944.jpg,train/images/nozzle_extrusion_normal_0972.jpg,0.752878,0.681011,1.000000,否
2,val/images/nozzle_extrusion_normal_0944.jpg,train/images/nozzle_extrusion_normal_1188.jpg,0.760363,0.885829,1.000000,否
2,val/images/nozzle_extrusion_normal_0944.jpg,train/images/nozzle_extrusion_normal_1047.jpg,0.794718,0.906616,1.000000,否
2,val/images/nozzle_extrusion_normal_0944.jpg,train/images/nozzle_extrusion_normal_1200.jpg,0.732254,0.683835,1.000000,否
2,val/images/nozzle_extrusion_normal_0944.jpg,train/images/nozzle_extrusion_normal_1137.jpg,0.774183,0.861647,1.000000,否
2,val/images/nozzle_extrusion_normal_0944.jpg,test/images/nozzle_extrusion_normal_1068.jpg,0.762016,0.881352,1.000000,否
2,val/images/nozzle_extrusion_normal_0944.jpg,train/images/nozzle_extrusion_normal_1114.jpg,0.770020,0.888263,1.000000,否
2,val/images/nozzle_extrusion_normal_0944.jpg,val/images/nozzle_extrusion_normal_1013.jpg,0.719084,0.680162,1.000000,否
2,val/images/nozzle_extrusion_normal_0944.jpg,test/images/nozzle_extrusion_normal_1216.jpg,0.753962,0.863283,1.000000,否
2,train/images/nozzle_extrusion_normal_1124.jpg,train/images/nozzle_extrusion_normal_0951.jpg,0.770909,0.913559,1.000000,否
2,train/images/nozzle_extrusion_normal_1124.jpg,train/images/nozzle_extrusion_normal_1229.jpg,0.763269,0.903372,1.000000,否
2,train/images/nozzle_extrusion_normal_1124.jpg,test/images/nozzle_extrusion_normal_1005.jpg,0.744795,0.705454,1.000000,否
2,train/images/nozzle_extrusion_normal_1124.jpg,train/images/nozzle_extrusion_normal_1054.jpg,0.768449,0.869733,1.000000,否
2,train/images/nozzle_extrusion_normal_1124.jpg,val/images/nozzle_extrusion_normal_1006.jpg,0.689034,0.636642,1.000000,否
2,train/images/nozzle_extrusion_normal_1124.jpg,test/images/nozzle_extrusion_normal_1123.jpg,0.821181,0.960300,1.000000,否
2,train/images/nozzle_extrusion_normal_1124.jpg,train/images/nozzle_extrusion_normal_1199.jpg,0.746722,0.913014,1.000000,否
2,train/images/nozzle_extrusion_normal_1124.jpg,train/images/nozzle_extrusion_normal_1026.jpg,0.752619,0.743388,1.000000,否
2,train/images/nozzle_extrusion_normal_1124.jpg,val/images/nozzle_extrusion_normal_1113.jpg,0.741446,0.748366,1.000000,否
2,train/images/nozzle_extrusion_normal_1124.jpg,test/images/nozzle_extrusion_normal_0907.jpg,0.690123,0.679620,1.000000,否
2,train/images/nozzle_extrusion_normal_1124.jpg,train/images/nozzle_extrusion_normal_0972.jpg,0.778129,0.923058,1.000000,否
2,train/images/nozzle_extrusion_normal_1124.jpg,train/images/nozzle_extrusion_normal_1188.jpg,0.746829,0.745933,1.000000,否
2,train/images/nozzle_extrusion_normal_1124.jpg,train/images/nozzle_extrusion_normal_1047.jpg,0.746730,0.670930,1.000000,否
2,train/images/nozzle_extrusion_normal_1124.jpg,train/images/nozzle_extrusion_normal_1200.jpg,0.780423,0.936680,1.000000,否
2,train/images/nozzle_extrusion_normal_1124.jpg,train/images/nozzle_extrusion_normal_1137.jpg,0.782698,0.753550,1.000000,否
2,train/images/nozzle_extrusion_normal_1124.jpg,test/images/nozzle_extrusion_normal_1068.jpg,0.765379,0.761957,1.000000,否
2,train/images/nozzle_extrusion_normal_1124.jpg,train/images/nozzle_extrusion_normal_1114.jpg,0.737117,0.741575,1.000000,否
2,train/images/nozzle_extrusion_normal_1124.jpg,val/images/nozzle_extrusion_normal_1013.jpg,0.797265,0.924794,1.000000,否
2,train/images/nozzle_extrusion_normal_1124.jpg,test/images/nozzle_extrusion_normal_1216.jpg,0.715917,0.736160,1.000000,否
2,train/images/nozzle_extrusion_normal_0951.jpg,train/images/nozzle_extrusion_normal_1229.jpg,0.747152,0.872565,1.000000,否
2,train/images/nozzle_extrusion_normal_0951.jpg,test/images/nozzle_extrusion_normal_1005.jpg,0.758730,0.725284,1.000000,否
2,train/images/nozzle_extrusion_normal_0951.jpg,train/images/nozzle_extrusion_normal_1054.jpg,0.761976,0.870891,1.000000,否
2,train/images/nozzle_extrusion_normal_0951.jpg,val/images/nozzle_extrusion_normal_1006.jpg,0.704990,0.647062,1.000000,否
2,train/images/nozzle_extrusion_normal_0951.jpg,test/images/nozzle_extrusion_normal_1123.jpg,0.794260,0.904039,1.000000,否
2,train/images/nozzle_extrusion_normal_0951.jpg,train/images/nozzle_extrusion_normal_1199.jpg,0.715840,0.869643,1.000000,否
2,train/images/nozzle_extrusion_normal_0951.jpg,train/images/nozzle_extrusion_normal_1026.jpg,0.766281,0.761720,1.000000,否
2,train/images/nozzle_extrusion_normal_0951.jpg,val/images/nozzle_extrusion_normal_1113.jpg,0.719916,0.739332,1.000000,否
2,train/images/nozzle_extrusion_normal_0951.jpg,test/images/nozzle_extrusion_normal_0907.jpg,0.726780,0.693535,1.000000,否
2,train/images/nozzle_extrusion_normal_0951.jpg,train/images/nozzle_extrusion_normal_0972.jpg,0.819451,0.937354,1.000000,否
2,train/images/nozzle_extrusion_normal_0951.jpg,train/images/nozzle_extrusion_normal_1188.jpg,0.736187,0.734049,1.000000,否
2,train/images/nozzle_extrusion_normal_0951.jpg,train/images/nozzle_extrusion_normal_1047.jpg,0.748164,0.681885,1.000000,否
2,train/images/nozzle_extrusion_normal_0951.jpg,train/images/nozzle_extrusion_normal_1200.jpg,0.738598,0.900093,1.000000,否
2,train/images/nozzle_extrusion_normal_0951.jpg,train/images/nozzle_extrusion_normal_1137.jpg,0.745031,0.737958,1.000000,否
2,train/images/nozzle_extrusion_normal_0951.jpg,test/images/nozzle_extrusion_normal_1068.jpg,0.742991,0.756944,1.000000,否
2,train/images/nozzle_extrusion_normal_0951.jpg,train/images/nozzle_extrusion_normal_1114.jpg,0.733838,0.732865,1.000000,否
2,train/images/nozzle_extrusion_normal_0951.jpg,val/images/nozzle_extrusion_normal_1013.jpg,0.788994,0.927699,1.000000,否
2,train/images/nozzle_extrusion_normal_0951.jpg,test/images/nozzle_extrusion_normal_1216.jpg,0.690390,0.724137,1.000000,否
2,train/images/nozzle_extrusion_normal_1229.jpg,test/images/nozzle_extrusion_normal_1005.jpg,0.737356,0.698127,1.000000,否
2,train/images/nozzle_extrusion_normal_1229.jpg,train/images/nozzle_extrusion_normal_1054.jpg,0.755059,0.874172,1.000000,否
2,train/images/nozzle_extrusion_normal_1229.jpg,val/images/nozzle_extrusion_normal_1006.jpg,0.704984,0.646573,1.000000,否
2,train/images/nozzle_extrusion_normal_1229.jpg,test/images/nozzle_extrusion_normal_1123.jpg,0.792183,0.897752,1.000000,否
2,train/images/nozzle_extrusion_normal_1229.jpg,train/images/nozzle_extrusion_normal_1199.jpg,0.782912,0.932317,1.000000,否
2,train/images/nozzle_extrusion_normal_1229.jpg,train/images/nozzle_extrusion_normal_1026.jpg,0.735121,0.720466,1.000000,否
2,train/images/nozzle_extrusion_normal_1229.jpg,val/images/nozzle_extrusion_normal_1113.jpg,0.714768,0.718564,1.000000,否
2,train/images/nozzle_extrusion_normal_1229.jpg,test/images/nozzle_extrusion_normal_0907.jpg,0.728433,0.676617,1.000000,否
2,train/images/nozzle_extrusion_normal_1229.jpg,train/images/nozzle_extrusion_normal_0972.jpg,0.743731,0.875231,1.000000,否
2,train/images/nozzle_extrusion_normal_1229.jpg,train/images/nozzle_extrusion_normal_1188.jpg,0.757135,0.743605,1.000000,否
2,train/images/nozzle_extrusion_normal_1229.jpg,train/images/nozzle_extrusion_normal_1047.jpg,0.750741,0.667186,1.000000,否
2,train/images/nozzle_extrusion_normal_1229.jpg,train/images/nozzle_extrusion_normal_1200.jpg,0.799225,0.936301,1.000000,否
2,train/images/nozzle_extrusion_normal_1229.jpg,train/images/nozzle_extrusion_normal_1137.jpg,0.758638,0.728454,1.000000,否
2,train/images/nozzle_extrusion_normal_1229.jpg,test/images/nozzle_extrusion_normal_1068.jpg,0.731829,0.738155,1.000000,否
2,train/images/nozzle_extrusion_normal_1229.jpg,train/images/nozzle_extrusion_normal_1114.jpg,0.736622,0.708193,1.000000,否
2,train/images/nozzle_extrusion_normal_1229.jpg,val/images/nozzle_extrusion_normal_1013.jpg,0.753748,0.876645,1.000000,否
2,train/images/nozzle_extrusion_normal_1229.jpg,test/images/nozzle_extrusion_normal_1216.jpg,0.756366,0.765879,1.000000,否
2,test/images/nozzle_extrusion_normal_1005.jpg,train/images/nozzle_extrusion_normal_1054.jpg,0.742870,0.747670,1.000000,否
2,test/images/nozzle_extrusion_normal_1005.jpg,val/images/nozzle_extrusion_normal_1006.jpg,0.741130,0.877658,1.000000,否
2,test/images/nozzle_extrusion_normal_1005.jpg,test/images/nozzle_extrusion_normal_1123.jpg,0.753220,0.697482,1.000000,否
2,test/images/nozzle_extrusion_normal_1005.jpg,train/images/nozzle_extrusion_normal_1199.jpg,0.720587,0.710890,1.000000,否
2,test/images/nozzle_extrusion_normal_1005.jpg,train/images/nozzle_extrusion_normal_1026.jpg,0.818243,0.916449,1.000000,否
2,test/images/nozzle_extrusion_normal_1005.jpg,val/images/nozzle_extrusion_normal_1113.jpg,0.779303,0.897652,1.000000,否
2,test/images/nozzle_extrusion_normal_1005.jpg,test/images/nozzle_extrusion_normal_0907.jpg,0.782895,0.915758,1.000000,否
2,test/images/nozzle_extrusion_normal_1005.jpg,train/images/nozzle_extrusion_normal_0972.jpg,0.755343,0.718349,1.000000,否
2,test/images/nozzle_extrusion_normal_1005.jpg,train/images/nozzle_extrusion_normal_1188.jpg,0.764308,0.898032,1.000000,否
2,test/images/nozzle_extrusion_normal_1005.jpg,train/images/nozzle_extrusion_normal_1047.jpg,0.797604,0.912131,1.000000,否
2,test/images/nozzle_extrusion_normal_1005.jpg,train/images/nozzle_extrusion_normal_1200.jpg,0.740199,0.706523,1.000000,否
2,test/images/nozzle_extrusion_normal_1005.jpg,train/images/nozzle_extrusion_normal_1137.jpg,0.794007,0.885242,1.000000,否
2,test/images/nozzle_extrusion_normal_1005.jpg,test/images/nozzle_extrusion_normal_1068.jpg,0.793149,0.896987,1.000000,否
2,test/images/nozzle_extrusion_normal_1005.jpg,train/images/nozzle_extrusion_normal_1114.jpg,0.785467,0.905885,1.000000,否
2,test/images/nozzle_extrusion_normal_1005.jpg,val/images/nozzle_extrusion_normal_1013.jpg,0.758097,0.720592,1.000000,否
2,test/images/nozzle_extrusion_normal_1005.jpg,test/images/nozzle_extrusion_normal_1216.jpg,0.752935,0.881433,1.000000,否
2,train/images/nozzle_extrusion_normal_1054.jpg,val/images/nozzle_extrusion_normal_1006.jpg,0.736506,0.692851,1.000000,否
2,train/images/nozzle_extrusion_normal_1054.jpg,test/images/nozzle_extrusion_normal_1123.jpg,0.796851,0.866290,1.000000,否
2,train/images/nozzle_extrusion_normal_1054.jpg,train/images/nozzle_extrusion_normal_1199.jpg,0.784494,0.888431,1.000000,否
2,train/images/nozzle_extrusion_normal_1054.jpg,train/images/nozzle_extrusion_normal_1026.jpg,0.740807,0.747699,1.000000,否
2,train/images/nozzle_extrusion_normal_1054.jpg,val/images/nozzle_extrusion_normal_1113.jpg,0.731788,0.736334,1.000000,否
2,train/images/nozzle_extrusion_normal_1054.jpg,test/images/nozzle_extrusion_normal_0907.jpg,0.717767,0.724020,1.000000,否
2,train/images/nozzle_extrusion_normal_1054.jpg,train/images/nozzle_extrusion_normal_0972.jpg,0.763889,0.865810,1.000000,否
2,train/images/nozzle_extrusion_normal_1054.jpg,train/images/nozzle_extrusion_normal_1188.jpg,0.770724,0.735058,1.000000,否
2,train/images/nozzle_extrusion_normal_1054.jpg,train/images/nozzle_extrusion_normal_1047.jpg,0.788048,0.725098,1.000000,否
2,train/images/nozzle_extrusion_normal_1054.jpg,train/images/nozzle_extrusion_normal_1200.jpg,0.774067,0.872127,1.000000,否
2,train/images/nozzle_extrusion_normal_1054.jpg,train/images/nozzle_extrusion_normal_1137.jpg,0.766102,0.724586,1.000000,否
2,train/images/nozzle_extrusion_normal_1054.jpg,test/images/nozzle_extrusion_normal_1068.jpg,0.752893,0.749490,1.000000,否
2,train/images/nozzle_extrusion_normal_1054.jpg,train/images/nozzle_extrusion_normal_1114.jpg,0.757023,0.740020,1.000000,否
2,train/images/nozzle_extrusion_normal_1054.jpg,val/images/nozzle_extrusion_normal_1013.jpg,0.779201,0.876200,1.000000,否
2,train/images/nozzle_extrusion_normal_1054.jpg,test/images/nozzle_extrusion_normal_1216.jpg,0.734991,0.735790,1.000000,否
2,val/images/nozzle_extrusion_normal_1006.jpg,test/images/nozzle_extrusion_normal_1123.jpg,0.713461,0.622466,1.000000,否
2,val/images/nozzle_extrusion_normal_1006.jpg,train/images/nozzle_extrusion_normal_1199.jpg,0.761250,0.664604,1.000000,否
2,val/images/nozzle_extrusion_normal_1006.jpg,train/images/nozzle_extrusion_normal_1026.jpg,0.734693,0.824163,1.000000,否
2,val/images/nozzle_extrusion_normal_1006.jpg,val/images/nozzle_extrusion_normal_1113.jpg,0.702618,0.817688,1.000000,否
2,val/images/nozzle_extrusion_normal_1006.jpg,test/images/nozzle_extrusion_normal_0907.jpg,0.725672,0.910495,1.000000,否
2,val/images/nozzle_extrusion_normal_1006.jpg,train/images/nozzle_extrusion_normal_0972.jpg,0.702171,0.639215,1.000000,否
2,val/images/nozzle_extrusion_normal_1006.jpg,train/images/nozzle_extrusion_normal_1188.jpg,0.777098,0.832896,1.000000,否
2,val/images/nozzle_extrusion_normal_1006.jpg,train/images/nozzle_extrusion_normal_1047.jpg,0.789507,0.913117,1.000000,否
2,val/images/nozzle_extrusion_normal_1006.jpg,train/images/nozzle_extrusion_normal_1200.jpg,0.710951,0.648057,1.000000,否
2,val/images/nozzle_extrusion_normal_1006.jpg,train/images/nozzle_extrusion_normal_1137.jpg,0.734982,0.809130,1.000000,否
2,val/images/nozzle_extrusion_normal_1006.jpg,test/images/nozzle_extrusion_normal_1068.jpg,0.734082,0.817761,1.000000,否
2,val/images/nozzle_extrusion_normal_1006.jpg,train/images/nozzle_extrusion_normal_1114.jpg,0.730912,0.831129,1.000000,否
2,val/images/nozzle_extrusion_normal_1006.jpg,val/images/nozzle_extrusion_normal_1013.jpg,0.700288,0.640582,1.000000,否
2,val/images/nozzle_extrusion_normal_1006.jpg,test/images/nozzle_extrusion_normal_1216.jpg,0.767739,0.836878,1.000000,否
2,test/images/nozzle_extrusion_normal_1123.jpg,train/images/nozzle_extrusion_normal_1199.jpg,0.754536,0.906666,1.000000,否
2,test/images/nozzle_extrusion_normal_1123.jpg,train/images/nozzle_extrusion_normal_1026.jpg,0.767646,0.735110,1.000000,否
2,test/images/nozzle_extrusion_normal_1123.jpg,val/images/nozzle_extrusion_normal_1113.jpg,0.754982,0.733883,1.000000,否
2,test/images/nozzle_extrusion_normal_1123.jpg,test/images/nozzle_extrusion_normal_0907.jpg,0.715342,0.664476,1.000000,否
2,test/images/nozzle_extrusion_normal_1123.jpg,train/images/nozzle_extrusion_normal_0972.jpg,0.785894,0.916884,1.000000,否
2,test/images/nozzle_extrusion_normal_1123.jpg,train/images/nozzle_extrusion_normal_1188.jpg,0.761170,0.724729,1.000000,否
2,test/images/nozzle_extrusion_normal_1123.jpg,train/images/nozzle_extrusion_normal_1047.jpg,0.765660,0.658343,1.000000,否
2,test/images/nozzle_extrusion_normal_1123.jpg,train/images/nozzle_extrusion_normal_1200.jpg,0.786404,0.922632,1.000000,否
2,test/images/nozzle_extrusion_normal_1123.jpg,train/images/nozzle_extrusion_normal_1137.jpg,0.774620,0.737214,1.000000,否
2,test/images/nozzle_extrusion_normal_1123.jpg,test/images/nozzle_extrusion_normal_1068.jpg,0.770759,0.749023,1.000000,否
2,test/images/nozzle_extrusion_normal_1123.jpg,train/images/nozzle_extrusion_normal_1114.jpg,0.748010,0.733827,1.000000,否
2,test/images/nozzle_extrusion_normal_1123.jpg,val/images/nozzle_extrusion_normal_1013.jpg,0.803829,0.923240,1.000000,否
2,test/images/nozzle_extrusion_normal_1123.jpg,test/images/nozzle_extrusion_normal_1216.jpg,0.727917,0.719276,1.000000,否
2,train/images/nozzle_extrusion_normal_1199.jpg,train/images/nozzle_extrusion_normal_1026.jpg,0.703143,0.721737,1.000000,否
2,train/images/nozzle_extrusion_normal_1199.jpg,val/images/nozzle_extrusion_normal_1113.jpg,0.698576,0.714666,1.000000,否
2,train/images/nozzle_extrusion_normal_1199.jpg,test/images/nozzle_extrusion_normal_0907.jpg,0.711931,0.691448,1.000000,否
2,train/images/nozzle_extrusion_normal_1199.jpg,train/images/nozzle_extrusion_normal_0972.jpg,0.711712,0.875603,1.000000,否
2,train/images/nozzle_extrusion_normal_1199.jpg,train/images/nozzle_extrusion_normal_1188.jpg,0.787573,0.746147,1.000000,否
2,train/images/nozzle_extrusion_normal_1199.jpg,train/images/nozzle_extrusion_normal_1047.jpg,0.775503,0.689885,1.000000,否
2,train/images/nozzle_extrusion_normal_1199.jpg,train/images/nozzle_extrusion_normal_1200.jpg,0.787282,0.950633,1.000000,否
2,train/images/nozzle_extrusion_normal_1199.jpg,train/images/nozzle_extrusion_normal_1137.jpg,0.743650,0.734493,1.000000,否
2,train/images/nozzle_extrusion_normal_1199.jpg,test/images/nozzle_extrusion_normal_1068.jpg,0.722170,0.737007,1.000000,否
2,train/images/nozzle_extrusion_normal_1199.jpg,train/images/nozzle_extrusion_normal_1114.jpg,0.731678,0.720023,1.000000,否
2,train/images/nozzle_extrusion_normal_1199.jpg,val/images/nozzle_extrusion_normal_1013.jpg,0.725689,0.884742,1.000000,否
2,train/images/nozzle_extrusion_normal_1199.jpg,test/images/nozzle_extrusion_normal_1216.jpg,0.789135,0.760452,1.000000,否
2,train/images/nozzle_extrusion_normal_1026.jpg,val/images/nozzle_extrusion_normal_1113.jpg,0.798610,0.919024,1.000000,否
2,train/images/nozzle_extrusion_normal_1026.jpg,test/images/nozzle_extrusion_normal_0907.jpg,0.755185,0.876782,1.000000,否
2,train/images/nozzle_extrusion_normal_1026.jpg,train/images/nozzle_extrusion_normal_0972.jpg,0.760110,0.752043,1.000000,否
2,train/images/nozzle_extrusion_normal_1026.jpg,train/images/nozzle_extrusion_normal_1188.jpg,0.761853,0.911950,1.000000,否
2,train/images/nozzle_extrusion_normal_1026.jpg,train/images/nozzle_extrusion_normal_1047.jpg,0.793226,0.873046,1.000000,否
2,train/images/nozzle_extrusion_normal_1026.jpg,train/images/nozzle_extrusion_normal_1200.jpg,0.741745,0.734662,1.000000,否
2,train/images/nozzle_extrusion_normal_1026.jpg,train/images/nozzle_extrusion_normal_1137.jpg,0.799506,0.918033,1.000000,否
2,train/images/nozzle_extrusion_normal_1026.jpg,test/images/nozzle_extrusion_normal_1068.jpg,0.820935,0.924489,1.000000,否
2,train/images/nozzle_extrusion_normal_1026.jpg,train/images/nozzle_extrusion_normal_1114.jpg,0.774506,0.914344,1.000000,否
2,train/images/nozzle_extrusion_normal_1026.jpg,val/images/nozzle_extrusion_normal_1013.jpg,0.761057,0.740206,1.000000,否
2,train/images/nozzle_extrusion_normal_1026.jpg,test/images/nozzle_extrusion_normal_1216.jpg,0.727638,0.887166,1.000000,否
2,val/images/nozzle_extrusion_normal_1113.jpg,test/images/nozzle_extrusion_normal_0907.jpg,0.728287,0.860905,1.000000,否
2,val/images/nozzle_extrusion_normal_1113.jpg,train/images/nozzle_extrusion_normal_0972.jpg,0.717952,0.736114,1.000000,否
2,val/images/nozzle_extrusion_normal_1113.jpg,train/images/nozzle_extrusion_normal_1188.jpg,0.758604,0.933177,1.000000,否
2,val/images/nozzle_extrusion_normal_1113.jpg,train/images/nozzle_extrusion_normal_1047.jpg,0.768948,0.861888,1.000000,否
2,val/images/nozzle_extrusion_normal_1113.jpg,train/images/nozzle_extrusion_normal_1200.jpg,0.732388,0.731101,1.000000,否
2,val/images/nozzle_extrusion_normal_1113.jpg,train/images/nozzle_extrusion_normal_1137.jpg,0.786611,0.929334,1.000000,否
2,val/images/nozzle_extrusion_normal_1113.jpg,test/images/nozzle_extrusion_normal_1068.jpg,0.808602,0.934937,1.000000,否
2,val/images/nozzle_extrusion_normal_1113.jpg,train/images/nozzle_extrusion_normal_1114.jpg,0.808016,0.960102,1.000000,否
2,val/images/nozzle_extrusion_normal_1113.jpg,val/images/nozzle_extrusion_normal_1013.jpg,0.739864,0.718453,1.000000,否
2,val/images/nozzle_extrusion_normal_1113.jpg,test/images/nozzle_extrusion_normal_1216.jpg,0.716042,0.889014,1.000000,否
2,test/images/nozzle_extrusion_normal_0907.jpg,train/images/nozzle_extrusion_normal_0972.jpg,0.722099,0.677916,1.000000,否
2,test/images/nozzle_extrusion_normal_0907.jpg,train/images/nozzle_extrusion_normal_1188.jpg,0.736227,0.870351,1.000000,否
2,test/images/nozzle_extrusion_normal_0907.jpg,train/images/nozzle_extrusion_normal_1047.jpg,0.758628,0.919586,1.000000,否
2,test/images/nozzle_extrusion_normal_0907.jpg,train/images/nozzle_extrusion_normal_1200.jpg,0.715027,0.680028,1.000000,否
2,test/images/nozzle_extrusion_normal_0907.jpg,train/images/nozzle_extrusion_normal_1137.jpg,0.748081,0.858265,1.000000,否
2,test/images/nozzle_extrusion_normal_0907.jpg,test/images/nozzle_extrusion_normal_1068.jpg,0.743689,0.862408,1.000000,否
2,test/images/nozzle_extrusion_normal_0907.jpg,train/images/nozzle_extrusion_normal_1114.jpg,0.748009,0.874169,1.000000,否
2,test/images/nozzle_extrusion_normal_0907.jpg,val/images/nozzle_extrusion_normal_1013.jpg,0.708733,0.678097,1.000000,否
2,test/images/nozzle_extrusion_normal_0907.jpg,test/images/nozzle_extrusion_normal_1216.jpg,0.725172,0.860993,1.000000,否
2,train/images/nozzle_extrusion_normal_0972.jpg,train/images/nozzle_extrusion_normal_1188.jpg,0.729414,0.723956,1.000000,否
2,train/images/nozzle_extrusion_normal_0972.jpg,train/images/nozzle_extrusion_normal_1047.jpg,0.730286,0.665036,1.000000,否
2,train/images/nozzle_extrusion_normal_0972.jpg,train/images/nozzle_extrusion_normal_1200.jpg,0.740395,0.909722,1.000000,否
2,train/images/nozzle_extrusion_normal_0972.jpg,train/images/nozzle_extrusion_normal_1137.jpg,0.737995,0.726006,1.000000,否
2,train/images/nozzle_extrusion_normal_0972.jpg,test/images/nozzle_extrusion_normal_1068.jpg,0.745440,0.755214,1.000000,否
2,train/images/nozzle_extrusion_normal_0972.jpg,train/images/nozzle_extrusion_normal_1114.jpg,0.710144,0.734427,1.000000,否
2,train/images/nozzle_extrusion_normal_0972.jpg,val/images/nozzle_extrusion_normal_1013.jpg,0.810219,0.939919,1.000000,否
2,train/images/nozzle_extrusion_normal_0972.jpg,test/images/nozzle_extrusion_normal_1216.jpg,0.691570,0.713710,1.000000,否
2,train/images/nozzle_extrusion_normal_1188.jpg,train/images/nozzle_extrusion_normal_1047.jpg,0.813332,0.875387,1.000000,否
2,train/images/nozzle_extrusion_normal_1188.jpg,train/images/nozzle_extrusion_normal_1200.jpg,0.757400,0.755231,1.000000,否
2,train/images/nozzle_extrusion_normal_1188.jpg,train/images/nozzle_extrusion_normal_1137.jpg,0.804898,0.930219,1.000000,否
2,train/images/nozzle_extrusion_normal_1188.jpg,test/images/nozzle_extrusion_normal_1068.jpg,0.773006,0.932053,1.000000,否
2,train/images/nozzle_extrusion_normal_1188.jpg,train/images/nozzle_extrusion_normal_1114.jpg,0.786149,0.924876,1.000000,否
2,train/images/nozzle_extrusion_normal_1188.jpg,val/images/nozzle_extrusion_normal_1013.jpg,0.720599,0.710908,1.000000,否
2,train/images/nozzle_extrusion_normal_1188.jpg,test/images/nozzle_extrusion_normal_1216.jpg,0.802146,0.918045,1.000000,否
2,train/images/nozzle_extrusion_normal_1047.jpg,train/images/nozzle_extrusion_normal_1200.jpg,0.759158,0.669781,1.000000,否
2,train/images/nozzle_extrusion_normal_1047.jpg,train/images/nozzle_extrusion_normal_1137.jpg,0.799909,0.850902,1.000000,否
2,train/images/nozzle_extrusion_normal_1047.jpg,test/images/nozzle_extrusion_normal_1068.jpg,0.788393,0.860545,1.000000,否
2,train/images/nozzle_extrusion_normal_1047.jpg,train/images/nozzle_extrusion_normal_1114.jpg,0.798931,0.866841,1.000000,否
2,train/images/nozzle_extrusion_normal_1047.jpg,val/images/nozzle_extrusion_normal_1013.jpg,0.742076,0.673340,1.000000,否
2,train/images/nozzle_extrusion_normal_1047.jpg,test/images/nozzle_extrusion_normal_1216.jpg,0.786889,0.850410,1.000000,否
2,train/images/nozzle_extrusion_normal_1200.jpg,train/images/nozzle_extrusion_normal_1137.jpg,0.769401,0.750142,1.000000,否
2,train/images/nozzle_extrusion_normal_1200.jpg,test/images/nozzle_extrusion_normal_1068.jpg,0.746855,0.751827,1.000000,否
2,train/images/nozzle_extrusion_normal_1200.jpg,train/images/nozzle_extrusion_normal_1114.jpg,0.748315,0.724703,1.000000,否
2,train/images/nozzle_extrusion_normal_1200.jpg,val/images/nozzle_extrusion_normal_1013.jpg,0.741913,0.907146,1.000000,否
2,train/images/nozzle_extrusion_normal_1200.jpg,test/images/nozzle_extrusion_normal_1216.jpg,0.722347,0.764367,1.000000,否
2,train/images/nozzle_extrusion_normal_1137.jpg,test/images/nozzle_extrusion_normal_1068.jpg,0.802132,0.929728,1.000000,否
2,train/images/nozzle_extrusion_normal_1137.jpg,train/images/nozzle_extrusion_normal_1114.jpg,0.798513,0.928591,1.000000,否
2,train/images/nozzle_extrusion_normal_1137.jpg,val/images/nozzle_extrusion_normal_1013.jpg,0.750409,0.717673,1.000000,否
2,train/images/nozzle_extrusion_normal_1137.jpg,test/images/nozzle_extrusion_normal_1216.jpg,0.764176,0.905874,1.000000,否
2,test/images/nozzle_extrusion_normal_1068.jpg,train/images/nozzle_extrusion_normal_1114.jpg,0.779392,0.938978,1.000000,否
2,test/images/nozzle_extrusion_normal_1068.jpg,val/images/nozzle_extrusion_normal_1013.jpg,0.775471,0.743844,1.000000,否
2,test/images/nozzle_extrusion_normal_1068.jpg,test/images/nozzle_extrusion_normal_1216.jpg,0.746169,0.893142,1.000000,否
2,train/images/nozzle_extrusion_normal_1114.jpg,val/images/nozzle_extrusion_normal_1013.jpg,0.733328,0.728108,1.000000,否
2,train/images/nozzle_extrusion_normal_1114.jpg,test/images/nozzle_extrusion_normal_1216.jpg,0.757174,0.882900,1.000000,否
2,val/images/nozzle_extrusion_normal_1013.jpg,test/images/nozzle_extrusion_normal_1216.jpg,0.695225,0.703929,1.000000,否
3,val/images/nozzle_no_extrusion_0381.jpg,test/images/nozzle_no_extrusion_0259.jpg,0.931613,0.924042,1.000000,否
3,val/images/nozzle_no_extrusion_0381.jpg,train/images/nozzle_no_extrusion_0379.jpg,0.658034,0.543722,1.000000,否
3,val/images/nozzle_no_extrusion_0381.jpg,train/images/nozzle_no_extrusion_0374.jpg,0.726395,0.756483,1.000000,否
3,val/images/nozzle_no_extrusion_0381.jpg,train/images/nozzle_no_extrusion_0189.jpg,0.708381,0.732773,1.000000,否
3,val/images/nozzle_no_extrusion_0381.jpg,train/images/nozzle_no_extrusion_0376.jpg,0.714615,0.663704,1.000000,否
3,val/images/nozzle_no_extrusion_0381.jpg,train/images/nozzle_no_extrusion_0380.jpg,0.702387,0.649450,1.000000,否
3,val/images/nozzle_no_extrusion_0381.jpg,train/images/nozzle_no_extrusion_0298.jpg,0.715119,0.661420,1.000000,否
3,val/images/nozzle_no_extrusion_0381.jpg,train/images/nozzle_no_extrusion_0265.jpg,0.752648,0.803632,1.000000,否
3,val/images/nozzle_no_extrusion_0381.jpg,train/images/nozzle_no_extrusion_0228.jpg,0.988609,0.959234,1.000000,是
3,val/images/nozzle_no_extrusion_0381.jpg,val/images/nozzle_no_extrusion_0301.jpg,0.660708,0.543089,1.000000,否
3,val/images/nozzle_no_extrusion_0381.jpg,val/images/nozzle_no_extrusion_0181.jpg,0.716878,0.750565,1.000000,否
3,val/images/nozzle_no_extrusion_0381.jpg,train/images/nozzle_no_extrusion_0342.jpg,0.657879,0.541631,1.000000,否
3,val/images/nozzle_no_extrusion_0381.jpg,train/images/nozzle_no_extrusion_0223.jpg,0.668948,0.584729,1.000000,否
3,val/images/nozzle_no_extrusion_0381.jpg,test/images/nozzle_no_extrusion_0297.jpg,0.751537,0.768000,1.000000,否
3,val/images/nozzle_no_extrusion_0381.jpg,train/images/nozzle_no_extrusion_0263.jpg,0.665437,0.571581,1.000000,否
3,val/images/nozzle_no_extrusion_0381.jpg,train/images/nozzle_no_extrusion_0186.jpg,0.655297,0.540053,1.000000,否
3,val/images/nozzle_no_extrusion_0381.jpg,train/images/nozzle_no_extrusion_0264.jpg,0.737680,0.714287,1.000000,否
3,val/images/nozzle_no_extrusion_0381.jpg,val/images/nozzle_no_extrusion_0377.jpg,0.660312,0.551084,1.000000,否
3,val/images/nozzle_no_extrusion_0381.jpg,train/images/nozzle_no_extrusion_0337.jpg,0.719419,0.753973,1.000000,否
3,val/images/nozzle_no_extrusion_0381.jpg,test/images/nozzle_no_extrusion_0221.jpg,0.751184,0.776161,1.000000,否
3,val/images/nozzle_no_extrusion_0381.jpg,train/images/nozzle_no_extrusion_0339.jpg,0.708656,0.653904,1.000000,否
3,val/images/nozzle_no_extrusion_0381.jpg,train/images/nozzle_no_extrusion_0183.jpg,0.709373,0.645550,1.000000,否
3,val/images/nozzle_no_extrusion_0381.jpg,train/images/nozzle_no_extrusion_0344.jpg,0.836189,0.868436,1.000000,否
3,val/images/nozzle_no_extrusion_0381.jpg,val/images/nozzle_no_extrusion_0343.jpg,0.719334,0.673395,1.000000,否
3,val/images/nozzle_no_extrusion_0381.jpg,train/images/nozzle_no_extrusion_0260.jpg,0.724621,0.668758,1.000000,否
3,val/images/nozzle_no_extrusion_0381.jpg,train/images/nozzle_no_extrusion_0184.jpg,0.656438,0.548616,1.000000,否
3,val/images/nozzle_no_extrusion_0381.jpg,train/images/nozzle_no_extrusion_0226.jpg,0.645630,0.530125,1.000000,否
3,val/images/nozzle_no_extrusion_0381.jpg,train/images/nozzle_no_extrusion_0303.jpg,0.917409,0.919378,1.000000,否
3,val/images/nozzle_no_extrusion_0381.jpg,train/images/nozzle_no_extrusion_0299.jpg,0.663417,0.547473,1.000000,否
3,val/images/nozzle_no_extrusion_0381.jpg,train/images/nozzle_no_extrusion_0227.jpg,0.694427,0.632075,1.000000,否
3,val/images/nozzle_no_extrusion_0381.jpg,train/images/nozzle_no_extrusion_0224.jpg,0.639831,0.514112,1.000000,否
3,val/images/nozzle_no_extrusion_0381.jpg,train/images/nozzle_no_extrusion_0375.jpg,0.957423,0.947125,1.000000,否
3,val/images/nozzle_no_extrusion_0381.jpg,train/images/nozzle_no_extrusion_0340.jpg,0.659760,0.547244,1.000000,否
3,val/images/nozzle_no_extrusion_0381.jpg,test/images/nozzle_no_extrusion_0229.jpg,0.709394,0.743593,1.000000,否
3,val/images/nozzle_no_extrusion_0381.jpg,val/images/nozzle_no_extrusion_0187.jpg,0.704413,0.640705,1.000000,否
3,val/images/nozzle_no_extrusion_0381.jpg,val/images/nozzle_no_extrusion_0302.jpg,0.720386,0.674769,1.000000,否
3,val/images/nozzle_no_extrusion_0381.jpg,test/images/nozzle_no_extrusion_0261.jpg,0.668386,0.561342,1.000000,否
3,val/images/nozzle_no_extrusion_0381.jpg,train/images/nozzle_no_extrusion_0182.jpg,0.932608,0.895118,1.000000,否
3,val/images/nozzle_no_extrusion_0381.jpg,val/images/nozzle_no_extrusion_0222.jpg,0.751875,0.752720,1.000000,否
3,val/images/nozzle_no_extrusion_0381.jpg,train/images/nozzle_no_extrusion_0188.jpg,0.916399,0.876081,1.000000,否
3,val/images/nozzle_no_extrusion_0381.jpg,val/images/nozzle_no_extrusion_0382.jpg,0.724243,0.761293,1.000000,否
3,val/images/nozzle_no_extrusion_0381.jpg,val/images/nozzle_no_extrusion_0258.jpg,0.710953,0.750125,1.000000,否
3,val/images/nozzle_no_extrusion_0381.jpg,val/images/nozzle_no_extrusion_0338.jpg,0.972852,0.961564,1.000000,是
3,test/images/nozzle_no_extrusion_0259.jpg,train/images/nozzle_no_extrusion_0379.jpg,0.643786,0.519803,1.000000,否
3,test/images/nozzle_no_extrusion_0259.jpg,train/images/nozzle_no_extrusion_0374.jpg,0.745603,0.780292,1.000000,否
3,test/images/nozzle_no_extrusion_0259.jpg,train/images/nozzle_no_extrusion_0189.jpg,0.725862,0.766429,1.000000,否
3,test/images/nozzle_no_extrusion_0259.jpg,train/images/nozzle_no_extrusion_0376.jpg,0.696353,0.648351,1.000000,否
3,test/images/nozzle_no_extrusion_0259.jpg,train/images/nozzle_no_extrusion_0380.jpg,0.687460,0.624769,1.000000,否
3,test/images/nozzle_no_extrusion_0259.jpg,train/images/nozzle_no_extrusion_0298.jpg,0.698426,0.651096,1.000000,否
3,test/images/nozzle_no_extrusion_0259.jpg,train/images/nozzle_no_extrusion_0265.jpg,0.809041,0.849526,1.000000,否
3,test/images/nozzle_no_extrusion_0259.jpg,train/images/nozzle_no_extrusion_0228.jpg,0.947735,0.927379,1.000000,否
3,test/images/nozzle_no_extrusion_0259.jpg,val/images/nozzle_no_extrusion_0301.jpg,0.647057,0.523568,1.000000,否
3,test/images/nozzle_no_extrusion_0259.jpg,val/images/nozzle_no_extrusion_0181.jpg,0.729873,0.793023,1.000000,否
3,test/images/nozzle_no_extrusion_0259.jpg,train/images/nozzle_no_extrusion_0342.jpg,0.643737,0.520815,1.000000,否
3,test/images/nozzle_no_extrusion_0259.jpg,train/images/nozzle_no_extrusion_0223.jpg,0.659778,0.574309,1.000000,否
3,test/images/nozzle_no_extrusion_0259.jpg,test/images/nozzle_no_extrusion_0297.jpg,0.766648,0.798414,1.000000,否
3,test/images/nozzle_no_extrusion_0259.jpg,train/images/nozzle_no_extrusion_0263.jpg,0.656858,0.553360,1.000000,否
3,test/images/nozzle_no_extrusion_0259.jpg,train/images/nozzle_no_extrusion_0186.jpg,0.645285,0.517948,1.000000,否
3,test/images/nozzle_no_extrusion_0259.jpg,train/images/nozzle_no_extrusion_0264.jpg,0.720384,0.691940,1.000000,否
3,test/images/nozzle_no_extrusion_0259.jpg,val/images/nozzle_no_extrusion_0377.jpg,0.649352,0.529654,1.000000,否
3,test/images/nozzle_no_extrusion_0259.jpg,train/images/nozzle_no_extrusion_0337.jpg,0.737375,0.780877,1.000000,否
3,test/images/nozzle_no_extrusion_0259.jpg,test/images/nozzle_no_extrusion_0221.jpg,0.766257,0.820444,1.000000,否
3,test/images/nozzle_no_extrusion_0259.jpg,train/images/nozzle_no_extrusion_0339.jpg,0.693722,0.639780,1.000000,否
3,test/images/nozzle_no_extrusion_0259.jpg,train/images/nozzle_no_extrusion_0183.jpg,0.696119,0.640678,1.000000,否
3,test/images/nozzle_no_extrusion_0259.jpg,train/images/nozzle_no_extrusion_0344.jpg,0.930034,0.922858,1.000000,否
3,test/images/nozzle_no_extrusion_0259.jpg,val/images/nozzle_no_extrusion_0343.jpg,0.699762,0.651333,1.000000,否
3,test/images/nozzle_no_extrusion_0259.jpg,train/images/nozzle_no_extrusion_0260.jpg,0.705563,0.659314,1.000000,否
3,test/images/nozzle_no_extrusion_0259.jpg,train/images/nozzle_no_extrusion_0184.jpg,0.642573,0.529518,1.000000,否
3,test/images/nozzle_no_extrusion_0259.jpg,train/images/nozzle_no_extrusion_0226.jpg,0.636971,0.504092,1.000000,否
3,test/images/nozzle_no_extrusion_0259.jpg,train/images/nozzle_no_extrusion_0303.jpg,0.965807,0.957042,1.000000,是
3,test/images/nozzle_no_extrusion_0259.jpg,train/images/nozzle_no_extrusion_0299.jpg,0.652670,0.532377,1.000000,否
3,test/images/nozzle_no_extrusion_0259.jpg,train/images/nozzle_no_extrusion_0227.jpg,0.679032,0.614920,1.000000,否
3,test/images/nozzle_no_extrusion_0259.jpg,train/images/nozzle_no_extrusion_0224.jpg,0.629696,0.485919,1.000000,否
3,test/images/nozzle_no_extrusion_0259.jpg,train/images/nozzle_no_extrusion_0375.jpg,0.882215,0.893865,1.000000,否
3,test/images/nozzle_no_extrusion_0259.jpg,train/images/nozzle_no_extrusion_0340.jpg,0.646594,0.526843,1.000000,否
3,test/images/nozzle_no_extrusion_0259.jpg,test/images/nozzle_no_extrusion_0229.jpg,0.725449,0.776896,1.000000,否
3,test/images/nozzle_no_extrusion_0259.jpg,val/images/nozzle_no_extrusion_0187.jpg,0.692629,0.627637,1.000000,否
3,test/images/nozzle_no_extrusion_0259.jpg,val/images/nozzle_no_extrusion_0302.jpg,0.701122,0.653773,1.000000,否
3,test/images/nozzle_no_extrusion_0259.jpg,test/images/nozzle_no_extrusion_0261.jpg,0.659599,0.548089,1.000000,否
3,test/images/nozzle_no_extrusion_0259.jpg,train/images/nozzle_no_extrusion_0182.jpg,0.847343,0.861794,1.000000,否
3,test/images/nozzle_no_extrusion_0259.jpg,val/images/nozzle_no_extrusion_0222.jpg,0.739165,0.727895,1.000000,否
3,test/images/nozzle_no_extrusion_0259.jpg,train/images/nozzle_no_extrusion_0188.jpg,0.951513,0.925079,1.000000,否
3,test/images/nozzle_no_extrusion_0259.jpg,val/images/nozzle_no_extrusion_0382.jpg,0.743212,0.778708,1.000000,否
3,test/images/nozzle_no_extrusion_0259.jpg,val/images/nozzle_no_extrusion_0258.jpg,0.727914,0.788172,1.000000,否
3,test/images/nozzle_no_extrusion_0259.jpg,val/images/nozzle_no_extrusion_0338.jpg,0.952922,0.941879,1.000000,否
3,train/images/nozzle_no_extrusion_0379.jpg,train/images/nozzle_no_extrusion_0374.jpg,0.633901,0.526076,1.000000,否
3,train/images/nozzle_no_extrusion_0379.jpg,train/images/nozzle_no_extrusion_0189.jpg,0.631327,0.503318,1.000000,否
3,train/images/nozzle_no_extrusion_0379.jpg,train/images/nozzle_no_extrusion_0376.jpg,0.688172,0.694321,1.000000,否
3,train/images/nozzle_no_extrusion_0379.jpg,train/images/nozzle_no_extrusion_0380.jpg,0.696327,0.722252,1.000000,否
3,train/images/nozzle_no_extrusion_0379.jpg,train/images/nozzle_no_extrusion_0298.jpg,0.686741,0.693017,1.000000,否
3,train/images/nozzle_no_extrusion_0379.jpg,train/images/nozzle_no_extrusion_0265.jpg,0.642335,0.538383,1.000000,否
3,train/images/nozzle_no_extrusion_0379.jpg,train/images/nozzle_no_extrusion_0228.jpg,0.655329,0.538120,1.000000,否
3,train/images/nozzle_no_extrusion_0379.jpg,val/images/nozzle_no_extrusion_0301.jpg,0.992992,0.966036,1.000000,是
3,train/images/nozzle_no_extrusion_0379.jpg,val/images/nozzle_no_extrusion_0181.jpg,0.631547,0.511123,1.000000,否
3,train/images/nozzle_no_extrusion_0379.jpg,train/images/nozzle_no_extrusion_0342.jpg,0.996377,0.968751,1.000000,是
3,train/images/nozzle_no_extrusion_0379.jpg,train/images/nozzle_no_extrusion_0223.jpg,0.725797,0.824564,1.000000,否
3,train/images/nozzle_no_extrusion_0379.jpg,test/images/nozzle_no_extrusion_0297.jpg,0.649749,0.535354,1.000000,否
3,train/images/nozzle_no_extrusion_0379.jpg,train/images/nozzle_no_extrusion_0263.jpg,0.845854,0.896195,1.000000,否
3,train/images/nozzle_no_extrusion_0379.jpg,train/images/nozzle_no_extrusion_0186.jpg,0.898283,0.942348,1.000000,否
3,train/images/nozzle_no_extrusion_0379.jpg,train/images/nozzle_no_extrusion_0264.jpg,0.668858,0.642252,1.000000,否
3,train/images/nozzle_no_extrusion_0379.jpg,val/images/nozzle_no_extrusion_0377.jpg,0.949062,0.950268,1.000000,否
3,train/images/nozzle_no_extrusion_0379.jpg,train/images/nozzle_no_extrusion_0337.jpg,0.636278,0.525792,1.000000,否
3,train/images/nozzle_no_extrusion_0379.jpg,test/images/nozzle_no_extrusion_0221.jpg,0.642468,0.529955,1.000000,否
3,train/images/nozzle_no_extrusion_0379.jpg,train/images/nozzle_no_extrusion_0339.jpg,0.692809,0.705566,1.000000,否
3,train/images/nozzle_no_extrusion_0379.jpg,train/images/nozzle_no_extrusion_0183.jpg,0.693405,0.699837,1.000000,否
3,train/images/nozzle_no_extrusion_0379.jpg,train/images/nozzle_no_extrusion_0344.jpg,0.644100,0.526774,1.000000,否
3,train/images/nozzle_no_extrusion_0379.jpg,val/images/nozzle_no_extrusion_0343.jpg,0.683697,0.688543,1.000000,否
3,train/images/nozzle_no_extrusion_0379.jpg,train/images/nozzle_no_extrusion_0260.jpg,0.681616,0.677210,1.000000,否
3,train/images/nozzle_no_extrusion_0379.jpg,train/images/nozzle_no_extrusion_0184.jpg,0.907004,0.945768,1.000000,否
3,train/images/nozzle_no_extrusion_0379.jpg,train/images/nozzle_no_extrusion_0226.jpg,0.792466,0.900483,1.000000,否
3,train/images/nozzle_no_extrusion_0379.jpg,train/images/nozzle_no_extrusion_0303.jpg,0.647106,0.527644,1.000000,否
3,train/images/nozzle_no_extrusion_0379.jpg,train/images/nozzle_no_extrusion_0299.jpg,0.950064,0.951115,1.000000,是
3,train/images/nozzle_no_extrusion_0379.jpg,train/images/nozzle_no_extrusion_0227.jpg,0.708450,0.756199,1.000000,否
3,train/images/nozzle_no_extrusion_0379.jpg,train/images/nozzle_no_extrusion_0224.jpg,0.707497,0.847525,1.000000,否
3,train/images/nozzle_no_extrusion_0379.jpg,train/images/nozzle_no_extrusion_0375.jpg,0.648874,0.543953,1.000000,否
3,train/images/nozzle_no_extrusion_0379.jpg,train/images/nozzle_no_extrusion_0340.jpg,0.965168,0.960196,1.000000,是
3,train/images/nozzle_no_extrusion_0379.jpg,test/images/nozzle_no_extrusion_0229.jpg,0.634794,0.515881,1.000000,否
3,train/images/nozzle_no_extrusion_0379.jpg,val/images/nozzle_no_extrusion_0187.jpg,0.696881,0.713475,1.000000,否
3,train/images/nozzle_no_extrusion_0379.jpg,val/images/nozzle_no_extrusion_0302.jpg,0.679806,0.687099,1.000000,否
3,train/images/nozzle_no_extrusion_0379.jpg,test/images/nozzle_no_extrusion_0261.jpg,0.906711,0.915127,1.000000,否
3,train/images/nozzle_no_extrusion_0379.jpg,train/images/nozzle_no_extrusion_0182.jpg,0.650880,0.523903,1.000000,否
3,train/images/nozzle_no_extrusion_0379.jpg,val/images/nozzle_no_extrusion_0222.jpg,0.652151,0.606570,1.000000,否
3,train/images/nozzle_no_extrusion_0379.jpg,train/images/nozzle_no_extrusion_0188.jpg,0.650533,0.528358,1.000000,否
3,train/images/nozzle_no_extrusion_0379.jpg,val/images/nozzle_no_extrusion_0382.jpg,0.632372,0.526969,1.000000,否
3,train/images/nozzle_no_extrusion_0379.jpg,val/images/nozzle_no_extrusion_0258.jpg,0.630029,0.505150,1.000000,否
3,train/images/nozzle_no_extrusion_0379.jpg,val/images/nozzle_no_extrusion_0338.jpg,0.646925,0.529091,1.000000,否
3,train/images/nozzle_no_extrusion_0374.jpg,train/images/nozzle_no_extrusion_0189.jpg,0.908056,0.900513,1.000000,否
3,train/images/nozzle_no_extrusion_0374.jpg,train/images/nozzle_no_extrusion_0376.jpg,0.680059,0.683677,1.000000,否
3,train/images/nozzle_no_extrusion_0374.jpg,train/images/nozzle_no_extrusion_0380.jpg,0.670430,0.657857,1.000000,否
3,train/images/nozzle_no_extrusion_0374.jpg,train/images/nozzle_no_extrusion_0298.jpg,0.682093,0.682948,1.000000,否
3,train/images/nozzle_no_extrusion_0374.jpg,train/images/nozzle_no_extrusion_0265.jpg,0.772134,0.868661,1.000000,否
3,train/images/nozzle_no_extrusion_0374.jpg,train/images/nozzle_no_extrusion_0228.jpg,0.730257,0.750036,1.000000,否
3,train/images/nozzle_no_extrusion_0374.jpg,val/images/nozzle_no_extrusion_0301.jpg,0.635854,0.527231,1.000000,否
3,train/images/nozzle_no_extrusion_0374.jpg,val/images/nozzle_no_extrusion_0181.jpg,0.785504,0.891938,1.000000,否
3,train/images/nozzle_no_extrusion_0374.jpg,train/images/nozzle_no_extrusion_0342.jpg,0.634818,0.525544,1.000000,否
3,train/images/nozzle_no_extrusion_0374.jpg,train/images/nozzle_no_extrusion_0223.jpg,0.657294,0.578533,1.000000,否
3,train/images/nozzle_no_extrusion_0374.jpg,test/images/nozzle_no_extrusion_0297.jpg,0.882347,0.940905,1.000000,否
3,train/images/nozzle_no_extrusion_0374.jpg,train/images/nozzle_no_extrusion_0263.jpg,0.646957,0.560870,1.000000,否
3,train/images/nozzle_no_extrusion_0374.jpg,train/images/nozzle_no_extrusion_0186.jpg,0.637891,0.522409,1.000000,否
3,train/images/nozzle_no_extrusion_0374.jpg,train/images/nozzle_no_extrusion_0264.jpg,0.682468,0.736639,1.000000,否
3,train/images/nozzle_no_extrusion_0374.jpg,val/images/nozzle_no_extrusion_0377.jpg,0.639291,0.537162,1.000000,否
3,train/images/nozzle_no_extrusion_0374.jpg,train/images/nozzle_no_extrusion_0337.jpg,0.979180,0.965995,1.000000,是
3,train/images/nozzle_no_extrusion_0374.jpg,test/images/nozzle_no_extrusion_0221.jpg,0.816060,0.902677,1.000000,否
3,train/images/nozzle_no_extrusion_0374.jpg,train/images/nozzle_no_extrusion_0339.jpg,0.678033,0.671823,1.000000,否
3,train/images/nozzle_no_extrusion_0374.jpg,train/images/nozzle_no_extrusion_0183.jpg,0.680442,0.667986,1.000000,否
3,train/images/nozzle_no_extrusion_0374.jpg,train/images/nozzle_no_extrusion_0344.jpg,0.753706,0.809322,1.000000,否
3,train/images/nozzle_no_extrusion_0374.jpg,val/images/nozzle_no_extrusion_0343.jpg,0.677104,0.694322,1.000000,否
3,train/images/nozzle_no_extrusion_0374.jpg,train/images/nozzle_no_extrusion_0260.jpg,0.685199,0.696501,1.000000,否
3,train/images/nozzle_no_extrusion_0374.jpg,train/images/nozzle_no_extrusion_0184.jpg,0.641546,0.525715,1.000000,否
3,train/images/nozzle_no_extrusion_0374.jpg,train/images/nozzle_no_extrusion_0226.jpg,0.626757,0.512178,1.000000,否
3,train/images/nozzle_no_extrusion_0374.jpg,train/images/nozzle_no_extrusion_0303.jpg,0.740188,0.778985,1.000000,否
3,train/images/nozzle_no_extrusion_0374.jpg,train/images/nozzle_no_extrusion_0299.jpg,0.640484,0.538405,1.000000,否
3,train/images/nozzle_no_extrusion_0374.jpg,train/images/nozzle_no_extrusion_0227.jpg,0.667453,0.632410,1.000000,否
3,train/images/nozzle_no_extrusion_0374.jpg,train/images/nozzle_no_extrusion_0224.jpg,0.621464,0.498811,1.000000,否
3,train/images/nozzle_no_extrusion_0374.jpg,train/images/nozzle_no_extrusion_0375.jpg,0.724979,0.761885,1.000000,否
3,train/images/nozzle_no_extrusion_0374.jpg,train/images/nozzle_no_extrusion_0340.jpg,0.637825,0.531274,1.000000,否
3,train/images/nozzle_no_extrusion_0374.jpg,test/images/nozzle_no_extrusion_0229.jpg,0.897646,0.932539,1.000000,否
3,train/images/nozzle_no_extrusion_0374.jpg,val/images/nozzle_no_extrusion_0187.jpg,0.671943,0.655022,1.000000,否
3,train/images/nozzle_no_extrusion_0374.jpg,val/images/nozzle_no_extrusion_0302.jpg,0.676511,0.698080,1.000000,否
3,train/images/nozzle_no_extrusion_0374.jpg,test/images/nozzle_no_extrusion_0261.jpg,0.646251,0.551050,1.000000,否
3,train/images/nozzle_no_extrusion_0374.jpg,train/images/nozzle_no_extrusion_0182.jpg,0.723581,0.726854,1.000000,否
3,train/images/nozzle_no_extrusion_0374.jpg,val/images/nozzle_no_extrusion_0222.jpg,0.693367,0.748761,1.000000,否
3,train/images/nozzle_no_extrusion_0374.jpg,train/images/nozzle_no_extrusion_0188.jpg,0.742054,0.754853,1.000000,否
3,train/images/nozzle_no_extrusion_0374.jpg,val/images/nozzle_no_extrusion_0382.jpg,0.983979,0.954673,1.000000,是
3,train/images/nozzle_no_extrusion_0374.jpg,val/images/nozzle_no_extrusion_0258.jpg,0.912242,0.945115,1.000000,否
3,train/images/nozzle_no_extrusion_0374.jpg,val/images/nozzle_no_extrusion_0338.jpg,0.731456,0.764754,1.000000,否
3,train/images/nozzle_no_extrusion_0189.jpg,train/images/nozzle_no_extrusion_0376.jpg,0.672467,0.652314,1.000000,否
3,train/images/nozzle_no_extrusion_0189.jpg,train/images/nozzle_no_extrusion_0380.jpg,0.664325,0.631313,1.000000,否
3,train/images/nozzle_no_extrusion_0189.jpg,train/images/nozzle_no_extrusion_0298.jpg,0.675160,0.655751,1.000000,否
3,train/images/nozzle_no_extrusion_0189.jpg,train/images/nozzle_no_extrusion_0265.jpg,0.755702,0.844623,1.000000,否
3,train/images/nozzle_no_extrusion_0189.jpg,train/images/nozzle_no_extrusion_0228.jpg,0.711635,0.738142,1.000000,否
3,train/images/nozzle_no_extrusion_0189.jpg,val/images/nozzle_no_extrusion_0301.jpg,0.633618,0.506999,1.000000,否
3,train/images/nozzle_no_extrusion_0189.jpg,val/images/nozzle_no_extrusion_0181.jpg,0.794405,0.912125,1.000000,否
3,train/images/nozzle_no_extrusion_0189.jpg,train/images/nozzle_no_extrusion_0342.jpg,0.632158,0.503761,1.000000,否
3,train/images/nozzle_no_extrusion_0189.jpg,train/images/nozzle_no_extrusion_0223.jpg,0.650991,0.575305,1.000000,否
3,train/images/nozzle_no_extrusion_0189.jpg,test/images/nozzle_no_extrusion_0297.jpg,0.833083,0.893368,1.000000,否
3,train/images/nozzle_no_extrusion_0189.jpg,train/images/nozzle_no_extrusion_0263.jpg,0.642759,0.547511,1.000000,否
3,train/images/nozzle_no_extrusion_0189.jpg,train/images/nozzle_no_extrusion_0186.jpg,0.635383,0.501697,1.000000,否
3,train/images/nozzle_no_extrusion_0189.jpg,train/images/nozzle_no_extrusion_0264.jpg,0.681663,0.712103,1.000000,否
3,train/images/nozzle_no_extrusion_0189.jpg,val/images/nozzle_no_extrusion_0377.jpg,0.637649,0.515418,1.000000,否
3,train/images/nozzle_no_extrusion_0189.jpg,train/images/nozzle_no_extrusion_0337.jpg,0.941620,0.909736,1.000000,否
3,train/images/nozzle_no_extrusion_0189.jpg,test/images/nozzle_no_extrusion_0221.jpg,0.769532,0.853003,1.000000,否
3,train/images/nozzle_no_extrusion_0189.jpg,train/images/nozzle_no_extrusion_0339.jpg,0.670084,0.644732,1.000000,否
3,train/images/nozzle_no_extrusion_0189.jpg,train/images/nozzle_no_extrusion_0183.jpg,0.672707,0.648416,1.000000,否
3,train/images/nozzle_no_extrusion_0189.jpg,train/images/nozzle_no_extrusion_0344.jpg,0.733383,0.786016,1.000000,否
3,train/images/nozzle_no_extrusion_0189.jpg,val/images/nozzle_no_extrusion_0343.jpg,0.675887,0.664568,1.000000,否
3,train/images/nozzle_no_extrusion_0189.jpg,train/images/nozzle_no_extrusion_0260.jpg,0.680914,0.668530,1.000000,否
3,train/images/nozzle_no_extrusion_0189.jpg,train/images/nozzle_no_extrusion_0184.jpg,0.636881,0.503588,1.000000,否
3,train/images/nozzle_no_extrusion_0189.jpg,train/images/nozzle_no_extrusion_0226.jpg,0.621715,0.493217,1.000000,否
3,train/images/nozzle_no_extrusion_0189.jpg,train/images/nozzle_no_extrusion_0303.jpg,0.716906,0.761561,1.000000,否
3,train/images/nozzle_no_extrusion_0189.jpg,train/images/nozzle_no_extrusion_0299.jpg,0.639166,0.520259,1.000000,否
3,train/images/nozzle_no_extrusion_0189.jpg,train/images/nozzle_no_extrusion_0227.jpg,0.662111,0.617909,1.000000,否
3,train/images/nozzle_no_extrusion_0189.jpg,train/images/nozzle_no_extrusion_0224.jpg,0.617135,0.475935,1.000000,否
3,train/images/nozzle_no_extrusion_0189.jpg,train/images/nozzle_no_extrusion_0375.jpg,0.709725,0.732599,1.000000,否
3,train/images/nozzle_no_extrusion_0189.jpg,train/images/nozzle_no_extrusion_0340.jpg,0.635363,0.507287,1.000000,否
3,train/images/nozzle_no_extrusion_0189.jpg,test/images/nozzle_no_extrusion_0229.jpg,0.975761,0.928919,1.000000,否
3,train/images/nozzle_no_extrusion_0189.jpg,val/images/nozzle_no_extrusion_0187.jpg,0.667718,0.637044,1.000000,否
3,train/images/nozzle_no_extrusion_0189.jpg,val/images/nozzle_no_extrusion_0302.jpg,0.677645,0.670245,1.000000,否
3,train/images/nozzle_no_extrusion_0189.jpg,test/images/nozzle_no_extrusion_0261.jpg,0.644410,0.539124,1.000000,否
3,train/images/nozzle_no_extrusion_0189.jpg,train/images/nozzle_no_extrusion_0182.jpg,0.711184,0.743551,1.000000,否
3,train/images/nozzle_no_extrusion_0189.jpg,val/images/nozzle_no_extrusion_0222.jpg,0.685319,0.735492,1.000000,否
3,train/images/nozzle_no_extrusion_0189.jpg,train/images/nozzle_no_extrusion_0188.jpg,0.722110,0.769472,1.000000,否
3,train/images/nozzle_no_extrusion_0189.jpg,val/images/nozzle_no_extrusion_0382.jpg,0.885840,0.883538,1.000000,否
3,train/images/nozzle_no_extrusion_0189.jpg,val/images/nozzle_no_extrusion_0258.jpg,0.970643,0.932142,1.000000,否
3,train/images/nozzle_no_extrusion_0189.jpg,val/images/nozzle_no_extrusion_0338.jpg,0.714790,0.740936,1.000000,否
3,train/images/nozzle_no_extrusion_0376.jpg,train/images/nozzle_no_extrusion_0380.jpg,0.955306,0.962615,1.000000,是
3,train/images/nozzle_no_extrusion_0376.jpg,train/images/nozzle_no_extrusion_0298.jpg,0.995966,0.971369,1.000000,是
3,train/images/nozzle_no_extrusion_0376.jpg,train/images/nozzle_no_extrusion_0265.jpg,0.681668,0.693728,1.000000,否
3,train/images/nozzle_no_extrusion_0376.jpg,train/images/nozzle_no_extrusion_0228.jpg,0.711897,0.660987,1.000000,否
3,train/images/nozzle_no_extrusion_0376.jpg,val/images/nozzle_no_extrusion_0301.jpg,0.691072,0.696991,1.000000,否
3,train/images/nozzle_no_extrusion_0376.jpg,val/images/nozzle_no_extrusion_0181.jpg,0.676367,0.645654,1.000000,否
3,train/images/nozzle_no_extrusion_0376.jpg,train/images/nozzle_no_extrusion_0342.jpg,0.687779,0.692557,1.000000,否
3,train/images/nozzle_no_extrusion_0376.jpg,train/images/nozzle_no_extrusion_0223.jpg,0.716044,0.802267,1.000000,否
3,train/images/nozzle_no_extrusion_0376.jpg,test/images/nozzle_no_extrusion_0297.jpg,0.702854,0.691945,1.000000,否
3,train/images/nozzle_no_extrusion_0376.jpg,train/images/nozzle_no_extrusion_0263.jpg,0.708762,0.755028,1.000000,否
3,train/images/nozzle_no_extrusion_0376.jpg,train/images/nozzle_no_extrusion_0186.jpg,0.682269,0.675078,1.000000,否
3,train/images/nozzle_no_extrusion_0376.jpg,train/images/nozzle_no_extrusion_0264.jpg,0.814931,0.875027,1.000000,否
3,train/images/nozzle_no_extrusion_0376.jpg,val/images/nozzle_no_extrusion_0377.jpg,0.695432,0.716283,1.000000,否
3,train/images/nozzle_no_extrusion_0376.jpg,train/images/nozzle_no_extrusion_0337.jpg,0.679593,0.677854,1.000000,否
3,train/images/nozzle_no_extrusion_0376.jpg,test/images/nozzle_no_extrusion_0221.jpg,0.678974,0.702823,1.000000,否
3,train/images/nozzle_no_extrusion_0376.jpg,train/images/nozzle_no_extrusion_0339.jpg,0.985329,0.969000,1.000000,是
3,train/images/nozzle_no_extrusion_0376.jpg,train/images/nozzle_no_extrusion_0183.jpg,0.968000,0.957231,1.000000,是
3,train/images/nozzle_no_extrusion_0376.jpg,train/images/nozzle_no_extrusion_0344.jpg,0.693759,0.664199,1.000000,否
3,train/images/nozzle_no_extrusion_0376.jpg,val/images/nozzle_no_extrusion_0343.jpg,0.954962,0.956636,1.000000,是
3,train/images/nozzle_no_extrusion_0376.jpg,train/images/nozzle_no_extrusion_0260.jpg,0.977072,0.959737,1.000000,是
3,train/images/nozzle_no_extrusion_0376.jpg,train/images/nozzle_no_extrusion_0184.jpg,0.683175,0.685176,1.000000,否
3,train/images/nozzle_no_extrusion_0376.jpg,train/images/nozzle_no_extrusion_0226.jpg,0.661423,0.660507,1.000000,否
3,train/images/nozzle_no_extrusion_0376.jpg,train/images/nozzle_no_extrusion_0303.jpg,0.698375,0.654219,1.000000,否
3,train/images/nozzle_no_extrusion_0376.jpg,train/images/nozzle_no_extrusion_0299.jpg,0.695561,0.717947,1.000000,否
3,train/images/nozzle_no_extrusion_0376.jpg,train/images/nozzle_no_extrusion_0227.jpg,0.886128,0.916584,1.000000,否
3,train/images/nozzle_no_extrusion_0376.jpg,train/images/nozzle_no_extrusion_0224.jpg,0.646516,0.632971,1.000000,否
3,train/images/nozzle_no_extrusion_0376.jpg,train/images/nozzle_no_extrusion_0375.jpg,0.714081,0.675511,1.000000,否
3,train/images/nozzle_no_extrusion_0376.jpg,train/images/nozzle_no_extrusion_0340.jpg,0.689948,0.705971,1.000000,否
3,train/images/nozzle_no_extrusion_0376.jpg,test/images/nozzle_no_extrusion_0229.jpg,0.668837,0.661774,1.000000,否
3,train/images/nozzle_no_extrusion_0376.jpg,val/images/nozzle_no_extrusion_0187.jpg,0.928881,0.951034,1.000000,否
3,train/images/nozzle_no_extrusion_0376.jpg,val/images/nozzle_no_extrusion_0302.jpg,0.935013,0.948181,1.000000,否
3,train/images/nozzle_no_extrusion_0376.jpg,test/images/nozzle_no_extrusion_0261.jpg,0.706668,0.739776,1.000000,否
3,train/images/nozzle_no_extrusion_0376.jpg,train/images/nozzle_no_extrusion_0182.jpg,0.717940,0.656332,1.000000,否
3,train/images/nozzle_no_extrusion_0376.jpg,val/images/nozzle_no_extrusion_0222.jpg,0.734292,0.816966,1.000000,否
3,train/images/nozzle_no_extrusion_0376.jpg,train/images/nozzle_no_extrusion_0188.jpg,0.700220,0.636550,1.000000,否
3,train/images/nozzle_no_extrusion_0376.jpg,val/images/nozzle_no_extrusion_0382.jpg,0.677075,0.683807,1.000000,否
3,train/images/nozzle_no_extrusion_0376.jpg,val/images/nozzle_no_extrusion_0258.jpg,0.673127,0.658819,1.000000,否
3,train/images/nozzle_no_extrusion_0376.jpg,val/images/nozzle_no_extrusion_0338.jpg,0.705169,0.655768,1.000000,否
3,train/images/nozzle_no_extrusion_0380.jpg,train/images/nozzle_no_extrusion_0298.jpg,0.955657,0.956448,1.000000,是
3,train/images/nozzle_no_extrusion_0380.jpg,train/images/nozzle_no_extrusion_0265.jpg,0.671550,0.680793,1.000000,否
3,train/images/nozzle_no_extrusion_0380.jpg,train/images/nozzle_no_extrusion_0228.jpg,0.699660,0.644776,1.000000,否
3,train/images/nozzle_no_extrusion_0380.jpg,val/images/nozzle_no_extrusion_0301.jpg,0.698803,0.725231,1.000000,否
3,train/images/nozzle_no_extrusion_0380.jpg,val/images/nozzle_no_extrusion_0181.jpg,0.668910,0.626701,1.000000,否
3,train/images/nozzle_no_extrusion_0380.jpg,train/images/nozzle_no_extrusion_0342.jpg,0.695108,0.717934,1.000000,否
3,train/images/nozzle_no_extrusion_0380.jpg,train/images/nozzle_no_extrusion_0223.jpg,0.723762,0.824155,1.000000,否
3,train/images/nozzle_no_extrusion_0380.jpg,test/images/nozzle_no_extrusion_0297.jpg,0.692857,0.667708,1.000000,否
3,train/images/nozzle_no_extrusion_0380.jpg,train/images/nozzle_no_extrusion_0263.jpg,0.719798,0.782069,1.000000,否
3,train/images/nozzle_no_extrusion_0380.jpg,train/images/nozzle_no_extrusion_0186.jpg,0.687127,0.699654,1.000000,否
3,train/images/nozzle_no_extrusion_0380.jpg,train/images/nozzle_no_extrusion_0264.jpg,0.755014,0.849201,1.000000,否
3,train/images/nozzle_no_extrusion_0380.jpg,val/images/nozzle_no_extrusion_0377.jpg,0.706057,0.738574,1.000000,否
3,train/images/nozzle_no_extrusion_0380.jpg,train/images/nozzle_no_extrusion_0337.jpg,0.669348,0.652857,1.000000,否
3,train/images/nozzle_no_extrusion_0380.jpg,test/images/nozzle_no_extrusion_0221.jpg,0.670227,0.685663,1.000000,否
3,train/images/nozzle_no_extrusion_0380.jpg,train/images/nozzle_no_extrusion_0339.jpg,0.969023,0.963576,1.000000,是
3,train/images/nozzle_no_extrusion_0380.jpg,train/images/nozzle_no_extrusion_0183.jpg,0.958336,0.948462,1.000000,否
3,train/images/nozzle_no_extrusion_0380.jpg,train/images/nozzle_no_extrusion_0344.jpg,0.685059,0.647447,1.000000,否
3,train/images/nozzle_no_extrusion_0380.jpg,val/images/nozzle_no_extrusion_0343.jpg,0.931582,0.939535,1.000000,否
3,train/images/nozzle_no_extrusion_0380.jpg,train/images/nozzle_no_extrusion_0260.jpg,0.916882,0.933802,1.000000,否
3,train/images/nozzle_no_extrusion_0380.jpg,train/images/nozzle_no_extrusion_0184.jpg,0.688196,0.707810,1.000000,否
3,train/images/nozzle_no_extrusion_0380.jpg,train/images/nozzle_no_extrusion_0226.jpg,0.668957,0.680645,1.000000,否
3,train/images/nozzle_no_extrusion_0380.jpg,train/images/nozzle_no_extrusion_0303.jpg,0.690384,0.635354,1.000000,否
3,train/images/nozzle_no_extrusion_0380.jpg,train/images/nozzle_no_extrusion_0299.jpg,0.706036,0.742054,1.000000,否
3,train/images/nozzle_no_extrusion_0380.jpg,train/images/nozzle_no_extrusion_0227.jpg,0.949707,0.947255,1.000000,否
3,train/images/nozzle_no_extrusion_0380.jpg,train/images/nozzle_no_extrusion_0224.jpg,0.652364,0.657154,1.000000,否
3,train/images/nozzle_no_extrusion_0380.jpg,train/images/nozzle_no_extrusion_0375.jpg,0.702023,0.652448,1.000000,否
3,train/images/nozzle_no_extrusion_0380.jpg,train/images/nozzle_no_extrusion_0340.jpg,0.700349,0.728903,1.000000,否
3,train/images/nozzle_no_extrusion_0380.jpg,test/images/nozzle_no_extrusion_0229.jpg,0.660269,0.637557,1.000000,否
3,train/images/nozzle_no_extrusion_0380.jpg,val/images/nozzle_no_extrusion_0187.jpg,0.972742,0.954673,1.000000,是
3,train/images/nozzle_no_extrusion_0380.jpg,val/images/nozzle_no_extrusion_0302.jpg,0.899302,0.933560,1.000000,否
3,train/images/nozzle_no_extrusion_0380.jpg,test/images/nozzle_no_extrusion_0261.jpg,0.715920,0.760161,1.000000,否
3,train/images/nozzle_no_extrusion_0380.jpg,train/images/nozzle_no_extrusion_0182.jpg,0.705973,0.634177,1.000000,否
3,train/images/nozzle_no_extrusion_0380.jpg,val/images/nozzle_no_extrusion_0222.jpg,0.722971,0.788872,1.000000,否
3,train/images/nozzle_no_extrusion_0380.jpg,train/images/nozzle_no_extrusion_0188.jpg,0.691057,0.621899,1.000000,否
3,train/images/nozzle_no_extrusion_0380.jpg,val/images/nozzle_no_extrusion_0382.jpg,0.669332,0.663026,1.000000,否
3,train/images/nozzle_no_extrusion_0380.jpg,val/images/nozzle_no_extrusion_0258.jpg,0.664362,0.636049,1.000000,否
3,train/images/nozzle_no_extrusion_0380.jpg,val/images/nozzle_no_extrusion_0338.jpg,0.694755,0.633967,1.000000,否
3,train/images/nozzle_no_extrusion_0298.jpg,train/images/nozzle_no_extrusion_0265.jpg,0.683144,0.698879,1.000000,否
3,train/images/nozzle_no_extrusion_0298.jpg,train/images/nozzle_no_extrusion_0228.jpg,0.712816,0.664197,1.000000,否
3,train/images/nozzle_no_extrusion_0298.jpg,val/images/nozzle_no_extrusion_0301.jpg,0.690573,0.699429,1.000000,否
3,train/images/nozzle_no_extrusion_0298.jpg,val/images/nozzle_no_extrusion_0181.jpg,0.678184,0.655270,1.000000,否
3,train/images/nozzle_no_extrusion_0298.jpg,train/images/nozzle_no_extrusion_0342.jpg,0.686616,0.694808,1.000000,否
3,train/images/nozzle_no_extrusion_0298.jpg,train/images/nozzle_no_extrusion_0223.jpg,0.715506,0.808573,1.000000,否
3,train/images/nozzle_no_extrusion_0298.jpg,test/images/nozzle_no_extrusion_0297.jpg,0.705135,0.695408,1.000000,否
3,train/images/nozzle_no_extrusion_0298.jpg,train/images/nozzle_no_extrusion_0263.jpg,0.708368,0.757455,1.000000,否
3,train/images/nozzle_no_extrusion_0298.jpg,train/images/nozzle_no_extrusion_0186.jpg,0.681245,0.676791,1.000000,否
3,train/images/nozzle_no_extrusion_0298.jpg,train/images/nozzle_no_extrusion_0264.jpg,0.815772,0.873079,1.000000,否
3,train/images/nozzle_no_extrusion_0298.jpg,val/images/nozzle_no_extrusion_0377.jpg,0.694327,0.714841,1.000000,否
3,train/images/nozzle_no_extrusion_0298.jpg,train/images/nozzle_no_extrusion_0337.jpg,0.682024,0.678146,1.000000,否
3,train/images/nozzle_no_extrusion_0298.jpg,test/images/nozzle_no_extrusion_0221.jpg,0.680647,0.710248,1.000000,否
3,train/images/nozzle_no_extrusion_0298.jpg,train/images/nozzle_no_extrusion_0339.jpg,0.983831,0.969674,1.000000,是
3,train/images/nozzle_no_extrusion_0298.jpg,train/images/nozzle_no_extrusion_0183.jpg,0.966071,0.962934,1.000000,是
3,train/images/nozzle_no_extrusion_0298.jpg,train/images/nozzle_no_extrusion_0344.jpg,0.695490,0.662586,1.000000,否
3,train/images/nozzle_no_extrusion_0298.jpg,val/images/nozzle_no_extrusion_0343.jpg,0.956991,0.953428,1.000000,是
3,train/images/nozzle_no_extrusion_0298.jpg,train/images/nozzle_no_extrusion_0260.jpg,0.978589,0.963073,1.000000,是
3,train/images/nozzle_no_extrusion_0298.jpg,train/images/nozzle_no_extrusion_0184.jpg,0.682213,0.689944,1.000000,否
3,train/images/nozzle_no_extrusion_0298.jpg,train/images/nozzle_no_extrusion_0226.jpg,0.660522,0.662088,1.000000,否
3,train/images/nozzle_no_extrusion_0298.jpg,train/images/nozzle_no_extrusion_0303.jpg,0.700361,0.653063,1.000000,否
3,train/images/nozzle_no_extrusion_0298.jpg,train/images/nozzle_no_extrusion_0299.jpg,0.695265,0.720585,1.000000,否
3,train/images/nozzle_no_extrusion_0298.jpg,train/images/nozzle_no_extrusion_0227.jpg,0.885209,0.920618,1.000000,否
3,train/images/nozzle_no_extrusion_0298.jpg,train/images/nozzle_no_extrusion_0224.jpg,0.645473,0.637019,1.000000,否
3,train/images/nozzle_no_extrusion_0298.jpg,train/images/nozzle_no_extrusion_0375.jpg,0.715029,0.672558,1.000000,否
3,train/images/nozzle_no_extrusion_0298.jpg,train/images/nozzle_no_extrusion_0340.jpg,0.689167,0.706999,1.000000,否
3,train/images/nozzle_no_extrusion_0298.jpg,test/images/nozzle_no_extrusion_0229.jpg,0.671493,0.664815,1.000000,否
3,train/images/nozzle_no_extrusion_0298.jpg,val/images/nozzle_no_extrusion_0187.jpg,0.928379,0.951851,1.000000,否
3,train/images/nozzle_no_extrusion_0298.jpg,val/images/nozzle_no_extrusion_0302.jpg,0.938751,0.946290,1.000000,否
3,train/images/nozzle_no_extrusion_0298.jpg,test/images/nozzle_no_extrusion_0261.jpg,0.706137,0.742693,1.000000,否
3,train/images/nozzle_no_extrusion_0298.jpg,train/images/nozzle_no_extrusion_0182.jpg,0.719884,0.659792,1.000000,否
3,train/images/nozzle_no_extrusion_0298.jpg,val/images/nozzle_no_extrusion_0222.jpg,0.736011,0.817109,1.000000,否
3,train/images/nozzle_no_extrusion_0298.jpg,train/images/nozzle_no_extrusion_0188.jpg,0.702154,0.639676,1.000000,否
3,train/images/nozzle_no_extrusion_0298.jpg,val/images/nozzle_no_extrusion_0382.jpg,0.679460,0.682583,1.000000,否
3,train/images/nozzle_no_extrusion_0298.jpg,val/images/nozzle_no_extrusion_0258.jpg,0.675654,0.663587,1.000000,否
3,train/images/nozzle_no_extrusion_0298.jpg,val/images/nozzle_no_extrusion_0338.jpg,0.706773,0.654727,1.000000,否
3,train/images/nozzle_no_extrusion_0265.jpg,train/images/nozzle_no_extrusion_0228.jpg,0.757990,0.811897,1.000000,否
3,train/images/nozzle_no_extrusion_0265.jpg,val/images/nozzle_no_extrusion_0301.jpg,0.644597,0.539209,1.000000,否
3,train/images/nozzle_no_extrusion_0265.jpg,val/images/nozzle_no_extrusion_0181.jpg,0.746502,0.855230,1.000000,否
3,train/images/nozzle_no_extrusion_0265.jpg,train/images/nozzle_no_extrusion_0342.jpg,0.642653,0.537778,1.000000,否
3,train/images/nozzle_no_extrusion_0265.jpg,train/images/nozzle_no_extrusion_0223.jpg,0.663535,0.606081,1.000000,否
3,train/images/nozzle_no_extrusion_0265.jpg,test/images/nozzle_no_extrusion_0297.jpg,0.797302,0.886208,1.000000,否
3,train/images/nozzle_no_extrusion_0265.jpg,train/images/nozzle_no_extrusion_0263.jpg,0.652873,0.578140,1.000000,否
3,train/images/nozzle_no_extrusion_0265.jpg,train/images/nozzle_no_extrusion_0186.jpg,0.645781,0.535395,1.000000,否
3,train/images/nozzle_no_extrusion_0265.jpg,train/images/nozzle_no_extrusion_0264.jpg,0.700221,0.722181,1.000000,否
3,train/images/nozzle_no_extrusion_0265.jpg,val/images/nozzle_no_extrusion_0377.jpg,0.644450,0.549998,1.000000,否
3,train/images/nozzle_no_extrusion_0265.jpg,train/images/nozzle_no_extrusion_0337.jpg,0.763677,0.859879,1.000000,否
3,train/images/nozzle_no_extrusion_0265.jpg,test/images/nozzle_no_extrusion_0221.jpg,0.938619,0.943083,1.000000,否
3,train/images/nozzle_no_extrusion_0265.jpg,train/images/nozzle_no_extrusion_0339.jpg,0.679270,0.690079,1.000000,否
3,train/images/nozzle_no_extrusion_0265.jpg,train/images/nozzle_no_extrusion_0183.jpg,0.685287,0.689660,1.000000,否
3,train/images/nozzle_no_extrusion_0265.jpg,train/images/nozzle_no_extrusion_0344.jpg,0.892361,0.899366,1.000000,否
3,train/images/nozzle_no_extrusion_0265.jpg,val/images/nozzle_no_extrusion_0343.jpg,0.684830,0.698841,1.000000,否
3,train/images/nozzle_no_extrusion_0265.jpg,train/images/nozzle_no_extrusion_0260.jpg,0.691342,0.704580,1.000000,否
3,train/images/nozzle_no_extrusion_0265.jpg,train/images/nozzle_no_extrusion_0184.jpg,0.648499,0.542118,1.000000,否
3,train/images/nozzle_no_extrusion_0265.jpg,train/images/nozzle_no_extrusion_0226.jpg,0.633263,0.521106,1.000000,否
3,train/images/nozzle_no_extrusion_0265.jpg,train/images/nozzle_no_extrusion_0303.jpg,0.808166,0.855429,1.000000,否
3,train/images/nozzle_no_extrusion_0265.jpg,train/images/nozzle_no_extrusion_0299.jpg,0.645715,0.553386,1.000000,否
3,train/images/nozzle_no_extrusion_0265.jpg,train/images/nozzle_no_extrusion_0227.jpg,0.668677,0.665817,1.000000,否
3,train/images/nozzle_no_extrusion_0265.jpg,train/images/nozzle_no_extrusion_0224.jpg,0.629613,0.508707,1.000000,否
3,train/images/nozzle_no_extrusion_0265.jpg,train/images/nozzle_no_extrusion_0375.jpg,0.755113,0.793481,1.000000,否
3,train/images/nozzle_no_extrusion_0265.jpg,train/images/nozzle_no_extrusion_0340.jpg,0.644214,0.546367,1.000000,否
3,train/images/nozzle_no_extrusion_0265.jpg,test/images/nozzle_no_extrusion_0229.jpg,0.756006,0.849430,1.000000,否
3,train/images/nozzle_no_extrusion_0265.jpg,val/images/nozzle_no_extrusion_0187.jpg,0.679303,0.682756,1.000000,否
3,train/images/nozzle_no_extrusion_0265.jpg,val/images/nozzle_no_extrusion_0302.jpg,0.686397,0.700412,1.000000,否
3,train/images/nozzle_no_extrusion_0265.jpg,test/images/nozzle_no_extrusion_0261.jpg,0.650103,0.566105,1.000000,否
3,train/images/nozzle_no_extrusion_0265.jpg,train/images/nozzle_no_extrusion_0182.jpg,0.752631,0.771324,1.000000,否
3,train/images/nozzle_no_extrusion_0265.jpg,val/images/nozzle_no_extrusion_0222.jpg,0.716609,0.737726,1.000000,否
3,train/images/nozzle_no_extrusion_0265.jpg,train/images/nozzle_no_extrusion_0188.jpg,0.802903,0.829228,1.000000,否
3,train/images/nozzle_no_extrusion_0265.jpg,val/images/nozzle_no_extrusion_0382.jpg,0.771217,0.879828,1.000000,否
3,train/images/nozzle_no_extrusion_0265.jpg,val/images/nozzle_no_extrusion_0258.jpg,0.758420,0.858014,1.000000,否
3,train/images/nozzle_no_extrusion_0265.jpg,val/images/nozzle_no_extrusion_0338.jpg,0.767904,0.810741,1.000000,否
3,train/images/nozzle_no_extrusion_0228.jpg,val/images/nozzle_no_extrusion_0301.jpg,0.658697,0.542933,1.000000,否
3,train/images/nozzle_no_extrusion_0228.jpg,val/images/nozzle_no_extrusion_0181.jpg,0.719722,0.758090,1.000000,否
3,train/images/nozzle_no_extrusion_0228.jpg,train/images/nozzle_no_extrusion_0342.jpg,0.655077,0.542051,1.000000,否
3,train/images/nozzle_no_extrusion_0228.jpg,train/images/nozzle_no_extrusion_0223.jpg,0.670025,0.591726,1.000000,否
3,train/images/nozzle_no_extrusion_0228.jpg,test/images/nozzle_no_extrusion_0297.jpg,0.753813,0.772258,1.000000,否
3,train/images/nozzle_no_extrusion_0228.jpg,train/images/nozzle_no_extrusion_0263.jpg,0.665310,0.572959,1.000000,否
3,train/images/nozzle_no_extrusion_0228.jpg,train/images/nozzle_no_extrusion_0186.jpg,0.652740,0.541050,1.000000,否
3,train/images/nozzle_no_extrusion_0228.jpg,train/images/nozzle_no_extrusion_0264.jpg,0.738529,0.719607,1.000000,否
3,train/images/nozzle_no_extrusion_0228.jpg,val/images/nozzle_no_extrusion_0377.jpg,0.657595,0.546172,1.000000,否
3,train/images/nozzle_no_extrusion_0228.jpg,train/images/nozzle_no_extrusion_0337.jpg,0.723253,0.750478,1.000000,否
3,train/images/nozzle_no_extrusion_0228.jpg,test/images/nozzle_no_extrusion_0221.jpg,0.750656,0.788486,1.000000,否
3,train/images/nozzle_no_extrusion_0228.jpg,train/images/nozzle_no_extrusion_0339.jpg,0.706860,0.653588,1.000000,否
3,train/images/nozzle_no_extrusion_0228.jpg,train/images/nozzle_no_extrusion_0183.jpg,0.708556,0.652974,1.000000,否
3,train/images/nozzle_no_extrusion_0228.jpg,train/images/nozzle_no_extrusion_0344.jpg,0.862805,0.870261,1.000000,否
3,train/images/nozzle_no_extrusion_0228.jpg,val/images/nozzle_no_extrusion_0343.jpg,0.714953,0.672095,1.000000,否
3,train/images/nozzle_no_extrusion_0228.jpg,train/images/nozzle_no_extrusion_0260.jpg,0.722392,0.675719,1.000000,否
3,train/images/nozzle_no_extrusion_0228.jpg,train/images/nozzle_no_extrusion_0184.jpg,0.653293,0.551726,1.000000,否
3,train/images/nozzle_no_extrusion_0228.jpg,train/images/nozzle_no_extrusion_0226.jpg,0.644198,0.530339,1.000000,否
3,train/images/nozzle_no_extrusion_0228.jpg,train/images/nozzle_no_extrusion_0303.jpg,0.943202,0.923270,1.000000,否
3,train/images/nozzle_no_extrusion_0228.jpg,train/images/nozzle_no_extrusion_0299.jpg,0.661320,0.549735,1.000000,否
3,train/images/nozzle_no_extrusion_0228.jpg,train/images/nozzle_no_extrusion_0227.jpg,0.693731,0.637940,1.000000,否
3,train/images/nozzle_no_extrusion_0228.jpg,train/images/nozzle_no_extrusion_0224.jpg,0.639364,0.511926,1.000000,否
3,train/images/nozzle_no_extrusion_0228.jpg,train/images/nozzle_no_extrusion_0375.jpg,0.935516,0.933993,1.000000,否
3,train/images/nozzle_no_extrusion_0228.jpg,train/images/nozzle_no_extrusion_0340.jpg,0.656760,0.545477,1.000000,否
3,train/images/nozzle_no_extrusion_0228.jpg,test/images/nozzle_no_extrusion_0229.jpg,0.712240,0.751650,1.000000,否
3,train/images/nozzle_no_extrusion_0228.jpg,val/images/nozzle_no_extrusion_0187.jpg,0.703044,0.648334,1.000000,否
3,train/images/nozzle_no_extrusion_0228.jpg,val/images/nozzle_no_extrusion_0302.jpg,0.716128,0.677013,1.000000,否
3,train/images/nozzle_no_extrusion_0228.jpg,test/images/nozzle_no_extrusion_0261.jpg,0.667184,0.563926,1.000000,否
3,train/images/nozzle_no_extrusion_0228.jpg,train/images/nozzle_no_extrusion_0182.jpg,0.901680,0.892641,1.000000,否
3,train/images/nozzle_no_extrusion_0228.jpg,val/images/nozzle_no_extrusion_0222.jpg,0.750768,0.758648,1.000000,否
3,train/images/nozzle_no_extrusion_0228.jpg,train/images/nozzle_no_extrusion_0188.jpg,0.930137,0.875277,1.000000,否
3,train/images/nozzle_no_extrusion_0228.jpg,val/images/nozzle_no_extrusion_0382.jpg,0.727429,0.749293,1.000000,否
3,train/images/nozzle_no_extrusion_0228.jpg,val/images/nozzle_no_extrusion_0258.jpg,0.714614,0.755146,1.000000,否
3,train/images/nozzle_no_extrusion_0228.jpg,val/images/nozzle_no_extrusion_0338.jpg,0.965250,0.953414,1.000000,是
3,val/images/nozzle_no_extrusion_0301.jpg,val/images/nozzle_no_extrusion_0181.jpg,0.635298,0.514827,1.000000,否
3,val/images/nozzle_no_extrusion_0301.jpg,train/images/nozzle_no_extrusion_0342.jpg,0.990584,0.965424,1.000000,是
3,val/images/nozzle_no_extrusion_0301.jpg,train/images/nozzle_no_extrusion_0223.jpg,0.738421,0.839179,1.000000,否
3,val/images/nozzle_no_extrusion_0301.jpg,test/images/nozzle_no_extrusion_0297.jpg,0.652037,0.535181,1.000000,否
3,val/images/nozzle_no_extrusion_0301.jpg,train/images/nozzle_no_extrusion_0263.jpg,0.870872,0.912104,1.000000,否
3,val/images/nozzle_no_extrusion_0301.jpg,train/images/nozzle_no_extrusion_0186.jpg,0.874757,0.931435,1.000000,否
3,val/images/nozzle_no_extrusion_0301.jpg,train/images/nozzle_no_extrusion_0264.jpg,0.673503,0.645951,1.000000,否
3,val/images/nozzle_no_extrusion_0301.jpg,val/images/nozzle_no_extrusion_0377.jpg,0.953879,0.954365,1.000000,是
3,val/images/nozzle_no_extrusion_0301.jpg,train/images/nozzle_no_extrusion_0337.jpg,0.638353,0.528797,1.000000,否
3,val/images/nozzle_no_extrusion_0301.jpg,test/images/nozzle_no_extrusion_0221.jpg,0.644836,0.528585,1.000000,否
3,val/images/nozzle_no_extrusion_0301.jpg,train/images/nozzle_no_extrusion_0339.jpg,0.695447,0.710125,1.000000,否
3,val/images/nozzle_no_extrusion_0301.jpg,train/images/nozzle_no_extrusion_0183.jpg,0.696504,0.707791,1.000000,否
3,val/images/nozzle_no_extrusion_0301.jpg,train/images/nozzle_no_extrusion_0344.jpg,0.647352,0.528579,1.000000,否
3,val/images/nozzle_no_extrusion_0301.jpg,val/images/nozzle_no_extrusion_0343.jpg,0.686980,0.692436,1.000000,否
3,val/images/nozzle_no_extrusion_0301.jpg,train/images/nozzle_no_extrusion_0260.jpg,0.685692,0.684433,1.000000,否
3,val/images/nozzle_no_extrusion_0301.jpg,train/images/nozzle_no_extrusion_0184.jpg,0.884753,0.941617,1.000000,否
3,val/images/nozzle_no_extrusion_0301.jpg,train/images/nozzle_no_extrusion_0226.jpg,0.772326,0.886400,1.000000,否
3,val/images/nozzle_no_extrusion_0301.jpg,train/images/nozzle_no_extrusion_0303.jpg,0.651672,0.532489,1.000000,否
3,val/images/nozzle_no_extrusion_0301.jpg,train/images/nozzle_no_extrusion_0299.jpg,0.957033,0.962414,1.000000,是
3,val/images/nozzle_no_extrusion_0301.jpg,train/images/nozzle_no_extrusion_0227.jpg,0.711315,0.763225,1.000000,否
3,val/images/nozzle_no_extrusion_0301.jpg,train/images/nozzle_no_extrusion_0224.jpg,0.707738,0.844159,1.000000,否
3,val/images/nozzle_no_extrusion_0301.jpg,train/images/nozzle_no_extrusion_0375.jpg,0.650706,0.541885,1.000000,否
3,val/images/nozzle_no_extrusion_0301.jpg,train/images/nozzle_no_extrusion_0340.jpg,0.961170,0.963597,1.000000,是
3,val/images/nozzle_no_extrusion_0301.jpg,test/images/nozzle_no_extrusion_0229.jpg,0.636830,0.519325,1.000000,否
3,val/images/nozzle_no_extrusion_0301.jpg,val/images/nozzle_no_extrusion_0187.jpg,0.699824,0.719881,1.000000,否
3,val/images/nozzle_no_extrusion_0301.jpg,val/images/nozzle_no_extrusion_0302.jpg,0.684915,0.692682,1.000000,否
3,val/images/nozzle_no_extrusion_0301.jpg,test/images/nozzle_no_extrusion_0261.jpg,0.922644,0.932344,1.000000,否
3,val/images/nozzle_no_extrusion_0301.jpg,train/images/nozzle_no_extrusion_0182.jpg,0.653796,0.527137,1.000000,否
3,val/images/nozzle_no_extrusion_0301.jpg,val/images/nozzle_no_extrusion_0222.jpg,0.656295,0.609301,1.000000,否
3,val/images/nozzle_no_extrusion_0301.jpg,train/images/nozzle_no_extrusion_0188.jpg,0.654267,0.532711,1.000000,否
3,val/images/nozzle_no_extrusion_0301.jpg,val/images/nozzle_no_extrusion_0382.jpg,0.634255,0.527930,1.000000,否
3,val/images/nozzle_no_extrusion_0301.jpg,val/images/nozzle_no_extrusion_0258.jpg,0.632078,0.510011,1.000000,否
3,val/images/nozzle_no_extrusion_0301.jpg,val/images/nozzle_no_extrusion_0338.jpg,0.649552,0.530180,1.000000,否
3,val/images/nozzle_no_extrusion_0181.jpg,train/images/nozzle_no_extrusion_0342.jpg,0.632837,0.512477,1.000000,否
3,val/images/nozzle_no_extrusion_0181.jpg,train/images/nozzle_no_extrusion_0223.jpg,0.658855,0.567627,1.000000,否
3,val/images/nozzle_no_extrusion_0181.jpg,test/images/nozzle_no_extrusion_0297.jpg,0.832219,0.901352,1.000000,否
3,val/images/nozzle_no_extrusion_0181.jpg,train/images/nozzle_no_extrusion_0263.jpg,0.648482,0.546590,1.000000,否
3,val/images/nozzle_no_extrusion_0181.jpg,train/images/nozzle_no_extrusion_0186.jpg,0.633726,0.517890,1.000000,否
3,val/images/nozzle_no_extrusion_0181.jpg,train/images/nozzle_no_extrusion_0264.jpg,0.688295,0.691746,1.000000,否
3,val/images/nozzle_no_extrusion_0181.jpg,val/images/nozzle_no_extrusion_0377.jpg,0.637130,0.518495,1.000000,否
3,val/images/nozzle_no_extrusion_0181.jpg,train/images/nozzle_no_extrusion_0337.jpg,0.789828,0.899142,1.000000,否
3,val/images/nozzle_no_extrusion_0181.jpg,test/images/nozzle_no_extrusion_0221.jpg,0.756800,0.867958,1.000000,否
3,val/images/nozzle_no_extrusion_0181.jpg,train/images/nozzle_no_extrusion_0339.jpg,0.674240,0.640792,1.000000,否
3,val/images/nozzle_no_extrusion_0181.jpg,train/images/nozzle_no_extrusion_0183.jpg,0.680989,0.647636,1.000000,否
3,val/images/nozzle_no_extrusion_0181.jpg,train/images/nozzle_no_extrusion_0344.jpg,0.732490,0.800053,1.000000,否
3,val/images/nozzle_no_extrusion_0181.jpg,val/images/nozzle_no_extrusion_0343.jpg,0.675169,0.654115,1.000000,否
3,val/images/nozzle_no_extrusion_0181.jpg,train/images/nozzle_no_extrusion_0260.jpg,0.682801,0.663454,1.000000,否
3,val/images/nozzle_no_extrusion_0181.jpg,train/images/nozzle_no_extrusion_0184.jpg,0.636809,0.519474,1.000000,否
3,val/images/nozzle_no_extrusion_0181.jpg,train/images/nozzle_no_extrusion_0226.jpg,0.623612,0.505021,1.000000,否
3,val/images/nozzle_no_extrusion_0181.jpg,train/images/nozzle_no_extrusion_0303.jpg,0.721301,0.780414,1.000000,否
3,val/images/nozzle_no_extrusion_0181.jpg,train/images/nozzle_no_extrusion_0299.jpg,0.638901,0.523350,1.000000,否
3,val/images/nozzle_no_extrusion_0181.jpg,train/images/nozzle_no_extrusion_0227.jpg,0.668722,0.616205,1.000000,否
3,val/images/nozzle_no_extrusion_0181.jpg,train/images/nozzle_no_extrusion_0224.jpg,0.612159,0.484578,1.000000,否
3,val/images/nozzle_no_extrusion_0181.jpg,train/images/nozzle_no_extrusion_0375.jpg,0.716251,0.749160,1.000000,否
3,val/images/nozzle_no_extrusion_0181.jpg,train/images/nozzle_no_extrusion_0340.jpg,0.636486,0.516350,1.000000,否
3,val/images/nozzle_no_extrusion_0181.jpg,test/images/nozzle_no_extrusion_0229.jpg,0.792875,0.904219,1.000000,否
3,val/images/nozzle_no_extrusion_0181.jpg,val/images/nozzle_no_extrusion_0187.jpg,0.675368,0.631368,1.000000,否
3,val/images/nozzle_no_extrusion_0181.jpg,val/images/nozzle_no_extrusion_0302.jpg,0.675283,0.660594,1.000000,否
3,val/images/nozzle_no_extrusion_0181.jpg,test/images/nozzle_no_extrusion_0261.jpg,0.645497,0.538975,1.000000,否
3,val/images/nozzle_no_extrusion_0181.jpg,train/images/nozzle_no_extrusion_0182.jpg,0.721246,0.763473,1.000000,否
3,val/images/nozzle_no_extrusion_0181.jpg,val/images/nozzle_no_extrusion_0222.jpg,0.699674,0.715240,1.000000,否
3,val/images/nozzle_no_extrusion_0181.jpg,train/images/nozzle_no_extrusion_0188.jpg,0.728824,0.790952,1.000000,否
3,val/images/nozzle_no_extrusion_0181.jpg,val/images/nozzle_no_extrusion_0382.jpg,0.770263,0.874121,1.000000,否
3,val/images/nozzle_no_extrusion_0181.jpg,val/images/nozzle_no_extrusion_0258.jpg,0.798658,0.915263,1.000000,否
3,val/images/nozzle_no_extrusion_0181.jpg,val/images/nozzle_no_extrusion_0338.jpg,0.721365,0.760661,1.000000,否
3,train/images/nozzle_no_extrusion_0342.jpg,train/images/nozzle_no_extrusion_0223.jpg,0.724122,0.828769,1.000000,否
3,train/images/nozzle_no_extrusion_0342.jpg,test/images/nozzle_no_extrusion_0297.jpg,0.650013,0.536910,1.000000,否
3,train/images/nozzle_no_extrusion_0342.jpg,train/images/nozzle_no_extrusion_0263.jpg,0.837778,0.897870,1.000000,否
3,train/images/nozzle_no_extrusion_0342.jpg,train/images/nozzle_no_extrusion_0186.jpg,0.906299,0.941157,1.000000,否
3,train/images/nozzle_no_extrusion_0342.jpg,train/images/nozzle_no_extrusion_0264.jpg,0.668711,0.643455,1.000000,否
3,train/images/nozzle_no_extrusion_0342.jpg,val/images/nozzle_no_extrusion_0377.jpg,0.943558,0.947815,1.000000,否
3,train/images/nozzle_no_extrusion_0342.jpg,train/images/nozzle_no_extrusion_0337.jpg,0.637385,0.526384,1.000000,否
3,train/images/nozzle_no_extrusion_0342.jpg,test/images/nozzle_no_extrusion_0221.jpg,0.643414,0.528607,1.000000,否
3,train/images/nozzle_no_extrusion_0342.jpg,train/images/nozzle_no_extrusion_0339.jpg,0.692574,0.706206,1.000000,否
3,train/images/nozzle_no_extrusion_0342.jpg,train/images/nozzle_no_extrusion_0183.jpg,0.693088,0.700353,1.000000,否
3,train/images/nozzle_no_extrusion_0342.jpg,train/images/nozzle_no_extrusion_0344.jpg,0.643845,0.527727,1.000000,否
3,train/images/nozzle_no_extrusion_0342.jpg,val/images/nozzle_no_extrusion_0343.jpg,0.683303,0.687471,1.000000,否
3,train/images/nozzle_no_extrusion_0342.jpg,train/images/nozzle_no_extrusion_0260.jpg,0.681572,0.679529,1.000000,否
3,train/images/nozzle_no_extrusion_0342.jpg,train/images/nozzle_no_extrusion_0184.jpg,0.913242,0.947152,1.000000,否
3,train/images/nozzle_no_extrusion_0342.jpg,train/images/nozzle_no_extrusion_0226.jpg,0.798452,0.896086,1.000000,否
3,train/images/nozzle_no_extrusion_0342.jpg,train/images/nozzle_no_extrusion_0303.jpg,0.646365,0.528640,1.000000,否
3,train/images/nozzle_no_extrusion_0342.jpg,train/images/nozzle_no_extrusion_0299.jpg,0.944779,0.952448,1.000000,否
3,train/images/nozzle_no_extrusion_0342.jpg,train/images/nozzle_no_extrusion_0227.jpg,0.707470,0.755131,1.000000,否
3,train/images/nozzle_no_extrusion_0342.jpg,train/images/nozzle_no_extrusion_0224.jpg,0.707056,0.848418,1.000000,否
3,train/images/nozzle_no_extrusion_0342.jpg,train/images/nozzle_no_extrusion_0375.jpg,0.649409,0.542709,1.000000,否
3,train/images/nozzle_no_extrusion_0342.jpg,train/images/nozzle_no_extrusion_0340.jpg,0.962219,0.960751,1.000000,是
3,train/images/nozzle_no_extrusion_0342.jpg,test/images/nozzle_no_extrusion_0229.jpg,0.635705,0.518306,1.000000,否
3,train/images/nozzle_no_extrusion_0342.jpg,val/images/nozzle_no_extrusion_0187.jpg,0.696149,0.715591,1.000000,否
3,train/images/nozzle_no_extrusion_0342.jpg,val/images/nozzle_no_extrusion_0302.jpg,0.679604,0.687152,1.000000,否
3,train/images/nozzle_no_extrusion_0342.jpg,test/images/nozzle_no_extrusion_0261.jpg,0.900177,0.916647,1.000000,否
3,train/images/nozzle_no_extrusion_0342.jpg,train/images/nozzle_no_extrusion_0182.jpg,0.651275,0.523933,1.000000,否
3,train/images/nozzle_no_extrusion_0342.jpg,val/images/nozzle_no_extrusion_0222.jpg,0.652001,0.608313,1.000000,否
3,train/images/nozzle_no_extrusion_0342.jpg,train/images/nozzle_no_extrusion_0188.jpg,0.649862,0.526311,1.000000,否
3,train/images/nozzle_no_extrusion_0342.jpg,val/images/nozzle_no_extrusion_0382.jpg,0.633177,0.525282,1.000000,否
3,train/images/nozzle_no_extrusion_0342.jpg,val/images/nozzle_no_extrusion_0258.jpg,0.630893,0.508385,1.000000,否
3,train/images/nozzle_no_extrusion_0342.jpg,val/images/nozzle_no_extrusion_0338.jpg,0.647470,0.529139,1.000000,否
3,train/images/nozzle_no_extrusion_0223.jpg,test/images/nozzle_no_extrusion_0297.jpg,0.673065,0.596288,1.000000,否
3,train/images/nozzle_no_extrusion_0223.jpg,train/images/nozzle_no_extrusion_0263.jpg,0.872429,0.928227,1.000000,否
3,train/images/nozzle_no_extrusion_0223.jpg,train/images/nozzle_no_extrusion_0186.jpg,0.709458,0.804447,1.000000,否
3,train/images/nozzle_no_extrusion_0223.jpg,train/images/nozzle_no_extrusion_0264.jpg,0.711432,0.723372,1.000000,否
3,train/images/nozzle_no_extrusion_0223.jpg,val/images/nozzle_no_extrusion_0377.jpg,0.750765,0.865503,1.000000,否
3,train/images/nozzle_no_extrusion_0223.jpg,train/images/nozzle_no_extrusion_0337.jpg,0.655796,0.581359,1.000000,否
3,train/images/nozzle_no_extrusion_0223.jpg,test/images/nozzle_no_extrusion_0221.jpg,0.660648,0.606032,1.000000,否
3,train/images/nozzle_no_extrusion_0223.jpg,train/images/nozzle_no_extrusion_0339.jpg,0.713199,0.817020,1.000000,否
3,train/images/nozzle_no_extrusion_0223.jpg,train/images/nozzle_no_extrusion_0183.jpg,0.716274,0.813079,1.000000,否
3,train/images/nozzle_no_extrusion_0223.jpg,train/images/nozzle_no_extrusion_0344.jpg,0.668632,0.586744,1.000000,否
3,train/images/nozzle_no_extrusion_0223.jpg,val/images/nozzle_no_extrusion_0343.jpg,0.721813,0.780132,1.000000,否
3,train/images/nozzle_no_extrusion_0223.jpg,train/images/nozzle_no_extrusion_0260.jpg,0.716305,0.784258,1.000000,否
3,train/images/nozzle_no_extrusion_0223.jpg,train/images/nozzle_no_extrusion_0184.jpg,0.715192,0.819477,1.000000,否
3,train/images/nozzle_no_extrusion_0223.jpg,train/images/nozzle_no_extrusion_0226.jpg,0.700031,0.781793,1.000000,否
3,train/images/nozzle_no_extrusion_0223.jpg,train/images/nozzle_no_extrusion_0303.jpg,0.666115,0.580554,1.000000,否
3,train/images/nozzle_no_extrusion_0223.jpg,train/images/nozzle_no_extrusion_0299.jpg,0.751409,0.866249,1.000000,否
3,train/images/nozzle_no_extrusion_0223.jpg,train/images/nozzle_no_extrusion_0227.jpg,0.748780,0.874873,1.000000,否
3,train/images/nozzle_no_extrusion_0223.jpg,train/images/nozzle_no_extrusion_0224.jpg,0.690149,0.764601,1.000000,否
3,train/images/nozzle_no_extrusion_0223.jpg,train/images/nozzle_no_extrusion_0375.jpg,0.663577,0.586126,1.000000,否
3,train/images/nozzle_no_extrusion_0223.jpg,train/images/nozzle_no_extrusion_0340.jpg,0.724937,0.842781,1.000000,否
3,train/images/nozzle_no_extrusion_0223.jpg,test/images/nozzle_no_extrusion_0229.jpg,0.648544,0.577630,1.000000,否
3,train/images/nozzle_no_extrusion_0223.jpg,val/images/nozzle_no_extrusion_0187.jpg,0.727700,0.814379,1.000000,否
3,train/images/nozzle_no_extrusion_0223.jpg,val/images/nozzle_no_extrusion_0302.jpg,0.720368,0.778572,1.000000,否
3,train/images/nozzle_no_extrusion_0223.jpg,test/images/nozzle_no_extrusion_0261.jpg,0.806221,0.899936,1.000000,否
3,train/images/nozzle_no_extrusion_0223.jpg,train/images/nozzle_no_extrusion_0182.jpg,0.666440,0.582298,1.000000,否
3,train/images/nozzle_no_extrusion_0223.jpg,val/images/nozzle_no_extrusion_0222.jpg,0.694781,0.689869,1.000000,否
3,train/images/nozzle_no_extrusion_0223.jpg,train/images/nozzle_no_extrusion_0188.jpg,0.667484,0.575738,1.000000,否
3,train/images/nozzle_no_extrusion_0223.jpg,val/images/nozzle_no_extrusion_0382.jpg,0.652550,0.576272,1.000000,否
3,train/images/nozzle_no_extrusion_0223.jpg,val/images/nozzle_no_extrusion_0258.jpg,0.648598,0.570657,1.000000,否
3,train/images/nozzle_no_extrusion_0223.jpg,val/images/nozzle_no_extrusion_0338.jpg,0.659314,0.575236,1.000000,否
3,test/images/nozzle_no_extrusion_0297.jpg,train/images/nozzle_no_extrusion_0263.jpg,0.662621,0.576373,1.000000,否
3,test/images/nozzle_no_extrusion_0297.jpg,train/images/nozzle_no_extrusion_0186.jpg,0.652464,0.529881,1.000000,否
3,test/images/nozzle_no_extrusion_0297.jpg,train/images/nozzle_no_extrusion_0264.jpg,0.714334,0.739698,1.000000,否
3,test/images/nozzle_no_extrusion_0297.jpg,val/images/nozzle_no_extrusion_0377.jpg,0.653547,0.546150,1.000000,否
3,test/images/nozzle_no_extrusion_0297.jpg,train/images/nozzle_no_extrusion_0337.jpg,0.874909,0.941637,1.000000,否
3,test/images/nozzle_no_extrusion_0297.jpg,test/images/nozzle_no_extrusion_0221.jpg,0.821381,0.910303,1.000000,否
3,test/images/nozzle_no_extrusion_0297.jpg,train/images/nozzle_no_extrusion_0339.jpg,0.700440,0.681412,1.000000,否
3,test/images/nozzle_no_extrusion_0297.jpg,train/images/nozzle_no_extrusion_0183.jpg,0.704487,0.678678,1.000000,否
3,test/images/nozzle_no_extrusion_0297.jpg,train/images/nozzle_no_extrusion_0344.jpg,0.774676,0.821330,1.000000,否
3,test/images/nozzle_no_extrusion_0297.jpg,val/images/nozzle_no_extrusion_0343.jpg,0.700824,0.699105,1.000000,否
3,test/images/nozzle_no_extrusion_0297.jpg,train/images/nozzle_no_extrusion_0260.jpg,0.709961,0.705632,1.000000,否
3,test/images/nozzle_no_extrusion_0297.jpg,train/images/nozzle_no_extrusion_0184.jpg,0.655528,0.534116,1.000000,否
3,test/images/nozzle_no_extrusion_0297.jpg,train/images/nozzle_no_extrusion_0226.jpg,0.642105,0.522134,1.000000,否
3,test/images/nozzle_no_extrusion_0297.jpg,train/images/nozzle_no_extrusion_0303.jpg,0.761721,0.796540,1.000000,否
3,test/images/nozzle_no_extrusion_0297.jpg,train/images/nozzle_no_extrusion_0299.jpg,0.655365,0.550114,1.000000,否
3,test/images/nozzle_no_extrusion_0297.jpg,train/images/nozzle_no_extrusion_0227.jpg,0.689253,0.648303,1.000000,否
3,test/images/nozzle_no_extrusion_0297.jpg,train/images/nozzle_no_extrusion_0224.jpg,0.632945,0.501295,1.000000,否
3,test/images/nozzle_no_extrusion_0297.jpg,train/images/nozzle_no_extrusion_0375.jpg,0.747751,0.774087,1.000000,否
3,test/images/nozzle_no_extrusion_0297.jpg,train/images/nozzle_no_extrusion_0340.jpg,0.652949,0.540183,1.000000,否
3,test/images/nozzle_no_extrusion_0297.jpg,test/images/nozzle_no_extrusion_0229.jpg,0.830291,0.916805,1.000000,否
3,test/images/nozzle_no_extrusion_0297.jpg,val/images/nozzle_no_extrusion_0187.jpg,0.696968,0.668546,1.000000,否
3,test/images/nozzle_no_extrusion_0297.jpg,val/images/nozzle_no_extrusion_0302.jpg,0.701648,0.703887,1.000000,否
3,test/images/nozzle_no_extrusion_0297.jpg,test/images/nozzle_no_extrusion_0261.jpg,0.661490,0.565347,1.000000,否
3,test/images/nozzle_no_extrusion_0297.jpg,train/images/nozzle_no_extrusion_0182.jpg,0.748166,0.743628,1.000000,否
3,test/images/nozzle_no_extrusion_0297.jpg,val/images/nozzle_no_extrusion_0222.jpg,0.724550,0.760345,1.000000,否
3,test/images/nozzle_no_extrusion_0297.jpg,train/images/nozzle_no_extrusion_0188.jpg,0.764768,0.763085,1.000000,否
3,test/images/nozzle_no_extrusion_0297.jpg,val/images/nozzle_no_extrusion_0382.jpg,0.862161,0.912589,1.000000,否
3,test/images/nozzle_no_extrusion_0297.jpg,val/images/nozzle_no_extrusion_0258.jpg,0.851142,0.938555,1.000000,否
3,test/images/nozzle_no_extrusion_0297.jpg,val/images/nozzle_no_extrusion_0338.jpg,0.754940,0.780161,1.000000,否
3,train/images/nozzle_no_extrusion_0263.jpg,train/images/nozzle_no_extrusion_0186.jpg,0.738380,0.863810,1.000000,否
3,train/images/nozzle_no_extrusion_0263.jpg,train/images/nozzle_no_extrusion_0264.jpg,0.693260,0.690631,1.000000,否
3,train/images/nozzle_no_extrusion_0263.jpg,val/images/nozzle_no_extrusion_0377.jpg,0.905321,0.931667,1.000000,否
3,train/images/nozzle_no_extrusion_0263.jpg,train/images/nozzle_no_extrusion_0337.jpg,0.646874,0.561681,1.000000,否
3,train/images/nozzle_no_extrusion_0263.jpg,test/images/nozzle_no_extrusion_0221.jpg,0.655305,0.572772,1.000000,否
3,train/images/nozzle_no_extrusion_0263.jpg,train/images/nozzle_no_extrusion_0339.jpg,0.709208,0.770626,1.000000,否
3,train/images/nozzle_no_extrusion_0263.jpg,train/images/nozzle_no_extrusion_0183.jpg,0.712673,0.763203,1.000000,否
3,train/images/nozzle_no_extrusion_0263.jpg,train/images/nozzle_no_extrusion_0344.jpg,0.661744,0.557371,1.000000,否
3,train/images/nozzle_no_extrusion_0263.jpg,val/images/nozzle_no_extrusion_0343.jpg,0.711535,0.743408,1.000000,否
3,train/images/nozzle_no_extrusion_0263.jpg,train/images/nozzle_no_extrusion_0260.jpg,0.706133,0.737688,1.000000,否
3,train/images/nozzle_no_extrusion_0263.jpg,train/images/nozzle_no_extrusion_0184.jpg,0.752872,0.875884,1.000000,否
3,train/images/nozzle_no_extrusion_0263.jpg,train/images/nozzle_no_extrusion_0226.jpg,0.702045,0.834392,1.000000,否
3,train/images/nozzle_no_extrusion_0263.jpg,train/images/nozzle_no_extrusion_0303.jpg,0.664074,0.561091,1.000000,否
3,train/images/nozzle_no_extrusion_0263.jpg,train/images/nozzle_no_extrusion_0299.jpg,0.906183,0.930333,1.000000,否
3,train/images/nozzle_no_extrusion_0263.jpg,train/images/nozzle_no_extrusion_0227.jpg,0.721311,0.826981,1.000000,否
3,train/images/nozzle_no_extrusion_0263.jpg,train/images/nozzle_no_extrusion_0224.jpg,0.706968,0.806042,1.000000,否
3,train/images/nozzle_no_extrusion_0263.jpg,train/images/nozzle_no_extrusion_0375.jpg,0.656872,0.568634,1.000000,否
3,train/images/nozzle_no_extrusion_0263.jpg,train/images/nozzle_no_extrusion_0340.jpg,0.863138,0.908362,1.000000,否
3,train/images/nozzle_no_extrusion_0263.jpg,test/images/nozzle_no_extrusion_0229.jpg,0.641644,0.557752,1.000000,否
3,train/images/nozzle_no_extrusion_0263.jpg,val/images/nozzle_no_extrusion_0187.jpg,0.720901,0.774643,1.000000,否
3,train/images/nozzle_no_extrusion_0263.jpg,val/images/nozzle_no_extrusion_0302.jpg,0.707164,0.744778,1.000000,否
3,train/images/nozzle_no_extrusion_0263.jpg,test/images/nozzle_no_extrusion_0261.jpg,0.950637,0.954532,1.000000,是
3,train/images/nozzle_no_extrusion_0263.jpg,train/images/nozzle_no_extrusion_0182.jpg,0.658677,0.559569,1.000000,否
3,train/images/nozzle_no_extrusion_0263.jpg,val/images/nozzle_no_extrusion_0222.jpg,0.678999,0.649463,1.000000,否
3,train/images/nozzle_no_extrusion_0263.jpg,train/images/nozzle_no_extrusion_0188.jpg,0.666532,0.559180,1.000000,否
3,train/images/nozzle_no_extrusion_0263.jpg,val/images/nozzle_no_extrusion_0382.jpg,0.645976,0.556727,1.000000,否
3,train/images/nozzle_no_extrusion_0263.jpg,val/images/nozzle_no_extrusion_0258.jpg,0.640170,0.545741,1.000000,否
3,train/images/nozzle_no_extrusion_0263.jpg,val/images/nozzle_no_extrusion_0338.jpg,0.656736,0.559446,1.000000,否
3,train/images/nozzle_no_extrusion_0186.jpg,train/images/nozzle_no_extrusion_0264.jpg,0.664248,0.629793,1.000000,否
3,train/images/nozzle_no_extrusion_0186.jpg,val/images/nozzle_no_extrusion_0377.jpg,0.838770,0.903753,1.000000,否
3,train/images/nozzle_no_extrusion_0186.jpg,train/images/nozzle_no_extrusion_0337.jpg,0.638973,0.524292,1.000000,否
3,train/images/nozzle_no_extrusion_0186.jpg,test/images/nozzle_no_extrusion_0221.jpg,0.645193,0.531438,1.000000,否
3,train/images/nozzle_no_extrusion_0186.jpg,train/images/nozzle_no_extrusion_0339.jpg,0.686894,0.686018,1.000000,否
3,train/images/nozzle_no_extrusion_0186.jpg,train/images/nozzle_no_extrusion_0183.jpg,0.688464,0.688448,1.000000,否
3,train/images/nozzle_no_extrusion_0186.jpg,train/images/nozzle_no_extrusion_0344.jpg,0.646199,0.520024,1.000000,否
3,train/images/nozzle_no_extrusion_0186.jpg,val/images/nozzle_no_extrusion_0343.jpg,0.679910,0.673949,1.000000,否
3,train/images/nozzle_no_extrusion_0186.jpg,train/images/nozzle_no_extrusion_0260.jpg,0.675383,0.665613,1.000000,否
3,train/images/nozzle_no_extrusion_0186.jpg,train/images/nozzle_no_extrusion_0184.jpg,0.963304,0.961139,1.000000,是
3,train/images/nozzle_no_extrusion_0186.jpg,train/images/nozzle_no_extrusion_0226.jpg,0.902288,0.933596,1.000000,否
3,train/images/nozzle_no_extrusion_0186.jpg,train/images/nozzle_no_extrusion_0303.jpg,0.644976,0.523322,1.000000,否
3,train/images/nozzle_no_extrusion_0186.jpg,train/images/nozzle_no_extrusion_0299.jpg,0.837334,0.907596,1.000000,否
3,train/images/nozzle_no_extrusion_0186.jpg,train/images/nozzle_no_extrusion_0227.jpg,0.695956,0.738163,1.000000,否
3,train/images/nozzle_no_extrusion_0186.jpg,train/images/nozzle_no_extrusion_0224.jpg,0.740683,0.861040,1.000000,否
3,train/images/nozzle_no_extrusion_0186.jpg,train/images/nozzle_no_extrusion_0375.jpg,0.651428,0.542266,1.000000,否
3,train/images/nozzle_no_extrusion_0186.jpg,train/images/nozzle_no_extrusion_0340.jpg,0.875800,0.922013,1.000000,否
3,train/images/nozzle_no_extrusion_0186.jpg,test/images/nozzle_no_extrusion_0229.jpg,0.636270,0.519082,1.000000,否
3,train/images/nozzle_no_extrusion_0186.jpg,val/images/nozzle_no_extrusion_0187.jpg,0.689212,0.702153,1.000000,否
3,train/images/nozzle_no_extrusion_0186.jpg,val/images/nozzle_no_extrusion_0302.jpg,0.677106,0.672750,1.000000,否
3,train/images/nozzle_no_extrusion_0186.jpg,test/images/nozzle_no_extrusion_0261.jpg,0.794444,0.874445,1.000000,否
3,train/images/nozzle_no_extrusion_0186.jpg,train/images/nozzle_no_extrusion_0182.jpg,0.654139,0.527747,1.000000,否
3,train/images/nozzle_no_extrusion_0186.jpg,val/images/nozzle_no_extrusion_0222.jpg,0.656833,0.598631,1.000000,否
3,train/images/nozzle_no_extrusion_0186.jpg,train/images/nozzle_no_extrusion_0188.jpg,0.649401,0.528337,1.000000,否
3,train/images/nozzle_no_extrusion_0186.jpg,val/images/nozzle_no_extrusion_0382.jpg,0.636476,0.526900,1.000000,否
3,train/images/nozzle_no_extrusion_0186.jpg,val/images/nozzle_no_extrusion_0258.jpg,0.633811,0.508147,1.000000,否
3,train/images/nozzle_no_extrusion_0186.jpg,val/images/nozzle_no_extrusion_0338.jpg,0.648394,0.521673,1.000000,否
3,train/images/nozzle_no_extrusion_0264.jpg,val/images/nozzle_no_extrusion_0377.jpg,0.676288,0.653721,1.000000,否
3,train/images/nozzle_no_extrusion_0264.jpg,train/images/nozzle_no_extrusion_0337.jpg,0.682524,0.733406,1.000000,否
3,train/images/nozzle_no_extrusion_0264.jpg,test/images/nozzle_no_extrusion_0221.jpg,0.697188,0.731045,1.000000,否
3,train/images/nozzle_no_extrusion_0264.jpg,train/images/nozzle_no_extrusion_0339.jpg,0.782345,0.854681,1.000000,否
3,train/images/nozzle_no_extrusion_0264.jpg,train/images/nozzle_no_extrusion_0183.jpg,0.781670,0.863119,1.000000,否
3,train/images/nozzle_no_extrusion_0264.jpg,train/images/nozzle_no_extrusion_0344.jpg,0.713188,0.690747,1.000000,否
3,train/images/nozzle_no_extrusion_0264.jpg,val/images/nozzle_no_extrusion_0343.jpg,0.860000,0.911079,1.000000,否
3,train/images/nozzle_no_extrusion_0264.jpg,train/images/nozzle_no_extrusion_0260.jpg,0.866097,0.907128,1.000000,否
3,train/images/nozzle_no_extrusion_0264.jpg,train/images/nozzle_no_extrusion_0184.jpg,0.668524,0.635813,1.000000,否
3,train/images/nozzle_no_extrusion_0264.jpg,train/images/nozzle_no_extrusion_0226.jpg,0.650917,0.614808,1.000000,否
3,train/images/nozzle_no_extrusion_0264.jpg,train/images/nozzle_no_extrusion_0303.jpg,0.722393,0.693654,1.000000,否
3,train/images/nozzle_no_extrusion_0264.jpg,train/images/nozzle_no_extrusion_0299.jpg,0.677031,0.658530,1.000000,否
3,train/images/nozzle_no_extrusion_0264.jpg,train/images/nozzle_no_extrusion_0227.jpg,0.723732,0.809804,1.000000,否
3,train/images/nozzle_no_extrusion_0264.jpg,train/images/nozzle_no_extrusion_0224.jpg,0.660445,0.593032,1.000000,否
3,train/images/nozzle_no_extrusion_0264.jpg,train/images/nozzle_no_extrusion_0375.jpg,0.727126,0.729934,1.000000,否
3,train/images/nozzle_no_extrusion_0264.jpg,train/images/nozzle_no_extrusion_0340.jpg,0.671869,0.646855,1.000000,否
3,train/images/nozzle_no_extrusion_0264.jpg,test/images/nozzle_no_extrusion_0229.jpg,0.679389,0.721456,1.000000,否
3,train/images/nozzle_no_extrusion_0264.jpg,val/images/nozzle_no_extrusion_0187.jpg,0.765019,0.862495,1.000000,否
3,train/images/nozzle_no_extrusion_0264.jpg,val/images/nozzle_no_extrusion_0302.jpg,0.889053,0.915639,1.000000,否
3,train/images/nozzle_no_extrusion_0264.jpg,test/images/nozzle_no_extrusion_0261.jpg,0.687022,0.677167,1.000000,否
3,train/images/nozzle_no_extrusion_0264.jpg,train/images/nozzle_no_extrusion_0182.jpg,0.727147,0.730719,1.000000,否
3,train/images/nozzle_no_extrusion_0264.jpg,val/images/nozzle_no_extrusion_0222.jpg,0.890537,0.934593,1.000000,否
3,train/images/nozzle_no_extrusion_0264.jpg,train/images/nozzle_no_extrusion_0188.jpg,0.727712,0.685848,1.000000,否
3,train/images/nozzle_no_extrusion_0264.jpg,val/images/nozzle_no_extrusion_0382.jpg,0.678862,0.729690,1.000000,否
3,train/images/nozzle_no_extrusion_0264.jpg,val/images/nozzle_no_extrusion_0258.jpg,0.682942,0.722129,1.000000,否
3,train/images/nozzle_no_extrusion_0264.jpg,val/images/nozzle_no_extrusion_0338.jpg,0.724276,0.700430,1.000000,否
3,val/images/nozzle_no_extrusion_0377.jpg,train/images/nozzle_no_extrusion_0337.jpg,0.641589,0.536258,1.000000,否
3,val/images/nozzle_no_extrusion_0377.jpg,test/images/nozzle_no_extrusion_0221.jpg,0.648380,0.540698,1.000000,否
3,val/images/nozzle_no_extrusion_0377.jpg,train/images/nozzle_no_extrusion_0339.jpg,0.701203,0.726789,1.000000,否
3,val/images/nozzle_no_extrusion_0377.jpg,train/images/nozzle_no_extrusion_0183.jpg,0.701794,0.719358,1.000000,否
3,val/images/nozzle_no_extrusion_0377.jpg,train/images/nozzle_no_extrusion_0344.jpg,0.648255,0.536790,1.000000,否
3,val/images/nozzle_no_extrusion_0377.jpg,val/images/nozzle_no_extrusion_0343.jpg,0.691885,0.704482,1.000000,否
3,val/images/nozzle_no_extrusion_0377.jpg,train/images/nozzle_no_extrusion_0260.jpg,0.688229,0.698239,1.000000,否
3,val/images/nozzle_no_extrusion_0377.jpg,train/images/nozzle_no_extrusion_0184.jpg,0.845910,0.927066,1.000000,否
3,val/images/nozzle_no_extrusion_0377.jpg,train/images/nozzle_no_extrusion_0226.jpg,0.752733,0.860908,1.000000,否
3,val/images/nozzle_no_extrusion_0377.jpg,train/images/nozzle_no_extrusion_0303.jpg,0.651819,0.536898,1.000000,否
3,val/images/nozzle_no_extrusion_0377.jpg,train/images/nozzle_no_extrusion_0299.jpg,0.995966,0.970572,1.000000,是
3,val/images/nozzle_no_extrusion_0377.jpg,train/images/nozzle_no_extrusion_0227.jpg,0.716849,0.774599,1.000000,否
3,val/images/nozzle_no_extrusion_0377.jpg,train/images/nozzle_no_extrusion_0224.jpg,0.703608,0.826554,1.000000,否
3,val/images/nozzle_no_extrusion_0377.jpg,train/images/nozzle_no_extrusion_0375.jpg,0.652758,0.549913,1.000000,否
3,val/images/nozzle_no_extrusion_0377.jpg,train/images/nozzle_no_extrusion_0340.jpg,0.982280,0.965522,1.000000,是
3,val/images/nozzle_no_extrusion_0377.jpg,test/images/nozzle_no_extrusion_0229.jpg,0.638573,0.528612,1.000000,否
3,val/images/nozzle_no_extrusion_0377.jpg,val/images/nozzle_no_extrusion_0187.jpg,0.705935,0.728831,1.000000,否
3,val/images/nozzle_no_extrusion_0377.jpg,val/images/nozzle_no_extrusion_0302.jpg,0.687608,0.701598,1.000000,否
3,val/images/nozzle_no_extrusion_0377.jpg,test/images/nozzle_no_extrusion_0261.jpg,0.974717,0.957221,1.000000,是
3,val/images/nozzle_no_extrusion_0377.jpg,train/images/nozzle_no_extrusion_0182.jpg,0.652935,0.530495,1.000000,否
3,val/images/nozzle_no_extrusion_0377.jpg,val/images/nozzle_no_extrusion_0222.jpg,0.661486,0.617402,1.000000,否
3,val/images/nozzle_no_extrusion_0377.jpg,train/images/nozzle_no_extrusion_0188.jpg,0.654817,0.531764,1.000000,否
3,val/images/nozzle_no_extrusion_0377.jpg,val/images/nozzle_no_extrusion_0382.jpg,0.638157,0.536759,1.000000,否
3,val/images/nozzle_no_extrusion_0377.jpg,val/images/nozzle_no_extrusion_0258.jpg,0.635889,0.515906,1.000000,否
3,val/images/nozzle_no_extrusion_0377.jpg,val/images/nozzle_no_extrusion_0338.jpg,0.652876,0.539425,1.000000,否
3,train/images/nozzle_no_extrusion_0337.jpg,test/images/nozzle_no_extrusion_0221.jpg,0.787897,0.890528,1.000000,否
3,train/images/nozzle_no_extrusion_0337.jpg,train/images/nozzle_no_extrusion_0339.jpg,0.677077,0.667719,1.000000,否
3,train/images/nozzle_no_extrusion_0337.jpg,train/images/nozzle_no_extrusion_0183.jpg,0.678905,0.663055,1.000000,否
3,train/images/nozzle_no_extrusion_0337.jpg,train/images/nozzle_no_extrusion_0344.jpg,0.749607,0.802155,1.000000,否
3,train/images/nozzle_no_extrusion_0337.jpg,val/images/nozzle_no_extrusion_0343.jpg,0.677409,0.688925,1.000000,否
3,train/images/nozzle_no_extrusion_0337.jpg,train/images/nozzle_no_extrusion_0260.jpg,0.686151,0.692905,1.000000,否
3,train/images/nozzle_no_extrusion_0337.jpg,train/images/nozzle_no_extrusion_0184.jpg,0.642087,0.525348,1.000000,否
3,train/images/nozzle_no_extrusion_0337.jpg,train/images/nozzle_no_extrusion_0226.jpg,0.627650,0.515284,1.000000,否
3,train/images/nozzle_no_extrusion_0337.jpg,train/images/nozzle_no_extrusion_0303.jpg,0.733133,0.775103,1.000000,否
3,train/images/nozzle_no_extrusion_0337.jpg,train/images/nozzle_no_extrusion_0299.jpg,0.643000,0.540960,1.000000,否
3,train/images/nozzle_no_extrusion_0337.jpg,train/images/nozzle_no_extrusion_0227.jpg,0.667268,0.628730,1.000000,否
3,train/images/nozzle_no_extrusion_0337.jpg,train/images/nozzle_no_extrusion_0224.jpg,0.622406,0.503053,1.000000,否
3,train/images/nozzle_no_extrusion_0337.jpg,train/images/nozzle_no_extrusion_0375.jpg,0.720086,0.759511,1.000000,否
3,train/images/nozzle_no_extrusion_0337.jpg,train/images/nozzle_no_extrusion_0340.jpg,0.640866,0.531064,1.000000,否
3,train/images/nozzle_no_extrusion_0337.jpg,test/images/nozzle_no_extrusion_0229.jpg,0.937688,0.941585,1.000000,否
3,train/images/nozzle_no_extrusion_0337.jpg,val/images/nozzle_no_extrusion_0187.jpg,0.670436,0.649636,1.000000,否
3,train/images/nozzle_no_extrusion_0337.jpg,val/images/nozzle_no_extrusion_0302.jpg,0.677581,0.693325,1.000000,否
3,train/images/nozzle_no_extrusion_0337.jpg,test/images/nozzle_no_extrusion_0261.jpg,0.647123,0.553607,1.000000,否
3,train/images/nozzle_no_extrusion_0337.jpg,train/images/nozzle_no_extrusion_0182.jpg,0.719819,0.730617,1.000000,否
3,train/images/nozzle_no_extrusion_0337.jpg,val/images/nozzle_no_extrusion_0222.jpg,0.691244,0.754714,1.000000,否
3,train/images/nozzle_no_extrusion_0337.jpg,train/images/nozzle_no_extrusion_0188.jpg,0.734004,0.751890,1.000000,否
3,train/images/nozzle_no_extrusion_0337.jpg,val/images/nozzle_no_extrusion_0382.jpg,0.957611,0.940514,1.000000,否
3,train/images/nozzle_no_extrusion_0337.jpg,val/images/nozzle_no_extrusion_0258.jpg,0.956286,0.954183,1.000000,是
3,train/images/nozzle_no_extrusion_0337.jpg,val/images/nozzle_no_extrusion_0338.jpg,0.724727,0.765763,1.000000,否
3,test/images/nozzle_no_extrusion_0221.jpg,train/images/nozzle_no_extrusion_0339.jpg,0.677611,0.697389,1.000000,否
3,test/images/nozzle_no_extrusion_0221.jpg,train/images/nozzle_no_extrusion_0183.jpg,0.683018,0.698069,1.000000,否
3,test/images/nozzle_no_extrusion_0221.jpg,train/images/nozzle_no_extrusion_0344.jpg,0.802460,0.857421,1.000000,否
3,test/images/nozzle_no_extrusion_0221.jpg,val/images/nozzle_no_extrusion_0343.jpg,0.679710,0.705459,1.000000,否
3,test/images/nozzle_no_extrusion_0221.jpg,train/images/nozzle_no_extrusion_0260.jpg,0.687588,0.718624,1.000000,否
3,test/images/nozzle_no_extrusion_0221.jpg,train/images/nozzle_no_extrusion_0184.jpg,0.648527,0.539583,1.000000,否
3,test/images/nozzle_no_extrusion_0221.jpg,train/images/nozzle_no_extrusion_0226.jpg,0.632084,0.525067,1.000000,否
3,test/images/nozzle_no_extrusion_0221.jpg,train/images/nozzle_no_extrusion_0303.jpg,0.759935,0.817407,1.000000,否
3,test/images/nozzle_no_extrusion_0221.jpg,train/images/nozzle_no_extrusion_0299.jpg,0.649851,0.546397,1.000000,否
3,test/images/nozzle_no_extrusion_0221.jpg,train/images/nozzle_no_extrusion_0227.jpg,0.671185,0.669898,1.000000,否
3,test/images/nozzle_no_extrusion_0221.jpg,train/images/nozzle_no_extrusion_0224.jpg,0.627615,0.508097,1.000000,否
3,test/images/nozzle_no_extrusion_0221.jpg,train/images/nozzle_no_extrusion_0375.jpg,0.753833,0.772931,1.000000,否
3,test/images/nozzle_no_extrusion_0221.jpg,train/images/nozzle_no_extrusion_0340.jpg,0.647345,0.537782,1.000000,否
3,test/images/nozzle_no_extrusion_0221.jpg,test/images/nozzle_no_extrusion_0229.jpg,0.766792,0.872959,1.000000,否
3,test/images/nozzle_no_extrusion_0221.jpg,val/images/nozzle_no_extrusion_0187.jpg,0.677376,0.687630,1.000000,否
3,test/images/nozzle_no_extrusion_0221.jpg,val/images/nozzle_no_extrusion_0302.jpg,0.680223,0.708556,1.000000,否
3,test/images/nozzle_no_extrusion_0221.jpg,test/images/nozzle_no_extrusion_0261.jpg,0.654123,0.561237,1.000000,否
3,test/images/nozzle_no_extrusion_0221.jpg,train/images/nozzle_no_extrusion_0182.jpg,0.751172,0.756625,1.000000,否
3,test/images/nozzle_no_extrusion_0221.jpg,val/images/nozzle_no_extrusion_0222.jpg,0.712772,0.750351,1.000000,否
3,test/images/nozzle_no_extrusion_0221.jpg,train/images/nozzle_no_extrusion_0188.jpg,0.765186,0.791222,1.000000,否
3,test/images/nozzle_no_extrusion_0221.jpg,val/images/nozzle_no_extrusion_0382.jpg,0.826698,0.906105,1.000000,否
3,test/images/nozzle_no_extrusion_0221.jpg,val/images/nozzle_no_extrusion_0258.jpg,0.769791,0.886659,1.000000,否
3,test/images/nozzle_no_extrusion_0221.jpg,val/images/nozzle_no_extrusion_0338.jpg,0.758784,0.785385,1.000000,否
3,train/images/nozzle_no_extrusion_0339.jpg,train/images/nozzle_no_extrusion_0183.jpg,0.975058,0.957468,1.000000,是
3,train/images/nozzle_no_extrusion_0339.jpg,train/images/nozzle_no_extrusion_0344.jpg,0.691159,0.657358,1.000000,否
3,train/images/nozzle_no_extrusion_0339.jpg,val/images/nozzle_no_extrusion_0343.jpg,0.929127,0.943280,1.000000,否
3,train/images/nozzle_no_extrusion_0339.jpg,train/images/nozzle_no_extrusion_0260.jpg,0.941437,0.947478,1.000000,否
3,train/images/nozzle_no_extrusion_0339.jpg,train/images/nozzle_no_extrusion_0184.jpg,0.685881,0.696995,1.000000,否
3,train/images/nozzle_no_extrusion_0339.jpg,train/images/nozzle_no_extrusion_0226.jpg,0.666139,0.672276,1.000000,否
3,train/images/nozzle_no_extrusion_0339.jpg,train/images/nozzle_no_extrusion_0303.jpg,0.695604,0.644643,1.000000,否
3,train/images/nozzle_no_extrusion_0339.jpg,train/images/nozzle_no_extrusion_0299.jpg,0.701546,0.731420,1.000000,否
3,train/images/nozzle_no_extrusion_0339.jpg,train/images/nozzle_no_extrusion_0227.jpg,0.922376,0.931670,1.000000,否
3,train/images/nozzle_no_extrusion_0339.jpg,train/images/nozzle_no_extrusion_0224.jpg,0.647712,0.646415,1.000000,否
3,train/images/nozzle_no_extrusion_0339.jpg,train/images/nozzle_no_extrusion_0375.jpg,0.707340,0.662181,1.000000,否
3,train/images/nozzle_no_extrusion_0339.jpg,train/images/nozzle_no_extrusion_0340.jpg,0.696016,0.717777,1.000000,否
3,train/images/nozzle_no_extrusion_0339.jpg,test/images/nozzle_no_extrusion_0229.jpg,0.665573,0.652697,1.000000,否
3,train/images/nozzle_no_extrusion_0339.jpg,val/images/nozzle_no_extrusion_0187.jpg,0.937847,0.950682,1.000000,否
3,train/images/nozzle_no_extrusion_0339.jpg,val/images/nozzle_no_extrusion_0302.jpg,0.903281,0.933869,1.000000,否
3,train/images/nozzle_no_extrusion_0339.jpg,test/images/nozzle_no_extrusion_0261.jpg,0.711860,0.754066,1.000000,否
3,train/images/nozzle_no_extrusion_0339.jpg,train/images/nozzle_no_extrusion_0182.jpg,0.711889,0.646536,1.000000,否
3,train/images/nozzle_no_extrusion_0339.jpg,val/images/nozzle_no_extrusion_0222.jpg,0.733301,0.800937,1.000000,否
3,train/images/nozzle_no_extrusion_0339.jpg,train/images/nozzle_no_extrusion_0188.jpg,0.697031,0.631570,1.000000,否
3,train/images/nozzle_no_extrusion_0339.jpg,val/images/nozzle_no_extrusion_0382.jpg,0.675675,0.674223,1.000000,否
3,train/images/nozzle_no_extrusion_0339.jpg,val/images/nozzle_no_extrusion_0258.jpg,0.669911,0.649674,1.000000,否
3,train/images/nozzle_no_extrusion_0339.jpg,val/images/nozzle_no_extrusion_0338.jpg,0.700521,0.648482,1.000000,否
3,train/images/nozzle_no_extrusion_0183.jpg,train/images/nozzle_no_extrusion_0344.jpg,0.695662,0.651170,1.000000,否
3,train/images/nozzle_no_extrusion_0183.jpg,val/images/nozzle_no_extrusion_0343.jpg,0.930855,0.941308,1.000000,否
3,train/images/nozzle_no_extrusion_0183.jpg,train/images/nozzle_no_extrusion_0260.jpg,0.940096,0.955034,1.000000,否
3,train/images/nozzle_no_extrusion_0183.jpg,train/images/nozzle_no_extrusion_0184.jpg,0.688044,0.700676,1.000000,否
3,train/images/nozzle_no_extrusion_0183.jpg,train/images/nozzle_no_extrusion_0226.jpg,0.667796,0.668528,1.000000,否
3,train/images/nozzle_no_extrusion_0183.jpg,train/images/nozzle_no_extrusion_0303.jpg,0.698741,0.641160,1.000000,否
3,train/images/nozzle_no_extrusion_0183.jpg,train/images/nozzle_no_extrusion_0299.jpg,0.702780,0.727049,1.000000,否
3,train/images/nozzle_no_extrusion_0183.jpg,train/images/nozzle_no_extrusion_0227.jpg,0.893893,0.920776,1.000000,否
3,train/images/nozzle_no_extrusion_0183.jpg,train/images/nozzle_no_extrusion_0224.jpg,0.649408,0.646244,1.000000,否
3,train/images/nozzle_no_extrusion_0183.jpg,train/images/nozzle_no_extrusion_0375.jpg,0.707312,0.655808,1.000000,否
3,train/images/nozzle_no_extrusion_0183.jpg,train/images/nozzle_no_extrusion_0340.jpg,0.697373,0.713062,1.000000,否
3,train/images/nozzle_no_extrusion_0183.jpg,test/images/nozzle_no_extrusion_0229.jpg,0.668103,0.656025,1.000000,否
3,train/images/nozzle_no_extrusion_0183.jpg,val/images/nozzle_no_extrusion_0187.jpg,0.967138,0.965212,1.000000,是
3,train/images/nozzle_no_extrusion_0183.jpg,val/images/nozzle_no_extrusion_0302.jpg,0.903164,0.931500,1.000000,否
3,train/images/nozzle_no_extrusion_0183.jpg,test/images/nozzle_no_extrusion_0261.jpg,0.713070,0.752090,1.000000,否
3,train/images/nozzle_no_extrusion_0183.jpg,train/images/nozzle_no_extrusion_0182.jpg,0.715076,0.653861,1.000000,否
3,train/images/nozzle_no_extrusion_0183.jpg,val/images/nozzle_no_extrusion_0222.jpg,0.734395,0.807045,1.000000,否
3,train/images/nozzle_no_extrusion_0183.jpg,train/images/nozzle_no_extrusion_0188.jpg,0.699674,0.636389,1.000000,否
3,train/images/nozzle_no_extrusion_0183.jpg,val/images/nozzle_no_extrusion_0382.jpg,0.678543,0.669086,1.000000,否
3,train/images/nozzle_no_extrusion_0183.jpg,val/images/nozzle_no_extrusion_0258.jpg,0.672051,0.651021,1.000000,否
3,train/images/nozzle_no_extrusion_0183.jpg,val/images/nozzle_no_extrusion_0338.jpg,0.700600,0.639993,1.000000,否
3,train/images/nozzle_no_extrusion_0344.jpg,val/images/nozzle_no_extrusion_0343.jpg,0.696246,0.669118,1.000000,否
3,train/images/nozzle_no_extrusion_0344.jpg,train/images/nozzle_no_extrusion_0260.jpg,0.702312,0.666611,1.000000,否
3,train/images/nozzle_no_extrusion_0344.jpg,train/images/nozzle_no_extrusion_0184.jpg,0.645622,0.529474,1.000000,否
3,train/images/nozzle_no_extrusion_0344.jpg,train/images/nozzle_no_extrusion_0226.jpg,0.640173,0.504111,1.000000,否
3,train/images/nozzle_no_extrusion_0344.jpg,train/images/nozzle_no_extrusion_0303.jpg,0.956632,0.943051,1.000000,否
3,train/images/nozzle_no_extrusion_0344.jpg,train/images/nozzle_no_extrusion_0299.jpg,0.650716,0.538405,1.000000,否
3,train/images/nozzle_no_extrusion_0344.jpg,train/images/nozzle_no_extrusion_0227.jpg,0.676115,0.631884,1.000000,否
3,train/images/nozzle_no_extrusion_0344.jpg,train/images/nozzle_no_extrusion_0224.jpg,0.635105,0.488393,1.000000,否
3,train/images/nozzle_no_extrusion_0344.jpg,train/images/nozzle_no_extrusion_0375.jpg,0.803147,0.834292,1.000000,否
3,train/images/nozzle_no_extrusion_0344.jpg,train/images/nozzle_no_extrusion_0340.jpg,0.646470,0.533118,1.000000,否
3,train/images/nozzle_no_extrusion_0344.jpg,test/images/nozzle_no_extrusion_0229.jpg,0.731673,0.790050,1.000000,否
3,train/images/nozzle_no_extrusion_0344.jpg,val/images/nozzle_no_extrusion_0187.jpg,0.692286,0.642565,1.000000,否
3,train/images/nozzle_no_extrusion_0344.jpg,val/images/nozzle_no_extrusion_0302.jpg,0.696796,0.666038,1.000000,否
3,train/images/nozzle_no_extrusion_0344.jpg,test/images/nozzle_no_extrusion_0261.jpg,0.657409,0.549605,1.000000,否
3,train/images/nozzle_no_extrusion_0344.jpg,train/images/nozzle_no_extrusion_0182.jpg,0.779744,0.786175,1.000000,否
3,train/images/nozzle_no_extrusion_0344.jpg,val/images/nozzle_no_extrusion_0222.jpg,0.736490,0.716241,1.000000,否
3,train/images/nozzle_no_extrusion_0344.jpg,train/images/nozzle_no_extrusion_0188.jpg,0.937982,0.893357,1.000000,否
3,train/images/nozzle_no_extrusion_0344.jpg,val/images/nozzle_no_extrusion_0382.jpg,0.751927,0.813625,1.000000,否
3,train/images/nozzle_no_extrusion_0344.jpg,val/images/nozzle_no_extrusion_0258.jpg,0.737076,0.801400,1.000000,否
3,train/images/nozzle_no_extrusion_0344.jpg,val/images/nozzle_no_extrusion_0338.jpg,0.852932,0.875435,1.000000,否
3,val/images/nozzle_no_extrusion_0343.jpg,train/images/nozzle_no_extrusion_0260.jpg,0.969862,0.962550,1.000000,是
3,val/images/nozzle_no_extrusion_0343.jpg,train/images/nozzle_no_extrusion_0184.jpg,0.679722,0.679462,1.000000,否
3,val/images/nozzle_no_extrusion_0343.jpg,train/images/nozzle_no_extrusion_0226.jpg,0.658806,0.659740,1.000000,否
3,val/images/nozzle_no_extrusion_0343.jpg,train/images/nozzle_no_extrusion_0303.jpg,0.700406,0.660048,1.000000,否
3,val/images/nozzle_no_extrusion_0343.jpg,train/images/nozzle_no_extrusion_0299.jpg,0.692312,0.707620,1.000000,否
3,val/images/nozzle_no_extrusion_0343.jpg,train/images/nozzle_no_extrusion_0227.jpg,0.829244,0.889306,1.000000,否
3,val/images/nozzle_no_extrusion_0343.jpg,train/images/nozzle_no_extrusion_0224.jpg,0.655489,0.628376,1.000000,否
3,val/images/nozzle_no_extrusion_0343.jpg,train/images/nozzle_no_extrusion_0375.jpg,0.717804,0.678809,1.000000,否
3,val/images/nozzle_no_extrusion_0343.jpg,train/images/nozzle_no_extrusion_0340.jpg,0.686624,0.695973,1.000000,否
3,val/images/nozzle_no_extrusion_0343.jpg,test/images/nozzle_no_extrusion_0229.jpg,0.672040,0.674505,1.000000,否
3,val/images/nozzle_no_extrusion_0343.jpg,val/images/nozzle_no_extrusion_0187.jpg,0.924897,0.945262,1.000000,否
3,val/images/nozzle_no_extrusion_0343.jpg,val/images/nozzle_no_extrusion_0302.jpg,0.989188,0.967557,1.000000,是
3,val/images/nozzle_no_extrusion_0343.jpg,test/images/nozzle_no_extrusion_0261.jpg,0.703823,0.728498,1.000000,否
3,val/images/nozzle_no_extrusion_0343.jpg,train/images/nozzle_no_extrusion_0182.jpg,0.721665,0.666423,1.000000,否
3,val/images/nozzle_no_extrusion_0343.jpg,val/images/nozzle_no_extrusion_0222.jpg,0.754264,0.840623,1.000000,否
3,val/images/nozzle_no_extrusion_0343.jpg,train/images/nozzle_no_extrusion_0188.jpg,0.702872,0.648090,1.000000,否
3,val/images/nozzle_no_extrusion_0343.jpg,val/images/nozzle_no_extrusion_0382.jpg,0.673880,0.694508,1.000000,否
3,val/images/nozzle_no_extrusion_0343.jpg,val/images/nozzle_no_extrusion_0258.jpg,0.673629,0.669726,1.000000,否
3,val/images/nozzle_no_extrusion_0343.jpg,val/images/nozzle_no_extrusion_0338.jpg,0.710490,0.660801,1.000000,否
3,train/images/nozzle_no_extrusion_0260.jpg,train/images/nozzle_no_extrusion_0184.jpg,0.678030,0.677100,1.000000,否
3,train/images/nozzle_no_extrusion_0260.jpg,train/images/nozzle_no_extrusion_0226.jpg,0.655183,0.649731,1.000000,否
3,train/images/nozzle_no_extrusion_0260.jpg,train/images/nozzle_no_extrusion_0303.jpg,0.706427,0.659404,1.000000,否
3,train/images/nozzle_no_extrusion_0260.jpg,train/images/nozzle_no_extrusion_0299.jpg,0.689004,0.703700,1.000000,否
3,train/images/nozzle_no_extrusion_0260.jpg,train/images/nozzle_no_extrusion_0227.jpg,0.830100,0.888713,1.000000,否
3,train/images/nozzle_no_extrusion_0260.jpg,train/images/nozzle_no_extrusion_0224.jpg,0.646865,0.625463,1.000000,否
3,train/images/nozzle_no_extrusion_0260.jpg,train/images/nozzle_no_extrusion_0375.jpg,0.725566,0.683104,1.000000,否
3,train/images/nozzle_no_extrusion_0260.jpg,train/images/nozzle_no_extrusion_0340.jpg,0.683601,0.690972,1.000000,否
3,train/images/nozzle_no_extrusion_0260.jpg,test/images/nozzle_no_extrusion_0229.jpg,0.677647,0.680214,1.000000,否
3,train/images/nozzle_no_extrusion_0260.jpg,val/images/nozzle_no_extrusion_0187.jpg,0.909485,0.944325,1.000000,否
3,train/images/nozzle_no_extrusion_0260.jpg,val/images/nozzle_no_extrusion_0302.jpg,0.961699,0.957820,1.000000,是
3,train/images/nozzle_no_extrusion_0260.jpg,test/images/nozzle_no_extrusion_0261.jpg,0.700273,0.727592,1.000000,否
3,train/images/nozzle_no_extrusion_0260.jpg,train/images/nozzle_no_extrusion_0182.jpg,0.729991,0.678391,1.000000,否
3,train/images/nozzle_no_extrusion_0260.jpg,val/images/nozzle_no_extrusion_0222.jpg,0.751905,0.848286,1.000000,否
3,train/images/nozzle_no_extrusion_0260.jpg,train/images/nozzle_no_extrusion_0188.jpg,0.709482,0.648106,1.000000,否
3,train/images/nozzle_no_extrusion_0260.jpg,val/images/nozzle_no_extrusion_0382.jpg,0.682185,0.695195,1.000000,否
3,train/images/nozzle_no_extrusion_0260.jpg,val/images/nozzle_no_extrusion_0258.jpg,0.682170,0.678222,1.000000,否
3,train/images/nozzle_no_extrusion_0260.jpg,val/images/nozzle_no_extrusion_0338.jpg,0.715979,0.661912,1.000000,否
3,train/images/nozzle_no_extrusion_0184.jpg,train/images/nozzle_no_extrusion_0226.jpg,0.883273,0.913234,1.000000,否
3,train/images/nozzle_no_extrusion_0184.jpg,train/images/nozzle_no_extrusion_0303.jpg,0.644828,0.532252,1.000000,否
3,train/images/nozzle_no_extrusion_0184.jpg,train/images/nozzle_no_extrusion_0299.jpg,0.843915,0.929081,1.000000,否
3,train/images/nozzle_no_extrusion_0184.jpg,train/images/nozzle_no_extrusion_0227.jpg,0.698680,0.747232,1.000000,否
3,train/images/nozzle_no_extrusion_0184.jpg,train/images/nozzle_no_extrusion_0224.jpg,0.715143,0.854783,1.000000,否
3,train/images/nozzle_no_extrusion_0184.jpg,train/images/nozzle_no_extrusion_0375.jpg,0.655757,0.549207,1.000000,否
3,train/images/nozzle_no_extrusion_0184.jpg,train/images/nozzle_no_extrusion_0340.jpg,0.899077,0.945567,1.000000,否
3,train/images/nozzle_no_extrusion_0184.jpg,test/images/nozzle_no_extrusion_0229.jpg,0.638500,0.518988,1.000000,否
3,train/images/nozzle_no_extrusion_0184.jpg,val/images/nozzle_no_extrusion_0187.jpg,0.688841,0.708761,1.000000,否
3,train/images/nozzle_no_extrusion_0184.jpg,val/images/nozzle_no_extrusion_0302.jpg,0.677191,0.680428,1.000000,否
3,train/images/nozzle_no_extrusion_0184.jpg,test/images/nozzle_no_extrusion_0261.jpg,0.788181,0.896832,1.000000,否
3,train/images/nozzle_no_extrusion_0184.jpg,train/images/nozzle_no_extrusion_0182.jpg,0.660664,0.535350,1.000000,否
3,train/images/nozzle_no_extrusion_0184.jpg,val/images/nozzle_no_extrusion_0222.jpg,0.656279,0.605474,1.000000,否
3,train/images/nozzle_no_extrusion_0184.jpg,train/images/nozzle_no_extrusion_0188.jpg,0.650376,0.532678,1.000000,否
3,train/images/nozzle_no_extrusion_0184.jpg,val/images/nozzle_no_extrusion_0382.jpg,0.639368,0.529018,1.000000,否
3,train/images/nozzle_no_extrusion_0184.jpg,val/images/nozzle_no_extrusion_0258.jpg,0.635026,0.509489,1.000000,否
3,train/images/nozzle_no_extrusion_0184.jpg,val/images/nozzle_no_extrusion_0338.jpg,0.649477,0.534201,1.000000,否
3,train/images/nozzle_no_extrusion_0226.jpg,train/images/nozzle_no_extrusion_0303.jpg,0.639704,0.507594,1.000000,否
3,train/images/nozzle_no_extrusion_0226.jpg,train/images/nozzle_no_extrusion_0299.jpg,0.751484,0.864197,1.000000,否
3,train/images/nozzle_no_extrusion_0226.jpg,train/images/nozzle_no_extrusion_0227.jpg,0.678895,0.718167,1.000000,否
3,train/images/nozzle_no_extrusion_0226.jpg,train/images/nozzle_no_extrusion_0224.jpg,0.816460,0.904633,1.000000,否
3,train/images/nozzle_no_extrusion_0226.jpg,train/images/nozzle_no_extrusion_0375.jpg,0.644777,0.534607,1.000000,否
3,train/images/nozzle_no_extrusion_0226.jpg,train/images/nozzle_no_extrusion_0340.jpg,0.791489,0.876919,1.000000,否
3,train/images/nozzle_no_extrusion_0226.jpg,test/images/nozzle_no_extrusion_0229.jpg,0.623473,0.506126,1.000000,否
3,train/images/nozzle_no_extrusion_0226.jpg,val/images/nozzle_no_extrusion_0187.jpg,0.669783,0.680692,1.000000,否
3,train/images/nozzle_no_extrusion_0226.jpg,val/images/nozzle_no_extrusion_0302.jpg,0.655163,0.658411,1.000000,否
3,train/images/nozzle_no_extrusion_0226.jpg,test/images/nozzle_no_extrusion_0261.jpg,0.716382,0.835952,1.000000,否
3,train/images/nozzle_no_extrusion_0226.jpg,train/images/nozzle_no_extrusion_0182.jpg,0.645051,0.519177,1.000000,否
3,train/images/nozzle_no_extrusion_0226.jpg,val/images/nozzle_no_extrusion_0222.jpg,0.650117,0.585691,1.000000,否
3,train/images/nozzle_no_extrusion_0226.jpg,train/images/nozzle_no_extrusion_0188.jpg,0.642656,0.514258,1.000000,否
3,train/images/nozzle_no_extrusion_0226.jpg,val/images/nozzle_no_extrusion_0382.jpg,0.625257,0.511739,1.000000,否
3,train/images/nozzle_no_extrusion_0226.jpg,val/images/nozzle_no_extrusion_0258.jpg,0.622690,0.495939,1.000000,否
3,train/images/nozzle_no_extrusion_0226.jpg,val/images/nozzle_no_extrusion_0338.jpg,0.641551,0.511023,1.000000,否
3,train/images/nozzle_no_extrusion_0303.jpg,train/images/nozzle_no_extrusion_0299.jpg,0.655596,0.539064,1.000000,否
3,train/images/nozzle_no_extrusion_0303.jpg,train/images/nozzle_no_extrusion_0227.jpg,0.682250,0.621264,1.000000,否
3,train/images/nozzle_no_extrusion_0303.jpg,train/images/nozzle_no_extrusion_0224.jpg,0.634392,0.491384,1.000000,否
3,train/images/nozzle_no_extrusion_0303.jpg,train/images/nozzle_no_extrusion_0375.jpg,0.859658,0.875986,1.000000,否
3,train/images/nozzle_no_extrusion_0303.jpg,train/images/nozzle_no_extrusion_0340.jpg,0.649576,0.533194,1.000000,否
3,train/images/nozzle_no_extrusion_0303.jpg,test/images/nozzle_no_extrusion_0229.jpg,0.715758,0.766432,1.000000,否
3,train/images/nozzle_no_extrusion_0303.jpg,val/images/nozzle_no_extrusion_0187.jpg,0.695281,0.634958,1.000000,否
3,train/images/nozzle_no_extrusion_0303.jpg,val/images/nozzle_no_extrusion_0302.jpg,0.704299,0.662215,1.000000,否
3,train/images/nozzle_no_extrusion_0303.jpg,test/images/nozzle_no_extrusion_0261.jpg,0.662138,0.552653,1.000000,否
3,train/images/nozzle_no_extrusion_0303.jpg,train/images/nozzle_no_extrusion_0182.jpg,0.825709,0.828734,1.000000,否
3,train/images/nozzle_no_extrusion_0303.jpg,val/images/nozzle_no_extrusion_0222.jpg,0.739898,0.719836,1.000000,否
3,train/images/nozzle_no_extrusion_0303.jpg,train/images/nozzle_no_extrusion_0188.jpg,0.968842,0.913726,1.000000,否
3,train/images/nozzle_no_extrusion_0303.jpg,val/images/nozzle_no_extrusion_0382.jpg,0.738648,0.780974,1.000000,否
3,train/images/nozzle_no_extrusion_0303.jpg,val/images/nozzle_no_extrusion_0258.jpg,0.720500,0.775337,1.000000,否
3,train/images/nozzle_no_extrusion_0303.jpg,val/images/nozzle_no_extrusion_0338.jpg,0.916577,0.924356,1.000000,否
3,train/images/nozzle_no_extrusion_0299.jpg,train/images/nozzle_no_extrusion_0227.jpg,0.717181,0.781327,1.000000,否
3,train/images/nozzle_no_extrusion_0299.jpg,train/images/nozzle_no_extrusion_0224.jpg,0.704662,0.831978,1.000000,否
3,train/images/nozzle_no_extrusion_0299.jpg,train/images/nozzle_no_extrusion_0375.jpg,0.654852,0.548581,1.000000,否
3,train/images/nozzle_no_extrusion_0299.jpg,train/images/nozzle_no_extrusion_0340.jpg,0.981237,0.966408,1.000000,是
3,train/images/nozzle_no_extrusion_0299.jpg,test/images/nozzle_no_extrusion_0229.jpg,0.640071,0.533862,1.000000,否
3,train/images/nozzle_no_extrusion_0299.jpg,val/images/nozzle_no_extrusion_0187.jpg,0.706644,0.735862,1.000000,否
3,train/images/nozzle_no_extrusion_0299.jpg,val/images/nozzle_no_extrusion_0302.jpg,0.688911,0.706686,1.000000,否
3,train/images/nozzle_no_extrusion_0299.jpg,test/images/nozzle_no_extrusion_0261.jpg,0.974835,0.960001,1.000000,是
3,train/images/nozzle_no_extrusion_0299.jpg,train/images/nozzle_no_extrusion_0182.jpg,0.655617,0.533458,1.000000,否
3,train/images/nozzle_no_extrusion_0299.jpg,val/images/nozzle_no_extrusion_0222.jpg,0.662371,0.624231,1.000000,否
3,train/images/nozzle_no_extrusion_0299.jpg,train/images/nozzle_no_extrusion_0188.jpg,0.658364,0.533389,1.000000,否
3,train/images/nozzle_no_extrusion_0299.jpg,val/images/nozzle_no_extrusion_0382.jpg,0.639454,0.535849,1.000000,否
3,train/images/nozzle_no_extrusion_0299.jpg,val/images/nozzle_no_extrusion_0258.jpg,0.637480,0.522844,1.000000,否
3,train/images/nozzle_no_extrusion_0299.jpg,val/images/nozzle_no_extrusion_0338.jpg,0.655935,0.539852,1.000000,否
3,train/images/nozzle_no_extrusion_0227.jpg,train/images/nozzle_no_extrusion_0224.jpg,0.659513,0.692353,1.000000,否
3,train/images/nozzle_no_extrusion_0227.jpg,train/images/nozzle_no_extrusion_0375.jpg,0.694354,0.633723,1.000000,否
3,train/images/nozzle_no_extrusion_0227.jpg,train/images/nozzle_no_extrusion_0340.jpg,0.713051,0.764981,1.000000,否
3,train/images/nozzle_no_extrusion_0227.jpg,test/images/nozzle_no_extrusion_0229.jpg,0.658930,0.622406,1.000000,否
3,train/images/nozzle_no_extrusion_0227.jpg,val/images/nozzle_no_extrusion_0187.jpg,0.915499,0.927745,1.000000,否
3,train/images/nozzle_no_extrusion_0227.jpg,val/images/nozzle_no_extrusion_0302.jpg,0.800733,0.887231,1.000000,否
3,train/images/nozzle_no_extrusion_0227.jpg,test/images/nozzle_no_extrusion_0261.jpg,0.723803,0.801915,1.000000,否
3,train/images/nozzle_no_extrusion_0227.jpg,train/images/nozzle_no_extrusion_0182.jpg,0.698262,0.627209,1.000000,否
3,train/images/nozzle_no_extrusion_0227.jpg,val/images/nozzle_no_extrusion_0222.jpg,0.719371,0.760117,1.000000,否
3,train/images/nozzle_no_extrusion_0227.jpg,train/images/nozzle_no_extrusion_0188.jpg,0.683566,0.616105,1.000000,否
3,train/images/nozzle_no_extrusion_0227.jpg,val/images/nozzle_no_extrusion_0382.jpg,0.665758,0.635498,1.000000,否
3,train/images/nozzle_no_extrusion_0227.jpg,val/images/nozzle_no_extrusion_0258.jpg,0.664508,0.620226,1.000000,否
3,train/images/nozzle_no_extrusion_0227.jpg,val/images/nozzle_no_extrusion_0338.jpg,0.686514,0.618573,1.000000,否
3,train/images/nozzle_no_extrusion_0224.jpg,train/images/nozzle_no_extrusion_0375.jpg,0.636330,0.521506,1.000000,否
3,train/images/nozzle_no_extrusion_0224.jpg,train/images/nozzle_no_extrusion_0340.jpg,0.701628,0.832793,1.000000,否
3,train/images/nozzle_no_extrusion_0224.jpg,test/images/nozzle_no_extrusion_0229.jpg,0.616923,0.496184,1.000000,否
3,train/images/nozzle_no_extrusion_0224.jpg,val/images/nozzle_no_extrusion_0187.jpg,0.655008,0.654152,1.000000,否
3,train/images/nozzle_no_extrusion_0224.jpg,val/images/nozzle_no_extrusion_0302.jpg,0.655438,0.625259,1.000000,否
3,train/images/nozzle_no_extrusion_0224.jpg,test/images/nozzle_no_extrusion_0261.jpg,0.706265,0.805197,1.000000,否
3,train/images/nozzle_no_extrusion_0224.jpg,train/images/nozzle_no_extrusion_0182.jpg,0.633421,0.508172,1.000000,否
3,train/images/nozzle_no_extrusion_0224.jpg,val/images/nozzle_no_extrusion_0222.jpg,0.651838,0.575639,1.000000,否
3,train/images/nozzle_no_extrusion_0224.jpg,train/images/nozzle_no_extrusion_0188.jpg,0.634956,0.494875,1.000000,否
3,train/images/nozzle_no_extrusion_0224.jpg,val/images/nozzle_no_extrusion_0382.jpg,0.617349,0.498975,1.000000,否
3,train/images/nozzle_no_extrusion_0224.jpg,val/images/nozzle_no_extrusion_0258.jpg,0.617648,0.487568,1.000000,否
3,train/images/nozzle_no_extrusion_0224.jpg,val/images/nozzle_no_extrusion_0338.jpg,0.633740,0.498780,1.000000,否
3,train/images/nozzle_no_extrusion_0375.jpg,train/images/nozzle_no_extrusion_0340.jpg,0.654006,0.546717,1.000000,否
3,train/images/nozzle_no_extrusion_0375.jpg,test/images/nozzle_no_extrusion_0229.jpg,0.710690,0.749165,1.000000,否
3,train/images/nozzle_no_extrusion_0375.jpg,val/images/nozzle_no_extrusion_0187.jpg,0.704453,0.646793,1.000000,否
3,train/images/nozzle_no_extrusion_0375.jpg,val/images/nozzle_no_extrusion_0302.jpg,0.717922,0.682704,1.000000,否
3,train/images/nozzle_no_extrusion_0375.jpg,test/images/nozzle_no_extrusion_0261.jpg,0.657878,0.561392,1.000000,否
3,train/images/nozzle_no_extrusion_0375.jpg,train/images/nozzle_no_extrusion_0182.jpg,0.970654,0.923445,1.000000,否
3,train/images/nozzle_no_extrusion_0375.jpg,val/images/nozzle_no_extrusion_0222.jpg,0.752561,0.778712,1.000000,否
3,train/images/nozzle_no_extrusion_0375.jpg,train/images/nozzle_no_extrusion_0188.jpg,0.864485,0.842881,1.000000,否
3,train/images/nozzle_no_extrusion_0375.jpg,val/images/nozzle_no_extrusion_0382.jpg,0.722601,0.758008,1.000000,否
3,train/images/nozzle_no_extrusion_0375.jpg,val/images/nozzle_no_extrusion_0258.jpg,0.713829,0.755649,1.000000,否
3,train/images/nozzle_no_extrusion_0375.jpg,val/images/nozzle_no_extrusion_0338.jpg,0.970800,0.951056,1.000000,是
3,train/images/nozzle_no_extrusion_0340.jpg,test/images/nozzle_no_extrusion_0229.jpg,0.637138,0.522177,1.000000,否
3,train/images/nozzle_no_extrusion_0340.jpg,val/images/nozzle_no_extrusion_0187.jpg,0.701080,0.721313,1.000000,否
3,train/images/nozzle_no_extrusion_0340.jpg,val/images/nozzle_no_extrusion_0302.jpg,0.682410,0.693370,1.000000,否
3,train/images/nozzle_no_extrusion_0340.jpg,test/images/nozzle_no_extrusion_0261.jpg,0.932021,0.938830,1.000000,否
3,train/images/nozzle_no_extrusion_0340.jpg,train/images/nozzle_no_extrusion_0182.jpg,0.655460,0.529472,1.000000,否
3,train/images/nozzle_no_extrusion_0340.jpg,val/images/nozzle_no_extrusion_0222.jpg,0.656883,0.612131,1.000000,否
3,train/images/nozzle_no_extrusion_0340.jpg,train/images/nozzle_no_extrusion_0188.jpg,0.653308,0.531814,1.000000,否
3,train/images/nozzle_no_extrusion_0340.jpg,val/images/nozzle_no_extrusion_0382.jpg,0.636549,0.530494,1.000000,否
3,train/images/nozzle_no_extrusion_0340.jpg,val/images/nozzle_no_extrusion_0258.jpg,0.634648,0.510858,1.000000,否
3,train/images/nozzle_no_extrusion_0340.jpg,val/images/nozzle_no_extrusion_0338.jpg,0.652633,0.536853,1.000000,否
3,test/images/nozzle_no_extrusion_0229.jpg,val/images/nozzle_no_extrusion_0187.jpg,0.662632,0.642180,1.000000,否
3,test/images/nozzle_no_extrusion_0229.jpg,val/images/nozzle_no_extrusion_0302.jpg,0.674037,0.680470,1.000000,否
3,test/images/nozzle_no_extrusion_0229.jpg,test/images/nozzle_no_extrusion_0261.jpg,0.644183,0.551672,1.000000,否
3,test/images/nozzle_no_extrusion_0229.jpg,train/images/nozzle_no_extrusion_0182.jpg,0.711829,0.738677,1.000000,否
3,test/images/nozzle_no_extrusion_0229.jpg,val/images/nozzle_no_extrusion_0222.jpg,0.685103,0.750977,1.000000,否
3,test/images/nozzle_no_extrusion_0229.jpg,train/images/nozzle_no_extrusion_0188.jpg,0.719626,0.758777,1.000000,否
3,test/images/nozzle_no_extrusion_0229.jpg,val/images/nozzle_no_extrusion_0382.jpg,0.878572,0.914989,1.000000,否
3,test/images/nozzle_no_extrusion_0229.jpg,val/images/nozzle_no_extrusion_0258.jpg,0.975622,0.954380,1.000000,是
3,test/images/nozzle_no_extrusion_0229.jpg,val/images/nozzle_no_extrusion_0338.jpg,0.715563,0.755214,1.000000,否
3,val/images/nozzle_no_extrusion_0187.jpg,val/images/nozzle_no_extrusion_0302.jpg,0.893952,0.938666,1.000000,否
3,val/images/nozzle_no_extrusion_0187.jpg,test/images/nozzle_no_extrusion_0261.jpg,0.716581,0.757704,1.000000,否
3,val/images/nozzle_no_extrusion_0187.jpg,train/images/nozzle_no_extrusion_0182.jpg,0.710570,0.641405,1.000000,否
3,val/images/nozzle_no_extrusion_0187.jpg,val/images/nozzle_no_extrusion_0222.jpg,0.730577,0.797268,1.000000,否
3,val/images/nozzle_no_extrusion_0187.jpg,train/images/nozzle_no_extrusion_0188.jpg,0.696543,0.630782,1.000000,否
3,val/images/nozzle_no_extrusion_0187.jpg,val/images/nozzle_no_extrusion_0382.jpg,0.671597,0.657659,1.000000,否
3,val/images/nozzle_no_extrusion_0187.jpg,val/images/nozzle_no_extrusion_0258.jpg,0.666687,0.636702,1.000000,否
3,val/images/nozzle_no_extrusion_0187.jpg,val/images/nozzle_no_extrusion_0338.jpg,0.697849,0.629613,1.000000,否
3,val/images/nozzle_no_extrusion_0302.jpg,test/images/nozzle_no_extrusion_0261.jpg,0.699751,0.728912,1.000000,否
3,val/images/nozzle_no_extrusion_0302.jpg,train/images/nozzle_no_extrusion_0182.jpg,0.721136,0.674181,1.000000,否
3,val/images/nozzle_no_extrusion_0302.jpg,val/images/nozzle_no_extrusion_0222.jpg,0.766064,0.847928,1.000000,否
3,val/images/nozzle_no_extrusion_0302.jpg,train/images/nozzle_no_extrusion_0188.jpg,0.703680,0.648344,1.000000,否
3,val/images/nozzle_no_extrusion_0302.jpg,val/images/nozzle_no_extrusion_0382.jpg,0.672780,0.697649,1.000000,否
3,val/images/nozzle_no_extrusion_0302.jpg,val/images/nozzle_no_extrusion_0258.jpg,0.675080,0.676593,1.000000,否
3,val/images/nozzle_no_extrusion_0302.jpg,val/images/nozzle_no_extrusion_0338.jpg,0.711948,0.660828,1.000000,否
3,test/images/nozzle_no_extrusion_0261.jpg,train/images/nozzle_no_extrusion_0182.jpg,0.658461,0.551040,1.000000,否
3,test/images/nozzle_no_extrusion_0261.jpg,val/images/nozzle_no_extrusion_0222.jpg,0.673905,0.641594,1.000000,否
3,test/images/nozzle_no_extrusion_0261.jpg,train/images/nozzle_no_extrusion_0188.jpg,0.664932,0.547437,1.000000,否
3,test/images/nozzle_no_extrusion_0261.jpg,val/images/nozzle_no_extrusion_0382.jpg,0.645150,0.548250,1.000000,否
3,test/images/nozzle_no_extrusion_0261.jpg,val/images/nozzle_no_extrusion_0258.jpg,0.642078,0.538206,1.000000,否
3,test/images/nozzle_no_extrusion_0261.jpg,val/images/nozzle_no_extrusion_0338.jpg,0.659839,0.553210,1.000000,否
3,train/images/nozzle_no_extrusion_0182.jpg,val/images/nozzle_no_extrusion_0222.jpg,0.762562,0.781571,1.000000,否
3,train/images/nozzle_no_extrusion_0182.jpg,train/images/nozzle_no_extrusion_0188.jpg,0.849038,0.852756,1.000000,否
3,train/images/nozzle_no_extrusion_0182.jpg,val/images/nozzle_no_extrusion_0382.jpg,0.720880,0.727231,1.000000,否
3,train/images/nozzle_no_extrusion_0182.jpg,val/images/nozzle_no_extrusion_0258.jpg,0.714501,0.747810,1.000000,否
3,train/images/nozzle_no_extrusion_0182.jpg,val/images/nozzle_no_extrusion_0338.jpg,0.932544,0.899192,1.000000,否
3,val/images/nozzle_no_extrusion_0222.jpg,train/images/nozzle_no_extrusion_0188.jpg,0.744595,0.715267,1.000000,否
3,val/images/nozzle_no_extrusion_0222.jpg,val/images/nozzle_no_extrusion_0382.jpg,0.690923,0.738630,1.000000,否
3,val/images/nozzle_no_extrusion_0222.jpg,val/images/nozzle_no_extrusion_0258.jpg,0.688086,0.756069,1.000000,否
3,val/images/nozzle_no_extrusion_0222.jpg,val/images/nozzle_no_extrusion_0338.jpg,0.738129,0.740811,1.000000,否
3,train/images/nozzle_no_extrusion_0188.jpg,val/images/nozzle_no_extrusion_0382.jpg,0.740833,0.759622,1.000000,否
3,train/images/nozzle_no_extrusion_0188.jpg,val/images/nozzle_no_extrusion_0258.jpg,0.723542,0.760526,1.000000,否
3,train/images/nozzle_no_extrusion_0188.jpg,val/images/nozzle_no_extrusion_0338.jpg,0.911093,0.879900,1.000000,否
3,val/images/nozzle_no_extrusion_0382.jpg,val/images/nozzle_no_extrusion_0258.jpg,0.882372,0.915654,1.000000,否
3,val/images/nozzle_no_extrusion_0382.jpg,val/images/nozzle_no_extrusion_0338.jpg,0.729472,0.762274,1.000000,否
3,val/images/nozzle_no_extrusion_0258.jpg,val/images/nozzle_no_extrusion_0338.jpg,0.717691,0.761848,1.000000,否
4,train/images/nozzle_no_extrusion_0444.jpg,test/images/nozzle_no_extrusion_0603.jpg,0.750886,0.921070,1.000000,否
4,train/images/nozzle_no_extrusion_0444.jpg,test/images/nozzle_no_extrusion_0285.jpg,0.758651,0.921320,1.000000,否
4,train/images/nozzle_no_extrusion_0444.jpg,train/images/nozzle_no_extrusion_0266.jpg,0.717015,0.889925,1.000000,否
4,train/images/nozzle_no_extrusion_0444.jpg,train/images/nozzle_no_extrusion_0454.jpg,0.921563,0.962665,1.000000,否
4,train/images/nozzle_no_extrusion_0444.jpg,train/images/nozzle_no_extrusion_0558.jpg,0.787031,0.903438,1.000000,否
4,train/images/nozzle_no_extrusion_0444.jpg,train/images/nozzle_no_extrusion_0566.jpg,0.753270,0.935817,1.000000,否
4,train/images/nozzle_no_extrusion_0444.jpg,test/images/nozzle_no_extrusion_0304.jpg,0.742920,0.904689,1.000000,否
4,train/images/nozzle_no_extrusion_0444.jpg,train/images/nozzle_no_extrusion_0750.jpg,0.749103,0.870843,1.000000,否
4,train/images/nozzle_no_extrusion_0444.jpg,train/images/nozzle_no_extrusion_0604.jpg,0.777771,0.935025,1.000000,否
4,train/images/nozzle_no_extrusion_0444.jpg,train/images/nozzle_no_extrusion_0364.jpg,0.757608,0.913668,1.000000,否
4,train/images/nozzle_no_extrusion_0444.jpg,val/images/nozzle_no_extrusion_0565.jpg,0.737672,0.861221,1.000000,否
4,train/images/nozzle_no_extrusion_0444.jpg,train/images/nozzle_no_extrusion_0323.jpg,0.770086,0.938243,1.000000,否
4,train/images/nozzle_no_extrusion_0444.jpg,train/images/nozzle_no_extrusion_0231.jpg,0.761906,0.913288,1.000000,否
4,train/images/nozzle_no_extrusion_0444.jpg,train/images/nozzle_no_extrusion_0434.jpg,0.748137,0.936978,1.000000,否
4,train/images/nozzle_no_extrusion_0444.jpg,train/images/nozzle_no_extrusion_0249.jpg,0.753823,0.903140,1.000000,否
4,train/images/nozzle_no_extrusion_0444.jpg,train/images/nozzle_no_extrusion_0585.jpg,0.770618,0.934028,1.000000,否
4,train/images/nozzle_no_extrusion_0444.jpg,test/images/nozzle_no_extrusion_0384.jpg,0.814463,0.956256,1.000000,否
4,train/images/nozzle_no_extrusion_0444.jpg,train/images/nozzle_no_extrusion_0383.jpg,0.715752,0.883269,1.000000,否
4,train/images/nozzle_no_extrusion_0444.jpg,train/images/nozzle_no_extrusion_0445.jpg,0.806940,0.966156,1.000000,否
4,train/images/nozzle_no_extrusion_0444.jpg,test/images/nozzle_no_extrusion_0442.jpg,0.751531,0.937079,1.000000,否
4,train/images/nozzle_no_extrusion_0444.jpg,train/images/nozzle_no_extrusion_0230.jpg,0.690137,0.813685,1.000000,否
4,train/images/nozzle_no_extrusion_0444.jpg,train/images/nozzle_no_extrusion_0576.jpg,0.749190,0.925819,1.000000,否
4,train/images/nozzle_no_extrusion_0444.jpg,train/images/nozzle_no_extrusion_0191.jpg,0.760323,0.904363,1.000000,否
4,train/images/nozzle_no_extrusion_0444.jpg,train/images/nozzle_no_extrusion_0594.jpg,0.759277,0.918140,1.000000,否
4,train/images/nozzle_no_extrusion_0444.jpg,train/images/nozzle_no_extrusion_0584.jpg,0.746393,0.929592,1.000000,否
4,train/images/nozzle_no_extrusion_0444.jpg,test/images/nozzle_no_extrusion_0595.jpg,0.758798,0.938285,1.000000,否
4,train/images/nozzle_no_extrusion_0444.jpg,train/images/nozzle_no_extrusion_0190.jpg,0.674061,0.774684,1.000000,否
4,train/images/nozzle_no_extrusion_0444.jpg,train/images/nozzle_no_extrusion_0345.jpg,0.738181,0.906459,1.000000,否
4,train/images/nozzle_no_extrusion_0444.jpg,train/images/nozzle_no_extrusion_0305.jpg,0.760667,0.926934,1.000000,否
4,train/images/nozzle_no_extrusion_0444.jpg,train/images/nozzle_no_extrusion_0816.jpg,0.759194,0.881524,1.000000,否
4,train/images/nozzle_no_extrusion_0444.jpg,train/images/nozzle_no_extrusion_0346.jpg,0.777405,0.950565,1.000000,否
4,train/images/nozzle_no_extrusion_0444.jpg,train/images/nozzle_no_extrusion_0267.jpg,0.769181,0.932048,1.000000,否
4,train/images/nozzle_no_extrusion_0444.jpg,test/images/nozzle_no_extrusion_0575.jpg,0.742338,0.925976,1.000000,否
4,train/images/nozzle_no_extrusion_0444.jpg,train/images/nozzle_no_extrusion_0758.jpg,0.761169,0.878063,1.000000,否
4,train/images/nozzle_no_extrusion_0444.jpg,train/images/nozzle_no_extrusion_0443.jpg,0.776366,0.956395,1.000000,否
4,train/images/nozzle_no_extrusion_0444.jpg,test/images/nozzle_no_extrusion_0455.jpg,0.989459,0.967924,1.000000,是
4,train/images/nozzle_no_extrusion_0444.jpg,val/images/nozzle_no_extrusion_0210.jpg,0.764716,0.925073,1.000000,否
4,test/images/nozzle_no_extrusion_0603.jpg,test/images/nozzle_no_extrusion_0285.jpg,0.734568,0.880951,1.000000,否
4,test/images/nozzle_no_extrusion_0603.jpg,train/images/nozzle_no_extrusion_0266.jpg,0.729997,0.863524,1.000000,否
4,test/images/nozzle_no_extrusion_0603.jpg,train/images/nozzle_no_extrusion_0454.jpg,0.744899,0.931098,1.000000,否
4,test/images/nozzle_no_extrusion_0603.jpg,train/images/nozzle_no_extrusion_0558.jpg,0.774409,0.895848,1.000000,否
4,test/images/nozzle_no_extrusion_0603.jpg,train/images/nozzle_no_extrusion_0566.jpg,0.740823,0.934871,1.000000,否
4,test/images/nozzle_no_extrusion_0603.jpg,test/images/nozzle_no_extrusion_0304.jpg,0.742043,0.877787,1.000000,否
4,test/images/nozzle_no_extrusion_0603.jpg,train/images/nozzle_no_extrusion_0750.jpg,0.738872,0.895660,1.000000,否
4,test/images/nozzle_no_extrusion_0603.jpg,train/images/nozzle_no_extrusion_0604.jpg,0.741203,0.932783,1.000000,否
4,test/images/nozzle_no_extrusion_0603.jpg,train/images/nozzle_no_extrusion_0364.jpg,0.731779,0.880697,1.000000,否
4,test/images/nozzle_no_extrusion_0603.jpg,val/images/nozzle_no_extrusion_0565.jpg,0.731798,0.864568,1.000000,否
4,test/images/nozzle_no_extrusion_0603.jpg,train/images/nozzle_no_extrusion_0323.jpg,0.741529,0.898233,1.000000,否
4,test/images/nozzle_no_extrusion_0603.jpg,train/images/nozzle_no_extrusion_0231.jpg,0.770551,0.868555,1.000000,否
4,test/images/nozzle_no_extrusion_0603.jpg,train/images/nozzle_no_extrusion_0434.jpg,0.717349,0.900005,1.000000,否
4,test/images/nozzle_no_extrusion_0603.jpg,train/images/nozzle_no_extrusion_0249.jpg,0.729661,0.855835,1.000000,否
4,test/images/nozzle_no_extrusion_0603.jpg,train/images/nozzle_no_extrusion_0585.jpg,0.766585,0.936844,1.000000,否
4,test/images/nozzle_no_extrusion_0603.jpg,test/images/nozzle_no_extrusion_0384.jpg,0.759814,0.909395,1.000000,否
4,test/images/nozzle_no_extrusion_0603.jpg,train/images/nozzle_no_extrusion_0383.jpg,0.730841,0.871579,1.000000,否
4,test/images/nozzle_no_extrusion_0603.jpg,train/images/nozzle_no_extrusion_0445.jpg,0.736495,0.916096,1.000000,否
4,test/images/nozzle_no_extrusion_0603.jpg,test/images/nozzle_no_extrusion_0442.jpg,0.722731,0.908031,1.000000,否
4,test/images/nozzle_no_extrusion_0603.jpg,train/images/nozzle_no_extrusion_0230.jpg,0.711664,0.797050,1.000000,否
4,test/images/nozzle_no_extrusion_0603.jpg,train/images/nozzle_no_extrusion_0576.jpg,0.740425,0.932698,1.000000,否
4,test/images/nozzle_no_extrusion_0603.jpg,train/images/nozzle_no_extrusion_0191.jpg,0.772014,0.865091,1.000000,否
4,test/images/nozzle_no_extrusion_0603.jpg,train/images/nozzle_no_extrusion_0594.jpg,0.762212,0.937024,1.000000,否
4,test/images/nozzle_no_extrusion_0603.jpg,train/images/nozzle_no_extrusion_0584.jpg,0.743849,0.933635,1.000000,否
4,test/images/nozzle_no_extrusion_0603.jpg,test/images/nozzle_no_extrusion_0595.jpg,0.856697,0.952907,1.000000,否
4,test/images/nozzle_no_extrusion_0603.jpg,train/images/nozzle_no_extrusion_0190.jpg,0.701697,0.756873,1.000000,否
4,test/images/nozzle_no_extrusion_0603.jpg,train/images/nozzle_no_extrusion_0345.jpg,0.739719,0.887117,1.000000,否
4,test/images/nozzle_no_extrusion_0603.jpg,train/images/nozzle_no_extrusion_0305.jpg,0.748241,0.884175,1.000000,否
4,test/images/nozzle_no_extrusion_0603.jpg,train/images/nozzle_no_extrusion_0816.jpg,0.769354,0.911367,1.000000,否
4,test/images/nozzle_no_extrusion_0603.jpg,train/images/nozzle_no_extrusion_0346.jpg,0.746872,0.901627,1.000000,否
4,test/images/nozzle_no_extrusion_0603.jpg,train/images/nozzle_no_extrusion_0267.jpg,0.779865,0.890135,1.000000,否
4,test/images/nozzle_no_extrusion_0603.jpg,test/images/nozzle_no_extrusion_0575.jpg,0.734520,0.928231,1.000000,否
4,test/images/nozzle_no_extrusion_0603.jpg,train/images/nozzle_no_extrusion_0758.jpg,0.752618,0.903788,1.000000,否
4,test/images/nozzle_no_extrusion_0603.jpg,train/images/nozzle_no_extrusion_0443.jpg,0.737131,0.911736,1.000000,否
4,test/images/nozzle_no_extrusion_0603.jpg,test/images/nozzle_no_extrusion_0455.jpg,0.744513,0.918693,1.000000,否
4,test/images/nozzle_no_extrusion_0603.jpg,val/images/nozzle_no_extrusion_0210.jpg,0.736958,0.880061,1.000000,否
4,test/images/nozzle_no_extrusion_0285.jpg,train/images/nozzle_no_extrusion_0266.jpg,0.744886,0.908162,1.000000,否
4,test/images/nozzle_no_extrusion_0285.jpg,train/images/nozzle_no_extrusion_0454.jpg,0.761250,0.914714,1.000000,否
4,test/images/nozzle_no_extrusion_0285.jpg,train/images/nozzle_no_extrusion_0558.jpg,0.822680,0.877779,1.000000,否
4,test/images/nozzle_no_extrusion_0285.jpg,train/images/nozzle_no_extrusion_0566.jpg,0.779156,0.903394,1.000000,否
4,test/images/nozzle_no_extrusion_0285.jpg,test/images/nozzle_no_extrusion_0304.jpg,0.753619,0.909156,1.000000,否
4,test/images/nozzle_no_extrusion_0285.jpg,train/images/nozzle_no_extrusion_0750.jpg,0.831333,0.861717,1.000000,否
4,test/images/nozzle_no_extrusion_0285.jpg,train/images/nozzle_no_extrusion_0604.jpg,0.739755,0.872702,1.000000,否
4,test/images/nozzle_no_extrusion_0285.jpg,train/images/nozzle_no_extrusion_0364.jpg,0.853365,0.961679,1.000000,否
4,test/images/nozzle_no_extrusion_0285.jpg,val/images/nozzle_no_extrusion_0565.jpg,0.771569,0.837927,1.000000,否
4,test/images/nozzle_no_extrusion_0285.jpg,train/images/nozzle_no_extrusion_0323.jpg,0.837706,0.957199,1.000000,否
4,test/images/nozzle_no_extrusion_0285.jpg,train/images/nozzle_no_extrusion_0231.jpg,0.767045,0.913772,1.000000,否
4,test/images/nozzle_no_extrusion_0285.jpg,train/images/nozzle_no_extrusion_0434.jpg,0.748176,0.922686,1.000000,否
4,test/images/nozzle_no_extrusion_0285.jpg,train/images/nozzle_no_extrusion_0249.jpg,0.854651,0.961917,1.000000,否
4,test/images/nozzle_no_extrusion_0285.jpg,train/images/nozzle_no_extrusion_0585.jpg,0.766822,0.893793,1.000000,否
4,test/images/nozzle_no_extrusion_0285.jpg,test/images/nozzle_no_extrusion_0384.jpg,0.797884,0.929076,1.000000,否
4,test/images/nozzle_no_extrusion_0285.jpg,train/images/nozzle_no_extrusion_0383.jpg,0.740373,0.891695,1.000000,否
4,test/images/nozzle_no_extrusion_0285.jpg,train/images/nozzle_no_extrusion_0445.jpg,0.748497,0.923267,1.000000,否
4,test/images/nozzle_no_extrusion_0285.jpg,test/images/nozzle_no_extrusion_0442.jpg,0.751427,0.914078,1.000000,否
4,test/images/nozzle_no_extrusion_0285.jpg,train/images/nozzle_no_extrusion_0230.jpg,0.712212,0.841629,1.000000,否
4,test/images/nozzle_no_extrusion_0285.jpg,train/images/nozzle_no_extrusion_0576.jpg,0.773376,0.893674,1.000000,否
4,test/images/nozzle_no_extrusion_0285.jpg,train/images/nozzle_no_extrusion_0191.jpg,0.757069,0.904617,1.000000,否
4,test/images/nozzle_no_extrusion_0285.jpg,train/images/nozzle_no_extrusion_0594.jpg,0.755356,0.880136,1.000000,否
4,test/images/nozzle_no_extrusion_0285.jpg,train/images/nozzle_no_extrusion_0584.jpg,0.767496,0.892847,1.000000,否
4,test/images/nozzle_no_extrusion_0285.jpg,test/images/nozzle_no_extrusion_0595.jpg,0.746773,0.889351,1.000000,否
4,test/images/nozzle_no_extrusion_0285.jpg,train/images/nozzle_no_extrusion_0190.jpg,0.699915,0.806794,1.000000,否
4,test/images/nozzle_no_extrusion_0285.jpg,train/images/nozzle_no_extrusion_0345.jpg,0.747128,0.915384,1.000000,否
4,test/images/nozzle_no_extrusion_0285.jpg,train/images/nozzle_no_extrusion_0305.jpg,0.762664,0.916004,1.000000,否
4,test/images/nozzle_no_extrusion_0285.jpg,train/images/nozzle_no_extrusion_0816.jpg,0.754299,0.826623,1.000000,否
4,test/images/nozzle_no_extrusion_0285.jpg,train/images/nozzle_no_extrusion_0346.jpg,0.748804,0.927767,1.000000,否
4,test/images/nozzle_no_extrusion_0285.jpg,train/images/nozzle_no_extrusion_0267.jpg,0.760248,0.921766,1.000000,否
4,test/images/nozzle_no_extrusion_0285.jpg,test/images/nozzle_no_extrusion_0575.jpg,0.765850,0.903404,1.000000,否
4,test/images/nozzle_no_extrusion_0285.jpg,train/images/nozzle_no_extrusion_0758.jpg,0.824796,0.873555,1.000000,否
4,test/images/nozzle_no_extrusion_0285.jpg,train/images/nozzle_no_extrusion_0443.jpg,0.750888,0.914600,1.000000,否
4,test/images/nozzle_no_extrusion_0285.jpg,test/images/nozzle_no_extrusion_0455.jpg,0.753956,0.917718,1.000000,否
4,test/images/nozzle_no_extrusion_0285.jpg,val/images/nozzle_no_extrusion_0210.jpg,0.839029,0.955049,1.000000,否
4,train/images/nozzle_no_extrusion_0266.jpg,train/images/nozzle_no_extrusion_0454.jpg,0.712262,0.883471,1.000000,否
4,train/images/nozzle_no_extrusion_0266.jpg,train/images/nozzle_no_extrusion_0558.jpg,0.760336,0.834613,1.000000,否
4,train/images/nozzle_no_extrusion_0266.jpg,train/images/nozzle_no_extrusion_0566.jpg,0.710930,0.869797,1.000000,否
4,train/images/nozzle_no_extrusion_0266.jpg,test/images/nozzle_no_extrusion_0304.jpg,0.866870,0.959131,1.000000,否
4,train/images/nozzle_no_extrusion_0266.jpg,train/images/nozzle_no_extrusion_0750.jpg,0.722777,0.790854,1.000000,否
4,train/images/nozzle_no_extrusion_0266.jpg,train/images/nozzle_no_extrusion_0604.jpg,0.714613,0.852154,1.000000,否
4,train/images/nozzle_no_extrusion_0266.jpg,train/images/nozzle_no_extrusion_0364.jpg,0.746191,0.890323,1.000000,否
4,train/images/nozzle_no_extrusion_0266.jpg,val/images/nozzle_no_extrusion_0565.jpg,0.703226,0.798897,1.000000,否
4,train/images/nozzle_no_extrusion_0266.jpg,train/images/nozzle_no_extrusion_0323.jpg,0.734929,0.900099,1.000000,否
4,train/images/nozzle_no_extrusion_0266.jpg,train/images/nozzle_no_extrusion_0231.jpg,0.811511,0.942447,1.000000,否
4,train/images/nozzle_no_extrusion_0266.jpg,train/images/nozzle_no_extrusion_0434.jpg,0.684226,0.865572,1.000000,否
4,train/images/nozzle_no_extrusion_0266.jpg,train/images/nozzle_no_extrusion_0249.jpg,0.746083,0.897328,1.000000,否
4,train/images/nozzle_no_extrusion_0266.jpg,train/images/nozzle_no_extrusion_0585.jpg,0.746189,0.872302,1.000000,否
4,train/images/nozzle_no_extrusion_0266.jpg,test/images/nozzle_no_extrusion_0384.jpg,0.765503,0.913318,1.000000,否
4,train/images/nozzle_no_extrusion_0266.jpg,train/images/nozzle_no_extrusion_0383.jpg,0.873722,0.934171,1.000000,否
4,train/images/nozzle_no_extrusion_0266.jpg,train/images/nozzle_no_extrusion_0445.jpg,0.706099,0.877079,1.000000,否
4,train/images/nozzle_no_extrusion_0266.jpg,test/images/nozzle_no_extrusion_0442.jpg,0.689227,0.868364,1.000000,否
4,train/images/nozzle_no_extrusion_0266.jpg,train/images/nozzle_no_extrusion_0230.jpg,0.842935,0.904069,1.000000,否
4,train/images/nozzle_no_extrusion_0266.jpg,train/images/nozzle_no_extrusion_0576.jpg,0.709702,0.862176,1.000000,否
4,train/images/nozzle_no_extrusion_0266.jpg,train/images/nozzle_no_extrusion_0191.jpg,0.791229,0.942998,1.000000,否
4,train/images/nozzle_no_extrusion_0266.jpg,train/images/nozzle_no_extrusion_0594.jpg,0.735870,0.857640,1.000000,否
4,train/images/nozzle_no_extrusion_0266.jpg,train/images/nozzle_no_extrusion_0584.jpg,0.720684,0.860138,1.000000,否
4,train/images/nozzle_no_extrusion_0266.jpg,test/images/nozzle_no_extrusion_0595.jpg,0.741651,0.876459,1.000000,否
4,train/images/nozzle_no_extrusion_0266.jpg,train/images/nozzle_no_extrusion_0190.jpg,0.834101,0.871650,1.000000,否
4,train/images/nozzle_no_extrusion_0266.jpg,train/images/nozzle_no_extrusion_0345.jpg,0.880176,0.961522,1.000000,否
4,train/images/nozzle_no_extrusion_0266.jpg,train/images/nozzle_no_extrusion_0305.jpg,0.743681,0.898165,1.000000,否
4,train/images/nozzle_no_extrusion_0266.jpg,train/images/nozzle_no_extrusion_0816.jpg,0.781226,0.824505,1.000000,否
4,train/images/nozzle_no_extrusion_0266.jpg,train/images/nozzle_no_extrusion_0346.jpg,0.742020,0.915810,1.000000,否
4,train/images/nozzle_no_extrusion_0266.jpg,train/images/nozzle_no_extrusion_0267.jpg,0.779782,0.933749,1.000000,否
4,train/images/nozzle_no_extrusion_0266.jpg,test/images/nozzle_no_extrusion_0575.jpg,0.700365,0.861568,1.000000,否
4,train/images/nozzle_no_extrusion_0266.jpg,train/images/nozzle_no_extrusion_0758.jpg,0.756605,0.812264,1.000000,否
4,train/images/nozzle_no_extrusion_0266.jpg,train/images/nozzle_no_extrusion_0443.jpg,0.698804,0.877912,1.000000,否
4,train/images/nozzle_no_extrusion_0266.jpg,test/images/nozzle_no_extrusion_0455.jpg,0.709390,0.880306,1.000000,否
4,train/images/nozzle_no_extrusion_0266.jpg,val/images/nozzle_no_extrusion_0210.jpg,0.738059,0.913880,1.000000,否
4,train/images/nozzle_no_extrusion_0454.jpg,train/images/nozzle_no_extrusion_0558.jpg,0.782399,0.899882,1.000000,否
4,train/images/nozzle_no_extrusion_0454.jpg,train/images/nozzle_no_extrusion_0566.jpg,0.750615,0.938291,1.000000,否
4,train/images/nozzle_no_extrusion_0454.jpg,test/images/nozzle_no_extrusion_0304.jpg,0.739715,0.896174,1.000000,否
4,train/images/nozzle_no_extrusion_0454.jpg,train/images/nozzle_no_extrusion_0750.jpg,0.752333,0.879880,1.000000,否
4,train/images/nozzle_no_extrusion_0454.jpg,train/images/nozzle_no_extrusion_0604.jpg,0.775625,0.941074,1.000000,否
4,train/images/nozzle_no_extrusion_0454.jpg,train/images/nozzle_no_extrusion_0364.jpg,0.757300,0.909473,1.000000,否
4,train/images/nozzle_no_extrusion_0454.jpg,val/images/nozzle_no_extrusion_0565.jpg,0.737101,0.864751,1.000000,否
4,train/images/nozzle_no_extrusion_0454.jpg,train/images/nozzle_no_extrusion_0323.jpg,0.772726,0.933542,1.000000,否
4,train/images/nozzle_no_extrusion_0454.jpg,train/images/nozzle_no_extrusion_0231.jpg,0.755575,0.906001,1.000000,否
4,train/images/nozzle_no_extrusion_0454.jpg,train/images/nozzle_no_extrusion_0434.jpg,0.750726,0.945020,1.000000,否
4,train/images/nozzle_no_extrusion_0454.jpg,train/images/nozzle_no_extrusion_0249.jpg,0.754538,0.895903,1.000000,否
4,train/images/nozzle_no_extrusion_0454.jpg,train/images/nozzle_no_extrusion_0585.jpg,0.768291,0.931406,1.000000,否
4,train/images/nozzle_no_extrusion_0454.jpg,test/images/nozzle_no_extrusion_0384.jpg,0.808959,0.954282,1.000000,否
4,train/images/nozzle_no_extrusion_0454.jpg,train/images/nozzle_no_extrusion_0383.jpg,0.714521,0.879111,1.000000,否
4,train/images/nozzle_no_extrusion_0454.jpg,train/images/nozzle_no_extrusion_0445.jpg,0.890289,0.960332,1.000000,否
4,train/images/nozzle_no_extrusion_0454.jpg,test/images/nozzle_no_extrusion_0442.jpg,0.760655,0.951004,1.000000,否
4,train/images/nozzle_no_extrusion_0454.jpg,train/images/nozzle_no_extrusion_0230.jpg,0.682867,0.805155,1.000000,否
4,train/images/nozzle_no_extrusion_0454.jpg,train/images/nozzle_no_extrusion_0576.jpg,0.746438,0.928365,1.000000,否
4,train/images/nozzle_no_extrusion_0454.jpg,train/images/nozzle_no_extrusion_0191.jpg,0.757479,0.891769,1.000000,否
4,train/images/nozzle_no_extrusion_0454.jpg,train/images/nozzle_no_extrusion_0594.jpg,0.759484,0.926652,1.000000,否
4,train/images/nozzle_no_extrusion_0454.jpg,train/images/nozzle_no_extrusion_0584.jpg,0.745802,0.934076,1.000000,否
4,train/images/nozzle_no_extrusion_0454.jpg,test/images/nozzle_no_extrusion_0595.jpg,0.758043,0.936091,1.000000,否
4,train/images/nozzle_no_extrusion_0454.jpg,train/images/nozzle_no_extrusion_0190.jpg,0.668815,0.762990,1.000000,否
4,train/images/nozzle_no_extrusion_0454.jpg,train/images/nozzle_no_extrusion_0345.jpg,0.733951,0.903112,1.000000,否
4,train/images/nozzle_no_extrusion_0454.jpg,train/images/nozzle_no_extrusion_0305.jpg,0.761124,0.927829,1.000000,否
4,train/images/nozzle_no_extrusion_0454.jpg,train/images/nozzle_no_extrusion_0816.jpg,0.759472,0.890870,1.000000,否
4,train/images/nozzle_no_extrusion_0454.jpg,train/images/nozzle_no_extrusion_0346.jpg,0.773647,0.951437,1.000000,否
4,train/images/nozzle_no_extrusion_0454.jpg,train/images/nozzle_no_extrusion_0267.jpg,0.763054,0.925096,1.000000,否
4,train/images/nozzle_no_extrusion_0454.jpg,test/images/nozzle_no_extrusion_0575.jpg,0.740788,0.933439,1.000000,否
4,train/images/nozzle_no_extrusion_0454.jpg,train/images/nozzle_no_extrusion_0758.jpg,0.759967,0.883507,1.000000,否
4,train/images/nozzle_no_extrusion_0454.jpg,train/images/nozzle_no_extrusion_0443.jpg,0.771997,0.952543,1.000000,否
4,train/images/nozzle_no_extrusion_0454.jpg,test/images/nozzle_no_extrusion_0455.jpg,0.917453,0.962802,1.000000,否
4,train/images/nozzle_no_extrusion_0454.jpg,val/images/nozzle_no_extrusion_0210.jpg,0.768585,0.921686,1.000000,否
4,train/images/nozzle_no_extrusion_0558.jpg,train/images/nozzle_no_extrusion_0566.jpg,0.806566,0.919842,1.000000,否
4,train/images/nozzle_no_extrusion_0558.jpg,test/images/nozzle_no_extrusion_0304.jpg,0.773244,0.845214,1.000000,否
4,train/images/nozzle_no_extrusion_0558.jpg,train/images/nozzle_no_extrusion_0750.jpg,0.816575,0.879279,1.000000,否
4,train/images/nozzle_no_extrusion_0558.jpg,train/images/nozzle_no_extrusion_0604.jpg,0.764428,0.891728,1.000000,否
4,train/images/nozzle_no_extrusion_0558.jpg,train/images/nozzle_no_extrusion_0364.jpg,0.824454,0.872442,1.000000,否
4,train/images/nozzle_no_extrusion_0558.jpg,val/images/nozzle_no_extrusion_0565.jpg,0.797979,0.848231,1.000000,否
4,train/images/nozzle_no_extrusion_0558.jpg,train/images/nozzle_no_extrusion_0323.jpg,0.827476,0.892590,1.000000,否
4,train/images/nozzle_no_extrusion_0558.jpg,train/images/nozzle_no_extrusion_0231.jpg,0.805339,0.845825,1.000000,否
4,train/images/nozzle_no_extrusion_0558.jpg,train/images/nozzle_no_extrusion_0434.jpg,0.763244,0.894150,1.000000,否
4,train/images/nozzle_no_extrusion_0558.jpg,train/images/nozzle_no_extrusion_0249.jpg,0.821120,0.855983,1.000000,否
4,train/images/nozzle_no_extrusion_0558.jpg,train/images/nozzle_no_extrusion_0585.jpg,0.815146,0.913402,1.000000,否
4,train/images/nozzle_no_extrusion_0558.jpg,test/images/nozzle_no_extrusion_0384.jpg,0.829357,0.892560,1.000000,否
4,train/images/nozzle_no_extrusion_0558.jpg,train/images/nozzle_no_extrusion_0383.jpg,0.761970,0.829213,1.000000,否
4,train/images/nozzle_no_extrusion_0558.jpg,train/images/nozzle_no_extrusion_0445.jpg,0.772402,0.895293,1.000000,否
4,train/images/nozzle_no_extrusion_0558.jpg,test/images/nozzle_no_extrusion_0442.jpg,0.762016,0.888342,1.000000,否
4,train/images/nozzle_no_extrusion_0558.jpg,train/images/nozzle_no_extrusion_0230.jpg,0.730320,0.761098,1.000000,否
4,train/images/nozzle_no_extrusion_0558.jpg,train/images/nozzle_no_extrusion_0576.jpg,0.801131,0.912096,1.000000,否
4,train/images/nozzle_no_extrusion_0558.jpg,train/images/nozzle_no_extrusion_0191.jpg,0.792417,0.837310,1.000000,否
4,train/images/nozzle_no_extrusion_0558.jpg,train/images/nozzle_no_extrusion_0594.jpg,0.800999,0.902404,1.000000,否
4,train/images/nozzle_no_extrusion_0558.jpg,train/images/nozzle_no_extrusion_0584.jpg,0.787898,0.905229,1.000000,否
4,train/images/nozzle_no_extrusion_0558.jpg,test/images/nozzle_no_extrusion_0595.jpg,0.795046,0.909639,1.000000,否
4,train/images/nozzle_no_extrusion_0558.jpg,train/images/nozzle_no_extrusion_0190.jpg,0.715428,0.735913,1.000000,否
4,train/images/nozzle_no_extrusion_0558.jpg,train/images/nozzle_no_extrusion_0345.jpg,0.770995,0.852181,1.000000,否
4,train/images/nozzle_no_extrusion_0558.jpg,train/images/nozzle_no_extrusion_0305.jpg,0.795651,0.860205,1.000000,否
4,train/images/nozzle_no_extrusion_0558.jpg,train/images/nozzle_no_extrusion_0816.jpg,0.804061,0.858123,1.000000,否
4,train/images/nozzle_no_extrusion_0558.jpg,train/images/nozzle_no_extrusion_0346.jpg,0.782332,0.879362,1.000000,否
4,train/images/nozzle_no_extrusion_0558.jpg,train/images/nozzle_no_extrusion_0267.jpg,0.791909,0.862234,1.000000,否
4,train/images/nozzle_no_extrusion_0558.jpg,test/images/nozzle_no_extrusion_0575.jpg,0.791023,0.908793,1.000000,否
4,train/images/nozzle_no_extrusion_0558.jpg,train/images/nozzle_no_extrusion_0758.jpg,0.844775,0.885763,1.000000,否
4,train/images/nozzle_no_extrusion_0558.jpg,train/images/nozzle_no_extrusion_0443.jpg,0.781022,0.899761,1.000000,否
4,train/images/nozzle_no_extrusion_0558.jpg,test/images/nozzle_no_extrusion_0455.jpg,0.783686,0.906254,1.000000,否
4,train/images/nozzle_no_extrusion_0558.jpg,val/images/nozzle_no_extrusion_0210.jpg,0.825333,0.873590,1.000000,否
4,train/images/nozzle_no_extrusion_0566.jpg,test/images/nozzle_no_extrusion_0304.jpg,0.719387,0.883147,1.000000,否
4,train/images/nozzle_no_extrusion_0566.jpg,train/images/nozzle_no_extrusion_0750.jpg,0.759558,0.899121,1.000000,否
4,train/images/nozzle_no_extrusion_0566.jpg,train/images/nozzle_no_extrusion_0604.jpg,0.734779,0.936291,1.000000,否
4,train/images/nozzle_no_extrusion_0566.jpg,train/images/nozzle_no_extrusion_0364.jpg,0.771685,0.905594,1.000000,否
4,train/images/nozzle_no_extrusion_0566.jpg,val/images/nozzle_no_extrusion_0565.jpg,0.767815,0.890879,1.000000,否
4,train/images/nozzle_no_extrusion_0566.jpg,train/images/nozzle_no_extrusion_0323.jpg,0.772278,0.927351,1.000000,否
4,train/images/nozzle_no_extrusion_0566.jpg,train/images/nozzle_no_extrusion_0231.jpg,0.751754,0.885855,1.000000,否
4,train/images/nozzle_no_extrusion_0566.jpg,train/images/nozzle_no_extrusion_0434.jpg,0.737308,0.920760,1.000000,否
4,train/images/nozzle_no_extrusion_0566.jpg,train/images/nozzle_no_extrusion_0249.jpg,0.771565,0.881481,1.000000,否
4,train/images/nozzle_no_extrusion_0566.jpg,train/images/nozzle_no_extrusion_0585.jpg,0.778002,0.954973,1.000000,否
4,train/images/nozzle_no_extrusion_0566.jpg,test/images/nozzle_no_extrusion_0384.jpg,0.767160,0.929012,1.000000,否
4,train/images/nozzle_no_extrusion_0566.jpg,train/images/nozzle_no_extrusion_0383.jpg,0.699791,0.879854,1.000000,否
4,train/images/nozzle_no_extrusion_0566.jpg,train/images/nozzle_no_extrusion_0445.jpg,0.746465,0.931073,1.000000,否
4,train/images/nozzle_no_extrusion_0566.jpg,test/images/nozzle_no_extrusion_0442.jpg,0.730751,0.920433,1.000000,否
4,train/images/nozzle_no_extrusion_0566.jpg,train/images/nozzle_no_extrusion_0230.jpg,0.686884,0.809450,1.000000,否
4,train/images/nozzle_no_extrusion_0566.jpg,train/images/nozzle_no_extrusion_0576.jpg,0.991828,0.969927,1.000000,是
4,train/images/nozzle_no_extrusion_0566.jpg,train/images/nozzle_no_extrusion_0191.jpg,0.744005,0.880473,1.000000,否
4,train/images/nozzle_no_extrusion_0566.jpg,train/images/nozzle_no_extrusion_0594.jpg,0.768206,0.936172,1.000000,否
4,train/images/nozzle_no_extrusion_0566.jpg,train/images/nozzle_no_extrusion_0584.jpg,0.758203,0.939494,1.000000,否
4,train/images/nozzle_no_extrusion_0566.jpg,test/images/nozzle_no_extrusion_0595.jpg,0.754169,0.952369,1.000000,否
4,train/images/nozzle_no_extrusion_0566.jpg,train/images/nozzle_no_extrusion_0190.jpg,0.668953,0.771516,1.000000,否
4,train/images/nozzle_no_extrusion_0566.jpg,train/images/nozzle_no_extrusion_0345.jpg,0.715428,0.892052,1.000000,否
4,train/images/nozzle_no_extrusion_0566.jpg,train/images/nozzle_no_extrusion_0305.jpg,0.736393,0.897802,1.000000,否
4,train/images/nozzle_no_extrusion_0566.jpg,train/images/nozzle_no_extrusion_0816.jpg,0.744485,0.900093,1.000000,否
4,train/images/nozzle_no_extrusion_0566.jpg,train/images/nozzle_no_extrusion_0346.jpg,0.743069,0.921713,1.000000,否
4,train/images/nozzle_no_extrusion_0566.jpg,train/images/nozzle_no_extrusion_0267.jpg,0.744306,0.902167,1.000000,否
4,train/images/nozzle_no_extrusion_0566.jpg,test/images/nozzle_no_extrusion_0575.jpg,0.756945,0.931469,1.000000,否
4,train/images/nozzle_no_extrusion_0566.jpg,train/images/nozzle_no_extrusion_0758.jpg,0.777952,0.915136,1.000000,否
4,train/images/nozzle_no_extrusion_0566.jpg,train/images/nozzle_no_extrusion_0443.jpg,0.739011,0.936465,1.000000,否
4,train/images/nozzle_no_extrusion_0566.jpg,test/images/nozzle_no_extrusion_0455.jpg,0.749692,0.937438,1.000000,否
4,train/images/nozzle_no_extrusion_0566.jpg,val/images/nozzle_no_extrusion_0210.jpg,0.771472,0.907685,1.000000,否
4,test/images/nozzle_no_extrusion_0304.jpg,train/images/nozzle_no_extrusion_0750.jpg,0.742174,0.806289,1.000000,否
4,test/images/nozzle_no_extrusion_0304.jpg,train/images/nozzle_no_extrusion_0604.jpg,0.723475,0.864579,1.000000,否
4,test/images/nozzle_no_extrusion_0304.jpg,train/images/nozzle_no_extrusion_0364.jpg,0.748632,0.892222,1.000000,否
4,test/images/nozzle_no_extrusion_0304.jpg,val/images/nozzle_no_extrusion_0565.jpg,0.715066,0.808571,1.000000,否
4,test/images/nozzle_no_extrusion_0304.jpg,train/images/nozzle_no_extrusion_0323.jpg,0.754096,0.908354,1.000000,否
4,test/images/nozzle_no_extrusion_0304.jpg,train/images/nozzle_no_extrusion_0231.jpg,0.811702,0.943658,1.000000,否
4,test/images/nozzle_no_extrusion_0304.jpg,train/images/nozzle_no_extrusion_0434.jpg,0.703679,0.873837,1.000000,否
4,test/images/nozzle_no_extrusion_0304.jpg,train/images/nozzle_no_extrusion_0249.jpg,0.748781,0.898983,1.000000,否
4,test/images/nozzle_no_extrusion_0304.jpg,train/images/nozzle_no_extrusion_0585.jpg,0.751261,0.887920,1.000000,否
4,test/images/nozzle_no_extrusion_0304.jpg,test/images/nozzle_no_extrusion_0384.jpg,0.783353,0.921328,1.000000,否
4,test/images/nozzle_no_extrusion_0304.jpg,train/images/nozzle_no_extrusion_0383.jpg,0.844192,0.944221,1.000000,否
4,test/images/nozzle_no_extrusion_0304.jpg,train/images/nozzle_no_extrusion_0445.jpg,0.727869,0.889352,1.000000,否
4,test/images/nozzle_no_extrusion_0304.jpg,test/images/nozzle_no_extrusion_0442.jpg,0.705465,0.880272,1.000000,否
4,test/images/nozzle_no_extrusion_0304.jpg,train/images/nozzle_no_extrusion_0230.jpg,0.813104,0.905695,1.000000,否
4,test/images/nozzle_no_extrusion_0304.jpg,train/images/nozzle_no_extrusion_0576.jpg,0.717536,0.875694,1.000000,否
4,test/images/nozzle_no_extrusion_0304.jpg,train/images/nozzle_no_extrusion_0191.jpg,0.803246,0.940735,1.000000,否
4,test/images/nozzle_no_extrusion_0304.jpg,train/images/nozzle_no_extrusion_0594.jpg,0.741575,0.877695,1.000000,否
4,test/images/nozzle_no_extrusion_0304.jpg,train/images/nozzle_no_extrusion_0584.jpg,0.730570,0.877875,1.000000,否
4,test/images/nozzle_no_extrusion_0304.jpg,test/images/nozzle_no_extrusion_0595.jpg,0.747502,0.890460,1.000000,否
4,test/images/nozzle_no_extrusion_0304.jpg,train/images/nozzle_no_extrusion_0190.jpg,0.801415,0.872131,1.000000,否
4,test/images/nozzle_no_extrusion_0304.jpg,train/images/nozzle_no_extrusion_0345.jpg,0.963787,0.969170,1.000000,是
4,test/images/nozzle_no_extrusion_0304.jpg,train/images/nozzle_no_extrusion_0305.jpg,0.751229,0.912004,1.000000,否
4,test/images/nozzle_no_extrusion_0304.jpg,train/images/nozzle_no_extrusion_0816.jpg,0.790434,0.837640,1.000000,否
4,test/images/nozzle_no_extrusion_0304.jpg,train/images/nozzle_no_extrusion_0346.jpg,0.754569,0.925962,1.000000,否
4,test/images/nozzle_no_extrusion_0304.jpg,train/images/nozzle_no_extrusion_0267.jpg,0.788982,0.936877,1.000000,否
4,test/images/nozzle_no_extrusion_0304.jpg,test/images/nozzle_no_extrusion_0575.jpg,0.706226,0.876053,1.000000,否
4,test/images/nozzle_no_extrusion_0304.jpg,train/images/nozzle_no_extrusion_0758.jpg,0.760140,0.819430,1.000000,否
4,test/images/nozzle_no_extrusion_0304.jpg,train/images/nozzle_no_extrusion_0443.jpg,0.722586,0.894933,1.000000,否
4,test/images/nozzle_no_extrusion_0304.jpg,test/images/nozzle_no_extrusion_0455.jpg,0.734809,0.894011,1.000000,否
4,test/images/nozzle_no_extrusion_0304.jpg,val/images/nozzle_no_extrusion_0210.jpg,0.755789,0.917441,1.000000,否
4,train/images/nozzle_no_extrusion_0750.jpg,train/images/nozzle_no_extrusion_0604.jpg,0.739217,0.884107,1.000000,否
4,train/images/nozzle_no_extrusion_0750.jpg,train/images/nozzle_no_extrusion_0364.jpg,0.818653,0.862095,1.000000,否
4,train/images/nozzle_no_extrusion_0750.jpg,val/images/nozzle_no_extrusion_0565.jpg,0.752904,0.835555,1.000000,否
4,train/images/nozzle_no_extrusion_0750.jpg,train/images/nozzle_no_extrusion_0323.jpg,0.830534,0.870200,1.000000,否
4,train/images/nozzle_no_extrusion_0750.jpg,train/images/nozzle_no_extrusion_0231.jpg,0.740514,0.793023,1.000000,否
4,train/images/nozzle_no_extrusion_0750.jpg,train/images/nozzle_no_extrusion_0434.jpg,0.730061,0.871806,1.000000,否
4,train/images/nozzle_no_extrusion_0750.jpg,train/images/nozzle_no_extrusion_0249.jpg,0.813834,0.841912,1.000000,否
4,train/images/nozzle_no_extrusion_0750.jpg,train/images/nozzle_no_extrusion_0585.jpg,0.762008,0.891351,1.000000,否
4,train/images/nozzle_no_extrusion_0750.jpg,test/images/nozzle_no_extrusion_0384.jpg,0.791869,0.853854,1.000000,否
4,train/images/nozzle_no_extrusion_0750.jpg,train/images/nozzle_no_extrusion_0383.jpg,0.714226,0.798360,1.000000,否
4,train/images/nozzle_no_extrusion_0750.jpg,train/images/nozzle_no_extrusion_0445.jpg,0.739663,0.873277,1.000000,否
4,train/images/nozzle_no_extrusion_0750.jpg,test/images/nozzle_no_extrusion_0442.jpg,0.742489,0.872087,1.000000,否
4,train/images/nozzle_no_extrusion_0750.jpg,train/images/nozzle_no_extrusion_0230.jpg,0.691524,0.732147,1.000000,否
4,train/images/nozzle_no_extrusion_0750.jpg,train/images/nozzle_no_extrusion_0576.jpg,0.754558,0.892862,1.000000,否
4,train/images/nozzle_no_extrusion_0750.jpg,train/images/nozzle_no_extrusion_0191.jpg,0.744808,0.788152,1.000000,否
4,train/images/nozzle_no_extrusion_0750.jpg,train/images/nozzle_no_extrusion_0594.jpg,0.754339,0.891082,1.000000,否
4,train/images/nozzle_no_extrusion_0750.jpg,train/images/nozzle_no_extrusion_0584.jpg,0.749461,0.903196,1.000000,否
4,train/images/nozzle_no_extrusion_0750.jpg,test/images/nozzle_no_extrusion_0595.jpg,0.758416,0.899952,1.000000,否
4,train/images/nozzle_no_extrusion_0750.jpg,train/images/nozzle_no_extrusion_0190.jpg,0.677196,0.700351,1.000000,否
4,train/images/nozzle_no_extrusion_0750.jpg,train/images/nozzle_no_extrusion_0345.jpg,0.729129,0.812372,1.000000,否
4,train/images/nozzle_no_extrusion_0750.jpg,train/images/nozzle_no_extrusion_0305.jpg,0.747856,0.824334,1.000000,否
4,train/images/nozzle_no_extrusion_0750.jpg,train/images/nozzle_no_extrusion_0816.jpg,0.756237,0.916120,1.000000,否
4,train/images/nozzle_no_extrusion_0750.jpg,train/images/nozzle_no_extrusion_0346.jpg,0.747562,0.838765,1.000000,否
4,train/images/nozzle_no_extrusion_0750.jpg,train/images/nozzle_no_extrusion_0267.jpg,0.752917,0.819966,1.000000,否
4,train/images/nozzle_no_extrusion_0750.jpg,test/images/nozzle_no_extrusion_0575.jpg,0.750620,0.897241,1.000000,否
4,train/images/nozzle_no_extrusion_0750.jpg,train/images/nozzle_no_extrusion_0758.jpg,0.819023,0.955629,1.000000,否
4,train/images/nozzle_no_extrusion_0750.jpg,train/images/nozzle_no_extrusion_0443.jpg,0.745388,0.871810,1.000000,否
4,train/images/nozzle_no_extrusion_0750.jpg,test/images/nozzle_no_extrusion_0455.jpg,0.743101,0.872166,1.000000,否
4,train/images/nozzle_no_extrusion_0750.jpg,val/images/nozzle_no_extrusion_0210.jpg,0.819903,0.842143,1.000000,否
4,train/images/nozzle_no_extrusion_0604.jpg,train/images/nozzle_no_extrusion_0364.jpg,0.734058,0.876559,1.000000,否
4,train/images/nozzle_no_extrusion_0604.jpg,val/images/nozzle_no_extrusion_0565.jpg,0.719753,0.865918,1.000000,否
4,train/images/nozzle_no_extrusion_0604.jpg,train/images/nozzle_no_extrusion_0323.jpg,0.753267,0.895438,1.000000,否
4,train/images/nozzle_no_extrusion_0604.jpg,train/images/nozzle_no_extrusion_0231.jpg,0.749360,0.874692,1.000000,否
4,train/images/nozzle_no_extrusion_0604.jpg,train/images/nozzle_no_extrusion_0434.jpg,0.741173,0.917794,1.000000,否
4,train/images/nozzle_no_extrusion_0604.jpg,train/images/nozzle_no_extrusion_0249.jpg,0.735083,0.853027,1.000000,否
4,train/images/nozzle_no_extrusion_0604.jpg,train/images/nozzle_no_extrusion_0585.jpg,0.757751,0.928362,1.000000,否
4,train/images/nozzle_no_extrusion_0604.jpg,test/images/nozzle_no_extrusion_0384.jpg,0.797505,0.926544,1.000000,否
4,train/images/nozzle_no_extrusion_0604.jpg,train/images/nozzle_no_extrusion_0383.jpg,0.695658,0.855503,1.000000,否
4,train/images/nozzle_no_extrusion_0604.jpg,train/images/nozzle_no_extrusion_0445.jpg,0.765831,0.928404,1.000000,否
4,train/images/nozzle_no_extrusion_0604.jpg,test/images/nozzle_no_extrusion_0442.jpg,0.743722,0.921341,1.000000,否
4,train/images/nozzle_no_extrusion_0604.jpg,train/images/nozzle_no_extrusion_0230.jpg,0.668963,0.765697,1.000000,否
4,train/images/nozzle_no_extrusion_0604.jpg,train/images/nozzle_no_extrusion_0576.jpg,0.729720,0.931509,1.000000,否
4,train/images/nozzle_no_extrusion_0604.jpg,train/images/nozzle_no_extrusion_0191.jpg,0.747091,0.866889,1.000000,否
4,train/images/nozzle_no_extrusion_0604.jpg,train/images/nozzle_no_extrusion_0594.jpg,0.748130,0.922901,1.000000,否
4,train/images/nozzle_no_extrusion_0604.jpg,train/images/nozzle_no_extrusion_0584.jpg,0.737273,0.917677,1.000000,否
4,train/images/nozzle_no_extrusion_0604.jpg,test/images/nozzle_no_extrusion_0595.jpg,0.755877,0.940486,1.000000,否
4,train/images/nozzle_no_extrusion_0604.jpg,train/images/nozzle_no_extrusion_0190.jpg,0.658633,0.724929,1.000000,否
4,train/images/nozzle_no_extrusion_0604.jpg,train/images/nozzle_no_extrusion_0345.jpg,0.721482,0.875273,1.000000,否
4,train/images/nozzle_no_extrusion_0604.jpg,train/images/nozzle_no_extrusion_0305.jpg,0.774774,0.896648,1.000000,否
4,train/images/nozzle_no_extrusion_0604.jpg,train/images/nozzle_no_extrusion_0816.jpg,0.757251,0.907891,1.000000,否
4,train/images/nozzle_no_extrusion_0604.jpg,train/images/nozzle_no_extrusion_0346.jpg,0.788333,0.922516,1.000000,否
4,train/images/nozzle_no_extrusion_0604.jpg,train/images/nozzle_no_extrusion_0267.jpg,0.779355,0.902213,1.000000,否
4,train/images/nozzle_no_extrusion_0604.jpg,test/images/nozzle_no_extrusion_0575.jpg,0.728548,0.919146,1.000000,否
4,train/images/nozzle_no_extrusion_0604.jpg,train/images/nozzle_no_extrusion_0758.jpg,0.747395,0.887953,1.000000,否
4,train/images/nozzle_no_extrusion_0604.jpg,train/images/nozzle_no_extrusion_0443.jpg,0.759341,0.928936,1.000000,否
4,train/images/nozzle_no_extrusion_0604.jpg,test/images/nozzle_no_extrusion_0455.jpg,0.771241,0.929252,1.000000,否
4,train/images/nozzle_no_extrusion_0604.jpg,val/images/nozzle_no_extrusion_0210.jpg,0.751136,0.881496,1.000000,否
4,train/images/nozzle_no_extrusion_0364.jpg,val/images/nozzle_no_extrusion_0565.jpg,0.760396,0.843230,1.000000,否
4,train/images/nozzle_no_extrusion_0364.jpg,train/images/nozzle_no_extrusion_0323.jpg,0.840164,0.945621,1.000000,否
4,train/images/nozzle_no_extrusion_0364.jpg,train/images/nozzle_no_extrusion_0231.jpg,0.766720,0.896149,1.000000,否
4,train/images/nozzle_no_extrusion_0364.jpg,train/images/nozzle_no_extrusion_0434.jpg,0.734721,0.921248,1.000000,否
4,train/images/nozzle_no_extrusion_0364.jpg,train/images/nozzle_no_extrusion_0249.jpg,0.981342,0.966286,1.000000,是
4,train/images/nozzle_no_extrusion_0364.jpg,train/images/nozzle_no_extrusion_0585.jpg,0.760299,0.893229,1.000000,否
4,train/images/nozzle_no_extrusion_0364.jpg,test/images/nozzle_no_extrusion_0384.jpg,0.792495,0.918546,1.000000,否
4,train/images/nozzle_no_extrusion_0364.jpg,train/images/nozzle_no_extrusion_0383.jpg,0.736549,0.881839,1.000000,否
4,train/images/nozzle_no_extrusion_0364.jpg,train/images/nozzle_no_extrusion_0445.jpg,0.742944,0.918005,1.000000,否
4,train/images/nozzle_no_extrusion_0364.jpg,test/images/nozzle_no_extrusion_0442.jpg,0.739254,0.908984,1.000000,否
4,train/images/nozzle_no_extrusion_0364.jpg,train/images/nozzle_no_extrusion_0230.jpg,0.712610,0.827672,1.000000,否
4,train/images/nozzle_no_extrusion_0364.jpg,train/images/nozzle_no_extrusion_0576.jpg,0.768297,0.895669,1.000000,否
4,train/images/nozzle_no_extrusion_0364.jpg,train/images/nozzle_no_extrusion_0191.jpg,0.753074,0.889748,1.000000,否
4,train/images/nozzle_no_extrusion_0364.jpg,train/images/nozzle_no_extrusion_0594.jpg,0.746705,0.878259,1.000000,否
4,train/images/nozzle_no_extrusion_0364.jpg,train/images/nozzle_no_extrusion_0584.jpg,0.751376,0.895314,1.000000,否
4,train/images/nozzle_no_extrusion_0364.jpg,test/images/nozzle_no_extrusion_0595.jpg,0.743048,0.888988,1.000000,否
4,train/images/nozzle_no_extrusion_0364.jpg,train/images/nozzle_no_extrusion_0190.jpg,0.701985,0.794767,1.000000,否
4,train/images/nozzle_no_extrusion_0364.jpg,train/images/nozzle_no_extrusion_0345.jpg,0.736082,0.902955,1.000000,否
4,train/images/nozzle_no_extrusion_0364.jpg,train/images/nozzle_no_extrusion_0305.jpg,0.750574,0.899781,1.000000,否
4,train/images/nozzle_no_extrusion_0364.jpg,train/images/nozzle_no_extrusion_0816.jpg,0.743671,0.824020,1.000000,否
4,train/images/nozzle_no_extrusion_0364.jpg,train/images/nozzle_no_extrusion_0346.jpg,0.751297,0.917479,1.000000,否
4,train/images/nozzle_no_extrusion_0364.jpg,train/images/nozzle_no_extrusion_0267.jpg,0.751989,0.907018,1.000000,否
4,train/images/nozzle_no_extrusion_0364.jpg,test/images/nozzle_no_extrusion_0575.jpg,0.759954,0.901561,1.000000,否
4,train/images/nozzle_no_extrusion_0364.jpg,train/images/nozzle_no_extrusion_0758.jpg,0.832437,0.872965,1.000000,否
4,train/images/nozzle_no_extrusion_0364.jpg,train/images/nozzle_no_extrusion_0443.jpg,0.744929,0.909748,1.000000,否
4,train/images/nozzle_no_extrusion_0364.jpg,test/images/nozzle_no_extrusion_0455.jpg,0.751147,0.909303,1.000000,否
4,train/images/nozzle_no_extrusion_0364.jpg,val/images/nozzle_no_extrusion_0210.jpg,0.837747,0.936890,1.000000,否
4,val/images/nozzle_no_extrusion_0565.jpg,train/images/nozzle_no_extrusion_0323.jpg,0.762761,0.858043,1.000000,否
4,val/images/nozzle_no_extrusion_0565.jpg,train/images/nozzle_no_extrusion_0231.jpg,0.743107,0.813363,1.000000,否
4,val/images/nozzle_no_extrusion_0565.jpg,train/images/nozzle_no_extrusion_0434.jpg,0.716761,0.850510,1.000000,否
4,val/images/nozzle_no_extrusion_0565.jpg,train/images/nozzle_no_extrusion_0249.jpg,0.761207,0.821481,1.000000,否
4,val/images/nozzle_no_extrusion_0565.jpg,train/images/nozzle_no_extrusion_0585.jpg,0.767629,0.871733,1.000000,否
4,val/images/nozzle_no_extrusion_0565.jpg,test/images/nozzle_no_extrusion_0384.jpg,0.765552,0.852405,1.000000,否
4,val/images/nozzle_no_extrusion_0565.jpg,train/images/nozzle_no_extrusion_0383.jpg,0.705517,0.816385,1.000000,否
4,val/images/nozzle_no_extrusion_0565.jpg,train/images/nozzle_no_extrusion_0445.jpg,0.727864,0.852923,1.000000,否
4,val/images/nozzle_no_extrusion_0565.jpg,test/images/nozzle_no_extrusion_0442.jpg,0.722332,0.851509,1.000000,否
4,val/images/nozzle_no_extrusion_0565.jpg,train/images/nozzle_no_extrusion_0230.jpg,0.680381,0.736475,1.000000,否
4,val/images/nozzle_no_extrusion_0565.jpg,train/images/nozzle_no_extrusion_0576.jpg,0.764472,0.882864,1.000000,否
4,val/images/nozzle_no_extrusion_0565.jpg,train/images/nozzle_no_extrusion_0191.jpg,0.736327,0.802822,1.000000,否
4,val/images/nozzle_no_extrusion_0565.jpg,train/images/nozzle_no_extrusion_0594.jpg,0.759203,0.864139,1.000000,否
4,val/images/nozzle_no_extrusion_0565.jpg,train/images/nozzle_no_extrusion_0584.jpg,0.756237,0.882873,1.000000,否
4,val/images/nozzle_no_extrusion_0565.jpg,test/images/nozzle_no_extrusion_0595.jpg,0.740199,0.868245,1.000000,否
4,val/images/nozzle_no_extrusion_0565.jpg,train/images/nozzle_no_extrusion_0190.jpg,0.674438,0.697869,1.000000,否
4,val/images/nozzle_no_extrusion_0565.jpg,train/images/nozzle_no_extrusion_0345.jpg,0.711272,0.818475,1.000000,否
4,val/images/nozzle_no_extrusion_0565.jpg,train/images/nozzle_no_extrusion_0305.jpg,0.727580,0.824802,1.000000,否
4,val/images/nozzle_no_extrusion_0565.jpg,train/images/nozzle_no_extrusion_0816.jpg,0.733537,0.834483,1.000000,否
4,val/images/nozzle_no_extrusion_0565.jpg,train/images/nozzle_no_extrusion_0346.jpg,0.729886,0.845805,1.000000,否
4,val/images/nozzle_no_extrusion_0565.jpg,train/images/nozzle_no_extrusion_0267.jpg,0.742563,0.826152,1.000000,否
4,val/images/nozzle_no_extrusion_0565.jpg,test/images/nozzle_no_extrusion_0575.jpg,0.762851,0.869102,1.000000,否
4,val/images/nozzle_no_extrusion_0565.jpg,train/images/nozzle_no_extrusion_0758.jpg,0.772428,0.842119,1.000000,否
4,val/images/nozzle_no_extrusion_0565.jpg,train/images/nozzle_no_extrusion_0443.jpg,0.738206,0.862621,1.000000,否
4,val/images/nozzle_no_extrusion_0565.jpg,test/images/nozzle_no_extrusion_0455.jpg,0.732350,0.855063,1.000000,否
4,val/images/nozzle_no_extrusion_0565.jpg,val/images/nozzle_no_extrusion_0210.jpg,0.761075,0.836202,1.000000,否
4,train/images/nozzle_no_extrusion_0323.jpg,train/images/nozzle_no_extrusion_0231.jpg,0.763565,0.912895,1.000000,否
4,train/images/nozzle_no_extrusion_0323.jpg,train/images/nozzle_no_extrusion_0434.jpg,0.745518,0.934138,1.000000,否
4,train/images/nozzle_no_extrusion_0323.jpg,train/images/nozzle_no_extrusion_0249.jpg,0.836792,0.941656,1.000000,否
4,train/images/nozzle_no_extrusion_0323.jpg,train/images/nozzle_no_extrusion_0585.jpg,0.776826,0.912079,1.000000,否
4,train/images/nozzle_no_extrusion_0323.jpg,test/images/nozzle_no_extrusion_0384.jpg,0.805532,0.943199,1.000000,否
4,train/images/nozzle_no_extrusion_0323.jpg,train/images/nozzle_no_extrusion_0383.jpg,0.734589,0.892674,1.000000,否
4,train/images/nozzle_no_extrusion_0323.jpg,train/images/nozzle_no_extrusion_0445.jpg,0.756236,0.936220,1.000000,否
4,train/images/nozzle_no_extrusion_0323.jpg,test/images/nozzle_no_extrusion_0442.jpg,0.744705,0.929959,1.000000,否
4,train/images/nozzle_no_extrusion_0323.jpg,train/images/nozzle_no_extrusion_0230.jpg,0.705243,0.834689,1.000000,否
4,train/images/nozzle_no_extrusion_0323.jpg,train/images/nozzle_no_extrusion_0576.jpg,0.767356,0.915723,1.000000,否
4,train/images/nozzle_no_extrusion_0323.jpg,train/images/nozzle_no_extrusion_0191.jpg,0.753388,0.901636,1.000000,否
4,train/images/nozzle_no_extrusion_0323.jpg,train/images/nozzle_no_extrusion_0594.jpg,0.766102,0.898834,1.000000,否
4,train/images/nozzle_no_extrusion_0323.jpg,train/images/nozzle_no_extrusion_0584.jpg,0.760632,0.916102,1.000000,否
4,train/images/nozzle_no_extrusion_0323.jpg,test/images/nozzle_no_extrusion_0595.jpg,0.755277,0.908747,1.000000,否
4,train/images/nozzle_no_extrusion_0323.jpg,train/images/nozzle_no_extrusion_0190.jpg,0.693307,0.789672,1.000000,否
4,train/images/nozzle_no_extrusion_0323.jpg,train/images/nozzle_no_extrusion_0345.jpg,0.742130,0.912558,1.000000,否
4,train/images/nozzle_no_extrusion_0323.jpg,train/images/nozzle_no_extrusion_0305.jpg,0.763389,0.925553,1.000000,否
4,train/images/nozzle_no_extrusion_0323.jpg,train/images/nozzle_no_extrusion_0816.jpg,0.761593,0.843974,1.000000,否
4,train/images/nozzle_no_extrusion_0323.jpg,train/images/nozzle_no_extrusion_0346.jpg,0.762049,0.937671,1.000000,否
4,train/images/nozzle_no_extrusion_0323.jpg,train/images/nozzle_no_extrusion_0267.jpg,0.770337,0.926855,1.000000,否
4,train/images/nozzle_no_extrusion_0323.jpg,test/images/nozzle_no_extrusion_0575.jpg,0.764506,0.916745,1.000000,否
4,train/images/nozzle_no_extrusion_0323.jpg,train/images/nozzle_no_extrusion_0758.jpg,0.822968,0.877310,1.000000,否
4,train/images/nozzle_no_extrusion_0323.jpg,train/images/nozzle_no_extrusion_0443.jpg,0.758321,0.941348,1.000000,否
4,train/images/nozzle_no_extrusion_0323.jpg,test/images/nozzle_no_extrusion_0455.jpg,0.763514,0.933909,1.000000,否
4,train/images/nozzle_no_extrusion_0323.jpg,val/images/nozzle_no_extrusion_0210.jpg,0.948316,0.964186,1.000000,否
4,train/images/nozzle_no_extrusion_0231.jpg,train/images/nozzle_no_extrusion_0434.jpg,0.727265,0.882305,1.000000,否
4,train/images/nozzle_no_extrusion_0231.jpg,train/images/nozzle_no_extrusion_0249.jpg,0.763638,0.906372,1.000000,否
4,train/images/nozzle_no_extrusion_0231.jpg,train/images/nozzle_no_extrusion_0585.jpg,0.782981,0.887739,1.000000,否
4,train/images/nozzle_no_extrusion_0231.jpg,test/images/nozzle_no_extrusion_0384.jpg,0.804255,0.932352,1.000000,否
4,train/images/nozzle_no_extrusion_0231.jpg,train/images/nozzle_no_extrusion_0383.jpg,0.802699,0.919866,1.000000,否
4,train/images/nozzle_no_extrusion_0231.jpg,train/images/nozzle_no_extrusion_0445.jpg,0.749367,0.903269,1.000000,否
4,train/images/nozzle_no_extrusion_0231.jpg,test/images/nozzle_no_extrusion_0442.jpg,0.722598,0.880887,1.000000,否
4,train/images/nozzle_no_extrusion_0231.jpg,train/images/nozzle_no_extrusion_0230.jpg,0.790459,0.889115,1.000000,否
4,train/images/nozzle_no_extrusion_0231.jpg,train/images/nozzle_no_extrusion_0576.jpg,0.748640,0.877894,1.000000,否
4,train/images/nozzle_no_extrusion_0231.jpg,train/images/nozzle_no_extrusion_0191.jpg,0.850950,0.963423,1.000000,否
4,train/images/nozzle_no_extrusion_0231.jpg,train/images/nozzle_no_extrusion_0594.jpg,0.770241,0.871614,1.000000,否
4,train/images/nozzle_no_extrusion_0231.jpg,train/images/nozzle_no_extrusion_0584.jpg,0.759171,0.866398,1.000000,否
4,train/images/nozzle_no_extrusion_0231.jpg,test/images/nozzle_no_extrusion_0595.jpg,0.794582,0.889695,1.000000,否
4,train/images/nozzle_no_extrusion_0231.jpg,train/images/nozzle_no_extrusion_0190.jpg,0.774218,0.845744,1.000000,否
4,train/images/nozzle_no_extrusion_0231.jpg,train/images/nozzle_no_extrusion_0345.jpg,0.811485,0.941877,1.000000,否
4,train/images/nozzle_no_extrusion_0231.jpg,train/images/nozzle_no_extrusion_0305.jpg,0.781833,0.920832,1.000000,否
4,train/images/nozzle_no_extrusion_0231.jpg,train/images/nozzle_no_extrusion_0816.jpg,0.835601,0.836933,1.000000,否
4,train/images/nozzle_no_extrusion_0231.jpg,train/images/nozzle_no_extrusion_0346.jpg,0.779461,0.939932,1.000000,否
4,train/images/nozzle_no_extrusion_0231.jpg,train/images/nozzle_no_extrusion_0267.jpg,0.812589,0.952688,1.000000,否
4,train/images/nozzle_no_extrusion_0231.jpg,test/images/nozzle_no_extrusion_0575.jpg,0.735786,0.862633,1.000000,否
4,train/images/nozzle_no_extrusion_0231.jpg,train/images/nozzle_no_extrusion_0758.jpg,0.776311,0.811494,1.000000,否
4,train/images/nozzle_no_extrusion_0231.jpg,train/images/nozzle_no_extrusion_0443.jpg,0.745793,0.902879,1.000000,否
4,train/images/nozzle_no_extrusion_0231.jpg,test/images/nozzle_no_extrusion_0455.jpg,0.756545,0.908295,1.000000,否
4,train/images/nozzle_no_extrusion_0231.jpg,val/images/nozzle_no_extrusion_0210.jpg,0.766529,0.929129,1.000000,否
4,train/images/nozzle_no_extrusion_0434.jpg,train/images/nozzle_no_extrusion_0249.jpg,0.732288,0.908525,1.000000,否
4,train/images/nozzle_no_extrusion_0434.jpg,train/images/nozzle_no_extrusion_0585.jpg,0.736322,0.911506,1.000000,否
4,train/images/nozzle_no_extrusion_0434.jpg,test/images/nozzle_no_extrusion_0384.jpg,0.782914,0.938356,1.000000,否
4,train/images/nozzle_no_extrusion_0434.jpg,train/images/nozzle_no_extrusion_0383.jpg,0.664456,0.854801,1.000000,否
4,train/images/nozzle_no_extrusion_0434.jpg,train/images/nozzle_no_extrusion_0445.jpg,0.750757,0.944972,1.000000,否
4,train/images/nozzle_no_extrusion_0434.jpg,test/images/nozzle_no_extrusion_0442.jpg,0.851620,0.960947,1.000000,否
4,train/images/nozzle_no_extrusion_0434.jpg,train/images/nozzle_no_extrusion_0230.jpg,0.646180,0.780956,1.000000,否
4,train/images/nozzle_no_extrusion_0434.jpg,train/images/nozzle_no_extrusion_0576.jpg,0.731364,0.907648,1.000000,否
4,train/images/nozzle_no_extrusion_0434.jpg,train/images/nozzle_no_extrusion_0191.jpg,0.719795,0.869240,1.000000,否
4,train/images/nozzle_no_extrusion_0434.jpg,train/images/nozzle_no_extrusion_0594.jpg,0.728922,0.899326,1.000000,否
4,train/images/nozzle_no_extrusion_0434.jpg,train/images/nozzle_no_extrusion_0584.jpg,0.725883,0.907815,1.000000,否
4,train/images/nozzle_no_extrusion_0434.jpg,test/images/nozzle_no_extrusion_0595.jpg,0.724918,0.905840,1.000000,否
4,train/images/nozzle_no_extrusion_0434.jpg,train/images/nozzle_no_extrusion_0190.jpg,0.632846,0.737583,1.000000,否
4,train/images/nozzle_no_extrusion_0434.jpg,train/images/nozzle_no_extrusion_0345.jpg,0.698291,0.881992,1.000000,否
4,train/images/nozzle_no_extrusion_0434.jpg,train/images/nozzle_no_extrusion_0305.jpg,0.751813,0.919478,1.000000,否
4,train/images/nozzle_no_extrusion_0434.jpg,train/images/nozzle_no_extrusion_0816.jpg,0.721449,0.856595,1.000000,否
4,train/images/nozzle_no_extrusion_0434.jpg,train/images/nozzle_no_extrusion_0346.jpg,0.738161,0.937345,1.000000,否
4,train/images/nozzle_no_extrusion_0434.jpg,train/images/nozzle_no_extrusion_0267.jpg,0.739790,0.906582,1.000000,否
4,train/images/nozzle_no_extrusion_0434.jpg,test/images/nozzle_no_extrusion_0575.jpg,0.723136,0.927626,1.000000,否
4,train/images/nozzle_no_extrusion_0434.jpg,train/images/nozzle_no_extrusion_0758.jpg,0.740569,0.874176,1.000000,否
4,train/images/nozzle_no_extrusion_0434.jpg,train/images/nozzle_no_extrusion_0443.jpg,0.759131,0.942048,1.000000,否
4,train/images/nozzle_no_extrusion_0434.jpg,test/images/nozzle_no_extrusion_0455.jpg,0.745090,0.932468,1.000000,否
4,train/images/nozzle_no_extrusion_0434.jpg,val/images/nozzle_no_extrusion_0210.jpg,0.741468,0.917097,1.000000,否
4,train/images/nozzle_no_extrusion_0249.jpg,train/images/nozzle_no_extrusion_0585.jpg,0.763406,0.872688,1.000000,否
4,train/images/nozzle_no_extrusion_0249.jpg,test/images/nozzle_no_extrusion_0384.jpg,0.790986,0.914671,1.000000,否
4,train/images/nozzle_no_extrusion_0249.jpg,train/images/nozzle_no_extrusion_0383.jpg,0.736547,0.881059,1.000000,否
4,train/images/nozzle_no_extrusion_0249.jpg,train/images/nozzle_no_extrusion_0445.jpg,0.743949,0.904961,1.000000,否
4,train/images/nozzle_no_extrusion_0249.jpg,test/images/nozzle_no_extrusion_0442.jpg,0.738089,0.897674,1.000000,否
4,train/images/nozzle_no_extrusion_0249.jpg,train/images/nozzle_no_extrusion_0230.jpg,0.714046,0.834848,1.000000,否
4,train/images/nozzle_no_extrusion_0249.jpg,train/images/nozzle_no_extrusion_0576.jpg,0.768373,0.869674,1.000000,否
4,train/images/nozzle_no_extrusion_0249.jpg,train/images/nozzle_no_extrusion_0191.jpg,0.753298,0.898239,1.000000,否
4,train/images/nozzle_no_extrusion_0249.jpg,train/images/nozzle_no_extrusion_0594.jpg,0.750405,0.857316,1.000000,否
4,train/images/nozzle_no_extrusion_0249.jpg,train/images/nozzle_no_extrusion_0584.jpg,0.752685,0.875940,1.000000,否
4,train/images/nozzle_no_extrusion_0249.jpg,test/images/nozzle_no_extrusion_0595.jpg,0.742715,0.867953,1.000000,否
4,train/images/nozzle_no_extrusion_0249.jpg,train/images/nozzle_no_extrusion_0190.jpg,0.702695,0.802666,1.000000,否
4,train/images/nozzle_no_extrusion_0249.jpg,train/images/nozzle_no_extrusion_0345.jpg,0.736451,0.902266,1.000000,否
4,train/images/nozzle_no_extrusion_0249.jpg,train/images/nozzle_no_extrusion_0305.jpg,0.749502,0.901851,1.000000,否
4,train/images/nozzle_no_extrusion_0249.jpg,train/images/nozzle_no_extrusion_0816.jpg,0.740912,0.805332,1.000000,否
4,train/images/nozzle_no_extrusion_0249.jpg,train/images/nozzle_no_extrusion_0346.jpg,0.749790,0.912746,1.000000,否
4,train/images/nozzle_no_extrusion_0249.jpg,train/images/nozzle_no_extrusion_0267.jpg,0.751137,0.915407,1.000000,否
4,train/images/nozzle_no_extrusion_0249.jpg,test/images/nozzle_no_extrusion_0575.jpg,0.757888,0.884611,1.000000,否
4,train/images/nozzle_no_extrusion_0249.jpg,train/images/nozzle_no_extrusion_0758.jpg,0.828323,0.849172,1.000000,否
4,train/images/nozzle_no_extrusion_0249.jpg,train/images/nozzle_no_extrusion_0443.jpg,0.741202,0.898031,1.000000,否
4,train/images/nozzle_no_extrusion_0249.jpg,test/images/nozzle_no_extrusion_0455.jpg,0.747567,0.898611,1.000000,否
4,train/images/nozzle_no_extrusion_0249.jpg,val/images/nozzle_no_extrusion_0210.jpg,0.834968,0.946295,1.000000,否
4,train/images/nozzle_no_extrusion_0585.jpg,test/images/nozzle_no_extrusion_0384.jpg,0.810152,0.924289,1.000000,否
4,train/images/nozzle_no_extrusion_0585.jpg,train/images/nozzle_no_extrusion_0383.jpg,0.736664,0.886360,1.000000,否
4,train/images/nozzle_no_extrusion_0585.jpg,train/images/nozzle_no_extrusion_0445.jpg,0.762694,0.926116,1.000000,否
4,train/images/nozzle_no_extrusion_0585.jpg,test/images/nozzle_no_extrusion_0442.jpg,0.735576,0.914302,1.000000,否
4,train/images/nozzle_no_extrusion_0585.jpg,train/images/nozzle_no_extrusion_0230.jpg,0.711045,0.815952,1.000000,否
4,train/images/nozzle_no_extrusion_0585.jpg,train/images/nozzle_no_extrusion_0576.jpg,0.773887,0.945745,1.000000,否
4,train/images/nozzle_no_extrusion_0585.jpg,train/images/nozzle_no_extrusion_0191.jpg,0.774444,0.882410,1.000000,否
4,train/images/nozzle_no_extrusion_0585.jpg,train/images/nozzle_no_extrusion_0594.jpg,0.963532,0.954409,1.000000,是
4,train/images/nozzle_no_extrusion_0585.jpg,train/images/nozzle_no_extrusion_0584.jpg,0.776299,0.945951,1.000000,否
4,train/images/nozzle_no_extrusion_0585.jpg,test/images/nozzle_no_extrusion_0595.jpg,0.788700,0.957054,1.000000,否
4,train/images/nozzle_no_extrusion_0585.jpg,train/images/nozzle_no_extrusion_0190.jpg,0.705164,0.778757,1.000000,否
4,train/images/nozzle_no_extrusion_0585.jpg,train/images/nozzle_no_extrusion_0345.jpg,0.747874,0.896427,1.000000,否
4,train/images/nozzle_no_extrusion_0585.jpg,train/images/nozzle_no_extrusion_0305.jpg,0.764315,0.895282,1.000000,否
4,train/images/nozzle_no_extrusion_0585.jpg,train/images/nozzle_no_extrusion_0816.jpg,0.776692,0.911422,1.000000,否
4,train/images/nozzle_no_extrusion_0585.jpg,train/images/nozzle_no_extrusion_0346.jpg,0.757649,0.913557,1.000000,否
4,train/images/nozzle_no_extrusion_0585.jpg,train/images/nozzle_no_extrusion_0267.jpg,0.779535,0.900660,1.000000,否
4,train/images/nozzle_no_extrusion_0585.jpg,test/images/nozzle_no_extrusion_0575.jpg,0.765580,0.934948,1.000000,否
4,train/images/nozzle_no_extrusion_0585.jpg,train/images/nozzle_no_extrusion_0758.jpg,0.779288,0.907203,1.000000,否
4,train/images/nozzle_no_extrusion_0585.jpg,train/images/nozzle_no_extrusion_0443.jpg,0.752330,0.929905,1.000000,否
4,train/images/nozzle_no_extrusion_0585.jpg,test/images/nozzle_no_extrusion_0455.jpg,0.768023,0.934482,1.000000,否
4,train/images/nozzle_no_extrusion_0585.jpg,val/images/nozzle_no_extrusion_0210.jpg,0.771310,0.896521,1.000000,否
4,test/images/nozzle_no_extrusion_0384.jpg,train/images/nozzle_no_extrusion_0383.jpg,0.747377,0.900359,1.000000,否
4,test/images/nozzle_no_extrusion_0384.jpg,train/images/nozzle_no_extrusion_0445.jpg,0.794179,0.945422,1.000000,否
4,test/images/nozzle_no_extrusion_0384.jpg,test/images/nozzle_no_extrusion_0442.jpg,0.788126,0.942335,1.000000,否
4,test/images/nozzle_no_extrusion_0384.jpg,train/images/nozzle_no_extrusion_0230.jpg,0.720847,0.835164,1.000000,否
4,test/images/nozzle_no_extrusion_0384.jpg,train/images/nozzle_no_extrusion_0576.jpg,0.760929,0.917348,1.000000,否
4,test/images/nozzle_no_extrusion_0384.jpg,train/images/nozzle_no_extrusion_0191.jpg,0.789247,0.921274,1.000000,否
4,test/images/nozzle_no_extrusion_0384.jpg,train/images/nozzle_no_extrusion_0594.jpg,0.795412,0.907729,1.000000,否
4,test/images/nozzle_no_extrusion_0384.jpg,train/images/nozzle_no_extrusion_0584.jpg,0.778665,0.916553,1.000000,否
4,test/images/nozzle_no_extrusion_0384.jpg,test/images/nozzle_no_extrusion_0595.jpg,0.783006,0.925192,1.000000,否
4,test/images/nozzle_no_extrusion_0384.jpg,train/images/nozzle_no_extrusion_0190.jpg,0.710019,0.794521,1.000000,否
4,test/images/nozzle_no_extrusion_0384.jpg,train/images/nozzle_no_extrusion_0345.jpg,0.779607,0.925312,1.000000,否
4,test/images/nozzle_no_extrusion_0384.jpg,train/images/nozzle_no_extrusion_0305.jpg,0.832535,0.948880,1.000000,否
4,test/images/nozzle_no_extrusion_0384.jpg,train/images/nozzle_no_extrusion_0816.jpg,0.788923,0.864856,1.000000,否
4,test/images/nozzle_no_extrusion_0384.jpg,train/images/nozzle_no_extrusion_0346.jpg,0.819098,0.966810,1.000000,否
4,test/images/nozzle_no_extrusion_0384.jpg,train/images/nozzle_no_extrusion_0267.jpg,0.813096,0.954499,1.000000,否
4,test/images/nozzle_no_extrusion_0384.jpg,test/images/nozzle_no_extrusion_0575.jpg,0.761784,0.916737,1.000000,否
4,test/images/nozzle_no_extrusion_0384.jpg,train/images/nozzle_no_extrusion_0758.jpg,0.794045,0.855304,1.000000,否
4,test/images/nozzle_no_extrusion_0384.jpg,train/images/nozzle_no_extrusion_0443.jpg,0.800376,0.947313,1.000000,否
4,test/images/nozzle_no_extrusion_0384.jpg,test/images/nozzle_no_extrusion_0455.jpg,0.806579,0.951221,1.000000,否
4,test/images/nozzle_no_extrusion_0384.jpg,val/images/nozzle_no_extrusion_0210.jpg,0.808413,0.938106,1.000000,否
4,train/images/nozzle_no_extrusion_0383.jpg,train/images/nozzle_no_extrusion_0445.jpg,0.706157,0.869066,1.000000,否
4,train/images/nozzle_no_extrusion_0383.jpg,test/images/nozzle_no_extrusion_0442.jpg,0.669332,0.858196,1.000000,否
4,train/images/nozzle_no_extrusion_0383.jpg,train/images/nozzle_no_extrusion_0230.jpg,0.855340,0.922424,1.000000,否
4,train/images/nozzle_no_extrusion_0383.jpg,train/images/nozzle_no_extrusion_0576.jpg,0.698673,0.874122,1.000000,否
4,train/images/nozzle_no_extrusion_0383.jpg,train/images/nozzle_no_extrusion_0191.jpg,0.785825,0.911422,1.000000,否
4,train/images/nozzle_no_extrusion_0383.jpg,train/images/nozzle_no_extrusion_0594.jpg,0.728331,0.874444,1.000000,否
4,train/images/nozzle_no_extrusion_0383.jpg,train/images/nozzle_no_extrusion_0584.jpg,0.714288,0.872642,1.000000,否
4,train/images/nozzle_no_extrusion_0383.jpg,test/images/nozzle_no_extrusion_0595.jpg,0.746366,0.888179,1.000000,否
4,train/images/nozzle_no_extrusion_0383.jpg,train/images/nozzle_no_extrusion_0190.jpg,0.844186,0.883180,1.000000,否
4,train/images/nozzle_no_extrusion_0383.jpg,train/images/nozzle_no_extrusion_0345.jpg,0.850671,0.946361,1.000000,否
4,train/images/nozzle_no_extrusion_0383.jpg,train/images/nozzle_no_extrusion_0305.jpg,0.733461,0.890814,1.000000,否
4,train/images/nozzle_no_extrusion_0383.jpg,train/images/nozzle_no_extrusion_0816.jpg,0.777422,0.836437,1.000000,否
4,train/images/nozzle_no_extrusion_0383.jpg,train/images/nozzle_no_extrusion_0346.jpg,0.727307,0.899885,1.000000,否
4,train/images/nozzle_no_extrusion_0383.jpg,train/images/nozzle_no_extrusion_0267.jpg,0.762967,0.915871,1.000000,否
4,train/images/nozzle_no_extrusion_0383.jpg,test/images/nozzle_no_extrusion_0575.jpg,0.689362,0.867896,1.000000,否
4,train/images/nozzle_no_extrusion_0383.jpg,train/images/nozzle_no_extrusion_0758.jpg,0.750693,0.817006,1.000000,否
4,train/images/nozzle_no_extrusion_0383.jpg,train/images/nozzle_no_extrusion_0443.jpg,0.692027,0.873785,1.000000,否
4,train/images/nozzle_no_extrusion_0383.jpg,test/images/nozzle_no_extrusion_0455.jpg,0.709796,0.874064,1.000000,否
4,train/images/nozzle_no_extrusion_0383.jpg,val/images/nozzle_no_extrusion_0210.jpg,0.734478,0.892938,1.000000,否
4,train/images/nozzle_no_extrusion_0445.jpg,test/images/nozzle_no_extrusion_0442.jpg,0.747929,0.934680,1.000000,否
4,train/images/nozzle_no_extrusion_0445.jpg,train/images/nozzle_no_extrusion_0230.jpg,0.669635,0.801290,1.000000,否
4,train/images/nozzle_no_extrusion_0445.jpg,train/images/nozzle_no_extrusion_0576.jpg,0.740980,0.920605,1.000000,否
4,train/images/nozzle_no_extrusion_0445.jpg,train/images/nozzle_no_extrusion_0191.jpg,0.751899,0.892402,1.000000,否
4,train/images/nozzle_no_extrusion_0445.jpg,train/images/nozzle_no_extrusion_0594.jpg,0.750798,0.910231,1.000000,否
4,train/images/nozzle_no_extrusion_0445.jpg,train/images/nozzle_no_extrusion_0584.jpg,0.734311,0.921959,1.000000,否
4,train/images/nozzle_no_extrusion_0445.jpg,test/images/nozzle_no_extrusion_0595.jpg,0.754745,0.928163,1.000000,否
4,train/images/nozzle_no_extrusion_0445.jpg,train/images/nozzle_no_extrusion_0190.jpg,0.657413,0.756660,1.000000,否
4,train/images/nozzle_no_extrusion_0445.jpg,train/images/nozzle_no_extrusion_0345.jpg,0.721901,0.892908,1.000000,否
4,train/images/nozzle_no_extrusion_0445.jpg,train/images/nozzle_no_extrusion_0305.jpg,0.754088,0.919810,1.000000,否
4,train/images/nozzle_no_extrusion_0445.jpg,train/images/nozzle_no_extrusion_0816.jpg,0.751258,0.874804,1.000000,否
4,train/images/nozzle_no_extrusion_0445.jpg,train/images/nozzle_no_extrusion_0346.jpg,0.767786,0.944741,1.000000,否
4,train/images/nozzle_no_extrusion_0445.jpg,train/images/nozzle_no_extrusion_0267.jpg,0.754134,0.920597,1.000000,否
4,train/images/nozzle_no_extrusion_0445.jpg,test/images/nozzle_no_extrusion_0575.jpg,0.728826,0.919633,1.000000,否
4,train/images/nozzle_no_extrusion_0445.jpg,train/images/nozzle_no_extrusion_0758.jpg,0.754394,0.881795,1.000000,否
4,train/images/nozzle_no_extrusion_0445.jpg,train/images/nozzle_no_extrusion_0443.jpg,0.756242,0.943292,1.000000,否
4,train/images/nozzle_no_extrusion_0445.jpg,test/images/nozzle_no_extrusion_0455.jpg,0.808031,0.967548,1.000000,否
4,train/images/nozzle_no_extrusion_0445.jpg,val/images/nozzle_no_extrusion_0210.jpg,0.755102,0.922590,1.000000,否
4,test/images/nozzle_no_extrusion_0442.jpg,train/images/nozzle_no_extrusion_0230.jpg,0.647060,0.786220,1.000000,否
4,test/images/nozzle_no_extrusion_0442.jpg,train/images/nozzle_no_extrusion_0576.jpg,0.725829,0.912219,1.000000,否
4,test/images/nozzle_no_extrusion_0442.jpg,train/images/nozzle_no_extrusion_0191.jpg,0.726054,0.866542,1.000000,否
4,test/images/nozzle_no_extrusion_0442.jpg,train/images/nozzle_no_extrusion_0594.jpg,0.731953,0.911199,1.000000,否
4,test/images/nozzle_no_extrusion_0442.jpg,train/images/nozzle_no_extrusion_0584.jpg,0.733766,0.917041,1.000000,否
4,test/images/nozzle_no_extrusion_0442.jpg,test/images/nozzle_no_extrusion_0595.jpg,0.729168,0.907276,1.000000,否
4,test/images/nozzle_no_extrusion_0442.jpg,train/images/nozzle_no_extrusion_0190.jpg,0.634974,0.741429,1.000000,否
4,test/images/nozzle_no_extrusion_0442.jpg,train/images/nozzle_no_extrusion_0345.jpg,0.699498,0.886444,1.000000,否
4,test/images/nozzle_no_extrusion_0442.jpg,train/images/nozzle_no_extrusion_0305.jpg,0.756219,0.922221,1.000000,否
4,test/images/nozzle_no_extrusion_0442.jpg,train/images/nozzle_no_extrusion_0816.jpg,0.724434,0.860925,1.000000,否
4,test/images/nozzle_no_extrusion_0442.jpg,train/images/nozzle_no_extrusion_0346.jpg,0.749472,0.938733,1.000000,否
4,test/images/nozzle_no_extrusion_0442.jpg,train/images/nozzle_no_extrusion_0267.jpg,0.741956,0.909439,1.000000,否
4,test/images/nozzle_no_extrusion_0442.jpg,test/images/nozzle_no_extrusion_0575.jpg,0.729283,0.931385,1.000000,否
4,test/images/nozzle_no_extrusion_0442.jpg,train/images/nozzle_no_extrusion_0758.jpg,0.747373,0.871513,1.000000,否
4,test/images/nozzle_no_extrusion_0442.jpg,train/images/nozzle_no_extrusion_0443.jpg,0.759615,0.951393,1.000000,否
4,test/images/nozzle_no_extrusion_0442.jpg,test/images/nozzle_no_extrusion_0455.jpg,0.743062,0.926941,1.000000,否
4,test/images/nozzle_no_extrusion_0442.jpg,val/images/nozzle_no_extrusion_0210.jpg,0.740484,0.914219,1.000000,否
4,train/images/nozzle_no_extrusion_0230.jpg,train/images/nozzle_no_extrusion_0576.jpg,0.686032,0.804040,1.000000,否
4,train/images/nozzle_no_extrusion_0230.jpg,train/images/nozzle_no_extrusion_0191.jpg,0.777958,0.886008,1.000000,否
4,train/images/nozzle_no_extrusion_0230.jpg,train/images/nozzle_no_extrusion_0594.jpg,0.703214,0.800545,1.000000,否
4,train/images/nozzle_no_extrusion_0230.jpg,train/images/nozzle_no_extrusion_0584.jpg,0.689726,0.804134,1.000000,否
4,train/images/nozzle_no_extrusion_0230.jpg,test/images/nozzle_no_extrusion_0595.jpg,0.721130,0.814616,1.000000,否
4,train/images/nozzle_no_extrusion_0230.jpg,train/images/nozzle_no_extrusion_0190.jpg,0.939579,0.950825,1.000000,否
4,train/images/nozzle_no_extrusion_0230.jpg,train/images/nozzle_no_extrusion_0345.jpg,0.819652,0.903808,1.000000,否
4,train/images/nozzle_no_extrusion_0230.jpg,train/images/nozzle_no_extrusion_0305.jpg,0.717449,0.837130,1.000000,否
4,train/images/nozzle_no_extrusion_0230.jpg,train/images/nozzle_no_extrusion_0816.jpg,0.749694,0.761681,1.000000,否
4,train/images/nozzle_no_extrusion_0230.jpg,train/images/nozzle_no_extrusion_0346.jpg,0.703397,0.840182,1.000000,否
4,train/images/nozzle_no_extrusion_0230.jpg,train/images/nozzle_no_extrusion_0267.jpg,0.741820,0.867725,1.000000,否
4,train/images/nozzle_no_extrusion_0230.jpg,test/images/nozzle_no_extrusion_0575.jpg,0.667132,0.791171,1.000000,否
4,train/images/nozzle_no_extrusion_0230.jpg,train/images/nozzle_no_extrusion_0758.jpg,0.723137,0.750030,1.000000,否
4,train/images/nozzle_no_extrusion_0230.jpg,train/images/nozzle_no_extrusion_0443.jpg,0.659972,0.803838,1.000000,否
4,train/images/nozzle_no_extrusion_0230.jpg,test/images/nozzle_no_extrusion_0455.jpg,0.684813,0.808317,1.000000,否
4,train/images/nozzle_no_extrusion_0230.jpg,val/images/nozzle_no_extrusion_0210.jpg,0.707805,0.844397,1.000000,否
4,train/images/nozzle_no_extrusion_0576.jpg,train/images/nozzle_no_extrusion_0191.jpg,0.741216,0.872060,1.000000,否
4,train/images/nozzle_no_extrusion_0576.jpg,train/images/nozzle_no_extrusion_0594.jpg,0.765866,0.932026,1.000000,否
4,train/images/nozzle_no_extrusion_0576.jpg,train/images/nozzle_no_extrusion_0584.jpg,0.756417,0.936593,1.000000,否
4,train/images/nozzle_no_extrusion_0576.jpg,test/images/nozzle_no_extrusion_0595.jpg,0.751573,0.946784,1.000000,否
4,train/images/nozzle_no_extrusion_0576.jpg,train/images/nozzle_no_extrusion_0190.jpg,0.668531,0.764831,1.000000,否
4,train/images/nozzle_no_extrusion_0576.jpg,train/images/nozzle_no_extrusion_0345.jpg,0.714216,0.886244,1.000000,否
4,train/images/nozzle_no_extrusion_0576.jpg,train/images/nozzle_no_extrusion_0305.jpg,0.729060,0.888816,1.000000,否
4,train/images/nozzle_no_extrusion_0576.jpg,train/images/nozzle_no_extrusion_0816.jpg,0.740082,0.899789,1.000000,否
4,train/images/nozzle_no_extrusion_0576.jpg,train/images/nozzle_no_extrusion_0346.jpg,0.736993,0.912742,1.000000,否
4,train/images/nozzle_no_extrusion_0576.jpg,train/images/nozzle_no_extrusion_0267.jpg,0.739027,0.894285,1.000000,否
4,train/images/nozzle_no_extrusion_0576.jpg,test/images/nozzle_no_extrusion_0575.jpg,0.753174,0.927774,1.000000,否
4,train/images/nozzle_no_extrusion_0576.jpg,train/images/nozzle_no_extrusion_0758.jpg,0.773318,0.909359,1.000000,否
4,train/images/nozzle_no_extrusion_0576.jpg,train/images/nozzle_no_extrusion_0443.jpg,0.734996,0.928441,1.000000,否
4,train/images/nozzle_no_extrusion_0576.jpg,test/images/nozzle_no_extrusion_0455.jpg,0.744478,0.928105,1.000000,否
4,train/images/nozzle_no_extrusion_0576.jpg,val/images/nozzle_no_extrusion_0210.jpg,0.766568,0.896628,1.000000,否
4,train/images/nozzle_no_extrusion_0191.jpg,train/images/nozzle_no_extrusion_0594.jpg,0.761626,0.866105,1.000000,否
4,train/images/nozzle_no_extrusion_0191.jpg,train/images/nozzle_no_extrusion_0584.jpg,0.756324,0.861746,1.000000,否
4,train/images/nozzle_no_extrusion_0191.jpg,test/images/nozzle_no_extrusion_0595.jpg,0.790040,0.886362,1.000000,否
4,train/images/nozzle_no_extrusion_0191.jpg,train/images/nozzle_no_extrusion_0190.jpg,0.769083,0.859407,1.000000,否
4,train/images/nozzle_no_extrusion_0191.jpg,train/images/nozzle_no_extrusion_0345.jpg,0.798957,0.938126,1.000000,否
4,train/images/nozzle_no_extrusion_0191.jpg,train/images/nozzle_no_extrusion_0305.jpg,0.779944,0.911128,1.000000,否
4,train/images/nozzle_no_extrusion_0191.jpg,train/images/nozzle_no_extrusion_0816.jpg,0.814051,0.829712,1.000000,否
4,train/images/nozzle_no_extrusion_0191.jpg,train/images/nozzle_no_extrusion_0346.jpg,0.776499,0.929598,1.000000,否
4,train/images/nozzle_no_extrusion_0191.jpg,train/images/nozzle_no_extrusion_0267.jpg,0.810008,0.946686,1.000000,否
4,train/images/nozzle_no_extrusion_0191.jpg,test/images/nozzle_no_extrusion_0575.jpg,0.722505,0.855448,1.000000,否
4,train/images/nozzle_no_extrusion_0191.jpg,train/images/nozzle_no_extrusion_0758.jpg,0.772398,0.807459,1.000000,否
4,train/images/nozzle_no_extrusion_0191.jpg,train/images/nozzle_no_extrusion_0443.jpg,0.745025,0.885412,1.000000,否
4,train/images/nozzle_no_extrusion_0191.jpg,test/images/nozzle_no_extrusion_0455.jpg,0.757411,0.899992,1.000000,否
4,train/images/nozzle_no_extrusion_0191.jpg,val/images/nozzle_no_extrusion_0210.jpg,0.752249,0.920661,1.000000,否
4,train/images/nozzle_no_extrusion_0594.jpg,train/images/nozzle_no_extrusion_0584.jpg,0.770305,0.931734,1.000000,否
4,train/images/nozzle_no_extrusion_0594.jpg,test/images/nozzle_no_extrusion_0595.jpg,0.782151,0.952962,1.000000,否
4,train/images/nozzle_no_extrusion_0594.jpg,train/images/nozzle_no_extrusion_0190.jpg,0.696254,0.760601,1.000000,否
4,train/images/nozzle_no_extrusion_0594.jpg,train/images/nozzle_no_extrusion_0345.jpg,0.737802,0.886103,1.000000,否
4,train/images/nozzle_no_extrusion_0594.jpg,train/images/nozzle_no_extrusion_0305.jpg,0.754678,0.887008,1.000000,否
4,train/images/nozzle_no_extrusion_0594.jpg,train/images/nozzle_no_extrusion_0816.jpg,0.769024,0.912774,1.000000,否
4,train/images/nozzle_no_extrusion_0594.jpg,train/images/nozzle_no_extrusion_0346.jpg,0.746844,0.900258,1.000000,否
4,train/images/nozzle_no_extrusion_0594.jpg,train/images/nozzle_no_extrusion_0267.jpg,0.766162,0.887189,1.000000,否
4,train/images/nozzle_no_extrusion_0594.jpg,test/images/nozzle_no_extrusion_0575.jpg,0.757654,0.928924,1.000000,否
4,train/images/nozzle_no_extrusion_0594.jpg,train/images/nozzle_no_extrusion_0758.jpg,0.766942,0.897544,1.000000,否
4,train/images/nozzle_no_extrusion_0594.jpg,train/images/nozzle_no_extrusion_0443.jpg,0.744944,0.918450,1.000000,否
4,train/images/nozzle_no_extrusion_0594.jpg,test/images/nozzle_no_extrusion_0455.jpg,0.754212,0.916195,1.000000,否
4,train/images/nozzle_no_extrusion_0594.jpg,val/images/nozzle_no_extrusion_0210.jpg,0.761405,0.883662,1.000000,否
4,train/images/nozzle_no_extrusion_0584.jpg,test/images/nozzle_no_extrusion_0595.jpg,0.755201,0.939703,1.000000,否
4,train/images/nozzle_no_extrusion_0584.jpg,train/images/nozzle_no_extrusion_0190.jpg,0.682026,0.764974,1.000000,否
4,train/images/nozzle_no_extrusion_0584.jpg,train/images/nozzle_no_extrusion_0345.jpg,0.730407,0.883160,1.000000,否
4,train/images/nozzle_no_extrusion_0584.jpg,train/images/nozzle_no_extrusion_0305.jpg,0.734134,0.885462,1.000000,否
4,train/images/nozzle_no_extrusion_0584.jpg,train/images/nozzle_no_extrusion_0816.jpg,0.761245,0.900496,1.000000,否
4,train/images/nozzle_no_extrusion_0584.jpg,train/images/nozzle_no_extrusion_0346.jpg,0.730794,0.906417,1.000000,否
4,train/images/nozzle_no_extrusion_0584.jpg,train/images/nozzle_no_extrusion_0267.jpg,0.749930,0.888548,1.000000,否
4,train/images/nozzle_no_extrusion_0584.jpg,test/images/nozzle_no_extrusion_0575.jpg,0.758476,0.936535,1.000000,否
4,train/images/nozzle_no_extrusion_0584.jpg,train/images/nozzle_no_extrusion_0758.jpg,0.762804,0.907112,1.000000,否
4,train/images/nozzle_no_extrusion_0584.jpg,train/images/nozzle_no_extrusion_0443.jpg,0.744612,0.924579,1.000000,否
4,train/images/nozzle_no_extrusion_0584.jpg,test/images/nozzle_no_extrusion_0455.jpg,0.739430,0.927687,1.000000,否
4,train/images/nozzle_no_extrusion_0584.jpg,val/images/nozzle_no_extrusion_0210.jpg,0.757923,0.895678,1.000000,否
4,test/images/nozzle_no_extrusion_0595.jpg,train/images/nozzle_no_extrusion_0190.jpg,0.711861,0.776414,1.000000,否
4,test/images/nozzle_no_extrusion_0595.jpg,train/images/nozzle_no_extrusion_0345.jpg,0.745763,0.898761,1.000000,否
4,test/images/nozzle_no_extrusion_0595.jpg,train/images/nozzle_no_extrusion_0305.jpg,0.763459,0.895640,1.000000,否
4,test/images/nozzle_no_extrusion_0595.jpg,train/images/nozzle_no_extrusion_0816.jpg,0.781646,0.918875,1.000000,否
4,test/images/nozzle_no_extrusion_0595.jpg,train/images/nozzle_no_extrusion_0346.jpg,0.762437,0.914785,1.000000,否
4,test/images/nozzle_no_extrusion_0595.jpg,train/images/nozzle_no_extrusion_0267.jpg,0.791480,0.904828,1.000000,否
4,test/images/nozzle_no_extrusion_0595.jpg,test/images/nozzle_no_extrusion_0575.jpg,0.744825,0.928800,1.000000,否
4,test/images/nozzle_no_extrusion_0595.jpg,train/images/nozzle_no_extrusion_0758.jpg,0.769734,0.908793,1.000000,否
4,test/images/nozzle_no_extrusion_0595.jpg,train/images/nozzle_no_extrusion_0443.jpg,0.745580,0.925463,1.000000,否
4,test/images/nozzle_no_extrusion_0595.jpg,test/images/nozzle_no_extrusion_0455.jpg,0.756345,0.937449,1.000000,否
4,test/images/nozzle_no_extrusion_0595.jpg,val/images/nozzle_no_extrusion_0210.jpg,0.752957,0.889616,1.000000,否
4,train/images/nozzle_no_extrusion_0190.jpg,train/images/nozzle_no_extrusion_0345.jpg,0.810571,0.868187,1.000000,否
4,train/images/nozzle_no_extrusion_0190.jpg,train/images/nozzle_no_extrusion_0305.jpg,0.702364,0.788262,1.000000,否
4,train/images/nozzle_no_extrusion_0190.jpg,train/images/nozzle_no_extrusion_0816.jpg,0.740643,0.719507,1.000000,否
4,train/images/nozzle_no_extrusion_0190.jpg,train/images/nozzle_no_extrusion_0346.jpg,0.688565,0.796686,1.000000,否
4,train/images/nozzle_no_extrusion_0190.jpg,train/images/nozzle_no_extrusion_0267.jpg,0.728344,0.825744,1.000000,否
4,train/images/nozzle_no_extrusion_0190.jpg,test/images/nozzle_no_extrusion_0575.jpg,0.651434,0.753231,1.000000,否
4,train/images/nozzle_no_extrusion_0190.jpg,train/images/nozzle_no_extrusion_0758.jpg,0.710806,0.716476,1.000000,否
4,train/images/nozzle_no_extrusion_0190.jpg,train/images/nozzle_no_extrusion_0443.jpg,0.644826,0.759584,1.000000,否
4,train/images/nozzle_no_extrusion_0190.jpg,test/images/nozzle_no_extrusion_0455.jpg,0.668667,0.767975,1.000000,否
4,train/images/nozzle_no_extrusion_0190.jpg,val/images/nozzle_no_extrusion_0210.jpg,0.696542,0.804638,1.000000,否
4,train/images/nozzle_no_extrusion_0345.jpg,train/images/nozzle_no_extrusion_0305.jpg,0.745973,0.908659,1.000000,否
4,train/images/nozzle_no_extrusion_0345.jpg,train/images/nozzle_no_extrusion_0816.jpg,0.794071,0.846086,1.000000,否
4,train/images/nozzle_no_extrusion_0345.jpg,train/images/nozzle_no_extrusion_0346.jpg,0.751476,0.930060,1.000000,否
4,train/images/nozzle_no_extrusion_0345.jpg,train/images/nozzle_no_extrusion_0267.jpg,0.782009,0.936469,1.000000,否
4,train/images/nozzle_no_extrusion_0345.jpg,test/images/nozzle_no_extrusion_0575.jpg,0.704776,0.888190,1.000000,否
4,train/images/nozzle_no_extrusion_0345.jpg,train/images/nozzle_no_extrusion_0758.jpg,0.759417,0.831636,1.000000,否
4,train/images/nozzle_no_extrusion_0345.jpg,train/images/nozzle_no_extrusion_0443.jpg,0.720507,0.896494,1.000000,否
4,train/images/nozzle_no_extrusion_0345.jpg,test/images/nozzle_no_extrusion_0455.jpg,0.730824,0.897311,1.000000,否
4,train/images/nozzle_no_extrusion_0345.jpg,val/images/nozzle_no_extrusion_0210.jpg,0.744824,0.918529,1.000000,否
4,train/images/nozzle_no_extrusion_0305.jpg,train/images/nozzle_no_extrusion_0816.jpg,0.778332,0.837771,1.000000,否
4,train/images/nozzle_no_extrusion_0305.jpg,train/images/nozzle_no_extrusion_0346.jpg,0.792581,0.951713,1.000000,否
4,train/images/nozzle_no_extrusion_0305.jpg,train/images/nozzle_no_extrusion_0267.jpg,0.794929,0.938915,1.000000,否
4,train/images/nozzle_no_extrusion_0305.jpg,test/images/nozzle_no_extrusion_0575.jpg,0.724132,0.889614,1.000000,否
4,train/images/nozzle_no_extrusion_0305.jpg,train/images/nozzle_no_extrusion_0758.jpg,0.763761,0.830009,1.000000,否
4,train/images/nozzle_no_extrusion_0305.jpg,train/images/nozzle_no_extrusion_0443.jpg,0.752829,0.923506,1.000000,否
4,train/images/nozzle_no_extrusion_0305.jpg,test/images/nozzle_no_extrusion_0455.jpg,0.753657,0.923251,1.000000,否
4,train/images/nozzle_no_extrusion_0305.jpg,val/images/nozzle_no_extrusion_0210.jpg,0.760902,0.928267,1.000000,否
4,train/images/nozzle_no_extrusion_0816.jpg,train/images/nozzle_no_extrusion_0346.jpg,0.788324,0.857743,1.000000,否
4,train/images/nozzle_no_extrusion_0816.jpg,train/images/nozzle_no_extrusion_0267.jpg,0.812090,0.844265,1.000000,否
4,train/images/nozzle_no_extrusion_0816.jpg,test/images/nozzle_no_extrusion_0575.jpg,0.733404,0.892237,1.000000,否
4,train/images/nozzle_no_extrusion_0816.jpg,train/images/nozzle_no_extrusion_0758.jpg,0.777805,0.923753,1.000000,否
4,train/images/nozzle_no_extrusion_0816.jpg,train/images/nozzle_no_extrusion_0443.jpg,0.742619,0.873960,1.000000,否
4,train/images/nozzle_no_extrusion_0816.jpg,test/images/nozzle_no_extrusion_0455.jpg,0.753615,0.880623,1.000000,否
4,train/images/nozzle_no_extrusion_0816.jpg,val/images/nozzle_no_extrusion_0210.jpg,0.761696,0.827334,1.000000,否
4,train/images/nozzle_no_extrusion_0346.jpg,train/images/nozzle_no_extrusion_0267.jpg,0.822915,0.957261,1.000000,否
4,train/images/nozzle_no_extrusion_0346.jpg,test/images/nozzle_no_extrusion_0575.jpg,0.724201,0.909500,1.000000,否
4,train/images/nozzle_no_extrusion_0346.jpg,train/images/nozzle_no_extrusion_0758.jpg,0.751840,0.846531,1.000000,否
4,train/images/nozzle_no_extrusion_0346.jpg,train/images/nozzle_no_extrusion_0443.jpg,0.770573,0.941016,1.000000,否
4,train/images/nozzle_no_extrusion_0346.jpg,test/images/nozzle_no_extrusion_0455.jpg,0.769712,0.944188,1.000000,否
4,train/images/nozzle_no_extrusion_0346.jpg,val/images/nozzle_no_extrusion_0210.jpg,0.763914,0.938290,1.000000,否
4,train/images/nozzle_no_extrusion_0267.jpg,test/images/nozzle_no_extrusion_0575.jpg,0.733667,0.892040,1.000000,否
4,train/images/nozzle_no_extrusion_0267.jpg,train/images/nozzle_no_extrusion_0758.jpg,0.771850,0.824284,1.000000,否
4,train/images/nozzle_no_extrusion_0267.jpg,train/images/nozzle_no_extrusion_0443.jpg,0.755742,0.920687,1.000000,否
4,train/images/nozzle_no_extrusion_0267.jpg,test/images/nozzle_no_extrusion_0455.jpg,0.763419,0.924132,1.000000,否
4,train/images/nozzle_no_extrusion_0267.jpg,val/images/nozzle_no_extrusion_0210.jpg,0.767433,0.938126,1.000000,否
4,test/images/nozzle_no_extrusion_0575.jpg,train/images/nozzle_no_extrusion_0758.jpg,0.775351,0.902570,1.000000,否
4,test/images/nozzle_no_extrusion_0575.jpg,train/images/nozzle_no_extrusion_0443.jpg,0.749076,0.920388,1.000000,否
4,test/images/nozzle_no_extrusion_0575.jpg,test/images/nozzle_no_extrusion_0455.jpg,0.735229,0.920878,1.000000,否
4,test/images/nozzle_no_extrusion_0575.jpg,val/images/nozzle_no_extrusion_0210.jpg,0.766042,0.896409,1.000000,否
4,train/images/nozzle_no_extrusion_0758.jpg,train/images/nozzle_no_extrusion_0443.jpg,0.755779,0.875060,1.000000,否
4,train/images/nozzle_no_extrusion_0758.jpg,test/images/nozzle_no_extrusion_0455.jpg,0.758098,0.881034,1.000000,否
4,train/images/nozzle_no_extrusion_0758.jpg,val/images/nozzle_no_extrusion_0210.jpg,0.816660,0.851974,1.000000,否
4,train/images/nozzle_no_extrusion_0443.jpg,test/images/nozzle_no_extrusion_0455.jpg,0.769358,0.946207,1.000000,否
4,train/images/nozzle_no_extrusion_0443.jpg,val/images/nozzle_no_extrusion_0210.jpg,0.756299,0.929635,1.000000,否
4,test/images/nozzle_no_extrusion_0455.jpg,val/images/nozzle_no_extrusion_0210.jpg,0.758455,0.922183,1.000000,否
5,train/images/nozzle_no_extrusion_0899.jpg,train/images/nozzle_no_extrusion_0894.jpg,0.582808,0.818430,1.000000,否
5,train/images/nozzle_no_extrusion_0899.jpg,val/images/nozzle_no_extrusion_0900.jpg,0.678619,0.913656,1.000000,否
5,train/images/nozzle_no_extrusion_0899.jpg,val/images/nozzle_no_extrusion_0908.jpg,0.697386,0.931611,1.000000,否
5,train/images/nozzle_no_extrusion_0899.jpg,train/images/nozzle_no_extrusion_0903.jpg,0.539397,0.668893,1.000000,否
5,train/images/nozzle_no_extrusion_0899.jpg,train/images/nozzle_no_extrusion_0898.jpg,0.680123,0.907429,1.000000,否
5,train/images/nozzle_no_extrusion_0899.jpg,train/images/nozzle_no_extrusion_0156.jpg,0.580913,0.775211,1.000000,否
5,train/images/nozzle_no_extrusion_0899.jpg,train/images/nozzle_no_extrusion_0154.jpg,0.534236,0.652474,1.000000,否
5,train/images/nozzle_no_extrusion_0899.jpg,train/images/nozzle_no_extrusion_0887.jpg,0.670741,0.899041,1.000000,否
5,train/images/nozzle_no_extrusion_0899.jpg,train/images/nozzle_no_extrusion_0905.jpg,0.581135,0.808287,1.000000,否
5,train/images/nozzle_no_extrusion_0899.jpg,train/images/nozzle_no_extrusion_0150.jpg,0.648517,0.776202,1.000000,否
5,train/images/nozzle_no_extrusion_0899.jpg,val/images/nozzle_no_extrusion_0901.jpg,0.604822,0.837899,1.000000,否
5,train/images/nozzle_no_extrusion_0899.jpg,train/images/nozzle_no_extrusion_0390.jpg,0.537512,0.694893,1.000000,否
5,train/images/nozzle_no_extrusion_0899.jpg,train/images/nozzle_no_extrusion_0389.jpg,0.560413,0.710499,1.000000,否
5,train/images/nozzle_no_extrusion_0899.jpg,train/images/nozzle_no_extrusion_0889.jpg,0.678566,0.912341,1.000000,否
5,train/images/nozzle_no_extrusion_0899.jpg,val/images/nozzle_no_extrusion_0904.jpg,0.543263,0.720443,1.000000,否
5,train/images/nozzle_no_extrusion_0899.jpg,train/images/nozzle_no_extrusion_0896.jpg,0.677507,0.899248,1.000000,否
5,train/images/nozzle_no_extrusion_0899.jpg,train/images/nozzle_no_extrusion_0387.jpg,0.693551,0.845353,1.000000,否
5,train/images/nozzle_no_extrusion_0899.jpg,train/images/nozzle_no_extrusion_0888.jpg,0.994971,0.974489,1.000000,是
5,train/images/nozzle_no_extrusion_0899.jpg,train/images/nozzle_no_extrusion_0891.jpg,0.565372,0.756202,1.000000,否
5,train/images/nozzle_no_extrusion_0899.jpg,train/images/nozzle_no_extrusion_0151.jpg,0.779840,0.811242,1.000000,否
5,train/images/nozzle_no_extrusion_0899.jpg,val/images/nozzle_no_extrusion_0155.jpg,0.537866,0.696982,1.000000,否
5,train/images/nozzle_no_extrusion_0899.jpg,train/images/nozzle_no_extrusion_0158.jpg,0.721178,0.850785,1.000000,否
5,train/images/nozzle_no_extrusion_0899.jpg,test/images/nozzle_no_extrusion_0159.jpg,0.711796,0.850859,1.000000,否
5,train/images/nozzle_no_extrusion_0899.jpg,train/images/nozzle_no_extrusion_0892.jpg,0.537466,0.668313,1.000000,否
5,train/images/nozzle_no_extrusion_0899.jpg,train/images/nozzle_no_extrusion_0897.jpg,0.895566,0.963102,1.000000,否
5,train/images/nozzle_no_extrusion_0899.jpg,test/images/nozzle_no_extrusion_0907.jpg,0.885335,0.949800,1.000000,否
5,train/images/nozzle_no_extrusion_0899.jpg,train/images/nozzle_no_extrusion_0388.jpg,0.613713,0.796152,1.000000,否
5,train/images/nozzle_no_extrusion_0899.jpg,val/images/nozzle_no_extrusion_0152.jpg,0.655876,0.765605,1.000000,否
5,train/images/nozzle_no_extrusion_0899.jpg,train/images/nozzle_no_extrusion_0153.jpg,0.586967,0.717926,1.000000,否
5,train/images/nozzle_no_extrusion_0899.jpg,val/images/nozzle_no_extrusion_0157.jpg,0.641589,0.806786,1.000000,否
5,train/images/nozzle_no_extrusion_0899.jpg,train/images/nozzle_no_extrusion_0890.jpg,0.604623,0.844685,1.000000,否
5,train/images/nozzle_no_extrusion_0899.jpg,train/images/nozzle_no_extrusion_0902.jpg,0.565726,0.755379,1.000000,否
5,train/images/nozzle_no_extrusion_0899.jpg,train/images/nozzle_no_extrusion_0386.jpg,0.867287,0.871686,1.000000,否
5,train/images/nozzle_no_extrusion_0899.jpg,train/images/nozzle_no_extrusion_0895.jpg,0.642940,0.879360,1.000000,否
5,train/images/nozzle_no_extrusion_0899.jpg,train/images/nozzle_no_extrusion_0893.jpg,0.542697,0.706042,1.000000,否
5,train/images/nozzle_no_extrusion_0899.jpg,train/images/nozzle_no_extrusion_0906.jpg,0.652742,0.880957,1.000000,否
5,train/images/nozzle_no_extrusion_0894.jpg,val/images/nozzle_no_extrusion_0900.jpg,0.648115,0.865509,1.000000,否
5,train/images/nozzle_no_extrusion_0894.jpg,val/images/nozzle_no_extrusion_0908.jpg,0.543867,0.773496,1.000000,否
5,train/images/nozzle_no_extrusion_0894.jpg,train/images/nozzle_no_extrusion_0903.jpg,0.624319,0.769090,1.000000,否
5,train/images/nozzle_no_extrusion_0894.jpg,train/images/nozzle_no_extrusion_0898.jpg,0.538606,0.753460,1.000000,否
5,train/images/nozzle_no_extrusion_0894.jpg,train/images/nozzle_no_extrusion_0156.jpg,0.921933,0.896261,1.000000,否
5,train/images/nozzle_no_extrusion_0894.jpg,train/images/nozzle_no_extrusion_0154.jpg,0.639820,0.733127,1.000000,否
5,train/images/nozzle_no_extrusion_0894.jpg,train/images/nozzle_no_extrusion_0887.jpg,0.532071,0.743032,1.000000,否
5,train/images/nozzle_no_extrusion_0894.jpg,train/images/nozzle_no_extrusion_0905.jpg,0.974204,0.963725,1.000000,是
5,train/images/nozzle_no_extrusion_0894.jpg,train/images/nozzle_no_extrusion_0150.jpg,0.533804,0.692200,1.000000,否
5,train/images/nozzle_no_extrusion_0894.jpg,val/images/nozzle_no_extrusion_0901.jpg,0.794060,0.926155,1.000000,否
5,train/images/nozzle_no_extrusion_0894.jpg,train/images/nozzle_no_extrusion_0390.jpg,0.638889,0.794404,1.000000,否
5,train/images/nozzle_no_extrusion_0894.jpg,train/images/nozzle_no_extrusion_0389.jpg,0.677226,0.828257,1.000000,否
5,train/images/nozzle_no_extrusion_0894.jpg,train/images/nozzle_no_extrusion_0889.jpg,0.644350,0.865286,1.000000,否
5,train/images/nozzle_no_extrusion_0894.jpg,val/images/nozzle_no_extrusion_0904.jpg,0.658460,0.846222,1.000000,否
5,train/images/nozzle_no_extrusion_0894.jpg,train/images/nozzle_no_extrusion_0896.jpg,0.642269,0.878936,1.000000,否
5,train/images/nozzle_no_extrusion_0894.jpg,train/images/nozzle_no_extrusion_0387.jpg,0.615916,0.801789,1.000000,否
5,train/images/nozzle_no_extrusion_0894.jpg,train/images/nozzle_no_extrusion_0888.jpg,0.583402,0.819075,1.000000,否
5,train/images/nozzle_no_extrusion_0894.jpg,train/images/nozzle_no_extrusion_0891.jpg,0.681351,0.885575,1.000000,否
5,train/images/nozzle_no_extrusion_0894.jpg,train/images/nozzle_no_extrusion_0151.jpg,0.579537,0.770962,1.000000,否
5,train/images/nozzle_no_extrusion_0894.jpg,val/images/nozzle_no_extrusion_0155.jpg,0.658169,0.815534,1.000000,否
5,train/images/nozzle_no_extrusion_0894.jpg,train/images/nozzle_no_extrusion_0158.jpg,0.608189,0.797159,1.000000,否
5,train/images/nozzle_no_extrusion_0894.jpg,test/images/nozzle_no_extrusion_0159.jpg,0.561764,0.740204,1.000000,否
5,train/images/nozzle_no_extrusion_0894.jpg,train/images/nozzle_no_extrusion_0892.jpg,0.622761,0.766947,1.000000,否
5,train/images/nozzle_no_extrusion_0894.jpg,train/images/nozzle_no_extrusion_0897.jpg,0.588700,0.822332,1.000000,否
5,train/images/nozzle_no_extrusion_0894.jpg,test/images/nozzle_no_extrusion_0907.jpg,0.594875,0.844447,1.000000,否
5,train/images/nozzle_no_extrusion_0894.jpg,train/images/nozzle_no_extrusion_0388.jpg,0.671101,0.850952,1.000000,否
5,train/images/nozzle_no_extrusion_0894.jpg,val/images/nozzle_no_extrusion_0152.jpg,0.639787,0.815159,1.000000,否
5,train/images/nozzle_no_extrusion_0894.jpg,train/images/nozzle_no_extrusion_0153.jpg,0.763856,0.833021,1.000000,否
5,train/images/nozzle_no_extrusion_0894.jpg,val/images/nozzle_no_extrusion_0157.jpg,0.661236,0.836168,1.000000,否
5,train/images/nozzle_no_extrusion_0894.jpg,train/images/nozzle_no_extrusion_0890.jpg,0.793013,0.925973,1.000000,否
5,train/images/nozzle_no_extrusion_0894.jpg,train/images/nozzle_no_extrusion_0902.jpg,0.684735,0.887864,1.000000,否
5,train/images/nozzle_no_extrusion_0894.jpg,train/images/nozzle_no_extrusion_0386.jpg,0.569409,0.744951,1.000000,否
5,train/images/nozzle_no_extrusion_0894.jpg,train/images/nozzle_no_extrusion_0895.jpg,0.680552,0.884519,1.000000,否
5,train/images/nozzle_no_extrusion_0894.jpg,train/images/nozzle_no_extrusion_0893.jpg,0.646626,0.827796,1.000000,否
5,train/images/nozzle_no_extrusion_0894.jpg,train/images/nozzle_no_extrusion_0906.jpg,0.666572,0.884548,1.000000,否
5,val/images/nozzle_no_extrusion_0900.jpg,val/images/nozzle_no_extrusion_0908.jpg,0.610125,0.862636,1.000000,否
5,val/images/nozzle_no_extrusion_0900.jpg,train/images/nozzle_no_extrusion_0903.jpg,0.577817,0.703476,1.000000,否
5,val/images/nozzle_no_extrusion_0900.jpg,train/images/nozzle_no_extrusion_0898.jpg,0.602838,0.839661,1.000000,否
5,val/images/nozzle_no_extrusion_0900.jpg,train/images/nozzle_no_extrusion_0156.jpg,0.644402,0.814148,1.000000,否
5,val/images/nozzle_no_extrusion_0900.jpg,train/images/nozzle_no_extrusion_0154.jpg,0.590005,0.677788,1.000000,否
5,val/images/nozzle_no_extrusion_0900.jpg,train/images/nozzle_no_extrusion_0887.jpg,0.594232,0.824337,1.000000,否
5,val/images/nozzle_no_extrusion_0900.jpg,train/images/nozzle_no_extrusion_0905.jpg,0.642154,0.862143,1.000000,否
5,val/images/nozzle_no_extrusion_0900.jpg,train/images/nozzle_no_extrusion_0150.jpg,0.585004,0.746557,1.000000,否
5,val/images/nozzle_no_extrusion_0900.jpg,val/images/nozzle_no_extrusion_0901.jpg,0.685618,0.885622,1.000000,否
5,val/images/nozzle_no_extrusion_0900.jpg,train/images/nozzle_no_extrusion_0390.jpg,0.589492,0.734534,1.000000,否
5,val/images/nozzle_no_extrusion_0900.jpg,train/images/nozzle_no_extrusion_0389.jpg,0.605373,0.760670,1.000000,否
5,val/images/nozzle_no_extrusion_0900.jpg,train/images/nozzle_no_extrusion_0889.jpg,0.994873,0.971992,1.000000,是
5,val/images/nozzle_no_extrusion_0900.jpg,val/images/nozzle_no_extrusion_0904.jpg,0.585434,0.778697,1.000000,否
5,val/images/nozzle_no_extrusion_0900.jpg,train/images/nozzle_no_extrusion_0896.jpg,0.963218,0.965641,1.000000,是
5,val/images/nozzle_no_extrusion_0900.jpg,train/images/nozzle_no_extrusion_0387.jpg,0.846157,0.888570,1.000000,否
5,val/images/nozzle_no_extrusion_0900.jpg,train/images/nozzle_no_extrusion_0888.jpg,0.678028,0.908142,1.000000,否
5,val/images/nozzle_no_extrusion_0900.jpg,train/images/nozzle_no_extrusion_0891.jpg,0.608122,0.819469,1.000000,否
5,val/images/nozzle_no_extrusion_0900.jpg,train/images/nozzle_no_extrusion_0151.jpg,0.656576,0.813354,1.000000,否
5,val/images/nozzle_no_extrusion_0900.jpg,val/images/nozzle_no_extrusion_0155.jpg,0.582482,0.746674,1.000000,否
5,val/images/nozzle_no_extrusion_0900.jpg,train/images/nozzle_no_extrusion_0158.jpg,0.711956,0.867340,1.000000,否
5,val/images/nozzle_no_extrusion_0900.jpg,test/images/nozzle_no_extrusion_0159.jpg,0.625990,0.807799,1.000000,否
5,val/images/nozzle_no_extrusion_0900.jpg,train/images/nozzle_no_extrusion_0892.jpg,0.576414,0.701856,1.000000,否
5,val/images/nozzle_no_extrusion_0900.jpg,train/images/nozzle_no_extrusion_0897.jpg,0.669670,0.907212,1.000000,否
5,val/images/nozzle_no_extrusion_0900.jpg,test/images/nozzle_no_extrusion_0907.jpg,0.703390,0.931772,1.000000,否
5,val/images/nozzle_no_extrusion_0900.jpg,train/images/nozzle_no_extrusion_0388.jpg,0.685097,0.842662,1.000000,否
5,val/images/nozzle_no_extrusion_0900.jpg,val/images/nozzle_no_extrusion_0152.jpg,0.740451,0.823335,1.000000,否
5,val/images/nozzle_no_extrusion_0900.jpg,train/images/nozzle_no_extrusion_0153.jpg,0.634497,0.758946,1.000000,否
5,val/images/nozzle_no_extrusion_0900.jpg,val/images/nozzle_no_extrusion_0157.jpg,0.770712,0.866421,1.000000,否
5,val/images/nozzle_no_extrusion_0900.jpg,train/images/nozzle_no_extrusion_0890.jpg,0.684192,0.889966,1.000000,否
5,val/images/nozzle_no_extrusion_0900.jpg,train/images/nozzle_no_extrusion_0902.jpg,0.608873,0.816750,1.000000,否
5,val/images/nozzle_no_extrusion_0900.jpg,train/images/nozzle_no_extrusion_0386.jpg,0.648700,0.824304,1.000000,否
5,val/images/nozzle_no_extrusion_0900.jpg,train/images/nozzle_no_extrusion_0895.jpg,0.813374,0.940937,1.000000,否
5,val/images/nozzle_no_extrusion_0900.jpg,train/images/nozzle_no_extrusion_0893.jpg,0.584861,0.757633,1.000000,否
5,val/images/nozzle_no_extrusion_0900.jpg,train/images/nozzle_no_extrusion_0906.jpg,0.876759,0.952954,1.000000,否
5,val/images/nozzle_no_extrusion_0908.jpg,train/images/nozzle_no_extrusion_0903.jpg,0.527950,0.650440,1.000000,否
5,val/images/nozzle_no_extrusion_0908.jpg,train/images/nozzle_no_extrusion_0898.jpg,0.892897,0.956453,1.000000,否
5,val/images/nozzle_no_extrusion_0908.jpg,train/images/nozzle_no_extrusion_0156.jpg,0.538674,0.728180,1.000000,否
5,val/images/nozzle_no_extrusion_0908.jpg,train/images/nozzle_no_extrusion_0154.jpg,0.524118,0.637159,1.000000,否
5,val/images/nozzle_no_extrusion_0908.jpg,train/images/nozzle_no_extrusion_0887.jpg,0.902005,0.944876,1.000000,否
5,val/images/nozzle_no_extrusion_0908.jpg,train/images/nozzle_no_extrusion_0905.jpg,0.541574,0.768059,1.000000,否
5,val/images/nozzle_no_extrusion_0908.jpg,train/images/nozzle_no_extrusion_0150.jpg,0.827265,0.774835,1.000000,否
5,val/images/nozzle_no_extrusion_0908.jpg,val/images/nozzle_no_extrusion_0901.jpg,0.567105,0.788603,1.000000,否
5,val/images/nozzle_no_extrusion_0908.jpg,train/images/nozzle_no_extrusion_0390.jpg,0.525210,0.676413,1.000000,否
5,val/images/nozzle_no_extrusion_0908.jpg,train/images/nozzle_no_extrusion_0389.jpg,0.528389,0.688342,1.000000,否
5,val/images/nozzle_no_extrusion_0908.jpg,train/images/nozzle_no_extrusion_0889.jpg,0.610542,0.865672,1.000000,否
5,val/images/nozzle_no_extrusion_0908.jpg,val/images/nozzle_no_extrusion_0904.jpg,0.532218,0.698196,1.000000,否
5,val/images/nozzle_no_extrusion_0908.jpg,train/images/nozzle_no_extrusion_0896.jpg,0.611197,0.856870,1.000000,否
5,val/images/nozzle_no_extrusion_0908.jpg,train/images/nozzle_no_extrusion_0387.jpg,0.622336,0.800647,1.000000,否
5,val/images/nozzle_no_extrusion_0908.jpg,train/images/nozzle_no_extrusion_0888.jpg,0.695535,0.934940,1.000000,否
5,val/images/nozzle_no_extrusion_0908.jpg,train/images/nozzle_no_extrusion_0891.jpg,0.539158,0.733124,1.000000,否
5,val/images/nozzle_no_extrusion_0908.jpg,train/images/nozzle_no_extrusion_0151.jpg,0.699567,0.765082,1.000000,否
5,val/images/nozzle_no_extrusion_0908.jpg,val/images/nozzle_no_extrusion_0155.jpg,0.523175,0.677361,1.000000,否
5,val/images/nozzle_no_extrusion_0908.jpg,train/images/nozzle_no_extrusion_0158.jpg,0.644166,0.808824,1.000000,否
5,val/images/nozzle_no_extrusion_0908.jpg,test/images/nozzle_no_extrusion_0159.jpg,0.835540,0.842748,1.000000,否
5,val/images/nozzle_no_extrusion_0908.jpg,train/images/nozzle_no_extrusion_0892.jpg,0.525969,0.649498,1.000000,否
5,val/images/nozzle_no_extrusion_0908.jpg,train/images/nozzle_no_extrusion_0897.jpg,0.709988,0.939629,1.000000,否
5,val/images/nozzle_no_extrusion_0908.jpg,test/images/nozzle_no_extrusion_0907.jpg,0.669513,0.911155,1.000000,否
5,val/images/nozzle_no_extrusion_0908.jpg,train/images/nozzle_no_extrusion_0388.jpg,0.574425,0.756132,1.000000,否
5,val/images/nozzle_no_extrusion_0908.jpg,val/images/nozzle_no_extrusion_0152.jpg,0.606329,0.726600,1.000000,否
5,val/images/nozzle_no_extrusion_0908.jpg,train/images/nozzle_no_extrusion_0153.jpg,0.538381,0.684670,1.000000,否
5,val/images/nozzle_no_extrusion_0908.jpg,val/images/nozzle_no_extrusion_0157.jpg,0.586838,0.768956,1.000000,否
5,val/images/nozzle_no_extrusion_0908.jpg,train/images/nozzle_no_extrusion_0890.jpg,0.567604,0.795699,1.000000,否
5,val/images/nozzle_no_extrusion_0908.jpg,train/images/nozzle_no_extrusion_0902.jpg,0.538911,0.730577,1.000000,否
5,val/images/nozzle_no_extrusion_0908.jpg,train/images/nozzle_no_extrusion_0386.jpg,0.714071,0.851892,1.000000,否
5,val/images/nozzle_no_extrusion_0908.jpg,train/images/nozzle_no_extrusion_0895.jpg,0.589902,0.832900,1.000000,否
5,val/images/nozzle_no_extrusion_0908.jpg,train/images/nozzle_no_extrusion_0893.jpg,0.529467,0.686041,1.000000,否
5,val/images/nozzle_no_extrusion_0908.jpg,train/images/nozzle_no_extrusion_0906.jpg,0.597406,0.839245,1.000000,否
5,train/images/nozzle_no_extrusion_0903.jpg,train/images/nozzle_no_extrusion_0898.jpg,0.522378,0.628461,1.000000,否
5,train/images/nozzle_no_extrusion_0903.jpg,train/images/nozzle_no_extrusion_0156.jpg,0.613952,0.733065,1.000000,否
5,train/images/nozzle_no_extrusion_0903.jpg,train/images/nozzle_no_extrusion_0154.jpg,0.796475,0.805670,1.000000,否
5,train/images/nozzle_no_extrusion_0903.jpg,train/images/nozzle_no_extrusion_0887.jpg,0.517801,0.614747,1.000000,否
5,train/images/nozzle_no_extrusion_0903.jpg,train/images/nozzle_no_extrusion_0905.jpg,0.630966,0.770773,1.000000,否
5,train/images/nozzle_no_extrusion_0903.jpg,train/images/nozzle_no_extrusion_0150.jpg,0.497509,0.582779,1.000000,否
5,train/images/nozzle_no_extrusion_0903.jpg,val/images/nozzle_no_extrusion_0901.jpg,0.601897,0.770316,1.000000,否
5,train/images/nozzle_no_extrusion_0903.jpg,train/images/nozzle_no_extrusion_0390.jpg,0.820460,0.856283,1.000000,否
5,train/images/nozzle_no_extrusion_0903.jpg,train/images/nozzle_no_extrusion_0389.jpg,0.653225,0.783010,1.000000,否
5,train/images/nozzle_no_extrusion_0903.jpg,train/images/nozzle_no_extrusion_0889.jpg,0.578169,0.704923,1.000000,否
5,train/images/nozzle_no_extrusion_0903.jpg,val/images/nozzle_no_extrusion_0904.jpg,0.684564,0.808654,1.000000,否
5,train/images/nozzle_no_extrusion_0903.jpg,train/images/nozzle_no_extrusion_0896.jpg,0.573504,0.712558,1.000000,否
5,train/images/nozzle_no_extrusion_0903.jpg,train/images/nozzle_no_extrusion_0387.jpg,0.550823,0.672571,1.000000,否
5,train/images/nozzle_no_extrusion_0903.jpg,train/images/nozzle_no_extrusion_0888.jpg,0.540096,0.668871,1.000000,否
5,train/images/nozzle_no_extrusion_0903.jpg,train/images/nozzle_no_extrusion_0891.jpg,0.669149,0.812348,1.000000,否
5,train/images/nozzle_no_extrusion_0903.jpg,train/images/nozzle_no_extrusion_0151.jpg,0.535872,0.646612,1.000000,否
5,train/images/nozzle_no_extrusion_0903.jpg,val/images/nozzle_no_extrusion_0155.jpg,0.664038,0.774407,1.000000,否
5,train/images/nozzle_no_extrusion_0903.jpg,train/images/nozzle_no_extrusion_0158.jpg,0.551886,0.654266,1.000000,否
5,train/images/nozzle_no_extrusion_0903.jpg,test/images/nozzle_no_extrusion_0159.jpg,0.526870,0.630100,1.000000,否
5,train/images/nozzle_no_extrusion_0903.jpg,train/images/nozzle_no_extrusion_0892.jpg,0.995528,0.972650,1.000000,是
5,train/images/nozzle_no_extrusion_0903.jpg,train/images/nozzle_no_extrusion_0897.jpg,0.540570,0.672326,1.000000,否
5,train/images/nozzle_no_extrusion_0903.jpg,test/images/nozzle_no_extrusion_0907.jpg,0.548132,0.677170,1.000000,否
5,train/images/nozzle_no_extrusion_0903.jpg,train/images/nozzle_no_extrusion_0388.jpg,0.582932,0.738145,1.000000,否
5,train/images/nozzle_no_extrusion_0903.jpg,val/images/nozzle_no_extrusion_0152.jpg,0.577097,0.700116,1.000000,否
5,train/images/nozzle_no_extrusion_0903.jpg,train/images/nozzle_no_extrusion_0153.jpg,0.623933,0.740293,1.000000,否
5,train/images/nozzle_no_extrusion_0903.jpg,val/images/nozzle_no_extrusion_0157.jpg,0.588416,0.709192,1.000000,否
5,train/images/nozzle_no_extrusion_0903.jpg,train/images/nozzle_no_extrusion_0890.jpg,0.601488,0.765367,1.000000,否
5,train/images/nozzle_no_extrusion_0903.jpg,train/images/nozzle_no_extrusion_0902.jpg,0.667626,0.814632,1.000000,否
5,train/images/nozzle_no_extrusion_0903.jpg,train/images/nozzle_no_extrusion_0386.jpg,0.533892,0.643112,1.000000,否
5,train/images/nozzle_no_extrusion_0903.jpg,train/images/nozzle_no_extrusion_0895.jpg,0.598446,0.717453,1.000000,否
5,train/images/nozzle_no_extrusion_0903.jpg,train/images/nozzle_no_extrusion_0893.jpg,0.733169,0.828562,1.000000,否
5,train/images/nozzle_no_extrusion_0903.jpg,train/images/nozzle_no_extrusion_0906.jpg,0.592793,0.730575,1.000000,否
5,train/images/nozzle_no_extrusion_0898.jpg,train/images/nozzle_no_extrusion_0156.jpg,0.532665,0.713569,1.000000,否
5,train/images/nozzle_no_extrusion_0898.jpg,train/images/nozzle_no_extrusion_0154.jpg,0.521105,0.622796,1.000000,否
5,train/images/nozzle_no_extrusion_0898.jpg,train/images/nozzle_no_extrusion_0887.jpg,0.974554,0.958134,1.000000,是
5,train/images/nozzle_no_extrusion_0898.jpg,train/images/nozzle_no_extrusion_0905.jpg,0.538397,0.743812,1.000000,否
5,train/images/nozzle_no_extrusion_0898.jpg,train/images/nozzle_no_extrusion_0150.jpg,0.795440,0.778497,1.000000,否
5,train/images/nozzle_no_extrusion_0898.jpg,val/images/nozzle_no_extrusion_0901.jpg,0.551494,0.768396,1.000000,否
5,train/images/nozzle_no_extrusion_0898.jpg,train/images/nozzle_no_extrusion_0390.jpg,0.521981,0.660619,1.000000,否
5,train/images/nozzle_no_extrusion_0898.jpg,train/images/nozzle_no_extrusion_0389.jpg,0.525696,0.675998,1.000000,否
5,train/images/nozzle_no_extrusion_0898.jpg,train/images/nozzle_no_extrusion_0889.jpg,0.603365,0.841522,1.000000,否
5,train/images/nozzle_no_extrusion_0898.jpg,val/images/nozzle_no_extrusion_0904.jpg,0.521409,0.673838,1.000000,否
5,train/images/nozzle_no_extrusion_0898.jpg,train/images/nozzle_no_extrusion_0896.jpg,0.601561,0.831171,1.000000,否
5,train/images/nozzle_no_extrusion_0898.jpg,train/images/nozzle_no_extrusion_0387.jpg,0.606531,0.784132,1.000000,否
5,train/images/nozzle_no_extrusion_0898.jpg,train/images/nozzle_no_extrusion_0888.jpg,0.679022,0.910458,1.000000,否
5,train/images/nozzle_no_extrusion_0898.jpg,train/images/nozzle_no_extrusion_0891.jpg,0.536092,0.716477,1.000000,否
5,train/images/nozzle_no_extrusion_0898.jpg,train/images/nozzle_no_extrusion_0151.jpg,0.677441,0.747789,1.000000,否
5,train/images/nozzle_no_extrusion_0898.jpg,val/images/nozzle_no_extrusion_0155.jpg,0.517054,0.660986,1.000000,否
5,train/images/nozzle_no_extrusion_0898.jpg,train/images/nozzle_no_extrusion_0158.jpg,0.625511,0.790004,1.000000,否
5,train/images/nozzle_no_extrusion_0898.jpg,test/images/nozzle_no_extrusion_0159.jpg,0.750269,0.831688,1.000000,否
5,train/images/nozzle_no_extrusion_0898.jpg,train/images/nozzle_no_extrusion_0892.jpg,0.520225,0.626773,1.000000,否
5,train/images/nozzle_no_extrusion_0898.jpg,train/images/nozzle_no_extrusion_0897.jpg,0.687669,0.915180,1.000000,否
5,train/images/nozzle_no_extrusion_0898.jpg,test/images/nozzle_no_extrusion_0907.jpg,0.653937,0.881164,1.000000,否
5,train/images/nozzle_no_extrusion_0898.jpg,train/images/nozzle_no_extrusion_0388.jpg,0.556470,0.743089,1.000000,否
5,train/images/nozzle_no_extrusion_0898.jpg,val/images/nozzle_no_extrusion_0152.jpg,0.592108,0.715182,1.000000,否
5,train/images/nozzle_no_extrusion_0898.jpg,train/images/nozzle_no_extrusion_0153.jpg,0.533577,0.675541,1.000000,否
5,train/images/nozzle_no_extrusion_0898.jpg,val/images/nozzle_no_extrusion_0157.jpg,0.581921,0.754399,1.000000,否
5,train/images/nozzle_no_extrusion_0898.jpg,train/images/nozzle_no_extrusion_0890.jpg,0.552144,0.777804,1.000000,否
5,train/images/nozzle_no_extrusion_0898.jpg,train/images/nozzle_no_extrusion_0902.jpg,0.536032,0.712098,1.000000,否
5,train/images/nozzle_no_extrusion_0898.jpg,train/images/nozzle_no_extrusion_0386.jpg,0.693066,0.838262,1.000000,否
5,train/images/nozzle_no_extrusion_0898.jpg,train/images/nozzle_no_extrusion_0895.jpg,0.584694,0.811044,1.000000,否
5,train/images/nozzle_no_extrusion_0898.jpg,train/images/nozzle_no_extrusion_0893.jpg,0.518811,0.662444,1.000000,否
5,train/images/nozzle_no_extrusion_0898.jpg,train/images/nozzle_no_extrusion_0906.jpg,0.592377,0.810705,1.000000,否
5,train/images/nozzle_no_extrusion_0156.jpg,train/images/nozzle_no_extrusion_0154.jpg,0.651555,0.808810,1.000000,否
5,train/images/nozzle_no_extrusion_0156.jpg,train/images/nozzle_no_extrusion_0887.jpg,0.526146,0.711460,1.000000,否
5,train/images/nozzle_no_extrusion_0156.jpg,train/images/nozzle_no_extrusion_0905.jpg,0.905127,0.890359,1.000000,否
5,train/images/nozzle_no_extrusion_0156.jpg,train/images/nozzle_no_extrusion_0150.jpg,0.543442,0.778385,1.000000,否
5,train/images/nozzle_no_extrusion_0156.jpg,val/images/nozzle_no_extrusion_0901.jpg,0.760058,0.866821,1.000000,否
5,train/images/nozzle_no_extrusion_0156.jpg,train/images/nozzle_no_extrusion_0390.jpg,0.640706,0.836626,1.000000,否
5,train/images/nozzle_no_extrusion_0156.jpg,train/images/nozzle_no_extrusion_0389.jpg,0.677512,0.863448,1.000000,否
5,train/images/nozzle_no_extrusion_0156.jpg,train/images/nozzle_no_extrusion_0889.jpg,0.640446,0.813258,1.000000,否
5,train/images/nozzle_no_extrusion_0156.jpg,val/images/nozzle_no_extrusion_0904.jpg,0.649958,0.797499,1.000000,否
5,train/images/nozzle_no_extrusion_0156.jpg,train/images/nozzle_no_extrusion_0896.jpg,0.636338,0.823068,1.000000,否
5,train/images/nozzle_no_extrusion_0156.jpg,train/images/nozzle_no_extrusion_0387.jpg,0.621663,0.855118,1.000000,否
5,train/images/nozzle_no_extrusion_0156.jpg,train/images/nozzle_no_extrusion_0888.jpg,0.580694,0.777647,1.000000,否
5,train/images/nozzle_no_extrusion_0156.jpg,train/images/nozzle_no_extrusion_0891.jpg,0.672415,0.830254,1.000000,否
5,train/images/nozzle_no_extrusion_0156.jpg,train/images/nozzle_no_extrusion_0151.jpg,0.594046,0.863072,1.000000,否
5,train/images/nozzle_no_extrusion_0156.jpg,val/images/nozzle_no_extrusion_0155.jpg,0.671978,0.881267,1.000000,否
5,train/images/nozzle_no_extrusion_0156.jpg,train/images/nozzle_no_extrusion_0158.jpg,0.622151,0.872986,1.000000,否
5,train/images/nozzle_no_extrusion_0156.jpg,test/images/nozzle_no_extrusion_0159.jpg,0.572825,0.816989,1.000000,否
5,train/images/nozzle_no_extrusion_0156.jpg,train/images/nozzle_no_extrusion_0892.jpg,0.612363,0.726261,1.000000,否
5,train/images/nozzle_no_extrusion_0156.jpg,train/images/nozzle_no_extrusion_0897.jpg,0.585739,0.775146,1.000000,否
5,train/images/nozzle_no_extrusion_0156.jpg,test/images/nozzle_no_extrusion_0907.jpg,0.590527,0.794275,1.000000,否
5,train/images/nozzle_no_extrusion_0156.jpg,train/images/nozzle_no_extrusion_0388.jpg,0.681458,0.898159,1.000000,否
5,train/images/nozzle_no_extrusion_0156.jpg,val/images/nozzle_no_extrusion_0152.jpg,0.655756,0.907321,1.000000,否
5,train/images/nozzle_no_extrusion_0156.jpg,train/images/nozzle_no_extrusion_0153.jpg,0.794763,0.918636,1.000000,否
5,train/images/nozzle_no_extrusion_0156.jpg,val/images/nozzle_no_extrusion_0157.jpg,0.679065,0.914360,1.000000,否
5,train/images/nozzle_no_extrusion_0156.jpg,train/images/nozzle_no_extrusion_0890.jpg,0.761531,0.868627,1.000000,否
5,train/images/nozzle_no_extrusion_0156.jpg,train/images/nozzle_no_extrusion_0902.jpg,0.674957,0.833993,1.000000,否
5,train/images/nozzle_no_extrusion_0156.jpg,train/images/nozzle_no_extrusion_0386.jpg,0.576014,0.794187,1.000000,否
5,train/images/nozzle_no_extrusion_0156.jpg,train/images/nozzle_no_extrusion_0895.jpg,0.677989,0.831552,1.000000,否
5,train/images/nozzle_no_extrusion_0156.jpg,train/images/nozzle_no_extrusion_0893.jpg,0.638444,0.783004,1.000000,否
5,train/images/nozzle_no_extrusion_0156.jpg,train/images/nozzle_no_extrusion_0906.jpg,0.662327,0.832451,1.000000,否
5,train/images/nozzle_no_extrusion_0154.jpg,train/images/nozzle_no_extrusion_0887.jpg,0.515696,0.616158,1.000000,否
5,train/images/nozzle_no_extrusion_0154.jpg,train/images/nozzle_no_extrusion_0905.jpg,0.646707,0.727671,1.000000,否
5,train/images/nozzle_no_extrusion_0154.jpg,train/images/nozzle_no_extrusion_0150.jpg,0.519347,0.690793,1.000000,否
5,train/images/nozzle_no_extrusion_0154.jpg,val/images/nozzle_no_extrusion_0901.jpg,0.615547,0.733063,1.000000,否
5,train/images/nozzle_no_extrusion_0154.jpg,train/images/nozzle_no_extrusion_0390.jpg,0.904004,0.916133,1.000000,否
5,train/images/nozzle_no_extrusion_0154.jpg,train/images/nozzle_no_extrusion_0389.jpg,0.685718,0.833497,1.000000,否
5,train/images/nozzle_no_extrusion_0154.jpg,train/images/nozzle_no_extrusion_0889.jpg,0.589310,0.677712,1.000000,否
5,train/images/nozzle_no_extrusion_0154.jpg,val/images/nozzle_no_extrusion_0904.jpg,0.751323,0.791771,1.000000,否
5,train/images/nozzle_no_extrusion_0154.jpg,train/images/nozzle_no_extrusion_0896.jpg,0.586735,0.682659,1.000000,否
5,train/images/nozzle_no_extrusion_0154.jpg,train/images/nozzle_no_extrusion_0387.jpg,0.575771,0.727927,1.000000,否
5,train/images/nozzle_no_extrusion_0154.jpg,train/images/nozzle_no_extrusion_0888.jpg,0.534997,0.650936,1.000000,否
5,train/images/nozzle_no_extrusion_0154.jpg,train/images/nozzle_no_extrusion_0891.jpg,0.684839,0.766281,1.000000,否
5,train/images/nozzle_no_extrusion_0154.jpg,train/images/nozzle_no_extrusion_0151.jpg,0.547283,0.757841,1.000000,否
5,train/images/nozzle_no_extrusion_0154.jpg,val/images/nozzle_no_extrusion_0155.jpg,0.746679,0.865574,1.000000,否
5,train/images/nozzle_no_extrusion_0154.jpg,train/images/nozzle_no_extrusion_0158.jpg,0.568279,0.734762,1.000000,否
5,train/images/nozzle_no_extrusion_0154.jpg,test/images/nozzle_no_extrusion_0159.jpg,0.545647,0.709620,1.000000,否
5,train/images/nozzle_no_extrusion_0154.jpg,train/images/nozzle_no_extrusion_0892.jpg,0.801852,0.799635,1.000000,否
5,train/images/nozzle_no_extrusion_0154.jpg,train/images/nozzle_no_extrusion_0897.jpg,0.533091,0.649028,1.000000,否
5,train/images/nozzle_no_extrusion_0154.jpg,test/images/nozzle_no_extrusion_0907.jpg,0.549126,0.652520,1.000000,否
5,train/images/nozzle_no_extrusion_0154.jpg,train/images/nozzle_no_extrusion_0388.jpg,0.603450,0.793913,1.000000,否
5,train/images/nozzle_no_extrusion_0154.jpg,val/images/nozzle_no_extrusion_0152.jpg,0.593635,0.816129,1.000000,否
5,train/images/nozzle_no_extrusion_0154.jpg,train/images/nozzle_no_extrusion_0153.jpg,0.664637,0.857281,1.000000,否
5,train/images/nozzle_no_extrusion_0154.jpg,val/images/nozzle_no_extrusion_0157.jpg,0.605117,0.782826,1.000000,否
5,train/images/nozzle_no_extrusion_0154.jpg,train/images/nozzle_no_extrusion_0890.jpg,0.616265,0.737620,1.000000,否
5,train/images/nozzle_no_extrusion_0154.jpg,train/images/nozzle_no_extrusion_0902.jpg,0.682428,0.772325,1.000000,否
5,train/images/nozzle_no_extrusion_0154.jpg,train/images/nozzle_no_extrusion_0386.jpg,0.535253,0.693098,1.000000,否
5,train/images/nozzle_no_extrusion_0154.jpg,train/images/nozzle_no_extrusion_0895.jpg,0.597709,0.683049,1.000000,否
5,train/images/nozzle_no_extrusion_0154.jpg,train/images/nozzle_no_extrusion_0893.jpg,0.815160,0.814523,1.000000,否
5,train/images/nozzle_no_extrusion_0154.jpg,train/images/nozzle_no_extrusion_0906.jpg,0.597319,0.697633,1.000000,否
5,train/images/nozzle_no_extrusion_0887.jpg,train/images/nozzle_no_extrusion_0905.jpg,0.532859,0.734883,1.000000,否
5,train/images/nozzle_no_extrusion_0887.jpg,train/images/nozzle_no_extrusion_0150.jpg,0.795088,0.776830,1.000000,否
5,train/images/nozzle_no_extrusion_0887.jpg,val/images/nozzle_no_extrusion_0901.jpg,0.546695,0.753877,1.000000,否
5,train/images/nozzle_no_extrusion_0887.jpg,train/images/nozzle_no_extrusion_0390.jpg,0.516514,0.649426,1.000000,否
5,train/images/nozzle_no_extrusion_0887.jpg,train/images/nozzle_no_extrusion_0389.jpg,0.519949,0.670729,1.000000,否
5,train/images/nozzle_no_extrusion_0887.jpg,train/images/nozzle_no_extrusion_0889.jpg,0.595251,0.829878,1.000000,否
5,train/images/nozzle_no_extrusion_0887.jpg,val/images/nozzle_no_extrusion_0904.jpg,0.519169,0.663211,1.000000,否
5,train/images/nozzle_no_extrusion_0887.jpg,train/images/nozzle_no_extrusion_0896.jpg,0.594107,0.810670,1.000000,否
5,train/images/nozzle_no_extrusion_0887.jpg,train/images/nozzle_no_extrusion_0387.jpg,0.600980,0.777015,1.000000,否
5,train/images/nozzle_no_extrusion_0887.jpg,train/images/nozzle_no_extrusion_0888.jpg,0.670191,0.906669,1.000000,否
5,train/images/nozzle_no_extrusion_0887.jpg,train/images/nozzle_no_extrusion_0891.jpg,0.531129,0.706621,1.000000,否
5,train/images/nozzle_no_extrusion_0887.jpg,train/images/nozzle_no_extrusion_0151.jpg,0.672712,0.746193,1.000000,否
5,train/images/nozzle_no_extrusion_0887.jpg,val/images/nozzle_no_extrusion_0155.jpg,0.514495,0.652412,1.000000,否
5,train/images/nozzle_no_extrusion_0887.jpg,train/images/nozzle_no_extrusion_0158.jpg,0.621159,0.784664,1.000000,否
5,train/images/nozzle_no_extrusion_0887.jpg,test/images/nozzle_no_extrusion_0159.jpg,0.750788,0.825489,1.000000,否
5,train/images/nozzle_no_extrusion_0887.jpg,train/images/nozzle_no_extrusion_0892.jpg,0.515850,0.614107,1.000000,否
5,train/images/nozzle_no_extrusion_0887.jpg,train/images/nozzle_no_extrusion_0897.jpg,0.681088,0.896134,1.000000,否
5,train/images/nozzle_no_extrusion_0887.jpg,test/images/nozzle_no_extrusion_0907.jpg,0.644999,0.866285,1.000000,否
5,train/images/nozzle_no_extrusion_0887.jpg,train/images/nozzle_no_extrusion_0388.jpg,0.556006,0.732734,1.000000,否
5,train/images/nozzle_no_extrusion_0887.jpg,val/images/nozzle_no_extrusion_0152.jpg,0.587425,0.711178,1.000000,否
5,train/images/nozzle_no_extrusion_0887.jpg,train/images/nozzle_no_extrusion_0153.jpg,0.527378,0.671145,1.000000,否
5,train/images/nozzle_no_extrusion_0887.jpg,val/images/nozzle_no_extrusion_0157.jpg,0.572652,0.747988,1.000000,否
5,train/images/nozzle_no_extrusion_0887.jpg,train/images/nozzle_no_extrusion_0890.jpg,0.547930,0.763712,1.000000,否
5,train/images/nozzle_no_extrusion_0887.jpg,train/images/nozzle_no_extrusion_0902.jpg,0.530954,0.701100,1.000000,否
5,train/images/nozzle_no_extrusion_0887.jpg,train/images/nozzle_no_extrusion_0386.jpg,0.688110,0.832025,1.000000,否
5,train/images/nozzle_no_extrusion_0887.jpg,train/images/nozzle_no_extrusion_0895.jpg,0.574648,0.798189,1.000000,否
5,train/images/nozzle_no_extrusion_0887.jpg,train/images/nozzle_no_extrusion_0893.jpg,0.515412,0.650130,1.000000,否
5,train/images/nozzle_no_extrusion_0887.jpg,train/images/nozzle_no_extrusion_0906.jpg,0.582868,0.795178,1.000000,否
5,train/images/nozzle_no_extrusion_0905.jpg,train/images/nozzle_no_extrusion_0150.jpg,0.528229,0.683028,1.000000,否
5,train/images/nozzle_no_extrusion_0905.jpg,val/images/nozzle_no_extrusion_0901.jpg,0.739183,0.911980,1.000000,否
5,train/images/nozzle_no_extrusion_0905.jpg,train/images/nozzle_no_extrusion_0390.jpg,0.645859,0.793080,1.000000,否
5,train/images/nozzle_no_extrusion_0905.jpg,train/images/nozzle_no_extrusion_0389.jpg,0.698298,0.821087,1.000000,否
5,train/images/nozzle_no_extrusion_0905.jpg,train/images/nozzle_no_extrusion_0889.jpg,0.638879,0.863954,1.000000,否
5,train/images/nozzle_no_extrusion_0905.jpg,val/images/nozzle_no_extrusion_0904.jpg,0.667531,0.849127,1.000000,否
5,train/images/nozzle_no_extrusion_0905.jpg,train/images/nozzle_no_extrusion_0896.jpg,0.635615,0.876429,1.000000,否
5,train/images/nozzle_no_extrusion_0905.jpg,train/images/nozzle_no_extrusion_0387.jpg,0.608820,0.795004,1.000000,否
5,train/images/nozzle_no_extrusion_0905.jpg,train/images/nozzle_no_extrusion_0888.jpg,0.581750,0.810095,1.000000,否
5,train/images/nozzle_no_extrusion_0905.jpg,train/images/nozzle_no_extrusion_0891.jpg,0.692143,0.881726,1.000000,否
5,train/images/nozzle_no_extrusion_0905.jpg,train/images/nozzle_no_extrusion_0151.jpg,0.573502,0.759493,1.000000,否
5,train/images/nozzle_no_extrusion_0905.jpg,val/images/nozzle_no_extrusion_0155.jpg,0.667584,0.816614,1.000000,否
5,train/images/nozzle_no_extrusion_0905.jpg,train/images/nozzle_no_extrusion_0158.jpg,0.601936,0.788489,1.000000,否
5,train/images/nozzle_no_extrusion_0905.jpg,test/images/nozzle_no_extrusion_0159.jpg,0.554871,0.732038,1.000000,否
5,train/images/nozzle_no_extrusion_0905.jpg,train/images/nozzle_no_extrusion_0892.jpg,0.629475,0.768799,1.000000,否
5,train/images/nozzle_no_extrusion_0905.jpg,train/images/nozzle_no_extrusion_0897.jpg,0.587293,0.812652,1.000000,否
5,train/images/nozzle_no_extrusion_0905.jpg,test/images/nozzle_no_extrusion_0907.jpg,0.590825,0.837560,1.000000,否
5,train/images/nozzle_no_extrusion_0905.jpg,train/images/nozzle_no_extrusion_0388.jpg,0.663105,0.842237,1.000000,否
5,train/images/nozzle_no_extrusion_0905.jpg,val/images/nozzle_no_extrusion_0152.jpg,0.639444,0.810630,1.000000,否
5,train/images/nozzle_no_extrusion_0905.jpg,train/images/nozzle_no_extrusion_0153.jpg,0.799842,0.837754,1.000000,否
5,train/images/nozzle_no_extrusion_0905.jpg,val/images/nozzle_no_extrusion_0157.jpg,0.653412,0.831935,1.000000,否
5,train/images/nozzle_no_extrusion_0905.jpg,train/images/nozzle_no_extrusion_0890.jpg,0.737719,0.910622,1.000000,否
5,train/images/nozzle_no_extrusion_0905.jpg,train/images/nozzle_no_extrusion_0902.jpg,0.695917,0.885471,1.000000,否
5,train/images/nozzle_no_extrusion_0905.jpg,train/images/nozzle_no_extrusion_0386.jpg,0.567547,0.734017,1.000000,否
5,train/images/nozzle_no_extrusion_0905.jpg,train/images/nozzle_no_extrusion_0895.jpg,0.671382,0.878915,1.000000,否
5,train/images/nozzle_no_extrusion_0905.jpg,train/images/nozzle_no_extrusion_0893.jpg,0.654872,0.829373,1.000000,否
5,train/images/nozzle_no_extrusion_0905.jpg,train/images/nozzle_no_extrusion_0906.jpg,0.657753,0.884148,1.000000,否
5,train/images/nozzle_no_extrusion_0150.jpg,val/images/nozzle_no_extrusion_0901.jpg,0.552929,0.694692,1.000000,否
5,train/images/nozzle_no_extrusion_0150.jpg,train/images/nozzle_no_extrusion_0390.jpg,0.513696,0.681299,1.000000,否
5,train/images/nozzle_no_extrusion_0150.jpg,train/images/nozzle_no_extrusion_0389.jpg,0.521304,0.704565,1.000000,否
5,train/images/nozzle_no_extrusion_0150.jpg,train/images/nozzle_no_extrusion_0889.jpg,0.586195,0.744739,1.000000,否
5,train/images/nozzle_no_extrusion_0150.jpg,val/images/nozzle_no_extrusion_0904.jpg,0.513951,0.619337,1.000000,否
5,train/images/nozzle_no_extrusion_0150.jpg,train/images/nozzle_no_extrusion_0896.jpg,0.585971,0.739714,1.000000,否
5,train/images/nozzle_no_extrusion_0150.jpg,train/images/nozzle_no_extrusion_0387.jpg,0.601052,0.831382,1.000000,否
5,train/images/nozzle_no_extrusion_0150.jpg,train/images/nozzle_no_extrusion_0888.jpg,0.647940,0.778369,1.000000,否
5,train/images/nozzle_no_extrusion_0150.jpg,train/images/nozzle_no_extrusion_0891.jpg,0.521900,0.651442,1.000000,否
5,train/images/nozzle_no_extrusion_0150.jpg,train/images/nozzle_no_extrusion_0151.jpg,0.679470,0.908904,1.000000,否
5,train/images/nozzle_no_extrusion_0150.jpg,val/images/nozzle_no_extrusion_0155.jpg,0.522121,0.704440,1.000000,否
5,train/images/nozzle_no_extrusion_0150.jpg,train/images/nozzle_no_extrusion_0158.jpg,0.627847,0.876771,1.000000,否
5,train/images/nozzle_no_extrusion_0150.jpg,test/images/nozzle_no_extrusion_0159.jpg,0.879122,0.907715,1.000000,否
5,train/images/nozzle_no_extrusion_0150.jpg,train/images/nozzle_no_extrusion_0892.jpg,0.495629,0.578402,1.000000,否
5,train/images/nozzle_no_extrusion_0150.jpg,train/images/nozzle_no_extrusion_0897.jpg,0.649680,0.774654,1.000000,否
5,train/images/nozzle_no_extrusion_0150.jpg,test/images/nozzle_no_extrusion_0907.jpg,0.630037,0.762675,1.000000,否
5,train/images/nozzle_no_extrusion_0150.jpg,train/images/nozzle_no_extrusion_0388.jpg,0.558808,0.784204,1.000000,否
5,train/images/nozzle_no_extrusion_0150.jpg,val/images/nozzle_no_extrusion_0152.jpg,0.589966,0.833230,1.000000,否
5,train/images/nozzle_no_extrusion_0150.jpg,train/images/nozzle_no_extrusion_0153.jpg,0.536853,0.769232,1.000000,否
5,train/images/nozzle_no_extrusion_0150.jpg,val/images/nozzle_no_extrusion_0157.jpg,0.572857,0.825862,1.000000,否
5,train/images/nozzle_no_extrusion_0150.jpg,train/images/nozzle_no_extrusion_0890.jpg,0.552502,0.701165,1.000000,否
5,train/images/nozzle_no_extrusion_0150.jpg,train/images/nozzle_no_extrusion_0902.jpg,0.521034,0.648239,1.000000,否
5,train/images/nozzle_no_extrusion_0150.jpg,train/images/nozzle_no_extrusion_0386.jpg,0.665996,0.885936,1.000000,否
5,train/images/nozzle_no_extrusion_0150.jpg,train/images/nozzle_no_extrusion_0895.jpg,0.564355,0.731751,1.000000,否
5,train/images/nozzle_no_extrusion_0150.jpg,train/images/nozzle_no_extrusion_0893.jpg,0.510832,0.612191,1.000000,否
5,train/images/nozzle_no_extrusion_0150.jpg,train/images/nozzle_no_extrusion_0906.jpg,0.571053,0.729184,1.000000,否
5,val/images/nozzle_no_extrusion_0901.jpg,train/images/nozzle_no_extrusion_0390.jpg,0.612707,0.788707,1.000000,否
5,val/images/nozzle_no_extrusion_0901.jpg,train/images/nozzle_no_extrusion_0389.jpg,0.669556,0.820789,1.000000,否
5,val/images/nozzle_no_extrusion_0901.jpg,train/images/nozzle_no_extrusion_0889.jpg,0.682804,0.882901,1.000000,否
5,val/images/nozzle_no_extrusion_0901.jpg,val/images/nozzle_no_extrusion_0904.jpg,0.631628,0.831196,1.000000,否
5,val/images/nozzle_no_extrusion_0901.jpg,train/images/nozzle_no_extrusion_0896.jpg,0.678482,0.892732,1.000000,否
5,val/images/nozzle_no_extrusion_0901.jpg,train/images/nozzle_no_extrusion_0387.jpg,0.650779,0.820984,1.000000,否
5,val/images/nozzle_no_extrusion_0901.jpg,train/images/nozzle_no_extrusion_0888.jpg,0.605714,0.838246,1.000000,否
5,val/images/nozzle_no_extrusion_0901.jpg,train/images/nozzle_no_extrusion_0891.jpg,0.672123,0.875579,1.000000,否
5,val/images/nozzle_no_extrusion_0901.jpg,train/images/nozzle_no_extrusion_0151.jpg,0.598690,0.774286,1.000000,否
5,val/images/nozzle_no_extrusion_0901.jpg,val/images/nozzle_no_extrusion_0155.jpg,0.630091,0.792275,1.000000,否
5,val/images/nozzle_no_extrusion_0901.jpg,train/images/nozzle_no_extrusion_0158.jpg,0.634504,0.806146,1.000000,否
5,val/images/nozzle_no_extrusion_0901.jpg,test/images/nozzle_no_extrusion_0159.jpg,0.585465,0.747364,1.000000,否
5,val/images/nozzle_no_extrusion_0901.jpg,train/images/nozzle_no_extrusion_0892.jpg,0.601064,0.769475,1.000000,否
5,val/images/nozzle_no_extrusion_0901.jpg,train/images/nozzle_no_extrusion_0897.jpg,0.602454,0.836665,1.000000,否
5,val/images/nozzle_no_extrusion_0901.jpg,test/images/nozzle_no_extrusion_0907.jpg,0.626074,0.856081,1.000000,否
5,val/images/nozzle_no_extrusion_0901.jpg,train/images/nozzle_no_extrusion_0388.jpg,0.830635,0.897515,1.000000,否
5,val/images/nozzle_no_extrusion_0901.jpg,val/images/nozzle_no_extrusion_0152.jpg,0.676884,0.830176,1.000000,否
5,val/images/nozzle_no_extrusion_0901.jpg,train/images/nozzle_no_extrusion_0153.jpg,0.698579,0.818398,1.000000,否
5,val/images/nozzle_no_extrusion_0901.jpg,val/images/nozzle_no_extrusion_0157.jpg,0.690350,0.856913,1.000000,否
5,val/images/nozzle_no_extrusion_0901.jpg,train/images/nozzle_no_extrusion_0890.jpg,0.994836,0.976363,1.000000,是
5,val/images/nozzle_no_extrusion_0901.jpg,train/images/nozzle_no_extrusion_0902.jpg,0.674120,0.874689,1.000000,否
5,val/images/nozzle_no_extrusion_0901.jpg,train/images/nozzle_no_extrusion_0386.jpg,0.587814,0.766630,1.000000,否
5,val/images/nozzle_no_extrusion_0901.jpg,train/images/nozzle_no_extrusion_0895.jpg,0.699033,0.893375,1.000000,否
5,val/images/nozzle_no_extrusion_0901.jpg,train/images/nozzle_no_extrusion_0893.jpg,0.623309,0.816271,1.000000,否
5,val/images/nozzle_no_extrusion_0901.jpg,train/images/nozzle_no_extrusion_0906.jpg,0.691345,0.902329,1.000000,否
5,train/images/nozzle_no_extrusion_0390.jpg,train/images/nozzle_no_extrusion_0389.jpg,0.668162,0.872235,1.000000,否
5,train/images/nozzle_no_extrusion_0390.jpg,train/images/nozzle_no_extrusion_0889.jpg,0.589456,0.735141,1.000000,否
5,train/images/nozzle_no_extrusion_0390.jpg,val/images/nozzle_no_extrusion_0904.jpg,0.819724,0.862346,1.000000,否
5,train/images/nozzle_no_extrusion_0390.jpg,train/images/nozzle_no_extrusion_0896.jpg,0.588764,0.743834,1.000000,否
5,train/images/nozzle_no_extrusion_0390.jpg,train/images/nozzle_no_extrusion_0387.jpg,0.574768,0.764354,1.000000,否
5,train/images/nozzle_no_extrusion_0390.jpg,train/images/nozzle_no_extrusion_0888.jpg,0.538750,0.695243,1.000000,否
5,train/images/nozzle_no_extrusion_0390.jpg,train/images/nozzle_no_extrusion_0891.jpg,0.667013,0.828292,1.000000,否
5,train/images/nozzle_no_extrusion_0390.jpg,train/images/nozzle_no_extrusion_0151.jpg,0.542525,0.749046,1.000000,否
5,train/images/nozzle_no_extrusion_0390.jpg,val/images/nozzle_no_extrusion_0155.jpg,0.754623,0.883873,1.000000,否
5,train/images/nozzle_no_extrusion_0390.jpg,train/images/nozzle_no_extrusion_0158.jpg,0.563746,0.753153,1.000000,否
5,train/images/nozzle_no_extrusion_0390.jpg,test/images/nozzle_no_extrusion_0159.jpg,0.543397,0.719778,1.000000,否
5,train/images/nozzle_no_extrusion_0390.jpg,train/images/nozzle_no_extrusion_0892.jpg,0.824253,0.848547,1.000000,否
5,train/images/nozzle_no_extrusion_0390.jpg,train/images/nozzle_no_extrusion_0897.jpg,0.539446,0.692984,1.000000,否
5,train/images/nozzle_no_extrusion_0390.jpg,test/images/nozzle_no_extrusion_0907.jpg,0.549089,0.705862,1.000000,否
5,train/images/nozzle_no_extrusion_0390.jpg,train/images/nozzle_no_extrusion_0388.jpg,0.597713,0.828124,1.000000,否
5,train/images/nozzle_no_extrusion_0390.jpg,val/images/nozzle_no_extrusion_0152.jpg,0.581472,0.807918,1.000000,否
5,train/images/nozzle_no_extrusion_0390.jpg,train/images/nozzle_no_extrusion_0153.jpg,0.648643,0.846707,1.000000,否
5,train/images/nozzle_no_extrusion_0390.jpg,val/images/nozzle_no_extrusion_0157.jpg,0.595463,0.807584,1.000000,否
5,train/images/nozzle_no_extrusion_0390.jpg,train/images/nozzle_no_extrusion_0890.jpg,0.612325,0.789614,1.000000,否
5,train/images/nozzle_no_extrusion_0390.jpg,train/images/nozzle_no_extrusion_0902.jpg,0.664762,0.831423,1.000000,否
5,train/images/nozzle_no_extrusion_0390.jpg,train/images/nozzle_no_extrusion_0386.jpg,0.540375,0.720228,1.000000,否
5,train/images/nozzle_no_extrusion_0390.jpg,train/images/nozzle_no_extrusion_0895.jpg,0.598314,0.748758,1.000000,否
5,train/images/nozzle_no_extrusion_0390.jpg,train/images/nozzle_no_extrusion_0893.jpg,0.901225,0.894791,1.000000,否
5,train/images/nozzle_no_extrusion_0390.jpg,train/images/nozzle_no_extrusion_0906.jpg,0.595971,0.756963,1.000000,否
5,train/images/nozzle_no_extrusion_0389.jpg,train/images/nozzle_no_extrusion_0889.jpg,0.603526,0.761523,1.000000,否
5,train/images/nozzle_no_extrusion_0389.jpg,val/images/nozzle_no_extrusion_0904.jpg,0.656608,0.805472,1.000000,否
5,train/images/nozzle_no_extrusion_0389.jpg,train/images/nozzle_no_extrusion_0896.jpg,0.598327,0.766300,1.000000,否
5,train/images/nozzle_no_extrusion_0389.jpg,train/images/nozzle_no_extrusion_0387.jpg,0.595818,0.811656,1.000000,否
5,train/images/nozzle_no_extrusion_0389.jpg,train/images/nozzle_no_extrusion_0888.jpg,0.560862,0.714132,1.000000,否
5,train/images/nozzle_no_extrusion_0389.jpg,train/images/nozzle_no_extrusion_0891.jpg,0.964323,0.914028,1.000000,否
5,train/images/nozzle_no_extrusion_0389.jpg,train/images/nozzle_no_extrusion_0151.jpg,0.568046,0.778636,1.000000,否
5,train/images/nozzle_no_extrusion_0389.jpg,val/images/nozzle_no_extrusion_0155.jpg,0.685941,0.869089,1.000000,否
5,train/images/nozzle_no_extrusion_0389.jpg,train/images/nozzle_no_extrusion_0158.jpg,0.595032,0.792735,1.000000,否
5,train/images/nozzle_no_extrusion_0389.jpg,test/images/nozzle_no_extrusion_0159.jpg,0.546462,0.743407,1.000000,否
5,train/images/nozzle_no_extrusion_0389.jpg,train/images/nozzle_no_extrusion_0892.jpg,0.653952,0.777648,1.000000,否
5,train/images/nozzle_no_extrusion_0389.jpg,train/images/nozzle_no_extrusion_0897.jpg,0.552285,0.714138,1.000000,否
5,train/images/nozzle_no_extrusion_0389.jpg,test/images/nozzle_no_extrusion_0907.jpg,0.578855,0.737852,1.000000,否
5,train/images/nozzle_no_extrusion_0389.jpg,train/images/nozzle_no_extrusion_0388.jpg,0.659594,0.883539,1.000000,否
5,train/images/nozzle_no_extrusion_0389.jpg,val/images/nozzle_no_extrusion_0152.jpg,0.615329,0.841862,1.000000,否
5,train/images/nozzle_no_extrusion_0389.jpg,train/images/nozzle_no_extrusion_0153.jpg,0.813038,0.896054,1.000000,否
5,train/images/nozzle_no_extrusion_0389.jpg,val/images/nozzle_no_extrusion_0157.jpg,0.624761,0.842491,1.000000,否
5,train/images/nozzle_no_extrusion_0389.jpg,train/images/nozzle_no_extrusion_0890.jpg,0.668104,0.827688,1.000000,否
5,train/images/nozzle_no_extrusion_0389.jpg,train/images/nozzle_no_extrusion_0902.jpg,0.961828,0.908650,1.000000,否
5,train/images/nozzle_no_extrusion_0389.jpg,train/images/nozzle_no_extrusion_0386.jpg,0.555890,0.751598,1.000000,否
5,train/images/nozzle_no_extrusion_0389.jpg,train/images/nozzle_no_extrusion_0895.jpg,0.619333,0.769877,1.000000,否
5,train/images/nozzle_no_extrusion_0389.jpg,train/images/nozzle_no_extrusion_0893.jpg,0.648257,0.797726,1.000000,否
5,train/images/nozzle_no_extrusion_0389.jpg,train/images/nozzle_no_extrusion_0906.jpg,0.616273,0.779421,1.000000,否
5,train/images/nozzle_no_extrusion_0889.jpg,val/images/nozzle_no_extrusion_0904.jpg,0.582624,0.782199,1.000000,否
5,train/images/nozzle_no_extrusion_0889.jpg,train/images/nozzle_no_extrusion_0896.jpg,0.963397,0.962899,1.000000,是
5,train/images/nozzle_no_extrusion_0889.jpg,train/images/nozzle_no_extrusion_0387.jpg,0.849760,0.889144,1.000000,否
5,train/images/nozzle_no_extrusion_0889.jpg,train/images/nozzle_no_extrusion_0888.jpg,0.678651,0.914347,1.000000,否
5,train/images/nozzle_no_extrusion_0889.jpg,train/images/nozzle_no_extrusion_0891.jpg,0.606020,0.819097,1.000000,否
5,train/images/nozzle_no_extrusion_0889.jpg,train/images/nozzle_no_extrusion_0151.jpg,0.656347,0.813465,1.000000,否
5,train/images/nozzle_no_extrusion_0889.jpg,val/images/nozzle_no_extrusion_0155.jpg,0.580232,0.749044,1.000000,否
5,train/images/nozzle_no_extrusion_0889.jpg,train/images/nozzle_no_extrusion_0158.jpg,0.712669,0.867142,1.000000,否
5,train/images/nozzle_no_extrusion_0889.jpg,test/images/nozzle_no_extrusion_0159.jpg,0.627785,0.810808,1.000000,否
5,train/images/nozzle_no_extrusion_0889.jpg,train/images/nozzle_no_extrusion_0892.jpg,0.577358,0.703631,1.000000,否
5,train/images/nozzle_no_extrusion_0889.jpg,train/images/nozzle_no_extrusion_0897.jpg,0.670337,0.909190,1.000000,否
5,train/images/nozzle_no_extrusion_0889.jpg,test/images/nozzle_no_extrusion_0907.jpg,0.703160,0.930619,1.000000,否
5,train/images/nozzle_no_extrusion_0889.jpg,train/images/nozzle_no_extrusion_0388.jpg,0.683222,0.843172,1.000000,否
5,train/images/nozzle_no_extrusion_0889.jpg,val/images/nozzle_no_extrusion_0152.jpg,0.739939,0.816569,1.000000,否
5,train/images/nozzle_no_extrusion_0889.jpg,train/images/nozzle_no_extrusion_0153.jpg,0.632417,0.757355,1.000000,否
5,train/images/nozzle_no_extrusion_0889.jpg,val/images/nozzle_no_extrusion_0157.jpg,0.771593,0.862046,1.000000,否
5,train/images/nozzle_no_extrusion_0889.jpg,train/images/nozzle_no_extrusion_0890.jpg,0.682226,0.891266,1.000000,否
5,train/images/nozzle_no_extrusion_0889.jpg,train/images/nozzle_no_extrusion_0902.jpg,0.606086,0.813946,1.000000,否
5,train/images/nozzle_no_extrusion_0889.jpg,train/images/nozzle_no_extrusion_0386.jpg,0.649676,0.826627,1.000000,否
5,train/images/nozzle_no_extrusion_0889.jpg,train/images/nozzle_no_extrusion_0895.jpg,0.811728,0.934614,1.000000,否
5,train/images/nozzle_no_extrusion_0889.jpg,train/images/nozzle_no_extrusion_0893.jpg,0.583142,0.760730,1.000000,否
5,train/images/nozzle_no_extrusion_0889.jpg,train/images/nozzle_no_extrusion_0906.jpg,0.875829,0.947064,1.000000,否
5,val/images/nozzle_no_extrusion_0904.jpg,train/images/nozzle_no_extrusion_0896.jpg,0.590608,0.793158,1.000000,否
5,val/images/nozzle_no_extrusion_0904.jpg,train/images/nozzle_no_extrusion_0387.jpg,0.571415,0.721022,1.000000,否
5,val/images/nozzle_no_extrusion_0904.jpg,train/images/nozzle_no_extrusion_0888.jpg,0.543867,0.720408,1.000000,否
5,val/images/nozzle_no_extrusion_0904.jpg,train/images/nozzle_no_extrusion_0891.jpg,0.690461,0.859601,1.000000,否
5,val/images/nozzle_no_extrusion_0904.jpg,train/images/nozzle_no_extrusion_0151.jpg,0.539776,0.688736,1.000000,否
5,val/images/nozzle_no_extrusion_0904.jpg,val/images/nozzle_no_extrusion_0155.jpg,0.900787,0.884903,1.000000,否
5,val/images/nozzle_no_extrusion_0904.jpg,train/images/nozzle_no_extrusion_0158.jpg,0.566151,0.710312,1.000000,否
5,val/images/nozzle_no_extrusion_0904.jpg,test/images/nozzle_no_extrusion_0159.jpg,0.540779,0.660843,1.000000,否
5,val/images/nozzle_no_extrusion_0904.jpg,train/images/nozzle_no_extrusion_0892.jpg,0.682495,0.805868,1.000000,否
5,val/images/nozzle_no_extrusion_0904.jpg,train/images/nozzle_no_extrusion_0897.jpg,0.546193,0.723680,1.000000,否
5,val/images/nozzle_no_extrusion_0904.jpg,test/images/nozzle_no_extrusion_0907.jpg,0.556879,0.741084,1.000000,否
5,val/images/nozzle_no_extrusion_0904.jpg,train/images/nozzle_no_extrusion_0388.jpg,0.600202,0.782881,1.000000,否
5,val/images/nozzle_no_extrusion_0904.jpg,val/images/nozzle_no_extrusion_0152.jpg,0.585920,0.748725,1.000000,否
5,val/images/nozzle_no_extrusion_0904.jpg,train/images/nozzle_no_extrusion_0153.jpg,0.645040,0.780846,1.000000,否
5,val/images/nozzle_no_extrusion_0904.jpg,val/images/nozzle_no_extrusion_0157.jpg,0.586471,0.759511,1.000000,否
5,val/images/nozzle_no_extrusion_0904.jpg,train/images/nozzle_no_extrusion_0890.jpg,0.629756,0.834480,1.000000,否
5,val/images/nozzle_no_extrusion_0904.jpg,train/images/nozzle_no_extrusion_0902.jpg,0.688730,0.865413,1.000000,否
5,val/images/nozzle_no_extrusion_0904.jpg,train/images/nozzle_no_extrusion_0386.jpg,0.532743,0.663986,1.000000,否
5,val/images/nozzle_no_extrusion_0904.jpg,train/images/nozzle_no_extrusion_0895.jpg,0.595515,0.790035,1.000000,否
5,val/images/nozzle_no_extrusion_0904.jpg,train/images/nozzle_no_extrusion_0893.jpg,0.943748,0.947037,1.000000,否
5,val/images/nozzle_no_extrusion_0904.jpg,train/images/nozzle_no_extrusion_0906.jpg,0.585916,0.799624,1.000000,否
5,train/images/nozzle_no_extrusion_0896.jpg,train/images/nozzle_no_extrusion_0387.jpg,0.873564,0.878439,1.000000,否
5,train/images/nozzle_no_extrusion_0896.jpg,train/images/nozzle_no_extrusion_0888.jpg,0.676542,0.894642,1.000000,否
5,train/images/nozzle_no_extrusion_0896.jpg,train/images/nozzle_no_extrusion_0891.jpg,0.602112,0.825795,1.000000,否
5,train/images/nozzle_no_extrusion_0896.jpg,train/images/nozzle_no_extrusion_0151.jpg,0.652288,0.812736,1.000000,否
5,train/images/nozzle_no_extrusion_0896.jpg,val/images/nozzle_no_extrusion_0155.jpg,0.583342,0.752029,1.000000,否
5,train/images/nozzle_no_extrusion_0896.jpg,train/images/nozzle_no_extrusion_0158.jpg,0.707782,0.864949,1.000000,否
5,train/images/nozzle_no_extrusion_0896.jpg,test/images/nozzle_no_extrusion_0159.jpg,0.627101,0.804095,1.000000,否
5,train/images/nozzle_no_extrusion_0896.jpg,train/images/nozzle_no_extrusion_0892.jpg,0.572312,0.710379,1.000000,否
5,train/images/nozzle_no_extrusion_0896.jpg,train/images/nozzle_no_extrusion_0897.jpg,0.667105,0.909708,1.000000,否
5,train/images/nozzle_no_extrusion_0896.jpg,test/images/nozzle_no_extrusion_0907.jpg,0.706408,0.928756,1.000000,否
5,train/images/nozzle_no_extrusion_0896.jpg,train/images/nozzle_no_extrusion_0388.jpg,0.686049,0.844996,1.000000,否
5,train/images/nozzle_no_extrusion_0896.jpg,val/images/nozzle_no_extrusion_0152.jpg,0.742553,0.819104,1.000000,否
5,train/images/nozzle_no_extrusion_0896.jpg,train/images/nozzle_no_extrusion_0153.jpg,0.632049,0.765868,1.000000,否
5,train/images/nozzle_no_extrusion_0896.jpg,val/images/nozzle_no_extrusion_0157.jpg,0.747242,0.869872,1.000000,否
5,train/images/nozzle_no_extrusion_0896.jpg,train/images/nozzle_no_extrusion_0890.jpg,0.677875,0.895484,1.000000,否
5,train/images/nozzle_no_extrusion_0896.jpg,train/images/nozzle_no_extrusion_0902.jpg,0.602997,0.823319,1.000000,否
5,train/images/nozzle_no_extrusion_0896.jpg,train/images/nozzle_no_extrusion_0386.jpg,0.645767,0.814618,1.000000,否
5,train/images/nozzle_no_extrusion_0896.jpg,train/images/nozzle_no_extrusion_0895.jpg,0.776534,0.956739,1.000000,否
5,train/images/nozzle_no_extrusion_0896.jpg,train/images/nozzle_no_extrusion_0893.jpg,0.592681,0.773194,1.000000,否
5,train/images/nozzle_no_extrusion_0896.jpg,train/images/nozzle_no_extrusion_0906.jpg,0.847087,0.965009,1.000000,否
5,train/images/nozzle_no_extrusion_0387.jpg,train/images/nozzle_no_extrusion_0888.jpg,0.693829,0.845240,1.000000,否
5,train/images/nozzle_no_extrusion_0387.jpg,train/images/nozzle_no_extrusion_0891.jpg,0.584697,0.768275,1.000000,否
5,train/images/nozzle_no_extrusion_0387.jpg,train/images/nozzle_no_extrusion_0151.jpg,0.692982,0.904651,1.000000,否
5,train/images/nozzle_no_extrusion_0387.jpg,val/images/nozzle_no_extrusion_0155.jpg,0.577332,0.777776,1.000000,否
5,train/images/nozzle_no_extrusion_0387.jpg,train/images/nozzle_no_extrusion_0158.jpg,0.802863,0.941117,1.000000,否
5,train/images/nozzle_no_extrusion_0387.jpg,test/images/nozzle_no_extrusion_0159.jpg,0.649943,0.884523,1.000000,否
5,train/images/nozzle_no_extrusion_0387.jpg,train/images/nozzle_no_extrusion_0892.jpg,0.550271,0.668759,1.000000,否
5,train/images/nozzle_no_extrusion_0387.jpg,train/images/nozzle_no_extrusion_0897.jpg,0.682845,0.844487,1.000000,否
5,train/images/nozzle_no_extrusion_0387.jpg,test/images/nozzle_no_extrusion_0907.jpg,0.720257,0.865663,1.000000,否
5,train/images/nozzle_no_extrusion_0387.jpg,train/images/nozzle_no_extrusion_0388.jpg,0.686793,0.907435,1.000000,否
5,train/images/nozzle_no_extrusion_0387.jpg,val/images/nozzle_no_extrusion_0152.jpg,0.729096,0.883409,1.000000,否
5,train/images/nozzle_no_extrusion_0387.jpg,train/images/nozzle_no_extrusion_0153.jpg,0.621454,0.817739,1.000000,否
5,train/images/nozzle_no_extrusion_0387.jpg,val/images/nozzle_no_extrusion_0157.jpg,0.704805,0.916104,1.000000,否
5,train/images/nozzle_no_extrusion_0387.jpg,train/images/nozzle_no_extrusion_0890.jpg,0.650912,0.826598,1.000000,否
5,train/images/nozzle_no_extrusion_0387.jpg,train/images/nozzle_no_extrusion_0902.jpg,0.583612,0.766917,1.000000,否
5,train/images/nozzle_no_extrusion_0387.jpg,train/images/nozzle_no_extrusion_0386.jpg,0.680987,0.909678,1.000000,否
5,train/images/nozzle_no_extrusion_0387.jpg,train/images/nozzle_no_extrusion_0895.jpg,0.688064,0.849214,1.000000,否
5,train/images/nozzle_no_extrusion_0387.jpg,train/images/nozzle_no_extrusion_0893.jpg,0.569757,0.700329,1.000000,否
5,train/images/nozzle_no_extrusion_0387.jpg,train/images/nozzle_no_extrusion_0906.jpg,0.723947,0.869446,1.000000,否
5,train/images/nozzle_no_extrusion_0888.jpg,train/images/nozzle_no_extrusion_0891.jpg,0.565387,0.759602,1.000000,否
5,train/images/nozzle_no_extrusion_0888.jpg,train/images/nozzle_no_extrusion_0151.jpg,0.780588,0.810346,1.000000,否
5,train/images/nozzle_no_extrusion_0888.jpg,val/images/nozzle_no_extrusion_0155.jpg,0.538522,0.699892,1.000000,否
5,train/images/nozzle_no_extrusion_0888.jpg,train/images/nozzle_no_extrusion_0158.jpg,0.722062,0.851652,1.000000,否
5,train/images/nozzle_no_extrusion_0888.jpg,test/images/nozzle_no_extrusion_0159.jpg,0.710316,0.853223,1.000000,否
5,train/images/nozzle_no_extrusion_0888.jpg,train/images/nozzle_no_extrusion_0892.jpg,0.538510,0.668345,1.000000,否
5,train/images/nozzle_no_extrusion_0888.jpg,train/images/nozzle_no_extrusion_0897.jpg,0.895822,0.963658,1.000000,否
5,train/images/nozzle_no_extrusion_0888.jpg,test/images/nozzle_no_extrusion_0907.jpg,0.886044,0.951352,1.000000,否
5,train/images/nozzle_no_extrusion_0888.jpg,train/images/nozzle_no_extrusion_0388.jpg,0.614967,0.797219,1.000000,否
5,train/images/nozzle_no_extrusion_0888.jpg,val/images/nozzle_no_extrusion_0152.jpg,0.657280,0.765897,1.000000,否
5,train/images/nozzle_no_extrusion_0888.jpg,train/images/nozzle_no_extrusion_0153.jpg,0.588500,0.721706,1.000000,否
5,train/images/nozzle_no_extrusion_0888.jpg,val/images/nozzle_no_extrusion_0157.jpg,0.641230,0.808226,1.000000,否
5,train/images/nozzle_no_extrusion_0888.jpg,train/images/nozzle_no_extrusion_0890.jpg,0.606046,0.845939,1.000000,否
5,train/images/nozzle_no_extrusion_0888.jpg,train/images/nozzle_no_extrusion_0902.jpg,0.565029,0.757051,1.000000,否
5,train/images/nozzle_no_extrusion_0888.jpg,train/images/nozzle_no_extrusion_0386.jpg,0.869164,0.875433,1.000000,否
5,train/images/nozzle_no_extrusion_0888.jpg,train/images/nozzle_no_extrusion_0895.jpg,0.642435,0.876875,1.000000,否
5,train/images/nozzle_no_extrusion_0888.jpg,train/images/nozzle_no_extrusion_0893.jpg,0.543368,0.706161,1.000000,否
5,train/images/nozzle_no_extrusion_0888.jpg,train/images/nozzle_no_extrusion_0906.jpg,0.652217,0.878944,1.000000,否
5,train/images/nozzle_no_extrusion_0891.jpg,train/images/nozzle_no_extrusion_0151.jpg,0.568349,0.722975,1.000000,否
5,train/images/nozzle_no_extrusion_0891.jpg,val/images/nozzle_no_extrusion_0155.jpg,0.715345,0.833817,1.000000,否
5,train/images/nozzle_no_extrusion_0891.jpg,train/images/nozzle_no_extrusion_0158.jpg,0.593492,0.752652,1.000000,否
5,train/images/nozzle_no_extrusion_0891.jpg,test/images/nozzle_no_extrusion_0159.jpg,0.546701,0.696686,1.000000,否
5,train/images/nozzle_no_extrusion_0891.jpg,train/images/nozzle_no_extrusion_0892.jpg,0.668988,0.809082,1.000000,否
5,train/images/nozzle_no_extrusion_0891.jpg,train/images/nozzle_no_extrusion_0897.jpg,0.558895,0.762944,1.000000,否
5,train/images/nozzle_no_extrusion_0891.jpg,test/images/nozzle_no_extrusion_0907.jpg,0.585544,0.790287,1.000000,否
5,train/images/nozzle_no_extrusion_0891.jpg,train/images/nozzle_no_extrusion_0388.jpg,0.644105,0.828991,1.000000,否
5,train/images/nozzle_no_extrusion_0891.jpg,val/images/nozzle_no_extrusion_0152.jpg,0.608618,0.787290,1.000000,否
5,train/images/nozzle_no_extrusion_0891.jpg,train/images/nozzle_no_extrusion_0153.jpg,0.746213,0.828404,1.000000,否
5,train/images/nozzle_no_extrusion_0891.jpg,val/images/nozzle_no_extrusion_0157.jpg,0.618002,0.800728,1.000000,否
5,train/images/nozzle_no_extrusion_0891.jpg,train/images/nozzle_no_extrusion_0890.jpg,0.670515,0.881042,1.000000,否
5,train/images/nozzle_no_extrusion_0891.jpg,train/images/nozzle_no_extrusion_0902.jpg,0.994578,0.973175,1.000000,是
5,train/images/nozzle_no_extrusion_0891.jpg,train/images/nozzle_no_extrusion_0386.jpg,0.546383,0.705546,1.000000,否
5,train/images/nozzle_no_extrusion_0891.jpg,train/images/nozzle_no_extrusion_0895.jpg,0.627842,0.827591,1.000000,否
5,train/images/nozzle_no_extrusion_0891.jpg,train/images/nozzle_no_extrusion_0893.jpg,0.666058,0.849522,1.000000,否
5,train/images/nozzle_no_extrusion_0891.jpg,train/images/nozzle_no_extrusion_0906.jpg,0.620839,0.834009,1.000000,否
5,train/images/nozzle_no_extrusion_0151.jpg,val/images/nozzle_no_extrusion_0155.jpg,0.556926,0.778388,1.000000,否
5,train/images/nozzle_no_extrusion_0151.jpg,train/images/nozzle_no_extrusion_0158.jpg,0.890879,0.935500,1.000000,否
5,train/images/nozzle_no_extrusion_0151.jpg,test/images/nozzle_no_extrusion_0159.jpg,0.736602,0.898897,1.000000,否
5,train/images/nozzle_no_extrusion_0151.jpg,train/images/nozzle_no_extrusion_0892.jpg,0.534263,0.641884,1.000000,否
5,train/images/nozzle_no_extrusion_0151.jpg,train/images/nozzle_no_extrusion_0897.jpg,0.759098,0.803089,1.000000,否
5,train/images/nozzle_no_extrusion_0151.jpg,test/images/nozzle_no_extrusion_0907.jpg,0.841816,0.812371,1.000000,否
5,train/images/nozzle_no_extrusion_0151.jpg,train/images/nozzle_no_extrusion_0388.jpg,0.618845,0.859175,1.000000,否
5,train/images/nozzle_no_extrusion_0151.jpg,val/images/nozzle_no_extrusion_0152.jpg,0.675232,0.916913,1.000000,否
5,train/images/nozzle_no_extrusion_0151.jpg,train/images/nozzle_no_extrusion_0153.jpg,0.589863,0.849802,1.000000,否
5,train/images/nozzle_no_extrusion_0151.jpg,val/images/nozzle_no_extrusion_0157.jpg,0.655543,0.902745,1.000000,否
5,train/images/nozzle_no_extrusion_0151.jpg,train/images/nozzle_no_extrusion_0890.jpg,0.598940,0.776009,1.000000,否
5,train/images/nozzle_no_extrusion_0151.jpg,train/images/nozzle_no_extrusion_0902.jpg,0.567273,0.720309,1.000000,否
5,train/images/nozzle_no_extrusion_0151.jpg,train/images/nozzle_no_extrusion_0386.jpg,0.759313,0.879461,1.000000,否
5,train/images/nozzle_no_extrusion_0151.jpg,train/images/nozzle_no_extrusion_0895.jpg,0.638825,0.803261,1.000000,否
5,train/images/nozzle_no_extrusion_0151.jpg,train/images/nozzle_no_extrusion_0893.jpg,0.532645,0.674595,1.000000,否
5,train/images/nozzle_no_extrusion_0151.jpg,train/images/nozzle_no_extrusion_0906.jpg,0.648161,0.807055,1.000000,否
5,val/images/nozzle_no_extrusion_0155.jpg,train/images/nozzle_no_extrusion_0158.jpg,0.584675,0.791201,1.000000,否
5,val/images/nozzle_no_extrusion_0155.jpg,test/images/nozzle_no_extrusion_0159.jpg,0.548233,0.742535,1.000000,否
5,val/images/nozzle_no_extrusion_0155.jpg,train/images/nozzle_no_extrusion_0892.jpg,0.661860,0.768804,1.000000,否
5,val/images/nozzle_no_extrusion_0155.jpg,train/images/nozzle_no_extrusion_0897.jpg,0.539896,0.701102,1.000000,否
5,val/images/nozzle_no_extrusion_0155.jpg,test/images/nozzle_no_extrusion_0907.jpg,0.555961,0.714009,1.000000,否
5,val/images/nozzle_no_extrusion_0155.jpg,train/images/nozzle_no_extrusion_0388.jpg,0.615414,0.836096,1.000000,否
5,val/images/nozzle_no_extrusion_0155.jpg,val/images/nozzle_no_extrusion_0152.jpg,0.607142,0.842183,1.000000,否
5,val/images/nozzle_no_extrusion_0155.jpg,train/images/nozzle_no_extrusion_0153.jpg,0.660561,0.880097,1.000000,否
5,val/images/nozzle_no_extrusion_0155.jpg,val/images/nozzle_no_extrusion_0157.jpg,0.605433,0.840996,1.000000,否
5,val/images/nozzle_no_extrusion_0155.jpg,train/images/nozzle_no_extrusion_0890.jpg,0.628044,0.800348,1.000000,否
5,val/images/nozzle_no_extrusion_0155.jpg,train/images/nozzle_no_extrusion_0902.jpg,0.711136,0.837152,1.000000,否
5,val/images/nozzle_no_extrusion_0155.jpg,train/images/nozzle_no_extrusion_0386.jpg,0.537848,0.721334,1.000000,否
5,val/images/nozzle_no_extrusion_0155.jpg,train/images/nozzle_no_extrusion_0895.jpg,0.599097,0.756545,1.000000,否
5,val/images/nozzle_no_extrusion_0155.jpg,train/images/nozzle_no_extrusion_0893.jpg,0.826845,0.848102,1.000000,否
5,val/images/nozzle_no_extrusion_0155.jpg,train/images/nozzle_no_extrusion_0906.jpg,0.586188,0.760105,1.000000,否
5,train/images/nozzle_no_extrusion_0158.jpg,test/images/nozzle_no_extrusion_0159.jpg,0.678493,0.925851,1.000000,否
5,train/images/nozzle_no_extrusion_0158.jpg,train/images/nozzle_no_extrusion_0892.jpg,0.550080,0.649124,1.000000,否
5,train/images/nozzle_no_extrusion_0158.jpg,train/images/nozzle_no_extrusion_0897.jpg,0.708982,0.854204,1.000000,否
5,train/images/nozzle_no_extrusion_0158.jpg,test/images/nozzle_no_extrusion_0907.jpg,0.810482,0.875172,1.000000,否
5,train/images/nozzle_no_extrusion_0158.jpg,train/images/nozzle_no_extrusion_0388.jpg,0.660177,0.878342,1.000000,否
5,train/images/nozzle_no_extrusion_0158.jpg,val/images/nozzle_no_extrusion_0152.jpg,0.718565,0.891922,1.000000,否
5,train/images/nozzle_no_extrusion_0158.jpg,train/images/nozzle_no_extrusion_0153.jpg,0.616462,0.828450,1.000000,否
5,train/images/nozzle_no_extrusion_0158.jpg,val/images/nozzle_no_extrusion_0157.jpg,0.700838,0.927905,1.000000,否
5,train/images/nozzle_no_extrusion_0158.jpg,train/images/nozzle_no_extrusion_0890.jpg,0.634674,0.810794,1.000000,否
5,train/images/nozzle_no_extrusion_0158.jpg,train/images/nozzle_no_extrusion_0902.jpg,0.592017,0.751704,1.000000,否
5,train/images/nozzle_no_extrusion_0158.jpg,train/images/nozzle_no_extrusion_0386.jpg,0.706269,0.907889,1.000000,否
5,train/images/nozzle_no_extrusion_0158.jpg,train/images/nozzle_no_extrusion_0895.jpg,0.680303,0.847517,1.000000,否
5,train/images/nozzle_no_extrusion_0158.jpg,train/images/nozzle_no_extrusion_0893.jpg,0.556828,0.691502,1.000000,否
5,train/images/nozzle_no_extrusion_0158.jpg,train/images/nozzle_no_extrusion_0906.jpg,0.690505,0.851647,1.000000,否
5,test/images/nozzle_no_extrusion_0159.jpg,train/images/nozzle_no_extrusion_0892.jpg,0.525804,0.622061,1.000000,否
5,test/images/nozzle_no_extrusion_0159.jpg,train/images/nozzle_no_extrusion_0897.jpg,0.730177,0.858955,1.000000,否
5,test/images/nozzle_no_extrusion_0159.jpg,test/images/nozzle_no_extrusion_0907.jpg,0.680310,0.839047,1.000000,否
5,test/images/nozzle_no_extrusion_0159.jpg,train/images/nozzle_no_extrusion_0388.jpg,0.597098,0.828049,1.000000,否
5,test/images/nozzle_no_extrusion_0159.jpg,val/images/nozzle_no_extrusion_0152.jpg,0.632277,0.836608,1.000000,否
5,test/images/nozzle_no_extrusion_0159.jpg,train/images/nozzle_no_extrusion_0153.jpg,0.564546,0.779744,1.000000,否
5,test/images/nozzle_no_extrusion_0159.jpg,val/images/nozzle_no_extrusion_0157.jpg,0.610911,0.867706,1.000000,否
5,test/images/nozzle_no_extrusion_0159.jpg,train/images/nozzle_no_extrusion_0890.jpg,0.585334,0.754016,1.000000,否
5,test/images/nozzle_no_extrusion_0159.jpg,train/images/nozzle_no_extrusion_0902.jpg,0.546374,0.693879,1.000000,否
5,test/images/nozzle_no_extrusion_0159.jpg,train/images/nozzle_no_extrusion_0386.jpg,0.765166,0.946783,1.000000,否
5,test/images/nozzle_no_extrusion_0159.jpg,train/images/nozzle_no_extrusion_0895.jpg,0.600025,0.784683,1.000000,否
5,test/images/nozzle_no_extrusion_0159.jpg,train/images/nozzle_no_extrusion_0893.jpg,0.537502,0.650549,1.000000,否
5,test/images/nozzle_no_extrusion_0159.jpg,train/images/nozzle_no_extrusion_0906.jpg,0.607897,0.789946,1.000000,否
5,train/images/nozzle_no_extrusion_0892.jpg,train/images/nozzle_no_extrusion_0897.jpg,0.539833,0.668410,1.000000,否
5,train/images/nozzle_no_extrusion_0892.jpg,test/images/nozzle_no_extrusion_0907.jpg,0.546053,0.675585,1.000000,否
5,train/images/nozzle_no_extrusion_0892.jpg,train/images/nozzle_no_extrusion_0388.jpg,0.582004,0.734075,1.000000,否
5,train/images/nozzle_no_extrusion_0892.jpg,val/images/nozzle_no_extrusion_0152.jpg,0.575061,0.695785,1.000000,否
5,train/images/nozzle_no_extrusion_0892.jpg,train/images/nozzle_no_extrusion_0153.jpg,0.624359,0.736008,1.000000,否
5,train/images/nozzle_no_extrusion_0892.jpg,val/images/nozzle_no_extrusion_0157.jpg,0.586787,0.705027,1.000000,否
5,train/images/nozzle_no_extrusion_0892.jpg,train/images/nozzle_no_extrusion_0890.jpg,0.601251,0.765090,1.000000,否
5,train/images/nozzle_no_extrusion_0892.jpg,train/images/nozzle_no_extrusion_0902.jpg,0.667001,0.811078,1.000000,否
5,train/images/nozzle_no_extrusion_0892.jpg,train/images/nozzle_no_extrusion_0386.jpg,0.533268,0.639520,1.000000,否
5,train/images/nozzle_no_extrusion_0892.jpg,train/images/nozzle_no_extrusion_0895.jpg,0.596533,0.716537,1.000000,否
5,train/images/nozzle_no_extrusion_0892.jpg,train/images/nozzle_no_extrusion_0893.jpg,0.734005,0.821814,1.000000,否
5,train/images/nozzle_no_extrusion_0892.jpg,train/images/nozzle_no_extrusion_0906.jpg,0.591444,0.727852,1.000000,否
5,train/images/nozzle_no_extrusion_0897.jpg,test/images/nozzle_no_extrusion_0907.jpg,0.754651,0.955923,1.000000,否
5,train/images/nozzle_no_extrusion_0897.jpg,train/images/nozzle_no_extrusion_0388.jpg,0.604438,0.796702,1.000000,否
5,train/images/nozzle_no_extrusion_0897.jpg,val/images/nozzle_no_extrusion_0152.jpg,0.645332,0.763791,1.000000,否
5,train/images/nozzle_no_extrusion_0897.jpg,train/images/nozzle_no_extrusion_0153.jpg,0.578989,0.721220,1.000000,否
5,train/images/nozzle_no_extrusion_0897.jpg,val/images/nozzle_no_extrusion_0157.jpg,0.633492,0.809310,1.000000,否
5,train/images/nozzle_no_extrusion_0897.jpg,train/images/nozzle_no_extrusion_0890.jpg,0.601838,0.843040,1.000000,否
5,train/images/nozzle_no_extrusion_0897.jpg,train/images/nozzle_no_extrusion_0902.jpg,0.558583,0.762762,1.000000,否
5,train/images/nozzle_no_extrusion_0897.jpg,train/images/nozzle_no_extrusion_0386.jpg,0.952489,0.871637,1.000000,否
5,train/images/nozzle_no_extrusion_0897.jpg,train/images/nozzle_no_extrusion_0895.jpg,0.636980,0.879479,1.000000,否
5,train/images/nozzle_no_extrusion_0897.jpg,train/images/nozzle_no_extrusion_0893.jpg,0.542823,0.707060,1.000000,否
5,train/images/nozzle_no_extrusion_0897.jpg,train/images/nozzle_no_extrusion_0906.jpg,0.647914,0.886520,1.000000,否
5,test/images/nozzle_no_extrusion_0907.jpg,train/images/nozzle_no_extrusion_0388.jpg,0.633304,0.811595,1.000000,否
5,test/images/nozzle_no_extrusion_0907.jpg,val/images/nozzle_no_extrusion_0152.jpg,0.681602,0.780018,1.000000,否
5,test/images/nozzle_no_extrusion_0907.jpg,train/images/nozzle_no_extrusion_0153.jpg,0.601233,0.736348,1.000000,否
5,test/images/nozzle_no_extrusion_0907.jpg,val/images/nozzle_no_extrusion_0157.jpg,0.666893,0.830842,1.000000,否
5,test/images/nozzle_no_extrusion_0907.jpg,train/images/nozzle_no_extrusion_0890.jpg,0.625970,0.860210,1.000000,否
5,test/images/nozzle_no_extrusion_0907.jpg,train/images/nozzle_no_extrusion_0902.jpg,0.584443,0.789483,1.000000,否
5,test/images/nozzle_no_extrusion_0907.jpg,train/images/nozzle_no_extrusion_0386.jpg,0.739292,0.853411,1.000000,否
5,test/images/nozzle_no_extrusion_0907.jpg,train/images/nozzle_no_extrusion_0895.jpg,0.667289,0.905999,1.000000,否
5,test/images/nozzle_no_extrusion_0907.jpg,train/images/nozzle_no_extrusion_0893.jpg,0.552697,0.723903,1.000000,否
5,test/images/nozzle_no_extrusion_0907.jpg,train/images/nozzle_no_extrusion_0906.jpg,0.681763,0.914844,1.000000,否
5,train/images/nozzle_no_extrusion_0388.jpg,val/images/nozzle_no_extrusion_0152.jpg,0.838898,0.920718,1.000000,否
5,train/images/nozzle_no_extrusion_0388.jpg,train/images/nozzle_no_extrusion_0153.jpg,0.694788,0.883750,1.000000,否
5,train/images/nozzle_no_extrusion_0388.jpg,val/images/nozzle_no_extrusion_0157.jpg,0.771310,0.926944,1.000000,否
5,train/images/nozzle_no_extrusion_0388.jpg,train/images/nozzle_no_extrusion_0890.jpg,0.832902,0.903553,1.000000,否
5,train/images/nozzle_no_extrusion_0388.jpg,train/images/nozzle_no_extrusion_0902.jpg,0.644471,0.823223,1.000000,否
5,train/images/nozzle_no_extrusion_0388.jpg,train/images/nozzle_no_extrusion_0386.jpg,0.607902,0.850815,1.000000,否
5,train/images/nozzle_no_extrusion_0388.jpg,train/images/nozzle_no_extrusion_0895.jpg,0.761161,0.844723,1.000000,否
5,train/images/nozzle_no_extrusion_0388.jpg,train/images/nozzle_no_extrusion_0893.jpg,0.592208,0.763668,1.000000,否
5,train/images/nozzle_no_extrusion_0388.jpg,train/images/nozzle_no_extrusion_0906.jpg,0.733819,0.858036,1.000000,否
5,val/images/nozzle_no_extrusion_0152.jpg,train/images/nozzle_no_extrusion_0153.jpg,0.666631,0.914600,1.000000,否
5,val/images/nozzle_no_extrusion_0152.jpg,val/images/nozzle_no_extrusion_0157.jpg,0.906801,0.939816,1.000000,否
5,val/images/nozzle_no_extrusion_0152.jpg,train/images/nozzle_no_extrusion_0890.jpg,0.675777,0.837023,1.000000,否
5,val/images/nozzle_no_extrusion_0152.jpg,train/images/nozzle_no_extrusion_0902.jpg,0.609250,0.782420,1.000000,否
5,val/images/nozzle_no_extrusion_0152.jpg,train/images/nozzle_no_extrusion_0386.jpg,0.639894,0.816272,1.000000,否
5,val/images/nozzle_no_extrusion_0152.jpg,train/images/nozzle_no_extrusion_0895.jpg,0.842068,0.824508,1.000000,否
5,val/images/nozzle_no_extrusion_0152.jpg,train/images/nozzle_no_extrusion_0893.jpg,0.577039,0.734819,1.000000,否
5,val/images/nozzle_no_extrusion_0152.jpg,train/images/nozzle_no_extrusion_0906.jpg,0.815701,0.832292,1.000000,否
5,train/images/nozzle_no_extrusion_0153.jpg,val/images/nozzle_no_extrusion_0157.jpg,0.672020,0.873094,1.000000,否
5,train/images/nozzle_no_extrusion_0153.jpg,train/images/nozzle_no_extrusion_0890.jpg,0.697980,0.819910,1.000000,否
5,train/images/nozzle_no_extrusion_0153.jpg,train/images/nozzle_no_extrusion_0902.jpg,0.747639,0.825206,1.000000,否
5,train/images/nozzle_no_extrusion_0153.jpg,train/images/nozzle_no_extrusion_0386.jpg,0.580665,0.759883,1.000000,否
5,train/images/nozzle_no_extrusion_0153.jpg,train/images/nozzle_no_extrusion_0895.jpg,0.659519,0.766541,1.000000,否
5,train/images/nozzle_no_extrusion_0153.jpg,train/images/nozzle_no_extrusion_0893.jpg,0.641742,0.771129,1.000000,否
5,train/images/nozzle_no_extrusion_0153.jpg,train/images/nozzle_no_extrusion_0906.jpg,0.649273,0.774425,1.000000,否
5,val/images/nozzle_no_extrusion_0157.jpg,train/images/nozzle_no_extrusion_0890.jpg,0.689461,0.862337,1.000000,否
5,val/images/nozzle_no_extrusion_0157.jpg,train/images/nozzle_no_extrusion_0902.jpg,0.618703,0.798515,1.000000,否
5,val/images/nozzle_no_extrusion_0157.jpg,train/images/nozzle_no_extrusion_0386.jpg,0.629316,0.851475,1.000000,否
5,val/images/nozzle_no_extrusion_0157.jpg,train/images/nozzle_no_extrusion_0895.jpg,0.919607,0.876762,1.000000,否
5,val/images/nozzle_no_extrusion_0157.jpg,train/images/nozzle_no_extrusion_0893.jpg,0.580541,0.746834,1.000000,否
5,val/images/nozzle_no_extrusion_0157.jpg,train/images/nozzle_no_extrusion_0906.jpg,0.897555,0.885747,1.000000,否
5,train/images/nozzle_no_extrusion_0890.jpg,train/images/nozzle_no_extrusion_0902.jpg,0.671528,0.875924,1.000000,否
5,train/images/nozzle_no_extrusion_0890.jpg,train/images/nozzle_no_extrusion_0386.jpg,0.588378,0.775866,1.000000,否
5,train/images/nozzle_no_extrusion_0890.jpg,train/images/nozzle_no_extrusion_0895.jpg,0.697219,0.895555,1.000000,否
5,train/images/nozzle_no_extrusion_0890.jpg,train/images/nozzle_no_extrusion_0893.jpg,0.622535,0.815368,1.000000,否
5,train/images/nozzle_no_extrusion_0890.jpg,train/images/nozzle_no_extrusion_0906.jpg,0.689994,0.905365,1.000000,否
5,train/images/nozzle_no_extrusion_0902.jpg,train/images/nozzle_no_extrusion_0386.jpg,0.545710,0.702410,1.000000,否
5,train/images/nozzle_no_extrusion_0902.jpg,train/images/nozzle_no_extrusion_0895.jpg,0.629307,0.826649,1.000000,否
5,train/images/nozzle_no_extrusion_0902.jpg,train/images/nozzle_no_extrusion_0893.jpg,0.664131,0.852944,1.000000,否
5,train/images/nozzle_no_extrusion_0902.jpg,train/images/nozzle_no_extrusion_0906.jpg,0.621718,0.833935,1.000000,否
5,train/images/nozzle_no_extrusion_0386.jpg,train/images/nozzle_no_extrusion_0895.jpg,0.616633,0.790935,1.000000,否
5,train/images/nozzle_no_extrusion_0386.jpg,train/images/nozzle_no_extrusion_0893.jpg,0.529745,0.649880,1.000000,否
5,train/images/nozzle_no_extrusion_0386.jpg,train/images/nozzle_no_extrusion_0906.jpg,0.630741,0.801388,1.000000,否
5,train/images/nozzle_no_extrusion_0895.jpg,train/images/nozzle_no_extrusion_0893.jpg,0.591569,0.777941,1.000000,否
5,train/images/nozzle_no_extrusion_0895.jpg,train/images/nozzle_no_extrusion_0906.jpg,0.971905,0.961244,1.000000,是
5,train/images/nozzle_no_extrusion_0893.jpg,train/images/nozzle_no_extrusion_0906.jpg,0.586030,0.783901,1.000000,否
6,train/images/nozzle_no_extrusion_0292.jpg,train/images/nozzle_no_extrusion_0174.jpg,0.677387,0.797502,1.000000,否
6,train/images/nozzle_no_extrusion_0292.jpg,test/images/nozzle_no_extrusion_0291.jpg,0.666273,0.767458,1.000000,否
6,train/images/nozzle_no_extrusion_0292.jpg,train/images/nozzle_no_extrusion_0369.jpg,0.666163,0.769331,1.000000,否
6,train/images/nozzle_no_extrusion_0292.jpg,train/images/nozzle_no_extrusion_0216.jpg,0.653292,0.742141,1.000000,否
6,train/images/nozzle_no_extrusion_0292.jpg,train/images/nozzle_no_extrusion_0255.jpg,0.829335,0.926620,1.000000,否
6,train/images/nozzle_no_extrusion_0292.jpg,train/images/nozzle_no_extrusion_0177.jpg,0.661981,0.763422,1.000000,否
6,train/images/nozzle_no_extrusion_0292.jpg,test/images/nozzle_no_extrusion_0179.jpg,0.691482,0.858440,1.000000,否
6,train/images/nozzle_no_extrusion_0292.jpg,val/images/nozzle_no_extrusion_0367.jpg,0.668427,0.764851,1.000000,否
6,train/images/nozzle_no_extrusion_0292.jpg,test/images/nozzle_no_extrusion_0217.jpg,0.839397,0.928714,1.000000,否
6,train/images/nozzle_no_extrusion_0292.jpg,train/images/nozzle_no_extrusion_0333.jpg,0.992724,0.969698,1.000000,是
6,train/images/nozzle_no_extrusion_0292.jpg,train/images/nozzle_no_extrusion_0330.jpg,0.655542,0.748522,1.000000,否
6,train/images/nozzle_no_extrusion_0292.jpg,train/images/nozzle_no_extrusion_0173.jpg,0.887986,0.938867,1.000000,否
6,train/images/nozzle_no_extrusion_0292.jpg,test/images/nozzle_no_extrusion_0327.jpg,0.685686,0.844192,1.000000,否
6,train/images/nozzle_no_extrusion_0292.jpg,train/images/nozzle_no_extrusion_0215.jpg,0.671010,0.770218,1.000000,否
6,train/images/nozzle_no_extrusion_0292.jpg,val/images/nozzle_no_extrusion_0366.jpg,0.693312,0.834366,1.000000,否
6,train/images/nozzle_no_extrusion_0292.jpg,train/images/nozzle_no_extrusion_0251.jpg,0.680675,0.800112,1.000000,否
6,train/images/nozzle_no_extrusion_0292.jpg,test/images/nozzle_no_extrusion_0252.jpg,0.673585,0.776664,1.000000,否
6,train/images/nozzle_no_extrusion_0292.jpg,val/images/nozzle_no_extrusion_0332.jpg,0.664101,0.770566,1.000000,否
6,train/images/nozzle_no_extrusion_0292.jpg,test/images/nozzle_no_extrusion_0293.jpg,0.665243,0.847972,1.000000,否
6,train/images/nozzle_no_extrusion_0292.jpg,train/images/nozzle_no_extrusion_0370.jpg,0.994512,0.966375,1.000000,是
6,train/images/nozzle_no_extrusion_0292.jpg,train/images/nozzle_no_extrusion_0329.jpg,0.670409,0.766139,1.000000,否
6,train/images/nozzle_no_extrusion_0292.jpg,val/images/nozzle_no_extrusion_0254.jpg,0.673328,0.783499,1.000000,否
6,train/images/nozzle_no_extrusion_0292.jpg,val/images/nozzle_no_extrusion_0328.jpg,0.739215,0.873224,1.000000,否
6,train/images/nozzle_no_extrusion_0292.jpg,train/images/nozzle_no_extrusion_0289.jpg,0.659804,0.747641,1.000000,否
6,train/images/nozzle_no_extrusion_0292.jpg,train/images/nozzle_no_extrusion_0214.jpg,0.946159,0.932679,1.000000,否
6,train/images/nozzle_no_extrusion_0292.jpg,train/images/nozzle_no_extrusion_0178.jpg,0.916169,0.949971,1.000000,否
6,train/images/nozzle_no_extrusion_0292.jpg,train/images/nozzle_no_extrusion_0288.jpg,0.673473,0.772279,1.000000,否
6,train/images/nozzle_no_extrusion_0292.jpg,train/images/nozzle_no_extrusion_0287.jpg,0.750394,0.879163,1.000000,否
6,train/images/nozzle_no_extrusion_0174.jpg,test/images/nozzle_no_extrusion_0291.jpg,0.772999,0.865230,1.000000,否
6,train/images/nozzle_no_extrusion_0174.jpg,train/images/nozzle_no_extrusion_0369.jpg,0.765128,0.869747,1.000000,否
6,train/images/nozzle_no_extrusion_0174.jpg,train/images/nozzle_no_extrusion_0216.jpg,0.678879,0.818266,1.000000,否
6,train/images/nozzle_no_extrusion_0174.jpg,train/images/nozzle_no_extrusion_0255.jpg,0.670371,0.764776,1.000000,否
6,train/images/nozzle_no_extrusion_0174.jpg,train/images/nozzle_no_extrusion_0177.jpg,0.740812,0.863003,1.000000,否
6,train/images/nozzle_no_extrusion_0174.jpg,test/images/nozzle_no_extrusion_0179.jpg,0.657264,0.740133,1.000000,否
6,train/images/nozzle_no_extrusion_0174.jpg,val/images/nozzle_no_extrusion_0367.jpg,0.730616,0.857935,1.000000,否
6,train/images/nozzle_no_extrusion_0174.jpg,test/images/nozzle_no_extrusion_0217.jpg,0.694025,0.842139,1.000000,否
6,train/images/nozzle_no_extrusion_0174.jpg,train/images/nozzle_no_extrusion_0333.jpg,0.677623,0.795203,1.000000,否
6,train/images/nozzle_no_extrusion_0174.jpg,train/images/nozzle_no_extrusion_0330.jpg,0.676796,0.824442,1.000000,否
6,train/images/nozzle_no_extrusion_0174.jpg,train/images/nozzle_no_extrusion_0173.jpg,0.679686,0.800003,1.000000,否
6,train/images/nozzle_no_extrusion_0174.jpg,test/images/nozzle_no_extrusion_0327.jpg,0.658601,0.748870,1.000000,否
6,train/images/nozzle_no_extrusion_0174.jpg,train/images/nozzle_no_extrusion_0215.jpg,0.889560,0.919484,1.000000,否
6,train/images/nozzle_no_extrusion_0174.jpg,val/images/nozzle_no_extrusion_0366.jpg,0.735626,0.900877,1.000000,否
6,train/images/nozzle_no_extrusion_0174.jpg,train/images/nozzle_no_extrusion_0251.jpg,0.889421,0.942991,1.000000,否
6,train/images/nozzle_no_extrusion_0174.jpg,test/images/nozzle_no_extrusion_0252.jpg,0.829948,0.895103,1.000000,否
6,train/images/nozzle_no_extrusion_0174.jpg,val/images/nozzle_no_extrusion_0332.jpg,0.759995,0.863346,1.000000,否
6,train/images/nozzle_no_extrusion_0174.jpg,test/images/nozzle_no_extrusion_0293.jpg,0.625323,0.736418,1.000000,否
6,train/images/nozzle_no_extrusion_0174.jpg,train/images/nozzle_no_extrusion_0370.jpg,0.678359,0.796704,1.000000,否
6,train/images/nozzle_no_extrusion_0174.jpg,train/images/nozzle_no_extrusion_0329.jpg,0.852811,0.907190,1.000000,否
6,train/images/nozzle_no_extrusion_0174.jpg,val/images/nozzle_no_extrusion_0254.jpg,0.847806,0.902465,1.000000,否
6,train/images/nozzle_no_extrusion_0174.jpg,val/images/nozzle_no_extrusion_0328.jpg,0.690497,0.870541,1.000000,否
6,train/images/nozzle_no_extrusion_0174.jpg,train/images/nozzle_no_extrusion_0289.jpg,0.680172,0.830064,1.000000,否
6,train/images/nozzle_no_extrusion_0174.jpg,train/images/nozzle_no_extrusion_0214.jpg,0.675275,0.815625,1.000000,否
6,train/images/nozzle_no_extrusion_0174.jpg,train/images/nozzle_no_extrusion_0178.jpg,0.679120,0.775701,1.000000,否
6,train/images/nozzle_no_extrusion_0174.jpg,train/images/nozzle_no_extrusion_0288.jpg,0.868323,0.915324,1.000000,否
6,train/images/nozzle_no_extrusion_0174.jpg,train/images/nozzle_no_extrusion_0287.jpg,0.690337,0.867712,1.000000,否
6,test/images/nozzle_no_extrusion_0291.jpg,train/images/nozzle_no_extrusion_0369.jpg,0.992907,0.968790,1.000000,是
6,test/images/nozzle_no_extrusion_0291.jpg,train/images/nozzle_no_extrusion_0216.jpg,0.771012,0.877186,1.000000,否
6,test/images/nozzle_no_extrusion_0291.jpg,train/images/nozzle_no_extrusion_0255.jpg,0.655531,0.734371,1.000000,否
6,test/images/nozzle_no_extrusion_0291.jpg,train/images/nozzle_no_extrusion_0177.jpg,0.904906,0.930633,1.000000,否
6,test/images/nozzle_no_extrusion_0291.jpg,test/images/nozzle_no_extrusion_0179.jpg,0.640050,0.710095,1.000000,否
6,test/images/nozzle_no_extrusion_0291.jpg,val/images/nozzle_no_extrusion_0367.jpg,0.951267,0.958953,1.000000,是
6,test/images/nozzle_no_extrusion_0291.jpg,test/images/nozzle_no_extrusion_0217.jpg,0.679890,0.806206,1.000000,否
6,test/images/nozzle_no_extrusion_0291.jpg,train/images/nozzle_no_extrusion_0333.jpg,0.666733,0.764906,1.000000,否
6,test/images/nozzle_no_extrusion_0291.jpg,train/images/nozzle_no_extrusion_0330.jpg,0.832780,0.914926,1.000000,否
6,test/images/nozzle_no_extrusion_0291.jpg,train/images/nozzle_no_extrusion_0173.jpg,0.654813,0.757658,1.000000,否
6,test/images/nozzle_no_extrusion_0291.jpg,test/images/nozzle_no_extrusion_0327.jpg,0.634427,0.711266,1.000000,否
6,test/images/nozzle_no_extrusion_0291.jpg,train/images/nozzle_no_extrusion_0215.jpg,0.874449,0.915872,1.000000,否
6,test/images/nozzle_no_extrusion_0291.jpg,val/images/nozzle_no_extrusion_0366.jpg,0.670183,0.829332,1.000000,否
6,test/images/nozzle_no_extrusion_0291.jpg,train/images/nozzle_no_extrusion_0251.jpg,0.715065,0.862128,1.000000,否
6,test/images/nozzle_no_extrusion_0291.jpg,test/images/nozzle_no_extrusion_0252.jpg,0.951079,0.954142,1.000000,是
6,test/images/nozzle_no_extrusion_0291.jpg,val/images/nozzle_no_extrusion_0332.jpg,0.992129,0.972269,1.000000,是
6,test/images/nozzle_no_extrusion_0291.jpg,test/images/nozzle_no_extrusion_0293.jpg,0.614179,0.701625,1.000000,否
6,test/images/nozzle_no_extrusion_0291.jpg,train/images/nozzle_no_extrusion_0370.jpg,0.666928,0.766887,1.000000,否
6,test/images/nozzle_no_extrusion_0291.jpg,train/images/nozzle_no_extrusion_0329.jpg,0.930275,0.934281,1.000000,否
6,test/images/nozzle_no_extrusion_0291.jpg,val/images/nozzle_no_extrusion_0254.jpg,0.957711,0.954235,1.000000,是
6,test/images/nozzle_no_extrusion_0291.jpg,val/images/nozzle_no_extrusion_0328.jpg,0.675378,0.811265,1.000000,否
6,test/images/nozzle_no_extrusion_0291.jpg,train/images/nozzle_no_extrusion_0289.jpg,0.852581,0.922360,1.000000,否
6,test/images/nozzle_no_extrusion_0291.jpg,train/images/nozzle_no_extrusion_0214.jpg,0.651926,0.772007,1.000000,否
6,test/images/nozzle_no_extrusion_0291.jpg,train/images/nozzle_no_extrusion_0178.jpg,0.661636,0.747382,1.000000,否
6,test/images/nozzle_no_extrusion_0291.jpg,train/images/nozzle_no_extrusion_0288.jpg,0.915899,0.929417,1.000000,否
6,test/images/nozzle_no_extrusion_0291.jpg,train/images/nozzle_no_extrusion_0287.jpg,0.676035,0.814218,1.000000,否
6,train/images/nozzle_no_extrusion_0369.jpg,train/images/nozzle_no_extrusion_0216.jpg,0.779678,0.875707,1.000000,否
6,train/images/nozzle_no_extrusion_0369.jpg,train/images/nozzle_no_extrusion_0255.jpg,0.655406,0.733238,1.000000,否
6,train/images/nozzle_no_extrusion_0369.jpg,train/images/nozzle_no_extrusion_0177.jpg,0.902982,0.925197,1.000000,否
6,train/images/nozzle_no_extrusion_0369.jpg,test/images/nozzle_no_extrusion_0179.jpg,0.639881,0.707462,1.000000,否
6,train/images/nozzle_no_extrusion_0369.jpg,val/images/nozzle_no_extrusion_0367.jpg,0.952838,0.961267,1.000000,是
6,train/images/nozzle_no_extrusion_0369.jpg,test/images/nozzle_no_extrusion_0217.jpg,0.681356,0.810624,1.000000,否
6,train/images/nozzle_no_extrusion_0369.jpg,train/images/nozzle_no_extrusion_0333.jpg,0.667528,0.769444,1.000000,否
6,train/images/nozzle_no_extrusion_0369.jpg,train/images/nozzle_no_extrusion_0330.jpg,0.842730,0.914157,1.000000,否
6,train/images/nozzle_no_extrusion_0369.jpg,train/images/nozzle_no_extrusion_0173.jpg,0.655068,0.757693,1.000000,否
6,train/images/nozzle_no_extrusion_0369.jpg,test/images/nozzle_no_extrusion_0327.jpg,0.634851,0.710175,1.000000,否
6,train/images/nozzle_no_extrusion_0369.jpg,train/images/nozzle_no_extrusion_0215.jpg,0.865299,0.916229,1.000000,否
6,train/images/nozzle_no_extrusion_0369.jpg,val/images/nozzle_no_extrusion_0366.jpg,0.673115,0.837500,1.000000,否
6,train/images/nozzle_no_extrusion_0369.jpg,train/images/nozzle_no_extrusion_0251.jpg,0.714602,0.865286,1.000000,否
6,train/images/nozzle_no_extrusion_0369.jpg,test/images/nozzle_no_extrusion_0252.jpg,0.942291,0.950527,1.000000,否
6,train/images/nozzle_no_extrusion_0369.jpg,val/images/nozzle_no_extrusion_0332.jpg,0.994676,0.969976,1.000000,是
6,train/images/nozzle_no_extrusion_0369.jpg,test/images/nozzle_no_extrusion_0293.jpg,0.613878,0.697836,1.000000,否
6,train/images/nozzle_no_extrusion_0369.jpg,train/images/nozzle_no_extrusion_0370.jpg,0.668029,0.773673,1.000000,否
6,train/images/nozzle_no_extrusion_0369.jpg,train/images/nozzle_no_extrusion_0329.jpg,0.922285,0.933823,1.000000,否
6,train/images/nozzle_no_extrusion_0369.jpg,val/images/nozzle_no_extrusion_0254.jpg,0.950319,0.954686,1.000000,是
6,train/images/nozzle_no_extrusion_0369.jpg,val/images/nozzle_no_extrusion_0328.jpg,0.677294,0.821830,1.000000,否
6,train/images/nozzle_no_extrusion_0369.jpg,train/images/nozzle_no_extrusion_0289.jpg,0.860450,0.919327,1.000000,否
6,train/images/nozzle_no_extrusion_0369.jpg,train/images/nozzle_no_extrusion_0214.jpg,0.652975,0.774435,1.000000,否
6,train/images/nozzle_no_extrusion_0369.jpg,train/images/nozzle_no_extrusion_0178.jpg,0.661160,0.747811,1.000000,否
6,train/images/nozzle_no_extrusion_0369.jpg,train/images/nozzle_no_extrusion_0288.jpg,0.906551,0.931189,1.000000,否
6,train/images/nozzle_no_extrusion_0369.jpg,train/images/nozzle_no_extrusion_0287.jpg,0.677717,0.820841,1.000000,否
6,train/images/nozzle_no_extrusion_0216.jpg,train/images/nozzle_no_extrusion_0255.jpg,0.648514,0.713021,1.000000,否
6,train/images/nozzle_no_extrusion_0216.jpg,train/images/nozzle_no_extrusion_0177.jpg,0.782746,0.861734,1.000000,否
6,train/images/nozzle_no_extrusion_0216.jpg,test/images/nozzle_no_extrusion_0179.jpg,0.634951,0.679087,1.000000,否
6,train/images/nozzle_no_extrusion_0216.jpg,val/images/nozzle_no_extrusion_0367.jpg,0.802549,0.887466,1.000000,否
6,train/images/nozzle_no_extrusion_0216.jpg,test/images/nozzle_no_extrusion_0217.jpg,0.669597,0.778329,1.000000,否
6,train/images/nozzle_no_extrusion_0216.jpg,train/images/nozzle_no_extrusion_0333.jpg,0.653813,0.737182,1.000000,否
6,train/images/nozzle_no_extrusion_0216.jpg,train/images/nozzle_no_extrusion_0330.jpg,0.953459,0.944090,1.000000,否
6,train/images/nozzle_no_extrusion_0216.jpg,train/images/nozzle_no_extrusion_0173.jpg,0.649649,0.736722,1.000000,否
6,train/images/nozzle_no_extrusion_0216.jpg,test/images/nozzle_no_extrusion_0327.jpg,0.635612,0.680930,1.000000,否
6,train/images/nozzle_no_extrusion_0216.jpg,train/images/nozzle_no_extrusion_0215.jpg,0.684852,0.841885,1.000000,否
6,train/images/nozzle_no_extrusion_0216.jpg,val/images/nozzle_no_extrusion_0366.jpg,0.669014,0.812774,1.000000,否
6,train/images/nozzle_no_extrusion_0216.jpg,train/images/nozzle_no_extrusion_0251.jpg,0.685317,0.826855,1.000000,否
6,train/images/nozzle_no_extrusion_0216.jpg,test/images/nozzle_no_extrusion_0252.jpg,0.714234,0.861334,1.000000,否
6,train/images/nozzle_no_extrusion_0216.jpg,val/images/nozzle_no_extrusion_0332.jpg,0.786602,0.878550,1.000000,否
6,train/images/nozzle_no_extrusion_0216.jpg,test/images/nozzle_no_extrusion_0293.jpg,0.611640,0.665281,1.000000,否
6,train/images/nozzle_no_extrusion_0216.jpg,train/images/nozzle_no_extrusion_0370.jpg,0.653836,0.735467,1.000000,否
6,train/images/nozzle_no_extrusion_0216.jpg,train/images/nozzle_no_extrusion_0329.jpg,0.695763,0.849221,1.000000,否
6,train/images/nozzle_no_extrusion_0216.jpg,val/images/nozzle_no_extrusion_0254.jpg,0.722865,0.850466,1.000000,否
6,train/images/nozzle_no_extrusion_0216.jpg,val/images/nozzle_no_extrusion_0328.jpg,0.661787,0.793272,1.000000,否
6,train/images/nozzle_no_extrusion_0216.jpg,train/images/nozzle_no_extrusion_0289.jpg,0.941770,0.937698,1.000000,否
6,train/images/nozzle_no_extrusion_0216.jpg,train/images/nozzle_no_extrusion_0214.jpg,0.643546,0.756950,1.000000,否
6,train/images/nozzle_no_extrusion_0216.jpg,train/images/nozzle_no_extrusion_0178.jpg,0.650555,0.717524,1.000000,否
6,train/images/nozzle_no_extrusion_0216.jpg,train/images/nozzle_no_extrusion_0288.jpg,0.687607,0.837952,1.000000,否
6,train/images/nozzle_no_extrusion_0216.jpg,train/images/nozzle_no_extrusion_0287.jpg,0.661603,0.793728,1.000000,否
6,train/images/nozzle_no_extrusion_0255.jpg,train/images/nozzle_no_extrusion_0177.jpg,0.657549,0.732590,1.000000,否
6,train/images/nozzle_no_extrusion_0255.jpg,test/images/nozzle_no_extrusion_0179.jpg,0.787029,0.917029,1.000000,否
6,train/images/nozzle_no_extrusion_0255.jpg,val/images/nozzle_no_extrusion_0367.jpg,0.651416,0.732457,1.000000,否
6,train/images/nozzle_no_extrusion_0255.jpg,test/images/nozzle_no_extrusion_0217.jpg,0.700363,0.859890,1.000000,否
6,train/images/nozzle_no_extrusion_0255.jpg,train/images/nozzle_no_extrusion_0333.jpg,0.806785,0.921310,1.000000,否
6,train/images/nozzle_no_extrusion_0255.jpg,train/images/nozzle_no_extrusion_0330.jpg,0.643424,0.718994,1.000000,否
6,train/images/nozzle_no_extrusion_0255.jpg,train/images/nozzle_no_extrusion_0173.jpg,0.877373,0.934416,1.000000,否
6,train/images/nozzle_no_extrusion_0255.jpg,test/images/nozzle_no_extrusion_0327.jpg,0.779005,0.895145,1.000000,否
6,train/images/nozzle_no_extrusion_0255.jpg,train/images/nozzle_no_extrusion_0215.jpg,0.666231,0.738169,1.000000,否
6,train/images/nozzle_no_extrusion_0255.jpg,val/images/nozzle_no_extrusion_0366.jpg,0.679794,0.788481,1.000000,否
6,train/images/nozzle_no_extrusion_0255.jpg,train/images/nozzle_no_extrusion_0251.jpg,0.671685,0.767653,1.000000,否
6,train/images/nozzle_no_extrusion_0255.jpg,test/images/nozzle_no_extrusion_0252.jpg,0.663544,0.742198,1.000000,否
6,train/images/nozzle_no_extrusion_0255.jpg,val/images/nozzle_no_extrusion_0332.jpg,0.653691,0.736216,1.000000,否
6,train/images/nozzle_no_extrusion_0255.jpg,test/images/nozzle_no_extrusion_0293.jpg,0.710957,0.903304,1.000000,否
6,train/images/nozzle_no_extrusion_0255.jpg,train/images/nozzle_no_extrusion_0370.jpg,0.817305,0.924382,1.000000,否
6,train/images/nozzle_no_extrusion_0255.jpg,train/images/nozzle_no_extrusion_0329.jpg,0.660722,0.733426,1.000000,否
6,train/images/nozzle_no_extrusion_0255.jpg,val/images/nozzle_no_extrusion_0254.jpg,0.665126,0.744742,1.000000,否
6,train/images/nozzle_no_extrusion_0255.jpg,val/images/nozzle_no_extrusion_0328.jpg,0.687438,0.816679,1.000000,否
6,train/images/nozzle_no_extrusion_0255.jpg,train/images/nozzle_no_extrusion_0289.jpg,0.646641,0.715185,1.000000,否
6,train/images/nozzle_no_extrusion_0255.jpg,train/images/nozzle_no_extrusion_0214.jpg,0.827926,0.896842,1.000000,否
6,train/images/nozzle_no_extrusion_0255.jpg,train/images/nozzle_no_extrusion_0178.jpg,0.873052,0.936787,1.000000,否
6,train/images/nozzle_no_extrusion_0255.jpg,train/images/nozzle_no_extrusion_0288.jpg,0.665834,0.739527,1.000000,否
6,train/images/nozzle_no_extrusion_0255.jpg,train/images/nozzle_no_extrusion_0287.jpg,0.690093,0.823557,1.000000,否
6,train/images/nozzle_no_extrusion_0177.jpg,test/images/nozzle_no_extrusion_0179.jpg,0.640029,0.707816,1.000000,否
6,train/images/nozzle_no_extrusion_0177.jpg,val/images/nozzle_no_extrusion_0367.jpg,0.897624,0.931245,1.000000,否
6,train/images/nozzle_no_extrusion_0177.jpg,test/images/nozzle_no_extrusion_0217.jpg,0.669367,0.802403,1.000000,否
6,train/images/nozzle_no_extrusion_0177.jpg,train/images/nozzle_no_extrusion_0333.jpg,0.662681,0.755467,1.000000,否
6,train/images/nozzle_no_extrusion_0177.jpg,train/images/nozzle_no_extrusion_0330.jpg,0.847762,0.900268,1.000000,否
6,train/images/nozzle_no_extrusion_0177.jpg,train/images/nozzle_no_extrusion_0173.jpg,0.653959,0.750972,1.000000,否
6,train/images/nozzle_no_extrusion_0177.jpg,test/images/nozzle_no_extrusion_0327.jpg,0.631866,0.703087,1.000000,否
6,train/images/nozzle_no_extrusion_0177.jpg,train/images/nozzle_no_extrusion_0215.jpg,0.775204,0.881769,1.000000,否
6,train/images/nozzle_no_extrusion_0177.jpg,val/images/nozzle_no_extrusion_0366.jpg,0.672479,0.821849,1.000000,否
6,train/images/nozzle_no_extrusion_0177.jpg,train/images/nozzle_no_extrusion_0251.jpg,0.682800,0.843309,1.000000,否
6,train/images/nozzle_no_extrusion_0177.jpg,test/images/nozzle_no_extrusion_0252.jpg,0.866879,0.924196,1.000000,否
6,train/images/nozzle_no_extrusion_0177.jpg,val/images/nozzle_no_extrusion_0332.jpg,0.914147,0.933141,1.000000,否
6,train/images/nozzle_no_extrusion_0177.jpg,test/images/nozzle_no_extrusion_0293.jpg,0.621178,0.695709,1.000000,否
6,train/images/nozzle_no_extrusion_0177.jpg,train/images/nozzle_no_extrusion_0370.jpg,0.662763,0.762650,1.000000,否
6,train/images/nozzle_no_extrusion_0177.jpg,train/images/nozzle_no_extrusion_0329.jpg,0.825978,0.900220,1.000000,否
6,train/images/nozzle_no_extrusion_0177.jpg,val/images/nozzle_no_extrusion_0254.jpg,0.850854,0.919338,1.000000,否
6,train/images/nozzle_no_extrusion_0177.jpg,val/images/nozzle_no_extrusion_0328.jpg,0.668617,0.807237,1.000000,否
6,train/images/nozzle_no_extrusion_0177.jpg,train/images/nozzle_no_extrusion_0289.jpg,0.856257,0.907543,1.000000,否
6,train/images/nozzle_no_extrusion_0177.jpg,train/images/nozzle_no_extrusion_0214.jpg,0.642897,0.763259,1.000000,否
6,train/images/nozzle_no_extrusion_0177.jpg,train/images/nozzle_no_extrusion_0178.jpg,0.662967,0.741950,1.000000,否
6,train/images/nozzle_no_extrusion_0177.jpg,train/images/nozzle_no_extrusion_0288.jpg,0.811410,0.892222,1.000000,否
6,train/images/nozzle_no_extrusion_0177.jpg,train/images/nozzle_no_extrusion_0287.jpg,0.667264,0.809008,1.000000,否
6,test/images/nozzle_no_extrusion_0179.jpg,val/images/nozzle_no_extrusion_0367.jpg,0.640426,0.704426,1.000000,否
6,test/images/nozzle_no_extrusion_0179.jpg,test/images/nozzle_no_extrusion_0217.jpg,0.684460,0.812310,1.000000,否
6,test/images/nozzle_no_extrusion_0179.jpg,train/images/nozzle_no_extrusion_0333.jpg,0.689719,0.854108,1.000000,否
6,test/images/nozzle_no_extrusion_0179.jpg,train/images/nozzle_no_extrusion_0330.jpg,0.632891,0.685001,1.000000,否
6,test/images/nozzle_no_extrusion_0179.jpg,train/images/nozzle_no_extrusion_0173.jpg,0.735689,0.872631,1.000000,否
6,test/images/nozzle_no_extrusion_0179.jpg,test/images/nozzle_no_extrusion_0327.jpg,0.916104,0.939701,1.000000,否
6,test/images/nozzle_no_extrusion_0179.jpg,train/images/nozzle_no_extrusion_0215.jpg,0.643114,0.714267,1.000000,否
6,test/images/nozzle_no_extrusion_0179.jpg,val/images/nozzle_no_extrusion_0366.jpg,0.668042,0.756472,1.000000,否
6,test/images/nozzle_no_extrusion_0179.jpg,train/images/nozzle_no_extrusion_0251.jpg,0.658204,0.735699,1.000000,否
6,test/images/nozzle_no_extrusion_0179.jpg,test/images/nozzle_no_extrusion_0252.jpg,0.644360,0.718440,1.000000,否
6,test/images/nozzle_no_extrusion_0179.jpg,val/images/nozzle_no_extrusion_0332.jpg,0.637262,0.711243,1.000000,否
6,test/images/nozzle_no_extrusion_0179.jpg,test/images/nozzle_no_extrusion_0293.jpg,0.876159,0.937819,1.000000,否
6,test/images/nozzle_no_extrusion_0179.jpg,train/images/nozzle_no_extrusion_0370.jpg,0.689398,0.856142,1.000000,否
6,test/images/nozzle_no_extrusion_0179.jpg,train/images/nozzle_no_extrusion_0329.jpg,0.640044,0.713453,1.000000,否
6,test/images/nozzle_no_extrusion_0179.jpg,val/images/nozzle_no_extrusion_0254.jpg,0.646029,0.719355,1.000000,否
6,test/images/nozzle_no_extrusion_0179.jpg,val/images/nozzle_no_extrusion_0328.jpg,0.671346,0.776999,1.000000,否
6,test/images/nozzle_no_extrusion_0179.jpg,train/images/nozzle_no_extrusion_0289.jpg,0.637201,0.683554,1.000000,否
6,test/images/nozzle_no_extrusion_0179.jpg,train/images/nozzle_no_extrusion_0214.jpg,0.702829,0.827103,1.000000,否
6,test/images/nozzle_no_extrusion_0179.jpg,train/images/nozzle_no_extrusion_0178.jpg,0.705306,0.880074,1.000000,否
6,test/images/nozzle_no_extrusion_0179.jpg,train/images/nozzle_no_extrusion_0288.jpg,0.643637,0.718247,1.000000,否
6,test/images/nozzle_no_extrusion_0179.jpg,train/images/nozzle_no_extrusion_0287.jpg,0.674350,0.784583,1.000000,否
6,val/images/nozzle_no_extrusion_0367.jpg,test/images/nozzle_no_extrusion_0217.jpg,0.675492,0.804043,1.000000,否
6,val/images/nozzle_no_extrusion_0367.jpg,train/images/nozzle_no_extrusion_0333.jpg,0.669614,0.763150,1.000000,否
6,val/images/nozzle_no_extrusion_0367.jpg,train/images/nozzle_no_extrusion_0330.jpg,0.892383,0.931160,1.000000,否
6,val/images/nozzle_no_extrusion_0367.jpg,train/images/nozzle_no_extrusion_0173.jpg,0.656713,0.753765,1.000000,否
6,val/images/nozzle_no_extrusion_0367.jpg,test/images/nozzle_no_extrusion_0327.jpg,0.634287,0.712225,1.000000,否
6,val/images/nozzle_no_extrusion_0367.jpg,train/images/nozzle_no_extrusion_0215.jpg,0.824428,0.906793,1.000000,否
6,val/images/nozzle_no_extrusion_0367.jpg,val/images/nozzle_no_extrusion_0366.jpg,0.677192,0.837199,1.000000,否
6,val/images/nozzle_no_extrusion_0367.jpg,train/images/nozzle_no_extrusion_0251.jpg,0.689688,0.858876,1.000000,否
6,val/images/nozzle_no_extrusion_0367.jpg,test/images/nozzle_no_extrusion_0252.jpg,0.936460,0.945698,1.000000,否
6,val/images/nozzle_no_extrusion_0367.jpg,val/images/nozzle_no_extrusion_0332.jpg,0.956241,0.960481,1.000000,是
6,val/images/nozzle_no_extrusion_0367.jpg,test/images/nozzle_no_extrusion_0293.jpg,0.616054,0.696094,1.000000,否
6,val/images/nozzle_no_extrusion_0367.jpg,train/images/nozzle_no_extrusion_0370.jpg,0.669858,0.765722,1.000000,否
6,val/images/nozzle_no_extrusion_0367.jpg,train/images/nozzle_no_extrusion_0329.jpg,0.896751,0.928711,1.000000,否
6,val/images/nozzle_no_extrusion_0367.jpg,val/images/nozzle_no_extrusion_0254.jpg,0.893511,0.935342,1.000000,否
6,val/images/nozzle_no_extrusion_0367.jpg,val/images/nozzle_no_extrusion_0328.jpg,0.675915,0.819850,1.000000,否
6,val/images/nozzle_no_extrusion_0367.jpg,train/images/nozzle_no_extrusion_0289.jpg,0.913302,0.937446,1.000000,否
6,val/images/nozzle_no_extrusion_0367.jpg,train/images/nozzle_no_extrusion_0214.jpg,0.652837,0.772861,1.000000,否
6,val/images/nozzle_no_extrusion_0367.jpg,train/images/nozzle_no_extrusion_0178.jpg,0.662633,0.741522,1.000000,否
6,val/images/nozzle_no_extrusion_0367.jpg,train/images/nozzle_no_extrusion_0288.jpg,0.875623,0.917537,1.000000,否
6,val/images/nozzle_no_extrusion_0367.jpg,train/images/nozzle_no_extrusion_0287.jpg,0.675624,0.818881,1.000000,否
6,test/images/nozzle_no_extrusion_0217.jpg,train/images/nozzle_no_extrusion_0333.jpg,0.861160,0.926088,1.000000,否
6,test/images/nozzle_no_extrusion_0217.jpg,train/images/nozzle_no_extrusion_0330.jpg,0.668129,0.782716,1.000000,否
6,test/images/nozzle_no_extrusion_0217.jpg,train/images/nozzle_no_extrusion_0173.jpg,0.743332,0.891485,1.000000,否
6,test/images/nozzle_no_extrusion_0217.jpg,test/images/nozzle_no_extrusion_0327.jpg,0.682952,0.809465,1.000000,否
6,test/images/nozzle_no_extrusion_0217.jpg,train/images/nozzle_no_extrusion_0215.jpg,0.680386,0.817544,1.000000,否
6,test/images/nozzle_no_extrusion_0217.jpg,val/images/nozzle_no_extrusion_0366.jpg,0.777227,0.896832,1.000000,否
6,test/images/nozzle_no_extrusion_0217.jpg,train/images/nozzle_no_extrusion_0251.jpg,0.697237,0.854421,1.000000,否
6,test/images/nozzle_no_extrusion_0217.jpg,test/images/nozzle_no_extrusion_0252.jpg,0.683214,0.817521,1.000000,否
6,test/images/nozzle_no_extrusion_0217.jpg,val/images/nozzle_no_extrusion_0332.jpg,0.677978,0.811222,1.000000,否
6,test/images/nozzle_no_extrusion_0217.jpg,test/images/nozzle_no_extrusion_0293.jpg,0.652555,0.809979,1.000000,否
6,test/images/nozzle_no_extrusion_0217.jpg,train/images/nozzle_no_extrusion_0370.jpg,0.850020,0.931084,1.000000,否
6,test/images/nozzle_no_extrusion_0217.jpg,train/images/nozzle_no_extrusion_0329.jpg,0.680960,0.809560,1.000000,否
6,test/images/nozzle_no_extrusion_0217.jpg,val/images/nozzle_no_extrusion_0254.jpg,0.689847,0.828423,1.000000,否
6,test/images/nozzle_no_extrusion_0217.jpg,val/images/nozzle_no_extrusion_0328.jpg,0.900210,0.931470,1.000000,否
6,test/images/nozzle_no_extrusion_0217.jpg,train/images/nozzle_no_extrusion_0289.jpg,0.671535,0.786304,1.000000,否
6,test/images/nozzle_no_extrusion_0217.jpg,train/images/nozzle_no_extrusion_0214.jpg,0.825119,0.908802,1.000000,否
6,test/images/nozzle_no_extrusion_0217.jpg,train/images/nozzle_no_extrusion_0178.jpg,0.745434,0.891213,1.000000,否
6,test/images/nozzle_no_extrusion_0217.jpg,train/images/nozzle_no_extrusion_0288.jpg,0.683714,0.811291,1.000000,否
6,test/images/nozzle_no_extrusion_0217.jpg,train/images/nozzle_no_extrusion_0287.jpg,0.913829,0.934660,1.000000,否
6,train/images/nozzle_no_extrusion_0333.jpg,train/images/nozzle_no_extrusion_0330.jpg,0.657979,0.743250,1.000000,否
6,train/images/nozzle_no_extrusion_0333.jpg,train/images/nozzle_no_extrusion_0173.jpg,0.873186,0.936211,1.000000,否
6,train/images/nozzle_no_extrusion_0333.jpg,test/images/nozzle_no_extrusion_0327.jpg,0.684733,0.840644,1.000000,否
6,train/images/nozzle_no_extrusion_0333.jpg,train/images/nozzle_no_extrusion_0215.jpg,0.670827,0.770415,1.000000,否
6,train/images/nozzle_no_extrusion_0333.jpg,val/images/nozzle_no_extrusion_0366.jpg,0.696090,0.830507,1.000000,否
6,train/images/nozzle_no_extrusion_0333.jpg,train/images/nozzle_no_extrusion_0251.jpg,0.680188,0.798528,1.000000,否
6,train/images/nozzle_no_extrusion_0333.jpg,test/images/nozzle_no_extrusion_0252.jpg,0.674084,0.776045,1.000000,否
6,train/images/nozzle_no_extrusion_0333.jpg,val/images/nozzle_no_extrusion_0332.jpg,0.666164,0.771914,1.000000,否
6,train/images/nozzle_no_extrusion_0333.jpg,test/images/nozzle_no_extrusion_0293.jpg,0.665175,0.842549,1.000000,否
6,train/images/nozzle_no_extrusion_0333.jpg,train/images/nozzle_no_extrusion_0370.jpg,0.995049,0.966846,1.000000,是
6,train/images/nozzle_no_extrusion_0333.jpg,train/images/nozzle_no_extrusion_0329.jpg,0.671885,0.767646,1.000000,否
6,train/images/nozzle_no_extrusion_0333.jpg,val/images/nozzle_no_extrusion_0254.jpg,0.674013,0.782964,1.000000,否
6,train/images/nozzle_no_extrusion_0333.jpg,val/images/nozzle_no_extrusion_0328.jpg,0.753891,0.871351,1.000000,否
6,train/images/nozzle_no_extrusion_0333.jpg,train/images/nozzle_no_extrusion_0289.jpg,0.661027,0.742570,1.000000,否
6,train/images/nozzle_no_extrusion_0333.jpg,train/images/nozzle_no_extrusion_0214.jpg,0.938226,0.928312,1.000000,否
6,train/images/nozzle_no_extrusion_0333.jpg,train/images/nozzle_no_extrusion_0178.jpg,0.903256,0.951175,1.000000,否
6,train/images/nozzle_no_extrusion_0333.jpg,train/images/nozzle_no_extrusion_0288.jpg,0.673740,0.771571,1.000000,否
6,train/images/nozzle_no_extrusion_0333.jpg,train/images/nozzle_no_extrusion_0287.jpg,0.764904,0.876203,1.000000,否
6,train/images/nozzle_no_extrusion_0330.jpg,train/images/nozzle_no_extrusion_0173.jpg,0.648274,0.740185,1.000000,否
6,train/images/nozzle_no_extrusion_0330.jpg,test/images/nozzle_no_extrusion_0327.jpg,0.631041,0.690018,1.000000,否
6,train/images/nozzle_no_extrusion_0330.jpg,train/images/nozzle_no_extrusion_0215.jpg,0.699822,0.854380,1.000000,否
6,train/images/nozzle_no_extrusion_0330.jpg,val/images/nozzle_no_extrusion_0366.jpg,0.671167,0.813817,1.000000,否
6,train/images/nozzle_no_extrusion_0330.jpg,train/images/nozzle_no_extrusion_0251.jpg,0.680741,0.828694,1.000000,否
6,train/images/nozzle_no_extrusion_0330.jpg,test/images/nozzle_no_extrusion_0252.jpg,0.771089,0.888822,1.000000,否
6,train/images/nozzle_no_extrusion_0330.jpg,val/images/nozzle_no_extrusion_0332.jpg,0.853292,0.918910,1.000000,否
6,train/images/nozzle_no_extrusion_0330.jpg,test/images/nozzle_no_extrusion_0293.jpg,0.620676,0.674522,1.000000,否
6,train/images/nozzle_no_extrusion_0330.jpg,train/images/nozzle_no_extrusion_0370.jpg,0.656299,0.744640,1.000000,否
6,train/images/nozzle_no_extrusion_0330.jpg,train/images/nozzle_no_extrusion_0329.jpg,0.741777,0.880742,1.000000,否
6,train/images/nozzle_no_extrusion_0330.jpg,val/images/nozzle_no_extrusion_0254.jpg,0.761034,0.878824,1.000000,否
6,train/images/nozzle_no_extrusion_0330.jpg,val/images/nozzle_no_extrusion_0328.jpg,0.665185,0.794090,1.000000,否
6,train/images/nozzle_no_extrusion_0330.jpg,train/images/nozzle_no_extrusion_0289.jpg,0.990000,0.969569,1.000000,是
6,train/images/nozzle_no_extrusion_0330.jpg,train/images/nozzle_no_extrusion_0214.jpg,0.642794,0.754823,1.000000,否
6,train/images/nozzle_no_extrusion_0330.jpg,train/images/nozzle_no_extrusion_0178.jpg,0.650484,0.723467,1.000000,否
6,train/images/nozzle_no_extrusion_0330.jpg,train/images/nozzle_no_extrusion_0288.jpg,0.721570,0.864431,1.000000,否
6,train/images/nozzle_no_extrusion_0330.jpg,train/images/nozzle_no_extrusion_0287.jpg,0.661737,0.794310,1.000000,否
6,train/images/nozzle_no_extrusion_0173.jpg,test/images/nozzle_no_extrusion_0327.jpg,0.710884,0.862877,1.000000,否
6,train/images/nozzle_no_extrusion_0173.jpg,train/images/nozzle_no_extrusion_0215.jpg,0.669319,0.769935,1.000000,否
6,train/images/nozzle_no_extrusion_0173.jpg,val/images/nozzle_no_extrusion_0366.jpg,0.685381,0.823909,1.000000,否
6,train/images/nozzle_no_extrusion_0173.jpg,train/images/nozzle_no_extrusion_0251.jpg,0.680527,0.796696,1.000000,否
6,train/images/nozzle_no_extrusion_0173.jpg,test/images/nozzle_no_extrusion_0252.jpg,0.665753,0.767787,1.000000,否
6,train/images/nozzle_no_extrusion_0173.jpg,val/images/nozzle_no_extrusion_0332.jpg,0.652963,0.757937,1.000000,否
6,train/images/nozzle_no_extrusion_0173.jpg,test/images/nozzle_no_extrusion_0293.jpg,0.681894,0.846284,1.000000,否
6,train/images/nozzle_no_extrusion_0173.jpg,train/images/nozzle_no_extrusion_0370.jpg,0.876980,0.936452,1.000000,否
6,train/images/nozzle_no_extrusion_0173.jpg,train/images/nozzle_no_extrusion_0329.jpg,0.664976,0.767205,1.000000,否
6,train/images/nozzle_no_extrusion_0173.jpg,val/images/nozzle_no_extrusion_0254.jpg,0.664726,0.771211,1.000000,否
6,train/images/nozzle_no_extrusion_0173.jpg,val/images/nozzle_no_extrusion_0328.jpg,0.691507,0.859595,1.000000,否
6,train/images/nozzle_no_extrusion_0173.jpg,train/images/nozzle_no_extrusion_0289.jpg,0.652309,0.737510,1.000000,否
6,train/images/nozzle_no_extrusion_0173.jpg,train/images/nozzle_no_extrusion_0214.jpg,0.898156,0.940155,1.000000,否
6,train/images/nozzle_no_extrusion_0173.jpg,train/images/nozzle_no_extrusion_0178.jpg,0.956003,0.945812,1.000000,否
6,train/images/nozzle_no_extrusion_0173.jpg,train/images/nozzle_no_extrusion_0288.jpg,0.668495,0.770740,1.000000,否
6,train/images/nozzle_no_extrusion_0173.jpg,train/images/nozzle_no_extrusion_0287.jpg,0.695722,0.865917,1.000000,否
6,test/images/nozzle_no_extrusion_0327.jpg,train/images/nozzle_no_extrusion_0215.jpg,0.646543,0.729119,1.000000,否
6,test/images/nozzle_no_extrusion_0327.jpg,val/images/nozzle_no_extrusion_0366.jpg,0.669239,0.783113,1.000000,否
6,test/images/nozzle_no_extrusion_0327.jpg,train/images/nozzle_no_extrusion_0251.jpg,0.658296,0.756994,1.000000,否
6,test/images/nozzle_no_extrusion_0327.jpg,test/images/nozzle_no_extrusion_0252.jpg,0.639128,0.722092,1.000000,否
6,test/images/nozzle_no_extrusion_0327.jpg,val/images/nozzle_no_extrusion_0332.jpg,0.632504,0.712585,1.000000,否
6,test/images/nozzle_no_extrusion_0327.jpg,test/images/nozzle_no_extrusion_0293.jpg,0.906690,0.938673,1.000000,否
6,test/images/nozzle_no_extrusion_0327.jpg,train/images/nozzle_no_extrusion_0370.jpg,0.683349,0.844497,1.000000,否
6,test/images/nozzle_no_extrusion_0327.jpg,train/images/nozzle_no_extrusion_0329.jpg,0.644914,0.726083,1.000000,否
6,test/images/nozzle_no_extrusion_0327.jpg,val/images/nozzle_no_extrusion_0254.jpg,0.641199,0.720434,1.000000,否
6,test/images/nozzle_no_extrusion_0327.jpg,val/images/nozzle_no_extrusion_0328.jpg,0.681053,0.802988,1.000000,否
6,test/images/nozzle_no_extrusion_0327.jpg,train/images/nozzle_no_extrusion_0289.jpg,0.633299,0.690063,1.000000,否
6,test/images/nozzle_no_extrusion_0327.jpg,train/images/nozzle_no_extrusion_0214.jpg,0.695174,0.840638,1.000000,否
6,test/images/nozzle_no_extrusion_0327.jpg,train/images/nozzle_no_extrusion_0178.jpg,0.692499,0.843632,1.000000,否
6,test/images/nozzle_no_extrusion_0327.jpg,train/images/nozzle_no_extrusion_0288.jpg,0.646332,0.730943,1.000000,否
6,test/images/nozzle_no_extrusion_0327.jpg,train/images/nozzle_no_extrusion_0287.jpg,0.681437,0.806398,1.000000,否
6,train/images/nozzle_no_extrusion_0215.jpg,val/images/nozzle_no_extrusion_0366.jpg,0.697366,0.873243,1.000000,否
6,train/images/nozzle_no_extrusion_0215.jpg,train/images/nozzle_no_extrusion_0251.jpg,0.847611,0.927792,1.000000,否
6,train/images/nozzle_no_extrusion_0215.jpg,test/images/nozzle_no_extrusion_0252.jpg,0.939443,0.943879,1.000000,否
6,train/images/nozzle_no_extrusion_0215.jpg,val/images/nozzle_no_extrusion_0332.jpg,0.856913,0.910046,1.000000,否
6,train/images/nozzle_no_extrusion_0215.jpg,test/images/nozzle_no_extrusion_0293.jpg,0.607247,0.706474,1.000000,否
6,train/images/nozzle_no_extrusion_0215.jpg,train/images/nozzle_no_extrusion_0370.jpg,0.672772,0.773002,1.000000,否
6,train/images/nozzle_no_extrusion_0215.jpg,train/images/nozzle_no_extrusion_0329.jpg,0.966088,0.957314,1.000000,是
6,train/images/nozzle_no_extrusion_0215.jpg,val/images/nozzle_no_extrusion_0254.jpg,0.930664,0.944110,1.000000,否
6,train/images/nozzle_no_extrusion_0215.jpg,val/images/nozzle_no_extrusion_0328.jpg,0.676981,0.846337,1.000000,否
6,train/images/nozzle_no_extrusion_0215.jpg,train/images/nozzle_no_extrusion_0289.jpg,0.709859,0.863409,1.000000,否
6,train/images/nozzle_no_extrusion_0215.jpg,train/images/nozzle_no_extrusion_0214.jpg,0.671100,0.802352,1.000000,否
6,train/images/nozzle_no_extrusion_0215.jpg,train/images/nozzle_no_extrusion_0178.jpg,0.667482,0.747299,1.000000,否
6,train/images/nozzle_no_extrusion_0215.jpg,train/images/nozzle_no_extrusion_0288.jpg,0.978765,0.961756,1.000000,是
6,train/images/nozzle_no_extrusion_0215.jpg,train/images/nozzle_no_extrusion_0287.jpg,0.679596,0.845855,1.000000,否
6,val/images/nozzle_no_extrusion_0366.jpg,train/images/nozzle_no_extrusion_0251.jpg,0.857699,0.931105,1.000000,否
6,val/images/nozzle_no_extrusion_0366.jpg,test/images/nozzle_no_extrusion_0252.jpg,0.676827,0.851921,1.000000,否
6,val/images/nozzle_no_extrusion_0366.jpg,val/images/nozzle_no_extrusion_0332.jpg,0.671537,0.832522,1.000000,否
6,val/images/nozzle_no_extrusion_0366.jpg,test/images/nozzle_no_extrusion_0293.jpg,0.627780,0.755917,1.000000,否
6,val/images/nozzle_no_extrusion_0366.jpg,train/images/nozzle_no_extrusion_0370.jpg,0.695754,0.839063,1.000000,否
6,val/images/nozzle_no_extrusion_0366.jpg,train/images/nozzle_no_extrusion_0329.jpg,0.682442,0.866791,1.000000,否
6,val/images/nozzle_no_extrusion_0366.jpg,val/images/nozzle_no_extrusion_0254.jpg,0.680300,0.848996,1.000000,否
6,val/images/nozzle_no_extrusion_0366.jpg,val/images/nozzle_no_extrusion_0328.jpg,0.909288,0.950101,1.000000,否
6,val/images/nozzle_no_extrusion_0366.jpg,train/images/nozzle_no_extrusion_0289.jpg,0.673924,0.817744,1.000000,否
6,val/images/nozzle_no_extrusion_0366.jpg,train/images/nozzle_no_extrusion_0214.jpg,0.689003,0.862686,1.000000,否
6,val/images/nozzle_no_extrusion_0366.jpg,train/images/nozzle_no_extrusion_0178.jpg,0.681043,0.797137,1.000000,否
6,val/images/nozzle_no_extrusion_0366.jpg,train/images/nozzle_no_extrusion_0288.jpg,0.686830,0.862023,1.000000,否
6,val/images/nozzle_no_extrusion_0366.jpg,train/images/nozzle_no_extrusion_0287.jpg,0.893070,0.946941,1.000000,否
6,train/images/nozzle_no_extrusion_0251.jpg,test/images/nozzle_no_extrusion_0252.jpg,0.747036,0.900271,1.000000,否
6,train/images/nozzle_no_extrusion_0251.jpg,val/images/nozzle_no_extrusion_0332.jpg,0.708234,0.858427,1.000000,否
6,train/images/nozzle_no_extrusion_0251.jpg,test/images/nozzle_no_extrusion_0293.jpg,0.618936,0.739655,1.000000,否
6,train/images/nozzle_no_extrusion_0251.jpg,train/images/nozzle_no_extrusion_0370.jpg,0.681585,0.802709,1.000000,否
6,train/images/nozzle_no_extrusion_0251.jpg,train/images/nozzle_no_extrusion_0329.jpg,0.776860,0.907509,1.000000,否
6,train/images/nozzle_no_extrusion_0251.jpg,val/images/nozzle_no_extrusion_0254.jpg,0.783291,0.895937,1.000000,否
6,train/images/nozzle_no_extrusion_0251.jpg,val/images/nozzle_no_extrusion_0328.jpg,0.723739,0.894328,1.000000,否
6,train/images/nozzle_no_extrusion_0251.jpg,train/images/nozzle_no_extrusion_0289.jpg,0.681946,0.834409,1.000000,否
6,train/images/nozzle_no_extrusion_0251.jpg,train/images/nozzle_no_extrusion_0214.jpg,0.685601,0.826162,1.000000,否
6,train/images/nozzle_no_extrusion_0251.jpg,train/images/nozzle_no_extrusion_0178.jpg,0.675881,0.770933,1.000000,否
6,train/images/nozzle_no_extrusion_0251.jpg,train/images/nozzle_no_extrusion_0288.jpg,0.796766,0.912923,1.000000,否
6,train/images/nozzle_no_extrusion_0251.jpg,train/images/nozzle_no_extrusion_0287.jpg,0.716012,0.891424,1.000000,否
6,test/images/nozzle_no_extrusion_0252.jpg,val/images/nozzle_no_extrusion_0332.jpg,0.939323,0.950513,1.000000,否
6,test/images/nozzle_no_extrusion_0252.jpg,test/images/nozzle_no_extrusion_0293.jpg,0.615768,0.708358,1.000000,否
6,test/images/nozzle_no_extrusion_0252.jpg,train/images/nozzle_no_extrusion_0370.jpg,0.674919,0.777316,1.000000,否
6,test/images/nozzle_no_extrusion_0252.jpg,train/images/nozzle_no_extrusion_0329.jpg,0.980892,0.954051,1.000000,是
6,test/images/nozzle_no_extrusion_0252.jpg,val/images/nozzle_no_extrusion_0254.jpg,0.959417,0.964283,1.000000,是
6,test/images/nozzle_no_extrusion_0252.jpg,val/images/nozzle_no_extrusion_0328.jpg,0.679504,0.834782,1.000000,否
6,test/images/nozzle_no_extrusion_0252.jpg,train/images/nozzle_no_extrusion_0289.jpg,0.790259,0.900145,1.000000,否
6,test/images/nozzle_no_extrusion_0252.jpg,train/images/nozzle_no_extrusion_0214.jpg,0.660208,0.788056,1.000000,否
6,test/images/nozzle_no_extrusion_0252.jpg,train/images/nozzle_no_extrusion_0178.jpg,0.672435,0.753634,1.000000,否
6,test/images/nozzle_no_extrusion_0252.jpg,train/images/nozzle_no_extrusion_0288.jpg,0.974008,0.952688,1.000000,是
6,test/images/nozzle_no_extrusion_0252.jpg,train/images/nozzle_no_extrusion_0287.jpg,0.681135,0.834243,1.000000,否
6,val/images/nozzle_no_extrusion_0332.jpg,test/images/nozzle_no_extrusion_0293.jpg,0.614224,0.700775,1.000000,否
6,val/images/nozzle_no_extrusion_0332.jpg,train/images/nozzle_no_extrusion_0370.jpg,0.665510,0.772006,1.000000,否
6,val/images/nozzle_no_extrusion_0332.jpg,train/images/nozzle_no_extrusion_0329.jpg,0.917038,0.931387,1.000000,否
6,val/images/nozzle_no_extrusion_0332.jpg,val/images/nozzle_no_extrusion_0254.jpg,0.941954,0.952703,1.000000,否
6,val/images/nozzle_no_extrusion_0332.jpg,val/images/nozzle_no_extrusion_0328.jpg,0.675942,0.817584,1.000000,否
6,val/images/nozzle_no_extrusion_0332.jpg,train/images/nozzle_no_extrusion_0289.jpg,0.868713,0.922988,1.000000,否
6,val/images/nozzle_no_extrusion_0332.jpg,train/images/nozzle_no_extrusion_0214.jpg,0.650306,0.774781,1.000000,否
6,val/images/nozzle_no_extrusion_0332.jpg,train/images/nozzle_no_extrusion_0178.jpg,0.659582,0.747265,1.000000,否
6,val/images/nozzle_no_extrusion_0332.jpg,train/images/nozzle_no_extrusion_0288.jpg,0.898680,0.924655,1.000000,否
6,val/images/nozzle_no_extrusion_0332.jpg,train/images/nozzle_no_extrusion_0287.jpg,0.675028,0.819714,1.000000,否
6,test/images/nozzle_no_extrusion_0293.jpg,train/images/nozzle_no_extrusion_0370.jpg,0.663196,0.847311,1.000000,否
6,test/images/nozzle_no_extrusion_0293.jpg,train/images/nozzle_no_extrusion_0329.jpg,0.616673,0.703806,1.000000,否
6,test/images/nozzle_no_extrusion_0293.jpg,val/images/nozzle_no_extrusion_0254.jpg,0.616874,0.711090,1.000000,否
6,test/images/nozzle_no_extrusion_0293.jpg,val/images/nozzle_no_extrusion_0328.jpg,0.637186,0.771706,1.000000,否
6,test/images/nozzle_no_extrusion_0293.jpg,train/images/nozzle_no_extrusion_0289.jpg,0.615748,0.676007,1.000000,否
6,test/images/nozzle_no_extrusion_0293.jpg,train/images/nozzle_no_extrusion_0214.jpg,0.655488,0.812828,1.000000,否
6,test/images/nozzle_no_extrusion_0293.jpg,train/images/nozzle_no_extrusion_0178.jpg,0.672088,0.853890,1.000000,否
6,test/images/nozzle_no_extrusion_0293.jpg,train/images/nozzle_no_extrusion_0288.jpg,0.610283,0.709403,1.000000,否
6,test/images/nozzle_no_extrusion_0293.jpg,train/images/nozzle_no_extrusion_0287.jpg,0.633741,0.780107,1.000000,否
6,train/images/nozzle_no_extrusion_0370.jpg,train/images/nozzle_no_extrusion_0329.jpg,0.671790,0.769613,1.000000,否
6,train/images/nozzle_no_extrusion_0370.jpg,val/images/nozzle_no_extrusion_0254.jpg,0.674383,0.784318,1.000000,否
6,train/images/nozzle_no_extrusion_0370.jpg,val/images/nozzle_no_extrusion_0328.jpg,0.747121,0.879029,1.000000,否
6,train/images/nozzle_no_extrusion_0370.jpg,train/images/nozzle_no_extrusion_0289.jpg,0.660488,0.743384,1.000000,否
6,train/images/nozzle_no_extrusion_0370.jpg,train/images/nozzle_no_extrusion_0214.jpg,0.940513,0.929995,1.000000,否
6,train/images/nozzle_no_extrusion_0370.jpg,train/images/nozzle_no_extrusion_0178.jpg,0.906993,0.948894,1.000000,否
6,train/images/nozzle_no_extrusion_0370.jpg,train/images/nozzle_no_extrusion_0288.jpg,0.675021,0.774110,1.000000,否
6,train/images/nozzle_no_extrusion_0370.jpg,train/images/nozzle_no_extrusion_0287.jpg,0.759098,0.883107,1.000000,否
6,train/images/nozzle_no_extrusion_0329.jpg,val/images/nozzle_no_extrusion_0254.jpg,0.958386,0.951566,1.000000,是
6,train/images/nozzle_no_extrusion_0329.jpg,val/images/nozzle_no_extrusion_0328.jpg,0.685840,0.840919,1.000000,否
6,train/images/nozzle_no_extrusion_0329.jpg,train/images/nozzle_no_extrusion_0289.jpg,0.753660,0.885282,1.000000,否
6,train/images/nozzle_no_extrusion_0329.jpg,train/images/nozzle_no_extrusion_0214.jpg,0.665746,0.790564,1.000000,否
6,train/images/nozzle_no_extrusion_0329.jpg,train/images/nozzle_no_extrusion_0178.jpg,0.665485,0.744119,1.000000,否
6,train/images/nozzle_no_extrusion_0329.jpg,train/images/nozzle_no_extrusion_0288.jpg,0.988915,0.964006,1.000000,是
6,train/images/nozzle_no_extrusion_0329.jpg,train/images/nozzle_no_extrusion_0287.jpg,0.684400,0.840955,1.000000,否
6,val/images/nozzle_no_extrusion_0254.jpg,val/images/nozzle_no_extrusion_0328.jpg,0.677225,0.834842,1.000000,否
6,val/images/nozzle_no_extrusion_0254.jpg,train/images/nozzle_no_extrusion_0289.jpg,0.777432,0.887833,1.000000,否
6,val/images/nozzle_no_extrusion_0254.jpg,train/images/nozzle_no_extrusion_0214.jpg,0.663074,0.789346,1.000000,否
6,val/images/nozzle_no_extrusion_0254.jpg,train/images/nozzle_no_extrusion_0178.jpg,0.671384,0.762158,1.000000,否
6,val/images/nozzle_no_extrusion_0254.jpg,train/images/nozzle_no_extrusion_0288.jpg,0.954701,0.954553,1.000000,是
6,val/images/nozzle_no_extrusion_0254.jpg,train/images/nozzle_no_extrusion_0287.jpg,0.678734,0.834373,1.000000,否
6,val/images/nozzle_no_extrusion_0328.jpg,train/images/nozzle_no_extrusion_0289.jpg,0.665787,0.800635,1.000000,否
6,val/images/nozzle_no_extrusion_0328.jpg,train/images/nozzle_no_extrusion_0214.jpg,0.722048,0.901366,1.000000,否
6,val/images/nozzle_no_extrusion_0328.jpg,train/images/nozzle_no_extrusion_0178.jpg,0.696919,0.834497,1.000000,否
6,val/images/nozzle_no_extrusion_0328.jpg,train/images/nozzle_no_extrusion_0288.jpg,0.683244,0.841029,1.000000,否
6,val/images/nozzle_no_extrusion_0328.jpg,train/images/nozzle_no_extrusion_0287.jpg,0.992785,0.974245,1.000000,是
6,train/images/nozzle_no_extrusion_0289.jpg,train/images/nozzle_no_extrusion_0214.jpg,0.647299,0.754778,1.000000,否
6,train/images/nozzle_no_extrusion_0289.jpg,train/images/nozzle_no_extrusion_0178.jpg,0.654532,0.720937,1.000000,否
6,train/images/nozzle_no_extrusion_0289.jpg,train/images/nozzle_no_extrusion_0288.jpg,0.738108,0.880226,1.000000,否
6,train/images/nozzle_no_extrusion_0289.jpg,train/images/nozzle_no_extrusion_0287.jpg,0.666264,0.803326,1.000000,否
6,train/images/nozzle_no_extrusion_0214.jpg,train/images/nozzle_no_extrusion_0178.jpg,0.866069,0.911082,1.000000,否
6,train/images/nozzle_no_extrusion_0214.jpg,train/images/nozzle_no_extrusion_0288.jpg,0.669442,0.792322,1.000000,否
6,train/images/nozzle_no_extrusion_0214.jpg,train/images/nozzle_no_extrusion_0287.jpg,0.733024,0.908976,1.000000,否
6,train/images/nozzle_no_extrusion_0178.jpg,train/images/nozzle_no_extrusion_0288.jpg,0.669406,0.749246,1.000000,否
6,train/images/nozzle_no_extrusion_0178.jpg,train/images/nozzle_no_extrusion_0287.jpg,0.701679,0.839272,1.000000,否
6,train/images/nozzle_no_extrusion_0288.jpg,train/images/nozzle_no_extrusion_0287.jpg,0.687025,0.844627,1.000000,否
7,train/images/nozzle_no_extrusion_0149.jpg,train/images/nozzle_no_extrusion_0886.jpg,0.694167,0.664489,1.000000,否
7,train/images/nozzle_no_extrusion_0149.jpg,train/images/nozzle_no_extrusion_0232.jpg,0.757714,0.828269,1.000000,否
7,train/images/nozzle_no_extrusion_0149.jpg,train/images/nozzle_no_extrusion_0457.jpg,0.689142,0.760505,1.000000,否
7,train/images/nozzle_no_extrusion_0149.jpg,train/images/nozzle_no_extrusion_0909.jpg,0.794091,0.653551,1.000000,否
7,train/images/nozzle_no_extrusion_0149.jpg,test/images/nozzle_no_extrusion_0471.jpg,0.684242,0.758187,1.000000,否
7,train/images/nozzle_no_extrusion_0149.jpg,test/images/nozzle_no_extrusion_0480.jpg,0.644314,0.711113,1.000000,否
7,train/images/nozzle_no_extrusion_0149.jpg,train/images/nozzle_no_extrusion_0636.jpg,0.661184,0.687999,1.000000,否
7,train/images/nozzle_no_extrusion_0149.jpg,train/images/nozzle_no_extrusion_0646.jpg,0.644927,0.663515,1.000000,否
7,train/images/nozzle_no_extrusion_0149.jpg,train/images/nozzle_no_extrusion_0458.jpg,0.640966,0.695251,1.000000,否
7,train/images/nozzle_no_extrusion_0149.jpg,train/images/nozzle_no_extrusion_0470.jpg,0.657944,0.705443,1.000000,否
7,train/images/nozzle_no_extrusion_0149.jpg,train/images/nozzle_no_extrusion_0495.jpg,0.689402,0.732136,1.000000,否
7,train/images/nozzle_no_extrusion_0149.jpg,val/images/nozzle_no_extrusion_0192.jpg,0.752464,0.906509,1.000000,否
7,train/images/nozzle_no_extrusion_0149.jpg,train/images/nozzle_no_extrusion_0413.jpg,0.713606,0.768220,1.000000,否
7,train/images/nozzle_no_extrusion_0149.jpg,train/images/nozzle_no_extrusion_0493.jpg,0.596316,0.637891,1.000000,否
7,train/images/nozzle_no_extrusion_0149.jpg,train/images/nozzle_no_extrusion_0481.jpg,0.652732,0.724510,1.000000,否
7,train/images/nozzle_no_extrusion_0149.jpg,test/images/nozzle_no_extrusion_0614.jpg,0.672892,0.712230,1.000000,否
7,train/images/nozzle_no_extrusion_0149.jpg,val/images/nozzle_no_extrusion_0483.jpg,0.567374,0.611760,1.000000,否
7,train/images/nozzle_no_extrusion_0149.jpg,train/images/nozzle_no_extrusion_0268.jpg,0.726146,0.812191,1.000000,否
7,train/images/nozzle_no_extrusion_0149.jpg,train/images/nozzle_no_extrusion_0347.jpg,0.712785,0.781510,1.000000,否
7,train/images/nozzle_no_extrusion_0149.jpg,train/images/nozzle_no_extrusion_0306.jpg,0.702643,0.786014,1.000000,否
7,train/images/nozzle_no_extrusion_0149.jpg,val/images/nozzle_no_extrusion_0494.jpg,0.650254,0.722721,1.000000,否
7,train/images/nozzle_no_extrusion_0149.jpg,train/images/nozzle_no_extrusion_0385.jpg,0.755288,0.786654,1.000000,否
7,train/images/nozzle_no_extrusion_0149.jpg,train/images/nozzle_no_extrusion_0482.jpg,0.606970,0.666201,1.000000,否
7,train/images/nozzle_no_extrusion_0886.jpg,train/images/nozzle_no_extrusion_0232.jpg,0.760973,0.763360,1.000000,否
7,train/images/nozzle_no_extrusion_0886.jpg,train/images/nozzle_no_extrusion_0457.jpg,0.725343,0.787829,1.000000,否
7,train/images/nozzle_no_extrusion_0886.jpg,train/images/nozzle_no_extrusion_0909.jpg,0.725705,0.924865,1.000000,否
7,train/images/nozzle_no_extrusion_0886.jpg,test/images/nozzle_no_extrusion_0471.jpg,0.756030,0.800258,1.000000,否
7,train/images/nozzle_no_extrusion_0886.jpg,test/images/nozzle_no_extrusion_0480.jpg,0.733451,0.764713,1.000000,否
7,train/images/nozzle_no_extrusion_0886.jpg,train/images/nozzle_no_extrusion_0636.jpg,0.779032,0.903831,1.000000,否
7,train/images/nozzle_no_extrusion_0886.jpg,train/images/nozzle_no_extrusion_0646.jpg,0.760768,0.883068,1.000000,否
7,train/images/nozzle_no_extrusion_0886.jpg,train/images/nozzle_no_extrusion_0458.jpg,0.682154,0.714996,1.000000,否
7,train/images/nozzle_no_extrusion_0886.jpg,train/images/nozzle_no_extrusion_0470.jpg,0.705903,0.742628,1.000000,否
7,train/images/nozzle_no_extrusion_0886.jpg,train/images/nozzle_no_extrusion_0495.jpg,0.800223,0.868127,1.000000,否
7,train/images/nozzle_no_extrusion_0886.jpg,val/images/nozzle_no_extrusion_0192.jpg,0.720309,0.669585,1.000000,否
7,train/images/nozzle_no_extrusion_0886.jpg,train/images/nozzle_no_extrusion_0413.jpg,0.726227,0.787356,1.000000,否
7,train/images/nozzle_no_extrusion_0886.jpg,train/images/nozzle_no_extrusion_0493.jpg,0.673783,0.751323,1.000000,否
7,train/images/nozzle_no_extrusion_0886.jpg,train/images/nozzle_no_extrusion_0481.jpg,0.751694,0.857790,1.000000,否
7,train/images/nozzle_no_extrusion_0886.jpg,test/images/nozzle_no_extrusion_0614.jpg,0.720749,0.817702,1.000000,否
7,train/images/nozzle_no_extrusion_0886.jpg,val/images/nozzle_no_extrusion_0483.jpg,0.638635,0.705930,1.000000,否
7,train/images/nozzle_no_extrusion_0886.jpg,train/images/nozzle_no_extrusion_0268.jpg,0.757995,0.758100,1.000000,否
7,train/images/nozzle_no_extrusion_0886.jpg,train/images/nozzle_no_extrusion_0347.jpg,0.751690,0.757058,1.000000,否
7,train/images/nozzle_no_extrusion_0886.jpg,train/images/nozzle_no_extrusion_0306.jpg,0.762035,0.755424,1.000000,否
7,train/images/nozzle_no_extrusion_0886.jpg,val/images/nozzle_no_extrusion_0494.jpg,0.748373,0.862947,1.000000,否
7,train/images/nozzle_no_extrusion_0886.jpg,train/images/nozzle_no_extrusion_0385.jpg,0.760059,0.781322,1.000000,否
7,train/images/nozzle_no_extrusion_0886.jpg,train/images/nozzle_no_extrusion_0482.jpg,0.706844,0.786638,1.000000,否
7,train/images/nozzle_no_extrusion_0232.jpg,train/images/nozzle_no_extrusion_0457.jpg,0.789741,0.925398,1.000000,否
7,train/images/nozzle_no_extrusion_0232.jpg,train/images/nozzle_no_extrusion_0909.jpg,0.743202,0.780381,1.000000,否
7,train/images/nozzle_no_extrusion_0232.jpg,test/images/nozzle_no_extrusion_0471.jpg,0.763120,0.906001,1.000000,否
7,train/images/nozzle_no_extrusion_0232.jpg,test/images/nozzle_no_extrusion_0480.jpg,0.733193,0.843965,1.000000,否
7,train/images/nozzle_no_extrusion_0232.jpg,train/images/nozzle_no_extrusion_0636.jpg,0.737724,0.840883,1.000000,否
7,train/images/nozzle_no_extrusion_0232.jpg,train/images/nozzle_no_extrusion_0646.jpg,0.724718,0.816941,1.000000,否
7,train/images/nozzle_no_extrusion_0232.jpg,train/images/nozzle_no_extrusion_0458.jpg,0.727294,0.839359,1.000000,否
7,train/images/nozzle_no_extrusion_0232.jpg,train/images/nozzle_no_extrusion_0470.jpg,0.747049,0.854901,1.000000,否
7,train/images/nozzle_no_extrusion_0232.jpg,train/images/nozzle_no_extrusion_0495.jpg,0.787045,0.874083,1.000000,否
7,train/images/nozzle_no_extrusion_0232.jpg,val/images/nozzle_no_extrusion_0192.jpg,0.800442,0.852083,1.000000,否
7,train/images/nozzle_no_extrusion_0232.jpg,train/images/nozzle_no_extrusion_0413.jpg,0.768088,0.914125,1.000000,否
7,train/images/nozzle_no_extrusion_0232.jpg,train/images/nozzle_no_extrusion_0493.jpg,0.671375,0.756176,1.000000,否
7,train/images/nozzle_no_extrusion_0232.jpg,train/images/nozzle_no_extrusion_0481.jpg,0.728401,0.864312,1.000000,否
7,train/images/nozzle_no_extrusion_0232.jpg,test/images/nozzle_no_extrusion_0614.jpg,0.778742,0.882939,1.000000,否
7,train/images/nozzle_no_extrusion_0232.jpg,val/images/nozzle_no_extrusion_0483.jpg,0.629590,0.724686,1.000000,否
7,train/images/nozzle_no_extrusion_0232.jpg,train/images/nozzle_no_extrusion_0268.jpg,0.832463,0.963341,1.000000,否
7,train/images/nozzle_no_extrusion_0232.jpg,train/images/nozzle_no_extrusion_0347.jpg,0.824107,0.943028,1.000000,否
7,train/images/nozzle_no_extrusion_0232.jpg,train/images/nozzle_no_extrusion_0306.jpg,0.831253,0.944995,1.000000,否
7,train/images/nozzle_no_extrusion_0232.jpg,val/images/nozzle_no_extrusion_0494.jpg,0.723482,0.858201,1.000000,否
7,train/images/nozzle_no_extrusion_0232.jpg,train/images/nozzle_no_extrusion_0385.jpg,0.838422,0.944242,1.000000,否
7,train/images/nozzle_no_extrusion_0232.jpg,train/images/nozzle_no_extrusion_0482.jpg,0.697235,0.807901,1.000000,否
7,train/images/nozzle_no_extrusion_0457.jpg,train/images/nozzle_no_extrusion_0909.jpg,0.747557,0.833944,1.000000,否
7,train/images/nozzle_no_extrusion_0457.jpg,test/images/nozzle_no_extrusion_0471.jpg,0.745211,0.925618,1.000000,否
7,train/images/nozzle_no_extrusion_0457.jpg,test/images/nozzle_no_extrusion_0480.jpg,0.729055,0.892852,1.000000,否
7,train/images/nozzle_no_extrusion_0457.jpg,train/images/nozzle_no_extrusion_0636.jpg,0.723291,0.873514,1.000000,否
7,train/images/nozzle_no_extrusion_0457.jpg,train/images/nozzle_no_extrusion_0646.jpg,0.716452,0.872474,1.000000,否
7,train/images/nozzle_no_extrusion_0457.jpg,train/images/nozzle_no_extrusion_0458.jpg,0.765969,0.906196,1.000000,否
7,train/images/nozzle_no_extrusion_0457.jpg,train/images/nozzle_no_extrusion_0470.jpg,0.821605,0.910166,1.000000,否
7,train/images/nozzle_no_extrusion_0457.jpg,train/images/nozzle_no_extrusion_0495.jpg,0.758474,0.889741,1.000000,否
7,train/images/nozzle_no_extrusion_0457.jpg,val/images/nozzle_no_extrusion_0192.jpg,0.694659,0.783661,1.000000,否
7,train/images/nozzle_no_extrusion_0457.jpg,train/images/nozzle_no_extrusion_0413.jpg,0.767145,0.938731,1.000000,否
7,train/images/nozzle_no_extrusion_0457.jpg,train/images/nozzle_no_extrusion_0493.jpg,0.668617,0.805719,1.000000,否
7,train/images/nozzle_no_extrusion_0457.jpg,train/images/nozzle_no_extrusion_0481.jpg,0.723205,0.880533,1.000000,否
7,train/images/nozzle_no_extrusion_0457.jpg,test/images/nozzle_no_extrusion_0614.jpg,0.777877,0.948426,1.000000,否
7,train/images/nozzle_no_extrusion_0457.jpg,val/images/nozzle_no_extrusion_0483.jpg,0.637899,0.773608,1.000000,否
7,train/images/nozzle_no_extrusion_0457.jpg,train/images/nozzle_no_extrusion_0268.jpg,0.801209,0.940867,1.000000,否
7,train/images/nozzle_no_extrusion_0457.jpg,train/images/nozzle_no_extrusion_0347.jpg,0.799907,0.951659,1.000000,否
7,train/images/nozzle_no_extrusion_0457.jpg,train/images/nozzle_no_extrusion_0306.jpg,0.795664,0.946417,1.000000,否
7,train/images/nozzle_no_extrusion_0457.jpg,val/images/nozzle_no_extrusion_0494.jpg,0.719444,0.875626,1.000000,否
7,train/images/nozzle_no_extrusion_0457.jpg,train/images/nozzle_no_extrusion_0385.jpg,0.801658,0.958595,1.000000,否
7,train/images/nozzle_no_extrusion_0457.jpg,train/images/nozzle_no_extrusion_0482.jpg,0.711101,0.866652,1.000000,否
7,train/images/nozzle_no_extrusion_0909.jpg,test/images/nozzle_no_extrusion_0471.jpg,0.716650,0.828783,1.000000,否
7,train/images/nozzle_no_extrusion_0909.jpg,test/images/nozzle_no_extrusion_0480.jpg,0.699489,0.811409,1.000000,否
7,train/images/nozzle_no_extrusion_0909.jpg,train/images/nozzle_no_extrusion_0636.jpg,0.702931,0.896677,1.000000,否
7,train/images/nozzle_no_extrusion_0909.jpg,train/images/nozzle_no_extrusion_0646.jpg,0.695733,0.892831,1.000000,否
7,train/images/nozzle_no_extrusion_0909.jpg,train/images/nozzle_no_extrusion_0458.jpg,0.704269,0.776732,1.000000,否
7,train/images/nozzle_no_extrusion_0909.jpg,train/images/nozzle_no_extrusion_0470.jpg,0.723897,0.799859,1.000000,否
7,train/images/nozzle_no_extrusion_0909.jpg,train/images/nozzle_no_extrusion_0495.jpg,0.731416,0.855971,1.000000,否
7,train/images/nozzle_no_extrusion_0909.jpg,val/images/nozzle_no_extrusion_0192.jpg,0.667440,0.654738,1.000000,否
7,train/images/nozzle_no_extrusion_0909.jpg,train/images/nozzle_no_extrusion_0413.jpg,0.763505,0.833293,1.000000,否
7,train/images/nozzle_no_extrusion_0909.jpg,train/images/nozzle_no_extrusion_0493.jpg,0.645811,0.770942,1.000000,否
7,train/images/nozzle_no_extrusion_0909.jpg,train/images/nozzle_no_extrusion_0481.jpg,0.694380,0.851894,1.000000,否
7,train/images/nozzle_no_extrusion_0909.jpg,test/images/nozzle_no_extrusion_0614.jpg,0.731945,0.867924,1.000000,否
7,train/images/nozzle_no_extrusion_0909.jpg,val/images/nozzle_no_extrusion_0483.jpg,0.615172,0.726318,1.000000,否
7,train/images/nozzle_no_extrusion_0909.jpg,train/images/nozzle_no_extrusion_0268.jpg,0.760193,0.791517,1.000000,否
7,train/images/nozzle_no_extrusion_0909.jpg,train/images/nozzle_no_extrusion_0347.jpg,0.757963,0.805689,1.000000,否
7,train/images/nozzle_no_extrusion_0909.jpg,train/images/nozzle_no_extrusion_0306.jpg,0.754184,0.800104,1.000000,否
7,train/images/nozzle_no_extrusion_0909.jpg,val/images/nozzle_no_extrusion_0494.jpg,0.692757,0.852323,1.000000,否
7,train/images/nozzle_no_extrusion_0909.jpg,train/images/nozzle_no_extrusion_0385.jpg,0.792718,0.824451,1.000000,否
7,train/images/nozzle_no_extrusion_0909.jpg,train/images/nozzle_no_extrusion_0482.jpg,0.667328,0.812323,1.000000,否
7,test/images/nozzle_no_extrusion_0471.jpg,test/images/nozzle_no_extrusion_0480.jpg,0.817668,0.914294,1.000000,否
7,test/images/nozzle_no_extrusion_0471.jpg,train/images/nozzle_no_extrusion_0636.jpg,0.747071,0.885688,1.000000,否
7,test/images/nozzle_no_extrusion_0471.jpg,train/images/nozzle_no_extrusion_0646.jpg,0.739655,0.867701,1.000000,否
7,test/images/nozzle_no_extrusion_0471.jpg,train/images/nozzle_no_extrusion_0458.jpg,0.706298,0.865264,1.000000,否
7,test/images/nozzle_no_extrusion_0471.jpg,train/images/nozzle_no_extrusion_0470.jpg,0.732446,0.891827,1.000000,否
7,test/images/nozzle_no_extrusion_0471.jpg,train/images/nozzle_no_extrusion_0495.jpg,0.781291,0.899956,1.000000,否
7,test/images/nozzle_no_extrusion_0471.jpg,val/images/nozzle_no_extrusion_0192.jpg,0.701664,0.770923,1.000000,否
7,test/images/nozzle_no_extrusion_0471.jpg,train/images/nozzle_no_extrusion_0413.jpg,0.728103,0.932733,1.000000,否
7,test/images/nozzle_no_extrusion_0471.jpg,train/images/nozzle_no_extrusion_0493.jpg,0.683704,0.798793,1.000000,否
7,test/images/nozzle_no_extrusion_0471.jpg,train/images/nozzle_no_extrusion_0481.jpg,0.758317,0.901885,1.000000,否
7,test/images/nozzle_no_extrusion_0471.jpg,test/images/nozzle_no_extrusion_0614.jpg,0.724804,0.914440,1.000000,否
7,test/images/nozzle_no_extrusion_0471.jpg,val/images/nozzle_no_extrusion_0483.jpg,0.648113,0.737905,1.000000,否
7,test/images/nozzle_no_extrusion_0471.jpg,train/images/nozzle_no_extrusion_0268.jpg,0.762167,0.923017,1.000000,否
7,test/images/nozzle_no_extrusion_0471.jpg,train/images/nozzle_no_extrusion_0347.jpg,0.757991,0.926593,1.000000,否
7,test/images/nozzle_no_extrusion_0471.jpg,train/images/nozzle_no_extrusion_0306.jpg,0.777495,0.924420,1.000000,否
7,test/images/nozzle_no_extrusion_0471.jpg,val/images/nozzle_no_extrusion_0494.jpg,0.754999,0.894392,1.000000,否
7,test/images/nozzle_no_extrusion_0471.jpg,train/images/nozzle_no_extrusion_0385.jpg,0.749189,0.931113,1.000000,否
7,test/images/nozzle_no_extrusion_0471.jpg,train/images/nozzle_no_extrusion_0482.jpg,0.719241,0.862126,1.000000,否
7,test/images/nozzle_no_extrusion_0480.jpg,train/images/nozzle_no_extrusion_0636.jpg,0.722929,0.862645,1.000000,否
7,test/images/nozzle_no_extrusion_0480.jpg,train/images/nozzle_no_extrusion_0646.jpg,0.724139,0.873698,1.000000,否
7,test/images/nozzle_no_extrusion_0480.jpg,train/images/nozzle_no_extrusion_0458.jpg,0.736041,0.896976,1.000000,否
7,test/images/nozzle_no_extrusion_0480.jpg,train/images/nozzle_no_extrusion_0470.jpg,0.748284,0.914563,1.000000,否
7,test/images/nozzle_no_extrusion_0480.jpg,train/images/nozzle_no_extrusion_0495.jpg,0.760015,0.867281,1.000000,否
7,test/images/nozzle_no_extrusion_0480.jpg,val/images/nozzle_no_extrusion_0192.jpg,0.663254,0.715140,1.000000,否
7,test/images/nozzle_no_extrusion_0480.jpg,train/images/nozzle_no_extrusion_0413.jpg,0.714701,0.901259,1.000000,否
7,test/images/nozzle_no_extrusion_0480.jpg,train/images/nozzle_no_extrusion_0493.jpg,0.723114,0.867139,1.000000,否
7,test/images/nozzle_no_extrusion_0480.jpg,train/images/nozzle_no_extrusion_0481.jpg,0.737585,0.862054,1.000000,否
7,test/images/nozzle_no_extrusion_0480.jpg,test/images/nozzle_no_extrusion_0614.jpg,0.723226,0.904717,1.000000,否
7,test/images/nozzle_no_extrusion_0480.jpg,val/images/nozzle_no_extrusion_0483.jpg,0.667208,0.803115,1.000000,否
7,test/images/nozzle_no_extrusion_0480.jpg,train/images/nozzle_no_extrusion_0268.jpg,0.742235,0.879462,1.000000,否
7,test/images/nozzle_no_extrusion_0480.jpg,train/images/nozzle_no_extrusion_0347.jpg,0.752165,0.907377,1.000000,否
7,test/images/nozzle_no_extrusion_0480.jpg,train/images/nozzle_no_extrusion_0306.jpg,0.767912,0.908125,1.000000,否
7,test/images/nozzle_no_extrusion_0480.jpg,val/images/nozzle_no_extrusion_0494.jpg,0.734103,0.857928,1.000000,否
7,test/images/nozzle_no_extrusion_0480.jpg,train/images/nozzle_no_extrusion_0385.jpg,0.738448,0.896153,1.000000,否
7,test/images/nozzle_no_extrusion_0480.jpg,train/images/nozzle_no_extrusion_0482.jpg,0.746325,0.906817,1.000000,否
7,train/images/nozzle_no_extrusion_0636.jpg,train/images/nozzle_no_extrusion_0646.jpg,0.937734,0.951320,1.000000,否
7,train/images/nozzle_no_extrusion_0636.jpg,train/images/nozzle_no_extrusion_0458.jpg,0.680661,0.809040,1.000000,否
7,train/images/nozzle_no_extrusion_0636.jpg,train/images/nozzle_no_extrusion_0470.jpg,0.704158,0.839117,1.000000,否
7,train/images/nozzle_no_extrusion_0636.jpg,train/images/nozzle_no_extrusion_0495.jpg,0.770706,0.938819,1.000000,否
7,train/images/nozzle_no_extrusion_0636.jpg,val/images/nozzle_no_extrusion_0192.jpg,0.676872,0.711180,1.000000,否
7,train/images/nozzle_no_extrusion_0636.jpg,train/images/nozzle_no_extrusion_0413.jpg,0.720723,0.876476,1.000000,否
7,train/images/nozzle_no_extrusion_0636.jpg,train/images/nozzle_no_extrusion_0493.jpg,0.679517,0.833095,1.000000,否
7,train/images/nozzle_no_extrusion_0636.jpg,train/images/nozzle_no_extrusion_0481.jpg,0.743821,0.938123,1.000000,否
7,train/images/nozzle_no_extrusion_0636.jpg,test/images/nozzle_no_extrusion_0614.jpg,0.717556,0.888990,1.000000,否
7,train/images/nozzle_no_extrusion_0636.jpg,val/images/nozzle_no_extrusion_0483.jpg,0.635387,0.784399,1.000000,否
7,train/images/nozzle_no_extrusion_0636.jpg,train/images/nozzle_no_extrusion_0268.jpg,0.734010,0.846654,1.000000,否
7,train/images/nozzle_no_extrusion_0636.jpg,train/images/nozzle_no_extrusion_0347.jpg,0.728432,0.850839,1.000000,否
7,train/images/nozzle_no_extrusion_0636.jpg,train/images/nozzle_no_extrusion_0306.jpg,0.748667,0.851768,1.000000,否
7,train/images/nozzle_no_extrusion_0636.jpg,val/images/nozzle_no_extrusion_0494.jpg,0.739671,0.933395,1.000000,否
7,train/images/nozzle_no_extrusion_0636.jpg,train/images/nozzle_no_extrusion_0385.jpg,0.725952,0.872771,1.000000,否
7,train/images/nozzle_no_extrusion_0636.jpg,train/images/nozzle_no_extrusion_0482.jpg,0.709397,0.877578,1.000000,否
7,train/images/nozzle_no_extrusion_0646.jpg,train/images/nozzle_no_extrusion_0458.jpg,0.685490,0.822426,1.000000,否
7,train/images/nozzle_no_extrusion_0646.jpg,train/images/nozzle_no_extrusion_0470.jpg,0.708047,0.857854,1.000000,否
7,train/images/nozzle_no_extrusion_0646.jpg,train/images/nozzle_no_extrusion_0495.jpg,0.758375,0.920533,1.000000,否
7,train/images/nozzle_no_extrusion_0646.jpg,val/images/nozzle_no_extrusion_0192.jpg,0.655644,0.682544,1.000000,否
7,train/images/nozzle_no_extrusion_0646.jpg,train/images/nozzle_no_extrusion_0413.jpg,0.717665,0.872736,1.000000,否
7,train/images/nozzle_no_extrusion_0646.jpg,train/images/nozzle_no_extrusion_0493.jpg,0.685493,0.859522,1.000000,否
7,train/images/nozzle_no_extrusion_0646.jpg,train/images/nozzle_no_extrusion_0481.jpg,0.734248,0.911407,1.000000,否
7,train/images/nozzle_no_extrusion_0646.jpg,test/images/nozzle_no_extrusion_0614.jpg,0.714071,0.896389,1.000000,否
7,train/images/nozzle_no_extrusion_0646.jpg,val/images/nozzle_no_extrusion_0483.jpg,0.645193,0.804732,1.000000,否
7,train/images/nozzle_no_extrusion_0646.jpg,train/images/nozzle_no_extrusion_0268.jpg,0.724096,0.837060,1.000000,否
7,train/images/nozzle_no_extrusion_0646.jpg,train/images/nozzle_no_extrusion_0347.jpg,0.722416,0.854231,1.000000,否
7,train/images/nozzle_no_extrusion_0646.jpg,train/images/nozzle_no_extrusion_0306.jpg,0.740478,0.851021,1.000000,否
7,train/images/nozzle_no_extrusion_0646.jpg,val/images/nozzle_no_extrusion_0494.jpg,0.731018,0.914745,1.000000,否
7,train/images/nozzle_no_extrusion_0646.jpg,train/images/nozzle_no_extrusion_0385.jpg,0.715386,0.865677,1.000000,否
7,train/images/nozzle_no_extrusion_0646.jpg,train/images/nozzle_no_extrusion_0482.jpg,0.715438,0.898885,1.000000,否
7,train/images/nozzle_no_extrusion_0458.jpg,train/images/nozzle_no_extrusion_0470.jpg,0.921230,0.941606,1.000000,否
7,train/images/nozzle_no_extrusion_0458.jpg,train/images/nozzle_no_extrusion_0495.jpg,0.708548,0.822828,1.000000,否
7,train/images/nozzle_no_extrusion_0458.jpg,val/images/nozzle_no_extrusion_0192.jpg,0.639984,0.718498,1.000000,否
7,train/images/nozzle_no_extrusion_0458.jpg,train/images/nozzle_no_extrusion_0413.jpg,0.722952,0.884413,1.000000,否
7,train/images/nozzle_no_extrusion_0458.jpg,train/images/nozzle_no_extrusion_0493.jpg,0.709678,0.864975,1.000000,否
7,train/images/nozzle_no_extrusion_0458.jpg,train/images/nozzle_no_extrusion_0481.jpg,0.683758,0.823116,1.000000,否
7,train/images/nozzle_no_extrusion_0458.jpg,test/images/nozzle_no_extrusion_0614.jpg,0.749819,0.903507,1.000000,否
7,train/images/nozzle_no_extrusion_0458.jpg,val/images/nozzle_no_extrusion_0483.jpg,0.671014,0.835044,1.000000,否
7,train/images/nozzle_no_extrusion_0458.jpg,train/images/nozzle_no_extrusion_0268.jpg,0.750899,0.865901,1.000000,否
7,train/images/nozzle_no_extrusion_0458.jpg,train/images/nozzle_no_extrusion_0347.jpg,0.764817,0.900414,1.000000,否
7,train/images/nozzle_no_extrusion_0458.jpg,train/images/nozzle_no_extrusion_0306.jpg,0.773027,0.893823,1.000000,否
7,train/images/nozzle_no_extrusion_0458.jpg,val/images/nozzle_no_extrusion_0494.jpg,0.681384,0.817659,1.000000,否
7,train/images/nozzle_no_extrusion_0458.jpg,train/images/nozzle_no_extrusion_0385.jpg,0.750933,0.890684,1.000000,否
7,train/images/nozzle_no_extrusion_0458.jpg,train/images/nozzle_no_extrusion_0482.jpg,0.717546,0.892474,1.000000,否
7,train/images/nozzle_no_extrusion_0470.jpg,train/images/nozzle_no_extrusion_0495.jpg,0.731449,0.843501,1.000000,否
7,train/images/nozzle_no_extrusion_0470.jpg,val/images/nozzle_no_extrusion_0192.jpg,0.657049,0.722872,1.000000,否
7,train/images/nozzle_no_extrusion_0470.jpg,train/images/nozzle_no_extrusion_0413.jpg,0.745460,0.906927,1.000000,否
7,train/images/nozzle_no_extrusion_0470.jpg,train/images/nozzle_no_extrusion_0493.jpg,0.710702,0.864583,1.000000,否
7,train/images/nozzle_no_extrusion_0470.jpg,train/images/nozzle_no_extrusion_0481.jpg,0.701582,0.846267,1.000000,否
7,train/images/nozzle_no_extrusion_0470.jpg,test/images/nozzle_no_extrusion_0614.jpg,0.761172,0.917287,1.000000,否
7,train/images/nozzle_no_extrusion_0470.jpg,val/images/nozzle_no_extrusion_0483.jpg,0.664262,0.818561,1.000000,否
7,train/images/nozzle_no_extrusion_0470.jpg,train/images/nozzle_no_extrusion_0268.jpg,0.768488,0.883992,1.000000,否
7,train/images/nozzle_no_extrusion_0470.jpg,train/images/nozzle_no_extrusion_0347.jpg,0.780725,0.915891,1.000000,否
7,train/images/nozzle_no_extrusion_0470.jpg,train/images/nozzle_no_extrusion_0306.jpg,0.785334,0.906583,1.000000,否
7,train/images/nozzle_no_extrusion_0470.jpg,val/images/nozzle_no_extrusion_0494.jpg,0.698530,0.843193,1.000000,否
7,train/images/nozzle_no_extrusion_0470.jpg,train/images/nozzle_no_extrusion_0385.jpg,0.767559,0.901191,1.000000,否
7,train/images/nozzle_no_extrusion_0470.jpg,train/images/nozzle_no_extrusion_0482.jpg,0.724493,0.897689,1.000000,否
7,train/images/nozzle_no_extrusion_0495.jpg,val/images/nozzle_no_extrusion_0192.jpg,0.724568,0.747280,1.000000,否
7,train/images/nozzle_no_extrusion_0495.jpg,train/images/nozzle_no_extrusion_0413.jpg,0.727156,0.893382,1.000000,否
7,train/images/nozzle_no_extrusion_0495.jpg,train/images/nozzle_no_extrusion_0493.jpg,0.713618,0.845980,1.000000,否
7,train/images/nozzle_no_extrusion_0495.jpg,train/images/nozzle_no_extrusion_0481.jpg,0.783197,0.952462,1.000000,否
7,train/images/nozzle_no_extrusion_0495.jpg,test/images/nozzle_no_extrusion_0614.jpg,0.736854,0.877015,1.000000,否
7,train/images/nozzle_no_extrusion_0495.jpg,val/images/nozzle_no_extrusion_0483.jpg,0.670678,0.803436,1.000000,否
7,train/images/nozzle_no_extrusion_0495.jpg,train/images/nozzle_no_extrusion_0268.jpg,0.777820,0.877287,1.000000,否
7,train/images/nozzle_no_extrusion_0495.jpg,train/images/nozzle_no_extrusion_0347.jpg,0.774993,0.877115,1.000000,否
7,train/images/nozzle_no_extrusion_0495.jpg,train/images/nozzle_no_extrusion_0306.jpg,0.799349,0.873224,1.000000,否
7,train/images/nozzle_no_extrusion_0495.jpg,val/images/nozzle_no_extrusion_0494.jpg,0.781522,0.961984,1.000000,否
7,train/images/nozzle_no_extrusion_0495.jpg,train/images/nozzle_no_extrusion_0385.jpg,0.785804,0.897494,1.000000,否
7,train/images/nozzle_no_extrusion_0495.jpg,train/images/nozzle_no_extrusion_0482.jpg,0.745078,0.902455,1.000000,否
7,val/images/nozzle_no_extrusion_0192.jpg,train/images/nozzle_no_extrusion_0413.jpg,0.699202,0.779222,1.000000,否
7,val/images/nozzle_no_extrusion_0192.jpg,train/images/nozzle_no_extrusion_0493.jpg,0.606653,0.653285,1.000000,否
7,val/images/nozzle_no_extrusion_0192.jpg,train/images/nozzle_no_extrusion_0481.jpg,0.672613,0.748311,1.000000,否
7,val/images/nozzle_no_extrusion_0192.jpg,test/images/nozzle_no_extrusion_0614.jpg,0.680165,0.743164,1.000000,否
7,val/images/nozzle_no_extrusion_0192.jpg,val/images/nozzle_no_extrusion_0483.jpg,0.578148,0.638111,1.000000,否
7,val/images/nozzle_no_extrusion_0192.jpg,train/images/nozzle_no_extrusion_0268.jpg,0.738361,0.832073,1.000000,否
7,val/images/nozzle_no_extrusion_0192.jpg,train/images/nozzle_no_extrusion_0347.jpg,0.724651,0.803560,1.000000,否
7,val/images/nozzle_no_extrusion_0192.jpg,train/images/nozzle_no_extrusion_0306.jpg,0.730730,0.802329,1.000000,否
7,val/images/nozzle_no_extrusion_0192.jpg,val/images/nozzle_no_extrusion_0494.jpg,0.668098,0.741870,1.000000,否
7,val/images/nozzle_no_extrusion_0192.jpg,train/images/nozzle_no_extrusion_0385.jpg,0.745325,0.804360,1.000000,否
7,val/images/nozzle_no_extrusion_0192.jpg,train/images/nozzle_no_extrusion_0482.jpg,0.630771,0.683006,1.000000,否
7,train/images/nozzle_no_extrusion_0413.jpg,train/images/nozzle_no_extrusion_0493.jpg,0.654713,0.808244,1.000000,否
7,train/images/nozzle_no_extrusion_0413.jpg,train/images/nozzle_no_extrusion_0481.jpg,0.696479,0.890245,1.000000,否
7,train/images/nozzle_no_extrusion_0413.jpg,test/images/nozzle_no_extrusion_0614.jpg,0.757099,0.923233,1.000000,否
7,train/images/nozzle_no_extrusion_0413.jpg,val/images/nozzle_no_extrusion_0483.jpg,0.615723,0.762740,1.000000,否
7,train/images/nozzle_no_extrusion_0413.jpg,train/images/nozzle_no_extrusion_0268.jpg,0.780623,0.931165,1.000000,否
7,train/images/nozzle_no_extrusion_0413.jpg,train/images/nozzle_no_extrusion_0347.jpg,0.781879,0.941314,1.000000,否
7,train/images/nozzle_no_extrusion_0413.jpg,train/images/nozzle_no_extrusion_0306.jpg,0.776845,0.936678,1.000000,否
7,train/images/nozzle_no_extrusion_0413.jpg,val/images/nozzle_no_extrusion_0494.jpg,0.694039,0.886831,1.000000,否
7,train/images/nozzle_no_extrusion_0413.jpg,train/images/nozzle_no_extrusion_0385.jpg,0.808186,0.953072,1.000000,否
7,train/images/nozzle_no_extrusion_0413.jpg,train/images/nozzle_no_extrusion_0482.jpg,0.676514,0.866389,1.000000,否
7,train/images/nozzle_no_extrusion_0493.jpg,train/images/nozzle_no_extrusion_0481.jpg,0.711440,0.838397,1.000000,否
7,train/images/nozzle_no_extrusion_0493.jpg,test/images/nozzle_no_extrusion_0614.jpg,0.673032,0.821369,1.000000,否
7,train/images/nozzle_no_extrusion_0493.jpg,val/images/nozzle_no_extrusion_0483.jpg,0.756247,0.912672,1.000000,否
7,train/images/nozzle_no_extrusion_0493.jpg,train/images/nozzle_no_extrusion_0268.jpg,0.675993,0.783414,1.000000,否
7,train/images/nozzle_no_extrusion_0493.jpg,train/images/nozzle_no_extrusion_0347.jpg,0.687640,0.813818,1.000000,否
7,train/images/nozzle_no_extrusion_0493.jpg,train/images/nozzle_no_extrusion_0306.jpg,0.699731,0.815091,1.000000,否
7,train/images/nozzle_no_extrusion_0493.jpg,val/images/nozzle_no_extrusion_0494.jpg,0.707556,0.847729,1.000000,否
7,train/images/nozzle_no_extrusion_0493.jpg,train/images/nozzle_no_extrusion_0385.jpg,0.673832,0.804888,1.000000,否
7,train/images/nozzle_no_extrusion_0493.jpg,train/images/nozzle_no_extrusion_0482.jpg,0.833830,0.911360,1.000000,否
7,train/images/nozzle_no_extrusion_0481.jpg,test/images/nozzle_no_extrusion_0614.jpg,0.712031,0.868938,1.000000,否
7,train/images/nozzle_no_extrusion_0481.jpg,val/images/nozzle_no_extrusion_0483.jpg,0.664589,0.801823,1.000000,否
7,train/images/nozzle_no_extrusion_0481.jpg,train/images/nozzle_no_extrusion_0268.jpg,0.730173,0.872246,1.000000,否
7,train/images/nozzle_no_extrusion_0481.jpg,train/images/nozzle_no_extrusion_0347.jpg,0.728601,0.869989,1.000000,否
7,train/images/nozzle_no_extrusion_0481.jpg,train/images/nozzle_no_extrusion_0306.jpg,0.740157,0.866498,1.000000,否
7,train/images/nozzle_no_extrusion_0481.jpg,val/images/nozzle_no_extrusion_0494.jpg,0.994548,0.967859,1.000000,是
7,train/images/nozzle_no_extrusion_0481.jpg,train/images/nozzle_no_extrusion_0385.jpg,0.721954,0.885674,1.000000,否
7,train/images/nozzle_no_extrusion_0481.jpg,train/images/nozzle_no_extrusion_0482.jpg,0.757240,0.890316,1.000000,否
7,test/images/nozzle_no_extrusion_0614.jpg,val/images/nozzle_no_extrusion_0483.jpg,0.628124,0.781331,1.000000,否
7,test/images/nozzle_no_extrusion_0614.jpg,train/images/nozzle_no_extrusion_0268.jpg,0.797380,0.905992,1.000000,否
7,test/images/nozzle_no_extrusion_0614.jpg,train/images/nozzle_no_extrusion_0347.jpg,0.799644,0.930817,1.000000,否
7,test/images/nozzle_no_extrusion_0614.jpg,train/images/nozzle_no_extrusion_0306.jpg,0.792077,0.923154,1.000000,否
7,test/images/nozzle_no_extrusion_0614.jpg,val/images/nozzle_no_extrusion_0494.jpg,0.708168,0.864047,1.000000,否
7,test/images/nozzle_no_extrusion_0614.jpg,train/images/nozzle_no_extrusion_0385.jpg,0.785405,0.933919,1.000000,否
7,test/images/nozzle_no_extrusion_0614.jpg,train/images/nozzle_no_extrusion_0482.jpg,0.703575,0.879510,1.000000,否
7,val/images/nozzle_no_extrusion_0483.jpg,train/images/nozzle_no_extrusion_0268.jpg,0.634001,0.745938,1.000000,否
7,val/images/nozzle_no_extrusion_0483.jpg,train/images/nozzle_no_extrusion_0347.jpg,0.644245,0.772145,1.000000,否
7,val/images/nozzle_no_extrusion_0483.jpg,train/images/nozzle_no_extrusion_0306.jpg,0.657030,0.767645,1.000000,否
7,val/images/nozzle_no_extrusion_0483.jpg,val/images/nozzle_no_extrusion_0494.jpg,0.660223,0.806287,1.000000,否
7,val/images/nozzle_no_extrusion_0483.jpg,train/images/nozzle_no_extrusion_0385.jpg,0.633973,0.765847,1.000000,否
7,val/images/nozzle_no_extrusion_0483.jpg,train/images/nozzle_no_extrusion_0482.jpg,0.706524,0.870945,1.000000,否
7,train/images/nozzle_no_extrusion_0268.jpg,train/images/nozzle_no_extrusion_0347.jpg,0.978714,0.967109,1.000000,是
7,train/images/nozzle_no_extrusion_0268.jpg,train/images/nozzle_no_extrusion_0306.jpg,0.837120,0.962342,1.000000,否
7,train/images/nozzle_no_extrusion_0268.jpg,val/images/nozzle_no_extrusion_0494.jpg,0.726187,0.865561,1.000000,否
7,train/images/nozzle_no_extrusion_0268.jpg,train/images/nozzle_no_extrusion_0385.jpg,0.828211,0.952872,1.000000,否
7,train/images/nozzle_no_extrusion_0268.jpg,train/images/nozzle_no_extrusion_0482.jpg,0.705647,0.838476,1.000000,否
7,train/images/nozzle_no_extrusion_0347.jpg,train/images/nozzle_no_extrusion_0306.jpg,0.838823,0.966590,1.000000,否
7,train/images/nozzle_no_extrusion_0347.jpg,val/images/nozzle_no_extrusion_0494.jpg,0.723976,0.864521,1.000000,否
7,train/images/nozzle_no_extrusion_0347.jpg,train/images/nozzle_no_extrusion_0385.jpg,0.824330,0.958983,1.000000,否
7,train/images/nozzle_no_extrusion_0347.jpg,train/images/nozzle_no_extrusion_0482.jpg,0.715350,0.872988,1.000000,否
7,train/images/nozzle_no_extrusion_0306.jpg,val/images/nozzle_no_extrusion_0494.jpg,0.736951,0.860791,1.000000,否
7,train/images/nozzle_no_extrusion_0306.jpg,train/images/nozzle_no_extrusion_0385.jpg,0.833714,0.954593,1.000000,否
7,train/images/nozzle_no_extrusion_0306.jpg,train/images/nozzle_no_extrusion_0482.jpg,0.724187,0.861248,1.000000,否
7,val/images/nozzle_no_extrusion_0494.jpg,train/images/nozzle_no_extrusion_0385.jpg,0.717704,0.880368,1.000000,否
7,val/images/nozzle_no_extrusion_0494.jpg,train/images/nozzle_no_extrusion_0482.jpg,0.753363,0.891957,1.000000,否
7,train/images/nozzle_no_extrusion_0385.jpg,train/images/nozzle_no_extrusion_0482.jpg,0.703502,0.866114,1.000000,否
8,train/images/nozzle_extrusion_normal_0454.jpg,test/images/nozzle_extrusion_normal_0453.jpg,0.744151,0.872790,1.000000,否
8,train/images/nozzle_extrusion_normal_0454.jpg,train/images/nozzle_extrusion_normal_0452.jpg,0.696450,0.764118,1.000000,否
8,train/images/nozzle_extrusion_normal_0454.jpg,train/images/nozzle_extrusion_normal_0539.jpg,0.745177,0.706675,1.000000,否
8,train/images/nozzle_extrusion_normal_0454.jpg,test/images/nozzle_extrusion_normal_0374.jpg,0.715082,0.734438,1.000000,否
8,train/images/nozzle_extrusion_normal_0454.jpg,train/images/nozzle_extrusion_normal_0415.jpg,0.755805,0.785791,1.000000,否
8,train/images/nozzle_extrusion_normal_0454.jpg,train/images/nozzle_extrusion_normal_0496.jpg,0.770306,0.769958,1.000000,否
8,train/images/nozzle_extrusion_normal_0454.jpg,train/images/nozzle_extrusion_normal_0413.jpg,0.684777,0.729740,1.000000,否
8,train/images/nozzle_extrusion_normal_0454.jpg,val/images/nozzle_extrusion_normal_0338.jpg,0.722009,0.699626,1.000000,否
8,train/images/nozzle_extrusion_normal_0454.jpg,train/images/nozzle_extrusion_normal_0337.jpg,0.690964,0.677822,1.000000,否
8,train/images/nozzle_extrusion_normal_0454.jpg,train/images/nozzle_extrusion_normal_0495.jpg,0.724550,0.786953,1.000000,否
8,train/images/nozzle_extrusion_normal_0454.jpg,train/images/nozzle_extrusion_normal_0538.jpg,0.723207,0.724210,1.000000,否
8,train/images/nozzle_extrusion_normal_0454.jpg,val/images/nozzle_extrusion_normal_0305.jpg,0.722137,0.680533,1.000000,否
8,train/images/nozzle_extrusion_normal_0454.jpg,test/images/nozzle_extrusion_normal_0582.jpg,0.719856,0.721321,1.000000,否
8,train/images/nozzle_extrusion_normal_0454.jpg,val/images/nozzle_extrusion_normal_0304.jpg,0.689029,0.675146,1.000000,否
8,train/images/nozzle_extrusion_normal_0454.jpg,train/images/nozzle_extrusion_normal_0373.jpg,0.684010,0.722485,1.000000,否
8,train/images/nozzle_extrusion_normal_0454.jpg,train/images/nozzle_extrusion_normal_0414.jpg,0.719225,0.766083,1.000000,否
8,train/images/nozzle_extrusion_normal_0454.jpg,train/images/nozzle_extrusion_normal_0581.jpg,0.699245,0.725658,1.000000,否
8,test/images/nozzle_extrusion_normal_0453.jpg,train/images/nozzle_extrusion_normal_0452.jpg,0.737472,0.816618,1.000000,否
8,test/images/nozzle_extrusion_normal_0453.jpg,train/images/nozzle_extrusion_normal_0539.jpg,0.740541,0.715857,1.000000,否
8,test/images/nozzle_extrusion_normal_0453.jpg,test/images/nozzle_extrusion_normal_0374.jpg,0.759873,0.749578,1.000000,否
8,test/images/nozzle_extrusion_normal_0453.jpg,train/images/nozzle_extrusion_normal_0415.jpg,0.778877,0.790759,1.000000,否
8,test/images/nozzle_extrusion_normal_0453.jpg,train/images/nozzle_extrusion_normal_0496.jpg,0.766190,0.741805,1.000000,否
8,test/images/nozzle_extrusion_normal_0453.jpg,train/images/nozzle_extrusion_normal_0413.jpg,0.710175,0.744633,1.000000,否
8,test/images/nozzle_extrusion_normal_0453.jpg,val/images/nozzle_extrusion_normal_0338.jpg,0.736639,0.729747,1.000000,否
8,test/images/nozzle_extrusion_normal_0453.jpg,train/images/nozzle_extrusion_normal_0337.jpg,0.731389,0.712973,1.000000,否
8,test/images/nozzle_extrusion_normal_0453.jpg,train/images/nozzle_extrusion_normal_0495.jpg,0.777487,0.782051,1.000000,否
8,test/images/nozzle_extrusion_normal_0453.jpg,train/images/nozzle_extrusion_normal_0538.jpg,0.751941,0.750652,1.000000,否
8,test/images/nozzle_extrusion_normal_0453.jpg,val/images/nozzle_extrusion_normal_0305.jpg,0.724016,0.678741,1.000000,否
8,test/images/nozzle_extrusion_normal_0453.jpg,test/images/nozzle_extrusion_normal_0582.jpg,0.760074,0.776023,1.000000,否
8,test/images/nozzle_extrusion_normal_0453.jpg,val/images/nozzle_extrusion_normal_0304.jpg,0.732902,0.695737,1.000000,否
8,test/images/nozzle_extrusion_normal_0453.jpg,train/images/nozzle_extrusion_normal_0373.jpg,0.724646,0.751689,1.000000,否
8,test/images/nozzle_extrusion_normal_0453.jpg,train/images/nozzle_extrusion_normal_0414.jpg,0.782392,0.773434,1.000000,否
8,test/images/nozzle_extrusion_normal_0453.jpg,train/images/nozzle_extrusion_normal_0581.jpg,0.716311,0.774914,1.000000,否
8,train/images/nozzle_extrusion_normal_0452.jpg,train/images/nozzle_extrusion_normal_0539.jpg,0.685892,0.724178,1.000000,否
8,train/images/nozzle_extrusion_normal_0452.jpg,test/images/nozzle_extrusion_normal_0374.jpg,0.756398,0.768320,1.000000,否
8,train/images/nozzle_extrusion_normal_0452.jpg,train/images/nozzle_extrusion_normal_0415.jpg,0.734969,0.825425,1.000000,否
8,train/images/nozzle_extrusion_normal_0452.jpg,train/images/nozzle_extrusion_normal_0496.jpg,0.699372,0.740014,1.000000,否
8,train/images/nozzle_extrusion_normal_0452.jpg,train/images/nozzle_extrusion_normal_0413.jpg,0.799731,0.821011,1.000000,否
8,train/images/nozzle_extrusion_normal_0452.jpg,val/images/nozzle_extrusion_normal_0338.jpg,0.737588,0.756128,1.000000,否
8,train/images/nozzle_extrusion_normal_0452.jpg,train/images/nozzle_extrusion_normal_0337.jpg,0.741682,0.778708,1.000000,否
8,train/images/nozzle_extrusion_normal_0452.jpg,train/images/nozzle_extrusion_normal_0495.jpg,0.759208,0.758512,1.000000,否
8,train/images/nozzle_extrusion_normal_0452.jpg,train/images/nozzle_extrusion_normal_0538.jpg,0.735896,0.776872,1.000000,否
8,train/images/nozzle_extrusion_normal_0452.jpg,val/images/nozzle_extrusion_normal_0305.jpg,0.723638,0.700410,1.000000,否
8,train/images/nozzle_extrusion_normal_0452.jpg,test/images/nozzle_extrusion_normal_0582.jpg,0.706952,0.743812,1.000000,否
8,train/images/nozzle_extrusion_normal_0452.jpg,val/images/nozzle_extrusion_normal_0304.jpg,0.725113,0.726396,1.000000,否
8,train/images/nozzle_extrusion_normal_0452.jpg,train/images/nozzle_extrusion_normal_0373.jpg,0.762601,0.781131,1.000000,否
8,train/images/nozzle_extrusion_normal_0452.jpg,train/images/nozzle_extrusion_normal_0414.jpg,0.783810,0.846539,1.000000,否
8,train/images/nozzle_extrusion_normal_0452.jpg,train/images/nozzle_extrusion_normal_0581.jpg,0.767847,0.799159,1.000000,否
8,train/images/nozzle_extrusion_normal_0539.jpg,test/images/nozzle_extrusion_normal_0374.jpg,0.728680,0.675649,1.000000,否
8,train/images/nozzle_extrusion_normal_0539.jpg,train/images/nozzle_extrusion_normal_0415.jpg,0.756916,0.742657,1.000000,否
8,train/images/nozzle_extrusion_normal_0539.jpg,train/images/nozzle_extrusion_normal_0496.jpg,0.774322,0.748664,1.000000,否
8,train/images/nozzle_extrusion_normal_0539.jpg,train/images/nozzle_extrusion_normal_0413.jpg,0.678751,0.649514,1.000000,否
8,train/images/nozzle_extrusion_normal_0539.jpg,val/images/nozzle_extrusion_normal_0338.jpg,0.729559,0.681116,1.000000,否
8,train/images/nozzle_extrusion_normal_0539.jpg,train/images/nozzle_extrusion_normal_0337.jpg,0.686392,0.668135,1.000000,否
8,train/images/nozzle_extrusion_normal_0539.jpg,train/images/nozzle_extrusion_normal_0495.jpg,0.719899,0.711581,1.000000,否
8,train/images/nozzle_extrusion_normal_0539.jpg,train/images/nozzle_extrusion_normal_0538.jpg,0.750750,0.859855,1.000000,否
8,train/images/nozzle_extrusion_normal_0539.jpg,val/images/nozzle_extrusion_normal_0305.jpg,0.727829,0.690579,1.000000,否
8,train/images/nozzle_extrusion_normal_0539.jpg,test/images/nozzle_extrusion_normal_0582.jpg,0.781764,0.787875,1.000000,否
8,train/images/nozzle_extrusion_normal_0539.jpg,val/images/nozzle_extrusion_normal_0304.jpg,0.693619,0.658854,1.000000,否
8,train/images/nozzle_extrusion_normal_0539.jpg,train/images/nozzle_extrusion_normal_0373.jpg,0.680370,0.639495,1.000000,否
8,train/images/nozzle_extrusion_normal_0539.jpg,train/images/nozzle_extrusion_normal_0414.jpg,0.714939,0.721348,1.000000,否
8,train/images/nozzle_extrusion_normal_0539.jpg,train/images/nozzle_extrusion_normal_0581.jpg,0.726003,0.766602,1.000000,否
8,test/images/nozzle_extrusion_normal_0374.jpg,train/images/nozzle_extrusion_normal_0415.jpg,0.778597,0.831928,1.000000,否
8,test/images/nozzle_extrusion_normal_0374.jpg,train/images/nozzle_extrusion_normal_0496.jpg,0.748156,0.705409,1.000000,否
8,test/images/nozzle_extrusion_normal_0374.jpg,train/images/nozzle_extrusion_normal_0413.jpg,0.740740,0.831397,1.000000,否
8,test/images/nozzle_extrusion_normal_0374.jpg,val/images/nozzle_extrusion_normal_0338.jpg,0.789688,0.817609,1.000000,否
8,test/images/nozzle_extrusion_normal_0374.jpg,train/images/nozzle_extrusion_normal_0337.jpg,0.761287,0.811013,1.000000,否
8,test/images/nozzle_extrusion_normal_0374.jpg,train/images/nozzle_extrusion_normal_0495.jpg,0.722002,0.731550,1.000000,否
8,test/images/nozzle_extrusion_normal_0374.jpg,train/images/nozzle_extrusion_normal_0538.jpg,0.718248,0.708265,1.000000,否
8,test/images/nozzle_extrusion_normal_0374.jpg,val/images/nozzle_extrusion_normal_0305.jpg,0.773000,0.780134,1.000000,否
8,test/images/nozzle_extrusion_normal_0374.jpg,test/images/nozzle_extrusion_normal_0582.jpg,0.724168,0.711606,1.000000,否
8,test/images/nozzle_extrusion_normal_0374.jpg,val/images/nozzle_extrusion_normal_0304.jpg,0.749696,0.793085,1.000000,否
8,test/images/nozzle_extrusion_normal_0374.jpg,train/images/nozzle_extrusion_normal_0373.jpg,0.769660,0.898358,1.000000,否
8,test/images/nozzle_extrusion_normal_0374.jpg,train/images/nozzle_extrusion_normal_0414.jpg,0.794805,0.820402,1.000000,否
8,test/images/nozzle_extrusion_normal_0374.jpg,train/images/nozzle_extrusion_normal_0581.jpg,0.682248,0.733510,1.000000,否
8,train/images/nozzle_extrusion_normal_0415.jpg,train/images/nozzle_extrusion_normal_0496.jpg,0.758222,0.743562,1.000000,否
8,train/images/nozzle_extrusion_normal_0415.jpg,train/images/nozzle_extrusion_normal_0413.jpg,0.727414,0.811742,1.000000,否
8,train/images/nozzle_extrusion_normal_0415.jpg,val/images/nozzle_extrusion_normal_0338.jpg,0.769604,0.803321,1.000000,否
8,train/images/nozzle_extrusion_normal_0415.jpg,train/images/nozzle_extrusion_normal_0337.jpg,0.732154,0.791889,1.000000,否
8,train/images/nozzle_extrusion_normal_0415.jpg,train/images/nozzle_extrusion_normal_0495.jpg,0.732571,0.745591,1.000000,否
8,train/images/nozzle_extrusion_normal_0415.jpg,train/images/nozzle_extrusion_normal_0538.jpg,0.731714,0.745681,1.000000,否
8,train/images/nozzle_extrusion_normal_0415.jpg,val/images/nozzle_extrusion_normal_0305.jpg,0.770312,0.778196,1.000000,否
8,train/images/nozzle_extrusion_normal_0415.jpg,test/images/nozzle_extrusion_normal_0582.jpg,0.728317,0.745643,1.000000,否
8,train/images/nozzle_extrusion_normal_0415.jpg,val/images/nozzle_extrusion_normal_0304.jpg,0.719385,0.754050,1.000000,否
8,train/images/nozzle_extrusion_normal_0415.jpg,train/images/nozzle_extrusion_normal_0373.jpg,0.731577,0.808097,1.000000,否
8,train/images/nozzle_extrusion_normal_0415.jpg,train/images/nozzle_extrusion_normal_0414.jpg,0.778475,0.898208,1.000000,否
8,train/images/nozzle_extrusion_normal_0415.jpg,train/images/nozzle_extrusion_normal_0581.jpg,0.697635,0.749455,1.000000,否
8,train/images/nozzle_extrusion_normal_0496.jpg,train/images/nozzle_extrusion_normal_0413.jpg,0.680126,0.714684,1.000000,否
8,train/images/nozzle_extrusion_normal_0496.jpg,val/images/nozzle_extrusion_normal_0338.jpg,0.726130,0.670914,1.000000,否
8,train/images/nozzle_extrusion_normal_0496.jpg,train/images/nozzle_extrusion_normal_0337.jpg,0.695348,0.654925,1.000000,否
8,train/images/nozzle_extrusion_normal_0496.jpg,train/images/nozzle_extrusion_normal_0495.jpg,0.743385,0.869889,1.000000,否
8,train/images/nozzle_extrusion_normal_0496.jpg,train/images/nozzle_extrusion_normal_0538.jpg,0.765300,0.776389,1.000000,否
8,train/images/nozzle_extrusion_normal_0496.jpg,val/images/nozzle_extrusion_normal_0305.jpg,0.731352,0.690430,1.000000,否
8,train/images/nozzle_extrusion_normal_0496.jpg,test/images/nozzle_extrusion_normal_0582.jpg,0.747583,0.742555,1.000000,否
8,train/images/nozzle_extrusion_normal_0496.jpg,val/images/nozzle_extrusion_normal_0304.jpg,0.688006,0.693791,1.000000,否
8,train/images/nozzle_extrusion_normal_0496.jpg,train/images/nozzle_extrusion_normal_0373.jpg,0.686465,0.670552,1.000000,否
8,train/images/nozzle_extrusion_normal_0496.jpg,train/images/nozzle_extrusion_normal_0414.jpg,0.726352,0.734744,1.000000,否
8,train/images/nozzle_extrusion_normal_0496.jpg,train/images/nozzle_extrusion_normal_0581.jpg,0.720342,0.746252,1.000000,否
8,train/images/nozzle_extrusion_normal_0413.jpg,val/images/nozzle_extrusion_normal_0338.jpg,0.738079,0.772566,1.000000,否
8,train/images/nozzle_extrusion_normal_0413.jpg,train/images/nozzle_extrusion_normal_0337.jpg,0.757762,0.794009,1.000000,否
8,train/images/nozzle_extrusion_normal_0413.jpg,train/images/nozzle_extrusion_normal_0495.jpg,0.719286,0.763940,1.000000,否
8,train/images/nozzle_extrusion_normal_0413.jpg,train/images/nozzle_extrusion_normal_0538.jpg,0.707220,0.724275,1.000000,否
8,train/images/nozzle_extrusion_normal_0413.jpg,val/images/nozzle_extrusion_normal_0305.jpg,0.741838,0.726404,1.000000,否
8,train/images/nozzle_extrusion_normal_0413.jpg,test/images/nozzle_extrusion_normal_0582.jpg,0.695812,0.688024,1.000000,否
8,train/images/nozzle_extrusion_normal_0413.jpg,val/images/nozzle_extrusion_normal_0304.jpg,0.742249,0.758156,1.000000,否
8,train/images/nozzle_extrusion_normal_0413.jpg,train/images/nozzle_extrusion_normal_0373.jpg,0.789731,0.833611,1.000000,否
8,train/images/nozzle_extrusion_normal_0413.jpg,train/images/nozzle_extrusion_normal_0414.jpg,0.767201,0.871264,1.000000,否
8,train/images/nozzle_extrusion_normal_0413.jpg,train/images/nozzle_extrusion_normal_0581.jpg,0.748426,0.733355,1.000000,否
8,val/images/nozzle_extrusion_normal_0338.jpg,train/images/nozzle_extrusion_normal_0337.jpg,0.767121,0.909250,1.000000,否
8,val/images/nozzle_extrusion_normal_0338.jpg,train/images/nozzle_extrusion_normal_0495.jpg,0.704581,0.679432,1.000000,否
8,val/images/nozzle_extrusion_normal_0338.jpg,train/images/nozzle_extrusion_normal_0538.jpg,0.694788,0.709206,1.000000,否
8,val/images/nozzle_extrusion_normal_0338.jpg,val/images/nozzle_extrusion_normal_0305.jpg,0.790579,0.819742,1.000000,否
8,val/images/nozzle_extrusion_normal_0338.jpg,test/images/nozzle_extrusion_normal_0582.jpg,0.698907,0.717598,1.000000,否
8,val/images/nozzle_extrusion_normal_0338.jpg,val/images/nozzle_extrusion_normal_0304.jpg,0.746569,0.823906,1.000000,否
8,val/images/nozzle_extrusion_normal_0338.jpg,train/images/nozzle_extrusion_normal_0373.jpg,0.757524,0.805966,1.000000,否
8,val/images/nozzle_extrusion_normal_0338.jpg,train/images/nozzle_extrusion_normal_0414.jpg,0.763919,0.793734,1.000000,否
8,val/images/nozzle_extrusion_normal_0338.jpg,train/images/nozzle_extrusion_normal_0581.jpg,0.673965,0.722313,1.000000,否
8,train/images/nozzle_extrusion_normal_0337.jpg,train/images/nozzle_extrusion_normal_0495.jpg,0.721512,0.694619,1.000000,否
8,train/images/nozzle_extrusion_normal_0337.jpg,train/images/nozzle_extrusion_normal_0538.jpg,0.731915,0.683872,1.000000,否
8,train/images/nozzle_extrusion_normal_0337.jpg,val/images/nozzle_extrusion_normal_0305.jpg,0.779191,0.799896,1.000000,否
8,train/images/nozzle_extrusion_normal_0337.jpg,test/images/nozzle_extrusion_normal_0582.jpg,0.728087,0.711113,1.000000,否
8,train/images/nozzle_extrusion_normal_0337.jpg,val/images/nozzle_extrusion_normal_0304.jpg,0.788739,0.806602,1.000000,否
8,train/images/nozzle_extrusion_normal_0337.jpg,train/images/nozzle_extrusion_normal_0373.jpg,0.787011,0.814739,1.000000,否
8,train/images/nozzle_extrusion_normal_0337.jpg,train/images/nozzle_extrusion_normal_0414.jpg,0.781272,0.802244,1.000000,否
8,train/images/nozzle_extrusion_normal_0337.jpg,train/images/nozzle_extrusion_normal_0581.jpg,0.681874,0.727085,1.000000,否
8,train/images/nozzle_extrusion_normal_0495.jpg,train/images/nozzle_extrusion_normal_0538.jpg,0.789212,0.760588,1.000000,否
8,train/images/nozzle_extrusion_normal_0495.jpg,val/images/nozzle_extrusion_normal_0305.jpg,0.699516,0.687240,1.000000,否
8,train/images/nozzle_extrusion_normal_0495.jpg,test/images/nozzle_extrusion_normal_0582.jpg,0.745910,0.753482,1.000000,否
8,train/images/nozzle_extrusion_normal_0495.jpg,val/images/nozzle_extrusion_normal_0304.jpg,0.719781,0.693687,1.000000,否
8,train/images/nozzle_extrusion_normal_0495.jpg,train/images/nozzle_extrusion_normal_0373.jpg,0.753294,0.736156,1.000000,否
8,train/images/nozzle_extrusion_normal_0495.jpg,train/images/nozzle_extrusion_normal_0414.jpg,0.760639,0.760449,1.000000,否
8,train/images/nozzle_extrusion_normal_0495.jpg,train/images/nozzle_extrusion_normal_0581.jpg,0.744898,0.770326,1.000000,否
8,train/images/nozzle_extrusion_normal_0538.jpg,val/images/nozzle_extrusion_normal_0305.jpg,0.706094,0.698480,1.000000,否
8,train/images/nozzle_extrusion_normal_0538.jpg,test/images/nozzle_extrusion_normal_0582.jpg,0.784791,0.779300,1.000000,否
8,train/images/nozzle_extrusion_normal_0538.jpg,val/images/nozzle_extrusion_normal_0304.jpg,0.722782,0.709661,1.000000,否
8,train/images/nozzle_extrusion_normal_0538.jpg,train/images/nozzle_extrusion_normal_0373.jpg,0.746258,0.683249,1.000000,否
8,train/images/nozzle_extrusion_normal_0538.jpg,train/images/nozzle_extrusion_normal_0414.jpg,0.770867,0.779340,1.000000,否
8,train/images/nozzle_extrusion_normal_0538.jpg,train/images/nozzle_extrusion_normal_0581.jpg,0.778868,0.799850,1.000000,否
8,val/images/nozzle_extrusion_normal_0305.jpg,test/images/nozzle_extrusion_normal_0582.jpg,0.702485,0.661697,1.000000,否
8,val/images/nozzle_extrusion_normal_0305.jpg,val/images/nozzle_extrusion_normal_0304.jpg,0.769825,0.888182,1.000000,否
8,val/images/nozzle_extrusion_normal_0305.jpg,train/images/nozzle_extrusion_normal_0373.jpg,0.759322,0.762454,1.000000,否
8,val/images/nozzle_extrusion_normal_0305.jpg,train/images/nozzle_extrusion_normal_0414.jpg,0.754474,0.758914,1.000000,否
8,val/images/nozzle_extrusion_normal_0305.jpg,train/images/nozzle_extrusion_normal_0581.jpg,0.674693,0.665559,1.000000,否
8,test/images/nozzle_extrusion_normal_0582.jpg,val/images/nozzle_extrusion_normal_0304.jpg,0.718394,0.660203,1.000000,否
8,test/images/nozzle_extrusion_normal_0582.jpg,train/images/nozzle_extrusion_normal_0373.jpg,0.712057,0.674531,1.000000,否
8,test/images/nozzle_extrusion_normal_0582.jpg,train/images/nozzle_extrusion_normal_0414.jpg,0.763188,0.720802,1.000000,否
8,test/images/nozzle_extrusion_normal_0582.jpg,train/images/nozzle_extrusion_normal_0581.jpg,0.752180,0.904945,1.000000,否
8,val/images/nozzle_extrusion_normal_0304.jpg,train/images/nozzle_extrusion_normal_0373.jpg,0.770132,0.787434,1.000000,否
8,val/images/nozzle_extrusion_normal_0304.jpg,train/images/nozzle_extrusion_normal_0414.jpg,0.778390,0.770701,1.000000,否
8,val/images/nozzle_extrusion_normal_0304.jpg,train/images/nozzle_extrusion_normal_0581.jpg,0.685154,0.681503,1.000000,否
8,train/images/nozzle_extrusion_normal_0373.jpg,train/images/nozzle_extrusion_normal_0414.jpg,0.787250,0.806008,1.000000,否
8,train/images/nozzle_extrusion_normal_0373.jpg,train/images/nozzle_extrusion_normal_0581.jpg,0.709433,0.715161,1.000000,否
8,train/images/nozzle_extrusion_normal_0414.jpg,train/images/nozzle_extrusion_normal_0581.jpg,0.713236,0.750797,1.000000,否
9,val/images/nozzle_no_extrusion_0078.jpg,train/images/nozzle_no_extrusion_0091.jpg,0.685736,0.757854,0.973742,否
9,val/images/nozzle_no_extrusion_0078.jpg,train/images/nozzle_no_extrusion_0021.jpg,0.679858,0.676479,0.886267,否
9,val/images/nozzle_no_extrusion_0078.jpg,test/images/nozzle_no_extrusion_0088.jpg,0.635051,0.769017,0.979589,否
9,val/images/nozzle_no_extrusion_0078.jpg,train/images/nozzle_no_extrusion_0022.jpg,0.713887,0.761205,0.888157,否
9,val/images/nozzle_no_extrusion_0078.jpg,val/images/nozzle_no_extrusion_0023.jpg,0.863712,0.833603,0.890064,否
9,val/images/nozzle_no_extrusion_0078.jpg,val/images/nozzle_no_extrusion_0090.jpg,0.904678,0.924393,0.975692,否
9,val/images/nozzle_no_extrusion_0078.jpg,train/images/nozzle_no_extrusion_0089.jpg,0.659482,0.789528,0.977653,否
9,val/images/nozzle_no_extrusion_0078.jpg,train/images/nozzle_no_extrusion_0080.jpg,0.629666,0.774172,0.995919,否
9,val/images/nozzle_no_extrusion_0078.jpg,val/images/nozzle_no_extrusion_0036.jpg,0.689794,0.732673,0.915417,否
9,val/images/nozzle_no_extrusion_0078.jpg,train/images/nozzle_no_extrusion_0079.jpg,0.678721,0.841607,0.997955,否
9,val/images/nozzle_no_extrusion_0078.jpg,val/images/nozzle_no_extrusion_0077.jpg,0.674998,0.759482,0.997964,否
9,val/images/nozzle_no_extrusion_0078.jpg,train/images/nozzle_no_extrusion_0076.jpg,0.674966,0.762484,0.995802,否
9,val/images/nozzle_no_extrusion_0078.jpg,train/images/nozzle_no_extrusion_0024.jpg,0.663997,0.762485,0.892013,否
9,val/images/nozzle_no_extrusion_0078.jpg,val/images/nozzle_no_extrusion_0033.jpg,0.622022,0.707766,0.909514,否
9,val/images/nozzle_no_extrusion_0078.jpg,train/images/nozzle_no_extrusion_0025.jpg,0.627044,0.714235,0.893921,否
9,val/images/nozzle_no_extrusion_0078.jpg,train/images/nozzle_no_extrusion_0034.jpg,0.659502,0.768225,0.911444,否
9,val/images/nozzle_no_extrusion_0078.jpg,train/images/nozzle_no_extrusion_0035.jpg,0.958764,0.909355,0.913368,否
9,train/images/nozzle_no_extrusion_0091.jpg,train/images/nozzle_no_extrusion_0021.jpg,0.830175,0.807412,0.863764,否
9,train/images/nozzle_no_extrusion_0091.jpg,test/images/nozzle_no_extrusion_0088.jpg,0.610328,0.695965,0.993993,否
9,train/images/nozzle_no_extrusion_0091.jpg,train/images/nozzle_no_extrusion_0022.jpg,0.873392,0.792905,0.865606,否
9,train/images/nozzle_no_extrusion_0091.jpg,val/images/nozzle_no_extrusion_0023.jpg,0.676373,0.691049,0.867452,否
9,train/images/nozzle_no_extrusion_0091.jpg,val/images/nozzle_no_extrusion_0090.jpg,0.678721,0.763378,0.997986,否
9,train/images/nozzle_no_extrusion_0091.jpg,train/images/nozzle_no_extrusion_0089.jpg,0.632916,0.723601,0.995971,否
9,train/images/nozzle_no_extrusion_0091.jpg,train/images/nozzle_no_extrusion_0080.jpg,0.620270,0.700624,0.977705,否
9,train/images/nozzle_no_extrusion_0091.jpg,val/images/nozzle_no_extrusion_0036.jpg,0.989309,0.894058,0.891975,否
9,train/images/nozzle_no_extrusion_0091.jpg,train/images/nozzle_no_extrusion_0079.jpg,0.655508,0.743420,0.975722,否
9,train/images/nozzle_no_extrusion_0091.jpg,val/images/nozzle_no_extrusion_0077.jpg,0.965592,0.976037,0.971789,是
9,train/images/nozzle_no_extrusion_0091.jpg,train/images/nozzle_no_extrusion_0076.jpg,0.780262,0.840235,0.969701,否
9,train/images/nozzle_no_extrusion_0091.jpg,train/images/nozzle_no_extrusion_0024.jpg,0.638060,0.670201,0.869326,否
9,train/images/nozzle_no_extrusion_0091.jpg,val/images/nozzle_no_extrusion_0033.jpg,0.604429,0.640917,0.886276,否
9,train/images/nozzle_no_extrusion_0091.jpg,train/images/nozzle_no_extrusion_0025.jpg,0.617937,0.640208,0.871174,否
9,train/images/nozzle_no_extrusion_0091.jpg,train/images/nozzle_no_extrusion_0034.jpg,0.639179,0.679731,0.888144,否
9,train/images/nozzle_no_extrusion_0091.jpg,train/images/nozzle_no_extrusion_0035.jpg,0.677131,0.709246,0.890005,否
9,train/images/nozzle_no_extrusion_0021.jpg,test/images/nozzle_no_extrusion_0088.jpg,0.604091,0.611371,0.868780,否
9,train/images/nozzle_no_extrusion_0021.jpg,train/images/nozzle_no_extrusion_0022.jpg,0.708312,0.784875,0.997788,否
9,train/images/nozzle_no_extrusion_0021.jpg,val/images/nozzle_no_extrusion_0023.jpg,0.655103,0.735699,0.995582,否
9,train/images/nozzle_no_extrusion_0021.jpg,val/images/nozzle_no_extrusion_0090.jpg,0.656926,0.666796,0.865437,否
9,train/images/nozzle_no_extrusion_0021.jpg,train/images/nozzle_no_extrusion_0089.jpg,0.618643,0.613509,0.867119,否
9,train/images/nozzle_no_extrusion_0021.jpg,train/images/nozzle_no_extrusion_0080.jpg,0.606963,0.624362,0.882771,否
9,train/images/nozzle_no_extrusion_0021.jpg,val/images/nozzle_no_extrusion_0036.jpg,0.792968,0.829605,0.967388,否
9,train/images/nozzle_no_extrusion_0021.jpg,train/images/nozzle_no_extrusion_0079.jpg,0.639295,0.657692,0.884516,否
9,train/images/nozzle_no_extrusion_0021.jpg,val/images/nozzle_no_extrusion_0077.jpg,0.834182,0.811377,0.888003,否
9,train/images/nozzle_no_extrusion_0021.jpg,train/images/nozzle_no_extrusion_0076.jpg,0.971530,0.866762,0.889870,否
9,train/images/nozzle_no_extrusion_0021.jpg,train/images/nozzle_no_extrusion_0024.jpg,0.625032,0.705315,0.993357,否
9,train/images/nozzle_no_extrusion_0021.jpg,val/images/nozzle_no_extrusion_0033.jpg,0.604097,0.669062,0.973760,否
9,train/images/nozzle_no_extrusion_0021.jpg,train/images/nozzle_no_extrusion_0025.jpg,0.604543,0.685881,0.991174,否
9,train/images/nozzle_no_extrusion_0021.jpg,train/images/nozzle_no_extrusion_0034.jpg,0.627795,0.698974,0.971660,否
9,train/images/nozzle_no_extrusion_0021.jpg,train/images/nozzle_no_extrusion_0035.jpg,0.670112,0.729287,0.969564,否
9,test/images/nozzle_no_extrusion_0088.jpg,train/images/nozzle_no_extrusion_0022.jpg,0.617827,0.648508,0.870635,否
9,test/images/nozzle_no_extrusion_0088.jpg,val/images/nozzle_no_extrusion_0023.jpg,0.647985,0.762393,0.872495,否
9,test/images/nozzle_no_extrusion_0088.jpg,val/images/nozzle_no_extrusion_0090.jpg,0.651028,0.809119,0.995981,否
9,test/images/nozzle_no_extrusion_0088.jpg,train/images/nozzle_no_extrusion_0089.jpg,0.766391,0.902429,0.997996,否
9,test/images/nozzle_no_extrusion_0088.jpg,train/images/nozzle_no_extrusion_0080.jpg,0.865689,0.939576,0.983584,否
9,test/images/nozzle_no_extrusion_0088.jpg,val/images/nozzle_no_extrusion_0036.jpg,0.611030,0.655290,0.897199,否
9,test/images/nozzle_no_extrusion_0088.jpg,train/images/nozzle_no_extrusion_0079.jpg,0.650014,0.851406,0.981585,否
9,test/images/nozzle_no_extrusion_0088.jpg,val/images/nozzle_no_extrusion_0077.jpg,0.601460,0.692860,0.977622,否
9,test/images/nozzle_no_extrusion_0088.jpg,train/images/nozzle_no_extrusion_0076.jpg,0.608826,0.693963,0.975517,否
9,test/images/nozzle_no_extrusion_0088.jpg,train/images/nozzle_no_extrusion_0024.jpg,0.705364,0.832112,0.874383,否
9,test/images/nozzle_no_extrusion_0088.jpg,val/images/nozzle_no_extrusion_0033.jpg,0.850218,0.867056,0.891458,否
9,test/images/nozzle_no_extrusion_0088.jpg,train/images/nozzle_no_extrusion_0025.jpg,0.814356,0.848844,0.876244,否
9,test/images/nozzle_no_extrusion_0088.jpg,train/images/nozzle_no_extrusion_0034.jpg,0.686943,0.832745,0.893339,否
9,test/images/nozzle_no_extrusion_0088.jpg,train/images/nozzle_no_extrusion_0035.jpg,0.642620,0.744950,0.895215,否
9,train/images/nozzle_no_extrusion_0022.jpg,val/images/nozzle_no_extrusion_0023.jpg,0.672015,0.771839,0.997788,否
9,train/images/nozzle_no_extrusion_0022.jpg,val/images/nozzle_no_extrusion_0090.jpg,0.670475,0.706886,0.867271,否
9,train/images/nozzle_no_extrusion_0022.jpg,train/images/nozzle_no_extrusion_0089.jpg,0.637611,0.659329,0.868958,否
9,train/images/nozzle_no_extrusion_0022.jpg,train/images/nozzle_no_extrusion_0080.jpg,0.611233,0.659444,0.884664,否
9,train/images/nozzle_no_extrusion_0022.jpg,val/images/nozzle_no_extrusion_0036.jpg,0.906239,0.914157,0.969499,否
9,train/images/nozzle_no_extrusion_0022.jpg,train/images/nozzle_no_extrusion_0079.jpg,0.665740,0.702723,0.886401,否
9,train/images/nozzle_no_extrusion_0022.jpg,val/images/nozzle_no_extrusion_0077.jpg,0.872276,0.794073,0.889910,否
9,train/images/nozzle_no_extrusion_0022.jpg,train/images/nozzle_no_extrusion_0076.jpg,0.698690,0.698815,0.891782,否
9,train/images/nozzle_no_extrusion_0022.jpg,train/images/nozzle_no_extrusion_0024.jpg,0.646175,0.746429,0.995541,否
9,train/images/nozzle_no_extrusion_0022.jpg,val/images/nozzle_no_extrusion_0033.jpg,0.601402,0.696792,0.975904,否
9,train/images/nozzle_no_extrusion_0022.jpg,train/images/nozzle_no_extrusion_0025.jpg,0.609253,0.714681,0.993352,否
9,train/images/nozzle_no_extrusion_0022.jpg,train/images/nozzle_no_extrusion_0034.jpg,0.647062,0.745069,0.973797,否
9,train/images/nozzle_no_extrusion_0022.jpg,train/images/nozzle_no_extrusion_0035.jpg,0.697671,0.784611,0.971696,否
9,val/images/nozzle_no_extrusion_0023.jpg,val/images/nozzle_no_extrusion_0090.jpg,0.955625,0.883046,0.869122,否
9,val/images/nozzle_no_extrusion_0023.jpg,train/images/nozzle_no_extrusion_0089.jpg,0.661680,0.769197,0.870813,否
9,val/images/nozzle_no_extrusion_0023.jpg,train/images/nozzle_no_extrusion_0080.jpg,0.641624,0.776445,0.886562,否
9,val/images/nozzle_no_extrusion_0023.jpg,val/images/nozzle_no_extrusion_0036.jpg,0.677092,0.746696,0.971632,否
9,val/images/nozzle_no_extrusion_0023.jpg,train/images/nozzle_no_extrusion_0079.jpg,0.815686,0.870325,0.888304,否
9,val/images/nozzle_no_extrusion_0023.jpg,val/images/nozzle_no_extrusion_0077.jpg,0.670282,0.695992,0.891822,否
9,val/images/nozzle_no_extrusion_0023.jpg,train/images/nozzle_no_extrusion_0076.jpg,0.651865,0.697834,0.893699,否
9,val/images/nozzle_no_extrusion_0023.jpg,train/images/nozzle_no_extrusion_0024.jpg,0.674922,0.856089,0.997747,否
9,val/images/nozzle_no_extrusion_0023.jpg,val/images/nozzle_no_extrusion_0033.jpg,0.633894,0.801011,0.978054,否
9,val/images/nozzle_no_extrusion_0023.jpg,train/images/nozzle_no_extrusion_0025.jpg,0.638763,0.818768,0.995552,否
9,val/images/nozzle_no_extrusion_0023.jpg,train/images/nozzle_no_extrusion_0034.jpg,0.685932,0.859950,0.975942,否
9,val/images/nozzle_no_extrusion_0023.jpg,train/images/nozzle_no_extrusion_0035.jpg,0.898222,0.926037,0.973834,否
9,val/images/nozzle_no_extrusion_0090.jpg,train/images/nozzle_no_extrusion_0089.jpg,0.666443,0.836222,0.997980,否
9,val/images/nozzle_no_extrusion_0090.jpg,train/images/nozzle_no_extrusion_0080.jpg,0.642714,0.809501,0.979651,否
9,val/images/nozzle_no_extrusion_0090.jpg,val/images/nozzle_no_extrusion_0036.jpg,0.678255,0.706494,0.893717,否
9,val/images/nozzle_no_extrusion_0090.jpg,train/images/nozzle_no_extrusion_0079.jpg,0.781457,0.889033,0.977677,否
9,val/images/nozzle_no_extrusion_0090.jpg,val/images/nozzle_no_extrusion_0077.jpg,0.666152,0.757801,0.973720,否
9,val/images/nozzle_no_extrusion_0090.jpg,train/images/nozzle_no_extrusion_0076.jpg,0.653784,0.748358,0.971626,否
9,val/images/nozzle_no_extrusion_0090.jpg,train/images/nozzle_no_extrusion_0024.jpg,0.679368,0.777144,0.871013,否
9,val/images/nozzle_no_extrusion_0090.jpg,val/images/nozzle_no_extrusion_0033.jpg,0.633192,0.735319,0.887992,否
9,val/images/nozzle_no_extrusion_0090.jpg,train/images/nozzle_no_extrusion_0025.jpg,0.638333,0.733301,0.872865,否
9,val/images/nozzle_no_extrusion_0090.jpg,train/images/nozzle_no_extrusion_0034.jpg,0.669923,0.791556,0.889864,否
9,val/images/nozzle_no_extrusion_0090.jpg,train/images/nozzle_no_extrusion_0035.jpg,0.956076,0.907091,0.891730,否
9,train/images/nozzle_no_extrusion_0089.jpg,train/images/nozzle_no_extrusion_0080.jpg,0.678744,0.884365,0.981623,否
9,train/images/nozzle_no_extrusion_0089.jpg,val/images/nozzle_no_extrusion_0036.jpg,0.634267,0.671042,0.895469,否
9,train/images/nozzle_no_extrusion_0089.jpg,train/images/nozzle_no_extrusion_0079.jpg,0.771803,0.896102,0.979644,否
9,train/images/nozzle_no_extrusion_0089.jpg,val/images/nozzle_no_extrusion_0077.jpg,0.627288,0.714777,0.975676,否
9,train/images/nozzle_no_extrusion_0089.jpg,train/images/nozzle_no_extrusion_0076.jpg,0.614351,0.691666,0.973577,否
9,train/images/nozzle_no_extrusion_0089.jpg,train/images/nozzle_no_extrusion_0024.jpg,0.939810,0.878372,0.872709,否
9,train/images/nozzle_no_extrusion_0089.jpg,val/images/nozzle_no_extrusion_0033.jpg,0.652545,0.805093,0.889729,否
9,train/images/nozzle_no_extrusion_0089.jpg,train/images/nozzle_no_extrusion_0025.jpg,0.666120,0.798810,0.874565,否
9,train/images/nozzle_no_extrusion_0089.jpg,train/images/nozzle_no_extrusion_0034.jpg,0.951459,0.878988,0.891606,否
9,train/images/nozzle_no_extrusion_0089.jpg,train/images/nozzle_no_extrusion_0035.jpg,0.670584,0.754337,0.893477,否
9,train/images/nozzle_no_extrusion_0080.jpg,val/images/nozzle_no_extrusion_0036.jpg,0.620957,0.665848,0.911775,否
9,train/images/nozzle_no_extrusion_0080.jpg,train/images/nozzle_no_extrusion_0079.jpg,0.659937,0.865885,0.997958,否
9,train/images/nozzle_no_extrusion_0080.jpg,val/images/nozzle_no_extrusion_0077.jpg,0.607357,0.699761,0.993908,否
9,train/images/nozzle_no_extrusion_0080.jpg,train/images/nozzle_no_extrusion_0076.jpg,0.605662,0.692027,0.991758,否
9,train/images/nozzle_no_extrusion_0080.jpg,train/images/nozzle_no_extrusion_0024.jpg,0.654429,0.836034,0.888488,否
9,train/images/nozzle_no_extrusion_0080.jpg,val/images/nozzle_no_extrusion_0033.jpg,0.952631,0.887358,0.905915,否
9,train/images/nozzle_no_extrusion_0080.jpg,train/images/nozzle_no_extrusion_0025.jpg,0.981854,0.893184,0.890387,否
9,train/images/nozzle_no_extrusion_0080.jpg,train/images/nozzle_no_extrusion_0034.jpg,0.661497,0.836955,0.907835,否
9,train/images/nozzle_no_extrusion_0080.jpg,train/images/nozzle_no_extrusion_0035.jpg,0.633467,0.755470,0.909749,否
9,val/images/nozzle_no_extrusion_0036.jpg,train/images/nozzle_no_extrusion_0079.jpg,0.658010,0.706876,0.913592,否
9,val/images/nozzle_no_extrusion_0036.jpg,val/images/nozzle_no_extrusion_0077.jpg,0.959137,0.891693,0.917226,否
9,val/images/nozzle_no_extrusion_0036.jpg,train/images/nozzle_no_extrusion_0076.jpg,0.751549,0.759844,0.919170,否
9,val/images/nozzle_no_extrusion_0036.jpg,train/images/nozzle_no_extrusion_0024.jpg,0.640017,0.730985,0.973809,否
9,val/images/nozzle_no_extrusion_0036.jpg,val/images/nozzle_no_extrusion_0033.jpg,0.604596,0.687923,0.993393,否
9,val/images/nozzle_no_extrusion_0036.jpg,train/images/nozzle_no_extrusion_0025.jpg,0.619487,0.694369,0.975943,否
9,val/images/nozzle_no_extrusion_0036.jpg,train/images/nozzle_no_extrusion_0034.jpg,0.640820,0.736118,0.995554,否
9,val/images/nozzle_no_extrusion_0036.jpg,train/images/nozzle_no_extrusion_0035.jpg,0.676505,0.764564,0.997707,否
9,train/images/nozzle_no_extrusion_0079.jpg,val/images/nozzle_no_extrusion_0077.jpg,0.646358,0.742225,0.995924,否
9,train/images/nozzle_no_extrusion_0079.jpg,train/images/nozzle_no_extrusion_0076.jpg,0.638440,0.718728,0.993769,否
9,train/images/nozzle_no_extrusion_0079.jpg,train/images/nozzle_no_extrusion_0024.jpg,0.854446,0.865015,0.890247,否
9,train/images/nozzle_no_extrusion_0079.jpg,val/images/nozzle_no_extrusion_0033.jpg,0.647551,0.801051,0.907705,否
9,train/images/nozzle_no_extrusion_0079.jpg,train/images/nozzle_no_extrusion_0025.jpg,0.657406,0.804217,0.892151,否
9,train/images/nozzle_no_extrusion_0079.jpg,train/images/nozzle_no_extrusion_0034.jpg,0.864928,0.881163,0.909630,否
9,train/images/nozzle_no_extrusion_0079.jpg,train/images/nozzle_no_extrusion_0035.jpg,0.717707,0.823492,0.911549,否
9,val/images/nozzle_no_extrusion_0077.jpg,train/images/nozzle_no_extrusion_0076.jpg,0.784187,0.843173,0.997833,否
9,val/images/nozzle_no_extrusion_0077.jpg,train/images/nozzle_no_extrusion_0024.jpg,0.633329,0.672602,0.893763,否
9,val/images/nozzle_no_extrusion_0077.jpg,val/images/nozzle_no_extrusion_0033.jpg,0.592129,0.643678,0.911321,否
9,val/images/nozzle_no_extrusion_0077.jpg,train/images/nozzle_no_extrusion_0025.jpg,0.606521,0.642545,0.895676,否
9,val/images/nozzle_no_extrusion_0077.jpg,train/images/nozzle_no_extrusion_0034.jpg,0.632605,0.678717,0.913256,否
9,val/images/nozzle_no_extrusion_0077.jpg,train/images/nozzle_no_extrusion_0035.jpg,0.665070,0.710976,0.915185,否
9,train/images/nozzle_no_extrusion_0076.jpg,train/images/nozzle_no_extrusion_0024.jpg,0.621507,0.674714,0.895645,否
9,train/images/nozzle_no_extrusion_0076.jpg,val/images/nozzle_no_extrusion_0033.jpg,0.608163,0.655518,0.913251,否
9,train/images/nozzle_no_extrusion_0076.jpg,train/images/nozzle_no_extrusion_0025.jpg,0.603088,0.651523,0.897564,否
9,train/images/nozzle_no_extrusion_0076.jpg,train/images/nozzle_no_extrusion_0034.jpg,0.622840,0.671519,0.915191,否
9,train/images/nozzle_no_extrusion_0076.jpg,train/images/nozzle_no_extrusion_0035.jpg,0.665110,0.721811,0.917124,否
9,train/images/nozzle_no_extrusion_0024.jpg,val/images/nozzle_no_extrusion_0033.jpg,0.646055,0.872335,0.980236,否
9,train/images/nozzle_no_extrusion_0024.jpg,train/images/nozzle_no_extrusion_0025.jpg,0.658039,0.889114,0.997798,否
9,train/images/nozzle_no_extrusion_0024.jpg,train/images/nozzle_no_extrusion_0034.jpg,0.963085,0.965787,0.978117,是
9,train/images/nozzle_no_extrusion_0024.jpg,train/images/nozzle_no_extrusion_0035.jpg,0.671202,0.814900,0.976004,否
9,val/images/nozzle_no_extrusion_0033.jpg,train/images/nozzle_no_extrusion_0025.jpg,0.950098,0.951269,0.982388,是
9,val/images/nozzle_no_extrusion_0033.jpg,train/images/nozzle_no_extrusion_0034.jpg,0.651483,0.869878,0.997827,否
9,val/images/nozzle_no_extrusion_0033.jpg,train/images/nozzle_no_extrusion_0035.jpg,0.626740,0.769775,0.995658,否
9,train/images/nozzle_no_extrusion_0025.jpg,train/images/nozzle_no_extrusion_0034.jpg,0.661523,0.874560,0.980263,否
9,train/images/nozzle_no_extrusion_0025.jpg,train/images/nozzle_no_extrusion_0035.jpg,0.630404,0.778464,0.978144,否
9,train/images/nozzle_no_extrusion_0034.jpg,train/images/nozzle_no_extrusion_0035.jpg,0.669683,0.825780,0.997826,否
10,train/images/nozzle_tip_wrapped_0290.jpg,val/images/nozzle_tip_wrapped_0302.jpg,0.728443,0.529390,1.000000,否
10,train/images/nozzle_tip_wrapped_0290.jpg,train/images/nozzle_tip_wrapped_0298.jpg,0.906274,0.747958,1.000000,否
10,train/images/nozzle_tip_wrapped_0290.jpg,test/images/nozzle_tip_wrapped_0304.jpg,0.706041,0.558393,1.000000,否
10,train/images/nozzle_tip_wrapped_0290.jpg,train/images/nozzle_tip_wrapped_0288.jpg,0.776754,0.738791,1.000000,否
10,train/images/nozzle_tip_wrapped_0290.jpg,train/images/nozzle_tip_wrapped_0303.jpg,0.695431,0.558520,1.000000,否
10,train/images/nozzle_tip_wrapped_0290.jpg,train/images/nozzle_tip_wrapped_0299.jpg,0.800401,0.643251,1.000000,否
10,train/images/nozzle_tip_wrapped_0290.jpg,train/images/nozzle_tip_wrapped_0301.jpg,0.748142,0.549539,1.000000,否
10,train/images/nozzle_tip_wrapped_0290.jpg,test/images/nozzle_tip_wrapped_0293.jpg,0.862868,0.763901,1.000000,否
10,train/images/nozzle_tip_wrapped_0290.jpg,train/images/nozzle_tip_wrapped_0289.jpg,0.852976,0.843367,1.000000,否
10,train/images/nozzle_tip_wrapped_0290.jpg,train/images/nozzle_tip_wrapped_0294.jpg,0.811941,0.785450,1.000000,否
10,train/images/nozzle_tip_wrapped_0290.jpg,train/images/nozzle_tip_wrapped_0292.jpg,0.822909,0.738183,1.000000,否
10,train/images/nozzle_tip_wrapped_0290.jpg,train/images/nozzle_tip_wrapped_0296.jpg,0.795561,0.778523,1.000000,否
10,train/images/nozzle_tip_wrapped_0290.jpg,train/images/nozzle_tip_wrapped_0300.jpg,0.752951,0.567207,1.000000,否
10,train/images/nozzle_tip_wrapped_0290.jpg,train/images/nozzle_tip_wrapped_0310.jpg,0.664021,0.554282,1.000000,否
10,train/images/nozzle_tip_wrapped_0290.jpg,test/images/nozzle_tip_wrapped_0297.jpg,0.836376,0.766062,1.000000,否
10,train/images/nozzle_tip_wrapped_0290.jpg,train/images/nozzle_tip_wrapped_0291.jpg,0.880446,0.806313,1.000000,否
10,train/images/nozzle_tip_wrapped_0290.jpg,train/images/nozzle_tip_wrapped_0295.jpg,0.787413,0.801759,1.000000,否
10,val/images/nozzle_tip_wrapped_0302.jpg,train/images/nozzle_tip_wrapped_0298.jpg,0.757834,0.578973,1.000000,否
10,val/images/nozzle_tip_wrapped_0302.jpg,test/images/nozzle_tip_wrapped_0304.jpg,0.840461,0.871753,1.000000,否
10,val/images/nozzle_tip_wrapped_0302.jpg,train/images/nozzle_tip_wrapped_0288.jpg,0.697117,0.468113,1.000000,否
10,val/images/nozzle_tip_wrapped_0302.jpg,train/images/nozzle_tip_wrapped_0303.jpg,0.857268,0.888517,1.000000,否
10,val/images/nozzle_tip_wrapped_0302.jpg,train/images/nozzle_tip_wrapped_0299.jpg,0.763278,0.617083,1.000000,否
10,val/images/nozzle_tip_wrapped_0302.jpg,train/images/nozzle_tip_wrapped_0301.jpg,0.876566,0.819238,1.000000,否
10,val/images/nozzle_tip_wrapped_0302.jpg,test/images/nozzle_tip_wrapped_0293.jpg,0.771810,0.591760,1.000000,否
10,val/images/nozzle_tip_wrapped_0302.jpg,train/images/nozzle_tip_wrapped_0289.jpg,0.738684,0.490600,1.000000,否
10,val/images/nozzle_tip_wrapped_0302.jpg,train/images/nozzle_tip_wrapped_0294.jpg,0.759268,0.563493,1.000000,否
10,val/images/nozzle_tip_wrapped_0302.jpg,train/images/nozzle_tip_wrapped_0292.jpg,0.742354,0.561792,1.000000,否
10,val/images/nozzle_tip_wrapped_0302.jpg,train/images/nozzle_tip_wrapped_0296.jpg,0.738313,0.539355,1.000000,否
10,val/images/nozzle_tip_wrapped_0302.jpg,train/images/nozzle_tip_wrapped_0300.jpg,0.778592,0.725352,1.000000,否
10,val/images/nozzle_tip_wrapped_0302.jpg,train/images/nozzle_tip_wrapped_0310.jpg,0.782024,0.851910,1.000000,否
10,val/images/nozzle_tip_wrapped_0302.jpg,test/images/nozzle_tip_wrapped_0297.jpg,0.764528,0.559618,1.000000,否
10,val/images/nozzle_tip_wrapped_0302.jpg,train/images/nozzle_tip_wrapped_0291.jpg,0.752426,0.531917,1.000000,否
10,val/images/nozzle_tip_wrapped_0302.jpg,train/images/nozzle_tip_wrapped_0295.jpg,0.729940,0.555696,1.000000,否
10,train/images/nozzle_tip_wrapped_0298.jpg,test/images/nozzle_tip_wrapped_0304.jpg,0.723292,0.618302,1.000000,否
10,train/images/nozzle_tip_wrapped_0298.jpg,train/images/nozzle_tip_wrapped_0288.jpg,0.775725,0.665515,1.000000,否
10,train/images/nozzle_tip_wrapped_0298.jpg,train/images/nozzle_tip_wrapped_0303.jpg,0.713504,0.622884,1.000000,否
10,train/images/nozzle_tip_wrapped_0298.jpg,train/images/nozzle_tip_wrapped_0299.jpg,0.838509,0.730098,1.000000,否
10,train/images/nozzle_tip_wrapped_0298.jpg,train/images/nozzle_tip_wrapped_0301.jpg,0.768186,0.609725,1.000000,否
10,train/images/nozzle_tip_wrapped_0298.jpg,test/images/nozzle_tip_wrapped_0293.jpg,0.889256,0.837711,1.000000,否
10,train/images/nozzle_tip_wrapped_0298.jpg,train/images/nozzle_tip_wrapped_0289.jpg,0.818106,0.706490,1.000000,否
10,train/images/nozzle_tip_wrapped_0298.jpg,train/images/nozzle_tip_wrapped_0294.jpg,0.833121,0.808856,1.000000,否
10,train/images/nozzle_tip_wrapped_0298.jpg,train/images/nozzle_tip_wrapped_0292.jpg,0.853211,0.820855,1.000000,否
10,train/images/nozzle_tip_wrapped_0298.jpg,train/images/nozzle_tip_wrapped_0296.jpg,0.797695,0.779521,1.000000,否
10,train/images/nozzle_tip_wrapped_0298.jpg,train/images/nozzle_tip_wrapped_0300.jpg,0.766184,0.620267,1.000000,否
10,train/images/nozzle_tip_wrapped_0298.jpg,train/images/nozzle_tip_wrapped_0310.jpg,0.679107,0.617815,1.000000,否
10,train/images/nozzle_tip_wrapped_0298.jpg,test/images/nozzle_tip_wrapped_0297.jpg,0.847288,0.797790,1.000000,否
10,train/images/nozzle_tip_wrapped_0298.jpg,train/images/nozzle_tip_wrapped_0291.jpg,0.859232,0.756107,1.000000,否
10,train/images/nozzle_tip_wrapped_0298.jpg,train/images/nozzle_tip_wrapped_0295.jpg,0.795004,0.787207,1.000000,否
10,test/images/nozzle_tip_wrapped_0304.jpg,train/images/nozzle_tip_wrapped_0288.jpg,0.675771,0.496917,1.000000,否
10,test/images/nozzle_tip_wrapped_0304.jpg,train/images/nozzle_tip_wrapped_0303.jpg,0.858350,0.929125,1.000000,否
10,test/images/nozzle_tip_wrapped_0304.jpg,train/images/nozzle_tip_wrapped_0299.jpg,0.761010,0.670251,1.000000,否
10,test/images/nozzle_tip_wrapped_0304.jpg,train/images/nozzle_tip_wrapped_0301.jpg,0.861213,0.859019,1.000000,否
10,test/images/nozzle_tip_wrapped_0304.jpg,test/images/nozzle_tip_wrapped_0293.jpg,0.711673,0.625457,1.000000,否
10,test/images/nozzle_tip_wrapped_0304.jpg,train/images/nozzle_tip_wrapped_0289.jpg,0.683766,0.522210,1.000000,否
10,test/images/nozzle_tip_wrapped_0304.jpg,train/images/nozzle_tip_wrapped_0294.jpg,0.718249,0.595562,1.000000,否
10,test/images/nozzle_tip_wrapped_0304.jpg,train/images/nozzle_tip_wrapped_0292.jpg,0.715925,0.594934,1.000000,否
10,test/images/nozzle_tip_wrapped_0304.jpg,train/images/nozzle_tip_wrapped_0296.jpg,0.715748,0.567524,1.000000,否
10,test/images/nozzle_tip_wrapped_0304.jpg,train/images/nozzle_tip_wrapped_0300.jpg,0.831668,0.768641,1.000000,否
10,test/images/nozzle_tip_wrapped_0304.jpg,train/images/nozzle_tip_wrapped_0310.jpg,0.844969,0.897581,1.000000,否
10,test/images/nozzle_tip_wrapped_0304.jpg,test/images/nozzle_tip_wrapped_0297.jpg,0.704475,0.588194,1.000000,否
10,test/images/nozzle_tip_wrapped_0304.jpg,train/images/nozzle_tip_wrapped_0291.jpg,0.701349,0.563019,1.000000,否
10,test/images/nozzle_tip_wrapped_0304.jpg,train/images/nozzle_tip_wrapped_0295.jpg,0.711903,0.585610,1.000000,否
10,train/images/nozzle_tip_wrapped_0288.jpg,train/images/nozzle_tip_wrapped_0303.jpg,0.672644,0.498458,1.000000,否
10,train/images/nozzle_tip_wrapped_0288.jpg,train/images/nozzle_tip_wrapped_0299.jpg,0.746317,0.570253,1.000000,否
10,train/images/nozzle_tip_wrapped_0288.jpg,train/images/nozzle_tip_wrapped_0301.jpg,0.717262,0.497303,1.000000,否
10,train/images/nozzle_tip_wrapped_0288.jpg,test/images/nozzle_tip_wrapped_0293.jpg,0.749052,0.702685,1.000000,否
10,train/images/nozzle_tip_wrapped_0288.jpg,train/images/nozzle_tip_wrapped_0289.jpg,0.816086,0.791666,1.000000,否
10,train/images/nozzle_tip_wrapped_0288.jpg,train/images/nozzle_tip_wrapped_0294.jpg,0.794413,0.745030,1.000000,否
10,train/images/nozzle_tip_wrapped_0288.jpg,train/images/nozzle_tip_wrapped_0292.jpg,0.728006,0.680883,1.000000,否
10,train/images/nozzle_tip_wrapped_0288.jpg,train/images/nozzle_tip_wrapped_0296.jpg,0.844416,0.713551,1.000000,否
10,train/images/nozzle_tip_wrapped_0288.jpg,train/images/nozzle_tip_wrapped_0300.jpg,0.714960,0.516695,1.000000,否
10,train/images/nozzle_tip_wrapped_0288.jpg,train/images/nozzle_tip_wrapped_0310.jpg,0.640672,0.493882,1.000000,否
10,train/images/nozzle_tip_wrapped_0288.jpg,test/images/nozzle_tip_wrapped_0297.jpg,0.794054,0.696436,1.000000,否
10,train/images/nozzle_tip_wrapped_0288.jpg,train/images/nozzle_tip_wrapped_0291.jpg,0.772571,0.725103,1.000000,否
10,train/images/nozzle_tip_wrapped_0288.jpg,train/images/nozzle_tip_wrapped_0295.jpg,0.899881,0.776663,1.000000,否
10,train/images/nozzle_tip_wrapped_0303.jpg,train/images/nozzle_tip_wrapped_0299.jpg,0.747519,0.667166,1.000000,否
10,train/images/nozzle_tip_wrapped_0303.jpg,train/images/nozzle_tip_wrapped_0301.jpg,0.865982,0.847775,1.000000,否
10,train/images/nozzle_tip_wrapped_0303.jpg,test/images/nozzle_tip_wrapped_0293.jpg,0.727522,0.630873,1.000000,否
10,train/images/nozzle_tip_wrapped_0303.jpg,train/images/nozzle_tip_wrapped_0289.jpg,0.694879,0.520741,1.000000,否
10,train/images/nozzle_tip_wrapped_0303.jpg,train/images/nozzle_tip_wrapped_0294.jpg,0.733827,0.595454,1.000000,否
10,train/images/nozzle_tip_wrapped_0303.jpg,train/images/nozzle_tip_wrapped_0292.jpg,0.717189,0.598958,1.000000,否
10,train/images/nozzle_tip_wrapped_0303.jpg,train/images/nozzle_tip_wrapped_0296.jpg,0.705853,0.574182,1.000000,否
10,train/images/nozzle_tip_wrapped_0303.jpg,train/images/nozzle_tip_wrapped_0300.jpg,0.798129,0.751072,1.000000,否
10,train/images/nozzle_tip_wrapped_0303.jpg,train/images/nozzle_tip_wrapped_0310.jpg,0.872479,0.878671,1.000000,否
10,train/images/nozzle_tip_wrapped_0303.jpg,test/images/nozzle_tip_wrapped_0297.jpg,0.715224,0.592284,1.000000,否
10,train/images/nozzle_tip_wrapped_0303.jpg,train/images/nozzle_tip_wrapped_0291.jpg,0.713082,0.561134,1.000000,否
10,train/images/nozzle_tip_wrapped_0303.jpg,train/images/nozzle_tip_wrapped_0295.jpg,0.709972,0.587424,1.000000,否
10,train/images/nozzle_tip_wrapped_0299.jpg,train/images/nozzle_tip_wrapped_0301.jpg,0.805565,0.658841,1.000000,否
10,train/images/nozzle_tip_wrapped_0299.jpg,test/images/nozzle_tip_wrapped_0293.jpg,0.801969,0.737678,1.000000,否
10,train/images/nozzle_tip_wrapped_0299.jpg,train/images/nozzle_tip_wrapped_0289.jpg,0.764388,0.608562,1.000000,否
10,train/images/nozzle_tip_wrapped_0299.jpg,train/images/nozzle_tip_wrapped_0294.jpg,0.778458,0.700457,1.000000,否
10,train/images/nozzle_tip_wrapped_0299.jpg,train/images/nozzle_tip_wrapped_0292.jpg,0.795672,0.727956,1.000000,否
10,train/images/nozzle_tip_wrapped_0299.jpg,train/images/nozzle_tip_wrapped_0296.jpg,0.762664,0.656455,1.000000,否
10,train/images/nozzle_tip_wrapped_0299.jpg,train/images/nozzle_tip_wrapped_0300.jpg,0.865056,0.717610,1.000000,否
10,train/images/nozzle_tip_wrapped_0299.jpg,train/images/nozzle_tip_wrapped_0310.jpg,0.726805,0.673399,1.000000,否
10,train/images/nozzle_tip_wrapped_0299.jpg,test/images/nozzle_tip_wrapped_0297.jpg,0.780259,0.684407,1.000000,否
10,train/images/nozzle_tip_wrapped_0299.jpg,train/images/nozzle_tip_wrapped_0291.jpg,0.785998,0.661945,1.000000,否
10,train/images/nozzle_tip_wrapped_0299.jpg,train/images/nozzle_tip_wrapped_0295.jpg,0.759957,0.683123,1.000000,否
10,train/images/nozzle_tip_wrapped_0301.jpg,test/images/nozzle_tip_wrapped_0293.jpg,0.771735,0.622620,1.000000,否
10,train/images/nozzle_tip_wrapped_0301.jpg,train/images/nozzle_tip_wrapped_0289.jpg,0.739722,0.513892,1.000000,否
10,train/images/nozzle_tip_wrapped_0301.jpg,train/images/nozzle_tip_wrapped_0294.jpg,0.771247,0.598139,1.000000,否
10,train/images/nozzle_tip_wrapped_0301.jpg,train/images/nozzle_tip_wrapped_0292.jpg,0.757415,0.597883,1.000000,否
10,train/images/nozzle_tip_wrapped_0301.jpg,train/images/nozzle_tip_wrapped_0296.jpg,0.747989,0.568466,1.000000,否
10,train/images/nozzle_tip_wrapped_0301.jpg,train/images/nozzle_tip_wrapped_0300.jpg,0.868796,0.804448,1.000000,否
10,train/images/nozzle_tip_wrapped_0301.jpg,train/images/nozzle_tip_wrapped_0310.jpg,0.808021,0.788705,1.000000,否
10,train/images/nozzle_tip_wrapped_0301.jpg,test/images/nozzle_tip_wrapped_0297.jpg,0.756334,0.590973,1.000000,否
10,train/images/nozzle_tip_wrapped_0301.jpg,train/images/nozzle_tip_wrapped_0291.jpg,0.768079,0.548564,1.000000,否
10,train/images/nozzle_tip_wrapped_0301.jpg,train/images/nozzle_tip_wrapped_0295.jpg,0.747155,0.588466,1.000000,否
10,test/images/nozzle_tip_wrapped_0293.jpg,train/images/nozzle_tip_wrapped_0289.jpg,0.853762,0.739323,1.000000,否
10,test/images/nozzle_tip_wrapped_0293.jpg,train/images/nozzle_tip_wrapped_0294.jpg,0.872465,0.868780,1.000000,否
10,test/images/nozzle_tip_wrapped_0293.jpg,train/images/nozzle_tip_wrapped_0292.jpg,0.867799,0.863696,1.000000,否
10,test/images/nozzle_tip_wrapped_0293.jpg,train/images/nozzle_tip_wrapped_0296.jpg,0.793686,0.787186,1.000000,否
10,test/images/nozzle_tip_wrapped_0293.jpg,train/images/nozzle_tip_wrapped_0300.jpg,0.741508,0.651195,1.000000,否
10,test/images/nozzle_tip_wrapped_0293.jpg,train/images/nozzle_tip_wrapped_0310.jpg,0.688189,0.621187,1.000000,否
10,test/images/nozzle_tip_wrapped_0293.jpg,test/images/nozzle_tip_wrapped_0297.jpg,0.898594,0.839580,1.000000,否
10,test/images/nozzle_tip_wrapped_0293.jpg,train/images/nozzle_tip_wrapped_0291.jpg,0.940398,0.821662,1.000000,否
10,test/images/nozzle_tip_wrapped_0293.jpg,train/images/nozzle_tip_wrapped_0295.jpg,0.796843,0.821610,1.000000,否
10,train/images/nozzle_tip_wrapped_0289.jpg,train/images/nozzle_tip_wrapped_0294.jpg,0.876162,0.771284,1.000000,否
10,train/images/nozzle_tip_wrapped_0289.jpg,train/images/nozzle_tip_wrapped_0292.jpg,0.769611,0.711888,1.000000,否
10,train/images/nozzle_tip_wrapped_0289.jpg,train/images/nozzle_tip_wrapped_0296.jpg,0.849309,0.747928,1.000000,否
10,train/images/nozzle_tip_wrapped_0289.jpg,train/images/nozzle_tip_wrapped_0300.jpg,0.721233,0.543190,1.000000,否
10,train/images/nozzle_tip_wrapped_0289.jpg,train/images/nozzle_tip_wrapped_0310.jpg,0.648421,0.516347,1.000000,否
10,train/images/nozzle_tip_wrapped_0289.jpg,test/images/nozzle_tip_wrapped_0297.jpg,0.909259,0.749111,1.000000,否
10,train/images/nozzle_tip_wrapped_0289.jpg,train/images/nozzle_tip_wrapped_0291.jpg,0.876743,0.787182,1.000000,否
10,train/images/nozzle_tip_wrapped_0289.jpg,train/images/nozzle_tip_wrapped_0295.jpg,0.809992,0.788840,1.000000,否
10,train/images/nozzle_tip_wrapped_0294.jpg,train/images/nozzle_tip_wrapped_0292.jpg,0.797847,0.819244,1.000000,否
10,train/images/nozzle_tip_wrapped_0294.jpg,train/images/nozzle_tip_wrapped_0296.jpg,0.900813,0.852597,1.000000,否
10,train/images/nozzle_tip_wrapped_0294.jpg,train/images/nozzle_tip_wrapped_0300.jpg,0.736678,0.631337,1.000000,否
10,train/images/nozzle_tip_wrapped_0294.jpg,train/images/nozzle_tip_wrapped_0310.jpg,0.700017,0.588934,1.000000,否
10,train/images/nozzle_tip_wrapped_0294.jpg,test/images/nozzle_tip_wrapped_0297.jpg,0.911537,0.845027,1.000000,否
10,train/images/nozzle_tip_wrapped_0294.jpg,train/images/nozzle_tip_wrapped_0291.jpg,0.859456,0.829833,1.000000,否
10,train/images/nozzle_tip_wrapped_0294.jpg,train/images/nozzle_tip_wrapped_0295.jpg,0.846578,0.889504,1.000000,否
10,train/images/nozzle_tip_wrapped_0292.jpg,train/images/nozzle_tip_wrapped_0296.jpg,0.759644,0.782803,1.000000,否
10,train/images/nozzle_tip_wrapped_0292.jpg,train/images/nozzle_tip_wrapped_0300.jpg,0.771496,0.623755,1.000000,否
10,train/images/nozzle_tip_wrapped_0292.jpg,train/images/nozzle_tip_wrapped_0310.jpg,0.692095,0.596218,1.000000,否
10,train/images/nozzle_tip_wrapped_0292.jpg,test/images/nozzle_tip_wrapped_0297.jpg,0.791490,0.829433,1.000000,否
10,train/images/nozzle_tip_wrapped_0292.jpg,train/images/nozzle_tip_wrapped_0291.jpg,0.869842,0.793579,1.000000,否
10,train/images/nozzle_tip_wrapped_0292.jpg,train/images/nozzle_tip_wrapped_0295.jpg,0.767679,0.790214,1.000000,否
10,train/images/nozzle_tip_wrapped_0296.jpg,train/images/nozzle_tip_wrapped_0300.jpg,0.729343,0.579637,1.000000,否
10,train/images/nozzle_tip_wrapped_0296.jpg,train/images/nozzle_tip_wrapped_0310.jpg,0.679333,0.563456,1.000000,否
10,train/images/nozzle_tip_wrapped_0296.jpg,test/images/nozzle_tip_wrapped_0297.jpg,0.867512,0.830036,1.000000,否
10,train/images/nozzle_tip_wrapped_0296.jpg,train/images/nozzle_tip_wrapped_0291.jpg,0.807558,0.796157,1.000000,否
10,train/images/nozzle_tip_wrapped_0296.jpg,train/images/nozzle_tip_wrapped_0295.jpg,0.892626,0.859405,1.000000,否
10,train/images/nozzle_tip_wrapped_0300.jpg,train/images/nozzle_tip_wrapped_0310.jpg,0.810711,0.734920,1.000000,否
10,train/images/nozzle_tip_wrapped_0300.jpg,test/images/nozzle_tip_wrapped_0297.jpg,0.728544,0.606874,1.000000,否
10,train/images/nozzle_tip_wrapped_0300.jpg,train/images/nozzle_tip_wrapped_0291.jpg,0.741223,0.571813,1.000000,否
10,train/images/nozzle_tip_wrapped_0300.jpg,train/images/nozzle_tip_wrapped_0295.jpg,0.722767,0.611629,1.000000,否
10,train/images/nozzle_tip_wrapped_0310.jpg,test/images/nozzle_tip_wrapped_0297.jpg,0.664857,0.580573,1.000000,否
10,train/images/nozzle_tip_wrapped_0310.jpg,train/images/nozzle_tip_wrapped_0291.jpg,0.677662,0.563911,1.000000,否
10,train/images/nozzle_tip_wrapped_0310.jpg,train/images/nozzle_tip_wrapped_0295.jpg,0.683504,0.581616,1.000000,否
10,test/images/nozzle_tip_wrapped_0297.jpg,train/images/nozzle_tip_wrapped_0291.jpg,0.888132,0.787405,1.000000,否
10,test/images/nozzle_tip_wrapped_0297.jpg,train/images/nozzle_tip_wrapped_0295.jpg,0.821571,0.815729,1.000000,否
10,train/images/nozzle_tip_wrapped_0291.jpg,train/images/nozzle_tip_wrapped_0295.jpg,0.798244,0.804664,1.000000,否
11,train/images/nozzle_no_extrusion_0219.jpg,test/images/nozzle_no_extrusion_0371.jpg,0.724363,0.865327,1.000000,否
11,train/images/nozzle_no_extrusion_0219.jpg,train/images/nozzle_no_extrusion_0294.jpg,0.659832,0.849144,1.000000,否
11,train/images/nozzle_no_extrusion_0219.jpg,train/images/nozzle_no_extrusion_0218.jpg,0.715403,0.844220,1.000000,否
11,train/images/nozzle_no_extrusion_0219.jpg,val/images/nozzle_no_extrusion_0295.jpg,0.747126,0.918074,1.000000,否
11,train/images/nozzle_no_extrusion_0219.jpg,test/images/nozzle_no_extrusion_0326.jpg,0.725955,0.847979,1.000000,否
11,train/images/nozzle_no_extrusion_0219.jpg,train/images/nozzle_no_extrusion_0256.jpg,0.945249,0.946546,1.000000,否
11,train/images/nozzle_no_extrusion_0219.jpg,test/images/nozzle_no_extrusion_0335.jpg,0.985016,0.955348,1.000000,是
11,train/images/nozzle_no_extrusion_0219.jpg,train/images/nozzle_no_extrusion_0172.jpg,0.727535,0.836636,1.000000,否
11,train/images/nozzle_no_extrusion_0219.jpg,train/images/nozzle_no_extrusion_0372.jpg,0.899834,0.934838,1.000000,否
11,train/images/nozzle_no_extrusion_0219.jpg,train/images/nozzle_no_extrusion_0334.jpg,0.724930,0.874764,1.000000,否
11,train/images/nozzle_no_extrusion_0219.jpg,train/images/nozzle_no_extrusion_0325.jpg,0.738586,0.871300,1.000000,否
11,train/images/nozzle_no_extrusion_0219.jpg,test/images/nozzle_no_extrusion_0212.jpg,0.743471,0.875842,1.000000,否
11,train/images/nozzle_no_extrusion_0219.jpg,train/images/nozzle_no_extrusion_0213.jpg,0.719159,0.828439,1.000000,否
11,test/images/nozzle_no_extrusion_0371.jpg,train/images/nozzle_no_extrusion_0294.jpg,0.876938,0.943030,1.000000,否
11,test/images/nozzle_no_extrusion_0371.jpg,train/images/nozzle_no_extrusion_0218.jpg,0.883087,0.912983,1.000000,否
11,test/images/nozzle_no_extrusion_0371.jpg,val/images/nozzle_no_extrusion_0295.jpg,0.662742,0.857315,1.000000,否
11,test/images/nozzle_no_extrusion_0371.jpg,test/images/nozzle_no_extrusion_0326.jpg,0.954751,0.943353,1.000000,否
11,test/images/nozzle_no_extrusion_0371.jpg,train/images/nozzle_no_extrusion_0256.jpg,0.755305,0.890170,1.000000,否
11,test/images/nozzle_no_extrusion_0371.jpg,test/images/nozzle_no_extrusion_0335.jpg,0.722778,0.864967,1.000000,否
11,test/images/nozzle_no_extrusion_0371.jpg,train/images/nozzle_no_extrusion_0172.jpg,0.874923,0.910209,1.000000,否
11,test/images/nozzle_no_extrusion_0371.jpg,train/images/nozzle_no_extrusion_0372.jpg,0.720643,0.861361,1.000000,否
11,test/images/nozzle_no_extrusion_0371.jpg,train/images/nozzle_no_extrusion_0334.jpg,0.994516,0.965778,1.000000,是
11,test/images/nozzle_no_extrusion_0371.jpg,train/images/nozzle_no_extrusion_0325.jpg,0.695117,0.829286,1.000000,否
11,test/images/nozzle_no_extrusion_0371.jpg,test/images/nozzle_no_extrusion_0212.jpg,0.692277,0.829258,1.000000,否
11,test/images/nozzle_no_extrusion_0371.jpg,train/images/nozzle_no_extrusion_0213.jpg,0.912526,0.909743,1.000000,否
11,train/images/nozzle_no_extrusion_0294.jpg,train/images/nozzle_no_extrusion_0218.jpg,0.912035,0.955969,1.000000,否
11,train/images/nozzle_no_extrusion_0294.jpg,val/images/nozzle_no_extrusion_0295.jpg,0.686343,0.854073,1.000000,否
11,train/images/nozzle_no_extrusion_0294.jpg,test/images/nozzle_no_extrusion_0326.jpg,0.887429,0.936389,1.000000,否
11,train/images/nozzle_no_extrusion_0294.jpg,train/images/nozzle_no_extrusion_0256.jpg,0.663000,0.864830,1.000000,否
11,train/images/nozzle_no_extrusion_0294.jpg,test/images/nozzle_no_extrusion_0335.jpg,0.661703,0.851611,1.000000,否
11,train/images/nozzle_no_extrusion_0294.jpg,train/images/nozzle_no_extrusion_0172.jpg,0.875832,0.944789,1.000000,否
11,train/images/nozzle_no_extrusion_0294.jpg,train/images/nozzle_no_extrusion_0372.jpg,0.651830,0.845331,1.000000,否
11,train/images/nozzle_no_extrusion_0294.jpg,train/images/nozzle_no_extrusion_0334.jpg,0.889335,0.946394,1.000000,否
11,train/images/nozzle_no_extrusion_0294.jpg,train/images/nozzle_no_extrusion_0325.jpg,0.633906,0.826695,1.000000,否
11,train/images/nozzle_no_extrusion_0294.jpg,test/images/nozzle_no_extrusion_0212.jpg,0.630210,0.832089,1.000000,否
11,train/images/nozzle_no_extrusion_0294.jpg,train/images/nozzle_no_extrusion_0213.jpg,0.889726,0.941949,1.000000,否
11,train/images/nozzle_no_extrusion_0218.jpg,val/images/nozzle_no_extrusion_0295.jpg,0.644250,0.844513,1.000000,否
11,train/images/nozzle_no_extrusion_0218.jpg,test/images/nozzle_no_extrusion_0326.jpg,0.905165,0.908688,1.000000,否
11,train/images/nozzle_no_extrusion_0218.jpg,train/images/nozzle_no_extrusion_0256.jpg,0.716320,0.850712,1.000000,否
11,train/images/nozzle_no_extrusion_0218.jpg,test/images/nozzle_no_extrusion_0335.jpg,0.712075,0.839653,1.000000,否
11,train/images/nozzle_no_extrusion_0218.jpg,train/images/nozzle_no_extrusion_0172.jpg,0.936663,0.950271,1.000000,否
11,train/images/nozzle_no_extrusion_0218.jpg,train/images/nozzle_no_extrusion_0372.jpg,0.704158,0.838064,1.000000,否
11,train/images/nozzle_no_extrusion_0218.jpg,train/images/nozzle_no_extrusion_0334.jpg,0.893440,0.923748,1.000000,否
11,train/images/nozzle_no_extrusion_0218.jpg,train/images/nozzle_no_extrusion_0325.jpg,0.682561,0.814263,1.000000,否
11,train/images/nozzle_no_extrusion_0218.jpg,test/images/nozzle_no_extrusion_0212.jpg,0.685276,0.826421,1.000000,否
11,train/images/nozzle_no_extrusion_0218.jpg,train/images/nozzle_no_extrusion_0213.jpg,0.950695,0.937201,1.000000,否
11,val/images/nozzle_no_extrusion_0295.jpg,test/images/nozzle_no_extrusion_0326.jpg,0.653562,0.839973,1.000000,否
11,val/images/nozzle_no_extrusion_0295.jpg,train/images/nozzle_no_extrusion_0256.jpg,0.700714,0.902367,1.000000,否
11,val/images/nozzle_no_extrusion_0295.jpg,test/images/nozzle_no_extrusion_0335.jpg,0.775889,0.931169,1.000000,否
11,val/images/nozzle_no_extrusion_0295.jpg,train/images/nozzle_no_extrusion_0172.jpg,0.655241,0.836800,1.000000,否
11,val/images/nozzle_no_extrusion_0295.jpg,train/images/nozzle_no_extrusion_0372.jpg,0.888061,0.955028,1.000000,否
11,val/images/nozzle_no_extrusion_0295.jpg,train/images/nozzle_no_extrusion_0334.jpg,0.665843,0.862963,1.000000,否
11,val/images/nozzle_no_extrusion_0295.jpg,train/images/nozzle_no_extrusion_0325.jpg,0.860065,0.933052,1.000000,否
11,val/images/nozzle_no_extrusion_0295.jpg,test/images/nozzle_no_extrusion_0212.jpg,0.752375,0.911404,1.000000,否
11,val/images/nozzle_no_extrusion_0295.jpg,train/images/nozzle_no_extrusion_0213.jpg,0.643355,0.825944,1.000000,否
11,test/images/nozzle_no_extrusion_0326.jpg,train/images/nozzle_no_extrusion_0256.jpg,0.751036,0.870984,1.000000,否
11,test/images/nozzle_no_extrusion_0326.jpg,test/images/nozzle_no_extrusion_0335.jpg,0.723696,0.849465,1.000000,否
11,test/images/nozzle_no_extrusion_0326.jpg,train/images/nozzle_no_extrusion_0172.jpg,0.897545,0.921005,1.000000,否
11,test/images/nozzle_no_extrusion_0326.jpg,train/images/nozzle_no_extrusion_0372.jpg,0.712441,0.836764,1.000000,否
11,test/images/nozzle_no_extrusion_0326.jpg,train/images/nozzle_no_extrusion_0334.jpg,0.957909,0.941724,1.000000,否
11,test/images/nozzle_no_extrusion_0326.jpg,train/images/nozzle_no_extrusion_0325.jpg,0.704067,0.834428,1.000000,否
11,test/images/nozzle_no_extrusion_0326.jpg,test/images/nozzle_no_extrusion_0212.jpg,0.700295,0.829200,1.000000,否
11,test/images/nozzle_no_extrusion_0326.jpg,train/images/nozzle_no_extrusion_0213.jpg,0.967900,0.945397,1.000000,否
11,train/images/nozzle_no_extrusion_0256.jpg,test/images/nozzle_no_extrusion_0335.jpg,0.917941,0.940062,1.000000,否
11,train/images/nozzle_no_extrusion_0256.jpg,train/images/nozzle_no_extrusion_0172.jpg,0.734984,0.850535,1.000000,否
11,train/images/nozzle_no_extrusion_0256.jpg,train/images/nozzle_no_extrusion_0372.jpg,0.808412,0.915081,1.000000,否
11,train/images/nozzle_no_extrusion_0256.jpg,train/images/nozzle_no_extrusion_0334.jpg,0.751904,0.894400,1.000000,否
11,train/images/nozzle_no_extrusion_0256.jpg,train/images/nozzle_no_extrusion_0325.jpg,0.735322,0.864533,1.000000,否
11,train/images/nozzle_no_extrusion_0256.jpg,test/images/nozzle_no_extrusion_0212.jpg,0.738520,0.867228,1.000000,否
11,train/images/nozzle_no_extrusion_0256.jpg,train/images/nozzle_no_extrusion_0213.jpg,0.733142,0.843249,1.000000,否
11,test/images/nozzle_no_extrusion_0335.jpg,train/images/nozzle_no_extrusion_0172.jpg,0.723331,0.836590,1.000000,否
11,test/images/nozzle_no_extrusion_0335.jpg,train/images/nozzle_no_extrusion_0372.jpg,0.932277,0.953671,1.000000,否
11,test/images/nozzle_no_extrusion_0335.jpg,train/images/nozzle_no_extrusion_0334.jpg,0.724270,0.876673,1.000000,否
11,test/images/nozzle_no_extrusion_0335.jpg,train/images/nozzle_no_extrusion_0325.jpg,0.747075,0.887623,1.000000,否
11,test/images/nozzle_no_extrusion_0335.jpg,test/images/nozzle_no_extrusion_0212.jpg,0.744397,0.881494,1.000000,否
11,test/images/nozzle_no_extrusion_0335.jpg,train/images/nozzle_no_extrusion_0213.jpg,0.714846,0.826679,1.000000,否
11,train/images/nozzle_no_extrusion_0172.jpg,train/images/nozzle_no_extrusion_0372.jpg,0.714220,0.833377,1.000000,否
11,train/images/nozzle_no_extrusion_0172.jpg,train/images/nozzle_no_extrusion_0334.jpg,0.883604,0.917323,1.000000,否
11,train/images/nozzle_no_extrusion_0172.jpg,train/images/nozzle_no_extrusion_0325.jpg,0.698281,0.821471,1.000000,否
11,train/images/nozzle_no_extrusion_0172.jpg,test/images/nozzle_no_extrusion_0212.jpg,0.700122,0.829954,1.000000,否
11,train/images/nozzle_no_extrusion_0172.jpg,train/images/nozzle_no_extrusion_0213.jpg,0.919307,0.937377,1.000000,否
11,train/images/nozzle_no_extrusion_0372.jpg,train/images/nozzle_no_extrusion_0334.jpg,0.720680,0.864022,1.000000,否
11,train/images/nozzle_no_extrusion_0372.jpg,train/images/nozzle_no_extrusion_0325.jpg,0.809420,0.909761,1.000000,否
11,train/images/nozzle_no_extrusion_0372.jpg,test/images/nozzle_no_extrusion_0212.jpg,0.757903,0.893670,1.000000,否
11,train/images/nozzle_no_extrusion_0372.jpg,train/images/nozzle_no_extrusion_0213.jpg,0.706702,0.818329,1.000000,否
11,train/images/nozzle_no_extrusion_0334.jpg,train/images/nozzle_no_extrusion_0325.jpg,0.695757,0.832925,1.000000,否
11,train/images/nozzle_no_extrusion_0334.jpg,test/images/nozzle_no_extrusion_0212.jpg,0.692165,0.836683,1.000000,否
11,train/images/nozzle_no_extrusion_0334.jpg,train/images/nozzle_no_extrusion_0213.jpg,0.917866,0.914366,1.000000,否
11,train/images/nozzle_no_extrusion_0325.jpg,test/images/nozzle_no_extrusion_0212.jpg,0.924794,0.946279,1.000000,否
11,train/images/nozzle_no_extrusion_0325.jpg,train/images/nozzle_no_extrusion_0213.jpg,0.698206,0.818899,1.000000,否
11,test/images/nozzle_no_extrusion_0212.jpg,train/images/nozzle_no_extrusion_0213.jpg,0.700626,0.827916,1.000000,否
12,test/images/nozzle_no_extrusion_0018.jpg,train/images/nozzle_no_extrusion_0072.jpg,0.605876,0.778640,0.891156,否
12,test/images/nozzle_no_extrusion_0018.jpg,train/images/nozzle_no_extrusion_0006.jpg,0.653100,0.804465,0.963605,否
12,test/images/nozzle_no_extrusion_0018.jpg,test/images/nozzle_no_extrusion_0062.jpg,0.859549,0.892305,0.909551,否
12,test/images/nozzle_no_extrusion_0018.jpg,train/images/nozzle_no_extrusion_0074.jpg,0.935886,0.880001,0.887567,否
12,test/images/nozzle_no_extrusion_0018.jpg,val/images/nozzle_no_extrusion_0061.jpg,0.678133,0.807973,0.911447,否
12,test/images/nozzle_no_extrusion_0018.jpg,train/images/nozzle_no_extrusion_0007.jpg,0.611602,0.809893,0.975370,否
12,test/images/nozzle_no_extrusion_0018.jpg,train/images/nozzle_no_extrusion_0064.jpg,0.597550,0.764969,0.905870,否
12,test/images/nozzle_no_extrusion_0018.jpg,test/images/nozzle_no_extrusion_0073.jpg,0.650980,0.798928,0.889340,否
12,test/images/nozzle_no_extrusion_0018.jpg,train/images/nozzle_no_extrusion_0016.jpg,0.611628,0.829960,0.995487,否
12,test/images/nozzle_no_extrusion_0018.jpg,train/images/nozzle_no_extrusion_0063.jpg,0.629770,0.784831,0.907699,否
12,test/images/nozzle_no_extrusion_0018.jpg,test/images/nozzle_no_extrusion_0005.jpg,0.953909,0.899501,0.952254,否
12,test/images/nozzle_no_extrusion_0018.jpg,train/images/nozzle_no_extrusion_0017.jpg,0.652834,0.846974,0.997775,否
12,train/images/nozzle_no_extrusion_0072.jpg,train/images/nozzle_no_extrusion_0006.jpg,0.632799,0.799722,0.860301,否
12,train/images/nozzle_no_extrusion_0072.jpg,test/images/nozzle_no_extrusion_0062.jpg,0.634534,0.822746,0.979219,否
12,train/images/nozzle_no_extrusion_0072.jpg,train/images/nozzle_no_extrusion_0074.jpg,0.623400,0.832358,0.995841,否
12,train/images/nozzle_no_extrusion_0072.jpg,val/images/nozzle_no_extrusion_0061.jpg,0.622525,0.825650,0.977142,否
12,train/images/nozzle_no_extrusion_0072.jpg,train/images/nozzle_no_extrusion_0007.jpg,0.876518,0.876049,0.869866,否
12,train/images/nozzle_no_extrusion_0072.jpg,train/images/nozzle_no_extrusion_0064.jpg,0.773101,0.936935,0.983300,否
12,train/images/nozzle_no_extrusion_0072.jpg,test/images/nozzle_no_extrusion_0073.jpg,0.653866,0.883603,0.997897,否
12,train/images/nozzle_no_extrusion_0072.jpg,train/images/nozzle_no_extrusion_0016.jpg,0.934011,0.909559,0.887256,否
12,train/images/nozzle_no_extrusion_0072.jpg,train/images/nozzle_no_extrusion_0063.jpg,0.736279,0.906866,0.981260,否
12,train/images/nozzle_no_extrusion_0072.jpg,test/images/nozzle_no_extrusion_0005.jpg,0.599036,0.721586,0.851053,否
12,train/images/nozzle_no_extrusion_0072.jpg,train/images/nozzle_no_extrusion_0017.jpg,0.639135,0.850497,0.889234,否
12,train/images/nozzle_no_extrusion_0006.jpg,test/images/nozzle_no_extrusion_0062.jpg,0.650311,0.785928,0.877786,否
12,train/images/nozzle_no_extrusion_0006.jpg,train/images/nozzle_no_extrusion_0074.jpg,0.630382,0.723165,0.856888,否
12,train/images/nozzle_no_extrusion_0006.jpg,val/images/nozzle_no_extrusion_0061.jpg,0.613880,0.752249,0.879588,否
12,train/images/nozzle_no_extrusion_0006.jpg,train/images/nozzle_no_extrusion_0007.jpg,0.644342,0.885673,0.987689,否
12,train/images/nozzle_no_extrusion_0006.jpg,train/images/nozzle_no_extrusion_0064.jpg,0.622573,0.798252,0.874288,否
12,train/images/nozzle_no_extrusion_0006.jpg,test/images/nozzle_no_extrusion_0073.jpg,0.880007,0.824257,0.858575,否
12,train/images/nozzle_no_extrusion_0006.jpg,train/images/nozzle_no_extrusion_0016.jpg,0.633349,0.847160,0.967891,否
12,train/images/nozzle_no_extrusion_0006.jpg,train/images/nozzle_no_extrusion_0063.jpg,0.894065,0.886412,0.876026,否
12,train/images/nozzle_no_extrusion_0006.jpg,test/images/nozzle_no_extrusion_0005.jpg,0.658755,0.855944,0.987979,否
12,train/images/nozzle_no_extrusion_0006.jpg,train/images/nozzle_no_extrusion_0017.jpg,0.952813,0.931700,0.965719,否
12,test/images/nozzle_no_extrusion_0062.jpg,train/images/nozzle_no_extrusion_0074.jpg,0.801852,0.899315,0.975186,否
12,test/images/nozzle_no_extrusion_0062.jpg,val/images/nozzle_no_extrusion_0061.jpg,0.684129,0.862349,0.997851,否
12,test/images/nozzle_no_extrusion_0062.jpg,train/images/nozzle_no_extrusion_0007.jpg,0.601899,0.774636,0.887706,否
12,test/images/nozzle_no_extrusion_0062.jpg,train/images/nozzle_no_extrusion_0064.jpg,0.619900,0.843808,0.995828,否
12,test/images/nozzle_no_extrusion_0062.jpg,test/images/nozzle_no_extrusion_0073.jpg,0.756110,0.886203,0.977187,否
12,test/images/nozzle_no_extrusion_0062.jpg,train/images/nozzle_no_extrusion_0016.jpg,0.607755,0.781437,0.905562,否
12,test/images/nozzle_no_extrusion_0062.jpg,train/images/nozzle_no_extrusion_0063.jpg,0.657979,0.869468,0.997908,否
12,test/images/nozzle_no_extrusion_0062.jpg,test/images/nozzle_no_extrusion_0005.jpg,0.902631,0.874815,0.868198,否
12,test/images/nozzle_no_extrusion_0062.jpg,train/images/nozzle_no_extrusion_0017.jpg,0.661214,0.807017,0.907580,否
12,train/images/nozzle_no_extrusion_0074.jpg,val/images/nozzle_no_extrusion_0061.jpg,0.753331,0.881726,0.973106,否
12,train/images/nozzle_no_extrusion_0074.jpg,train/images/nozzle_no_extrusion_0007.jpg,0.595634,0.744123,0.866384,否
12,train/images/nozzle_no_extrusion_0074.jpg,train/images/nozzle_no_extrusion_0064.jpg,0.618195,0.822285,0.979231,否
12,train/images/nozzle_no_extrusion_0074.jpg,test/images/nozzle_no_extrusion_0073.jpg,0.665989,0.852379,0.997938,否
12,train/images/nozzle_no_extrusion_0074.jpg,train/images/nozzle_no_extrusion_0016.jpg,0.602138,0.774023,0.883699,否
12,train/images/nozzle_no_extrusion_0074.jpg,train/images/nozzle_no_extrusion_0063.jpg,0.645249,0.818816,0.977216,否
12,train/images/nozzle_no_extrusion_0074.jpg,test/images/nozzle_no_extrusion_0005.jpg,0.887769,0.792986,0.847706,否
12,train/images/nozzle_no_extrusion_0074.jpg,train/images/nozzle_no_extrusion_0017.jpg,0.638549,0.767324,0.885655,否
12,val/images/nozzle_no_extrusion_0061.jpg,train/images/nozzle_no_extrusion_0007.jpg,0.594868,0.785985,0.889545,否
12,val/images/nozzle_no_extrusion_0061.jpg,train/images/nozzle_no_extrusion_0064.jpg,0.613349,0.855155,0.993706,否
12,val/images/nozzle_no_extrusion_0061.jpg,test/images/nozzle_no_extrusion_0073.jpg,0.651202,0.826068,0.975101,否
12,val/images/nozzle_no_extrusion_0061.jpg,train/images/nozzle_no_extrusion_0016.jpg,0.602546,0.790649,0.907435,否
12,val/images/nozzle_no_extrusion_0061.jpg,train/images/nozzle_no_extrusion_0063.jpg,0.635788,0.839164,0.995765,否
12,val/images/nozzle_no_extrusion_0061.jpg,test/images/nozzle_no_extrusion_0005.jpg,0.675457,0.764085,0.869964,否
12,val/images/nozzle_no_extrusion_0061.jpg,train/images/nozzle_no_extrusion_0017.jpg,0.617943,0.767973,0.909470,否
12,train/images/nozzle_no_extrusion_0007.jpg,train/images/nozzle_no_extrusion_0064.jpg,0.890614,0.889173,0.884136,否
12,train/images/nozzle_no_extrusion_0007.jpg,test/images/nozzle_no_extrusion_0073.jpg,0.624036,0.781363,0.868105,否
12,train/images/nozzle_no_extrusion_0007.jpg,train/images/nozzle_no_extrusion_0016.jpg,0.951398,0.950932,0.979753,是
12,train/images/nozzle_no_extrusion_0007.jpg,train/images/nozzle_no_extrusion_0063.jpg,0.634374,0.841804,0.885910,否
12,train/images/nozzle_no_extrusion_0007.jpg,test/images/nozzle_no_extrusion_0005.jpg,0.612094,0.810490,0.975816,否
12,train/images/nozzle_no_extrusion_0007.jpg,train/images/nozzle_no_extrusion_0017.jpg,0.649688,0.869701,0.977531,否
12,train/images/nozzle_no_extrusion_0064.jpg,test/images/nozzle_no_extrusion_0073.jpg,0.638553,0.860935,0.981243,否
12,train/images/nozzle_no_extrusion_0064.jpg,train/images/nozzle_no_extrusion_0016.jpg,0.844969,0.891532,0.901888,否
12,train/images/nozzle_no_extrusion_0064.jpg,train/images/nozzle_no_extrusion_0063.jpg,0.645975,0.903304,0.997915,否
12,train/images/nozzle_no_extrusion_0064.jpg,test/images/nozzle_no_extrusion_0005.jpg,0.590832,0.739218,0.864768,否
12,train/images/nozzle_no_extrusion_0064.jpg,train/images/nozzle_no_extrusion_0017.jpg,0.625903,0.818050,0.903908,否
12,test/images/nozzle_no_extrusion_0073.jpg,train/images/nozzle_no_extrusion_0016.jpg,0.635039,0.811720,0.885463,否
12,test/images/nozzle_no_extrusion_0073.jpg,train/images/nozzle_no_extrusion_0063.jpg,0.783391,0.912073,0.979223,否
12,test/images/nozzle_no_extrusion_0073.jpg,test/images/nozzle_no_extrusion_0005.jpg,0.653897,0.765626,0.849360,否
12,test/images/nozzle_no_extrusion_0073.jpg,train/images/nozzle_no_extrusion_0017.jpg,0.929515,0.881291,0.887424,否
12,train/images/nozzle_no_extrusion_0016.jpg,train/images/nozzle_no_extrusion_0063.jpg,0.650948,0.843382,0.903720,否
12,train/images/nozzle_no_extrusion_0016.jpg,test/images/nozzle_no_extrusion_0005.jpg,0.607652,0.776981,0.956448,否
12,train/images/nozzle_no_extrusion_0016.jpg,train/images/nozzle_no_extrusion_0017.jpg,0.649545,0.893312,0.997705,否
12,train/images/nozzle_no_extrusion_0063.jpg,test/images/nozzle_no_extrusion_0005.jpg,0.631524,0.766336,0.866472,否
12,train/images/nozzle_no_extrusion_0063.jpg,train/images/nozzle_no_extrusion_0017.jpg,0.851348,0.896396,0.905732,否
12,test/images/nozzle_no_extrusion_0005.jpg,train/images/nozzle_no_extrusion_0017.jpg,0.645260,0.803145,0.954322,否
13,train/images/nozzle_tip_wrapped_0046.jpg,train/images/nozzle_tip_wrapped_0056.jpg,0.714075,0.282889,1.000000,否
13,train/images/nozzle_tip_wrapped_0046.jpg,test/images/nozzle_tip_wrapped_0054.jpg,0.754979,0.250923,1.000000,否
13,train/images/nozzle_tip_wrapped_0046.jpg,val/images/nozzle_tip_wrapped_0051.jpg,0.788632,0.433940,1.000000,否
13,train/images/nozzle_tip_wrapped_0046.jpg,train/images/nozzle_tip_wrapped_0055.jpg,0.725264,0.282723,1.000000,否
13,train/images/nozzle_tip_wrapped_0046.jpg,train/images/nozzle_tip_wrapped_0053.jpg,0.775636,0.276377,1.000000,否
13,train/images/nozzle_tip_wrapped_0046.jpg,test/images/nozzle_tip_wrapped_0052.jpg,0.814113,0.407264,1.000000,否
13,train/images/nozzle_tip_wrapped_0046.jpg,test/images/nozzle_tip_wrapped_0050.jpg,0.794158,0.457654,1.000000,否
13,train/images/nozzle_tip_wrapped_0046.jpg,train/images/nozzle_tip_wrapped_0047.jpg,0.851211,0.496095,1.000000,否
13,train/images/nozzle_tip_wrapped_0046.jpg,train/images/nozzle_tip_wrapped_0049.jpg,0.835448,0.485799,1.000000,否
13,train/images/nozzle_tip_wrapped_0046.jpg,val/images/nozzle_tip_wrapped_0048.jpg,0.813383,0.474918,1.000000,否
13,train/images/nozzle_tip_wrapped_0056.jpg,test/images/nozzle_tip_wrapped_0054.jpg,0.767766,0.350670,1.000000,否
13,train/images/nozzle_tip_wrapped_0056.jpg,val/images/nozzle_tip_wrapped_0051.jpg,0.717680,0.260978,1.000000,否
13,train/images/nozzle_tip_wrapped_0056.jpg,train/images/nozzle_tip_wrapped_0055.jpg,0.833032,0.409716,1.000000,否
13,train/images/nozzle_tip_wrapped_0056.jpg,train/images/nozzle_tip_wrapped_0053.jpg,0.765245,0.370816,1.000000,否
13,train/images/nozzle_tip_wrapped_0056.jpg,test/images/nozzle_tip_wrapped_0052.jpg,0.771221,0.371862,1.000000,否
13,train/images/nozzle_tip_wrapped_0056.jpg,test/images/nozzle_tip_wrapped_0050.jpg,0.708831,0.305013,1.000000,否
13,train/images/nozzle_tip_wrapped_0056.jpg,train/images/nozzle_tip_wrapped_0047.jpg,0.668514,0.235965,1.000000,否
13,train/images/nozzle_tip_wrapped_0056.jpg,train/images/nozzle_tip_wrapped_0049.jpg,0.699574,0.303046,1.000000,否
13,train/images/nozzle_tip_wrapped_0056.jpg,val/images/nozzle_tip_wrapped_0048.jpg,0.688745,0.303776,1.000000,否
13,test/images/nozzle_tip_wrapped_0054.jpg,val/images/nozzle_tip_wrapped_0051.jpg,0.768470,0.277451,1.000000,否
13,test/images/nozzle_tip_wrapped_0054.jpg,train/images/nozzle_tip_wrapped_0055.jpg,0.854091,0.464233,1.000000,否
13,test/images/nozzle_tip_wrapped_0054.jpg,train/images/nozzle_tip_wrapped_0053.jpg,0.871608,0.433137,1.000000,否
13,test/images/nozzle_tip_wrapped_0054.jpg,test/images/nozzle_tip_wrapped_0052.jpg,0.814917,0.334007,1.000000,否
13,test/images/nozzle_tip_wrapped_0054.jpg,test/images/nozzle_tip_wrapped_0050.jpg,0.766935,0.291259,1.000000,否
13,test/images/nozzle_tip_wrapped_0054.jpg,train/images/nozzle_tip_wrapped_0047.jpg,0.716179,0.227857,1.000000,否
13,test/images/nozzle_tip_wrapped_0054.jpg,train/images/nozzle_tip_wrapped_0049.jpg,0.734991,0.308423,1.000000,否
13,test/images/nozzle_tip_wrapped_0054.jpg,val/images/nozzle_tip_wrapped_0048.jpg,0.742270,0.281922,1.000000,否
13,val/images/nozzle_tip_wrapped_0051.jpg,train/images/nozzle_tip_wrapped_0055.jpg,0.745793,0.235740,1.000000,否
13,val/images/nozzle_tip_wrapped_0051.jpg,train/images/nozzle_tip_wrapped_0053.jpg,0.798583,0.279205,1.000000,否
13,val/images/nozzle_tip_wrapped_0051.jpg,test/images/nozzle_tip_wrapped_0052.jpg,0.880373,0.446596,1.000000,否
13,val/images/nozzle_tip_wrapped_0051.jpg,test/images/nozzle_tip_wrapped_0050.jpg,0.880635,0.710423,1.000000,否
13,val/images/nozzle_tip_wrapped_0051.jpg,train/images/nozzle_tip_wrapped_0047.jpg,0.806565,0.522454,1.000000,否
13,val/images/nozzle_tip_wrapped_0051.jpg,train/images/nozzle_tip_wrapped_0049.jpg,0.831301,0.552260,1.000000,否
13,val/images/nozzle_tip_wrapped_0051.jpg,val/images/nozzle_tip_wrapped_0048.jpg,0.797476,0.386507,1.000000,否
13,train/images/nozzle_tip_wrapped_0055.jpg,train/images/nozzle_tip_wrapped_0053.jpg,0.792952,0.352590,1.000000,否
13,train/images/nozzle_tip_wrapped_0055.jpg,test/images/nozzle_tip_wrapped_0052.jpg,0.773936,0.324044,1.000000,否
13,train/images/nozzle_tip_wrapped_0055.jpg,test/images/nozzle_tip_wrapped_0050.jpg,0.706824,0.257577,1.000000,否
13,train/images/nozzle_tip_wrapped_0055.jpg,train/images/nozzle_tip_wrapped_0047.jpg,0.689387,0.217006,1.000000,否
13,train/images/nozzle_tip_wrapped_0055.jpg,train/images/nozzle_tip_wrapped_0049.jpg,0.704666,0.284121,1.000000,否
13,train/images/nozzle_tip_wrapped_0055.jpg,val/images/nozzle_tip_wrapped_0048.jpg,0.721033,0.311440,1.000000,否
13,train/images/nozzle_tip_wrapped_0053.jpg,test/images/nozzle_tip_wrapped_0052.jpg,0.886983,0.516547,1.000000,否
13,train/images/nozzle_tip_wrapped_0053.jpg,test/images/nozzle_tip_wrapped_0050.jpg,0.819204,0.351885,1.000000,否
13,train/images/nozzle_tip_wrapped_0053.jpg,train/images/nozzle_tip_wrapped_0047.jpg,0.732542,0.268558,1.000000,否
13,train/images/nozzle_tip_wrapped_0053.jpg,train/images/nozzle_tip_wrapped_0049.jpg,0.779576,0.372511,1.000000,否
13,train/images/nozzle_tip_wrapped_0053.jpg,val/images/nozzle_tip_wrapped_0048.jpg,0.769641,0.364800,1.000000,否
13,test/images/nozzle_tip_wrapped_0052.jpg,test/images/nozzle_tip_wrapped_0050.jpg,0.841558,0.475453,1.000000,否
13,test/images/nozzle_tip_wrapped_0052.jpg,train/images/nozzle_tip_wrapped_0047.jpg,0.769192,0.392083,1.000000,否
13,test/images/nozzle_tip_wrapped_0052.jpg,train/images/nozzle_tip_wrapped_0049.jpg,0.825638,0.485717,1.000000,否
13,test/images/nozzle_tip_wrapped_0052.jpg,val/images/nozzle_tip_wrapped_0048.jpg,0.784333,0.421689,1.000000,否
13,test/images/nozzle_tip_wrapped_0050.jpg,train/images/nozzle_tip_wrapped_0047.jpg,0.793659,0.579488,1.000000,否
13,test/images/nozzle_tip_wrapped_0050.jpg,train/images/nozzle_tip_wrapped_0049.jpg,0.850974,0.665132,1.000000,否
13,test/images/nozzle_tip_wrapped_0050.jpg,val/images/nozzle_tip_wrapped_0048.jpg,0.819211,0.484666,1.000000,否
13,train/images/nozzle_tip_wrapped_0047.jpg,train/images/nozzle_tip_wrapped_0049.jpg,0.820969,0.609981,1.000000,否
13,train/images/nozzle_tip_wrapped_0047.jpg,val/images/nozzle_tip_wrapped_0048.jpg,0.841875,0.539903,1.000000,否
13,train/images/nozzle_tip_wrapped_0049.jpg,val/images/nozzle_tip_wrapped_0048.jpg,0.891300,0.598979,1.000000,否
14,train/images/nozzle_extrusion_normal_0958.jpg,train/images/nozzle_extrusion_normal_1021.jpg,0.767856,0.886944,1.000000,否
14,train/images/nozzle_extrusion_normal_0958.jpg,train/images/nozzle_extrusion_normal_1000.jpg,0.787686,0.888010,1.000000,否
14,train/images/nozzle_extrusion_normal_0958.jpg,val/images/nozzle_extrusion_normal_0938.jpg,0.731559,0.686296,1.000000,否
14,train/images/nozzle_extrusion_normal_0958.jpg,train/images/nozzle_extrusion_normal_0977.jpg,0.761196,0.742969,1.000000,否
14,train/images/nozzle_extrusion_normal_0958.jpg,test/images/nozzle_extrusion_normal_0937.jpg,0.794527,0.727086,1.000000,否
14,train/images/nozzle_extrusion_normal_0958.jpg,train/images/nozzle_extrusion_normal_0956.jpg,0.808140,0.745302,1.000000,否
14,train/images/nozzle_extrusion_normal_0958.jpg,val/images/nozzle_extrusion_normal_0998.jpg,0.702977,0.718989,1.000000,否
14,train/images/nozzle_extrusion_normal_0958.jpg,train/images/nozzle_extrusion_normal_0957.jpg,0.706469,0.680838,1.000000,否
14,train/images/nozzle_extrusion_normal_0958.jpg,train/images/nozzle_extrusion_normal_0979.jpg,0.824608,0.911037,1.000000,否
14,train/images/nozzle_extrusion_normal_1021.jpg,train/images/nozzle_extrusion_normal_1000.jpg,0.770494,0.894260,1.000000,否
14,train/images/nozzle_extrusion_normal_1021.jpg,val/images/nozzle_extrusion_normal_0938.jpg,0.744758,0.676956,1.000000,否
14,train/images/nozzle_extrusion_normal_1021.jpg,train/images/nozzle_extrusion_normal_0977.jpg,0.816958,0.729544,1.000000,否
14,train/images/nozzle_extrusion_normal_1021.jpg,test/images/nozzle_extrusion_normal_0937.jpg,0.728648,0.731165,1.000000,否
14,train/images/nozzle_extrusion_normal_1021.jpg,train/images/nozzle_extrusion_normal_0956.jpg,0.782996,0.723482,1.000000,否
14,train/images/nozzle_extrusion_normal_1021.jpg,val/images/nozzle_extrusion_normal_0998.jpg,0.802424,0.735629,1.000000,否
14,train/images/nozzle_extrusion_normal_1021.jpg,train/images/nozzle_extrusion_normal_0957.jpg,0.739386,0.672258,1.000000,否
14,train/images/nozzle_extrusion_normal_1021.jpg,train/images/nozzle_extrusion_normal_0979.jpg,0.799368,0.872416,1.000000,否
14,train/images/nozzle_extrusion_normal_1000.jpg,val/images/nozzle_extrusion_normal_0938.jpg,0.699234,0.709422,1.000000,否
14,train/images/nozzle_extrusion_normal_1000.jpg,train/images/nozzle_extrusion_normal_0977.jpg,0.714976,0.740727,1.000000,否
14,train/images/nozzle_extrusion_normal_1000.jpg,test/images/nozzle_extrusion_normal_0937.jpg,0.803993,0.735943,1.000000,否
14,train/images/nozzle_extrusion_normal_1000.jpg,train/images/nozzle_extrusion_normal_0956.jpg,0.738260,0.737751,1.000000,否
14,train/images/nozzle_extrusion_normal_1000.jpg,val/images/nozzle_extrusion_normal_0998.jpg,0.736642,0.735051,1.000000,否
14,train/images/nozzle_extrusion_normal_1000.jpg,train/images/nozzle_extrusion_normal_0957.jpg,0.670815,0.684044,1.000000,否
14,train/images/nozzle_extrusion_normal_1000.jpg,train/images/nozzle_extrusion_normal_0979.jpg,0.743246,0.870706,1.000000,否
14,val/images/nozzle_extrusion_normal_0938.jpg,train/images/nozzle_extrusion_normal_0977.jpg,0.751836,0.777582,1.000000,否
14,val/images/nozzle_extrusion_normal_0938.jpg,test/images/nozzle_extrusion_normal_0937.jpg,0.710816,0.772630,1.000000,否
14,val/images/nozzle_extrusion_normal_0938.jpg,train/images/nozzle_extrusion_normal_0956.jpg,0.752476,0.784149,1.000000,否
14,val/images/nozzle_extrusion_normal_0938.jpg,val/images/nozzle_extrusion_normal_0998.jpg,0.720609,0.766758,1.000000,否
14,val/images/nozzle_extrusion_normal_0938.jpg,train/images/nozzle_extrusion_normal_0957.jpg,0.780074,0.858906,1.000000,否
14,val/images/nozzle_extrusion_normal_0938.jpg,train/images/nozzle_extrusion_normal_0979.jpg,0.777913,0.691718,1.000000,否
14,train/images/nozzle_extrusion_normal_0977.jpg,test/images/nozzle_extrusion_normal_0937.jpg,0.771419,0.901079,1.000000,否
14,train/images/nozzle_extrusion_normal_0977.jpg,train/images/nozzle_extrusion_normal_0956.jpg,0.838370,0.924073,1.000000,否
14,train/images/nozzle_extrusion_normal_0977.jpg,val/images/nozzle_extrusion_normal_0998.jpg,0.821359,0.891493,1.000000,否
14,train/images/nozzle_extrusion_normal_0977.jpg,train/images/nozzle_extrusion_normal_0957.jpg,0.730725,0.760996,1.000000,否
14,train/images/nozzle_extrusion_normal_0977.jpg,train/images/nozzle_extrusion_normal_0979.jpg,0.795598,0.744197,1.000000,否
14,test/images/nozzle_extrusion_normal_0937.jpg,train/images/nozzle_extrusion_normal_0956.jpg,0.806711,0.906762,1.000000,否
14,test/images/nozzle_extrusion_normal_0937.jpg,val/images/nozzle_extrusion_normal_0998.jpg,0.745568,0.902816,1.000000,否
14,test/images/nozzle_extrusion_normal_0937.jpg,train/images/nozzle_extrusion_normal_0957.jpg,0.688215,0.742356,1.000000,否
14,test/images/nozzle_extrusion_normal_0937.jpg,train/images/nozzle_extrusion_normal_0979.jpg,0.747065,0.722432,1.000000,否
14,train/images/nozzle_extrusion_normal_0956.jpg,val/images/nozzle_extrusion_normal_0998.jpg,0.788038,0.896645,1.000000,否
14,train/images/nozzle_extrusion_normal_0956.jpg,train/images/nozzle_extrusion_normal_0957.jpg,0.707590,0.762757,1.000000,否
14,train/images/nozzle_extrusion_normal_0956.jpg,train/images/nozzle_extrusion_normal_0979.jpg,0.813138,0.738791,1.000000,否
14,val/images/nozzle_extrusion_normal_0998.jpg,train/images/nozzle_extrusion_normal_0957.jpg,0.710647,0.742131,1.000000,否
14,val/images/nozzle_extrusion_normal_0998.jpg,train/images/nozzle_extrusion_normal_0979.jpg,0.729117,0.707939,1.000000,否
14,train/images/nozzle_extrusion_normal_0957.jpg,train/images/nozzle_extrusion_normal_0979.jpg,0.719613,0.687209,1.000000,否
15,val/images/nozzle_no_extrusion_0284.jpg,train/images/nozzle_no_extrusion_0209.jpg,0.864274,0.967130,1.000000,否
15,val/images/nozzle_no_extrusion_0284.jpg,val/images/nozzle_no_extrusion_0548.jpg,0.853650,0.939137,1.000000,否
15,val/images/nozzle_no_extrusion_0284.jpg,val/images/nozzle_no_extrusion_0835.jpg,0.776064,0.841846,1.000000,否
15,val/images/nozzle_no_extrusion_0284.jpg,test/images/nozzle_no_extrusion_0613.jpg,0.772755,0.908309,1.000000,否
15,val/images/nozzle_no_extrusion_0284.jpg,train/images/nozzle_no_extrusion_0456.jpg,0.783921,0.919874,1.000000,否
15,val/images/nozzle_no_extrusion_0284.jpg,train/images/nozzle_no_extrusion_0322.jpg,0.985668,0.975162,1.000000,是
15,val/images/nozzle_no_extrusion_0284.jpg,val/images/nozzle_no_extrusion_0423.jpg,0.856186,0.945360,1.000000,否
15,val/images/nozzle_no_extrusion_0284.jpg,val/images/nozzle_no_extrusion_0248.jpg,0.964582,0.972105,1.000000,是
15,val/images/nozzle_no_extrusion_0284.jpg,val/images/nozzle_no_extrusion_0363.jpg,0.983695,0.970489,1.000000,是
15,train/images/nozzle_no_extrusion_0209.jpg,val/images/nozzle_no_extrusion_0548.jpg,0.837559,0.926943,1.000000,否
15,train/images/nozzle_no_extrusion_0209.jpg,val/images/nozzle_no_extrusion_0835.jpg,0.785209,0.832845,1.000000,否
15,train/images/nozzle_no_extrusion_0209.jpg,test/images/nozzle_no_extrusion_0613.jpg,0.757679,0.895446,1.000000,否
15,train/images/nozzle_no_extrusion_0209.jpg,train/images/nozzle_no_extrusion_0456.jpg,0.790468,0.916248,1.000000,否
15,train/images/nozzle_no_extrusion_0209.jpg,train/images/nozzle_no_extrusion_0322.jpg,0.867853,0.964702,1.000000,否
15,train/images/nozzle_no_extrusion_0209.jpg,val/images/nozzle_no_extrusion_0423.jpg,0.875422,0.948377,1.000000,否
15,train/images/nozzle_no_extrusion_0209.jpg,val/images/nozzle_no_extrusion_0248.jpg,0.867843,0.965619,1.000000,否
15,train/images/nozzle_no_extrusion_0209.jpg,val/images/nozzle_no_extrusion_0363.jpg,0.866416,0.962369,1.000000,否
15,val/images/nozzle_no_extrusion_0548.jpg,val/images/nozzle_no_extrusion_0835.jpg,0.778801,0.897723,1.000000,否
15,val/images/nozzle_no_extrusion_0548.jpg,test/images/nozzle_no_extrusion_0613.jpg,0.784785,0.942133,1.000000,否
15,val/images/nozzle_no_extrusion_0548.jpg,train/images/nozzle_no_extrusion_0456.jpg,0.784404,0.914254,1.000000,否
15,val/images/nozzle_no_extrusion_0548.jpg,train/images/nozzle_no_extrusion_0322.jpg,0.851601,0.944244,1.000000,否
15,val/images/nozzle_no_extrusion_0548.jpg,val/images/nozzle_no_extrusion_0423.jpg,0.856128,0.942687,1.000000,否
15,val/images/nozzle_no_extrusion_0548.jpg,val/images/nozzle_no_extrusion_0248.jpg,0.846111,0.931019,1.000000,否
15,val/images/nozzle_no_extrusion_0548.jpg,val/images/nozzle_no_extrusion_0363.jpg,0.852497,0.948769,1.000000,否
15,val/images/nozzle_no_extrusion_0835.jpg,test/images/nozzle_no_extrusion_0613.jpg,0.819272,0.925295,1.000000,否
15,val/images/nozzle_no_extrusion_0835.jpg,train/images/nozzle_no_extrusion_0456.jpg,0.829507,0.873316,1.000000,否
15,val/images/nozzle_no_extrusion_0835.jpg,train/images/nozzle_no_extrusion_0322.jpg,0.775267,0.845937,1.000000,否
15,val/images/nozzle_no_extrusion_0835.jpg,val/images/nozzle_no_extrusion_0423.jpg,0.793875,0.862331,1.000000,否
15,val/images/nozzle_no_extrusion_0835.jpg,val/images/nozzle_no_extrusion_0248.jpg,0.774762,0.830632,1.000000,否
15,val/images/nozzle_no_extrusion_0835.jpg,val/images/nozzle_no_extrusion_0363.jpg,0.778629,0.858658,1.000000,否
15,test/images/nozzle_no_extrusion_0613.jpg,train/images/nozzle_no_extrusion_0456.jpg,0.832471,0.919429,1.000000,否
15,test/images/nozzle_no_extrusion_0613.jpg,train/images/nozzle_no_extrusion_0322.jpg,0.767147,0.910630,1.000000,否
15,test/images/nozzle_no_extrusion_0613.jpg,val/images/nozzle_no_extrusion_0423.jpg,0.790987,0.914990,1.000000,否
15,test/images/nozzle_no_extrusion_0613.jpg,val/images/nozzle_no_extrusion_0248.jpg,0.760155,0.896183,1.000000,否
15,test/images/nozzle_no_extrusion_0613.jpg,val/images/nozzle_no_extrusion_0363.jpg,0.768367,0.919418,1.000000,否
15,train/images/nozzle_no_extrusion_0456.jpg,train/images/nozzle_no_extrusion_0322.jpg,0.781912,0.916376,1.000000,否
15,train/images/nozzle_no_extrusion_0456.jpg,val/images/nozzle_no_extrusion_0423.jpg,0.821571,0.940851,1.000000,否
15,train/images/nozzle_no_extrusion_0456.jpg,val/images/nozzle_no_extrusion_0248.jpg,0.780212,0.901590,1.000000,否
15,train/images/nozzle_no_extrusion_0456.jpg,val/images/nozzle_no_extrusion_0363.jpg,0.784192,0.921895,1.000000,否
15,train/images/nozzle_no_extrusion_0322.jpg,val/images/nozzle_no_extrusion_0423.jpg,0.857093,0.946251,1.000000,否
15,train/images/nozzle_no_extrusion_0322.jpg,val/images/nozzle_no_extrusion_0248.jpg,0.980889,0.972364,1.000000,是
15,train/images/nozzle_no_extrusion_0322.jpg,val/images/nozzle_no_extrusion_0363.jpg,0.989146,0.972692,1.000000,是
15,val/images/nozzle_no_extrusion_0423.jpg,val/images/nozzle_no_extrusion_0248.jpg,0.854556,0.931824,1.000000,否
15,val/images/nozzle_no_extrusion_0423.jpg,val/images/nozzle_no_extrusion_0363.jpg,0.858139,0.948524,1.000000,否
15,val/images/nozzle_no_extrusion_0248.jpg,val/images/nozzle_no_extrusion_0363.jpg,0.976280,0.964866,1.000000,是
16,val/images/nozzle_extrusion_normal_1285.jpg,train/images/nozzle_extrusion_normal_1149.jpg,0.719542,0.844666,1.000000,否
16,val/images/nozzle_extrusion_normal_1285.jpg,train/images/nozzle_extrusion_normal_1242.jpg,0.698165,0.704374,1.000000,否
16,val/images/nozzle_extrusion_normal_1285.jpg,train/images/nozzle_extrusion_normal_1311.jpg,0.807776,0.922527,1.000000,否
16,val/images/nozzle_extrusion_normal_1285.jpg,train/images/nozzle_extrusion_normal_1258.jpg,0.858842,0.899284,1.000000,否
16,val/images/nozzle_extrusion_normal_1285.jpg,train/images/nozzle_extrusion_normal_1337.jpg,0.751999,0.913985,1.000000,否
16,val/images/nozzle_extrusion_normal_1285.jpg,test/images/nozzle_extrusion_normal_1125.jpg,0.698284,0.828375,1.000000,否
16,val/images/nozzle_extrusion_normal_1285.jpg,test/images/nozzle_extrusion_normal_1202.jpg,0.781097,0.862951,1.000000,否
16,val/images/nozzle_extrusion_normal_1285.jpg,train/images/nozzle_extrusion_normal_1175.jpg,0.719141,0.848212,1.000000,否
16,train/images/nozzle_extrusion_normal_1149.jpg,train/images/nozzle_extrusion_normal_1242.jpg,0.815778,0.757867,1.000000,否
16,train/images/nozzle_extrusion_normal_1149.jpg,train/images/nozzle_extrusion_normal_1311.jpg,0.685452,0.842512,1.000000,否
16,train/images/nozzle_extrusion_normal_1149.jpg,train/images/nozzle_extrusion_normal_1258.jpg,0.786247,0.871642,1.000000,否
16,train/images/nozzle_extrusion_normal_1149.jpg,train/images/nozzle_extrusion_normal_1337.jpg,0.627379,0.810678,1.000000,否
16,train/images/nozzle_extrusion_normal_1149.jpg,test/images/nozzle_extrusion_normal_1125.jpg,0.823222,0.935906,1.000000,否
16,train/images/nozzle_extrusion_normal_1149.jpg,test/images/nozzle_extrusion_normal_1202.jpg,0.845805,0.924322,1.000000,否
16,train/images/nozzle_extrusion_normal_1149.jpg,train/images/nozzle_extrusion_normal_1175.jpg,0.872302,0.929833,1.000000,否
16,train/images/nozzle_extrusion_normal_1242.jpg,train/images/nozzle_extrusion_normal_1311.jpg,0.680636,0.717331,1.000000,否
16,train/images/nozzle_extrusion_normal_1242.jpg,train/images/nozzle_extrusion_normal_1258.jpg,0.753761,0.730559,1.000000,否
16,train/images/nozzle_extrusion_normal_1242.jpg,train/images/nozzle_extrusion_normal_1337.jpg,0.621300,0.710605,1.000000,否
16,train/images/nozzle_extrusion_normal_1242.jpg,test/images/nozzle_extrusion_normal_1125.jpg,0.793699,0.742891,1.000000,否
16,train/images/nozzle_extrusion_normal_1242.jpg,test/images/nozzle_extrusion_normal_1202.jpg,0.791656,0.758220,1.000000,否
16,train/images/nozzle_extrusion_normal_1242.jpg,train/images/nozzle_extrusion_normal_1175.jpg,0.816794,0.733140,1.000000,否
16,train/images/nozzle_extrusion_normal_1311.jpg,train/images/nozzle_extrusion_normal_1258.jpg,0.778074,0.913413,1.000000,否
16,train/images/nozzle_extrusion_normal_1311.jpg,train/images/nozzle_extrusion_normal_1337.jpg,0.815140,0.931743,1.000000,否
16,train/images/nozzle_extrusion_normal_1311.jpg,test/images/nozzle_extrusion_normal_1125.jpg,0.648235,0.821217,1.000000,否
16,train/images/nozzle_extrusion_normal_1311.jpg,test/images/nozzle_extrusion_normal_1202.jpg,0.730303,0.872978,1.000000,否
16,train/images/nozzle_extrusion_normal_1311.jpg,train/images/nozzle_extrusion_normal_1175.jpg,0.693709,0.849549,1.000000,否
16,train/images/nozzle_extrusion_normal_1258.jpg,train/images/nozzle_extrusion_normal_1337.jpg,0.715484,0.886810,1.000000,否
16,train/images/nozzle_extrusion_normal_1258.jpg,test/images/nozzle_extrusion_normal_1125.jpg,0.760107,0.856415,1.000000,否
16,train/images/nozzle_extrusion_normal_1258.jpg,test/images/nozzle_extrusion_normal_1202.jpg,0.854345,0.886534,1.000000,否
16,train/images/nozzle_extrusion_normal_1258.jpg,train/images/nozzle_extrusion_normal_1175.jpg,0.787254,0.872002,1.000000,否
16,train/images/nozzle_extrusion_normal_1337.jpg,test/images/nozzle_extrusion_normal_1125.jpg,0.591333,0.794219,1.000000,否
16,train/images/nozzle_extrusion_normal_1337.jpg,test/images/nozzle_extrusion_normal_1202.jpg,0.664570,0.843562,1.000000,否
16,train/images/nozzle_extrusion_normal_1337.jpg,train/images/nozzle_extrusion_normal_1175.jpg,0.633404,0.817852,1.000000,否
16,test/images/nozzle_extrusion_normal_1125.jpg,test/images/nozzle_extrusion_normal_1202.jpg,0.809129,0.911415,1.000000,否
16,test/images/nozzle_extrusion_normal_1125.jpg,train/images/nozzle_extrusion_normal_1175.jpg,0.820075,0.918283,1.000000,否
16,test/images/nozzle_extrusion_normal_1202.jpg,train/images/nozzle_extrusion_normal_1175.jpg,0.838493,0.914145,1.000000,否
17,train/images/nozzle_no_extrusion_0647.jpg,train/images/nozzle_no_extrusion_0669.jpg,0.758606,0.901769,1.000000,否
17,train/images/nozzle_no_extrusion_0647.jpg,test/images/nozzle_no_extrusion_0348.jpg,0.795321,0.845718,1.000000,否
17,train/images/nozzle_no_extrusion_0647.jpg,val/images/nozzle_no_extrusion_0233.jpg,0.791807,0.799395,1.000000,否
17,train/images/nozzle_no_extrusion_0647.jpg,train/images/nozzle_no_extrusion_0307.jpg,0.790299,0.818924,1.000000,否
17,train/images/nozzle_no_extrusion_0647.jpg,test/images/nozzle_no_extrusion_0885.jpg,0.767602,0.831993,1.000000,否
17,train/images/nozzle_no_extrusion_0647.jpg,val/images/nozzle_no_extrusion_0872.jpg,0.806126,0.860059,1.000000,否
17,train/images/nozzle_no_extrusion_0647.jpg,train/images/nozzle_no_extrusion_0657.jpg,0.974517,0.964413,1.000000,是
17,train/images/nozzle_no_extrusion_0647.jpg,train/images/nozzle_no_extrusion_0269.jpg,0.787239,0.807269,1.000000,否
17,train/images/nozzle_no_extrusion_0669.jpg,test/images/nozzle_no_extrusion_0348.jpg,0.790905,0.879550,1.000000,否
17,train/images/nozzle_no_extrusion_0669.jpg,val/images/nozzle_no_extrusion_0233.jpg,0.778041,0.824316,1.000000,否
17,train/images/nozzle_no_extrusion_0669.jpg,train/images/nozzle_no_extrusion_0307.jpg,0.795042,0.825949,1.000000,否
17,train/images/nozzle_no_extrusion_0669.jpg,test/images/nozzle_no_extrusion_0885.jpg,0.730012,0.802320,1.000000,否
17,train/images/nozzle_no_extrusion_0669.jpg,val/images/nozzle_no_extrusion_0872.jpg,0.777690,0.848893,1.000000,否
17,train/images/nozzle_no_extrusion_0669.jpg,train/images/nozzle_no_extrusion_0657.jpg,0.744343,0.889712,1.000000,否
17,train/images/nozzle_no_extrusion_0669.jpg,train/images/nozzle_no_extrusion_0269.jpg,0.774057,0.835150,1.000000,否
17,test/images/nozzle_no_extrusion_0348.jpg,val/images/nozzle_no_extrusion_0233.jpg,0.953596,0.931563,1.000000,否
17,test/images/nozzle_no_extrusion_0348.jpg,train/images/nozzle_no_extrusion_0307.jpg,0.841834,0.886558,1.000000,否
17,test/images/nozzle_no_extrusion_0348.jpg,test/images/nozzle_no_extrusion_0885.jpg,0.766988,0.719821,1.000000,否
17,test/images/nozzle_no_extrusion_0348.jpg,val/images/nozzle_no_extrusion_0872.jpg,0.811038,0.748764,1.000000,否
17,test/images/nozzle_no_extrusion_0348.jpg,train/images/nozzle_no_extrusion_0657.jpg,0.782656,0.834826,1.000000,否
17,test/images/nozzle_no_extrusion_0348.jpg,train/images/nozzle_no_extrusion_0269.jpg,0.960690,0.941581,1.000000,否
17,val/images/nozzle_no_extrusion_0233.jpg,train/images/nozzle_no_extrusion_0307.jpg,0.826996,0.849821,1.000000,否
17,val/images/nozzle_no_extrusion_0233.jpg,test/images/nozzle_no_extrusion_0885.jpg,0.767260,0.702232,1.000000,否
17,val/images/nozzle_no_extrusion_0233.jpg,val/images/nozzle_no_extrusion_0872.jpg,0.802243,0.710691,1.000000,否
17,val/images/nozzle_no_extrusion_0233.jpg,train/images/nozzle_no_extrusion_0657.jpg,0.774865,0.787167,1.000000,否
17,val/images/nozzle_no_extrusion_0233.jpg,train/images/nozzle_no_extrusion_0269.jpg,0.988318,0.962415,1.000000,是
17,train/images/nozzle_no_extrusion_0307.jpg,test/images/nozzle_no_extrusion_0885.jpg,0.764988,0.717027,1.000000,否
17,train/images/nozzle_no_extrusion_0307.jpg,val/images/nozzle_no_extrusion_0872.jpg,0.800531,0.724531,1.000000,否
17,train/images/nozzle_no_extrusion_0307.jpg,train/images/nozzle_no_extrusion_0657.jpg,0.775460,0.813842,1.000000,否
17,train/images/nozzle_no_extrusion_0307.jpg,train/images/nozzle_no_extrusion_0269.jpg,0.821361,0.857055,1.000000,否
17,test/images/nozzle_no_extrusion_0885.jpg,val/images/nozzle_no_extrusion_0872.jpg,0.803255,0.917108,1.000000,否
17,test/images/nozzle_no_extrusion_0885.jpg,train/images/nozzle_no_extrusion_0657.jpg,0.753781,0.833328,1.000000,否
17,test/images/nozzle_no_extrusion_0885.jpg,train/images/nozzle_no_extrusion_0269.jpg,0.762625,0.700336,1.000000,否
17,val/images/nozzle_no_extrusion_0872.jpg,train/images/nozzle_no_extrusion_0657.jpg,0.786955,0.851010,1.000000,否
17,val/images/nozzle_no_extrusion_0872.jpg,train/images/nozzle_no_extrusion_0269.jpg,0.795067,0.708713,1.000000,否
17,train/images/nozzle_no_extrusion_0657.jpg,train/images/nozzle_no_extrusion_0269.jpg,0.770453,0.792280,1.000000,否
18,train/images/nozzle_extrusion_normal_1074.jpg,train/images/nozzle_extrusion_normal_0989.jpg,0.700950,0.753067,1.000000,否
18,train/images/nozzle_extrusion_normal_1074.jpg,train/images/nozzle_extrusion_normal_0948.jpg,0.678191,0.778022,1.000000,否
18,train/images/nozzle_extrusion_normal_1074.jpg,train/images/nozzle_extrusion_normal_1009.jpg,0.723176,0.761670,1.000000,否
18,train/images/nozzle_extrusion_normal_1074.jpg,train/images/nozzle_extrusion_normal_0968.jpg,0.690206,0.766487,1.000000,否
18,train/images/nozzle_extrusion_normal_1074.jpg,val/images/nozzle_extrusion_normal_1096.jpg,0.782931,0.881970,1.000000,否
18,train/images/nozzle_extrusion_normal_1074.jpg,train/images/nozzle_extrusion_normal_1050.jpg,0.772361,0.809341,1.000000,否
18,train/images/nozzle_extrusion_normal_1074.jpg,train/images/nozzle_extrusion_normal_1030.jpg,0.747421,0.790163,1.000000,否
18,train/images/nozzle_extrusion_normal_1074.jpg,train/images/nozzle_extrusion_normal_1072.jpg,0.772369,0.747086,1.000000,否
18,train/images/nozzle_extrusion_normal_0989.jpg,train/images/nozzle_extrusion_normal_0948.jpg,0.745844,0.925569,1.000000,否
18,train/images/nozzle_extrusion_normal_0989.jpg,train/images/nozzle_extrusion_normal_1009.jpg,0.799678,0.931899,1.000000,否
18,train/images/nozzle_extrusion_normal_0989.jpg,train/images/nozzle_extrusion_normal_0968.jpg,0.791180,0.937841,1.000000,否
18,train/images/nozzle_extrusion_normal_0989.jpg,val/images/nozzle_extrusion_normal_1096.jpg,0.675348,0.699829,1.000000,否
18,train/images/nozzle_extrusion_normal_0989.jpg,train/images/nozzle_extrusion_normal_1050.jpg,0.740959,0.799467,1.000000,否
18,train/images/nozzle_extrusion_normal_0989.jpg,train/images/nozzle_extrusion_normal_1030.jpg,0.768632,0.856438,1.000000,否
18,train/images/nozzle_extrusion_normal_0989.jpg,train/images/nozzle_extrusion_normal_1072.jpg,0.707035,0.759790,1.000000,否
18,train/images/nozzle_extrusion_normal_0948.jpg,train/images/nozzle_extrusion_normal_1009.jpg,0.732884,0.931862,1.000000,否
18,train/images/nozzle_extrusion_normal_0948.jpg,train/images/nozzle_extrusion_normal_0968.jpg,0.786049,0.932652,1.000000,否
18,train/images/nozzle_extrusion_normal_0948.jpg,val/images/nozzle_extrusion_normal_1096.jpg,0.666383,0.718423,1.000000,否
18,train/images/nozzle_extrusion_normal_0948.jpg,train/images/nozzle_extrusion_normal_1050.jpg,0.697236,0.818929,1.000000,否
18,train/images/nozzle_extrusion_normal_0948.jpg,train/images/nozzle_extrusion_normal_1030.jpg,0.715520,0.879022,1.000000,否
18,train/images/nozzle_extrusion_normal_0948.jpg,train/images/nozzle_extrusion_normal_1072.jpg,0.693852,0.769524,1.000000,否
18,train/images/nozzle_extrusion_normal_1009.jpg,train/images/nozzle_extrusion_normal_0968.jpg,0.764660,0.916722,1.000000,否
18,train/images/nozzle_extrusion_normal_1009.jpg,val/images/nozzle_extrusion_normal_1096.jpg,0.689031,0.708286,1.000000,否
18,train/images/nozzle_extrusion_normal_1009.jpg,train/images/nozzle_extrusion_normal_1050.jpg,0.769054,0.825917,1.000000,否
18,train/images/nozzle_extrusion_normal_1009.jpg,train/images/nozzle_extrusion_normal_1030.jpg,0.806391,0.888919,1.000000,否
18,train/images/nozzle_extrusion_normal_1009.jpg,train/images/nozzle_extrusion_normal_1072.jpg,0.727574,0.777715,1.000000,否
18,train/images/nozzle_extrusion_normal_0968.jpg,val/images/nozzle_extrusion_normal_1096.jpg,0.672054,0.712643,1.000000,否
18,train/images/nozzle_extrusion_normal_0968.jpg,train/images/nozzle_extrusion_normal_1050.jpg,0.732796,0.807567,1.000000,否
18,train/images/nozzle_extrusion_normal_0968.jpg,train/images/nozzle_extrusion_normal_1030.jpg,0.740938,0.860504,1.000000,否
18,train/images/nozzle_extrusion_normal_0968.jpg,train/images/nozzle_extrusion_normal_1072.jpg,0.705191,0.761293,1.000000,否
18,val/images/nozzle_extrusion_normal_1096.jpg,train/images/nozzle_extrusion_normal_1050.jpg,0.736740,0.756180,1.000000,否
18,val/images/nozzle_extrusion_normal_1096.jpg,train/images/nozzle_extrusion_normal_1030.jpg,0.719237,0.734422,1.000000,否
18,val/images/nozzle_extrusion_normal_1096.jpg,train/images/nozzle_extrusion_normal_1072.jpg,0.785519,0.788221,1.000000,否
18,train/images/nozzle_extrusion_normal_1050.jpg,train/images/nozzle_extrusion_normal_1030.jpg,0.802987,0.881946,1.000000,否
18,train/images/nozzle_extrusion_normal_1050.jpg,train/images/nozzle_extrusion_normal_1072.jpg,0.788657,0.867013,1.000000,否
18,train/images/nozzle_extrusion_normal_1030.jpg,train/images/nozzle_extrusion_normal_1072.jpg,0.752243,0.803530,1.000000,否
19,train/images/nozzle_extrusion_normal_1070.jpg,test/images/nozzle_extrusion_normal_1028.jpg,0.813070,0.916825,1.000000,否
19,train/images/nozzle_extrusion_normal_1070.jpg,train/images/nozzle_extrusion_normal_1048.jpg,0.781448,0.889962,1.000000,否
19,train/images/nozzle_extrusion_normal_1070.jpg,train/images/nozzle_extrusion_normal_1139.jpg,0.806866,0.869871,1.000000,否
19,train/images/nozzle_extrusion_normal_1070.jpg,train/images/nozzle_extrusion_normal_1190.jpg,0.774603,0.858511,1.000000,否
19,train/images/nozzle_extrusion_normal_1070.jpg,train/images/nozzle_extrusion_normal_1116.jpg,0.800813,0.919291,1.000000,否
19,train/images/nozzle_extrusion_normal_1070.jpg,train/images/nozzle_extrusion_normal_1164.jpg,0.779274,0.874734,1.000000,否
19,train/images/nozzle_extrusion_normal_1070.jpg,train/images/nozzle_extrusion_normal_1092.jpg,0.795759,0.898500,1.000000,否
19,test/images/nozzle_extrusion_normal_1028.jpg,train/images/nozzle_extrusion_normal_1048.jpg,0.772857,0.881950,1.000000,否
19,test/images/nozzle_extrusion_normal_1028.jpg,train/images/nozzle_extrusion_normal_1139.jpg,0.787322,0.870656,1.000000,否
19,test/images/nozzle_extrusion_normal_1028.jpg,train/images/nozzle_extrusion_normal_1190.jpg,0.760285,0.853582,1.000000,否
19,test/images/nozzle_extrusion_normal_1028.jpg,train/images/nozzle_extrusion_normal_1116.jpg,0.764400,0.894171,1.000000,否
19,test/images/nozzle_extrusion_normal_1028.jpg,train/images/nozzle_extrusion_normal_1164.jpg,0.769837,0.860876,1.000000,否
19,test/images/nozzle_extrusion_normal_1028.jpg,train/images/nozzle_extrusion_normal_1092.jpg,0.801504,0.896068,1.000000,否
19,train/images/nozzle_extrusion_normal_1048.jpg,train/images/nozzle_extrusion_normal_1139.jpg,0.769064,0.873149,1.000000,否
19,train/images/nozzle_extrusion_normal_1048.jpg,train/images/nozzle_extrusion_normal_1190.jpg,0.753594,0.866359,1.000000,否
19,train/images/nozzle_extrusion_normal_1048.jpg,train/images/nozzle_extrusion_normal_1116.jpg,0.782984,0.887914,1.000000,否
19,train/images/nozzle_extrusion_normal_1048.jpg,train/images/nozzle_extrusion_normal_1164.jpg,0.752793,0.871569,1.000000,否
19,train/images/nozzle_extrusion_normal_1048.jpg,train/images/nozzle_extrusion_normal_1092.jpg,0.749937,0.889762,1.000000,否
19,train/images/nozzle_extrusion_normal_1139.jpg,train/images/nozzle_extrusion_normal_1190.jpg,0.830381,0.898550,1.000000,否
19,train/images/nozzle_extrusion_normal_1139.jpg,train/images/nozzle_extrusion_normal_1116.jpg,0.792680,0.893833,1.000000,否
19,train/images/nozzle_extrusion_normal_1139.jpg,train/images/nozzle_extrusion_normal_1164.jpg,0.830677,0.899402,1.000000,否
19,train/images/nozzle_extrusion_normal_1139.jpg,train/images/nozzle_extrusion_normal_1092.jpg,0.828963,0.900578,1.000000,否
19,train/images/nozzle_extrusion_normal_1190.jpg,train/images/nozzle_extrusion_normal_1116.jpg,0.769485,0.883341,1.000000,否
19,train/images/nozzle_extrusion_normal_1190.jpg,train/images/nozzle_extrusion_normal_1164.jpg,0.846410,0.921743,1.000000,否
19,train/images/nozzle_extrusion_normal_1190.jpg,train/images/nozzle_extrusion_normal_1092.jpg,0.791988,0.896240,1.000000,否
19,train/images/nozzle_extrusion_normal_1116.jpg,train/images/nozzle_extrusion_normal_1164.jpg,0.757725,0.891280,1.000000,否
19,train/images/nozzle_extrusion_normal_1116.jpg,train/images/nozzle_extrusion_normal_1092.jpg,0.767650,0.908721,1.000000,否
19,train/images/nozzle_extrusion_normal_1164.jpg,train/images/nozzle_extrusion_normal_1092.jpg,0.808670,0.891350,1.000000,否
20,train/images/nozzle_tip_wrapped_0108.jpg,train/images/nozzle_tip_wrapped_0104.jpg,0.734206,0.513805,1.000000,否
20,train/images/nozzle_tip_wrapped_0108.jpg,test/images/nozzle_tip_wrapped_0103.jpg,0.717892,0.463308,1.000000,否
20,train/images/nozzle_tip_wrapped_0108.jpg,train/images/nozzle_tip_wrapped_0107.jpg,0.874932,0.752746,1.000000,否
20,train/images/nozzle_tip_wrapped_0108.jpg,train/images/nozzle_tip_wrapped_0102.jpg,0.677279,0.361409,1.000000,否
20,train/images/nozzle_tip_wrapped_0108.jpg,train/images/nozzle_tip_wrapped_0105.jpg,0.725030,0.548639,1.000000,否
20,train/images/nozzle_tip_wrapped_0108.jpg,test/images/nozzle_tip_wrapped_0106.jpg,0.743704,0.624978,1.000000,否
20,train/images/nozzle_tip_wrapped_0108.jpg,train/images/nozzle_tip_wrapped_0101.jpg,0.661891,0.323638,1.000000,否
20,train/images/nozzle_tip_wrapped_0104.jpg,test/images/nozzle_tip_wrapped_0103.jpg,0.891751,0.747673,1.000000,否
20,train/images/nozzle_tip_wrapped_0104.jpg,train/images/nozzle_tip_wrapped_0107.jpg,0.776201,0.477844,1.000000,否
20,train/images/nozzle_tip_wrapped_0104.jpg,train/images/nozzle_tip_wrapped_0102.jpg,0.801234,0.514968,1.000000,否
20,train/images/nozzle_tip_wrapped_0104.jpg,train/images/nozzle_tip_wrapped_0105.jpg,0.898471,0.708794,1.000000,否
20,train/images/nozzle_tip_wrapped_0104.jpg,test/images/nozzle_tip_wrapped_0106.jpg,0.829446,0.600896,1.000000,否
20,train/images/nozzle_tip_wrapped_0104.jpg,train/images/nozzle_tip_wrapped_0101.jpg,0.742696,0.428942,1.000000,否
20,test/images/nozzle_tip_wrapped_0103.jpg,train/images/nozzle_tip_wrapped_0107.jpg,0.758563,0.440941,1.000000,否
20,test/images/nozzle_tip_wrapped_0103.jpg,train/images/nozzle_tip_wrapped_0102.jpg,0.916322,0.565692,1.000000,否
20,test/images/nozzle_tip_wrapped_0103.jpg,train/images/nozzle_tip_wrapped_0105.jpg,0.786657,0.545199,1.000000,否
20,test/images/nozzle_tip_wrapped_0103.jpg,test/images/nozzle_tip_wrapped_0106.jpg,0.802504,0.522587,1.000000,否
20,test/images/nozzle_tip_wrapped_0103.jpg,train/images/nozzle_tip_wrapped_0101.jpg,0.808835,0.431126,1.000000,否
20,train/images/nozzle_tip_wrapped_0107.jpg,train/images/nozzle_tip_wrapped_0102.jpg,0.715218,0.348034,1.000000,否
20,train/images/nozzle_tip_wrapped_0107.jpg,train/images/nozzle_tip_wrapped_0105.jpg,0.775832,0.521846,1.000000,否
20,train/images/nozzle_tip_wrapped_0107.jpg,test/images/nozzle_tip_wrapped_0106.jpg,0.849136,0.720552,1.000000,否
20,train/images/nozzle_tip_wrapped_0107.jpg,train/images/nozzle_tip_wrapped_0101.jpg,0.671472,0.304762,1.000000,否
20,train/images/nozzle_tip_wrapped_0102.jpg,train/images/nozzle_tip_wrapped_0105.jpg,0.734849,0.444949,1.000000,否
20,train/images/nozzle_tip_wrapped_0102.jpg,test/images/nozzle_tip_wrapped_0106.jpg,0.757540,0.420561,1.000000,否
20,train/images/nozzle_tip_wrapped_0102.jpg,train/images/nozzle_tip_wrapped_0101.jpg,0.856413,0.645650,1.000000,否
20,train/images/nozzle_tip_wrapped_0105.jpg,test/images/nozzle_tip_wrapped_0106.jpg,0.840430,0.645674,1.000000,否
20,train/images/nozzle_tip_wrapped_0105.jpg,train/images/nozzle_tip_wrapped_0101.jpg,0.677719,0.430255,1.000000,否
20,test/images/nozzle_tip_wrapped_0106.jpg,train/images/nozzle_tip_wrapped_0101.jpg,0.691773,0.377807,1.000000,否
21,train/images/nozzle_extrusion_normal_0332.jpg,train/images/nozzle_extrusion_normal_0408.jpg,0.766353,0.831236,1.000000,否
21,train/images/nozzle_extrusion_normal_0332.jpg,train/images/nozzle_extrusion_normal_0298.jpg,0.804382,0.848329,1.000000,否
21,train/images/nozzle_extrusion_normal_0332.jpg,test/images/nozzle_extrusion_normal_0368.jpg,0.798979,0.874775,1.000000,否
21,train/images/nozzle_extrusion_normal_0332.jpg,train/images/nozzle_extrusion_normal_0447.jpg,0.748980,0.750910,1.000000,否
21,train/images/nozzle_extrusion_normal_0332.jpg,train/images/nozzle_extrusion_normal_0267.jpg,0.775125,0.762037,1.000000,否
21,train/images/nozzle_extrusion_normal_0332.jpg,train/images/nozzle_extrusion_normal_0488.jpg,0.728840,0.768559,1.000000,否
21,train/images/nozzle_extrusion_normal_0408.jpg,train/images/nozzle_extrusion_normal_0298.jpg,0.716502,0.705316,1.000000,否
21,train/images/nozzle_extrusion_normal_0408.jpg,test/images/nozzle_extrusion_normal_0368.jpg,0.801430,0.898922,1.000000,否
21,train/images/nozzle_extrusion_normal_0408.jpg,train/images/nozzle_extrusion_normal_0447.jpg,0.806865,0.903551,1.000000,否
21,train/images/nozzle_extrusion_normal_0408.jpg,train/images/nozzle_extrusion_normal_0267.jpg,0.699848,0.635034,1.000000,否
21,train/images/nozzle_extrusion_normal_0408.jpg,train/images/nozzle_extrusion_normal_0488.jpg,0.790925,0.884430,1.000000,否
21,train/images/nozzle_extrusion_normal_0298.jpg,test/images/nozzle_extrusion_normal_0368.jpg,0.755362,0.786966,1.000000,否
21,train/images/nozzle_extrusion_normal_0298.jpg,train/images/nozzle_extrusion_normal_0447.jpg,0.707666,0.661167,1.000000,否
21,train/images/nozzle_extrusion_normal_0298.jpg,train/images/nozzle_extrusion_normal_0267.jpg,0.813598,0.859163,1.000000,否
21,train/images/nozzle_extrusion_normal_0298.jpg,train/images/nozzle_extrusion_normal_0488.jpg,0.700630,0.669927,1.000000,否
21,test/images/nozzle_extrusion_normal_0368.jpg,train/images/nozzle_extrusion_normal_0447.jpg,0.793228,0.854359,1.000000,否
21,test/images/nozzle_extrusion_normal_0368.jpg,train/images/nozzle_extrusion_normal_0267.jpg,0.728454,0.715555,1.000000,否
21,test/images/nozzle_extrusion_normal_0368.jpg,train/images/nozzle_extrusion_normal_0488.jpg,0.748384,0.846383,1.000000,否
21,train/images/nozzle_extrusion_normal_0447.jpg,train/images/nozzle_extrusion_normal_0267.jpg,0.690243,0.595117,1.000000,否
21,train/images/nozzle_extrusion_normal_0447.jpg,train/images/nozzle_extrusion_normal_0488.jpg,0.807451,0.916647,1.000000,否
21,train/images/nozzle_extrusion_normal_0267.jpg,train/images/nozzle_extrusion_normal_0488.jpg,0.678808,0.605914,1.000000,否
22,train/images/nozzle_extrusion_normal_0513.jpg,train/images/nozzle_extrusion_normal_0470.jpg,0.775772,0.832529,1.000000,否
22,train/images/nozzle_extrusion_normal_0513.jpg,val/images/nozzle_extrusion_normal_0598.jpg,0.771483,0.868277,1.000000,否
22,train/images/nozzle_extrusion_normal_0513.jpg,train/images/nozzle_extrusion_normal_0391.jpg,0.773946,0.842953,1.000000,否
22,train/images/nozzle_extrusion_normal_0513.jpg,train/images/nozzle_extrusion_normal_0556.jpg,0.796328,0.877785,1.000000,否
22,train/images/nozzle_extrusion_normal_0513.jpg,val/images/nozzle_extrusion_normal_0351.jpg,0.740358,0.782950,1.000000,否
22,train/images/nozzle_extrusion_normal_0513.jpg,test/images/nozzle_extrusion_normal_0431.jpg,0.801253,0.846989,1.000000,否
22,train/images/nozzle_extrusion_normal_0470.jpg,val/images/nozzle_extrusion_normal_0598.jpg,0.766117,0.837963,1.000000,否
22,train/images/nozzle_extrusion_normal_0470.jpg,train/images/nozzle_extrusion_normal_0391.jpg,0.780004,0.872260,1.000000,否
22,train/images/nozzle_extrusion_normal_0470.jpg,train/images/nozzle_extrusion_normal_0556.jpg,0.795789,0.840627,1.000000,否
22,train/images/nozzle_extrusion_normal_0470.jpg,val/images/nozzle_extrusion_normal_0351.jpg,0.772016,0.836447,1.000000,否
22,train/images/nozzle_extrusion_normal_0470.jpg,test/images/nozzle_extrusion_normal_0431.jpg,0.790158,0.859344,1.000000,否
22,val/images/nozzle_extrusion_normal_0598.jpg,train/images/nozzle_extrusion_normal_0391.jpg,0.735123,0.797627,1.000000,否
22,val/images/nozzle_extrusion_normal_0598.jpg,train/images/nozzle_extrusion_normal_0556.jpg,0.812097,0.896152,1.000000,否
22,val/images/nozzle_extrusion_normal_0598.jpg,val/images/nozzle_extrusion_normal_0351.jpg,0.695183,0.781646,1.000000,否
22,val/images/nozzle_extrusion_normal_0598.jpg,test/images/nozzle_extrusion_normal_0431.jpg,0.753187,0.857223,1.000000,否
22,train/images/nozzle_extrusion_normal_0391.jpg,train/images/nozzle_extrusion_normal_0556.jpg,0.758985,0.813084,1.000000,否
22,train/images/nozzle_extrusion_normal_0391.jpg,val/images/nozzle_extrusion_normal_0351.jpg,0.814321,0.871835,1.000000,否
22,train/images/nozzle_extrusion_normal_0391.jpg,test/images/nozzle_extrusion_normal_0431.jpg,0.817145,0.843983,1.000000,否
22,train/images/nozzle_extrusion_normal_0556.jpg,val/images/nozzle_extrusion_normal_0351.jpg,0.727454,0.793004,1.000000,否
22,train/images/nozzle_extrusion_normal_0556.jpg,test/images/nozzle_extrusion_normal_0431.jpg,0.770285,0.888728,1.000000,否
22,val/images/nozzle_extrusion_normal_0351.jpg,test/images/nozzle_extrusion_normal_0431.jpg,0.809474,0.847947,1.000000,否
23,train/images/nozzle_no_extrusion_0068.jpg,test/images/nozzle_no_extrusion_0010.jpg,0.617374,0.701532,0.882721,否
23,train/images/nozzle_no_extrusion_0068.jpg,val/images/nozzle_no_extrusion_0012.jpg,0.710062,0.705791,0.886631,否
23,train/images/nozzle_no_extrusion_0068.jpg,train/images/nozzle_no_extrusion_0011.jpg,0.849689,0.873502,0.884645,否
23,train/images/nozzle_no_extrusion_0068.jpg,val/images/nozzle_no_extrusion_0069.jpg,0.631359,0.776518,0.997871,否
23,train/images/nozzle_no_extrusion_0068.jpg,train/images/nozzle_no_extrusion_0067.jpg,0.625855,0.783613,0.997937,否
23,train/images/nozzle_no_extrusion_0068.jpg,train/images/nozzle_no_extrusion_0013.jpg,0.674973,0.749401,0.888604,否
23,test/images/nozzle_no_extrusion_0010.jpg,val/images/nozzle_no_extrusion_0012.jpg,0.611388,0.740615,0.995446,否
23,test/images/nozzle_no_extrusion_0010.jpg,train/images/nozzle_no_extrusion_0011.jpg,0.620358,0.753952,0.997752,否
23,test/images/nozzle_no_extrusion_0010.jpg,val/images/nozzle_no_extrusion_0069.jpg,0.938936,0.813875,0.880906,否
23,test/images/nozzle_no_extrusion_0010.jpg,train/images/nozzle_no_extrusion_0067.jpg,0.873756,0.866347,0.884485,否
23,test/images/nozzle_no_extrusion_0010.jpg,train/images/nozzle_no_extrusion_0013.jpg,0.733494,0.813958,0.993169,否
23,val/images/nozzle_no_extrusion_0012.jpg,train/images/nozzle_no_extrusion_0011.jpg,0.629761,0.732265,0.997687,否
23,val/images/nozzle_no_extrusion_0012.jpg,val/images/nozzle_no_extrusion_0069.jpg,0.610575,0.705881,0.884805,否
23,val/images/nozzle_no_extrusion_0012.jpg,train/images/nozzle_no_extrusion_0067.jpg,0.618964,0.714254,0.888405,否
23,val/images/nozzle_no_extrusion_0012.jpg,train/images/nozzle_no_extrusion_0013.jpg,0.634810,0.747537,0.997710,否
23,train/images/nozzle_no_extrusion_0011.jpg,val/images/nozzle_no_extrusion_0069.jpg,0.630428,0.689996,0.882825,否
23,train/images/nozzle_no_extrusion_0011.jpg,train/images/nozzle_no_extrusion_0067.jpg,0.677803,0.706751,0.886414,否
23,train/images/nozzle_no_extrusion_0011.jpg,train/images/nozzle_no_extrusion_0013.jpg,0.829357,0.825012,0.995404,否
23,val/images/nozzle_no_extrusion_0069.jpg,train/images/nozzle_no_extrusion_0067.jpg,0.884701,0.909976,0.995813,否
23,val/images/nozzle_no_extrusion_0069.jpg,train/images/nozzle_no_extrusion_0013.jpg,0.736827,0.714658,0.886773,否
23,train/images/nozzle_no_extrusion_0067.jpg,train/images/nozzle_no_extrusion_0013.jpg,0.887484,0.780970,0.890370,否
24,val/images/nozzle_tip_wrapped_0225.jpg,test/images/nozzle_tip_wrapped_0229.jpg,0.750174,0.542055,1.000000,否
24,val/images/nozzle_tip_wrapped_0225.jpg,train/images/nozzle_tip_wrapped_0224.jpg,0.831836,0.621543,1.000000,否
24,val/images/nozzle_tip_wrapped_0225.jpg,train/images/nozzle_tip_wrapped_0226.jpg,0.868943,0.759108,1.000000,否
24,val/images/nozzle_tip_wrapped_0225.jpg,train/images/nozzle_tip_wrapped_0227.jpg,0.822436,0.703856,1.000000,否
24,val/images/nozzle_tip_wrapped_0225.jpg,train/images/nozzle_tip_wrapped_0228.jpg,0.758916,0.602756,1.000000,否
24,val/images/nozzle_tip_wrapped_0225.jpg,test/images/nozzle_tip_wrapped_0223.jpg,0.760891,0.544044,1.000000,否
24,test/images/nozzle_tip_wrapped_0229.jpg,train/images/nozzle_tip_wrapped_0224.jpg,0.820355,0.651513,1.000000,否
24,test/images/nozzle_tip_wrapped_0229.jpg,train/images/nozzle_tip_wrapped_0226.jpg,0.768185,0.556795,1.000000,否
24,test/images/nozzle_tip_wrapped_0229.jpg,train/images/nozzle_tip_wrapped_0227.jpg,0.788437,0.578060,1.000000,否
24,test/images/nozzle_tip_wrapped_0229.jpg,train/images/nozzle_tip_wrapped_0228.jpg,0.865684,0.704931,1.000000,否
24,test/images/nozzle_tip_wrapped_0229.jpg,test/images/nozzle_tip_wrapped_0223.jpg,0.794520,0.591852,1.000000,否
24,train/images/nozzle_tip_wrapped_0224.jpg,train/images/nozzle_tip_wrapped_0226.jpg,0.868750,0.655086,1.000000,否
24,train/images/nozzle_tip_wrapped_0224.jpg,train/images/nozzle_tip_wrapped_0227.jpg,0.824827,0.621970,1.000000,否
24,train/images/nozzle_tip_wrapped_0224.jpg,train/images/nozzle_tip_wrapped_0228.jpg,0.801704,0.658935,1.000000,否
24,train/images/nozzle_tip_wrapped_0224.jpg,test/images/nozzle_tip_wrapped_0223.jpg,0.850755,0.671480,1.000000,否
24,train/images/nozzle_tip_wrapped_0226.jpg,train/images/nozzle_tip_wrapped_0227.jpg,0.881576,0.768409,1.000000,否
24,train/images/nozzle_tip_wrapped_0226.jpg,train/images/nozzle_tip_wrapped_0228.jpg,0.787649,0.613079,1.000000,否
24,train/images/nozzle_tip_wrapped_0226.jpg,test/images/nozzle_tip_wrapped_0223.jpg,0.771355,0.518035,1.000000,否
24,train/images/nozzle_tip_wrapped_0227.jpg,train/images/nozzle_tip_wrapped_0228.jpg,0.850579,0.701589,1.000000,否
24,train/images/nozzle_tip_wrapped_0227.jpg,test/images/nozzle_tip_wrapped_0223.jpg,0.745079,0.546263,1.000000,否
24,train/images/nozzle_tip_wrapped_0228.jpg,test/images/nozzle_tip_wrapped_0223.jpg,0.789346,0.606839,1.000000,否
25,train/images/nozzle_tip_wrapped_0271.jpg,train/images/nozzle_tip_wrapped_0272.jpg,0.849289,0.789832,1.000000,否
25,train/images/nozzle_tip_wrapped_0271.jpg,train/images/nozzle_tip_wrapped_0275.jpg,0.733518,0.711499,1.000000,否
25,train/images/nozzle_tip_wrapped_0271.jpg,train/images/nozzle_tip_wrapped_0273.jpg,0.761956,0.697862,1.000000,否
25,train/images/nozzle_tip_wrapped_0271.jpg,test/images/nozzle_tip_wrapped_0270.jpg,0.839859,0.691758,1.000000,否
25,train/images/nozzle_tip_wrapped_0271.jpg,test/images/nozzle_tip_wrapped_0269.jpg,0.782758,0.683783,1.000000,否
25,train/images/nozzle_tip_wrapped_0271.jpg,train/images/nozzle_tip_wrapped_0274.jpg,0.739396,0.700191,1.000000,否
25,train/images/nozzle_tip_wrapped_0272.jpg,train/images/nozzle_tip_wrapped_0275.jpg,0.765230,0.773355,1.000000,否
25,train/images/nozzle_tip_wrapped_0272.jpg,train/images/nozzle_tip_wrapped_0273.jpg,0.864917,0.820144,1.000000,否
25,train/images/nozzle_tip_wrapped_0272.jpg,test/images/nozzle_tip_wrapped_0270.jpg,0.737489,0.645847,1.000000,否
25,train/images/nozzle_tip_wrapped_0272.jpg,test/images/nozzle_tip_wrapped_0269.jpg,0.688113,0.674594,1.000000,否
25,train/images/nozzle_tip_wrapped_0272.jpg,train/images/nozzle_tip_wrapped_0274.jpg,0.815523,0.767274,1.000000,否
25,train/images/nozzle_tip_wrapped_0275.jpg,train/images/nozzle_tip_wrapped_0273.jpg,0.766463,0.819866,1.000000,否
25,train/images/nozzle_tip_wrapped_0275.jpg,test/images/nozzle_tip_wrapped_0270.jpg,0.709899,0.622775,1.000000,否
25,train/images/nozzle_tip_wrapped_0275.jpg,test/images/nozzle_tip_wrapped_0269.jpg,0.679661,0.642652,1.000000,否
25,train/images/nozzle_tip_wrapped_0275.jpg,train/images/nozzle_tip_wrapped_0274.jpg,0.827883,0.898858,1.000000,否
25,train/images/nozzle_tip_wrapped_0273.jpg,test/images/nozzle_tip_wrapped_0270.jpg,0.682621,0.627303,1.000000,否
25,train/images/nozzle_tip_wrapped_0273.jpg,test/images/nozzle_tip_wrapped_0269.jpg,0.639169,0.648773,1.000000,否
25,train/images/nozzle_tip_wrapped_0273.jpg,train/images/nozzle_tip_wrapped_0274.jpg,0.853490,0.902406,1.000000,否
25,test/images/nozzle_tip_wrapped_0270.jpg,test/images/nozzle_tip_wrapped_0269.jpg,0.833461,0.633527,1.000000,否
25,test/images/nozzle_tip_wrapped_0270.jpg,train/images/nozzle_tip_wrapped_0274.jpg,0.672937,0.620306,1.000000,否
25,test/images/nozzle_tip_wrapped_0269.jpg,train/images/nozzle_tip_wrapped_0274.jpg,0.626177,0.640212,1.000000,否
26,val/images/nozzle_extrusion_normal_0466.jpg,train/images/nozzle_extrusion_normal_0426.jpg,0.822893,0.953652,1.000000,否
26,val/images/nozzle_extrusion_normal_0466.jpg,train/images/nozzle_extrusion_normal_0508.jpg,0.803131,0.948902,1.000000,否
26,val/images/nozzle_extrusion_normal_0466.jpg,train/images/nozzle_extrusion_normal_0348.jpg,0.782309,0.929279,1.000000,否
26,val/images/nozzle_extrusion_normal_0466.jpg,test/images/nozzle_extrusion_normal_0386.jpg,0.807088,0.955723,1.000000,否
26,val/images/nozzle_extrusion_normal_0466.jpg,test/images/nozzle_extrusion_normal_0314.jpg,0.769213,0.915978,1.000000,否
26,train/images/nozzle_extrusion_normal_0426.jpg,train/images/nozzle_extrusion_normal_0508.jpg,0.797332,0.947061,1.000000,否
26,train/images/nozzle_extrusion_normal_0426.jpg,train/images/nozzle_extrusion_normal_0348.jpg,0.801749,0.945583,1.000000,否
26,train/images/nozzle_extrusion_normal_0426.jpg,test/images/nozzle_extrusion_normal_0386.jpg,0.781663,0.942369,1.000000,否
26,train/images/nozzle_extrusion_normal_0426.jpg,test/images/nozzle_extrusion_normal_0314.jpg,0.784685,0.913676,1.000000,否
26,train/images/nozzle_extrusion_normal_0508.jpg,train/images/nozzle_extrusion_normal_0348.jpg,0.763014,0.925381,1.000000,否
26,train/images/nozzle_extrusion_normal_0508.jpg,test/images/nozzle_extrusion_normal_0386.jpg,0.795831,0.941265,1.000000,否
26,train/images/nozzle_extrusion_normal_0508.jpg,test/images/nozzle_extrusion_normal_0314.jpg,0.752414,0.902917,1.000000,否
26,train/images/nozzle_extrusion_normal_0348.jpg,test/images/nozzle_extrusion_normal_0386.jpg,0.794859,0.922167,1.000000,否
26,train/images/nozzle_extrusion_normal_0348.jpg,test/images/nozzle_extrusion_normal_0314.jpg,0.804406,0.923872,1.000000,否
26,test/images/nozzle_extrusion_normal_0386.jpg,test/images/nozzle_extrusion_normal_0314.jpg,0.796124,0.917771,1.000000,否
27,test/images/nozzle_extrusion_normal_0327.jpg,val/images/nozzle_extrusion_normal_0403.jpg,0.802122,0.839780,1.000000,否
27,test/images/nozzle_extrusion_normal_0327.jpg,train/images/nozzle_extrusion_normal_0483.jpg,0.733147,0.767520,1.000000,否
27,test/images/nozzle_extrusion_normal_0327.jpg,train/images/nozzle_extrusion_normal_0526.jpg,0.713194,0.711289,1.000000,否
27,test/images/nozzle_extrusion_normal_0327.jpg,train/images/nozzle_extrusion_normal_0363.jpg,0.814089,0.873338,1.000000,否
27,test/images/nozzle_extrusion_normal_0327.jpg,train/images/nozzle_extrusion_normal_0442.jpg,0.746176,0.807908,1.000000,否
27,val/images/nozzle_extrusion_normal_0403.jpg,train/images/nozzle_extrusion_normal_0483.jpg,0.780805,0.855151,1.000000,否
27,val/images/nozzle_extrusion_normal_0403.jpg,train/images/nozzle_extrusion_normal_0526.jpg,0.760591,0.839350,1.000000,否
27,val/images/nozzle_extrusion_normal_0403.jpg,train/images/nozzle_extrusion_normal_0363.jpg,0.826840,0.928150,1.000000,否
27,val/images/nozzle_extrusion_normal_0403.jpg,train/images/nozzle_extrusion_normal_0442.jpg,0.800500,0.916209,1.000000,否
27,train/images/nozzle_extrusion_normal_0483.jpg,train/images/nozzle_extrusion_normal_0526.jpg,0.832916,0.895037,1.000000,否
27,train/images/nozzle_extrusion_normal_0483.jpg,train/images/nozzle_extrusion_normal_0363.jpg,0.749395,0.825233,1.000000,否
27,train/images/nozzle_extrusion_normal_0483.jpg,train/images/nozzle_extrusion_normal_0442.jpg,0.796544,0.914183,1.000000,否
27,train/images/nozzle_extrusion_normal_0526.jpg,train/images/nozzle_extrusion_normal_0363.jpg,0.738752,0.783678,1.000000,否
27,train/images/nozzle_extrusion_normal_0526.jpg,train/images/nozzle_extrusion_normal_0442.jpg,0.771381,0.868028,1.000000,否
27,train/images/nozzle_extrusion_normal_0363.jpg,train/images/nozzle_extrusion_normal_0442.jpg,0.768587,0.862936,1.000000,否
28,train/images/nozzle_extrusion_normal_0512.jpg,train/images/nozzle_extrusion_normal_0390.jpg,0.768458,0.850071,1.000000,否
28,train/images/nozzle_extrusion_normal_0512.jpg,train/images/nozzle_extrusion_normal_0597.jpg,0.774493,0.882728,1.000000,否
28,train/images/nozzle_extrusion_normal_0512.jpg,test/images/nozzle_extrusion_normal_0469.jpg,0.766147,0.870089,1.000000,否
28,train/images/nozzle_extrusion_normal_0512.jpg,train/images/nozzle_extrusion_normal_0555.jpg,0.791188,0.889764,1.000000,否
28,train/images/nozzle_extrusion_normal_0512.jpg,train/images/nozzle_extrusion_normal_0430.jpg,0.812867,0.880664,1.000000,否
28,train/images/nozzle_extrusion_normal_0390.jpg,train/images/nozzle_extrusion_normal_0597.jpg,0.729212,0.847733,1.000000,否
28,train/images/nozzle_extrusion_normal_0390.jpg,test/images/nozzle_extrusion_normal_0469.jpg,0.779295,0.918074,1.000000,否
28,train/images/nozzle_extrusion_normal_0390.jpg,train/images/nozzle_extrusion_normal_0555.jpg,0.754078,0.884753,1.000000,否
28,train/images/nozzle_extrusion_normal_0390.jpg,train/images/nozzle_extrusion_normal_0430.jpg,0.812125,0.872656,1.000000,否
28,train/images/nozzle_extrusion_normal_0597.jpg,test/images/nozzle_extrusion_normal_0469.jpg,0.762296,0.870020,1.000000,否
28,train/images/nozzle_extrusion_normal_0597.jpg,train/images/nozzle_extrusion_normal_0555.jpg,0.805114,0.913512,1.000000,否
28,train/images/nozzle_extrusion_normal_0597.jpg,train/images/nozzle_extrusion_normal_0430.jpg,0.749221,0.891127,1.000000,否
28,test/images/nozzle_extrusion_normal_0469.jpg,train/images/nozzle_extrusion_normal_0555.jpg,0.810376,0.895882,1.000000,否
28,test/images/nozzle_extrusion_normal_0469.jpg,train/images/nozzle_extrusion_normal_0430.jpg,0.795389,0.886649,1.000000,否
28,train/images/nozzle_extrusion_normal_0555.jpg,train/images/nozzle_extrusion_normal_0430.jpg,0.764907,0.882492,1.000000,否
29,val/images/nozzle_extrusion_normal_0950.jpg,train/images/nozzle_extrusion_normal_1122.jpg,0.724307,0.891774,1.000000,否
29,val/images/nozzle_extrusion_normal_0950.jpg,train/images/nozzle_extrusion_normal_1012.jpg,0.778002,0.922529,1.000000,否
29,val/images/nozzle_extrusion_normal_0950.jpg,train/images/nozzle_extrusion_normal_0992.jpg,0.743388,0.933365,1.000000,否
29,val/images/nozzle_extrusion_normal_0950.jpg,test/images/nozzle_extrusion_normal_1076.jpg,0.735457,0.862515,1.000000,否
29,val/images/nozzle_extrusion_normal_0950.jpg,val/images/nozzle_extrusion_normal_0971.jpg,0.734079,0.926476,1.000000,否
29,train/images/nozzle_extrusion_normal_1122.jpg,train/images/nozzle_extrusion_normal_1012.jpg,0.784224,0.908116,1.000000,否
29,train/images/nozzle_extrusion_normal_1122.jpg,train/images/nozzle_extrusion_normal_0992.jpg,0.781977,0.901835,1.000000,否
29,train/images/nozzle_extrusion_normal_1122.jpg,test/images/nozzle_extrusion_normal_1076.jpg,0.814712,0.895552,1.000000,否
29,train/images/nozzle_extrusion_normal_1122.jpg,val/images/nozzle_extrusion_normal_0971.jpg,0.749697,0.876695,1.000000,否
29,train/images/nozzle_extrusion_normal_1012.jpg,train/images/nozzle_extrusion_normal_0992.jpg,0.788338,0.939423,1.000000,否
29,train/images/nozzle_extrusion_normal_1012.jpg,test/images/nozzle_extrusion_normal_1076.jpg,0.787657,0.880569,1.000000,否
29,train/images/nozzle_extrusion_normal_1012.jpg,val/images/nozzle_extrusion_normal_0971.jpg,0.761876,0.908207,1.000000,否
29,train/images/nozzle_extrusion_normal_0992.jpg,test/images/nozzle_extrusion_normal_1076.jpg,0.786837,0.877128,1.000000,否
29,train/images/nozzle_extrusion_normal_0992.jpg,val/images/nozzle_extrusion_normal_0971.jpg,0.786862,0.926534,1.000000,否
29,test/images/nozzle_extrusion_normal_1076.jpg,val/images/nozzle_extrusion_normal_0971.jpg,0.744281,0.884589,1.000000,否
30,train/images/nozzle_no_extrusion_0300.jpg,test/images/nozzle_no_extrusion_0185.jpg,0.940177,0.948559,1.000000,否
30,train/images/nozzle_no_extrusion_0300.jpg,train/images/nozzle_no_extrusion_0378.jpg,0.995988,0.969286,1.000000,是
30,train/images/nozzle_no_extrusion_0300.jpg,train/images/nozzle_no_extrusion_0225.jpg,0.766347,0.824698,1.000000,否
30,train/images/nozzle_no_extrusion_0300.jpg,train/images/nozzle_no_extrusion_0262.jpg,0.971513,0.950128,1.000000,是
30,train/images/nozzle_no_extrusion_0300.jpg,train/images/nozzle_no_extrusion_0341.jpg,0.979535,0.964330,1.000000,是
30,test/images/nozzle_no_extrusion_0185.jpg,train/images/nozzle_no_extrusion_0378.jpg,0.941502,0.948637,1.000000,否
30,test/images/nozzle_no_extrusion_0185.jpg,train/images/nozzle_no_extrusion_0225.jpg,0.820719,0.846088,1.000000,否
30,test/images/nozzle_no_extrusion_0185.jpg,train/images/nozzle_no_extrusion_0262.jpg,0.890440,0.922820,1.000000,否
30,test/images/nozzle_no_extrusion_0185.jpg,train/images/nozzle_no_extrusion_0341.jpg,0.968988,0.955491,1.000000,是
30,train/images/nozzle_no_extrusion_0378.jpg,train/images/nozzle_no_extrusion_0225.jpg,0.763471,0.818856,1.000000,否
30,train/images/nozzle_no_extrusion_0378.jpg,train/images/nozzle_no_extrusion_0262.jpg,0.972996,0.951750,1.000000,是
30,train/images/nozzle_no_extrusion_0378.jpg,train/images/nozzle_no_extrusion_0341.jpg,0.978676,0.959123,1.000000,是
30,train/images/nozzle_no_extrusion_0225.jpg,train/images/nozzle_no_extrusion_0262.jpg,0.717244,0.790913,1.000000,否
30,train/images/nozzle_no_extrusion_0225.jpg,train/images/nozzle_no_extrusion_0341.jpg,0.819794,0.849116,1.000000,否
30,train/images/nozzle_no_extrusion_0262.jpg,train/images/nozzle_no_extrusion_0341.jpg,0.922995,0.925398,1.000000,否
31,train/images/nozzle_no_extrusion_0176.jpg,train/images/nozzle_no_extrusion_0290.jpg,0.919499,0.919017,1.000000,否
31,train/images/nozzle_no_extrusion_0176.jpg,train/images/nozzle_no_extrusion_0331.jpg,0.916219,0.917536,1.000000,否
31,train/images/nozzle_no_extrusion_0176.jpg,val/images/nozzle_no_extrusion_0253.jpg,0.933425,0.928387,1.000000,否
31,train/images/nozzle_no_extrusion_0176.jpg,train/images/nozzle_no_extrusion_0175.jpg,0.754400,0.805864,1.000000,否
31,train/images/nozzle_no_extrusion_0176.jpg,test/images/nozzle_no_extrusion_0368.jpg,0.914644,0.913269,1.000000,否
31,train/images/nozzle_no_extrusion_0290.jpg,train/images/nozzle_no_extrusion_0331.jpg,0.989156,0.974839,1.000000,是
31,train/images/nozzle_no_extrusion_0290.jpg,val/images/nozzle_no_extrusion_0253.jpg,0.992594,0.964520,1.000000,是
31,train/images/nozzle_no_extrusion_0290.jpg,train/images/nozzle_no_extrusion_0175.jpg,0.726417,0.772208,1.000000,否
31,train/images/nozzle_no_extrusion_0290.jpg,test/images/nozzle_no_extrusion_0368.jpg,0.992892,0.973621,1.000000,是
31,train/images/nozzle_no_extrusion_0331.jpg,val/images/nozzle_no_extrusion_0253.jpg,0.987414,0.962605,1.000000,是
31,train/images/nozzle_no_extrusion_0331.jpg,train/images/nozzle_no_extrusion_0175.jpg,0.715586,0.765420,1.000000,否
31,train/images/nozzle_no_extrusion_0331.jpg,test/images/nozzle_no_extrusion_0368.jpg,0.992491,0.979439,1.000000,是
31,val/images/nozzle_no_extrusion_0253.jpg,train/images/nozzle_no_extrusion_0175.jpg,0.736630,0.795008,1.000000,否
31,val/images/nozzle_no_extrusion_0253.jpg,test/images/nozzle_no_extrusion_0368.jpg,0.990651,0.960712,1.000000,是
31,train/images/nozzle_no_extrusion_0175.jpg,test/images/nozzle_no_extrusion_0368.jpg,0.717948,0.763493,1.000000,否
32,train/images/nozzle_no_extrusion_0257.jpg,train/images/nozzle_no_extrusion_0336.jpg,0.846634,0.913563,1.000000,否
32,train/images/nozzle_no_extrusion_0257.jpg,train/images/nozzle_no_extrusion_0220.jpg,0.938120,0.938350,1.000000,否
32,train/images/nozzle_no_extrusion_0257.jpg,train/images/nozzle_no_extrusion_0296.jpg,0.836604,0.890732,1.000000,否
32,train/images/nozzle_no_extrusion_0257.jpg,test/images/nozzle_no_extrusion_0373.jpg,0.856588,0.910497,1.000000,否
32,train/images/nozzle_no_extrusion_0257.jpg,train/images/nozzle_no_extrusion_0180.jpg,0.812682,0.863675,1.000000,否
32,train/images/nozzle_no_extrusion_0336.jpg,train/images/nozzle_no_extrusion_0220.jpg,0.840470,0.924752,1.000000,否
32,train/images/nozzle_no_extrusion_0336.jpg,train/images/nozzle_no_extrusion_0296.jpg,0.820818,0.887305,1.000000,否
32,train/images/nozzle_no_extrusion_0336.jpg,test/images/nozzle_no_extrusion_0373.jpg,0.977453,0.966839,1.000000,是
32,train/images/nozzle_no_extrusion_0336.jpg,train/images/nozzle_no_extrusion_0180.jpg,0.773301,0.850502,1.000000,否
32,train/images/nozzle_no_extrusion_0220.jpg,train/images/nozzle_no_extrusion_0296.jpg,0.829387,0.907566,1.000000,否
32,train/images/nozzle_no_extrusion_0220.jpg,test/images/nozzle_no_extrusion_0373.jpg,0.852429,0.919862,1.000000,否
32,train/images/nozzle_no_extrusion_0220.jpg,train/images/nozzle_no_extrusion_0180.jpg,0.810416,0.855893,1.000000,否
32,train/images/nozzle_no_extrusion_0296.jpg,test/images/nozzle_no_extrusion_0373.jpg,0.813447,0.891921,1.000000,否
32,train/images/nozzle_no_extrusion_0296.jpg,train/images/nozzle_no_extrusion_0180.jpg,0.780361,0.857253,1.000000,否
32,test/images/nozzle_no_extrusion_0373.jpg,train/images/nozzle_no_extrusion_0180.jpg,0.785098,0.847152,1.000000,否
33,train/images/nozzle_tip_wrapped_0085.jpg,test/images/nozzle_tip_wrapped_0084.jpg,0.836826,0.738051,1.000000,否
33,train/images/nozzle_tip_wrapped_0085.jpg,train/images/nozzle_tip_wrapped_0081.jpg,0.638478,0.590525,1.000000,否
33,train/images/nozzle_tip_wrapped_0085.jpg,test/images/nozzle_tip_wrapped_0083.jpg,0.745748,0.578380,1.000000,否
33,train/images/nozzle_tip_wrapped_0085.jpg,train/images/nozzle_tip_wrapped_0082.jpg,0.713400,0.604273,1.000000,否
33,train/images/nozzle_tip_wrapped_0085.jpg,train/images/nozzle_tip_wrapped_0086.jpg,0.851261,0.630192,1.000000,否
33,test/images/nozzle_tip_wrapped_0084.jpg,train/images/nozzle_tip_wrapped_0081.jpg,0.665691,0.607443,1.000000,否
33,test/images/nozzle_tip_wrapped_0084.jpg,test/images/nozzle_tip_wrapped_0083.jpg,0.874464,0.666678,1.000000,否
33,test/images/nozzle_tip_wrapped_0084.jpg,train/images/nozzle_tip_wrapped_0082.jpg,0.745579,0.626133,1.000000,否
33,test/images/nozzle_tip_wrapped_0084.jpg,train/images/nozzle_tip_wrapped_0086.jpg,0.739115,0.543412,1.000000,否
33,train/images/nozzle_tip_wrapped_0081.jpg,test/images/nozzle_tip_wrapped_0083.jpg,0.713354,0.680665,1.000000,否
33,train/images/nozzle_tip_wrapped_0081.jpg,train/images/nozzle_tip_wrapped_0082.jpg,0.845713,0.834426,1.000000,否
33,train/images/nozzle_tip_wrapped_0081.jpg,train/images/nozzle_tip_wrapped_0086.jpg,0.618100,0.501288,1.000000,否
33,test/images/nozzle_tip_wrapped_0083.jpg,train/images/nozzle_tip_wrapped_0082.jpg,0.841387,0.791690,1.000000,否
33,test/images/nozzle_tip_wrapped_0083.jpg,train/images/nozzle_tip_wrapped_0086.jpg,0.704129,0.516514,1.000000,否
33,train/images/nozzle_tip_wrapped_0082.jpg,train/images/nozzle_tip_wrapped_0086.jpg,0.682645,0.516131,1.000000,否
34,train/images/nozzle_extrusion_normal_0779.jpg,test/images/nozzle_extrusion_normal_0746.jpg,0.736142,0.754979,1.000000,否
34,train/images/nozzle_extrusion_normal_0779.jpg,train/images/nozzle_extrusion_normal_0811.jpg,0.782102,0.852765,1.000000,否
34,train/images/nozzle_extrusion_normal_0779.jpg,train/images/nozzle_extrusion_normal_0762.jpg,0.797788,0.807692,1.000000,否
34,train/images/nozzle_extrusion_normal_0779.jpg,train/images/nozzle_extrusion_normal_0828.jpg,0.745575,0.809043,1.000000,否
34,test/images/nozzle_extrusion_normal_0746.jpg,train/images/nozzle_extrusion_normal_0811.jpg,0.689506,0.732436,1.000000,否
34,test/images/nozzle_extrusion_normal_0746.jpg,train/images/nozzle_extrusion_normal_0762.jpg,0.772857,0.755297,1.000000,否
34,test/images/nozzle_extrusion_normal_0746.jpg,train/images/nozzle_extrusion_normal_0828.jpg,0.675745,0.704386,1.000000,否
34,train/images/nozzle_extrusion_normal_0811.jpg,train/images/nozzle_extrusion_normal_0762.jpg,0.742382,0.820347,1.000000,否
34,train/images/nozzle_extrusion_normal_0811.jpg,train/images/nozzle_extrusion_normal_0828.jpg,0.790926,0.887306,1.000000,否
34,train/images/nozzle_extrusion_normal_0762.jpg,train/images/nozzle_extrusion_normal_0828.jpg,0.720972,0.790057,1.000000,否
35,train/images/nozzle_extrusion_normal_0880.jpg,test/images/nozzle_extrusion_normal_0901.jpg,0.802967,0.750839,1.000000,否
35,train/images/nozzle_extrusion_normal_0880.jpg,train/images/nozzle_extrusion_normal_0899.jpg,0.762643,0.858875,1.000000,否
35,train/images/nozzle_extrusion_normal_0880.jpg,test/images/nozzle_extrusion_normal_0862.jpg,0.806108,0.808247,1.000000,否
35,train/images/nozzle_extrusion_normal_0880.jpg,train/images/nozzle_extrusion_normal_0845.jpg,0.747409,0.700278,1.000000,否
35,test/images/nozzle_extrusion_normal_0901.jpg,train/images/nozzle_extrusion_normal_0899.jpg,0.791831,0.689353,1.000000,否
35,test/images/nozzle_extrusion_normal_0901.jpg,test/images/nozzle_extrusion_normal_0862.jpg,0.756971,0.691470,1.000000,否
35,test/images/nozzle_extrusion_normal_0901.jpg,train/images/nozzle_extrusion_normal_0845.jpg,0.739772,0.728892,1.000000,否
35,train/images/nozzle_extrusion_normal_0899.jpg,test/images/nozzle_extrusion_normal_0862.jpg,0.739860,0.814533,1.000000,否
35,train/images/nozzle_extrusion_normal_0899.jpg,train/images/nozzle_extrusion_normal_0845.jpg,0.682379,0.665762,1.000000,否
35,test/images/nozzle_extrusion_normal_0862.jpg,train/images/nozzle_extrusion_normal_0845.jpg,0.784530,0.712693,1.000000,否
36,test/images/nozzle_extrusion_normal_0982.jpg,test/images/nozzle_extrusion_normal_0883.jpg,0.716703,0.911103,1.000000,否
36,test/images/nozzle_extrusion_normal_0982.jpg,val/images/nozzle_extrusion_normal_0941.jpg,0.800938,0.927731,1.000000,否
36,test/images/nozzle_extrusion_normal_0982.jpg,train/images/nozzle_extrusion_normal_0904.jpg,0.744235,0.915794,1.000000,否
36,test/images/nozzle_extrusion_normal_0982.jpg,val/images/nozzle_extrusion_normal_0961.jpg,0.830896,0.933199,1.000000,否
36,test/images/nozzle_extrusion_normal_0883.jpg,val/images/nozzle_extrusion_normal_0941.jpg,0.758155,0.923879,1.000000,否
36,test/images/nozzle_extrusion_normal_0883.jpg,train/images/nozzle_extrusion_normal_0904.jpg,0.823351,0.918996,1.000000,否
36,test/images/nozzle_extrusion_normal_0883.jpg,val/images/nozzle_extrusion_normal_0961.jpg,0.718352,0.917493,1.000000,否
36,val/images/nozzle_extrusion_normal_0941.jpg,train/images/nozzle_extrusion_normal_0904.jpg,0.795604,0.921735,1.000000,否
36,val/images/nozzle_extrusion_normal_0941.jpg,val/images/nozzle_extrusion_normal_0961.jpg,0.802379,0.923670,1.000000,否
36,train/images/nozzle_extrusion_normal_0904.jpg,val/images/nozzle_extrusion_normal_0961.jpg,0.741657,0.921018,1.000000,否
37,train/images/nozzle_extrusion_normal_0902.jpg,test/images/nozzle_extrusion_normal_0919.jpg,0.742449,0.750864,1.000000,否
37,train/images/nozzle_extrusion_normal_0902.jpg,train/images/nozzle_extrusion_normal_0879.jpg,0.800094,0.742026,1.000000,否
37,train/images/nozzle_extrusion_normal_0902.jpg,train/images/nozzle_extrusion_normal_0898.jpg,0.789357,0.728741,1.000000,否
37,train/images/nozzle_extrusion_normal_0902.jpg,train/images/nozzle_extrusion_normal_0881.jpg,0.849414,0.905847,1.000000,否
37,test/images/nozzle_extrusion_normal_0919.jpg,train/images/nozzle_extrusion_normal_0879.jpg,0.758333,0.923871,1.000000,否
37,test/images/nozzle_extrusion_normal_0919.jpg,train/images/nozzle_extrusion_normal_0898.jpg,0.823411,0.918474,1.000000,否
37,test/images/nozzle_extrusion_normal_0919.jpg,train/images/nozzle_extrusion_normal_0881.jpg,0.694829,0.743002,1.000000,否
37,train/images/nozzle_extrusion_normal_0879.jpg,train/images/nozzle_extrusion_normal_0898.jpg,0.811819,0.908983,1.000000,否
37,train/images/nozzle_extrusion_normal_0879.jpg,train/images/nozzle_extrusion_normal_0881.jpg,0.762468,0.753546,1.000000,否
37,train/images/nozzle_extrusion_normal_0898.jpg,train/images/nozzle_extrusion_normal_0881.jpg,0.745664,0.739453,1.000000,否
38,val/images/nozzle_extrusion_normal_0997.jpg,train/images/nozzle_extrusion_normal_1022.jpg,0.803745,0.715269,1.000000,否
38,val/images/nozzle_extrusion_normal_0997.jpg,train/images/nozzle_extrusion_normal_0936.jpg,0.772881,0.914703,1.000000,否
38,val/images/nozzle_extrusion_normal_0997.jpg,test/images/nozzle_extrusion_normal_0955.jpg,0.818466,0.904228,1.000000,否
38,val/images/nozzle_extrusion_normal_0997.jpg,train/images/nozzle_extrusion_normal_0976.jpg,0.844136,0.915799,1.000000,否
38,train/images/nozzle_extrusion_normal_1022.jpg,train/images/nozzle_extrusion_normal_0936.jpg,0.771319,0.715981,1.000000,否
38,train/images/nozzle_extrusion_normal_1022.jpg,test/images/nozzle_extrusion_normal_0955.jpg,0.810003,0.718447,1.000000,否
38,train/images/nozzle_extrusion_normal_1022.jpg,train/images/nozzle_extrusion_normal_0976.jpg,0.813008,0.722875,1.000000,否
38,train/images/nozzle_extrusion_normal_0936.jpg,test/images/nozzle_extrusion_normal_0955.jpg,0.822544,0.925924,1.000000,否
38,train/images/nozzle_extrusion_normal_0936.jpg,train/images/nozzle_extrusion_normal_0976.jpg,0.789400,0.921810,1.000000,否
38,test/images/nozzle_extrusion_normal_0955.jpg,train/images/nozzle_extrusion_normal_0976.jpg,0.866818,0.938143,1.000000,否
39,test/images/nozzle_no_extrusion_0250.jpg,train/images/nozzle_no_extrusion_0324.jpg,0.813819,0.890717,1.000000,否
39,test/images/nozzle_no_extrusion_0250.jpg,train/images/nozzle_no_extrusion_0365.jpg,0.983965,0.959498,1.000000,是
39,test/images/nozzle_no_extrusion_0250.jpg,val/images/nozzle_no_extrusion_0286.jpg,0.861161,0.925978,1.000000,否
39,test/images/nozzle_no_extrusion_0250.jpg,train/images/nozzle_no_extrusion_0211.jpg,0.822033,0.878368,1.000000,否
39,train/images/nozzle_no_extrusion_0324.jpg,train/images/nozzle_no_extrusion_0365.jpg,0.808535,0.883820,1.000000,否
39,train/images/nozzle_no_extrusion_0324.jpg,val/images/nozzle_no_extrusion_0286.jpg,0.824281,0.918427,1.000000,否
39,train/images/nozzle_no_extrusion_0324.jpg,train/images/nozzle_no_extrusion_0211.jpg,0.946784,0.954364,1.000000,否
39,train/images/nozzle_no_extrusion_0365.jpg,val/images/nozzle_no_extrusion_0286.jpg,0.848092,0.917288,1.000000,否
39,train/images/nozzle_no_extrusion_0365.jpg,train/images/nozzle_no_extrusion_0211.jpg,0.814263,0.863757,1.000000,否
39,val/images/nozzle_no_extrusion_0286.jpg,train/images/nozzle_no_extrusion_0211.jpg,0.833037,0.906336,1.000000,否
40,train/images/nozzle_tip_wrapped_0068.jpg,train/images/nozzle_tip_wrapped_0069.jpg,0.836760,0.525994,1.000000,否
40,train/images/nozzle_tip_wrapped_0068.jpg,val/images/nozzle_tip_wrapped_0067.jpg,0.828034,0.462264,1.000000,否
40,train/images/nozzle_tip_wrapped_0068.jpg,test/images/nozzle_tip_wrapped_0071.jpg,0.761143,0.475120,1.000000,否
40,train/images/nozzle_tip_wrapped_0068.jpg,train/images/nozzle_tip_wrapped_0070.jpg,0.745674,0.469067,1.000000,否
40,train/images/nozzle_tip_wrapped_0069.jpg,val/images/nozzle_tip_wrapped_0067.jpg,0.812079,0.449152,1.000000,否
40,train/images/nozzle_tip_wrapped_0069.jpg,test/images/nozzle_tip_wrapped_0071.jpg,0.861578,0.551034,1.000000,否
40,train/images/nozzle_tip_wrapped_0069.jpg,train/images/nozzle_tip_wrapped_0070.jpg,0.850695,0.568844,1.000000,否
40,val/images/nozzle_tip_wrapped_0067.jpg,test/images/nozzle_tip_wrapped_0071.jpg,0.708676,0.320754,1.000000,否
40,val/images/nozzle_tip_wrapped_0067.jpg,train/images/nozzle_tip_wrapped_0070.jpg,0.738341,0.528168,1.000000,否
40,test/images/nozzle_tip_wrapped_0071.jpg,train/images/nozzle_tip_wrapped_0070.jpg,0.842786,0.494793,1.000000,否
41,val/images/nozzle_tip_wrapped_0180.jpg,train/images/nozzle_tip_wrapped_0191.jpg,0.811470,0.549744,1.000000,否
41,val/images/nozzle_tip_wrapped_0180.jpg,test/images/nozzle_tip_wrapped_0192.jpg,0.877820,0.582421,1.000000,否
41,val/images/nozzle_tip_wrapped_0180.jpg,train/images/nozzle_tip_wrapped_0193.jpg,0.763597,0.592932,1.000000,否
41,val/images/nozzle_tip_wrapped_0180.jpg,train/images/nozzle_tip_wrapped_0184.jpg,0.806974,0.639080,1.000000,否
41,train/images/nozzle_tip_wrapped_0191.jpg,test/images/nozzle_tip_wrapped_0192.jpg,0.870515,0.725537,1.000000,否
41,train/images/nozzle_tip_wrapped_0191.jpg,train/images/nozzle_tip_wrapped_0193.jpg,0.857616,0.586884,1.000000,否
41,train/images/nozzle_tip_wrapped_0191.jpg,train/images/nozzle_tip_wrapped_0184.jpg,0.856499,0.597973,1.000000,否
41,test/images/nozzle_tip_wrapped_0192.jpg,train/images/nozzle_tip_wrapped_0193.jpg,0.823623,0.589673,1.000000,否
41,test/images/nozzle_tip_wrapped_0192.jpg,train/images/nozzle_tip_wrapped_0184.jpg,0.800368,0.585336,1.000000,否
41,train/images/nozzle_tip_wrapped_0193.jpg,train/images/nozzle_tip_wrapped_0184.jpg,0.844930,0.537382,1.000000,否
42,train/images/nozzle_tip_wrapped_0450.jpg,train/images/nozzle_tip_wrapped_0449.jpg,0.823464,0.868124,1.000000,否
42,train/images/nozzle_tip_wrapped_0450.jpg,train/images/nozzle_tip_wrapped_0451.jpg,0.870012,0.925279,1.000000,否
42,train/images/nozzle_tip_wrapped_0450.jpg,train/images/nozzle_tip_wrapped_0448.jpg,0.735999,0.873042,1.000000,否
42,train/images/nozzle_tip_wrapped_0450.jpg,test/images/nozzle_tip_wrapped_0452.jpg,0.754463,0.888707,1.000000,否
42,train/images/nozzle_tip_wrapped_0449.jpg,train/images/nozzle_tip_wrapped_0451.jpg,0.881649,0.873295,1.000000,否
42,train/images/nozzle_tip_wrapped_0449.jpg,train/images/nozzle_tip_wrapped_0448.jpg,0.844412,0.968769,1.000000,否
42,train/images/nozzle_tip_wrapped_0449.jpg,test/images/nozzle_tip_wrapped_0452.jpg,0.836062,0.967530,1.000000,否
42,train/images/nozzle_tip_wrapped_0451.jpg,train/images/nozzle_tip_wrapped_0448.jpg,0.808221,0.882278,1.000000,否
42,train/images/nozzle_tip_wrapped_0451.jpg,test/images/nozzle_tip_wrapped_0452.jpg,0.820781,0.886013,1.000000,否
42,train/images/nozzle_tip_wrapped_0448.jpg,test/images/nozzle_tip_wrapped_0452.jpg,0.779035,0.959665,1.000000,否
43,train/images/nozzle_extrusion_normal_0365.jpg,val/images/nozzle_extrusion_normal_0296.jpg,0.773342,0.825866,1.000000,否
43,train/images/nozzle_extrusion_normal_0365.jpg,train/images/nozzle_extrusion_normal_0265.jpg,0.723447,0.716984,1.000000,否
43,train/images/nozzle_extrusion_normal_0365.jpg,val/images/nozzle_extrusion_normal_0329.jpg,0.830851,0.862981,1.000000,否
43,train/images/nozzle_extrusion_normal_0365.jpg,train/images/nozzle_extrusion_normal_0405.jpg,0.829218,0.882156,1.000000,否
43,val/images/nozzle_extrusion_normal_0296.jpg,train/images/nozzle_extrusion_normal_0265.jpg,0.790223,0.869980,1.000000,否
43,val/images/nozzle_extrusion_normal_0296.jpg,val/images/nozzle_extrusion_normal_0329.jpg,0.788657,0.905438,1.000000,否
43,val/images/nozzle_extrusion_normal_0296.jpg,train/images/nozzle_extrusion_normal_0405.jpg,0.742596,0.762971,1.000000,否
43,train/images/nozzle_extrusion_normal_0265.jpg,val/images/nozzle_extrusion_normal_0329.jpg,0.726357,0.797268,1.000000,否
43,train/images/nozzle_extrusion_normal_0265.jpg,train/images/nozzle_extrusion_normal_0405.jpg,0.695842,0.668629,1.000000,否
43,val/images/nozzle_extrusion_normal_0329.jpg,train/images/nozzle_extrusion_normal_0405.jpg,0.796767,0.810468,1.000000,否
44,train/images/nozzle_no_extrusion_0362.jpg,train/images/nozzle_no_extrusion_0247.jpg,0.975457,0.958820,1.000000,是
44,train/images/nozzle_no_extrusion_0362.jpg,val/images/nozzle_no_extrusion_0208.jpg,0.820457,0.918128,1.000000,否
44,train/images/nozzle_no_extrusion_0362.jpg,train/images/nozzle_no_extrusion_0321.jpg,0.987775,0.970343,1.000000,是
44,train/images/nozzle_no_extrusion_0362.jpg,train/images/nozzle_no_extrusion_0283.jpg,0.979971,0.968614,1.000000,是
44,train/images/nozzle_no_extrusion_0247.jpg,val/images/nozzle_no_extrusion_0208.jpg,0.818174,0.925034,1.000000,否
44,train/images/nozzle_no_extrusion_0247.jpg,train/images/nozzle_no_extrusion_0321.jpg,0.980823,0.967257,1.000000,是
44,train/images/nozzle_no_extrusion_0247.jpg,train/images/nozzle_no_extrusion_0283.jpg,0.955164,0.965967,1.000000,是
44,val/images/nozzle_no_extrusion_0208.jpg,train/images/nozzle_no_extrusion_0321.jpg,0.818673,0.919943,1.000000,否
44,val/images/nozzle_no_extrusion_0208.jpg,train/images/nozzle_no_extrusion_0283.jpg,0.815437,0.923306,1.000000,否
44,train/images/nozzle_no_extrusion_0321.jpg,train/images/nozzle_no_extrusion_0283.jpg,0.980792,0.972518,1.000000,是
45,test/images/nozzle_extrusion_normal_0137.jpg,train/images/nozzle_extrusion_normal_0117.jpg,0.802511,0.965594,1.000000,否
45,test/images/nozzle_extrusion_normal_0137.jpg,train/images/nozzle_extrusion_normal_0205.jpg,0.779817,0.942318,1.000000,否
45,test/images/nozzle_extrusion_normal_0137.jpg,train/images/nozzle_extrusion_normal_0232.jpg,0.756560,0.935921,1.000000,否
45,train/images/nozzle_extrusion_normal_0117.jpg,train/images/nozzle_extrusion_normal_0205.jpg,0.799680,0.941025,1.000000,否
45,train/images/nozzle_extrusion_normal_0117.jpg,train/images/nozzle_extrusion_normal_0232.jpg,0.783375,0.931167,1.000000,否
45,train/images/nozzle_extrusion_normal_0205.jpg,train/images/nozzle_extrusion_normal_0232.jpg,0.822845,0.936220,1.000000,否
46,test/images/nozzle_extrusion_normal_0178.jpg,train/images/nozzle_extrusion_normal_0156.jpg,0.765788,0.953549,1.000000,否
46,test/images/nozzle_extrusion_normal_0178.jpg,val/images/nozzle_extrusion_normal_0203.jpg,0.787875,0.949384,1.000000,否
46,test/images/nozzle_extrusion_normal_0178.jpg,train/images/nozzle_extrusion_normal_0229.jpg,0.794116,0.949776,1.000000,否
46,train/images/nozzle_extrusion_normal_0156.jpg,val/images/nozzle_extrusion_normal_0203.jpg,0.786788,0.955512,1.000000,否
46,train/images/nozzle_extrusion_normal_0156.jpg,train/images/nozzle_extrusion_normal_0229.jpg,0.746654,0.956604,1.000000,否
46,val/images/nozzle_extrusion_normal_0203.jpg,train/images/nozzle_extrusion_normal_0229.jpg,0.787869,0.962644,1.000000,否
47,test/images/nozzle_extrusion_normal_0487.jpg,train/images/nozzle_extrusion_normal_0446.jpg,0.796542,0.953373,1.000000,否
47,test/images/nozzle_extrusion_normal_0487.jpg,val/images/nozzle_extrusion_normal_0407.jpg,0.773197,0.907134,1.000000,否
47,test/images/nozzle_extrusion_normal_0487.jpg,val/images/nozzle_extrusion_normal_0367.jpg,0.739197,0.832976,1.000000,否
47,train/images/nozzle_extrusion_normal_0446.jpg,val/images/nozzle_extrusion_normal_0407.jpg,0.812643,0.932271,1.000000,否
47,train/images/nozzle_extrusion_normal_0446.jpg,val/images/nozzle_extrusion_normal_0367.jpg,0.774299,0.849024,1.000000,否
47,val/images/nozzle_extrusion_normal_0407.jpg,val/images/nozzle_extrusion_normal_0367.jpg,0.811746,0.893487,1.000000,否
48,train/images/nozzle_extrusion_normal_0486.jpg,train/images/nozzle_extrusion_normal_0572.jpg,0.752066,0.886617,1.000000,否
48,train/images/nozzle_extrusion_normal_0486.jpg,val/images/nozzle_extrusion_normal_0445.jpg,0.791642,0.939280,1.000000,否
48,train/images/nozzle_extrusion_normal_0486.jpg,test/images/nozzle_extrusion_normal_0529.jpg,0.818082,0.913134,1.000000,否
48,train/images/nozzle_extrusion_normal_0572.jpg,val/images/nozzle_extrusion_normal_0445.jpg,0.724321,0.863704,1.000000,否
48,train/images/nozzle_extrusion_normal_0572.jpg,test/images/nozzle_extrusion_normal_0529.jpg,0.788266,0.889547,1.000000,否
48,val/images/nozzle_extrusion_normal_0445.jpg,test/images/nozzle_extrusion_normal_0529.jpg,0.760571,0.892367,1.000000,否
49,val/images/nozzle_extrusion_normal_0780.jpg,test/images/nozzle_extrusion_normal_0795.jpg,0.818062,0.892713,1.000000,否
49,val/images/nozzle_extrusion_normal_0780.jpg,train/images/nozzle_extrusion_normal_0763.jpg,0.795816,0.865051,1.000000,否
49,val/images/nozzle_extrusion_normal_0780.jpg,test/images/nozzle_extrusion_normal_0812.jpg,0.772766,0.874077,1.000000,否
49,test/images/nozzle_extrusion_normal_0795.jpg,train/images/nozzle_extrusion_normal_0763.jpg,0.762032,0.865172,1.000000,否
49,test/images/nozzle_extrusion_normal_0795.jpg,test/images/nozzle_extrusion_normal_0812.jpg,0.818078,0.904046,1.000000,否
49,train/images/nozzle_extrusion_normal_0763.jpg,test/images/nozzle_extrusion_normal_0812.jpg,0.727016,0.844261,1.000000,否
50,train/images/nozzle_extrusion_normal_0827.jpg,test/images/nozzle_extrusion_normal_0825.jpg,0.776105,0.738233,1.000000,否
50,train/images/nozzle_extrusion_normal_0827.jpg,train/images/nozzle_extrusion_normal_0809.jpg,0.784832,0.694482,1.000000,否
50,train/images/nozzle_extrusion_normal_0827.jpg,val/images/nozzle_extrusion_normal_0843.jpg,0.744952,0.702865,1.000000,否
50,test/images/nozzle_extrusion_normal_0825.jpg,train/images/nozzle_extrusion_normal_0809.jpg,0.799420,0.810579,1.000000,否
50,test/images/nozzle_extrusion_normal_0825.jpg,val/images/nozzle_extrusion_normal_0843.jpg,0.833858,0.870897,1.000000,否
50,train/images/nozzle_extrusion_normal_0809.jpg,val/images/nozzle_extrusion_normal_0843.jpg,0.761437,0.823272,1.000000,否
51,train/images/nozzle_extrusion_normal_0826.jpg,train/images/nozzle_extrusion_normal_0844.jpg,0.785054,0.773864,1.000000,否
51,train/images/nozzle_extrusion_normal_0826.jpg,train/images/nozzle_extrusion_normal_0846.jpg,0.721616,0.708687,1.000000,否
51,train/images/nozzle_extrusion_normal_0826.jpg,test/images/nozzle_extrusion_normal_0863.jpg,0.755982,0.684481,1.000000,否
51,train/images/nozzle_extrusion_normal_0844.jpg,train/images/nozzle_extrusion_normal_0846.jpg,0.761567,0.695220,1.000000,否
51,train/images/nozzle_extrusion_normal_0844.jpg,test/images/nozzle_extrusion_normal_0863.jpg,0.779983,0.675857,1.000000,否
51,train/images/nozzle_extrusion_normal_0846.jpg,test/images/nozzle_extrusion_normal_0863.jpg,0.802271,0.861196,1.000000,否
52,test/images/nozzle_extrusion_normal_0945.jpg,val/images/nozzle_extrusion_normal_0908.jpg,0.776675,0.895444,1.000000,否
52,test/images/nozzle_extrusion_normal_0945.jpg,train/images/nozzle_extrusion_normal_0887.jpg,0.785166,0.910296,1.000000,否
52,test/images/nozzle_extrusion_normal_0945.jpg,train/images/nozzle_extrusion_normal_0965.jpg,0.788792,0.891140,1.000000,否
52,val/images/nozzle_extrusion_normal_0908.jpg,train/images/nozzle_extrusion_normal_0887.jpg,0.797703,0.920205,1.000000,否
52,val/images/nozzle_extrusion_normal_0908.jpg,train/images/nozzle_extrusion_normal_0965.jpg,0.784596,0.915287,1.000000,否
52,train/images/nozzle_extrusion_normal_0887.jpg,train/images/nozzle_extrusion_normal_0965.jpg,0.785037,0.911598,1.000000,否
53,test/images/nozzle_extrusion_normal_1038.jpg,train/images/nozzle_extrusion_normal_1063.jpg,0.794028,0.778876,1.000000,否
53,test/images/nozzle_extrusion_normal_1038.jpg,test/images/nozzle_extrusion_normal_1040.jpg,0.797089,0.779555,1.000000,否
53,test/images/nozzle_extrusion_normal_1038.jpg,train/images/nozzle_extrusion_normal_1019.jpg,0.786260,0.829478,1.000000,否
53,train/images/nozzle_extrusion_normal_1063.jpg,test/images/nozzle_extrusion_normal_1040.jpg,0.789629,0.878539,1.000000,否
53,train/images/nozzle_extrusion_normal_1063.jpg,train/images/nozzle_extrusion_normal_1019.jpg,0.734834,0.739290,1.000000,否
53,test/images/nozzle_extrusion_normal_1040.jpg,train/images/nozzle_extrusion_normal_1019.jpg,0.810871,0.735840,1.000000,否
54,train/images/nozzle_extrusion_normal_1118.jpg,train/images/nozzle_extrusion_normal_1167.jpg,0.748854,0.825530,1.000000,否
54,train/images/nozzle_extrusion_normal_1118.jpg,test/images/nozzle_extrusion_normal_1095.jpg,0.783503,0.898651,1.000000,否
54,train/images/nozzle_extrusion_normal_1118.jpg,train/images/nozzle_extrusion_normal_1141.jpg,0.787683,0.886401,1.000000,否
54,train/images/nozzle_extrusion_normal_1167.jpg,test/images/nozzle_extrusion_normal_1095.jpg,0.710705,0.787181,1.000000,否
54,train/images/nozzle_extrusion_normal_1167.jpg,train/images/nozzle_extrusion_normal_1141.jpg,0.781233,0.897619,1.000000,否
54,test/images/nozzle_extrusion_normal_1095.jpg,train/images/nozzle_extrusion_normal_1141.jpg,0.743550,0.830556,1.000000,否
55,val/images/nozzle_extrusion_normal_1117.jpg,test/images/nozzle_extrusion_normal_1165.jpg,0.762473,0.907505,1.000000,否
55,val/images/nozzle_extrusion_normal_1117.jpg,train/images/nozzle_extrusion_normal_1191.jpg,0.739677,0.895267,1.000000,否
55,val/images/nozzle_extrusion_normal_1117.jpg,train/images/nozzle_extrusion_normal_1140.jpg,0.812362,0.914043,1.000000,否
55,test/images/nozzle_extrusion_normal_1165.jpg,train/images/nozzle_extrusion_normal_1191.jpg,0.792068,0.917675,1.000000,否
55,test/images/nozzle_extrusion_normal_1165.jpg,train/images/nozzle_extrusion_normal_1140.jpg,0.807682,0.902767,1.000000,否
55,train/images/nozzle_extrusion_normal_1191.jpg,train/images/nozzle_extrusion_normal_1140.jpg,0.762652,0.881134,1.000000,否
56,train/images/nozzle_no_extrusion_0015.jpg,train/images/nozzle_no_extrusion_0008.jpg,0.941691,0.949170,0.984249,否
56,train/images/nozzle_no_extrusion_0015.jpg,train/images/nozzle_no_extrusion_0071.jpg,0.971532,0.902412,0.887019,否
56,train/images/nozzle_no_extrusion_0015.jpg,test/images/nozzle_no_extrusion_0065.jpg,0.841752,0.889726,0.897919,否
56,train/images/nozzle_no_extrusion_0008.jpg,train/images/nozzle_no_extrusion_0071.jpg,0.936284,0.862118,0.873483,否
56,train/images/nozzle_no_extrusion_0008.jpg,test/images/nozzle_no_extrusion_0065.jpg,0.885931,0.880514,0.884174,否
56,train/images/nozzle_no_extrusion_0071.jpg,test/images/nozzle_no_extrusion_0065.jpg,0.897583,0.944866,0.987493,否
57,train/images/nozzle_no_extrusion_0027.jpg,test/images/nozzle_no_extrusion_0082.jpg,0.979222,0.852213,0.890521,否
57,train/images/nozzle_no_extrusion_0027.jpg,train/images/nozzle_no_extrusion_0031.jpg,0.944405,0.942442,0.991171,否
57,train/images/nozzle_no_extrusion_0027.jpg,train/images/nozzle_no_extrusion_0086.jpg,0.925710,0.830286,0.883472,否
57,test/images/nozzle_no_extrusion_0082.jpg,train/images/nozzle_no_extrusion_0031.jpg,0.948128,0.847222,0.898209,否
57,test/images/nozzle_no_extrusion_0082.jpg,train/images/nozzle_no_extrusion_0086.jpg,0.948749,0.947136,0.991821,否
57,train/images/nozzle_no_extrusion_0031.jpg,train/images/nozzle_no_extrusion_0086.jpg,0.985447,0.862483,0.891083,否
58,train/images/nozzle_tip_wrapped_0072.jpg,train/images/nozzle_tip_wrapped_0075.jpg,0.827691,0.323286,1.000000,否
58,train/images/nozzle_tip_wrapped_0072.jpg,test/images/nozzle_tip_wrapped_0074.jpg,0.799467,0.277775,1.000000,否
58,train/images/nozzle_tip_wrapped_0072.jpg,train/images/nozzle_tip_wrapped_0073.jpg,0.837586,0.545669,1.000000,否
58,train/images/nozzle_tip_wrapped_0075.jpg,test/images/nozzle_tip_wrapped_0074.jpg,0.843992,0.387130,1.000000,否
58,train/images/nozzle_tip_wrapped_0075.jpg,train/images/nozzle_tip_wrapped_0073.jpg,0.890031,0.315948,1.000000,否
58,test/images/nozzle_tip_wrapped_0074.jpg,train/images/nozzle_tip_wrapped_0073.jpg,0.845926,0.314788,1.000000,否
59,train/images/nozzle_tip_wrapped_0077.jpg,train/images/nozzle_tip_wrapped_0078.jpg,0.810982,0.801718,1.000000,否
59,train/images/nozzle_tip_wrapped_0077.jpg,val/images/nozzle_tip_wrapped_0079.jpg,0.933351,0.841423,1.000000,否
59,train/images/nozzle_tip_wrapped_0077.jpg,test/images/nozzle_tip_wrapped_0080.jpg,0.837686,0.523571,1.000000,否
59,train/images/nozzle_tip_wrapped_0078.jpg,val/images/nozzle_tip_wrapped_0079.jpg,0.842779,0.849885,1.000000,否
59,train/images/nozzle_tip_wrapped_0078.jpg,test/images/nozzle_tip_wrapped_0080.jpg,0.771632,0.517676,1.000000,否
59,val/images/nozzle_tip_wrapped_0079.jpg,test/images/nozzle_tip_wrapped_0080.jpg,0.832797,0.598774,1.000000,否
60,train/images/nozzle_tip_wrapped_0090.jpg,train/images/nozzle_tip_wrapped_0089.jpg,0.892096,0.584651,1.000000,否
60,train/images/nozzle_tip_wrapped_0090.jpg,test/images/nozzle_tip_wrapped_0087.jpg,0.730644,0.470290,1.000000,否
60,train/images/nozzle_tip_wrapped_0090.jpg,train/images/nozzle_tip_wrapped_0088.jpg,0.832048,0.586076,1.000000,否
60,train/images/nozzle_tip_wrapped_0089.jpg,test/images/nozzle_tip_wrapped_0087.jpg,0.807333,0.735060,1.000000,否
60,train/images/nozzle_tip_wrapped_0089.jpg,train/images/nozzle_tip_wrapped_0088.jpg,0.922594,0.772350,1.000000,否
60,test/images/nozzle_tip_wrapped_0087.jpg,train/images/nozzle_tip_wrapped_0088.jpg,0.874002,0.753139,1.000000,否
61,test/images/nozzle_tip_wrapped_0169.jpg,train/images/nozzle_tip_wrapped_0170.jpg,0.833831,0.555897,1.000000,否
61,test/images/nozzle_tip_wrapped_0169.jpg,train/images/nozzle_tip_wrapped_0166.jpg,0.842295,0.565662,1.000000,否
61,test/images/nozzle_tip_wrapped_0169.jpg,train/images/nozzle_tip_wrapped_0168.jpg,0.835685,0.540339,1.000000,否
61,train/images/nozzle_tip_wrapped_0170.jpg,train/images/nozzle_tip_wrapped_0166.jpg,0.827361,0.560388,1.000000,否
61,train/images/nozzle_tip_wrapped_0170.jpg,train/images/nozzle_tip_wrapped_0168.jpg,0.924984,0.585744,1.000000,否
61,train/images/nozzle_tip_wrapped_0166.jpg,train/images/nozzle_tip_wrapped_0168.jpg,0.854384,0.537090,1.000000,否
62,train/images/nozzle_tip_wrapped_0211.jpg,test/images/nozzle_tip_wrapped_0207.jpg,0.846444,0.716500,1.000000,否
62,train/images/nozzle_tip_wrapped_0211.jpg,val/images/nozzle_tip_wrapped_0210.jpg,0.855377,0.768752,1.000000,否
62,train/images/nozzle_tip_wrapped_0211.jpg,train/images/nozzle_tip_wrapped_0208.jpg,0.802040,0.743919,1.000000,否
62,test/images/nozzle_tip_wrapped_0207.jpg,val/images/nozzle_tip_wrapped_0210.jpg,0.839165,0.689139,1.000000,否
62,test/images/nozzle_tip_wrapped_0207.jpg,train/images/nozzle_tip_wrapped_0208.jpg,0.875700,0.797491,1.000000,否
62,val/images/nozzle_tip_wrapped_0210.jpg,train/images/nozzle_tip_wrapped_0208.jpg,0.876160,0.757591,1.000000,否
63,test/images/nozzle_tip_wrapped_0240.jpg,val/images/nozzle_tip_wrapped_0241.jpg,0.864251,0.744621,1.000000,否
63,test/images/nozzle_tip_wrapped_0240.jpg,train/images/nozzle_tip_wrapped_0238.jpg,0.803642,0.673470,1.000000,否
63,test/images/nozzle_tip_wrapped_0240.jpg,train/images/nozzle_tip_wrapped_0239.jpg,0.865137,0.764839,1.000000,否
63,val/images/nozzle_tip_wrapped_0241.jpg,train/images/nozzle_tip_wrapped_0238.jpg,0.729448,0.603993,1.000000,否
63,val/images/nozzle_tip_wrapped_0241.jpg,train/images/nozzle_tip_wrapped_0239.jpg,0.772646,0.645038,1.000000,否
63,train/images/nozzle_tip_wrapped_0238.jpg,train/images/nozzle_tip_wrapped_0239.jpg,0.882115,0.811714,1.000000,否
64,val/images/nozzle_extrusion_normal_0397.jpg,train/images/nozzle_extrusion_normal_0357.jpg,0.793191,0.806662,1.000000,否
64,val/images/nozzle_extrusion_normal_0397.jpg,train/images/nozzle_extrusion_normal_0436.jpg,0.783926,0.833597,1.000000,否
64,val/images/nozzle_extrusion_normal_0397.jpg,val/images/nozzle_extrusion_normal_0324.jpg,0.761555,0.769171,1.000000,否
64,train/images/nozzle_extrusion_normal_0357.jpg,train/images/nozzle_extrusion_normal_0436.jpg,0.754158,0.719414,1.000000,否
64,train/images/nozzle_extrusion_normal_0357.jpg,val/images/nozzle_extrusion_normal_0324.jpg,0.791236,0.842754,1.000000,否
64,train/images/nozzle_extrusion_normal_0436.jpg,val/images/nozzle_extrusion_normal_0324.jpg,0.722144,0.701298,1.000000,否
65,train/images/nozzle_extrusion_normal_0528.jpg,train/images/nozzle_extrusion_normal_0485.jpg,0.841345,0.945574,1.000000,否
65,train/images/nozzle_extrusion_normal_0528.jpg,train/images/nozzle_extrusion_normal_0571.jpg,0.800671,0.905858,1.000000,否
65,train/images/nozzle_extrusion_normal_0528.jpg,val/images/nozzle_extrusion_normal_0444.jpg,0.763787,0.901940,1.000000,否
65,train/images/nozzle_extrusion_normal_0485.jpg,train/images/nozzle_extrusion_normal_0571.jpg,0.768139,0.900654,1.000000,否
65,train/images/nozzle_extrusion_normal_0485.jpg,val/images/nozzle_extrusion_normal_0444.jpg,0.802113,0.927342,1.000000,否
65,train/images/nozzle_extrusion_normal_0571.jpg,val/images/nozzle_extrusion_normal_0444.jpg,0.729916,0.883849,1.000000,否
66,train/images/nozzle_extrusion_normal_0869.jpg,train/images/nozzle_extrusion_normal_0833.jpg,0.797455,0.895265,1.000000,否
66,train/images/nozzle_extrusion_normal_0869.jpg,train/images/nozzle_extrusion_normal_0852.jpg,0.808941,0.935232,1.000000,否
66,train/images/nozzle_extrusion_normal_0869.jpg,val/images/nozzle_extrusion_normal_0816.jpg,0.765653,0.905805,1.000000,否
66,train/images/nozzle_extrusion_normal_0833.jpg,train/images/nozzle_extrusion_normal_0852.jpg,0.820654,0.911612,1.000000,否
66,train/images/nozzle_extrusion_normal_0833.jpg,val/images/nozzle_extrusion_normal_0816.jpg,0.787237,0.913673,1.000000,否
66,train/images/nozzle_extrusion_normal_0852.jpg,val/images/nozzle_extrusion_normal_0816.jpg,0.776175,0.926745,1.000000,否
67,train/images/nozzle_extrusion_normal_1008.jpg,val/images/nozzle_extrusion_normal_0967.jpg,0.781840,0.878220,1.000000,否
67,train/images/nozzle_extrusion_normal_1008.jpg,train/images/nozzle_extrusion_normal_0947.jpg,0.759413,0.886438,1.000000,否
67,train/images/nozzle_extrusion_normal_1008.jpg,train/images/nozzle_extrusion_normal_0988.jpg,0.790130,0.886516,1.000000,否
67,val/images/nozzle_extrusion_normal_0967.jpg,train/images/nozzle_extrusion_normal_0947.jpg,0.786394,0.909587,1.000000,否
67,val/images/nozzle_extrusion_normal_0967.jpg,train/images/nozzle_extrusion_normal_0988.jpg,0.800491,0.913985,1.000000,否
67,train/images/nozzle_extrusion_normal_0947.jpg,train/images/nozzle_extrusion_normal_0988.jpg,0.778261,0.900236,1.000000,否
68,val/images/nozzle_extrusion_normal_1062.jpg,train/images/nozzle_extrusion_normal_1020.jpg,0.744679,0.794353,1.000000,否
68,val/images/nozzle_extrusion_normal_1062.jpg,val/images/nozzle_extrusion_normal_1083.jpg,0.770732,0.827761,1.000000,否
68,val/images/nozzle_extrusion_normal_1062.jpg,val/images/nozzle_extrusion_normal_1039.jpg,0.781561,0.888694,1.000000,否
68,train/images/nozzle_extrusion_normal_1020.jpg,val/images/nozzle_extrusion_normal_1083.jpg,0.715480,0.717675,1.000000,否
68,train/images/nozzle_extrusion_normal_1020.jpg,val/images/nozzle_extrusion_normal_1039.jpg,0.789935,0.840416,1.000000,否
68,val/images/nozzle_extrusion_normal_1083.jpg,val/images/nozzle_extrusion_normal_1039.jpg,0.740578,0.801406,1.000000,否
69,train/images/nozzle_no_extrusion_0028.jpg,train/images/nozzle_no_extrusion_0030.jpg,0.942448,0.939327,0.995642,否
69,train/images/nozzle_no_extrusion_0028.jpg,val/images/nozzle_no_extrusion_0083.jpg,0.979404,0.830127,0.890768,否
69,train/images/nozzle_no_extrusion_0028.jpg,train/images/nozzle_no_extrusion_0085.jpg,0.920738,0.799641,0.887185,否
69,train/images/nozzle_no_extrusion_0030.jpg,val/images/nozzle_no_extrusion_0083.jpg,0.947484,0.840767,0.894536,否
69,train/images/nozzle_no_extrusion_0030.jpg,train/images/nozzle_no_extrusion_0085.jpg,0.984165,0.847889,0.890946,否
69,val/images/nozzle_no_extrusion_0083.jpg,train/images/nozzle_no_extrusion_0085.jpg,0.946522,0.949135,0.995844,否
70,train/images/nozzle_no_extrusion_0032.jpg,train/images/nozzle_no_extrusion_0087.jpg,0.841034,0.855876,0.891370,否
70,train/images/nozzle_no_extrusion_0032.jpg,train/images/nozzle_no_extrusion_0081.jpg,0.949885,0.858813,0.902053,否
70,train/images/nozzle_no_extrusion_0032.jpg,val/images/nozzle_no_extrusion_0026.jpg,0.947643,0.948761,0.986686,否
70,train/images/nozzle_no_extrusion_0087.jpg,train/images/nozzle_no_extrusion_0081.jpg,0.856543,0.930411,0.987805,否
70,train/images/nozzle_no_extrusion_0087.jpg,val/images/nozzle_no_extrusion_0026.jpg,0.804875,0.831586,0.879873,否
70,train/images/nozzle_no_extrusion_0081.jpg,val/images/nozzle_no_extrusion_0026.jpg,0.981866,0.861778,0.890381,否
71,val/images/nozzle_tip_wrapped_0477.jpg,train/images/nozzle_tip_wrapped_0478.jpg,0.864927,0.901025,1.000000,否
71,val/images/nozzle_tip_wrapped_0477.jpg,train/images/nozzle_tip_wrapped_0475.jpg,0.727125,0.913052,1.000000,否
71,val/images/nozzle_tip_wrapped_0477.jpg,train/images/nozzle_tip_wrapped_0476.jpg,0.839223,0.939616,1.000000,否
71,train/images/nozzle_tip_wrapped_0478.jpg,train/images/nozzle_tip_wrapped_0475.jpg,0.678854,0.861687,1.000000,否
71,train/images/nozzle_tip_wrapped_0478.jpg,train/images/nozzle_tip_wrapped_0476.jpg,0.766661,0.865873,1.000000,否
71,train/images/nozzle_tip_wrapped_0475.jpg,train/images/nozzle_tip_wrapped_0476.jpg,0.855836,0.970141,1.000000,否
72,train/images/nozzle_extrusion_normal_0116.jpg,test/images/nozzle_extrusion_normal_0179.jpg,0.765085,0.928604,1.000000,否
72,train/images/nozzle_extrusion_normal_0116.jpg,train/images/nozzle_extrusion_normal_0136.jpg,0.801871,0.945214,1.000000,否
72,test/images/nozzle_extrusion_normal_0179.jpg,train/images/nozzle_extrusion_normal_0136.jpg,0.806701,0.927411,1.000000,否
73,val/images/nozzle_extrusion_normal_0209.jpg,train/images/nozzle_extrusion_normal_0184.jpg,0.821195,0.901049,1.000000,否
73,val/images/nozzle_extrusion_normal_0209.jpg,test/images/nozzle_extrusion_normal_0185.jpg,0.733241,0.828688,1.000000,否
73,train/images/nozzle_extrusion_normal_0184.jpg,test/images/nozzle_extrusion_normal_0185.jpg,0.809978,0.882759,1.000000,否
74,val/images/nozzle_extrusion_normal_0194.jpg,train/images/nozzle_extrusion_normal_0220.jpg,0.874122,0.882680,1.000000,否
74,val/images/nozzle_extrusion_normal_0194.jpg,test/images/nozzle_extrusion_normal_0221.jpg,0.802246,0.889247,1.000000,否
74,train/images/nozzle_extrusion_normal_0220.jpg,test/images/nozzle_extrusion_normal_0221.jpg,0.756889,0.884353,1.000000,否
75,train/images/nozzle_extrusion_normal_0269.jpg,val/images/nozzle_extrusion_normal_0334.jpg,0.757012,0.683927,1.000000,否
75,train/images/nozzle_extrusion_normal_0269.jpg,test/images/nozzle_extrusion_normal_0300.jpg,0.786764,0.743921,1.000000,否
75,val/images/nozzle_extrusion_normal_0334.jpg,test/images/nozzle_extrusion_normal_0300.jpg,0.804878,0.818668,1.000000,否
76,train/images/nozzle_extrusion_normal_0366.jpg,test/images/nozzle_extrusion_normal_0330.jpg,0.796515,0.823480,1.000000,否
76,train/images/nozzle_extrusion_normal_0366.jpg,train/images/nozzle_extrusion_normal_0406.jpg,0.799815,0.886238,1.000000,否
76,test/images/nozzle_extrusion_normal_0330.jpg,train/images/nozzle_extrusion_normal_0406.jpg,0.764222,0.796310,1.000000,否
77,train/images/nozzle_extrusion_normal_0313.jpg,train/images/nozzle_extrusion_normal_0282.jpg,0.793016,0.888517,1.000000,否
77,train/images/nozzle_extrusion_normal_0313.jpg,test/images/nozzle_extrusion_normal_0347.jpg,0.792501,0.908879,1.000000,否
77,train/images/nozzle_extrusion_normal_0282.jpg,test/images/nozzle_extrusion_normal_0347.jpg,0.768686,0.848682,1.000000,否
78,train/images/nozzle_extrusion_normal_0335.jpg,test/images/nozzle_extrusion_normal_0371.jpg,0.786052,0.862168,1.000000,否
78,train/images/nozzle_extrusion_normal_0335.jpg,test/images/nozzle_extrusion_normal_0411.jpg,0.788700,0.829466,1.000000,否
78,test/images/nozzle_extrusion_normal_0371.jpg,test/images/nozzle_extrusion_normal_0411.jpg,0.812303,0.893958,1.000000,否
79,test/images/nozzle_extrusion_normal_0389.jpg,train/images/nozzle_extrusion_normal_0511.jpg,0.776526,0.875814,1.000000,否
79,test/images/nozzle_extrusion_normal_0389.jpg,val/images/nozzle_extrusion_normal_0429.jpg,0.812061,0.909915,1.000000,否
79,train/images/nozzle_extrusion_normal_0511.jpg,val/images/nozzle_extrusion_normal_0429.jpg,0.805043,0.916830,1.000000,否
80,val/images/nozzle_extrusion_normal_0438.jpg,train/images/nozzle_extrusion_normal_0359.jpg,0.757814,0.693628,1.000000,否
80,val/images/nozzle_extrusion_normal_0438.jpg,test/images/nozzle_extrusion_normal_0399.jpg,0.799527,0.818732,1.000000,否
80,train/images/nozzle_extrusion_normal_0359.jpg,test/images/nozzle_extrusion_normal_0399.jpg,0.787475,0.753537,1.000000,否
81,train/images/nozzle_extrusion_normal_0449.jpg,train/images/nozzle_extrusion_normal_0370.jpg,0.779807,0.873860,1.000000,否
81,train/images/nozzle_extrusion_normal_0449.jpg,test/images/nozzle_extrusion_normal_0410.jpg,0.805462,0.920956,1.000000,否
81,train/images/nozzle_extrusion_normal_0370.jpg,test/images/nozzle_extrusion_normal_0410.jpg,0.806672,0.911837,1.000000,否
82,train/images/nozzle_extrusion_normal_0500.jpg,train/images/nozzle_extrusion_normal_0459.jpg,0.792495,0.891204,1.000000,否
82,train/images/nozzle_extrusion_normal_0500.jpg,test/images/nozzle_extrusion_normal_0420.jpg,0.738390,0.833896,1.000000,否
82,train/images/nozzle_extrusion_normal_0459.jpg,test/images/nozzle_extrusion_normal_0420.jpg,0.781726,0.881588,1.000000,否
83,val/images/nozzle_extrusion_normal_0394.jpg,test/images/nozzle_extrusion_normal_0433.jpg,0.788547,0.858330,1.000000,否
83,val/images/nozzle_extrusion_normal_0394.jpg,train/images/nozzle_extrusion_normal_0354.jpg,0.786836,0.843206,1.000000,否
83,test/images/nozzle_extrusion_normal_0433.jpg,train/images/nozzle_extrusion_normal_0354.jpg,0.772280,0.804216,1.000000,否
84,train/images/nozzle_extrusion_normal_0561.jpg,train/images/nozzle_extrusion_normal_0604.jpg,0.779835,0.836555,1.000000,否
84,train/images/nozzle_extrusion_normal_0561.jpg,test/images/nozzle_extrusion_normal_0519.jpg,0.768997,0.839218,1.000000,否
84,train/images/nozzle_extrusion_normal_0604.jpg,test/images/nozzle_extrusion_normal_0519.jpg,0.761585,0.770518,1.000000,否
85,train/images/nozzle_extrusion_normal_0729.jpg,val/images/nozzle_extrusion_normal_0758.jpg,0.747696,0.853797,1.000000,否
85,train/images/nozzle_extrusion_normal_0729.jpg,test/images/nozzle_extrusion_normal_0743.jpg,0.790927,0.842120,1.000000,否
85,val/images/nozzle_extrusion_normal_0758.jpg,test/images/nozzle_extrusion_normal_0743.jpg,0.789576,0.908602,1.000000,否
86,train/images/nozzle_extrusion_normal_0963.jpg,test/images/nozzle_extrusion_normal_0943.jpg,0.778193,0.935487,1.000000,否
86,train/images/nozzle_extrusion_normal_0963.jpg,test/images/nozzle_extrusion_normal_0984.jpg,0.812878,0.924580,1.000000,否
86,test/images/nozzle_extrusion_normal_0943.jpg,test/images/nozzle_extrusion_normal_0984.jpg,0.787147,0.902117,1.000000,否
87,test/images/nozzle_extrusion_normal_1136.jpg,train/images/nozzle_extrusion_normal_1045.jpg,0.786026,0.938641,1.000000,否
87,test/images/nozzle_extrusion_normal_1136.jpg,test/images/nozzle_extrusion_normal_1089.jpg,0.831577,0.924533,1.000000,否
87,train/images/nozzle_extrusion_normal_1045.jpg,test/images/nozzle_extrusion_normal_1089.jpg,0.797061,0.932578,1.000000,否
88,train/images/nozzle_extrusion_normal_1205.jpg,train/images/nozzle_extrusion_normal_1152.jpg,0.757684,0.895142,1.000000,否
88,train/images/nozzle_extrusion_normal_1205.jpg,test/images/nozzle_extrusion_normal_1178.jpg,0.818436,0.907763,1.000000,否
88,train/images/nozzle_extrusion_normal_1152.jpg,test/images/nozzle_extrusion_normal_1178.jpg,0.801190,0.921111,1.000000,否
89,test/images/nozzle_extrusion_normal_1415.jpg,train/images/nozzle_extrusion_normal_1457.jpg,0.708745,0.931515,1.000000,否
89,test/images/nozzle_extrusion_normal_1415.jpg,train/images/nozzle_extrusion_normal_1437.jpg,0.786501,0.936391,1.000000,否
89,train/images/nozzle_extrusion_normal_1457.jpg,train/images/nozzle_extrusion_normal_1437.jpg,0.788021,0.937119,1.000000,否
90,val/images/nozzle_no_extrusion_0107.jpg,train/images/nozzle_no_extrusion_0106.jpg,0.877464,0.904553,1.000000,否
90,val/images/nozzle_no_extrusion_0107.jpg,test/images/nozzle_no_extrusion_0109.jpg,0.774033,0.767448,1.000000,否
90,train/images/nozzle_no_extrusion_0106.jpg,test/images/nozzle_no_extrusion_0109.jpg,0.757257,0.762015,1.000000,否
91,train/images/nozzle_no_extrusion_0521.jpg,test/images/nozzle_no_extrusion_0527.jpg,0.950893,0.963331,1.000000,是
91,train/images/nozzle_no_extrusion_0521.jpg,train/images/nozzle_no_extrusion_0526.jpg,0.840083,0.933185,1.000000,否
91,test/images/nozzle_no_extrusion_0527.jpg,train/images/nozzle_no_extrusion_0526.jpg,0.776965,0.945997,1.000000,否
92,train/images/nozzle_no_extrusion_0600.jpg,val/images/nozzle_no_extrusion_0598.jpg,0.775110,0.840343,1.000000,否
92,train/images/nozzle_no_extrusion_0600.jpg,test/images/nozzle_no_extrusion_0599.jpg,0.712960,0.793272,1.000000,否
92,val/images/nozzle_no_extrusion_0598.jpg,test/images/nozzle_no_extrusion_0599.jpg,0.730169,0.818211,1.000000,否
93,val/images/nozzle_no_extrusion_0665.jpg,val/images/nozzle_no_extrusion_0661.jpg,0.792143,0.855708,1.000000,否
93,val/images/nozzle_no_extrusion_0665.jpg,test/images/nozzle_no_extrusion_0666.jpg,0.661523,0.747974,1.000000,否
93,val/images/nozzle_no_extrusion_0661.jpg,test/images/nozzle_no_extrusion_0666.jpg,0.759238,0.830710,1.000000,否
94,train/images/nozzle_no_extrusion_0705.jpg,test/images/nozzle_no_extrusion_0712.jpg,0.952137,0.951998,1.000000,是
94,train/images/nozzle_no_extrusion_0705.jpg,train/images/nozzle_no_extrusion_0711.jpg,0.717119,0.850034,1.000000,否
94,test/images/nozzle_no_extrusion_0712.jpg,train/images/nozzle_no_extrusion_0711.jpg,0.772499,0.900162,1.000000,否
95,val/images/nozzle_no_extrusion_0834.jpg,train/images/nozzle_no_extrusion_0833.jpg,0.762093,0.926461,1.000000,否
95,val/images/nozzle_no_extrusion_0834.jpg,test/images/nozzle_no_extrusion_0825.jpg,0.867594,0.942357,1.000000,否
95,train/images/nozzle_no_extrusion_0833.jpg,test/images/nozzle_no_extrusion_0825.jpg,0.749445,0.896952,1.000000,否
96,val/images/nozzle_no_extrusion_0862.jpg,test/images/nozzle_no_extrusion_0869.jpg,0.758566,0.889497,1.000000,否
96,val/images/nozzle_no_extrusion_0862.jpg,train/images/nozzle_no_extrusion_0868.jpg,0.791594,0.895051,1.000000,否
96,test/images/nozzle_no_extrusion_0869.jpg,train/images/nozzle_no_extrusion_0868.jpg,0.662642,0.849494,1.000000,否
97,train/images/nozzle_tip_wrapped_0057.jpg,test/images/nozzle_tip_wrapped_0059.jpg,0.744988,0.416973,1.000000,否
97,train/images/nozzle_tip_wrapped_0057.jpg,train/images/nozzle_tip_wrapped_0058.jpg,0.833436,0.511945,1.000000,否
97,test/images/nozzle_tip_wrapped_0059.jpg,train/images/nozzle_tip_wrapped_0058.jpg,0.829889,0.549596,1.000000,否
98,train/images/nozzle_tip_wrapped_0171.jpg,val/images/nozzle_tip_wrapped_0178.jpg,0.836900,0.505049,1.000000,否
98,train/images/nozzle_tip_wrapped_0171.jpg,test/images/nozzle_tip_wrapped_0177.jpg,0.819270,0.553504,1.000000,否
98,val/images/nozzle_tip_wrapped_0178.jpg,test/images/nozzle_tip_wrapped_0177.jpg,0.848453,0.606323,1.000000,否
99,test/images/nozzle_tip_wrapped_0316.jpg,train/images/nozzle_tip_wrapped_0314.jpg,0.739206,0.931839,1.000000,否
99,test/images/nozzle_tip_wrapped_0316.jpg,train/images/nozzle_tip_wrapped_0315.jpg,0.825397,0.956481,1.000000,否
99,train/images/nozzle_tip_wrapped_0314.jpg,train/images/nozzle_tip_wrapped_0315.jpg,0.859768,0.981533,1.000000,否
100,val/images/nozzle_tip_wrapped_0442.jpg,val/images/nozzle_tip_wrapped_0444.jpg,0.778927,0.907691,1.000000,否
100,val/images/nozzle_tip_wrapped_0442.jpg,test/images/nozzle_tip_wrapped_0443.jpg,0.850647,0.938590,1.000000,否
100,val/images/nozzle_tip_wrapped_0444.jpg,test/images/nozzle_tip_wrapped_0443.jpg,0.823660,0.942507,1.000000,否
101,test/images/nozzle_tip_wrapped_0497.jpg,train/images/nozzle_tip_wrapped_0498.jpg,0.845712,0.939245,1.000000,否
101,test/images/nozzle_tip_wrapped_0497.jpg,train/images/nozzle_tip_wrapped_0496.jpg,0.837974,0.882887,1.000000,否
101,train/images/nozzle_tip_wrapped_0498.jpg,train/images/nozzle_tip_wrapped_0496.jpg,0.760261,0.811914,1.000000,否
102,train/images/nozzle_tip_wrapped_1094.jpg,train/images/nozzle_tip_wrapped_1069.jpg,0.797266,0.287010,0.684117,否
102,train/images/nozzle_tip_wrapped_1094.jpg,test/images/nozzle_tip_wrapped_1082.jpg,0.828923,0.290770,0.740318,否
102,train/images/nozzle_tip_wrapped_1069.jpg,test/images/nozzle_tip_wrapped_1082.jpg,0.859639,0.495662,0.775391,否
103,train/images/nozzle_tip_wrapped_1070.jpg,train/images/nozzle_tip_wrapped_1095.jpg,0.776695,0.371470,0.707432,否
103,train/images/nozzle_tip_wrapped_1070.jpg,test/images/nozzle_tip_wrapped_1083.jpg,0.836525,0.421384,0.765016,否
103,train/images/nozzle_tip_wrapped_1095.jpg,test/images/nozzle_tip_wrapped_1083.jpg,0.811502,0.317479,0.743259,否
104,train/images/nozzle_extrusion_normal_0038.jpg,val/images/nozzle_extrusion_normal_0040.jpg,0.799342,0.707812,1.000000,否
104,train/images/nozzle_extrusion_normal_0038.jpg,train/images/nozzle_extrusion_normal_0032.jpg,0.804223,0.764251,1.000000,否
104,val/images/nozzle_extrusion_normal_0040.jpg,train/images/nozzle_extrusion_normal_0032.jpg,0.765290,0.855948,1.000000,否
105,train/images/nozzle_extrusion_normal_0037.jpg,val/images/nozzle_extrusion_normal_0033.jpg,0.780418,0.798498,1.000000,否
105,train/images/nozzle_extrusion_normal_0037.jpg,train/images/nozzle_extrusion_normal_0041.jpg,0.777484,0.812136,1.000000,否
105,val/images/nozzle_extrusion_normal_0033.jpg,train/images/nozzle_extrusion_normal_0041.jpg,0.744680,0.819367,1.000000,否
106,val/images/nozzle_extrusion_normal_0202.jpg,train/images/nozzle_extrusion_normal_0097.jpg,0.787487,0.939213,1.000000,否
106,val/images/nozzle_extrusion_normal_0202.jpg,train/images/nozzle_extrusion_normal_0115.jpg,0.787959,0.933091,1.000000,否
106,train/images/nozzle_extrusion_normal_0097.jpg,train/images/nozzle_extrusion_normal_0115.jpg,0.792261,0.946978,1.000000,否
107,train/images/nozzle_extrusion_normal_0777.jpg,val/images/nozzle_extrusion_normal_0761.jpg,0.775235,0.795341,1.000000,否
107,train/images/nozzle_extrusion_normal_0777.jpg,train/images/nozzle_extrusion_normal_0793.jpg,0.767432,0.772631,1.000000,否
107,val/images/nozzle_extrusion_normal_0761.jpg,train/images/nozzle_extrusion_normal_0793.jpg,0.726314,0.716494,1.000000,否
108,train/images/nozzle_extrusion_normal_0931.jpg,val/images/nozzle_extrusion_normal_0949.jpg,0.806002,0.923188,1.000000,否
108,train/images/nozzle_extrusion_normal_0931.jpg,train/images/nozzle_extrusion_normal_0891.jpg,0.785931,0.893472,1.000000,否
108,val/images/nozzle_extrusion_normal_0949.jpg,train/images/nozzle_extrusion_normal_0891.jpg,0.758501,0.870219,1.000000,否
109,train/images/nozzle_extrusion_normal_0959.jpg,val/images/nozzle_extrusion_normal_0980.jpg,0.841480,0.914610,1.000000,否
109,train/images/nozzle_extrusion_normal_0959.jpg,train/images/nozzle_extrusion_normal_0939.jpg,0.862197,0.905964,1.000000,否
109,val/images/nozzle_extrusion_normal_0980.jpg,train/images/nozzle_extrusion_normal_0939.jpg,0.812172,0.916073,1.000000,否
110,train/images/nozzle_extrusion_normal_1151.jpg,val/images/nozzle_extrusion_normal_1204.jpg,0.793702,0.918501,1.000000,否
110,train/images/nozzle_extrusion_normal_1151.jpg,train/images/nozzle_extrusion_normal_1177.jpg,0.840119,0.921019,1.000000,否
110,val/images/nozzle_extrusion_normal_1204.jpg,train/images/nozzle_extrusion_normal_1177.jpg,0.858728,0.926921,1.000000,否
111,train/images/nozzle_extrusion_normal_1183.jpg,train/images/nozzle_extrusion_normal_1211.jpg,0.823123,0.917395,1.000000,否
111,train/images/nozzle_extrusion_normal_1183.jpg,val/images/nozzle_extrusion_normal_1158.jpg,0.826264,0.901092,1.000000,否
111,train/images/nozzle_extrusion_normal_1211.jpg,val/images/nozzle_extrusion_normal_1158.jpg,0.766663,0.906956,1.000000,否
112,val/images/nozzle_extrusion_normal_1219.jpg,train/images/nozzle_extrusion_normal_1197.jpg,0.744752,0.719002,1.000000,否
112,val/images/nozzle_extrusion_normal_1219.jpg,train/images/nozzle_extrusion_normal_1226.jpg,0.780295,0.697765,1.000000,否
112,train/images/nozzle_extrusion_normal_1197.jpg,train/images/nozzle_extrusion_normal_1226.jpg,0.780164,0.933656,1.000000,否
113,train/images/nozzle_heavy_contamination_0011.jpg,val/images/nozzle_tip_wrapped_0037.jpg,0.837785,0.090577,0.884589,否
113,train/images/nozzle_heavy_contamination_0011.jpg,train/images/nozzle_tip_wrapped_0038.jpg,0.860820,0.186131,0.884589,否
113,val/images/nozzle_tip_wrapped_0037.jpg,train/images/nozzle_tip_wrapped_0038.jpg,0.856002,0.472442,1.000000,否
114,val/images/nozzle_no_extrusion_0592.jpg,train/images/nozzle_no_extrusion_0591.jpg,0.706498,0.906367,1.000000,否
114,val/images/nozzle_no_extrusion_0592.jpg,train/images/nozzle_no_extrusion_0587.jpg,0.752730,0.906965,1.000000,否
114,train/images/nozzle_no_extrusion_0591.jpg,train/images/nozzle_no_extrusion_0587.jpg,0.923434,0.927044,1.000000,否
115,train/images/nozzle_no_extrusion_0759.jpg,train/images/nozzle_no_extrusion_0764.jpg,0.808667,0.905180,1.000000,否
115,train/images/nozzle_no_extrusion_0759.jpg,val/images/nozzle_no_extrusion_0763.jpg,0.832838,0.873112,1.000000,否
115,train/images/nozzle_no_extrusion_0764.jpg,val/images/nozzle_no_extrusion_0763.jpg,0.678120,0.864851,1.000000,否
116,val/images/nozzle_tip_wrapped_0109.jpg,train/images/nozzle_tip_wrapped_0110.jpg,0.879515,0.734493,1.000000,否
116,val/images/nozzle_tip_wrapped_0109.jpg,train/images/nozzle_tip_wrapped_0111.jpg,0.795959,0.576182,1.000000,否
116,train/images/nozzle_tip_wrapped_0110.jpg,train/images/nozzle_tip_wrapped_0111.jpg,0.860183,0.722011,1.000000,否
117,train/images/nozzle_tip_wrapped_0320.jpg,val/images/nozzle_tip_wrapped_0318.jpg,0.785484,0.856388,1.000000,否
117,train/images/nozzle_tip_wrapped_0320.jpg,train/images/nozzle_tip_wrapped_0319.jpg,0.843401,0.828203,1.000000,否
117,val/images/nozzle_tip_wrapped_0318.jpg,train/images/nozzle_tip_wrapped_0319.jpg,0.846053,0.962775,1.000000,否
118,val/images/nozzle_tip_wrapped_0408.jpg,train/images/nozzle_tip_wrapped_0410.jpg,0.788943,0.651842,1.000000,否
118,val/images/nozzle_tip_wrapped_0408.jpg,train/images/nozzle_tip_wrapped_0409.jpg,0.898121,0.927131,1.000000,否
118,train/images/nozzle_tip_wrapped_0410.jpg,train/images/nozzle_tip_wrapped_0409.jpg,0.855383,0.693610,1.000000,否
119,train/images/nozzle_tip_wrapped_1075.jpg,val/images/nozzle_tip_wrapped_1088.jpg,0.823523,0.367337,0.765974,否
119,train/images/nozzle_tip_wrapped_1075.jpg,train/images/nozzle_tip_wrapped_1062.jpg,0.847871,0.507350,0.895830,否
119,val/images/nozzle_tip_wrapped_1088.jpg,train/images/nozzle_tip_wrapped_1062.jpg,0.797729,0.401305,0.686182,否
120,test/images/nozzle_extrusion_normal_0099.jpg,train/images/nozzle_extrusion_normal_0081.jpg,0.789477,0.847626,1.000000,否
121,val/images/nozzle_extrusion_normal_0237.jpg,test/images/nozzle_extrusion_normal_0210.jpg,0.791886,0.932338,1.000000,否
122,test/images/nozzle_extrusion_normal_0333.jpg,train/images/nozzle_extrusion_normal_0299.jpg,0.801768,0.829117,1.000000,否
123,test/images/nozzle_extrusion_normal_0352.jpg,train/images/nozzle_extrusion_normal_0392.jpg,0.804775,0.862799,1.000000,否
124,test/images/nozzle_extrusion_normal_0427.jpg,train/images/nozzle_extrusion_normal_0467.jpg,0.819280,0.956060,1.000000,否
125,test/images/nozzle_extrusion_normal_0532.jpg,train/images/nozzle_extrusion_normal_0575.jpg,0.783247,0.919633,1.000000,否
126,train/images/nozzle_extrusion_normal_0697.jpg,test/images/nozzle_extrusion_normal_0654.jpg,0.876387,0.847592,1.000000,否
127,train/images/nozzle_extrusion_normal_0722.jpg,test/images/nozzle_extrusion_normal_0735.jpg,0.780934,0.921115,1.000000,否
128,test/images/nozzle_extrusion_normal_0842.jpg,train/images/nozzle_extrusion_normal_0824.jpg,0.840386,0.922933,1.000000,否
129,test/images/nozzle_extrusion_normal_0864.jpg,train/images/nozzle_extrusion_normal_0847.jpg,0.845618,0.903333,1.000000,否
130,test/images/nozzle_extrusion_normal_0870.jpg,train/images/nozzle_extrusion_normal_0853.jpg,0.791414,0.930254,1.000000,否
131,train/images/nozzle_extrusion_normal_0952.jpg,test/images/nozzle_extrusion_normal_0973.jpg,0.799061,0.949149,1.000000,否
132,train/images/nozzle_extrusion_normal_0978.jpg,test/images/nozzle_extrusion_normal_0999.jpg,0.801160,0.856908,1.000000,否
133,train/images/nozzle_extrusion_normal_1061.jpg,test/images/nozzle_extrusion_normal_1084.jpg,0.796954,0.768751,1.000000,否
134,val/images/nozzle_extrusion_normal_1227.jpg,test/images/nozzle_extrusion_normal_1218.jpg,0.791680,0.722824,1.000000,否
135,test/images/nozzle_heavy_contamination_0005.jpg,train/images/nozzle_heavy_contamination_0003.jpg,0.906348,0.565557,0.928502,否
136,train/images/nozzle_heavy_contamination_0019.jpg,test/images/nozzle_heavy_contamination_0018.jpg,0.859818,0.644390,0.971277,否
137,test/images/nozzle_no_extrusion_0029.jpg,train/images/nozzle_no_extrusion_0084.jpg,0.994445,0.880478,0.890906,否
138,test/images/nozzle_no_extrusion_0399.jpg,train/images/nozzle_no_extrusion_0393.jpg,0.792614,0.949341,1.000000,否
139,train/images/nozzle_no_extrusion_0410.jpg,test/images/nozzle_no_extrusion_0404.jpg,0.925589,0.958157,1.000000,否
140,test/images/nozzle_no_extrusion_0406.jpg,train/images/nozzle_no_extrusion_0408.jpg,0.813786,0.894288,1.000000,否
141,test/images/nozzle_no_extrusion_0416.jpg,train/images/nozzle_no_extrusion_0420.jpg,0.849888,0.952946,1.000000,否
142,train/images/nozzle_no_extrusion_0415.jpg,test/images/nozzle_no_extrusion_0421.jpg,0.871238,0.965918,1.000000,否
143,train/images/nozzle_no_extrusion_0439.jpg,test/images/nozzle_no_extrusion_0437.jpg,0.859687,0.893282,1.000000,否
144,test/images/nozzle_no_extrusion_0450.jpg,train/images/nozzle_no_extrusion_0449.jpg,0.805824,0.838116,1.000000,否
145,test/images/nozzle_no_extrusion_0489.jpg,train/images/nozzle_no_extrusion_0487.jpg,0.760232,0.834430,1.000000,否
146,test/images/nozzle_no_extrusion_0502.jpg,train/images/nozzle_no_extrusion_0501.jpg,0.883999,0.916406,1.000000,否
147,test/images/nozzle_no_extrusion_0505.jpg,train/images/nozzle_no_extrusion_0498.jpg,0.848750,0.931817,1.000000,否
148,test/images/nozzle_no_extrusion_0507.jpg,train/images/nozzle_no_extrusion_0496.jpg,0.951096,0.962598,1.000000,是
149,test/images/nozzle_no_extrusion_0523.jpg,train/images/nozzle_no_extrusion_0524.jpg,0.714506,0.835064,1.000000,否
150,test/images/nozzle_no_extrusion_0528.jpg,train/images/nozzle_no_extrusion_0520.jpg,0.873263,0.964897,1.000000,否
151,test/images/nozzle_no_extrusion_0545.jpg,train/images/nozzle_no_extrusion_0541.jpg,0.866259,0.958455,1.000000,否
152,train/images/nozzle_no_extrusion_0560.jpg,test/images/nozzle_no_extrusion_0561.jpg,0.862764,0.873688,1.000000,否
153,test/images/nozzle_no_extrusion_0572.jpg,train/images/nozzle_no_extrusion_0569.jpg,0.923253,0.921849,1.000000,否
154,test/images/nozzle_no_extrusion_0640.jpg,train/images/nozzle_no_extrusion_0642.jpg,0.964966,0.966900,1.000000,是
155,val/images/nozzle_no_extrusion_0638.jpg,test/images/nozzle_no_extrusion_0644.jpg,0.970072,0.963654,1.000000,是
156,test/images/nozzle_no_extrusion_0645.jpg,val/images/nozzle_no_extrusion_0637.jpg,0.929139,0.967460,1.000000,否
157,train/images/nozzle_no_extrusion_0651.jpg,test/images/nozzle_no_extrusion_0653.jpg,0.964418,0.964359,1.000000,是
158,train/images/nozzle_no_extrusion_0675.jpg,test/images/nozzle_no_extrusion_0673.jpg,0.938338,0.958639,1.000000,否
159,test/images/nozzle_no_extrusion_0677.jpg,val/images/nozzle_no_extrusion_0671.jpg,0.950081,0.937429,1.000000,否
160,val/images/nozzle_no_extrusion_0727.jpg,test/images/nozzle_no_extrusion_0725.jpg,0.942208,0.965448,1.000000,否
161,train/images/nozzle_no_extrusion_0736.jpg,test/images/nozzle_no_extrusion_0734.jpg,0.893999,0.933298,1.000000,否
162,train/images/nozzle_no_extrusion_0732.jpg,test/images/nozzle_no_extrusion_0738.jpg,0.915518,0.960483,1.000000,否
163,test/images/nozzle_no_extrusion_0767.jpg,val/images/nozzle_no_extrusion_0775.jpg,0.782458,0.951392,1.000000,否
164,test/images/nozzle_no_extrusion_0781.jpg,train/images/nozzle_no_extrusion_0777.jpg,0.752655,0.892667,1.000000,否
165,train/images/nozzle_no_extrusion_0802.jpg,test/images/nozzle_no_extrusion_0804.jpg,0.856136,0.883517,1.000000,否
166,test/images/nozzle_no_extrusion_0814.jpg,train/images/nozzle_no_extrusion_0810.jpg,0.936415,0.958475,1.000000,否
167,train/images/nozzle_no_extrusion_0845.jpg,test/images/nozzle_no_extrusion_0838.jpg,0.962428,0.952915,1.000000,是
168,test/images/nozzle_no_extrusion_0852.jpg,train/images/nozzle_no_extrusion_0854.jpg,0.741177,0.826902,1.000000,否
169,train/images/nozzle_no_extrusion_0865.jpg,test/images/nozzle_no_extrusion_0866.jpg,0.735385,0.817642,1.000000,否
170,train/images/nozzle_no_extrusion_0882.jpg,test/images/nozzle_no_extrusion_0874.jpg,0.944160,0.936930,1.000000,否
171,test/images/nozzle_no_extrusion_0879.jpg,train/images/nozzle_no_extrusion_0877.jpg,0.813963,0.888358,1.000000,否
172,test/images/nozzle_no_extrusion_0912.jpg,val/images/nozzle_no_extrusion_0147.jpg,0.857412,0.758822,1.000000,否
173,test/images/nozzle_tip_wrapped_0100.jpg,train/images/nozzle_tip_wrapped_0099.jpg,0.890181,0.596938,1.000000,否
174,train/images/nozzle_tip_wrapped_0187.jpg,test/images/nozzle_tip_wrapped_0190.jpg,0.845840,0.563478,1.000000,否
175,train/images/nozzle_tip_wrapped_0236.jpg,test/images/nozzle_tip_wrapped_0237.jpg,0.874503,0.769739,1.000000,否
176,train/images/nozzle_tip_wrapped_0347.jpg,test/images/nozzle_tip_wrapped_0345.jpg,0.819790,0.801249,1.000000,否
177,train/images/nozzle_tip_wrapped_0403.jpg,test/images/nozzle_tip_wrapped_0404.jpg,0.895490,0.928001,1.000000,否
178,train/images/nozzle_tip_wrapped_0445.jpg,test/images/nozzle_tip_wrapped_0446.jpg,0.820175,0.928459,1.000000,否
179,test/images/nozzle_tip_wrapped_0506.jpg,val/images/nozzle_tip_wrapped_0505.jpg,0.829592,0.953664,1.000000,否
180,test/images/nozzle_tip_wrapped_0620.jpg,train/images/nozzle_tip_wrapped_0622.jpg,0.965510,0.907316,1.000000,否
181,test/images/nozzle_tip_wrapped_0633.jpg,train/images/nozzle_tip_wrapped_0635.jpg,0.886758,0.648517,1.000000,否
182,train/images/nozzle_tip_wrapped_0754.jpg,test/images/nozzle_tip_wrapped_0757.jpg,0.830079,0.215816,0.742461,否
183,test/images/nozzle_tip_wrapped_0983.jpg,train/images/nozzle_tip_wrapped_0984.jpg,0.832929,0.789273,0.995445,否
184,test/images/nozzle_tip_wrapped_1059.jpg,train/images/nozzle_tip_wrapped_1072.jpg,0.870066,0.433270,0.924688,否
185,test/images/nozzle_tip_wrapped_1073.jpg,train/images/nozzle_tip_wrapped_1060.jpg,0.871479,0.460637,0.929632,否
186,test/images/nozzle_tip_wrapped_1220.jpg,train/images/nozzle_tip_wrapped_1232.jpg,0.800295,0.534059,0.925399,否
187,val/images/nozzle_extrusion_normal_0036.jpg,train/images/nozzle_extrusion_normal_0042.jpg,0.776471,0.788378,1.000000,否
188,train/images/nozzle_extrusion_normal_0045.jpg,val/images/nozzle_extrusion_normal_0050.jpg,0.783225,0.814807,1.000000,否
189,val/images/nozzle_extrusion_normal_0108.jpg,train/images/nozzle_extrusion_normal_0090.jpg,0.813208,0.861308,1.000000,否
190,val/images/nozzle_extrusion_normal_0280.jpg,train/images/nozzle_extrusion_normal_0311.jpg,0.792895,0.876785,1.000000,否
191,val/images/nozzle_extrusion_normal_0376.jpg,train/images/nozzle_extrusion_normal_0341.jpg,0.786929,0.838511,1.000000,否
192,train/images/nozzle_extrusion_normal_0425.jpg,val/images/nozzle_extrusion_normal_0465.jpg,0.795580,0.940420,1.000000,否
193,train/images/nozzle_extrusion_normal_0450.jpg,val/images/nozzle_extrusion_normal_0492.jpg,0.804593,0.871913,1.000000,否
194,train/images/nozzle_extrusion_normal_0503.jpg,val/images/nozzle_extrusion_normal_0547.jpg,0.786350,0.927216,1.000000,否
195,val/images/nozzle_extrusion_normal_0577.jpg,train/images/nozzle_extrusion_normal_0534.jpg,0.792643,0.952965,1.000000,否
196,val/images/nozzle_extrusion_normal_0588.jpg,train/images/nozzle_extrusion_normal_0546.jpg,0.793257,0.940087,1.000000,否
197,val/images/nozzle_extrusion_normal_0600.jpg,train/images/nozzle_extrusion_normal_0558.jpg,0.774991,0.821573,1.000000,否
198,val/images/nozzle_extrusion_normal_0771.jpg,train/images/nozzle_extrusion_normal_0754.jpg,0.778974,0.915366,1.000000,否
199,val/images/nozzle_extrusion_normal_0848.jpg,train/images/nozzle_extrusion_normal_0865.jpg,0.844744,0.902291,1.000000,否
200,val/images/nozzle_extrusion_normal_0856.jpg,train/images/nozzle_extrusion_normal_0893.jpg,0.796178,0.915512,1.000000,否
201,val/images/nozzle_extrusion_normal_0882.jpg,train/images/nozzle_extrusion_normal_0903.jpg,0.858580,0.921674,1.000000,否
202,val/images/nozzle_extrusion_normal_1002.jpg,train/images/nozzle_extrusion_normal_1043.jpg,0.802754,0.914077,1.000000,否
203,train/images/nozzle_extrusion_normal_1214.jpg,val/images/nozzle_extrusion_normal_1186.jpg,0.859497,0.911635,1.000000,否
204,val/images/nozzle_extrusion_normal_1295.jpg,train/images/nozzle_extrusion_normal_1268.jpg,0.905295,0.926856,1.000000,否
205,train/images/nozzle_extrusion_normal_1414.jpg,val/images/nozzle_extrusion_normal_1391.jpg,0.818320,0.930730,1.000000,否
206,val/images/nozzle_extrusion_normal_1516.jpg,train/images/nozzle_extrusion_normal_1514.jpg,0.789206,0.749416,1.000000,否
207,train/images/nozzle_no_extrusion_0119.jpg,val/images/nozzle_no_extrusion_0118.jpg,0.895768,0.851882,1.000000,否
208,train/images/nozzle_no_extrusion_0136.jpg,val/images/nozzle_no_extrusion_0135.jpg,0.861959,0.790045,1.000000,否
209,val/images/nozzle_no_extrusion_0411.jpg,train/images/nozzle_no_extrusion_0403.jpg,0.937927,0.956904,1.000000,否
210,train/images/nozzle_no_extrusion_0417.jpg,val/images/nozzle_no_extrusion_0419.jpg,0.946597,0.966867,1.000000,否
211,val/images/nozzle_no_extrusion_0440.jpg,train/images/nozzle_no_extrusion_0436.jpg,0.951160,0.941380,1.000000,否
212,val/images/nozzle_no_extrusion_0435.jpg,train/images/nozzle_no_extrusion_0441.jpg,0.776656,0.932496,1.000000,否
213,val/images/nozzle_no_extrusion_0447.jpg,train/images/nozzle_no_extrusion_0452.jpg,0.749063,0.866085,1.000000,否
214,val/images/nozzle_no_extrusion_0475.jpg,train/images/nozzle_no_extrusion_0477.jpg,0.945839,0.960746,1.000000,否
215,train/images/nozzle_no_extrusion_0484.jpg,val/images/nozzle_no_extrusion_0492.jpg,0.805000,0.916554,1.000000,否
216,train/images/nozzle_no_extrusion_0497.jpg,val/images/nozzle_no_extrusion_0506.jpg,0.957574,0.957923,1.000000,是
217,train/images/nozzle_no_extrusion_0504.jpg,val/images/nozzle_no_extrusion_0499.jpg,0.904984,0.928363,1.000000,否
218,train/images/nozzle_no_extrusion_0510.jpg,val/images/nozzle_no_extrusion_0516.jpg,0.960829,0.958942,1.000000,是
219,val/images/nozzle_no_extrusion_0539.jpg,train/images/nozzle_no_extrusion_0547.jpg,0.808419,0.956770,1.000000,否
220,val/images/nozzle_no_extrusion_0571.jpg,train/images/nozzle_no_extrusion_0570.jpg,0.785083,0.878779,1.000000,否
221,val/images/nozzle_no_extrusion_0583.jpg,train/images/nozzle_no_extrusion_0577.jpg,0.760763,0.915369,1.000000,否
222,val/images/nozzle_no_extrusion_0582.jpg,train/images/nozzle_no_extrusion_0578.jpg,0.807195,0.905043,1.000000,否
223,train/images/nozzle_no_extrusion_0581.jpg,val/images/nozzle_no_extrusion_0580.jpg,0.774462,0.837805,1.000000,否
224,val/images/nozzle_no_extrusion_0590.jpg,train/images/nozzle_no_extrusion_0588.jpg,0.913877,0.919997,1.000000,否
225,val/images/nozzle_no_extrusion_0596.jpg,train/images/nozzle_no_extrusion_0602.jpg,0.947006,0.952869,1.000000,否
226,train/images/nozzle_no_extrusion_0616.jpg,val/images/nozzle_no_extrusion_0623.jpg,0.957237,0.954256,1.000000,是
227,train/images/nozzle_no_extrusion_0626.jpg,val/images/nozzle_no_extrusion_0634.jpg,0.849095,0.944489,1.000000,否
228,train/images/nozzle_no_extrusion_0631.jpg,val/images/nozzle_no_extrusion_0629.jpg,0.803185,0.889325,1.000000,否
229,val/images/nozzle_no_extrusion_0655.jpg,train/images/nozzle_no_extrusion_0649.jpg,0.938456,0.914075,1.000000,否
230,val/images/nozzle_no_extrusion_0664.jpg,train/images/nozzle_no_extrusion_0662.jpg,0.785706,0.909895,1.000000,否
231,val/images/nozzle_no_extrusion_0672.jpg,train/images/nozzle_no_extrusion_0676.jpg,0.824568,0.879273,1.000000,否
232,train/images/nozzle_no_extrusion_0713.jpg,val/images/nozzle_no_extrusion_0704.jpg,0.953508,0.942632,1.000000,否
233,train/images/nozzle_no_extrusion_0721.jpg,val/images/nozzle_no_extrusion_0717.jpg,0.781563,0.930455,1.000000,否
234,train/images/nozzle_no_extrusion_0748.jpg,val/images/nozzle_no_extrusion_0741.jpg,0.902619,0.939451,1.000000,否
235,train/images/nozzle_no_extrusion_0772.jpg,val/images/nozzle_no_extrusion_0770.jpg,0.811625,0.848301,1.000000,否
236,val/images/nozzle_no_extrusion_0801.jpg,train/images/nozzle_no_extrusion_0805.jpg,0.751478,0.894861,1.000000,否
237,val/images/nozzle_no_extrusion_0843.jpg,train/images/nozzle_no_extrusion_0840.jpg,0.853571,0.907170,1.000000,否
238,train/images/nozzle_no_extrusion_0881.jpg,val/images/nozzle_no_extrusion_0875.jpg,0.928336,0.916468,1.000000,否
239,val/images/nozzle_tip_wrapped_0019.jpg,train/images/nozzle_tip_wrapped_0023.jpg,0.849630,0.611196,1.000000,否
240,val/images/nozzle_tip_wrapped_0157.jpg,train/images/nozzle_tip_wrapped_0158.jpg,0.817977,0.532770,1.000000,否
241,train/images/nozzle_tip_wrapped_0328.jpg,val/images/nozzle_tip_wrapped_0329.jpg,0.866257,0.861169,1.000000,否
242,val/images/nozzle_tip_wrapped_0491.jpg,train/images/nozzle_tip_wrapped_0489.jpg,0.865631,0.705821,1.000000,否
243,val/images/nozzle_tip_wrapped_0636.jpg,train/images/nozzle_tip_wrapped_0638.jpg,0.842592,0.681539,1.000000,否
244,val/images/nozzle_tip_wrapped_0659.jpg,train/images/nozzle_tip_wrapped_0661.jpg,0.839894,0.522130,1.000000,否
245,val/images/nozzle_tip_wrapped_0831.jpg,train/images/nozzle_tip_wrapped_0833.jpg,0.857592,0.716082,0.967424,否
246,train/images/nozzle_tip_wrapped_1057.jpg,val/images/nozzle_tip_wrapped_1053.jpg,0.810692,0.509592,0.937284,否
247,train/images/nozzle_tip_wrapped_1219.jpg,val/images/nozzle_tip_wrapped_1231.jpg,0.868995,0.498261,0.961537,否
